Date,load,temp
2021-01-01 00:00:00,1294.0,1.1
2021-01-01 01:00:00,1148.0,0.7
2021-01-01 02:00:00,1063.0,0.3
2021-01-01 03:00:00,1024.0,-0.5
2021-01-01 04:00:00,998.0,-1.0
2021-01-01 05:00:00,977.0,-1.0
2021-01-01 06:00:00,1025.0,-0.6
2021-01-01 07:00:00,1096.0,-1.2
2021-01-01 08:00:00,1423.0,-1.1
2021-01-01 09:00:00,1612.0,1.2
2021-01-01 10:00:00,1611.0,3.2
2021-01-01 11:00:00,1573.0,4.7
2021-01-01 12:00:00,1467.0,6.7
2021-01-01 13:00:00,1429.0,8.6
2021-01-01 14:00:00,1400.0,9.8
2021-01-01 15:00:00,1361.0,9.8
2021-01-01 16:00:00,1454.0,9.7
2021-01-01 17:00:00,1548.0,8.4
2021-01-01 18:00:00,1589.0,5.9
2021-01-01 19:00:00,1722.0,5.7
2021-01-01 20:00:00,1733.0,5.3
2021-01-01 21:00:00,1682.0,5.1
2021-01-01 22:00:00,1528.0,5.0
2021-01-01 23:00:00,1324.0,4.3
2021-01-02 00:00:00,1139.0,4.9
2021-01-02 01:00:00,1039.0,3.2
2021-01-02 02:00:00,980.0,3.8
2021-01-02 03:00:00,921.0,3.7
2021-01-02 04:00:00,906.0,3.6
2021-01-02 05:00:00,917.0,2.3
2021-01-02 06:00:00,970.0,1.5
2021-01-02 07:00:00,1081.0,0.2
2021-01-02 08:00:00,1423.0,0.9
2021-01-02 09:00:00,1660.0,2.1
2021-01-02 10:00:00,1646.0,5.2
2021-01-02 11:00:00,1618.0,7.5
2021-01-02 12:00:00,1501.0,8.9
2021-01-02 13:00:00,1482.0,10.6
2021-01-02 14:00:00,1479.0,11.6
2021-01-02 15:00:00,1493.0,10.8
2021-01-02 16:00:00,1622.0,9.4
2021-01-02 17:00:00,1677.0,8.4
2021-01-02 18:00:00,1685.0,8.1
2021-01-02 19:00:00,1767.0,8.3
2021-01-02 20:00:00,1764.0,8.3
2021-01-02 21:00:00,1678.0,7.7
2021-01-02 22:00:00,1516.0,7.8
2021-01-02 23:00:00,1348.0,7.9
2021-01-03 00:00:00,1158.0,7.0
2021-01-03 01:00:00,1048.0,6.2
2021-01-03 02:00:00,980.0,6.0
2021-01-03 03:00:00,946.0,6.2
2021-01-03 04:00:00,913.0,5.9
2021-01-03 05:00:00,932.0,5.6
2021-01-03 06:00:00,970.0,5.7
2021-01-03 07:00:00,1070.0,5.3
2021-01-03 08:00:00,1435.0,5.3
2021-01-03 09:00:00,1703.0,5.3
2021-01-03 10:00:00,1754.0,6.2
2021-01-03 11:00:00,1788.0,6.6
2021-01-03 12:00:00,1656.0,7.8
2021-01-03 13:00:00,1685.0,8.8
2021-01-03 14:00:00,1654.0,9.1
2021-01-03 15:00:00,1641.0,9.3
2021-01-03 16:00:00,1707.0,9.2
2021-01-03 17:00:00,1767.0,8.3
2021-01-03 18:00:00,1746.0,7.6
2021-01-03 19:00:00,1833.0,7.1
2021-01-03 20:00:00,1819.0,6.0
2021-01-03 21:00:00,1736.0,5.3
2021-01-03 22:00:00,1532.0,5.8
2021-01-03 23:00:00,1353.0,5.8
2021-01-04 00:00:00,1162.0,5.3
2021-01-04 01:00:00,1065.0,4.5
2021-01-04 02:00:00,1004.0,5.2
2021-01-04 03:00:00,963.0,5.1
2021-01-04 04:00:00,934.0,4.8
2021-01-04 05:00:00,951.0,4.4
2021-01-04 06:00:00,1050.0,4.8
2021-01-04 07:00:00,1231.0,3.9
2021-01-04 08:00:00,1577.0,3.2
2021-01-04 09:00:00,1826.0,4.0
2021-01-04 10:00:00,1816.0,5.0
2021-01-04 11:00:00,1842.0,6.7
2021-01-04 12:00:00,1707.0,7.2
2021-01-04 13:00:00,1746.0,7.5
2021-01-04 14:00:00,1757.0,7.4
2021-01-04 15:00:00,1706.0,7.3
2021-01-04 16:00:00,1799.0,7.2
2021-01-04 17:00:00,1833.0,6.5
2021-01-04 18:00:00,1806.0,6.1
2021-01-04 19:00:00,1859.0,5.8
2021-01-04 20:00:00,1812.0,5.6
2021-01-04 21:00:00,1739.0,5.1
2021-01-04 22:00:00,1558.0,4.9
2021-01-04 23:00:00,1364.0,4.8
2021-01-05 00:00:00,1176.0,5.0
2021-01-05 01:00:00,1093.0,5.2
2021-01-05 02:00:00,1033.0,5.2
2021-01-05 03:00:00,999.0,5.0
2021-01-05 04:00:00,976.0,5.2
2021-01-05 05:00:00,982.0,5.0
2021-01-05 06:00:00,1068.0,4.9
2021-01-05 07:00:00,1243.0,4.4
2021-01-05 08:00:00,1561.0,4.2
2021-01-05 09:00:00,1856.0,4.3
2021-01-05 10:00:00,1854.0,4.3
2021-01-05 11:00:00,1901.0,4.3
2021-01-05 12:00:00,1781.0,4.5
2021-01-05 13:00:00,1820.0,4.7
2021-01-05 14:00:00,1807.0,4.7
2021-01-05 15:00:00,1808.0,4.8
2021-01-05 16:00:00,1880.0,4.8
2021-01-05 17:00:00,1890.0,4.7
2021-01-05 18:00:00,1856.0,4.3
2021-01-05 19:00:00,1913.0,4.0
2021-01-05 20:00:00,1866.0,3.8
2021-01-05 21:00:00,1802.0,3.6
2021-01-05 22:00:00,1607.0,3.5
2021-01-05 23:00:00,1404.0,3.4
2021-01-06 00:00:00,1199.0,3.3
2021-01-06 01:00:00,1094.0,3.3
2021-01-06 02:00:00,1041.0,3.1
2021-01-06 03:00:00,1025.0,2.9
2021-01-06 04:00:00,990.0,2.8
2021-01-06 05:00:00,1002.0,2.7
2021-01-06 06:00:00,1103.0,2.4
2021-01-06 07:00:00,1304.0,2.3
2021-01-06 08:00:00,1647.0,2.3
2021-01-06 09:00:00,1907.0,2.4
2021-01-06 10:00:00,1863.0,2.6
2021-01-06 11:00:00,1894.0,2.8
2021-01-06 12:00:00,1781.0,2.9
2021-01-06 13:00:00,1848.0,3.1
2021-01-06 14:00:00,1834.0,3.4
2021-01-06 15:00:00,1805.0,3.7
2021-01-06 16:00:00,1869.0,3.7
2021-01-06 17:00:00,1904.0,3.4
2021-01-06 18:00:00,1867.0,3.3
2021-01-06 19:00:00,1926.0,3.3
2021-01-06 20:00:00,1918.0,3.3
2021-01-06 21:00:00,1858.0,3.3
2021-01-06 22:00:00,1678.0,3.1
2021-01-06 23:00:00,1472.0,3.3
2021-01-07 00:00:00,1273.0,3.0
2021-01-07 01:00:00,1162.0,2.7
2021-01-07 02:00:00,1109.0,2.4
2021-01-07 03:00:00,1091.0,2.1
2021-01-07 04:00:00,1067.0,1.7
2021-01-07 05:00:00,1064.0,-0.2
2021-01-07 06:00:00,1156.0,-1.0
2021-01-07 07:00:00,1350.0,-1.4
2021-01-07 08:00:00,1652.0,-2.1
2021-01-07 09:00:00,2010.0,-2.6
2021-01-07 10:00:00,1993.0,-2.8
2021-01-07 11:00:00,2002.0,-2.5
2021-01-07 12:00:00,1898.0,-1.8
2021-01-07 13:00:00,1945.0,-1.3
2021-01-07 14:00:00,1933.0,-1.0
2021-01-07 15:00:00,1908.0,-1.1
2021-01-07 16:00:00,1939.0,-1.1
2021-01-07 17:00:00,1934.0,-1.3
2021-01-07 18:00:00,1873.0,-1.6
2021-01-07 19:00:00,1938.0,-1.7
2021-01-07 20:00:00,1922.0,-1.7
2021-01-07 21:00:00,1884.0,-1.7
2021-01-07 22:00:00,1731.0,-1.7
2021-01-07 23:00:00,1518.0,-1.9
2021-01-08 00:00:00,1289.0,-2.0
2021-01-08 01:00:00,1169.0,-2.0
2021-01-08 02:00:00,1112.0,-2.3
2021-01-08 03:00:00,1072.0,-2.7
2021-01-08 04:00:00,1061.0,-2.8
2021-01-08 05:00:00,1064.0,-3.3
2021-01-08 06:00:00,1142.0,-3.2
2021-01-08 07:00:00,1347.0,-3.1
2021-01-08 08:00:00,1687.0,-2.7
2021-01-08 09:00:00,1895.0,-0.2
2021-01-08 10:00:00,1881.0,1.0
2021-01-08 11:00:00,1858.0,1.5
2021-01-08 12:00:00,1720.0,3.6
2021-01-08 13:00:00,1735.0,4.1
2021-01-08 14:00:00,1710.0,4.7
2021-01-08 15:00:00,1704.0,4.7
2021-01-08 16:00:00,1777.0,4.7
2021-01-08 17:00:00,1837.0,3.6
2021-01-08 18:00:00,1840.0,0.9
2021-01-08 19:00:00,2000.0,0.1
2021-01-08 20:00:00,1996.0,-0.3
2021-01-08 21:00:00,1953.0,-0.3
2021-01-08 22:00:00,1799.0,-0.4
2021-01-08 23:00:00,1560.0,-1.0
2021-01-09 00:00:00,1339.0,-1.0
2021-01-09 01:00:00,1187.0,-0.9
2021-01-09 02:00:00,1111.0,-0.7
2021-01-09 03:00:00,1069.0,-0.5
2021-01-09 04:00:00,1049.0,-1.5
2021-01-09 05:00:00,1066.0,-1.2
2021-01-09 06:00:00,1130.0,-2.3
2021-01-09 07:00:00,1234.0,-3.1
2021-01-09 08:00:00,1625.0,-1.6
2021-01-09 09:00:00,1867.0,-1.8
2021-01-09 10:00:00,1860.0,2.0
2021-01-09 11:00:00,1839.0,5.2
2021-01-09 12:00:00,1709.0,7.1
2021-01-09 13:00:00,1724.0,7.4
2021-01-09 14:00:00,1722.0,6.7
2021-01-09 15:00:00,1737.0,6.5
2021-01-09 16:00:00,1841.0,6.0
2021-01-09 17:00:00,1883.0,5.2
2021-01-09 18:00:00,1875.0,4.4
2021-01-09 19:00:00,1965.0,4.4
2021-01-09 20:00:00,1949.0,4.5
2021-01-09 21:00:00,1873.0,4.4
2021-01-09 22:00:00,1714.0,3.8
2021-01-09 23:00:00,1508.0,3.7
2021-01-10 00:00:00,1284.0,4.2
2021-01-10 01:00:00,1164.0,3.8
2021-01-10 02:00:00,1076.0,3.6
2021-01-10 03:00:00,1045.0,3.7
2021-01-10 04:00:00,1030.0,3.5
2021-01-10 05:00:00,1025.0,3.3
2021-01-10 06:00:00,1073.0,3.6
2021-01-10 07:00:00,1191.0,3.1
2021-01-10 08:00:00,1507.0,2.8
2021-01-10 09:00:00,1792.0,3.5
2021-01-10 10:00:00,1837.0,4.3
2021-01-10 11:00:00,1865.0,5.7
2021-01-10 12:00:00,1724.0,7.1
2021-01-10 13:00:00,1748.0,7.8
2021-01-10 14:00:00,1747.0,7.1
2021-01-10 15:00:00,1732.0,6.8
2021-01-10 16:00:00,1811.0,7.2
2021-01-10 17:00:00,1847.0,6.2
2021-01-10 18:00:00,1845.0,5.9
2021-01-10 19:00:00,1936.0,6.1
2021-01-10 20:00:00,1949.0,5.8
2021-01-10 21:00:00,1839.0,5.7
2021-01-10 22:00:00,1646.0,5.7
2021-01-10 23:00:00,1434.0,4.8
2021-01-11 00:00:00,1224.0,4.7
2021-01-11 01:00:00,1112.0,4.0
2021-01-11 02:00:00,1051.0,3.5
2021-01-11 03:00:00,1024.0,2.8
2021-01-11 04:00:00,1012.0,3.2
2021-01-11 05:00:00,1018.0,1.1
2021-01-11 06:00:00,1117.0,1.0
2021-01-11 07:00:00,1312.0,1.3
2021-01-11 08:00:00,1678.0,1.7
2021-01-11 09:00:00,1897.0,3.6
2021-01-11 10:00:00,1851.0,4.1
2021-01-11 11:00:00,1822.0,6.2
2021-01-11 12:00:00,1659.0,7.7
2021-01-11 13:00:00,1666.0,8.2
2021-01-11 14:00:00,1644.0,8.6
2021-01-11 15:00:00,1614.0,9.8
2021-01-11 16:00:00,1699.0,9.9
2021-01-11 17:00:00,1725.0,8.7
2021-01-11 18:00:00,1744.0,5.8
2021-01-11 19:00:00,1908.0,4.5
2021-01-11 20:00:00,1906.0,4.0
2021-01-11 21:00:00,1853.0,4.2
2021-01-11 22:00:00,1665.0,3.4
2021-01-11 23:00:00,1460.0,2.8
2021-01-12 00:00:00,1237.0,2.7
2021-01-12 01:00:00,1154.0,2.0
2021-01-12 02:00:00,1100.0,2.0
2021-01-12 03:00:00,1061.0,0.8
2021-01-12 04:00:00,1047.0,-0.6
2021-01-12 05:00:00,1057.0,-1.6
2021-01-12 06:00:00,1140.0,-0.6
2021-01-12 07:00:00,1344.0,-1.0
2021-01-12 08:00:00,1699.0,-0.3
2021-01-12 09:00:00,1896.0,1.9
2021-01-12 10:00:00,1846.0,5.7
2021-01-12 11:00:00,1809.0,8.8
2021-01-12 12:00:00,1660.0,11.6
2021-01-12 13:00:00,1645.0,13.2
2021-01-12 14:00:00,1614.0,13.7
2021-01-12 15:00:00,1588.0,14.8
2021-01-12 16:00:00,1650.0,15.0
2021-01-12 17:00:00,1700.0,13.9
2021-01-12 18:00:00,1699.0,12.2
2021-01-12 19:00:00,1878.0,11.0
2021-01-12 20:00:00,1876.0,9.3
2021-01-12 21:00:00,1804.0,8.7
2021-01-12 22:00:00,1610.0,8.1
2021-01-12 23:00:00,1420.0,8.0
2021-01-13 00:00:00,1209.0,6.8
2021-01-13 01:00:00,1104.0,6.7
2021-01-13 02:00:00,1060.0,6.9
2021-01-13 03:00:00,1015.0,6.3
2021-01-13 04:00:00,985.0,6.7
2021-01-13 05:00:00,1000.0,6.1
2021-01-13 06:00:00,1091.0,6.5
2021-01-13 07:00:00,1310.0,5.9
2021-01-13 08:00:00,1670.0,5.8
2021-01-13 09:00:00,1780.0,6.5
2021-01-13 10:00:00,1734.0,9.3
2021-01-13 11:00:00,1678.0,13.1
2021-01-13 12:00:00,1520.0,15.3
2021-01-13 13:00:00,1518.0,17.3
2021-01-13 14:00:00,1499.0,18.8
2021-01-13 15:00:00,1471.0,19.7
2021-01-13 16:00:00,1518.0,19.4
2021-01-13 17:00:00,1555.0,18.8
2021-01-13 18:00:00,1562.0,17.6
2021-01-13 19:00:00,1765.0,16.9
2021-01-13 20:00:00,1772.0,16.6
2021-01-13 21:00:00,1682.0,15.6
2021-01-13 22:00:00,1514.0,15.2
2021-01-13 23:00:00,1332.0,13.8
2021-01-14 00:00:00,1163.0,11.7
2021-01-14 01:00:00,1064.0,9.0
2021-01-14 02:00:00,1022.0,9.7
2021-01-14 03:00:00,976.0,8.4
2021-01-14 04:00:00,966.0,7.2
2021-01-14 05:00:00,965.0,7.9
2021-01-14 06:00:00,1069.0,7.6
2021-01-14 07:00:00,1260.0,6.5
2021-01-14 08:00:00,1613.0,6.4
2021-01-14 09:00:00,1726.0,8.6
2021-01-14 10:00:00,1661.0,9.9
2021-01-14 11:00:00,1625.0,13.4
2021-01-14 12:00:00,1454.0,15.6
2021-01-14 13:00:00,1457.0,18.3
2021-01-14 14:00:00,1438.0,20.1
2021-01-14 15:00:00,1403.0,20.3
2021-01-14 16:00:00,1474.0,20.7
2021-01-14 17:00:00,1517.0,20.1
2021-01-14 18:00:00,1503.0,19.1
2021-01-14 19:00:00,1667.0,17.3
2021-01-14 20:00:00,1673.0,16.8
2021-01-14 21:00:00,1586.0,15.9
2021-01-14 22:00:00,1452.0,15.0
2021-01-14 23:00:00,1268.0,14.1
2021-01-15 00:00:00,1093.0,12.7
2021-01-15 01:00:00,1008.0,12.5
2021-01-15 02:00:00,966.0,11.0
2021-01-15 03:00:00,938.0,11.0
2021-01-15 04:00:00,915.0,11.6
2021-01-15 05:00:00,920.0,10.3
2021-01-15 06:00:00,1006.0,8.7
2021-01-15 07:00:00,1197.0,9.2
2021-01-15 08:00:00,1498.0,6.4
2021-01-15 09:00:00,1653.0,7.6
2021-01-15 10:00:00,1605.0,9.9
2021-01-15 11:00:00,1557.0,14.3
2021-01-15 12:00:00,1387.0,16.8
2021-01-15 13:00:00,1378.0,17.8
2021-01-15 14:00:00,1390.0,18.6
2021-01-15 15:00:00,1364.0,18.5
2021-01-15 16:00:00,1445.0,17.0
2021-01-15 17:00:00,1491.0,15.6
2021-01-15 18:00:00,1500.0,14.1
2021-01-15 19:00:00,1659.0,14.0
2021-01-15 20:00:00,1660.0,13.8
2021-01-15 21:00:00,1574.0,13.2
2021-01-15 22:00:00,1440.0,12.1
2021-01-15 23:00:00,1283.0,11.5
2021-01-16 00:00:00,1122.0,8.9
2021-01-16 01:00:00,1032.0,8.2
2021-01-16 02:00:00,979.0,8.2
2021-01-16 03:00:00,949.0,8.0
2021-01-16 04:00:00,940.0,7.6
2021-01-16 05:00:00,934.0,7.4
2021-01-16 06:00:00,1002.0,7.5
2021-01-16 07:00:00,1094.0,7.2
2021-01-16 08:00:00,1426.0,6.8
2021-01-16 09:00:00,1694.0,6.7
2021-01-16 10:00:00,1729.0,6.9
2021-01-16 11:00:00,1763.0,7.4
2021-01-16 12:00:00,1643.0,7.8
2021-01-16 13:00:00,1642.0,8.4
2021-01-16 14:00:00,1654.0,8.4
2021-01-16 15:00:00,1648.0,8.9
2021-01-16 16:00:00,1699.0,9.1
2021-01-16 17:00:00,1761.0,8.3
2021-01-16 18:00:00,1746.0,7.6
2021-01-16 19:00:00,1799.0,6.9
2021-01-16 20:00:00,1767.0,6.4
2021-01-16 21:00:00,1688.0,6.1
2021-01-16 22:00:00,1536.0,6.3
2021-01-16 23:00:00,1365.0,5.9
2021-01-17 00:00:00,1178.0,5.8
2021-01-17 01:00:00,1082.0,4.8
2021-01-17 02:00:00,1000.0,4.3
2021-01-17 03:00:00,970.0,4.3
2021-01-17 04:00:00,950.0,4.6
2021-01-17 05:00:00,958.0,4.6
2021-01-17 06:00:00,997.0,4.5
2021-01-17 07:00:00,1088.0,4.3
2021-01-17 08:00:00,1478.0,4.3
2021-01-17 09:00:00,1652.0,4.8
2021-01-17 10:00:00,1659.0,5.2
2021-01-17 11:00:00,1652.0,8.9
2021-01-17 12:00:00,1541.0,8.7
2021-01-17 13:00:00,1508.0,9.5
2021-01-17 14:00:00,1495.0,10.2
2021-01-17 15:00:00,1470.0,10.5
2021-01-17 16:00:00,1537.0,10.1
2021-01-17 17:00:00,1599.0,8.9
2021-01-17 18:00:00,1622.0,8.0
2021-01-17 19:00:00,1757.0,7.8
2021-01-17 20:00:00,1774.0,7.8
2021-01-17 21:00:00,1684.0,7.4
2021-01-17 22:00:00,1509.0,5.8
2021-01-17 23:00:00,1303.0,5.1
2021-01-18 00:00:00,1134.0,4.3
2021-01-18 01:00:00,1027.0,3.9
2021-01-18 02:00:00,981.0,3.4
2021-01-18 03:00:00,941.0,3.7
2021-01-18 04:00:00,927.0,3.2
2021-01-18 05:00:00,931.0,3.3
2021-01-18 06:00:00,1020.0,3.1
2021-01-18 07:00:00,1234.0,2.6
2021-01-18 08:00:00,1596.0,2.0
2021-01-18 09:00:00,1777.0,3.4
2021-01-18 10:00:00,1746.0,6.3
2021-01-18 11:00:00,1694.0,8.7
2021-01-18 12:00:00,1506.0,10.6
2021-01-18 13:00:00,1483.0,12.4
2021-01-18 14:00:00,1475.0,14.2
2021-01-18 15:00:00,1463.0,14.8
2021-01-18 16:00:00,1509.0,14.7
2021-01-18 17:00:00,1548.0,14.3
2021-01-18 18:00:00,1557.0,11.4
2021-01-18 19:00:00,1732.0,9.1
2021-01-18 20:00:00,1728.0,8.3
2021-01-18 21:00:00,1655.0,7.8
2021-01-18 22:00:00,1513.0,7.2
2021-01-18 23:00:00,1317.0,7.0
2021-01-19 00:00:00,1130.0,6.7
2021-01-19 01:00:00,1029.0,6.4
2021-01-19 02:00:00,964.0,5.5
2021-01-19 03:00:00,946.0,5.5
2021-01-19 04:00:00,941.0,6.2
2021-01-19 05:00:00,935.0,6.1
2021-01-19 06:00:00,1019.0,4.3
2021-01-19 07:00:00,1189.0,4.5
2021-01-19 08:00:00,1590.0,3.5
2021-01-19 09:00:00,1744.0,6.6
2021-01-19 10:00:00,1699.0,8.7
2021-01-19 11:00:00,1669.0,10.8
2021-01-19 12:00:00,1481.0,12.2
2021-01-19 13:00:00,1472.0,14.4
2021-01-19 14:00:00,1460.0,14.9
2021-01-19 15:00:00,1439.0,16.1
2021-01-19 16:00:00,1510.0,14.6
2021-01-19 17:00:00,1541.0,13.7
2021-01-19 18:00:00,1534.0,12.2
2021-01-19 19:00:00,1708.0,11.6
2021-01-19 20:00:00,1690.0,11.8
2021-01-19 21:00:00,1626.0,11.6
2021-01-19 22:00:00,1465.0,11.1
2021-01-19 23:00:00,1298.0,11.7
2021-01-20 00:00:00,1109.0,11.7
2021-01-20 01:00:00,1018.0,11.3
2021-01-20 02:00:00,966.0,10.1
2021-01-20 03:00:00,932.0,11.0
2021-01-20 04:00:00,915.0,8.7
2021-01-20 05:00:00,906.0,8.5
2021-01-20 06:00:00,1002.0,8.1
2021-01-20 07:00:00,1113.0,7.2
2021-01-20 08:00:00,1447.0,7.1
2021-01-20 09:00:00,1731.0,6.9
2021-01-20 10:00:00,1746.0,6.5
2021-01-20 11:00:00,1764.0,6.6
2021-01-20 12:00:00,1667.0,6.6
2021-01-20 13:00:00,1708.0,6.7
2021-01-20 14:00:00,1671.0,6.8
2021-01-20 15:00:00,1661.0,7.3
2021-01-20 16:00:00,1737.0,7.5
2021-01-20 17:00:00,1774.0,7.1
2021-01-20 18:00:00,1673.0,7.1
2021-01-20 19:00:00,1750.0,7.1
2021-01-20 20:00:00,1739.0,7.1
2021-01-20 21:00:00,1649.0,7.0
2021-01-20 22:00:00,1497.0,7.1
2021-01-20 23:00:00,1325.0,7.3
2021-01-21 00:00:00,1128.0,6.9
2021-01-21 01:00:00,1028.0,6.9
2021-01-21 02:00:00,983.0,6.9
2021-01-21 03:00:00,955.0,7.0
2021-01-21 04:00:00,948.0,6.7
2021-01-21 05:00:00,929.0,7.0
2021-01-21 06:00:00,979.0,7.1
2021-01-21 07:00:00,1109.0,6.6
2021-01-21 08:00:00,1447.0,6.4
2021-01-21 09:00:00,1758.0,6.1
2021-01-21 10:00:00,1808.0,6.1
2021-01-21 11:00:00,1805.0,5.9
2021-01-21 12:00:00,1710.0,5.9
2021-01-21 13:00:00,1731.0,6.0
2021-01-21 14:00:00,1734.0,6.0
2021-01-21 15:00:00,1728.0,5.9
2021-01-21 16:00:00,1805.0,5.9
2021-01-21 17:00:00,1796.0,5.8
2021-01-21 18:00:00,1733.0,5.8
2021-01-21 19:00:00,1771.0,5.8
2021-01-21 20:00:00,1759.0,5.9
2021-01-21 21:00:00,1644.0,6.0
2021-01-21 22:00:00,1488.0,6.0
2021-01-21 23:00:00,1311.0,6.0
2021-01-22 00:00:00,1123.0,6.1
2021-01-22 01:00:00,1014.0,6.0
2021-01-22 02:00:00,958.0,6.1
2021-01-22 03:00:00,938.0,6.2
2021-01-22 04:00:00,906.0,6.5
2021-01-22 05:00:00,897.0,6.3
2021-01-22 06:00:00,951.0,6.4
2021-01-22 07:00:00,1085.0,6.5
2021-01-22 08:00:00,1468.0,6.5
2021-01-22 09:00:00,1715.0,6.9
2021-01-22 10:00:00,1679.0,8.3
2021-01-22 11:00:00,1664.0,10.4
2021-01-22 12:00:00,1501.0,12.0
2021-01-22 13:00:00,1504.0,13.3
2021-01-22 14:00:00,1522.0,14.3
2021-01-22 15:00:00,1527.0,14.0
2021-01-22 16:00:00,1574.0,13.7
2021-01-22 17:00:00,1608.0,12.3
2021-01-22 18:00:00,1568.0,11.3
2021-01-22 19:00:00,1702.0,10.6
2021-01-22 20:00:00,1717.0,10.3
2021-01-22 21:00:00,1618.0,10.2
2021-01-22 22:00:00,1484.0,9.9
2021-01-22 23:00:00,1298.0,9.5
2021-01-23 00:00:00,1126.0,8.7
2021-01-23 01:00:00,1010.0,8.4
2021-01-23 02:00:00,953.0,7.8
2021-01-23 03:00:00,918.0,7.5
2021-01-23 04:00:00,883.0,7.0
2021-01-23 05:00:00,900.0,6.8
2021-01-23 06:00:00,930.0,6.5
2021-01-23 07:00:00,1047.0,7.1
2021-01-23 08:00:00,1402.0,6.8
2021-01-23 09:00:00,1635.0,7.3
2021-01-23 10:00:00,1638.0,8.9
2021-01-23 11:00:00,1676.0,9.4
2021-01-23 12:00:00,1532.0,11.6
2021-01-23 13:00:00,1482.0,12.6
2021-01-23 14:00:00,1474.0,13.2
2021-01-23 15:00:00,1451.0,13.2
2021-01-23 16:00:00,1518.0,12.4
2021-01-23 17:00:00,1552.0,11.0
2021-01-23 18:00:00,1524.0,10.0
2021-01-23 19:00:00,1694.0,9.5
2021-01-23 20:00:00,1715.0,9.3
2021-01-23 21:00:00,1613.0,9.0
2021-01-23 22:00:00,1463.0,7.7
2021-01-23 23:00:00,1307.0,7.7
2021-01-24 00:00:00,1109.0,6.8
2021-01-24 01:00:00,1013.0,6.2
2021-01-24 02:00:00,925.0,6.0
2021-01-24 03:00:00,901.0,6.0
2021-01-24 04:00:00,889.0,6.0
2021-01-24 05:00:00,875.0,5.5
2021-01-24 06:00:00,922.0,6.3
2021-01-24 07:00:00,1018.0,6.3
2021-01-24 08:00:00,1339.0,5.6
2021-01-24 09:00:00,1598.0,6.4
2021-01-24 10:00:00,1631.0,6.2
2021-01-24 11:00:00,1666.0,6.3
2021-01-24 12:00:00,1593.0,6.4
2021-01-24 13:00:00,1622.0,6.4
2021-01-24 14:00:00,1629.0,6.5
2021-01-24 15:00:00,1639.0,6.4
2021-01-24 16:00:00,1690.0,6.3
2021-01-24 17:00:00,1699.0,6.4
2021-01-24 18:00:00,1702.0,6.4
2021-01-24 19:00:00,1747.0,6.5
2021-01-24 20:00:00,1699.0,6.5
2021-01-24 21:00:00,1599.0,6.5
2021-01-24 22:00:00,1421.0,6.5
2021-01-24 23:00:00,1257.0,6.5
2021-01-25 00:00:00,1060.0,6.6
2021-01-25 01:00:00,965.0,6.5
2021-01-25 02:00:00,911.0,6.4
2021-01-25 03:00:00,876.0,6.3
2021-01-25 04:00:00,872.0,6.0
2021-01-25 05:00:00,860.0,5.8
2021-01-25 06:00:00,910.0,5.7
2021-01-25 07:00:00,1024.0,5.6
2021-01-25 08:00:00,1417.0,5.1
2021-01-25 09:00:00,1779.0,4.5
2021-01-25 10:00:00,1856.0,4.5
2021-01-25 11:00:00,1901.0,4.5
2021-01-25 12:00:00,1783.0,4.6
2021-01-25 13:00:00,1818.0,4.9
2021-01-25 14:00:00,1789.0,5.0
2021-01-25 15:00:00,1788.0,5.2
2021-01-25 16:00:00,1828.0,5.4
2021-01-25 17:00:00,1809.0,5.6
2021-01-25 18:00:00,1710.0,5.5
2021-01-25 19:00:00,1824.0,5.1
2021-01-25 20:00:00,1804.0,5.1
2021-01-25 21:00:00,1721.0,4.8
2021-01-25 22:00:00,1547.0,4.7
2021-01-25 23:00:00,1341.0,4.8
2021-01-26 00:00:00,1139.0,4.7
2021-01-26 01:00:00,1037.0,4.5
2021-01-26 02:00:00,961.0,4.4
2021-01-26 03:00:00,925.0,4.6
2021-01-26 04:00:00,926.0,4.0
2021-01-26 05:00:00,918.0,3.9
2021-01-26 06:00:00,948.0,3.8
2021-01-26 07:00:00,1085.0,2.7
2021-01-26 08:00:00,1508.0,1.5
2021-01-26 09:00:00,1798.0,1.5
2021-01-26 10:00:00,1829.0,2.3
2021-01-26 11:00:00,1856.0,4.0
2021-01-26 12:00:00,1711.0,4.2
2021-01-26 13:00:00,1698.0,5.5
2021-01-26 14:00:00,1692.0,7.2
2021-01-26 15:00:00,1672.0,7.8
2021-01-26 16:00:00,1713.0,8.0
2021-01-26 17:00:00,1759.0,7.7
2021-01-26 18:00:00,1693.0,7.1
2021-01-26 19:00:00,1824.0,6.5
2021-01-26 20:00:00,1812.0,6.4
2021-01-26 21:00:00,1730.0,6.3
2021-01-26 22:00:00,1551.0,6.1
2021-01-26 23:00:00,1333.0,5.9
2021-01-27 00:00:00,1115.0,6.4
2021-01-27 01:00:00,1018.0,6.2
2021-01-27 02:00:00,928.0,6.0
2021-01-27 03:00:00,892.0,5.8
2021-01-27 04:00:00,893.0,5.7
2021-01-27 05:00:00,890.0,5.6
2021-01-27 06:00:00,937.0,5.6
2021-01-27 07:00:00,1045.0,5.5
2021-01-27 08:00:00,1437.0,5.5
2021-01-27 09:00:00,1763.0,5.6
2021-01-27 10:00:00,1831.0,5.6
2021-01-27 11:00:00,1862.0,5.6
2021-01-27 12:00:00,1746.0,5.8
2021-01-27 13:00:00,1744.0,6.2
2021-01-27 14:00:00,1743.0,6.0
2021-01-27 15:00:00,1719.0,6.6
2021-01-27 16:00:00,1747.0,7.0
2021-01-27 17:00:00,1749.0,7.1
2021-01-27 18:00:00,1684.0,6.7
2021-01-27 19:00:00,1799.0,6.3
2021-01-27 20:00:00,1823.0,6.4
2021-01-27 21:00:00,1733.0,6.0
2021-01-27 22:00:00,1587.0,5.6
2021-01-27 23:00:00,1370.0,5.1
2021-01-28 00:00:00,1150.0,5.1
2021-01-28 01:00:00,1020.0,4.9
2021-01-28 02:00:00,962.0,5.1
2021-01-28 03:00:00,932.0,4.4
2021-01-28 04:00:00,906.0,2.9
2021-01-28 05:00:00,904.0,3.6
2021-01-28 06:00:00,963.0,1.5
2021-01-28 07:00:00,1078.0,1.9
2021-01-28 08:00:00,1497.0,2.5
2021-01-28 09:00:00,1783.0,2.8
2021-01-28 10:00:00,1829.0,4.1
2021-01-28 11:00:00,1787.0,5.5
2021-01-28 12:00:00,1600.0,7.4
2021-01-28 13:00:00,1549.0,12.0
2021-01-28 14:00:00,1517.0,13.2
2021-01-28 15:00:00,1454.0,12.9
2021-01-28 16:00:00,1520.0,12.8
2021-01-28 17:00:00,1564.0,11.9
2021-01-28 18:00:00,1554.0,10.2
2021-01-28 19:00:00,1782.0,9.5
2021-01-28 20:00:00,1784.0,8.6
2021-01-28 21:00:00,1733.0,8.3
2021-01-28 22:00:00,1573.0,8.3
2021-01-28 23:00:00,1395.0,7.6
2021-01-29 00:00:00,1167.0,6.9
2021-01-29 01:00:00,1014.0,6.5
2021-01-29 02:00:00,966.0,5.6
2021-01-29 03:00:00,917.0,6.0
2021-01-29 04:00:00,894.0,6.0
2021-01-29 05:00:00,898.0,4.4
2021-01-29 06:00:00,961.0,3.1
2021-01-29 07:00:00,1078.0,2.0
2021-01-29 08:00:00,1529.0,2.5
2021-01-29 09:00:00,1747.0,4.4
2021-01-29 10:00:00,1723.0,4.7
2021-01-29 11:00:00,1689.0,7.2
2021-01-29 12:00:00,1557.0,11.4
2021-01-29 13:00:00,1498.0,13.1
2021-01-29 14:00:00,1478.0,12.8
2021-01-29 15:00:00,1470.0,12.1
2021-01-29 16:00:00,1561.0,11.7
2021-01-29 17:00:00,1630.0,11.1
2021-01-29 18:00:00,1583.0,10.1
2021-01-29 19:00:00,1739.0,10.2
2021-01-29 20:00:00,1756.0,10.4
2021-01-29 21:00:00,1673.0,10.2
2021-01-29 22:00:00,1518.0,9.8
2021-01-29 23:00:00,1332.0,9.7
2021-01-30 00:00:00,1115.0,9.6
2021-01-30 01:00:00,1000.0,9.4
2021-01-30 02:00:00,940.0,9.2
2021-01-30 03:00:00,890.0,9.5
2021-01-30 04:00:00,888.0,9.3
2021-01-30 05:00:00,878.0,8.9
2021-01-30 06:00:00,917.0,9.2
2021-01-30 07:00:00,997.0,9.7
2021-01-30 08:00:00,1344.0,9.4
2021-01-30 09:00:00,1580.0,9.1
2021-01-30 10:00:00,1596.0,9.5
2021-01-30 11:00:00,1590.0,10.2
2021-01-30 12:00:00,1508.0,10.8
2021-01-30 13:00:00,1513.0,11.3
2021-01-30 14:00:00,1506.0,11.1
2021-01-30 15:00:00,1497.0,11.3
2021-01-30 16:00:00,1564.0,11.7
2021-01-30 17:00:00,1616.0,10.6
2021-01-30 18:00:00,1563.0,9.9
2021-01-30 19:00:00,1713.0,9.6
2021-01-30 20:00:00,1727.0,9.5
2021-01-30 21:00:00,1648.0,9.3
2021-01-30 22:00:00,1482.0,9.4
2021-01-30 23:00:00,1289.0,9.7
2021-01-31 00:00:00,1091.0,9.6
2021-01-31 01:00:00,962.0,9.6
2021-01-31 02:00:00,902.0,9.5
2021-01-31 03:00:00,865.0,9.3
2021-01-31 04:00:00,837.0,8.6
2021-01-31 05:00:00,843.0,7.4
2021-01-31 06:00:00,868.0,7.4
2021-01-31 07:00:00,924.0,7.3
2021-01-31 08:00:00,1259.0,7.3
2021-01-31 09:00:00,1537.0,7.4
2021-01-31 10:00:00,1581.0,7.9
2021-01-31 11:00:00,1630.0,7.8
2021-01-31 12:00:00,1556.0,8.1
2021-01-31 13:00:00,1559.0,8.0
2021-01-31 14:00:00,1455.0,8.1
2021-01-31 15:00:00,1454.0,8.1
2021-01-31 16:00:00,1499.0,8.0
2021-01-31 17:00:00,1628.0,7.8
2021-01-31 18:00:00,1607.0,7.7
2021-01-31 19:00:00,1699.0,7.4
2021-01-31 20:00:00,1701.0,7.3
2021-01-31 21:00:00,1616.0,7.3
2021-01-31 22:00:00,1448.0,7.2
2021-01-31 23:00:00,1259.0,7.1
2021-02-01 00:00:00,1067.0,7.0
2021-02-01 01:00:00,944.0,6.9
2021-02-01 02:00:00,874.0,7.0
2021-02-01 03:00:00,823.0,7.0
2021-02-01 04:00:00,806.0,7.0
2021-02-01 05:00:00,800.0,6.9
2021-02-01 06:00:00,848.0,7.0
2021-02-01 07:00:00,964.0,6.9
2021-02-01 08:00:00,1370.0,7.0
2021-02-01 09:00:00,1618.0,7.7
2021-02-01 10:00:00,1617.0,8.4
2021-02-01 11:00:00,1574.0,9.8
2021-02-01 12:00:00,1449.0,12.2
2021-02-01 13:00:00,1395.0,13.8
2021-02-01 14:00:00,1367.0,15.4
2021-02-01 15:00:00,1333.0,16.9
2021-02-01 16:00:00,1371.0,16.1
2021-02-01 17:00:00,1432.0,15.2
2021-02-01 18:00:00,1410.0,12.6
2021-02-01 19:00:00,1644.0,11.5
2021-02-01 20:00:00,1670.0,10.7
2021-02-01 21:00:00,1626.0,10.0
2021-02-01 22:00:00,1481.0,9.5
2021-02-01 23:00:00,1266.0,9.0
2021-02-02 00:00:00,1045.0,8.8
2021-02-02 01:00:00,925.0,8.5
2021-02-02 02:00:00,860.0,8.5
2021-02-02 03:00:00,826.0,8.7
2021-02-02 04:00:00,799.0,7.5
2021-02-02 05:00:00,802.0,7.8
2021-02-02 06:00:00,851.0,6.8
2021-02-02 07:00:00,976.0,6.9
2021-02-02 08:00:00,1409.0,6.0
2021-02-02 09:00:00,1613.0,6.0
2021-02-02 10:00:00,1592.0,7.4
2021-02-02 11:00:00,1601.0,7.5
2021-02-02 12:00:00,1492.0,8.6
2021-02-02 13:00:00,1495.0,9.7
2021-02-02 14:00:00,1500.0,10.8
2021-02-02 15:00:00,1513.0,10.6
2021-02-02 16:00:00,1587.0,10.4
2021-02-02 17:00:00,1622.0,10.1
2021-02-02 18:00:00,1593.0,9.5
2021-02-02 19:00:00,1730.0,9.1
2021-02-02 20:00:00,1737.0,8.7
2021-02-02 21:00:00,1660.0,8.4
2021-02-02 22:00:00,1455.0,8.0
2021-02-02 23:00:00,1262.0,8.1
2021-02-03 00:00:00,1048.0,8.3
2021-02-03 01:00:00,931.0,8.0
2021-02-03 02:00:00,853.0,7.6
2021-02-03 03:00:00,811.0,6.8
2021-02-03 04:00:00,813.0,6.8
2021-02-03 05:00:00,812.0,5.8
2021-02-03 06:00:00,854.0,5.7
2021-02-03 07:00:00,963.0,5.9
2021-02-03 08:00:00,1355.0,6.2
2021-02-03 09:00:00,1597.0,7.3
2021-02-03 10:00:00,1579.0,8.6
2021-02-03 11:00:00,1586.0,9.3
2021-02-03 12:00:00,1500.0,10.9
2021-02-03 13:00:00,1494.0,11.6
2021-02-03 14:00:00,1523.0,10.2
2021-02-03 15:00:00,1520.0,8.7
2021-02-03 16:00:00,1620.0,8.5
2021-02-03 17:00:00,1661.0,8.5
2021-02-03 18:00:00,1615.0,8.6
2021-02-03 19:00:00,1725.0,8.6
2021-02-03 20:00:00,1729.0,8.6
2021-02-03 21:00:00,1659.0,8.6
2021-02-03 22:00:00,1465.0,8.9
2021-02-03 23:00:00,1260.0,8.8
2021-02-04 00:00:00,1047.0,8.7
2021-02-04 01:00:00,928.0,8.6
2021-02-04 02:00:00,863.0,8.7
2021-02-04 03:00:00,831.0,8.5
2021-02-04 04:00:00,783.0,8.5
2021-02-04 05:00:00,790.0,8.5
2021-02-04 06:00:00,830.0,9.0
2021-02-04 07:00:00,919.0,8.6
2021-02-04 08:00:00,1289.0,8.6
2021-02-04 09:00:00,1563.0,8.8
2021-02-04 10:00:00,1613.0,8.7
2021-02-04 11:00:00,1651.0,8.8
2021-02-04 12:00:00,1580.0,8.7
2021-02-04 13:00:00,1586.0,8.2
2021-02-04 14:00:00,1551.0,8.0
2021-02-04 15:00:00,1566.0,7.7
2021-02-04 16:00:00,1644.0,7.5
2021-02-04 17:00:00,1674.0,7.1
2021-02-04 18:00:00,1622.0,7.0
2021-02-04 19:00:00,1733.0,7.0
2021-02-04 20:00:00,1693.0,7.0
2021-02-04 21:00:00,1622.0,6.8
2021-02-04 22:00:00,1455.0,6.8
2021-02-04 23:00:00,1277.0,6.6
2021-02-05 00:00:00,1035.0,6.3
2021-02-05 01:00:00,920.0,6.2
2021-02-05 02:00:00,856.0,6.1
2021-02-05 03:00:00,804.0,6.0
2021-02-05 04:00:00,784.0,5.6
2021-02-05 05:00:00,785.0,5.4
2021-02-05 06:00:00,817.0,5.3
2021-02-05 07:00:00,900.0,5.5
2021-02-05 08:00:00,1277.0,5.6
2021-02-05 09:00:00,1600.0,5.8
2021-02-05 10:00:00,1631.0,6.1
2021-02-05 11:00:00,1653.0,6.6
2021-02-05 12:00:00,1565.0,6.9
2021-02-05 13:00:00,1509.0,7.6
2021-02-05 14:00:00,1426.0,8.7
2021-02-05 15:00:00,1394.0,9.8
2021-02-05 16:00:00,1412.0,10.4
2021-02-05 17:00:00,1436.0,10.1
2021-02-05 18:00:00,1389.0,9.7
2021-02-05 19:00:00,1583.0,9.7
2021-02-05 20:00:00,1652.0,9.4
2021-02-05 21:00:00,1621.0,9.2
2021-02-05 22:00:00,1491.0,8.5
2021-02-05 23:00:00,1287.0,8.0
2021-02-06 00:00:00,1049.0,7.3
2021-02-06 01:00:00,904.0,7.3
2021-02-06 02:00:00,825.0,7.0
2021-02-06 03:00:00,765.0,6.9
2021-02-06 04:00:00,748.0,7.1
2021-02-06 05:00:00,742.0,7.3
2021-02-06 06:00:00,770.0,6.9
2021-02-06 07:00:00,869.0,5.6
2021-02-06 08:00:00,1258.0,5.4
2021-02-06 09:00:00,1456.0,6.4
2021-02-06 10:00:00,1387.0,7.7
2021-02-06 11:00:00,1375.0,9.0
2021-02-06 12:00:00,1314.0,11.2
2021-02-06 13:00:00,1328.0,11.3
2021-02-06 14:00:00,1320.0,11.3
2021-02-06 15:00:00,1315.0,11.0
2021-02-06 16:00:00,1398.0,10.7
2021-02-06 17:00:00,1432.0,10.5
2021-02-06 18:00:00,1403.0,10.2
2021-02-06 19:00:00,1593.0,9.7
2021-02-06 20:00:00,1616.0,9.5
2021-02-06 21:00:00,1574.0,9.9
2021-02-06 22:00:00,1416.0,9.6
2021-02-06 23:00:00,1204.0,9.0
2021-02-07 00:00:00,982.0,8.9
2021-02-07 01:00:00,831.0,9.0
2021-02-07 02:00:00,760.0,8.1
2021-02-07 03:00:00,715.0,8.1
2021-02-07 04:00:00,688.0,8.7
2021-02-07 05:00:00,689.0,8.7
2021-02-07 06:00:00,720.0,8.3
2021-02-07 07:00:00,805.0,8.8
2021-02-07 08:00:00,1155.0,8.4
2021-02-07 09:00:00,1404.0,8.9
2021-02-07 10:00:00,1402.0,9.6
2021-02-07 11:00:00,1415.0,10.6
2021-02-07 12:00:00,1402.0,10.4
2021-02-07 13:00:00,1383.0,10.4
2021-02-07 14:00:00,1349.0,10.1
2021-02-07 15:00:00,1372.0,10.4
2021-02-07 16:00:00,1447.0,10.0
2021-02-07 17:00:00,1466.0,9.8
2021-02-07 18:00:00,1428.0,9.6
2021-02-07 19:00:00,1554.0,9.5
2021-02-07 20:00:00,1579.0,9.4
2021-02-07 21:00:00,1524.0,9.3
2021-02-07 22:00:00,1376.0,9.4
2021-02-07 23:00:00,1193.0,9.2
2021-02-08 00:00:00,972.0,9.0
2021-02-08 01:00:00,839.0,8.6
2021-02-08 02:00:00,755.0,8.5
2021-02-08 03:00:00,705.0,8.6
2021-02-08 04:00:00,694.0,8.8
2021-02-08 05:00:00,671.0,8.9
2021-02-08 06:00:00,727.0,8.3
2021-02-08 07:00:00,787.0,7.8
2021-02-08 08:00:00,1128.0,7.8
2021-02-08 09:00:00,1414.0,7.2
2021-02-08 10:00:00,1484.0,6.4
2021-02-08 11:00:00,1489.0,6.5
2021-02-08 12:00:00,1458.0,6.5
2021-02-08 13:00:00,1424.0,6.5
2021-02-08 14:00:00,1378.0,6.6
2021-02-08 15:00:00,1368.0,6.6
2021-02-08 16:00:00,1425.0,6.8
2021-02-08 17:00:00,1455.0,6.8
2021-02-08 18:00:00,1404.0,6.8
2021-02-08 19:00:00,1545.0,6.9
2021-02-08 20:00:00,1586.0,6.9
2021-02-08 21:00:00,1567.0,6.8
2021-02-08 22:00:00,1418.0,6.8
2021-02-08 23:00:00,1215.0,6.6
2021-02-09 00:00:00,984.0,6.5
2021-02-09 01:00:00,834.0,6.7
2021-02-09 02:00:00,725.0,7.1
2021-02-09 03:00:00,680.0,7.1
2021-02-09 04:00:00,658.0,7.1
2021-02-09 05:00:00,647.0,6.8
2021-02-09 06:00:00,675.0,6.6
2021-02-09 07:00:00,763.0,6.6
2021-02-09 08:00:00,1114.0,6.7
2021-02-09 09:00:00,1312.0,7.1
2021-02-09 10:00:00,1317.0,7.6
2021-02-09 11:00:00,1307.0,8.2
2021-02-09 12:00:00,1248.0,9.0
2021-02-09 13:00:00,1240.0,9.7
2021-02-09 14:00:00,1164.0,10.4
2021-02-09 15:00:00,1186.0,10.4
2021-02-09 16:00:00,1278.0,9.7
2021-02-09 17:00:00,1296.0,9.2
2021-02-09 18:00:00,1281.0,8.8
2021-02-09 19:00:00,1439.0,8.5
2021-02-09 20:00:00,1500.0,7.9
2021-02-09 21:00:00,1498.0,7.8
2021-02-09 22:00:00,1374.0,7.8
2021-02-09 23:00:00,1186.0,7.5
2021-02-10 00:00:00,944.0,7.8
2021-02-10 01:00:00,784.0,7.7
2021-02-10 02:00:00,683.0,7.6
2021-02-10 03:00:00,633.0,7.8
2021-02-10 04:00:00,604.0,7.8
2021-02-10 05:00:00,586.0,7.8
2021-02-10 06:00:00,636.0,7.7
2021-02-10 07:00:00,708.0,7.4
2021-02-10 08:00:00,1049.0,7.5
2021-02-10 09:00:00,1231.0,7.7
2021-02-10 10:00:00,1240.0,8.6
2021-02-10 11:00:00,1248.0,9.2
2021-02-10 12:00:00,1234.0,9.4
2021-02-10 13:00:00,1222.0,9.6
2021-02-10 14:00:00,1194.0,10.1
2021-02-10 15:00:00,1217.0,10.1
2021-02-10 16:00:00,1237.0,10.1
2021-02-10 17:00:00,1245.0,9.5
2021-02-10 18:00:00,1265.0,9.0
2021-02-10 19:00:00,1459.0,8.5
2021-02-10 20:00:00,1511.0,8.4
2021-02-10 21:00:00,1498.0,8.2
2021-02-10 22:00:00,1372.0,8.3
2021-02-10 23:00:00,1176.0,8.2
2021-02-11 00:00:00,918.0,8.1
2021-02-11 01:00:00,733.0,7.4
2021-02-11 02:00:00,636.0,7.8
2021-02-11 03:00:00,592.0,7.5
2021-02-11 04:00:00,587.0,7.4
2021-02-11 05:00:00,657.0,7.3
2021-02-11 06:00:00,788.0,7.2
2021-02-11 07:00:00,906.0,7.3
2021-02-11 08:00:00,1111.0,7.8
2021-02-11 09:00:00,1120.0,8.0
2021-02-11 10:00:00,1088.0,9.1
2021-02-11 11:00:00,1061.0,10.3
2021-02-11 12:00:00,1023.0,11.8
2021-02-11 13:00:00,965.0,13.9
2021-02-11 14:00:00,914.0,15.5
2021-02-11 15:00:00,898.0,16.3
2021-02-11 16:00:00,907.0,16.6
2021-02-11 17:00:00,935.0,15.6
2021-02-11 18:00:00,1035.0,13.1
2021-02-11 19:00:00,1358.0,11.2
2021-02-11 20:00:00,1476.0,10.8
2021-02-11 21:00:00,1437.0,11.1
2021-02-11 22:00:00,1383.0,11.8
2021-02-11 23:00:00,1326.0,11.8
2021-02-12 00:00:00,1183.0,10.8
2021-02-12 01:00:00,859.0,11.2
2021-02-12 02:00:00,656.0,10.0
2021-02-12 03:00:00,592.0,9.8
2021-02-12 04:00:00,572.0,10.1
2021-02-12 05:00:00,561.0,7.1
2021-02-12 06:00:00,569.0,7.1
2021-02-12 07:00:00,626.0,7.3
2021-02-12 08:00:00,855.0,7.5
2021-02-12 09:00:00,1010.0,7.3
2021-02-12 10:00:00,1017.0,7.9
2021-02-12 11:00:00,977.0,8.7
2021-02-12 12:00:00,892.0,9.2
2021-02-12 13:00:00,822.0,10.5
2021-02-12 14:00:00,755.0,13.5
2021-02-12 15:00:00,723.0,14.9
2021-02-12 16:00:00,775.0,15.5
2021-02-12 17:00:00,812.0,14.9
2021-02-12 18:00:00,832.0,13.9
2021-02-12 19:00:00,1098.0,13.2
2021-02-12 20:00:00,1191.0,12.5
2021-02-12 21:00:00,1182.0,11.8
2021-02-12 22:00:00,1085.0,11.4
2021-02-12 23:00:00,961.0,11.7
2021-02-13 00:00:00,791.0,11.6
2021-02-13 01:00:00,664.0,10.1
2021-02-13 02:00:00,564.0,9.8
2021-02-13 03:00:00,528.0,8.2
2021-02-13 04:00:00,520.0,7.7
2021-02-13 05:00:00,505.0,8.3
2021-02-13 06:00:00,524.0,8.2
2021-02-13 07:00:00,579.0,8.1
2021-02-13 08:00:00,875.0,8.4
2021-02-13 09:00:00,1071.0,8.8
2021-02-13 10:00:00,1048.0,9.3
2021-02-13 11:00:00,981.0,9.8
2021-02-13 12:00:00,914.0,9.8
2021-02-13 13:00:00,820.0,10.6
2021-02-13 14:00:00,754.0,12.9
2021-02-13 15:00:00,746.0,15.3
2021-02-13 16:00:00,777.0,16.4
2021-02-13 17:00:00,790.0,16.6
2021-02-13 18:00:00,858.0,14.3
2021-02-13 19:00:00,1125.0,12.6
2021-02-13 20:00:00,1241.0,12.6
2021-02-13 21:00:00,1249.0,13.0
2021-02-13 22:00:00,1160.0,13.0
2021-02-13 23:00:00,1030.0,12.7
2021-02-14 00:00:00,871.0,13.1
2021-02-14 01:00:00,708.0,12.1
2021-02-14 02:00:00,603.0,11.6
2021-02-14 03:00:00,562.0,11.4
2021-02-14 04:00:00,527.0,10.3
2021-02-14 05:00:00,515.0,10.3
2021-02-14 06:00:00,517.0,10.9
2021-02-14 07:00:00,592.0,11.2
2021-02-14 08:00:00,923.0,8.9
2021-02-14 09:00:00,1014.0,9.7
2021-02-14 10:00:00,914.0,12.4
2021-02-14 11:00:00,823.0,15.9
2021-02-14 12:00:00,757.0,18.0
2021-02-14 13:00:00,711.0,19.2
2021-02-14 14:00:00,675.0,21.3
2021-02-14 15:00:00,703.0,22.1
2021-02-14 16:00:00,740.0,22.2
2021-02-14 17:00:00,783.0,20.8
2021-02-14 18:00:00,833.0,18.0
2021-02-14 19:00:00,1115.0,16.0
2021-02-14 20:00:00,1201.0,15.5
2021-02-14 21:00:00,1181.0,15.1
2021-02-14 22:00:00,1089.0,14.4
2021-02-14 23:00:00,959.0,14.1
2021-02-15 00:00:00,796.0,14.1
2021-02-15 01:00:00,673.0,13.6
2021-02-15 02:00:00,579.0,14.0
2021-02-15 03:00:00,535.0,14.3
2021-02-15 04:00:00,526.0,14.0
2021-02-15 05:00:00,511.0,13.1
2021-02-15 06:00:00,520.0,12.8
2021-02-15 07:00:00,612.0,12.0
2021-02-15 08:00:00,946.0,11.2
2021-02-15 09:00:00,986.0,12.4
2021-02-15 10:00:00,892.0,15.3
2021-02-15 11:00:00,852.0,17.5
2021-02-15 12:00:00,822.0,16.5
2021-02-15 13:00:00,857.0,16.1
2021-02-15 14:00:00,879.0,15.5
2021-02-15 15:00:00,929.0,15.2
2021-02-15 16:00:00,976.0,15.0
2021-02-15 17:00:00,977.0,13.7
2021-02-15 18:00:00,1025.0,14.3
2021-02-15 19:00:00,1217.0,13.7
2021-02-15 20:00:00,1255.0,12.1
2021-02-15 21:00:00,1214.0,11.7
2021-02-15 22:00:00,1113.0,10.3
2021-02-15 23:00:00,985.0,9.7
2021-02-16 00:00:00,819.0,9.4
2021-02-16 01:00:00,697.0,8.8
2021-02-16 02:00:00,616.0,8.7
2021-02-16 03:00:00,577.0,8.4
2021-02-16 04:00:00,547.0,8.3
2021-02-16 05:00:00,551.0,8.3
2021-02-16 06:00:00,565.0,8.5
2021-02-16 07:00:00,640.0,8.4
2021-02-16 08:00:00,932.0,8.4
2021-02-16 09:00:00,1067.0,9.1
2021-02-16 10:00:00,1039.0,10.0
2021-02-16 11:00:00,1016.0,10.9
2021-02-16 12:00:00,947.0,11.7
2021-02-16 13:00:00,889.0,13.4
2021-02-16 14:00:00,878.0,14.8
2021-02-16 15:00:00,872.0,17.1
2021-02-16 16:00:00,886.0,15.5
2021-02-16 17:00:00,921.0,15.1
2021-02-16 18:00:00,944.0,14.3
2021-02-16 19:00:00,1187.0,13.8
2021-02-16 20:00:00,1281.0,13.2
2021-02-16 21:00:00,1267.0,12.8
2021-02-16 22:00:00,1184.0,12.0
2021-02-16 23:00:00,1019.0,11.1
2021-02-17 00:00:00,849.0,10.2
2021-02-17 01:00:00,719.0,9.5
2021-02-17 02:00:00,628.0,8.2
2021-02-17 03:00:00,587.0,7.5
2021-02-17 04:00:00,574.0,7.2
2021-02-17 05:00:00,568.0,7.4
2021-02-17 06:00:00,580.0,6.2
2021-02-17 07:00:00,680.0,6.2
2021-02-17 08:00:00,1002.0,6.1
2021-02-17 09:00:00,1088.0,7.4
2021-02-17 10:00:00,1018.0,10.6
2021-02-17 11:00:00,948.0,13.4
2021-02-17 12:00:00,865.0,16.4
2021-02-17 13:00:00,817.0,18.4
2021-02-17 14:00:00,802.0,19.9
2021-02-17 15:00:00,810.0,20.9
2021-02-17 16:00:00,843.0,20.1
2021-02-17 17:00:00,895.0,19.2
2021-02-17 18:00:00,953.0,16.7
2021-02-17 19:00:00,1199.0,13.8
2021-02-17 20:00:00,1285.0,13.8
2021-02-17 21:00:00,1268.0,13.4
2021-02-17 22:00:00,1139.0,13.2
2021-02-17 23:00:00,970.0,12.5
2021-02-18 00:00:00,791.0,12.6
2021-02-18 01:00:00,686.0,12.6
2021-02-18 02:00:00,606.0,11.9
2021-02-18 03:00:00,562.0,12.7
2021-02-18 04:00:00,557.0,11.9
2021-02-18 05:00:00,550.0,11.9
2021-02-18 06:00:00,568.0,9.4
2021-02-18 07:00:00,693.0,9.9
2021-02-18 08:00:00,1047.0,10.5
2021-02-18 09:00:00,1134.0,9.3
2021-02-18 10:00:00,1061.0,14.5
2021-02-18 11:00:00,1005.0,16.3
2021-02-18 12:00:00,929.0,18.3
2021-02-18 13:00:00,867.0,18.2
2021-02-18 14:00:00,869.0,19.5
2021-02-18 15:00:00,874.0,19.5
2021-02-18 16:00:00,953.0,18.7
2021-02-18 17:00:00,981.0,18.1
2021-02-18 18:00:00,975.0,16.4
2021-02-18 19:00:00,1217.0,13.9
2021-02-18 20:00:00,1286.0,13.2
2021-02-18 21:00:00,1244.0,12.9
2021-02-18 22:00:00,1129.0,12.6
2021-02-18 23:00:00,962.0,12.4
2021-02-19 00:00:00,796.0,12.2
2021-02-19 01:00:00,691.0,11.8
2021-02-19 02:00:00,614.0,10.0
2021-02-19 03:00:00,580.0,9.1
2021-02-19 04:00:00,565.0,8.1
2021-02-19 05:00:00,565.0,8.2
2021-02-19 06:00:00,596.0,7.6
2021-02-19 07:00:00,743.0,7.4
2021-02-19 08:00:00,1085.0,7.9
2021-02-19 09:00:00,1171.0,9.6
2021-02-19 10:00:00,1108.0,12.8
2021-02-19 11:00:00,1049.0,16.1
2021-02-19 12:00:00,942.0,18.6
2021-02-19 13:00:00,904.0,20.6
2021-02-19 14:00:00,892.0,22.3
2021-02-19 15:00:00,889.0,23.1
2021-02-19 16:00:00,936.0,22.9
2021-02-19 17:00:00,998.0,22.9
2021-02-19 18:00:00,1028.0,21.4
2021-02-19 19:00:00,1226.0,20.7
2021-02-19 20:00:00,1307.0,20.0
2021-02-19 21:00:00,1241.0,19.2
2021-02-19 22:00:00,1122.0,16.8
2021-02-19 23:00:00,970.0,17.7
2021-02-20 00:00:00,838.0,15.2
2021-02-20 01:00:00,731.0,14.0
2021-02-20 02:00:00,658.0,13.9
2021-02-20 03:00:00,640.0,12.9
2021-02-20 04:00:00,622.0,12.5
2021-02-20 05:00:00,621.0,11.6
2021-02-20 06:00:00,647.0,10.7
2021-02-20 07:00:00,787.0,10.6
2021-02-20 08:00:00,1121.0,10.7
2021-02-20 09:00:00,1162.0,12.4
2021-02-20 10:00:00,1065.0,15.5
2021-02-20 11:00:00,1024.0,18.4
2021-02-20 12:00:00,929.0,20.8
2021-02-20 13:00:00,900.0,22.4
2021-02-20 14:00:00,890.0,23.6
2021-02-20 15:00:00,905.0,24.5
2021-02-20 16:00:00,950.0,25.2
2021-02-20 17:00:00,1010.0,24.3
2021-02-20 18:00:00,1052.0,22.5
2021-02-20 19:00:00,1242.0,21.0
2021-02-20 20:00:00,1289.0,19.6
2021-02-20 21:00:00,1227.0,19.5
2021-02-20 22:00:00,1101.0,20.4
2021-02-20 23:00:00,949.0,17.9
2021-02-21 00:00:00,833.0,17.3
2021-02-21 01:00:00,728.0,17.0
2021-02-21 02:00:00,676.0,15.3
2021-02-21 03:00:00,647.0,15.1
2021-02-21 04:00:00,631.0,12.9
2021-02-21 05:00:00,649.0,12.5
2021-02-21 06:00:00,668.0,11.6
2021-02-21 07:00:00,801.0,12.5
2021-02-21 08:00:00,1089.0,12.4
2021-02-21 09:00:00,1159.0,14.5
2021-02-21 10:00:00,1124.0,17.1
2021-02-21 11:00:00,1105.0,20.3
2021-02-21 12:00:00,1012.0,22.8
2021-02-21 13:00:00,994.0,24.3
2021-02-21 14:00:00,979.0,25.7
2021-02-21 15:00:00,971.0,26.4
2021-02-21 16:00:00,1002.0,26.3
2021-02-21 17:00:00,1067.0,25.6
2021-02-21 18:00:00,1066.0,24.8
2021-02-21 19:00:00,1235.0,24.7
2021-02-21 20:00:00,1259.0,21.8
2021-02-21 21:00:00,1176.0,22.3
2021-02-21 22:00:00,1051.0,21.7
2021-02-21 23:00:00,933.0,22.0
2021-02-22 00:00:00,813.0,21.1
2021-02-22 01:00:00,736.0,19.8
2021-02-22 02:00:00,694.0,19.5
2021-02-22 03:00:00,659.0,18.5
2021-02-22 04:00:00,654.0,17.7
2021-02-22 05:00:00,654.0,17.7
2021-02-22 06:00:00,694.0,16.6
2021-02-22 07:00:00,828.0,16.6
2021-02-22 08:00:00,1117.0,17.0
2021-02-22 09:00:00,1188.0,18.9
2021-02-22 10:00:00,1129.0,20.9
2021-02-22 11:00:00,1104.0,23.3
2021-02-22 12:00:00,1012.0,25.2
2021-02-22 13:00:00,995.0,26.6
2021-02-22 14:00:00,996.0,27.5
2021-02-22 15:00:00,1009.0,27.7
2021-02-22 16:00:00,1026.0,27.3
2021-02-22 17:00:00,1098.0,24.8
2021-02-22 18:00:00,1078.0,22.7
2021-02-22 19:00:00,1242.0,21.9
2021-02-22 20:00:00,1253.0,21.8
2021-02-22 21:00:00,1175.0,22.0
2021-02-22 22:00:00,1070.0,22.0
2021-02-22 23:00:00,951.0,20.6
2021-02-23 00:00:00,842.0,18.1
2021-02-23 01:00:00,767.0,18.4
2021-02-23 02:00:00,720.0,17.2
2021-02-23 03:00:00,698.0,16.8
2021-02-23 04:00:00,682.0,16.9
2021-02-23 05:00:00,672.0,14.9
2021-02-23 06:00:00,717.0,14.2
2021-02-23 07:00:00,834.0,13.7
2021-02-23 08:00:00,1137.0,13.6
2021-02-23 09:00:00,1218.0,15.6
2021-02-23 10:00:00,1161.0,16.0
2021-02-23 11:00:00,1178.0,18.0
2021-02-23 12:00:00,1067.0,19.0
2021-02-23 13:00:00,1060.0,20.2
2021-02-23 14:00:00,1071.0,20.8
2021-02-23 15:00:00,1081.0,20.0
2021-02-23 16:00:00,1103.0,18.2
2021-02-23 17:00:00,1180.0,17.1
2021-02-23 18:00:00,1140.0,16.0
2021-02-23 19:00:00,1283.0,14.6
2021-02-23 20:00:00,1274.0,13.7
2021-02-23 21:00:00,1191.0,12.6
2021-02-23 22:00:00,1084.0,12.3
2021-02-23 23:00:00,976.0,12.0
2021-02-24 00:00:00,872.0,11.9
2021-02-24 01:00:00,790.0,11.4
2021-02-24 02:00:00,748.0,11.0
2021-02-24 03:00:00,729.0,10.7
2021-02-24 04:00:00,718.0,11.0
2021-02-24 05:00:00,717.0,11.0
2021-02-24 06:00:00,740.0,10.9
2021-02-24 07:00:00,846.0,11.0
2021-02-24 08:00:00,1158.0,11.1
2021-02-24 09:00:00,1299.0,11.2
2021-02-24 10:00:00,1299.0,11.5
2021-02-24 11:00:00,1301.0,11.8
2021-02-24 12:00:00,1206.0,12.4
2021-02-24 13:00:00,1218.0,12.1
2021-02-24 14:00:00,1233.0,11.9
2021-02-24 15:00:00,1232.0,11.6
2021-02-24 16:00:00,1304.0,11.4
2021-02-24 17:00:00,1362.0,10.9
2021-02-24 18:00:00,1317.0,10.3
2021-02-24 19:00:00,1420.0,9.9
2021-02-24 20:00:00,1412.0,9.3
2021-02-24 21:00:00,1290.0,8.6
2021-02-24 22:00:00,1177.0,8.3
2021-02-24 23:00:00,1068.0,7.7
2021-02-25 00:00:00,928.0,7.3
2021-02-25 01:00:00,847.0,7.1
2021-02-25 02:00:00,805.0,6.8
2021-02-25 03:00:00,767.0,5.8
2021-02-25 04:00:00,753.0,5.9
2021-02-25 05:00:00,770.0,5.3
2021-02-25 06:00:00,798.0,5.3
2021-02-25 07:00:00,899.0,5.2
2021-02-25 08:00:00,1246.0,5.3
2021-02-25 09:00:00,1473.0,5.6
2021-02-25 10:00:00,1522.0,6.0
2021-02-25 11:00:00,1538.0,6.1
2021-02-25 12:00:00,1470.0,6.2
2021-02-25 13:00:00,1470.0,5.8
2021-02-25 14:00:00,1479.0,4.9
2021-02-25 15:00:00,1488.0,4.7
2021-02-25 16:00:00,1532.0,5.0
2021-02-25 17:00:00,1568.0,4.9
2021-02-25 18:00:00,1513.0,4.9
2021-02-25 19:00:00,1605.0,4.9
2021-02-25 20:00:00,1578.0,4.7
2021-02-25 21:00:00,1473.0,4.7
2021-02-25 22:00:00,1328.0,4.4
2021-02-25 23:00:00,1193.0,4.3
2021-02-26 00:00:00,1036.0,4.3
2021-02-26 01:00:00,913.0,4.4
2021-02-26 02:00:00,856.0,4.4
2021-02-26 03:00:00,814.0,4.0
2021-02-26 04:00:00,797.0,3.6
2021-02-26 05:00:00,799.0,3.4
2021-02-26 06:00:00,837.0,3.4
2021-02-26 07:00:00,923.0,3.6
2021-02-26 08:00:00,1286.0,3.7
2021-02-26 09:00:00,1548.0,4.2
2021-02-26 10:00:00,1591.0,4.4
2021-02-26 11:00:00,1617.0,4.7
2021-02-26 12:00:00,1526.0,4.7
2021-02-26 13:00:00,1534.0,5.0
2021-02-26 14:00:00,1512.0,4.8
2021-02-26 15:00:00,1525.0,5.0
2021-02-26 16:00:00,1576.0,4.7
2021-02-26 17:00:00,1580.0,4.6
2021-02-26 18:00:00,1524.0,4.5
2021-02-26 19:00:00,1649.0,4.5
2021-02-26 20:00:00,1655.0,4.6
2021-02-26 21:00:00,1581.0,4.5
2021-02-26 22:00:00,1436.0,4.6
2021-02-26 23:00:00,1256.0,4.5
2021-02-27 00:00:00,1074.0,4.6
2021-02-27 01:00:00,936.0,4.6
2021-02-27 02:00:00,874.0,4.7
2021-02-27 03:00:00,817.0,4.7
2021-02-27 04:00:00,809.0,4.7
2021-02-27 05:00:00,815.0,4.7
2021-02-27 06:00:00,837.0,4.6
2021-02-27 07:00:00,948.0,4.7
2021-02-27 08:00:00,1274.0,4.8
2021-02-27 09:00:00,1459.0,5.4
2021-02-27 10:00:00,1538.0,6.0
2021-02-27 11:00:00,1567.0,6.3
2021-02-27 12:00:00,1479.0,6.7
2021-02-27 13:00:00,1453.0,7.1
2021-02-27 14:00:00,1455.0,7.3
2021-02-27 15:00:00,1471.0,7.6
2021-02-27 16:00:00,1525.0,7.6
2021-02-27 17:00:00,1571.0,7.6
2021-02-27 18:00:00,1532.0,7.1
2021-02-27 19:00:00,1656.0,6.9
2021-02-27 20:00:00,1674.0,6.6
2021-02-27 21:00:00,1590.0,6.5
2021-02-27 22:00:00,1437.0,6.4
2021-02-27 23:00:00,1241.0,6.3
2021-02-28 00:00:00,1065.0,6.3
2021-02-28 01:00:00,958.0,6.3
2021-02-28 02:00:00,877.0,6.2
2021-02-28 03:00:00,846.0,6.2
2021-02-28 04:00:00,829.0,6.2
2021-02-28 05:00:00,807.0,6.2
2021-02-28 06:00:00,853.0,6.3
2021-02-28 07:00:00,967.0,6.2
2021-02-28 08:00:00,1265.0,6.3
2021-02-28 09:00:00,1461.0,6.6
2021-02-28 10:00:00,1511.0,6.7
2021-02-28 11:00:00,1578.0,6.7
2021-02-28 12:00:00,1527.0,6.9
2021-02-28 13:00:00,1525.0,7.0
2021-02-28 14:00:00,1492.0,7.0
2021-02-28 15:00:00,1508.0,7.2
2021-02-28 16:00:00,1573.0,7.3
2021-02-28 17:00:00,1605.0,7.3
2021-02-28 18:00:00,1551.0,7.3
2021-02-28 19:00:00,1655.0,7.3
2021-02-28 20:00:00,1663.0,7.4
2021-02-28 21:00:00,1554.0,7.5
2021-02-28 22:00:00,1368.0,7.6
2021-02-28 23:00:00,1195.0,7.6
2021-03-01 00:00:00,1018.0,7.7
2021-03-01 01:00:00,924.0,7.7
2021-03-01 02:00:00,858.0,7.9
2021-03-01 03:00:00,829.0,7.7
2021-03-01 04:00:00,826.0,7.5
2021-03-01 05:00:00,820.0,7.7
2021-03-01 06:00:00,871.0,7.5
2021-03-01 07:00:00,1072.0,7.4
2021-03-01 08:00:00,1381.0,7.4
2021-03-01 09:00:00,1598.0,7.3
2021-03-01 10:00:00,1640.0,7.5
2021-03-01 11:00:00,1660.0,7.7
2021-03-01 12:00:00,1550.0,8.3
2021-03-01 13:00:00,1553.0,9.0
2021-03-01 14:00:00,1528.0,10.2
2021-03-01 15:00:00,1505.0,10.6
2021-03-01 16:00:00,1534.0,10.8
2021-03-01 17:00:00,1597.0,10.2
2021-03-01 18:00:00,1521.0,9.8
2021-03-01 19:00:00,1620.0,9.5
2021-03-01 20:00:00,1673.0,9.2
2021-03-01 21:00:00,1587.0,9.4
2021-03-01 22:00:00,1429.0,9.0
2021-03-01 23:00:00,1238.0,8.6
2021-03-02 00:00:00,1053.0,7.9
2021-03-02 01:00:00,955.0,7.2
2021-03-02 02:00:00,912.0,7.3
2021-03-02 03:00:00,868.0,7.3
2021-03-02 04:00:00,857.0,7.3
2021-03-02 05:00:00,866.0,6.7
2021-03-02 06:00:00,936.0,6.1
2021-03-02 07:00:00,1130.0,6.1
2021-03-02 08:00:00,1426.0,6.2
2021-03-02 09:00:00,1550.0,8.0
2021-03-02 10:00:00,1564.0,8.6
2021-03-02 11:00:00,1582.0,8.8
2021-03-02 12:00:00,1424.0,10.6
2021-03-02 13:00:00,1456.0,11.9
2021-03-02 14:00:00,1449.0,12.0
2021-03-02 15:00:00,1429.0,12.0
2021-03-02 16:00:00,1478.0,11.0
2021-03-02 17:00:00,1561.0,10.0
2021-03-02 18:00:00,1525.0,9.5
2021-03-02 19:00:00,1645.0,9.0
2021-03-02 20:00:00,1697.0,8.8
2021-03-02 21:00:00,1605.0,8.3
2021-03-02 22:00:00,1429.0,8.6
2021-03-02 23:00:00,1238.0,8.1
2021-03-03 00:00:00,1061.0,7.6
2021-03-03 01:00:00,965.0,7.8
2021-03-03 02:00:00,914.0,7.7
2021-03-03 03:00:00,887.0,7.2
2021-03-03 04:00:00,867.0,7.5
2021-03-03 05:00:00,864.0,7.2
2021-03-03 06:00:00,950.0,6.9
2021-03-03 07:00:00,1124.0,6.6
2021-03-03 08:00:00,1429.0,6.6
2021-03-03 09:00:00,1585.0,7.2
2021-03-03 10:00:00,1594.0,7.7
2021-03-03 11:00:00,1608.0,8.4
2021-03-03 12:00:00,1442.0,9.4
2021-03-03 13:00:00,1415.0,11.5
2021-03-03 14:00:00,1373.0,13.7
2021-03-03 15:00:00,1325.0,14.4
2021-03-03 16:00:00,1358.0,14.8
2021-03-03 17:00:00,1421.0,14.2
2021-03-03 18:00:00,1402.0,13.4
2021-03-03 19:00:00,1558.0,11.5
2021-03-03 20:00:00,1645.0,10.2
2021-03-03 21:00:00,1564.0,9.7
2021-03-03 22:00:00,1381.0,9.6
2021-03-03 23:00:00,1206.0,9.9
2021-03-04 00:00:00,1045.0,9.2
2021-03-04 01:00:00,949.0,9.2
2021-03-04 02:00:00,910.0,9.2
2021-03-04 03:00:00,869.0,8.6
2021-03-04 04:00:00,857.0,8.3
2021-03-04 05:00:00,853.0,7.5
2021-03-04 06:00:00,941.0,7.8
2021-03-04 07:00:00,1178.0,7.0
2021-03-04 08:00:00,1400.0,7.8
2021-03-04 09:00:00,1459.0,9.9
2021-03-04 10:00:00,1457.0,11.7
2021-03-04 11:00:00,1450.0,13.8
2021-03-04 12:00:00,1293.0,17.2
2021-03-04 13:00:00,1299.0,18.3
2021-03-04 14:00:00,1313.0,19.1
2021-03-04 15:00:00,1321.0,18.9
2021-03-04 16:00:00,1339.0,17.5
2021-03-04 17:00:00,1442.0,16.2
2021-03-04 18:00:00,1386.0,15.3
2021-03-04 19:00:00,1544.0,14.1
2021-03-04 20:00:00,1600.0,13.4
2021-03-04 21:00:00,1512.0,12.9
2021-03-04 22:00:00,1330.0,12.7
2021-03-04 23:00:00,1164.0,12.4
2021-03-05 00:00:00,1016.0,12.1
2021-03-05 01:00:00,950.0,11.9
2021-03-05 02:00:00,901.0,11.3
2021-03-05 03:00:00,878.0,10.2
2021-03-05 04:00:00,875.0,9.9
2021-03-05 05:00:00,872.0,9.9
2021-03-05 06:00:00,935.0,9.9
2021-03-05 07:00:00,1090.0,9.9
2021-03-05 08:00:00,1330.0,10.0
2021-03-05 09:00:00,1478.0,10.3
2021-03-05 10:00:00,1498.0,10.9
2021-03-05 11:00:00,1509.0,11.0
2021-03-05 12:00:00,1370.0,11.4
2021-03-05 13:00:00,1382.0,11.6
2021-03-05 14:00:00,1382.0,12.1
2021-03-05 15:00:00,1392.0,12.0
2021-03-05 16:00:00,1440.0,12.0
2021-03-05 17:00:00,1480.0,11.9
2021-03-05 18:00:00,1390.0,11.9
2021-03-05 19:00:00,1495.0,11.5
2021-03-05 20:00:00,1542.0,11.3
2021-03-05 21:00:00,1472.0,11.4
2021-03-05 22:00:00,1333.0,11.5
2021-03-05 23:00:00,1187.0,10.8
2021-03-06 00:00:00,1053.0,11.0
2021-03-06 01:00:00,970.0,10.6
2021-03-06 02:00:00,908.0,10.3
2021-03-06 03:00:00,875.0,10.4
2021-03-06 04:00:00,869.0,10.6
2021-03-06 05:00:00,855.0,11.0
2021-03-06 06:00:00,908.0,10.8
2021-03-06 07:00:00,1024.0,10.5
2021-03-06 08:00:00,1301.0,10.4
2021-03-06 09:00:00,1461.0,10.8
2021-03-06 10:00:00,1492.0,11.5
2021-03-06 11:00:00,1550.0,11.6
2021-03-06 12:00:00,1436.0,11.4
2021-03-06 13:00:00,1467.0,10.3
2021-03-06 14:00:00,1454.0,9.7
2021-03-06 15:00:00,1503.0,9.2
2021-03-06 16:00:00,1559.0,8.3
2021-03-06 17:00:00,1599.0,7.6
2021-03-06 18:00:00,1556.0,7.2
2021-03-06 19:00:00,1644.0,6.7
2021-03-06 20:00:00,1621.0,6.4
2021-03-06 21:00:00,1540.0,6.2
2021-03-06 22:00:00,1403.0,5.9
2021-03-06 23:00:00,1242.0,5.6
2021-03-07 00:00:00,1087.0,5.1
2021-03-07 01:00:00,970.0,5.0
2021-03-07 02:00:00,920.0,4.7
2021-03-07 03:00:00,884.0,4.7
2021-03-07 04:00:00,881.0,4.6
2021-03-07 05:00:00,853.0,4.7
2021-03-07 06:00:00,893.0,4.5
2021-03-07 07:00:00,1033.0,4.5
2021-03-07 08:00:00,1348.0,4.7
2021-03-07 09:00:00,1511.0,5.3
2021-03-07 10:00:00,1557.0,5.6
2021-03-07 11:00:00,1586.0,6.0
2021-03-07 12:00:00,1501.0,6.3
2021-03-07 13:00:00,1499.0,6.7
2021-03-07 14:00:00,1490.0,7.6
2021-03-07 15:00:00,1486.0,8.0
2021-03-07 16:00:00,1546.0,7.6
2021-03-07 17:00:00,1583.0,7.3
2021-03-07 18:00:00,1565.0,6.7
2021-03-07 19:00:00,1673.0,6.2
2021-03-07 20:00:00,1713.0,6.0
2021-03-07 21:00:00,1630.0,5.9
2021-03-07 22:00:00,1425.0,5.9
2021-03-07 23:00:00,1252.0,5.7
2021-03-08 00:00:00,1061.0,5.7
2021-03-08 01:00:00,964.0,5.4
2021-03-08 02:00:00,918.0,5.4
2021-03-08 03:00:00,888.0,5.3
2021-03-08 04:00:00,873.0,5.3
2021-03-08 05:00:00,875.0,5.3
2021-03-08 06:00:00,941.0,5.4
2021-03-08 07:00:00,1132.0,5.6
2021-03-08 08:00:00,1416.0,5.7
2021-03-08 09:00:00,1643.0,6.0
2021-03-08 10:00:00,1680.0,6.7
2021-03-08 11:00:00,1666.0,7.6
2021-03-08 12:00:00,1546.0,8.5
2021-03-08 13:00:00,1559.0,8.4
2021-03-08 14:00:00,1560.0,9.3
2021-03-08 15:00:00,1575.0,9.1
2021-03-08 16:00:00,1624.0,9.0
2021-03-08 17:00:00,1644.0,8.8
2021-03-08 18:00:00,1556.0,8.5
2021-03-08 19:00:00,1664.0,8.2
2021-03-08 20:00:00,1704.0,8.1
2021-03-08 21:00:00,1615.0,8.2
2021-03-08 22:00:00,1447.0,8.2
2021-03-08 23:00:00,1284.0,8.2
2021-03-09 00:00:00,1111.0,8.1
2021-03-09 01:00:00,1022.0,7.9
2021-03-09 02:00:00,974.0,8.0
2021-03-09 03:00:00,933.0,7.9
2021-03-09 04:00:00,910.0,7.9
2021-03-09 05:00:00,910.0,7.7
2021-03-09 06:00:00,997.0,7.7
2021-03-09 07:00:00,1205.0,7.6
2021-03-09 08:00:00,1476.0,7.8
2021-03-09 09:00:00,1654.0,8.0
2021-03-09 10:00:00,1651.0,7.5
2021-03-09 11:00:00,1693.0,7.6
2021-03-09 12:00:00,1552.0,9.2
2021-03-09 13:00:00,1582.0,9.2
2021-03-09 14:00:00,1572.0,9.5
2021-03-09 15:00:00,1549.0,9.9
2021-03-09 16:00:00,1602.0,9.9
2021-03-09 17:00:00,1650.0,9.3
2021-03-09 18:00:00,1568.0,9.1
2021-03-09 19:00:00,1679.0,8.9
2021-03-09 20:00:00,1725.0,8.6
2021-03-09 21:00:00,1645.0,8.7
2021-03-09 22:00:00,1463.0,8.5
2021-03-09 23:00:00,1290.0,8.4
2021-03-10 00:00:00,1118.0,8.6
2021-03-10 01:00:00,1032.0,8.5
2021-03-10 02:00:00,979.0,8.2
2021-03-10 03:00:00,948.0,8.4
2021-03-10 04:00:00,944.0,8.5
2021-03-10 05:00:00,933.0,8.8
2021-03-10 06:00:00,1011.0,8.5
2021-03-10 07:00:00,1198.0,8.8
2021-03-10 08:00:00,1491.0,8.3
2021-03-10 09:00:00,1655.0,8.0
2021-03-10 10:00:00,1722.0,8.6
2021-03-10 11:00:00,1724.0,8.3
2021-03-10 12:00:00,1580.0,8.9
2021-03-10 13:00:00,1603.0,8.7
2021-03-10 14:00:00,1621.0,9.0
2021-03-10 15:00:00,1595.0,9.1
2021-03-10 16:00:00,1638.0,9.5
2021-03-10 17:00:00,1670.0,9.4
2021-03-10 18:00:00,1609.0,9.2
2021-03-10 19:00:00,1719.0,9.0
2021-03-10 20:00:00,1715.0,8.6
2021-03-10 21:00:00,1624.0,8.4
2021-03-10 22:00:00,1444.0,8.3
2021-03-10 23:00:00,1274.0,8.3
2021-03-11 00:00:00,1100.0,8.2
2021-03-11 01:00:00,1002.0,8.1
2021-03-11 02:00:00,956.0,8.0
2021-03-11 03:00:00,936.0,7.9
2021-03-11 04:00:00,922.0,7.9
2021-03-11 05:00:00,904.0,7.9
2021-03-11 06:00:00,979.0,7.9
2021-03-11 07:00:00,1209.0,8.0
2021-03-11 08:00:00,1484.0,8.5
2021-03-11 09:00:00,1551.0,9.0
2021-03-11 10:00:00,1581.0,10.0
2021-03-11 11:00:00,1590.0,11.8
2021-03-11 12:00:00,1406.0,12.8
2021-03-11 13:00:00,1438.0,12.6
2021-03-11 14:00:00,1433.0,13.2
2021-03-11 15:00:00,1405.0,14.0
2021-03-11 16:00:00,1447.0,14.3
2021-03-11 17:00:00,1485.0,14.0
2021-03-11 18:00:00,1419.0,13.3
2021-03-11 19:00:00,1552.0,11.5
2021-03-11 20:00:00,1659.0,10.9
2021-03-11 21:00:00,1594.0,10.5
2021-03-11 22:00:00,1425.0,10.4
2021-03-11 23:00:00,1247.0,11.3
2021-03-12 00:00:00,1071.0,11.2
2021-03-12 01:00:00,975.0,10.6
2021-03-12 02:00:00,922.0,10.1
2021-03-12 03:00:00,910.0,10.0
2021-03-12 04:00:00,889.0,9.9
2021-03-12 05:00:00,889.0,10.3
2021-03-12 06:00:00,983.0,9.2
2021-03-12 07:00:00,1236.0,8.7
2021-03-12 08:00:00,1457.0,10.0
2021-03-12 09:00:00,1491.0,10.7
2021-03-12 10:00:00,1470.0,15.1
2021-03-12 11:00:00,1441.0,16.8
2021-03-12 12:00:00,1268.0,17.5
2021-03-12 13:00:00,1273.0,18.3
2021-03-12 14:00:00,1288.0,17.9
2021-03-12 15:00:00,1287.0,18.0
2021-03-12 16:00:00,1317.0,18.1
2021-03-12 17:00:00,1389.0,17.7
2021-03-12 18:00:00,1351.0,15.6
2021-03-12 19:00:00,1478.0,14.3
2021-03-12 20:00:00,1576.0,13.9
2021-03-12 21:00:00,1505.0,13.2
2021-03-12 22:00:00,1383.0,13.5
2021-03-12 23:00:00,1225.0,13.6
2021-03-13 00:00:00,1058.0,13.4
2021-03-13 01:00:00,970.0,12.4
2021-03-13 02:00:00,925.0,12.9
2021-03-13 03:00:00,898.0,12.9
2021-03-13 04:00:00,889.0,12.7
2021-03-13 05:00:00,874.0,12.6
2021-03-13 06:00:00,930.0,12.2
2021-03-13 07:00:00,1109.0,12.1
2021-03-13 08:00:00,1345.0,11.3
2021-03-13 09:00:00,1455.0,11.8
2021-03-13 10:00:00,1458.0,12.6
2021-03-13 11:00:00,1448.0,13.7
2021-03-13 12:00:00,1302.0,17.8
2021-03-13 13:00:00,1265.0,18.3
2021-03-13 14:00:00,1268.0,18.1
2021-03-13 15:00:00,1246.0,18.4
2021-03-13 16:00:00,1303.0,17.9
2021-03-13 17:00:00,1372.0,17.4
2021-03-13 18:00:00,1314.0,17.0
2021-03-13 19:00:00,1408.0,14.8
2021-03-13 20:00:00,1503.0,13.9
2021-03-13 21:00:00,1432.0,14.0
2021-03-13 22:00:00,1309.0,13.8
2021-03-13 23:00:00,1184.0,13.8
2021-03-14 00:00:00,1038.0,13.8
2021-03-14 01:00:00,955.0,13.1
2021-03-14 02:00:00,906.0,13.1
2021-03-14 03:00:00,899.0,13.1
2021-03-14 04:00:00,879.0,13.6
2021-03-14 05:00:00,883.0,13.0
2021-03-14 06:00:00,928.0,13.0
2021-03-14 07:00:00,1111.0,12.8
2021-03-14 08:00:00,1319.0,13.1
2021-03-14 09:00:00,1373.0,14.1
2021-03-14 10:00:00,1367.0,16.5
2021-03-14 11:00:00,1367.0,17.6
2021-03-14 12:00:00,1223.0,19.0
2021-03-14 13:00:00,1230.0,20.6
2021-03-14 14:00:00,1215.0,21.1
2021-03-14 15:00:00,1195.0,22.2
2021-03-14 16:00:00,1241.0,21.7
2021-03-14 17:00:00,1299.0,21.2
2021-03-14 18:00:00,1261.0,20.2
2021-03-14 19:00:00,1388.0,19.0
2021-03-14 20:00:00,1449.0,18.0
2021-03-14 21:00:00,1353.0,17.2
2021-03-14 22:00:00,1204.0,17.5
2021-03-14 23:00:00,1073.0,17.5
2021-03-15 00:00:00,952.0,17.2
2021-03-15 01:00:00,885.0,16.3
2021-03-15 02:00:00,862.0,16.4
2021-03-15 03:00:00,826.0,16.5
2021-03-15 04:00:00,827.0,16.2
2021-03-15 05:00:00,820.0,17.3
2021-03-15 06:00:00,921.0,16.4
2021-03-15 07:00:00,1099.0,15.7
2021-03-15 08:00:00,1305.0,15.5
2021-03-15 09:00:00,1391.0,15.5
2021-03-15 10:00:00,1419.0,17.1
2021-03-15 11:00:00,1426.0,16.4
2021-03-15 12:00:00,1290.0,16.3
2021-03-15 13:00:00,1296.0,16.5
2021-03-15 14:00:00,1278.0,17.6
2021-03-15 15:00:00,1286.0,18.4
2021-03-15 16:00:00,1330.0,19.7
2021-03-15 17:00:00,1378.0,19.8
2021-03-15 18:00:00,1314.0,19.3
2021-03-15 19:00:00,1415.0,18.6
2021-03-15 20:00:00,1440.0,18.2
2021-03-15 21:00:00,1388.0,18.1
2021-03-15 22:00:00,1268.0,17.8
2021-03-15 23:00:00,1123.0,17.7
2021-03-16 00:00:00,1003.0,17.4
2021-03-16 01:00:00,958.0,17.3
2021-03-16 02:00:00,926.0,17.1
2021-03-16 03:00:00,908.0,16.8
2021-03-16 04:00:00,874.0,16.7
2021-03-16 05:00:00,875.0,16.5
2021-03-16 06:00:00,952.0,16.8
2021-03-16 07:00:00,1109.0,17.3
2021-03-16 08:00:00,1344.0,17.5
2021-03-16 09:00:00,1435.0,17.4
2021-03-16 10:00:00,1446.0,17.0
2021-03-16 11:00:00,1456.0,16.7
2021-03-16 12:00:00,1311.0,16.5
2021-03-16 13:00:00,1339.0,16.0
2021-03-16 14:00:00,1355.0,15.7
2021-03-16 15:00:00,1368.0,15.4
2021-03-16 16:00:00,1434.0,15.2
2021-03-16 17:00:00,1473.0,15.0
2021-03-16 18:00:00,1421.0,14.9
2021-03-16 19:00:00,1485.0,14.4
2021-03-16 20:00:00,1445.0,13.5
2021-03-16 21:00:00,1385.0,13.0
2021-03-16 22:00:00,1242.0,12.1
2021-03-16 23:00:00,1141.0,11.9
2021-03-17 00:00:00,1002.0,11.7
2021-03-17 01:00:00,931.0,11.7
2021-03-17 02:00:00,893.0,11.6
2021-03-17 03:00:00,875.0,11.7
2021-03-17 04:00:00,877.0,11.6
2021-03-17 05:00:00,874.0,11.4
2021-03-17 06:00:00,957.0,11.4
2021-03-17 07:00:00,1128.0,11.4
2021-03-17 08:00:00,1373.0,11.4
2021-03-17 09:00:00,1496.0,11.5
2021-03-17 10:00:00,1506.0,11.5
2021-03-17 11:00:00,1522.0,11.4
2021-03-17 12:00:00,1408.0,10.9
2021-03-17 13:00:00,1429.0,10.7
2021-03-17 14:00:00,1440.0,10.8
2021-03-17 15:00:00,1436.0,11.2
2021-03-17 16:00:00,1487.0,11.0
2021-03-17 17:00:00,1523.0,10.9
2021-03-17 18:00:00,1471.0,10.9
2021-03-17 19:00:00,1572.0,10.9
2021-03-17 20:00:00,1555.0,10.8
2021-03-17 21:00:00,1465.0,10.6
2021-03-17 22:00:00,1315.0,10.7
2021-03-17 23:00:00,1183.0,10.8
2021-03-18 00:00:00,1051.0,10.9
2021-03-18 01:00:00,967.0,11.0
2021-03-18 02:00:00,936.0,11.0
2021-03-18 03:00:00,906.0,11.0
2021-03-18 04:00:00,888.0,11.0
2021-03-18 05:00:00,902.0,11.0
2021-03-18 06:00:00,978.0,11.0
2021-03-18 07:00:00,1161.0,11.0
2021-03-18 08:00:00,1412.0,11.1
2021-03-18 09:00:00,1534.0,11.2
2021-03-18 10:00:00,1567.0,10.9
2021-03-18 11:00:00,1581.0,10.7
2021-03-18 12:00:00,1454.0,10.4
2021-03-18 13:00:00,1503.0,10.3
2021-03-18 14:00:00,1504.0,9.7
2021-03-18 15:00:00,1535.0,9.3
2021-03-18 16:00:00,1585.0,9.0
2021-03-18 17:00:00,1642.0,9.0
2021-03-18 18:00:00,1578.0,8.9
2021-03-18 19:00:00,1640.0,8.8
2021-03-18 20:00:00,1637.0,8.5
2021-03-18 21:00:00,1538.0,8.4
2021-03-18 22:00:00,1375.0,8.3
2021-03-18 23:00:00,1237.0,8.1
2021-03-19 00:00:00,1093.0,8.0
2021-03-19 01:00:00,1009.0,7.8
2021-03-19 02:00:00,955.0,7.8
2021-03-19 03:00:00,938.0,8.0
2021-03-19 04:00:00,929.0,8.1
2021-03-19 05:00:00,935.0,7.8
2021-03-19 06:00:00,1002.0,7.2
2021-03-19 07:00:00,1224.0,6.7
2021-03-19 08:00:00,1478.0,6.5
2021-03-19 09:00:00,1637.0,6.4
2021-03-19 10:00:00,1670.0,6.6
2021-03-19 11:00:00,1695.0,6.7
2021-03-19 12:00:00,1566.0,6.8
2021-03-19 13:00:00,1590.0,6.9
2021-03-19 14:00:00,1604.0,7.0
2021-03-19 15:00:00,1601.0,6.9
2021-03-19 16:00:00,1662.0,6.9
2021-03-19 17:00:00,1697.0,7.0
2021-03-19 18:00:00,1611.0,7.1
2021-03-19 19:00:00,1699.0,7.1
2021-03-19 20:00:00,1698.0,6.9
2021-03-19 21:00:00,1584.0,6.8
2021-03-19 22:00:00,1440.0,7.0
2021-03-19 23:00:00,1276.0,6.9
2021-03-20 00:00:00,1112.0,6.8
2021-03-20 01:00:00,1019.0,6.7
2021-03-20 02:00:00,973.0,6.7
2021-03-20 03:00:00,934.0,6.6
2021-03-20 04:00:00,936.0,6.7
2021-03-20 05:00:00,919.0,6.7
2021-03-20 06:00:00,972.0,6.7
2021-03-20 07:00:00,1134.0,6.9
2021-03-20 08:00:00,1415.0,7.0
2021-03-20 09:00:00,1556.0,7.3
2021-03-20 10:00:00,1581.0,8.0
2021-03-20 11:00:00,1589.0,8.1
2021-03-20 12:00:00,1480.0,9.1
2021-03-20 13:00:00,1468.0,9.1
2021-03-20 14:00:00,1469.0,10.0
2021-03-20 15:00:00,1471.0,11.0
2021-03-20 16:00:00,1514.0,11.1
2021-03-20 17:00:00,1567.0,10.7
2021-03-20 18:00:00,1509.0,10.4
2021-03-20 19:00:00,1599.0,10.3
2021-03-20 20:00:00,1633.0,10.0
2021-03-20 21:00:00,1572.0,10.4
2021-03-20 22:00:00,1426.0,9.7
2021-03-20 23:00:00,1280.0,10.5
2021-03-21 00:00:00,1106.0,10.8
2021-03-21 01:00:00,1006.0,10.4
2021-03-21 02:00:00,952.0,9.1
2021-03-21 03:00:00,919.0,7.9
2021-03-21 04:00:00,911.0,7.8
2021-03-21 05:00:00,913.0,8.1
2021-03-21 06:00:00,948.0,7.8
2021-03-21 07:00:00,1103.0,7.8
2021-03-21 08:00:00,1371.0,8.1
2021-03-21 09:00:00,1482.0,9.0
2021-03-21 10:00:00,1539.0,9.4
2021-03-21 11:00:00,1559.0,11.4
2021-03-21 12:00:00,1434.0,13.3
2021-03-21 13:00:00,1454.0,13.7
2021-03-21 14:00:00,1429.0,13.8
2021-03-21 15:00:00,1431.0,14.0
2021-03-21 16:00:00,1475.0,13.3
2021-03-21 17:00:00,1506.0,13.0
2021-03-21 18:00:00,1448.0,12.6
2021-03-21 19:00:00,1553.0,11.5
2021-03-21 20:00:00,1636.0,11.3
2021-03-21 21:00:00,1557.0,11.1
2021-03-21 22:00:00,1394.0,10.9
2021-03-21 23:00:00,1250.0,10.9
2021-03-22 00:00:00,1086.0,11.0
2021-03-22 01:00:00,1008.0,10.7
2021-03-22 02:00:00,956.0,10.3
2021-03-22 03:00:00,942.0,9.8
2021-03-22 04:00:00,939.0,9.5
2021-03-22 05:00:00,938.0,7.5
2021-03-22 06:00:00,1032.0,7.3
2021-03-22 07:00:00,1293.0,7.7
2021-03-22 08:00:00,1484.0,8.3
2021-03-22 09:00:00,1516.0,12.0
2021-03-22 10:00:00,1502.0,13.3
2021-03-22 11:00:00,1492.0,16.1
2021-03-22 12:00:00,1321.0,17.1
2021-03-22 13:00:00,1337.0,17.9
2021-03-22 14:00:00,1328.0,18.5
2021-03-22 15:00:00,1297.0,18.6
2021-03-22 16:00:00,1328.0,19.0
2021-03-22 17:00:00,1389.0,17.6
2021-03-22 18:00:00,1354.0,16.0
2021-03-22 19:00:00,1486.0,13.5
2021-03-22 20:00:00,1588.0,12.8
2021-03-22 21:00:00,1523.0,12.6
2021-03-22 22:00:00,1356.0,12.5
2021-03-22 23:00:00,1225.0,12.5
2021-03-23 00:00:00,1074.0,12.6
2021-03-23 01:00:00,987.0,12.7
2021-03-23 02:00:00,940.0,12.0
2021-03-23 03:00:00,922.0,13.2
2021-03-23 04:00:00,909.0,12.6
2021-03-23 05:00:00,922.0,11.5
2021-03-23 06:00:00,1022.0,11.0
2021-03-23 07:00:00,1258.0,10.6
2021-03-23 08:00:00,1421.0,10.8
2021-03-23 09:00:00,1495.0,11.4
2021-03-23 10:00:00,1496.0,13.1
2021-03-23 11:00:00,1517.0,14.4
2021-03-23 12:00:00,1365.0,15.1
2021-03-23 13:00:00,1402.0,14.7
2021-03-23 14:00:00,1394.0,14.8
2021-03-23 15:00:00,1349.0,17.2
2021-03-23 16:00:00,1332.0,18.4
2021-03-23 17:00:00,1366.0,17.7
2021-03-23 18:00:00,1315.0,16.9
2021-03-23 19:00:00,1449.0,14.1
2021-03-23 20:00:00,1566.0,12.8
2021-03-23 21:00:00,1497.0,12.3
2021-03-23 22:00:00,1346.0,12.0
2021-03-23 23:00:00,1201.0,12.5
2021-03-24 00:00:00,1067.0,11.9
2021-03-24 01:00:00,992.0,11.4
2021-03-24 02:00:00,949.0,11.0
2021-03-24 03:00:00,909.0,11.0
2021-03-24 04:00:00,912.0,12.4
2021-03-24 05:00:00,923.0,11.7
2021-03-24 06:00:00,1017.0,11.9
2021-03-24 07:00:00,1305.0,9.7
2021-03-24 08:00:00,1432.0,10.6
2021-03-24 09:00:00,1454.0,13.7
2021-03-24 10:00:00,1421.0,17.3
2021-03-24 11:00:00,1417.0,20.2
2021-03-24 12:00:00,1258.0,22.2
2021-03-24 13:00:00,1268.0,22.8
2021-03-24 14:00:00,1273.0,23.6
2021-03-24 15:00:00,1258.0,24.6
2021-03-24 16:00:00,1280.0,25.0
2021-03-24 17:00:00,1345.0,24.1
2021-03-24 18:00:00,1307.0,21.2
2021-03-24 19:00:00,1388.0,19.1
2021-03-24 20:00:00,1503.0,18.8
2021-03-24 21:00:00,1421.0,19.0
2021-03-24 22:00:00,1292.0,19.1
2021-03-24 23:00:00,1153.0,18.1
2021-03-25 00:00:00,1019.0,17.2
2021-03-25 01:00:00,949.0,16.8
2021-03-25 02:00:00,909.0,16.6
2021-03-25 03:00:00,894.0,15.6
2021-03-25 04:00:00,873.0,15.3
2021-03-25 05:00:00,891.0,14.1
2021-03-25 06:00:00,978.0,14.3
2021-03-25 07:00:00,1267.0,15.1
2021-03-25 08:00:00,1402.0,16.7
2021-03-25 09:00:00,1413.0,18.8
2021-03-25 10:00:00,1389.0,21.6
2021-03-25 11:00:00,1396.0,22.4
2021-03-25 12:00:00,1243.0,23.6
2021-03-25 13:00:00,1238.0,24.0
2021-03-25 14:00:00,1266.0,25.1
2021-03-25 15:00:00,1247.0,24.5
2021-03-25 16:00:00,1284.0,23.5
2021-03-25 17:00:00,1346.0,23.0
2021-03-25 18:00:00,1277.0,21.9
2021-03-25 19:00:00,1364.0,20.8
2021-03-25 20:00:00,1446.0,21.2
2021-03-25 21:00:00,1344.0,20.6
2021-03-25 22:00:00,1214.0,20.5
2021-03-25 23:00:00,1110.0,20.3
2021-03-26 00:00:00,998.0,19.9
2021-03-26 01:00:00,943.0,17.3
2021-03-26 02:00:00,900.0,17.3
2021-03-26 03:00:00,882.0,16.9
2021-03-26 04:00:00,892.0,17.5
2021-03-26 05:00:00,882.0,17.4
2021-03-26 06:00:00,958.0,16.4
2021-03-26 07:00:00,1173.0,14.4
2021-03-26 08:00:00,1353.0,14.7
2021-03-26 09:00:00,1393.0,15.7
2021-03-26 10:00:00,1413.0,15.9
2021-03-26 11:00:00,1390.0,16.3
2021-03-26 12:00:00,1262.0,18.9
2021-03-26 13:00:00,1261.0,19.3
2021-03-26 14:00:00,1309.0,17.9
2021-03-26 15:00:00,1294.0,17.7
2021-03-26 16:00:00,1365.0,17.7
2021-03-26 17:00:00,1412.0,17.3
2021-03-26 18:00:00,1352.0,15.9
2021-03-26 19:00:00,1434.0,14.6
2021-03-26 20:00:00,1419.0,13.8
2021-03-26 21:00:00,1326.0,13.8
2021-03-26 22:00:00,1207.0,13.7
2021-03-26 23:00:00,1121.0,13.7
2021-03-27 00:00:00,1022.0,13.6
2021-03-27 01:00:00,966.0,13.5
2021-03-27 02:00:00,911.0,13.5
2021-03-27 03:00:00,903.0,13.6
2021-03-27 04:00:00,897.0,13.5
2021-03-27 05:00:00,882.0,13.4
2021-03-27 06:00:00,938.0,13.4
2021-03-27 07:00:00,1130.0,13.3
2021-03-27 08:00:00,1312.0,13.3
2021-03-27 09:00:00,1395.0,13.3
2021-03-27 10:00:00,1422.0,13.3
2021-03-27 11:00:00,1421.0,13.6
2021-03-27 12:00:00,1289.0,14.2
2021-03-27 13:00:00,1296.0,14.7
2021-03-27 14:00:00,1308.0,15.1
2021-03-27 15:00:00,1289.0,15.4
2021-03-27 16:00:00,1317.0,15.5
2021-03-27 17:00:00,1358.0,15.8
2021-03-27 18:00:00,1266.0,15.8
2021-03-27 19:00:00,1325.0,15.2
2021-03-27 20:00:00,1412.0,14.6
2021-03-27 21:00:00,1351.0,14.6
2021-03-27 22:00:00,1251.0,14.0
2021-03-27 23:00:00,1139.0,13.9
2021-03-28 00:00:00,1022.0,13.4
2021-03-28 01:00:00,962.0,13.3
2021-03-28 02:00:00,908.0,12.8
2021-03-28 03:00:00,874.0,12.5
2021-03-28 04:00:00,888.0,12.1
2021-03-28 05:00:00,896.0,12.2
2021-03-28 06:00:00,949.0,12.2
2021-03-28 07:00:00,1189.0,12.3
2021-03-28 08:00:00,1305.0,12.7
2021-03-28 09:00:00,1343.0,14.0
2021-03-28 10:00:00,1321.0,16.5
2021-03-28 11:00:00,1304.0,18.7
2021-03-28 12:00:00,1190.0,21.6
2021-03-28 13:00:00,1195.0,23.4
2021-03-28 14:00:00,1196.0,25.1
2021-03-28 15:00:00,1186.0,26.2
2021-03-28 16:00:00,1197.0,26.0
2021-03-28 17:00:00,1285.0,25.5
2021-03-28 18:00:00,1243.0,23.4
2021-03-28 19:00:00,1322.0,20.8
2021-03-28 20:00:00,1414.0,19.9
2021-03-28 21:00:00,1314.0,19.8
2021-03-28 22:00:00,1180.0,19.6
2021-03-28 23:00:00,1081.0,19.5
2021-03-29 00:00:00,967.0,19.4
2021-03-29 01:00:00,930.0,19.1
2021-03-29 02:00:00,900.0,18.9
2021-03-29 03:00:00,862.0,17.8
2021-03-29 04:00:00,860.0,18.5
2021-03-29 05:00:00,866.0,17.8
2021-03-29 06:00:00,958.0,18.0
2021-03-29 07:00:00,1186.0,17.6
2021-03-29 08:00:00,1301.0,17.9
2021-03-29 09:00:00,1347.0,18.0
2021-03-29 10:00:00,1344.0,18.3
2021-03-29 11:00:00,1352.0,20.4
2021-03-29 12:00:00,1198.0,23.1
2021-03-29 13:00:00,1238.0,24.2
2021-03-29 14:00:00,1242.0,26.1
2021-03-29 15:00:00,1247.0,26.9
2021-03-29 16:00:00,1293.0,25.3
2021-03-29 17:00:00,1334.0,24.1
2021-03-29 18:00:00,1280.0,22.5
2021-03-29 19:00:00,1362.0,21.5
2021-03-29 20:00:00,1388.0,21.0
2021-03-29 21:00:00,1291.0,20.5
2021-03-29 22:00:00,1163.0,20.0
2021-03-29 23:00:00,1090.0,19.6
2021-03-30 00:00:00,999.0,19.3
2021-03-30 01:00:00,946.0,19.3
2021-03-30 02:00:00,910.0,19.0
2021-03-30 03:00:00,899.0,18.9
2021-03-30 04:00:00,877.0,18.7
2021-03-30 05:00:00,884.0,18.4
2021-03-30 06:00:00,969.0,18.2
2021-03-30 07:00:00,1158.0,18.2
2021-03-30 08:00:00,1308.0,17.6
2021-03-30 09:00:00,1354.0,17.1
2021-03-30 10:00:00,1362.0,16.5
2021-03-30 11:00:00,1362.0,16.0
2021-03-30 12:00:00,1244.0,15.9
2021-03-30 13:00:00,1263.0,15.2
2021-03-30 14:00:00,1286.0,14.9
2021-03-30 15:00:00,1286.0,14.6
2021-03-30 16:00:00,1358.0,14.3
2021-03-30 17:00:00,1404.0,13.9
2021-03-30 18:00:00,1353.0,13.6
2021-03-30 19:00:00,1375.0,13.6
2021-03-30 20:00:00,1363.0,13.8
2021-03-30 21:00:00,1275.0,13.7
2021-03-30 22:00:00,1169.0,13.8
2021-03-30 23:00:00,1075.0,13.9
2021-03-31 00:00:00,963.0,14.0
2021-03-31 01:00:00,939.0,14.0
2021-03-31 02:00:00,908.0,13.9
2021-03-31 03:00:00,876.0,13.8
2021-03-31 04:00:00,879.0,13.8
2021-03-31 05:00:00,898.0,13.8
2021-03-31 06:00:00,960.0,13.8
2021-03-31 07:00:00,1153.0,13.9
2021-03-31 08:00:00,1310.0,14.0
2021-03-31 09:00:00,1380.0,14.1
2021-03-31 10:00:00,1378.0,14.0
2021-03-31 11:00:00,1409.0,13.8
2021-03-31 12:00:00,1276.0,13.8
2021-03-31 13:00:00,1283.0,13.9
2021-03-31 14:00:00,1329.0,14.2
2021-03-31 15:00:00,1303.0,13.9
2021-03-31 16:00:00,1403.0,13.7
2021-03-31 17:00:00,1423.0,13.7
2021-03-31 18:00:00,1373.0,13.4
2021-03-31 19:00:00,1425.0,12.8
2021-03-31 20:00:00,1424.0,12.2
2021-03-31 21:00:00,1342.0,12.4
2021-03-31 22:00:00,1210.0,12.4
2021-03-31 23:00:00,1114.0,12.3
2021-04-01 00:00:00,1003.0,12.3
2021-04-01 01:00:00,962.0,12.0
2021-04-01 02:00:00,916.0,11.5
2021-04-01 03:00:00,902.0,11.3
2021-04-01 04:00:00,898.0,11.1
2021-04-01 05:00:00,886.0,11.0
2021-04-01 06:00:00,938.0,10.8
2021-04-01 07:00:00,1127.0,10.9
2021-04-01 08:00:00,1307.0,10.8
2021-04-01 09:00:00,1391.0,10.8
2021-04-01 10:00:00,1404.0,11.3
2021-04-01 11:00:00,1441.0,11.4
2021-04-01 12:00:00,1338.0,11.9
2021-04-01 13:00:00,1341.0,11.7
2021-04-01 14:00:00,1368.0,11.6
2021-04-01 15:00:00,1350.0,11.6
2021-04-01 16:00:00,1429.0,11.7
2021-04-01 17:00:00,1474.0,11.5
2021-04-01 18:00:00,1409.0,11.2
2021-04-01 19:00:00,1462.0,11.1
2021-04-01 20:00:00,1475.0,11.0
2021-04-01 21:00:00,1378.0,11.1
2021-04-01 22:00:00,1239.0,11.1
2021-04-01 23:00:00,1144.0,11.2
2021-04-02 00:00:00,1023.0,11.2
2021-04-02 01:00:00,957.0,11.2
2021-04-02 02:00:00,927.0,11.3
2021-04-02 03:00:00,894.0,11.6
2021-04-02 04:00:00,890.0,11.2
2021-04-02 05:00:00,876.0,11.1
2021-04-02 06:00:00,952.0,11.1
2021-04-02 07:00:00,1156.0,11.1
2021-04-02 08:00:00,1351.0,11.2
2021-04-02 09:00:00,1431.0,11.2
2021-04-02 10:00:00,1448.0,11.4
2021-04-02 11:00:00,1479.0,11.5
2021-04-02 12:00:00,1362.0,11.8
2021-04-02 13:00:00,1368.0,12.0
2021-04-02 14:00:00,1386.0,12.2
2021-04-02 15:00:00,1367.0,12.0
2021-04-02 16:00:00,1450.0,11.9
2021-04-02 17:00:00,1477.0,11.8
2021-04-02 18:00:00,1421.0,11.7
2021-04-02 19:00:00,1497.0,11.5
2021-04-02 20:00:00,1537.0,11.4
2021-04-02 21:00:00,1466.0,11.4
2021-04-02 22:00:00,1333.0,11.1
2021-04-02 23:00:00,1235.0,11.0
2021-04-03 00:00:00,1080.0,10.9
2021-04-03 01:00:00,972.0,10.5
2021-04-03 02:00:00,917.0,10.3
2021-04-03 03:00:00,890.0,10.2
2021-04-03 04:00:00,872.0,10.6
2021-04-03 05:00:00,862.0,10.4
2021-04-03 06:00:00,911.0,10.3
2021-04-03 07:00:00,1067.0,10.1
2021-04-03 08:00:00,1263.0,10.0
2021-04-03 09:00:00,1312.0,10.4
2021-04-03 10:00:00,1287.0,11.5
2021-04-03 11:00:00,1294.0,12.3
2021-04-03 12:00:00,1202.0,12.8
2021-04-03 13:00:00,1200.0,13.6
2021-04-03 14:00:00,1181.0,15.0
2021-04-03 15:00:00,1169.0,15.9
2021-04-03 16:00:00,1224.0,15.4
2021-04-03 17:00:00,1297.0,15.0
2021-04-03 18:00:00,1242.0,14.4
2021-04-03 19:00:00,1316.0,13.9
2021-04-03 20:00:00,1431.0,13.7
2021-04-03 21:00:00,1393.0,13.4
2021-04-03 22:00:00,1288.0,13.1
2021-04-03 23:00:00,1149.0,12.9
2021-04-04 00:00:00,1006.0,12.6
2021-04-04 01:00:00,918.0,12.4
2021-04-04 02:00:00,863.0,12.0
2021-04-04 03:00:00,815.0,11.6
2021-04-04 04:00:00,806.0,11.4
2021-04-04 05:00:00,812.0,11.1
2021-04-04 06:00:00,857.0,11.4
2021-04-04 07:00:00,1029.0,11.0
2021-04-04 08:00:00,1188.0,11.2
2021-04-04 09:00:00,1259.0,11.7
2021-04-04 10:00:00,1274.0,11.8
2021-04-04 11:00:00,1300.0,11.9
2021-04-04 12:00:00,1251.0,11.9
2021-04-04 13:00:00,1229.0,12.0
2021-04-04 14:00:00,1238.0,12.8
2021-04-04 15:00:00,1217.0,12.1
2021-04-04 16:00:00,1288.0,12.2
2021-04-04 17:00:00,1348.0,12.3
2021-04-04 18:00:00,1307.0,12.2
2021-04-04 19:00:00,1367.0,12.1
2021-04-04 20:00:00,1434.0,12.2
2021-04-04 21:00:00,1355.0,12.3
2021-04-04 22:00:00,1220.0,12.2
2021-04-04 23:00:00,1118.0,11.8
2021-04-05 00:00:00,993.0,11.7
2021-04-05 01:00:00,910.0,11.6
2021-04-05 02:00:00,836.0,11.0
2021-04-05 03:00:00,817.0,11.2
2021-04-05 04:00:00,810.0,11.2
2021-04-05 05:00:00,811.0,11.1
2021-04-05 06:00:00,875.0,11.3
2021-04-05 07:00:00,1093.0,11.1
2021-04-05 08:00:00,1263.0,11.1
2021-04-05 09:00:00,1379.0,10.6
2021-04-05 10:00:00,1420.0,10.9
2021-04-05 11:00:00,1439.0,10.5
2021-04-05 12:00:00,1314.0,11.9
2021-04-05 13:00:00,1303.0,13.9
2021-04-05 14:00:00,1299.0,14.5
2021-04-05 15:00:00,1265.0,14.8
2021-04-05 16:00:00,1337.0,14.7
2021-04-05 17:00:00,1421.0,13.8
2021-04-05 18:00:00,1360.0,13.5
2021-04-05 19:00:00,1425.0,13.0
2021-04-05 20:00:00,1520.0,12.9
2021-04-05 21:00:00,1414.0,12.6
2021-04-05 22:00:00,1259.0,12.7
2021-04-05 23:00:00,1144.0,12.4
2021-04-06 00:00:00,1012.0,12.3
2021-04-06 01:00:00,948.0,12.4
2021-04-06 02:00:00,902.0,12.1
2021-04-06 03:00:00,879.0,12.1
2021-04-06 04:00:00,863.0,11.8
2021-04-06 05:00:00,875.0,11.4
2021-04-06 06:00:00,970.0,11.6
2021-04-06 07:00:00,1210.0,11.5
2021-04-06 08:00:00,1329.0,12.5
2021-04-06 09:00:00,1404.0,13.7
2021-04-06 10:00:00,1409.0,14.5
2021-04-06 11:00:00,1419.0,15.1
2021-04-06 12:00:00,1307.0,16.3
2021-04-06 13:00:00,1335.0,16.5
2021-04-06 14:00:00,1374.0,14.9
2021-04-06 15:00:00,1363.0,13.7
2021-04-06 16:00:00,1429.0,13.4
2021-04-06 17:00:00,1501.0,13.0
2021-04-06 18:00:00,1449.0,12.4
2021-04-06 19:00:00,1521.0,11.8
2021-04-06 20:00:00,1518.0,11.8
2021-04-06 21:00:00,1399.0,12.1
2021-04-06 22:00:00,1244.0,11.9
2021-04-06 23:00:00,1150.0,11.7
2021-04-07 00:00:00,1015.0,11.6
2021-04-07 01:00:00,968.0,11.7
2021-04-07 02:00:00,930.0,11.6
2021-04-07 03:00:00,914.0,11.5
2021-04-07 04:00:00,906.0,11.4
2021-04-07 05:00:00,896.0,11.4
2021-04-07 06:00:00,983.0,11.4
2021-04-07 07:00:00,1195.0,11.3
2021-04-07 08:00:00,1398.0,11.4
2021-04-07 09:00:00,1512.0,11.7
2021-04-07 10:00:00,1514.0,12.0
2021-04-07 11:00:00,1541.0,12.0
2021-04-07 12:00:00,1425.0,12.0
2021-04-07 13:00:00,1467.0,12.1
2021-04-07 14:00:00,1461.0,12.7
2021-04-07 15:00:00,1438.0,12.7
2021-04-07 16:00:00,1502.0,12.3
2021-04-07 17:00:00,1530.0,12.3
2021-04-07 18:00:00,1408.0,12.4
2021-04-07 19:00:00,1446.0,12.3
2021-04-07 20:00:00,1562.0,12.2
2021-04-07 21:00:00,1474.0,12.1
2021-04-07 22:00:00,1325.0,12.0
2021-04-07 23:00:00,1211.0,11.8
2021-04-08 00:00:00,1069.0,11.5
2021-04-08 01:00:00,991.0,11.3
2021-04-08 02:00:00,950.0,11.1
2021-04-08 03:00:00,919.0,11.2
2021-04-08 04:00:00,903.0,11.7
2021-04-08 05:00:00,915.0,11.6
2021-04-08 06:00:00,1016.0,11.3
2021-04-08 07:00:00,1253.0,11.6
2021-04-08 08:00:00,1392.0,12.1
2021-04-08 09:00:00,1429.0,12.5
2021-04-08 10:00:00,1456.0,13.4
2021-04-08 11:00:00,1436.0,14.2
2021-04-08 12:00:00,1297.0,15.5
2021-04-08 13:00:00,1342.0,15.7
2021-04-08 14:00:00,1330.0,16.0
2021-04-08 15:00:00,1342.0,15.0
2021-04-08 16:00:00,1418.0,14.6
2021-04-08 17:00:00,1437.0,15.1
2021-04-08 18:00:00,1360.0,14.5
2021-04-08 19:00:00,1409.0,13.9
2021-04-08 20:00:00,1516.0,13.6
2021-04-08 21:00:00,1446.0,13.7
2021-04-08 22:00:00,1297.0,13.5
2021-04-08 23:00:00,1175.0,13.4
2021-04-09 00:00:00,1041.0,13.0
2021-04-09 01:00:00,982.0,12.8
2021-04-09 02:00:00,925.0,12.9
2021-04-09 03:00:00,908.0,13.0
2021-04-09 04:00:00,892.0,12.6
2021-04-09 05:00:00,897.0,12.4
2021-04-09 06:00:00,1015.0,12.8
2021-04-09 07:00:00,1245.0,12.6
2021-04-09 08:00:00,1349.0,13.4
2021-04-09 09:00:00,1355.0,15.5
2021-04-09 10:00:00,1364.0,17.7
2021-04-09 11:00:00,1358.0,19.0
2021-04-09 12:00:00,1213.0,17.7
2021-04-09 13:00:00,1236.0,18.8
2021-04-09 14:00:00,1267.0,19.0
2021-04-09 15:00:00,1258.0,17.6
2021-04-09 16:00:00,1314.0,18.0
2021-04-09 17:00:00,1359.0,18.2
2021-04-09 18:00:00,1307.0,17.2
2021-04-09 19:00:00,1357.0,16.5
2021-04-09 20:00:00,1444.0,15.9
2021-04-09 21:00:00,1377.0,15.1
2021-04-09 22:00:00,1256.0,15.2
2021-04-09 23:00:00,1164.0,15.4
2021-04-10 00:00:00,1039.0,15.2
2021-04-10 01:00:00,961.0,15.0
2021-04-10 02:00:00,917.0,15.1
2021-04-10 03:00:00,901.0,14.1
2021-04-10 04:00:00,882.0,13.8
2021-04-10 05:00:00,892.0,13.6
2021-04-10 06:00:00,953.0,13.9
2021-04-10 07:00:00,1164.0,14.6
2021-04-10 08:00:00,1308.0,14.3
2021-04-10 09:00:00,1338.0,14.4
2021-04-10 10:00:00,1353.0,14.6
2021-04-10 11:00:00,1383.0,14.7
2021-04-10 12:00:00,1258.0,15.2
2021-04-10 13:00:00,1275.0,15.1
2021-04-10 14:00:00,1295.0,14.4
2021-04-10 15:00:00,1298.0,14.9
2021-04-10 16:00:00,1352.0,14.7
2021-04-10 17:00:00,1396.0,13.6
2021-04-10 18:00:00,1335.0,13.4
2021-04-10 19:00:00,1387.0,13.2
2021-04-10 20:00:00,1460.0,13.1
2021-04-10 21:00:00,1351.0,13.2
2021-04-10 22:00:00,1214.0,13.2
2021-04-10 23:00:00,1119.0,13.0
2021-04-11 00:00:00,1004.0,12.9
2021-04-11 01:00:00,939.0,12.3
2021-04-11 02:00:00,896.0,12.2
2021-04-11 03:00:00,891.0,12.1
2021-04-11 04:00:00,872.0,11.9
2021-04-11 05:00:00,884.0,11.7
2021-04-11 06:00:00,918.0,11.7
2021-04-11 07:00:00,1101.0,11.7
2021-04-11 08:00:00,1289.0,12.1
2021-04-11 09:00:00,1393.0,12.4
2021-04-11 10:00:00,1409.0,12.3
2021-04-11 11:00:00,1437.0,12.8
2021-04-11 12:00:00,1345.0,12.9
2021-04-11 13:00:00,1348.0,12.7
2021-04-11 14:00:00,1348.0,12.6
2021-04-11 15:00:00,1354.0,12.9
2021-04-11 16:00:00,1403.0,13.0
2021-04-11 17:00:00,1452.0,13.0
2021-04-11 18:00:00,1367.0,13.0
2021-04-11 19:00:00,1417.0,12.8
2021-04-11 20:00:00,1446.0,12.8
2021-04-11 21:00:00,1346.0,12.8
2021-04-11 22:00:00,1212.0,12.8
2021-04-11 23:00:00,1118.0,12.8
2021-04-12 00:00:00,998.0,12.7
2021-04-12 01:00:00,951.0,12.7
2021-04-12 02:00:00,918.0,12.7
2021-04-12 03:00:00,893.0,12.8
2021-04-12 04:00:00,890.0,12.8
2021-04-12 05:00:00,912.0,12.8
2021-04-12 06:00:00,993.0,12.7
2021-04-12 07:00:00,1218.0,12.7
2021-04-12 08:00:00,1353.0,12.9
2021-04-12 09:00:00,1431.0,13.1
2021-04-12 10:00:00,1424.0,13.6
2021-04-12 11:00:00,1407.0,14.5
2021-04-12 12:00:00,1260.0,16.2
2021-04-12 13:00:00,1284.0,16.9
2021-04-12 14:00:00,1312.0,17.6
2021-04-12 15:00:00,1265.0,16.9
2021-04-12 16:00:00,1311.0,16.6
2021-04-12 17:00:00,1358.0,16.7
2021-04-12 18:00:00,1291.0,16.4
2021-04-12 19:00:00,1355.0,16.0
2021-04-12 20:00:00,1444.0,15.7
2021-04-12 21:00:00,1388.0,16.0
2021-04-12 22:00:00,1240.0,15.3
2021-04-12 23:00:00,1123.0,15.1
2021-04-13 00:00:00,1006.0,15.6
2021-04-13 01:00:00,947.0,15.5
2021-04-13 02:00:00,917.0,15.4
2021-04-13 03:00:00,899.0,15.1
2021-04-13 04:00:00,891.0,14.6
2021-04-13 05:00:00,883.0,14.3
2021-04-13 06:00:00,1020.0,14.2
2021-04-13 07:00:00,1234.0,14.0
2021-04-13 08:00:00,1306.0,14.4
2021-04-13 09:00:00,1373.0,14.6
2021-04-13 10:00:00,1392.0,15.1
2021-04-13 11:00:00,1395.0,15.5
2021-04-13 12:00:00,1264.0,15.9
2021-04-13 13:00:00,1276.0,16.1
2021-04-13 14:00:00,1303.0,16.2
2021-04-13 15:00:00,1295.0,16.0
2021-04-13 16:00:00,1327.0,15.8
2021-04-13 17:00:00,1361.0,15.7
2021-04-13 18:00:00,1306.0,15.9
2021-04-13 19:00:00,1359.0,15.5
2021-04-13 20:00:00,1422.0,15.4
2021-04-13 21:00:00,1330.0,15.3
2021-04-13 22:00:00,1182.0,15.1
2021-04-13 23:00:00,1096.0,15.0
2021-04-14 00:00:00,991.0,14.9
2021-04-14 01:00:00,930.0,14.8
2021-04-14 02:00:00,913.0,14.9
2021-04-14 03:00:00,901.0,15.0
2021-04-14 04:00:00,875.0,15.2
2021-04-14 05:00:00,890.0,13.9
2021-04-14 06:00:00,957.0,13.5
2021-04-14 07:00:00,1179.0,13.0
2021-04-14 08:00:00,1322.0,12.3
2021-04-14 09:00:00,1432.0,12.3
2021-04-14 10:00:00,1469.0,11.7
2021-04-14 11:00:00,1507.0,11.4
2021-04-14 12:00:00,1366.0,11.1
2021-04-14 13:00:00,1364.0,11.4
2021-04-14 14:00:00,1392.0,11.8
2021-04-14 15:00:00,1354.0,12.4
2021-04-14 16:00:00,1394.0,12.6
2021-04-14 17:00:00,1441.0,12.4
2021-04-14 18:00:00,1354.0,12.3
2021-04-14 19:00:00,1419.0,12.2
2021-04-14 20:00:00,1461.0,12.3
2021-04-14 21:00:00,1377.0,12.2
2021-04-14 22:00:00,1241.0,12.2
2021-04-14 23:00:00,1141.0,12.2
2021-04-15 00:00:00,1030.0,12.2
2021-04-15 01:00:00,959.0,12.1
2021-04-15 02:00:00,930.0,12.0
2021-04-15 03:00:00,901.0,12.0
2021-04-15 04:00:00,881.0,12.0
2021-04-15 05:00:00,893.0,12.1
2021-04-15 06:00:00,1001.0,12.1
2021-04-15 07:00:00,1202.0,12.2
2021-04-15 08:00:00,1300.0,12.7
2021-04-15 09:00:00,1351.0,14.5
2021-04-15 10:00:00,1332.0,16.5
2021-04-15 11:00:00,1309.0,19.2
2021-04-15 12:00:00,1175.0,20.4
2021-04-15 13:00:00,1212.0,21.2
2021-04-15 14:00:00,1214.0,22.5
2021-04-15 15:00:00,1188.0,22.5
2021-04-15 16:00:00,1216.0,22.4
2021-04-15 17:00:00,1296.0,22.3
2021-04-15 18:00:00,1284.0,20.9
2021-04-15 19:00:00,1328.0,19.0
2021-04-15 20:00:00,1451.0,18.4
2021-04-15 21:00:00,1374.0,17.8
2021-04-15 22:00:00,1197.0,17.5
2021-04-15 23:00:00,1099.0,17.2
2021-04-16 00:00:00,978.0,16.8
2021-04-16 01:00:00,923.0,17.5
2021-04-16 02:00:00,893.0,17.2
2021-04-16 03:00:00,866.0,17.2
2021-04-16 04:00:00,859.0,17.5
2021-04-16 05:00:00,866.0,16.5
2021-04-16 06:00:00,1017.0,15.7
2021-04-16 07:00:00,1201.0,15.5
2021-04-16 08:00:00,1276.0,16.3
2021-04-16 09:00:00,1344.0,16.7
2021-04-16 10:00:00,1347.0,16.5
2021-04-16 11:00:00,1382.0,17.8
2021-04-16 12:00:00,1226.0,18.4
2021-04-16 13:00:00,1242.0,19.0
2021-04-16 14:00:00,1256.0,19.0
2021-04-16 15:00:00,1223.0,19.9
2021-04-16 16:00:00,1234.0,21.8
2021-04-16 17:00:00,1307.0,21.6
2021-04-16 18:00:00,1255.0,20.9
2021-04-16 19:00:00,1296.0,19.5
2021-04-16 20:00:00,1410.0,18.7
2021-04-16 21:00:00,1336.0,18.9
2021-04-16 22:00:00,1212.0,18.6
2021-04-16 23:00:00,1106.0,18.5
2021-04-17 00:00:00,980.0,17.1
2021-04-17 01:00:00,929.0,16.5
2021-04-17 02:00:00,904.0,16.2
2021-04-17 03:00:00,866.0,15.7
2021-04-17 04:00:00,869.0,15.1
2021-04-17 05:00:00,895.0,14.3
2021-04-17 06:00:00,965.0,14.0
2021-04-17 07:00:00,1197.0,14.5
2021-04-17 08:00:00,1268.0,14.8
2021-04-17 09:00:00,1305.0,15.6
2021-04-17 10:00:00,1301.0,18.4
2021-04-17 11:00:00,1317.0,21.2
2021-04-17 12:00:00,1187.0,21.5
2021-04-17 13:00:00,1211.0,21.7
2021-04-17 14:00:00,1225.0,21.6
2021-04-17 15:00:00,1167.0,22.0
2021-04-17 16:00:00,1198.0,22.0
2021-04-17 17:00:00,1267.0,21.8
2021-04-17 18:00:00,1236.0,20.5
2021-04-17 19:00:00,1273.0,20.1
2021-04-17 20:00:00,1347.0,20.4
2021-04-17 21:00:00,1269.0,19.8
2021-04-17 22:00:00,1166.0,19.6
2021-04-17 23:00:00,1076.0,19.2
2021-04-18 00:00:00,975.0,18.6
2021-04-18 01:00:00,911.0,18.0
2021-04-18 02:00:00,860.0,16.8
2021-04-18 03:00:00,839.0,15.7
2021-04-18 04:00:00,829.0,14.6
2021-04-18 05:00:00,841.0,14.3
2021-04-18 06:00:00,900.0,13.6
2021-04-18 07:00:00,1094.0,14.0
2021-04-18 08:00:00,1192.0,13.2
2021-04-18 09:00:00,1260.0,12.9
2021-04-18 10:00:00,1269.0,13.5
2021-04-18 11:00:00,1300.0,14.0
2021-04-18 12:00:00,1224.0,13.6
2021-04-18 13:00:00,1213.0,13.5
2021-04-18 14:00:00,1222.0,13.5
2021-04-18 15:00:00,1206.0,13.6
2021-04-18 16:00:00,1256.0,13.8
2021-04-18 17:00:00,1305.0,13.5
2021-04-18 18:00:00,1252.0,13.5
2021-04-18 19:00:00,1267.0,13.2
2021-04-18 20:00:00,1332.0,12.6
2021-04-18 21:00:00,1257.0,12.4
2021-04-18 22:00:00,1104.0,12.3
2021-04-18 23:00:00,1020.0,12.3
2021-04-19 00:00:00,934.0,12.4
2021-04-19 01:00:00,902.0,12.4
2021-04-19 02:00:00,867.0,12.6
2021-04-19 03:00:00,858.0,12.8
2021-04-19 04:00:00,860.0,12.9
2021-04-19 05:00:00,880.0,12.9
2021-04-19 06:00:00,968.0,13.0
2021-04-19 07:00:00,1163.0,13.3
2021-04-19 08:00:00,1221.0,14.1
2021-04-19 09:00:00,1255.0,15.2
2021-04-19 10:00:00,1284.0,15.9
2021-04-19 11:00:00,1279.0,18.0
2021-04-19 12:00:00,1180.0,18.6
2021-04-19 13:00:00,1190.0,18.7
2021-04-19 14:00:00,1203.0,19.5
2021-04-19 15:00:00,1192.0,20.2
2021-04-19 16:00:00,1264.0,19.3
2021-04-19 17:00:00,1321.0,18.4
2021-04-19 18:00:00,1258.0,17.8
2021-04-19 19:00:00,1292.0,17.4
2021-04-19 20:00:00,1369.0,17.3
2021-04-19 21:00:00,1304.0,17.1
2021-04-19 22:00:00,1159.0,17.0
2021-04-19 23:00:00,1064.0,16.8
2021-04-20 00:00:00,963.0,16.5
2021-04-20 01:00:00,914.0,16.5
2021-04-20 02:00:00,887.0,16.4
2021-04-20 03:00:00,870.0,16.2
2021-04-20 04:00:00,853.0,16.1
2021-04-20 05:00:00,861.0,16.1
2021-04-20 06:00:00,969.0,16.0
2021-04-20 07:00:00,1170.0,16.2
2021-04-20 08:00:00,1235.0,17.6
2021-04-20 09:00:00,1279.0,18.0
2021-04-20 10:00:00,1275.0,18.7
2021-04-20 11:00:00,1320.0,18.2
2021-04-20 12:00:00,1204.0,18.3
2021-04-20 13:00:00,1208.0,18.5
2021-04-20 14:00:00,1222.0,17.9
2021-04-20 15:00:00,1197.0,17.8
2021-04-20 16:00:00,1265.0,17.3
2021-04-20 17:00:00,1338.0,17.1
2021-04-20 18:00:00,1262.0,17.3
2021-04-20 19:00:00,1316.0,17.1
2021-04-20 20:00:00,1345.0,16.9
2021-04-20 21:00:00,1264.0,16.8
2021-04-20 22:00:00,1141.0,16.4
2021-04-20 23:00:00,1058.0,16.3
2021-04-21 00:00:00,963.0,16.1
2021-04-21 01:00:00,917.0,16.0
2021-04-21 02:00:00,881.0,15.9
2021-04-21 03:00:00,868.0,15.9
2021-04-21 04:00:00,856.0,15.8
2021-04-21 05:00:00,878.0,15.7
2021-04-21 06:00:00,989.0,15.5
2021-04-21 07:00:00,1161.0,15.6
2021-04-21 08:00:00,1271.0,15.8
2021-04-21 09:00:00,1311.0,16.0
2021-04-21 10:00:00,1298.0,16.2
2021-04-21 11:00:00,1313.0,16.5
2021-04-21 12:00:00,1213.0,16.6
2021-04-21 13:00:00,1231.0,16.6
2021-04-21 14:00:00,1257.0,16.5
2021-04-21 15:00:00,1257.0,16.2
2021-04-21 16:00:00,1327.0,16.3
2021-04-21 17:00:00,1394.0,16.1
2021-04-21 18:00:00,1334.0,16.0
2021-04-21 19:00:00,1355.0,15.7
2021-04-21 20:00:00,1388.0,15.7
2021-04-21 21:00:00,1315.0,15.6
2021-04-21 22:00:00,1197.0,15.6
2021-04-21 23:00:00,1086.0,15.5
2021-04-22 00:00:00,1000.0,15.5
2021-04-22 01:00:00,938.0,15.5
2021-04-22 02:00:00,911.0,15.3
2021-04-22 03:00:00,871.0,15.2
2021-04-22 04:00:00,859.0,15.1
2021-04-22 05:00:00,873.0,15.1
2021-04-22 06:00:00,1008.0,15.1
2021-04-22 07:00:00,1212.0,15.2
2021-04-22 08:00:00,1269.0,16.0
2021-04-22 09:00:00,1311.0,17.0
2021-04-22 10:00:00,1322.0,17.9
2021-04-22 11:00:00,1306.0,17.6
2021-04-22 12:00:00,1193.0,19.3
2021-04-22 13:00:00,1187.0,20.1
2021-04-22 14:00:00,1207.0,20.3
2021-04-22 15:00:00,1187.0,21.2
2021-04-22 16:00:00,1241.0,20.2
2021-04-22 17:00:00,1297.0,20.6
2021-04-22 18:00:00,1238.0,20.1
2021-04-22 19:00:00,1285.0,19.6
2021-04-22 20:00:00,1396.0,19.2
2021-04-22 21:00:00,1328.0,19.1
2021-04-22 22:00:00,1183.0,18.2
2021-04-22 23:00:00,1089.0,17.3
2021-04-23 00:00:00,994.0,17.2
2021-04-23 01:00:00,952.0,17.3
2021-04-23 02:00:00,920.0,16.4
2021-04-23 03:00:00,897.0,16.9
2021-04-23 04:00:00,889.0,16.7
2021-04-23 05:00:00,885.0,17.5
2021-04-23 06:00:00,1021.0,17.5
2021-04-23 07:00:00,1179.0,17.2
2021-04-23 08:00:00,1255.0,18.1
2021-04-23 09:00:00,1289.0,19.0
2021-04-23 10:00:00,1277.0,19.5
2021-04-23 11:00:00,1310.0,20.7
2021-04-23 12:00:00,1164.0,21.6
2021-04-23 13:00:00,1165.0,21.4
2021-04-23 14:00:00,1201.0,21.8
2021-04-23 15:00:00,1198.0,21.6
2021-04-23 16:00:00,1258.0,20.9
2021-04-23 17:00:00,1339.0,20.5
2021-04-23 18:00:00,1258.0,20.4
2021-04-23 19:00:00,1269.0,20.5
2021-04-23 20:00:00,1358.0,20.1
2021-04-23 21:00:00,1296.0,19.9
2021-04-23 22:00:00,1180.0,20.2
2021-04-23 23:00:00,1112.0,19.5
2021-04-24 00:00:00,1018.0,18.5
2021-04-24 01:00:00,955.0,17.9
2021-04-24 02:00:00,929.0,17.7
2021-04-24 03:00:00,899.0,17.1
2021-04-24 04:00:00,879.0,16.7
2021-04-24 05:00:00,896.0,16.3
2021-04-24 06:00:00,930.0,15.8
2021-04-24 07:00:00,1080.0,15.9
2021-04-24 08:00:00,1267.0,15.6
2021-04-24 09:00:00,1355.0,15.2
2021-04-24 10:00:00,1384.0,14.7
2021-04-24 11:00:00,1414.0,14.1
2021-04-24 12:00:00,1295.0,13.9
2021-04-24 13:00:00,1288.0,13.8
2021-04-24 14:00:00,1299.0,13.8
2021-04-24 15:00:00,1291.0,13.7
2021-04-24 16:00:00,1346.0,13.6
2021-04-24 17:00:00,1403.0,13.4
2021-04-24 18:00:00,1357.0,13.0
2021-04-24 19:00:00,1373.0,12.8
2021-04-24 20:00:00,1405.0,12.7
2021-04-24 21:00:00,1308.0,12.7
2021-04-24 22:00:00,1188.0,12.6
2021-04-24 23:00:00,1103.0,12.6
2021-04-25 00:00:00,1037.0,12.8
2021-04-25 01:00:00,957.0,12.8
2021-04-25 02:00:00,926.0,13.1
2021-04-25 03:00:00,898.0,12.9
2021-04-25 04:00:00,899.0,12.9
2021-04-25 05:00:00,905.0,12.7
2021-04-25 06:00:00,1005.0,12.8
2021-04-25 07:00:00,1189.0,13.0
2021-04-25 08:00:00,1294.0,13.2
2021-04-25 09:00:00,1350.0,13.5
2021-04-25 10:00:00,1351.0,14.5
2021-04-25 11:00:00,1389.0,15.3
2021-04-25 12:00:00,1259.0,15.7
2021-04-25 13:00:00,1247.0,15.6
2021-04-25 14:00:00,1260.0,16.2
2021-04-25 15:00:00,1238.0,16.6
2021-04-25 16:00:00,1279.0,16.7
2021-04-25 17:00:00,1348.0,16.2
2021-04-25 18:00:00,1276.0,16.1
2021-04-25 19:00:00,1279.0,15.7
2021-04-25 20:00:00,1389.0,16.0
2021-04-25 21:00:00,1322.0,15.9
2021-04-25 22:00:00,1180.0,15.0
2021-04-25 23:00:00,1100.0,14.8
2021-04-26 00:00:00,983.0,14.3
2021-04-26 01:00:00,933.0,14.2
2021-04-26 02:00:00,906.0,14.0
2021-04-26 03:00:00,892.0,13.9
2021-04-26 04:00:00,878.0,13.7
2021-04-26 05:00:00,895.0,13.5
2021-04-26 06:00:00,1008.0,13.5
2021-04-26 07:00:00,1184.0,13.5
2021-04-26 08:00:00,1280.0,13.8
2021-04-26 09:00:00,1338.0,14.2
2021-04-26 10:00:00,1346.0,15.8
2021-04-26 11:00:00,1379.0,16.2
2021-04-26 12:00:00,1240.0,16.4
2021-04-26 13:00:00,1248.0,16.2
2021-04-26 14:00:00,1280.0,16.6
2021-04-26 15:00:00,1272.0,16.8
2021-04-26 16:00:00,1301.0,16.9
2021-04-26 17:00:00,1343.0,16.5
2021-04-26 18:00:00,1298.0,15.9
2021-04-26 19:00:00,1293.0,15.5
2021-04-26 20:00:00,1402.0,15.2
2021-04-26 21:00:00,1323.0,15.5
2021-04-26 22:00:00,1191.0,15.1
2021-04-26 23:00:00,1122.0,15.0
2021-04-27 00:00:00,997.0,14.8
2021-04-27 01:00:00,920.0,14.6
2021-04-27 02:00:00,917.0,14.4
2021-04-27 03:00:00,882.0,14.2
2021-04-27 04:00:00,877.0,14.1
2021-04-27 05:00:00,893.0,14.3
2021-04-27 06:00:00,1031.0,14.2
2021-04-27 07:00:00,1227.0,14.3
2021-04-27 08:00:00,1277.0,15.4
2021-04-27 09:00:00,1324.0,17.1
2021-04-27 10:00:00,1316.0,17.6
2021-04-27 11:00:00,1285.0,20.1
2021-04-27 12:00:00,1170.0,21.4
2021-04-27 13:00:00,1125.0,23.2
2021-04-27 14:00:00,1195.0,23.9
2021-04-27 15:00:00,1178.0,23.1
2021-04-27 16:00:00,1234.0,24.1
2021-04-27 17:00:00,1296.0,22.9
2021-04-27 18:00:00,1251.0,21.0
2021-04-27 19:00:00,1243.0,19.4
2021-04-27 20:00:00,1410.0,18.1
2021-04-27 21:00:00,1337.0,17.1
2021-04-27 22:00:00,1209.0,17.4
2021-04-27 23:00:00,1102.0,17.8
2021-04-28 00:00:00,987.0,18.5
2021-04-28 01:00:00,928.0,17.7
2021-04-28 02:00:00,900.0,16.3
2021-04-28 03:00:00,870.0,16.1
2021-04-28 04:00:00,856.0,16.4
2021-04-28 05:00:00,868.0,15.4
2021-04-28 06:00:00,1039.0,15.1
2021-04-28 07:00:00,1206.0,15.6
2021-04-28 08:00:00,1261.0,17.0
2021-04-28 09:00:00,1322.0,19.5
2021-04-28 10:00:00,1316.0,21.3
2021-04-28 11:00:00,1326.0,23.0
2021-04-28 12:00:00,1185.0,22.7
2021-04-28 13:00:00,1223.0,23.7
2021-04-28 14:00:00,1205.0,24.8
2021-04-28 15:00:00,1196.0,23.9
2021-04-28 16:00:00,1245.0,24.2
2021-04-28 17:00:00,1296.0,22.9
2021-04-28 18:00:00,1234.0,22.1
2021-04-28 19:00:00,1268.0,20.7
2021-04-28 20:00:00,1386.0,19.6
2021-04-28 21:00:00,1332.0,19.5
2021-04-28 22:00:00,1190.0,20.5
2021-04-28 23:00:00,1094.0,19.4
2021-04-29 00:00:00,1001.0,18.0
2021-04-29 01:00:00,948.0,17.0
2021-04-29 02:00:00,910.0,16.4
2021-04-29 03:00:00,905.0,15.9
2021-04-29 04:00:00,884.0,14.9
2021-04-29 05:00:00,906.0,15.3
2021-04-29 06:00:00,1078.0,14.8
2021-04-29 07:00:00,1228.0,15.5
2021-04-29 08:00:00,1266.0,17.1
2021-04-29 09:00:00,1325.0,20.0
2021-04-29 10:00:00,1315.0,22.3
2021-04-29 11:00:00,1353.0,24.6
2021-04-29 12:00:00,1211.0,26.1
2021-04-29 13:00:00,1220.0,27.6
2021-04-29 14:00:00,1233.0,28.6
2021-04-29 15:00:00,1205.0,29.5
2021-04-29 16:00:00,1218.0,30.4
2021-04-29 17:00:00,1294.0,30.3
2021-04-29 18:00:00,1233.0,29.6
2021-04-29 19:00:00,1260.0,27.3
2021-04-29 20:00:00,1412.0,25.9
2021-04-29 21:00:00,1355.0,25.7
2021-04-29 22:00:00,1209.0,24.6
2021-04-29 23:00:00,1128.0,23.6
2021-04-30 00:00:00,1036.0,22.7
2021-04-30 01:00:00,980.0,22.3
2021-04-30 02:00:00,944.0,22.7
2021-04-30 03:00:00,922.0,21.4
2021-04-30 04:00:00,895.0,21.8
2021-04-30 05:00:00,902.0,20.4
2021-04-30 06:00:00,1066.0,20.5
2021-04-30 07:00:00,1217.0,21.0
2021-04-30 08:00:00,1265.0,22.9
2021-04-30 09:00:00,1271.0,25.2
2021-04-30 10:00:00,1297.0,27.3
2021-04-30 11:00:00,1311.0,29.6
2021-04-30 12:00:00,1207.0,30.7
2021-04-30 13:00:00,1214.0,32.2
2021-04-30 14:00:00,1233.0,33.7
2021-04-30 15:00:00,1230.0,34.1
2021-04-30 16:00:00,1254.0,35.3
2021-04-30 17:00:00,1267.0,35.3
2021-04-30 18:00:00,1222.0,33.7
2021-04-30 19:00:00,1236.0,31.7
2021-04-30 20:00:00,1389.0,31.4
2021-04-30 21:00:00,1334.0,28.4
2021-04-30 22:00:00,1221.0,27.3
2021-04-30 23:00:00,1141.0,26.3
2021-05-01 00:00:00,1005.0,25.4
2021-05-01 01:00:00,943.0,24.0
2021-05-01 02:00:00,882.0,22.8
2021-05-01 03:00:00,878.0,22.8
2021-05-01 04:00:00,848.0,22.9
2021-05-01 05:00:00,863.0,22.3
2021-05-01 06:00:00,984.0,21.6
2021-05-01 07:00:00,1100.0,22.3
2021-05-01 08:00:00,1130.0,25.1
2021-05-01 09:00:00,1103.0,26.0
2021-05-01 10:00:00,1091.0,25.9
2021-05-01 11:00:00,1119.0,26.7
2021-05-01 12:00:00,1065.0,26.9
2021-05-01 13:00:00,1063.0,28.3
2021-05-01 14:00:00,1068.0,28.6
2021-05-01 15:00:00,1045.0,29.4
2021-05-01 16:00:00,1066.0,29.3
2021-05-01 17:00:00,1143.0,28.7
2021-05-01 18:00:00,1137.0,27.4
2021-05-01 19:00:00,1152.0,25.1
2021-05-01 20:00:00,1329.0,24.5
2021-05-01 21:00:00,1268.0,24.6
2021-05-01 22:00:00,1149.0,24.5
2021-05-01 23:00:00,1055.0,24.9
2021-05-02 00:00:00,952.0,24.3
2021-05-02 01:00:00,862.0,24.4
2021-05-02 02:00:00,824.0,22.7
2021-05-02 03:00:00,803.0,22.6
2021-05-02 04:00:00,778.0,22.7
2021-05-02 05:00:00,809.0,21.4
2021-05-02 06:00:00,932.0,20.6
2021-05-02 07:00:00,1075.0,20.3
2021-05-02 08:00:00,1126.0,22.8
2021-05-02 09:00:00,1155.0,24.1
2021-05-02 10:00:00,1200.0,26.4
2021-05-02 11:00:00,1226.0,28.3
2021-05-02 12:00:00,1164.0,29.1
2021-05-02 13:00:00,1177.0,29.7
2021-05-02 14:00:00,1192.0,29.7
2021-05-02 15:00:00,1160.0,29.2
2021-05-02 16:00:00,1179.0,29.1
2021-05-02 17:00:00,1242.0,28.2
2021-05-02 18:00:00,1199.0,27.3
2021-05-02 19:00:00,1225.0,26.0
2021-05-02 20:00:00,1353.0,25.1
2021-05-02 21:00:00,1316.0,24.4
2021-05-02 22:00:00,1199.0,23.8
2021-05-02 23:00:00,1098.0,23.5
2021-05-03 00:00:00,1002.0,22.6
2021-05-03 01:00:00,937.0,21.4
2021-05-03 02:00:00,897.0,20.5
2021-05-03 03:00:00,860.0,19.8
2021-05-03 04:00:00,873.0,19.4
2021-05-03 05:00:00,882.0,19.3
2021-05-03 06:00:00,963.0,18.9
2021-05-03 07:00:00,1091.0,18.8
2021-05-03 08:00:00,1176.0,18.9
2021-05-03 09:00:00,1220.0,18.4
2021-05-03 10:00:00,1236.0,16.4
2021-05-03 11:00:00,1244.0,14.5
2021-05-03 12:00:00,1155.0,14.9
2021-05-03 13:00:00,1158.0,14.3
2021-05-03 14:00:00,1168.0,14.3
2021-05-03 15:00:00,1142.0,14.2
2021-05-03 16:00:00,1202.0,14.3
2021-05-03 17:00:00,1254.0,14.5
2021-05-03 18:00:00,1174.0,14.9
2021-05-03 19:00:00,1228.0,15.0
2021-05-03 20:00:00,1232.0,15.0
2021-05-03 21:00:00,1193.0,14.9
2021-05-03 22:00:00,1107.0,14.8
2021-05-03 23:00:00,1052.0,14.7
2021-05-04 00:00:00,962.0,14.6
2021-05-04 01:00:00,929.0,14.5
2021-05-04 02:00:00,899.0,14.5
2021-05-04 03:00:00,865.0,14.3
2021-05-04 04:00:00,876.0,14.2
2021-05-04 05:00:00,866.0,14.1
2021-05-04 06:00:00,994.0,14.0
2021-05-04 07:00:00,1141.0,14.5
2021-05-04 08:00:00,1197.0,15.9
2021-05-04 09:00:00,1206.0,17.2
2021-05-04 10:00:00,1220.0,19.5
2021-05-04 11:00:00,1249.0,21.3
2021-05-04 12:00:00,1132.0,22.5
2021-05-04 13:00:00,1146.0,25.0
2021-05-04 14:00:00,1165.0,25.6
2021-05-04 15:00:00,1137.0,24.4
2021-05-04 16:00:00,1163.0,24.9
2021-05-04 17:00:00,1230.0,24.5
2021-05-04 18:00:00,1189.0,23.7
2021-05-04 19:00:00,1211.0,22.3
2021-05-04 20:00:00,1326.0,22.5
2021-05-04 21:00:00,1276.0,22.3
2021-05-04 22:00:00,1157.0,22.2
2021-05-04 23:00:00,1089.0,22.1
2021-05-05 00:00:00,1003.0,21.2
2021-05-05 01:00:00,940.0,19.7
2021-05-05 02:00:00,899.0,20.0
2021-05-05 03:00:00,872.0,19.1
2021-05-05 04:00:00,866.0,18.5
2021-05-05 05:00:00,883.0,18.3
2021-05-05 06:00:00,1030.0,16.6
2021-05-05 07:00:00,1136.0,17.3
2021-05-05 08:00:00,1186.0,17.6
2021-05-05 09:00:00,1257.0,19.8
2021-05-05 10:00:00,1272.0,23.1
2021-05-05 11:00:00,1315.0,23.2
2021-05-05 12:00:00,1191.0,23.0
2021-05-05 13:00:00,1197.0,23.9
2021-05-05 14:00:00,1207.0,24.6
2021-05-05 15:00:00,1190.0,26.0
2021-05-05 16:00:00,1209.0,24.7
2021-05-05 17:00:00,1275.0,24.0
2021-05-05 18:00:00,1213.0,23.6
2021-05-05 19:00:00,1243.0,23.3
2021-05-05 20:00:00,1361.0,23.4
2021-05-05 21:00:00,1269.0,22.9
2021-05-05 22:00:00,1133.0,22.2
2021-05-05 23:00:00,1079.0,21.6
2021-05-06 00:00:00,978.0,21.7
2021-05-06 01:00:00,947.0,19.9
2021-05-06 02:00:00,907.0,19.8
2021-05-06 03:00:00,900.0,19.9
2021-05-06 04:00:00,877.0,18.8
2021-05-06 05:00:00,904.0,17.8
2021-05-06 06:00:00,1023.0,14.9
2021-05-06 07:00:00,1178.0,15.0
2021-05-06 08:00:00,1248.0,15.8
2021-05-06 09:00:00,1308.0,15.9
2021-05-06 10:00:00,1331.0,16.0
2021-05-06 11:00:00,1312.0,16.4
2021-05-06 12:00:00,1196.0,16.7
2021-05-06 13:00:00,1191.0,16.5
2021-05-06 14:00:00,1213.0,16.4
2021-05-06 15:00:00,1209.0,16.8
2021-05-06 16:00:00,1230.0,17.2
2021-05-06 17:00:00,1289.0,17.1
2021-05-06 18:00:00,1186.0,17.2
2021-05-06 19:00:00,1153.0,17.2
2021-05-06 20:00:00,1290.0,17.1
2021-05-06 21:00:00,1245.0,16.8
2021-05-06 22:00:00,1121.0,16.9
2021-05-06 23:00:00,1077.0,17.1
2021-05-07 00:00:00,994.0,17.0
2021-05-07 01:00:00,974.0,16.7
2021-05-07 02:00:00,941.0,16.7
2021-05-07 03:00:00,918.0,16.6
2021-05-07 04:00:00,898.0,16.5
2021-05-07 05:00:00,932.0,16.3
2021-05-07 06:00:00,1087.0,16.3
2021-05-07 07:00:00,1201.0,16.5
2021-05-07 08:00:00,1258.0,17.9
2021-05-07 09:00:00,1281.0,19.8
2021-05-07 10:00:00,1292.0,21.7
2021-05-07 11:00:00,1296.0,21.7
2021-05-07 12:00:00,1188.0,22.7
2021-05-07 13:00:00,1191.0,22.9
2021-05-07 14:00:00,1226.0,23.1
2021-05-07 15:00:00,1219.0,23.1
2021-05-07 16:00:00,1238.0,22.9
2021-05-07 17:00:00,1309.0,22.5
2021-05-07 18:00:00,1238.0,21.7
2021-05-07 19:00:00,1238.0,20.9
2021-05-07 20:00:00,1393.0,20.2
2021-05-07 21:00:00,1320.0,20.4
2021-05-07 22:00:00,1199.0,19.7
2021-05-07 23:00:00,1088.0,19.3
2021-05-08 00:00:00,1007.0,19.1
2021-05-08 01:00:00,961.0,18.8
2021-05-08 02:00:00,934.0,18.7
2021-05-08 03:00:00,911.0,18.3
2021-05-08 04:00:00,891.0,18.4
2021-05-08 05:00:00,925.0,18.0
2021-05-08 06:00:00,1094.0,17.9
2021-05-08 07:00:00,1207.0,18.4
2021-05-08 08:00:00,1250.0,19.8
2021-05-08 09:00:00,1319.0,21.9
2021-05-08 10:00:00,1313.0,23.6
2021-05-08 11:00:00,1331.0,25.3
2021-05-08 12:00:00,1204.0,27.2
2021-05-08 13:00:00,1218.0,28.8
2021-05-08 14:00:00,1276.0,29.1
2021-05-08 15:00:00,1253.0,30.7
2021-05-08 16:00:00,1277.0,31.3
2021-05-08 17:00:00,1332.0,31.0
2021-05-08 18:00:00,1267.0,30.3
2021-05-08 19:00:00,1274.0,27.3
2021-05-08 20:00:00,1440.0,24.9
2021-05-08 21:00:00,1372.0,24.6
2021-05-08 22:00:00,1233.0,24.4
2021-05-08 23:00:00,1166.0,24.4
2021-05-09 00:00:00,1057.0,24.5
2021-05-09 01:00:00,988.0,23.3
2021-05-09 02:00:00,938.0,23.5
2021-05-09 03:00:00,932.0,22.1
2021-05-09 04:00:00,917.0,22.1
2021-05-09 05:00:00,931.0,22.4
2021-05-09 06:00:00,1070.0,20.7
2021-05-09 07:00:00,1179.0,20.3
2021-05-09 08:00:00,1237.0,22.2
2021-05-09 09:00:00,1298.0,24.6
2021-05-09 10:00:00,1323.0,26.6
2021-05-09 11:00:00,1369.0,28.9
2021-05-09 12:00:00,1277.0,30.2
2021-05-09 13:00:00,1270.0,31.3
2021-05-09 14:00:00,1309.0,32.3
2021-05-09 15:00:00,1303.0,33.0
2021-05-09 16:00:00,1308.0,33.0
2021-05-09 17:00:00,1380.0,32.5
2021-05-09 18:00:00,1300.0,30.3
2021-05-09 19:00:00,1303.0,28.3
2021-05-09 20:00:00,1457.0,27.5
2021-05-09 21:00:00,1409.0,27.2
2021-05-09 22:00:00,1275.0,26.4
2021-05-09 23:00:00,1186.0,25.9
2021-05-10 00:00:00,1094.0,25.8
2021-05-10 01:00:00,1023.0,25.8
2021-05-10 02:00:00,991.0,25.9
2021-05-10 03:00:00,974.0,24.8
2021-05-10 04:00:00,946.0,23.8
2021-05-10 05:00:00,968.0,23.4
2021-05-10 06:00:00,1119.0,23.4
2021-05-10 07:00:00,1198.0,23.9
2021-05-10 08:00:00,1254.0,24.1
2021-05-10 09:00:00,1309.0,20.8
2021-05-10 10:00:00,1317.0,20.5
2021-05-10 11:00:00,1326.0,21.3
2021-05-10 12:00:00,1219.0,22.1
2021-05-10 13:00:00,1208.0,23.4
2021-05-10 14:00:00,1249.0,24.3
2021-05-10 15:00:00,1256.0,25.9
2021-05-10 16:00:00,1295.0,26.2
2021-05-10 17:00:00,1367.0,25.7
2021-05-10 18:00:00,1302.0,25.9
2021-05-10 19:00:00,1278.0,25.4
2021-05-10 20:00:00,1419.0,24.6
2021-05-10 21:00:00,1333.0,22.8
2021-05-10 22:00:00,1184.0,22.8
2021-05-10 23:00:00,1125.0,22.8
2021-05-11 00:00:00,1057.0,22.3
2021-05-11 01:00:00,1004.0,22.1
2021-05-11 02:00:00,978.0,21.9
2021-05-11 03:00:00,957.0,21.8
2021-05-11 04:00:00,948.0,21.7
2021-05-11 05:00:00,959.0,21.4
2021-05-11 06:00:00,1096.0,21.2
2021-05-11 07:00:00,1210.0,21.2
2021-05-11 08:00:00,1268.0,21.0
2021-05-11 09:00:00,1314.0,21.4
2021-05-11 10:00:00,1337.0,21.7
2021-05-11 11:00:00,1343.0,21.9
2021-05-11 12:00:00,1205.0,23.4
2021-05-11 13:00:00,1236.0,25.1
2021-05-11 14:00:00,1264.0,25.4
2021-05-11 15:00:00,1236.0,25.4
2021-05-11 16:00:00,1259.0,24.9
2021-05-11 17:00:00,1339.0,25.4
2021-05-11 18:00:00,1270.0,24.3
2021-05-11 19:00:00,1264.0,23.7
2021-05-11 20:00:00,1404.0,23.5
2021-05-11 21:00:00,1344.0,22.7
2021-05-11 22:00:00,1220.0,22.0
2021-05-11 23:00:00,1109.0,21.5
2021-05-12 00:00:00,1022.0,21.1
2021-05-12 01:00:00,993.0,20.6
2021-05-12 02:00:00,950.0,20.6
2021-05-12 03:00:00,950.0,20.6
2021-05-12 04:00:00,954.0,20.5
2021-05-12 05:00:00,965.0,20.0
2021-05-12 06:00:00,1107.0,20.2
2021-05-12 07:00:00,1200.0,20.4
2021-05-12 08:00:00,1261.0,21.5
2021-05-12 09:00:00,1313.0,22.8
2021-05-12 10:00:00,1341.0,23.3
2021-05-12 11:00:00,1355.0,23.3
2021-05-12 12:00:00,1262.0,24.1
2021-05-12 13:00:00,1225.0,23.6
2021-05-12 14:00:00,1252.0,23.9
2021-05-12 15:00:00,1250.0,23.7
2021-05-12 16:00:00,1266.0,23.5
2021-05-12 17:00:00,1338.0,23.9
2021-05-12 18:00:00,1257.0,23.8
2021-05-12 19:00:00,1265.0,22.7
2021-05-12 20:00:00,1396.0,22.3
2021-05-12 21:00:00,1336.0,22.0
2021-05-12 22:00:00,1206.0,22.1
2021-05-12 23:00:00,1127.0,21.9
2021-05-13 00:00:00,1039.0,21.1
2021-05-13 01:00:00,1008.0,21.2
2021-05-13 02:00:00,996.0,21.0
2021-05-13 03:00:00,960.0,21.0
2021-05-13 04:00:00,952.0,21.0
2021-05-13 05:00:00,959.0,20.1
2021-05-13 06:00:00,1106.0,20.3
2021-05-13 07:00:00,1211.0,20.8
2021-05-13 08:00:00,1273.0,20.7
2021-05-13 09:00:00,1323.0,20.3
2021-05-13 10:00:00,1332.0,21.1
2021-05-13 11:00:00,1326.0,21.6
2021-05-13 12:00:00,1191.0,22.1
2021-05-13 13:00:00,1187.0,22.1
2021-05-13 14:00:00,1227.0,21.6
2021-05-13 15:00:00,1204.0,21.7
2021-05-13 16:00:00,1240.0,21.9
2021-05-13 17:00:00,1303.0,22.0
2021-05-13 18:00:00,1243.0,22.0
2021-05-13 19:00:00,1229.0,21.7
2021-05-13 20:00:00,1339.0,21.3
2021-05-13 21:00:00,1269.0,21.2
2021-05-13 22:00:00,1145.0,21.3
2021-05-13 23:00:00,1082.0,21.3
2021-05-14 00:00:00,1015.0,21.1
2021-05-14 01:00:00,969.0,21.1
2021-05-14 02:00:00,937.0,21.1
2021-05-14 03:00:00,911.0,20.9
2021-05-14 04:00:00,903.0,20.9
2021-05-14 05:00:00,930.0,20.9
2021-05-14 06:00:00,1058.0,20.7
2021-05-14 07:00:00,1185.0,21.2
2021-05-14 08:00:00,1242.0,21.7
2021-05-14 09:00:00,1312.0,22.9
2021-05-14 10:00:00,1356.0,24.3
2021-05-14 11:00:00,1348.0,26.2
2021-05-14 12:00:00,1265.0,27.5
2021-05-14 13:00:00,1280.0,28.7
2021-05-14 14:00:00,1316.0,30.1
2021-05-14 15:00:00,1325.0,31.0
2021-05-14 16:00:00,1358.0,31.5
2021-05-14 17:00:00,1444.0,31.4
2021-05-14 18:00:00,1357.0,31.2
2021-05-14 19:00:00,1347.0,29.6
2021-05-14 20:00:00,1472.0,27.7
2021-05-14 21:00:00,1379.0,26.2
2021-05-14 22:00:00,1272.0,25.7
2021-05-14 23:00:00,1201.0,27.5
2021-05-15 00:00:00,1092.0,27.0
2021-05-15 01:00:00,1037.0,25.1
2021-05-15 02:00:00,999.0,25.2
2021-05-15 03:00:00,969.0,23.0
2021-05-15 04:00:00,948.0,23.2
2021-05-15 05:00:00,978.0,22.4
2021-05-15 06:00:00,1077.0,22.5
2021-05-15 07:00:00,1178.0,23.4
2021-05-15 08:00:00,1285.0,24.3
2021-05-15 09:00:00,1348.0,26.4
2021-05-15 10:00:00,1400.0,29.2
2021-05-15 11:00:00,1434.0,28.1
2021-05-15 12:00:00,1306.0,27.9
2021-05-15 13:00:00,1319.0,29.8
2021-05-15 14:00:00,1391.0,31.1
2021-05-15 15:00:00,1385.0,30.5
2021-05-15 16:00:00,1393.0,31.2
2021-05-15 17:00:00,1474.0,28.0
2021-05-15 18:00:00,1385.0,26.7
2021-05-15 19:00:00,1324.0,22.7
2021-05-15 20:00:00,1354.0,22.7
2021-05-15 21:00:00,1279.0,22.8
2021-05-15 22:00:00,1174.0,22.7
2021-05-15 23:00:00,1130.0,22.6
2021-05-16 00:00:00,1061.0,22.3
2021-05-16 01:00:00,1004.0,22.2
2021-05-16 02:00:00,976.0,21.4
2021-05-16 03:00:00,952.0,21.0
2021-05-16 04:00:00,940.0,21.5
2021-05-16 05:00:00,969.0,21.1
2021-05-16 06:00:00,1016.0,20.9
2021-05-16 07:00:00,1101.0,20.5
2021-05-16 08:00:00,1214.0,19.8
2021-05-16 09:00:00,1246.0,18.8
2021-05-16 10:00:00,1259.0,18.8
2021-05-16 11:00:00,1285.0,19.1
2021-05-16 12:00:00,1178.0,19.5
2021-05-16 13:00:00,1165.0,19.6
2021-05-16 14:00:00,1155.0,19.7
2021-05-16 15:00:00,1147.0,19.7
2021-05-16 16:00:00,1195.0,19.5
2021-05-16 17:00:00,1277.0,19.1
2021-05-16 18:00:00,1207.0,18.5
2021-05-16 19:00:00,1192.0,17.5
2021-05-16 20:00:00,1255.0,16.2
2021-05-16 21:00:00,1186.0,15.9
2021-05-16 22:00:00,1068.0,15.8
2021-05-16 23:00:00,1029.0,15.8
2021-05-17 00:00:00,965.0,15.8
2021-05-17 01:00:00,922.0,15.8
2021-05-17 02:00:00,882.0,15.7
2021-05-17 03:00:00,891.0,15.6
2021-05-17 04:00:00,881.0,15.3
2021-05-17 05:00:00,905.0,15.4
2021-05-17 06:00:00,1035.0,15.3
2021-05-17 07:00:00,1166.0,15.7
2021-05-17 08:00:00,1226.0,18.0
2021-05-17 09:00:00,1262.0,18.2
2021-05-17 10:00:00,1288.0,18.9
2021-05-17 11:00:00,1316.0,18.7
2021-05-17 12:00:00,1201.0,16.9
2021-05-17 13:00:00,1189.0,16.6
2021-05-17 14:00:00,1225.0,16.3
2021-05-17 15:00:00,1228.0,16.2
2021-05-17 16:00:00,1220.0,16.3
2021-05-17 17:00:00,1312.0,16.1
2021-05-17 18:00:00,1212.0,16.0
2021-05-17 19:00:00,1193.0,16.2
2021-05-17 20:00:00,1317.0,16.0
2021-05-17 21:00:00,1243.0,15.8
2021-05-17 22:00:00,1109.0,15.8
2021-05-17 23:00:00,1030.0,15.9
2021-05-18 00:00:00,954.0,15.8
2021-05-18 01:00:00,938.0,15.8
2021-05-18 02:00:00,913.0,15.7
2021-05-18 03:00:00,884.0,15.8
2021-05-18 04:00:00,887.0,15.7
2021-05-18 05:00:00,914.0,15.5
2021-05-18 06:00:00,1054.0,15.8
2021-05-18 07:00:00,1168.0,16.3
2021-05-18 08:00:00,1216.0,16.6
2021-05-18 09:00:00,1262.0,17.0
2021-05-18 10:00:00,1299.0,17.0
2021-05-18 11:00:00,1319.0,16.7
2021-05-18 12:00:00,1197.0,16.6
2021-05-18 13:00:00,1181.0,15.8
2021-05-18 14:00:00,1228.0,15.6
2021-05-18 15:00:00,1192.0,16.4
2021-05-18 16:00:00,1224.0,16.8
2021-05-18 17:00:00,1300.0,17.5
2021-05-18 18:00:00,1182.0,17.5
2021-05-18 19:00:00,1177.0,17.5
2021-05-18 20:00:00,1323.0,17.0
2021-05-18 21:00:00,1270.0,16.7
2021-05-18 22:00:00,1131.0,15.9
2021-05-18 23:00:00,1063.0,15.8
2021-05-19 00:00:00,981.0,15.6
2021-05-19 01:00:00,940.0,15.7
2021-05-19 02:00:00,924.0,15.5
2021-05-19 03:00:00,902.0,15.6
2021-05-19 04:00:00,891.0,15.7
2021-05-19 05:00:00,932.0,15.1
2021-05-19 06:00:00,1010.0,15.5
2021-05-19 07:00:00,1176.0,15.3
2021-05-19 08:00:00,1245.0,14.5
2021-05-19 09:00:00,1292.0,13.6
2021-05-19 10:00:00,1315.0,14.1
2021-05-19 11:00:00,1306.0,16.3
2021-05-19 12:00:00,1175.0,16.5
2021-05-19 13:00:00,1155.0,18.2
2021-05-19 14:00:00,1181.0,18.3
2021-05-19 15:00:00,1175.0,19.4
2021-05-19 16:00:00,1210.0,20.2
2021-05-19 17:00:00,1298.0,19.8
2021-05-19 18:00:00,1204.0,18.2
2021-05-19 19:00:00,1232.0,16.9
2021-05-19 20:00:00,1334.0,16.4
2021-05-19 21:00:00,1272.0,16.4
2021-05-19 22:00:00,1151.0,16.5
2021-05-19 23:00:00,1072.0,16.6
2021-05-20 00:00:00,987.0,17.1
2021-05-20 01:00:00,947.0,16.9
2021-05-20 02:00:00,921.0,16.2
2021-05-20 03:00:00,888.0,15.8
2021-05-20 04:00:00,888.0,16.4
2021-05-20 05:00:00,921.0,16.5
2021-05-20 06:00:00,1086.0,16.4
2021-05-20 07:00:00,1189.0,16.8
2021-05-20 08:00:00,1252.0,17.2
2021-05-20 09:00:00,1304.0,18.1
2021-05-20 10:00:00,1302.0,19.0
2021-05-20 11:00:00,1309.0,21.5
2021-05-20 12:00:00,1196.0,23.7
2021-05-20 13:00:00,1208.0,24.5
2021-05-20 14:00:00,1239.0,24.5
2021-05-20 15:00:00,1224.0,25.0
2021-05-20 16:00:00,1260.0,25.3
2021-05-20 17:00:00,1327.0,24.0
2021-05-20 18:00:00,1239.0,23.6
2021-05-20 19:00:00,1242.0,22.2
2021-05-20 20:00:00,1372.0,20.7
2021-05-20 21:00:00,1316.0,19.5
2021-05-20 22:00:00,1165.0,18.9
2021-05-20 23:00:00,1081.0,18.6
2021-05-21 00:00:00,996.0,18.0
2021-05-21 01:00:00,961.0,17.3
2021-05-21 02:00:00,930.0,17.4
2021-05-21 03:00:00,928.0,17.2
2021-05-21 04:00:00,917.0,17.1
2021-05-21 05:00:00,913.0,16.8
2021-05-21 06:00:00,1078.0,16.9
2021-05-21 07:00:00,1180.0,17.2
2021-05-21 08:00:00,1229.0,17.9
2021-05-21 09:00:00,1290.0,18.6
2021-05-21 10:00:00,1317.0,19.0
2021-05-21 11:00:00,1320.0,19.1
2021-05-21 12:00:00,1200.0,19.6
2021-05-21 13:00:00,1190.0,19.1
2021-05-21 14:00:00,1223.0,18.8
2021-05-21 15:00:00,1229.0,18.6
2021-05-21 16:00:00,1265.0,18.8
2021-05-21 17:00:00,1363.0,18.6
2021-05-21 18:00:00,1275.0,18.1
2021-05-21 19:00:00,1276.0,17.9
2021-05-21 20:00:00,1352.0,17.7
2021-05-21 21:00:00,1270.0,17.8
2021-05-21 22:00:00,1152.0,18.0
2021-05-21 23:00:00,1089.0,18.1
2021-05-22 00:00:00,1002.0,18.0
2021-05-22 01:00:00,953.0,18.0
2021-05-22 02:00:00,931.0,18.0
2021-05-22 03:00:00,894.0,17.7
2021-05-22 04:00:00,901.0,17.5
2021-05-22 05:00:00,923.0,17.4
2021-05-22 06:00:00,1015.0,17.4
2021-05-22 07:00:00,1147.0,17.6
2021-05-22 08:00:00,1242.0,17.9
2021-05-22 09:00:00,1295.0,17.8
2021-05-22 10:00:00,1338.0,17.6
2021-05-22 11:00:00,1377.0,18.1
2021-05-22 12:00:00,1270.0,18.2
2021-05-22 13:00:00,1239.0,18.2
2021-05-22 14:00:00,1261.0,18.5
2021-05-22 15:00:00,1251.0,18.6
2021-05-22 16:00:00,1270.0,18.5
2021-05-22 17:00:00,1339.0,18.3
2021-05-22 18:00:00,1249.0,18.3
2021-05-22 19:00:00,1246.0,18.2
2021-05-22 20:00:00,1322.0,18.2
2021-05-22 21:00:00,1242.0,17.9
2021-05-22 22:00:00,1147.0,17.8
2021-05-22 23:00:00,1087.0,17.9
2021-05-23 00:00:00,992.0,17.8
2021-05-23 01:00:00,949.0,17.8
2021-05-23 02:00:00,917.0,17.9
2021-05-23 03:00:00,900.0,17.9
2021-05-23 04:00:00,885.0,17.9
2021-05-23 05:00:00,895.0,17.9
2021-05-23 06:00:00,997.0,18.0
2021-05-23 07:00:00,1127.0,18.0
2021-05-23 08:00:00,1213.0,18.2
2021-05-23 09:00:00,1290.0,18.7
2021-05-23 10:00:00,1309.0,19.2
2021-05-23 11:00:00,1339.0,19.4
2021-05-23 12:00:00,1244.0,19.3
2021-05-23 13:00:00,1237.0,18.9
2021-05-23 14:00:00,1249.0,19.1
2021-05-23 15:00:00,1243.0,18.9
2021-05-23 16:00:00,1307.0,18.4
2021-05-23 17:00:00,1380.0,17.4
2021-05-23 18:00:00,1289.0,17.6
2021-05-23 19:00:00,1285.0,17.9
2021-05-23 20:00:00,1382.0,18.1
2021-05-23 21:00:00,1313.0,18.2
2021-05-23 22:00:00,1192.0,17.9
2021-05-23 23:00:00,1100.0,18.0
2021-05-24 00:00:00,1010.0,17.9
2021-05-24 01:00:00,952.0,17.6
2021-05-24 02:00:00,924.0,17.1
2021-05-24 03:00:00,937.0,17.1
2021-05-24 04:00:00,919.0,17.2
2021-05-24 05:00:00,939.0,17.1
2021-05-24 06:00:00,1115.0,17.3
2021-05-24 07:00:00,1209.0,17.3
2021-05-24 08:00:00,1286.0,17.7
2021-05-24 09:00:00,1318.0,20.2
2021-05-24 10:00:00,1330.0,22.6
2021-05-24 11:00:00,1361.0,24.0
2021-05-24 12:00:00,1244.0,25.0
2021-05-24 13:00:00,1246.0,25.6
2021-05-24 14:00:00,1296.0,26.1
2021-05-24 15:00:00,1246.0,26.5
2021-05-24 16:00:00,1309.0,26.2
2021-05-24 17:00:00,1356.0,25.6
2021-05-24 18:00:00,1272.0,24.6
2021-05-24 19:00:00,1291.0,23.7
2021-05-24 20:00:00,1391.0,23.2
2021-05-24 21:00:00,1354.0,23.6
2021-05-24 22:00:00,1222.0,23.2
2021-05-24 23:00:00,1114.0,22.2
2021-05-25 00:00:00,1021.0,21.4
2021-05-25 01:00:00,980.0,20.9
2021-05-25 02:00:00,953.0,20.3
2021-05-25 03:00:00,949.0,19.7
2021-05-25 04:00:00,940.0,19.3
2021-05-25 05:00:00,944.0,19.2
2021-05-25 06:00:00,1127.0,19.5
2021-05-25 07:00:00,1224.0,19.3
2021-05-25 08:00:00,1257.0,19.4
2021-05-25 09:00:00,1332.0,20.3
2021-05-25 10:00:00,1356.0,20.5
2021-05-25 11:00:00,1383.0,20.1
2021-05-25 12:00:00,1226.0,19.9
2021-05-25 13:00:00,1205.0,20.9
2021-05-25 14:00:00,1255.0,22.4
2021-05-25 15:00:00,1258.0,22.2
2021-05-25 16:00:00,1258.0,22.3
2021-05-25 17:00:00,1342.0,22.6
2021-05-25 18:00:00,1267.0,21.1
2021-05-25 19:00:00,1261.0,20.5
2021-05-25 20:00:00,1353.0,20.2
2021-05-25 21:00:00,1294.0,20.1
2021-05-25 22:00:00,1172.0,20.5
2021-05-25 23:00:00,1111.0,20.5
2021-05-26 00:00:00,1015.0,20.1
2021-05-26 01:00:00,981.0,20.2
2021-05-26 02:00:00,956.0,19.7
2021-05-26 03:00:00,937.0,20.2
2021-05-26 04:00:00,923.0,20.0
2021-05-26 05:00:00,949.0,19.8
2021-05-26 06:00:00,1100.0,19.4
2021-05-26 07:00:00,1206.0,19.7
2021-05-26 08:00:00,1285.0,19.7
2021-05-26 09:00:00,1339.0,19.5
2021-05-26 10:00:00,1355.0,18.3
2021-05-26 11:00:00,1368.0,18.4
2021-05-26 12:00:00,1231.0,18.8
2021-05-26 13:00:00,1209.0,19.0
2021-05-26 14:00:00,1256.0,19.2
2021-05-26 15:00:00,1230.0,19.6
2021-05-26 16:00:00,1271.0,19.5
2021-05-26 17:00:00,1342.0,19.4
2021-05-26 18:00:00,1248.0,19.5
2021-05-26 19:00:00,1193.0,19.4
2021-05-26 20:00:00,1345.0,19.4
2021-05-26 21:00:00,1293.0,19.7
2021-05-26 22:00:00,1155.0,19.9
2021-05-26 23:00:00,1085.0,19.6
2021-05-27 00:00:00,986.0,19.6
2021-05-27 01:00:00,946.0,19.2
2021-05-27 02:00:00,929.0,18.9
2021-05-27 03:00:00,925.0,18.9
2021-05-27 04:00:00,912.0,18.8
2021-05-27 05:00:00,939.0,18.8
2021-05-27 06:00:00,1111.0,18.6
2021-05-27 07:00:00,1173.0,19.4
2021-05-27 08:00:00,1248.0,20.7
2021-05-27 09:00:00,1286.0,23.1
2021-05-27 10:00:00,1311.0,25.0
2021-05-27 11:00:00,1357.0,25.9
2021-05-27 12:00:00,1214.0,26.9
2021-05-27 13:00:00,1226.0,26.5
2021-05-27 14:00:00,1265.0,26.9
2021-05-27 15:00:00,1263.0,26.2
2021-05-27 16:00:00,1313.0,25.8
2021-05-27 17:00:00,1373.0,24.9
2021-05-27 18:00:00,1283.0,24.3
2021-05-27 19:00:00,1281.0,24.0
2021-05-27 20:00:00,1380.0,23.6
2021-05-27 21:00:00,1331.0,23.6
2021-05-27 22:00:00,1191.0,24.0
2021-05-27 23:00:00,1090.0,23.0
2021-05-28 00:00:00,999.0,22.6
2021-05-28 01:00:00,955.0,22.1
2021-05-28 02:00:00,950.0,21.8
2021-05-28 03:00:00,917.0,21.5
2021-05-28 04:00:00,905.0,21.6
2021-05-28 05:00:00,918.0,21.3
2021-05-28 06:00:00,1065.0,21.3
2021-05-28 07:00:00,1176.0,21.5
2021-05-28 08:00:00,1231.0,22.6
2021-05-28 09:00:00,1303.0,22.6
2021-05-28 10:00:00,1325.0,22.7
2021-05-28 11:00:00,1357.0,22.8
2021-05-28 12:00:00,1223.0,22.7
2021-05-28 13:00:00,1212.0,23.4
2021-05-28 14:00:00,1239.0,23.6
2021-05-28 15:00:00,1263.0,23.1
2021-05-28 16:00:00,1305.0,22.5
2021-05-28 17:00:00,1369.0,23.1
2021-05-28 18:00:00,1272.0,22.9
2021-05-28 19:00:00,1272.0,21.6
2021-05-28 20:00:00,1388.0,21.3
2021-05-28 21:00:00,1331.0,22.0
2021-05-28 22:00:00,1216.0,20.8
2021-05-28 23:00:00,1119.0,20.7
2021-05-29 00:00:00,1036.0,20.9
2021-05-29 01:00:00,983.0,20.7
2021-05-29 02:00:00,955.0,20.6
2021-05-29 03:00:00,942.0,20.9
2021-05-29 04:00:00,935.0,20.6
2021-05-29 05:00:00,948.0,20.1
2021-05-29 06:00:00,1104.0,20.4
2021-05-29 07:00:00,1172.0,20.4
2021-05-29 08:00:00,1234.0,21.1
2021-05-29 09:00:00,1294.0,21.5
2021-05-29 10:00:00,1318.0,21.4
2021-05-29 11:00:00,1332.0,20.7
2021-05-29 12:00:00,1206.0,19.5
2021-05-29 13:00:00,1200.0,20.5
2021-05-29 14:00:00,1239.0,20.0
2021-05-29 15:00:00,1200.0,20.7
2021-05-29 16:00:00,1252.0,20.8
2021-05-29 17:00:00,1317.0,20.6
2021-05-29 18:00:00,1217.0,20.0
2021-05-29 19:00:00,1224.0,19.9
2021-05-29 20:00:00,1319.0,19.6
2021-05-29 21:00:00,1243.0,19.9
2021-05-29 22:00:00,1149.0,19.2
2021-05-29 23:00:00,1073.0,19.5
2021-05-30 00:00:00,985.0,19.6
2021-05-30 01:00:00,938.0,19.0
2021-05-30 02:00:00,894.0,19.0
2021-05-30 03:00:00,880.0,18.4
2021-05-30 04:00:00,869.0,18.1
2021-05-30 05:00:00,919.0,18.2
2021-05-30 06:00:00,1038.0,17.8
2021-05-30 07:00:00,1163.0,18.8
2021-05-30 08:00:00,1204.0,20.1
2021-05-30 09:00:00,1241.0,22.1
2021-05-30 10:00:00,1281.0,24.0
2021-05-30 11:00:00,1304.0,26.5
2021-05-30 12:00:00,1215.0,26.7
2021-05-30 13:00:00,1230.0,28.2
2021-05-30 14:00:00,1266.0,28.8
2021-05-30 15:00:00,1241.0,29.6
2021-05-30 16:00:00,1259.0,29.8
2021-05-30 17:00:00,1338.0,29.2
2021-05-30 18:00:00,1266.0,28.0
2021-05-30 19:00:00,1277.0,26.3
2021-05-30 20:00:00,1388.0,24.6
2021-05-30 21:00:00,1374.0,23.6
2021-05-30 22:00:00,1209.0,23.0
2021-05-30 23:00:00,1122.0,22.6
2021-05-31 00:00:00,1002.0,22.4
2021-05-31 01:00:00,940.0,21.8
2021-05-31 02:00:00,914.0,21.8
2021-05-31 03:00:00,886.0,21.5
2021-05-31 04:00:00,884.0,21.5
2021-05-31 05:00:00,923.0,21.3
2021-05-31 06:00:00,1104.0,21.1
2021-05-31 07:00:00,1195.0,21.7
2021-05-31 08:00:00,1257.0,22.5
2021-05-31 09:00:00,1345.0,23.5
2021-05-31 10:00:00,1386.0,25.3
2021-05-31 11:00:00,1430.0,26.3
2021-05-31 12:00:00,1306.0,27.7
2021-05-31 13:00:00,1357.0,27.7
2021-05-31 14:00:00,1362.0,28.6
2021-05-31 15:00:00,1368.0,27.0
2021-05-31 16:00:00,1370.0,26.9
2021-05-31 17:00:00,1404.0,26.3
2021-05-31 18:00:00,1329.0,25.9
2021-05-31 19:00:00,1327.0,25.6
2021-05-31 20:00:00,1451.0,25.5
2021-05-31 21:00:00,1401.0,25.4
2021-05-31 22:00:00,1268.0,25.4
2021-05-31 23:00:00,1185.0,25.1
2021-06-01 00:00:00,1077.0,25.6
2021-06-01 01:00:00,1043.0,25.2
2021-06-01 02:00:00,999.0,24.9
2021-06-01 03:00:00,981.0,24.5
2021-06-01 04:00:00,969.0,24.0
2021-06-01 05:00:00,1002.0,23.9
2021-06-01 06:00:00,1158.0,23.1
2021-06-01 07:00:00,1253.0,23.2
2021-06-01 08:00:00,1363.0,24.9
2021-06-01 09:00:00,1426.0,27.5
2021-06-01 10:00:00,1474.0,29.2
2021-06-01 11:00:00,1508.0,29.9
2021-06-01 12:00:00,1406.0,30.6
2021-06-01 13:00:00,1435.0,30.8
2021-06-01 14:00:00,1479.0,30.2
2021-06-01 15:00:00,1459.0,30.2
2021-06-01 16:00:00,1448.0,29.4
2021-06-01 17:00:00,1515.0,28.8
2021-06-01 18:00:00,1451.0,27.9
2021-06-01 19:00:00,1421.0,26.9
2021-06-01 20:00:00,1537.0,26.6
2021-06-01 21:00:00,1478.0,26.8
2021-06-01 22:00:00,1339.0,26.1
2021-06-01 23:00:00,1252.0,25.9
2021-06-02 00:00:00,1150.0,25.3
2021-06-02 01:00:00,1094.0,25.3
2021-06-02 02:00:00,1082.0,24.9
2021-06-02 03:00:00,1044.0,24.0
2021-06-02 04:00:00,1033.0,23.8
2021-06-02 05:00:00,1050.0,24.0
2021-06-02 06:00:00,1214.0,24.5
2021-06-02 07:00:00,1292.0,24.1
2021-06-02 08:00:00,1355.0,23.6
2021-06-02 09:00:00,1443.0,23.6
2021-06-02 10:00:00,1504.0,24.0
2021-06-02 11:00:00,1522.0,25.8
2021-06-02 12:00:00,1438.0,27.3
2021-06-02 13:00:00,1510.0,29.8
2021-06-02 14:00:00,1519.0,31.1
2021-06-02 15:00:00,1517.0,31.2
2021-06-02 16:00:00,1510.0,29.8
2021-06-02 17:00:00,1561.0,29.2
2021-06-02 18:00:00,1470.0,28.7
2021-06-02 19:00:00,1447.0,27.9
2021-06-02 20:00:00,1613.0,27.7
2021-06-02 21:00:00,1549.0,27.4
2021-06-02 22:00:00,1418.0,27.5
2021-06-02 23:00:00,1320.0,26.3
2021-06-03 00:00:00,1219.0,25.6
2021-06-03 01:00:00,1149.0,25.2
2021-06-03 02:00:00,1117.0,24.8
2021-06-03 03:00:00,1078.0,24.1
2021-06-03 04:00:00,1065.0,24.0
2021-06-03 05:00:00,1083.0,23.3
2021-06-03 06:00:00,1188.0,22.5
2021-06-03 07:00:00,1284.0,22.3
2021-06-03 08:00:00,1343.0,20.7
2021-06-03 09:00:00,1399.0,19.6
2021-06-03 10:00:00,1399.0,19.7
2021-06-03 11:00:00,1407.0,19.6
2021-06-03 12:00:00,1270.0,21.1
2021-06-03 13:00:00,1291.0,21.4
2021-06-03 14:00:00,1332.0,21.9
2021-06-03 15:00:00,1331.0,21.9
2021-06-03 16:00:00,1364.0,21.7
2021-06-03 17:00:00,1410.0,21.5
2021-06-03 18:00:00,1285.0,20.2
2021-06-03 19:00:00,1301.0,19.3
2021-06-03 20:00:00,1389.0,19.2
2021-06-03 21:00:00,1336.0,19.0
2021-06-03 22:00:00,1221.0,18.6
2021-06-03 23:00:00,1146.0,18.7
2021-06-04 00:00:00,1056.0,18.3
2021-06-04 01:00:00,1036.0,17.5
2021-06-04 02:00:00,1007.0,17.3
2021-06-04 03:00:00,999.0,17.4
2021-06-04 04:00:00,984.0,16.9
2021-06-04 05:00:00,1019.0,16.7
2021-06-04 06:00:00,1189.0,16.4
2021-06-04 07:00:00,1274.0,16.9
2021-06-04 08:00:00,1303.0,18.0
2021-06-04 09:00:00,1369.0,19.3
2021-06-04 10:00:00,1380.0,20.6
2021-06-04 11:00:00,1393.0,22.9
2021-06-04 12:00:00,1301.0,24.0
2021-06-04 13:00:00,1319.0,25.6
2021-06-04 14:00:00,1372.0,27.0
2021-06-04 15:00:00,1347.0,28.0
2021-06-04 16:00:00,1346.0,28.1
2021-06-04 17:00:00,1433.0,28.8
2021-06-04 18:00:00,1357.0,28.0
2021-06-04 19:00:00,1322.0,26.7
2021-06-04 20:00:00,1433.0,25.5
2021-06-04 21:00:00,1411.0,23.4
2021-06-04 22:00:00,1305.0,22.6
2021-06-04 23:00:00,1194.0,23.5
2021-06-05 00:00:00,1079.0,22.6
2021-06-05 01:00:00,1035.0,20.9
2021-06-05 02:00:00,999.0,19.4
2021-06-05 03:00:00,967.0,19.0
2021-06-05 04:00:00,942.0,18.5
2021-06-05 05:00:00,968.0,18.1
2021-06-05 06:00:00,1135.0,18.2
2021-06-05 07:00:00,1237.0,19.6
2021-06-05 08:00:00,1294.0,21.4
2021-06-05 09:00:00,1327.0,23.5
2021-06-05 10:00:00,1389.0,25.8
2021-06-05 11:00:00,1433.0,27.5
2021-06-05 12:00:00,1323.0,29.1
2021-06-05 13:00:00,1330.0,30.3
2021-06-05 14:00:00,1384.0,31.9
2021-06-05 15:00:00,1396.0,32.0
2021-06-05 16:00:00,1394.0,32.0
2021-06-05 17:00:00,1434.0,30.2
2021-06-05 18:00:00,1358.0,29.9
2021-06-05 19:00:00,1341.0,27.9
2021-06-05 20:00:00,1488.0,26.3
2021-06-05 21:00:00,1458.0,25.9
2021-06-05 22:00:00,1322.0,25.6
2021-06-05 23:00:00,1230.0,25.8
2021-06-06 00:00:00,1114.0,25.6
2021-06-06 01:00:00,1050.0,24.7
2021-06-06 02:00:00,1022.0,24.9
2021-06-06 03:00:00,968.0,24.8
2021-06-06 04:00:00,947.0,23.8
2021-06-06 05:00:00,988.0,22.6
2021-06-06 06:00:00,1118.0,21.6
2021-06-06 07:00:00,1204.0,22.3
2021-06-06 08:00:00,1280.0,23.9
2021-06-06 09:00:00,1377.0,26.1
2021-06-06 10:00:00,1421.0,28.1
2021-06-06 11:00:00,1475.0,30.4
2021-06-06 12:00:00,1411.0,32.4
2021-06-06 13:00:00,1441.0,32.5
2021-06-06 14:00:00,1483.0,33.7
2021-06-06 15:00:00,1459.0,33.5
2021-06-06 16:00:00,1471.0,33.0
2021-06-06 17:00:00,1546.0,31.6
2021-06-06 18:00:00,1465.0,30.0
2021-06-06 19:00:00,1444.0,28.9
2021-06-06 20:00:00,1570.0,27.8
2021-06-06 21:00:00,1550.0,26.9
2021-06-06 22:00:00,1410.0,26.2
2021-06-06 23:00:00,1290.0,25.4
2021-06-07 00:00:00,1177.0,25.3
2021-06-07 01:00:00,1104.0,26.7
2021-06-07 02:00:00,1050.0,27.7
2021-06-07 03:00:00,1041.0,26.6
2021-06-07 04:00:00,1034.0,23.2
2021-06-07 05:00:00,1045.0,22.8
2021-06-07 06:00:00,1195.0,22.5
2021-06-07 07:00:00,1286.0,25.4
2021-06-07 08:00:00,1391.0,25.1
2021-06-07 09:00:00,1513.0,28.0
2021-06-07 10:00:00,1567.0,29.6
2021-06-07 11:00:00,1623.0,30.6
2021-06-07 12:00:00,1539.0,31.5
2021-06-07 13:00:00,1565.0,32.2
2021-06-07 14:00:00,1601.0,32.6
2021-06-07 15:00:00,1608.0,32.8
2021-06-07 16:00:00,1601.0,32.0
2021-06-07 17:00:00,1634.0,32.0
2021-06-07 18:00:00,1526.0,29.9
2021-06-07 19:00:00,1503.0,28.6
2021-06-07 20:00:00,1644.0,27.4
2021-06-07 21:00:00,1627.0,27.1
2021-06-07 22:00:00,1512.0,26.7
2021-06-07 23:00:00,1404.0,26.6
2021-06-08 00:00:00,1273.0,26.3
2021-06-08 01:00:00,1212.0,26.8
2021-06-08 02:00:00,1141.0,26.4
2021-06-08 03:00:00,1102.0,25.6
2021-06-08 04:00:00,1097.0,24.7
2021-06-08 05:00:00,1127.0,23.9
2021-06-08 06:00:00,1249.0,23.1
2021-06-08 07:00:00,1331.0,23.3
2021-06-08 08:00:00,1453.0,24.7
2021-06-08 09:00:00,1575.0,27.9
2021-06-08 10:00:00,1639.0,28.9
2021-06-08 11:00:00,1712.0,31.1
2021-06-08 12:00:00,1637.0,32.5
2021-06-08 13:00:00,1681.0,33.0
2021-06-08 14:00:00,1683.0,33.0
2021-06-08 15:00:00,1687.0,33.4
2021-06-08 16:00:00,1684.0,33.3
2021-06-08 17:00:00,1724.0,32.7
2021-06-08 18:00:00,1579.0,31.5
2021-06-08 19:00:00,1552.0,30.7
2021-06-08 20:00:00,1710.0,29.8
2021-06-08 21:00:00,1739.0,29.5
2021-06-08 22:00:00,1654.0,28.4
2021-06-08 23:00:00,1533.0,28.1
2021-06-09 00:00:00,1402.0,28.4
2021-06-09 01:00:00,1359.0,28.8
2021-06-09 02:00:00,1309.0,26.0
2021-06-09 03:00:00,1261.0,26.2
2021-06-09 04:00:00,1234.0,26.0
2021-06-09 05:00:00,1255.0,26.7
2021-06-09 06:00:00,1363.0,26.5
2021-06-09 07:00:00,1445.0,27.4
2021-06-09 08:00:00,1522.0,28.6
2021-06-09 09:00:00,1693.0,30.2
2021-06-09 10:00:00,1766.0,31.2
2021-06-09 11:00:00,1855.0,32.4
2021-06-09 12:00:00,1746.0,31.5
2021-06-09 13:00:00,1784.0,31.7
2021-06-09 14:00:00,1813.0,32.6
2021-06-09 15:00:00,1773.0,33.2
2021-06-09 16:00:00,1748.0,33.4
2021-06-09 17:00:00,1766.0,31.4
2021-06-09 18:00:00,1633.0,29.2
2021-06-09 19:00:00,1596.0,27.3
2021-06-09 20:00:00,1711.0,23.9
2021-06-09 21:00:00,1722.0,23.0
2021-06-09 22:00:00,1594.0,23.1
2021-06-09 23:00:00,1496.0,23.7
2021-06-10 00:00:00,1405.0,22.9
2021-06-10 01:00:00,1332.0,22.9
2021-06-10 02:00:00,1292.0,22.9
2021-06-10 03:00:00,1255.0,22.9
2021-06-10 04:00:00,1220.0,22.7
2021-06-10 05:00:00,1221.0,22.6
2021-06-10 06:00:00,1287.0,21.9
2021-06-10 07:00:00,1355.0,22.0
2021-06-10 08:00:00,1390.0,22.2
2021-06-10 09:00:00,1446.0,21.7
2021-06-10 10:00:00,1458.0,22.3
2021-06-10 11:00:00,1486.0,22.7
2021-06-10 12:00:00,1352.0,22.5
2021-06-10 13:00:00,1355.0,22.9
2021-06-10 14:00:00,1356.0,23.0
2021-06-10 15:00:00,1366.0,23.2
2021-06-10 16:00:00,1385.0,23.3
2021-06-10 17:00:00,1419.0,23.3
2021-06-10 18:00:00,1307.0,22.9
2021-06-10 19:00:00,1302.0,22.9
2021-06-10 20:00:00,1425.0,22.5
2021-06-10 21:00:00,1358.0,22.3
2021-06-10 22:00:00,1247.0,22.5
2021-06-10 23:00:00,1181.0,22.4
2021-06-11 00:00:00,1128.0,22.4
2021-06-11 01:00:00,1060.0,22.2
2021-06-11 02:00:00,1032.0,22.4
2021-06-11 03:00:00,1013.0,22.2
2021-06-11 04:00:00,1030.0,22.1
2021-06-11 05:00:00,1043.0,22.0
2021-06-11 06:00:00,1174.0,22.0
2021-06-11 07:00:00,1273.0,22.4
2021-06-11 08:00:00,1377.0,22.7
2021-06-11 09:00:00,1466.0,23.2
2021-06-11 10:00:00,1479.0,23.5
2021-06-11 11:00:00,1512.0,25.0
2021-06-11 12:00:00,1404.0,25.0
2021-06-11 13:00:00,1437.0,25.2
2021-06-11 14:00:00,1426.0,24.8
2021-06-11 15:00:00,1408.0,24.7
2021-06-11 16:00:00,1400.0,25.2
2021-06-11 17:00:00,1460.0,25.3
2021-06-11 18:00:00,1373.0,25.0
2021-06-11 19:00:00,1377.0,24.7
2021-06-11 20:00:00,1501.0,24.4
2021-06-11 21:00:00,1482.0,24.0
2021-06-11 22:00:00,1361.0,24.2
2021-06-11 23:00:00,1276.0,24.0
2021-06-12 00:00:00,1182.0,23.8
2021-06-12 01:00:00,1117.0,23.5
2021-06-12 02:00:00,1070.0,23.4
2021-06-12 03:00:00,1042.0,23.3
2021-06-12 04:00:00,1031.0,23.5
2021-06-12 05:00:00,1034.0,23.3
2021-06-12 06:00:00,1178.0,23.4
2021-06-12 07:00:00,1261.0,23.2
2021-06-12 08:00:00,1325.0,23.7
2021-06-12 09:00:00,1417.0,25.1
2021-06-12 10:00:00,1435.0,25.5
2021-06-12 11:00:00,1498.0,27.3
2021-06-12 12:00:00,1421.0,28.6
2021-06-12 13:00:00,1485.0,29.1
2021-06-12 14:00:00,1543.0,30.1
2021-06-12 15:00:00,1526.0,30.9
2021-06-12 16:00:00,1515.0,30.4
2021-06-12 17:00:00,1565.0,30.1
2021-06-12 18:00:00,1471.0,28.9
2021-06-12 19:00:00,1464.0,28.2
2021-06-12 20:00:00,1617.0,27.7
2021-06-12 21:00:00,1645.0,27.7
2021-06-12 22:00:00,1542.0,27.6
2021-06-12 23:00:00,1449.0,27.2
2021-06-13 00:00:00,1304.0,26.9
2021-06-13 01:00:00,1242.0,26.6
2021-06-13 02:00:00,1170.0,26.8
2021-06-13 03:00:00,1126.0,26.5
2021-06-13 04:00:00,1093.0,25.6
2021-06-13 05:00:00,1105.0,25.4
2021-06-13 06:00:00,1210.0,25.2
2021-06-13 07:00:00,1287.0,26.1
2021-06-13 08:00:00,1341.0,28.5
2021-06-13 09:00:00,1427.0,29.2
2021-06-13 10:00:00,1509.0,30.4
2021-06-13 11:00:00,1612.0,31.5
2021-06-13 12:00:00,1569.0,31.7
2021-06-13 13:00:00,1577.0,32.3
2021-06-13 14:00:00,1599.0,32.5
2021-06-13 15:00:00,1599.0,31.9
2021-06-13 16:00:00,1578.0,31.4
2021-06-13 17:00:00,1626.0,31.6
2021-06-13 18:00:00,1541.0,31.5
2021-06-13 19:00:00,1527.0,30.2
2021-06-13 20:00:00,1753.0,29.2
2021-06-13 21:00:00,1815.0,29.1
2021-06-13 22:00:00,1704.0,29.7
2021-06-13 23:00:00,1574.0,29.6
2021-06-14 00:00:00,1425.0,29.3
2021-06-14 01:00:00,1344.0,29.2
2021-06-14 02:00:00,1261.0,28.7
2021-06-14 03:00:00,1189.0,28.0
2021-06-14 04:00:00,1142.0,26.9
2021-06-14 05:00:00,1153.0,26.5
2021-06-14 06:00:00,1180.0,26.9
2021-06-14 07:00:00,1214.0,26.6
2021-06-14 08:00:00,1251.0,27.6
2021-06-14 09:00:00,1302.0,29.6
2021-06-14 10:00:00,1359.0,30.3
2021-06-14 11:00:00,1447.0,31.9
2021-06-14 12:00:00,1452.0,32.9
2021-06-14 13:00:00,1505.0,32.9
2021-06-14 14:00:00,1514.0,34.2
2021-06-14 15:00:00,1538.0,34.4
2021-06-14 16:00:00,1556.0,34.5
2021-06-14 17:00:00,1575.0,33.9
2021-06-14 18:00:00,1523.0,33.6
2021-06-14 19:00:00,1533.0,32.8
2021-06-14 20:00:00,1828.0,32.4
2021-06-14 21:00:00,2021.0,32.0
2021-06-14 22:00:00,1940.0,31.4
2021-06-14 23:00:00,1740.0,30.3
2021-06-15 00:00:00,1582.0,30.0
2021-06-15 01:00:00,1469.0,29.8
2021-06-15 02:00:00,1392.0,29.4
2021-06-15 03:00:00,1320.0,27.8
2021-06-15 04:00:00,1257.0,27.3
2021-06-15 05:00:00,1235.0,26.8
2021-06-15 06:00:00,1274.0,26.8
2021-06-15 07:00:00,1360.0,27.0
2021-06-15 08:00:00,1500.0,28.3
2021-06-15 09:00:00,1680.0,29.8
2021-06-15 10:00:00,1775.0,31.1
2021-06-15 11:00:00,1852.0,31.4
2021-06-15 12:00:00,1835.0,31.9
2021-06-15 13:00:00,1936.0,32.9
2021-06-15 14:00:00,1923.0,33.7
2021-06-15 15:00:00,1903.0,34.6
2021-06-15 16:00:00,1880.0,34.5
2021-06-15 17:00:00,1943.0,32.9
2021-06-15 18:00:00,1799.0,32.1
2021-06-15 19:00:00,1817.0,31.5
2021-06-15 20:00:00,2089.0,31.0
2021-06-15 21:00:00,2320.0,30.2
2021-06-15 22:00:00,2206.0,30.9
2021-06-15 23:00:00,2036.0,31.0
2021-06-16 00:00:00,1850.0,30.8
2021-06-16 01:00:00,1736.0,29.0
2021-06-16 02:00:00,1641.0,29.4
2021-06-16 03:00:00,1565.0,29.3
2021-06-16 04:00:00,1501.0,28.0
2021-06-16 05:00:00,1449.0,27.4
2021-06-16 06:00:00,1491.0,27.3
2021-06-16 07:00:00,1502.0,27.1
2021-06-16 08:00:00,1674.0,28.9
2021-06-16 09:00:00,1876.0,30.2
2021-06-16 10:00:00,1967.0,32.0
2021-06-16 11:00:00,2068.0,31.8
2021-06-16 12:00:00,2028.0,33.0
2021-06-16 13:00:00,2117.0,33.9
2021-06-16 14:00:00,2128.0,33.4
2021-06-16 15:00:00,2085.0,34.4
2021-06-16 16:00:00,2076.0,34.4
2021-06-16 17:00:00,2099.0,33.1
2021-06-16 18:00:00,1957.0,31.6
2021-06-16 19:00:00,1963.0,31.6
2021-06-16 20:00:00,2279.0,31.6
2021-06-16 21:00:00,2504.0,31.5
2021-06-16 22:00:00,2409.0,30.5
2021-06-16 23:00:00,2235.0,31.1
2021-06-17 00:00:00,2023.0,29.6
2021-06-17 01:00:00,1910.0,29.3
2021-06-17 02:00:00,1793.0,28.7
2021-06-17 03:00:00,1714.0,28.3
2021-06-17 04:00:00,1637.0,27.9
2021-06-17 05:00:00,1590.0,28.2
2021-06-17 06:00:00,1582.0,27.9
2021-06-17 07:00:00,1610.0,28.3
2021-06-17 08:00:00,1758.0,29.0
2021-06-17 09:00:00,1885.0,29.7
2021-06-17 10:00:00,1986.0,32.0
2021-06-17 11:00:00,2048.0,31.7
2021-06-17 12:00:00,1940.0,30.9
2021-06-17 13:00:00,1997.0,31.5
2021-06-17 14:00:00,1932.0,28.3
2021-06-17 15:00:00,1789.0,26.8
2021-06-17 16:00:00,1718.0,25.7
2021-06-17 17:00:00,1713.0,24.3
2021-06-17 18:00:00,1514.0,23.9
2021-06-17 19:00:00,1491.0,23.4
2021-06-17 20:00:00,1582.0,23.2
2021-06-17 21:00:00,1522.0,22.4
2021-06-17 22:00:00,1401.0,21.6
2021-06-17 23:00:00,1324.0,21.5
2021-06-18 00:00:00,1234.0,21.3
2021-06-18 01:00:00,1188.0,21.0
2021-06-18 02:00:00,1144.0,21.0
2021-06-18 03:00:00,1128.0,21.0
2021-06-18 04:00:00,1100.0,20.9
2021-06-18 05:00:00,1103.0,21.1
2021-06-18 06:00:00,1220.0,21.3
2021-06-18 07:00:00,1318.0,21.5
2021-06-18 08:00:00,1408.0,21.6
2021-06-18 09:00:00,1509.0,21.9
2021-06-18 10:00:00,1520.0,22.5
2021-06-18 11:00:00,1525.0,23.4
2021-06-18 12:00:00,1395.0,23.2
2021-06-18 13:00:00,1369.0,23.2
2021-06-18 14:00:00,1408.0,22.3
2021-06-18 15:00:00,1377.0,22.5
2021-06-18 16:00:00,1387.0,21.2
2021-06-18 17:00:00,1418.0,21.0
2021-06-18 18:00:00,1301.0,21.1
2021-06-18 19:00:00,1273.0,21.2
2021-06-18 20:00:00,1406.0,21.2
2021-06-18 21:00:00,1342.0,21.1
2021-06-18 22:00:00,1246.0,20.9
2021-06-18 23:00:00,1205.0,20.9
2021-06-19 00:00:00,1136.0,20.8
2021-06-19 01:00:00,1097.0,20.7
2021-06-19 02:00:00,1061.0,20.6
2021-06-19 03:00:00,1030.0,20.5
2021-06-19 04:00:00,1023.0,20.3
2021-06-19 05:00:00,1049.0,20.4
2021-06-19 06:00:00,1153.0,20.4
2021-06-19 07:00:00,1258.0,20.5
2021-06-19 08:00:00,1308.0,20.4
2021-06-19 09:00:00,1350.0,20.3
2021-06-19 10:00:00,1352.0,20.6
2021-06-19 11:00:00,1376.0,20.6
2021-06-19 12:00:00,1245.0,19.8
2021-06-19 13:00:00,1221.0,20.4
2021-06-19 14:00:00,1254.0,21.6
2021-06-19 15:00:00,1222.0,21.0
2021-06-19 16:00:00,1286.0,21.4
2021-06-19 17:00:00,1337.0,21.5
2021-06-19 18:00:00,1242.0,21.0
2021-06-19 19:00:00,1199.0,20.5
2021-06-19 20:00:00,1326.0,19.2
2021-06-19 21:00:00,1294.0,18.7
2021-06-19 22:00:00,1192.0,19.4
2021-06-19 23:00:00,1118.0,18.6
2021-06-20 00:00:00,1040.0,18.6
2021-06-20 01:00:00,996.0,18.6
2021-06-20 02:00:00,964.0,18.5
2021-06-20 03:00:00,942.0,18.7
2021-06-20 04:00:00,955.0,19.0
2021-06-20 05:00:00,971.0,18.6
2021-06-20 06:00:00,1087.0,18.5
2021-06-20 07:00:00,1201.0,18.9
2021-06-20 08:00:00,1238.0,19.7
2021-06-20 09:00:00,1281.0,20.4
2021-06-20 10:00:00,1282.0,20.8
2021-06-20 11:00:00,1304.0,21.1
2021-06-20 12:00:00,1192.0,21.7
2021-06-20 13:00:00,1187.0,23.4
2021-06-20 14:00:00,1228.0,22.3
2021-06-20 15:00:00,1216.0,21.8
2021-06-20 16:00:00,1228.0,21.3
2021-06-20 17:00:00,1306.0,21.8
2021-06-20 18:00:00,1209.0,22.1
2021-06-20 19:00:00,1189.0,22.0
2021-06-20 20:00:00,1314.0,21.5
2021-06-20 21:00:00,1276.0,21.4
2021-06-20 22:00:00,1152.0,21.1
2021-06-20 23:00:00,1090.0,20.8
2021-06-21 00:00:00,1014.0,20.8
2021-06-21 01:00:00,968.0,20.8
2021-06-21 02:00:00,933.0,20.6
2021-06-21 03:00:00,911.0,20.4
2021-06-21 04:00:00,913.0,20.2
2021-06-21 05:00:00,941.0,19.7
2021-06-21 06:00:00,1124.0,19.5
2021-06-21 07:00:00,1192.0,20.3
2021-06-21 08:00:00,1276.0,22.4
2021-06-21 09:00:00,1376.0,23.2
2021-06-21 10:00:00,1420.0,24.3
2021-06-21 11:00:00,1469.0,27.4
2021-06-21 12:00:00,1366.0,28.4
2021-06-21 13:00:00,1391.0,28.8
2021-06-21 14:00:00,1422.0,28.7
2021-06-21 15:00:00,1428.0,29.2
2021-06-21 16:00:00,1433.0,29.1
2021-06-21 17:00:00,1521.0,29.5
2021-06-21 18:00:00,1391.0,28.4
2021-06-21 19:00:00,1380.0,27.5
2021-06-21 20:00:00,1482.0,26.8
2021-06-21 21:00:00,1482.0,26.3
2021-06-21 22:00:00,1339.0,25.8
2021-06-21 23:00:00,1242.0,24.3
2021-06-22 00:00:00,1141.0,25.2
2021-06-22 01:00:00,1089.0,23.8
2021-06-22 02:00:00,1068.0,22.7
2021-06-22 03:00:00,1027.0,22.7
2021-06-22 04:00:00,1021.0,22.9
2021-06-22 05:00:00,1038.0,23.3
2021-06-22 06:00:00,1192.0,22.8
2021-06-22 07:00:00,1306.0,22.2
2021-06-22 08:00:00,1366.0,23.6
2021-06-22 09:00:00,1498.0,26.1
2021-06-22 10:00:00,1577.0,28.4
2021-06-22 11:00:00,1598.0,29.4
2021-06-22 12:00:00,1502.0,30.1
2021-06-22 13:00:00,1541.0,31.0
2021-06-22 14:00:00,1567.0,31.5
2021-06-22 15:00:00,1579.0,31.7
2021-06-22 16:00:00,1556.0,31.3
2021-06-22 17:00:00,1628.0,30.5
2021-06-22 18:00:00,1484.0,30.1
2021-06-22 19:00:00,1482.0,28.9
2021-06-22 20:00:00,1599.0,28.2
2021-06-22 21:00:00,1626.0,27.9
2021-06-22 22:00:00,1477.0,27.7
2021-06-22 23:00:00,1364.0,27.2
2021-06-23 00:00:00,1257.0,26.7
2021-06-23 01:00:00,1182.0,25.7
2021-06-23 02:00:00,1140.0,25.0
2021-06-23 03:00:00,1103.0,24.5
2021-06-23 04:00:00,1083.0,23.5
2021-06-23 05:00:00,1105.0,24.0
2021-06-23 06:00:00,1245.0,24.1
2021-06-23 07:00:00,1334.0,24.5
2021-06-23 08:00:00,1474.0,27.0
2021-06-23 09:00:00,1569.0,29.1
2021-06-23 10:00:00,1647.0,30.5
2021-06-23 11:00:00,1713.0,31.5
2021-06-23 12:00:00,1610.0,31.5
2021-06-23 13:00:00,1654.0,31.6
2021-06-23 14:00:00,1650.0,32.1
2021-06-23 15:00:00,1652.0,33.2
2021-06-23 16:00:00,1650.0,31.9
2021-06-23 17:00:00,1713.0,30.8
2021-06-23 18:00:00,1583.0,30.2
2021-06-23 19:00:00,1565.0,29.0
2021-06-23 20:00:00,1695.0,28.8
2021-06-23 21:00:00,1759.0,28.5
2021-06-23 22:00:00,1622.0,28.3
2021-06-23 23:00:00,1506.0,27.8
2021-06-24 00:00:00,1381.0,27.3
2021-06-24 01:00:00,1285.0,27.1
2021-06-24 02:00:00,1228.0,25.4
2021-06-24 03:00:00,1179.0,24.6
2021-06-24 04:00:00,1148.0,24.5
2021-06-24 05:00:00,1180.0,24.8
2021-06-24 06:00:00,1294.0,24.7
2021-06-24 07:00:00,1364.0,25.5
2021-06-24 08:00:00,1484.0,25.2
2021-06-24 09:00:00,1617.0,27.3
2021-06-24 10:00:00,1696.0,29.5
2021-06-24 11:00:00,1755.0,30.9
2021-06-24 12:00:00,1707.0,31.7
2021-06-24 13:00:00,1755.0,32.5
2021-06-24 14:00:00,1755.0,33.2
2021-06-24 15:00:00,1739.0,32.2
2021-06-24 16:00:00,1754.0,33.2
2021-06-24 17:00:00,1777.0,31.7
2021-06-24 18:00:00,1638.0,30.5
2021-06-24 19:00:00,1616.0,29.5
2021-06-24 20:00:00,1773.0,28.6
2021-06-24 21:00:00,1901.0,28.7
2021-06-24 22:00:00,1765.0,28.7
2021-06-24 23:00:00,1639.0,28.4
2021-06-25 00:00:00,1496.0,27.6
2021-06-25 01:00:00,1403.0,27.7
2021-06-25 02:00:00,1339.0,27.5
2021-06-25 03:00:00,1320.0,27.1
2021-06-25 04:00:00,1253.0,26.1
2021-06-25 05:00:00,1252.0,24.9
2021-06-25 06:00:00,1354.0,25.0
2021-06-25 07:00:00,1418.0,26.4
2021-06-25 08:00:00,1547.0,28.4
2021-06-25 09:00:00,1706.0,29.8
2021-06-25 10:00:00,1811.0,30.8
2021-06-25 11:00:00,1887.0,32.6
2021-06-25 12:00:00,1849.0,32.8
2021-06-25 13:00:00,1936.0,33.5
2021-06-25 14:00:00,1946.0,33.0
2021-06-25 15:00:00,1876.0,32.6
2021-06-25 16:00:00,1908.0,32.7
2021-06-25 17:00:00,1932.0,32.8
2021-06-25 18:00:00,1825.0,32.7
2021-06-25 19:00:00,1822.0,31.0
2021-06-25 20:00:00,2020.0,29.6
2021-06-25 21:00:00,2215.0,29.2
2021-06-25 22:00:00,2111.0,28.7
2021-06-25 23:00:00,1970.0,28.4
2021-06-26 00:00:00,1807.0,28.4
2021-06-26 01:00:00,1685.0,28.7
2021-06-26 02:00:00,1584.0,27.9
2021-06-26 03:00:00,1516.0,28.2
2021-06-26 04:00:00,1464.0,28.0
2021-06-26 05:00:00,1435.0,27.4
2021-06-26 06:00:00,1449.0,26.0
2021-06-26 07:00:00,1506.0,26.2
2021-06-26 08:00:00,1599.0,28.4
2021-06-26 09:00:00,1750.0,28.8
2021-06-26 10:00:00,1854.0,31.1
2021-06-26 11:00:00,1981.0,32.2
2021-06-26 12:00:00,2008.0,33.0
2021-06-26 13:00:00,2104.0,33.7
2021-06-26 14:00:00,2127.0,35.0
2021-06-26 15:00:00,2065.0,35.3
2021-06-26 16:00:00,2037.0,34.6
2021-06-26 17:00:00,2001.0,33.1
2021-06-26 18:00:00,1840.0,30.7
2021-06-26 19:00:00,1845.0,31.0
2021-06-26 20:00:00,2115.0,29.8
2021-06-26 21:00:00,2285.0,29.3
2021-06-26 22:00:00,2183.0,28.8
2021-06-26 23:00:00,2025.0,28.6
2021-06-27 00:00:00,1871.0,29.0
2021-06-27 01:00:00,1746.0,28.2
2021-06-27 02:00:00,1636.0,27.2
2021-06-27 03:00:00,1560.0,26.7
2021-06-27 04:00:00,1466.0,26.5
2021-06-27 05:00:00,1444.0,26.1
2021-06-27 06:00:00,1448.0,26.0
2021-06-27 07:00:00,1502.0,26.1
2021-06-27 08:00:00,1592.0,26.7
2021-06-27 09:00:00,1689.0,28.6
2021-06-27 10:00:00,1779.0,30.4
2021-06-27 11:00:00,1886.0,32.0
2021-06-27 12:00:00,1883.0,33.0
2021-06-27 13:00:00,1978.0,34.3
2021-06-27 14:00:00,2013.0,34.9
2021-06-27 15:00:00,2009.0,35.6
2021-06-27 16:00:00,1919.0,33.5
2021-06-27 17:00:00,1905.0,30.5
2021-06-27 18:00:00,1741.0,29.1
2021-06-27 19:00:00,1685.0,28.2
2021-06-27 20:00:00,1941.0,28.1
2021-06-27 21:00:00,2047.0,28.0
2021-06-27 22:00:00,1940.0,27.3
2021-06-27 23:00:00,1815.0,26.8
2021-06-28 00:00:00,1656.0,26.4
2021-06-28 01:00:00,1543.0,25.9
2021-06-28 02:00:00,1473.0,25.9
2021-06-28 03:00:00,1417.0,26.1
2021-06-28 04:00:00,1358.0,26.3
2021-06-28 05:00:00,1339.0,26.2
2021-06-28 06:00:00,1383.0,26.1
2021-06-28 07:00:00,1428.0,26.2
2021-06-28 08:00:00,1530.0,26.5
2021-06-28 09:00:00,1651.0,26.6
2021-06-28 10:00:00,1709.0,28.2
2021-06-28 11:00:00,1795.0,30.0
2021-06-28 12:00:00,1744.0,29.6
2021-06-28 13:00:00,1837.0,30.5
2021-06-28 14:00:00,1816.0,30.7
2021-06-28 15:00:00,1792.0,31.3
2021-06-28 16:00:00,1798.0,31.5
2021-06-28 17:00:00,1839.0,30.2
2021-06-28 18:00:00,1723.0,29.1
2021-06-28 19:00:00,1716.0,28.9
2021-06-28 20:00:00,1951.0,28.4
2021-06-28 21:00:00,2051.0,28.0
2021-06-28 22:00:00,1930.0,28.0
2021-06-28 23:00:00,1735.0,28.3
2021-06-29 00:00:00,1562.0,27.5
2021-06-29 01:00:00,1460.0,26.9
2021-06-29 02:00:00,1387.0,26.7
2021-06-29 03:00:00,1335.0,26.5
2021-06-29 04:00:00,1290.0,26.4
2021-06-29 05:00:00,1291.0,26.1
2021-06-29 06:00:00,1365.0,26.7
2021-06-29 07:00:00,1403.0,26.5
2021-06-29 08:00:00,1603.0,27.2
2021-06-29 09:00:00,1710.0,27.9
2021-06-29 10:00:00,1748.0,29.5
2021-06-29 11:00:00,1848.0,31.4
2021-06-29 12:00:00,1813.0,31.9
2021-06-29 13:00:00,1848.0,30.8
2021-06-29 14:00:00,1794.0,30.4
2021-06-29 15:00:00,1702.0,27.8
2021-06-29 16:00:00,1683.0,25.6
2021-06-29 17:00:00,1694.0,25.4
2021-06-29 18:00:00,1559.0,24.9
2021-06-29 19:00:00,1568.0,25.0
2021-06-29 20:00:00,1740.0,24.4
2021-06-29 21:00:00,1754.0,24.8
2021-06-29 22:00:00,1645.0,24.6
2021-06-29 23:00:00,1531.0,24.5
2021-06-30 00:00:00,1426.0,24.4
2021-06-30 01:00:00,1354.0,24.4
2021-06-30 02:00:00,1285.0,24.5
2021-06-30 03:00:00,1260.0,24.6
2021-06-30 04:00:00,1234.0,24.6
2021-06-30 05:00:00,1227.0,24.5
2021-06-30 06:00:00,1270.0,23.4
2021-06-30 07:00:00,1362.0,23.8
2021-06-30 08:00:00,1463.0,24.2
2021-06-30 09:00:00,1580.0,25.7
2021-06-30 10:00:00,1645.0,26.7
2021-06-30 11:00:00,1703.0,27.7
2021-06-30 12:00:00,1662.0,29.2
2021-06-30 13:00:00,1679.0,29.3
2021-06-30 14:00:00,1628.0,29.7
2021-06-30 15:00:00,1622.0,28.8
2021-06-30 16:00:00,1650.0,28.9
2021-06-30 17:00:00,1677.0,29.0
2021-06-30 18:00:00,1553.0,27.3
2021-06-30 19:00:00,1511.0,26.6
2021-06-30 20:00:00,1678.0,25.9
2021-06-30 21:00:00,1733.0,25.8
2021-06-30 22:00:00,1628.0,25.7
2021-06-30 23:00:00,1483.0,25.7
2021-07-01 00:00:00,1356.0,25.0
2021-07-01 01:00:00,1271.0,24.9
2021-07-01 02:00:00,1228.0,24.7
2021-07-01 03:00:00,1185.0,24.7
2021-07-01 04:00:00,1170.0,24.5
2021-07-01 05:00:00,1143.0,24.6
2021-07-01 06:00:00,1180.0,24.5
2021-07-01 07:00:00,1317.0,24.7
2021-07-01 08:00:00,1416.0,24.6
2021-07-01 09:00:00,1518.0,24.8
2021-07-01 10:00:00,1553.0,24.8
2021-07-01 11:00:00,1611.0,25.3
2021-07-01 12:00:00,1536.0,25.3
2021-07-01 13:00:00,1520.0,25.4
2021-07-01 14:00:00,1504.0,24.9
2021-07-01 15:00:00,1500.0,25.3
2021-07-01 16:00:00,1537.0,25.4
2021-07-01 17:00:00,1597.0,24.4
2021-07-01 18:00:00,1461.0,24.6
2021-07-01 19:00:00,1431.0,24.3
2021-07-01 20:00:00,1563.0,24.1
2021-07-01 21:00:00,1575.0,24.1
2021-07-01 22:00:00,1437.0,24.0
2021-07-01 23:00:00,1368.0,24.0
2021-07-02 00:00:00,1276.0,23.9
2021-07-02 01:00:00,1220.0,23.9
2021-07-02 02:00:00,1183.0,24.1
2021-07-02 03:00:00,1149.0,24.1
2021-07-02 04:00:00,1144.0,23.7
2021-07-02 05:00:00,1133.0,23.9
2021-07-02 06:00:00,1210.0,23.8
2021-07-02 07:00:00,1337.0,23.6
2021-07-02 08:00:00,1423.0,23.4
2021-07-02 09:00:00,1487.0,23.7
2021-07-02 10:00:00,1526.0,23.8
2021-07-02 11:00:00,1576.0,24.2
2021-07-02 12:00:00,1501.0,24.8
2021-07-02 13:00:00,1493.0,25.5
2021-07-02 14:00:00,1501.0,25.4
2021-07-02 15:00:00,1509.0,25.8
2021-07-02 16:00:00,1554.0,26.2
2021-07-02 17:00:00,1605.0,28.1
2021-07-02 18:00:00,1497.0,26.4
2021-07-02 19:00:00,1470.0,25.9
2021-07-02 20:00:00,1621.0,25.5
2021-07-02 21:00:00,1591.0,24.9
2021-07-02 22:00:00,1456.0,25.1
2021-07-02 23:00:00,1347.0,24.5
2021-07-03 00:00:00,1253.0,23.9
2021-07-03 01:00:00,1185.0,23.9
2021-07-03 02:00:00,1135.0,23.8
2021-07-03 03:00:00,1118.0,23.9
2021-07-03 04:00:00,1111.0,24.2
2021-07-03 05:00:00,1100.0,23.7
2021-07-03 06:00:00,1183.0,23.2
2021-07-03 07:00:00,1282.0,22.8
2021-07-03 08:00:00,1347.0,22.8
2021-07-03 09:00:00,1444.0,22.8
2021-07-03 10:00:00,1461.0,23.2
2021-07-03 11:00:00,1495.0,23.2
2021-07-03 12:00:00,1404.0,23.5
2021-07-03 13:00:00,1397.0,24.0
2021-07-03 14:00:00,1424.0,24.2
2021-07-03 15:00:00,1418.0,24.4
2021-07-03 16:00:00,1436.0,24.3
2021-07-03 17:00:00,1483.0,24.7
2021-07-03 18:00:00,1411.0,24.8
2021-07-03 19:00:00,1404.0,23.9
2021-07-03 20:00:00,1506.0,24.0
2021-07-03 21:00:00,1467.0,23.6
2021-07-03 22:00:00,1347.0,23.8
2021-07-03 23:00:00,1298.0,23.6
2021-07-04 00:00:00,1217.0,22.9
2021-07-04 01:00:00,1159.0,22.4
2021-07-04 02:00:00,1118.0,22.0
2021-07-04 03:00:00,1092.0,22.0
2021-07-04 04:00:00,1073.0,22.0
2021-07-04 05:00:00,1080.0,22.1
2021-07-04 06:00:00,1155.0,22.0
2021-07-04 07:00:00,1252.0,22.3
2021-07-04 08:00:00,1304.0,23.1
2021-07-04 09:00:00,1351.0,24.5
2021-07-04 10:00:00,1426.0,25.3
2021-07-04 11:00:00,1460.0,25.5
2021-07-04 12:00:00,1385.0,26.9
2021-07-04 13:00:00,1373.0,27.0
2021-07-04 14:00:00,1363.0,25.7
2021-07-04 15:00:00,1372.0,25.8
2021-07-04 16:00:00,1396.0,26.5
2021-07-04 17:00:00,1438.0,27.4
2021-07-04 18:00:00,1373.0,26.4
2021-07-04 19:00:00,1337.0,26.3
2021-07-04 20:00:00,1498.0,25.3
2021-07-04 21:00:00,1496.0,24.9
2021-07-04 22:00:00,1365.0,24.9
2021-07-04 23:00:00,1275.0,25.0
2021-07-05 00:00:00,1164.0,25.1
2021-07-05 01:00:00,1117.0,25.2
2021-07-05 02:00:00,1075.0,25.3
2021-07-05 03:00:00,1059.0,25.1
2021-07-05 04:00:00,1064.0,25.3
2021-07-05 05:00:00,1058.0,25.3
2021-07-05 06:00:00,1162.0,25.4
2021-07-05 07:00:00,1276.0,25.7
2021-07-05 08:00:00,1398.0,26.2
2021-07-05 09:00:00,1511.0,26.8
2021-07-05 10:00:00,1595.0,27.8
2021-07-05 11:00:00,1672.0,29.9
2021-07-05 12:00:00,1663.0,30.7
2021-07-05 13:00:00,1667.0,32.0
2021-07-05 14:00:00,1671.0,32.7
2021-07-05 15:00:00,1688.0,34.3
2021-07-05 16:00:00,1709.0,33.9
2021-07-05 17:00:00,1772.0,34.1
2021-07-05 18:00:00,1668.0,31.7
2021-07-05 19:00:00,1591.0,29.9
2021-07-05 20:00:00,1806.0,29.0
2021-07-05 21:00:00,1802.0,28.4
2021-07-05 22:00:00,1667.0,28.0
2021-07-05 23:00:00,1527.0,26.9
2021-07-06 00:00:00,1435.0,25.4
2021-07-06 01:00:00,1332.0,25.0
2021-07-06 02:00:00,1272.0,24.9
2021-07-06 03:00:00,1246.0,24.3
2021-07-06 04:00:00,1206.0,24.2
2021-07-06 05:00:00,1201.0,23.9
2021-07-06 06:00:00,1271.0,24.0
2021-07-06 07:00:00,1348.0,24.3
2021-07-06 08:00:00,1487.0,25.1
2021-07-06 09:00:00,1587.0,25.8
2021-07-06 10:00:00,1650.0,26.9
2021-07-06 11:00:00,1705.0,27.8
2021-07-06 12:00:00,1684.0,28.8
2021-07-06 13:00:00,1758.0,30.4
2021-07-06 14:00:00,1818.0,32.5
2021-07-06 15:00:00,1800.0,32.5
2021-07-06 16:00:00,1812.0,34.0
2021-07-06 17:00:00,1859.0,33.6
2021-07-06 18:00:00,1750.0,32.1
2021-07-06 19:00:00,1725.0,30.2
2021-07-06 20:00:00,1957.0,29.3
2021-07-06 21:00:00,2026.0,29.7
2021-07-06 22:00:00,1907.0,28.9
2021-07-06 23:00:00,1726.0,27.0
2021-07-07 00:00:00,1566.0,26.3
2021-07-07 01:00:00,1464.0,25.9
2021-07-07 02:00:00,1384.0,25.6
2021-07-07 03:00:00,1305.0,25.5
2021-07-07 04:00:00,1283.0,25.4
2021-07-07 05:00:00,1249.0,25.4
2021-07-07 06:00:00,1312.0,25.7
2021-07-07 07:00:00,1421.0,26.3
2021-07-07 08:00:00,1558.0,27.8
2021-07-07 09:00:00,1724.0,28.9
2021-07-07 10:00:00,1844.0,29.6
2021-07-07 11:00:00,1957.0,31.4
2021-07-07 12:00:00,1940.0,33.4
2021-07-07 13:00:00,2040.0,34.1
2021-07-07 14:00:00,2073.0,35.7
2021-07-07 15:00:00,2019.0,35.4
2021-07-07 16:00:00,1981.0,34.8
2021-07-07 17:00:00,1957.0,32.0
2021-07-07 18:00:00,1764.0,28.5
2021-07-07 19:00:00,1733.0,27.3
2021-07-07 20:00:00,1955.0,27.0
2021-07-07 21:00:00,2003.0,26.7
2021-07-07 22:00:00,1924.0,25.8
2021-07-07 23:00:00,1753.0,26.1
2021-07-08 00:00:00,1621.0,25.8
2021-07-08 01:00:00,1540.0,25.6
2021-07-08 02:00:00,1441.0,25.7
2021-07-08 03:00:00,1389.0,25.5
2021-07-08 04:00:00,1344.0,25.2
2021-07-08 05:00:00,1323.0,25.3
2021-07-08 06:00:00,1375.0,25.0
2021-07-08 07:00:00,1468.0,25.6
2021-07-08 08:00:00,1582.0,27.1
2021-07-08 09:00:00,1744.0,28.5
2021-07-08 10:00:00,1855.0,29.8
2021-07-08 11:00:00,1975.0,31.5
2021-07-08 12:00:00,1968.0,31.9
2021-07-08 13:00:00,2056.0,33.1
2021-07-08 14:00:00,2026.0,33.4
2021-07-08 15:00:00,1833.0,29.0
2021-07-08 16:00:00,1728.0,27.3
2021-07-08 17:00:00,1756.0,27.1
2021-07-08 18:00:00,1634.0,26.2
2021-07-08 19:00:00,1618.0,26.4
2021-07-08 20:00:00,1790.0,27.0
2021-07-08 21:00:00,1859.0,26.8
2021-07-08 22:00:00,1739.0,27.0
2021-07-08 23:00:00,1593.0,26.2
2021-07-09 00:00:00,1476.0,25.9
2021-07-09 01:00:00,1409.0,25.7
2021-07-09 02:00:00,1355.0,25.6
2021-07-09 03:00:00,1297.0,25.6
2021-07-09 04:00:00,1266.0,25.6
2021-07-09 05:00:00,1265.0,25.6
2021-07-09 06:00:00,1341.0,25.6
2021-07-09 07:00:00,1432.0,26.6
2021-07-09 08:00:00,1563.0,27.3
2021-07-09 09:00:00,1728.0,28.7
2021-07-09 10:00:00,1820.0,29.4
2021-07-09 11:00:00,1896.0,30.0
2021-07-09 12:00:00,1826.0,29.5
2021-07-09 13:00:00,1850.0,29.8
2021-07-09 14:00:00,1820.0,29.7
2021-07-09 15:00:00,1785.0,29.5
2021-07-09 16:00:00,1805.0,30.1
2021-07-09 17:00:00,1816.0,30.2
2021-07-09 18:00:00,1731.0,29.9
2021-07-09 19:00:00,1725.0,29.8
2021-07-09 20:00:00,1985.0,29.3
2021-07-09 21:00:00,2054.0,29.5
2021-07-09 22:00:00,1918.0,29.3
2021-07-09 23:00:00,1775.0,28.8
2021-07-10 00:00:00,1636.0,29.4
2021-07-10 01:00:00,1537.0,27.9
2021-07-10 02:00:00,1478.0,27.8
2021-07-10 03:00:00,1399.0,27.5
2021-07-10 04:00:00,1355.0,26.9
2021-07-10 05:00:00,1338.0,26.9
2021-07-10 06:00:00,1390.0,26.8
2021-07-10 07:00:00,1473.0,26.9
2021-07-10 08:00:00,1559.0,28.8
2021-07-10 09:00:00,1704.0,29.4
2021-07-10 10:00:00,1803.0,31.2
2021-07-10 11:00:00,1891.0,31.4
2021-07-10 12:00:00,1870.0,32.9
2021-07-10 13:00:00,1950.0,33.7
2021-07-10 14:00:00,2005.0,34.9
2021-07-10 15:00:00,1979.0,34.6
2021-07-10 16:00:00,1964.0,34.0
2021-07-10 17:00:00,1963.0,34.0
2021-07-10 18:00:00,1853.0,33.2
2021-07-10 19:00:00,1826.0,32.6
2021-07-10 20:00:00,2107.0,31.8
2021-07-10 21:00:00,2292.0,30.3
2021-07-10 22:00:00,2157.0,29.4
2021-07-10 23:00:00,1994.0,28.9
2021-07-11 00:00:00,1816.0,28.4
2021-07-11 01:00:00,1709.0,28.9
2021-07-11 02:00:00,1603.0,29.1
2021-07-11 03:00:00,1526.0,29.6
2021-07-11 04:00:00,1462.0,29.6
2021-07-11 05:00:00,1414.0,29.1
2021-07-11 06:00:00,1422.0,28.8
2021-07-11 07:00:00,1463.0,28.4
2021-07-11 08:00:00,1507.0,29.7
2021-07-11 09:00:00,1648.0,31.7
2021-07-11 10:00:00,1752.0,32.1
2021-07-11 11:00:00,1894.0,33.4
2021-07-11 12:00:00,1894.0,33.9
2021-07-11 13:00:00,1996.0,34.0
2021-07-11 14:00:00,2034.0,35.0
2021-07-11 15:00:00,1968.0,35.3
2021-07-11 16:00:00,1956.0,36.0
2021-07-11 17:00:00,2020.0,34.8
2021-07-11 18:00:00,1902.0,33.6
2021-07-11 19:00:00,1883.0,33.0
2021-07-11 20:00:00,2201.0,32.8
2021-07-11 21:00:00,2414.0,31.5
2021-07-11 22:00:00,2290.0,31.7
2021-07-11 23:00:00,2092.0,31.8
2021-07-12 00:00:00,1894.0,31.5
2021-07-12 01:00:00,1771.0,31.0
2021-07-12 02:00:00,1662.0,30.5
2021-07-12 03:00:00,1584.0,30.2
2021-07-12 04:00:00,1515.0,28.5
2021-07-12 05:00:00,1491.0,28.8
2021-07-12 06:00:00,1488.0,29.1
2021-07-12 07:00:00,1508.0,29.4
2021-07-12 08:00:00,1668.0,29.0
2021-07-12 09:00:00,1822.0,29.8
2021-07-12 10:00:00,1969.0,31.2
2021-07-12 11:00:00,2063.0,32.5
2021-07-12 12:00:00,2057.0,34.0
2021-07-12 13:00:00,2171.0,34.0
2021-07-12 14:00:00,2246.0,34.8
2021-07-12 15:00:00,2162.0,36.3
2021-07-12 16:00:00,2146.0,36.2
2021-07-12 17:00:00,2152.0,33.2
2021-07-12 18:00:00,2001.0,32.9
2021-07-12 19:00:00,1992.0,31.7
2021-07-12 20:00:00,2317.0,31.4
2021-07-12 21:00:00,2508.0,31.5
2021-07-12 22:00:00,2349.0,31.3
2021-07-12 23:00:00,2162.0,30.7
2021-07-13 00:00:00,1989.0,28.6
2021-07-13 01:00:00,1888.0,27.8
2021-07-13 02:00:00,1836.0,28.6
2021-07-13 03:00:00,1766.0,28.0
2021-07-13 04:00:00,1671.0,28.6
2021-07-13 05:00:00,1620.0,29.2
2021-07-13 06:00:00,1599.0,28.7
2021-07-13 07:00:00,1606.0,26.4
2021-07-13 08:00:00,1662.0,25.0
2021-07-13 09:00:00,1763.0,25.2
2021-07-13 10:00:00,1848.0,26.4
2021-07-13 11:00:00,1999.0,28.1
2021-07-13 12:00:00,1997.0,29.7
2021-07-13 13:00:00,2148.0,31.3
2021-07-13 14:00:00,2212.0,32.2
2021-07-13 15:00:00,2165.0,33.1
2021-07-13 16:00:00,2149.0,33.8
2021-07-13 17:00:00,2201.0,33.9
2021-07-13 18:00:00,2061.0,33.6
2021-07-13 19:00:00,2031.0,32.1
2021-07-13 20:00:00,2364.0,32.0
2021-07-13 21:00:00,2595.0,30.6
2021-07-13 22:00:00,2480.0,30.2
2021-07-13 23:00:00,2287.0,30.2
2021-07-14 00:00:00,2098.0,30.4
2021-07-14 01:00:00,1956.0,29.5
2021-07-14 02:00:00,1860.0,29.4
2021-07-14 03:00:00,1771.0,29.0
2021-07-14 04:00:00,1718.0,29.1
2021-07-14 05:00:00,1637.0,28.5
2021-07-14 06:00:00,1625.0,28.6
2021-07-14 07:00:00,1657.0,29.0
2021-07-14 08:00:00,1813.0,29.6
2021-07-14 09:00:00,1990.0,31.1
2021-07-14 10:00:00,2122.0,31.7
2021-07-14 11:00:00,2249.0,33.1
2021-07-14 12:00:00,2252.0,33.5
2021-07-14 13:00:00,2374.0,34.6
2021-07-14 14:00:00,2413.0,35.2
2021-07-14 15:00:00,2392.0,35.7
2021-07-14 16:00:00,2388.0,36.2
2021-07-14 17:00:00,2394.0,36.0
2021-07-14 18:00:00,2242.0,35.7
2021-07-14 19:00:00,2236.0,33.8
2021-07-14 20:00:00,2595.0,33.2
2021-07-14 21:00:00,2898.0,33.0
2021-07-14 22:00:00,2783.0,31.8
2021-07-14 23:00:00,2543.0,31.6
2021-07-15 00:00:00,2342.0,30.8
2021-07-15 01:00:00,2185.0,31.4
2021-07-15 02:00:00,2043.0,31.1
2021-07-15 03:00:00,1939.0,29.7
2021-07-15 04:00:00,1826.0,28.4
2021-07-15 05:00:00,1756.0,27.7
2021-07-15 06:00:00,1705.0,27.6
2021-07-15 07:00:00,1728.0,28.2
2021-07-15 08:00:00,1885.0,29.8
2021-07-15 09:00:00,2090.0,31.0
2021-07-15 10:00:00,2181.0,31.7
2021-07-15 11:00:00,2323.0,33.4
2021-07-15 12:00:00,2292.0,34.1
2021-07-15 13:00:00,2365.0,34.7
2021-07-15 14:00:00,2411.0,34.9
2021-07-15 15:00:00,2357.0,35.8
2021-07-15 16:00:00,2323.0,34.8
2021-07-15 17:00:00,2342.0,35.9
2021-07-15 18:00:00,2162.0,34.7
2021-07-15 19:00:00,2124.0,34.5
2021-07-15 20:00:00,2521.0,33.7
2021-07-15 21:00:00,2771.0,32.2
2021-07-15 22:00:00,2687.0,30.9
2021-07-15 23:00:00,2453.0,30.6
2021-07-16 00:00:00,2295.0,31.3
2021-07-16 01:00:00,2180.0,30.7
2021-07-16 02:00:00,2038.0,30.3
2021-07-16 03:00:00,1917.0,29.0
2021-07-16 04:00:00,1821.0,28.3
2021-07-16 05:00:00,1747.0,26.8
2021-07-16 06:00:00,1702.0,26.4
2021-07-16 07:00:00,1753.0,27.0
2021-07-16 08:00:00,1886.0,29.0
2021-07-16 09:00:00,2087.0,31.0
2021-07-16 10:00:00,2205.0,32.1
2021-07-16 11:00:00,2329.0,33.7
2021-07-16 12:00:00,2319.0,34.2
2021-07-16 13:00:00,2424.0,34.6
2021-07-16 14:00:00,2417.0,34.9
2021-07-16 15:00:00,2369.0,35.1
2021-07-16 16:00:00,2311.0,36.3
2021-07-16 17:00:00,2291.0,34.9
2021-07-16 18:00:00,2119.0,32.8
2021-07-16 19:00:00,2116.0,31.3
2021-07-16 20:00:00,2472.0,31.1
2021-07-16 21:00:00,2575.0,31.8
2021-07-16 22:00:00,2421.0,29.8
2021-07-16 23:00:00,2187.0,28.1
2021-07-17 00:00:00,2119.0,26.2
2021-07-17 01:00:00,2009.0,25.5
2021-07-17 02:00:00,1885.0,25.3
2021-07-17 03:00:00,1786.0,25.6
2021-07-17 04:00:00,1701.0,25.5
2021-07-17 05:00:00,1632.0,25.1
2021-07-17 06:00:00,1552.0,25.8
2021-07-17 07:00:00,1538.0,25.0
2021-07-17 08:00:00,1584.0,24.7
2021-07-17 09:00:00,1698.0,24.9
2021-07-17 10:00:00,1730.0,26.0
2021-07-17 11:00:00,1832.0,27.8
2021-07-17 12:00:00,1793.0,28.6
2021-07-17 13:00:00,1785.0,28.5
2021-07-17 14:00:00,1812.0,28.7
2021-07-17 15:00:00,1799.0,29.7
2021-07-17 16:00:00,1781.0,29.6
2021-07-17 17:00:00,1807.0,29.0
2021-07-17 18:00:00,1722.0,28.2
2021-07-17 19:00:00,1700.0,27.8
2021-07-17 20:00:00,1986.0,27.4
2021-07-17 21:00:00,2098.0,26.9
2021-07-17 22:00:00,1968.0,26.9
2021-07-17 23:00:00,1832.0,26.7
2021-07-18 00:00:00,1734.0,26.6
2021-07-18 01:00:00,1623.0,26.6
2021-07-18 02:00:00,1567.0,26.2
2021-07-18 03:00:00,1507.0,26.2
2021-07-18 04:00:00,1465.0,26.2
2021-07-18 05:00:00,1446.0,26.1
2021-07-18 06:00:00,1468.0,25.7
2021-07-18 07:00:00,1556.0,26.2
2021-07-18 08:00:00,1582.0,26.9
2021-07-18 09:00:00,1639.0,26.3
2021-07-18 10:00:00,1731.0,29.7
2021-07-18 11:00:00,1864.0,29.5
2021-07-18 12:00:00,1842.0,28.9
2021-07-18 13:00:00,1920.0,30.8
2021-07-18 14:00:00,1952.0,32.5
2021-07-18 15:00:00,1927.0,33.5
2021-07-18 16:00:00,1881.0,32.1
2021-07-18 17:00:00,1838.0,31.9
2021-07-18 18:00:00,1717.0,29.6
2021-07-18 19:00:00,1679.0,28.3
2021-07-18 20:00:00,1941.0,28.0
2021-07-18 21:00:00,1972.0,27.3
2021-07-18 22:00:00,1889.0,26.5
2021-07-18 23:00:00,1790.0,25.7
2021-07-19 00:00:00,1661.0,25.3
2021-07-19 01:00:00,1637.0,25.1
2021-07-19 02:00:00,1574.0,24.8
2021-07-19 03:00:00,1531.0,24.4
2021-07-19 04:00:00,1479.0,23.9
2021-07-19 05:00:00,1475.0,23.9
2021-07-19 06:00:00,1497.0,24.0
2021-07-19 07:00:00,1600.0,24.9
2021-07-19 08:00:00,1671.0,27.1
2021-07-19 09:00:00,1764.0,27.2
2021-07-19 10:00:00,1868.0,29.3
2021-07-19 11:00:00,1960.0,30.3
2021-07-19 12:00:00,1921.0,31.3
2021-07-19 13:00:00,1965.0,28.1
2021-07-19 14:00:00,1979.0,30.1
2021-07-19 15:00:00,1924.0,28.4
2021-07-19 16:00:00,1885.0,27.0
2021-07-19 17:00:00,1913.0,26.8
2021-07-19 18:00:00,1728.0,27.2
2021-07-19 19:00:00,1679.0,26.9
2021-07-19 20:00:00,1885.0,26.1
2021-07-19 21:00:00,1928.0,25.6
2021-07-19 22:00:00,1817.0,25.3
2021-07-19 23:00:00,1705.0,24.6
2021-07-20 00:00:00,1568.0,24.8
2021-07-20 01:00:00,1538.0,24.8
2021-07-20 02:00:00,1436.0,24.5
2021-07-20 03:00:00,1386.0,24.9
2021-07-20 04:00:00,1358.0,24.6
2021-07-20 05:00:00,1358.0,24.9
2021-07-20 06:00:00,1410.0,24.9
2021-07-20 07:00:00,1511.0,25.3
2021-07-20 08:00:00,1638.0,26.3
2021-07-20 09:00:00,1754.0,28.7
2021-07-20 10:00:00,1838.0,29.7
2021-07-20 11:00:00,1961.0,31.0
2021-07-20 12:00:00,1930.0,31.6
2021-07-20 13:00:00,2048.0,33.3
2021-07-20 14:00:00,2076.0,33.2
2021-07-20 15:00:00,2055.0,33.8
2021-07-20 16:00:00,2019.0,33.2
2021-07-20 17:00:00,2031.0,33.3
2021-07-20 18:00:00,1849.0,31.3
2021-07-20 19:00:00,1784.0,30.7
2021-07-20 20:00:00,2022.0,29.5
2021-07-20 21:00:00,2111.0,28.9
2021-07-20 22:00:00,1976.0,28.0
2021-07-20 23:00:00,1834.0,27.1
2021-07-21 00:00:00,1706.0,26.5
2021-07-21 01:00:00,1600.0,26.7
2021-07-21 02:00:00,1506.0,26.7
2021-07-21 03:00:00,1445.0,26.7
2021-07-21 04:00:00,1406.0,26.3
2021-07-21 05:00:00,1390.0,25.7
2021-07-21 06:00:00,1438.0,25.5
2021-07-21 07:00:00,1550.0,26.5
2021-07-21 08:00:00,1684.0,27.5
2021-07-21 09:00:00,1824.0,28.4
2021-07-21 10:00:00,1924.0,30.1
2021-07-21 11:00:00,2073.0,32.5
2021-07-21 12:00:00,2074.0,33.6
2021-07-21 13:00:00,2165.0,33.3
2021-07-21 14:00:00,2179.0,34.3
2021-07-21 15:00:00,2132.0,33.8
2021-07-21 16:00:00,2135.0,33.7
2021-07-21 17:00:00,2154.0,33.3
2021-07-21 18:00:00,2015.0,32.3
2021-07-21 19:00:00,1919.0,31.1
2021-07-21 20:00:00,2240.0,30.4
2021-07-21 21:00:00,2267.0,30.1
2021-07-21 22:00:00,2171.0,29.3
2021-07-21 23:00:00,2068.0,28.9
2021-07-22 00:00:00,1917.0,29.0
2021-07-22 01:00:00,1794.0,27.5
2021-07-22 02:00:00,1698.0,26.8
2021-07-22 03:00:00,1602.0,26.8
2021-07-22 04:00:00,1541.0,26.8
2021-07-22 05:00:00,1495.0,26.6
2021-07-22 06:00:00,1527.0,26.4
2021-07-22 07:00:00,1597.0,27.1
2021-07-22 08:00:00,1763.0,29.0
2021-07-22 09:00:00,1908.0,30.5
2021-07-22 10:00:00,2008.0,31.5
2021-07-22 11:00:00,2125.0,31.8
2021-07-22 12:00:00,2123.0,32.6
2021-07-22 13:00:00,2208.0,33.8
2021-07-22 14:00:00,2211.0,31.4
2021-07-22 15:00:00,2202.0,33.2
2021-07-22 16:00:00,2180.0,31.2
2021-07-22 17:00:00,2191.0,31.1
2021-07-22 18:00:00,2019.0,30.8
2021-07-22 19:00:00,1995.0,30.4
2021-07-22 20:00:00,2330.0,30.0
2021-07-22 21:00:00,2501.0,29.9
2021-07-22 22:00:00,2366.0,29.5
2021-07-22 23:00:00,2190.0,28.5
2021-07-23 00:00:00,1983.0,29.2
2021-07-23 01:00:00,1861.0,27.6
2021-07-23 02:00:00,1746.0,26.5
2021-07-23 03:00:00,1660.0,25.8
2021-07-23 04:00:00,1591.0,25.5
2021-07-23 05:00:00,1543.0,25.5
2021-07-23 06:00:00,1547.0,25.4
2021-07-23 07:00:00,1609.0,26.6
2021-07-23 08:00:00,1731.0,28.3
2021-07-23 09:00:00,1900.0,29.9
2021-07-23 10:00:00,2000.0,30.7
2021-07-23 11:00:00,2124.0,29.8
2021-07-23 12:00:00,2064.0,31.3
2021-07-23 13:00:00,2151.0,32.6
2021-07-23 14:00:00,2176.0,31.5
2021-07-23 15:00:00,2136.0,32.2
2021-07-23 16:00:00,2111.0,32.2
2021-07-23 17:00:00,2123.0,30.8
2021-07-23 18:00:00,1926.0,30.2
2021-07-23 19:00:00,1873.0,29.9
2021-07-23 20:00:00,2202.0,29.2
2021-07-23 21:00:00,2365.0,29.2
2021-07-23 22:00:00,2241.0,28.8
2021-07-23 23:00:00,2089.0,28.6
2021-07-24 00:00:00,1936.0,28.2
2021-07-24 01:00:00,1818.0,26.9
2021-07-24 02:00:00,1703.0,26.3
2021-07-24 03:00:00,1614.0,26.0
2021-07-24 04:00:00,1568.0,26.1
2021-07-24 05:00:00,1527.0,25.9
2021-07-24 06:00:00,1536.0,25.8
2021-07-24 07:00:00,1586.0,26.1
2021-07-24 08:00:00,1665.0,26.8
2021-07-24 09:00:00,1738.0,27.1
2021-07-24 10:00:00,1860.0,27.1
2021-07-24 11:00:00,1944.0,26.7
2021-07-24 12:00:00,1896.0,27.9
2021-07-24 13:00:00,2004.0,29.1
2021-07-24 14:00:00,2044.0,31.2
2021-07-24 15:00:00,2089.0,30.9
2021-07-24 16:00:00,2082.0,31.5
2021-07-24 17:00:00,2119.0,30.9
2021-07-24 18:00:00,1866.0,29.5
2021-07-24 19:00:00,1822.0,28.4
2021-07-24 20:00:00,2060.0,27.7
2021-07-24 21:00:00,2220.0,27.6
2021-07-24 22:00:00,2087.0,27.8
2021-07-24 23:00:00,1978.0,27.4
2021-07-25 00:00:00,1773.0,27.1
2021-07-25 01:00:00,1640.0,27.8
2021-07-25 02:00:00,1554.0,26.5
2021-07-25 03:00:00,1495.0,26.5
2021-07-25 04:00:00,1463.0,26.6
2021-07-25 05:00:00,1421.0,26.1
2021-07-25 06:00:00,1449.0,26.0
2021-07-25 07:00:00,1508.0,26.9
2021-07-25 08:00:00,1538.0,28.1
2021-07-25 09:00:00,1645.0,28.2
2021-07-25 10:00:00,1760.0,29.2
2021-07-25 11:00:00,1856.0,31.6
2021-07-25 12:00:00,1848.0,30.9
2021-07-25 13:00:00,1930.0,32.6
2021-07-25 14:00:00,1947.0,32.8
2021-07-25 15:00:00,1918.0,30.5
2021-07-25 16:00:00,1910.0,32.0
2021-07-25 17:00:00,1961.0,31.8
2021-07-25 18:00:00,1856.0,31.1
2021-07-25 19:00:00,1814.0,30.2
2021-07-25 20:00:00,2102.0,29.4
2021-07-25 21:00:00,2270.0,29.3
2021-07-25 22:00:00,2151.0,28.5
2021-07-25 23:00:00,1970.0,27.8
2021-07-26 00:00:00,1800.0,27.0
2021-07-26 01:00:00,1692.0,26.8
2021-07-26 02:00:00,1577.0,26.1
2021-07-26 03:00:00,1508.0,26.0
2021-07-26 04:00:00,1458.0,25.4
2021-07-26 05:00:00,1442.0,25.4
2021-07-26 06:00:00,1471.0,25.5
2021-07-26 07:00:00,1569.0,25.3
2021-07-26 08:00:00,1689.0,26.9
2021-07-26 09:00:00,1871.0,29.7
2021-07-26 10:00:00,1988.0,31.9
2021-07-26 11:00:00,2084.0,32.2
2021-07-26 12:00:00,2106.0,32.9
2021-07-26 13:00:00,2189.0,32.9
2021-07-26 14:00:00,2199.0,34.9
2021-07-26 15:00:00,2182.0,34.4
2021-07-26 16:00:00,2149.0,34.2
2021-07-26 17:00:00,2192.0,32.9
2021-07-26 18:00:00,2034.0,32.1
2021-07-26 19:00:00,1968.0,30.5
2021-07-26 20:00:00,2273.0,29.1
2021-07-26 21:00:00,2436.0,29.1
2021-07-26 22:00:00,2309.0,29.3
2021-07-26 23:00:00,2150.0,29.2
2021-07-27 00:00:00,1961.0,27.9
2021-07-27 01:00:00,1837.0,27.7
2021-07-27 02:00:00,1712.0,26.4
2021-07-27 03:00:00,1649.0,26.0
2021-07-27 04:00:00,1562.0,26.1
2021-07-27 05:00:00,1524.0,25.7
2021-07-27 06:00:00,1549.0,25.7
2021-07-27 07:00:00,1608.0,26.6
2021-07-27 08:00:00,1768.0,28.3
2021-07-27 09:00:00,1950.0,30.8
2021-07-27 10:00:00,2049.0,32.5
2021-07-27 11:00:00,2153.0,33.8
2021-07-27 12:00:00,2127.0,34.4
2021-07-27 13:00:00,2227.0,35.3
2021-07-27 14:00:00,2274.0,34.8
2021-07-27 15:00:00,2208.0,34.3
2021-07-27 16:00:00,2208.0,34.5
2021-07-27 17:00:00,2246.0,34.2
2021-07-27 18:00:00,2074.0,34.2
2021-07-27 19:00:00,1992.0,32.9
2021-07-27 20:00:00,2319.0,31.3
2021-07-27 21:00:00,2503.0,31.0
2021-07-27 22:00:00,2378.0,29.7
2021-07-27 23:00:00,2237.0,28.7
2021-07-28 00:00:00,2046.0,28.3
2021-07-28 01:00:00,1935.0,28.2
2021-07-28 02:00:00,1814.0,27.5
2021-07-28 03:00:00,1716.0,26.8
2021-07-28 04:00:00,1649.0,26.5
2021-07-28 05:00:00,1589.0,25.8
2021-07-28 06:00:00,1589.0,26.1
2021-07-28 07:00:00,1648.0,25.9
2021-07-28 08:00:00,1789.0,27.6
2021-07-28 09:00:00,1965.0,30.1
2021-07-28 10:00:00,2084.0,31.7
2021-07-28 11:00:00,2198.0,33.4
2021-07-28 12:00:00,2193.0,34.5
2021-07-28 13:00:00,2311.0,35.7
2021-07-28 14:00:00,2321.0,36.0
2021-07-28 15:00:00,2296.0,36.4
2021-07-28 16:00:00,2260.0,35.5
2021-07-28 17:00:00,2269.0,34.0
2021-07-28 18:00:00,2043.0,32.1
2021-07-28 19:00:00,1977.0,31.2
2021-07-28 20:00:00,2291.0,30.0
2021-07-28 21:00:00,2406.0,29.1
2021-07-28 22:00:00,2282.0,29.3
2021-07-28 23:00:00,2179.0,28.8
2021-07-29 00:00:00,2000.0,28.5
2021-07-29 01:00:00,1873.0,27.0
2021-07-29 02:00:00,1776.0,26.4
2021-07-29 03:00:00,1692.0,26.2
2021-07-29 04:00:00,1642.0,26.3
2021-07-29 05:00:00,1579.0,26.0
2021-07-29 06:00:00,1581.0,26.0
2021-07-29 07:00:00,1634.0,26.1
2021-07-29 08:00:00,1765.0,26.5
2021-07-29 09:00:00,1871.0,27.1
2021-07-29 10:00:00,1971.0,29.3
2021-07-29 11:00:00,2132.0,29.3
2021-07-29 12:00:00,2125.0,31.4
2021-07-29 13:00:00,2193.0,32.0
2021-07-29 14:00:00,2233.0,32.1
2021-07-29 15:00:00,2182.0,32.4
2021-07-29 16:00:00,2125.0,34.3
2021-07-29 17:00:00,2139.0,33.6
2021-07-29 18:00:00,2003.0,32.2
2021-07-29 19:00:00,1927.0,30.8
2021-07-29 20:00:00,2311.0,29.7
2021-07-29 21:00:00,2440.0,29.2
2021-07-29 22:00:00,2269.0,28.8
2021-07-29 23:00:00,2058.0,28.7
2021-07-30 00:00:00,1958.0,28.5
2021-07-30 01:00:00,1862.0,28.9
2021-07-30 02:00:00,1757.0,28.0
2021-07-30 03:00:00,1681.0,27.8
2021-07-30 04:00:00,1631.0,27.7
2021-07-30 05:00:00,1578.0,27.3
2021-07-30 06:00:00,1583.0,26.6
2021-07-30 07:00:00,1676.0,26.9
2021-07-30 08:00:00,1783.0,29.4
2021-07-30 09:00:00,1927.0,30.0
2021-07-30 10:00:00,2059.0,32.0
2021-07-30 11:00:00,2185.0,33.4
2021-07-30 12:00:00,2208.0,34.2
2021-07-30 13:00:00,2275.0,35.5
2021-07-30 14:00:00,2286.0,36.9
2021-07-30 15:00:00,2243.0,37.6
2021-07-30 16:00:00,2224.0,37.6
2021-07-30 17:00:00,2207.0,35.7
2021-07-30 18:00:00,2060.0,33.9
2021-07-30 19:00:00,2007.0,32.3
2021-07-30 20:00:00,2440.0,30.7
2021-07-30 21:00:00,2604.0,30.2
2021-07-30 22:00:00,2459.0,29.8
2021-07-30 23:00:00,2260.0,29.5
2021-07-31 00:00:00,2102.0,29.7
2021-07-31 01:00:00,1998.0,29.9
2021-07-31 02:00:00,1888.0,28.9
2021-07-31 03:00:00,1801.0,27.8
2021-07-31 04:00:00,1699.0,27.4
2021-07-31 05:00:00,1635.0,27.1
2021-07-31 06:00:00,1591.0,26.5
2021-07-31 07:00:00,1658.0,27.2
2021-07-31 08:00:00,1727.0,28.2
2021-07-31 09:00:00,1875.0,30.3
2021-07-31 10:00:00,1975.0,32.0
2021-07-31 11:00:00,2114.0,33.7
2021-07-31 12:00:00,2171.0,35.8
2021-07-31 13:00:00,2274.0,36.6
2021-07-31 14:00:00,2325.0,37.7
2021-07-31 15:00:00,2300.0,38.3
2021-07-31 16:00:00,2248.0,37.9
2021-07-31 17:00:00,2205.0,35.7
2021-07-31 18:00:00,2076.0,34.1
2021-07-31 19:00:00,2052.0,32.5
2021-07-31 20:00:00,2512.0,31.3
2021-07-31 21:00:00,2698.0,30.9
2021-07-31 22:00:00,2542.0,30.6
2021-07-31 23:00:00,2377.0,30.2
2021-08-01 00:00:00,2237.0,30.0
2021-08-01 01:00:00,2105.0,29.6
2021-08-01 02:00:00,1963.0,29.4
2021-08-01 03:00:00,1883.0,29.1
2021-08-01 04:00:00,1782.0,28.7
2021-08-01 05:00:00,1685.0,28.3
2021-08-01 06:00:00,1637.0,27.0
2021-08-01 07:00:00,1713.0,27.5
2021-08-01 08:00:00,1761.0,28.3
2021-08-01 09:00:00,1916.0,31.7
2021-08-01 10:00:00,2077.0,33.7
2021-08-01 11:00:00,2247.0,35.4
2021-08-01 12:00:00,2273.0,35.7
2021-08-01 13:00:00,2381.0,37.1
2021-08-01 14:00:00,2372.0,37.7
2021-08-01 15:00:00,2329.0,37.9
2021-08-01 16:00:00,2275.0,36.9
2021-08-01 17:00:00,2249.0,36.4
2021-08-01 18:00:00,2127.0,35.2
2021-08-01 19:00:00,2061.0,33.3
2021-08-01 20:00:00,2514.0,31.7
2021-08-01 21:00:00,2722.0,31.6
2021-08-01 22:00:00,2588.0,30.8
2021-08-01 23:00:00,2385.0,30.7
2021-08-02 00:00:00,2253.0,30.6
2021-08-02 01:00:00,2129.0,30.3
2021-08-02 02:00:00,2027.0,28.8
2021-08-02 03:00:00,1927.0,27.9
2021-08-02 04:00:00,1812.0,27.9
2021-08-02 05:00:00,1742.0,28.2
2021-08-02 06:00:00,1691.0,28.7
2021-08-02 07:00:00,1753.0,27.6
2021-08-02 08:00:00,1900.0,28.5
2021-08-02 09:00:00,2058.0,31.9
2021-08-02 10:00:00,2203.0,34.6
2021-08-02 11:00:00,2291.0,35.7
2021-08-02 12:00:00,2368.0,37.7
2021-08-02 13:00:00,2498.0,36.9
2021-08-02 14:00:00,2511.0,37.7
2021-08-02 15:00:00,2445.0,36.1
2021-08-02 16:00:00,2378.0,36.1
2021-08-02 17:00:00,2333.0,35.4
2021-08-02 18:00:00,2184.0,34.7
2021-08-02 19:00:00,2109.0,33.5
2021-08-02 20:00:00,2564.0,32.4
2021-08-02 21:00:00,2755.0,32.1
2021-08-02 22:00:00,2626.0,31.2
2021-08-02 23:00:00,2442.0,31.1
2021-08-03 00:00:00,2335.0,30.9
2021-08-03 01:00:00,2245.0,30.8
2021-08-03 02:00:00,2142.0,29.6
2021-08-03 03:00:00,2045.0,28.8
2021-08-03 04:00:00,1950.0,28.4
2021-08-03 05:00:00,1858.0,28.0
2021-08-03 06:00:00,1754.0,27.5
2021-08-03 07:00:00,1781.0,27.9
2021-08-03 08:00:00,1864.0,29.0
2021-08-03 09:00:00,1991.0,30.7
2021-08-03 10:00:00,2096.0,32.0
2021-08-03 11:00:00,2177.0,33.8
2021-08-03 12:00:00,2244.0,34.9
2021-08-03 13:00:00,2358.0,34.5
2021-08-03 14:00:00,2378.0,35.2
2021-08-03 15:00:00,2329.0,35.0
2021-08-03 16:00:00,2274.0,34.5
2021-08-03 17:00:00,2232.0,34.2
2021-08-03 18:00:00,2064.0,32.8
2021-08-03 19:00:00,1990.0,31.6
2021-08-03 20:00:00,2448.0,30.9
2021-08-03 21:00:00,2635.0,30.6
2021-08-03 22:00:00,2488.0,30.6
2021-08-03 23:00:00,2308.0,30.8
2021-08-04 00:00:00,2182.0,30.5
2021-08-04 01:00:00,2085.0,30.3
2021-08-04 02:00:00,1991.0,29.5
2021-08-04 03:00:00,1911.0,27.8
2021-08-04 04:00:00,1809.0,27.5
2021-08-04 05:00:00,1712.0,27.3
2021-08-04 06:00:00,1642.0,27.0
2021-08-04 07:00:00,1680.0,27.3
2021-08-04 08:00:00,1782.0,28.6
2021-08-04 09:00:00,1912.0,30.6
2021-08-04 10:00:00,1981.0,30.7
2021-08-04 11:00:00,2030.0,32.7
2021-08-04 12:00:00,2077.0,34.1
2021-08-04 13:00:00,2200.0,35.3
2021-08-04 14:00:00,2231.0,36.1
2021-08-04 15:00:00,2211.0,35.9
2021-08-04 16:00:00,2149.0,35.2
2021-08-04 17:00:00,2139.0,35.1
2021-08-04 18:00:00,1965.0,33.4
2021-08-04 19:00:00,1892.0,32.2
2021-08-04 20:00:00,2392.0,31.8
2021-08-04 21:00:00,2595.0,31.5
2021-08-04 22:00:00,2466.0,31.3
2021-08-04 23:00:00,2284.0,30.7
2021-08-05 00:00:00,2182.0,30.0
2021-08-05 01:00:00,2070.0,28.6
2021-08-05 02:00:00,1967.0,28.3
2021-08-05 03:00:00,1880.0,28.1
2021-08-05 04:00:00,1791.0,27.9
2021-08-05 05:00:00,1731.0,27.8
2021-08-05 06:00:00,1652.0,27.8
2021-08-05 07:00:00,1655.0,28.0
2021-08-05 08:00:00,1693.0,25.8
2021-08-05 09:00:00,1800.0,27.6
2021-08-05 10:00:00,1930.0,30.1
2021-08-05 11:00:00,2053.0,32.5
2021-08-05 12:00:00,2075.0,32.3
2021-08-05 13:00:00,2166.0,33.0
2021-08-05 14:00:00,2190.0,32.0
2021-08-05 15:00:00,2146.0,34.6
2021-08-05 16:00:00,2119.0,33.9
2021-08-05 17:00:00,2076.0,30.1
2021-08-05 18:00:00,1893.0,30.3
2021-08-05 19:00:00,1856.0,30.5
2021-08-05 20:00:00,2338.0,30.9
2021-08-05 21:00:00,2494.0,30.5
2021-08-05 22:00:00,2347.0,30.2
2021-08-05 23:00:00,2174.0,29.2
2021-08-06 00:00:00,2014.0,28.2
2021-08-06 01:00:00,1914.0,28.0
2021-08-06 02:00:00,1826.0,27.7
2021-08-06 03:00:00,1739.0,27.5
2021-08-06 04:00:00,1677.0,27.3
2021-08-06 05:00:00,1617.0,27.2
2021-08-06 06:00:00,1576.0,27.0
2021-08-06 07:00:00,1636.0,27.5
2021-08-06 08:00:00,1760.0,29.6
2021-08-06 09:00:00,1897.0,31.7
2021-08-06 10:00:00,1958.0,31.6
2021-08-06 11:00:00,2074.0,31.6
2021-08-06 12:00:00,2097.0,32.8
2021-08-06 13:00:00,2234.0,33.3
2021-08-06 14:00:00,2269.0,34.8
2021-08-06 15:00:00,2238.0,35.2
2021-08-06 16:00:00,2187.0,35.4
2021-08-06 17:00:00,2153.0,34.2
2021-08-06 18:00:00,2006.0,33.1
2021-08-06 19:00:00,1942.0,31.9
2021-08-06 20:00:00,2428.0,30.9
2021-08-06 21:00:00,2583.0,30.8
2021-08-06 22:00:00,2445.0,30.6
2021-08-06 23:00:00,2278.0,29.3
2021-08-07 00:00:00,2111.0,28.7
2021-08-07 01:00:00,2003.0,28.5
2021-08-07 02:00:00,1907.0,28.1
2021-08-07 03:00:00,1821.0,27.7
2021-08-07 04:00:00,1748.0,27.8
2021-08-07 05:00:00,1706.0,27.5
2021-08-07 06:00:00,1620.0,27.2
2021-08-07 07:00:00,1687.0,28.0
2021-08-07 08:00:00,1776.0,29.7
2021-08-07 09:00:00,1883.0,31.4
2021-08-07 10:00:00,1974.0,33.1
2021-08-07 11:00:00,2141.0,34.4
2021-08-07 12:00:00,2193.0,34.7
2021-08-07 13:00:00,2292.0,35.5
2021-08-07 14:00:00,2337.0,35.9
2021-08-07 15:00:00,2306.0,35.5
2021-08-07 16:00:00,2214.0,34.3
2021-08-07 17:00:00,2149.0,33.2
2021-08-07 18:00:00,1972.0,32.3
2021-08-07 19:00:00,1928.0,31.3
2021-08-07 20:00:00,2409.0,29.9
2021-08-07 21:00:00,2539.0,29.4
2021-08-07 22:00:00,2412.0,29.4
2021-08-07 23:00:00,2261.0,28.9
2021-08-08 00:00:00,2128.0,28.7
2021-08-08 01:00:00,1995.0,28.3
2021-08-08 02:00:00,1876.0,27.9
2021-08-08 03:00:00,1792.0,27.9
2021-08-08 04:00:00,1712.0,28.0
2021-08-08 05:00:00,1647.0,27.5
2021-08-08 06:00:00,1589.0,27.2
2021-08-08 07:00:00,1650.0,27.7
2021-08-08 08:00:00,1714.0,29.0
2021-08-08 09:00:00,1781.0,30.6
2021-08-08 10:00:00,1846.0,31.1
2021-08-08 11:00:00,2009.0,32.4
2021-08-08 12:00:00,2047.0,32.3
2021-08-08 13:00:00,2163.0,34.2
2021-08-08 14:00:00,2204.0,34.5
2021-08-08 15:00:00,2158.0,33.5
2021-08-08 16:00:00,2112.0,32.7
2021-08-08 17:00:00,2076.0,30.9
2021-08-08 18:00:00,1921.0,30.8
2021-08-08 19:00:00,1905.0,29.9
2021-08-08 20:00:00,2414.0,29.3
2021-08-08 21:00:00,2494.0,28.5
2021-08-08 22:00:00,2327.0,27.8
2021-08-08 23:00:00,2157.0,27.8
2021-08-09 00:00:00,1982.0,28.0
2021-08-09 01:00:00,1873.0,27.9
2021-08-09 02:00:00,1787.0,27.3
2021-08-09 03:00:00,1712.0,27.9
2021-08-09 04:00:00,1638.0,27.3
2021-08-09 05:00:00,1598.0,27.1
2021-08-09 06:00:00,1567.0,27.2
2021-08-09 07:00:00,1639.0,27.0
2021-08-09 08:00:00,1734.0,28.0
2021-08-09 09:00:00,1822.0,29.3
2021-08-09 10:00:00,1882.0,30.5
2021-08-09 11:00:00,1990.0,33.2
2021-08-09 12:00:00,1965.0,34.1
2021-08-09 13:00:00,2067.0,33.9
2021-08-09 14:00:00,2038.0,33.0
2021-08-09 15:00:00,1879.0,32.8
2021-08-09 16:00:00,1762.0,30.3
2021-08-09 17:00:00,1788.0,27.3
2021-08-09 18:00:00,1609.0,26.7
2021-08-09 19:00:00,1581.0,25.7
2021-08-09 20:00:00,1776.0,25.0
2021-08-09 21:00:00,1775.0,24.9
2021-08-09 22:00:00,1669.0,24.7
2021-08-09 23:00:00,1585.0,23.8
2021-08-10 00:00:00,1526.0,23.5
2021-08-10 01:00:00,1470.0,23.4
2021-08-10 02:00:00,1437.0,23.3
2021-08-10 03:00:00,1413.0,23.4
2021-08-10 04:00:00,1379.0,23.4
2021-08-10 05:00:00,1394.0,23.4
2021-08-10 06:00:00,1408.0,23.5
2021-08-10 07:00:00,1545.0,23.5
2021-08-10 08:00:00,1641.0,23.6
2021-08-10 09:00:00,1602.0,23.7
2021-08-10 10:00:00,1562.0,24.1
2021-08-10 11:00:00,1636.0,25.0
2021-08-10 12:00:00,1531.0,24.9
2021-08-10 13:00:00,1505.0,24.5
2021-08-10 14:00:00,1527.0,24.2
2021-08-10 15:00:00,1557.0,24.6
2021-08-10 16:00:00,1626.0,24.8
2021-08-10 17:00:00,1645.0,25.4
2021-08-10 18:00:00,1504.0,25.4
2021-08-10 19:00:00,1489.0,25.1
2021-08-10 20:00:00,1676.0,25.0
2021-08-10 21:00:00,1623.0,25.0
2021-08-10 22:00:00,1509.0,24.6
2021-08-10 23:00:00,1455.0,24.7
2021-08-11 00:00:00,1409.0,24.8
2021-08-11 01:00:00,1376.0,24.9
2021-08-11 02:00:00,1344.0,24.5
2021-08-11 03:00:00,1314.0,24.4
2021-08-11 04:00:00,1309.0,24.4
2021-08-11 05:00:00,1308.0,24.3
2021-08-11 06:00:00,1357.0,24.5
2021-08-11 07:00:00,1517.0,24.6
2021-08-11 08:00:00,1618.0,25.0
2021-08-11 09:00:00,1628.0,25.7
2021-08-11 10:00:00,1609.0,26.1
2021-08-11 11:00:00,1712.0,28.1
2021-08-11 12:00:00,1582.0,28.9
2021-08-11 13:00:00,1613.0,28.7
2021-08-11 14:00:00,1627.0,29.4
2021-08-11 15:00:00,1614.0,30.1
2021-08-11 16:00:00,1581.0,30.1
2021-08-11 17:00:00,1614.0,29.8
2021-08-11 18:00:00,1453.0,29.1
2021-08-11 19:00:00,1494.0,28.2
2021-08-11 20:00:00,1751.0,27.8
2021-08-11 21:00:00,1692.0,27.8
2021-08-11 22:00:00,1564.0,27.4
2021-08-11 23:00:00,1528.0,26.9
2021-08-12 00:00:00,1419.0,26.3
2021-08-12 01:00:00,1359.0,26.0
2021-08-12 02:00:00,1302.0,25.7
2021-08-12 03:00:00,1290.0,25.4
2021-08-12 04:00:00,1261.0,25.6
2021-08-12 05:00:00,1259.0,25.2
2021-08-12 06:00:00,1290.0,25.3
2021-08-12 07:00:00,1434.0,25.3
2021-08-12 08:00:00,1571.0,25.6
2021-08-12 09:00:00,1681.0,28.5
2021-08-12 10:00:00,1711.0,30.0
2021-08-12 11:00:00,1781.0,30.0
2021-08-12 12:00:00,1714.0,30.3
2021-08-12 13:00:00,1726.0,32.3
2021-08-12 14:00:00,1745.0,33.0
2021-08-12 15:00:00,1737.0,33.3
2021-08-12 16:00:00,1706.0,33.9
2021-08-12 17:00:00,1731.0,30.5
2021-08-12 18:00:00,1561.0,28.7
2021-08-12 19:00:00,1550.0,28.1
2021-08-12 20:00:00,1746.0,25.8
2021-08-12 21:00:00,1654.0,25.9
2021-08-12 22:00:00,1562.0,25.2
2021-08-12 23:00:00,1491.0,25.0
2021-08-13 00:00:00,1398.0,25.0
2021-08-13 01:00:00,1351.0,25.1
2021-08-13 02:00:00,1319.0,24.7
2021-08-13 03:00:00,1274.0,24.5
2021-08-13 04:00:00,1256.0,24.5
2021-08-13 05:00:00,1235.0,24.5
2021-08-13 06:00:00,1272.0,23.6
2021-08-13 07:00:00,1399.0,23.4
2021-08-13 08:00:00,1486.0,23.8
2021-08-13 09:00:00,1543.0,23.8
2021-08-13 10:00:00,1540.0,23.9
2021-08-13 11:00:00,1595.0,23.9
2021-08-13 12:00:00,1485.0,23.8
2021-08-13 13:00:00,1430.0,22.8
2021-08-13 14:00:00,1442.0,21.5
2021-08-13 15:00:00,1422.0,21.3
2021-08-13 16:00:00,1497.0,21.4
2021-08-13 17:00:00,1496.0,21.4
2021-08-13 18:00:00,1401.0,21.3
2021-08-13 19:00:00,1384.0,20.9
2021-08-13 20:00:00,1433.0,20.7
2021-08-13 21:00:00,1385.0,20.7
2021-08-13 22:00:00,1369.0,20.7
2021-08-13 23:00:00,1316.0,20.8
2021-08-14 00:00:00,1198.0,20.8
2021-08-14 01:00:00,1133.0,20.9
2021-08-14 02:00:00,1116.0,20.9
2021-08-14 03:00:00,1059.0,20.9
2021-08-14 04:00:00,1052.0,21.0
2021-08-14 05:00:00,1063.0,21.2
2021-08-14 06:00:00,1103.0,21.2
2021-08-14 07:00:00,1246.0,20.9
2021-08-14 08:00:00,1317.0,21.0
2021-08-14 09:00:00,1353.0,21.1
2021-08-14 10:00:00,1406.0,21.1
2021-08-14 11:00:00,1419.0,21.4
2021-08-14 12:00:00,1316.0,21.3
2021-08-14 13:00:00,1276.0,21.8
2021-08-14 14:00:00,1323.0,22.1
2021-08-14 15:00:00,1349.0,22.8
2021-08-14 16:00:00,1356.0,22.1
2021-08-14 17:00:00,1382.0,22.2
2021-08-14 18:00:00,1281.0,22.2
2021-08-14 19:00:00,1287.0,22.0
2021-08-14 20:00:00,1379.0,21.8
2021-08-14 21:00:00,1272.0,21.9
2021-08-14 22:00:00,1163.0,22.0
2021-08-14 23:00:00,1109.0,22.0
2021-08-15 00:00:00,1046.0,22.1
2021-08-15 01:00:00,1029.0,22.0
2021-08-15 02:00:00,1024.0,21.8
2021-08-15 03:00:00,1019.0,21.7
2021-08-15 04:00:00,990.0,21.6
2021-08-15 05:00:00,1014.0,21.6
2021-08-15 06:00:00,1036.0,21.5
2021-08-15 07:00:00,1183.0,21.7
2021-08-15 08:00:00,1241.0,21.9
2021-08-15 09:00:00,1250.0,22.0
2021-08-15 10:00:00,1251.0,22.6
2021-08-15 11:00:00,1291.0,22.9
2021-08-15 12:00:00,1223.0,23.0
2021-08-15 13:00:00,1177.0,22.9
2021-08-15 14:00:00,1187.0,23.2
2021-08-15 15:00:00,1196.0,24.0
2021-08-15 16:00:00,1226.0,23.5
2021-08-15 17:00:00,1292.0,24.0
2021-08-15 18:00:00,1220.0,23.8
2021-08-15 19:00:00,1239.0,23.5
2021-08-15 20:00:00,1336.0,23.1
2021-08-15 21:00:00,1242.0,23.1
2021-08-15 22:00:00,1115.0,23.0
2021-08-15 23:00:00,1050.0,23.0
2021-08-16 00:00:00,1000.0,22.9
2021-08-16 01:00:00,962.0,22.9
2021-08-16 02:00:00,939.0,22.8
2021-08-16 03:00:00,934.0,22.7
2021-08-16 04:00:00,947.0,22.7
2021-08-16 05:00:00,962.0,22.7
2021-08-16 06:00:00,1017.0,22.6
2021-08-16 07:00:00,1169.0,22.7
2021-08-16 08:00:00,1264.0,23.4
2021-08-16 09:00:00,1314.0,24.1
2021-08-16 10:00:00,1347.0,24.7
2021-08-16 11:00:00,1389.0,25.4
2021-08-16 12:00:00,1298.0,25.3
2021-08-16 13:00:00,1274.0,26.0
2021-08-16 14:00:00,1314.0,27.1
2021-08-16 15:00:00,1306.0,27.4
2021-08-16 16:00:00,1341.0,27.8
2021-08-16 17:00:00,1424.0,28.4
2021-08-16 18:00:00,1330.0,27.4
2021-08-16 19:00:00,1314.0,25.9
2021-08-16 20:00:00,1472.0,25.7
2021-08-16 21:00:00,1363.0,25.2
2021-08-16 22:00:00,1247.0,25.0
2021-08-16 23:00:00,1186.0,25.0
2021-08-17 00:00:00,1114.0,25.3
2021-08-17 01:00:00,1072.0,25.2
2021-08-17 02:00:00,1045.0,25.3
2021-08-17 03:00:00,1044.0,25.2
2021-08-17 04:00:00,1034.0,25.3
2021-08-17 05:00:00,1047.0,24.8
2021-08-17 06:00:00,1110.0,24.9
2021-08-17 07:00:00,1261.0,25.0
2021-08-17 08:00:00,1332.0,25.2
2021-08-17 09:00:00,1412.0,25.9
2021-08-17 10:00:00,1469.0,26.7
2021-08-17 11:00:00,1517.0,27.5
2021-08-17 12:00:00,1419.0,27.8
2021-08-17 13:00:00,1446.0,27.9
2021-08-17 14:00:00,1478.0,30.5
2021-08-17 15:00:00,1498.0,31.4
2021-08-17 16:00:00,1539.0,31.3
2021-08-17 17:00:00,1591.0,31.2
2021-08-17 18:00:00,1462.0,28.8
2021-08-17 19:00:00,1446.0,27.2
2021-08-17 20:00:00,1609.0,27.1
2021-08-17 21:00:00,1524.0,27.5
2021-08-17 22:00:00,1393.0,27.0
2021-08-17 23:00:00,1310.0,26.6
2021-08-18 00:00:00,1209.0,26.5
2021-08-18 01:00:00,1169.0,26.2
2021-08-18 02:00:00,1137.0,25.9
2021-08-18 03:00:00,1118.0,25.7
2021-08-18 04:00:00,1092.0,25.5
2021-08-18 05:00:00,1105.0,25.6
2021-08-18 06:00:00,1155.0,25.5
2021-08-18 07:00:00,1297.0,25.6
2021-08-18 08:00:00,1418.0,27.5
2021-08-18 09:00:00,1526.0,29.4
2021-08-18 10:00:00,1599.0,30.0
2021-08-18 11:00:00,1680.0,32.3
2021-08-18 12:00:00,1653.0,32.7
2021-08-18 13:00:00,1705.0,30.9
2021-08-18 14:00:00,1685.0,32.9
2021-08-18 15:00:00,1670.0,31.3
2021-08-18 16:00:00,1683.0,29.5
2021-08-18 17:00:00,1685.0,28.3
2021-08-18 18:00:00,1525.0,28.1
2021-08-18 19:00:00,1533.0,27.0
2021-08-18 20:00:00,1736.0,26.9
2021-08-18 21:00:00,1670.0,26.1
2021-08-18 22:00:00,1526.0,27.4
2021-08-18 23:00:00,1421.0,26.2
2021-08-19 00:00:00,1319.0,25.7
2021-08-19 01:00:00,1256.0,25.8
2021-08-19 02:00:00,1214.0,25.5
2021-08-19 03:00:00,1191.0,25.5
2021-08-19 04:00:00,1175.0,25.3
2021-08-19 05:00:00,1161.0,25.2
2021-08-19 06:00:00,1215.0,25.2
2021-08-19 07:00:00,1359.0,25.5
2021-08-19 08:00:00,1504.0,26.7
2021-08-19 09:00:00,1623.0,28.6
2021-08-19 10:00:00,1716.0,30.0
2021-08-19 11:00:00,1827.0,30.4
2021-08-19 12:00:00,1792.0,32.2
2021-08-19 13:00:00,1863.0,33.3
2021-08-19 14:00:00,1885.0,32.9
2021-08-19 15:00:00,1883.0,33.8
2021-08-19 16:00:00,1901.0,34.1
2021-08-19 17:00:00,1912.0,33.7
2021-08-19 18:00:00,1775.0,33.2
2021-08-19 19:00:00,1741.0,30.8
2021-08-19 20:00:00,2076.0,29.6
2021-08-19 21:00:00,2055.0,29.0
2021-08-19 22:00:00,1878.0,28.9
2021-08-19 23:00:00,1716.0,28.6
2021-08-20 00:00:00,1573.0,28.7
2021-08-20 01:00:00,1495.0,27.9
2021-08-20 02:00:00,1419.0,27.8
2021-08-20 03:00:00,1362.0,27.1
2021-08-20 04:00:00,1328.0,26.3
2021-08-20 05:00:00,1303.0,26.1
2021-08-20 06:00:00,1331.0,26.0
2021-08-20 07:00:00,1444.0,26.3
2021-08-20 08:00:00,1603.0,27.6
2021-08-20 09:00:00,1786.0,29.8
2021-08-20 10:00:00,1905.0,31.9
2021-08-20 11:00:00,2015.0,32.9
2021-08-20 12:00:00,2023.0,33.6
2021-08-20 13:00:00,2141.0,34.9
2021-08-20 14:00:00,2203.0,35.6
2021-08-20 15:00:00,2176.0,36.0
2021-08-20 16:00:00,2086.0,34.5
2021-08-20 17:00:00,1993.0,33.4
2021-08-20 18:00:00,1772.0,31.2
2021-08-20 19:00:00,1877.0,28.7
2021-08-20 20:00:00,2124.0,27.7
2021-08-20 21:00:00,2007.0,27.0
2021-08-20 22:00:00,1771.0,25.6
2021-08-20 23:00:00,1622.0,25.2
2021-08-21 00:00:00,1539.0,25.2
2021-08-21 01:00:00,1475.0,25.3
2021-08-21 02:00:00,1332.0,25.2
2021-08-21 03:00:00,1298.0,25.1
2021-08-21 04:00:00,1255.0,25.0
2021-08-21 05:00:00,1241.0,25.1
2021-08-21 06:00:00,1267.0,25.1
2021-08-21 07:00:00,1380.0,25.3
2021-08-21 08:00:00,1470.0,26.4
2021-08-21 09:00:00,1589.0,26.8
2021-08-21 10:00:00,1678.0,27.6
2021-08-21 11:00:00,1803.0,28.7
2021-08-21 12:00:00,1754.0,29.1
2021-08-21 13:00:00,1844.0,30.3
2021-08-21 14:00:00,1912.0,32.2
2021-08-21 15:00:00,1886.0,32.5
2021-08-21 16:00:00,1892.0,31.5
2021-08-21 17:00:00,1897.0,30.6
2021-08-21 18:00:00,1801.0,29.7
2021-08-21 19:00:00,1776.0,29.0
2021-08-21 20:00:00,2106.0,28.3
2021-08-21 21:00:00,2067.0,28.2
2021-08-21 22:00:00,1924.0,27.9
2021-08-21 23:00:00,1803.0,28.3
2021-08-22 00:00:00,1567.0,28.1
2021-08-22 01:00:00,1489.0,27.4
2021-08-22 02:00:00,1413.0,27.4
2021-08-22 03:00:00,1356.0,27.0
2021-08-22 04:00:00,1342.0,26.5
2021-08-22 05:00:00,1304.0,26.2
2021-08-22 06:00:00,1321.0,26.7
2021-08-22 07:00:00,1431.0,26.6
2021-08-22 08:00:00,1571.0,27.3
2021-08-22 09:00:00,1664.0,29.3
2021-08-22 10:00:00,1792.0,30.4
2021-08-22 11:00:00,1931.0,31.7
2021-08-22 12:00:00,1888.0,33.3
2021-08-22 13:00:00,2016.0,34.5
2021-08-22 14:00:00,2022.0,35.9
2021-08-22 15:00:00,2011.0,35.1
2021-08-22 16:00:00,1991.0,34.5
2021-08-22 17:00:00,1990.0,32.9
2021-08-22 18:00:00,1850.0,31.4
2021-08-22 19:00:00,1898.0,30.2
2021-08-22 20:00:00,2341.0,29.5
2021-08-22 21:00:00,2293.0,29.3
2021-08-22 22:00:00,2125.0,29.1
2021-08-22 23:00:00,1920.0,29.1
2021-08-23 00:00:00,1649.0,29.0
2021-08-23 01:00:00,1546.0,28.9
2021-08-23 02:00:00,1453.0,28.3
2021-08-23 03:00:00,1377.0,27.7
2021-08-23 04:00:00,1334.0,27.8
2021-08-23 05:00:00,1300.0,26.8
2021-08-23 06:00:00,1288.0,26.5
2021-08-23 07:00:00,1385.0,26.7
2021-08-23 08:00:00,1613.0,27.9
2021-08-23 09:00:00,1775.0,29.0
2021-08-23 10:00:00,1880.0,29.6
2021-08-23 11:00:00,1983.0,30.0
2021-08-23 12:00:00,1978.0,31.4
2021-08-23 13:00:00,2014.0,31.4
2021-08-23 14:00:00,2018.0,29.7
2021-08-23 15:00:00,1941.0,28.5
2021-08-23 16:00:00,1911.0,27.8
2021-08-23 17:00:00,1900.0,27.5
2021-08-23 18:00:00,1720.0,25.8
2021-08-23 19:00:00,1740.0,25.1
2021-08-23 20:00:00,1852.0,24.1
2021-08-23 21:00:00,1779.0,24.2
2021-08-23 22:00:00,1661.0,23.9
2021-08-23 23:00:00,1516.0,23.6
2021-08-24 00:00:00,1386.0,23.3
2021-08-24 01:00:00,1326.0,23.0
2021-08-24 02:00:00,1284.0,22.6
2021-08-24 03:00:00,1243.0,22.5
2021-08-24 04:00:00,1199.0,22.5
2021-08-24 05:00:00,1224.0,22.5
2021-08-24 06:00:00,1221.0,21.7
2021-08-24 07:00:00,1355.0,21.6
2021-08-24 08:00:00,1444.0,21.9
2021-08-24 09:00:00,1507.0,22.3
2021-08-24 10:00:00,1559.0,22.3
2021-08-24 11:00:00,1605.0,23.0
2021-08-24 12:00:00,1497.0,23.3
2021-08-24 13:00:00,1519.0,25.0
2021-08-24 14:00:00,1508.0,24.9
2021-08-24 15:00:00,1501.0,24.1
2021-08-24 16:00:00,1502.0,24.2
2021-08-24 17:00:00,1572.0,24.2
2021-08-24 18:00:00,1434.0,24.0
2021-08-24 19:00:00,1423.0,23.7
2021-08-24 20:00:00,1567.0,23.2
2021-08-24 21:00:00,1478.0,23.1
2021-08-24 22:00:00,1359.0,23.3
2021-08-24 23:00:00,1279.0,23.3
2021-08-25 00:00:00,1202.0,23.2
2021-08-25 01:00:00,1186.0,22.8
2021-08-25 02:00:00,1136.0,22.8
2021-08-25 03:00:00,1124.0,22.7
2021-08-25 04:00:00,1112.0,22.7
2021-08-25 05:00:00,1124.0,23.0
2021-08-25 06:00:00,1174.0,23.2
2021-08-25 07:00:00,1344.0,23.2
2021-08-25 08:00:00,1433.0,23.5
2021-08-25 09:00:00,1455.0,23.9
2021-08-25 10:00:00,1489.0,24.3
2021-08-25 11:00:00,1509.0,23.6
2021-08-25 12:00:00,1411.0,22.9
2021-08-25 13:00:00,1372.0,21.2
2021-08-25 14:00:00,1356.0,20.1
2021-08-25 15:00:00,1334.0,19.7
2021-08-25 16:00:00,1350.0,19.9
2021-08-25 17:00:00,1412.0,19.9
2021-08-25 18:00:00,1302.0,19.9
2021-08-25 19:00:00,1311.0,20.0
2021-08-25 20:00:00,1366.0,20.2
2021-08-25 21:00:00,1282.0,20.5
2021-08-25 22:00:00,1183.0,20.7
2021-08-25 23:00:00,1168.0,20.6
2021-08-26 00:00:00,1122.0,20.5
2021-08-26 01:00:00,1133.0,20.5
2021-08-26 02:00:00,1110.0,20.4
2021-08-26 03:00:00,1099.0,20.5
2021-08-26 04:00:00,1088.0,20.2
2021-08-26 05:00:00,1103.0,19.5
2021-08-26 06:00:00,1152.0,19.2
2021-08-26 07:00:00,1301.0,19.3
2021-08-26 08:00:00,1341.0,19.9
2021-08-26 09:00:00,1364.0,20.0
2021-08-26 10:00:00,1330.0,19.7
2021-08-26 11:00:00,1349.0,19.7
2021-08-26 12:00:00,1227.0,20.5
2021-08-26 13:00:00,1221.0,20.6
2021-08-26 14:00:00,1239.0,20.9
2021-08-26 15:00:00,1241.0,21.1
2021-08-26 16:00:00,1261.0,20.9
2021-08-26 17:00:00,1341.0,20.5
2021-08-26 18:00:00,1242.0,20.4
2021-08-26 19:00:00,1262.0,19.7
2021-08-26 20:00:00,1332.0,19.6
2021-08-26 21:00:00,1224.0,19.7
2021-08-26 22:00:00,1114.0,19.4
2021-08-26 23:00:00,1070.0,19.4
2021-08-27 00:00:00,1017.0,19.5
2021-08-27 01:00:00,991.0,19.6
2021-08-27 02:00:00,973.0,19.5
2021-08-27 03:00:00,959.0,19.3
2021-08-27 04:00:00,967.0,19.1
2021-08-27 05:00:00,977.0,18.9
2021-08-27 06:00:00,1033.0,18.5
2021-08-27 07:00:00,1207.0,18.5
2021-08-27 08:00:00,1280.0,18.5
2021-08-27 09:00:00,1308.0,18.9
2021-08-27 10:00:00,1312.0,20.0
2021-08-27 11:00:00,1343.0,21.6
2021-08-27 12:00:00,1215.0,21.9
2021-08-27 13:00:00,1201.0,22.5
2021-08-27 14:00:00,1234.0,21.6
2021-08-27 15:00:00,1216.0,22.1
2021-08-27 16:00:00,1234.0,22.5
2021-08-27 17:00:00,1305.0,22.7
2021-08-27 18:00:00,1234.0,22.8
2021-08-27 19:00:00,1239.0,21.6
2021-08-27 20:00:00,1367.0,20.9
2021-08-27 21:00:00,1254.0,20.9
2021-08-27 22:00:00,1139.0,21.0
2021-08-27 23:00:00,1088.0,20.7
2021-08-28 00:00:00,1027.0,20.5
2021-08-28 01:00:00,979.0,20.5
2021-08-28 02:00:00,969.0,20.3
2021-08-28 03:00:00,973.0,20.5
2021-08-28 04:00:00,959.0,20.3
2021-08-28 05:00:00,971.0,20.3
2021-08-28 06:00:00,1040.0,20.3
2021-08-28 07:00:00,1188.0,20.6
2021-08-28 08:00:00,1227.0,21.8
2021-08-28 09:00:00,1267.0,22.8
2021-08-28 10:00:00,1307.0,23.2
2021-08-28 11:00:00,1350.0,24.2
2021-08-28 12:00:00,1276.0,25.2
2021-08-28 13:00:00,1257.0,26.5
2021-08-28 14:00:00,1322.0,27.2
2021-08-28 15:00:00,1302.0,27.9
2021-08-28 16:00:00,1355.0,28.1
2021-08-28 17:00:00,1395.0,28.7
2021-08-28 18:00:00,1328.0,27.6
2021-08-28 19:00:00,1336.0,25.4
2021-08-28 20:00:00,1486.0,25.1
2021-08-28 21:00:00,1356.0,24.8
2021-08-28 22:00:00,1260.0,24.8
2021-08-28 23:00:00,1166.0,24.7
2021-08-29 00:00:00,1086.0,24.3
2021-08-29 01:00:00,1035.0,24.2
2021-08-29 02:00:00,999.0,24.1
2021-08-29 03:00:00,989.0,23.9
2021-08-29 04:00:00,971.0,23.7
2021-08-29 05:00:00,991.0,23.0
2021-08-29 06:00:00,1057.0,23.3
2021-08-29 07:00:00,1209.0,23.6
2021-08-29 08:00:00,1247.0,24.1
2021-08-29 09:00:00,1295.0,25.1
2021-08-29 10:00:00,1353.0,27.1
2021-08-29 11:00:00,1474.0,29.2
2021-08-29 12:00:00,1453.0,30.5
2021-08-29 13:00:00,1476.0,32.4
2021-08-29 14:00:00,1511.0,33.6
2021-08-29 15:00:00,1528.0,33.6
2021-08-29 16:00:00,1541.0,32.5
2021-08-29 17:00:00,1615.0,33.3
2021-08-29 18:00:00,1507.0,30.9
2021-08-29 19:00:00,1512.0,29.2
2021-08-29 20:00:00,1713.0,28.4
2021-08-29 21:00:00,1612.0,27.9
2021-08-29 22:00:00,1461.0,27.7
2021-08-29 23:00:00,1357.0,27.5
2021-08-30 00:00:00,1255.0,27.2
2021-08-30 01:00:00,1192.0,27.0
2021-08-30 02:00:00,1138.0,27.4
2021-08-30 03:00:00,1107.0,26.4
2021-08-30 04:00:00,1096.0,26.6
2021-08-30 05:00:00,1096.0,26.2
2021-08-30 06:00:00,1163.0,26.0
2021-08-30 07:00:00,1318.0,24.6
2021-08-30 08:00:00,1459.0,25.6
2021-08-30 09:00:00,1614.0,27.9
2021-08-30 10:00:00,1717.0,29.9
2021-08-30 11:00:00,1831.0,31.5
2021-08-30 12:00:00,1763.0,32.9
2021-08-30 13:00:00,1767.0,34.4
2021-08-30 14:00:00,1782.0,35.5
2021-08-30 15:00:00,1804.0,34.9
2021-08-30 16:00:00,1772.0,33.7
2021-08-30 17:00:00,1852.0,32.7
2021-08-30 18:00:00,1683.0,31.6
2021-08-30 19:00:00,1757.0,30.3
2021-08-30 20:00:00,2055.0,29.9
2021-08-30 21:00:00,1997.0,29.6
2021-08-30 22:00:00,1825.0,29.2
2021-08-30 23:00:00,1635.0,28.8
2021-08-31 00:00:00,1522.0,28.4
2021-08-31 01:00:00,1439.0,28.4
2021-08-31 02:00:00,1369.0,28.1
2021-08-31 03:00:00,1321.0,27.5
2021-08-31 04:00:00,1266.0,26.3
2021-08-31 05:00:00,1256.0,25.4
2021-08-31 06:00:00,1293.0,25.6
2021-08-31 07:00:00,1398.0,26.3
2021-08-31 08:00:00,1488.0,27.5
2021-08-31 09:00:00,1731.0,28.7
2021-08-31 10:00:00,1844.0,31.1
2021-08-31 11:00:00,1957.0,32.6
2021-08-31 12:00:00,1981.0,33.7
2021-08-31 13:00:00,2060.0,34.6
2021-08-31 14:00:00,2109.0,35.5
2021-08-31 15:00:00,2060.0,36.3
2021-08-31 16:00:00,2027.0,36.4
2021-08-31 17:00:00,2052.0,34.8
2021-08-31 18:00:00,1897.0,33.4
2021-08-31 19:00:00,1895.0,31.3
2021-08-31 20:00:00,2313.0,30.4
2021-08-31 21:00:00,2304.0,30.5
2021-08-31 22:00:00,2170.0,30.0
2021-08-31 23:00:00,2022.0,29.5
2021-09-01 00:00:00,1767.0,28.7
2021-09-01 01:00:00,1664.0,28.4
2021-09-01 02:00:00,1570.0,28.3
2021-09-01 03:00:00,1487.0,28.9
2021-09-01 04:00:00,1424.0,28.1
2021-09-01 05:00:00,1394.0,26.6
2021-09-01 06:00:00,1392.0,26.1
2021-09-01 07:00:00,1429.0,26.0
2021-09-01 08:00:00,1534.0,27.5
2021-09-01 09:00:00,1680.0,29.8
2021-09-01 10:00:00,1830.0,29.6
2021-09-01 11:00:00,1944.0,30.2
2021-09-01 12:00:00,1931.0,31.2
2021-09-01 13:00:00,2043.0,32.2
2021-09-01 14:00:00,2057.0,33.3
2021-09-01 15:00:00,2038.0,33.7
2021-09-01 16:00:00,2005.0,32.9
2021-09-01 17:00:00,2007.0,31.9
2021-09-01 18:00:00,1785.0,31.0
2021-09-01 19:00:00,1850.0,29.6
2021-09-01 20:00:00,2173.0,28.7
2021-09-01 21:00:00,2129.0,28.1
2021-09-01 22:00:00,1930.0,27.9
2021-09-01 23:00:00,1799.0,26.1
2021-09-02 00:00:00,1583.0,24.9
2021-09-02 01:00:00,1485.0,24.2
2021-09-02 02:00:00,1409.0,23.3
2021-09-02 03:00:00,1333.0,22.7
2021-09-02 04:00:00,1284.0,22.4
2021-09-02 05:00:00,1272.0,22.1
2021-09-02 06:00:00,1314.0,21.7
2021-09-02 07:00:00,1357.0,21.8
2021-09-02 08:00:00,1444.0,22.1
2021-09-02 09:00:00,1551.0,22.9
2021-09-02 10:00:00,1595.0,23.2
2021-09-02 11:00:00,1731.0,24.3
2021-09-02 12:00:00,1693.0,25.7
2021-09-02 13:00:00,1786.0,26.5
2021-09-02 14:00:00,1741.0,28.6
2021-09-02 15:00:00,1684.0,30.4
2021-09-02 16:00:00,1699.0,30.5
2021-09-02 17:00:00,1773.0,30.4
2021-09-02 18:00:00,1666.0,29.4
2021-09-02 19:00:00,1699.0,27.7
2021-09-02 20:00:00,1934.0,26.7
2021-09-02 21:00:00,1863.0,26.9
2021-09-02 22:00:00,1656.0,26.3
2021-09-02 23:00:00,1564.0,26.0
2021-09-03 00:00:00,1444.0,25.8
2021-09-03 01:00:00,1390.0,25.5
2021-09-03 02:00:00,1328.0,25.3
2021-09-03 03:00:00,1292.0,24.9
2021-09-03 04:00:00,1271.0,24.9
2021-09-03 05:00:00,1264.0,24.6
2021-09-03 06:00:00,1317.0,24.5
2021-09-03 07:00:00,1448.0,24.6
2021-09-03 08:00:00,1531.0,25.4
2021-09-03 09:00:00,1615.0,26.5
2021-09-03 10:00:00,1661.0,27.3
2021-09-03 11:00:00,1706.0,28.9
2021-09-03 12:00:00,1742.0,29.5
2021-09-03 13:00:00,1839.0,30.3
2021-09-03 14:00:00,1873.0,31.7
2021-09-03 15:00:00,1826.0,32.8
2021-09-03 16:00:00,1805.0,32.6
2021-09-03 17:00:00,1906.0,32.9
2021-09-03 18:00:00,1761.0,30.9
2021-09-03 19:00:00,1832.0,29.4
2021-09-03 20:00:00,2111.0,28.4
2021-09-03 21:00:00,2044.0,28.3
2021-09-03 22:00:00,1892.0,28.2
2021-09-03 23:00:00,1768.0,27.0
2021-09-04 00:00:00,1627.0,26.4
2021-09-04 01:00:00,1532.0,26.5
2021-09-04 02:00:00,1446.0,26.3
2021-09-04 03:00:00,1403.0,25.7
2021-09-04 04:00:00,1353.0,25.5
2021-09-04 05:00:00,1335.0,25.5
2021-09-04 06:00:00,1386.0,25.6
2021-09-04 07:00:00,1478.0,25.1
2021-09-04 08:00:00,1573.0,28.1
2021-09-04 09:00:00,1702.0,29.4
2021-09-04 10:00:00,1775.0,31.1
2021-09-04 11:00:00,1853.0,32.6
2021-09-04 12:00:00,1873.0,33.8
2021-09-04 13:00:00,1975.0,34.5
2021-09-04 14:00:00,1970.0,35.9
2021-09-04 15:00:00,1965.0,35.8
2021-09-04 16:00:00,1959.0,36.1
2021-09-04 17:00:00,2001.0,36.1
2021-09-04 18:00:00,1880.0,34.8
2021-09-04 19:00:00,1957.0,33.7
2021-09-04 20:00:00,2264.0,30.9
2021-09-04 21:00:00,2180.0,30.4
2021-09-04 22:00:00,2052.0,30.0
2021-09-04 23:00:00,1824.0,29.4
2021-09-05 00:00:00,1758.0,29.0
2021-09-05 01:00:00,1729.0,28.9
2021-09-05 02:00:00,1609.0,27.7
2021-09-05 03:00:00,1518.0,26.1
2021-09-05 04:00:00,1416.0,24.7
2021-09-05 05:00:00,1358.0,24.5
2021-09-05 06:00:00,1309.0,24.1
2021-09-05 07:00:00,1327.0,24.2
2021-09-05 08:00:00,1410.0,24.2
2021-09-05 09:00:00,1562.0,24.4
2021-09-05 10:00:00,1621.0,25.2
2021-09-05 11:00:00,1749.0,25.3
2021-09-05 12:00:00,1683.0,27.2
2021-09-05 13:00:00,1733.0,27.9
2021-09-05 14:00:00,1857.0,28.3
2021-09-05 15:00:00,1836.0,28.4
2021-09-05 16:00:00,1836.0,28.5
2021-09-05 17:00:00,1854.0,29.0
2021-09-05 18:00:00,1685.0,27.5
2021-09-05 19:00:00,1747.0,26.4
2021-09-05 20:00:00,1913.0,25.9
2021-09-05 21:00:00,1761.0,25.9
2021-09-05 22:00:00,1677.0,25.7
2021-09-05 23:00:00,1570.0,25.5
2021-09-06 00:00:00,1413.0,25.4
2021-09-06 01:00:00,1349.0,25.3
2021-09-06 02:00:00,1296.0,25.4
2021-09-06 03:00:00,1269.0,25.1
2021-09-06 04:00:00,1258.0,25.0
2021-09-06 05:00:00,1236.0,24.8
2021-09-06 06:00:00,1293.0,24.4
2021-09-06 07:00:00,1416.0,24.2
2021-09-06 08:00:00,1475.0,24.4
2021-09-06 09:00:00,1512.0,24.7
2021-09-06 10:00:00,1497.0,24.4
2021-09-06 11:00:00,1509.0,24.0
2021-09-06 12:00:00,1415.0,23.7
2021-09-06 13:00:00,1438.0,24.0
2021-09-06 14:00:00,1438.0,24.2
2021-09-06 15:00:00,1437.0,24.1
2021-09-06 16:00:00,1470.0,24.0
2021-09-06 17:00:00,1495.0,23.4
2021-09-06 18:00:00,1411.0,21.8
2021-09-06 19:00:00,1469.0,21.4
2021-09-06 20:00:00,1517.0,22.0
2021-09-06 21:00:00,1418.0,22.2
2021-09-06 22:00:00,1342.0,21.7
2021-09-06 23:00:00,1243.0,21.9
2021-09-07 00:00:00,1179.0,22.3
2021-09-07 01:00:00,1156.0,22.1
2021-09-07 02:00:00,1121.0,22.1
2021-09-07 03:00:00,1104.0,22.0
2021-09-07 04:00:00,1102.0,22.6
2021-09-07 05:00:00,1114.0,21.8
2021-09-07 06:00:00,1193.0,23.2
2021-09-07 07:00:00,1362.0,22.3
2021-09-07 08:00:00,1391.0,23.0
2021-09-07 09:00:00,1463.0,24.0
2021-09-07 10:00:00,1478.0,24.6
2021-09-07 11:00:00,1476.0,24.9
2021-09-07 12:00:00,1374.0,26.0
2021-09-07 13:00:00,1407.0,26.0
2021-09-07 14:00:00,1417.0,25.6
2021-09-07 15:00:00,1426.0,26.1
2021-09-07 16:00:00,1449.0,26.4
2021-09-07 17:00:00,1500.0,27.0
2021-09-07 18:00:00,1396.0,25.3
2021-09-07 19:00:00,1426.0,24.4
2021-09-07 20:00:00,1522.0,24.4
2021-09-07 21:00:00,1431.0,24.2
2021-09-07 22:00:00,1298.0,24.3
2021-09-07 23:00:00,1273.0,22.8
2021-09-08 00:00:00,1179.0,22.2
2021-09-08 01:00:00,1159.0,22.2
2021-09-08 02:00:00,1129.0,21.9
2021-09-08 03:00:00,1104.0,21.5
2021-09-08 04:00:00,1090.0,21.7
2021-09-08 05:00:00,1102.0,22.2
2021-09-08 06:00:00,1196.0,21.6
2021-09-08 07:00:00,1343.0,21.3
2021-09-08 08:00:00,1406.0,22.0
2021-09-08 09:00:00,1448.0,23.1
2021-09-08 10:00:00,1478.0,24.5
2021-09-08 11:00:00,1533.0,25.9
2021-09-08 12:00:00,1490.0,28.0
2021-09-08 13:00:00,1512.0,29.1
2021-09-08 14:00:00,1565.0,29.7
2021-09-08 15:00:00,1544.0,30.2
2021-09-08 16:00:00,1565.0,30.9
2021-09-08 17:00:00,1629.0,30.5
2021-09-08 18:00:00,1493.0,28.7
2021-09-08 19:00:00,1504.0,26.3
2021-09-08 20:00:00,1618.0,25.2
2021-09-08 21:00:00,1511.0,25.0
2021-09-08 22:00:00,1399.0,24.7
2021-09-08 23:00:00,1343.0,24.4
2021-09-09 00:00:00,1247.0,24.3
2021-09-09 01:00:00,1197.0,24.2
2021-09-09 02:00:00,1168.0,24.4
2021-09-09 03:00:00,1159.0,23.6
2021-09-09 04:00:00,1126.0,23.8
2021-09-09 05:00:00,1163.0,22.9
2021-09-09 06:00:00,1238.0,22.1
2021-09-09 07:00:00,1374.0,22.5
2021-09-09 08:00:00,1471.0,23.7
2021-09-09 09:00:00,1590.0,25.8
2021-09-09 10:00:00,1664.0,28.1
2021-09-09 11:00:00,1734.0,29.6
2021-09-09 12:00:00,1679.0,31.3
2021-09-09 13:00:00,1752.0,32.1
2021-09-09 14:00:00,1760.0,33.4
2021-09-09 15:00:00,1764.0,33.4
2021-09-09 16:00:00,1760.0,33.6
2021-09-09 17:00:00,1791.0,32.2
2021-09-09 18:00:00,1660.0,30.8
2021-09-09 19:00:00,1677.0,29.0
2021-09-09 20:00:00,1856.0,28.2
2021-09-09 21:00:00,1775.0,27.7
2021-09-09 22:00:00,1646.0,27.2
2021-09-09 23:00:00,1568.0,26.9
2021-09-10 00:00:00,1458.0,27.1
2021-09-10 01:00:00,1373.0,26.2
2021-09-10 02:00:00,1326.0,26.2
2021-09-10 03:00:00,1290.0,25.8
2021-09-10 04:00:00,1268.0,26.2
2021-09-10 05:00:00,1262.0,26.5
2021-09-10 06:00:00,1321.0,26.2
2021-09-10 07:00:00,1449.0,25.1
2021-09-10 08:00:00,1565.0,25.4
2021-09-10 09:00:00,1699.0,29.2
2021-09-10 10:00:00,1792.0,30.0
2021-09-10 11:00:00,1874.0,32.1
2021-09-10 12:00:00,1842.0,32.8
2021-09-10 13:00:00,1950.0,33.3
2021-09-10 14:00:00,1943.0,34.4
2021-09-10 15:00:00,1923.0,34.3
2021-09-10 16:00:00,1911.0,33.9
2021-09-10 17:00:00,1949.0,33.4
2021-09-10 18:00:00,1773.0,31.1
2021-09-10 19:00:00,1830.0,29.1
2021-09-10 20:00:00,2060.0,28.3
2021-09-10 21:00:00,2009.0,27.9
2021-09-10 22:00:00,1887.0,27.3
2021-09-10 23:00:00,1755.0,27.0
2021-09-11 00:00:00,1627.0,26.7
2021-09-11 01:00:00,1526.0,26.8
2021-09-11 02:00:00,1454.0,26.0
2021-09-11 03:00:00,1400.0,26.2
2021-09-11 04:00:00,1360.0,26.3
2021-09-11 05:00:00,1355.0,26.0
2021-09-11 06:00:00,1382.0,24.9
2021-09-11 07:00:00,1500.0,24.5
2021-09-11 08:00:00,1578.0,26.1
2021-09-11 09:00:00,1683.0,28.6
2021-09-11 10:00:00,1763.0,29.8
2021-09-11 11:00:00,1861.0,31.5
2021-09-11 12:00:00,1807.0,32.7
2021-09-11 13:00:00,1888.0,33.4
2021-09-11 14:00:00,1928.0,34.0
2021-09-11 15:00:00,1891.0,33.9
2021-09-11 16:00:00,1846.0,33.0
2021-09-11 17:00:00,1876.0,31.1
2021-09-11 18:00:00,1701.0,29.5
2021-09-11 19:00:00,1758.0,29.5
2021-09-11 20:00:00,1968.0,29.0
2021-09-11 21:00:00,1906.0,28.5
2021-09-11 22:00:00,1776.0,28.0
2021-09-11 23:00:00,1711.0,28.5
2021-09-12 00:00:00,1591.0,28.5
2021-09-12 01:00:00,1517.0,26.8
2021-09-12 02:00:00,1430.0,25.9
2021-09-12 03:00:00,1385.0,25.2
2021-09-12 04:00:00,1349.0,25.7
2021-09-12 05:00:00,1322.0,25.0
2021-09-12 06:00:00,1355.0,26.1
2021-09-12 07:00:00,1463.0,25.1
2021-09-12 08:00:00,1534.0,25.9
2021-09-12 09:00:00,1586.0,27.5
2021-09-12 10:00:00,1667.0,29.6
2021-09-12 11:00:00,1754.0,30.3
2021-09-12 12:00:00,1740.0,31.7
2021-09-12 13:00:00,1797.0,32.1
2021-09-12 14:00:00,1831.0,32.9
2021-09-12 15:00:00,1814.0,33.0
2021-09-12 16:00:00,1780.0,33.3
2021-09-12 17:00:00,1808.0,32.2
2021-09-12 18:00:00,1680.0,30.1
2021-09-12 19:00:00,1763.0,29.4
2021-09-12 20:00:00,1963.0,29.4
2021-09-12 21:00:00,1895.0,29.4
2021-09-12 22:00:00,1785.0,27.5
2021-09-12 23:00:00,1682.0,27.5
2021-09-13 00:00:00,1571.0,27.5
2021-09-13 01:00:00,1480.0,26.9
2021-09-13 02:00:00,1408.0,26.8
2021-09-13 03:00:00,1353.0,25.6
2021-09-13 04:00:00,1312.0,25.4
2021-09-13 05:00:00,1316.0,24.9
2021-09-13 06:00:00,1360.0,24.9
2021-09-13 07:00:00,1438.0,24.5
2021-09-13 08:00:00,1504.0,24.7
2021-09-13 09:00:00,1637.0,25.6
2021-09-13 10:00:00,1718.0,27.4
2021-09-13 11:00:00,1795.0,29.9
2021-09-13 12:00:00,1752.0,30.3
2021-09-13 13:00:00,1845.0,29.9
2021-09-13 14:00:00,1825.0,31.6
2021-09-13 15:00:00,1793.0,32.0
2021-09-13 16:00:00,1781.0,30.9
2021-09-13 17:00:00,1800.0,31.0
2021-09-13 18:00:00,1641.0,28.8
2021-09-13 19:00:00,1720.0,28.2
2021-09-13 20:00:00,1851.0,27.6
2021-09-13 21:00:00,1785.0,27.5
2021-09-13 22:00:00,1677.0,27.1
2021-09-13 23:00:00,1586.0,26.6
2021-09-14 00:00:00,1486.0,24.4
2021-09-14 01:00:00,1415.0,24.9
2021-09-14 02:00:00,1363.0,23.9
2021-09-14 03:00:00,1341.0,23.4
2021-09-14 04:00:00,1303.0,23.3
2021-09-14 05:00:00,1301.0,23.3
2021-09-14 06:00:00,1359.0,23.1
2021-09-14 07:00:00,1473.0,23.4
2021-09-14 08:00:00,1565.0,25.2
2021-09-14 09:00:00,1667.0,26.6
2021-09-14 10:00:00,1712.0,28.5
2021-09-14 11:00:00,1771.0,29.4
2021-09-14 12:00:00,1724.0,31.3
2021-09-14 13:00:00,1802.0,32.0
2021-09-14 14:00:00,1812.0,31.3
2021-09-14 15:00:00,1807.0,31.8
2021-09-14 16:00:00,1811.0,30.2
2021-09-14 17:00:00,1812.0,29.4
2021-09-14 18:00:00,1672.0,29.3
2021-09-14 19:00:00,1731.0,28.5
2021-09-14 20:00:00,1862.0,28.2
2021-09-14 21:00:00,1804.0,27.8
2021-09-14 22:00:00,1685.0,27.6
2021-09-14 23:00:00,1610.0,27.2
2021-09-15 00:00:00,1473.0,26.5
2021-09-15 01:00:00,1409.0,24.7
2021-09-15 02:00:00,1383.0,24.4
2021-09-15 03:00:00,1318.0,24.1
2021-09-15 04:00:00,1281.0,23.6
2021-09-15 05:00:00,1282.0,22.8
2021-09-15 06:00:00,1342.0,22.4
2021-09-15 07:00:00,1440.0,23.4
2021-09-15 08:00:00,1545.0,25.3
2021-09-15 09:00:00,1631.0,27.5
2021-09-15 10:00:00,1677.0,29.4
2021-09-15 11:00:00,1757.0,30.9
2021-09-15 12:00:00,1711.0,31.8
2021-09-15 13:00:00,1795.0,32.8
2021-09-15 14:00:00,1827.0,32.7
2021-09-15 15:00:00,1784.0,30.9
2021-09-15 16:00:00,1773.0,30.7
2021-09-15 17:00:00,1790.0,30.6
2021-09-15 18:00:00,1666.0,29.8
2021-09-15 19:00:00,1765.0,28.6
2021-09-15 20:00:00,1878.0,28.2
2021-09-15 21:00:00,1797.0,27.9
2021-09-15 22:00:00,1692.0,27.5
2021-09-15 23:00:00,1611.0,27.5
2021-09-16 00:00:00,1499.0,27.2
2021-09-16 01:00:00,1436.0,26.2
2021-09-16 02:00:00,1373.0,24.9
2021-09-16 03:00:00,1320.0,25.9
2021-09-16 04:00:00,1302.0,24.0
2021-09-16 05:00:00,1294.0,23.9
2021-09-16 06:00:00,1371.0,23.6
2021-09-16 07:00:00,1495.0,24.5
2021-09-16 08:00:00,1597.0,26.8
2021-09-16 09:00:00,1707.0,28.2
2021-09-16 10:00:00,1747.0,31.0
2021-09-16 11:00:00,1835.0,31.5
2021-09-16 12:00:00,1793.0,32.3
2021-09-16 13:00:00,1862.0,32.4
2021-09-16 14:00:00,1883.0,32.1
2021-09-16 15:00:00,1836.0,32.7
2021-09-16 16:00:00,1828.0,32.4
2021-09-16 17:00:00,1842.0,31.5
2021-09-16 18:00:00,1695.0,29.9
2021-09-16 19:00:00,1811.0,28.4
2021-09-16 20:00:00,1924.0,28.4
2021-09-16 21:00:00,1861.0,28.4
2021-09-16 22:00:00,1773.0,28.1
2021-09-16 23:00:00,1647.0,27.5
2021-09-17 00:00:00,1528.0,26.9
2021-09-17 01:00:00,1458.0,26.7
2021-09-17 02:00:00,1395.0,25.2
2021-09-17 03:00:00,1358.0,25.8
2021-09-17 04:00:00,1333.0,26.5
2021-09-17 05:00:00,1337.0,25.1
2021-09-17 06:00:00,1384.0,24.4
2021-09-17 07:00:00,1515.0,25.5
2021-09-17 08:00:00,1598.0,26.3
2021-09-17 09:00:00,1702.0,28.8
2021-09-17 10:00:00,1757.0,30.0
2021-09-17 11:00:00,1833.0,30.8
2021-09-17 12:00:00,1804.0,31.5
2021-09-17 13:00:00,1873.0,32.2
2021-09-17 14:00:00,1910.0,31.6
2021-09-17 15:00:00,1831.0,31.8
2021-09-17 16:00:00,1824.0,32.2
2021-09-17 17:00:00,1834.0,30.3
2021-09-17 18:00:00,1705.0,29.3
2021-09-17 19:00:00,1843.0,29.2
2021-09-17 20:00:00,1927.0,29.0
2021-09-17 21:00:00,1879.0,28.6
2021-09-17 22:00:00,1774.0,28.3
2021-09-17 23:00:00,1674.0,28.0
2021-09-18 00:00:00,1541.0,24.2
2021-09-18 01:00:00,1504.0,24.1
2021-09-18 02:00:00,1434.0,24.2
2021-09-18 03:00:00,1380.0,24.4
2021-09-18 04:00:00,1343.0,24.0
2021-09-18 05:00:00,1355.0,24.1
2021-09-18 06:00:00,1412.0,24.0
2021-09-18 07:00:00,1530.0,24.0
2021-09-18 08:00:00,1626.0,24.4
2021-09-18 09:00:00,1682.0,25.4
2021-09-18 10:00:00,1674.0,27.8
2021-09-18 11:00:00,1735.0,30.3
2021-09-18 12:00:00,1694.0,31.7
2021-09-18 13:00:00,1783.0,31.7
2021-09-18 14:00:00,1785.0,31.4
2021-09-18 15:00:00,1779.0,32.2
2021-09-18 16:00:00,1767.0,31.8
2021-09-18 17:00:00,1793.0,31.5
2021-09-18 18:00:00,1655.0,30.3
2021-09-18 19:00:00,1803.0,29.2
2021-09-18 20:00:00,1942.0,28.4
2021-09-18 21:00:00,1863.0,28.7
2021-09-18 22:00:00,1777.0,28.2
2021-09-18 23:00:00,1727.0,27.7
2021-09-19 00:00:00,1599.0,27.4
2021-09-19 01:00:00,1517.0,27.1
2021-09-19 02:00:00,1463.0,26.0
2021-09-19 03:00:00,1414.0,25.5
2021-09-19 04:00:00,1388.0,24.9
2021-09-19 05:00:00,1364.0,24.8
2021-09-19 06:00:00,1396.0,24.7
2021-09-19 07:00:00,1534.0,25.4
2021-09-19 08:00:00,1612.0,27.4
2021-09-19 09:00:00,1635.0,29.9
2021-09-19 10:00:00,1681.0,31.2
2021-09-19 11:00:00,1744.0,32.5
2021-09-19 12:00:00,1746.0,34.5
2021-09-19 13:00:00,1836.0,33.6
2021-09-19 14:00:00,1846.0,33.1
2021-09-19 15:00:00,1797.0,32.9
2021-09-19 16:00:00,1722.0,28.0
2021-09-19 17:00:00,1717.0,26.2
2021-09-19 18:00:00,1591.0,26.7
2021-09-19 19:00:00,1721.0,25.9
2021-09-19 20:00:00,1669.0,22.1
2021-09-19 21:00:00,1500.0,21.1
2021-09-19 22:00:00,1415.0,20.6
2021-09-19 23:00:00,1377.0,20.2
2021-09-20 00:00:00,1309.0,20.0
2021-09-20 01:00:00,1353.0,19.8
2021-09-20 02:00:00,1310.0,19.9
2021-09-20 03:00:00,1287.0,20.0
2021-09-20 04:00:00,1278.0,20.0
2021-09-20 05:00:00,1279.0,20.2
2021-09-20 06:00:00,1318.0,20.1
2021-09-20 07:00:00,1449.0,20.1
2021-09-20 08:00:00,1465.0,20.6
2021-09-20 09:00:00,1457.0,21.7
2021-09-20 10:00:00,1526.0,22.5
2021-09-20 11:00:00,1592.0,25.1
2021-09-20 12:00:00,1547.0,27.0
2021-09-20 13:00:00,1593.0,27.6
2021-09-20 14:00:00,1615.0,28.1
2021-09-20 15:00:00,1628.0,29.4
2021-09-20 16:00:00,1643.0,29.5
2021-09-20 17:00:00,1632.0,29.8
2021-09-20 18:00:00,1550.0,28.0
2021-09-20 19:00:00,1633.0,25.8
2021-09-20 20:00:00,1688.0,24.6
2021-09-20 21:00:00,1597.0,24.4
2021-09-20 22:00:00,1430.0,23.8
2021-09-20 23:00:00,1277.0,23.6
2021-09-21 00:00:00,1210.0,23.7
2021-09-21 01:00:00,1136.0,24.4
2021-09-21 02:00:00,1092.0,23.2
2021-09-21 03:00:00,1060.0,22.1
2021-09-21 04:00:00,1059.0,21.7
2021-09-21 05:00:00,1049.0,21.7
2021-09-21 06:00:00,1063.0,21.5
2021-09-21 07:00:00,1167.0,21.8
2021-09-21 08:00:00,1170.0,22.8
2021-09-21 09:00:00,1402.0,25.5
2021-09-21 10:00:00,1437.0,28.2
2021-09-21 11:00:00,1506.0,29.9
2021-09-21 12:00:00,1434.0,31.5
2021-09-21 13:00:00,1476.0,32.8
2021-09-21 14:00:00,1485.0,34.5
2021-09-21 15:00:00,1538.0,34.4
2021-09-21 16:00:00,1547.0,34.7
2021-09-21 17:00:00,1579.0,34.0
2021-09-21 18:00:00,1505.0,31.7
2021-09-21 19:00:00,1650.0,28.3
2021-09-21 20:00:00,1703.0,27.2
2021-09-21 21:00:00,1607.0,26.9
2021-09-21 22:00:00,1462.0,26.3
2021-09-21 23:00:00,1339.0,26.6
2021-09-22 00:00:00,1230.0,27.0
2021-09-22 01:00:00,1157.0,26.8
2021-09-22 02:00:00,1117.0,25.4
2021-09-22 03:00:00,1085.0,24.5
2021-09-22 04:00:00,1073.0,23.4
2021-09-22 05:00:00,1077.0,23.3
2021-09-22 06:00:00,1142.0,22.9
2021-09-22 07:00:00,1295.0,22.8
2021-09-22 08:00:00,1401.0,23.5
2021-09-22 09:00:00,1507.0,25.6
2021-09-22 10:00:00,1583.0,29.6
2021-09-22 11:00:00,1670.0,31.6
2021-09-22 12:00:00,1645.0,32.9
2021-09-22 13:00:00,1704.0,33.8
2021-09-22 14:00:00,1737.0,34.8
2021-09-22 15:00:00,1696.0,35.6
2021-09-22 16:00:00,1704.0,34.8
2021-09-22 17:00:00,1727.0,34.0
2021-09-22 18:00:00,1585.0,31.1
2021-09-22 19:00:00,1708.0,28.7
2021-09-22 20:00:00,1782.0,27.8
2021-09-22 21:00:00,1698.0,27.2
2021-09-22 22:00:00,1601.0,26.7
2021-09-22 23:00:00,1538.0,26.2
2021-09-23 00:00:00,1456.0,26.4
2021-09-23 01:00:00,1376.0,26.4
2021-09-23 02:00:00,1334.0,26.2
2021-09-23 03:00:00,1294.0,26.0
2021-09-23 04:00:00,1275.0,26.1
2021-09-23 05:00:00,1265.0,25.4
2021-09-23 06:00:00,1333.0,24.7
2021-09-23 07:00:00,1470.0,25.1
2021-09-23 08:00:00,1529.0,26.2
2021-09-23 09:00:00,1606.0,28.5
2021-09-23 10:00:00,1688.0,29.6
2021-09-23 11:00:00,1752.0,32.1
2021-09-23 12:00:00,1682.0,34.1
2021-09-23 13:00:00,1807.0,34.0
2021-09-23 14:00:00,1816.0,35.4
2021-09-23 15:00:00,1792.0,36.1
2021-09-23 16:00:00,1806.0,34.4
2021-09-23 17:00:00,1810.0,34.3
2021-09-23 18:00:00,1660.0,31.6
2021-09-23 19:00:00,1819.0,29.9
2021-09-23 20:00:00,1924.0,29.2
2021-09-23 21:00:00,1886.0,29.1
2021-09-23 22:00:00,1778.0,29.0
2021-09-23 23:00:00,1619.0,28.8
2021-09-24 00:00:00,1513.0,28.5
2021-09-24 01:00:00,1454.0,28.2
2021-09-24 02:00:00,1376.0,27.9
2021-09-24 03:00:00,1316.0,28.3
2021-09-24 04:00:00,1267.0,27.6
2021-09-24 05:00:00,1258.0,27.5
2021-09-24 06:00:00,1305.0,26.4
2021-09-24 07:00:00,1392.0,26.2
2021-09-24 08:00:00,1483.0,26.8
2021-09-24 09:00:00,1612.0,28.9
2021-09-24 10:00:00,1708.0,31.3
2021-09-24 11:00:00,1740.0,33.0
2021-09-24 12:00:00,1704.0,34.4
2021-09-24 13:00:00,1793.0,35.1
2021-09-24 14:00:00,1790.0,36.1
2021-09-24 15:00:00,1728.0,36.0
2021-09-24 16:00:00,1729.0,35.0
2021-09-24 17:00:00,1775.0,35.1
2021-09-24 18:00:00,1612.0,34.4
2021-09-24 19:00:00,1834.0,33.9
2021-09-24 20:00:00,2015.0,31.7
2021-09-24 21:00:00,1988.0,30.5
2021-09-24 22:00:00,1843.0,30.7
2021-09-24 23:00:00,1675.0,31.1
2021-09-25 00:00:00,1556.0,29.5
2021-09-25 01:00:00,1462.0,29.0
2021-09-25 02:00:00,1373.0,28.8
2021-09-25 03:00:00,1308.0,26.8
2021-09-25 04:00:00,1276.0,27.8
2021-09-25 05:00:00,1209.0,26.0
2021-09-25 06:00:00,1216.0,25.3
2021-09-25 07:00:00,1299.0,25.2
2021-09-25 08:00:00,1354.0,26.7
2021-09-25 09:00:00,1447.0,29.4
2021-09-25 10:00:00,1562.0,31.4
2021-09-25 11:00:00,1664.0,33.1
2021-09-25 12:00:00,1660.0,34.2
2021-09-25 13:00:00,1770.0,35.3
2021-09-25 14:00:00,1784.0,35.6
2021-09-25 15:00:00,1771.0,36.3
2021-09-25 16:00:00,1760.0,36.5
2021-09-25 17:00:00,1752.0,36.0
2021-09-25 18:00:00,1600.0,34.6
2021-09-25 19:00:00,1809.0,32.4
2021-09-25 20:00:00,2041.0,30.5
2021-09-25 21:00:00,2012.0,30.1
2021-09-25 22:00:00,1854.0,30.6
2021-09-25 23:00:00,1705.0,30.6
2021-09-26 00:00:00,1576.0,30.1
2021-09-26 01:00:00,1470.0,28.7
2021-09-26 02:00:00,1355.0,28.2
2021-09-26 03:00:00,1299.0,26.8
2021-09-26 04:00:00,1222.0,26.4
2021-09-26 05:00:00,1173.0,25.7
2021-09-26 06:00:00,1170.0,24.9
2021-09-26 07:00:00,1224.0,25.0
2021-09-26 08:00:00,1327.0,26.0
2021-09-26 09:00:00,1427.0,28.9
2021-09-26 10:00:00,1531.0,31.7
2021-09-26 11:00:00,1641.0,33.9
2021-09-26 12:00:00,1655.0,34.8
2021-09-26 13:00:00,1795.0,35.6
2021-09-26 14:00:00,1786.0,36.5
2021-09-26 15:00:00,1734.0,36.8
2021-09-26 16:00:00,1720.0,36.2
2021-09-26 17:00:00,1738.0,35.9
2021-09-26 18:00:00,1624.0,33.3
2021-09-26 19:00:00,1889.0,31.3
2021-09-26 20:00:00,2086.0,30.8
2021-09-26 21:00:00,2004.0,30.3
2021-09-26 22:00:00,1867.0,29.9
2021-09-26 23:00:00,1679.0,27.1
2021-09-27 00:00:00,1446.0,24.1
2021-09-27 01:00:00,1316.0,22.8
2021-09-27 02:00:00,1200.0,22.4
2021-09-27 03:00:00,1133.0,22.4
2021-09-27 04:00:00,1085.0,22.5
2021-09-27 05:00:00,1052.0,22.4
2021-09-27 06:00:00,1065.0,22.3
2021-09-27 07:00:00,1108.0,22.4
2021-09-27 08:00:00,1209.0,22.8
2021-09-27 09:00:00,1238.0,23.5
2021-09-27 10:00:00,1313.0,24.0
2021-09-27 11:00:00,1375.0,24.4
2021-09-27 12:00:00,1398.0,25.1
2021-09-27 13:00:00,1409.0,26.6
2021-09-27 14:00:00,1404.0,27.7
2021-09-27 15:00:00,1434.0,28.1
2021-09-27 16:00:00,1503.0,28.2
2021-09-27 17:00:00,1577.0,28.5
2021-09-27 18:00:00,1430.0,26.8
2021-09-27 19:00:00,1581.0,25.2
2021-09-27 20:00:00,1583.0,24.7
2021-09-27 21:00:00,1513.0,24.9
2021-09-27 22:00:00,1430.0,25.0
2021-09-27 23:00:00,1326.0,24.7
2021-09-28 00:00:00,1257.0,24.4
2021-09-28 01:00:00,1220.0,23.6
2021-09-28 02:00:00,1174.0,23.3
2021-09-28 03:00:00,1153.0,23.4
2021-09-28 04:00:00,1150.0,23.4
2021-09-28 05:00:00,1144.0,23.3
2021-09-28 06:00:00,1208.0,23.2
2021-09-28 07:00:00,1365.0,23.2
2021-09-28 08:00:00,1351.0,24.3
2021-09-28 09:00:00,1354.0,24.6
2021-09-28 10:00:00,1421.0,27.7
2021-09-28 11:00:00,1490.0,28.7
2021-09-28 12:00:00,1528.0,30.0
2021-09-28 13:00:00,1619.0,31.4
2021-09-28 14:00:00,1590.0,32.0
2021-09-28 15:00:00,1595.0,32.9
2021-09-28 16:00:00,1621.0,33.2
2021-09-28 17:00:00,1661.0,32.8
2021-09-28 18:00:00,1573.0,30.6
2021-09-28 19:00:00,1740.0,29.1
2021-09-28 20:00:00,1719.0,29.5
2021-09-28 21:00:00,1615.0,26.3
2021-09-28 22:00:00,1495.0,23.1
2021-09-28 23:00:00,1310.0,20.8
2021-09-29 00:00:00,1149.0,20.3
2021-09-29 01:00:00,1078.0,20.4
2021-09-29 02:00:00,1081.0,20.0
2021-09-29 03:00:00,1028.0,19.4
2021-09-29 04:00:00,1003.0,19.3
2021-09-29 05:00:00,997.0,19.2
2021-09-29 06:00:00,1074.0,19.3
2021-09-29 07:00:00,1167.0,19.2
2021-09-29 08:00:00,1204.0,19.6
2021-09-29 09:00:00,1229.0,20.5
2021-09-29 10:00:00,1236.0,22.4
2021-09-29 11:00:00,1296.0,24.8
2021-09-29 12:00:00,1276.0,25.8
2021-09-29 13:00:00,1311.0,26.5
2021-09-29 14:00:00,1319.0,27.8
2021-09-29 15:00:00,1345.0,27.4
2021-09-29 16:00:00,1355.0,28.6
2021-09-29 17:00:00,1419.0,26.8
2021-09-29 18:00:00,1329.0,26.4
2021-09-29 19:00:00,1498.0,24.4
2021-09-29 20:00:00,1463.0,23.7
2021-09-29 21:00:00,1354.0,24.4
2021-09-29 22:00:00,1242.0,23.5
2021-09-29 23:00:00,1143.0,23.6
2021-09-30 00:00:00,1084.0,23.1
2021-09-30 01:00:00,1082.0,22.6
2021-09-30 02:00:00,1055.0,22.2
2021-09-30 03:00:00,1046.0,22.2
2021-09-30 04:00:00,1052.0,22.0
2021-09-30 05:00:00,1061.0,19.6
2021-09-30 06:00:00,1153.0,19.2
2021-09-30 07:00:00,1227.0,18.8
2021-09-30 08:00:00,1230.0,19.6
2021-09-30 09:00:00,1252.0,21.9
2021-09-30 10:00:00,1282.0,24.6
2021-09-30 11:00:00,1322.0,26.3
2021-09-30 12:00:00,1280.0,27.2
2021-09-30 13:00:00,1337.0,28.7
2021-09-30 14:00:00,1340.0,29.1
2021-09-30 15:00:00,1310.0,30.4
2021-09-30 16:00:00,1365.0,30.3
2021-09-30 17:00:00,1403.0,29.9
2021-09-30 18:00:00,1303.0,28.4
2021-09-30 19:00:00,1456.0,25.6
2021-09-30 20:00:00,1459.0,24.7
2021-09-30 21:00:00,1353.0,24.3
2021-09-30 22:00:00,1251.0,23.9
2021-09-30 23:00:00,1163.0,23.4
2021-10-01 00:00:00,1116.0,23.2
2021-10-01 01:00:00,1092.0,22.9
2021-10-01 02:00:00,1062.0,23.4
2021-10-01 03:00:00,1042.0,22.8
2021-10-01 04:00:00,1026.0,22.6
2021-10-01 05:00:00,1043.0,22.5
2021-10-01 06:00:00,1080.0,22.4
2021-10-01 07:00:00,1171.0,20.7
2021-10-01 08:00:00,1172.0,21.2
2021-10-01 09:00:00,1163.0,23.8
2021-10-01 10:00:00,1273.0,26.3
2021-10-01 11:00:00,1354.0,28.3
2021-10-01 12:00:00,1358.0,30.7
2021-10-01 13:00:00,1425.0,31.9
2021-10-01 14:00:00,1410.0,33.2
2021-10-01 15:00:00,1377.0,33.6
2021-10-01 16:00:00,1410.0,33.6
2021-10-01 17:00:00,1450.0,32.6
2021-10-01 18:00:00,1398.0,30.5
2021-10-01 19:00:00,1551.0,28.5
2021-10-01 20:00:00,1582.0,27.5
2021-10-01 21:00:00,1499.0,26.4
2021-10-01 22:00:00,1409.0,26.2
2021-10-01 23:00:00,1300.0,25.9
2021-10-02 00:00:00,1234.0,25.8
2021-10-02 01:00:00,1184.0,25.3
2021-10-02 02:00:00,1119.0,25.7
2021-10-02 03:00:00,1096.0,25.6
2021-10-02 04:00:00,1067.0,26.7
2021-10-02 05:00:00,1072.0,24.4
2021-10-02 06:00:00,1113.0,23.0
2021-10-02 07:00:00,1222.0,23.2
2021-10-02 08:00:00,1247.0,23.0
2021-10-02 09:00:00,1273.0,26.9
2021-10-02 10:00:00,1342.0,29.1
2021-10-02 11:00:00,1440.0,30.0
2021-10-02 12:00:00,1449.0,31.6
2021-10-02 13:00:00,1537.0,33.0
2021-10-02 14:00:00,1588.0,33.7
2021-10-02 15:00:00,1591.0,34.8
2021-10-02 16:00:00,1596.0,35.0
2021-10-02 17:00:00,1628.0,33.8
2021-10-02 18:00:00,1496.0,31.2
2021-10-02 19:00:00,1732.0,29.7
2021-10-02 20:00:00,1804.0,29.3
2021-10-02 21:00:00,1738.0,29.1
2021-10-02 22:00:00,1603.0,28.4
2021-10-02 23:00:00,1475.0,28.2
2021-10-03 00:00:00,1382.0,27.8
2021-10-03 01:00:00,1302.0,27.4
2021-10-03 02:00:00,1234.0,26.8
2021-10-03 03:00:00,1197.0,26.7
2021-10-03 04:00:00,1144.0,27.0
2021-10-03 05:00:00,1121.0,26.2
2021-10-03 06:00:00,1147.0,25.2
2021-10-03 07:00:00,1251.0,25.8
2021-10-03 08:00:00,1269.0,26.8
2021-10-03 09:00:00,1375.0,28.0
2021-10-03 10:00:00,1468.0,31.1
2021-10-03 11:00:00,1573.0,32.1
2021-10-03 12:00:00,1579.0,34.1
2021-10-03 13:00:00,1664.0,34.7
2021-10-03 14:00:00,1722.0,35.2
2021-10-03 15:00:00,1709.0,35.1
2021-10-03 16:00:00,1709.0,35.5
2021-10-03 17:00:00,1696.0,35.1
2021-10-03 18:00:00,1560.0,33.4
2021-10-03 19:00:00,1808.0,33.1
2021-10-03 20:00:00,1939.0,31.3
2021-10-03 21:00:00,1879.0,30.1
2021-10-03 22:00:00,1778.0,29.3
2021-10-03 23:00:00,1673.0,28.7
2021-10-04 00:00:00,1449.0,28.5
2021-10-04 01:00:00,1328.0,28.0
2021-10-04 02:00:00,1254.0,27.5
2021-10-04 03:00:00,1186.0,27.9
2021-10-04 04:00:00,1129.0,25.5
2021-10-04 05:00:00,1088.0,24.5
2021-10-04 06:00:00,1098.0,25.2
2021-10-04 07:00:00,1165.0,25.1
2021-10-04 08:00:00,1261.0,27.3
2021-10-04 09:00:00,1371.0,28.8
2021-10-04 10:00:00,1459.0,30.5
2021-10-04 11:00:00,1577.0,32.4
2021-10-04 12:00:00,1583.0,33.9
2021-10-04 13:00:00,1681.0,35.3
2021-10-04 14:00:00,1689.0,36.2
2021-10-04 15:00:00,1681.0,36.3
2021-10-04 16:00:00,1692.0,36.3
2021-10-04 17:00:00,1690.0,34.0
2021-10-04 18:00:00,1551.0,32.2
2021-10-04 19:00:00,1765.0,31.1
2021-10-04 20:00:00,2010.0,30.3
2021-10-04 21:00:00,1939.0,29.8
2021-10-04 22:00:00,1832.0,29.4
2021-10-04 23:00:00,1743.0,28.8
2021-10-05 00:00:00,1583.0,28.5
2021-10-05 01:00:00,1534.0,28.2
2021-10-05 02:00:00,1446.0,27.7
2021-10-05 03:00:00,1403.0,27.0
2021-10-05 04:00:00,1324.0,27.0
2021-10-05 05:00:00,1268.0,26.7
2021-10-05 06:00:00,1272.0,26.5
2021-10-05 07:00:00,1315.0,26.8
2021-10-05 08:00:00,1374.0,29.5
2021-10-05 09:00:00,1441.0,29.6
2021-10-05 10:00:00,1505.0,30.7
2021-10-05 11:00:00,1552.0,31.4
2021-10-05 12:00:00,1548.0,29.8
2021-10-05 13:00:00,1586.0,30.0
2021-10-05 14:00:00,1600.0,30.5
2021-10-05 15:00:00,1555.0,29.8
2021-10-05 16:00:00,1558.0,28.8
2021-10-05 17:00:00,1544.0,27.6
2021-10-05 18:00:00,1372.0,26.3
2021-10-05 19:00:00,1491.0,24.8
2021-10-05 20:00:00,1467.0,23.2
2021-10-05 21:00:00,1346.0,22.1
2021-10-05 22:00:00,1221.0,21.2
2021-10-05 23:00:00,1204.0,20.1
2021-10-06 00:00:00,1142.0,19.2
2021-10-06 01:00:00,1117.0,18.6
2021-10-06 02:00:00,1083.0,17.9
2021-10-06 03:00:00,1070.0,17.9
2021-10-06 04:00:00,1075.0,17.6
2021-10-06 05:00:00,1059.0,17.4
2021-10-06 06:00:00,1096.0,17.1
2021-10-06 07:00:00,1220.0,17.0
2021-10-06 08:00:00,1247.0,17.0
2021-10-06 09:00:00,1220.0,16.8
2021-10-06 10:00:00,1245.0,17.0
2021-10-06 11:00:00,1229.0,17.1
2021-10-06 12:00:00,1184.0,17.3
2021-10-06 13:00:00,1237.0,17.6
2021-10-06 14:00:00,1284.0,17.9
2021-10-06 15:00:00,1270.0,18.6
2021-10-06 16:00:00,1308.0,18.9
2021-10-06 17:00:00,1342.0,18.5
2021-10-06 18:00:00,1269.0,17.9
2021-10-06 19:00:00,1342.0,17.5
2021-10-06 20:00:00,1299.0,17.2
2021-10-06 21:00:00,1201.0,16.6
2021-10-06 22:00:00,1118.0,16.1
2021-10-06 23:00:00,1035.0,15.8
2021-10-07 00:00:00,1018.0,15.5
2021-10-07 01:00:00,1025.0,15.6
2021-10-07 02:00:00,998.0,15.6
2021-10-07 03:00:00,984.0,15.4
2021-10-07 04:00:00,974.0,15.6
2021-10-07 05:00:00,1000.0,15.6
2021-10-07 06:00:00,998.0,15.4
2021-10-07 07:00:00,1117.0,15.2
2021-10-07 08:00:00,1240.0,15.5
2021-10-07 09:00:00,1264.0,16.3
2021-10-07 10:00:00,1277.0,17.3
2021-10-07 11:00:00,1292.0,17.8
2021-10-07 12:00:00,1173.0,18.0
2021-10-07 13:00:00,1153.0,18.1
2021-10-07 14:00:00,1178.0,18.2
2021-10-07 15:00:00,1186.0,18.5
2021-10-07 16:00:00,1233.0,18.4
2021-10-07 17:00:00,1277.0,18.2
2021-10-07 18:00:00,1248.0,18.0
2021-10-07 19:00:00,1348.0,18.0
2021-10-07 20:00:00,1288.0,18.1
2021-10-07 21:00:00,1178.0,18.1
2021-10-07 22:00:00,1063.0,18.0
2021-10-07 23:00:00,1002.0,17.9
2021-10-08 00:00:00,973.0,17.7
2021-10-08 01:00:00,939.0,17.3
2021-10-08 02:00:00,913.0,17.1
2021-10-08 03:00:00,905.0,16.9
2021-10-08 04:00:00,902.0,16.7
2021-10-08 05:00:00,937.0,16.5
2021-10-08 06:00:00,1009.0,16.5
2021-10-08 07:00:00,1181.0,16.5
2021-10-08 08:00:00,1235.0,16.7
2021-10-08 09:00:00,1258.0,17.1
2021-10-08 10:00:00,1263.0,17.8
2021-10-08 11:00:00,1284.0,19.8
2021-10-08 12:00:00,1181.0,19.9
2021-10-08 13:00:00,1225.0,20.1
2021-10-08 14:00:00,1256.0,20.8
2021-10-08 15:00:00,1271.0,21.7
2021-10-08 16:00:00,1331.0,21.1
2021-10-08 17:00:00,1390.0,20.5
2021-10-08 18:00:00,1349.0,20.1
2021-10-08 19:00:00,1458.0,19.8
2021-10-08 20:00:00,1435.0,19.8
2021-10-08 21:00:00,1312.0,19.9
2021-10-08 22:00:00,1195.0,20.1
2021-10-08 23:00:00,1078.0,20.0
2021-10-09 00:00:00,984.0,19.6
2021-10-09 01:00:00,969.0,19.4
2021-10-09 02:00:00,939.0,19.1
2021-10-09 03:00:00,946.0,18.7
2021-10-09 04:00:00,924.0,18.3
2021-10-09 05:00:00,948.0,18.0
2021-10-09 06:00:00,1044.0,17.8
2021-10-09 07:00:00,1207.0,17.6
2021-10-09 08:00:00,1250.0,17.8
2021-10-09 09:00:00,1268.0,18.0
2021-10-09 10:00:00,1290.0,18.2
2021-10-09 11:00:00,1295.0,18.9
2021-10-09 12:00:00,1172.0,18.8
2021-10-09 13:00:00,1156.0,18.9
2021-10-09 14:00:00,1186.0,18.3
2021-10-09 15:00:00,1181.0,17.9
2021-10-09 16:00:00,1237.0,17.8
2021-10-09 17:00:00,1295.0,17.5
2021-10-09 18:00:00,1257.0,17.5
2021-10-09 19:00:00,1327.0,17.6
2021-10-09 20:00:00,1271.0,17.7
2021-10-09 21:00:00,1165.0,17.9
2021-10-09 22:00:00,1084.0,18.1
2021-10-09 23:00:00,1037.0,18.2
2021-10-10 00:00:00,1007.0,17.7
2021-10-10 01:00:00,965.0,17.5
2021-10-10 02:00:00,937.0,17.5
2021-10-10 03:00:00,935.0,17.6
2021-10-10 04:00:00,939.0,17.6
2021-10-10 05:00:00,917.0,17.4
2021-10-10 06:00:00,964.0,17.2
2021-10-10 07:00:00,1107.0,16.9
2021-10-10 08:00:00,1248.0,17.3
2021-10-10 09:00:00,1274.0,17.2
2021-10-10 10:00:00,1305.0,16.5
2021-10-10 11:00:00,1320.0,16.5
2021-10-10 12:00:00,1226.0,16.4
2021-10-10 13:00:00,1183.0,16.5
2021-10-10 14:00:00,1177.0,15.6
2021-10-10 15:00:00,1177.0,15.6
2021-10-10 16:00:00,1240.0,15.1
2021-10-10 17:00:00,1304.0,14.3
2021-10-10 18:00:00,1271.0,14.0
2021-10-10 19:00:00,1311.0,14.1
2021-10-10 20:00:00,1233.0,13.4
2021-10-10 21:00:00,1132.0,13.0
2021-10-10 22:00:00,1037.0,13.0
2021-10-10 23:00:00,974.0,12.5
2021-10-11 00:00:00,934.0,12.4
2021-10-11 01:00:00,902.0,12.7
2021-10-11 02:00:00,889.0,12.8
2021-10-11 03:00:00,866.0,13.0
2021-10-11 04:00:00,864.0,13.6
2021-10-11 05:00:00,885.0,13.9
2021-10-11 06:00:00,950.0,13.7
2021-10-11 07:00:00,1146.0,13.9
2021-10-11 08:00:00,1217.0,13.8
2021-10-11 09:00:00,1274.0,14.1
2021-10-11 10:00:00,1267.0,14.4
2021-10-11 11:00:00,1282.0,14.8
2021-10-11 12:00:00,1155.0,15.7
2021-10-11 13:00:00,1175.0,15.4
2021-10-11 14:00:00,1190.0,15.4
2021-10-11 15:00:00,1204.0,15.6
2021-10-11 16:00:00,1236.0,15.5
2021-10-11 17:00:00,1312.0,15.3
2021-10-11 18:00:00,1272.0,15.2
2021-10-11 19:00:00,1376.0,15.4
2021-10-11 20:00:00,1341.0,14.9
2021-10-11 21:00:00,1215.0,15.2
2021-10-11 22:00:00,1098.0,15.2
2021-10-11 23:00:00,1037.0,15.1
2021-10-12 00:00:00,973.0,15.1
2021-10-12 01:00:00,942.0,15.0
2021-10-12 02:00:00,913.0,15.2
2021-10-12 03:00:00,900.0,15.1
2021-10-12 04:00:00,894.0,15.0
2021-10-12 05:00:00,909.0,15.0
2021-10-12 06:00:00,990.0,15.1
2021-10-12 07:00:00,1175.0,14.9
2021-10-12 08:00:00,1272.0,15.0
2021-10-12 09:00:00,1291.0,15.6
2021-10-12 10:00:00,1296.0,16.2
2021-10-12 11:00:00,1297.0,17.7
2021-10-12 12:00:00,1146.0,20.0
2021-10-12 13:00:00,1151.0,20.3
2021-10-12 14:00:00,1165.0,20.1
2021-10-12 15:00:00,1157.0,20.7
2021-10-12 16:00:00,1202.0,20.5
2021-10-12 17:00:00,1253.0,19.8
2021-10-12 18:00:00,1262.0,19.6
2021-10-12 19:00:00,1380.0,19.3
2021-10-12 20:00:00,1327.0,19.2
2021-10-12 21:00:00,1217.0,18.6
2021-10-12 22:00:00,1107.0,18.6
2021-10-12 23:00:00,1064.0,18.4
2021-10-13 00:00:00,999.0,18.3
2021-10-13 01:00:00,968.0,17.5
2021-10-13 02:00:00,935.0,17.8
2021-10-13 03:00:00,909.0,16.8
2021-10-13 04:00:00,901.0,14.6
2021-10-13 05:00:00,929.0,14.8
2021-10-13 06:00:00,1013.0,15.1
2021-10-13 07:00:00,1179.0,15.9
2021-10-13 08:00:00,1272.0,14.8
2021-10-13 09:00:00,1302.0,13.1
2021-10-13 10:00:00,1309.0,13.7
2021-10-13 11:00:00,1338.0,14.5
2021-10-13 12:00:00,1205.0,15.9
2021-10-13 13:00:00,1202.0,17.0
2021-10-13 14:00:00,1218.0,17.8
2021-10-13 15:00:00,1213.0,16.9
2021-10-13 16:00:00,1285.0,17.1
2021-10-13 17:00:00,1326.0,18.0
2021-10-13 18:00:00,1298.0,17.2
2021-10-13 19:00:00,1358.0,16.9
2021-10-13 20:00:00,1304.0,16.9
2021-10-13 21:00:00,1205.0,17.5
2021-10-13 22:00:00,1109.0,17.9
2021-10-13 23:00:00,1038.0,18.3
2021-10-14 00:00:00,988.0,18.3
2021-10-14 01:00:00,959.0,19.1
2021-10-14 02:00:00,929.0,18.9
2021-10-14 03:00:00,916.0,19.3
2021-10-14 04:00:00,901.0,19.3
2021-10-14 05:00:00,913.0,19.6
2021-10-14 06:00:00,1001.0,19.8
2021-10-14 07:00:00,1183.0,19.7
2021-10-14 08:00:00,1266.0,19.6
2021-10-14 09:00:00,1325.0,19.6
2021-10-14 10:00:00,1327.0,19.1
2021-10-14 11:00:00,1323.0,17.4
2021-10-14 12:00:00,1204.0,15.8
2021-10-14 13:00:00,1211.0,15.8
2021-10-14 14:00:00,1242.0,16.6
2021-10-14 15:00:00,1217.0,16.8
2021-10-14 16:00:00,1287.0,16.9
2021-10-14 17:00:00,1348.0,16.1
2021-10-14 18:00:00,1322.0,15.7
2021-10-14 19:00:00,1389.0,15.6
2021-10-14 20:00:00,1312.0,15.7
2021-10-14 21:00:00,1234.0,15.9
2021-10-14 22:00:00,1121.0,16.1
2021-10-14 23:00:00,1058.0,16.3
2021-10-15 00:00:00,1000.0,16.4
2021-10-15 01:00:00,967.0,16.3
2021-10-15 02:00:00,932.0,16.4
2021-10-15 03:00:00,910.0,16.4
2021-10-15 04:00:00,911.0,16.3
2021-10-15 05:00:00,919.0,16.2
2021-10-15 06:00:00,997.0,16.0
2021-10-15 07:00:00,1181.0,15.6
2021-10-15 08:00:00,1272.0,15.5
2021-10-15 09:00:00,1289.0,15.5
2021-10-15 10:00:00,1297.0,15.2
2021-10-15 11:00:00,1289.0,15.3
2021-10-15 12:00:00,1182.0,15.6
2021-10-15 13:00:00,1191.0,16.2
2021-10-15 14:00:00,1216.0,16.1
2021-10-15 15:00:00,1220.0,15.8
2021-10-15 16:00:00,1277.0,16.3
2021-10-15 17:00:00,1353.0,16.0
2021-10-15 18:00:00,1298.0,16.3
2021-10-15 19:00:00,1370.0,15.6
2021-10-15 20:00:00,1335.0,15.6
2021-10-15 21:00:00,1230.0,15.5
2021-10-15 22:00:00,1143.0,14.5
2021-10-15 23:00:00,1066.0,13.4
2021-10-16 00:00:00,1005.0,13.0
2021-10-16 01:00:00,952.0,12.3
2021-10-16 02:00:00,917.0,12.1
2021-10-16 03:00:00,906.0,12.3
2021-10-16 04:00:00,906.0,12.4
2021-10-16 05:00:00,906.0,12.4
2021-10-16 06:00:00,951.0,12.5
2021-10-16 07:00:00,1116.0,12.6
2021-10-16 08:00:00,1337.0,12.7
2021-10-16 09:00:00,1353.0,12.9
2021-10-16 10:00:00,1355.0,13.1
2021-10-16 11:00:00,1343.0,13.7
2021-10-16 12:00:00,1250.0,14.1
2021-10-16 13:00:00,1246.0,14.4
2021-10-16 14:00:00,1269.0,13.7
2021-10-16 15:00:00,1271.0,13.5
2021-10-16 16:00:00,1332.0,13.0
2021-10-16 17:00:00,1378.0,12.9
2021-10-16 18:00:00,1335.0,12.4
2021-10-16 19:00:00,1409.0,12.2
2021-10-16 20:00:00,1346.0,12.0
2021-10-16 21:00:00,1257.0,12.1
2021-10-16 22:00:00,1129.0,12.2
2021-10-16 23:00:00,1056.0,12.4
2021-10-17 00:00:00,985.0,11.3
2021-10-17 01:00:00,942.0,11.7
2021-10-17 02:00:00,902.0,12.1
2021-10-17 03:00:00,883.0,11.4
2021-10-17 04:00:00,879.0,11.9
2021-10-17 05:00:00,890.0,11.5
2021-10-17 06:00:00,938.0,11.0
2021-10-17 07:00:00,1093.0,10.4
2021-10-17 08:00:00,1262.0,10.2
2021-10-17 09:00:00,1299.0,10.8
2021-10-17 10:00:00,1299.0,11.7
2021-10-17 11:00:00,1313.0,12.4
2021-10-17 12:00:00,1248.0,12.0
2021-10-17 13:00:00,1219.0,12.8
2021-10-17 14:00:00,1214.0,13.5
2021-10-17 15:00:00,1212.0,13.3
2021-10-17 16:00:00,1306.0,13.2
2021-10-17 17:00:00,1387.0,11.6
2021-10-17 18:00:00,1371.0,10.7
2021-10-17 19:00:00,1444.0,10.5
2021-10-17 20:00:00,1377.0,10.1
2021-10-17 21:00:00,1257.0,10.4
2021-10-17 22:00:00,1150.0,10.3
2021-10-17 23:00:00,1058.0,9.9
2021-10-18 00:00:00,979.0,9.7
2021-10-18 01:00:00,925.0,9.9
2021-10-18 02:00:00,893.0,10.0
2021-10-18 03:00:00,871.0,9.9
2021-10-18 04:00:00,870.0,9.8
2021-10-18 05:00:00,897.0,9.7
2021-10-18 06:00:00,977.0,9.8
2021-10-18 07:00:00,1204.0,10.0
2021-10-18 08:00:00,1324.0,10.6
2021-10-18 09:00:00,1336.0,11.4
2021-10-18 10:00:00,1342.0,12.5
2021-10-18 11:00:00,1348.0,13.5
2021-10-18 12:00:00,1216.0,14.4
2021-10-18 13:00:00,1205.0,15.3
2021-10-18 14:00:00,1229.0,15.4
2021-10-18 15:00:00,1239.0,15.1
2021-10-18 16:00:00,1302.0,14.8
2021-10-18 17:00:00,1359.0,14.4
2021-10-18 18:00:00,1320.0,13.7
2021-10-18 19:00:00,1412.0,13.4
2021-10-18 20:00:00,1368.0,13.2
2021-10-18 21:00:00,1315.0,13.3
2021-10-18 22:00:00,1186.0,13.4
2021-10-18 23:00:00,1099.0,13.8
2021-10-19 00:00:00,1045.0,13.7
2021-10-19 01:00:00,999.0,13.7
2021-10-19 02:00:00,965.0,13.9
2021-10-19 03:00:00,954.0,13.7
2021-10-19 04:00:00,961.0,13.7
2021-10-19 05:00:00,956.0,13.5
2021-10-19 06:00:00,1035.0,13.5
2021-10-19 07:00:00,1224.0,13.3
2021-10-19 08:00:00,1299.0,13.3
2021-10-19 09:00:00,1280.0,13.7
2021-10-19 10:00:00,1278.0,14.5
2021-10-19 11:00:00,1281.0,14.9
2021-10-19 12:00:00,1159.0,15.2
2021-10-19 13:00:00,1167.0,14.9
2021-10-19 14:00:00,1173.0,13.9
2021-10-19 15:00:00,1183.0,13.8
2021-10-19 16:00:00,1272.0,13.3
2021-10-19 17:00:00,1353.0,12.6
2021-10-19 18:00:00,1336.0,12.2
2021-10-19 19:00:00,1376.0,12.1
2021-10-19 20:00:00,1324.0,11.9
2021-10-19 21:00:00,1244.0,12.1
2021-10-19 22:00:00,1114.0,11.9
2021-10-19 23:00:00,1046.0,11.7
2021-10-20 00:00:00,1001.0,11.4
2021-10-20 01:00:00,1002.0,11.2
2021-10-20 02:00:00,969.0,11.2
2021-10-20 03:00:00,941.0,11.1
2021-10-20 04:00:00,905.0,11.1
2021-10-20 05:00:00,927.0,11.2
2021-10-20 06:00:00,999.0,11.5
2021-10-20 07:00:00,1179.0,11.6
2021-10-20 08:00:00,1276.0,11.2
2021-10-20 09:00:00,1332.0,11.1
2021-10-20 10:00:00,1364.0,11.2
2021-10-20 11:00:00,1377.0,11.0
2021-10-20 12:00:00,1260.0,11.0
2021-10-20 13:00:00,1255.0,10.9
2021-10-20 14:00:00,1267.0,10.8
2021-10-20 15:00:00,1272.0,11.0
2021-10-20 16:00:00,1329.0,11.0
2021-10-20 17:00:00,1376.0,11.0
2021-10-20 18:00:00,1351.0,10.9
2021-10-20 19:00:00,1417.0,10.8
2021-10-20 20:00:00,1358.0,10.8
2021-10-20 21:00:00,1263.0,10.8
2021-10-20 22:00:00,1134.0,10.7
2021-10-20 23:00:00,1047.0,10.6
2021-10-21 00:00:00,992.0,10.6
2021-10-21 01:00:00,981.0,10.5
2021-10-21 02:00:00,947.0,10.3
2021-10-21 03:00:00,943.0,10.2
2021-10-21 04:00:00,935.0,10.0
2021-10-21 05:00:00,944.0,9.9
2021-10-21 06:00:00,1013.0,9.8
2021-10-21 07:00:00,1230.0,9.8
2021-10-21 08:00:00,1361.0,10.2
2021-10-21 09:00:00,1400.0,10.8
2021-10-21 10:00:00,1354.0,11.5
2021-10-21 11:00:00,1350.0,13.1
2021-10-21 12:00:00,1230.0,13.8
2021-10-21 13:00:00,1220.0,14.5
2021-10-21 14:00:00,1203.0,15.1
2021-10-21 15:00:00,1220.0,15.8
2021-10-21 16:00:00,1311.0,15.2
2021-10-21 17:00:00,1385.0,14.8
2021-10-21 18:00:00,1324.0,14.0
2021-10-21 19:00:00,1427.0,13.6
2021-10-21 20:00:00,1379.0,13.2
2021-10-21 21:00:00,1289.0,13.1
2021-10-21 22:00:00,1158.0,13.1
2021-10-21 23:00:00,1080.0,13.0
2021-10-22 00:00:00,990.0,12.9
2021-10-22 01:00:00,965.0,12.4
2021-10-22 02:00:00,962.0,12.6
2021-10-22 03:00:00,937.0,12.5
2021-10-22 04:00:00,943.0,12.5
2021-10-22 05:00:00,950.0,12.4
2021-10-22 06:00:00,1040.0,12.5
2021-10-22 07:00:00,1248.0,12.3
2021-10-22 08:00:00,1287.0,12.9
2021-10-22 09:00:00,1331.0,14.2
2021-10-22 10:00:00,1295.0,16.1
2021-10-22 11:00:00,1299.0,17.1
2021-10-22 12:00:00,1204.0,18.2
2021-10-22 13:00:00,1176.0,18.7
2021-10-22 14:00:00,1195.0,18.8
2021-10-22 15:00:00,1176.0,18.2
2021-10-22 16:00:00,1245.0,17.6
2021-10-22 17:00:00,1316.0,16.8
2021-10-22 18:00:00,1310.0,16.1
2021-10-22 19:00:00,1392.0,15.6
2021-10-22 20:00:00,1387.0,15.2
2021-10-22 21:00:00,1305.0,14.8
2021-10-22 22:00:00,1205.0,14.2
2021-10-22 23:00:00,1112.0,13.6
2021-10-23 00:00:00,1057.0,13.0
2021-10-23 01:00:00,985.0,11.8
2021-10-23 02:00:00,952.0,10.9
2021-10-23 03:00:00,926.0,10.7
2021-10-23 04:00:00,924.0,10.6
2021-10-23 05:00:00,961.0,10.2
2021-10-23 06:00:00,1025.0,10.3
2021-10-23 07:00:00,1227.0,10.4
2021-10-23 08:00:00,1354.0,11.4
2021-10-23 09:00:00,1341.0,13.7
2021-10-23 10:00:00,1303.0,16.3
2021-10-23 11:00:00,1269.0,18.2
2021-10-23 12:00:00,1176.0,19.3
2021-10-23 13:00:00,1174.0,18.6
2021-10-23 14:00:00,1185.0,19.0
2021-10-23 15:00:00,1173.0,19.6
2021-10-23 16:00:00,1239.0,19.2
2021-10-23 17:00:00,1325.0,17.6
2021-10-23 18:00:00,1303.0,16.5
2021-10-23 19:00:00,1413.0,15.9
2021-10-23 20:00:00,1372.0,15.8
2021-10-23 21:00:00,1276.0,15.6
2021-10-23 22:00:00,1165.0,14.5
2021-10-23 23:00:00,1107.0,14.7
2021-10-24 00:00:00,1036.0,14.4
2021-10-24 01:00:00,986.0,12.0
2021-10-24 02:00:00,961.0,11.7
2021-10-24 03:00:00,930.0,12.2
2021-10-24 04:00:00,924.0,12.3
2021-10-24 05:00:00,936.0,11.7
2021-10-24 06:00:00,1003.0,11.9
2021-10-24 07:00:00,1203.0,9.2
2021-10-24 08:00:00,1315.0,9.9
2021-10-24 09:00:00,1254.0,12.3
2021-10-24 10:00:00,1217.0,17.0
2021-10-24 11:00:00,1218.0,18.3
2021-10-24 12:00:00,1144.0,19.1
2021-10-24 13:00:00,1124.0,20.3
2021-10-24 14:00:00,1136.0,20.7
2021-10-24 15:00:00,1143.0,20.4
2021-10-24 16:00:00,1208.0,19.9
2021-10-24 17:00:00,1260.0,19.2
2021-10-24 18:00:00,1297.0,16.1
2021-10-24 19:00:00,1423.0,15.6
2021-10-24 20:00:00,1373.0,15.6
2021-10-24 21:00:00,1273.0,16.0
2021-10-24 22:00:00,1157.0,15.8
2021-10-24 23:00:00,1079.0,15.8
2021-10-25 00:00:00,999.0,13.6
2021-10-25 01:00:00,946.0,13.3
2021-10-25 02:00:00,901.0,13.6
2021-10-25 03:00:00,906.0,11.5
2021-10-25 04:00:00,883.0,10.5
2021-10-25 05:00:00,918.0,9.8
2021-10-25 06:00:00,1022.0,11.9
2021-10-25 07:00:00,1251.0,10.3
2021-10-25 08:00:00,1330.0,10.9
2021-10-25 09:00:00,1343.0,11.9
2021-10-25 10:00:00,1284.0,14.9
2021-10-25 11:00:00,1293.0,17.8
2021-10-25 12:00:00,1170.0,20.2
2021-10-25 13:00:00,1177.0,20.9
2021-10-25 14:00:00,1191.0,21.2
2021-10-25 15:00:00,1198.0,21.5
2021-10-25 16:00:00,1269.0,20.6
2021-10-25 17:00:00,1349.0,19.2
2021-10-25 18:00:00,1377.0,17.8
2021-10-25 19:00:00,1457.0,17.7
2021-10-25 20:00:00,1412.0,17.9
2021-10-25 21:00:00,1318.0,17.5
2021-10-25 22:00:00,1241.0,17.5
2021-10-25 23:00:00,1100.0,17.3
2021-10-26 00:00:00,1026.0,17.0
2021-10-26 01:00:00,995.0,17.0
2021-10-26 02:00:00,946.0,16.2
2021-10-26 03:00:00,925.0,14.2
2021-10-26 04:00:00,926.0,15.6
2021-10-26 05:00:00,936.0,14.4
2021-10-26 06:00:00,1056.0,14.1
2021-10-26 07:00:00,1249.0,13.2
2021-10-26 08:00:00,1345.0,14.4
2021-10-26 09:00:00,1346.0,16.8
2021-10-26 10:00:00,1318.0,17.7
2021-10-26 11:00:00,1319.0,19.5
2021-10-26 12:00:00,1217.0,19.2
2021-10-26 13:00:00,1265.0,19.0
2021-10-26 14:00:00,1250.0,19.9
2021-10-26 15:00:00,1247.0,19.3
2021-10-26 16:00:00,1296.0,19.1
2021-10-26 17:00:00,1379.0,18.5
2021-10-26 18:00:00,1354.0,17.6
2021-10-26 19:00:00,1423.0,17.3
2021-10-26 20:00:00,1396.0,17.2
2021-10-26 21:00:00,1283.0,16.1
2021-10-26 22:00:00,1174.0,15.8
2021-10-26 23:00:00,1106.0,15.9
2021-10-27 00:00:00,1033.0,15.9
2021-10-27 01:00:00,972.0,15.7
2021-10-27 02:00:00,952.0,15.5
2021-10-27 03:00:00,943.0,15.4
2021-10-27 04:00:00,941.0,15.6
2021-10-27 05:00:00,972.0,14.7
2021-10-27 06:00:00,1060.0,14.7
2021-10-27 07:00:00,1252.0,14.0
2021-10-27 08:00:00,1363.0,14.1
2021-10-27 09:00:00,1340.0,16.2
2021-10-27 10:00:00,1348.0,19.1
2021-10-27 11:00:00,1351.0,20.9
2021-10-27 12:00:00,1208.0,23.0
2021-10-27 13:00:00,1208.0,20.9
2021-10-27 14:00:00,1228.0,21.9
2021-10-27 15:00:00,1237.0,21.3
2021-10-27 16:00:00,1325.0,21.4
2021-10-27 17:00:00,1369.0,19.7
2021-10-27 18:00:00,1359.0,18.5
2021-10-27 19:00:00,1449.0,18.1
2021-10-27 20:00:00,1409.0,18.0
2021-10-27 21:00:00,1284.0,17.6
2021-10-27 22:00:00,1159.0,17.6
2021-10-27 23:00:00,1096.0,17.2
2021-10-28 00:00:00,1025.0,17.0
2021-10-28 01:00:00,976.0,16.6
2021-10-28 02:00:00,967.0,16.6
2021-10-28 03:00:00,947.0,15.6
2021-10-28 04:00:00,935.0,15.8
2021-10-28 05:00:00,937.0,15.7
2021-10-28 06:00:00,1055.0,15.5
2021-10-28 07:00:00,1244.0,15.7
2021-10-28 08:00:00,1325.0,16.2
2021-10-28 09:00:00,1352.0,17.0
2021-10-28 10:00:00,1323.0,19.4
2021-10-28 11:00:00,1322.0,20.1
2021-10-28 12:00:00,1225.0,21.0
2021-10-28 13:00:00,1235.0,20.6
2021-10-28 14:00:00,1246.0,20.7
2021-10-28 15:00:00,1245.0,20.6
2021-10-28 16:00:00,1289.0,20.3
2021-10-28 17:00:00,1386.0,19.6
2021-10-28 18:00:00,1362.0,18.7
2021-10-28 19:00:00,1427.0,18.5
2021-10-28 20:00:00,1371.0,17.9
2021-10-28 21:00:00,1278.0,17.3
2021-10-28 22:00:00,1150.0,17.2
2021-10-28 23:00:00,1083.0,16.6
2021-10-29 00:00:00,1015.0,16.4
2021-10-29 01:00:00,975.0,16.0
2021-10-29 02:00:00,953.0,15.8
2021-10-29 03:00:00,912.0,15.6
2021-10-29 04:00:00,947.0,15.4
2021-10-29 05:00:00,940.0,15.4
2021-10-29 06:00:00,1018.0,15.5
2021-10-29 07:00:00,1228.0,15.3
2021-10-29 08:00:00,1352.0,15.6
2021-10-29 09:00:00,1381.0,15.9
2021-10-29 10:00:00,1365.0,16.2
2021-10-29 11:00:00,1385.0,16.1
2021-10-29 12:00:00,1246.0,16.3
2021-10-29 13:00:00,1250.0,16.7
2021-10-29 14:00:00,1268.0,16.8
2021-10-29 15:00:00,1251.0,17.0
2021-10-29 16:00:00,1308.0,17.0
2021-10-29 17:00:00,1390.0,16.9
2021-10-29 18:00:00,1380.0,16.5
2021-10-29 19:00:00,1424.0,16.2
2021-10-29 20:00:00,1385.0,15.8
2021-10-29 21:00:00,1305.0,15.7
2021-10-29 22:00:00,1229.0,15.4
2021-10-29 23:00:00,1116.0,15.3
2021-10-30 00:00:00,1047.0,15.1
2021-10-30 01:00:00,1015.0,15.0
2021-10-30 02:00:00,975.0,15.0
2021-10-30 03:00:00,956.0,14.9
2021-10-30 04:00:00,976.0,14.7
2021-10-30 05:00:00,968.0,14.6
2021-10-30 06:00:00,1013.0,14.4
2021-10-30 07:00:00,1196.0,14.4
2021-10-30 08:00:00,1368.0,14.4
2021-10-30 09:00:00,1328.0,15.8
2021-10-30 10:00:00,1302.0,17.3
2021-10-30 11:00:00,1280.0,19.0
2021-10-30 12:00:00,1177.0,20.4
2021-10-30 13:00:00,1172.0,22.3
2021-10-30 14:00:00,1203.0,22.2
2021-10-30 15:00:00,1167.0,22.4
2021-10-30 16:00:00,1239.0,22.1
2021-10-30 17:00:00,1277.0,21.1
2021-10-30 18:00:00,1288.0,19.0
2021-10-30 19:00:00,1364.0,19.0
2021-10-30 20:00:00,1323.0,19.3
2021-10-30 21:00:00,1214.0,19.1
2021-10-30 22:00:00,1125.0,19.0
2021-10-30 23:00:00,1086.0,18.4
2021-10-31 00:00:00,1010.0,18.7
2021-10-31 01:00:00,947.0,18.1
2021-10-31 02:00:00,908.0,17.4
2021-10-31 03:00:00,899.0,17.3
2021-10-31 04:00:00,873.0,16.7
2021-10-31 05:00:00,908.0,16.2
2021-10-31 06:00:00,956.0,15.8
2021-10-31 07:00:00,1123.0,15.6
2021-10-31 08:00:00,1259.0,17.2
2021-10-31 09:00:00,1260.0,17.3
2021-10-31 10:00:00,1282.0,17.2
2021-10-31 11:00:00,1283.0,18.1
2021-10-31 12:00:00,1187.0,19.9
2021-10-31 13:00:00,1156.0,20.6
2021-10-31 14:00:00,1173.0,20.2
2021-10-31 15:00:00,1180.0,20.1
2021-10-31 16:00:00,1235.0,19.6
2021-10-31 17:00:00,1284.0,19.1
2021-10-31 18:00:00,1273.0,18.8
2021-10-31 19:00:00,1367.0,18.5
2021-10-31 20:00:00,1288.0,18.5
2021-10-31 21:00:00,1189.0,18.1
2021-10-31 22:00:00,1082.0,17.9
2021-10-31 23:00:00,1013.0,17.5
2021-11-01 00:00:00,942.0,17.6
2021-11-01 01:00:00,906.0,17.4
2021-11-01 02:00:00,894.0,17.2
2021-11-01 03:00:00,870.0,16.3
2021-11-01 04:00:00,873.0,16.3
2021-11-01 05:00:00,889.0,16.0
2021-11-01 06:00:00,985.0,15.7
2021-11-01 07:00:00,1158.0,15.5
2021-11-01 08:00:00,1306.0,15.1
2021-11-01 09:00:00,1319.0,15.3
2021-11-01 10:00:00,1312.0,16.2
2021-11-01 11:00:00,1317.0,17.4
2021-11-01 12:00:00,1204.0,17.2
2021-11-01 13:00:00,1209.0,17.9
2021-11-01 14:00:00,1219.0,18.4
2021-11-01 15:00:00,1220.0,18.7
2021-11-01 16:00:00,1279.0,18.9
2021-11-01 17:00:00,1350.0,18.4
2021-11-01 18:00:00,1341.0,18.1
2021-11-01 19:00:00,1400.0,18.2
2021-11-01 20:00:00,1337.0,18.3
2021-11-01 21:00:00,1244.0,17.4
2021-11-01 22:00:00,1141.0,17.2
2021-11-01 23:00:00,1066.0,17.0
2021-11-02 00:00:00,989.0,15.7
2021-11-02 01:00:00,962.0,15.8
2021-11-02 02:00:00,944.0,15.8
2021-11-02 03:00:00,937.0,16.0
2021-11-02 04:00:00,922.0,16.1
2021-11-02 05:00:00,933.0,15.9
2021-11-02 06:00:00,1041.0,15.7
2021-11-02 07:00:00,1223.0,15.5
2021-11-02 08:00:00,1341.0,16.3
2021-11-02 09:00:00,1335.0,18.0
2021-11-02 10:00:00,1326.0,18.9
2021-11-02 11:00:00,1338.0,20.0
2021-11-02 12:00:00,1207.0,21.6
2021-11-02 13:00:00,1203.0,22.0
2021-11-02 14:00:00,1221.0,21.3
2021-11-02 15:00:00,1207.0,21.5
2021-11-02 16:00:00,1272.0,21.4
2021-11-02 17:00:00,1339.0,19.8
2021-11-02 18:00:00,1345.0,19.2
2021-11-02 19:00:00,1405.0,19.1
2021-11-02 20:00:00,1338.0,19.1
2021-11-02 21:00:00,1241.0,18.8
2021-11-02 22:00:00,1158.0,18.9
2021-11-02 23:00:00,1073.0,18.5
2021-11-03 00:00:00,998.0,18.3
2021-11-03 01:00:00,962.0,17.5
2021-11-03 02:00:00,929.0,16.0
2021-11-03 03:00:00,920.0,15.6
2021-11-03 04:00:00,916.0,15.9
2021-11-03 05:00:00,940.0,16.2
2021-11-03 06:00:00,1039.0,15.5
2021-11-03 07:00:00,1210.0,14.7
2021-11-03 08:00:00,1347.0,14.7
2021-11-03 09:00:00,1351.0,16.1
2021-11-03 10:00:00,1353.0,17.7
2021-11-03 11:00:00,1374.0,18.0
2021-11-03 12:00:00,1237.0,18.4
2021-11-03 13:00:00,1224.0,19.5
2021-11-03 14:00:00,1251.0,20.3
2021-11-03 15:00:00,1251.0,19.8
2021-11-03 16:00:00,1305.0,19.5
2021-11-03 17:00:00,1384.0,18.7
2021-11-03 18:00:00,1385.0,18.0
2021-11-03 19:00:00,1429.0,17.7
2021-11-03 20:00:00,1364.0,17.6
2021-11-03 21:00:00,1274.0,17.5
2021-11-03 22:00:00,1175.0,17.5
2021-11-03 23:00:00,1086.0,17.1
2021-11-04 00:00:00,1007.0,16.7
2021-11-04 01:00:00,980.0,16.3
2021-11-04 02:00:00,954.0,16.4
2021-11-04 03:00:00,934.0,16.2
2021-11-04 04:00:00,942.0,16.0
2021-11-04 05:00:00,944.0,15.5
2021-11-04 06:00:00,1045.0,15.1
2021-11-04 07:00:00,1199.0,14.9
2021-11-04 08:00:00,1367.0,15.1
2021-11-04 09:00:00,1386.0,15.5
2021-11-04 10:00:00,1372.0,15.5
2021-11-04 11:00:00,1374.0,16.2
2021-11-04 12:00:00,1248.0,16.6
2021-11-04 13:00:00,1259.0,16.8
2021-11-04 14:00:00,1292.0,17.3
2021-11-04 15:00:00,1262.0,17.4
2021-11-04 16:00:00,1348.0,16.8
2021-11-04 17:00:00,1417.0,16.5
2021-11-04 18:00:00,1417.0,16.3
2021-11-04 19:00:00,1437.0,16.2
2021-11-04 20:00:00,1367.0,16.2
2021-11-04 21:00:00,1259.0,16.4
2021-11-04 22:00:00,1172.0,16.4
2021-11-04 23:00:00,1095.0,16.4
2021-11-05 00:00:00,1035.0,16.2
2021-11-05 01:00:00,999.0,16.2
2021-11-05 02:00:00,979.0,16.2
2021-11-05 03:00:00,948.0,16.0
2021-11-05 04:00:00,933.0,15.9
2021-11-05 05:00:00,979.0,15.7
2021-11-05 06:00:00,1062.0,15.5
2021-11-05 07:00:00,1187.0,15.5
2021-11-05 08:00:00,1356.0,15.6
2021-11-05 09:00:00,1394.0,15.7
2021-11-05 10:00:00,1377.0,15.9
2021-11-05 11:00:00,1380.0,16.0
2021-11-05 12:00:00,1263.0,15.9
2021-11-05 13:00:00,1236.0,16.3
2021-11-05 14:00:00,1288.0,16.4
2021-11-05 15:00:00,1287.0,16.4
2021-11-05 16:00:00,1345.0,16.2
2021-11-05 17:00:00,1418.0,16.3
2021-11-05 18:00:00,1390.0,16.2
2021-11-05 19:00:00,1412.0,16.1
2021-11-05 20:00:00,1351.0,16.1
2021-11-05 21:00:00,1283.0,16.0
2021-11-05 22:00:00,1189.0,16.0
2021-11-05 23:00:00,1123.0,16.0
2021-11-06 00:00:00,1054.0,15.9
2021-11-06 01:00:00,1013.0,16.0
2021-11-06 02:00:00,989.0,16.1
2021-11-06 03:00:00,956.0,16.2
2021-11-06 04:00:00,958.0,16.2
2021-11-06 05:00:00,979.0,16.4
2021-11-06 06:00:00,1030.0,16.5
2021-11-06 07:00:00,1149.0,16.5
2021-11-06 08:00:00,1337.0,16.7
2021-11-06 09:00:00,1371.0,16.9
2021-11-06 10:00:00,1370.0,17.2
2021-11-06 11:00:00,1360.0,17.8
2021-11-06 12:00:00,1254.0,18.5
2021-11-06 13:00:00,1255.0,18.1
2021-11-06 14:00:00,1278.0,17.8
2021-11-06 15:00:00,1284.0,17.2
2021-11-06 16:00:00,1349.0,16.9
2021-11-06 17:00:00,1411.0,17.0
2021-11-06 18:00:00,1441.0,17.1
2021-11-06 19:00:00,1431.0,17.0
2021-11-06 20:00:00,1341.0,17.1
2021-11-06 21:00:00,1244.0,17.2
2021-11-06 22:00:00,1161.0,16.7
2021-11-06 23:00:00,1100.0,16.4
2021-11-07 00:00:00,1024.0,15.9
2021-11-07 01:00:00,985.0,15.5
2021-11-07 02:00:00,929.0,15.3
2021-11-07 03:00:00,904.0,13.4
2021-11-07 04:00:00,901.0,12.7
2021-11-07 05:00:00,896.0,12.1
2021-11-07 06:00:00,918.0,10.9
2021-11-07 07:00:00,1030.0,9.3
2021-11-07 08:00:00,1277.0,8.6
2021-11-07 09:00:00,1342.0,8.3
2021-11-07 10:00:00,1355.0,7.3
2021-11-07 11:00:00,1386.0,7.4
2021-11-07 12:00:00,1297.0,7.6
2021-11-07 13:00:00,1307.0,7.6
2021-11-07 14:00:00,1305.0,7.7
2021-11-07 15:00:00,1300.0,7.7
2021-11-07 16:00:00,1381.0,7.6
2021-11-07 17:00:00,1437.0,7.5
2021-11-07 18:00:00,1459.0,7.3
2021-11-07 19:00:00,1487.0,7.1
2021-11-07 20:00:00,1415.0,6.7
2021-11-07 21:00:00,1301.0,6.5
2021-11-07 22:00:00,1173.0,6.4
2021-11-07 23:00:00,1093.0,6.3
2021-11-08 00:00:00,1011.0,6.4
2021-11-08 01:00:00,968.0,5.6
2021-11-08 02:00:00,923.0,5.4
2021-11-08 03:00:00,898.0,5.2
2021-11-08 04:00:00,892.0,5.3
2021-11-08 05:00:00,902.0,4.9
2021-11-08 06:00:00,1011.0,4.7
2021-11-08 07:00:00,1248.0,4.1
2021-11-08 08:00:00,1407.0,3.9
2021-11-08 09:00:00,1466.0,4.6
2021-11-08 10:00:00,1411.0,7.1
2021-11-08 11:00:00,1423.0,9.8
2021-11-08 12:00:00,1287.0,11.9
2021-11-08 13:00:00,1272.0,12.1
2021-11-08 14:00:00,1314.0,12.3
2021-11-08 15:00:00,1283.0,13.9
2021-11-08 16:00:00,1408.0,12.5
2021-11-08 17:00:00,1475.0,11.8
2021-11-08 18:00:00,1478.0,10.3
2021-11-08 19:00:00,1552.0,9.1
2021-11-08 20:00:00,1485.0,9.2
2021-11-08 21:00:00,1399.0,9.2
2021-11-08 22:00:00,1259.0,9.0
2021-11-08 23:00:00,1157.0,9.4
2021-11-09 00:00:00,1060.0,9.0
2021-11-09 01:00:00,992.0,8.9
2021-11-09 02:00:00,962.0,8.2
2021-11-09 03:00:00,938.0,8.5
2021-11-09 04:00:00,945.0,7.4
2021-11-09 05:00:00,950.0,7.1
2021-11-09 06:00:00,1057.0,6.8
2021-11-09 07:00:00,1276.0,6.8
2021-11-09 08:00:00,1427.0,7.0
2021-11-09 09:00:00,1442.0,9.3
2021-11-09 10:00:00,1422.0,12.1
2021-11-09 11:00:00,1413.0,14.4
2021-11-09 12:00:00,1289.0,15.0
2021-11-09 13:00:00,1293.0,15.1
2021-11-09 14:00:00,1329.0,14.4
2021-11-09 15:00:00,1358.0,14.0
2021-11-09 16:00:00,1414.0,13.4
2021-11-09 17:00:00,1476.0,12.9
2021-11-09 18:00:00,1505.0,12.5
2021-11-09 19:00:00,1535.0,12.5
2021-11-09 20:00:00,1484.0,12.0
2021-11-09 21:00:00,1399.0,11.5
2021-11-09 22:00:00,1246.0,11.0
2021-11-09 23:00:00,1153.0,10.3
2021-11-10 00:00:00,1039.0,9.0
2021-11-10 01:00:00,1009.0,8.7
2021-11-10 02:00:00,982.0,8.4
2021-11-10 03:00:00,949.0,8.1
2021-11-10 04:00:00,934.0,8.1
2021-11-10 05:00:00,955.0,8.1
2021-11-10 06:00:00,1062.0,8.4
2021-11-10 07:00:00,1306.0,8.0
2021-11-10 08:00:00,1454.0,8.1
2021-11-10 09:00:00,1458.0,9.7
2021-11-10 10:00:00,1430.0,12.2
2021-11-10 11:00:00,1425.0,15.3
2021-11-10 12:00:00,1270.0,17.4
2021-11-10 13:00:00,1262.0,18.3
2021-11-10 14:00:00,1294.0,19.0
2021-11-10 15:00:00,1295.0,20.0
2021-11-10 16:00:00,1351.0,19.1
2021-11-10 17:00:00,1415.0,18.2
2021-11-10 18:00:00,1472.0,14.9
2021-11-10 19:00:00,1531.0,14.8
2021-11-10 20:00:00,1482.0,14.6
2021-11-10 21:00:00,1375.0,14.5
2021-11-10 22:00:00,1232.0,14.4
2021-11-10 23:00:00,1140.0,14.1
2021-11-11 00:00:00,1057.0,14.0
2021-11-11 01:00:00,1019.0,12.5
2021-11-11 02:00:00,988.0,12.2
2021-11-11 03:00:00,953.0,11.9
2021-11-11 04:00:00,931.0,11.4
2021-11-11 05:00:00,967.0,11.2
2021-11-11 06:00:00,1072.0,11.4
2021-11-11 07:00:00,1290.0,10.3
2021-11-11 08:00:00,1435.0,11.4
2021-11-11 09:00:00,1478.0,13.0
2021-11-11 10:00:00,1455.0,14.7
2021-11-11 11:00:00,1466.0,16.5
2021-11-11 12:00:00,1299.0,17.3
2021-11-11 13:00:00,1309.0,19.0
2021-11-11 14:00:00,1313.0,17.5
2021-11-11 15:00:00,1311.0,18.0
2021-11-11 16:00:00,1403.0,17.3
2021-11-11 17:00:00,1434.0,16.2
2021-11-11 18:00:00,1473.0,15.6
2021-11-11 19:00:00,1500.0,15.7
2021-11-11 20:00:00,1456.0,15.5
2021-11-11 21:00:00,1345.0,14.9
2021-11-11 22:00:00,1216.0,14.3
2021-11-11 23:00:00,1140.0,14.3
2021-11-12 00:00:00,1043.0,13.4
2021-11-12 01:00:00,1008.0,12.1
2021-11-12 02:00:00,979.0,12.1
2021-11-12 03:00:00,955.0,12.2
2021-11-12 04:00:00,958.0,11.0
2021-11-12 05:00:00,953.0,11.1
2021-11-12 06:00:00,1061.0,11.6
2021-11-12 07:00:00,1283.0,10.4
2021-11-12 08:00:00,1430.0,9.7
2021-11-12 09:00:00,1439.0,11.3
2021-11-12 10:00:00,1401.0,13.9
2021-11-12 11:00:00,1417.0,16.2
2021-11-12 12:00:00,1298.0,16.8
2021-11-12 13:00:00,1317.0,18.2
2021-11-12 14:00:00,1357.0,16.9
2021-11-12 15:00:00,1351.0,15.4
2021-11-12 16:00:00,1424.0,15.0
2021-11-12 17:00:00,1484.0,14.9
2021-11-12 18:00:00,1484.0,15.0
2021-11-12 19:00:00,1534.0,14.0
2021-11-12 20:00:00,1490.0,13.7
2021-11-12 21:00:00,1388.0,13.2
2021-11-12 22:00:00,1276.0,13.0
2021-11-12 23:00:00,1158.0,12.5
2021-11-13 00:00:00,1079.0,11.6
2021-11-13 01:00:00,1034.0,10.7
2021-11-13 02:00:00,1002.0,9.9
2021-11-13 03:00:00,964.0,9.5
2021-11-13 04:00:00,962.0,9.3
2021-11-13 05:00:00,978.0,9.4
2021-11-13 06:00:00,1043.0,9.5
2021-11-13 07:00:00,1218.0,9.1
2021-11-13 08:00:00,1447.0,9.2
2021-11-13 09:00:00,1415.0,10.8
2021-11-13 10:00:00,1383.0,14.1
2021-11-13 11:00:00,1377.0,16.2
2021-11-13 12:00:00,1252.0,18.6
2021-11-13 13:00:00,1225.0,18.9
2021-11-13 14:00:00,1268.0,19.2
2021-11-13 15:00:00,1248.0,18.9
2021-11-13 16:00:00,1316.0,18.3
2021-11-13 17:00:00,1361.0,17.4
2021-11-13 18:00:00,1406.0,15.0
2021-11-13 19:00:00,1463.0,14.5
2021-11-13 20:00:00,1419.0,14.7
2021-11-13 21:00:00,1338.0,13.9
2021-11-13 22:00:00,1217.0,13.4
2021-11-13 23:00:00,1118.0,13.2
2021-11-14 00:00:00,1049.0,13.0
2021-11-14 01:00:00,993.0,14.2
2021-11-14 02:00:00,933.0,11.8
2021-11-14 03:00:00,927.0,10.5
2021-11-14 04:00:00,916.0,10.6
2021-11-14 05:00:00,915.0,9.6
2021-11-14 06:00:00,1004.0,9.1
2021-11-14 07:00:00,1167.0,9.1
2021-11-14 08:00:00,1364.0,9.7
2021-11-14 09:00:00,1347.0,11.8
2021-11-14 10:00:00,1297.0,14.1
2021-11-14 11:00:00,1298.0,17.6
2021-11-14 12:00:00,1202.0,19.7
2021-11-14 13:00:00,1244.0,20.9
2021-11-14 14:00:00,1216.0,21.6
2021-11-14 15:00:00,1218.0,21.8
2021-11-14 16:00:00,1274.0,21.9
2021-11-14 17:00:00,1346.0,19.0
2021-11-14 18:00:00,1391.0,16.7
2021-11-14 19:00:00,1437.0,16.1
2021-11-14 20:00:00,1390.0,15.5
2021-11-14 21:00:00,1277.0,15.5
2021-11-14 22:00:00,1159.0,15.7
2021-11-14 23:00:00,1065.0,15.8
2021-11-15 00:00:00,993.0,14.4
2021-11-15 01:00:00,938.0,15.5
2021-11-15 02:00:00,906.0,14.0
2021-11-15 03:00:00,902.0,13.9
2021-11-15 04:00:00,882.0,12.6
2021-11-15 05:00:00,918.0,10.9
2021-11-15 06:00:00,1021.0,12.0
2021-11-15 07:00:00,1239.0,13.4
2021-11-15 08:00:00,1390.0,14.9
2021-11-15 09:00:00,1402.0,13.4
2021-11-15 10:00:00,1384.0,15.5
2021-11-15 11:00:00,1400.0,17.3
2021-11-15 12:00:00,1257.0,18.8
2021-11-15 13:00:00,1276.0,18.0
2021-11-15 14:00:00,1312.0,17.4
2021-11-15 15:00:00,1299.0,18.3
2021-11-15 16:00:00,1375.0,17.4
2021-11-15 17:00:00,1423.0,17.0
2021-11-15 18:00:00,1467.0,16.0
2021-11-15 19:00:00,1469.0,16.7
2021-11-15 20:00:00,1418.0,16.0
2021-11-15 21:00:00,1313.0,15.9
2021-11-15 22:00:00,1197.0,15.8
2021-11-15 23:00:00,1111.0,16.0
2021-11-16 00:00:00,1039.0,15.4
2021-11-16 01:00:00,984.0,14.7
2021-11-16 02:00:00,953.0,14.7
2021-11-16 03:00:00,943.0,15.2
2021-11-16 04:00:00,941.0,14.3
2021-11-16 05:00:00,956.0,13.5
2021-11-16 06:00:00,1047.0,13.5
2021-11-16 07:00:00,1237.0,14.0
2021-11-16 08:00:00,1413.0,13.9
2021-11-16 09:00:00,1439.0,13.9
2021-11-16 10:00:00,1425.0,16.0
2021-11-16 11:00:00,1418.0,18.5
2021-11-16 12:00:00,1298.0,18.9
2021-11-16 13:00:00,1294.0,18.1
2021-11-16 14:00:00,1324.0,17.6
2021-11-16 15:00:00,1326.0,17.2
2021-11-16 16:00:00,1369.0,17.1
2021-11-16 17:00:00,1452.0,16.1
2021-11-16 18:00:00,1458.0,15.0
2021-11-16 19:00:00,1472.0,15.4
2021-11-16 20:00:00,1418.0,15.5
2021-11-16 21:00:00,1333.0,15.3
2021-11-16 22:00:00,1213.0,15.2
2021-11-16 23:00:00,1108.0,15.0
2021-11-17 00:00:00,1041.0,14.7
2021-11-17 01:00:00,988.0,14.6
2021-11-17 02:00:00,953.0,14.4
2021-11-17 03:00:00,937.0,14.7
2021-11-17 04:00:00,930.0,14.6
2021-11-17 05:00:00,958.0,14.5
2021-11-17 06:00:00,1054.0,13.9
2021-11-17 07:00:00,1217.0,13.3
2021-11-17 08:00:00,1414.0,13.2
2021-11-17 09:00:00,1446.0,13.8
2021-11-17 10:00:00,1433.0,15.1
2021-11-17 11:00:00,1445.0,16.2
2021-11-17 12:00:00,1282.0,16.4
2021-11-17 13:00:00,1287.0,17.6
2021-11-17 14:00:00,1304.0,18.4
2021-11-17 15:00:00,1292.0,19.2
2021-11-17 16:00:00,1345.0,18.7
2021-11-17 17:00:00,1423.0,17.1
2021-11-17 18:00:00,1423.0,16.5
2021-11-17 19:00:00,1459.0,16.4
2021-11-17 20:00:00,1424.0,16.0
2021-11-17 21:00:00,1343.0,15.2
2021-11-17 22:00:00,1211.0,14.8
2021-11-17 23:00:00,1104.0,14.1
2021-11-18 00:00:00,1024.0,13.5
2021-11-18 01:00:00,983.0,12.6
2021-11-18 02:00:00,945.0,11.8
2021-11-18 03:00:00,948.0,11.7
2021-11-18 04:00:00,934.0,11.7
2021-11-18 05:00:00,932.0,11.1
2021-11-18 06:00:00,1060.0,11.2
2021-11-18 07:00:00,1262.0,10.7
2021-11-18 08:00:00,1402.0,11.1
2021-11-18 09:00:00,1424.0,12.4
2021-11-18 10:00:00,1400.0,15.0
2021-11-18 11:00:00,1391.0,17.3
2021-11-18 12:00:00,1258.0,19.5
2021-11-18 13:00:00,1220.0,20.4
2021-11-18 14:00:00,1255.0,20.8
2021-11-18 15:00:00,1226.0,20.8
2021-11-18 16:00:00,1313.0,21.0
2021-11-18 17:00:00,1376.0,18.4
2021-11-18 18:00:00,1404.0,16.3
2021-11-18 19:00:00,1447.0,15.7
2021-11-18 20:00:00,1391.0,15.4
2021-11-18 21:00:00,1303.0,15.1
2021-11-18 22:00:00,1186.0,14.4
2021-11-18 23:00:00,1109.0,13.9
2021-11-19 00:00:00,1039.0,13.7
2021-11-19 01:00:00,998.0,13.4
2021-11-19 02:00:00,955.0,13.6
2021-11-19 03:00:00,924.0,12.8
2021-11-19 04:00:00,924.0,11.7
2021-11-19 05:00:00,940.0,11.1
2021-11-19 06:00:00,1044.0,11.8
2021-11-19 07:00:00,1244.0,11.7
2021-11-19 08:00:00,1383.0,12.0
2021-11-19 09:00:00,1422.0,14.6
2021-11-19 10:00:00,1386.0,17.0
2021-11-19 11:00:00,1372.0,19.1
2021-11-19 12:00:00,1231.0,19.9
2021-11-19 13:00:00,1236.0,20.6
2021-11-19 14:00:00,1259.0,21.4
2021-11-19 15:00:00,1258.0,21.5
2021-11-19 16:00:00,1345.0,20.5
2021-11-19 17:00:00,1406.0,18.5
2021-11-19 18:00:00,1429.0,17.0
2021-11-19 19:00:00,1477.0,17.2
2021-11-19 20:00:00,1405.0,17.4
2021-11-19 21:00:00,1319.0,17.9
2021-11-19 22:00:00,1212.0,17.8
2021-11-19 23:00:00,1095.0,17.4
2021-11-20 00:00:00,1053.0,16.6
2021-11-20 01:00:00,993.0,16.6
2021-11-20 02:00:00,953.0,15.9
2021-11-20 03:00:00,927.0,15.2
2021-11-20 04:00:00,918.0,15.4
2021-11-20 05:00:00,922.0,15.2
2021-11-20 06:00:00,986.0,15.2
2021-11-20 07:00:00,1128.0,14.6
2021-11-20 08:00:00,1360.0,14.8
2021-11-20 09:00:00,1423.0,15.1
2021-11-20 10:00:00,1394.0,16.2
2021-11-20 11:00:00,1404.0,17.0
2021-11-20 12:00:00,1289.0,16.8
2021-11-20 13:00:00,1273.0,16.5
2021-11-20 14:00:00,1333.0,16.1
2021-11-20 15:00:00,1303.0,15.6
2021-11-20 16:00:00,1365.0,15.2
2021-11-20 17:00:00,1437.0,15.1
2021-11-20 18:00:00,1447.0,14.8
2021-11-20 19:00:00,1432.0,14.7
2021-11-20 20:00:00,1375.0,14.6
2021-11-20 21:00:00,1288.0,14.0
2021-11-20 22:00:00,1193.0,13.9
2021-11-20 23:00:00,1104.0,13.2
2021-11-21 00:00:00,1047.0,12.7
2021-11-21 01:00:00,1011.0,12.8
2021-11-21 02:00:00,961.0,12.6
2021-11-21 03:00:00,945.0,12.2
2021-11-21 04:00:00,930.0,12.4
2021-11-21 05:00:00,935.0,12.3
2021-11-21 06:00:00,1007.0,12.4
2021-11-21 07:00:00,1075.0,13.4
2021-11-21 08:00:00,1343.0,12.6
2021-11-21 09:00:00,1400.0,13.4
2021-11-21 10:00:00,1404.0,13.4
2021-11-21 11:00:00,1410.0,12.7
2021-11-21 12:00:00,1336.0,12.5
2021-11-21 13:00:00,1323.0,11.6
2021-11-21 14:00:00,1328.0,12.3
2021-11-21 15:00:00,1346.0,11.9
2021-11-21 16:00:00,1427.0,12.0
2021-11-21 17:00:00,1496.0,9.9
2021-11-21 18:00:00,1515.0,9.0
2021-11-21 19:00:00,1510.0,9.6
2021-11-21 20:00:00,1440.0,10.5
2021-11-21 21:00:00,1311.0,9.4
2021-11-21 22:00:00,1181.0,9.9
2021-11-21 23:00:00,1084.0,9.4
2021-11-22 00:00:00,1018.0,8.8
2021-11-22 01:00:00,966.0,8.8
2021-11-22 02:00:00,924.0,8.9
2021-11-22 03:00:00,902.0,10.8
2021-11-22 04:00:00,907.0,11.1
2021-11-22 05:00:00,917.0,10.9
2021-11-22 06:00:00,1005.0,10.7
2021-11-22 07:00:00,1202.0,10.1
2021-11-22 08:00:00,1415.0,10.4
2021-11-22 09:00:00,1488.0,10.2
2021-11-22 10:00:00,1500.0,10.9
2021-11-22 11:00:00,1476.0,11.5
2021-11-22 12:00:00,1322.0,12.4
2021-11-22 13:00:00,1326.0,12.4
2021-11-22 14:00:00,1356.0,11.3
2021-11-22 15:00:00,1365.0,12.0
2021-11-22 16:00:00,1430.0,11.7
2021-11-22 17:00:00,1472.0,9.9
2021-11-22 18:00:00,1556.0,9.0
2021-11-22 19:00:00,1590.0,9.5
2021-11-22 20:00:00,1548.0,8.6
2021-11-22 21:00:00,1441.0,8.9
2021-11-22 22:00:00,1300.0,8.3
2021-11-22 23:00:00,1163.0,8.4
2021-11-23 00:00:00,1082.0,8.0
2021-11-23 01:00:00,1018.0,7.5
2021-11-23 02:00:00,995.0,7.9
2021-11-23 03:00:00,972.0,7.5
2021-11-23 04:00:00,962.0,7.2
2021-11-23 05:00:00,978.0,6.7
2021-11-23 06:00:00,1081.0,6.7
2021-11-23 07:00:00,1276.0,6.6
2021-11-23 08:00:00,1496.0,7.2
2021-11-23 09:00:00,1528.0,7.7
2021-11-23 10:00:00,1508.0,10.5
2021-11-23 11:00:00,1484.0,13.0
2021-11-23 12:00:00,1314.0,13.4
2021-11-23 13:00:00,1337.0,13.7
2021-11-23 14:00:00,1359.0,14.3
2021-11-23 15:00:00,1337.0,15.5
2021-11-23 16:00:00,1410.0,15.2
2021-11-23 17:00:00,1465.0,13.4
2021-11-23 18:00:00,1527.0,10.6
2021-11-23 19:00:00,1586.0,10.0
2021-11-23 20:00:00,1556.0,9.3
2021-11-23 21:00:00,1449.0,9.2
2021-11-23 22:00:00,1316.0,8.7
2021-11-23 23:00:00,1177.0,8.8
2021-11-24 00:00:00,1077.0,9.4
2021-11-24 01:00:00,1029.0,9.8
2021-11-24 02:00:00,978.0,8.1
2021-11-24 03:00:00,971.0,6.5
2021-11-24 04:00:00,966.0,6.1
2021-11-24 05:00:00,972.0,6.1
2021-11-24 06:00:00,1086.0,6.5
2021-11-24 07:00:00,1275.0,6.0
2021-11-24 08:00:00,1485.0,6.2
2021-11-24 09:00:00,1515.0,7.9
2021-11-24 10:00:00,1474.0,11.5
2021-11-24 11:00:00,1460.0,15.1
2021-11-24 12:00:00,1285.0,16.3
2021-11-24 13:00:00,1293.0,17.9
2021-11-24 14:00:00,1318.0,18.9
2021-11-24 15:00:00,1325.0,19.8
2021-11-24 16:00:00,1375.0,19.7
2021-11-24 17:00:00,1441.0,16.4
2021-11-24 18:00:00,1480.0,15.2
2021-11-24 19:00:00,1525.0,14.2
2021-11-24 20:00:00,1475.0,14.2
2021-11-24 21:00:00,1385.0,13.8
2021-11-24 22:00:00,1243.0,14.1
2021-11-24 23:00:00,1127.0,15.2
2021-11-25 00:00:00,1046.0,14.5
2021-11-25 01:00:00,981.0,13.3
2021-11-25 02:00:00,967.0,11.9
2021-11-25 03:00:00,937.0,11.4
2021-11-25 04:00:00,927.0,10.4
2021-11-25 05:00:00,947.0,10.9
2021-11-25 06:00:00,1057.0,10.1
2021-11-25 07:00:00,1272.0,9.7
2021-11-25 08:00:00,1467.0,10.9
2021-11-25 09:00:00,1474.0,13.6
2021-11-25 10:00:00,1447.0,14.8
2021-11-25 11:00:00,1410.0,17.0
2021-11-25 12:00:00,1259.0,18.8
2021-11-25 13:00:00,1283.0,19.8
2021-11-25 14:00:00,1268.0,20.2
2021-11-25 15:00:00,1280.0,20.6
2021-11-25 16:00:00,1333.0,20.3
2021-11-25 17:00:00,1404.0,18.1
2021-11-25 18:00:00,1451.0,15.3
2021-11-25 19:00:00,1523.0,14.7
2021-11-25 20:00:00,1465.0,15.7
2021-11-25 21:00:00,1396.0,15.4
2021-11-25 22:00:00,1253.0,15.2
2021-11-25 23:00:00,1149.0,15.1
2021-11-26 00:00:00,1056.0,14.7
2021-11-26 01:00:00,998.0,13.4
2021-11-26 02:00:00,965.0,11.0
2021-11-26 03:00:00,941.0,9.5
2021-11-26 04:00:00,927.0,9.1
2021-11-26 05:00:00,942.0,9.0
2021-11-26 06:00:00,1060.0,10.0
2021-11-26 07:00:00,1248.0,10.5
2021-11-26 08:00:00,1449.0,8.4
2021-11-26 09:00:00,1468.0,8.9
2021-11-26 10:00:00,1450.0,12.2
2021-11-26 11:00:00,1433.0,15.2
2021-11-26 12:00:00,1258.0,17.6
2021-11-26 13:00:00,1280.0,19.3
2021-11-26 14:00:00,1289.0,20.7
2021-11-26 15:00:00,1293.0,20.3
2021-11-26 16:00:00,1357.0,18.6
2021-11-26 17:00:00,1408.0,17.4
2021-11-26 18:00:00,1474.0,16.0
2021-11-26 19:00:00,1529.0,15.7
2021-11-26 20:00:00,1484.0,14.8
2021-11-26 21:00:00,1396.0,14.0
2021-11-26 22:00:00,1293.0,12.8
2021-11-26 23:00:00,1142.0,11.9
2021-11-27 00:00:00,1063.0,11.7
2021-11-27 01:00:00,1032.0,11.0
2021-11-27 02:00:00,975.0,9.8
2021-11-27 03:00:00,964.0,9.7
2021-11-27 04:00:00,932.0,9.8
2021-11-27 05:00:00,949.0,10.1
2021-11-27 06:00:00,1026.0,10.0
2021-11-27 07:00:00,1166.0,9.0
2021-11-27 08:00:00,1442.0,9.0
2021-11-27 09:00:00,1462.0,11.1
2021-11-27 10:00:00,1430.0,13.2
2021-11-27 11:00:00,1416.0,14.7
2021-11-27 12:00:00,1278.0,16.9
2021-11-27 13:00:00,1262.0,18.0
2021-11-27 14:00:00,1279.0,18.2
2021-11-27 15:00:00,1279.0,17.9
2021-11-27 16:00:00,1357.0,17.1
2021-11-27 17:00:00,1400.0,15.7
2021-11-27 18:00:00,1469.0,14.6
2021-11-27 19:00:00,1506.0,14.3
2021-11-27 20:00:00,1470.0,13.9
2021-11-27 21:00:00,1368.0,13.7
2021-11-27 22:00:00,1242.0,12.1
2021-11-27 23:00:00,1139.0,12.0
2021-11-28 00:00:00,1051.0,11.1
2021-11-28 01:00:00,1002.0,10.5
2021-11-28 02:00:00,953.0,10.4
2021-11-28 03:00:00,915.0,10.3
2021-11-28 04:00:00,908.0,10.2
2021-11-28 05:00:00,933.0,9.9
2021-11-28 06:00:00,978.0,8.8
2021-11-28 07:00:00,1113.0,8.9
2021-11-28 08:00:00,1398.0,9.3
2021-11-28 09:00:00,1445.0,10.3
2021-11-28 10:00:00,1430.0,11.1
2021-11-28 11:00:00,1428.0,12.8
2021-11-28 12:00:00,1308.0,13.9
2021-11-28 13:00:00,1294.0,14.5
2021-11-28 14:00:00,1344.0,13.6
2021-11-28 15:00:00,1336.0,13.4
2021-11-28 16:00:00,1431.0,13.0
2021-11-28 17:00:00,1466.0,12.4
2021-11-28 18:00:00,1489.0,12.2
2021-11-28 19:00:00,1545.0,11.7
2021-11-28 20:00:00,1494.0,11.7
2021-11-28 21:00:00,1385.0,11.4
2021-11-28 22:00:00,1246.0,11.5
2021-11-28 23:00:00,1120.0,11.3
2021-11-29 00:00:00,1034.0,10.0
2021-11-29 01:00:00,973.0,9.0
2021-11-29 02:00:00,932.0,8.7
2021-11-29 03:00:00,921.0,8.5
2021-11-29 04:00:00,910.0,10.0
2021-11-29 05:00:00,942.0,9.5
2021-11-29 06:00:00,1040.0,6.9
2021-11-29 07:00:00,1251.0,6.9
2021-11-29 08:00:00,1465.0,7.0
2021-11-29 09:00:00,1501.0,8.8
2021-11-29 10:00:00,1480.0,11.0
2021-11-29 11:00:00,1475.0,13.0
2021-11-29 12:00:00,1328.0,14.6
2021-11-29 13:00:00,1347.0,15.2
2021-11-29 14:00:00,1387.0,14.8
2021-11-29 15:00:00,1408.0,14.7
2021-11-29 16:00:00,1501.0,14.2
2021-11-29 17:00:00,1548.0,13.8
2021-11-29 18:00:00,1556.0,11.0
2021-11-29 19:00:00,1573.0,11.7
2021-11-29 20:00:00,1515.0,11.3
2021-11-29 21:00:00,1397.0,12.2
2021-11-29 22:00:00,1258.0,11.4
2021-11-29 23:00:00,1137.0,10.9
2021-11-30 00:00:00,1040.0,10.5
2021-11-30 01:00:00,985.0,10.3
2021-11-30 02:00:00,932.0,9.2
2021-11-30 03:00:00,915.0,7.9
2021-11-30 04:00:00,929.0,8.0
2021-11-30 05:00:00,927.0,7.9
2021-11-30 06:00:00,1045.0,7.8
2021-11-30 07:00:00,1226.0,7.5
2021-11-30 08:00:00,1441.0,6.6
2021-11-30 09:00:00,1510.0,8.4
2021-11-30 10:00:00,1474.0,10.8
2021-11-30 11:00:00,1461.0,12.7
2021-11-30 12:00:00,1308.0,14.1
2021-11-30 13:00:00,1321.0,15.2
2021-11-30 14:00:00,1331.0,16.5
2021-11-30 15:00:00,1316.0,16.1
2021-11-30 16:00:00,1386.0,15.6
2021-11-30 17:00:00,1436.0,13.8
2021-11-30 18:00:00,1510.0,11.2
2021-11-30 19:00:00,1574.0,10.1
2021-11-30 20:00:00,1526.0,9.7
2021-11-30 21:00:00,1444.0,9.7
2021-11-30 22:00:00,1285.0,11.5
2021-11-30 23:00:00,1193.0,10.6
2021-12-01 00:00:00,1097.0,9.2
2021-12-01 01:00:00,1037.0,10.0
2021-12-01 02:00:00,997.0,9.8
2021-12-01 03:00:00,976.0,8.3
2021-12-01 04:00:00,977.0,6.2
2021-12-01 05:00:00,982.0,8.4
2021-12-01 06:00:00,1085.0,6.0
2021-12-01 07:00:00,1277.0,5.6
2021-12-01 08:00:00,1505.0,7.9
2021-12-01 09:00:00,1546.0,9.8
2021-12-01 10:00:00,1488.0,12.3
2021-12-01 11:00:00,1456.0,14.2
2021-12-01 12:00:00,1315.0,15.2
2021-12-01 13:00:00,1304.0,14.8
2021-12-01 14:00:00,1322.0,14.8
2021-12-01 15:00:00,1341.0,14.8
2021-12-01 16:00:00,1427.0,13.5
2021-12-01 17:00:00,1494.0,11.8
2021-12-01 18:00:00,1518.0,9.7
2021-12-01 19:00:00,1573.0,9.2
2021-12-01 20:00:00,1548.0,9.3
2021-12-01 21:00:00,1460.0,9.5
2021-12-01 22:00:00,1271.0,9.1
2021-12-01 23:00:00,1157.0,9.1
2021-12-02 00:00:00,1103.0,8.2
2021-12-02 01:00:00,1037.0,5.5
2021-12-02 02:00:00,1012.0,5.9
2021-12-02 03:00:00,988.0,7.4
2021-12-02 04:00:00,972.0,7.8
2021-12-02 05:00:00,984.0,6.6
2021-12-02 06:00:00,1103.0,3.6
2021-12-02 07:00:00,1303.0,4.1
2021-12-02 08:00:00,1551.0,4.6
2021-12-02 09:00:00,1600.0,6.7
2021-12-02 10:00:00,1556.0,9.0
2021-12-02 11:00:00,1509.0,11.2
2021-12-02 12:00:00,1324.0,13.2
2021-12-02 13:00:00,1332.0,15.0
2021-12-02 14:00:00,1349.0,16.1
2021-12-02 15:00:00,1342.0,16.1
2021-12-02 16:00:00,1446.0,15.3
2021-12-02 17:00:00,1503.0,14.2
2021-12-02 18:00:00,1533.0,11.5
2021-12-02 19:00:00,1587.0,11.2
2021-12-02 20:00:00,1557.0,11.0
2021-12-02 21:00:00,1446.0,10.7
2021-12-02 22:00:00,1282.0,10.3
2021-12-02 23:00:00,1149.0,10.2
2021-12-03 00:00:00,1105.0,10.2
2021-12-03 01:00:00,1054.0,10.6
2021-12-03 02:00:00,1020.0,9.1
2021-12-03 03:00:00,978.0,9.1
2021-12-03 04:00:00,977.0,7.5
2021-12-03 05:00:00,993.0,8.5
2021-12-03 06:00:00,1089.0,7.9
2021-12-03 07:00:00,1290.0,6.4
2021-12-03 08:00:00,1534.0,5.8
2021-12-03 09:00:00,1580.0,8.0
2021-12-03 10:00:00,1544.0,11.0
2021-12-03 11:00:00,1488.0,14.5
2021-12-03 12:00:00,1324.0,15.8
2021-12-03 13:00:00,1317.0,17.9
2021-12-03 14:00:00,1338.0,18.7
2021-12-03 15:00:00,1351.0,18.5
2021-12-03 16:00:00,1419.0,17.9
2021-12-03 17:00:00,1480.0,15.6
2021-12-03 18:00:00,1536.0,13.6
2021-12-03 19:00:00,1592.0,13.1
2021-12-03 20:00:00,1564.0,12.8
2021-12-03 21:00:00,1466.0,12.9
2021-12-03 22:00:00,1326.0,12.8
2021-12-03 23:00:00,1192.0,12.5
2021-12-04 00:00:00,1130.0,12.7
2021-12-04 01:00:00,1069.0,12.1
2021-12-04 02:00:00,1042.0,10.8
2021-12-04 03:00:00,990.0,11.2
2021-12-04 04:00:00,985.0,10.3
2021-12-04 05:00:00,996.0,7.0
2021-12-04 06:00:00,1062.0,7.8
2021-12-04 07:00:00,1204.0,7.3
2021-12-04 08:00:00,1526.0,9.3
2021-12-04 09:00:00,1566.0,10.2
2021-12-04 10:00:00,1545.0,13.2
2021-12-04 11:00:00,1481.0,14.3
2021-12-04 12:00:00,1356.0,16.9
2021-12-04 13:00:00,1337.0,17.8
2021-12-04 14:00:00,1346.0,18.0
2021-12-04 15:00:00,1378.0,17.7
2021-12-04 16:00:00,1450.0,17.1
2021-12-04 17:00:00,1491.0,14.6
2021-12-04 18:00:00,1526.0,12.8
2021-12-04 19:00:00,1565.0,13.5
2021-12-04 20:00:00,1534.0,13.7
2021-12-04 21:00:00,1446.0,13.9
2021-12-04 22:00:00,1296.0,13.1
2021-12-04 23:00:00,1195.0,13.0
2021-12-05 00:00:00,1124.0,12.9
2021-12-05 01:00:00,1050.0,12.1
2021-12-05 02:00:00,1009.0,10.2
2021-12-05 03:00:00,982.0,9.4
2021-12-05 04:00:00,947.0,11.1
2021-12-05 05:00:00,969.0,10.8
2021-12-05 06:00:00,1050.0,8.6
2021-12-05 07:00:00,1140.0,7.6
2021-12-05 08:00:00,1441.0,8.2
2021-12-05 09:00:00,1467.0,9.5
2021-12-05 10:00:00,1424.0,11.4
2021-12-05 11:00:00,1388.0,15.1
2021-12-05 12:00:00,1273.0,16.8
2021-12-05 13:00:00,1244.0,17.9
2021-12-05 14:00:00,1268.0,18.9
2021-12-05 15:00:00,1286.0,18.9
2021-12-05 16:00:00,1354.0,17.7
2021-12-05 17:00:00,1408.0,15.4
2021-12-05 18:00:00,1460.0,13.0
2021-12-05 19:00:00,1538.0,13.2
2021-12-05 20:00:00,1489.0,13.4
2021-12-05 21:00:00,1381.0,12.9
2021-12-05 22:00:00,1217.0,13.0
2021-12-05 23:00:00,1108.0,12.7
2021-12-06 00:00:00,1049.0,12.1
2021-12-06 01:00:00,994.0,12.0
2021-12-06 02:00:00,971.0,11.8
2021-12-06 03:00:00,935.0,11.0
2021-12-06 04:00:00,915.0,9.4
2021-12-06 05:00:00,951.0,7.5
2021-12-06 06:00:00,1061.0,7.1
2021-12-06 07:00:00,1257.0,7.7
2021-12-06 08:00:00,1540.0,9.2
2021-12-06 09:00:00,1598.0,8.8
2021-12-06 10:00:00,1541.0,12.1
2021-12-06 11:00:00,1514.0,14.3
2021-12-06 12:00:00,1311.0,17.3
2021-12-06 13:00:00,1327.0,18.4
2021-12-06 14:00:00,1343.0,19.1
2021-12-06 15:00:00,1359.0,18.8
2021-12-06 16:00:00,1434.0,17.9
2021-12-06 17:00:00,1490.0,15.5
2021-12-06 18:00:00,1524.0,14.7
2021-12-06 19:00:00,1585.0,14.8
2021-12-06 20:00:00,1541.0,14.7
2021-12-06 21:00:00,1444.0,14.3
2021-12-06 22:00:00,1288.0,13.4
2021-12-06 23:00:00,1168.0,11.5
2021-12-07 00:00:00,1121.0,10.2
2021-12-07 01:00:00,1034.0,10.4
2021-12-07 02:00:00,964.0,10.4
2021-12-07 03:00:00,933.0,9.5
2021-12-07 04:00:00,920.0,10.0
2021-12-07 05:00:00,920.0,8.4
2021-12-07 06:00:00,1029.0,8.3
2021-12-07 07:00:00,1228.0,7.8
2021-12-07 08:00:00,1506.0,8.2
2021-12-07 09:00:00,1573.0,9.0
2021-12-07 10:00:00,1553.0,11.1
2021-12-07 11:00:00,1538.0,11.4
2021-12-07 12:00:00,1369.0,13.3
2021-12-07 13:00:00,1358.0,12.7
2021-12-07 14:00:00,1384.0,13.3
2021-12-07 15:00:00,1401.0,13.3
2021-12-07 16:00:00,1502.0,12.5
2021-12-07 17:00:00,1558.0,11.5
2021-12-07 18:00:00,1577.0,10.9
2021-12-07 19:00:00,1625.0,10.4
2021-12-07 20:00:00,1560.0,10.1
2021-12-07 21:00:00,1453.0,10.0
2021-12-07 22:00:00,1308.0,9.2
2021-12-07 23:00:00,1142.0,9.1
2021-12-08 00:00:00,1079.0,8.6
2021-12-08 01:00:00,1005.0,8.6
2021-12-08 02:00:00,973.0,8.7
2021-12-08 03:00:00,944.0,8.8
2021-12-08 04:00:00,942.0,8.8
2021-12-08 05:00:00,964.0,8.7
2021-12-08 06:00:00,1051.0,8.7
2021-12-08 07:00:00,1227.0,8.5
2021-12-08 08:00:00,1495.0,8.8
2021-12-08 09:00:00,1557.0,9.4
2021-12-08 10:00:00,1588.0,11.0
2021-12-08 11:00:00,1580.0,11.2
2021-12-08 12:00:00,1431.0,11.7
2021-12-08 13:00:00,1453.0,11.9
2021-12-08 14:00:00,1474.0,11.5
2021-12-08 15:00:00,1471.0,11.3
2021-12-08 16:00:00,1554.0,10.9
2021-12-08 17:00:00,1601.0,10.4
2021-12-08 18:00:00,1628.0,10.1
2021-12-08 19:00:00,1642.0,10.1
2021-12-08 20:00:00,1590.0,9.7
2021-12-08 21:00:00,1476.0,9.7
2021-12-08 22:00:00,1309.0,9.6
2021-12-08 23:00:00,1167.0,9.6
2021-12-09 00:00:00,1077.0,9.6
2021-12-09 01:00:00,1024.0,9.3
2021-12-09 02:00:00,979.0,8.9
2021-12-09 03:00:00,968.0,8.6
2021-12-09 04:00:00,955.0,8.2
2021-12-09 05:00:00,955.0,8.3
2021-12-09 06:00:00,1058.0,8.2
2021-12-09 07:00:00,1245.0,8.1
2021-12-09 08:00:00,1494.0,8.4
2021-12-09 09:00:00,1551.0,7.9
2021-12-09 10:00:00,1539.0,9.0
2021-12-09 11:00:00,1491.0,11.3
2021-12-09 12:00:00,1322.0,13.2
2021-12-09 13:00:00,1304.0,13.9
2021-12-09 14:00:00,1322.0,15.2
2021-12-09 15:00:00,1333.0,15.6
2021-12-09 16:00:00,1435.0,15.3
2021-12-09 17:00:00,1473.0,13.0
2021-12-09 18:00:00,1530.0,11.1
2021-12-09 19:00:00,1607.0,10.6
2021-12-09 20:00:00,1553.0,11.1
2021-12-09 21:00:00,1455.0,11.0
2021-12-09 22:00:00,1295.0,10.7
2021-12-09 23:00:00,1145.0,10.9
2021-12-10 00:00:00,1079.0,9.9
2021-12-10 01:00:00,1001.0,10.3
2021-12-10 02:00:00,969.0,9.4
2021-12-10 03:00:00,940.0,10.3
2021-12-10 04:00:00,932.0,9.5
2021-12-10 05:00:00,943.0,8.8
2021-12-10 06:00:00,1027.0,9.2
2021-12-10 07:00:00,1198.0,9.8
2021-12-10 08:00:00,1454.0,9.9
2021-12-10 09:00:00,1556.0,9.5
2021-12-10 10:00:00,1551.0,10.0
2021-12-10 11:00:00,1534.0,11.0
2021-12-10 12:00:00,1381.0,12.4
2021-12-10 13:00:00,1385.0,13.2
2021-12-10 14:00:00,1399.0,14.3
2021-12-10 15:00:00,1397.0,15.0
2021-12-10 16:00:00,1466.0,14.8
2021-12-10 17:00:00,1545.0,13.7
2021-12-10 18:00:00,1565.0,13.0
2021-12-10 19:00:00,1590.0,12.3
2021-12-10 20:00:00,1549.0,11.8
2021-12-10 21:00:00,1437.0,11.5
2021-12-10 22:00:00,1311.0,10.7
2021-12-10 23:00:00,1165.0,10.9
2021-12-11 00:00:00,1067.0,10.5
2021-12-11 01:00:00,998.0,10.3
2021-12-11 02:00:00,941.0,9.8
2021-12-11 03:00:00,923.0,9.3
2021-12-11 04:00:00,899.0,9.1
2021-12-11 05:00:00,909.0,9.2
2021-12-11 06:00:00,963.0,9.5
2021-12-11 07:00:00,1056.0,9.6
2021-12-11 08:00:00,1386.0,9.5
2021-12-11 09:00:00,1529.0,9.5
2021-12-11 10:00:00,1546.0,9.6
2021-12-11 11:00:00,1577.0,9.4
2021-12-11 12:00:00,1461.0,9.0
2021-12-11 13:00:00,1474.0,8.7
2021-12-11 14:00:00,1505.0,8.3
2021-12-11 15:00:00,1529.0,8.2
2021-12-11 16:00:00,1585.0,8.2
2021-12-11 17:00:00,1630.0,8.2
2021-12-11 18:00:00,1636.0,8.2
2021-12-11 19:00:00,1625.0,8.1
2021-12-11 20:00:00,1573.0,8.1
2021-12-11 21:00:00,1458.0,8.0
2021-12-11 22:00:00,1306.0,8.0
2021-12-11 23:00:00,1161.0,8.0
2021-12-12 00:00:00,1105.0,7.7
2021-12-12 01:00:00,1036.0,7.7
2021-12-12 02:00:00,983.0,7.6
2021-12-12 03:00:00,966.0,7.5
2021-12-12 04:00:00,928.0,7.4
2021-12-12 05:00:00,942.0,7.4
2021-12-12 06:00:00,1001.0,7.3
2021-12-12 07:00:00,1084.0,7.4
2021-12-12 08:00:00,1393.0,7.5
2021-12-12 09:00:00,1528.0,7.7
2021-12-12 10:00:00,1548.0,8.1
2021-12-12 11:00:00,1509.0,9.0
2021-12-12 12:00:00,1394.0,9.5
2021-12-12 13:00:00,1375.0,11.5
2021-12-12 14:00:00,1340.0,13.0
2021-12-12 15:00:00,1357.0,12.6
2021-12-12 16:00:00,1426.0,12.2
2021-12-12 17:00:00,1495.0,11.7
2021-12-12 18:00:00,1530.0,10.9
2021-12-12 19:00:00,1611.0,10.4
2021-12-12 20:00:00,1574.0,10.1
2021-12-12 21:00:00,1459.0,9.4
2021-12-12 22:00:00,1293.0,9.6
2021-12-12 23:00:00,1164.0,9.8
2021-12-13 00:00:00,1092.0,9.2
2021-12-13 01:00:00,1022.0,8.9
2021-12-13 02:00:00,961.0,7.6
2021-12-13 03:00:00,950.0,5.8
2021-12-13 04:00:00,949.0,5.5
2021-12-13 05:00:00,955.0,5.1
2021-12-13 06:00:00,1058.0,4.9
2021-12-13 07:00:00,1230.0,5.0
2021-12-13 08:00:00,1531.0,5.1
2021-12-13 09:00:00,1653.0,6.3
2021-12-13 10:00:00,1625.0,8.4
2021-12-13 11:00:00,1637.0,9.1
2021-12-13 12:00:00,1449.0,10.2
2021-12-13 13:00:00,1459.0,11.4
2021-12-13 14:00:00,1476.0,12.5
2021-12-13 15:00:00,1468.0,12.4
2021-12-13 16:00:00,1563.0,11.0
2021-12-13 17:00:00,1598.0,10.5
2021-12-13 18:00:00,1632.0,9.6
2021-12-13 19:00:00,1685.0,8.3
2021-12-13 20:00:00,1644.0,7.7
2021-12-13 21:00:00,1528.0,7.4
2021-12-13 22:00:00,1344.0,6.8
2021-12-13 23:00:00,1214.0,7.1
2021-12-14 00:00:00,1114.0,7.5
2021-12-14 01:00:00,1030.0,7.5
2021-12-14 02:00:00,992.0,7.4
2021-12-14 03:00:00,959.0,7.7
2021-12-14 04:00:00,942.0,8.0
2021-12-14 05:00:00,957.0,8.0
2021-12-14 06:00:00,1055.0,7.8
2021-12-14 07:00:00,1219.0,8.0
2021-12-14 08:00:00,1512.0,8.0
2021-12-14 09:00:00,1631.0,8.5
2021-12-14 10:00:00,1645.0,9.3
2021-12-14 11:00:00,1634.0,9.9
2021-12-14 12:00:00,1484.0,10.6
2021-12-14 13:00:00,1477.0,11.4
2021-12-14 14:00:00,1502.0,12.3
2021-12-14 15:00:00,1487.0,12.6
2021-12-14 16:00:00,1569.0,12.2
2021-12-14 17:00:00,1607.0,11.6
2021-12-14 18:00:00,1638.0,11.0
2021-12-14 19:00:00,1672.0,10.6
2021-12-14 20:00:00,1631.0,10.3
2021-12-14 21:00:00,1528.0,10.5
2021-12-14 22:00:00,1360.0,10.9
2021-12-14 23:00:00,1209.0,11.0
2021-12-15 00:00:00,1102.0,10.8
2021-12-15 01:00:00,1024.0,10.7
2021-12-15 02:00:00,992.0,10.3
2021-12-15 03:00:00,959.0,10.1
2021-12-15 04:00:00,958.0,10.2
2021-12-15 05:00:00,962.0,9.9
2021-12-15 06:00:00,1079.0,9.9
2021-12-15 07:00:00,1227.0,10.0
2021-12-15 08:00:00,1509.0,9.9
2021-12-15 09:00:00,1649.0,10.0
2021-12-15 10:00:00,1665.0,10.3
2021-12-15 11:00:00,1656.0,10.6
2021-12-15 12:00:00,1519.0,10.7
2021-12-15 13:00:00,1531.0,11.0
2021-12-15 14:00:00,1564.0,11.3
2021-12-15 15:00:00,1578.0,11.0
2021-12-15 16:00:00,1653.0,10.6
2021-12-15 17:00:00,1695.0,10.4
2021-12-15 18:00:00,1684.0,10.2
2021-12-15 19:00:00,1696.0,10.1
2021-12-15 20:00:00,1650.0,10.1
2021-12-15 21:00:00,1549.0,10.0
2021-12-15 22:00:00,1354.0,10.0
2021-12-15 23:00:00,1198.0,9.9
2021-12-16 00:00:00,1122.0,9.7
2021-12-16 01:00:00,1057.0,9.5
2021-12-16 02:00:00,997.0,9.5
2021-12-16 03:00:00,989.0,9.5
2021-12-16 04:00:00,960.0,9.4
2021-12-16 05:00:00,960.0,9.3
2021-12-16 06:00:00,1060.0,9.2
2021-12-16 07:00:00,1226.0,9.5
2021-12-16 08:00:00,1513.0,9.3
2021-12-16 09:00:00,1634.0,9.5
2021-12-16 10:00:00,1680.0,9.9
2021-12-16 11:00:00,1677.0,10.3
2021-12-16 12:00:00,1533.0,11.2
2021-12-16 13:00:00,1525.0,11.5
2021-12-16 14:00:00,1565.0,11.5
2021-12-16 15:00:00,1579.0,11.0
2021-12-16 16:00:00,1652.0,11.0
2021-12-16 17:00:00,1682.0,10.7
2021-12-16 18:00:00,1657.0,11.1
2021-12-16 19:00:00,1683.0,10.4
2021-12-16 20:00:00,1647.0,10.8
2021-12-16 21:00:00,1546.0,10.7
2021-12-16 22:00:00,1371.0,10.9
2021-12-16 23:00:00,1230.0,12.1
2021-12-17 00:00:00,1146.0,10.6
2021-12-17 01:00:00,1067.0,10.6
2021-12-17 02:00:00,1034.0,11.7
2021-12-17 03:00:00,1001.0,12.0
2021-12-17 04:00:00,972.0,11.4
2021-12-17 05:00:00,980.0,10.5
2021-12-17 06:00:00,1077.0,10.2
2021-12-17 07:00:00,1249.0,9.7
2021-12-17 08:00:00,1562.0,9.1
2021-12-17 09:00:00,1643.0,9.5
2021-12-17 10:00:00,1629.0,10.1
2021-12-17 11:00:00,1638.0,10.1
2021-12-17 12:00:00,1481.0,10.5
2021-12-17 13:00:00,1510.0,11.3
2021-12-17 14:00:00,1500.0,12.2
2021-12-17 15:00:00,1500.0,11.6
2021-12-17 16:00:00,1557.0,11.0
2021-12-17 17:00:00,1619.0,9.9
2021-12-17 18:00:00,1667.0,8.6
2021-12-17 19:00:00,1754.0,8.1
2021-12-17 20:00:00,1708.0,7.8
2021-12-17 21:00:00,1621.0,8.0
2021-12-17 22:00:00,1459.0,7.9
2021-12-17 23:00:00,1298.0,7.5
2021-12-18 00:00:00,1167.0,6.8
2021-12-18 01:00:00,1078.0,6.0
2021-12-18 02:00:00,1026.0,4.2
2021-12-18 03:00:00,984.0,3.6
2021-12-18 04:00:00,976.0,3.7
2021-12-18 05:00:00,973.0,3.5
2021-12-18 06:00:00,1041.0,3.6
2021-12-18 07:00:00,1167.0,3.4
2021-12-18 08:00:00,1549.0,3.6
2021-12-18 09:00:00,1643.0,5.0
2021-12-18 10:00:00,1634.0,6.9
2021-12-18 11:00:00,1606.0,9.0
2021-12-18 12:00:00,1458.0,10.4
2021-12-18 13:00:00,1445.0,11.1
2021-12-18 14:00:00,1474.0,11.6
2021-12-18 15:00:00,1484.0,11.4
2021-12-18 16:00:00,1559.0,11.2
2021-12-18 17:00:00,1601.0,10.4
2021-12-18 18:00:00,1655.0,8.7
2021-12-18 19:00:00,1712.0,7.7
2021-12-18 20:00:00,1685.0,7.7
2021-12-18 21:00:00,1581.0,7.7
2021-12-18 22:00:00,1397.0,7.4
2021-12-18 23:00:00,1252.0,7.4
2021-12-19 00:00:00,1143.0,7.4
2021-12-19 01:00:00,1056.0,7.5
2021-12-19 02:00:00,1020.0,7.3
2021-12-19 03:00:00,985.0,7.05
2021-12-19 04:00:00,975.0,6.8
2021-12-19 05:00:00,965.0,6.5
2021-12-19 06:00:00,1046.0,6.0
2021-12-19 07:00:00,1135.0,5.4
2021-12-19 08:00:00,1489.0,5.3
2021-12-19 09:00:00,1572.0,7.7
2021-12-19 10:00:00,1527.0,8.1
2021-12-19 11:00:00,1486.0,12.6
2021-12-19 12:00:00,1343.0,13.7
2021-12-19 13:00:00,1329.0,14.2
2021-12-19 14:00:00,1345.0,15.0
2021-12-19 15:00:00,1369.0,15.9
2021-12-19 16:00:00,1441.0,14.6
2021-12-19 17:00:00,1507.0,12.4
2021-12-19 18:00:00,1552.0,10.5
2021-12-19 19:00:00,1651.0,10.6
2021-12-19 20:00:00,1625.0,9.9
2021-12-19 21:00:00,1497.0,9.6
2021-12-19 22:00:00,1330.0,9.5
2021-12-19 23:00:00,1165.0,9.9
2021-12-20 00:00:00,1085.0,10.2
2021-12-20 01:00:00,1016.0,10.1
2021-12-20 02:00:00,964.0,8.3
2021-12-20 03:00:00,935.0,7.4
2021-12-20 04:00:00,925.0,7.5
2021-12-20 05:00:00,952.0,7.6
2021-12-20 06:00:00,1047.0,7.1
2021-12-20 07:00:00,1243.0,6.8
2021-12-20 08:00:00,1540.0,7.1
2021-12-20 09:00:00,1614.0,8.1
2021-12-20 10:00:00,1581.0,10.5
2021-12-20 11:00:00,1564.0,13.0
2021-12-20 12:00:00,1390.0,15.5
2021-12-20 13:00:00,1394.0,16.6
2021-12-20 14:00:00,1424.0,18.0
2021-12-20 15:00:00,1409.0,18.5
2021-12-20 16:00:00,1468.0,18.6
2021-12-20 17:00:00,1545.0,15.9
2021-12-20 18:00:00,1523.0,13.2
2021-12-20 19:00:00,1617.0,12.2
2021-12-20 20:00:00,1588.0,11.9
2021-12-20 21:00:00,1487.0,11.3
2021-12-20 22:00:00,1310.0,11.3
2021-12-20 23:00:00,1179.0,12.6
2021-12-21 00:00:00,1109.0,10.8
2021-12-21 01:00:00,1046.0,9.9
2021-12-21 02:00:00,1008.0,7.8
2021-12-21 03:00:00,984.0,9.1
2021-12-21 04:00:00,955.0,9.2
2021-12-21 05:00:00,967.0,8.5
2021-12-21 06:00:00,1089.0,7.8
2021-12-21 07:00:00,1272.0,8.2
2021-12-21 08:00:00,1540.0,8.6
2021-12-21 09:00:00,1610.0,8.4
2021-12-21 10:00:00,1574.0,10.3
2021-12-21 11:00:00,1517.0,13.9
2021-12-21 12:00:00,1351.0,17.2
2021-12-21 13:00:00,1329.0,17.8
2021-12-21 14:00:00,1350.0,18.0
2021-12-21 15:00:00,1355.0,18.9
2021-12-21 16:00:00,1433.0,18.6
2021-12-21 17:00:00,1483.0,16.6
2021-12-21 18:00:00,1513.0,13.4
2021-12-21 19:00:00,1601.0,12.6
2021-12-21 20:00:00,1574.0,12.4
2021-12-21 21:00:00,1485.0,12.5
2021-12-21 22:00:00,1307.0,13.5
2021-12-21 23:00:00,1167.0,13.5
2021-12-22 00:00:00,1097.0,11.9
2021-12-22 01:00:00,1039.0,11.5
2021-12-22 02:00:00,985.0,11.1
2021-12-22 03:00:00,969.0,8.6
2021-12-22 04:00:00,956.0,8.7
2021-12-22 05:00:00,967.0,7.3
2021-12-22 06:00:00,1067.0,7.7
2021-12-22 07:00:00,1270.0,8.5
2021-12-22 08:00:00,1562.0,8.6
2021-12-22 09:00:00,1609.0,9.9
2021-12-22 10:00:00,1558.0,12.4
2021-12-22 11:00:00,1499.0,14.0
2021-12-22 12:00:00,1347.0,16.1
2021-12-22 13:00:00,1319.0,17.5
2021-12-22 14:00:00,1349.0,18.1
2021-12-22 15:00:00,1360.0,18.4
2021-12-22 16:00:00,1417.0,18.4
2021-12-22 17:00:00,1480.0,17.1
2021-12-22 18:00:00,1507.0,13.5
2021-12-22 19:00:00,1616.0,13.0
2021-12-22 20:00:00,1591.0,12.8
2021-12-22 21:00:00,1483.0,12.4
2021-12-22 22:00:00,1311.0,13.2
2021-12-22 23:00:00,1180.0,12.2
2021-12-23 00:00:00,1106.0,11.3
2021-12-23 01:00:00,1029.0,11.2
2021-12-23 02:00:00,995.0,10.3
2021-12-23 03:00:00,974.0,9.4
2021-12-23 04:00:00,964.0,9.4
2021-12-23 05:00:00,976.0,10.3
2021-12-23 06:00:00,1078.0,7.6
2021-12-23 07:00:00,1262.0,7.7
2021-12-23 08:00:00,1546.0,7.5
2021-12-23 09:00:00,1645.0,6.5
2021-12-23 10:00:00,1589.0,9.9
2021-12-23 11:00:00,1538.0,12.6
2021-12-23 12:00:00,1370.0,14.0
2021-12-23 13:00:00,1337.0,15.9
2021-12-23 14:00:00,1367.0,16.0
2021-12-23 15:00:00,1391.0,16.8
2021-12-23 16:00:00,1469.0,16.8
2021-12-23 17:00:00,1528.0,14.2
2021-12-23 18:00:00,1546.0,12.4
2021-12-23 19:00:00,1613.0,13.1
2021-12-23 20:00:00,1596.0,13.5
2021-12-23 21:00:00,1486.0,14.2
2021-12-23 22:00:00,1320.0,13.2
2021-12-23 23:00:00,1181.0,12.6
2021-12-24 00:00:00,1099.0,12.7
2021-12-24 01:00:00,1042.0,12.0
2021-12-24 02:00:00,981.0,11.6
2021-12-24 03:00:00,954.0,11.0
2021-12-24 04:00:00,947.0,9.6
2021-12-24 05:00:00,955.0,8.7
2021-12-24 06:00:00,1045.0,7.8
2021-12-24 07:00:00,1199.0,8.0
2021-12-24 08:00:00,1487.0,7.5
2021-12-24 09:00:00,1653.0,7.0
2021-12-24 10:00:00,1675.0,6.9
2021-12-24 11:00:00,1682.0,6.9
2021-12-24 12:00:00,1563.0,7.0
2021-12-24 13:00:00,1575.0,6.8
2021-12-24 14:00:00,1596.0,6.6
2021-12-24 15:00:00,1625.0,6.7
2021-12-24 16:00:00,1674.0,6.7
2021-12-24 17:00:00,1719.0,6.8
2021-12-24 18:00:00,1687.0,6.4
2021-12-24 19:00:00,1713.0,6.3
2021-12-24 20:00:00,1670.0,6.3
2021-12-24 21:00:00,1558.0,6.2
2021-12-24 22:00:00,1387.0,5.7
2021-12-24 23:00:00,1230.0,5.0
2021-12-25 00:00:00,1139.0,4.6
2021-12-25 01:00:00,1054.0,4.3
2021-12-25 02:00:00,1000.0,4.0
2021-12-25 03:00:00,986.0,3.7
2021-12-25 04:00:00,968.0,3.7
2021-12-25 05:00:00,977.0,3.1
2021-12-25 06:00:00,1026.0,2.5
2021-12-25 07:00:00,1106.0,2.2
2021-12-25 08:00:00,1447.0,1.6
2021-12-25 09:00:00,1736.0,1.2
2021-12-25 10:00:00,1791.0,1.0
2021-12-25 11:00:00,1815.0,1.0
2021-12-25 12:00:00,1726.0,0.5
2021-12-25 13:00:00,1681.0,0.4
2021-12-25 14:00:00,1703.0,0.2
2021-12-25 15:00:00,1713.0,0.4
2021-12-25 16:00:00,1780.0,0.5
2021-12-25 17:00:00,1820.0,0.5
2021-12-25 18:00:00,1810.0,0.5
2021-12-25 19:00:00,1807.0,0.5
2021-12-25 20:00:00,1780.0,0.1
2021-12-25 21:00:00,1685.0,0.0
2021-12-25 22:00:00,1508.0,-0.3
2021-12-25 23:00:00,1337.0,-0.8
2021-12-26 00:00:00,1231.0,-1.0
2021-12-26 01:00:00,1133.0,-1.6
2021-12-26 02:00:00,1060.0,-2.1
2021-12-26 03:00:00,1030.0,-2.4
2021-12-26 04:00:00,999.0,-2.6
2021-12-26 05:00:00,985.0,-2.5
2021-12-26 06:00:00,1021.0,-2.7
2021-12-26 07:00:00,1090.0,-3.1
2021-12-26 08:00:00,1423.0,-3.3
2021-12-26 09:00:00,1758.0,-3.0
2021-12-26 10:00:00,1842.0,-2.6
2021-12-26 11:00:00,1875.0,-2.9
2021-12-26 12:00:00,1800.0,-2.8
2021-12-26 13:00:00,1784.0,-2.3
2021-12-26 14:00:00,1773.0,-2.3
2021-12-26 15:00:00,1771.0,-2.3
2021-12-26 16:00:00,1833.0,-2.5
2021-12-26 17:00:00,1903.0,-2.7
2021-12-26 18:00:00,1917.0,-2.7
2021-12-26 19:00:00,1934.0,-2.9
2021-12-26 20:00:00,1887.0,-3.0
2021-12-26 21:00:00,1744.0,-3.0
2021-12-26 22:00:00,1533.0,-3.1
2021-12-26 23:00:00,1341.0,-3.1
2021-12-27 00:00:00,1180.0,-3.1
2021-12-27 01:00:00,1063.0,-3.0
2021-12-27 02:00:00,1017.0,-2.9
2021-12-27 03:00:00,971.0,-3.0
2021-12-27 04:00:00,957.0,-2.8
2021-12-27 05:00:00,947.0,-2.8
2021-12-27 06:00:00,988.0,-2.8
2021-12-27 07:00:00,1103.0,-2.6
2021-12-27 08:00:00,1557.0,-2.4
2021-12-27 09:00:00,1926.0,-1.7
2021-12-27 10:00:00,1963.0,-1.0
2021-12-27 11:00:00,2003.0,0.1
2021-12-27 12:00:00,1896.0,0.2
2021-12-27 13:00:00,1893.0,0.2
2021-12-27 14:00:00,1882.0,0.4
2021-12-27 15:00:00,1883.0,0.4
2021-12-27 16:00:00,1966.0,0.3
2021-12-27 17:00:00,2026.0,0.0
2021-12-27 18:00:00,1974.0,-0.3
2021-12-27 19:00:00,2033.0,-0.1
2021-12-27 20:00:00,1980.0,-0.2
2021-12-27 21:00:00,1839.0,-0.2
2021-12-27 22:00:00,1617.0,-0.2
2021-12-27 23:00:00,1390.0,-0.2
2021-12-28 00:00:00,1230.0,0.0
2021-12-28 01:00:00,1117.0,-0.4
2021-12-28 02:00:00,1058.0,-0.5
2021-12-28 03:00:00,1025.0,-0.6
2021-12-28 04:00:00,1009.0,-0.1
2021-12-28 05:00:00,1006.0,0.1
2021-12-28 06:00:00,1065.0,0.0
2021-12-28 07:00:00,1207.0,0.2
2021-12-28 08:00:00,1591.0,0.3
2021-12-28 09:00:00,1965.0,0.6
2021-12-28 10:00:00,2013.0,1.4
2021-12-28 11:00:00,2044.0,1.6
2021-12-28 12:00:00,1926.0,2.2
2021-12-28 13:00:00,1919.0,2.5
2021-12-28 14:00:00,1900.0,3.1
2021-12-28 15:00:00,1904.0,3.1
2021-12-28 16:00:00,1970.0,3.1
2021-12-28 17:00:00,2003.0,3.0
2021-12-28 18:00:00,1977.0,2.9
2021-12-28 19:00:00,2049.0,3.0
2021-12-28 20:00:00,1999.0,2.9
2021-12-28 21:00:00,1861.0,3.1
2021-12-28 22:00:00,1638.0,2.9
2021-12-28 23:00:00,1407.0,3.1
2021-12-29 00:00:00,1269.0,2.8
2021-12-29 01:00:00,1146.0,2.9
2021-12-29 02:00:00,1077.0,2.7
2021-12-29 03:00:00,1051.0,2.6
2021-12-29 04:00:00,1011.0,2.6
2021-12-29 05:00:00,1020.0,2.5
2021-12-29 06:00:00,1115.0,2.7
2021-12-29 07:00:00,1291.0,2.6
2021-12-29 08:00:00,1657.0,2.6
2021-12-29 09:00:00,1890.0,3.5
2021-12-29 10:00:00,1857.0,5.3
2021-12-29 11:00:00,1808.0,7.9
2021-12-29 12:00:00,1676.0,9.7
2021-12-29 13:00:00,1639.0,11.3
2021-12-29 14:00:00,1646.0,11.9
2021-12-29 15:00:00,1722.0,12.7
2021-12-29 16:00:00,1763.0,12.3
2021-12-29 17:00:00,1835.0,9.8
2021-12-29 18:00:00,1883.0,7.7
2021-12-29 19:00:00,2044.0,7.8
2021-12-29 20:00:00,2000.0,7.6
2021-12-29 21:00:00,1857.0,7.9
2021-12-29 22:00:00,1598.0,7.9
2021-12-29 23:00:00,1378.0,7.9
2021-12-30 00:00:00,1222.0,5.3
2021-12-30 01:00:00,1128.0,5.6
2021-12-30 02:00:00,1079.0,5.9
2021-12-30 03:00:00,1039.0,2.8
2021-12-30 04:00:00,1014.0,2.5
2021-12-30 05:00:00,1012.0,2.4
2021-12-30 06:00:00,1102.0,2.3
2021-12-30 07:00:00,1320.0,2.2
2021-12-30 08:00:00,1646.0,2.3
2021-12-30 09:00:00,1858.0,4.0
2021-12-30 10:00:00,1835.0,6.6
2021-12-30 11:00:00,1766.0,7.3
2021-12-30 12:00:00,1568.0,9.9
2021-12-30 13:00:00,1563.0,11.5
2021-12-30 14:00:00,1564.0,11.9
2021-12-30 15:00:00,1548.0,12.0
2021-12-30 16:00:00,1612.0,11.5
2021-12-30 17:00:00,1663.0,10.2
2021-12-30 18:00:00,1723.0,7.9
2021-12-30 19:00:00,1864.0,7.4
2021-12-30 20:00:00,1844.0,7.7
2021-12-30 21:00:00,1766.0,8.3
2021-12-30 22:00:00,1586.0,7.9
2021-12-30 23:00:00,1383.0,7.1
2021-12-31 00:00:00,1237.0,6.6
2021-12-31 01:00:00,1129.0,6.4
2021-12-31 02:00:00,1084.0,6.0
2021-12-31 03:00:00,1043.0,5.7
2021-12-31 04:00:00,1016.0,4.3
2021-12-31 05:00:00,1020.0,2.7
2021-12-31 06:00:00,1113.0,2.5
2021-12-31 07:00:00,1311.0,2.9
2021-12-31 08:00:00,1615.0,4.2
2021-12-31 09:00:00,1831.0,4.1
2021-12-31 10:00:00,1831.0,4.3
2021-12-31 11:00:00,1812.0,4.5
2021-12-31 12:00:00,1660.0,5.7
2021-12-31 13:00:00,1629.0,9.7
2021-12-31 14:00:00,1601.0,11.2
2021-12-31 15:00:00,1573.0,12.0
2021-12-31 16:00:00,1624.0,11.0
2021-12-31 17:00:00,1677.0,9.8
2021-12-31 18:00:00,1718.0,7.4
2021-12-31 19:00:00,1854.0,7.4
2021-12-31 20:00:00,1843.0,6.8
2021-12-31 21:00:00,1771.0,7.1
2021-12-31 22:00:00,1610.0,6.0
2021-12-31 23:00:00,1392.0,6.4
2022-01-01 00:00:00,1266.0,5.8
2022-01-01 01:00:00,1150.0,6.4
2022-01-01 02:00:00,1054.0,5.5
2022-01-01 03:00:00,1015.0,5.2
2022-01-01 04:00:00,977.0,4.7
2022-01-01 05:00:00,978.0,5.4
2022-01-01 06:00:00,1035.0,6.0
2022-01-01 07:00:00,1111.0,6.3
2022-01-01 08:00:00,1409.0,4.8
2022-01-01 09:00:00,1614.0,4.5
2022-01-01 10:00:00,1578.0,6.5
2022-01-01 11:00:00,1517.0,9.2
2022-01-01 12:00:00,1414.0,11.1
2022-01-01 13:00:00,1364.0,12.4
2022-01-01 14:00:00,1345.0,13.0
2022-01-01 15:00:00,1344.0,14.4
2022-01-01 16:00:00,1405.0,13.7
2022-01-01 17:00:00,1498.0,12.5
2022-01-01 18:00:00,1555.0,9.4
2022-01-01 19:00:00,1698.0,8.8
2022-01-01 20:00:00,1698.0,8.5
2022-01-01 21:00:00,1622.0,7.9
2022-01-01 22:00:00,1460.0,7.6
2022-01-01 23:00:00,1261.0,7.9
2022-01-02 00:00:00,1151.0,8.0
2022-01-02 01:00:00,1038.0,6.9
2022-01-02 02:00:00,993.0,6.4
2022-01-02 03:00:00,948.0,6.6
2022-01-02 04:00:00,923.0,6.5
2022-01-02 05:00:00,929.0,4.7
2022-01-02 06:00:00,995.0,4.4
2022-01-02 07:00:00,1096.0,4.6
2022-01-02 08:00:00,1440.0,4.3
2022-01-02 09:00:00,1658.0,5.4
2022-01-02 10:00:00,1652.0,7.9
2022-01-02 11:00:00,1607.0,10.2
2022-01-02 12:00:00,1468.0,12.6
2022-01-02 13:00:00,1435.0,15.2
2022-01-02 14:00:00,1431.0,15.0
2022-01-02 15:00:00,1468.0,13.4
2022-01-02 16:00:00,1559.0,12.4
2022-01-02 17:00:00,1633.0,11.2
2022-01-02 18:00:00,1629.0,10.4
2022-01-02 19:00:00,1738.0,10.2
2022-01-02 20:00:00,1722.0,10.3
2022-01-02 21:00:00,1641.0,10.5
2022-01-02 22:00:00,1455.0,10.3
2022-01-02 23:00:00,1275.0,9.9
2022-01-03 00:00:00,1159.0,9.0
2022-01-03 01:00:00,1060.0,9.3
2022-01-03 02:00:00,991.0,8.9
2022-01-03 03:00:00,960.0,8.6
2022-01-03 04:00:00,938.0,8.2
2022-01-03 05:00:00,957.0,7.6
2022-01-03 06:00:00,1017.0,8.0
2022-01-03 07:00:00,1124.0,7.4
2022-01-03 08:00:00,1508.0,8.3
2022-01-03 09:00:00,1706.0,9.1
2022-01-03 10:00:00,1734.0,7.6
2022-01-03 11:00:00,1700.0,10.3
2022-01-03 12:00:00,1611.0,10.3
2022-01-03 13:00:00,1624.0,9.8
2022-01-03 14:00:00,1650.0,10.2
2022-01-03 15:00:00,1671.0,10.3
2022-01-03 16:00:00,1740.0,9.9
2022-01-03 17:00:00,1794.0,9.4
2022-01-03 18:00:00,1766.0,9.2
2022-01-03 19:00:00,1843.0,9.0
2022-01-03 20:00:00,1809.0,8.9
2022-01-03 21:00:00,1669.0,8.9
2022-01-03 22:00:00,1455.0,9.0
2022-01-03 23:00:00,1275.0,9.2
2022-01-04 00:00:00,1162.0,8.8
2022-01-04 01:00:00,1069.0,8.7
2022-01-04 02:00:00,1023.0,8.6
2022-01-04 03:00:00,1002.0,8.1
2022-01-04 04:00:00,989.0,8.1
2022-01-04 05:00:00,976.0,8.1
2022-01-04 06:00:00,1073.0,8.2
2022-01-04 07:00:00,1258.0,8.1
2022-01-04 08:00:00,1544.0,8.0
2022-01-04 09:00:00,1791.0,7.7
2022-01-04 10:00:00,1834.0,7.6
2022-01-04 11:00:00,1854.0,7.6
2022-01-04 12:00:00,1730.0,7.0
2022-01-04 13:00:00,1778.0,6.7
2022-01-04 14:00:00,1780.0,6.4
2022-01-04 15:00:00,1781.0,6.3
2022-01-04 16:00:00,1839.0,6.2
2022-01-04 17:00:00,1898.0,6.3
2022-01-04 18:00:00,1853.0,6.2
2022-01-04 19:00:00,1912.0,6.1
2022-01-04 20:00:00,1860.0,6.1
2022-01-04 21:00:00,1740.0,6.0
2022-01-04 22:00:00,1530.0,5.6
2022-01-04 23:00:00,1340.0,5.1
2022-01-05 00:00:00,1210.0,4.8
2022-01-05 01:00:00,1105.0,4.8
2022-01-05 02:00:00,1063.0,4.7
2022-01-05 03:00:00,1046.0,4.3
2022-01-05 04:00:00,1023.0,4.2
2022-01-05 05:00:00,1016.0,3.9
2022-01-05 06:00:00,1100.0,3.8
2022-01-05 07:00:00,1313.0,3.8
2022-01-05 08:00:00,1609.0,3.8
2022-01-05 09:00:00,1865.0,4.2
2022-01-05 10:00:00,1874.0,4.6
2022-01-05 11:00:00,1894.0,5.0
2022-01-05 12:00:00,1746.0,5.8
2022-01-05 13:00:00,1757.0,6.7
2022-01-05 14:00:00,1751.0,6.9
2022-01-05 15:00:00,1758.0,6.6
2022-01-05 16:00:00,1828.0,6.4
2022-01-05 17:00:00,1869.0,6.2
2022-01-05 18:00:00,1828.0,5.8
2022-01-05 19:00:00,1899.0,5.7
2022-01-05 20:00:00,1870.0,5.6
2022-01-05 21:00:00,1792.0,5.6
2022-01-05 22:00:00,1570.0,5.4
2022-01-05 23:00:00,1359.0,5.6
2022-01-06 00:00:00,1243.0,4.5
2022-01-06 01:00:00,1136.0,4.9
2022-01-06 02:00:00,1084.0,4.7
2022-01-06 03:00:00,1031.0,4.5
2022-01-06 04:00:00,1009.0,4.4
2022-01-06 05:00:00,1007.0,4.4
2022-01-06 06:00:00,1088.0,4.2
2022-01-06 07:00:00,1282.0,4.2
2022-01-06 08:00:00,1631.0,4.3
2022-01-06 09:00:00,1904.0,4.3
2022-01-06 10:00:00,1939.0,4.5
2022-01-06 11:00:00,1953.0,4.7
2022-01-06 12:00:00,1831.0,4.6
2022-01-06 13:00:00,1839.0,4.0
2022-01-06 14:00:00,1841.0,3.8
2022-01-06 15:00:00,1865.0,3.8
2022-01-06 16:00:00,1939.0,3.7
2022-01-06 17:00:00,1976.0,3.8
2022-01-06 18:00:00,1944.0,3.8
2022-01-06 19:00:00,1977.0,3.7
2022-01-06 20:00:00,1934.0,3.7
2022-01-06 21:00:00,1799.0,3.8
2022-01-06 22:00:00,1591.0,3.8
2022-01-06 23:00:00,1389.0,3.9
2022-01-07 00:00:00,1275.0,3.9
2022-01-07 01:00:00,1186.0,3.8
2022-01-07 02:00:00,1111.0,3.7
2022-01-07 03:00:00,1092.0,3.7
2022-01-07 04:00:00,1049.0,3.7
2022-01-07 05:00:00,1047.0,3.7
2022-01-07 06:00:00,1124.0,3.8
2022-01-07 07:00:00,1301.0,3.8
2022-01-07 08:00:00,1629.0,3.9
2022-01-07 09:00:00,1909.0,4.3
2022-01-07 10:00:00,1937.0,4.6
2022-01-07 11:00:00,1937.0,5.2
2022-01-07 12:00:00,1781.0,5.6
2022-01-07 13:00:00,1799.0,6.0
2022-01-07 14:00:00,1813.0,6.0
2022-01-07 15:00:00,1807.0,6.2
2022-01-07 16:00:00,1866.0,6.0
2022-01-07 17:00:00,1917.0,5.9
2022-01-07 18:00:00,1894.0,5.6
2022-01-07 19:00:00,1956.0,5.1
2022-01-07 20:00:00,1943.0,4.9
2022-01-07 21:00:00,1832.0,4.6
2022-01-07 22:00:00,1661.0,4.6
2022-01-07 23:00:00,1430.0,4.4
2022-01-08 00:00:00,1299.0,4.3
2022-01-08 01:00:00,1186.0,4.2
2022-01-08 02:00:00,1111.0,4.2
2022-01-08 03:00:00,1075.0,4.2
2022-01-08 04:00:00,1027.0,4.2
2022-01-08 05:00:00,1043.0,4.2
2022-01-08 06:00:00,1095.0,4.2
2022-01-08 07:00:00,1177.0,4.2
2022-01-08 08:00:00,1526.0,4.2
2022-01-08 09:00:00,1849.0,4.3
2022-01-08 10:00:00,1914.0,4.4
2022-01-08 11:00:00,1942.0,4.6
2022-01-08 12:00:00,1833.0,4.8
2022-01-08 13:00:00,1832.0,4.8
2022-01-08 14:00:00,1832.0,4.9
2022-01-08 15:00:00,1856.0,4.8
2022-01-08 16:00:00,1899.0,4.8
2022-01-08 17:00:00,1923.0,4.8
2022-01-08 18:00:00,1894.0,4.7
2022-01-08 19:00:00,1908.0,4.6
2022-01-08 20:00:00,1886.0,4.6
2022-01-08 21:00:00,1780.0,4.5
2022-01-08 22:00:00,1586.0,4.5
2022-01-08 23:00:00,1413.0,4.5
2022-01-09 00:00:00,1280.0,4.5
2022-01-09 01:00:00,1167.0,4.5
2022-01-09 02:00:00,1100.0,4.6
2022-01-09 03:00:00,1058.0,4.6
2022-01-09 04:00:00,1017.0,4.6
2022-01-09 05:00:00,1013.0,4.5
2022-01-09 06:00:00,1078.0,4.3
2022-01-09 07:00:00,1158.0,4.4
2022-01-09 08:00:00,1512.0,4.7
2022-01-09 09:00:00,1760.0,5.6
2022-01-09 10:00:00,1797.0,6.6
2022-01-09 11:00:00,1795.0,7.2
2022-01-09 12:00:00,1662.0,8.4
2022-01-09 13:00:00,1660.0,8.3
2022-01-09 14:00:00,1665.0,8.8
2022-01-09 15:00:00,1676.0,10.1
2022-01-09 16:00:00,1741.0,9.1
2022-01-09 17:00:00,1763.0,9.0
2022-01-09 18:00:00,1718.0,8.3
2022-01-09 19:00:00,1851.0,7.9
2022-01-09 20:00:00,1851.0,6.1
2022-01-09 21:00:00,1761.0,5.7
2022-01-09 22:00:00,1553.0,6.1
2022-01-09 23:00:00,1347.0,6.3
2022-01-10 00:00:00,1225.0,6.3
2022-01-10 01:00:00,1103.0,6.4
2022-01-10 02:00:00,1034.0,6.6
2022-01-10 03:00:00,1015.0,6.6
2022-01-10 04:00:00,997.0,6.5
2022-01-10 05:00:00,1011.0,6.7
2022-01-10 06:00:00,1081.0,6.8
2022-01-10 07:00:00,1265.0,6.7
2022-01-10 08:00:00,1567.0,6.4
2022-01-10 09:00:00,1839.0,6.1
2022-01-10 10:00:00,1900.0,6.4
2022-01-10 11:00:00,1914.0,6.7
2022-01-10 12:00:00,1751.0,7.6
2022-01-10 13:00:00,1761.0,8.6
2022-01-10 14:00:00,1774.0,8.7
2022-01-10 15:00:00,1764.0,9.3
2022-01-10 16:00:00,1806.0,9.2
2022-01-10 17:00:00,1844.0,8.7
2022-01-10 18:00:00,1769.0,8.0
2022-01-10 19:00:00,1871.0,7.1
2022-01-10 20:00:00,1860.0,6.7
2022-01-10 21:00:00,1794.0,6.5
2022-01-10 22:00:00,1584.0,6.2
2022-01-10 23:00:00,1385.0,6.2
2022-01-11 00:00:00,1260.0,6.8
2022-01-11 01:00:00,1163.0,6.4
2022-01-11 02:00:00,1103.0,6.3
2022-01-11 03:00:00,1073.0,5.6
2022-01-11 04:00:00,1040.0,5.6
2022-01-11 05:00:00,1050.0,3.1
2022-01-11 06:00:00,1132.0,3.2
2022-01-11 07:00:00,1303.0,0.8
2022-01-11 08:00:00,1675.0,1.9
2022-01-11 09:00:00,1958.0,1.6
2022-01-11 10:00:00,1972.0,2.7
2022-01-11 11:00:00,1969.0,4.6
2022-01-11 12:00:00,1790.0,5.3
2022-01-11 13:00:00,1788.0,5.8
2022-01-11 14:00:00,1785.0,6.6
2022-01-11 15:00:00,1745.0,7.7
2022-01-11 16:00:00,1778.0,7.7
2022-01-11 17:00:00,1831.0,6.6
2022-01-11 18:00:00,1814.0,5.0
2022-01-11 19:00:00,1937.0,4.2
2022-01-11 20:00:00,1930.0,4.2
2022-01-11 21:00:00,1852.0,4.2
2022-01-11 22:00:00,1651.0,3.9
2022-01-11 23:00:00,1422.0,3.8
2022-01-12 00:00:00,1282.0,3.7
2022-01-12 01:00:00,1159.0,3.0
2022-01-12 02:00:00,1101.0,2.4
2022-01-12 03:00:00,1066.0,2.4
2022-01-12 04:00:00,1050.0,2.8
2022-01-12 05:00:00,1050.0,3.4
2022-01-12 06:00:00,1123.0,3.6
2022-01-12 07:00:00,1269.0,3.4
2022-01-12 08:00:00,1647.0,3.3
2022-01-12 09:00:00,1946.0,3.7
2022-01-12 10:00:00,1990.0,3.7
2022-01-12 11:00:00,2003.0,4.1
2022-01-12 12:00:00,1842.0,4.7
2022-01-12 13:00:00,1816.0,5.1
2022-01-12 14:00:00,1806.0,6.6
2022-01-12 15:00:00,1759.0,7.2
2022-01-12 16:00:00,1822.0,7.7
2022-01-12 17:00:00,1919.0,7.1
2022-01-12 18:00:00,1854.0,6.6
2022-01-12 19:00:00,1935.0,6.1
2022-01-12 20:00:00,1930.0,5.2
2022-01-12 21:00:00,1849.0,4.5
2022-01-12 22:00:00,1657.0,3.8
2022-01-12 23:00:00,1438.0,3.5
2022-01-13 00:00:00,1295.0,3.0
2022-01-13 01:00:00,1184.0,3.1
2022-01-13 02:00:00,1099.0,2.8
2022-01-13 03:00:00,1052.0,3.1
2022-01-13 04:00:00,1050.0,2.6
2022-01-13 05:00:00,1043.0,3.2
2022-01-13 06:00:00,1106.0,3.0
2022-01-13 07:00:00,1240.0,3.6
2022-01-13 08:00:00,1639.0,3.4
2022-01-13 09:00:00,1922.0,4.2
2022-01-13 10:00:00,1949.0,5.3
2022-01-13 11:00:00,1902.0,6.7
2022-01-13 12:00:00,1739.0,8.4
2022-01-13 13:00:00,1741.0,9.8
2022-01-13 14:00:00,1735.0,9.9
2022-01-13 15:00:00,1754.0,9.7
2022-01-13 16:00:00,1828.0,8.5
2022-01-13 17:00:00,1866.0,7.7
2022-01-13 18:00:00,1814.0,6.7
2022-01-13 19:00:00,1941.0,6.2
2022-01-13 20:00:00,1935.0,5.7
2022-01-13 21:00:00,1850.0,5.5
2022-01-13 22:00:00,1642.0,5.7
2022-01-13 23:00:00,1421.0,6.0
2022-01-14 00:00:00,1262.0,6.0
2022-01-14 01:00:00,1144.0,5.9
2022-01-14 02:00:00,1107.0,5.6
2022-01-14 03:00:00,1040.0,5.1
2022-01-14 04:00:00,1014.0,4.7
2022-01-14 05:00:00,1027.0,5.1
2022-01-14 06:00:00,1092.0,4.1
2022-01-14 07:00:00,1210.0,3.7
2022-01-14 08:00:00,1575.0,4.1
2022-01-14 09:00:00,1919.0,3.8
2022-01-14 10:00:00,1967.0,3.9
2022-01-14 11:00:00,2011.0,3.6
2022-01-14 12:00:00,1888.0,3.7
2022-01-14 13:00:00,1881.0,4.3
2022-01-14 14:00:00,1857.0,4.9
2022-01-14 15:00:00,1818.0,5.6
2022-01-14 16:00:00,1850.0,6.0
2022-01-14 17:00:00,1875.0,5.5
2022-01-14 18:00:00,1807.0,3.5
2022-01-14 19:00:00,1936.0,3.0
2022-01-14 20:00:00,1926.0,2.8
2022-01-14 21:00:00,1852.0,3.2
2022-01-14 22:00:00,1653.0,2.9
2022-01-14 23:00:00,1429.0,2.7
2022-01-15 00:00:00,1282.0,2.6
2022-01-15 01:00:00,1151.0,2.3
2022-01-15 02:00:00,1075.0,2.6
2022-01-15 03:00:00,1053.0,2.2
2022-01-15 04:00:00,1014.0,1.9
2022-01-15 05:00:00,1021.0,1.8
2022-01-15 06:00:00,1070.0,2.4
2022-01-15 07:00:00,1171.0,1.8
2022-01-15 08:00:00,1543.0,2.5
2022-01-15 09:00:00,1846.0,3.4
2022-01-15 10:00:00,1889.0,4.0
2022-01-15 11:00:00,1893.0,4.6
2022-01-15 12:00:00,1793.0,4.9
2022-01-15 13:00:00,1792.0,5.4
2022-01-15 14:00:00,1797.0,5.8
2022-01-15 15:00:00,1788.0,6.1
2022-01-15 16:00:00,1840.0,6.8
2022-01-15 17:00:00,1875.0,6.4
2022-01-15 18:00:00,1820.0,6.0
2022-01-15 19:00:00,1932.0,5.7
2022-01-15 20:00:00,1935.0,5.6
2022-01-15 21:00:00,1834.0,5.6
2022-01-15 22:00:00,1644.0,5.5
2022-01-15 23:00:00,1429.0,5.4
2022-01-16 00:00:00,1274.0,5.3
2022-01-16 01:00:00,1140.0,5.2
2022-01-16 02:00:00,1054.0,5.3
2022-01-16 03:00:00,1027.0,5.3
2022-01-16 04:00:00,987.0,5.3
2022-01-16 05:00:00,999.0,5.2
2022-01-16 06:00:00,1040.0,5.2
2022-01-16 07:00:00,1108.0,5.3
2022-01-16 08:00:00,1444.0,5.4
2022-01-16 09:00:00,1731.0,5.9
2022-01-16 10:00:00,1793.0,7.0
2022-01-16 11:00:00,1801.0,7.6
2022-01-16 12:00:00,1713.0,8.4
2022-01-16 13:00:00,1721.0,8.4
2022-01-16 14:00:00,1721.0,8.2
2022-01-16 15:00:00,1710.0,8.2
2022-01-16 16:00:00,1801.0,8.2
2022-01-16 17:00:00,1810.0,7.8
2022-01-16 18:00:00,1787.0,7.6
2022-01-16 19:00:00,1898.0,7.5
2022-01-16 20:00:00,1916.0,7.6
2022-01-16 21:00:00,1804.0,7.5
2022-01-16 22:00:00,1626.0,7.2
2022-01-16 23:00:00,1367.0,7.0
2022-01-17 00:00:00,1227.0,7.0
2022-01-17 01:00:00,1082.0,6.9
2022-01-17 02:00:00,1017.0,6.4
2022-01-17 03:00:00,979.0,6.4
2022-01-17 04:00:00,964.0,6.2
2022-01-17 05:00:00,940.0,6.2
2022-01-17 06:00:00,994.0,6.1
2022-01-17 07:00:00,1130.0,6.0
2022-01-17 08:00:00,1563.0,6.0
2022-01-17 09:00:00,1843.0,6.6
2022-01-17 10:00:00,1917.0,8.0
2022-01-17 11:00:00,1876.0,10.6
2022-01-17 12:00:00,1760.0,10.4
2022-01-17 13:00:00,1762.0,12.2
2022-01-17 14:00:00,1747.0,13.3
2022-01-17 15:00:00,1731.0,13.5
2022-01-17 16:00:00,1813.0,11.7
2022-01-17 17:00:00,1849.0,10.4
2022-01-17 18:00:00,1759.0,9.3
2022-01-17 19:00:00,1917.0,8.7
2022-01-17 20:00:00,1935.0,8.7
2022-01-17 21:00:00,1797.0,8.8
2022-01-17 22:00:00,1609.0,8.4
2022-01-17 23:00:00,1389.0,7.1
2022-01-18 00:00:00,1209.0,7.6
2022-01-18 01:00:00,1081.0,6.8
2022-01-18 02:00:00,1013.0,5.8
2022-01-18 03:00:00,978.0,4.8
2022-01-18 04:00:00,948.0,4.0
2022-01-18 05:00:00,951.0,3.5
2022-01-18 06:00:00,1006.0,3.3
2022-01-18 07:00:00,1151.0,2.9
2022-01-18 08:00:00,1607.0,3.0
2022-01-18 09:00:00,1858.0,4.1
2022-01-18 10:00:00,1865.0,6.5
2022-01-18 11:00:00,1826.0,7.8
2022-01-18 12:00:00,1658.0,9.2
2022-01-18 13:00:00,1597.0,10.7
2022-01-18 14:00:00,1590.0,12.6
2022-01-18 15:00:00,1600.0,13.3
2022-01-18 16:00:00,1650.0,13.3
2022-01-18 17:00:00,1729.0,12.5
2022-01-18 18:00:00,1707.0,9.7
2022-01-18 19:00:00,1893.0,8.2
2022-01-18 20:00:00,1892.0,7.7
2022-01-18 21:00:00,1797.0,7.7
2022-01-18 22:00:00,1609.0,7.3
2022-01-18 23:00:00,1392.0,7.8
2022-01-19 00:00:00,1206.0,7.9
2022-01-19 01:00:00,1076.0,8.3
2022-01-19 02:00:00,1005.0,7.9
2022-01-19 03:00:00,945.0,7.4
2022-01-19 04:00:00,937.0,7.0
2022-01-19 05:00:00,937.0,6.1
2022-01-19 06:00:00,982.0,5.5
2022-01-19 07:00:00,1147.0,5.8
2022-01-19 08:00:00,1557.0,6.2
2022-01-19 09:00:00,1811.0,8.0
2022-01-19 10:00:00,1810.0,7.1
2022-01-19 11:00:00,1792.0,10.1
2022-01-19 12:00:00,1606.0,11.4
2022-01-19 13:00:00,1562.0,13.8
2022-01-19 14:00:00,1569.0,14.5
2022-01-19 15:00:00,1531.0,15.3
2022-01-19 16:00:00,1608.0,14.7
2022-01-19 17:00:00,1689.0,11.0
2022-01-19 18:00:00,1652.0,9.2
2022-01-19 19:00:00,1861.0,9.2
2022-01-19 20:00:00,1884.0,5.7
2022-01-19 21:00:00,1795.0,5.8
2022-01-19 22:00:00,1618.0,5.5
2022-01-19 23:00:00,1378.0,5.5
2022-01-20 00:00:00,1201.0,5.5
2022-01-20 01:00:00,1071.0,5.3
2022-01-20 02:00:00,986.0,5.0
2022-01-20 03:00:00,952.0,5.4
2022-01-20 04:00:00,935.0,5.6
2022-01-20 05:00:00,921.0,5.4
2022-01-20 06:00:00,971.0,5.5
2022-01-20 07:00:00,1097.0,5.4
2022-01-20 08:00:00,1485.0,5.3
2022-01-20 09:00:00,1838.0,5.4
2022-01-20 10:00:00,1898.0,6.0
2022-01-20 11:00:00,1883.0,7.0
2022-01-20 12:00:00,1752.0,7.2
2022-01-20 13:00:00,1759.0,7.4
2022-01-20 14:00:00,1740.0,7.6
2022-01-20 15:00:00,1752.0,7.7
2022-01-20 16:00:00,1818.0,7.6
2022-01-20 17:00:00,1851.0,7.5
2022-01-20 18:00:00,1769.0,7.3
2022-01-20 19:00:00,1874.0,7.1
2022-01-20 20:00:00,1886.0,7.1
2022-01-20 21:00:00,1792.0,7.0
2022-01-20 22:00:00,1591.0,7.0
2022-01-20 23:00:00,1365.0,7.0
2022-01-21 00:00:00,1203.0,6.6
2022-01-21 01:00:00,1084.0,6.3
2022-01-21 02:00:00,1001.0,6.1
2022-01-21 03:00:00,956.0,5.7
2022-01-21 04:00:00,934.0,5.4
2022-01-21 05:00:00,911.0,5.1
2022-01-21 06:00:00,973.0,4.7
2022-01-21 07:00:00,1076.0,4.6
2022-01-21 08:00:00,1456.0,4.5
2022-01-21 09:00:00,1838.0,4.3
2022-01-21 10:00:00,1933.0,4.1
2022-01-21 11:00:00,1953.0,4.1
2022-01-21 12:00:00,1864.0,4.0
2022-01-21 13:00:00,1864.0,4.0
2022-01-21 14:00:00,1868.0,3.8
2022-01-21 15:00:00,1864.0,3.7
2022-01-21 16:00:00,1922.0,3.8
2022-01-21 17:00:00,1950.0,3.7
2022-01-21 18:00:00,1897.0,3.5
2022-01-21 19:00:00,1972.0,3.5
2022-01-21 20:00:00,1954.0,3.4
2022-01-21 21:00:00,1853.0,3.3
2022-01-21 22:00:00,1670.0,3.3
2022-01-21 23:00:00,1461.0,3.2
2022-01-22 00:00:00,1290.0,2.9
2022-01-22 01:00:00,1164.0,2.6
2022-01-22 02:00:00,1057.0,2.2
2022-01-22 03:00:00,1028.0,2.1
2022-01-22 04:00:00,988.0,1.9
2022-01-22 05:00:00,977.0,2.0
2022-01-22 06:00:00,1009.0,1.7
2022-01-22 07:00:00,1091.0,1.8
2022-01-22 08:00:00,1434.0,1.9
2022-01-22 09:00:00,1819.0,1.9
2022-01-22 10:00:00,1925.0,1.9
2022-01-22 11:00:00,1942.0,1.8
2022-01-22 12:00:00,1867.0,1.8
2022-01-22 13:00:00,1863.0,1.8
2022-01-22 14:00:00,1862.0,2.1
2022-01-22 15:00:00,1861.0,2.3
2022-01-22 16:00:00,1939.0,2.4
2022-01-22 17:00:00,1967.0,2.3
2022-01-22 18:00:00,1931.0,2.3
2022-01-22 19:00:00,2021.0,2.3
2022-01-22 20:00:00,2026.0,2.3
2022-01-22 21:00:00,1932.0,2.0
2022-01-22 22:00:00,1734.0,2.1
2022-01-22 23:00:00,1506.0,2.1
2022-01-23 00:00:00,1301.0,2.1
2022-01-23 01:00:00,1161.0,1.9
2022-01-23 02:00:00,1069.0,1.7
2022-01-23 03:00:00,1027.0,1.7
2022-01-23 04:00:00,990.0,1.6
2022-01-23 05:00:00,969.0,1.6
2022-01-23 06:00:00,1005.0,1.6
2022-01-23 07:00:00,1084.0,1.6
2022-01-23 08:00:00,1432.0,1.7
2022-01-23 09:00:00,1806.0,1.8
2022-01-23 10:00:00,1920.0,2.0
2022-01-23 11:00:00,1950.0,2.0
2022-01-23 12:00:00,1884.0,2.4
2022-01-23 13:00:00,1851.0,2.3
2022-01-23 14:00:00,1860.0,2.6
2022-01-23 15:00:00,1861.0,2.5
2022-01-23 16:00:00,1932.0,2.4
2022-01-23 17:00:00,1968.0,2.5
2022-01-23 18:00:00,1936.0,2.6
2022-01-23 19:00:00,2032.0,2.5
2022-01-23 20:00:00,2033.0,2.5
2022-01-23 21:00:00,1956.0,2.5
2022-01-23 22:00:00,1775.0,2.3
2022-01-23 23:00:00,1523.0,2.2
2022-01-24 00:00:00,1304.0,2.1
2022-01-24 01:00:00,1152.0,2.1
2022-01-24 02:00:00,1066.0,2.1
2022-01-24 03:00:00,989.0,2.0
2022-01-24 04:00:00,969.0,1.9
2022-01-24 05:00:00,971.0,1.9
2022-01-24 06:00:00,1006.0,1.8
2022-01-24 07:00:00,1135.0,1.7
2022-01-24 08:00:00,1516.0,1.7
2022-01-24 09:00:00,1963.0,1.9
2022-01-24 10:00:00,2029.0,2.0
2022-01-24 11:00:00,2073.0,2.4
2022-01-24 12:00:00,1972.0,2.5
2022-01-24 13:00:00,1961.0,2.8
2022-01-24 14:00:00,1959.0,3.0
2022-01-24 15:00:00,1956.0,2.9
2022-01-24 16:00:00,2003.0,2.9
2022-01-24 17:00:00,2059.0,2.8
2022-01-24 18:00:00,1971.0,2.7
2022-01-24 19:00:00,2062.0,2.6
2022-01-24 20:00:00,2096.0,2.6
2022-01-24 21:00:00,2020.0,2.6
2022-01-24 22:00:00,1848.0,2.6
2022-01-24 23:00:00,1580.0,2.6
2022-01-25 00:00:00,1353.0,2.6
2022-01-25 01:00:00,1183.0,2.6
2022-01-25 02:00:00,1072.0,2.6
2022-01-25 03:00:00,1008.0,2.6
2022-01-25 04:00:00,977.0,2.4
2022-01-25 05:00:00,972.0,2.4
2022-01-25 06:00:00,995.0,2.1
2022-01-25 07:00:00,1128.0,2.1
2022-01-25 08:00:00,1506.0,2.1
2022-01-25 09:00:00,1941.0,2.2
2022-01-25 10:00:00,2058.0,1.9
2022-01-25 11:00:00,2095.0,1.8
2022-01-25 12:00:00,2021.0,2.1
2022-01-25 13:00:00,2004.0,1.9
2022-01-25 14:00:00,2005.0,2.1
2022-01-25 15:00:00,1986.0,2.2
2022-01-25 16:00:00,2048.0,2.1
2022-01-25 17:00:00,2082.0,2.1
2022-01-25 18:00:00,2000.0,2.1
2022-01-25 19:00:00,2089.0,2.1
2022-01-25 20:00:00,2105.0,2.1
2022-01-25 21:00:00,2038.0,2.2
2022-01-25 22:00:00,1857.0,2.3
2022-01-25 23:00:00,1586.0,2.3
2022-01-26 00:00:00,1351.0,2.3
2022-01-26 01:00:00,1181.0,2.3
2022-01-26 02:00:00,1081.0,2.0
2022-01-26 03:00:00,1002.0,1.9
2022-01-26 04:00:00,976.0,1.8
2022-01-26 05:00:00,966.0,1.8
2022-01-26 06:00:00,1007.0,1.8
2022-01-26 07:00:00,1118.0,1.9
2022-01-26 08:00:00,1495.0,1.9
2022-01-26 09:00:00,1923.0,2.0
2022-01-26 10:00:00,2053.0,2.1
2022-01-26 11:00:00,2078.0,2.2
2022-01-26 12:00:00,1986.0,2.4
2022-01-26 13:00:00,1949.0,2.7
2022-01-26 14:00:00,1954.0,2.8
2022-01-26 15:00:00,1942.0,2.9
2022-01-26 16:00:00,1980.0,3.0
2022-01-26 17:00:00,2010.0,2.9
2022-01-26 18:00:00,1946.0,2.9
2022-01-26 19:00:00,2070.0,2.9
2022-01-26 20:00:00,2098.0,2.9
2022-01-26 21:00:00,2046.0,3.0
2022-01-26 22:00:00,1895.0,3.0
2022-01-26 23:00:00,1636.0,2.8
2022-01-27 00:00:00,1374.0,2.4
2022-01-27 01:00:00,1189.0,2.3
2022-01-27 02:00:00,1069.0,2.2
2022-01-27 03:00:00,1014.0,2.1
2022-01-27 04:00:00,956.0,2.1
2022-01-27 05:00:00,952.0,1.8
2022-01-27 06:00:00,990.0,1.8
2022-01-27 07:00:00,1095.0,1.6
2022-01-27 08:00:00,1438.0,1.6
2022-01-27 09:00:00,1873.0,1.6
2022-01-27 10:00:00,1987.0,1.7
2022-01-27 11:00:00,2003.0,1.9
2022-01-27 12:00:00,1943.0,2.0
2022-01-27 13:00:00,1912.0,2.1
2022-01-27 14:00:00,1912.0,2.0
2022-01-27 15:00:00,1908.0,2.0
2022-01-27 16:00:00,1961.0,2.1
2022-01-27 17:00:00,2018.0,2.0
2022-01-27 18:00:00,1967.0,2.1
2022-01-27 19:00:00,2073.0,2.1
2022-01-27 20:00:00,2120.0,1.9
2022-01-27 21:00:00,2071.0,1.8
2022-01-27 22:00:00,1928.0,1.5
2022-01-27 23:00:00,1660.0,1.4
2022-01-28 00:00:00,1395.0,1.3
2022-01-28 01:00:00,1196.0,1.2
2022-01-28 02:00:00,1063.0,1.1
2022-01-28 03:00:00,985.0,0.7
2022-01-28 04:00:00,956.0,0.2
2022-01-28 05:00:00,953.0,0.1
2022-01-28 06:00:00,985.0,0.0
2022-01-28 07:00:00,1075.0,0.0
2022-01-28 08:00:00,1446.0,0.1
2022-01-28 09:00:00,1878.0,0.1
2022-01-28 10:00:00,2010.0,0.1
2022-01-28 11:00:00,2029.0,0.2
2022-01-28 12:00:00,1978.0,0.3
2022-01-28 13:00:00,1918.0,0.4
2022-01-28 14:00:00,1928.0,0.2
2022-01-28 15:00:00,1903.0,0.3
2022-01-28 16:00:00,1943.0,0.3
2022-01-28 17:00:00,1999.0,0.2
2022-01-28 18:00:00,1962.0,0.2
2022-01-28 19:00:00,2074.0,0.3
2022-01-28 20:00:00,2131.0,0.3
2022-01-28 21:00:00,2105.0,0.5
2022-01-28 22:00:00,1963.0,0.6
2022-01-28 23:00:00,1672.0,0.5
2022-01-29 00:00:00,1402.0,0.4
2022-01-29 01:00:00,1180.0,0.5
2022-01-29 02:00:00,1026.0,0.5
2022-01-29 03:00:00,958.0,0.1
2022-01-29 04:00:00,927.0,-0.1
2022-01-29 05:00:00,915.0,-0.1
2022-01-29 06:00:00,934.0,-0.1
2022-01-29 07:00:00,1004.0,-0.2
2022-01-29 08:00:00,1346.0,-0.2
2022-01-29 09:00:00,1773.0,-0.1
2022-01-29 10:00:00,1884.0,0.2
2022-01-29 11:00:00,1901.0,0.5
2022-01-29 12:00:00,1859.0,1.2
2022-01-29 13:00:00,1814.0,1.1
2022-01-29 14:00:00,1791.0,2.0
2022-01-29 15:00:00,1778.0,2.0
2022-01-29 16:00:00,1818.0,2.3
2022-01-29 17:00:00,1848.0,2.2
2022-01-29 18:00:00,1821.0,1.8
2022-01-29 19:00:00,1985.0,1.4
2022-01-29 20:00:00,2087.0,0.5
2022-01-29 21:00:00,2074.0,0.9
2022-01-29 22:00:00,1978.0,1.1
2022-01-29 23:00:00,1709.0,1.1
2022-01-30 00:00:00,1441.0,0.9
2022-01-30 01:00:00,1178.0,0.8
2022-01-30 02:00:00,1025.0,0.4
2022-01-30 03:00:00,938.0,0.3
2022-01-30 04:00:00,886.0,0.4
2022-01-30 05:00:00,881.0,-0.1
2022-01-30 06:00:00,898.0,0.3
2022-01-30 07:00:00,994.0,0.6
2022-01-30 08:00:00,1405.0,0.1
2022-01-30 09:00:00,1711.0,1.8
2022-01-30 10:00:00,1721.0,3.1
2022-01-30 11:00:00,1686.0,3.1
2022-01-30 12:00:00,1625.0,4.5
2022-01-30 13:00:00,1533.0,6.3
2022-01-30 14:00:00,1560.0,6.7
2022-01-30 15:00:00,1579.0,6.2
2022-01-30 16:00:00,1660.0,6.0
2022-01-30 17:00:00,1617.0,5.5
2022-01-30 18:00:00,1632.0,4.4
2022-01-30 19:00:00,1866.0,3.1
2022-01-30 20:00:00,1971.0,3.4
2022-01-30 21:00:00,1980.0,3.1
2022-01-30 22:00:00,1881.0,3.2
2022-01-30 23:00:00,1611.0,3.1
2022-01-31 00:00:00,1345.0,3.0
2022-01-31 01:00:00,1079.0,3.0
2022-01-31 02:00:00,918.0,3.1
2022-01-31 03:00:00,850.0,3.1
2022-01-31 04:00:00,842.0,2.7
2022-01-31 05:00:00,901.0,2.3
2022-01-31 06:00:00,1022.0,1.9
2022-01-31 07:00:00,1151.0,1.8
2022-01-31 08:00:00,1415.0,1.6
2022-01-31 09:00:00,1572.0,1.9
2022-01-31 10:00:00,1582.0,2.3
2022-01-31 11:00:00,1574.0,2.6
2022-01-31 12:00:00,1520.0,3.5
2022-01-31 13:00:00,1526.0,4.1
2022-01-31 14:00:00,1584.0,3.4
2022-01-31 15:00:00,1601.0,4.0
2022-01-31 16:00:00,1611.0,4.2
2022-01-31 17:00:00,1614.0,4.2
2022-01-31 18:00:00,1683.0,3.8
2022-01-31 19:00:00,1913.0,3.7
2022-01-31 20:00:00,2028.0,3.5
2022-01-31 21:00:00,1991.0,3.6
2022-01-31 22:00:00,1929.0,3.4
2022-01-31 23:00:00,1845.0,3.5
2022-02-01 00:00:00,1703.0,3.4
2022-02-01 01:00:00,1267.0,3.2
2022-02-01 02:00:00,980.0,3.1
2022-02-01 03:00:00,847.0,3.4
2022-02-01 04:00:00,806.0,3.9
2022-02-01 05:00:00,782.0,4.4
2022-02-01 06:00:00,794.0,4.4
2022-02-01 07:00:00,866.0,4.5
2022-02-01 08:00:00,1097.0,4.7
2022-02-01 09:00:00,1359.0,4.7
2022-02-01 10:00:00,1433.0,5.3
2022-02-01 11:00:00,1376.0,6.4
2022-02-01 12:00:00,1319.0,6.5
2022-02-01 13:00:00,1290.0,6.7
2022-02-01 14:00:00,1287.0,6.4
2022-02-01 15:00:00,1312.0,6.3
2022-02-01 16:00:00,1391.0,6.1
2022-02-01 17:00:00,1392.0,5.7
2022-02-01 18:00:00,1456.0,5.1
2022-02-01 19:00:00,1615.0,4.9
2022-02-01 20:00:00,1690.0,4.3
2022-02-01 21:00:00,1678.0,4.1
2022-02-01 22:00:00,1594.0,3.1
2022-02-01 23:00:00,1404.0,2.3
2022-02-02 00:00:00,1198.0,2.0
2022-02-02 01:00:00,995.0,1.1
2022-02-02 02:00:00,872.0,1.1
2022-02-02 03:00:00,787.0,1.3
2022-02-02 04:00:00,755.0,0.8
2022-02-02 05:00:00,750.0,0.3
2022-02-02 06:00:00,755.0,0.1
2022-02-02 07:00:00,815.0,0.2
2022-02-02 08:00:00,1121.0,0.1
2022-02-02 09:00:00,1452.0,0.2
2022-02-02 10:00:00,1501.0,0.3
2022-02-02 11:00:00,1406.0,0.9
2022-02-02 12:00:00,1398.0,1.0
2022-02-02 13:00:00,1345.0,1.5
2022-02-02 14:00:00,1364.0,2.4
2022-02-02 15:00:00,1401.0,3.3
2022-02-02 16:00:00,1402.0,3.0
2022-02-02 17:00:00,1397.0,3.0
2022-02-02 18:00:00,1425.0,2.3
2022-02-02 19:00:00,1663.0,2.1
2022-02-02 20:00:00,1792.0,1.9
2022-02-02 21:00:00,1815.0,1.6
2022-02-02 22:00:00,1764.0,1.3
2022-02-02 23:00:00,1524.0,1.3
2022-02-03 00:00:00,1256.0,1.1
2022-02-03 01:00:00,1055.0,1.1
2022-02-03 02:00:00,870.0,1.1
2022-02-03 03:00:00,798.0,1.1
2022-02-03 04:00:00,734.0,1.0
2022-02-03 05:00:00,720.0,1.1
2022-02-03 06:00:00,732.0,1.1
2022-02-03 07:00:00,793.0,1.0
2022-02-03 08:00:00,1169.0,0.9
2022-02-03 09:00:00,1476.0,1.6
2022-02-03 10:00:00,1509.0,2.6
2022-02-03 11:00:00,1461.0,4.2
2022-02-03 12:00:00,1366.0,5.8
2022-02-03 13:00:00,1305.0,8.5
2022-02-03 14:00:00,1272.0,9.1
2022-02-03 15:00:00,1262.0,8.6
2022-02-03 16:00:00,1330.0,8.7
2022-02-03 17:00:00,1347.0,7.2
2022-02-03 18:00:00,1432.0,5.4
2022-02-03 19:00:00,1675.0,4.1
2022-02-03 20:00:00,1806.0,4.9
2022-02-03 21:00:00,1839.0,4.8
2022-02-03 22:00:00,1747.0,4.7
2022-02-03 23:00:00,1521.0,4.1
2022-02-04 00:00:00,1281.0,3.7
2022-02-04 01:00:00,1073.0,3.1
2022-02-04 02:00:00,905.0,2.2
2022-02-04 03:00:00,813.0,2.8
2022-02-04 04:00:00,772.0,2.4
2022-02-04 05:00:00,769.0,2.1
2022-02-04 06:00:00,792.0,1.7
2022-02-04 07:00:00,857.0,0.1
2022-02-04 08:00:00,1179.0,-0.1
2022-02-04 09:00:00,1427.0,1.6
2022-02-04 10:00:00,1427.0,2.4
2022-02-04 11:00:00,1379.0,5.2
2022-02-04 12:00:00,1292.0,8.3
2022-02-04 13:00:00,1233.0,10.4
2022-02-04 14:00:00,1213.0,10.3
2022-02-04 15:00:00,1240.0,11.6
2022-02-04 16:00:00,1245.0,10.2
2022-02-04 17:00:00,1279.0,9.5
2022-02-04 18:00:00,1348.0,7.0
2022-02-04 19:00:00,1663.0,5.4
2022-02-04 20:00:00,1800.0,4.7
2022-02-04 21:00:00,1800.0,4.4
2022-02-04 22:00:00,1722.0,5.4
2022-02-04 23:00:00,1493.0,6.5
2022-02-05 00:00:00,1258.0,5.3
2022-02-05 01:00:00,1069.0,3.0
2022-02-05 02:00:00,896.0,4.4
2022-02-05 03:00:00,829.0,4.3
2022-02-05 04:00:00,811.0,3.9
2022-02-05 05:00:00,768.0,3.5
2022-02-05 06:00:00,785.0,3.9
2022-02-05 07:00:00,864.0,3.1
2022-02-05 08:00:00,1228.0,2.3
2022-02-05 09:00:00,1473.0,5.2
2022-02-05 10:00:00,1466.0,7.1
2022-02-05 11:00:00,1399.0,9.2
2022-02-05 12:00:00,1432.0,9.3
2022-02-05 13:00:00,1377.0,10.9
2022-02-05 14:00:00,1374.0,11.1
2022-02-05 15:00:00,1400.0,11.1
2022-02-05 16:00:00,1405.0,11.3
2022-02-05 17:00:00,1397.0,8.7
2022-02-05 18:00:00,1414.0,7.9
2022-02-05 19:00:00,1678.0,7.4
2022-02-05 20:00:00,1800.0,7.3
2022-02-05 21:00:00,1765.0,7.3
2022-02-05 22:00:00,1644.0,6.9
2022-02-05 23:00:00,1407.0,6.7
2022-02-06 00:00:00,1187.0,6.4
2022-02-06 01:00:00,985.0,6.3
2022-02-06 02:00:00,855.0,5.6
2022-02-06 03:00:00,786.0,5.6
2022-02-06 04:00:00,758.0,4.8
2022-02-06 05:00:00,740.0,4.7
2022-02-06 06:00:00,758.0,4.3
2022-02-06 07:00:00,823.0,4.2
2022-02-06 08:00:00,1124.0,3.9
2022-02-06 09:00:00,1544.0,3.7
2022-02-06 10:00:00,1602.0,3.9
2022-02-06 11:00:00,1601.0,3.8
2022-02-06 12:00:00,1530.0,4.0
2022-02-06 13:00:00,1484.0,3.9
2022-02-06 14:00:00,1499.0,3.8
2022-02-06 15:00:00,1522.0,3.6
2022-02-06 16:00:00,1562.0,3.4
2022-02-06 17:00:00,1590.0,3.2
2022-02-06 18:00:00,1589.0,3.1
2022-02-06 19:00:00,1772.0,2.6
2022-02-06 20:00:00,1889.0,2.2
2022-02-06 21:00:00,1848.0,1.2
2022-02-06 22:00:00,1692.0,0.1
2022-02-06 23:00:00,1461.0,0.0
2022-02-07 00:00:00,1246.0,0.0
2022-02-07 01:00:00,1059.0,-0.1
2022-02-07 02:00:00,916.0,-0.2
2022-02-07 03:00:00,846.0,-0.3
2022-02-07 04:00:00,815.0,-0.3
2022-02-07 05:00:00,792.0,-0.4
2022-02-07 06:00:00,803.0,-0.4
2022-02-07 07:00:00,859.0,-0.4
2022-02-07 08:00:00,1194.0,-0.4
2022-02-07 09:00:00,1557.0,-0.3
2022-02-07 10:00:00,1701.0,0.0
2022-02-07 11:00:00,1725.0,0.0
2022-02-07 12:00:00,1666.0,0.2
2022-02-07 13:00:00,1658.0,0.7
2022-02-07 14:00:00,1659.0,0.9
2022-02-07 15:00:00,1678.0,1.0
2022-02-07 16:00:00,1722.0,0.9
2022-02-07 17:00:00,1741.0,1.0
2022-02-07 18:00:00,1715.0,0.8
2022-02-07 19:00:00,1881.0,1.0
2022-02-07 20:00:00,1939.0,1.0
2022-02-07 21:00:00,1914.0,1.0
2022-02-07 22:00:00,1744.0,1.0
2022-02-07 23:00:00,1522.0,0.9
2022-02-08 00:00:00,1286.0,0.5
2022-02-08 01:00:00,1096.0,0.5
2022-02-08 02:00:00,952.0,0.3
2022-02-08 03:00:00,891.0,0.2
2022-02-08 04:00:00,855.0,0.1
2022-02-08 05:00:00,834.0,0.0
2022-02-08 06:00:00,872.0,0.2
2022-02-08 07:00:00,978.0,0.7
2022-02-08 08:00:00,1380.0,0.7
2022-02-08 09:00:00,1753.0,1.0
2022-02-08 10:00:00,1829.0,1.3
2022-02-08 11:00:00,1858.0,1.7
2022-02-08 12:00:00,1760.0,1.9
2022-02-08 13:00:00,1738.0,2.3
2022-02-08 14:00:00,1749.0,1.8
2022-02-08 15:00:00,1775.0,1.9
2022-02-08 16:00:00,1798.0,1.6
2022-02-08 17:00:00,1769.0,1.5
2022-02-08 18:00:00,1781.0,1.1
2022-02-08 19:00:00,1964.0,0.6
2022-02-08 20:00:00,2018.0,0.2
2022-02-08 21:00:00,1993.0,0.1
2022-02-08 22:00:00,1811.0,0.0
2022-02-08 23:00:00,1568.0,-0.1
2022-02-09 00:00:00,1313.0,-0.2
2022-02-09 01:00:00,1126.0,-0.2
2022-02-09 02:00:00,1013.0,-0.1
2022-02-09 03:00:00,936.0,-0.2
2022-02-09 04:00:00,918.0,-0.1
2022-02-09 05:00:00,888.0,-0.1
2022-02-09 06:00:00,920.0,-0.1
2022-02-09 07:00:00,1006.0,-0.1
2022-02-09 08:00:00,1413.0,0.0
2022-02-09 09:00:00,1842.0,0.3
2022-02-09 10:00:00,1928.0,1.2
2022-02-09 11:00:00,1935.0,1.9
2022-02-09 12:00:00,1845.0,2.5
2022-02-09 13:00:00,1809.0,3.6
2022-02-09 14:00:00,1781.0,4.7
2022-02-09 15:00:00,1756.0,5.0
2022-02-09 16:00:00,1804.0,4.8
2022-02-09 17:00:00,1800.0,4.9
2022-02-09 18:00:00,1724.0,3.8
2022-02-09 19:00:00,1942.0,2.2
2022-02-09 20:00:00,2017.0,1.8
2022-02-09 21:00:00,1982.0,1.0
2022-02-09 22:00:00,1796.0,0.8
2022-02-09 23:00:00,1558.0,0.4
2022-02-10 00:00:00,1308.0,0.3
2022-02-10 01:00:00,1127.0,0.1
2022-02-10 02:00:00,1008.0,0.1
2022-02-10 03:00:00,953.0,0.0
2022-02-10 04:00:00,922.0,0.8
2022-02-10 05:00:00,903.0,0.9
2022-02-10 06:00:00,942.0,1.2
2022-02-10 07:00:00,1057.0,1.2
2022-02-10 08:00:00,1441.0,1.5
2022-02-10 09:00:00,1870.0,2.1
2022-02-10 10:00:00,1959.0,3.0
2022-02-10 11:00:00,1973.0,4.0
2022-02-10 12:00:00,1865.0,4.1
2022-02-10 13:00:00,1832.0,5.5
2022-02-10 14:00:00,1823.0,5.9
2022-02-10 15:00:00,1835.0,6.1
2022-02-10 16:00:00,1888.0,5.8
2022-02-10 17:00:00,1909.0,4.8
2022-02-10 18:00:00,1828.0,4.2
2022-02-10 19:00:00,1969.0,4.0
2022-02-10 20:00:00,2005.0,3.9
2022-02-10 21:00:00,1950.0,3.8
2022-02-10 22:00:00,1773.0,3.7
2022-02-10 23:00:00,1511.0,3.5
2022-02-11 00:00:00,1275.0,3.2
2022-02-11 01:00:00,1106.0,3.1
2022-02-11 02:00:00,1003.0,3.1
2022-02-11 03:00:00,944.0,3.1
2022-02-11 04:00:00,910.0,3.0
2022-02-11 05:00:00,890.0,3.0
2022-02-11 06:00:00,930.0,2.9
2022-02-11 07:00:00,1036.0,3.1
2022-02-11 08:00:00,1423.0,3.1
2022-02-11 09:00:00,1855.0,3.2
2022-02-11 10:00:00,1951.0,3.8
2022-02-11 11:00:00,1997.0,4.5
2022-02-11 12:00:00,1879.0,5.5
2022-02-11 13:00:00,1858.0,6.1
2022-02-11 14:00:00,1836.0,6.2
2022-02-11 15:00:00,1835.0,7.0
2022-02-11 16:00:00,1854.0,7.0
2022-02-11 17:00:00,1849.0,6.7
2022-02-11 18:00:00,1746.0,6.2
2022-02-11 19:00:00,1912.0,5.6
2022-02-11 20:00:00,1957.0,5.3
2022-02-11 21:00:00,1916.0,5.4
2022-02-11 22:00:00,1734.0,5.0
2022-02-11 23:00:00,1519.0,5.0
2022-02-12 00:00:00,1286.0,5.1
2022-02-12 01:00:00,1137.0,4.7
2022-02-12 02:00:00,1004.0,4.4
2022-02-12 03:00:00,928.0,4.0
2022-02-12 04:00:00,907.0,4.0
2022-02-12 05:00:00,885.0,3.6
2022-02-12 06:00:00,915.0,3.4
2022-02-12 07:00:00,1005.0,3.4
2022-02-12 08:00:00,1394.0,3.5
2022-02-12 09:00:00,1733.0,4.3
2022-02-12 10:00:00,1837.0,5.6
2022-02-12 11:00:00,1843.0,6.3
2022-02-12 12:00:00,1743.0,7.0
2022-02-12 13:00:00,1736.0,6.9
2022-02-12 14:00:00,1730.0,7.4
2022-02-12 15:00:00,1734.0,7.8
2022-02-12 16:00:00,1770.0,7.5
2022-02-12 17:00:00,1787.0,7.4
2022-02-12 18:00:00,1690.0,6.6
2022-02-12 19:00:00,1880.0,5.2
2022-02-12 20:00:00,1959.0,5.6
2022-02-12 21:00:00,1895.0,5.5
2022-02-12 22:00:00,1718.0,5.7
2022-02-12 23:00:00,1478.0,5.4
2022-02-13 00:00:00,1262.0,5.1
2022-02-13 01:00:00,1103.0,5.0
2022-02-13 02:00:00,1002.0,4.5
2022-02-13 03:00:00,934.0,3.5
2022-02-13 04:00:00,915.0,3.4
2022-02-13 05:00:00,881.0,3.5
2022-02-13 06:00:00,917.0,3.6
2022-02-13 07:00:00,1000.0,3.7
2022-02-13 08:00:00,1362.0,3.8
2022-02-13 09:00:00,1664.0,4.4
2022-02-13 10:00:00,1747.0,5.1
2022-02-13 11:00:00,1742.0,6.4
2022-02-13 12:00:00,1675.0,7.0
2022-02-13 13:00:00,1598.0,8.4
2022-02-13 14:00:00,1540.0,9.1
2022-02-13 15:00:00,1540.0,10.5
2022-02-13 16:00:00,1589.0,10.9
2022-02-13 17:00:00,1633.0,10.0
2022-02-13 18:00:00,1605.0,7.8
2022-02-13 19:00:00,1826.0,6.0
2022-02-13 20:00:00,1922.0,5.3
2022-02-13 21:00:00,1876.0,5.5
2022-02-13 22:00:00,1679.0,5.1
2022-02-13 23:00:00,1421.0,4.7
2022-02-14 00:00:00,1217.0,4.2
2022-02-14 01:00:00,1064.0,4.2
2022-02-14 02:00:00,969.0,3.6
2022-02-14 03:00:00,911.0,4.4
2022-02-14 04:00:00,885.0,4.5
2022-02-14 05:00:00,881.0,4.8
2022-02-14 06:00:00,928.0,5.3
2022-02-14 07:00:00,1096.0,3.9
2022-02-14 08:00:00,1532.0,2.8
2022-02-14 09:00:00,1794.0,3.4
2022-02-14 10:00:00,1820.0,4.8
2022-02-14 11:00:00,1804.0,8.2
2022-02-14 12:00:00,1651.0,10.5
2022-02-14 13:00:00,1621.0,11.5
2022-02-14 14:00:00,1577.0,12.2
2022-02-14 15:00:00,1527.0,13.5
2022-02-14 16:00:00,1570.0,13.1
2022-02-14 17:00:00,1628.0,10.9
2022-02-14 18:00:00,1594.0,8.7
2022-02-14 19:00:00,1798.0,7.4
2022-02-14 20:00:00,1876.0,6.6
2022-02-14 21:00:00,1831.0,6.3
2022-02-14 22:00:00,1645.0,6.2
2022-02-14 23:00:00,1417.0,6.1
2022-02-15 00:00:00,1228.0,5.9
2022-02-15 01:00:00,1097.0,6.1
2022-02-15 02:00:00,1005.0,4.9
2022-02-15 03:00:00,960.0,4.1
2022-02-15 04:00:00,912.0,4.4
2022-02-15 05:00:00,910.0,4.5
2022-02-15 06:00:00,961.0,4.6
2022-02-15 07:00:00,1089.0,4.6
2022-02-15 08:00:00,1476.0,5.1
2022-02-15 09:00:00,1742.0,5.9
2022-02-15 10:00:00,1799.0,6.6
2022-02-15 11:00:00,1791.0,7.8
2022-02-15 12:00:00,1673.0,8.6
2022-02-15 13:00:00,1635.0,8.4
2022-02-15 14:00:00,1614.0,8.7
2022-02-15 15:00:00,1612.0,9.4
2022-02-15 16:00:00,1667.0,9.5
2022-02-15 17:00:00,1691.0,9.3
2022-02-15 18:00:00,1620.0,8.5
2022-02-15 19:00:00,1827.0,7.5
2022-02-15 20:00:00,1899.0,7.1
2022-02-15 21:00:00,1839.0,7.1
2022-02-15 22:00:00,1618.0,7.7
2022-02-15 23:00:00,1370.0,7.4
2022-02-16 00:00:00,1173.0,7.0
2022-02-16 01:00:00,1049.0,6.8
2022-02-16 02:00:00,976.0,6.8
2022-02-16 03:00:00,923.0,6.8
2022-02-16 04:00:00,897.0,6.8
2022-02-16 05:00:00,898.0,6.8
2022-02-16 06:00:00,973.0,7.3
2022-02-16 07:00:00,1155.0,7.1
2022-02-16 08:00:00,1479.0,7.0
2022-02-16 09:00:00,1760.0,7.0
2022-02-16 10:00:00,1837.0,6.9
2022-02-16 11:00:00,1860.0,7.3
2022-02-16 12:00:00,1750.0,7.5
2022-02-16 13:00:00,1763.0,7.6
2022-02-16 14:00:00,1774.0,7.2
2022-02-16 15:00:00,1759.0,6.9
2022-02-16 16:00:00,1806.0,6.6
2022-02-16 17:00:00,1855.0,6.5
2022-02-16 18:00:00,1785.0,6.2
2022-02-16 19:00:00,1920.0,6.1
2022-02-16 20:00:00,1908.0,6.0
2022-02-16 21:00:00,1808.0,6.0
2022-02-16 22:00:00,1585.0,5.7
2022-02-16 23:00:00,1352.0,5.9
2022-02-17 00:00:00,1190.0,6.0
2022-02-17 01:00:00,1073.0,5.4
2022-02-17 02:00:00,995.0,4.9
2022-02-17 03:00:00,951.0,4.9
2022-02-17 04:00:00,939.0,4.0
2022-02-17 05:00:00,928.0,3.5
2022-02-17 06:00:00,1015.0,3.6
2022-02-17 07:00:00,1212.0,3.3
2022-02-17 08:00:00,1534.0,2.7
2022-02-17 09:00:00,1900.0,2.1
2022-02-17 10:00:00,1976.0,2.2
2022-02-17 11:00:00,2013.0,2.1
2022-02-17 12:00:00,1885.0,2.0
2022-02-17 13:00:00,1900.0,1.9
2022-02-17 14:00:00,1909.0,1.8
2022-02-17 15:00:00,1911.0,1.9
2022-02-17 16:00:00,1978.0,1.9
2022-02-17 17:00:00,2024.0,2.0
2022-02-17 18:00:00,1922.0,1.9
2022-02-17 19:00:00,2026.0,1.8
2022-02-17 20:00:00,2025.0,1.6
2022-02-17 21:00:00,1906.0,1.4
2022-02-17 22:00:00,1691.0,1.2
2022-02-17 23:00:00,1451.0,1.0
2022-02-18 00:00:00,1255.0,1.0
2022-02-18 01:00:00,1154.0,0.9
2022-02-18 02:00:00,1064.0,0.6
2022-02-18 03:00:00,1024.0,0.3
2022-02-18 04:00:00,1025.0,0.1
2022-02-18 05:00:00,986.0,-0.6
2022-02-18 06:00:00,1062.0,-0.8
2022-02-18 07:00:00,1254.0,-1.0
2022-02-18 08:00:00,1614.0,-0.9
2022-02-18 09:00:00,2020.0,-0.8
2022-02-18 10:00:00,2083.0,-0.5
2022-02-18 11:00:00,2083.0,-0.2
2022-02-18 12:00:00,1975.0,0.1
2022-02-18 13:00:00,1979.0,0.5
2022-02-18 14:00:00,1952.0,0.9
2022-02-18 15:00:00,1948.0,1.1
2022-02-18 16:00:00,1990.0,1.1
2022-02-18 17:00:00,2041.0,1.1
2022-02-18 18:00:00,1936.0,1.0
2022-02-18 19:00:00,2022.0,1.0
2022-02-18 20:00:00,2045.0,1.0
2022-02-18 21:00:00,1954.0,1.0
2022-02-18 22:00:00,1776.0,1.0
2022-02-18 23:00:00,1526.0,1.0
2022-02-19 00:00:00,1334.0,1.0
2022-02-19 01:00:00,1178.0,1.1
2022-02-19 02:00:00,1094.0,1.4
2022-02-19 03:00:00,1034.0,1.5
2022-02-19 04:00:00,1000.0,1.4
2022-02-19 05:00:00,989.0,1.3
2022-02-19 06:00:00,1017.0,1.4
2022-02-19 07:00:00,1110.0,1.6
2022-02-19 08:00:00,1509.0,1.4
2022-02-19 09:00:00,1859.0,2.0
2022-02-19 10:00:00,1961.0,2.6
2022-02-19 11:00:00,1962.0,4.0
2022-02-19 12:00:00,1827.0,5.7
2022-02-19 13:00:00,1788.0,5.7
2022-02-19 14:00:00,1800.0,6.5
2022-02-19 15:00:00,1803.0,5.9
2022-02-19 16:00:00,1858.0,6.1
2022-02-19 17:00:00,1900.0,5.5
2022-02-19 18:00:00,1821.0,5.1
2022-02-19 19:00:00,1948.0,4.6
2022-02-19 20:00:00,1987.0,4.7
2022-02-19 21:00:00,1907.0,4.6
2022-02-19 22:00:00,1741.0,4.2
2022-02-19 23:00:00,1494.0,3.5
2022-02-20 00:00:00,1293.0,2.7
2022-02-20 01:00:00,1152.0,2.4
2022-02-20 02:00:00,1068.0,2.1
2022-02-20 03:00:00,997.0,1.9
2022-02-20 04:00:00,977.0,1.3
2022-02-20 05:00:00,981.0,1.2
2022-02-20 06:00:00,1001.0,1.1
2022-02-20 07:00:00,1081.0,1.0
2022-02-20 08:00:00,1440.0,1.0
2022-02-20 09:00:00,1776.0,1.5
2022-02-20 10:00:00,1864.0,2.1
2022-02-20 11:00:00,1893.0,3.0
2022-02-20 12:00:00,1795.0,3.8
2022-02-20 13:00:00,1773.0,4.8
2022-02-20 14:00:00,1771.0,5.1
2022-02-20 15:00:00,1740.0,5.2
2022-02-20 16:00:00,1789.0,5.4
2022-02-20 17:00:00,1832.0,5.0
2022-02-20 18:00:00,1751.0,4.6
2022-02-20 19:00:00,1933.0,3.9
2022-02-20 20:00:00,2009.0,3.6
2022-02-20 21:00:00,1913.0,3.3
2022-02-20 22:00:00,1673.0,3.1
2022-02-20 23:00:00,1427.0,2.5
2022-02-21 00:00:00,1239.0,2.1
2022-02-21 01:00:00,1116.0,2.5
2022-02-21 02:00:00,1042.0,2.2
2022-02-21 03:00:00,1005.0,2.1
2022-02-21 04:00:00,970.0,2.5
2022-02-21 05:00:00,964.0,2.4
2022-02-21 06:00:00,1061.0,2.0
2022-02-21 07:00:00,1275.0,2.2
2022-02-21 08:00:00,1629.0,2.5
2022-02-21 09:00:00,1929.0,2.7
2022-02-21 10:00:00,1987.0,3.8
2022-02-21 11:00:00,1982.0,4.2
2022-02-21 12:00:00,1851.0,5.2
2022-02-21 13:00:00,1864.0,5.6
2022-02-21 14:00:00,1861.0,6.5
2022-02-21 15:00:00,1843.0,6.6
2022-02-21 16:00:00,1850.0,6.1
2022-02-21 17:00:00,1932.0,6.1
2022-02-21 18:00:00,1827.0,5.6
2022-02-21 19:00:00,1984.0,5.1
2022-02-21 20:00:00,2026.0,5.1
2022-02-21 21:00:00,1948.0,4.8
2022-02-21 22:00:00,1725.0,4.8
2022-02-21 23:00:00,1461.0,3.6
2022-02-22 00:00:00,1276.0,3.2
2022-02-22 01:00:00,1144.0,2.9
2022-02-22 02:00:00,1075.0,2.7
2022-02-22 03:00:00,1036.0,2.4
2022-02-22 04:00:00,1000.0,2.2
2022-02-22 05:00:00,1003.0,1.9
2022-02-22 06:00:00,1076.0,1.3
2022-02-22 07:00:00,1285.0,1.5
2022-02-22 08:00:00,1663.0,1.8
2022-02-22 09:00:00,1972.0,2.2
2022-02-22 10:00:00,2033.0,2.9
2022-02-22 11:00:00,2033.0,3.3
2022-02-22 12:00:00,1887.0,4.4
2022-02-22 13:00:00,1880.0,4.9
2022-02-22 14:00:00,1899.0,3.9
2022-02-22 15:00:00,1903.0,3.7
2022-02-22 16:00:00,1972.0,3.6
2022-02-22 17:00:00,1985.0,3.3
2022-02-22 18:00:00,1898.0,3.0
2022-02-22 19:00:00,2033.0,2.9
2022-02-22 20:00:00,2054.0,2.7
2022-02-22 21:00:00,1940.0,2.6
2022-02-22 22:00:00,1718.0,2.6
2022-02-22 23:00:00,1480.0,2.6
2022-02-23 00:00:00,1291.0,2.7
2022-02-23 01:00:00,1187.0,2.3
2022-02-23 02:00:00,1107.0,2.1
2022-02-23 03:00:00,1060.0,2.2
2022-02-23 04:00:00,1028.0,2.3
2022-02-23 05:00:00,1033.0,2.4
2022-02-23 06:00:00,1122.0,2.4
2022-02-23 07:00:00,1317.0,2.6
2022-02-23 08:00:00,1685.0,2.9
2022-02-23 09:00:00,1919.0,4.3
2022-02-23 10:00:00,1884.0,5.9
2022-02-23 11:00:00,1880.0,7.0
2022-02-23 12:00:00,1701.0,9.2
2022-02-23 13:00:00,1676.0,11.2
2022-02-23 14:00:00,1658.0,11.6
2022-02-23 15:00:00,1622.0,11.4
2022-02-23 16:00:00,1687.0,10.8
2022-02-23 17:00:00,1757.0,9.9
2022-02-23 18:00:00,1705.0,8.0
2022-02-23 19:00:00,1928.0,6.2
2022-02-23 20:00:00,2003.0,6.3
2022-02-23 21:00:00,1932.0,6.2
2022-02-23 22:00:00,1665.0,5.9
2022-02-23 23:00:00,1435.0,5.5
2022-02-24 00:00:00,1234.0,5.3
2022-02-24 01:00:00,1121.0,4.6
2022-02-24 02:00:00,1046.0,4.5
2022-02-24 03:00:00,1006.0,2.8
2022-02-24 04:00:00,997.0,2.0
2022-02-24 05:00:00,979.0,2.0
2022-02-24 06:00:00,1066.0,0.7
2022-02-24 07:00:00,1340.0,0.4
2022-02-24 08:00:00,1724.0,0.5
2022-02-24 09:00:00,1859.0,2.0
2022-02-24 10:00:00,1812.0,5.5
2022-02-24 11:00:00,1739.0,8.5
2022-02-24 12:00:00,1573.0,10.4
2022-02-24 13:00:00,1568.0,12.2
2022-02-24 14:00:00,1570.0,13.6
2022-02-24 15:00:00,1528.0,12.2
2022-02-24 16:00:00,1580.0,12.3
2022-02-24 17:00:00,1679.0,11.9
2022-02-24 18:00:00,1617.0,9.7
2022-02-24 19:00:00,1837.0,7.1
2022-02-24 20:00:00,1913.0,6.3
2022-02-24 21:00:00,1822.0,5.8
2022-02-24 22:00:00,1590.0,6.6
2022-02-24 23:00:00,1360.0,6.9
2022-02-25 00:00:00,1195.0,6.7
2022-02-25 01:00:00,1101.0,6.0
2022-02-25 02:00:00,1039.0,5.3
2022-02-25 03:00:00,1004.0,4.2
2022-02-25 04:00:00,972.0,3.3
2022-02-25 05:00:00,968.0,3.1
2022-02-25 06:00:00,1069.0,2.2
2022-02-25 07:00:00,1312.0,2.6
2022-02-25 08:00:00,1675.0,2.8
2022-02-25 09:00:00,1781.0,4.6
2022-02-25 10:00:00,1732.0,6.5
2022-02-25 11:00:00,1665.0,10.1
2022-02-25 12:00:00,1456.0,11.5
2022-02-25 13:00:00,1435.0,14.1
2022-02-25 14:00:00,1450.0,14.9
2022-02-25 15:00:00,1477.0,14.7
2022-02-25 16:00:00,1522.0,14.0
2022-02-25 17:00:00,1628.0,12.7
2022-02-25 18:00:00,1583.0,11.2
2022-02-25 19:00:00,1787.0,10.0
2022-02-25 20:00:00,1838.0,10.0
2022-02-25 21:00:00,1760.0,9.7
2022-02-25 22:00:00,1571.0,9.4
2022-02-25 23:00:00,1353.0,9.1
2022-02-26 00:00:00,1193.0,9.2
2022-02-26 01:00:00,1084.0,9.6
2022-02-26 02:00:00,1006.0,8.7
2022-02-26 03:00:00,964.0,8.4
2022-02-26 04:00:00,954.0,8.1
2022-02-26 05:00:00,938.0,7.8
2022-02-26 06:00:00,1005.0,7.3
2022-02-26 07:00:00,1133.0,6.4
2022-02-26 08:00:00,1491.0,7.2
2022-02-26 09:00:00,1636.0,8.5
2022-02-26 10:00:00,1619.0,10.2
2022-02-26 11:00:00,1571.0,12.3
2022-02-26 12:00:00,1441.0,14.2
2022-02-26 13:00:00,1422.0,14.8
2022-02-26 14:00:00,1441.0,15.2
2022-02-26 15:00:00,1448.0,15.0
2022-02-26 16:00:00,1513.0,14.6
2022-02-26 17:00:00,1580.0,14.2
2022-02-26 18:00:00,1511.0,13.8
2022-02-26 19:00:00,1682.0,13.3
2022-02-26 20:00:00,1737.0,12.9
2022-02-26 21:00:00,1649.0,12.2
2022-02-26 22:00:00,1477.0,11.4
2022-02-26 23:00:00,1298.0,10.8
2022-02-27 00:00:00,1166.0,10.2
2022-02-27 01:00:00,1061.0,9.5
2022-02-27 02:00:00,1001.0,10.3
2022-02-27 03:00:00,966.0,9.4
2022-02-27 04:00:00,945.0,7.1
2022-02-27 05:00:00,939.0,7.2
2022-02-27 06:00:00,992.0,6.9
2022-02-27 07:00:00,1139.0,6.5
2022-02-27 08:00:00,1446.0,7.1
2022-02-27 09:00:00,1541.0,7.8
2022-02-27 10:00:00,1515.0,12.9
2022-02-27 11:00:00,1500.0,15.1
2022-02-27 12:00:00,1382.0,16.9
2022-02-27 13:00:00,1357.0,16.9
2022-02-27 14:00:00,1353.0,16.9
2022-02-27 15:00:00,1342.0,17.5
2022-02-27 16:00:00,1370.0,18.3
2022-02-27 17:00:00,1497.0,17.4
2022-02-27 18:00:00,1483.0,15.7
2022-02-27 19:00:00,1634.0,15.5
2022-02-27 20:00:00,1707.0,15.4
2022-02-27 21:00:00,1599.0,15.4
2022-02-27 22:00:00,1403.0,15.1
2022-02-27 23:00:00,1254.0,14.5
2022-02-28 00:00:00,1124.0,13.8
2022-02-28 01:00:00,1033.0,12.9
2022-02-28 02:00:00,997.0,12.9
2022-02-28 03:00:00,980.0,13.6
2022-02-28 04:00:00,937.0,13.1
2022-02-28 05:00:00,960.0,13.0
2022-02-28 06:00:00,1041.0,12.2
2022-02-28 07:00:00,1249.0,11.5
2022-02-28 08:00:00,1490.0,11.5
2022-02-28 09:00:00,1655.0,12.2
2022-02-28 10:00:00,1645.0,12.6
2022-02-28 11:00:00,1630.0,13.8
2022-02-28 12:00:00,1483.0,14.4
2022-02-28 13:00:00,1494.0,14.5
2022-02-28 14:00:00,1493.0,14.3
2022-02-28 15:00:00,1474.0,16.2
2022-02-28 16:00:00,1502.0,16.1
2022-02-28 17:00:00,1553.0,16.1
2022-02-28 18:00:00,1504.0,14.1
2022-02-28 19:00:00,1646.0,13.3
2022-02-28 20:00:00,1657.0,12.9
2022-02-28 21:00:00,1555.0,12.9
2022-02-28 22:00:00,1365.0,12.2
2022-02-28 23:00:00,1206.0,12.1
2022-03-01 00:00:00,1080.0,12.1
2022-03-01 01:00:00,1018.0,13.0
2022-03-01 02:00:00,972.0,12.1
2022-03-01 03:00:00,938.0,11.5
2022-03-01 04:00:00,923.0,10.7
2022-03-01 05:00:00,927.0,11.0
2022-03-01 06:00:00,1006.0,14.9
2022-03-01 07:00:00,1184.0,14.6
2022-03-01 08:00:00,1482.0,12.6
2022-03-01 09:00:00,1608.0,14.6
2022-03-01 10:00:00,1658.0,13.5
2022-03-01 11:00:00,1637.0,13.7
2022-03-01 12:00:00,1479.0,15.3
2022-03-01 13:00:00,1446.0,16.1
2022-03-01 14:00:00,1432.0,16.4
2022-03-01 15:00:00,1428.0,15.4
2022-03-01 16:00:00,1477.0,15.4
2022-03-01 17:00:00,1537.0,15.6
2022-03-01 18:00:00,1443.0,13.8
2022-03-01 19:00:00,1595.0,13.1
2022-03-01 20:00:00,1645.0,12.9
2022-03-01 21:00:00,1585.0,12.0
2022-03-01 22:00:00,1403.0,11.7
2022-03-01 23:00:00,1225.0,11.8
2022-03-02 00:00:00,1120.0,12.3
2022-03-02 01:00:00,1039.0,11.5
2022-03-02 02:00:00,998.0,9.3
2022-03-02 03:00:00,967.0,9.1
2022-03-02 04:00:00,946.0,7.6
2022-03-02 05:00:00,955.0,6.8
2022-03-02 06:00:00,1026.0,7.8
2022-03-02 07:00:00,1258.0,6.4
2022-03-02 08:00:00,1523.0,6.9
2022-03-02 09:00:00,1570.0,8.1
2022-03-02 10:00:00,1548.0,11.1
2022-03-02 11:00:00,1493.0,15.0
2022-03-02 12:00:00,1326.0,17.8
2022-03-02 13:00:00,1297.0,18.8
2022-03-02 14:00:00,1346.0,20.0
2022-03-02 15:00:00,1362.0,19.3
2022-03-02 16:00:00,1430.0,18.0
2022-03-02 17:00:00,1485.0,16.5
2022-03-02 18:00:00,1431.0,15.5
2022-03-02 19:00:00,1586.0,15.2
2022-03-02 20:00:00,1612.0,15.4
2022-03-02 21:00:00,1529.0,15.8
2022-03-02 22:00:00,1331.0,15.3
2022-03-02 23:00:00,1164.0,14.9
2022-03-03 00:00:00,1066.0,14.5
2022-03-03 01:00:00,988.0,13.5
2022-03-03 02:00:00,950.0,13.5
2022-03-03 03:00:00,899.0,13.7
2022-03-03 04:00:00,901.0,14.6
2022-03-03 05:00:00,901.0,13.8
2022-03-03 06:00:00,976.0,13.8
2022-03-03 07:00:00,1187.0,13.8
2022-03-03 08:00:00,1461.0,12.7
2022-03-03 09:00:00,1593.0,13.2
2022-03-03 10:00:00,1593.0,13.1
2022-03-03 11:00:00,1584.0,14.0
2022-03-03 12:00:00,1418.0,13.7
2022-03-03 13:00:00,1445.0,14.4
2022-03-03 14:00:00,1469.0,14.5
2022-03-03 15:00:00,1454.0,15.2
2022-03-03 16:00:00,1510.0,15.1
2022-03-03 17:00:00,1574.0,14.1
2022-03-03 18:00:00,1486.0,13.4
2022-03-03 19:00:00,1607.0,12.9
2022-03-03 20:00:00,1621.0,12.0
2022-03-03 21:00:00,1540.0,10.9
2022-03-03 22:00:00,1361.0,11.1
2022-03-03 23:00:00,1198.0,10.9
2022-03-04 00:00:00,1109.0,11.1
2022-03-04 01:00:00,1030.0,11.0
2022-03-04 02:00:00,990.0,11.0
2022-03-04 03:00:00,958.0,11.0
2022-03-04 04:00:00,929.0,10.6
2022-03-04 05:00:00,933.0,10.5
2022-03-04 06:00:00,1029.0,10.9
2022-03-04 07:00:00,1240.0,11.2
2022-03-04 08:00:00,1460.0,11.5
2022-03-04 09:00:00,1539.0,12.3
2022-03-04 10:00:00,1528.0,13.0
2022-03-04 11:00:00,1505.0,14.2
2022-03-04 12:00:00,1351.0,15.5
2022-03-04 13:00:00,1398.0,14.9
2022-03-04 14:00:00,1447.0,14.0
2022-03-04 15:00:00,1453.0,14.4
2022-03-04 16:00:00,1518.0,13.3
2022-03-04 17:00:00,1579.0,13.3
2022-03-04 18:00:00,1489.0,12.8
2022-03-04 19:00:00,1622.0,12.5
2022-03-04 20:00:00,1637.0,12.2
2022-03-04 21:00:00,1545.0,12.6
2022-03-04 22:00:00,1391.0,12.3
2022-03-04 23:00:00,1235.0,12.3
2022-03-05 00:00:00,1148.0,11.7
2022-03-05 01:00:00,1039.0,11.4
2022-03-05 02:00:00,987.0,11.0
2022-03-05 03:00:00,951.0,11.4
2022-03-05 04:00:00,939.0,11.2
2022-03-05 05:00:00,938.0,10.7
2022-03-05 06:00:00,969.0,10.8
2022-03-05 07:00:00,1130.0,11.1
2022-03-05 08:00:00,1431.0,11.4
2022-03-05 09:00:00,1520.0,12.5
2022-03-05 10:00:00,1519.0,12.8
2022-03-05 11:00:00,1509.0,13.3
2022-03-05 12:00:00,1395.0,14.3
2022-03-05 13:00:00,1402.0,13.6
2022-03-05 14:00:00,1444.0,13.6
2022-03-05 15:00:00,1470.0,13.1
2022-03-05 16:00:00,1532.0,12.6
2022-03-05 17:00:00,1598.0,12.3
2022-03-05 18:00:00,1533.0,11.8
2022-03-05 19:00:00,1619.0,12.1
2022-03-05 20:00:00,1580.0,12.4
2022-03-05 21:00:00,1484.0,12.6
2022-03-05 22:00:00,1325.0,12.6
2022-03-05 23:00:00,1195.0,12.7
2022-03-06 00:00:00,1101.0,12.7
2022-03-06 01:00:00,1031.0,13.0
2022-03-06 02:00:00,974.0,12.8
2022-03-06 03:00:00,946.0,12.4
2022-03-06 04:00:00,915.0,12.3
2022-03-06 05:00:00,917.0,12.2
2022-03-06 06:00:00,930.0,12.0
2022-03-06 07:00:00,1035.0,11.8
2022-03-06 08:00:00,1279.0,11.2
2022-03-06 09:00:00,1459.0,10.6
2022-03-06 10:00:00,1511.0,10.5
2022-03-06 11:00:00,1525.0,10.5
2022-03-06 12:00:00,1432.0,10.5
2022-03-06 13:00:00,1421.0,10.1
2022-03-06 14:00:00,1461.0,9.7
2022-03-06 15:00:00,1463.0,9.8
2022-03-06 16:00:00,1543.0,9.6
2022-03-06 17:00:00,1564.0,9.5
2022-03-06 18:00:00,1507.0,9.4
2022-03-06 19:00:00,1590.0,9.2
2022-03-06 20:00:00,1582.0,9.0
2022-03-06 21:00:00,1456.0,8.7
2022-03-06 22:00:00,1273.0,8.6
2022-03-06 23:00:00,1120.0,8.6
2022-03-07 00:00:00,1031.0,8.3
2022-03-07 01:00:00,961.0,7.8
2022-03-07 02:00:00,914.0,7.4
2022-03-07 03:00:00,900.0,7.9
2022-03-07 04:00:00,875.0,8.1
2022-03-07 05:00:00,876.0,7.8
2022-03-07 06:00:00,959.0,7.7
2022-03-07 07:00:00,1195.0,7.4
2022-03-07 08:00:00,1460.0,7.7
2022-03-07 09:00:00,1544.0,8.6
2022-03-07 10:00:00,1529.0,10.4
2022-03-07 11:00:00,1523.0,12.2
2022-03-07 12:00:00,1393.0,13.7
2022-03-07 13:00:00,1389.0,15.7
2022-03-07 14:00:00,1383.0,17.8
2022-03-07 15:00:00,1380.0,19.3
2022-03-07 16:00:00,1424.0,19.6
2022-03-07 17:00:00,1498.0,19.7
2022-03-07 18:00:00,1448.0,16.6
2022-03-07 19:00:00,1583.0,14.2
2022-03-07 20:00:00,1621.0,12.9
2022-03-07 21:00:00,1539.0,12.3
2022-03-07 22:00:00,1354.0,12.0
2022-03-07 23:00:00,1181.0,11.8
2022-03-08 00:00:00,1092.0,11.3
2022-03-08 01:00:00,1013.0,11.3
2022-03-08 02:00:00,958.0,12.0
2022-03-08 03:00:00,932.0,11.9
2022-03-08 04:00:00,926.0,11.4
2022-03-08 05:00:00,937.0,10.7
2022-03-08 06:00:00,1023.0,10.6
2022-03-08 07:00:00,1270.0,9.4
2022-03-08 08:00:00,1449.0,11.5
2022-03-08 09:00:00,1502.0,14.1
2022-03-08 10:00:00,1505.0,16.2
2022-03-08 11:00:00,1451.0,19.6
2022-03-08 12:00:00,1267.0,21.4
2022-03-08 13:00:00,1269.0,22.7
2022-03-08 14:00:00,1306.0,24.6
2022-03-08 15:00:00,1282.0,24.9
2022-03-08 16:00:00,1299.0,22.6
2022-03-08 17:00:00,1434.0,21.7
2022-03-08 18:00:00,1362.0,19.9
2022-03-08 19:00:00,1492.0,18.2
2022-03-08 20:00:00,1509.0,17.6
2022-03-08 21:00:00,1443.0,16.7
2022-03-08 22:00:00,1280.0,15.8
2022-03-08 23:00:00,1156.0,15.4
2022-03-09 00:00:00,1074.0,14.7
2022-03-09 01:00:00,1005.0,14.6
2022-03-09 02:00:00,945.0,14.5
2022-03-09 03:00:00,934.0,13.8
2022-03-09 04:00:00,899.0,13.9
2022-03-09 05:00:00,912.0,13.2
2022-03-09 06:00:00,1013.0,11.8
2022-03-09 07:00:00,1253.0,12.2
2022-03-09 08:00:00,1436.0,13.5
2022-03-09 09:00:00,1449.0,12.7
2022-03-09 10:00:00,1421.0,16.4
2022-03-09 11:00:00,1393.0,19.1
2022-03-09 12:00:00,1218.0,20.8
2022-03-09 13:00:00,1223.0,21.9
2022-03-09 14:00:00,1254.0,22.7
2022-03-09 15:00:00,1268.0,24.2
2022-03-09 16:00:00,1301.0,23.4
2022-03-09 17:00:00,1414.0,21.8
2022-03-09 18:00:00,1341.0,20.2
2022-03-09 19:00:00,1462.0,19.5
2022-03-09 20:00:00,1506.0,19.1
2022-03-09 21:00:00,1426.0,19.2
2022-03-09 22:00:00,1244.0,18.8
2022-03-09 23:00:00,1123.0,19.2
2022-03-10 00:00:00,1038.0,17.7
2022-03-10 01:00:00,985.0,16.2
2022-03-10 02:00:00,946.0,16.1
2022-03-10 03:00:00,910.0,16.6
2022-03-10 04:00:00,908.0,16.2
2022-03-10 05:00:00,903.0,15.2
2022-03-10 06:00:00,1007.0,14.4
2022-03-10 07:00:00,1256.0,13.9
2022-03-10 08:00:00,1423.0,14.6
2022-03-10 09:00:00,1426.0,16.8
2022-03-10 10:00:00,1412.0,18.9
2022-03-10 11:00:00,1371.0,21.2
2022-03-10 12:00:00,1197.0,24.3
2022-03-10 13:00:00,1214.0,24.3
2022-03-10 14:00:00,1245.0,26.3
2022-03-10 15:00:00,1229.0,27.1
2022-03-10 16:00:00,1275.0,27.6
2022-03-10 17:00:00,1358.0,25.6
2022-03-10 18:00:00,1312.0,23.0
2022-03-10 19:00:00,1413.0,20.7
2022-03-10 20:00:00,1455.0,19.8
2022-03-10 21:00:00,1373.0,19.4
2022-03-10 22:00:00,1215.0,18.9
2022-03-10 23:00:00,1104.0,18.7
2022-03-11 00:00:00,1035.0,18.2
2022-03-11 01:00:00,992.0,18.0
2022-03-11 02:00:00,939.0,19.0
2022-03-11 03:00:00,930.0,18.1
2022-03-11 04:00:00,895.0,15.5
2022-03-11 05:00:00,905.0,15.3
2022-03-11 06:00:00,1005.0,16.0
2022-03-11 07:00:00,1241.0,15.3
2022-03-11 08:00:00,1382.0,15.7
2022-03-11 09:00:00,1404.0,18.0
2022-03-11 10:00:00,1378.0,21.0
2022-03-11 11:00:00,1347.0,23.3
2022-03-11 12:00:00,1210.0,25.0
2022-03-11 13:00:00,1212.0,26.9
2022-03-11 14:00:00,1231.0,27.6
2022-03-11 15:00:00,1247.0,28.3
2022-03-11 16:00:00,1284.0,28.0
2022-03-11 17:00:00,1391.0,26.6
2022-03-11 18:00:00,1317.0,24.2
2022-03-11 19:00:00,1424.0,22.8
2022-03-11 20:00:00,1445.0,22.7
2022-03-11 21:00:00,1359.0,21.6
2022-03-11 22:00:00,1235.0,20.8
2022-03-11 23:00:00,1103.0,20.4
2022-03-12 00:00:00,1037.0,20.8
2022-03-12 01:00:00,983.0,20.3
2022-03-12 02:00:00,938.0,20.1
2022-03-12 03:00:00,916.0,19.1
2022-03-12 04:00:00,918.0,19.5
2022-03-12 05:00:00,909.0,20.3
2022-03-12 06:00:00,972.0,20.8
2022-03-12 07:00:00,1144.0,18.3
2022-03-12 08:00:00,1342.0,19.1
2022-03-12 09:00:00,1384.0,20.1
2022-03-12 10:00:00,1343.0,20.9
2022-03-12 11:00:00,1351.0,22.2
2022-03-12 12:00:00,1221.0,22.3
2022-03-12 13:00:00,1204.0,24.6
2022-03-12 14:00:00,1244.0,25.6
2022-03-12 15:00:00,1244.0,26.5
2022-03-12 16:00:00,1269.0,26.1
2022-03-12 17:00:00,1346.0,25.1
2022-03-12 18:00:00,1288.0,24.4
2022-03-12 19:00:00,1381.0,23.9
2022-03-12 20:00:00,1393.0,23.8
2022-03-12 21:00:00,1303.0,23.4
2022-03-12 22:00:00,1177.0,22.3
2022-03-12 23:00:00,1082.0,22.2
2022-03-13 00:00:00,1038.0,21.3
2022-03-13 01:00:00,984.0,20.6
2022-03-13 02:00:00,945.0,19.7
2022-03-13 03:00:00,915.0,19.7
2022-03-13 04:00:00,906.0,18.7
2022-03-13 05:00:00,907.0,18.7
2022-03-13 06:00:00,959.0,18.2
2022-03-13 07:00:00,1127.0,18.3
2022-03-13 08:00:00,1297.0,19.1
2022-03-13 09:00:00,1324.0,20.8
2022-03-13 10:00:00,1286.0,23.3
2022-03-13 11:00:00,1301.0,25.0
2022-03-13 12:00:00,1205.0,26.2
2022-03-13 13:00:00,1203.0,28.4
2022-03-13 14:00:00,1231.0,28.7
2022-03-13 15:00:00,1224.0,30.1
2022-03-13 16:00:00,1277.0,30.3
2022-03-13 17:00:00,1352.0,29.5
2022-03-13 18:00:00,1262.0,27.2
2022-03-13 19:00:00,1354.0,25.0
2022-03-13 20:00:00,1387.0,24.9
2022-03-13 21:00:00,1282.0,24.3
2022-03-13 22:00:00,1134.0,26.1
2022-03-13 23:00:00,1032.0,25.6
2022-03-14 00:00:00,993.0,24.3
2022-03-14 01:00:00,943.0,22.6
2022-03-14 02:00:00,917.0,22.3
2022-03-14 03:00:00,897.0,21.6
2022-03-14 04:00:00,881.0,20.5
2022-03-14 05:00:00,906.0,20.0
2022-03-14 06:00:00,993.0,20.0
2022-03-14 07:00:00,1200.0,19.8
2022-03-14 08:00:00,1342.0,20.2
2022-03-14 09:00:00,1399.0,22.7
2022-03-14 10:00:00,1387.0,24.3
2022-03-14 11:00:00,1345.0,24.6
2022-03-14 12:00:00,1217.0,25.6
2022-03-14 13:00:00,1233.0,26.6
2022-03-14 14:00:00,1239.0,27.0
2022-03-14 15:00:00,1256.0,24.8
2022-03-14 16:00:00,1300.0,24.5
2022-03-14 17:00:00,1347.0,23.5
2022-03-14 18:00:00,1290.0,22.1
2022-03-14 19:00:00,1375.0,21.1
2022-03-14 20:00:00,1388.0,20.2
2022-03-14 21:00:00,1301.0,19.4
2022-03-14 22:00:00,1171.0,18.9
2022-03-14 23:00:00,1072.0,18.8
2022-03-15 00:00:00,1035.0,18.3
2022-03-15 01:00:00,993.0,18.0
2022-03-15 02:00:00,960.0,18.1
2022-03-15 03:00:00,938.0,18.1
2022-03-15 04:00:00,924.0,17.3
2022-03-15 05:00:00,933.0,16.8
2022-03-15 06:00:00,1022.0,17.8
2022-03-15 07:00:00,1233.0,16.9
2022-03-15 08:00:00,1350.0,18.1
2022-03-15 09:00:00,1376.0,20.3
2022-03-15 10:00:00,1356.0,22.1
2022-03-15 11:00:00,1331.0,24.1
2022-03-15 12:00:00,1207.0,25.6
2022-03-15 13:00:00,1234.0,26.7
2022-03-15 14:00:00,1241.0,27.4
2022-03-15 15:00:00,1265.0,27.6
2022-03-15 16:00:00,1309.0,28.4
2022-03-15 17:00:00,1370.0,28.0
2022-03-15 18:00:00,1345.0,25.5
2022-03-15 19:00:00,1407.0,23.5
2022-03-15 20:00:00,1440.0,23.0
2022-03-15 21:00:00,1360.0,22.7
2022-03-15 22:00:00,1202.0,22.4
2022-03-15 23:00:00,1117.0,22.0
2022-03-16 00:00:00,1067.0,21.7
2022-03-16 01:00:00,1018.0,21.7
2022-03-16 02:00:00,990.0,21.4
2022-03-16 03:00:00,968.0,21.5
2022-03-16 04:00:00,950.0,21.3
2022-03-16 05:00:00,955.0,21.1
2022-03-16 06:00:00,1042.0,20.1
2022-03-16 07:00:00,1219.0,19.9
2022-03-16 08:00:00,1363.0,19.7
2022-03-16 09:00:00,1397.0,21.0
2022-03-16 10:00:00,1399.0,22.3
2022-03-16 11:00:00,1380.0,21.8
2022-03-16 12:00:00,1242.0,21.6
2022-03-16 13:00:00,1226.0,22.8
2022-03-16 14:00:00,1252.0,23.6
2022-03-16 15:00:00,1266.0,23.3
2022-03-16 16:00:00,1318.0,23.8
2022-03-16 17:00:00,1407.0,22.0
2022-03-16 18:00:00,1337.0,20.0
2022-03-16 19:00:00,1386.0,19.8
2022-03-16 20:00:00,1375.0,19.3
2022-03-16 21:00:00,1264.0,18.3
2022-03-16 22:00:00,1143.0,17.5
2022-03-16 23:00:00,1040.0,16.8
2022-03-17 00:00:00,1022.0,16.9
2022-03-17 01:00:00,980.0,15.6
2022-03-17 02:00:00,955.0,13.7
2022-03-17 03:00:00,914.0,13.2
2022-03-17 04:00:00,914.0,13.2
2022-03-17 05:00:00,895.0,13.3
2022-03-17 06:00:00,963.0,13.1
2022-03-17 07:00:00,1140.0,12.9
2022-03-17 08:00:00,1323.0,13.2
2022-03-17 09:00:00,1369.0,13.9
2022-03-17 10:00:00,1371.0,14.0
2022-03-17 11:00:00,1353.0,13.7
2022-03-17 12:00:00,1207.0,13.8
2022-03-17 13:00:00,1232.0,13.5
2022-03-17 14:00:00,1261.0,13.4
2022-03-17 15:00:00,1294.0,12.5
2022-03-17 16:00:00,1346.0,12.0
2022-03-17 17:00:00,1403.0,12.1
2022-03-17 18:00:00,1337.0,10.8
2022-03-17 19:00:00,1430.0,9.5
2022-03-17 20:00:00,1428.0,9.1
2022-03-17 21:00:00,1325.0,9.0
2022-03-17 22:00:00,1191.0,9.0
2022-03-17 23:00:00,1075.0,8.8
2022-03-18 00:00:00,1032.0,8.6
2022-03-18 01:00:00,990.0,8.3
2022-03-18 02:00:00,939.0,7.8
2022-03-18 03:00:00,914.0,7.8
2022-03-18 04:00:00,888.0,7.7
2022-03-18 05:00:00,905.0,7.5
2022-03-18 06:00:00,1005.0,7.5
2022-03-18 07:00:00,1222.0,7.5
2022-03-18 08:00:00,1376.0,8.0
2022-03-18 09:00:00,1468.0,9.2
2022-03-18 10:00:00,1433.0,9.9
2022-03-18 11:00:00,1389.0,11.2
2022-03-18 12:00:00,1197.0,11.7
2022-03-18 13:00:00,1173.0,13.2
2022-03-18 14:00:00,1155.0,14.2
2022-03-18 15:00:00,1227.0,15.1
2022-03-18 16:00:00,1288.0,16.2
2022-03-18 17:00:00,1378.0,15.1
2022-03-18 18:00:00,1304.0,14.0
2022-03-18 19:00:00,1410.0,12.5
2022-03-18 20:00:00,1481.0,12.1
2022-03-18 21:00:00,1401.0,11.9
2022-03-18 22:00:00,1240.0,11.4
2022-03-18 23:00:00,1122.0,10.8
2022-03-19 00:00:00,1066.0,10.9
2022-03-19 01:00:00,1011.0,10.8
2022-03-19 02:00:00,955.0,10.1
2022-03-19 03:00:00,950.0,10.6
2022-03-19 04:00:00,918.0,11.2
2022-03-19 05:00:00,908.0,10.9
2022-03-19 06:00:00,979.0,11.0
2022-03-19 07:00:00,1148.0,11.2
2022-03-19 08:00:00,1321.0,12.0
2022-03-19 09:00:00,1395.0,12.7
2022-03-19 10:00:00,1416.0,13.6
2022-03-19 11:00:00,1424.0,13.1
2022-03-19 12:00:00,1312.0,13.2
2022-03-19 13:00:00,1334.0,12.8
2022-03-19 14:00:00,1349.0,12.2
2022-03-19 15:00:00,1388.0,11.7
2022-03-19 16:00:00,1431.0,11.3
2022-03-19 17:00:00,1481.0,11.2
2022-03-19 18:00:00,1436.0,11.0
2022-03-19 19:00:00,1479.0,10.9
2022-03-19 20:00:00,1460.0,10.0
2022-03-19 21:00:00,1376.0,9.3
2022-03-19 22:00:00,1219.0,8.0
2022-03-19 23:00:00,1096.0,7.6
2022-03-20 00:00:00,1052.0,7.4
2022-03-20 01:00:00,990.0,6.9
2022-03-20 02:00:00,944.0,6.4
2022-03-20 03:00:00,919.0,5.9
2022-03-20 04:00:00,923.0,5.4
2022-03-20 05:00:00,913.0,5.2
2022-03-20 06:00:00,965.0,5.3
2022-03-20 07:00:00,1073.0,5.4
2022-03-20 08:00:00,1339.0,5.4
2022-03-20 09:00:00,1499.0,5.2
2022-03-20 10:00:00,1525.0,5.3
2022-03-20 11:00:00,1496.0,5.1
2022-03-20 12:00:00,1419.0,5.2
2022-03-20 13:00:00,1410.0,5.2
2022-03-20 14:00:00,1425.0,5.1
2022-03-20 15:00:00,1432.0,5.1
2022-03-20 16:00:00,1490.0,5.2
2022-03-20 17:00:00,1544.0,5.0
2022-03-20 18:00:00,1468.0,4.8
2022-03-20 19:00:00,1536.0,4.9
2022-03-20 20:00:00,1554.0,4.9
2022-03-20 21:00:00,1400.0,4.8
2022-03-20 22:00:00,1282.0,4.6
2022-03-20 23:00:00,1125.0,4.6
2022-03-21 00:00:00,1046.0,4.7
2022-03-21 01:00:00,981.0,4.7
2022-03-21 02:00:00,932.0,4.8
2022-03-21 03:00:00,914.0,4.8
2022-03-21 04:00:00,899.0,4.9
2022-03-21 05:00:00,927.0,4.9
2022-03-21 06:00:00,992.0,5.0
2022-03-21 07:00:00,1215.0,5.1
2022-03-21 08:00:00,1488.0,5.2
2022-03-21 09:00:00,1657.0,5.1
2022-03-21 10:00:00,1652.0,5.3
2022-03-21 11:00:00,1656.0,5.6
2022-03-21 12:00:00,1585.0,5.5
2022-03-21 13:00:00,1605.0,5.6
2022-03-21 14:00:00,1598.0,5.5
2022-03-21 15:00:00,1607.0,5.6
2022-03-21 16:00:00,1649.0,5.8
2022-03-21 17:00:00,1723.0,6.0
2022-03-21 18:00:00,1616.0,6.2
2022-03-21 19:00:00,1673.0,6.4
2022-03-21 20:00:00,1666.0,6.3
2022-03-21 21:00:00,1566.0,6.4
2022-03-21 22:00:00,1405.0,6.4
2022-03-21 23:00:00,1232.0,6.4
2022-03-22 00:00:00,1147.0,6.3
2022-03-22 01:00:00,1060.0,6.3
2022-03-22 02:00:00,1022.0,6.2
2022-03-22 03:00:00,985.0,6.1
2022-03-22 04:00:00,947.0,6.1
2022-03-22 05:00:00,961.0,5.8
2022-03-22 06:00:00,1047.0,5.8
2022-03-22 07:00:00,1250.0,5.7
2022-03-22 08:00:00,1554.0,5.8
2022-03-22 09:00:00,1746.0,6.0
2022-03-22 10:00:00,1792.0,6.3
2022-03-22 11:00:00,1793.0,6.5
2022-03-22 12:00:00,1661.0,6.6
2022-03-22 13:00:00,1674.0,6.7
2022-03-22 14:00:00,1693.0,6.7
2022-03-22 15:00:00,1704.0,6.6
2022-03-22 16:00:00,1730.0,6.4
2022-03-22 17:00:00,1770.0,6.5
2022-03-22 18:00:00,1678.0,6.4
2022-03-22 19:00:00,1742.0,6.4
2022-03-22 20:00:00,1785.0,6.4
2022-03-22 21:00:00,1662.0,6.5
2022-03-22 22:00:00,1459.0,6.4
2022-03-22 23:00:00,1285.0,6.4
2022-03-23 00:00:00,1174.0,6.2
2022-03-23 01:00:00,1095.0,6.0
2022-03-23 02:00:00,1036.0,5.8
2022-03-23 03:00:00,996.0,5.7
2022-03-23 04:00:00,981.0,5.4
2022-03-23 05:00:00,980.0,5.3
2022-03-23 06:00:00,1082.0,5.5
2022-03-23 07:00:00,1315.0,5.4
2022-03-23 08:00:00,1521.0,6.3
2022-03-23 09:00:00,1641.0,7.6
2022-03-23 10:00:00,1638.0,8.1
2022-03-23 11:00:00,1624.0,9.7
2022-03-23 12:00:00,1470.0,11.3
2022-03-23 13:00:00,1432.0,12.3
2022-03-23 14:00:00,1467.0,13.2
2022-03-23 15:00:00,1480.0,14.3
2022-03-23 16:00:00,1508.0,13.5
2022-03-23 17:00:00,1651.0,13.8
2022-03-23 18:00:00,1517.0,13.2
2022-03-23 19:00:00,1648.0,10.8
2022-03-23 20:00:00,1799.0,9.8
2022-03-23 21:00:00,1636.0,9.4
2022-03-23 22:00:00,1429.0,8.8
2022-03-23 23:00:00,1233.0,8.3
2022-03-24 00:00:00,1133.0,7.7
2022-03-24 01:00:00,1055.0,7.2
2022-03-24 02:00:00,993.0,7.5
2022-03-24 03:00:00,972.0,7.2
2022-03-24 04:00:00,955.0,6.7
2022-03-24 05:00:00,961.0,6.7
2022-03-24 06:00:00,1058.0,6.5
2022-03-24 07:00:00,1327.0,6.9
2022-03-24 08:00:00,1487.0,8.4
2022-03-24 09:00:00,1613.0,10.9
2022-03-24 10:00:00,1609.0,12.5
2022-03-24 11:00:00,1572.0,14.5
2022-03-24 12:00:00,1466.0,15.6
2022-03-24 13:00:00,1496.0,13.3
2022-03-24 14:00:00,1494.0,13.3
2022-03-24 15:00:00,1527.0,12.9
2022-03-24 16:00:00,1570.0,12.1
2022-03-24 17:00:00,1646.0,11.8
2022-03-24 18:00:00,1573.0,11.5
2022-03-24 19:00:00,1638.0,11.3
2022-03-24 20:00:00,1686.0,11.5
2022-03-24 21:00:00,1556.0,11.5
2022-03-24 22:00:00,1355.0,11.4
2022-03-24 23:00:00,1209.0,11.2
2022-03-25 00:00:00,1119.0,10.9
2022-03-25 01:00:00,1054.0,10.9
2022-03-25 02:00:00,1008.0,10.9
2022-03-25 03:00:00,979.0,10.9
2022-03-25 04:00:00,980.0,10.9
2022-03-25 05:00:00,965.0,10.9
2022-03-25 06:00:00,1046.0,10.9
2022-03-25 07:00:00,1246.0,11.0
2022-03-25 08:00:00,1478.0,11.1
2022-03-25 09:00:00,1577.0,11.1
2022-03-25 10:00:00,1635.0,11.2
2022-03-25 11:00:00,1669.0,11.2
2022-03-25 12:00:00,1532.0,11.4
2022-03-25 13:00:00,1540.0,11.3
2022-03-25 14:00:00,1588.0,11.3
2022-03-25 15:00:00,1593.0,11.5
2022-03-25 16:00:00,1586.0,11.7
2022-03-25 17:00:00,1634.0,11.7
2022-03-25 18:00:00,1514.0,11.7
2022-03-25 19:00:00,1605.0,11.6
2022-03-25 20:00:00,1644.0,11.5
2022-03-25 21:00:00,1554.0,11.5
2022-03-25 22:00:00,1370.0,11.4
2022-03-25 23:00:00,1221.0,11.6
2022-03-26 00:00:00,1129.0,11.6
2022-03-26 01:00:00,1037.0,11.8
2022-03-26 02:00:00,985.0,11.5
2022-03-26 03:00:00,958.0,11.4
2022-03-26 04:00:00,955.0,11.2
2022-03-26 05:00:00,946.0,11.3
2022-03-26 06:00:00,984.0,11.2
2022-03-26 07:00:00,1151.0,11.0
2022-03-26 08:00:00,1434.0,11.0
2022-03-26 09:00:00,1541.0,11.2
2022-03-26 10:00:00,1564.0,11.0
2022-03-26 11:00:00,1544.0,11.5
2022-03-26 12:00:00,1451.0,12.0
2022-03-26 13:00:00,1404.0,13.0
2022-03-26 14:00:00,1415.0,13.4
2022-03-26 15:00:00,1416.0,13.7
2022-03-26 16:00:00,1470.0,13.7
2022-03-26 17:00:00,1545.0,12.9
2022-03-26 18:00:00,1407.0,12.8
2022-03-26 19:00:00,1483.0,12.5
2022-03-26 20:00:00,1584.0,12.2
2022-03-26 21:00:00,1484.0,12.8
2022-03-26 22:00:00,1321.0,12.6
2022-03-26 23:00:00,1187.0,12.1
2022-03-27 00:00:00,1097.0,11.3
2022-03-27 01:00:00,1001.0,11.0
2022-03-27 02:00:00,956.0,11.1
2022-03-27 03:00:00,930.0,10.8
2022-03-27 04:00:00,916.0,11.1
2022-03-27 05:00:00,906.0,11.3
2022-03-27 06:00:00,953.0,10.5
2022-03-27 07:00:00,1145.0,10.3
2022-03-27 08:00:00,1362.0,10.8
2022-03-27 09:00:00,1436.0,12.2
2022-03-27 10:00:00,1448.0,12.9
2022-03-27 11:00:00,1443.0,13.9
2022-03-27 12:00:00,1327.0,14.4
2022-03-27 13:00:00,1300.0,15.9
2022-03-27 14:00:00,1310.0,16.4
2022-03-27 15:00:00,1293.0,16.6
2022-03-27 16:00:00,1355.0,16.7
2022-03-27 17:00:00,1435.0,16.1
2022-03-27 18:00:00,1344.0,15.8
2022-03-27 19:00:00,1437.0,15.6
2022-03-27 20:00:00,1561.0,15.5
2022-03-27 21:00:00,1429.0,15.0
2022-03-27 22:00:00,1246.0,14.3
2022-03-27 23:00:00,1118.0,13.7
2022-03-28 00:00:00,1048.0,13.8
2022-03-28 01:00:00,971.0,13.2
2022-03-28 02:00:00,922.0,12.4
2022-03-28 03:00:00,908.0,11.0
2022-03-28 04:00:00,886.0,10.5
2022-03-28 05:00:00,894.0,9.4
2022-03-28 06:00:00,997.0,8.8
2022-03-28 07:00:00,1296.0,9.2
2022-03-28 08:00:00,1418.0,9.3
2022-03-28 09:00:00,1449.0,12.8
2022-03-28 10:00:00,1428.0,15.0
2022-03-28 11:00:00,1423.0,18.7
2022-03-28 12:00:00,1265.0,20.6
2022-03-28 13:00:00,1254.0,21.3
2022-03-28 14:00:00,1258.0,21.4
2022-03-28 15:00:00,1265.0,22.0
2022-03-28 16:00:00,1304.0,21.7
2022-03-28 17:00:00,1384.0,20.1
2022-03-28 18:00:00,1313.0,18.6
2022-03-28 19:00:00,1390.0,16.7
2022-03-28 20:00:00,1520.0,16.5
2022-03-28 21:00:00,1423.0,15.7
2022-03-28 22:00:00,1245.0,14.8
2022-03-28 23:00:00,1124.0,14.0
2022-03-29 00:00:00,1063.0,13.6
2022-03-29 01:00:00,1007.0,13.0
2022-03-29 02:00:00,964.0,12.6
2022-03-29 03:00:00,943.0,12.1
2022-03-29 04:00:00,928.0,11.6
2022-03-29 05:00:00,942.0,11.5
2022-03-29 06:00:00,1039.0,11.2
2022-03-29 07:00:00,1304.0,11.5
2022-03-29 08:00:00,1393.0,13.9
2022-03-29 09:00:00,1434.0,17.0
2022-03-29 10:00:00,1395.0,19.5
2022-03-29 11:00:00,1366.0,19.8
2022-03-29 12:00:00,1214.0,21.3
2022-03-29 13:00:00,1206.0,22.6
2022-03-29 14:00:00,1221.0,22.8
2022-03-29 15:00:00,1251.0,23.5
2022-03-29 16:00:00,1311.0,23.3
2022-03-29 17:00:00,1376.0,22.0
2022-03-29 18:00:00,1310.0,20.6
2022-03-29 19:00:00,1379.0,19.4
2022-03-29 20:00:00,1473.0,19.1
2022-03-29 21:00:00,1350.0,18.8
2022-03-29 22:00:00,1188.0,18.7
2022-03-29 23:00:00,1084.0,17.8
2022-03-30 00:00:00,1044.0,17.4
2022-03-30 01:00:00,998.0,17.3
2022-03-30 02:00:00,949.0,17.0
2022-03-30 03:00:00,931.0,16.7
2022-03-30 04:00:00,913.0,16.6
2022-03-30 05:00:00,917.0,16.2
2022-03-30 06:00:00,1018.0,16.0
2022-03-30 07:00:00,1240.0,15.8
2022-03-30 08:00:00,1357.0,16.0
2022-03-30 09:00:00,1398.0,16.2
2022-03-30 10:00:00,1418.0,16.4
2022-03-30 11:00:00,1442.0,16.7
2022-03-30 12:00:00,1293.0,17.0
2022-03-30 13:00:00,1308.0,16.9
2022-03-30 14:00:00,1335.0,16.6
2022-03-30 15:00:00,1349.0,16.7
2022-03-30 16:00:00,1408.0,16.6
2022-03-30 17:00:00,1458.0,16.5
2022-03-30 18:00:00,1394.0,16.5
2022-03-30 19:00:00,1419.0,16.4
2022-03-30 20:00:00,1422.0,16.5
2022-03-30 21:00:00,1313.0,16.0
2022-03-30 22:00:00,1165.0,15.8
2022-03-30 23:00:00,1082.0,15.0
2022-03-31 00:00:00,1035.0,15.1
2022-03-31 01:00:00,988.0,15.1
2022-03-31 02:00:00,948.0,15.7
2022-03-31 03:00:00,920.0,15.4
2022-03-31 04:00:00,891.0,15.2
2022-03-31 05:00:00,890.0,14.9
2022-03-31 06:00:00,976.0,14.0
2022-03-31 07:00:00,1148.0,13.0
2022-03-31 08:00:00,1347.0,12.7
2022-03-31 09:00:00,1440.0,12.7
2022-03-31 10:00:00,1469.0,12.8
2022-03-31 11:00:00,1464.0,12.9
2022-03-31 12:00:00,1319.0,13.1
2022-03-31 13:00:00,1307.0,13.6
2022-03-31 14:00:00,1340.0,13.7
2022-03-31 15:00:00,1349.0,13.9
2022-03-31 16:00:00,1399.0,14.3
2022-03-31 17:00:00,1430.0,14.5
2022-03-31 18:00:00,1308.0,14.4
2022-03-31 19:00:00,1370.0,14.4
2022-03-31 20:00:00,1448.0,13.8
2022-03-31 21:00:00,1351.0,14.0
2022-03-31 22:00:00,1200.0,13.6
2022-03-31 23:00:00,1077.0,13.3
2022-04-01 00:00:00,1124.0,12.9
2022-04-01 01:00:00,1102.0,12.2
2022-04-01 02:00:00,1096.0,12.3
2022-04-01 03:00:00,1074.0,12.0
2022-04-01 04:00:00,1084.0,10.7
2022-04-01 05:00:00,1129.0,10.2
2022-04-01 06:00:00,1189.0,10.0
2022-04-01 07:00:00,1339.0,9.9
2022-04-01 08:00:00,1373.0,9.9
2022-04-01 09:00:00,1407.0,10.0
2022-04-01 10:00:00,1453.0,10.6
2022-04-01 11:00:00,1471.0,11.4
2022-04-01 12:00:00,1373.0,12.0
2022-04-01 13:00:00,1368.0,14.0
2022-04-01 14:00:00,1394.0,15.7
2022-04-01 15:00:00,1411.0,15.3
2022-04-01 16:00:00,1436.0,14.6
2022-04-01 17:00:00,1502.0,14.0
2022-04-01 18:00:00,1388.0,13.8
2022-04-01 19:00:00,1376.0,12.9
2022-04-01 20:00:00,1450.0,13.0
2022-04-01 21:00:00,1360.0,13.0
2022-04-01 22:00:00,1235.0,12.7
2022-04-01 23:00:00,1168.0,12.2
2022-04-02 00:00:00,1053.0,10.9
2022-04-02 01:00:00,979.0,10.6
2022-04-02 02:00:00,934.0,10.3
2022-04-02 03:00:00,919.0,9.7
2022-04-02 04:00:00,906.0,9.3
2022-04-02 05:00:00,916.0,9.1
2022-04-02 06:00:00,1006.0,8.8
2022-04-02 07:00:00,1263.0,9.2
2022-04-02 08:00:00,1371.0,9.9
2022-04-02 09:00:00,1400.0,11.5
2022-04-02 10:00:00,1374.0,14.0
2022-04-02 11:00:00,1361.0,16.4
2022-04-02 12:00:00,1215.0,18.8
2022-04-02 13:00:00,1192.0,19.9
2022-04-02 14:00:00,1208.0,21.4
2022-04-02 15:00:00,1223.0,22.2
2022-04-02 16:00:00,1261.0,22.0
2022-04-02 17:00:00,1349.0,21.7
2022-04-02 18:00:00,1268.0,19.5
2022-04-02 19:00:00,1341.0,16.5
2022-04-02 20:00:00,1482.0,15.9
2022-04-02 21:00:00,1398.0,15.3
2022-04-02 22:00:00,1261.0,15.0
2022-04-02 23:00:00,1115.0,15.0
2022-04-03 00:00:00,1038.0,14.7
2022-04-03 01:00:00,967.0,14.3
2022-04-03 02:00:00,927.0,12.4
2022-04-03 03:00:00,894.0,13.3
2022-04-03 04:00:00,872.0,12.2
2022-04-03 05:00:00,882.0,11.4
2022-04-03 06:00:00,981.0,10.9
2022-04-03 07:00:00,1216.0,11.3
2022-04-03 08:00:00,1236.0,13.3
2022-04-03 09:00:00,1224.0,13.2
2022-04-03 10:00:00,1251.0,17.3
2022-04-03 11:00:00,1246.0,19.9
2022-04-03 12:00:00,1157.0,22.4
2022-04-03 13:00:00,1113.0,23.1
2022-04-03 14:00:00,1116.0,23.4
2022-04-03 15:00:00,1102.0,24.4
2022-04-03 16:00:00,1134.0,24.2
2022-04-03 17:00:00,1190.0,23.6
2022-04-03 18:00:00,1159.0,21.1
2022-04-03 19:00:00,1262.0,17.9
2022-04-03 20:00:00,1371.0,18.0
2022-04-03 21:00:00,1290.0,17.6
2022-04-03 22:00:00,1139.0,17.0
2022-04-03 23:00:00,1008.0,16.2
2022-04-04 00:00:00,962.0,16.6
2022-04-04 01:00:00,923.0,16.8
2022-04-04 02:00:00,864.0,16.5
2022-04-04 03:00:00,842.0,15.8
2022-04-04 04:00:00,820.0,15.6
2022-04-04 05:00:00,829.0,15.8
2022-04-04 06:00:00,881.0,14.9
2022-04-04 07:00:00,1076.0,14.7
2022-04-04 08:00:00,1175.0,14.9
2022-04-04 09:00:00,1168.0,16.5
2022-04-04 10:00:00,1201.0,17.7
2022-04-04 11:00:00,1210.0,18.9
2022-04-04 12:00:00,1126.0,19.1
2022-04-04 13:00:00,1105.0,20.7
2022-04-04 14:00:00,1089.0,20.6
2022-04-04 15:00:00,1115.0,20.9
2022-04-04 16:00:00,1146.0,21.0
2022-04-04 17:00:00,1248.0,19.3
2022-04-04 18:00:00,1188.0,18.7
2022-04-04 19:00:00,1291.0,18.4
2022-04-04 20:00:00,1341.0,18.3
2022-04-04 21:00:00,1227.0,17.6
2022-04-04 22:00:00,1092.0,16.6
2022-04-04 23:00:00,975.0,16.3
2022-04-05 00:00:00,937.0,15.8
2022-04-05 01:00:00,886.0,15.3
2022-04-05 02:00:00,839.0,14.5
2022-04-05 03:00:00,828.0,13.0
2022-04-05 04:00:00,800.0,13.0
2022-04-05 05:00:00,817.0,12.8
2022-04-05 06:00:00,887.0,12.5
2022-04-05 07:00:00,1100.0,12.6
2022-04-05 08:00:00,1187.0,13.5
2022-04-05 09:00:00,1200.0,15.2
2022-04-05 10:00:00,1175.0,17.2
2022-04-05 11:00:00,1214.0,19.3
2022-04-05 12:00:00,1122.0,21.0
2022-04-05 13:00:00,1083.0,23.0
2022-04-05 14:00:00,1095.0,23.7
2022-04-05 15:00:00,1114.0,24.1
2022-04-05 16:00:00,1153.0,24.5
2022-04-05 17:00:00,1244.0,24.7
2022-04-05 18:00:00,1171.0,22.8
2022-04-05 19:00:00,1239.0,20.6
2022-04-05 20:00:00,1373.0,18.8
2022-04-05 21:00:00,1254.0,18.5
2022-04-05 22:00:00,1066.0,17.9
2022-04-05 23:00:00,959.0,17.4
2022-04-06 00:00:00,936.0,17.1
2022-04-06 01:00:00,875.0,17.0
2022-04-06 02:00:00,842.0,16.6
2022-04-06 03:00:00,834.0,17.0
2022-04-06 04:00:00,817.0,16.8
2022-04-06 05:00:00,843.0,15.6
2022-04-06 06:00:00,971.0,14.8
2022-04-06 07:00:00,1209.0,14.8
2022-04-06 08:00:00,1282.0,15.7
2022-04-06 09:00:00,1311.0,18.1
2022-04-06 10:00:00,1310.0,21.6
2022-04-06 11:00:00,1328.0,25.1
2022-04-06 12:00:00,1187.0,26.5
2022-04-06 13:00:00,1175.0,26.8
2022-04-06 14:00:00,1221.0,27.8
2022-04-06 15:00:00,1228.0,27.0
2022-04-06 16:00:00,1263.0,26.4
2022-04-06 17:00:00,1340.0,24.8
2022-04-06 18:00:00,1272.0,23.0
2022-04-06 19:00:00,1321.0,21.4
2022-04-06 20:00:00,1408.0,21.0
2022-04-06 21:00:00,1304.0,20.7
2022-04-06 22:00:00,1148.0,20.3
2022-04-06 23:00:00,1069.0,19.5
2022-04-07 00:00:00,1034.0,19.4
2022-04-07 01:00:00,986.0,20.8
2022-04-07 02:00:00,944.0,20.5
2022-04-07 03:00:00,917.0,18.0
2022-04-07 04:00:00,912.0,16.1
2022-04-07 05:00:00,929.0,16.0
2022-04-07 06:00:00,1046.0,16.1
2022-04-07 07:00:00,1273.0,14.7
2022-04-07 08:00:00,1324.0,16.6
2022-04-07 09:00:00,1340.0,19.1
2022-04-07 10:00:00,1334.0,21.9
2022-04-07 11:00:00,1345.0,24.8
2022-04-07 12:00:00,1224.0,27.1
2022-04-07 13:00:00,1203.0,28.7
2022-04-07 14:00:00,1229.0,29.0
2022-04-07 15:00:00,1231.0,29.4
2022-04-07 16:00:00,1273.0,30.0
2022-04-07 17:00:00,1343.0,28.8
2022-04-07 18:00:00,1268.0,26.8
2022-04-07 19:00:00,1314.0,23.5
2022-04-07 20:00:00,1430.0,22.5
2022-04-07 21:00:00,1328.0,21.2
2022-04-07 22:00:00,1172.0,20.6
2022-04-07 23:00:00,1084.0,20.8
2022-04-08 00:00:00,1045.0,22.9
2022-04-08 01:00:00,987.0,22.7
2022-04-08 02:00:00,969.0,21.7
2022-04-08 03:00:00,949.0,20.5
2022-04-08 04:00:00,931.0,18.8
2022-04-08 05:00:00,940.0,18.3
2022-04-08 06:00:00,1073.0,17.9
2022-04-08 07:00:00,1276.0,17.5
2022-04-08 08:00:00,1323.0,17.5
2022-04-08 09:00:00,1362.0,20.7
2022-04-08 10:00:00,1339.0,23.0
2022-04-08 11:00:00,1332.0,25.7
2022-04-08 12:00:00,1202.0,28.6
2022-04-08 13:00:00,1189.0,30.1
2022-04-08 14:00:00,1233.0,31.3
2022-04-08 15:00:00,1240.0,31.8
2022-04-08 16:00:00,1266.0,32.1
2022-04-08 17:00:00,1349.0,30.3
2022-04-08 18:00:00,1268.0,28.1
2022-04-08 19:00:00,1306.0,25.1
2022-04-08 20:00:00,1433.0,23.9
2022-04-08 21:00:00,1330.0,23.6
2022-04-08 22:00:00,1196.0,22.5
2022-04-08 23:00:00,1106.0,22.2
2022-04-09 00:00:00,1067.0,23.8
2022-04-09 01:00:00,1021.0,23.5
2022-04-09 02:00:00,980.0,22.5
2022-04-09 03:00:00,954.0,21.6
2022-04-09 04:00:00,914.0,21.4
2022-04-09 05:00:00,950.0,20.5
2022-04-09 06:00:00,1045.0,18.8
2022-04-09 07:00:00,1246.0,17.8
2022-04-09 08:00:00,1319.0,18.6
2022-04-09 09:00:00,1329.0,20.7
2022-04-09 10:00:00,1333.0,24.1
2022-04-09 11:00:00,1328.0,26.8
2022-04-09 12:00:00,1207.0,29.3
2022-04-09 13:00:00,1208.0,29.9
2022-04-09 14:00:00,1239.0,31.9
2022-04-09 15:00:00,1272.0,32.5
2022-04-09 16:00:00,1274.0,33.0
2022-04-09 17:00:00,1368.0,30.8
2022-04-09 18:00:00,1268.0,29.3
2022-04-09 19:00:00,1302.0,27.9
2022-04-09 20:00:00,1403.0,26.3
2022-04-09 21:00:00,1312.0,24.9
2022-04-09 22:00:00,1160.0,24.0
2022-04-09 23:00:00,1093.0,23.7
2022-04-10 00:00:00,1061.0,22.6
2022-04-10 01:00:00,1002.0,22.6
2022-04-10 02:00:00,964.0,20.8
2022-04-10 03:00:00,942.0,19.3
2022-04-10 04:00:00,940.0,18.9
2022-04-10 05:00:00,936.0,18.9
2022-04-10 06:00:00,1026.0,18.9
2022-04-10 07:00:00,1202.0,18.5
2022-04-10 08:00:00,1287.0,19.2
2022-04-10 09:00:00,1312.0,21.5
2022-04-10 10:00:00,1304.0,23.1
2022-04-10 11:00:00,1281.0,26.0
2022-04-10 12:00:00,1183.0,27.7
2022-04-10 13:00:00,1180.0,28.9
2022-04-10 14:00:00,1219.0,29.8
2022-04-10 15:00:00,1199.0,29.8
2022-04-10 16:00:00,1246.0,30.8
2022-04-10 17:00:00,1315.0,30.7
2022-04-10 18:00:00,1244.0,29.8
2022-04-10 19:00:00,1279.0,29.0
2022-04-10 20:00:00,1406.0,28.6
2022-04-10 21:00:00,1281.0,27.9
2022-04-10 22:00:00,1139.0,26.1
2022-04-10 23:00:00,1083.0,25.6
2022-04-11 00:00:00,1039.0,25.2
2022-04-11 01:00:00,999.0,24.7
2022-04-11 02:00:00,939.0,23.5
2022-04-11 03:00:00,920.0,22.0
2022-04-11 04:00:00,902.0,20.4
2022-04-11 05:00:00,929.0,20.6
2022-04-11 06:00:00,1055.0,20.5
2022-04-11 07:00:00,1236.0,19.8
2022-04-11 08:00:00,1311.0,21.0
2022-04-11 09:00:00,1367.0,23.2
2022-04-11 10:00:00,1390.0,25.9
2022-04-11 11:00:00,1360.0,27.8
2022-04-11 12:00:00,1243.0,29.6
2022-04-11 13:00:00,1256.0,30.9
2022-04-11 14:00:00,1287.0,31.8
2022-04-11 15:00:00,1323.0,32.8
2022-04-11 16:00:00,1358.0,32.2
2022-04-11 17:00:00,1406.0,31.9
2022-04-11 18:00:00,1330.0,30.1
2022-04-11 19:00:00,1359.0,27.2
2022-04-11 20:00:00,1453.0,26.1
2022-04-11 21:00:00,1359.0,25.2
2022-04-11 22:00:00,1210.0,24.5
2022-04-11 23:00:00,1147.0,23.7
2022-04-12 00:00:00,1128.0,23.9
2022-04-12 01:00:00,1083.0,23.1
2022-04-12 02:00:00,1040.0,23.9
2022-04-12 03:00:00,1004.0,23.6
2022-04-12 04:00:00,1003.0,23.3
2022-04-12 05:00:00,1015.0,22.7
2022-04-12 06:00:00,1129.0,21.7
2022-04-12 07:00:00,1308.0,22.3
2022-04-12 08:00:00,1367.0,25.1
2022-04-12 09:00:00,1360.0,24.5
2022-04-12 10:00:00,1400.0,25.5
2022-04-12 11:00:00,1400.0,26.6
2022-04-12 12:00:00,1274.0,23.9
2022-04-12 13:00:00,1296.0,22.0
2022-04-12 14:00:00,1307.0,19.8
2022-04-12 15:00:00,1301.0,16.0
2022-04-12 16:00:00,1329.0,14.7
2022-04-12 17:00:00,1402.0,15.0
2022-04-12 18:00:00,1331.0,14.5
2022-04-12 19:00:00,1321.0,14.1
2022-04-12 20:00:00,1313.0,14.3
2022-04-12 21:00:00,1263.0,14.4
2022-04-12 22:00:00,1114.0,14.3
2022-04-12 23:00:00,1073.0,13.9
2022-04-13 00:00:00,1068.0,13.8
2022-04-13 01:00:00,1051.0,13.6
2022-04-13 02:00:00,1011.0,13.5
2022-04-13 03:00:00,980.0,13.5
2022-04-13 04:00:00,972.0,13.4
2022-04-13 05:00:00,987.0,13.3
2022-04-13 06:00:00,1075.0,13.3
2022-04-13 07:00:00,1252.0,13.4
2022-04-13 08:00:00,1334.0,14.0
2022-04-13 09:00:00,1354.0,14.6
2022-04-13 10:00:00,1342.0,15.5
2022-04-13 11:00:00,1324.0,17.5
2022-04-13 12:00:00,1160.0,19.8
2022-04-13 13:00:00,1132.0,20.4
2022-04-13 14:00:00,1195.0,21.5
2022-04-13 15:00:00,1200.0,19.8
2022-04-13 16:00:00,1227.0,19.7
2022-04-13 17:00:00,1326.0,18.9
2022-04-13 18:00:00,1244.0,18.5
2022-04-13 19:00:00,1249.0,18.0
2022-04-13 20:00:00,1358.0,17.4
2022-04-13 21:00:00,1259.0,17.1
2022-04-13 22:00:00,1129.0,17.3
2022-04-13 23:00:00,1060.0,17.4
2022-04-14 00:00:00,1034.0,17.4
2022-04-14 01:00:00,1001.0,17.3
2022-04-14 02:00:00,965.0,16.5
2022-04-14 03:00:00,952.0,16.0
2022-04-14 04:00:00,941.0,15.6
2022-04-14 05:00:00,935.0,15.3
2022-04-14 06:00:00,1060.0,14.2
2022-04-14 07:00:00,1233.0,14.2
2022-04-14 08:00:00,1299.0,14.4
2022-04-14 09:00:00,1353.0,14.7
2022-04-14 10:00:00,1374.0,13.9
2022-04-14 11:00:00,1326.0,14.7
2022-04-14 12:00:00,1225.0,15.5
2022-04-14 13:00:00,1192.0,16.0
2022-04-14 14:00:00,1243.0,14.3
2022-04-14 15:00:00,1281.0,12.9
2022-04-14 16:00:00,1347.0,11.1
2022-04-14 17:00:00,1422.0,10.7
2022-04-14 18:00:00,1309.0,10.1
2022-04-14 19:00:00,1325.0,9.4
2022-04-14 20:00:00,1288.0,9.6
2022-04-14 21:00:00,1224.0,9.9
2022-04-14 22:00:00,1066.0,9.7
2022-04-14 23:00:00,1012.0,9.6
2022-04-15 00:00:00,1000.0,9.4
2022-04-15 01:00:00,960.0,9.4
2022-04-15 02:00:00,938.0,9.5
2022-04-15 03:00:00,915.0,9.6
2022-04-15 04:00:00,892.0,9.7
2022-04-15 05:00:00,911.0,9.8
2022-04-15 06:00:00,990.0,10.0
2022-04-15 07:00:00,1159.0,9.9
2022-04-15 08:00:00,1334.0,10.0
2022-04-15 09:00:00,1384.0,10.1
2022-04-15 10:00:00,1392.0,10.0
2022-04-15 11:00:00,1384.0,10.2
2022-04-15 12:00:00,1269.0,10.3
2022-04-15 13:00:00,1264.0,10.3
2022-04-15 14:00:00,1297.0,10.4
2022-04-15 15:00:00,1313.0,10.4
2022-04-15 16:00:00,1376.0,10.8
2022-04-15 17:00:00,1446.0,10.7
2022-04-15 18:00:00,1364.0,10.9
2022-04-15 19:00:00,1393.0,11.0
2022-04-15 20:00:00,1383.0,11.0
2022-04-15 21:00:00,1285.0,11.1
2022-04-15 22:00:00,1156.0,11.0
2022-04-15 23:00:00,1064.0,10.9
2022-04-16 00:00:00,1007.0,10.7
2022-04-16 01:00:00,956.0,10.6
2022-04-16 02:00:00,930.0,9.6
2022-04-16 03:00:00,886.0,9.1
2022-04-16 04:00:00,887.0,8.9
2022-04-16 05:00:00,902.0,9.0
2022-04-16 06:00:00,933.0,9.0
2022-04-16 07:00:00,1104.0,8.8
2022-04-16 08:00:00,1320.0,9.0
2022-04-16 09:00:00,1422.0,9.1
2022-04-16 10:00:00,1420.0,9.3
2022-04-16 11:00:00,1420.0,9.5
2022-04-16 12:00:00,1321.0,9.7
2022-04-16 13:00:00,1277.0,10.3
2022-04-16 14:00:00,1300.0,10.9
2022-04-16 15:00:00,1299.0,11.7
2022-04-16 16:00:00,1319.0,11.6
2022-04-16 17:00:00,1385.0,11.8
2022-04-16 18:00:00,1302.0,11.5
2022-04-16 19:00:00,1315.0,11.1
2022-04-16 20:00:00,1424.0,11.1
2022-04-16 21:00:00,1356.0,10.8
2022-04-16 22:00:00,1209.0,10.7
2022-04-16 23:00:00,1057.0,10.7
2022-04-17 00:00:00,1017.0,10.5
2022-04-17 01:00:00,942.0,10.4
2022-04-17 02:00:00,894.0,10.4
2022-04-17 03:00:00,868.0,10.2
2022-04-17 04:00:00,865.0,10.0
2022-04-17 05:00:00,861.0,9.9
2022-04-17 06:00:00,921.0,10.1
2022-04-17 07:00:00,1079.0,10.1
2022-04-17 08:00:00,1243.0,9.7
2022-04-17 09:00:00,1327.0,10.2
2022-04-17 10:00:00,1378.0,10.0
2022-04-17 11:00:00,1374.0,11.0
2022-04-17 12:00:00,1267.0,12.0
2022-04-17 13:00:00,1200.0,11.6
2022-04-17 14:00:00,1221.0,12.3
2022-04-17 15:00:00,1227.0,12.2
2022-04-17 16:00:00,1275.0,12.8
2022-04-17 17:00:00,1355.0,12.5
2022-04-17 18:00:00,1269.0,12.4
2022-04-17 19:00:00,1297.0,12.2
2022-04-17 20:00:00,1440.0,12.0
2022-04-17 21:00:00,1327.0,11.8
2022-04-17 22:00:00,1179.0,11.4
2022-04-17 23:00:00,1035.0,11.6
2022-04-18 00:00:00,996.0,11.3
2022-04-18 01:00:00,954.0,11.0
2022-04-18 02:00:00,909.0,11.0
2022-04-18 03:00:00,899.0,10.7
2022-04-18 04:00:00,889.0,10.6
2022-04-18 05:00:00,899.0,10.5
2022-04-18 06:00:00,1021.0,10.4
2022-04-18 07:00:00,1224.0,10.6
2022-04-18 08:00:00,1295.0,11.8
2022-04-18 09:00:00,1317.0,14.0
2022-04-18 10:00:00,1329.0,17.1
2022-04-18 11:00:00,1329.0,18.5
2022-04-18 12:00:00,1200.0,20.1
2022-04-18 13:00:00,1181.0,20.3
2022-04-18 14:00:00,1218.0,21.0
2022-04-18 15:00:00,1241.0,21.7
2022-04-18 16:00:00,1270.0,22.8
2022-04-18 17:00:00,1374.0,22.5
2022-04-18 18:00:00,1244.0,20.8
2022-04-18 19:00:00,1282.0,17.5
2022-04-18 20:00:00,1427.0,16.5
2022-04-18 21:00:00,1349.0,15.9
2022-04-18 22:00:00,1168.0,15.3
2022-04-18 23:00:00,1044.0,15.7
2022-04-19 00:00:00,1021.0,15.8
2022-04-19 01:00:00,995.0,15.8
2022-04-19 02:00:00,935.0,16.8
2022-04-19 03:00:00,919.0,14.9
2022-04-19 04:00:00,928.0,15.1
2022-04-19 05:00:00,934.0,15.3
2022-04-19 06:00:00,1056.0,15.4
2022-04-19 07:00:00,1253.0,14.0
2022-04-19 08:00:00,1287.0,14.7
2022-04-19 09:00:00,1347.0,15.9
2022-04-19 10:00:00,1347.0,17.5
2022-04-19 11:00:00,1314.0,20.6
2022-04-19 12:00:00,1208.0,21.9
2022-04-19 13:00:00,1180.0,24.1
2022-04-19 14:00:00,1210.0,24.5
2022-04-19 15:00:00,1213.0,24.3
2022-04-19 16:00:00,1279.0,24.9
2022-04-19 17:00:00,1330.0,24.4
2022-04-19 18:00:00,1240.0,22.3
2022-04-19 19:00:00,1276.0,19.3
2022-04-19 20:00:00,1451.0,18.1
2022-04-19 21:00:00,1353.0,18.0
2022-04-19 22:00:00,1186.0,17.5
2022-04-19 23:00:00,1083.0,17.4
2022-04-20 00:00:00,1053.0,18.1
2022-04-20 01:00:00,1001.0,17.1
2022-04-20 02:00:00,963.0,17.0
2022-04-20 03:00:00,953.0,15.9
2022-04-20 04:00:00,927.0,14.8
2022-04-20 05:00:00,957.0,13.6
2022-04-20 06:00:00,1113.0,13.3
2022-04-20 07:00:00,1277.0,14.5
2022-04-20 08:00:00,1315.0,14.8
2022-04-20 09:00:00,1361.0,16.1
2022-04-20 10:00:00,1385.0,16.5
2022-04-20 11:00:00,1367.0,16.8
2022-04-20 12:00:00,1218.0,17.5
2022-04-20 13:00:00,1211.0,18.8
2022-04-20 14:00:00,1228.0,20.8
2022-04-20 15:00:00,1198.0,22.4
2022-04-20 16:00:00,1253.0,23.5
2022-04-20 17:00:00,1306.0,23.8
2022-04-20 18:00:00,1270.0,19.3
2022-04-20 19:00:00,1302.0,16.7
2022-04-20 20:00:00,1413.0,16.0
2022-04-20 21:00:00,1306.0,15.3
2022-04-20 22:00:00,1150.0,15.0
2022-04-20 23:00:00,1073.0,15.8
2022-04-21 00:00:00,1060.0,15.9
2022-04-21 01:00:00,1013.0,14.9
2022-04-21 02:00:00,975.0,14.4
2022-04-21 03:00:00,944.0,14.2
2022-04-21 04:00:00,932.0,13.6
2022-04-21 05:00:00,966.0,13.7
2022-04-21 06:00:00,1107.0,13.1
2022-04-21 07:00:00,1276.0,14.5
2022-04-21 08:00:00,1323.0,15.9
2022-04-21 09:00:00,1327.0,18.9
2022-04-21 10:00:00,1347.0,21.6
2022-04-21 11:00:00,1330.0,24.3
2022-04-21 12:00:00,1184.0,26.1
2022-04-21 13:00:00,1182.0,27.1
2022-04-21 14:00:00,1208.0,28.5
2022-04-21 15:00:00,1240.0,29.2
2022-04-21 16:00:00,1281.0,29.5
2022-04-21 17:00:00,1328.0,29.4
2022-04-21 18:00:00,1269.0,26.3
2022-04-21 19:00:00,1286.0,25.0
2022-04-21 20:00:00,1417.0,24.7
2022-04-21 21:00:00,1313.0,23.7
2022-04-21 22:00:00,1156.0,22.6
2022-04-21 23:00:00,1079.0,22.7
2022-04-22 00:00:00,1065.0,22.9
2022-04-22 01:00:00,1008.0,22.7
2022-04-22 02:00:00,989.0,22.3
2022-04-22 03:00:00,973.0,20.2
2022-04-22 04:00:00,942.0,19.6
2022-04-22 05:00:00,976.0,18.9
2022-04-22 06:00:00,1110.0,19.7
2022-04-22 07:00:00,1226.0,19.2
2022-04-22 08:00:00,1295.0,20.4
2022-04-22 09:00:00,1332.0,21.4
2022-04-22 10:00:00,1349.0,20.7
2022-04-22 11:00:00,1357.0,21.0
2022-04-22 12:00:00,1219.0,21.0
2022-04-22 13:00:00,1160.0,23.6
2022-04-22 14:00:00,1177.0,23.9
2022-04-22 15:00:00,1242.0,25.5
2022-04-22 16:00:00,1273.0,26.2
2022-04-22 17:00:00,1346.0,24.0
2022-04-22 18:00:00,1277.0,22.8
2022-04-22 19:00:00,1304.0,22.1
2022-04-22 20:00:00,1391.0,21.4
2022-04-22 21:00:00,1292.0,21.2
2022-04-22 22:00:00,1156.0,21.2
2022-04-22 23:00:00,1087.0,21.1
2022-04-23 00:00:00,1072.0,20.2
2022-04-23 01:00:00,1022.0,19.8
2022-04-23 02:00:00,992.0,20.0
2022-04-23 03:00:00,975.0,19.8
2022-04-23 04:00:00,952.0,19.8
2022-04-23 05:00:00,979.0,19.7
2022-04-23 06:00:00,1064.0,19.4
2022-04-23 07:00:00,1205.0,19.7
2022-04-23 08:00:00,1299.0,20.2
2022-04-23 09:00:00,1331.0,21.3
2022-04-23 10:00:00,1331.0,22.4
2022-04-23 11:00:00,1319.0,23.5
2022-04-23 12:00:00,1204.0,24.5
2022-04-23 13:00:00,1197.0,26.1
2022-04-23 14:00:00,1227.0,25.8
2022-04-23 15:00:00,1251.0,26.3
2022-04-23 16:00:00,1280.0,27.1
2022-04-23 17:00:00,1356.0,27.6
2022-04-23 18:00:00,1252.0,25.8
2022-04-23 19:00:00,1264.0,23.9
2022-04-23 20:00:00,1411.0,22.0
2022-04-23 21:00:00,1301.0,21.5
2022-04-23 22:00:00,1148.0,21.3
2022-04-23 23:00:00,1061.0,21.2
2022-04-24 00:00:00,1057.0,21.2
2022-04-24 01:00:00,991.0,21.0
2022-04-24 02:00:00,968.0,20.9
2022-04-24 03:00:00,951.0,20.6
2022-04-24 04:00:00,931.0,20.5
2022-04-24 05:00:00,959.0,20.1
2022-04-24 06:00:00,1090.0,19.8
2022-04-24 07:00:00,1232.0,19.9
2022-04-24 08:00:00,1270.0,22.5
2022-04-24 09:00:00,1303.0,25.2
2022-04-24 10:00:00,1359.0,26.4
2022-04-24 11:00:00,1312.0,28.0
2022-04-24 12:00:00,1186.0,28.3
2022-04-24 13:00:00,1197.0,30.2
2022-04-24 14:00:00,1221.0,30.3
2022-04-24 15:00:00,1242.0,26.8
2022-04-24 16:00:00,1304.0,24.3
2022-04-24 17:00:00,1330.0,25.7
2022-04-24 18:00:00,1249.0,26.8
2022-04-24 19:00:00,1279.0,25.6
2022-04-24 20:00:00,1418.0,25.4
2022-04-24 21:00:00,1303.0,24.9
2022-04-24 22:00:00,1151.0,24.5
2022-04-24 23:00:00,1055.0,23.2
2022-04-25 00:00:00,1050.0,23.9
2022-04-25 01:00:00,1014.0,22.4
2022-04-25 02:00:00,961.0,22.3
2022-04-25 03:00:00,966.0,22.8
2022-04-25 04:00:00,951.0,22.3
2022-04-25 05:00:00,948.0,22.1
2022-04-25 06:00:00,1053.0,21.6
2022-04-25 07:00:00,1226.0,21.2
2022-04-25 08:00:00,1325.0,21.2
2022-04-25 09:00:00,1392.0,21.8
2022-04-25 10:00:00,1396.0,22.2
2022-04-25 11:00:00,1363.0,22.8
2022-04-25 12:00:00,1231.0,23.0
2022-04-25 13:00:00,1225.0,25.3
2022-04-25 14:00:00,1270.0,27.7
2022-04-25 15:00:00,1291.0,26.1
2022-04-25 16:00:00,1322.0,25.1
2022-04-25 17:00:00,1390.0,25.0
2022-04-25 18:00:00,1295.0,24.3
2022-04-25 19:00:00,1315.0,23.8
2022-04-25 20:00:00,1431.0,23.7
2022-04-25 21:00:00,1338.0,23.3
2022-04-25 22:00:00,1176.0,22.6
2022-04-25 23:00:00,1099.0,21.9
2022-04-26 00:00:00,1086.0,21.3
2022-04-26 01:00:00,1043.0,21.1
2022-04-26 02:00:00,998.0,21.1
2022-04-26 03:00:00,991.0,21.1
2022-04-26 04:00:00,948.0,20.9
2022-04-26 05:00:00,971.0,20.6
2022-04-26 06:00:00,1121.0,20.5
2022-04-26 07:00:00,1266.0,20.9
2022-04-26 08:00:00,1337.0,22.1
2022-04-26 09:00:00,1392.0,23.3
2022-04-26 10:00:00,1401.0,25.0
2022-04-26 11:00:00,1387.0,27.7
2022-04-26 12:00:00,1269.0,28.3
2022-04-26 13:00:00,1253.0,27.9
2022-04-26 14:00:00,1285.0,26.9
2022-04-26 15:00:00,1312.0,27.8
2022-04-26 16:00:00,1352.0,27.0
2022-04-26 17:00:00,1389.0,25.6
2022-04-26 18:00:00,1300.0,24.5
2022-04-26 19:00:00,1298.0,23.2
2022-04-26 20:00:00,1441.0,23.2
2022-04-26 21:00:00,1339.0,22.9
2022-04-26 22:00:00,1195.0,23.9
2022-04-26 23:00:00,1109.0,23.8
2022-04-27 00:00:00,1096.0,22.5
2022-04-27 01:00:00,1046.0,22.8
2022-04-27 02:00:00,1018.0,21.8
2022-04-27 03:00:00,999.0,20.9
2022-04-27 04:00:00,966.0,20.6
2022-04-27 05:00:00,992.0,20.7
2022-04-27 06:00:00,1144.0,21.3
2022-04-27 07:00:00,1278.0,21.1
2022-04-27 08:00:00,1330.0,21.6
2022-04-27 09:00:00,1367.0,23.5
2022-04-27 10:00:00,1394.0,25.5
2022-04-27 11:00:00,1399.0,26.3
2022-04-27 12:00:00,1266.0,26.1
2022-04-27 13:00:00,1280.0,26.3
2022-04-27 14:00:00,1289.0,27.2
2022-04-27 15:00:00,1315.0,25.3
2022-04-27 16:00:00,1340.0,25.3
2022-04-27 17:00:00,1402.0,25.3
2022-04-27 18:00:00,1328.0,24.4
2022-04-27 19:00:00,1339.0,23.3
2022-04-27 20:00:00,1431.0,23.7
2022-04-27 21:00:00,1328.0,23.7
2022-04-27 22:00:00,1175.0,23.5
2022-04-27 23:00:00,1102.0,22.7
2022-04-28 00:00:00,1082.0,22.3
2022-04-28 01:00:00,1037.0,22.2
2022-04-28 02:00:00,1001.0,21.9
2022-04-28 03:00:00,976.0,21.7
2022-04-28 04:00:00,973.0,21.4
2022-04-28 05:00:00,984.0,21.8
2022-04-28 06:00:00,1105.0,21.6
2022-04-28 07:00:00,1249.0,21.4
2022-04-28 08:00:00,1348.0,21.5
2022-04-28 09:00:00,1404.0,21.4
2022-04-28 10:00:00,1397.0,20.8
2022-04-28 11:00:00,1380.0,19.9
2022-04-28 12:00:00,1227.0,17.7
2022-04-28 13:00:00,1193.0,14.3
2022-04-28 14:00:00,1217.0,13.6
2022-04-28 15:00:00,1221.0,13.7
2022-04-28 16:00:00,1296.0,14.0
2022-04-28 17:00:00,1376.0,13.8
2022-04-28 18:00:00,1295.0,13.8
2022-04-28 19:00:00,1314.0,13.6
2022-04-28 20:00:00,1338.0,13.3
2022-04-28 21:00:00,1235.0,12.9
2022-04-28 22:00:00,1135.0,11.7
2022-04-28 23:00:00,1059.0,11.4
2022-04-29 00:00:00,1054.0,11.0
2022-04-29 01:00:00,998.0,10.6
2022-04-29 02:00:00,966.0,9.7
2022-04-29 03:00:00,968.0,9.8
2022-04-29 04:00:00,941.0,9.6
2022-04-29 05:00:00,965.0,9.3
2022-04-29 06:00:00,1123.0,9.6
2022-04-29 07:00:00,1263.0,10.2
2022-04-29 08:00:00,1317.0,11.5
2022-04-29 09:00:00,1361.0,13.1
2022-04-29 10:00:00,1335.0,15.1
2022-04-29 11:00:00,1312.0,15.0
2022-04-29 12:00:00,1202.0,16.0
2022-04-29 13:00:00,1164.0,16.1
2022-04-29 14:00:00,1181.0,17.4
2022-04-29 15:00:00,1177.0,17.5
2022-04-29 16:00:00,1236.0,17.2
2022-04-29 17:00:00,1301.0,16.4
2022-04-29 18:00:00,1250.0,15.2
2022-04-29 19:00:00,1324.0,14.7
2022-04-29 20:00:00,1398.0,14.2
2022-04-29 21:00:00,1311.0,13.3
2022-04-29 22:00:00,1180.0,12.6
2022-04-29 23:00:00,1059.0,12.7
2022-04-30 00:00:00,1042.0,12.3
2022-04-30 01:00:00,987.0,12.5
2022-04-30 02:00:00,955.0,12.5
2022-04-30 03:00:00,933.0,12.9
2022-04-30 04:00:00,918.0,12.5
2022-04-30 05:00:00,922.0,13.0
2022-04-30 06:00:00,985.0,13.0
2022-04-30 07:00:00,1120.0,12.9
2022-04-30 08:00:00,1261.0,12.6
2022-04-30 09:00:00,1308.0,12.7
2022-04-30 10:00:00,1324.0,12.8
2022-04-30 11:00:00,1304.0,13.2
2022-04-30 12:00:00,1204.0,13.6
2022-04-30 13:00:00,1182.0,13.8
2022-04-30 14:00:00,1176.0,14.2
2022-04-30 15:00:00,1183.0,14.3
2022-04-30 16:00:00,1200.0,14.9
2022-04-30 17:00:00,1266.0,14.7
2022-04-30 18:00:00,1173.0,14.7
2022-04-30 19:00:00,1185.0,14.8
2022-04-30 20:00:00,1305.0,14.8
2022-04-30 21:00:00,1244.0,14.9
2022-04-30 22:00:00,1113.0,14.6
2022-04-30 23:00:00,998.0,14.1
2022-05-01 00:00:00,995.0,14.0
2022-05-01 01:00:00,931.0,14.1
2022-05-01 02:00:00,879.0,13.5
2022-05-01 03:00:00,871.0,14.1
2022-05-01 04:00:00,867.0,13.2
2022-05-01 05:00:00,870.0,13.4
2022-05-01 06:00:00,934.0,13.3
2022-05-01 07:00:00,1072.0,13.4
2022-05-01 08:00:00,1113.0,13.6
2022-05-01 09:00:00,1199.0,14.8
2022-05-01 10:00:00,1219.0,15.9
2022-05-01 11:00:00,1213.0,17.0
2022-05-01 12:00:00,1140.0,18.2
2022-05-01 13:00:00,1099.0,18.6
2022-05-01 14:00:00,1103.0,18.5
2022-05-01 15:00:00,1103.0,19.3
2022-05-01 16:00:00,1149.0,18.5
2022-05-01 17:00:00,1248.0,18.1
2022-05-01 18:00:00,1208.0,17.8
2022-05-01 19:00:00,1224.0,17.0
2022-05-01 20:00:00,1419.0,16.4
2022-05-01 21:00:00,1349.0,15.6
2022-05-01 22:00:00,1120.0,14.9
2022-05-01 23:00:00,1004.0,15.0
2022-05-02 00:00:00,949.0,14.3
2022-05-02 01:00:00,884.0,13.5
2022-05-02 02:00:00,839.0,13.4
2022-05-02 03:00:00,826.0,12.7
2022-05-02 04:00:00,809.0,12.4
2022-05-02 05:00:00,820.0,12.3
2022-05-02 06:00:00,956.0,12.1
2022-05-02 07:00:00,1103.0,12.8
2022-05-02 08:00:00,1148.0,14.4
2022-05-02 09:00:00,1166.0,16.6
2022-05-02 10:00:00,1184.0,18.9
2022-05-02 11:00:00,1189.0,21.5
2022-05-02 12:00:00,1149.0,22.9
2022-05-02 13:00:00,1098.0,24.7
2022-05-02 14:00:00,1119.0,24.9
2022-05-02 15:00:00,1111.0,26.4
2022-05-02 16:00:00,1137.0,26.8
2022-05-02 17:00:00,1215.0,25.9
2022-05-02 18:00:00,1176.0,24.1
2022-05-02 19:00:00,1209.0,21.5
2022-05-02 20:00:00,1383.0,19.9
2022-05-02 21:00:00,1276.0,19.1
2022-05-02 22:00:00,1129.0,18.8
2022-05-02 23:00:00,998.0,18.2
2022-05-03 00:00:00,984.0,17.7
2022-05-03 01:00:00,941.0,18.1
2022-05-03 02:00:00,883.0,17.8
2022-05-03 03:00:00,867.0,17.0
2022-05-03 04:00:00,841.0,16.3
2022-05-03 05:00:00,871.0,14.0
2022-05-03 06:00:00,1021.0,13.1
2022-05-03 07:00:00,1169.0,13.5
2022-05-03 08:00:00,1196.0,15.1
2022-05-03 09:00:00,1219.0,18.5
2022-05-03 10:00:00,1200.0,21.4
2022-05-03 11:00:00,1210.0,24.3
2022-05-03 12:00:00,1128.0,26.0
2022-05-03 13:00:00,1111.0,26.8
2022-05-03 14:00:00,1119.0,27.3
2022-05-03 15:00:00,1123.0,27.5
2022-05-03 16:00:00,1176.0,27.7
2022-05-03 17:00:00,1266.0,27.7
2022-05-03 18:00:00,1207.0,26.0
2022-05-03 19:00:00,1205.0,22.7
2022-05-03 20:00:00,1389.0,21.0
2022-05-03 21:00:00,1314.0,20.5
2022-05-03 22:00:00,1165.0,20.1
2022-05-03 23:00:00,1067.0,19.8
2022-05-04 00:00:00,1030.0,19.8
2022-05-04 01:00:00,972.0,19.1
2022-05-04 02:00:00,938.0,19.7
2022-05-04 03:00:00,907.0,18.4
2022-05-04 04:00:00,886.0,17.2
2022-05-04 05:00:00,898.0,17.0
2022-05-04 06:00:00,1067.0,16.4
2022-05-04 07:00:00,1181.0,16.0
2022-05-04 08:00:00,1272.0,16.9
2022-05-04 09:00:00,1290.0,19.2
2022-05-04 10:00:00,1299.0,21.6
2022-05-04 11:00:00,1308.0,24.5
2022-05-04 12:00:00,1195.0,26.6
2022-05-04 13:00:00,1175.0,27.2
2022-05-04 14:00:00,1196.0,28.7
2022-05-04 15:00:00,1220.0,30.0
2022-05-04 16:00:00,1235.0,29.0
2022-05-04 17:00:00,1313.0,29.1
2022-05-04 18:00:00,1232.0,27.9
2022-05-04 19:00:00,1225.0,24.2
2022-05-04 20:00:00,1415.0,22.5
2022-05-04 21:00:00,1319.0,21.8
2022-05-04 22:00:00,1153.0,22.0
2022-05-04 23:00:00,1046.0,22.1
2022-05-05 00:00:00,1044.0,22.8
2022-05-05 01:00:00,991.0,22.7
2022-05-05 02:00:00,971.0,21.4
2022-05-05 03:00:00,948.0,19.9
2022-05-05 04:00:00,915.0,18.5
2022-05-05 05:00:00,947.0,17.1
2022-05-05 06:00:00,1134.0,18.7
2022-05-05 07:00:00,1240.0,18.7
2022-05-05 08:00:00,1305.0,20.1
2022-05-05 09:00:00,1339.0,22.2
2022-05-05 10:00:00,1339.0,24.4
2022-05-05 11:00:00,1340.0,27.1
2022-05-05 12:00:00,1223.0,28.8
2022-05-05 13:00:00,1209.0,30.2
2022-05-05 14:00:00,1251.0,31.1
2022-05-05 15:00:00,1274.0,32.2
2022-05-05 16:00:00,1292.0,31.6
2022-05-05 17:00:00,1373.0,31.4
2022-05-05 18:00:00,1270.0,29.6
2022-05-05 19:00:00,1264.0,26.7
2022-05-05 20:00:00,1430.0,24.4
2022-05-05 21:00:00,1328.0,24.4
2022-05-05 22:00:00,1185.0,23.5
2022-05-05 23:00:00,1090.0,22.7
2022-05-06 00:00:00,1081.0,23.2
2022-05-06 01:00:00,1024.0,23.8
2022-05-06 02:00:00,1003.0,24.1
2022-05-06 03:00:00,970.0,21.6
2022-05-06 04:00:00,944.0,19.1
2022-05-06 05:00:00,975.0,19.2
2022-05-06 06:00:00,1163.0,18.8
2022-05-06 07:00:00,1257.0,19.4
2022-05-06 08:00:00,1294.0,20.2
2022-05-06 09:00:00,1360.0,23.8
2022-05-06 10:00:00,1387.0,26.6
2022-05-06 11:00:00,1375.0,28.7
2022-05-06 12:00:00,1271.0,29.3
2022-05-06 13:00:00,1276.0,31.0
2022-05-06 14:00:00,1307.0,32.5
2022-05-06 15:00:00,1338.0,32.3
2022-05-06 16:00:00,1378.0,32.4
2022-05-06 17:00:00,1433.0,32.2
2022-05-06 18:00:00,1315.0,29.8
2022-05-06 19:00:00,1293.0,27.6
2022-05-06 20:00:00,1455.0,26.1
2022-05-06 21:00:00,1353.0,26.0
2022-05-06 22:00:00,1207.0,26.7
2022-05-06 23:00:00,1122.0,27.4
2022-05-07 00:00:00,1103.0,25.4
2022-05-07 01:00:00,1075.0,24.5
2022-05-07 02:00:00,1016.0,24.0
2022-05-07 03:00:00,1006.0,23.5
2022-05-07 04:00:00,998.0,22.9
2022-05-07 05:00:00,1023.0,23.2
2022-05-07 06:00:00,1156.0,22.9
2022-05-07 07:00:00,1226.0,21.1
2022-05-07 08:00:00,1311.0,21.5
2022-05-07 09:00:00,1366.0,22.2
2022-05-07 10:00:00,1389.0,22.6
2022-05-07 11:00:00,1390.0,23.2
2022-05-07 12:00:00,1273.0,24.6
2022-05-07 13:00:00,1272.0,25.9
2022-05-07 14:00:00,1311.0,25.9
2022-05-07 15:00:00,1342.0,26.3
2022-05-07 16:00:00,1348.0,25.4
2022-05-07 17:00:00,1405.0,24.5
2022-05-07 18:00:00,1280.0,23.9
2022-05-07 19:00:00,1289.0,23.6
2022-05-07 20:00:00,1384.0,23.3
2022-05-07 21:00:00,1317.0,22.9
2022-05-07 22:00:00,1206.0,23.2
2022-05-07 23:00:00,1117.0,23.7
2022-05-08 00:00:00,1091.0,21.2
2022-05-08 01:00:00,1058.0,20.8
2022-05-08 02:00:00,1014.0,20.5
2022-05-08 03:00:00,1007.0,20.6
2022-05-08 04:00:00,971.0,20.6
2022-05-08 05:00:00,1007.0,20.5
2022-05-08 06:00:00,1120.0,20.2
2022-05-08 07:00:00,1212.0,20.5
2022-05-08 08:00:00,1303.0,20.2
2022-05-08 09:00:00,1333.0,20.3
2022-05-08 10:00:00,1332.0,20.5
2022-05-08 11:00:00,1323.0,21.0
2022-05-08 12:00:00,1217.0,20.7
2022-05-08 13:00:00,1195.0,20.2
2022-05-08 14:00:00,1193.0,20.5
2022-05-08 15:00:00,1212.0,21.5
2022-05-08 16:00:00,1241.0,21.5
2022-05-08 17:00:00,1327.0,21.1
2022-05-08 18:00:00,1220.0,20.1
2022-05-08 19:00:00,1216.0,19.9
2022-05-08 20:00:00,1333.0,20.0
2022-05-08 21:00:00,1237.0,20.0
2022-05-08 22:00:00,1107.0,19.6
2022-05-08 23:00:00,1031.0,19.4
2022-05-09 00:00:00,1031.0,19.3
2022-05-09 01:00:00,991.0,19.3
2022-05-09 02:00:00,987.0,19.1
2022-05-09 03:00:00,954.0,18.9
2022-05-09 04:00:00,963.0,18.8
2022-05-09 05:00:00,962.0,18.6
2022-05-09 06:00:00,1102.0,18.4
2022-05-09 07:00:00,1217.0,18.2
2022-05-09 08:00:00,1323.0,18.0
2022-05-09 09:00:00,1386.0,18.3
2022-05-09 10:00:00,1418.0,18.0
2022-05-09 11:00:00,1380.0,17.5
2022-05-09 12:00:00,1245.0,17.1
2022-05-09 13:00:00,1226.0,16.9
2022-05-09 14:00:00,1243.0,16.3
2022-05-09 15:00:00,1282.0,16.1
2022-05-09 16:00:00,1335.0,15.4
2022-05-09 17:00:00,1400.0,15.5
2022-05-09 18:00:00,1296.0,14.7
2022-05-09 19:00:00,1287.0,14.1
2022-05-09 20:00:00,1319.0,13.9
2022-05-09 21:00:00,1227.0,13.4
2022-05-09 22:00:00,1121.0,13.2
2022-05-09 23:00:00,1058.0,12.8
2022-05-10 00:00:00,1060.0,12.5
2022-05-10 01:00:00,1047.0,12.4
2022-05-10 02:00:00,1011.0,12.1
2022-05-10 03:00:00,1002.0,12.0
2022-05-10 04:00:00,994.0,12.0
2022-05-10 05:00:00,1013.0,11.9
2022-05-10 06:00:00,1123.0,12.1
2022-05-10 07:00:00,1257.0,12.1
2022-05-10 08:00:00,1330.0,12.2
2022-05-10 09:00:00,1377.0,13.3
2022-05-10 10:00:00,1381.0,14.7
2022-05-10 11:00:00,1341.0,16.4
2022-05-10 12:00:00,1195.0,17.9
2022-05-10 13:00:00,1167.0,19.1
2022-05-10 14:00:00,1199.0,19.2
2022-05-10 15:00:00,1228.0,20.1
2022-05-10 16:00:00,1256.0,19.9
2022-05-10 17:00:00,1343.0,19.4
2022-05-10 18:00:00,1266.0,19.2
2022-05-10 19:00:00,1248.0,19.0
2022-05-10 20:00:00,1394.0,17.8
2022-05-10 21:00:00,1308.0,17.3
2022-05-10 22:00:00,1170.0,16.8
2022-05-10 23:00:00,1070.0,16.8
2022-05-11 00:00:00,1062.0,16.6
2022-05-11 01:00:00,1018.0,16.0
2022-05-11 02:00:00,987.0,15.7
2022-05-11 03:00:00,971.0,15.9
2022-05-11 04:00:00,927.0,16.2
2022-05-11 05:00:00,967.0,16.4
2022-05-11 06:00:00,1146.0,16.9
2022-05-11 07:00:00,1241.0,16.6
2022-05-11 08:00:00,1298.0,16.5
2022-05-11 09:00:00,1356.0,17.7
2022-05-11 10:00:00,1350.0,19.4
2022-05-11 11:00:00,1336.0,20.5
2022-05-11 12:00:00,1200.0,20.4
2022-05-11 13:00:00,1178.0,20.8
2022-05-11 14:00:00,1211.0,20.6
2022-05-11 15:00:00,1250.0,20.3
2022-05-11 16:00:00,1280.0,20.5
2022-05-11 17:00:00,1336.0,20.2
2022-05-11 18:00:00,1228.0,20.0
2022-05-11 19:00:00,1236.0,19.9
2022-05-11 20:00:00,1370.0,19.5
2022-05-11 21:00:00,1302.0,19.4
2022-05-11 22:00:00,1150.0,18.8
2022-05-11 23:00:00,1066.0,18.3
2022-05-12 00:00:00,1065.0,18.4
2022-05-12 01:00:00,1021.0,18.2
2022-05-12 02:00:00,989.0,18.1
2022-05-12 03:00:00,975.0,18.0
2022-05-12 04:00:00,969.0,17.7
2022-05-12 05:00:00,986.0,17.5
2022-05-12 06:00:00,1107.0,17.2
2022-05-12 07:00:00,1233.0,17.2
2022-05-12 08:00:00,1289.0,17.2
2022-05-12 09:00:00,1346.0,17.5
2022-05-12 10:00:00,1339.0,17.9
2022-05-12 11:00:00,1298.0,20.0
2022-05-12 12:00:00,1177.0,21.5
2022-05-12 13:00:00,1164.0,23.4
2022-05-12 14:00:00,1202.0,21.8
2022-05-12 15:00:00,1226.0,23.7
2022-05-12 16:00:00,1267.0,22.8
2022-05-12 17:00:00,1346.0,22.4
2022-05-12 18:00:00,1247.0,21.4
2022-05-12 19:00:00,1263.0,20.3
2022-05-12 20:00:00,1380.0,19.9
2022-05-12 21:00:00,1309.0,19.4
2022-05-12 22:00:00,1156.0,19.0
2022-05-12 23:00:00,1061.0,18.8
2022-05-13 00:00:00,1050.0,19.0
2022-05-13 01:00:00,1000.0,18.9
2022-05-13 02:00:00,981.0,19.2
2022-05-13 03:00:00,960.0,19.2
2022-05-13 04:00:00,946.0,19.0
2022-05-13 05:00:00,978.0,18.7
2022-05-13 06:00:00,1124.0,18.7
2022-05-13 07:00:00,1224.0,18.8
2022-05-13 08:00:00,1291.0,19.4
2022-05-13 09:00:00,1358.0,19.3
2022-05-13 10:00:00,1366.0,19.5
2022-05-13 11:00:00,1320.0,20.1
2022-05-13 12:00:00,1201.0,21.9
2022-05-13 13:00:00,1168.0,21.4
2022-05-13 14:00:00,1225.0,21.9
2022-05-13 15:00:00,1238.0,22.5
2022-05-13 16:00:00,1275.0,21.4
2022-05-13 17:00:00,1344.0,20.7
2022-05-13 18:00:00,1246.0,20.3
2022-05-13 19:00:00,1237.0,20.0
2022-05-13 20:00:00,1382.0,19.5
2022-05-13 21:00:00,1330.0,19.8
2022-05-13 22:00:00,1194.0,20.4
2022-05-13 23:00:00,1063.0,20.1
2022-05-14 00:00:00,1047.0,19.3
2022-05-14 01:00:00,1014.0,18.5
2022-05-14 02:00:00,969.0,17.7
2022-05-14 03:00:00,943.0,17.5
2022-05-14 04:00:00,947.0,17.6
2022-05-14 05:00:00,957.0,17.6
2022-05-14 06:00:00,1057.0,17.2
2022-05-14 07:00:00,1179.0,17.2
2022-05-14 08:00:00,1290.0,17.4
2022-05-14 09:00:00,1338.0,17.2
2022-05-14 10:00:00,1362.0,15.1
2022-05-14 11:00:00,1336.0,14.8
2022-05-14 12:00:00,1237.0,14.2
2022-05-14 13:00:00,1212.0,13.9
2022-05-14 14:00:00,1223.0,13.2
2022-05-14 15:00:00,1254.0,13.4
2022-05-14 16:00:00,1267.0,14.4
2022-05-14 17:00:00,1346.0,15.5
2022-05-14 18:00:00,1233.0,16.5
2022-05-14 19:00:00,1239.0,15.2
2022-05-14 20:00:00,1313.0,13.4
2022-05-14 21:00:00,1219.0,12.7
2022-05-14 22:00:00,1099.0,11.6
2022-05-14 23:00:00,1021.0,10.9
2022-05-15 00:00:00,1009.0,11.2
2022-05-15 01:00:00,956.0,11.2
2022-05-15 02:00:00,930.0,11.4
2022-05-15 03:00:00,920.0,11.5
2022-05-15 04:00:00,891.0,11.7
2022-05-15 05:00:00,903.0,11.8
2022-05-15 06:00:00,1000.0,11.8
2022-05-15 07:00:00,1115.0,12.1
2022-05-15 08:00:00,1220.0,12.2
2022-05-15 09:00:00,1271.0,12.9
2022-05-15 10:00:00,1262.0,13.5
2022-05-15 11:00:00,1238.0,14.3
2022-05-15 12:00:00,1170.0,14.4
2022-05-15 13:00:00,1142.0,14.9
2022-05-15 14:00:00,1137.0,15.2
2022-05-15 15:00:00,1150.0,15.5
2022-05-15 16:00:00,1195.0,15.9
2022-05-15 17:00:00,1271.0,15.4
2022-05-15 18:00:00,1207.0,15.3
2022-05-15 19:00:00,1200.0,14.6
2022-05-15 20:00:00,1326.0,14.1
2022-05-15 21:00:00,1264.0,14.0
2022-05-15 22:00:00,1104.0,13.8
2022-05-15 23:00:00,999.0,13.6
2022-05-16 00:00:00,970.0,13.3
2022-05-16 01:00:00,926.0,12.7
2022-05-16 02:00:00,907.0,12.3
2022-05-16 03:00:00,892.0,12.0
2022-05-16 04:00:00,866.0,11.6
2022-05-16 05:00:00,907.0,11.3
2022-05-16 06:00:00,1098.0,11.1
2022-05-16 07:00:00,1205.0,11.6
2022-05-16 08:00:00,1239.0,12.8
2022-05-16 09:00:00,1286.0,15.5
2022-05-16 10:00:00,1286.0,18.1
2022-05-16 11:00:00,1317.0,19.6
2022-05-16 12:00:00,1187.0,21.5
2022-05-16 13:00:00,1181.0,22.4
2022-05-16 14:00:00,1212.0,23.5
2022-05-16 15:00:00,1184.0,24.1
2022-05-16 16:00:00,1218.0,24.7
2022-05-16 17:00:00,1279.0,24.6
2022-05-16 18:00:00,1207.0,24.3
2022-05-16 19:00:00,1227.0,21.2
2022-05-16 20:00:00,1375.0,20.5
2022-05-16 21:00:00,1334.0,19.2
2022-05-16 22:00:00,1156.0,18.1
2022-05-16 23:00:00,1059.0,18.4
2022-05-17 00:00:00,1051.0,18.9
2022-05-17 01:00:00,1000.0,17.5
2022-05-17 02:00:00,970.0,16.1
2022-05-17 03:00:00,951.0,14.7
2022-05-17 04:00:00,937.0,13.8
2022-05-17 05:00:00,973.0,13.3
2022-05-17 06:00:00,1161.0,13.3
2022-05-17 07:00:00,1241.0,13.8
2022-05-17 08:00:00,1287.0,15.9
2022-05-17 09:00:00,1313.0,18.7
2022-05-17 10:00:00,1322.0,21.0
2022-05-17 11:00:00,1321.0,23.3
2022-05-17 12:00:00,1200.0,24.8
2022-05-17 13:00:00,1160.0,26.9
2022-05-17 14:00:00,1213.0,27.6
2022-05-17 15:00:00,1230.0,27.1
2022-05-17 16:00:00,1274.0,25.7
2022-05-17 17:00:00,1358.0,25.3
2022-05-17 18:00:00,1276.0,23.6
2022-05-17 19:00:00,1261.0,22.7
2022-05-17 20:00:00,1387.0,21.7
2022-05-17 21:00:00,1321.0,21.3
2022-05-17 22:00:00,1159.0,22.5
2022-05-17 23:00:00,1059.0,22.4
2022-05-18 00:00:00,1045.0,21.7
2022-05-18 01:00:00,997.0,20.5
2022-05-18 02:00:00,988.0,20.4
2022-05-18 03:00:00,965.0,19.3
2022-05-18 04:00:00,953.0,18.9
2022-05-18 05:00:00,965.0,18.4
2022-05-18 06:00:00,1118.0,18.5
2022-05-18 07:00:00,1246.0,18.5
2022-05-18 08:00:00,1301.0,18.3
2022-05-18 09:00:00,1367.0,19.0
2022-05-18 10:00:00,1362.0,19.1
2022-05-18 11:00:00,1370.0,20.0
2022-05-18 12:00:00,1246.0,19.5
2022-05-18 13:00:00,1217.0,18.8
2022-05-18 14:00:00,1234.0,18.7
2022-05-18 15:00:00,1267.0,16.9
2022-05-18 16:00:00,1301.0,17.2
2022-05-18 17:00:00,1369.0,17.0
2022-05-18 18:00:00,1282.0,16.6
2022-05-18 19:00:00,1276.0,15.9
2022-05-18 20:00:00,1348.0,15.7
2022-05-18 21:00:00,1245.0,15.3
2022-05-18 22:00:00,1110.0,14.9
2022-05-18 23:00:00,1039.0,15.0
2022-05-19 00:00:00,1034.0,15.0
2022-05-19 01:00:00,993.0,14.7
2022-05-19 02:00:00,974.0,14.6
2022-05-19 03:00:00,932.0,14.4
2022-05-19 04:00:00,936.0,14.5
2022-05-19 05:00:00,957.0,14.4
2022-05-19 06:00:00,1105.0,14.4
2022-05-19 07:00:00,1215.0,14.5
2022-05-19 08:00:00,1290.0,14.8
2022-05-19 09:00:00,1349.0,14.9
2022-05-19 10:00:00,1367.0,15.3
2022-05-19 11:00:00,1367.0,15.6
2022-05-19 12:00:00,1239.0,15.7
2022-05-19 13:00:00,1208.0,15.8
2022-05-19 14:00:00,1254.0,15.9
2022-05-19 15:00:00,1246.0,16.1
2022-05-19 16:00:00,1301.0,15.9
2022-05-19 17:00:00,1377.0,16.0
2022-05-19 18:00:00,1254.0,16.1
2022-05-19 19:00:00,1212.0,15.9
2022-05-19 20:00:00,1322.0,15.9
2022-05-19 21:00:00,1252.0,16.0
2022-05-19 22:00:00,1117.0,15.9
2022-05-19 23:00:00,1023.0,15.9
2022-05-20 00:00:00,1039.0,15.5
2022-05-20 01:00:00,992.0,15.2
2022-05-20 02:00:00,962.0,15.0
2022-05-20 03:00:00,944.0,15.0
2022-05-20 04:00:00,952.0,14.8
2022-05-20 05:00:00,975.0,14.6
2022-05-20 06:00:00,1150.0,14.3
2022-05-20 07:00:00,1242.0,14.7
2022-05-20 08:00:00,1282.0,15.6
2022-05-20 09:00:00,1290.0,16.5
2022-05-20 10:00:00,1285.0,18.5
2022-05-20 11:00:00,1301.0,21.0
2022-05-20 12:00:00,1197.0,21.2
2022-05-20 13:00:00,1140.0,22.8
2022-05-20 14:00:00,1187.0,24.0
2022-05-20 15:00:00,1215.0,23.8
2022-05-20 16:00:00,1239.0,23.1
2022-05-20 17:00:00,1337.0,22.9
2022-05-20 18:00:00,1253.0,22.2
2022-05-20 19:00:00,1240.0,20.3
2022-05-20 20:00:00,1383.0,19.8
2022-05-20 21:00:00,1318.0,19.7
2022-05-20 22:00:00,1197.0,20.3
2022-05-20 23:00:00,1089.0,20.4
2022-05-21 00:00:00,1045.0,19.8
2022-05-21 01:00:00,1017.0,19.4
2022-05-21 02:00:00,984.0,19.2
2022-05-21 03:00:00,949.0,19.0
2022-05-21 04:00:00,924.0,18.3
2022-05-21 05:00:00,958.0,18.1
2022-05-21 06:00:00,1104.0,18.3
2022-05-21 07:00:00,1218.0,18.4
2022-05-21 08:00:00,1265.0,19.3
2022-05-21 09:00:00,1294.0,20.9
2022-05-21 10:00:00,1280.0,22.9
2022-05-21 11:00:00,1294.0,23.6
2022-05-21 12:00:00,1182.0,23.9
2022-05-21 13:00:00,1166.0,25.5
2022-05-21 14:00:00,1192.0,24.6
2022-05-21 15:00:00,1202.0,24.8
2022-05-21 16:00:00,1230.0,24.9
2022-05-21 17:00:00,1283.0,24.3
2022-05-21 18:00:00,1195.0,24.2
2022-05-21 19:00:00,1196.0,23.0
2022-05-21 20:00:00,1350.0,22.6
2022-05-21 21:00:00,1301.0,22.4
2022-05-21 22:00:00,1164.0,22.4
2022-05-21 23:00:00,1053.0,22.2
2022-05-22 00:00:00,1054.0,21.8
2022-05-22 01:00:00,1008.0,20.9
2022-05-22 02:00:00,953.0,19.9
2022-05-22 03:00:00,947.0,19.0
2022-05-22 04:00:00,939.0,18.6
2022-05-22 05:00:00,953.0,19.2
2022-05-22 06:00:00,1082.0,18.7
2022-05-22 07:00:00,1189.0,18.2
2022-05-22 08:00:00,1244.0,19.2
2022-05-22 09:00:00,1261.0,20.6
2022-05-22 10:00:00,1267.0,21.4
2022-05-22 11:00:00,1293.0,22.0
2022-05-22 12:00:00,1196.0,21.9
2022-05-22 13:00:00,1173.0,21.9
2022-05-22 14:00:00,1181.0,22.5
2022-05-22 15:00:00,1219.0,22.2
2022-05-22 16:00:00,1225.0,22.3
2022-05-22 17:00:00,1299.0,21.7
2022-05-22 18:00:00,1233.0,20.9
2022-05-22 19:00:00,1195.0,20.7
2022-05-22 20:00:00,1331.0,20.1
2022-05-22 21:00:00,1260.0,20.4
2022-05-22 22:00:00,1115.0,20.2
2022-05-22 23:00:00,1024.0,19.7
2022-05-23 00:00:00,1021.0,19.1
2022-05-23 01:00:00,974.0,19.1
2022-05-23 02:00:00,957.0,18.4
2022-05-23 03:00:00,933.0,18.3
2022-05-23 04:00:00,943.0,18.1
2022-05-23 05:00:00,963.0,17.7
2022-05-23 06:00:00,1163.0,17.1
2022-05-23 07:00:00,1254.0,17.3
2022-05-23 08:00:00,1314.0,17.7
2022-05-23 09:00:00,1344.0,20.1
2022-05-23 10:00:00,1335.0,22.8
2022-05-23 11:00:00,1336.0,24.9
2022-05-23 12:00:00,1229.0,25.6
2022-05-23 13:00:00,1222.0,26.9
2022-05-23 14:00:00,1242.0,27.4
2022-05-23 15:00:00,1255.0,27.7
2022-05-23 16:00:00,1291.0,27.9
2022-05-23 17:00:00,1364.0,26.7
2022-05-23 18:00:00,1299.0,26.6
2022-05-23 19:00:00,1267.0,24.3
2022-05-23 20:00:00,1409.0,22.3
2022-05-23 21:00:00,1361.0,21.8
2022-05-23 22:00:00,1193.0,21.9
2022-05-23 23:00:00,1097.0,22.0
2022-05-24 00:00:00,1090.0,21.9
2022-05-24 01:00:00,1054.0,21.5
2022-05-24 02:00:00,1011.0,21.0
2022-05-24 03:00:00,991.0,21.1
2022-05-24 04:00:00,992.0,20.5
2022-05-24 05:00:00,1028.0,20.5
2022-05-24 06:00:00,1198.0,20.5
2022-05-24 07:00:00,1273.0,21.2
2022-05-24 08:00:00,1321.0,21.9
2022-05-24 09:00:00,1365.0,23.9
2022-05-24 10:00:00,1371.0,25.5
2022-05-24 11:00:00,1375.0,27.7
2022-05-24 12:00:00,1282.0,28.6
2022-05-24 13:00:00,1258.0,28.4
2022-05-24 14:00:00,1292.0,29.5
2022-05-24 15:00:00,1326.0,29.7
2022-05-24 16:00:00,1342.0,28.7
2022-05-24 17:00:00,1403.0,28.5
2022-05-24 18:00:00,1337.0,27.6
2022-05-24 19:00:00,1304.0,26.0
2022-05-24 20:00:00,1468.0,24.8
2022-05-24 21:00:00,1378.0,24.0
2022-05-24 22:00:00,1230.0,23.6
2022-05-24 23:00:00,1105.0,22.6
2022-05-25 00:00:00,1082.0,22.3
2022-05-25 01:00:00,1032.0,21.7
2022-05-25 02:00:00,1009.0,21.5
2022-05-25 03:00:00,988.0,21.5
2022-05-25 04:00:00,1001.0,21.3
2022-05-25 05:00:00,1038.0,20.7
2022-05-25 06:00:00,1214.0,20.9
2022-05-25 07:00:00,1286.0,21.6
2022-05-25 08:00:00,1341.0,22.8
2022-05-25 09:00:00,1391.0,23.7
2022-05-25 10:00:00,1403.0,25.8
2022-05-25 11:00:00,1405.0,26.7
2022-05-25 12:00:00,1316.0,27.7
2022-05-25 13:00:00,1316.0,28.4
2022-05-25 14:00:00,1345.0,29.8
2022-05-25 15:00:00,1364.0,29.4
2022-05-25 16:00:00,1407.0,28.3
2022-05-25 17:00:00,1474.0,27.5
2022-05-25 18:00:00,1374.0,26.6
2022-05-25 19:00:00,1352.0,23.8
2022-05-25 20:00:00,1454.0,23.2
2022-05-25 21:00:00,1349.0,20.7
2022-05-25 22:00:00,1183.0,18.9
2022-05-25 23:00:00,1094.0,18.2
2022-05-26 00:00:00,1087.0,18.1
2022-05-26 01:00:00,1057.0,17.9
2022-05-26 02:00:00,1035.0,17.6
2022-05-26 03:00:00,1009.0,17.5
2022-05-26 04:00:00,1011.0,17.6
2022-05-26 05:00:00,1006.0,17.5
2022-05-26 06:00:00,1145.0,17.6
2022-05-26 07:00:00,1245.0,17.8
2022-05-26 08:00:00,1299.0,18.1
2022-05-26 09:00:00,1347.0,18.4
2022-05-26 10:00:00,1363.0,18.9
2022-05-26 11:00:00,1372.0,18.8
2022-05-26 12:00:00,1236.0,18.7
2022-05-26 13:00:00,1204.0,18.9
2022-05-26 14:00:00,1218.0,19.7
2022-05-26 15:00:00,1238.0,20.8
2022-05-26 16:00:00,1267.0,22.0
2022-05-26 17:00:00,1321.0,21.8
2022-05-26 18:00:00,1222.0,21.5
2022-05-26 19:00:00,1204.0,20.9
2022-05-26 20:00:00,1345.0,20.9
2022-05-26 21:00:00,1293.0,20.4
2022-05-26 22:00:00,1163.0,19.8
2022-05-26 23:00:00,1068.0,19.5
2022-05-27 00:00:00,1071.0,19.5
2022-05-27 01:00:00,1028.0,19.3
2022-05-27 02:00:00,987.0,19.2
2022-05-27 03:00:00,964.0,19.2
2022-05-27 04:00:00,963.0,19.2
2022-05-27 05:00:00,984.0,19.1
2022-05-27 06:00:00,1139.0,19.1
2022-05-27 07:00:00,1262.0,19.2
2022-05-27 08:00:00,1305.0,19.5
2022-05-27 09:00:00,1359.0,20.1
2022-05-27 10:00:00,1356.0,20.4
2022-05-27 11:00:00,1374.0,21.3
2022-05-27 12:00:00,1265.0,21.1
2022-05-27 13:00:00,1226.0,20.8
2022-05-27 14:00:00,1230.0,20.1
2022-05-27 15:00:00,1244.0,20.0
2022-05-27 16:00:00,1295.0,20.4
2022-05-27 17:00:00,1391.0,19.8
2022-05-27 18:00:00,1291.0,19.6
2022-05-27 19:00:00,1279.0,19.2
2022-05-27 20:00:00,1337.0,19.2
2022-05-27 21:00:00,1251.0,19.3
2022-05-27 22:00:00,1131.0,19.3
2022-05-27 23:00:00,1054.0,19.2
2022-05-28 00:00:00,1046.0,19.0
2022-05-28 01:00:00,1027.0,19.1
2022-05-28 02:00:00,985.0,19.0
2022-05-28 03:00:00,971.0,18.8
2022-05-28 04:00:00,951.0,18.6
2022-05-28 05:00:00,969.0,18.5
2022-05-28 06:00:00,1108.0,18.6
2022-05-28 07:00:00,1204.0,19.1
2022-05-28 08:00:00,1268.0,19.7
2022-05-28 09:00:00,1277.0,20.3
2022-05-28 10:00:00,1299.0,20.5
2022-05-28 11:00:00,1320.0,21.1
2022-05-28 12:00:00,1204.0,21.8
2022-05-28 13:00:00,1207.0,21.0
2022-05-28 14:00:00,1218.0,20.9
2022-05-28 15:00:00,1217.0,21.3
2022-05-28 16:00:00,1254.0,20.9
2022-05-28 17:00:00,1326.0,21.0
2022-05-28 18:00:00,1215.0,21.1
2022-05-28 19:00:00,1199.0,21.0
2022-05-28 20:00:00,1313.0,20.7
2022-05-28 21:00:00,1266.0,20.3
2022-05-28 22:00:00,1126.0,20.4
2022-05-28 23:00:00,1038.0,20.4
2022-05-29 00:00:00,1023.0,20.8
2022-05-29 01:00:00,977.0,20.5
2022-05-29 02:00:00,949.0,20.3
2022-05-29 03:00:00,918.0,20.3
2022-05-29 04:00:00,924.0,20.3
2022-05-29 05:00:00,926.0,20.2
2022-05-29 06:00:00,1054.0,20.5
2022-05-29 07:00:00,1148.0,20.7
2022-05-29 08:00:00,1183.0,21.5
2022-05-29 09:00:00,1236.0,22.3
2022-05-29 10:00:00,1249.0,23.3
2022-05-29 11:00:00,1259.0,23.0
2022-05-29 12:00:00,1179.0,23.4
2022-05-29 13:00:00,1150.0,23.5
2022-05-29 14:00:00,1150.0,24.6
2022-05-29 15:00:00,1158.0,25.2
2022-05-29 16:00:00,1190.0,25.5
2022-05-29 17:00:00,1267.0,25.4
2022-05-29 18:00:00,1228.0,24.6
2022-05-29 19:00:00,1245.0,24.0
2022-05-29 20:00:00,1363.0,23.8
2022-05-29 21:00:00,1271.0,23.5
2022-05-29 22:00:00,1118.0,23.4
2022-05-29 23:00:00,1026.0,23.2
2022-05-30 00:00:00,1019.0,22.7
2022-05-30 01:00:00,977.0,23.0
2022-05-30 02:00:00,948.0,23.0
2022-05-30 03:00:00,919.0,22.5
2022-05-30 04:00:00,904.0,22.4
2022-05-30 05:00:00,944.0,22.6
2022-05-30 06:00:00,1133.0,23.2
2022-05-30 07:00:00,1221.0,23.5
2022-05-30 08:00:00,1272.0,23.9
2022-05-30 09:00:00,1349.0,24.9
2022-05-30 10:00:00,1383.0,25.5
2022-05-30 11:00:00,1408.0,27.3
2022-05-30 12:00:00,1295.0,28.8
2022-05-30 13:00:00,1285.0,28.9
2022-05-30 14:00:00,1300.0,29.1
2022-05-30 15:00:00,1314.0,28.5
2022-05-30 16:00:00,1299.0,28.5
2022-05-30 17:00:00,1393.0,28.4
2022-05-30 18:00:00,1298.0,27.8
2022-05-30 19:00:00,1284.0,27.1
2022-05-30 20:00:00,1418.0,26.6
2022-05-30 21:00:00,1352.0,26.7
2022-05-30 22:00:00,1243.0,25.6
2022-05-30 23:00:00,1129.0,25.3
2022-05-31 00:00:00,1100.0,24.7
2022-05-31 01:00:00,1063.0,24.9
2022-05-31 02:00:00,1025.0,23.7
2022-05-31 03:00:00,986.0,23.3
2022-05-31 04:00:00,998.0,23.1
2022-05-31 05:00:00,1012.0,23.7
2022-05-31 06:00:00,1192.0,22.8
2022-05-31 07:00:00,1257.0,24.0
2022-05-31 08:00:00,1317.0,23.9
2022-05-31 09:00:00,1394.0,27.4
2022-05-31 10:00:00,1421.0,29.7
2022-05-31 11:00:00,1478.0,29.5
2022-05-31 12:00:00,1367.0,29.9
2022-05-31 13:00:00,1370.0,30.1
2022-05-31 14:00:00,1378.0,29.6
2022-05-31 15:00:00,1377.0,30.9
2022-05-31 16:00:00,1417.0,30.6
2022-05-31 17:00:00,1470.0,30.5
2022-05-31 18:00:00,1382.0,29.6
2022-05-31 19:00:00,1326.0,27.7
2022-05-31 20:00:00,1449.0,26.1
2022-05-31 21:00:00,1410.0,25.5
2022-05-31 22:00:00,1312.0,25.1
2022-05-31 23:00:00,1182.0,24.6
2022-06-01 00:00:00,1142.0,24.2
2022-06-01 01:00:00,1081.0,23.9
2022-06-01 02:00:00,1061.0,24.0
2022-06-01 03:00:00,1026.0,23.5
2022-06-01 04:00:00,1016.0,23.5
2022-06-01 05:00:00,1036.0,23.3
2022-06-01 06:00:00,1197.0,23.2
2022-06-01 07:00:00,1275.0,23.8
2022-06-01 08:00:00,1365.0,24.8
2022-06-01 09:00:00,1437.0,25.7
2022-06-01 10:00:00,1494.0,26.0
2022-06-01 11:00:00,1498.0,27.4
2022-06-01 12:00:00,1341.0,28.8
2022-06-01 13:00:00,1343.0,31.0
2022-06-01 14:00:00,1368.0,29.7
2022-06-01 15:00:00,1341.0,26.8
2022-06-01 16:00:00,1338.0,24.9
2022-06-01 17:00:00,1399.0,25.3
2022-06-01 18:00:00,1312.0,25.6
2022-06-01 19:00:00,1281.0,24.9
2022-06-01 20:00:00,1397.0,24.3
2022-06-01 21:00:00,1394.0,23.9
2022-06-01 22:00:00,1250.0,23.7
2022-06-01 23:00:00,1155.0,23.7
2022-06-02 00:00:00,1139.0,23.6
2022-06-02 01:00:00,1101.0,23.5
2022-06-02 02:00:00,1050.0,23.4
2022-06-02 03:00:00,1030.0,23.3
2022-06-02 04:00:00,1026.0,23.3
2022-06-02 05:00:00,1030.0,23.2
2022-06-02 06:00:00,1176.0,23.3
2022-06-02 07:00:00,1264.0,23.5
2022-06-02 08:00:00,1335.0,24.1
2022-06-02 09:00:00,1396.0,24.0
2022-06-02 10:00:00,1420.0,24.9
2022-06-02 11:00:00,1448.0,25.2
2022-06-02 12:00:00,1377.0,26.1
2022-06-02 13:00:00,1377.0,26.4
2022-06-02 14:00:00,1355.0,27.4
2022-06-02 15:00:00,1380.0,28.4
2022-06-02 16:00:00,1408.0,28.2
2022-06-02 17:00:00,1451.0,28.8
2022-06-02 18:00:00,1341.0,27.3
2022-06-02 19:00:00,1365.0,26.4
2022-06-02 20:00:00,1513.0,25.9
2022-06-02 21:00:00,1450.0,26.0
2022-06-02 22:00:00,1306.0,23.8
2022-06-02 23:00:00,1178.0,23.5
2022-06-03 00:00:00,1160.0,24.0
2022-06-03 01:00:00,1090.0,23.9
2022-06-03 02:00:00,1040.0,23.7
2022-06-03 03:00:00,1005.0,23.6
2022-06-03 04:00:00,990.0,23.8
2022-06-03 05:00:00,1000.0,23.8
2022-06-03 06:00:00,1097.0,23.8
2022-06-03 07:00:00,1182.0,23.9
2022-06-03 08:00:00,1194.0,24.5
2022-06-03 09:00:00,1256.0,24.3
2022-06-03 10:00:00,1298.0,24.8
2022-06-03 11:00:00,1311.0,24.9
2022-06-03 12:00:00,1273.0,24.9
2022-06-03 13:00:00,1252.0,25.0
2022-06-03 14:00:00,1193.0,25.9
2022-06-03 15:00:00,1227.0,26.4
2022-06-03 16:00:00,1252.0,27.3
2022-06-03 17:00:00,1320.0,27.3
2022-06-03 18:00:00,1290.0,26.8
2022-06-03 19:00:00,1321.0,26.3
2022-06-03 20:00:00,1395.0,26.3
2022-06-03 21:00:00,1367.0,26.0
2022-06-03 22:00:00,1224.0,25.7
2022-06-03 23:00:00,1095.0,25.2
2022-06-04 00:00:00,1020.0,25.0
2022-06-04 01:00:00,963.0,24.7
2022-06-04 02:00:00,910.0,24.2
2022-06-04 03:00:00,883.0,24.0
2022-06-04 04:00:00,876.0,24.1
2022-06-04 05:00:00,892.0,24.1
2022-06-04 06:00:00,1019.0,24.0
2022-06-04 07:00:00,1148.0,24.8
2022-06-04 08:00:00,1180.0,25.3
2022-06-04 09:00:00,1245.0,25.9
2022-06-04 10:00:00,1295.0,28.2
2022-06-04 11:00:00,1345.0,29.4
2022-06-04 12:00:00,1331.0,29.6
2022-06-04 13:00:00,1330.0,30.3
2022-06-04 14:00:00,1367.0,31.0
2022-06-04 15:00:00,1354.0,30.9
2022-06-04 16:00:00,1365.0,30.8
2022-06-04 17:00:00,1351.0,30.1
2022-06-04 18:00:00,1260.0,29.2
2022-06-04 19:00:00,1269.0,28.1
2022-06-04 20:00:00,1416.0,26.3
2022-06-04 21:00:00,1367.0,26.3
2022-06-04 22:00:00,1190.0,26.3
2022-06-04 23:00:00,1077.0,25.2
2022-06-05 00:00:00,1059.0,24.1
2022-06-05 01:00:00,1099.0,23.7
2022-06-05 02:00:00,1020.0,23.5
2022-06-05 03:00:00,1010.0,23.3
2022-06-05 04:00:00,985.0,23.5
2022-06-05 05:00:00,990.0,23.6
2022-06-05 06:00:00,1098.0,23.9
2022-06-05 07:00:00,1170.0,24.8
2022-06-05 08:00:00,1256.0,24.4
2022-06-05 09:00:00,1329.0,24.4
2022-06-05 10:00:00,1372.0,25.2
2022-06-05 11:00:00,1380.0,26.4
2022-06-05 12:00:00,1335.0,28.0
2022-06-05 13:00:00,1322.0,29.4
2022-06-05 14:00:00,1355.0,30.0
2022-06-05 15:00:00,1349.0,29.1
2022-06-05 16:00:00,1380.0,28.1
2022-06-05 17:00:00,1457.0,27.1
2022-06-05 18:00:00,1388.0,26.5
2022-06-05 19:00:00,1401.0,25.2
2022-06-05 20:00:00,1554.0,25.0
2022-06-05 21:00:00,1479.0,24.7
2022-06-05 22:00:00,1323.0,24.8
2022-06-05 23:00:00,1205.0,24.6
2022-06-06 00:00:00,1175.0,24.2
2022-06-06 01:00:00,1119.0,23.9
2022-06-06 02:00:00,1064.0,23.7
2022-06-06 03:00:00,1047.0,23.3
2022-06-06 04:00:00,1050.0,23.0
2022-06-06 05:00:00,1036.0,22.9
2022-06-06 06:00:00,1221.0,23.3
2022-06-06 07:00:00,1305.0,23.3
2022-06-06 08:00:00,1377.0,24.5
2022-06-06 09:00:00,1449.0,25.5
2022-06-06 10:00:00,1508.0,27.5
2022-06-06 11:00:00,1580.0,29.3
2022-06-06 12:00:00,1526.0,30.7
2022-06-06 13:00:00,1531.0,31.6
2022-06-06 14:00:00,1552.0,31.3
2022-06-06 15:00:00,1537.0,31.4
2022-06-06 16:00:00,1554.0,31.7
2022-06-06 17:00:00,1623.0,31.4
2022-06-06 18:00:00,1518.0,30.6
2022-06-06 19:00:00,1503.0,29.3
2022-06-06 20:00:00,1663.0,28.6
2022-06-06 21:00:00,1652.0,28.5
2022-06-06 22:00:00,1494.0,28.3
2022-06-06 23:00:00,1360.0,28.1
2022-06-07 00:00:00,1303.0,27.7
2022-06-07 01:00:00,1239.0,26.6
2022-06-07 02:00:00,1189.0,25.3
2022-06-07 03:00:00,1136.0,24.6
2022-06-07 04:00:00,1120.0,25.2
2022-06-07 05:00:00,1142.0,23.5
2022-06-07 06:00:00,1278.0,23.0
2022-06-07 07:00:00,1351.0,24.6
2022-06-07 08:00:00,1415.0,25.5
2022-06-07 09:00:00,1552.0,27.4
2022-06-07 10:00:00,1615.0,30.0
2022-06-07 11:00:00,1677.0,32.3
2022-06-07 12:00:00,1615.0,33.3
2022-06-07 13:00:00,1638.0,33.6
2022-06-07 14:00:00,1645.0,34.0
2022-06-07 15:00:00,1654.0,33.8
2022-06-07 16:00:00,1658.0,32.6
2022-06-07 17:00:00,1708.0,31.6
2022-06-07 18:00:00,1597.0,31.2
2022-06-07 19:00:00,1566.0,31.1
2022-06-07 20:00:00,1727.0,30.3
2022-06-07 21:00:00,1769.0,29.9
2022-06-07 22:00:00,1606.0,29.8
2022-06-07 23:00:00,1470.0,29.6
2022-06-08 00:00:00,1398.0,27.7
2022-06-08 01:00:00,1327.0,26.6
2022-06-08 02:00:00,1276.0,26.7
2022-06-08 03:00:00,1223.0,25.3
2022-06-08 04:00:00,1198.0,24.4
2022-06-08 05:00:00,1213.0,24.4
2022-06-08 06:00:00,1351.0,25.0
2022-06-08 07:00:00,1390.0,24.7
2022-06-08 08:00:00,1495.0,26.9
2022-06-08 09:00:00,1613.0,28.6
2022-06-08 10:00:00,1687.0,30.5
2022-06-08 11:00:00,1772.0,31.7
2022-06-08 12:00:00,1687.0,32.5
2022-06-08 13:00:00,1729.0,32.8
2022-06-08 14:00:00,1740.0,33.9
2022-06-08 15:00:00,1729.0,33.9
2022-06-08 16:00:00,1735.0,33.6
2022-06-08 17:00:00,1760.0,32.7
2022-06-08 18:00:00,1626.0,31.1
2022-06-08 19:00:00,1622.0,30.3
2022-06-08 20:00:00,1820.0,30.2
2022-06-08 21:00:00,1852.0,29.7
2022-06-08 22:00:00,1715.0,29.6
2022-06-08 23:00:00,1580.0,29.1
2022-06-09 00:00:00,1521.0,29.2
2022-06-09 01:00:00,1448.0,28.3
2022-06-09 02:00:00,1376.0,27.4
2022-06-09 03:00:00,1345.0,26.8
2022-06-09 04:00:00,1280.0,26.7
2022-06-09 05:00:00,1298.0,27.4
2022-06-09 06:00:00,1407.0,26.7
2022-06-09 07:00:00,1465.0,25.9
2022-06-09 08:00:00,1558.0,27.0
2022-06-09 09:00:00,1691.0,29.0
2022-06-09 10:00:00,1738.0,30.5
2022-06-09 11:00:00,1784.0,31.1
2022-06-09 12:00:00,1712.0,32.0
2022-06-09 13:00:00,1754.0,31.2
2022-06-09 14:00:00,1715.0,31.6
2022-06-09 15:00:00,1788.0,32.2
2022-06-09 16:00:00,1769.0,30.3
2022-06-09 17:00:00,1774.0,29.7
2022-06-09 18:00:00,1592.0,28.6
2022-06-09 19:00:00,1570.0,27.8
2022-06-09 20:00:00,1788.0,27.2
2022-06-09 21:00:00,1790.0,26.3
2022-06-09 22:00:00,1670.0,25.8
2022-06-09 23:00:00,1520.0,25.8
2022-06-10 00:00:00,1449.0,25.4
2022-06-10 01:00:00,1395.0,24.8
2022-06-10 02:00:00,1328.0,24.5
2022-06-10 03:00:00,1296.0,24.4
2022-06-10 04:00:00,1264.0,24.1
2022-06-10 05:00:00,1272.0,23.8
2022-06-10 06:00:00,1383.0,23.7
2022-06-10 07:00:00,1457.0,24.2
2022-06-10 08:00:00,1551.0,25.1
2022-06-10 09:00:00,1655.0,25.5
2022-06-10 10:00:00,1707.0,28.2
2022-06-10 11:00:00,1753.0,30.1
2022-06-10 12:00:00,1678.0,29.9
2022-06-10 13:00:00,1696.0,30.8
2022-06-10 14:00:00,1715.0,29.5
2022-06-10 15:00:00,1690.0,29.9
2022-06-10 16:00:00,1692.0,29.3
2022-06-10 17:00:00,1739.0,28.8
2022-06-10 18:00:00,1601.0,28.3
2022-06-10 19:00:00,1617.0,27.8
2022-06-10 20:00:00,1799.0,27.6
2022-06-10 21:00:00,1762.0,27.2
2022-06-10 22:00:00,1647.0,26.5
2022-06-10 23:00:00,1517.0,25.8
2022-06-11 00:00:00,1468.0,25.5
2022-06-11 01:00:00,1398.0,24.9
2022-06-11 02:00:00,1337.0,24.9
2022-06-11 03:00:00,1290.0,24.6
2022-06-11 04:00:00,1250.0,24.4
2022-06-11 05:00:00,1254.0,24.2
2022-06-11 06:00:00,1368.0,24.1
2022-06-11 07:00:00,1437.0,24.4
2022-06-11 08:00:00,1482.0,25.3
2022-06-11 09:00:00,1579.0,26.3
2022-06-11 10:00:00,1628.0,27.4
2022-06-11 11:00:00,1660.0,27.8
2022-06-11 12:00:00,1594.0,28.7
2022-06-11 13:00:00,1610.0,28.3
2022-06-11 14:00:00,1611.0,28.1
2022-06-11 15:00:00,1588.0,27.3
2022-06-11 16:00:00,1569.0,26.6
2022-06-11 17:00:00,1603.0,26.5
2022-06-11 18:00:00,1487.0,25.1
2022-06-11 19:00:00,1455.0,23.7
2022-06-11 20:00:00,1547.0,22.7
2022-06-11 21:00:00,1473.0,22.4
2022-06-11 22:00:00,1393.0,22.1
2022-06-11 23:00:00,1333.0,20.9
2022-06-12 00:00:00,1319.0,20.6
2022-06-12 01:00:00,1257.0,20.9
2022-06-12 02:00:00,1229.0,21.1
2022-06-12 03:00:00,1188.0,21.4
2022-06-12 04:00:00,1177.0,21.4
2022-06-12 05:00:00,1193.0,20.9
2022-06-12 06:00:00,1274.0,20.6
2022-06-12 07:00:00,1349.0,20.6
2022-06-12 08:00:00,1397.0,20.8
2022-06-12 09:00:00,1413.0,21.4
2022-06-12 10:00:00,1464.0,21.7
2022-06-12 11:00:00,1441.0,22.1
2022-06-12 12:00:00,1369.0,22.2
2022-06-12 13:00:00,1340.0,22.3
2022-06-12 14:00:00,1365.0,22.3
2022-06-12 15:00:00,1379.0,21.9
2022-06-12 16:00:00,1439.0,19.9
2022-06-12 17:00:00,1504.0,19.3
2022-06-12 18:00:00,1399.0,19.2
2022-06-12 19:00:00,1399.0,19.1
2022-06-12 20:00:00,1468.0,18.9
2022-06-12 21:00:00,1409.0,18.8
2022-06-12 22:00:00,1265.0,19.1
2022-06-12 23:00:00,1217.0,19.1
2022-06-13 00:00:00,1160.0,19.0
2022-06-13 01:00:00,1065.0,19.1
2022-06-13 02:00:00,1039.0,19.2
2022-06-13 03:00:00,1017.0,19.2
2022-06-13 04:00:00,1016.0,19.3
2022-06-13 05:00:00,1034.0,19.3
2022-06-13 06:00:00,1219.0,19.3
2022-06-13 07:00:00,1295.0,19.8
2022-06-13 08:00:00,1315.0,21.0
2022-06-13 09:00:00,1387.0,22.4
2022-06-13 10:00:00,1429.0,24.0
2022-06-13 11:00:00,1466.0,24.6
2022-06-13 12:00:00,1384.0,25.1
2022-06-13 13:00:00,1403.0,25.7
2022-06-13 14:00:00,1412.0,26.6
2022-06-13 15:00:00,1427.0,27.1
2022-06-13 16:00:00,1442.0,27.4
2022-06-13 17:00:00,1517.0,26.7
2022-06-13 18:00:00,1396.0,25.8
2022-06-13 19:00:00,1386.0,25.3
2022-06-13 20:00:00,1496.0,24.9
2022-06-13 21:00:00,1475.0,24.3
2022-06-13 22:00:00,1335.0,23.9
2022-06-13 23:00:00,1213.0,23.2
2022-06-14 00:00:00,1179.0,22.7
2022-06-14 01:00:00,1123.0,22.1
2022-06-14 02:00:00,1092.0,21.6
2022-06-14 03:00:00,1070.0,21.0
2022-06-14 04:00:00,1056.0,21.0
2022-06-14 05:00:00,1090.0,20.6
2022-06-14 06:00:00,1253.0,20.5
2022-06-14 07:00:00,1310.0,20.9
2022-06-14 08:00:00,1381.0,22.9
2022-06-14 09:00:00,1485.0,24.6
2022-06-14 10:00:00,1531.0,26.6
2022-06-14 11:00:00,1570.0,28.4
2022-06-14 12:00:00,1491.0,30.6
2022-06-14 13:00:00,1536.0,32.0
2022-06-14 14:00:00,1566.0,32.9
2022-06-14 15:00:00,1595.0,33.4
2022-06-14 16:00:00,1609.0,32.2
2022-06-14 17:00:00,1670.0,31.7
2022-06-14 18:00:00,1574.0,30.3
2022-06-14 19:00:00,1538.0,27.9
2022-06-14 20:00:00,1681.0,26.9
2022-06-14 21:00:00,1685.0,26.8
2022-06-14 22:00:00,1515.0,26.4
2022-06-14 23:00:00,1387.0,25.9
2022-06-15 00:00:00,1344.0,25.5
2022-06-15 01:00:00,1266.0,25.6
2022-06-15 02:00:00,1215.0,26.0
2022-06-15 03:00:00,1177.0,25.8
2022-06-15 04:00:00,1170.0,25.2
2022-06-15 05:00:00,1190.0,23.8
2022-06-15 06:00:00,1332.0,23.8
2022-06-15 07:00:00,1395.0,23.9
2022-06-15 08:00:00,1473.0,24.5
2022-06-15 09:00:00,1606.0,26.7
2022-06-15 10:00:00,1689.0,28.4
2022-06-15 11:00:00,1733.0,31.0
2022-06-15 12:00:00,1672.0,31.9
2022-06-15 13:00:00,1695.0,33.2
2022-06-15 14:00:00,1726.0,34.2
2022-06-15 15:00:00,1737.0,35.2
2022-06-15 16:00:00,1751.0,34.6
2022-06-15 17:00:00,1805.0,33.8
2022-06-15 18:00:00,1695.0,31.5
2022-06-15 19:00:00,1650.0,30.4
2022-06-15 20:00:00,1812.0,28.9
2022-06-15 21:00:00,1875.0,29.7
2022-06-15 22:00:00,1723.0,30.2
2022-06-15 23:00:00,1576.0,30.3
2022-06-16 00:00:00,1502.0,28.9
2022-06-16 01:00:00,1440.0,27.9
2022-06-16 02:00:00,1373.0,27.4
2022-06-16 03:00:00,1343.0,27.2
2022-06-16 04:00:00,1306.0,26.9
2022-06-16 05:00:00,1304.0,26.9
2022-06-16 06:00:00,1426.0,25.8
2022-06-16 07:00:00,1497.0,25.2
2022-06-16 08:00:00,1526.0,26.3
2022-06-16 09:00:00,1652.0,27.8
2022-06-16 10:00:00,1740.0,29.0
2022-06-16 11:00:00,1777.0,30.4
2022-06-16 12:00:00,1733.0,31.9
2022-06-16 13:00:00,1793.0,31.9
2022-06-16 14:00:00,1784.0,31.5
2022-06-16 15:00:00,1822.0,32.6
2022-06-16 16:00:00,1816.0,32.0
2022-06-16 17:00:00,1836.0,31.5
2022-06-16 18:00:00,1718.0,30.7
2022-06-16 19:00:00,1670.0,29.9
2022-06-16 20:00:00,1934.0,28.9
2022-06-16 21:00:00,1951.0,28.1
2022-06-16 22:00:00,1749.0,27.4
2022-06-16 23:00:00,1597.0,26.8
2022-06-17 00:00:00,1483.0,26.3
2022-06-17 01:00:00,1416.0,25.9
2022-06-17 02:00:00,1334.0,25.6
2022-06-17 03:00:00,1290.0,24.2
2022-06-17 04:00:00,1257.0,23.5
2022-06-17 05:00:00,1238.0,24.6
2022-06-17 06:00:00,1391.0,24.6
2022-06-17 07:00:00,1427.0,24.6
2022-06-17 08:00:00,1494.0,24.4
2022-06-17 09:00:00,1594.0,25.8
2022-06-17 10:00:00,1614.0,24.1
2022-06-17 11:00:00,1633.0,24.2
2022-06-17 12:00:00,1525.0,24.6
2022-06-17 13:00:00,1565.0,28.2
2022-06-17 14:00:00,1606.0,29.2
2022-06-17 15:00:00,1625.0,27.8
2022-06-17 16:00:00,1622.0,27.6
2022-06-17 17:00:00,1701.0,27.5
2022-06-17 18:00:00,1557.0,26.3
2022-06-17 19:00:00,1514.0,25.4
2022-06-17 20:00:00,1685.0,24.8
2022-06-17 21:00:00,1640.0,24.3
2022-06-17 22:00:00,1468.0,24.0
2022-06-17 23:00:00,1367.0,23.9
2022-06-18 00:00:00,1318.0,23.8
2022-06-18 01:00:00,1246.0,23.7
2022-06-18 02:00:00,1189.0,23.8
2022-06-18 03:00:00,1174.0,23.8
2022-06-18 04:00:00,1156.0,23.7
2022-06-18 05:00:00,1173.0,23.6
2022-06-18 06:00:00,1267.0,23.6
2022-06-18 07:00:00,1377.0,23.9
2022-06-18 08:00:00,1442.0,24.2
2022-06-18 09:00:00,1504.0,25.2
2022-06-18 10:00:00,1490.0,25.2
2022-06-18 11:00:00,1505.0,26.2
2022-06-18 12:00:00,1400.0,25.8
2022-06-18 13:00:00,1402.0,27.4
2022-06-18 14:00:00,1415.0,26.1
2022-06-18 15:00:00,1416.0,26.5
2022-06-18 16:00:00,1458.0,25.3
2022-06-18 17:00:00,1498.0,25.7
2022-06-18 18:00:00,1378.0,25.4
2022-06-18 19:00:00,1366.0,25.4
2022-06-18 20:00:00,1500.0,25.0
2022-06-18 21:00:00,1464.0,24.3
2022-06-18 22:00:00,1361.0,24.6
2022-06-18 23:00:00,1321.0,24.2
2022-06-19 00:00:00,1302.0,24.1
2022-06-19 01:00:00,1230.0,23.9
2022-06-19 02:00:00,1191.0,24.2
2022-06-19 03:00:00,1175.0,24.2
2022-06-19 04:00:00,1140.0,23.9
2022-06-19 05:00:00,1149.0,23.9
2022-06-19 06:00:00,1249.0,23.7
2022-06-19 07:00:00,1362.0,23.8
2022-06-19 08:00:00,1422.0,24.0
2022-06-19 09:00:00,1444.0,24.2
2022-06-19 10:00:00,1463.0,24.5
2022-06-19 11:00:00,1534.0,24.9
2022-06-19 12:00:00,1441.0,26.5
2022-06-19 13:00:00,1456.0,26.1
2022-06-19 14:00:00,1452.0,27.3
2022-06-19 15:00:00,1508.0,29.1
2022-06-19 16:00:00,1502.0,30.3
2022-06-19 17:00:00,1581.0,29.1
2022-06-19 18:00:00,1514.0,28.0
2022-06-19 19:00:00,1467.0,26.7
2022-06-19 20:00:00,1608.0,25.9
2022-06-19 21:00:00,1569.0,25.6
2022-06-19 22:00:00,1422.0,25.7
2022-06-19 23:00:00,1311.0,25.6
2022-06-20 00:00:00,1310.0,25.4
2022-06-20 01:00:00,1262.0,25.3
2022-06-20 02:00:00,1216.0,25.0
2022-06-20 03:00:00,1202.0,24.6
2022-06-20 04:00:00,1180.0,25.0
2022-06-20 05:00:00,1184.0,24.8
2022-06-20 06:00:00,1323.0,24.5
2022-06-20 07:00:00,1398.0,24.6
2022-06-20 08:00:00,1495.0,25.0
2022-06-20 09:00:00,1580.0,26.1
2022-06-20 10:00:00,1645.0,27.5
2022-06-20 11:00:00,1645.0,29.1
2022-06-20 12:00:00,1510.0,30.3
2022-06-20 13:00:00,1555.0,30.8
2022-06-20 14:00:00,1566.0,31.6
2022-06-20 15:00:00,1567.0,31.6
2022-06-20 16:00:00,1572.0,31.7
2022-06-20 17:00:00,1617.0,30.3
2022-06-20 18:00:00,1518.0,29.3
2022-06-20 19:00:00,1486.0,28.2
2022-06-20 20:00:00,1711.0,27.5
2022-06-20 21:00:00,1729.0,25.3
2022-06-20 22:00:00,1580.0,25.5
2022-06-20 23:00:00,1451.0,25.7
2022-06-21 00:00:00,1431.0,25.4
2022-06-21 01:00:00,1336.0,25.5
2022-06-21 02:00:00,1279.0,25.4
2022-06-21 03:00:00,1255.0,25.0
2022-06-21 04:00:00,1223.0,25.0
2022-06-21 05:00:00,1227.0,24.8
2022-06-21 06:00:00,1372.0,24.9
2022-06-21 07:00:00,1432.0,25.3
2022-06-21 08:00:00,1518.0,25.6
2022-06-21 09:00:00,1631.0,26.7
2022-06-21 10:00:00,1683.0,27.1
2022-06-21 11:00:00,1720.0,28.9
2022-06-21 12:00:00,1682.0,30.8
2022-06-21 13:00:00,1713.0,30.7
2022-06-21 14:00:00,1739.0,30.7
2022-06-21 15:00:00,1725.0,30.7
2022-06-21 16:00:00,1743.0,30.6
2022-06-21 17:00:00,1800.0,30.4
2022-06-21 18:00:00,1673.0,29.3
2022-06-21 19:00:00,1620.0,28.9
2022-06-21 20:00:00,1815.0,27.3
2022-06-21 21:00:00,1890.0,26.9
2022-06-21 22:00:00,1738.0,26.8
2022-06-21 23:00:00,1591.0,26.5
2022-06-22 00:00:00,1522.0,26.3
2022-06-22 01:00:00,1444.0,26.3
2022-06-22 02:00:00,1376.0,26.3
2022-06-22 03:00:00,1325.0,26.1
2022-06-22 04:00:00,1281.0,25.9
2022-06-22 05:00:00,1284.0,25.7
2022-06-22 06:00:00,1400.0,25.8
2022-06-22 07:00:00,1448.0,26.1
2022-06-22 08:00:00,1584.0,28.7
2022-06-22 09:00:00,1721.0,30.0
2022-06-22 10:00:00,1786.0,29.5
2022-06-22 11:00:00,1841.0,30.3
2022-06-22 12:00:00,1775.0,30.2
2022-06-22 13:00:00,1824.0,31.9
2022-06-22 14:00:00,1829.0,32.0
2022-06-22 15:00:00,1844.0,31.9
2022-06-22 16:00:00,1835.0,31.7
2022-06-22 17:00:00,1891.0,32.3
2022-06-22 18:00:00,1751.0,31.8
2022-06-22 19:00:00,1739.0,31.3
2022-06-22 20:00:00,1928.0,31.3
2022-06-22 21:00:00,2036.0,30.5
2022-06-22 22:00:00,1906.0,30.0
2022-06-22 23:00:00,1737.0,29.6
2022-06-23 00:00:00,1649.0,28.0
2022-06-23 01:00:00,1550.0,28.4
2022-06-23 02:00:00,1471.0,28.2
2022-06-23 03:00:00,1416.0,28.0
2022-06-23 04:00:00,1364.0,26.7
2022-06-23 05:00:00,1367.0,26.8
2022-06-23 06:00:00,1466.0,27.2
2022-06-23 07:00:00,1499.0,27.7
2022-06-23 08:00:00,1612.0,28.0
2022-06-23 09:00:00,1751.0,29.5
2022-06-23 10:00:00,1825.0,30.5
2022-06-23 11:00:00,1923.0,31.4
2022-06-23 12:00:00,1885.0,32.8
2022-06-23 13:00:00,1937.0,32.9
2022-06-23 14:00:00,1937.0,31.9
2022-06-23 15:00:00,1946.0,33.5
2022-06-23 16:00:00,1945.0,33.0
2022-06-23 17:00:00,1995.0,32.5
2022-06-23 18:00:00,1868.0,31.3
2022-06-23 19:00:00,1854.0,31.2
2022-06-23 20:00:00,2139.0,30.4
2022-06-23 21:00:00,2235.0,30.5
2022-06-23 22:00:00,2096.0,30.8
2022-06-23 23:00:00,1925.0,30.7
2022-06-24 00:00:00,1825.0,30.5
2022-06-24 01:00:00,1738.0,30.2
2022-06-24 02:00:00,1636.0,28.1
2022-06-24 03:00:00,1581.0,27.1
2022-06-24 04:00:00,1516.0,26.7
2022-06-24 05:00:00,1493.0,26.1
2022-06-24 06:00:00,1552.0,25.7
2022-06-24 07:00:00,1584.0,26.6
2022-06-24 08:00:00,1675.0,26.9
2022-06-24 09:00:00,1794.0,28.0
2022-06-24 10:00:00,1867.0,28.5
2022-06-24 11:00:00,1905.0,28.8
2022-06-24 12:00:00,1833.0,29.9
2022-06-24 13:00:00,1934.0,30.6
2022-06-24 14:00:00,1937.0,31.3
2022-06-24 15:00:00,1940.0,31.6
2022-06-24 16:00:00,1950.0,31.0
2022-06-24 17:00:00,1961.0,30.3
2022-06-24 18:00:00,1873.0,30.0
2022-06-24 19:00:00,1871.0,30.6
2022-06-24 20:00:00,2111.0,29.9
2022-06-24 21:00:00,2270.0,30.3
2022-06-24 22:00:00,2075.0,30.1
2022-06-24 23:00:00,1927.0,29.4
2022-06-25 00:00:00,1822.0,29.3
2022-06-25 01:00:00,1695.0,29.0
2022-06-25 02:00:00,1603.0,28.3
2022-06-25 03:00:00,1521.0,27.1
2022-06-25 04:00:00,1483.0,27.2
2022-06-25 05:00:00,1461.0,27.8
2022-06-25 06:00:00,1529.0,26.8
2022-06-25 07:00:00,1574.0,27.2
2022-06-25 08:00:00,1642.0,28.6
2022-06-25 09:00:00,1787.0,29.9
2022-06-25 10:00:00,1888.0,31.5
2022-06-25 11:00:00,1993.0,32.4
2022-06-25 12:00:00,1986.0,33.6
2022-06-25 13:00:00,2045.0,34.2
2022-06-25 14:00:00,2120.0,35.0
2022-06-25 15:00:00,2100.0,32.2
2022-06-25 16:00:00,2096.0,33.2
2022-06-25 17:00:00,2087.0,32.2
2022-06-25 18:00:00,1964.0,33.9
2022-06-25 19:00:00,1942.0,33.4
2022-06-25 20:00:00,2231.0,33.0
2022-06-25 21:00:00,2434.0,32.8
2022-06-25 22:00:00,2321.0,31.7
2022-06-25 23:00:00,2172.0,31.5
2022-06-26 00:00:00,2026.0,31.2
2022-06-26 01:00:00,1891.0,30.7
2022-06-26 02:00:00,1787.0,29.8
2022-06-26 03:00:00,1696.0,28.8
2022-06-26 04:00:00,1613.0,27.9
2022-06-26 05:00:00,1569.0,28.1
2022-06-26 06:00:00,1578.0,27.3
2022-06-26 07:00:00,1593.0,28.4
2022-06-26 08:00:00,1631.0,29.7
2022-06-26 09:00:00,1745.0,30.4
2022-06-26 10:00:00,1837.0,31.6
2022-06-26 11:00:00,1926.0,32.1
2022-06-26 12:00:00,1963.0,33.6
2022-06-26 13:00:00,2064.0,33.9
2022-06-26 14:00:00,2096.0,34.4
2022-06-26 15:00:00,2094.0,34.0
2022-06-26 16:00:00,2079.0,34.7
2022-06-26 17:00:00,2101.0,34.0
2022-06-26 18:00:00,1969.0,33.8
2022-06-26 19:00:00,1955.0,33.5
2022-06-26 20:00:00,2291.0,32.8
2022-06-26 21:00:00,2531.0,32.3
2022-06-26 22:00:00,2373.0,32.1
2022-06-26 23:00:00,2203.0,31.8
2022-06-27 00:00:00,2058.0,31.3
2022-06-27 01:00:00,1928.0,30.8
2022-06-27 02:00:00,1815.0,30.6
2022-06-27 03:00:00,1739.0,29.4
2022-06-27 04:00:00,1644.0,29.5
2022-06-27 05:00:00,1615.0,29.4
2022-06-27 06:00:00,1622.0,29.0
2022-06-27 07:00:00,1600.0,29.1
2022-06-27 08:00:00,1728.0,30.5
2022-06-27 09:00:00,1889.0,30.6
2022-06-27 10:00:00,1937.0,31.1
2022-06-27 11:00:00,1950.0,32.8
2022-06-27 12:00:00,1927.0,33.5
2022-06-27 13:00:00,2035.0,34.6
2022-06-27 14:00:00,2054.0,33.7
2022-06-27 15:00:00,1988.0,32.7
2022-06-27 16:00:00,1937.0,32.6
2022-06-27 17:00:00,1925.0,32.2
2022-06-27 18:00:00,1798.0,32.0
2022-06-27 19:00:00,1842.0,31.8
2022-06-27 20:00:00,2109.0,29.4
2022-06-27 21:00:00,2221.0,28.6
2022-06-27 22:00:00,2036.0,28.1
2022-06-27 23:00:00,1856.0,27.9
2022-06-28 00:00:00,1739.0,27.8
2022-06-28 01:00:00,1705.0,27.5
2022-06-28 02:00:00,1604.0,27.6
2022-06-28 03:00:00,1548.0,26.5
2022-06-28 04:00:00,1473.0,25.7
2022-06-28 05:00:00,1444.0,25.7
2022-06-28 06:00:00,1475.0,25.0
2022-06-28 07:00:00,1505.0,26.2
2022-06-28 08:00:00,1689.0,27.9
2022-06-28 09:00:00,1794.0,29.3
2022-06-28 10:00:00,1883.0,30.3
2022-06-28 11:00:00,1961.0,31.2
2022-06-28 12:00:00,1911.0,32.8
2022-06-28 13:00:00,2008.0,33.8
2022-06-28 14:00:00,2043.0,34.3
2022-06-28 15:00:00,2021.0,35.6
2022-06-28 16:00:00,2019.0,36.2
2022-06-28 17:00:00,2063.0,36.3
2022-06-28 18:00:00,1950.0,34.3
2022-06-28 19:00:00,1989.0,31.9
2022-06-28 20:00:00,2256.0,30.3
2022-06-28 21:00:00,2515.0,29.4
2022-06-28 22:00:00,2353.0,28.8
2022-06-28 23:00:00,2193.0,28.6
2022-06-29 00:00:00,2127.0,28.3
2022-06-29 01:00:00,2049.0,28.2
2022-06-29 02:00:00,1917.0,28.1
2022-06-29 03:00:00,1834.0,28.5
2022-06-29 04:00:00,1742.0,27.7
2022-06-29 05:00:00,1675.0,27.5
2022-06-29 06:00:00,1693.0,26.8
2022-06-29 07:00:00,1667.0,27.1
2022-06-29 08:00:00,1776.0,28.1
2022-06-29 09:00:00,1939.0,29.1
2022-06-29 10:00:00,2048.0,30.1
2022-06-29 11:00:00,2158.0,31.7
2022-06-29 12:00:00,2180.0,34.5
2022-06-29 13:00:00,2279.0,35.5
2022-06-29 14:00:00,2312.0,35.5
2022-06-29 15:00:00,2301.0,36.3
2022-06-29 16:00:00,2255.0,35.2
2022-06-29 17:00:00,2314.0,35.3
2022-06-29 18:00:00,2182.0,35.0
2022-06-29 19:00:00,2180.0,32.9
2022-06-29 20:00:00,2453.0,31.2
2022-06-29 21:00:00,2699.0,30.2
2022-06-29 22:00:00,2598.0,29.1
2022-06-29 23:00:00,2396.0,28.4
2022-06-30 00:00:00,2225.0,27.3
2022-06-30 01:00:00,2082.0,26.8
2022-06-30 02:00:00,1968.0,27.0
2022-06-30 03:00:00,1848.0,27.3
2022-06-30 04:00:00,1756.0,25.9
2022-06-30 05:00:00,1709.0,26.0
2022-06-30 06:00:00,1720.0,25.8
2022-06-30 07:00:00,1723.0,27.6
2022-06-30 08:00:00,1799.0,28.3
2022-06-30 09:00:00,1955.0,29.7
2022-06-30 10:00:00,2066.0,31.3
2022-06-30 11:00:00,2143.0,32.4
2022-06-30 12:00:00,2192.0,32.8
2022-06-30 13:00:00,2323.0,33.9
2022-06-30 14:00:00,2332.0,35.3
2022-06-30 15:00:00,2292.0,35.7
2022-06-30 16:00:00,2268.0,34.9
2022-06-30 17:00:00,2292.0,34.5
2022-06-30 18:00:00,2163.0,33.5
2022-06-30 19:00:00,2165.0,31.9
2022-06-30 20:00:00,2474.0,30.5
2022-06-30 21:00:00,2780.0,29.6
2022-06-30 22:00:00,2634.0,28.9
2022-06-30 23:00:00,2406.0,28.6
2022-07-01 00:00:00,2255.0,28.4
2022-07-01 01:00:00,2117.0,28.4
2022-07-01 02:00:00,1957.0,28.7
2022-07-01 03:00:00,1853.0,28.3
2022-07-01 04:00:00,1778.0,27.9
2022-07-01 05:00:00,1721.0,27.8
2022-07-01 06:00:00,1712.0,27.8
2022-07-01 07:00:00,1710.0,29.0
2022-07-01 08:00:00,1836.0,30.6
2022-07-01 09:00:00,1959.0,31.8
2022-07-01 10:00:00,2059.0,33.2
2022-07-01 11:00:00,2156.0,34.5
2022-07-01 12:00:00,2164.0,35.2
2022-07-01 13:00:00,2250.0,35.1
2022-07-01 14:00:00,2255.0,35.5
2022-07-01 15:00:00,2231.0,33.3
2022-07-01 16:00:00,2171.0,33.0
2022-07-01 17:00:00,2171.0,31.7
2022-07-01 18:00:00,2000.0,31.4
2022-07-01 19:00:00,2001.0,30.9
2022-07-01 20:00:00,2314.0,27.9
2022-07-01 21:00:00,2489.0,27.3
2022-07-01 22:00:00,2349.0,27.2
2022-07-01 23:00:00,2187.0,27.3
2022-07-02 00:00:00,2081.0,27.7
2022-07-02 01:00:00,1938.0,27.1
2022-07-02 02:00:00,1832.0,27.0
2022-07-02 03:00:00,1749.0,26.4
2022-07-02 04:00:00,1673.0,26.5
2022-07-02 05:00:00,1624.0,27.1
2022-07-02 06:00:00,1655.0,26.9
2022-07-02 07:00:00,1689.0,28.0
2022-07-02 08:00:00,1743.0,28.6
2022-07-02 09:00:00,1895.0,30.5
2022-07-02 10:00:00,1954.0,31.5
2022-07-02 11:00:00,2016.0,34.4
2022-07-02 12:00:00,2038.0,35.3
2022-07-02 13:00:00,2085.0,34.1
2022-07-02 14:00:00,2133.0,35.9
2022-07-02 15:00:00,2109.0,30.8
2022-07-02 16:00:00,2005.0,27.7
2022-07-02 17:00:00,2055.0,27.5
2022-07-02 18:00:00,1821.0,28.1
2022-07-02 19:00:00,1793.0,24.9
2022-07-02 20:00:00,2058.0,24.6
2022-07-02 21:00:00,2072.0,24.4
2022-07-02 22:00:00,1925.0,24.3
2022-07-02 23:00:00,1824.0,24.5
2022-07-03 00:00:00,1711.0,24.5
2022-07-03 01:00:00,1633.0,24.4
2022-07-03 02:00:00,1583.0,24.2
2022-07-03 03:00:00,1516.0,24.1
2022-07-03 04:00:00,1501.0,24.1
2022-07-03 05:00:00,1466.0,24.2
2022-07-03 06:00:00,1513.0,24.2
2022-07-03 07:00:00,1539.0,24.5
2022-07-03 08:00:00,1584.0,25.3
2022-07-03 09:00:00,1655.0,27.5
2022-07-03 10:00:00,1759.0,29.9
2022-07-03 11:00:00,1826.0,30.4
2022-07-03 12:00:00,1774.0,30.1
2022-07-03 13:00:00,1720.0,26.4
2022-07-03 14:00:00,1707.0,26.7
2022-07-03 15:00:00,1700.0,27.4
2022-07-03 16:00:00,1689.0,26.4
2022-07-03 17:00:00,1700.0,25.8
2022-07-03 18:00:00,1632.0,25.7
2022-07-03 19:00:00,1653.0,25.8
2022-07-03 20:00:00,1872.0,25.6
2022-07-03 21:00:00,1898.0,26.1
2022-07-03 22:00:00,1745.0,26.0
2022-07-03 23:00:00,1625.0,25.7
2022-07-04 00:00:00,1519.0,25.5
2022-07-04 01:00:00,1421.0,25.0
2022-07-04 02:00:00,1367.0,24.8
2022-07-04 03:00:00,1336.0,24.7
2022-07-04 04:00:00,1288.0,24.7
2022-07-04 05:00:00,1279.0,24.8
2022-07-04 06:00:00,1330.0,24.7
2022-07-04 07:00:00,1389.0,24.8
2022-07-04 08:00:00,1521.0,24.6
2022-07-04 09:00:00,1645.0,24.5
2022-07-04 10:00:00,1682.0,24.4
2022-07-04 11:00:00,1699.0,24.4
2022-07-04 12:00:00,1606.0,24.6
2022-07-04 13:00:00,1605.0,25.2
2022-07-04 14:00:00,1576.0,25.3
2022-07-04 15:00:00,1632.0,25.6
2022-07-04 16:00:00,1662.0,25.9
2022-07-04 17:00:00,1712.0,25.9
2022-07-04 18:00:00,1599.0,25.9
2022-07-04 19:00:00,1582.0,25.2
2022-07-04 20:00:00,1708.0,25.1
2022-07-04 21:00:00,1693.0,25.1
2022-07-04 22:00:00,1601.0,25.2
2022-07-04 23:00:00,1527.0,25.1
2022-07-05 00:00:00,1529.0,25.0
2022-07-05 01:00:00,1502.0,25.0
2022-07-05 02:00:00,1472.0,24.9
2022-07-05 03:00:00,1431.0,24.7
2022-07-05 04:00:00,1418.0,24.6
2022-07-05 05:00:00,1427.0,24.6
2022-07-05 06:00:00,1525.0,24.5
2022-07-05 07:00:00,1613.0,24.7
2022-07-05 08:00:00,1644.0,25.0
2022-07-05 09:00:00,1730.0,26.4
2022-07-05 10:00:00,1829.0,29.1
2022-07-05 11:00:00,1887.0,31.5
2022-07-05 12:00:00,1847.0,31.2
2022-07-05 13:00:00,1880.0,31.6
2022-07-05 14:00:00,1906.0,32.4
2022-07-05 15:00:00,1955.0,32.8
2022-07-05 16:00:00,1917.0,33.1
2022-07-05 17:00:00,1932.0,32.6
2022-07-05 18:00:00,1805.0,31.5
2022-07-05 19:00:00,1761.0,30.0
2022-07-05 20:00:00,1973.0,28.8
2022-07-05 21:00:00,2082.0,28.4
2022-07-05 22:00:00,1981.0,28.1
2022-07-05 23:00:00,1867.0,27.7
2022-07-06 00:00:00,1693.0,23.1
2022-07-06 01:00:00,1507.0,22.7
2022-07-06 02:00:00,1494.0,22.7
2022-07-06 03:00:00,1454.0,23.0
2022-07-06 04:00:00,1445.0,23.3
2022-07-06 05:00:00,1438.0,23.1
2022-07-06 06:00:00,1526.0,23.1
2022-07-06 07:00:00,1622.0,23.2
2022-07-06 08:00:00,1744.0,23.7
2022-07-06 09:00:00,1819.0,24.6
2022-07-06 10:00:00,1931.0,26.2
2022-07-06 11:00:00,2003.0,27.7
2022-07-06 12:00:00,1990.0,28.9
2022-07-06 13:00:00,2056.0,30.1
2022-07-06 14:00:00,2105.0,30.7
2022-07-06 15:00:00,2108.0,31.3
2022-07-06 16:00:00,2147.0,31.2
2022-07-06 17:00:00,2204.0,31.5
2022-07-06 18:00:00,1978.0,30.9
2022-07-06 19:00:00,1943.0,29.5
2022-07-06 20:00:00,2167.0,28.2
2022-07-06 21:00:00,2360.0,28.1
2022-07-06 22:00:00,2162.0,27.7
2022-07-06 23:00:00,1937.0,27.5
2022-07-07 00:00:00,1767.0,27.1
2022-07-07 01:00:00,1618.0,27.9
2022-07-07 02:00:00,1553.0,27.7
2022-07-07 03:00:00,1483.0,26.8
2022-07-07 04:00:00,1438.0,27.0
2022-07-07 05:00:00,1437.0,26.8
2022-07-07 06:00:00,1498.0,25.5
2022-07-07 07:00:00,1569.0,26.8
2022-07-07 08:00:00,1697.0,29.3
2022-07-07 09:00:00,1845.0,30.1
2022-07-07 10:00:00,1944.0,28.3
2022-07-07 11:00:00,2001.0,27.0
2022-07-07 12:00:00,1953.0,25.0
2022-07-07 13:00:00,1988.0,25.2
2022-07-07 14:00:00,1998.0,26.1
2022-07-07 15:00:00,2017.0,30.4
2022-07-07 16:00:00,2039.0,28.7
2022-07-07 17:00:00,2066.0,24.9
2022-07-07 18:00:00,1858.0,24.8
2022-07-07 19:00:00,1827.0,25.3
2022-07-07 20:00:00,2048.0,25.2
2022-07-07 21:00:00,2154.0,24.8
2022-07-07 22:00:00,1995.0,24.9
2022-07-07 23:00:00,1817.0,25.0
2022-07-08 00:00:00,1676.0,25.0
2022-07-08 01:00:00,1536.0,24.9
2022-07-08 02:00:00,1467.0,24.6
2022-07-08 03:00:00,1409.0,24.9
2022-07-08 04:00:00,1406.0,25.1
2022-07-08 05:00:00,1412.0,24.7
2022-07-08 06:00:00,1500.0,24.5
2022-07-08 07:00:00,1560.0,24.6
2022-07-08 08:00:00,1636.0,24.9
2022-07-08 09:00:00,1750.0,25.4
2022-07-08 10:00:00,1847.0,27.4
2022-07-08 11:00:00,1911.0,28.7
2022-07-08 12:00:00,1873.0,29.9
2022-07-08 13:00:00,1925.0,31.3
2022-07-08 14:00:00,1982.0,32.6
2022-07-08 15:00:00,2014.0,33.3
2022-07-08 16:00:00,2015.0,33.3
2022-07-08 17:00:00,2070.0,33.0
2022-07-08 18:00:00,1907.0,32.9
2022-07-08 19:00:00,1864.0,32.0
2022-07-08 20:00:00,2098.0,31.5
2022-07-08 21:00:00,2299.0,30.6
2022-07-08 22:00:00,2172.0,30.6
2022-07-08 23:00:00,2009.0,29.6
2022-07-09 00:00:00,1885.0,29.0
2022-07-09 01:00:00,1736.0,28.2
2022-07-09 02:00:00,1656.0,28.5
2022-07-09 03:00:00,1581.0,28.1
2022-07-09 04:00:00,1509.0,27.4
2022-07-09 05:00:00,1492.0,27.3
2022-07-09 06:00:00,1529.0,26.6
2022-07-09 07:00:00,1551.0,27.2
2022-07-09 08:00:00,1626.0,28.1
2022-07-09 09:00:00,1755.0,29.0
2022-07-09 10:00:00,1874.0,31.0
2022-07-09 11:00:00,1971.0,31.8
2022-07-09 12:00:00,1950.0,33.2
2022-07-09 13:00:00,2064.0,32.8
2022-07-09 14:00:00,2132.0,34.4
2022-07-09 15:00:00,2142.0,34.9
2022-07-09 16:00:00,2144.0,35.3
2022-07-09 17:00:00,2179.0,35.3
2022-07-09 18:00:00,2048.0,34.9
2022-07-09 19:00:00,2018.0,33.4
2022-07-09 20:00:00,2339.0,33.4
2022-07-09 21:00:00,2578.0,32.8
2022-07-09 22:00:00,2494.0,30.8
2022-07-09 23:00:00,2302.0,30.6
2022-07-10 00:00:00,2149.0,31.1
2022-07-10 01:00:00,2000.0,31.0
2022-07-10 02:00:00,1880.0,29.6
2022-07-10 03:00:00,1778.0,29.6
2022-07-10 04:00:00,1697.0,28.9
2022-07-10 05:00:00,1632.0,28.0
2022-07-10 06:00:00,1627.0,27.7
2022-07-10 07:00:00,1639.0,27.9
2022-07-10 08:00:00,1694.0,29.4
2022-07-10 09:00:00,1859.0,30.9
2022-07-10 10:00:00,1960.0,32.1
2022-07-10 11:00:00,2028.0,33.2
2022-07-10 12:00:00,2060.0,34.0
2022-07-10 13:00:00,2173.0,34.7
2022-07-10 14:00:00,2222.0,35.7
2022-07-10 15:00:00,2249.0,35.6
2022-07-10 16:00:00,2239.0,36.0
2022-07-10 17:00:00,2249.0,35.8
2022-07-10 18:00:00,2126.0,35.3
2022-07-10 19:00:00,2091.0,34.7
2022-07-10 20:00:00,2407.0,34.1
2022-07-10 21:00:00,2776.0,33.6
2022-07-10 22:00:00,2683.0,32.6
2022-07-10 23:00:00,2473.0,31.4
2022-07-11 00:00:00,2335.0,32.0
2022-07-11 01:00:00,2173.0,31.6
2022-07-11 02:00:00,2046.0,30.9
2022-07-11 03:00:00,1950.0,28.8
2022-07-11 04:00:00,1842.0,28.0
2022-07-11 05:00:00,1780.0,28.3
2022-07-11 06:00:00,1742.0,27.4
2022-07-11 07:00:00,1712.0,27.7
2022-07-11 08:00:00,1863.0,28.9
2022-07-11 09:00:00,2066.0,30.7
2022-07-11 10:00:00,2179.0,32.0
2022-07-11 11:00:00,2275.0,33.1
2022-07-11 12:00:00,2303.0,33.8
2022-07-11 13:00:00,2434.0,34.4
2022-07-11 14:00:00,2495.0,35.2
2022-07-11 15:00:00,2484.0,35.5
2022-07-11 16:00:00,2463.0,35.4
2022-07-11 17:00:00,2489.0,35.6
2022-07-11 18:00:00,2324.0,35.2
2022-07-11 19:00:00,2288.0,34.3
2022-07-11 20:00:00,2644.0,34.1
2022-07-11 21:00:00,2959.0,33.9
2022-07-11 22:00:00,2869.0,32.0
2022-07-11 23:00:00,2653.0,32.5
2022-07-12 00:00:00,2506.0,32.1
2022-07-12 01:00:00,2347.0,31.7
2022-07-12 02:00:00,2215.0,31.2
2022-07-12 03:00:00,2111.0,31.0
2022-07-12 04:00:00,1981.0,30.6
2022-07-12 05:00:00,1903.0,29.8
2022-07-12 06:00:00,1827.0,27.8
2022-07-12 07:00:00,1819.0,28.8
2022-07-12 08:00:00,1945.0,29.9
2022-07-12 09:00:00,2126.0,30.9
2022-07-12 10:00:00,2216.0,32.2
2022-07-12 11:00:00,2319.0,33.4
2022-07-12 12:00:00,2370.0,34.1
2022-07-12 13:00:00,2500.0,35.0
2022-07-12 14:00:00,2561.0,35.8
2022-07-12 15:00:00,2566.0,35.3
2022-07-12 16:00:00,2526.0,35.9
2022-07-12 17:00:00,2545.0,35.9
2022-07-12 18:00:00,2346.0,35.2
2022-07-12 19:00:00,2324.0,34.1
2022-07-12 20:00:00,2702.0,34.3
2022-07-12 21:00:00,3019.0,33.2
2022-07-12 22:00:00,2918.0,31.3
2022-07-12 23:00:00,2728.0,31.5
2022-07-13 00:00:00,2602.0,31.9
2022-07-13 01:00:00,2436.0,30.9
2022-07-13 02:00:00,2295.0,30.4
2022-07-13 03:00:00,2154.0,30.5
2022-07-13 04:00:00,2056.0,29.7
2022-07-13 05:00:00,1979.0,28.3
2022-07-13 06:00:00,1910.0,28.2
2022-07-13 07:00:00,1898.0,28.1
2022-07-13 08:00:00,2041.0,29.5
2022-07-13 09:00:00,2192.0,31.0
2022-07-13 10:00:00,2313.0,32.1
2022-07-13 11:00:00,2416.0,33.4
2022-07-13 12:00:00,2433.0,34.3
2022-07-13 13:00:00,2590.0,35.0
2022-07-13 14:00:00,2643.0,35.7
2022-07-13 15:00:00,2662.0,36.1
2022-07-13 16:00:00,2618.0,36.9
2022-07-13 17:00:00,2606.0,36.8
2022-07-13 18:00:00,2435.0,36.5
2022-07-13 19:00:00,2389.0,35.6
2022-07-13 20:00:00,2768.0,34.4
2022-07-13 21:00:00,3085.0,32.2
2022-07-13 22:00:00,3003.0,31.2
2022-07-13 23:00:00,2807.0,31.5
2022-07-14 00:00:00,2665.0,31.9
2022-07-14 01:00:00,2499.0,31.8
2022-07-14 02:00:00,2358.0,31.4
2022-07-14 03:00:00,2224.0,29.6
2022-07-14 04:00:00,2115.0,29.2
2022-07-14 05:00:00,2020.0,27.7
2022-07-14 06:00:00,1939.0,27.3
2022-07-14 07:00:00,1936.0,27.5
2022-07-14 08:00:00,2047.0,28.6
2022-07-14 09:00:00,2234.0,30.9
2022-07-14 10:00:00,2355.0,32.0
2022-07-14 11:00:00,2460.0,33.2
2022-07-14 12:00:00,2483.0,34.1
2022-07-14 13:00:00,2652.0,34.7
2022-07-14 14:00:00,2688.0,35.5
2022-07-14 15:00:00,2697.0,35.2
2022-07-14 16:00:00,2640.0,36.1
2022-07-14 17:00:00,2650.0,35.9
2022-07-14 18:00:00,2438.0,35.3
2022-07-14 19:00:00,2394.0,35.0
2022-07-14 20:00:00,2746.0,34.6
2022-07-14 21:00:00,3116.0,32.5
2022-07-14 22:00:00,3006.0,32.0
2022-07-14 23:00:00,2805.0,31.5
2022-07-15 00:00:00,2665.0,31.7
2022-07-15 01:00:00,2515.0,31.7
2022-07-15 02:00:00,2373.0,31.1
2022-07-15 03:00:00,2233.0,29.1
2022-07-15 04:00:00,2096.0,28.0
2022-07-15 05:00:00,2013.0,27.5
2022-07-15 06:00:00,1952.0,27.1
2022-07-15 07:00:00,1943.0,28.0
2022-07-15 08:00:00,2036.0,28.9
2022-07-15 09:00:00,2211.0,30.5
2022-07-15 10:00:00,2349.0,31.9
2022-07-15 11:00:00,2460.0,33.1
2022-07-15 12:00:00,2490.0,33.8
2022-07-15 13:00:00,2659.0,34.4
2022-07-15 14:00:00,2695.0,35.1
2022-07-15 15:00:00,2678.0,36.2
2022-07-15 16:00:00,2626.0,35.9
2022-07-15 17:00:00,2602.0,36.2
2022-07-15 18:00:00,2352.0,35.2
2022-07-15 19:00:00,2333.0,34.5
2022-07-15 20:00:00,2713.0,34.2
2022-07-15 21:00:00,3044.0,33.5
2022-07-15 22:00:00,2951.0,33.1
2022-07-15 23:00:00,2761.0,32.0
2022-07-16 00:00:00,2629.0,31.0
2022-07-16 01:00:00,2474.0,30.5
2022-07-16 02:00:00,2331.0,30.5
2022-07-16 03:00:00,2190.0,29.4
2022-07-16 04:00:00,2095.0,28.1
2022-07-16 05:00:00,1996.0,27.5
2022-07-16 06:00:00,1904.0,27.9
2022-07-16 07:00:00,1880.0,28.4
2022-07-16 08:00:00,1941.0,29.5
2022-07-16 09:00:00,2062.0,30.2
2022-07-16 10:00:00,2185.0,31.6
2022-07-16 11:00:00,2316.0,32.4
2022-07-16 12:00:00,2380.0,33.7
2022-07-16 13:00:00,2530.0,34.6
2022-07-16 14:00:00,2600.0,35.7
2022-07-16 15:00:00,2608.0,35.9
2022-07-16 16:00:00,2545.0,35.4
2022-07-16 17:00:00,2518.0,34.8
2022-07-16 18:00:00,2362.0,34.5
2022-07-16 19:00:00,2343.0,33.9
2022-07-16 20:00:00,2760.0,33.2
2022-07-16 21:00:00,3045.0,33.7
2022-07-16 22:00:00,2934.0,32.4
2022-07-16 23:00:00,2750.0,31.8
2022-07-17 00:00:00,2639.0,31.6
2022-07-17 01:00:00,2483.0,32.2
2022-07-17 02:00:00,2362.0,30.8
2022-07-17 03:00:00,2234.0,29.7
2022-07-17 04:00:00,2125.0,29.3
2022-07-17 05:00:00,2018.0,28.5
2022-07-17 06:00:00,1890.0,28.3
2022-07-17 07:00:00,1833.0,28.3
2022-07-17 08:00:00,1891.0,28.2
2022-07-17 09:00:00,1925.0,28.2
2022-07-17 10:00:00,2033.0,29.2
2022-07-17 11:00:00,2136.0,29.4
2022-07-17 12:00:00,2150.0,29.5
2022-07-17 13:00:00,2184.0,27.5
2022-07-17 14:00:00,2141.0,26.5
2022-07-17 15:00:00,2095.0,26.8
2022-07-17 16:00:00,2066.0,27.3
2022-07-17 17:00:00,2102.0,27.4
2022-07-17 18:00:00,2006.0,27.1
2022-07-17 19:00:00,2020.0,26.8
2022-07-17 20:00:00,2355.0,26.7
2022-07-17 21:00:00,2472.0,26.5
2022-07-17 22:00:00,2333.0,26.4
2022-07-17 23:00:00,2085.0,26.2
2022-07-18 00:00:00,1805.0,25.6
2022-07-18 01:00:00,1639.0,25.1
2022-07-18 02:00:00,1548.0,25.1
2022-07-18 03:00:00,1482.0,24.7
2022-07-18 04:00:00,1425.0,24.7
2022-07-18 05:00:00,1404.0,24.5
2022-07-18 06:00:00,1451.0,24.4
2022-07-18 07:00:00,1506.0,24.9
2022-07-18 08:00:00,1648.0,26.5
2022-07-18 09:00:00,1807.0,28.2
2022-07-18 10:00:00,1920.0,30.4
2022-07-18 11:00:00,2018.0,31.5
2022-07-18 12:00:00,1989.0,32.5
2022-07-18 13:00:00,2117.0,33.4
2022-07-18 14:00:00,2154.0,34.2
2022-07-18 15:00:00,2169.0,34.1
2022-07-18 16:00:00,2142.0,33.9
2022-07-18 17:00:00,2176.0,32.5
2022-07-18 18:00:00,2020.0,29.8
2022-07-18 19:00:00,1996.0,28.5
2022-07-18 20:00:00,2333.0,28.6
2022-07-18 21:00:00,2545.0,28.8
2022-07-18 22:00:00,2370.0,26.8
2022-07-18 23:00:00,2182.0,26.9
2022-07-19 00:00:00,2022.0,26.5
2022-07-19 01:00:00,1929.0,27.2
2022-07-19 02:00:00,1843.0,26.5
2022-07-19 03:00:00,1763.0,26.4
2022-07-19 04:00:00,1668.0,26.4
2022-07-19 05:00:00,1622.0,26.3
2022-07-19 06:00:00,1612.0,26.0
2022-07-19 07:00:00,1653.0,26.4
2022-07-19 08:00:00,1773.0,27.5
2022-07-19 09:00:00,1921.0,28.1
2022-07-19 10:00:00,2002.0,29.5
2022-07-19 11:00:00,2090.0,30.5
2022-07-19 12:00:00,2027.0,27.4
2022-07-19 13:00:00,2067.0,27.6
2022-07-19 14:00:00,2059.0,26.4
2022-07-19 15:00:00,2010.0,26.8
2022-07-19 16:00:00,2060.0,27.5
2022-07-19 17:00:00,2103.0,29.1
2022-07-19 18:00:00,1915.0,29.8
2022-07-19 19:00:00,1900.0,29.2
2022-07-19 20:00:00,2243.0,28.3
2022-07-19 21:00:00,2376.0,27.8
2022-07-19 22:00:00,2225.0,28.0
2022-07-19 23:00:00,2047.0,27.9
2022-07-20 00:00:00,1965.0,27.0
2022-07-20 01:00:00,1855.0,26.7
2022-07-20 02:00:00,1787.0,26.5
2022-07-20 03:00:00,1690.0,26.4
2022-07-20 04:00:00,1652.0,26.2
2022-07-20 05:00:00,1609.0,26.1
2022-07-20 06:00:00,1631.0,26.2
2022-07-20 07:00:00,1676.0,26.8
2022-07-20 08:00:00,1808.0,27.5
2022-07-20 09:00:00,1944.0,28.7
2022-07-20 10:00:00,2023.0,29.6
2022-07-20 11:00:00,2123.0,31.5
2022-07-20 12:00:00,2087.0,32.3
2022-07-20 13:00:00,2115.0,31.6
2022-07-20 14:00:00,2066.0,30.2
2022-07-20 15:00:00,2072.0,30.4
2022-07-20 16:00:00,2052.0,28.6
2022-07-20 17:00:00,2093.0,24.8
2022-07-20 18:00:00,1975.0,25.2
2022-07-20 19:00:00,1941.0,25.2
2022-07-20 20:00:00,2181.0,24.8
2022-07-20 21:00:00,2299.0,25.0
2022-07-20 22:00:00,2195.0,25.1
2022-07-20 23:00:00,2097.0,24.9
2022-07-21 00:00:00,1787.0,24.9
2022-07-21 01:00:00,1603.0,24.8
2022-07-21 02:00:00,1538.0,25.2
2022-07-21 03:00:00,1483.0,25.3
2022-07-21 04:00:00,1433.0,25.0
2022-07-21 05:00:00,1444.0,24.8
2022-07-21 06:00:00,1508.0,24.8
2022-07-21 07:00:00,1568.0,25.1
2022-07-21 08:00:00,1683.0,25.6
2022-07-21 09:00:00,1832.0,26.5
2022-07-21 10:00:00,1930.0,29.6
2022-07-21 11:00:00,2042.0,30.9
2022-07-21 12:00:00,2040.0,31.6
2022-07-21 13:00:00,2176.0,33.0
2022-07-21 14:00:00,2218.0,34.0
2022-07-21 15:00:00,2174.0,34.5
2022-07-21 16:00:00,2207.0,34.9
2022-07-21 17:00:00,2219.0,34.8
2022-07-21 18:00:00,2063.0,33.7
2022-07-21 19:00:00,1969.0,32.0
2022-07-21 20:00:00,2255.0,30.4
2022-07-21 21:00:00,2408.0,28.6
2022-07-21 22:00:00,2253.0,27.4
2022-07-21 23:00:00,2073.0,27.3
2022-07-22 00:00:00,2021.0,28.9
2022-07-22 01:00:00,1897.0,27.9
2022-07-22 02:00:00,1808.0,28.6
2022-07-22 03:00:00,1713.0,28.5
2022-07-22 04:00:00,1670.0,28.0
2022-07-22 05:00:00,1644.0,26.6
2022-07-22 06:00:00,1672.0,26.1
2022-07-22 07:00:00,1708.0,27.5
2022-07-22 08:00:00,1819.0,28.9
2022-07-22 09:00:00,1987.0,30.0
2022-07-22 10:00:00,2103.0,31.7
2022-07-22 11:00:00,2204.0,33.0
2022-07-22 12:00:00,2208.0,34.0
2022-07-22 13:00:00,2316.0,34.7
2022-07-22 14:00:00,2368.0,35.0
2022-07-22 15:00:00,2398.0,35.1
2022-07-22 16:00:00,2374.0,35.4
2022-07-22 17:00:00,2381.0,35.8
2022-07-22 18:00:00,2193.0,35.0
2022-07-22 19:00:00,2119.0,33.4
2022-07-22 20:00:00,2483.0,32.7
2022-07-22 21:00:00,2718.0,32.3
2022-07-22 22:00:00,2601.0,32.1
2022-07-22 23:00:00,2400.0,31.5
2022-07-23 00:00:00,2282.0,30.8
2022-07-23 01:00:00,2144.0,30.4
2022-07-23 02:00:00,2024.0,28.7
2022-07-23 03:00:00,1923.0,27.3
2022-07-23 04:00:00,1852.0,28.0
2022-07-23 05:00:00,1755.0,27.0
2022-07-23 06:00:00,1701.0,26.9
2022-07-23 07:00:00,1684.0,27.5
2022-07-23 08:00:00,1739.0,26.5
2022-07-23 09:00:00,1811.0,28.0
2022-07-23 10:00:00,1995.0,28.2
2022-07-23 11:00:00,2040.0,27.3
2022-07-23 12:00:00,2092.0,27.0
2022-07-23 13:00:00,2151.0,28.4
2022-07-23 14:00:00,2212.0,29.4
2022-07-23 15:00:00,2232.0,29.9
2022-07-23 16:00:00,2257.0,29.6
2022-07-23 17:00:00,2277.0,28.3
2022-07-23 18:00:00,2118.0,27.6
2022-07-23 19:00:00,2083.0,27.2
2022-07-23 20:00:00,2345.0,26.5
2022-07-23 21:00:00,2475.0,26.8
2022-07-23 22:00:00,2339.0,26.6
2022-07-23 23:00:00,2181.0,26.0
2022-07-24 00:00:00,1932.0,25.3
2022-07-24 01:00:00,1695.0,25.7
2022-07-24 02:00:00,1611.0,25.2
2022-07-24 03:00:00,1543.0,25.4
2022-07-24 04:00:00,1491.0,25.1
2022-07-24 05:00:00,1472.0,24.9
2022-07-24 06:00:00,1508.0,25.3
2022-07-24 07:00:00,1544.0,25.7
2022-07-24 08:00:00,1599.0,26.2
2022-07-24 09:00:00,1711.0,28.4
2022-07-24 10:00:00,1807.0,30.0
2022-07-24 11:00:00,1981.0,30.9
2022-07-24 12:00:00,2055.0,32.4
2022-07-24 13:00:00,2184.0,33.1
2022-07-24 14:00:00,2269.0,34.3
2022-07-24 15:00:00,2300.0,35.1
2022-07-24 16:00:00,2290.0,35.7
2022-07-24 17:00:00,2292.0,35.3
2022-07-24 18:00:00,2025.0,33.0
2022-07-24 19:00:00,1883.0,24.9
2022-07-24 20:00:00,2106.0,25.9
2022-07-24 21:00:00,2198.0,25.8
2022-07-24 22:00:00,2081.0,26.1
2022-07-24 23:00:00,1988.0,25.7
2022-07-25 00:00:00,1795.0,25.7
2022-07-25 01:00:00,1734.0,25.8
2022-07-25 02:00:00,1660.0,25.9
2022-07-25 03:00:00,1593.0,25.9
2022-07-25 04:00:00,1554.0,25.6
2022-07-25 05:00:00,1536.0,25.4
2022-07-25 06:00:00,1577.0,24.8
2022-07-25 07:00:00,1644.0,25.0
2022-07-25 08:00:00,1706.0,26.8
2022-07-25 09:00:00,1872.0,29.3
2022-07-25 10:00:00,2011.0,30.9
2022-07-25 11:00:00,2159.0,32.3
2022-07-25 12:00:00,2222.0,34.0
2022-07-25 13:00:00,2366.0,34.9
2022-07-25 14:00:00,2385.0,35.8
2022-07-25 15:00:00,2414.0,36.9
2022-07-25 16:00:00,2415.0,37.3
2022-07-25 17:00:00,2427.0,37.0
2022-07-25 18:00:00,2218.0,36.2
2022-07-25 19:00:00,2177.0,34.3
2022-07-25 20:00:00,2579.0,33.0
2022-07-25 21:00:00,2818.0,33.1
2022-07-25 22:00:00,2712.0,31.8
2022-07-25 23:00:00,2484.0,31.6
2022-07-26 00:00:00,2363.0,32.2
2022-07-26 01:00:00,2235.0,31.8
2022-07-26 02:00:00,2084.0,30.7
2022-07-26 03:00:00,1966.0,29.2
2022-07-26 04:00:00,1881.0,28.8
2022-07-26 05:00:00,1787.0,28.5
2022-07-26 06:00:00,1748.0,27.8
2022-07-26 07:00:00,1774.0,28.3
2022-07-26 08:00:00,1885.0,29.4
2022-07-26 09:00:00,2048.0,30.2
2022-07-26 10:00:00,2188.0,32.8
2022-07-26 11:00:00,2333.0,33.9
2022-07-26 12:00:00,2372.0,34.9
2022-07-26 13:00:00,2534.0,36.2
2022-07-26 14:00:00,2593.0,37.3
2022-07-26 15:00:00,2576.0,38.3
2022-07-26 16:00:00,2540.0,38.3
2022-07-26 17:00:00,2556.0,36.5
2022-07-26 18:00:00,2398.0,35.3
2022-07-26 19:00:00,2342.0,34.1
2022-07-26 20:00:00,2758.0,32.6
2022-07-26 21:00:00,3004.0,32.2
2022-07-26 22:00:00,2914.0,31.5
2022-07-26 23:00:00,2773.0,31.3
2022-07-27 00:00:00,2644.0,31.5
2022-07-27 01:00:00,2472.0,31.1
2022-07-27 02:00:00,2314.0,29.8
2022-07-27 03:00:00,2196.0,29.1
2022-07-27 04:00:00,2069.0,27.8
2022-07-27 05:00:00,1962.0,26.8
2022-07-27 06:00:00,1824.0,26.0
2022-07-27 07:00:00,1824.0,26.2
2022-07-27 08:00:00,1927.0,27.4
2022-07-27 09:00:00,2088.0,29.1
2022-07-27 10:00:00,2216.0,31.2
2022-07-27 11:00:00,2363.0,33.3
2022-07-27 12:00:00,2431.0,34.1
2022-07-27 13:00:00,2599.0,35.3
2022-07-27 14:00:00,2655.0,35.8
2022-07-27 15:00:00,2655.0,36.9
2022-07-27 16:00:00,2627.0,35.9
2022-07-27 17:00:00,2611.0,35.3
2022-07-27 18:00:00,2409.0,33.6
2022-07-27 19:00:00,2294.0,30.9
2022-07-27 20:00:00,2440.0,27.3
2022-07-27 21:00:00,2703.0,25.8
2022-07-27 22:00:00,2564.0,25.0
2022-07-27 23:00:00,2392.0,25.2
2022-07-28 00:00:00,2079.0,25.2
2022-07-28 01:00:00,1959.0,25.8
2022-07-28 02:00:00,1862.0,24.9
2022-07-28 03:00:00,1749.0,25.2
2022-07-28 04:00:00,1670.0,25.8
2022-07-28 05:00:00,1639.0,25.3
2022-07-28 06:00:00,1640.0,24.5
2022-07-28 07:00:00,1707.0,24.9
2022-07-28 08:00:00,1807.0,25.9
2022-07-28 09:00:00,1883.0,27.7
2022-07-28 10:00:00,1939.0,28.3
2022-07-28 11:00:00,2029.0,29.6
2022-07-28 12:00:00,2018.0,30.1
2022-07-28 13:00:00,2130.0,30.0
2022-07-28 14:00:00,2169.0,31.0
2022-07-28 15:00:00,2205.0,33.3
2022-07-28 16:00:00,2197.0,33.5
2022-07-28 17:00:00,2215.0,32.3
2022-07-28 18:00:00,2067.0,32.5
2022-07-28 19:00:00,2002.0,31.5
2022-07-28 20:00:00,2347.0,29.4
2022-07-28 21:00:00,2534.0,28.6
2022-07-28 22:00:00,2386.0,28.8
2022-07-28 23:00:00,2198.0,28.8
2022-07-29 00:00:00,2078.0,28.1
2022-07-29 01:00:00,1968.0,28.3
2022-07-29 02:00:00,1892.0,27.4
2022-07-29 03:00:00,1794.0,26.7
2022-07-29 04:00:00,1738.0,26.7
2022-07-29 05:00:00,1694.0,26.2
2022-07-29 06:00:00,1676.0,26.2
2022-07-29 07:00:00,1646.0,26.4
2022-07-29 08:00:00,1782.0,28.2
2022-07-29 09:00:00,1897.0,29.2
2022-07-29 10:00:00,1996.0,30.4
2022-07-29 11:00:00,2062.0,31.5
2022-07-29 12:00:00,1976.0,30.3
2022-07-29 13:00:00,1961.0,26.3
2022-07-29 14:00:00,2004.0,23.9
2022-07-29 15:00:00,1989.0,24.5
2022-07-29 16:00:00,1991.0,26.1
2022-07-29 17:00:00,2060.0,28.2
2022-07-29 18:00:00,1950.0,28.8
2022-07-29 19:00:00,1881.0,27.1
2022-07-29 20:00:00,2171.0,26.2
2022-07-29 21:00:00,2290.0,26.0
2022-07-29 22:00:00,2152.0,26.1
2022-07-29 23:00:00,1919.0,26.1
2022-07-30 00:00:00,1839.0,25.7
2022-07-30 01:00:00,1742.0,25.4
2022-07-30 02:00:00,1642.0,25.3
2022-07-30 03:00:00,1580.0,25.0
2022-07-30 04:00:00,1535.0,24.7
2022-07-30 05:00:00,1516.0,24.9
2022-07-30 06:00:00,1538.0,24.5
2022-07-30 07:00:00,1584.0,25.5
2022-07-30 08:00:00,1632.0,26.6
2022-07-30 09:00:00,1785.0,28.2
2022-07-30 10:00:00,1895.0,29.5
2022-07-30 11:00:00,2003.0,29.8
2022-07-30 12:00:00,1985.0,31.6
2022-07-30 13:00:00,2062.0,31.9
2022-07-30 14:00:00,2081.0,32.7
2022-07-30 15:00:00,2083.0,32.2
2022-07-30 16:00:00,2099.0,32.7
2022-07-30 17:00:00,2120.0,32.3
2022-07-30 18:00:00,1989.0,32.1
2022-07-30 19:00:00,1950.0,30.5
2022-07-30 20:00:00,2270.0,28.5
2022-07-30 21:00:00,2351.0,28.0
2022-07-30 22:00:00,2207.0,28.0
2022-07-30 23:00:00,2043.0,28.5
2022-07-31 00:00:00,1943.0,28.4
2022-07-31 01:00:00,1816.0,28.2
2022-07-31 02:00:00,1715.0,27.8
2022-07-31 03:00:00,1643.0,27.2
2022-07-31 04:00:00,1581.0,27.4
2022-07-31 05:00:00,1560.0,26.3
2022-07-31 06:00:00,1571.0,26.5
2022-07-31 07:00:00,1581.0,26.4
2022-07-31 08:00:00,1634.0,27.6
2022-07-31 09:00:00,1739.0,30.4
2022-07-31 10:00:00,1844.0,31.6
2022-07-31 11:00:00,1937.0,32.0
2022-07-31 12:00:00,1983.0,32.8
2022-07-31 13:00:00,2074.0,32.8
2022-07-31 14:00:00,2096.0,33.7
2022-07-31 15:00:00,2076.0,33.6
2022-07-31 16:00:00,2016.0,31.6
2022-07-31 17:00:00,2111.0,30.8
2022-07-31 18:00:00,1996.0,31.8
2022-07-31 19:00:00,1931.0,30.2
2022-07-31 20:00:00,2315.0,29.3
2022-07-31 21:00:00,2431.0,28.8
2022-07-31 22:00:00,2272.0,28.2
2022-07-31 23:00:00,2095.0,27.4
2022-08-01 00:00:00,1974.0,27.3
2022-08-01 01:00:00,1849.0,27.3
2022-08-01 02:00:00,1745.0,27.2
2022-08-01 03:00:00,1666.0,26.8
2022-08-01 04:00:00,1606.0,26.8
2022-08-01 05:00:00,1577.0,27.2
2022-08-01 06:00:00,1606.0,25.6
2022-08-01 07:00:00,1677.0,25.7
2022-08-01 08:00:00,1815.0,28.1
2022-08-01 09:00:00,1976.0,30.3
2022-08-01 10:00:00,2102.0,31.9
2022-08-01 11:00:00,2230.0,33.4
2022-08-01 12:00:00,2226.0,33.5
2022-08-01 13:00:00,2342.0,34.2
2022-08-01 14:00:00,2395.0,34.7
2022-08-01 15:00:00,2414.0,35.1
2022-08-01 16:00:00,2355.0,35.0
2022-08-01 17:00:00,2384.0,34.5
2022-08-01 18:00:00,2212.0,33.2
2022-08-01 19:00:00,2100.0,32.1
2022-08-01 20:00:00,2505.0,30.9
2022-08-01 21:00:00,2719.0,30.6
2022-08-01 22:00:00,2596.0,30.3
2022-08-01 23:00:00,2424.0,30.2
2022-08-02 00:00:00,2284.0,29.6
2022-08-02 01:00:00,2124.0,29.4
2022-08-02 02:00:00,2002.0,28.9
2022-08-02 03:00:00,1946.0,28.8
2022-08-02 04:00:00,1832.0,28.5
2022-08-02 05:00:00,1770.0,28.1
2022-08-02 06:00:00,1742.0,27.5
2022-08-02 07:00:00,1778.0,27.5
2022-08-02 08:00:00,1915.0,28.6
2022-08-02 09:00:00,2089.0,30.8
2022-08-02 10:00:00,2229.0,32.3
2022-08-02 11:00:00,2375.0,33.2
2022-08-02 12:00:00,2410.0,34.3
2022-08-02 13:00:00,2531.0,35.1
2022-08-02 14:00:00,2521.0,35.7
2022-08-02 15:00:00,2534.0,36.4
2022-08-02 16:00:00,2415.0,36.7
2022-08-02 17:00:00,2382.0,32.3
2022-08-02 18:00:00,2197.0,31.9
2022-08-02 19:00:00,2164.0,31.5
2022-08-02 20:00:00,2583.0,31.1
2022-08-02 21:00:00,2828.0,30.1
2022-08-02 22:00:00,2635.0,29.4
2022-08-02 23:00:00,2444.0,29.1
2022-08-03 00:00:00,2307.0,29.4
2022-08-03 01:00:00,2167.0,29.3
2022-08-03 02:00:00,2057.0,29.1
2022-08-03 03:00:00,1950.0,29.1
2022-08-03 04:00:00,1859.0,27.7
2022-08-03 05:00:00,1820.0,27.1
2022-08-03 06:00:00,1783.0,26.7
2022-08-03 07:00:00,1841.0,27.2
2022-08-03 08:00:00,1954.0,29.5
2022-08-03 09:00:00,2142.0,31.8
2022-08-03 10:00:00,2296.0,33.3
2022-08-03 11:00:00,2448.0,34.5
2022-08-03 12:00:00,2443.0,36.0
2022-08-03 13:00:00,2568.0,36.0
2022-08-03 14:00:00,2606.0,37.4
2022-08-03 15:00:00,2579.0,37.9
2022-08-03 16:00:00,2536.0,38.1
2022-08-03 17:00:00,2545.0,36.4
2022-08-03 18:00:00,2391.0,35.4
2022-08-03 19:00:00,2322.0,33.4
2022-08-03 20:00:00,2779.0,32.0
2022-08-03 21:00:00,3085.0,31.3
2022-08-03 22:00:00,2911.0,30.8
2022-08-03 23:00:00,2716.0,30.3
2022-08-04 00:00:00,2529.0,29.8
2022-08-04 01:00:00,2399.0,29.5
2022-08-04 02:00:00,2281.0,29.0
2022-08-04 03:00:00,2157.0,28.7
2022-08-04 04:00:00,2064.0,28.7
2022-08-04 05:00:00,1965.0,28.6
2022-08-04 06:00:00,1909.0,28.1
2022-08-04 07:00:00,1932.0,28.4
2022-08-04 08:00:00,2029.0,30.8
2022-08-04 09:00:00,2221.0,32.7
2022-08-04 10:00:00,2355.0,33.7
2022-08-04 11:00:00,2487.0,34.3
2022-08-04 12:00:00,2533.0,34.8
2022-08-04 13:00:00,2670.0,35.9
2022-08-04 14:00:00,2709.0,36.2
2022-08-04 15:00:00,2728.0,36.7
2022-08-04 16:00:00,2609.0,35.3
2022-08-04 17:00:00,2628.0,35.1
2022-08-04 18:00:00,2422.0,34.2
2022-08-04 19:00:00,2339.0,32.4
2022-08-04 20:00:00,2821.0,31.9
2022-08-04 21:00:00,3170.0,31.3
2022-08-04 22:00:00,2922.0,31.0
2022-08-04 23:00:00,2730.0,30.8
2022-08-05 00:00:00,2656.0,30.5
2022-08-05 01:00:00,2441.0,29.8
2022-08-05 02:00:00,2305.0,29.6
2022-08-05 03:00:00,2199.0,29.5
2022-08-05 04:00:00,2085.0,29.3
2022-08-05 05:00:00,2000.0,29.3
2022-08-05 06:00:00,1931.0,28.2
2022-08-05 07:00:00,1939.0,29.4
2022-08-05 08:00:00,2056.0,31.8
2022-08-05 09:00:00,2233.0,33.2
2022-08-05 10:00:00,2382.0,34.5
2022-08-05 11:00:00,2501.0,35.5
2022-08-05 12:00:00,2503.0,36.5
2022-08-05 13:00:00,2627.0,36.6
2022-08-05 14:00:00,2666.0,37.1
2022-08-05 15:00:00,2643.0,36.7
2022-08-05 16:00:00,2581.0,36.5
2022-08-05 17:00:00,2577.0,35.4
2022-08-05 18:00:00,2382.0,34.1
2022-08-05 19:00:00,2279.0,32.8
2022-08-05 20:00:00,2756.0,31.5
2022-08-05 21:00:00,3065.0,31.5
2022-08-05 22:00:00,2899.0,31.6
2022-08-05 23:00:00,2695.0,31.3
2022-08-06 00:00:00,2619.0,31.2
2022-08-06 01:00:00,2402.0,31.0
2022-08-06 02:00:00,2269.0,30.0
2022-08-06 03:00:00,2149.0,29.1
2022-08-06 04:00:00,2032.0,28.5
2022-08-06 05:00:00,1951.0,28.5
2022-08-06 06:00:00,1872.0,29.0
2022-08-06 07:00:00,1838.0,29.0
2022-08-06 08:00:00,1887.0,29.6
2022-08-06 09:00:00,1999.0,30.6
2022-08-06 10:00:00,2151.0,31.4
2022-08-06 11:00:00,2281.0,32.9
2022-08-06 12:00:00,2321.0,34.4
2022-08-06 13:00:00,2442.0,34.8
2022-08-06 14:00:00,2499.0,36.1
2022-08-06 15:00:00,2528.0,36.4
2022-08-06 16:00:00,2465.0,36.2
2022-08-06 17:00:00,2449.0,36.3
2022-08-06 18:00:00,2287.0,35.9
2022-08-06 19:00:00,2191.0,33.6
2022-08-06 20:00:00,2640.0,32.8
2022-08-06 21:00:00,2939.0,32.3
2022-08-06 22:00:00,2842.0,31.9
2022-08-06 23:00:00,2643.0,32.2
2022-08-07 00:00:00,2522.0,31.9
2022-08-07 01:00:00,2360.0,29.3
2022-08-07 02:00:00,2214.0,28.3
2022-08-07 03:00:00,2086.0,28.4
2022-08-07 04:00:00,1993.0,27.5
2022-08-07 05:00:00,1909.0,27.7
2022-08-07 06:00:00,1841.0,26.9
2022-08-07 07:00:00,1834.0,27.8
2022-08-07 08:00:00,1841.0,29.0
2022-08-07 09:00:00,1935.0,30.5
2022-08-07 10:00:00,2079.0,32.1
2022-08-07 11:00:00,2214.0,34.0
2022-08-07 12:00:00,2281.0,34.9
2022-08-07 13:00:00,2454.0,35.7
2022-08-07 14:00:00,2518.0,36.5
2022-08-07 15:00:00,2520.0,37.2
2022-08-07 16:00:00,2496.0,37.8
2022-08-07 17:00:00,2479.0,37.7
2022-08-07 18:00:00,2348.0,36.9
2022-08-07 19:00:00,2250.0,35.2
2022-08-07 20:00:00,2732.0,33.8
2022-08-07 21:00:00,3014.0,33.7
2022-08-07 22:00:00,2964.0,33.5
2022-08-07 23:00:00,2750.0,32.7
2022-08-08 00:00:00,2622.0,31.7
2022-08-08 01:00:00,2434.0,30.6
2022-08-08 02:00:00,2285.0,29.9
2022-08-08 03:00:00,2172.0,28.6
2022-08-08 04:00:00,2053.0,28.3
2022-08-08 05:00:00,1970.0,28.2
2022-08-08 06:00:00,1872.0,28.5
2022-08-08 07:00:00,1892.0,29.1
2022-08-08 08:00:00,1992.0,30.2
2022-08-08 09:00:00,2165.0,31.6
2022-08-08 10:00:00,2327.0,33.3
2022-08-08 11:00:00,2474.0,34.8
2022-08-08 12:00:00,2539.0,36.3
2022-08-08 13:00:00,2723.0,36.9
2022-08-08 14:00:00,2796.0,37.7
2022-08-08 15:00:00,2787.0,38.7
2022-08-08 16:00:00,2755.0,38.9
2022-08-08 17:00:00,2734.0,39.1
2022-08-08 18:00:00,2547.0,38.4
2022-08-08 19:00:00,2407.0,36.7
2022-08-08 20:00:00,2908.0,34.2
2022-08-08 21:00:00,3182.0,33.3
2022-08-08 22:00:00,3108.0,32.3
2022-08-08 23:00:00,2911.0,32.8
2022-08-09 00:00:00,2765.0,33.6
2022-08-09 01:00:00,2598.0,33.2
2022-08-09 02:00:00,2468.0,33.0
2022-08-09 03:00:00,2341.0,32.1
2022-08-09 04:00:00,2205.0,30.8
2022-08-09 05:00:00,2088.0,28.9
2022-08-09 06:00:00,1976.0,30.1
2022-08-09 07:00:00,1967.0,30.4
2022-08-09 08:00:00,2049.0,32.2
2022-08-09 09:00:00,2272.0,33.3
2022-08-09 10:00:00,2420.0,34.2
2022-08-09 11:00:00,2571.0,35.6
2022-08-09 12:00:00,2634.0,36.1
2022-08-09 13:00:00,2803.0,38.3
2022-08-09 14:00:00,2868.0,39.2
2022-08-09 15:00:00,2866.0,39.4
2022-08-09 16:00:00,2823.0,38.2
2022-08-09 17:00:00,2795.0,36.8
2022-08-09 18:00:00,2547.0,35.8
2022-08-09 19:00:00,2433.0,33.9
2022-08-09 20:00:00,2907.0,32.0
2022-08-09 21:00:00,3178.0,31.5
2022-08-09 22:00:00,3076.0,31.2
2022-08-09 23:00:00,2896.0,30.8
2022-08-10 00:00:00,2812.0,30.5
2022-08-10 01:00:00,2606.0,30.5
2022-08-10 02:00:00,2447.0,31.0
2022-08-10 03:00:00,2325.0,29.5
2022-08-10 04:00:00,2196.0,29.3
2022-08-10 05:00:00,2091.0,28.8
2022-08-10 06:00:00,1983.0,28.4
2022-08-10 07:00:00,1979.0,29.3
2022-08-10 08:00:00,2089.0,32.1
2022-08-10 09:00:00,2258.0,34.6
2022-08-10 10:00:00,2415.0,35.3
2022-08-10 11:00:00,2551.0,36.9
2022-08-10 12:00:00,2590.0,38.1
2022-08-10 13:00:00,2768.0,36.7
2022-08-10 14:00:00,2805.0,38.8
2022-08-10 15:00:00,2781.0,38.4
2022-08-10 16:00:00,2741.0,37.7
2022-08-10 17:00:00,2722.0,36.4
2022-08-10 18:00:00,2508.0,34.9
2022-08-10 19:00:00,2381.0,33.3
2022-08-10 20:00:00,2863.0,31.8
2022-08-10 21:00:00,3147.0,31.3
2022-08-10 22:00:00,3045.0,31.6
2022-08-10 23:00:00,2852.0,31.5
2022-08-11 00:00:00,2769.0,32.1
2022-08-11 01:00:00,2553.0,31.4
2022-08-11 02:00:00,2408.0,29.0
2022-08-11 03:00:00,2281.0,29.3
2022-08-11 04:00:00,2170.0,29.1
2022-08-11 05:00:00,2077.0,28.4
2022-08-11 06:00:00,1976.0,28.2
2022-08-11 07:00:00,2015.0,29.6
2022-08-11 08:00:00,2107.0,32.1
2022-08-11 09:00:00,2275.0,34.3
2022-08-11 10:00:00,2423.0,34.4
2022-08-11 11:00:00,2550.0,35.3
2022-08-11 12:00:00,2615.0,36.0
2022-08-11 13:00:00,2781.0,36.7
2022-08-11 14:00:00,2837.0,37.6
2022-08-11 15:00:00,2843.0,38.7
2022-08-11 16:00:00,2800.0,39.5
2022-08-11 17:00:00,2788.0,36.3
2022-08-11 18:00:00,2557.0,35.6
2022-08-11 19:00:00,2442.0,33.6
2022-08-11 20:00:00,2934.0,32.2
2022-08-11 21:00:00,3192.0,32.0
2022-08-11 22:00:00,3115.0,32.1
2022-08-11 23:00:00,2912.0,32.1
2022-08-12 00:00:00,2839.0,32.1
2022-08-12 01:00:00,2609.0,31.9
2022-08-12 02:00:00,2469.0,31.6
2022-08-12 03:00:00,2340.0,31.4
2022-08-12 04:00:00,2210.0,31.1
2022-08-12 05:00:00,2098.0,31.0
2022-08-12 06:00:00,2002.0,30.0
2022-08-12 07:00:00,2037.0,29.2
2022-08-12 08:00:00,2133.0,30.4
2022-08-12 09:00:00,2296.0,32.0
2022-08-12 10:00:00,2439.0,33.1
2022-08-12 11:00:00,2603.0,35.1
2022-08-12 12:00:00,2692.0,36.8
2022-08-12 13:00:00,2860.0,37.3
2022-08-12 14:00:00,2915.0,39.0
2022-08-12 15:00:00,2918.0,39.4
2022-08-12 16:00:00,2855.0,39.8
2022-08-12 17:00:00,2822.0,39.0
2022-08-12 18:00:00,2609.0,36.6
2022-08-12 19:00:00,2481.0,35.2
2022-08-12 20:00:00,2962.0,33.5
2022-08-12 21:00:00,3225.0,33.4
2022-08-12 22:00:00,3122.0,33.1
2022-08-12 23:00:00,2972.0,33.1
2022-08-13 00:00:00,2886.0,32.7
2022-08-13 01:00:00,2604.0,32.2
2022-08-13 02:00:00,2481.0,31.6
2022-08-13 03:00:00,2393.0,30.8
2022-08-13 04:00:00,2253.0,30.6
2022-08-13 05:00:00,2121.0,29.7
2022-08-13 06:00:00,2002.0,30.2
2022-08-13 07:00:00,1994.0,30.0
2022-08-13 08:00:00,2040.0,30.7
2022-08-13 09:00:00,2195.0,32.5
2022-08-13 10:00:00,2335.0,33.2
2022-08-13 11:00:00,2491.0,34.8
2022-08-13 12:00:00,2545.0,36.5
2022-08-13 13:00:00,2729.0,37.3
2022-08-13 14:00:00,2798.0,39.2
2022-08-13 15:00:00,2791.0,39.5
2022-08-13 16:00:00,2718.0,38.7
2022-08-13 17:00:00,2680.0,37.9
2022-08-13 18:00:00,2517.0,36.6
2022-08-13 19:00:00,2395.0,34.6
2022-08-13 20:00:00,2894.0,33.1
2022-08-13 21:00:00,3174.0,32.7
2022-08-13 22:00:00,3101.0,31.9
2022-08-13 23:00:00,2934.0,31.0
2022-08-14 00:00:00,2859.0,30.4
2022-08-14 01:00:00,2632.0,30.0
2022-08-14 02:00:00,2489.0,30.6
2022-08-14 03:00:00,2362.0,31.2
2022-08-14 04:00:00,2243.0,31.2
2022-08-14 05:00:00,2132.0,30.9
2022-08-14 06:00:00,2006.0,29.0
2022-08-14 07:00:00,1978.0,29.0
2022-08-14 08:00:00,1995.0,29.9
2022-08-14 09:00:00,2107.0,31.8
2022-08-14 10:00:00,2244.0,32.9
2022-08-14 11:00:00,2381.0,34.5
2022-08-14 12:00:00,2394.0,35.7
2022-08-14 13:00:00,2505.0,36.8
2022-08-14 14:00:00,2551.0,38.0
2022-08-14 15:00:00,2557.0,38.4
2022-08-14 16:00:00,2522.0,37.9
2022-08-14 17:00:00,2531.0,38.2
2022-08-14 18:00:00,2371.0,35.7
2022-08-14 19:00:00,2307.0,33.7
2022-08-14 20:00:00,2693.0,32.5
2022-08-14 21:00:00,2914.0,32.4
2022-08-14 22:00:00,2783.0,31.9
2022-08-14 23:00:00,2598.0,31.6
2022-08-15 00:00:00,2512.0,32.9
2022-08-15 01:00:00,2275.0,32.3
2022-08-15 02:00:00,2178.0,30.8
2022-08-15 03:00:00,2103.0,30.1
2022-08-15 04:00:00,2041.0,29.2
2022-08-15 05:00:00,1999.0,29.4
2022-08-15 06:00:00,1988.0,29.3
2022-08-15 07:00:00,2033.0,29.4
2022-08-15 08:00:00,2153.0,30.6
2022-08-15 09:00:00,2326.0,32.2
2022-08-15 10:00:00,2486.0,33.5
2022-08-15 11:00:00,2638.0,34.9
2022-08-15 12:00:00,2729.0,35.7
2022-08-15 13:00:00,2935.0,38.1
2022-08-15 14:00:00,2984.0,38.9
2022-08-15 15:00:00,2981.0,38.9
2022-08-15 16:00:00,2933.0,39.4
2022-08-15 17:00:00,2887.0,39.3
2022-08-15 18:00:00,2705.0,37.7
2022-08-15 19:00:00,2597.0,35.0
2022-08-15 20:00:00,3125.0,33.5
2022-08-15 21:00:00,3341.0,32.9
2022-08-15 22:00:00,3264.0,32.0
2022-08-15 23:00:00,3099.0,31.6
2022-08-16 00:00:00,2969.0,31.5
2022-08-16 01:00:00,2807.0,30.9
2022-08-16 02:00:00,2657.0,31.9
2022-08-16 03:00:00,2527.0,30.2
2022-08-16 04:00:00,2390.0,29.9
2022-08-16 05:00:00,2290.0,29.3
2022-08-16 06:00:00,2149.0,28.6
2022-08-16 07:00:00,2126.0,28.4
2022-08-16 08:00:00,2244.0,30.4
2022-08-16 09:00:00,2461.0,33.3
2022-08-16 10:00:00,2648.0,34.6
2022-08-16 11:00:00,2825.0,35.7
2022-08-16 12:00:00,2879.0,37.9
2022-08-16 13:00:00,3052.0,38.0
2022-08-16 14:00:00,3061.0,39.7
2022-08-16 15:00:00,3018.0,40.7
2022-08-16 16:00:00,2955.0,40.2
2022-08-16 17:00:00,2889.0,38.0
2022-08-16 18:00:00,2693.0,36.4
2022-08-16 19:00:00,2634.0,35.0
2022-08-16 20:00:00,3162.0,33.4
2022-08-16 21:00:00,3327.0,32.8
2022-08-16 22:00:00,3248.0,32.4
2022-08-16 23:00:00,3057.0,31.9
2022-08-17 00:00:00,2897.0,31.7
2022-08-17 01:00:00,2774.0,31.8
2022-08-17 02:00:00,2707.0,31.6
2022-08-17 03:00:00,2602.0,30.5
2022-08-17 04:00:00,2461.0,29.4
2022-08-17 05:00:00,2339.0,28.8
2022-08-17 06:00:00,2190.0,28.7
2022-08-17 07:00:00,2185.0,29.1
2022-08-17 08:00:00,2312.0,30.7
2022-08-17 09:00:00,2486.0,32.0
2022-08-17 10:00:00,2662.0,34.1
2022-08-17 11:00:00,2833.0,35.6
2022-08-17 12:00:00,2892.0,37.3
2022-08-17 13:00:00,3019.0,38.2
2022-08-17 14:00:00,3027.0,38.4
2022-08-17 15:00:00,2969.0,39.3
2022-08-17 16:00:00,2878.0,39.2
2022-08-17 17:00:00,2834.0,36.9
2022-08-17 18:00:00,2642.0,36.2
2022-08-17 19:00:00,2561.0,34.9
2022-08-17 20:00:00,3105.0,33.4
2022-08-17 21:00:00,3289.0,32.9
2022-08-17 22:00:00,3195.0,32.4
2022-08-17 23:00:00,2982.0,31.9
2022-08-18 00:00:00,2845.0,31.5
2022-08-18 01:00:00,2737.0,31.4
2022-08-18 02:00:00,2718.0,31.0
2022-08-18 03:00:00,2593.0,30.9
2022-08-18 04:00:00,2447.0,30.7
2022-08-18 05:00:00,2291.0,30.2
2022-08-18 06:00:00,2173.0,29.8
2022-08-18 07:00:00,2181.0,30.5
2022-08-18 08:00:00,2338.0,31.0
2022-08-18 09:00:00,2482.0,32.7
2022-08-18 10:00:00,2621.0,34.5
2022-08-18 11:00:00,2767.0,36.3
2022-08-18 12:00:00,2836.0,37.8
2022-08-18 13:00:00,3006.0,38.7
2022-08-18 14:00:00,3008.0,39.9
2022-08-18 15:00:00,2956.0,40.4
2022-08-18 16:00:00,2909.0,40.5
2022-08-18 17:00:00,2867.0,39.3
2022-08-18 18:00:00,2665.0,37.7
2022-08-18 19:00:00,2557.0,35.7
2022-08-18 20:00:00,3068.0,33.7
2022-08-18 21:00:00,3271.0,32.9
2022-08-18 22:00:00,3197.0,32.6
2022-08-18 23:00:00,3005.0,32.6
2022-08-19 00:00:00,2873.0,33.8
2022-08-19 01:00:00,2769.0,33.9
2022-08-19 02:00:00,2687.0,33.3
2022-08-19 03:00:00,2570.0,31.6
2022-08-19 04:00:00,2447.0,30.7
2022-08-19 05:00:00,2313.0,30.7
2022-08-19 06:00:00,2155.0,30.3
2022-08-19 07:00:00,2149.0,29.3
2022-08-19 08:00:00,2278.0,31.2
2022-08-19 09:00:00,2426.0,32.8
2022-08-19 10:00:00,2556.0,35.0
2022-08-19 11:00:00,2731.0,37.1
2022-08-19 12:00:00,2831.0,38.2
2022-08-19 13:00:00,2983.0,39.7
2022-08-19 14:00:00,3008.0,39.9
2022-08-19 15:00:00,2975.0,40.9
2022-08-19 16:00:00,2889.0,40.4
2022-08-19 17:00:00,2845.0,38.9
2022-08-19 18:00:00,2632.0,37.1
2022-08-19 19:00:00,2531.0,35.0
2022-08-19 20:00:00,3045.0,33.3
2022-08-19 21:00:00,3278.0,32.7
2022-08-19 22:00:00,3204.0,31.9
2022-08-19 23:00:00,3016.0,31.6
2022-08-20 00:00:00,2893.0,31.7
2022-08-20 01:00:00,2836.0,31.3
2022-08-20 02:00:00,2714.0,32.0
2022-08-20 03:00:00,2593.0,31.4
2022-08-20 04:00:00,2474.0,30.8
2022-08-20 05:00:00,2343.0,30.1
2022-08-20 06:00:00,2201.0,30.0
2022-08-20 07:00:00,2143.0,31.2
2022-08-20 08:00:00,2213.0,33.5
2022-08-20 09:00:00,2365.0,36.5
2022-08-20 10:00:00,2560.0,37.7
2022-08-20 11:00:00,2723.0,38.2
2022-08-20 12:00:00,2785.0,39.7
2022-08-20 13:00:00,2910.0,41.5
2022-08-20 14:00:00,2953.0,40.8
2022-08-20 15:00:00,2905.0,40.4
2022-08-20 16:00:00,2854.0,39.6
2022-08-20 17:00:00,2785.0,38.1
2022-08-20 18:00:00,2600.0,36.4
2022-08-20 19:00:00,2515.0,34.8
2022-08-20 20:00:00,3072.0,33.7
2022-08-20 21:00:00,3283.0,32.9
2022-08-20 22:00:00,3220.0,33.4
2022-08-20 23:00:00,3031.0,33.6
2022-08-21 00:00:00,2914.0,33.4
2022-08-21 01:00:00,2847.0,32.9
2022-08-21 02:00:00,2730.0,32.6
2022-08-21 03:00:00,2584.0,33.0
2022-08-21 04:00:00,2466.0,32.1
2022-08-21 05:00:00,2326.0,31.0
2022-08-21 06:00:00,2154.0,31.1
2022-08-21 07:00:00,2094.0,31.4
2022-08-21 08:00:00,2107.0,32.5
2022-08-21 09:00:00,2208.0,33.5
2022-08-21 10:00:00,2383.0,34.4
2022-08-21 11:00:00,2539.0,36.0
2022-08-21 12:00:00,2607.0,36.8
2022-08-21 13:00:00,2793.0,38.0
2022-08-21 14:00:00,2850.0,37.7
2022-08-21 15:00:00,2828.0,37.9
2022-08-21 16:00:00,2768.0,38.5
2022-08-21 17:00:00,2722.0,39.5
2022-08-21 18:00:00,2539.0,37.9
2022-08-21 19:00:00,2430.0,35.2
2022-08-21 20:00:00,2950.0,35.7
2022-08-21 21:00:00,3212.0,34.6
2022-08-21 22:00:00,3159.0,33.9
2022-08-21 23:00:00,2966.0,33.0
2022-08-22 00:00:00,2876.0,32.1
2022-08-22 01:00:00,2731.0,31.3
2022-08-22 02:00:00,2598.0,31.0
2022-08-22 03:00:00,2463.0,29.6
2022-08-22 04:00:00,2335.0,29.6
2022-08-22 05:00:00,2227.0,28.9
2022-08-22 06:00:00,2081.0,28.8
2022-08-22 07:00:00,2056.0,28.8
2022-08-22 08:00:00,2147.0,30.3
2022-08-22 09:00:00,2300.0,31.6
2022-08-22 10:00:00,2426.0,33.2
2022-08-22 11:00:00,2571.0,34.9
2022-08-22 12:00:00,2628.0,36.6
2022-08-22 13:00:00,2824.0,37.3
2022-08-22 14:00:00,2891.0,38.2
2022-08-22 15:00:00,2864.0,39.6
2022-08-22 16:00:00,2803.0,39.3
2022-08-22 17:00:00,2780.0,39.1
2022-08-22 18:00:00,2560.0,37.8
2022-08-22 19:00:00,2476.0,36.1
2022-08-22 20:00:00,3046.0,34.7
2022-08-22 21:00:00,3231.0,34.8
2022-08-22 22:00:00,3129.0,34.5
2022-08-22 23:00:00,2922.0,33.1
2022-08-23 00:00:00,2798.0,31.9
2022-08-23 01:00:00,2782.0,31.9
2022-08-23 02:00:00,2661.0,31.2
2022-08-23 03:00:00,2514.0,30.9
2022-08-23 04:00:00,2398.0,30.1
2022-08-23 05:00:00,2275.0,29.6
2022-08-23 06:00:00,2141.0,29.0
2022-08-23 07:00:00,2105.0,29.3
2022-08-23 08:00:00,2204.0,30.2
2022-08-23 09:00:00,2351.0,32.8
2022-08-23 10:00:00,2512.0,34.4
2022-08-23 11:00:00,2660.0,35.9
2022-08-23 12:00:00,2672.0,34.2
2022-08-23 13:00:00,2827.0,35.2
2022-08-23 14:00:00,2846.0,35.2
2022-08-23 15:00:00,2771.0,36.1
2022-08-23 16:00:00,2692.0,35.3
2022-08-23 17:00:00,2652.0,34.7
2022-08-23 18:00:00,2462.0,33.7
2022-08-23 19:00:00,2386.0,33.0
2022-08-23 20:00:00,2931.0,32.3
2022-08-23 21:00:00,3096.0,32.0
2022-08-23 22:00:00,2969.0,31.6
2022-08-23 23:00:00,2729.0,30.5
2022-08-24 00:00:00,2550.0,29.2
2022-08-24 01:00:00,2508.0,28.3
2022-08-24 02:00:00,2378.0,27.3
2022-08-24 03:00:00,2211.0,26.3
2022-08-24 04:00:00,2097.0,25.7
2022-08-24 05:00:00,1979.0,25.3
2022-08-24 06:00:00,1868.0,24.8
2022-08-24 07:00:00,1828.0,24.8
2022-08-24 08:00:00,1863.0,25.9
2022-08-24 09:00:00,1935.0,27.9
2022-08-24 10:00:00,2068.0,29.6
2022-08-24 11:00:00,2217.0,30.9
2022-08-24 12:00:00,2283.0,32.5
2022-08-24 13:00:00,2447.0,33.7
2022-08-24 14:00:00,2523.0,34.7
2022-08-24 15:00:00,2535.0,34.5
2022-08-24 16:00:00,2545.0,35.6
2022-08-24 17:00:00,2523.0,32.9
2022-08-24 18:00:00,2347.0,32.0
2022-08-24 19:00:00,2234.0,30.4
2022-08-24 20:00:00,2704.0,29.5
2022-08-24 21:00:00,2874.0,29.1
2022-08-24 22:00:00,2749.0,28.8
2022-08-24 23:00:00,2537.0,28.2
2022-08-25 00:00:00,2333.0,27.3
2022-08-25 01:00:00,2160.0,27.2
2022-08-25 02:00:00,2053.0,27.2
2022-08-25 03:00:00,1968.0,27.3
2022-08-25 04:00:00,1876.0,26.6
2022-08-25 05:00:00,1821.0,26.2
2022-08-25 06:00:00,1760.0,26.0
2022-08-25 07:00:00,1771.0,26.1
2022-08-25 08:00:00,1864.0,26.3
2022-08-25 09:00:00,1915.0,27.6
2022-08-25 10:00:00,1990.0,29.8
2022-08-25 11:00:00,2114.0,32.1
2022-08-25 12:00:00,2170.0,32.7
2022-08-25 13:00:00,2278.0,33.9
2022-08-25 14:00:00,2341.0,36.7
2022-08-25 15:00:00,2386.0,35.7
2022-08-25 16:00:00,2378.0,35.3
2022-08-25 17:00:00,2371.0,34.1
2022-08-25 18:00:00,2188.0,32.4
2022-08-25 19:00:00,2126.0,31.0
2022-08-25 20:00:00,2578.0,30.5
2022-08-25 21:00:00,2727.0,30.1
2022-08-25 22:00:00,2514.0,30.1
2022-08-25 23:00:00,2339.0,29.4
2022-08-26 00:00:00,2214.0,28.7
2022-08-26 01:00:00,2069.0,29.3
2022-08-26 02:00:00,1959.0,27.5
2022-08-26 03:00:00,1845.0,26.3
2022-08-26 04:00:00,1751.0,24.7
2022-08-26 05:00:00,1683.0,24.6
2022-08-26 06:00:00,1666.0,24.2
2022-08-26 07:00:00,1710.0,24.3
2022-08-26 08:00:00,1800.0,25.2
2022-08-26 09:00:00,1894.0,26.7
2022-08-26 10:00:00,1979.0,27.8
2022-08-26 11:00:00,2078.0,30.1
2022-08-26 12:00:00,2108.0,32.1
2022-08-26 13:00:00,2260.0,33.0
2022-08-26 14:00:00,2326.0,34.5
2022-08-26 15:00:00,2362.0,35.8
2022-08-26 16:00:00,2345.0,36.2
2022-08-26 17:00:00,2339.0,36.3
2022-08-26 18:00:00,2172.0,35.1
2022-08-26 19:00:00,2113.0,32.5
2022-08-26 20:00:00,2622.0,30.9
2022-08-26 21:00:00,2681.0,30.7
2022-08-26 22:00:00,2570.0,30.4
2022-08-26 23:00:00,2382.0,30.6
2022-08-27 00:00:00,2300.0,30.3
2022-08-27 01:00:00,2185.0,30.1
2022-08-27 02:00:00,2062.0,30.6
2022-08-27 03:00:00,1974.0,30.0
2022-08-27 04:00:00,1880.0,29.1
2022-08-27 05:00:00,1802.0,28.2
2022-08-27 06:00:00,1744.0,27.5
2022-08-27 07:00:00,1746.0,28.0
2022-08-27 08:00:00,1836.0,29.8
2022-08-27 09:00:00,1935.0,31.7
2022-08-27 10:00:00,2050.0,32.7
2022-08-27 11:00:00,2131.0,35.2
2022-08-27 12:00:00,2145.0,35.5
2022-08-27 13:00:00,2293.0,36.9
2022-08-27 14:00:00,2357.0,37.9
2022-08-27 15:00:00,2340.0,37.7
2022-08-27 16:00:00,2264.0,36.7
2022-08-27 17:00:00,2159.0,34.2
2022-08-27 18:00:00,1931.0,31.3
2022-08-27 19:00:00,1853.0,27.4
2022-08-27 20:00:00,2289.0,25.8
2022-08-27 21:00:00,2316.0,24.9
2022-08-27 22:00:00,2191.0,24.5
2022-08-27 23:00:00,2065.0,23.8
2022-08-28 00:00:00,2047.0,23.4
2022-08-28 01:00:00,1857.0,23.1
2022-08-28 02:00:00,1774.0,22.8
2022-08-28 03:00:00,1721.0,22.2
2022-08-28 04:00:00,1679.0,22.1
2022-08-28 05:00:00,1652.0,22.1
2022-08-28 06:00:00,1650.0,22.0
2022-08-28 07:00:00,1705.0,22.1
2022-08-28 08:00:00,1733.0,22.8
2022-08-28 09:00:00,1786.0,23.6
2022-08-28 10:00:00,1872.0,24.4
2022-08-28 11:00:00,1884.0,26.4
2022-08-28 12:00:00,1877.0,27.9
2022-08-28 13:00:00,1947.0,29.7
2022-08-28 14:00:00,1997.0,31.2
2022-08-28 15:00:00,2044.0,32.0
2022-08-28 16:00:00,2087.0,31.8
2022-08-28 17:00:00,2115.0,31.5
2022-08-28 18:00:00,2005.0,29.2
2022-08-28 19:00:00,1954.0,27.7
2022-08-28 20:00:00,2223.0,26.5
2022-08-28 21:00:00,2216.0,26.2
2022-08-28 22:00:00,2014.0,24.6
2022-08-28 23:00:00,1796.0,23.5
2022-08-29 00:00:00,1769.0,22.9
2022-08-29 01:00:00,1457.0,22.5
2022-08-29 02:00:00,1387.0,22.2
2022-08-29 03:00:00,1345.0,22.2
2022-08-29 04:00:00,1335.0,22.1
2022-08-29 05:00:00,1327.0,21.7
2022-08-29 06:00:00,1364.0,21.5
2022-08-29 07:00:00,1451.0,21.2
2022-08-29 08:00:00,1568.0,21.6
2022-08-29 09:00:00,1612.0,22.1
2022-08-29 10:00:00,1560.0,23.2
2022-08-29 11:00:00,1645.0,23.9
2022-08-29 12:00:00,1573.0,26.2
2022-08-29 13:00:00,1572.0,26.1
2022-08-29 14:00:00,1594.0,27.8
2022-08-29 15:00:00,1651.0,26.8
2022-08-29 16:00:00,1640.0,25.9
2022-08-29 17:00:00,1678.0,24.9
2022-08-29 18:00:00,1569.0,23.8
2022-08-29 19:00:00,1582.0,23.2
2022-08-29 20:00:00,1795.0,22.8
2022-08-29 21:00:00,1664.0,22.8
2022-08-29 22:00:00,1490.0,22.7
2022-08-29 23:00:00,1374.0,22.6
2022-08-30 00:00:00,1317.0,22.1
2022-08-30 01:00:00,1218.0,21.8
2022-08-30 02:00:00,1166.0,21.5
2022-08-30 03:00:00,1147.0,21.3
2022-08-30 04:00:00,1157.0,21.4
2022-08-30 05:00:00,1162.0,21.5
2022-08-30 06:00:00,1229.0,21.4
2022-08-30 07:00:00,1358.0,21.2
2022-08-30 08:00:00,1430.0,21.2
2022-08-30 09:00:00,1499.0,21.6
2022-08-30 10:00:00,1457.0,21.6
2022-08-30 11:00:00,1442.0,21.8
2022-08-30 12:00:00,1346.0,22.7
2022-08-30 13:00:00,1283.0,22.3
2022-08-30 14:00:00,1311.0,23.4
2022-08-30 15:00:00,1361.0,23.4
2022-08-30 16:00:00,1381.0,23.5
2022-08-30 17:00:00,1415.0,22.9
2022-08-30 18:00:00,1359.0,22.4
2022-08-30 19:00:00,1416.0,21.8
2022-08-30 20:00:00,1521.0,21.6
2022-08-30 21:00:00,1352.0,21.3
2022-08-30 22:00:00,1170.0,21.5
2022-08-30 23:00:00,1093.0,21.4
2022-08-31 00:00:00,1135.0,20.9
2022-08-31 01:00:00,1115.0,20.6
2022-08-31 02:00:00,1113.0,20.5
2022-08-31 03:00:00,1090.0,20.4
2022-08-31 04:00:00,1070.0,20.3
2022-08-31 05:00:00,1097.0,20.2
2022-08-31 06:00:00,1176.0,20.1
2022-08-31 07:00:00,1336.0,20.3
2022-08-31 08:00:00,1395.0,20.8
2022-08-31 09:00:00,1430.0,21.6
2022-08-31 10:00:00,1440.0,22.6
2022-08-31 11:00:00,1416.0,24.0
2022-08-31 12:00:00,1290.0,24.6
2022-08-31 13:00:00,1291.0,25.0
2022-08-31 14:00:00,1303.0,26.1
2022-08-31 15:00:00,1331.0,25.8
2022-08-31 16:00:00,1362.0,26.2
2022-08-31 17:00:00,1426.0,25.0
2022-08-31 18:00:00,1332.0,23.7
2022-08-31 19:00:00,1346.0,23.0
2022-08-31 20:00:00,1416.0,22.7
2022-08-31 21:00:00,1317.0,22.4
2022-08-31 22:00:00,1193.0,22.3
2022-08-31 23:00:00,1127.0,21.9
2022-09-01 00:00:00,1124.0,21.3
2022-09-01 01:00:00,1102.0,21.0
2022-09-01 02:00:00,1094.0,20.9
2022-09-01 03:00:00,1075.0,21.3
2022-09-01 04:00:00,1085.0,21.3
2022-09-01 05:00:00,1129.0,20.8
2022-09-01 06:00:00,1189.0,20.6
2022-09-01 07:00:00,1337.0,21.6
2022-09-01 08:00:00,1373.0,22.5
2022-09-01 09:00:00,1409.0,24.9
2022-09-01 10:00:00,1454.0,27.7
2022-09-01 11:00:00,1471.0,28.6
2022-09-01 12:00:00,1372.0,30.2
2022-09-01 13:00:00,1367.0,30.1
2022-09-01 14:00:00,1391.0,30.7
2022-09-01 15:00:00,1411.0,30.1
2022-09-01 16:00:00,1433.0,29.7
2022-09-01 17:00:00,1503.0,28.8
2022-09-01 18:00:00,1388.0,26.3
2022-09-01 19:00:00,1376.0,24.9
2022-09-01 20:00:00,1450.0,24.4
2022-09-01 21:00:00,1360.0,24.1
2022-09-01 22:00:00,1235.0,23.7
2022-09-01 23:00:00,1168.0,23.1
2022-09-02 00:00:00,1185.0,22.8
2022-09-02 01:00:00,1165.0,22.3
2022-09-02 02:00:00,1153.0,22.0
2022-09-02 03:00:00,1140.0,21.4
2022-09-02 04:00:00,1130.0,21.7
2022-09-02 05:00:00,1149.0,21.8
2022-09-02 06:00:00,1243.0,22.0
2022-09-02 07:00:00,1365.0,22.4
2022-09-02 08:00:00,1428.0,24.8
2022-09-02 09:00:00,1461.0,26.5
2022-09-02 10:00:00,1513.0,27.3
2022-09-02 11:00:00,1522.0,28.3
2022-09-02 12:00:00,1402.0,29.4
2022-09-02 13:00:00,1426.0,30.8
2022-09-02 14:00:00,1484.0,30.2
2022-09-02 15:00:00,1483.0,31.4
2022-09-02 16:00:00,1527.0,30.3
2022-09-02 17:00:00,1557.0,30.0
2022-09-02 18:00:00,1443.0,28.0
2022-09-02 19:00:00,1440.0,27.1
2022-09-02 20:00:00,1549.0,26.2
2022-09-02 21:00:00,1436.0,25.1
2022-09-02 22:00:00,1308.0,25.3
2022-09-02 23:00:00,1242.0,25.2
2022-09-03 00:00:00,1250.0,25.8
2022-09-03 01:00:00,1212.0,25.0
2022-09-03 02:00:00,1180.0,24.8
2022-09-03 03:00:00,1141.0,23.0
2022-09-03 04:00:00,1140.0,22.3
2022-09-03 05:00:00,1171.0,22.5
2022-09-03 06:00:00,1238.0,22.3
2022-09-03 07:00:00,1373.0,22.7
2022-09-03 08:00:00,1415.0,25.1
2022-09-03 09:00:00,1480.0,25.4
2022-09-03 10:00:00,1505.0,28.5
2022-09-03 11:00:00,1506.0,30.1
2022-09-03 12:00:00,1405.0,28.5
2022-09-03 13:00:00,1421.0,30.4
2022-09-03 14:00:00,1410.0,30.6
2022-09-03 15:00:00,1457.0,32.3
2022-09-03 16:00:00,1484.0,31.3
2022-09-03 17:00:00,1548.0,29.8
2022-09-03 18:00:00,1413.0,28.7
2022-09-03 19:00:00,1432.0,27.7
2022-09-03 20:00:00,1517.0,27.7
2022-09-03 21:00:00,1437.0,27.5
2022-09-03 22:00:00,1334.0,26.9
2022-09-03 23:00:00,1269.0,26.4
2022-09-04 00:00:00,1266.0,25.2
2022-09-04 01:00:00,1222.0,25.3
2022-09-04 02:00:00,1198.0,25.3
2022-09-04 03:00:00,1169.0,25.3
2022-09-04 04:00:00,1181.0,24.6
2022-09-04 05:00:00,1176.0,24.0
2022-09-04 06:00:00,1245.0,24.1
2022-09-04 07:00:00,1364.0,24.0
2022-09-04 08:00:00,1396.0,25.5
2022-09-04 09:00:00,1430.0,27.2
2022-09-04 10:00:00,1478.0,28.6
2022-09-04 11:00:00,1500.0,30.7
2022-09-04 12:00:00,1455.0,30.5
2022-09-04 13:00:00,1443.0,31.1
2022-09-04 14:00:00,1469.0,32.7
2022-09-04 15:00:00,1517.0,33.3
2022-09-04 16:00:00,1535.0,33.1
2022-09-04 17:00:00,1587.0,31.8
2022-09-04 18:00:00,1485.0,30.7
2022-09-04 19:00:00,1496.0,28.9
2022-09-04 20:00:00,1601.0,26.4
2022-09-04 21:00:00,1523.0,26.6
2022-09-04 22:00:00,1397.0,27.0
2022-09-04 23:00:00,1289.0,25.8
2022-09-05 00:00:00,1317.0,24.8
2022-09-05 01:00:00,1257.0,23.8
2022-09-05 02:00:00,1221.0,23.8
2022-09-05 03:00:00,1179.0,23.6
2022-09-05 04:00:00,1187.0,22.4
2022-09-05 05:00:00,1207.0,21.4
2022-09-05 06:00:00,1299.0,21.8
2022-09-05 07:00:00,1429.0,21.4
2022-09-05 08:00:00,1480.0,22.9
2022-09-05 09:00:00,1582.0,26.7
2022-09-05 10:00:00,1630.0,30.6
2022-09-05 11:00:00,1663.0,32.9
2022-09-05 12:00:00,1579.0,34.7
2022-09-05 13:00:00,1627.0,36.6
2022-09-05 14:00:00,1609.0,35.8
2022-09-05 15:00:00,1661.0,36.4
2022-09-05 16:00:00,1657.0,35.6
2022-09-05 17:00:00,1687.0,33.4
2022-09-05 18:00:00,1562.0,32.1
2022-09-05 19:00:00,1540.0,29.1
2022-09-05 20:00:00,1697.0,28.4
2022-09-05 21:00:00,1673.0,27.5
2022-09-05 22:00:00,1539.0,28.1
2022-09-05 23:00:00,1432.0,27.9
2022-09-06 00:00:00,1439.0,26.8
2022-09-06 01:00:00,1366.0,25.4
2022-09-06 02:00:00,1341.0,25.9
2022-09-06 03:00:00,1285.0,26.0
2022-09-06 04:00:00,1290.0,25.4
2022-09-06 05:00:00,1288.0,22.7
2022-09-06 06:00:00,1370.0,22.9
2022-09-06 07:00:00,1493.0,21.5
2022-09-06 08:00:00,1530.0,23.1
2022-09-06 09:00:00,1604.0,26.8
2022-09-06 10:00:00,1676.0,31.6
2022-09-06 11:00:00,1701.0,33.8
2022-09-06 12:00:00,1648.0,35.9
2022-09-06 13:00:00,1730.0,36.8
2022-09-06 14:00:00,1772.0,37.7
2022-09-06 15:00:00,1800.0,37.9
2022-09-06 16:00:00,1820.0,37.6
2022-09-06 17:00:00,1822.0,36.4
2022-09-06 18:00:00,1677.0,33.5
2022-09-06 19:00:00,1679.0,31.1
2022-09-06 20:00:00,1918.0,30.8
2022-09-06 21:00:00,1865.0,31.2
2022-09-06 22:00:00,1612.0,30.8
2022-09-06 23:00:00,1506.0,30.0
2022-09-07 00:00:00,1502.0,29.2
2022-09-07 01:00:00,1444.0,28.0
2022-09-07 02:00:00,1412.0,27.2
2022-09-07 03:00:00,1361.0,26.7
2022-09-07 04:00:00,1335.0,26.4
2022-09-07 05:00:00,1344.0,25.4
2022-09-07 06:00:00,1414.0,25.0
2022-09-07 07:00:00,1523.0,24.4
2022-09-07 08:00:00,1597.0,26.1
2022-09-07 09:00:00,1651.0,28.5
2022-09-07 10:00:00,1725.0,33.3
2022-09-07 11:00:00,1761.0,34.8
2022-09-07 12:00:00,1711.0,35.7
2022-09-07 13:00:00,1792.0,37.5
2022-09-07 14:00:00,1832.0,37.6
2022-09-07 15:00:00,1854.0,37.4
2022-09-07 16:00:00,1857.0,37.1
2022-09-07 17:00:00,1888.0,34.9
2022-09-07 18:00:00,1736.0,33.3
2022-09-07 19:00:00,1800.0,31.8
2022-09-07 20:00:00,1983.0,31.4
2022-09-07 21:00:00,1888.0,31.3
2022-09-07 22:00:00,1780.0,31.5
2022-09-07 23:00:00,1678.0,31.1
2022-09-08 00:00:00,1614.0,29.7
2022-09-08 01:00:00,1549.0,29.0
2022-09-08 02:00:00,1492.0,29.2
2022-09-08 03:00:00,1477.0,27.7
2022-09-08 04:00:00,1434.0,26.9
2022-09-08 05:00:00,1417.0,27.0
2022-09-08 06:00:00,1479.0,26.3
2022-09-08 07:00:00,1581.0,25.9
2022-09-08 08:00:00,1653.0,26.3
2022-09-08 09:00:00,1707.0,27.2
2022-09-08 10:00:00,1744.0,28.6
2022-09-08 11:00:00,1776.0,31.4
2022-09-08 12:00:00,1723.0,34.5
2022-09-08 13:00:00,1810.0,34.6
2022-09-08 14:00:00,1835.0,34.4
2022-09-08 15:00:00,1836.0,35.1
2022-09-08 16:00:00,1865.0,34.9
2022-09-08 17:00:00,1875.0,33.8
2022-09-08 18:00:00,1726.0,31.7
2022-09-08 19:00:00,1758.0,30.2
2022-09-08 20:00:00,1891.0,30.2
2022-09-08 21:00:00,1864.0,29.2
2022-09-08 22:00:00,1762.0,29.4
2022-09-08 23:00:00,1678.0,28.8
2022-09-09 00:00:00,1668.0,27.1
2022-09-09 01:00:00,1577.0,26.6
2022-09-09 02:00:00,1521.0,26.9
2022-09-09 03:00:00,1460.0,26.3
2022-09-09 04:00:00,1440.0,26.4
2022-09-09 05:00:00,1427.0,26.3
2022-09-09 06:00:00,1467.0,25.9
2022-09-09 07:00:00,1540.0,26.0
2022-09-09 08:00:00,1603.0,27.0
2022-09-09 09:00:00,1707.0,28.9
2022-09-09 10:00:00,1778.0,31.8
2022-09-09 11:00:00,1804.0,32.5
2022-09-09 12:00:00,1705.0,33.7
2022-09-09 13:00:00,1790.0,36.0
2022-09-09 14:00:00,1792.0,36.4
2022-09-09 15:00:00,1819.0,35.8
2022-09-09 16:00:00,1841.0,33.9
2022-09-09 17:00:00,1865.0,32.5
2022-09-09 18:00:00,1690.0,30.8
2022-09-09 19:00:00,1667.0,29.4
2022-09-09 20:00:00,1835.0,28.7
2022-09-09 21:00:00,1824.0,28.1
2022-09-09 22:00:00,1717.0,27.3
2022-09-09 23:00:00,1651.0,26.6
2022-09-10 00:00:00,1654.0,26.1
2022-09-10 01:00:00,1545.0,25.3
2022-09-10 02:00:00,1462.0,25.7
2022-09-10 03:00:00,1424.0,25.4
2022-09-10 04:00:00,1389.0,25.5
2022-09-10 05:00:00,1371.0,25.0
2022-09-10 06:00:00,1372.0,24.1
2022-09-10 07:00:00,1433.0,24.4
2022-09-10 08:00:00,1385.0,25.0
2022-09-10 09:00:00,1448.0,26.3
2022-09-10 10:00:00,1556.0,29.7
2022-09-10 11:00:00,1603.0,32.3
2022-09-10 12:00:00,1618.0,33.1
2022-09-10 13:00:00,1641.0,34.2
2022-09-10 14:00:00,1669.0,35.6
2022-09-10 15:00:00,1689.0,34.8
2022-09-10 16:00:00,1644.0,34.8
2022-09-10 17:00:00,1695.0,33.2
2022-09-10 18:00:00,1526.0,30.5
2022-09-10 19:00:00,1627.0,29.0
2022-09-10 20:00:00,1802.0,28.7
2022-09-10 21:00:00,1808.0,28.4
2022-09-10 22:00:00,1724.0,28.2
2022-09-10 23:00:00,1605.0,27.9
2022-09-11 00:00:00,1580.0,27.7
2022-09-11 01:00:00,1457.0,26.3
2022-09-11 02:00:00,1396.0,25.8
2022-09-11 03:00:00,1337.0,24.7
2022-09-11 04:00:00,1299.0,24.3
2022-09-11 05:00:00,1293.0,24.8
2022-09-11 06:00:00,1326.0,25.3
2022-09-11 07:00:00,1428.0,24.7
2022-09-11 08:00:00,1465.0,26.3
2022-09-11 09:00:00,1499.0,28.0
2022-09-11 10:00:00,1572.0,30.7
2022-09-11 11:00:00,1622.0,32.4
2022-09-11 12:00:00,1614.0,34.0
2022-09-11 13:00:00,1705.0,35.5
2022-09-11 14:00:00,1734.0,35.5
2022-09-11 15:00:00,1777.0,35.0
2022-09-11 16:00:00,1767.0,34.0
2022-09-11 17:00:00,1784.0,33.2
2022-09-11 18:00:00,1661.0,31.1
2022-09-11 19:00:00,1650.0,28.8
2022-09-11 20:00:00,1813.0,29.4
2022-09-11 21:00:00,1790.0,29.5
2022-09-11 22:00:00,1731.0,29.0
2022-09-11 23:00:00,1657.0,28.5
2022-09-12 00:00:00,1674.0,27.7
2022-09-12 01:00:00,1576.0,25.7
2022-09-12 02:00:00,1499.0,25.8
2022-09-12 03:00:00,1454.0,25.3
2022-09-12 04:00:00,1420.0,24.7
2022-09-12 05:00:00,1420.0,24.8
2022-09-12 06:00:00,1424.0,23.7
2022-09-12 07:00:00,1520.0,23.6
2022-09-12 08:00:00,1582.0,25.5
2022-09-12 09:00:00,1639.0,28.7
2022-09-12 10:00:00,1713.0,31.9
2022-09-12 11:00:00,1771.0,33.5
2022-09-12 12:00:00,1696.0,35.1
2022-09-12 13:00:00,1772.0,34.7
2022-09-12 14:00:00,1838.0,34.6
2022-09-12 15:00:00,1874.0,34.5
2022-09-12 16:00:00,1859.0,33.1
2022-09-12 17:00:00,1888.0,32.5
2022-09-12 18:00:00,1751.0,30.6
2022-09-12 19:00:00,1776.0,28.9
2022-09-12 20:00:00,1940.0,29.1
2022-09-12 21:00:00,1907.0,28.7
2022-09-12 22:00:00,1785.0,28.6
2022-09-12 23:00:00,1678.0,26.9
2022-09-13 00:00:00,1694.0,26.2
2022-09-13 01:00:00,1578.0,26.1
2022-09-13 02:00:00,1510.0,25.9
2022-09-13 03:00:00,1459.0,25.0
2022-09-13 04:00:00,1419.0,25.0
2022-09-13 05:00:00,1427.0,24.4
2022-09-13 06:00:00,1457.0,24.3
2022-09-13 07:00:00,1565.0,23.8
2022-09-13 08:00:00,1614.0,25.0
2022-09-13 09:00:00,1706.0,26.3
2022-09-13 10:00:00,1756.0,29.0
2022-09-13 11:00:00,1784.0,31.4
2022-09-13 12:00:00,1725.0,32.2
2022-09-13 13:00:00,1774.0,32.9
2022-09-13 14:00:00,1819.0,33.2
2022-09-13 15:00:00,1830.0,33.7
2022-09-13 16:00:00,1814.0,32.0
2022-09-13 17:00:00,1824.0,30.8
2022-09-13 18:00:00,1654.0,29.7
2022-09-13 19:00:00,1706.0,28.4
2022-09-13 20:00:00,1792.0,28.2
2022-09-13 21:00:00,1762.0,28.2
2022-09-13 22:00:00,1647.0,27.3
2022-09-13 23:00:00,1543.0,27.2
2022-09-14 00:00:00,1551.0,25.6
2022-09-14 01:00:00,1491.0,25.6
2022-09-14 02:00:00,1425.0,26.6
2022-09-14 03:00:00,1371.0,25.8
2022-09-14 04:00:00,1385.0,23.6
2022-09-14 05:00:00,1384.0,22.9
2022-09-14 06:00:00,1442.0,22.8
2022-09-14 07:00:00,1549.0,23.3
2022-09-14 08:00:00,1582.0,25.0
2022-09-14 09:00:00,1652.0,26.8
2022-09-14 10:00:00,1698.0,29.4
2022-09-14 11:00:00,1718.0,30.7
2022-09-14 12:00:00,1649.0,31.5
2022-09-14 13:00:00,1683.0,32.3
2022-09-14 14:00:00,1709.0,31.6
2022-09-14 15:00:00,1726.0,33.1
2022-09-14 16:00:00,1725.0,32.9
2022-09-14 17:00:00,1799.0,31.2
2022-09-14 18:00:00,1617.0,29.5
2022-09-14 19:00:00,1660.0,28.2
2022-09-14 20:00:00,1743.0,27.9
2022-09-14 21:00:00,1689.0,27.5
2022-09-14 22:00:00,1572.0,27.3
2022-09-14 23:00:00,1495.0,24.5
2022-09-15 00:00:00,1514.0,24.4
2022-09-15 01:00:00,1427.0,24.2
2022-09-15 02:00:00,1364.0,23.5
2022-09-15 03:00:00,1343.0,23.3
2022-09-15 04:00:00,1323.0,22.9
2022-09-15 05:00:00,1337.0,22.8
2022-09-15 06:00:00,1403.0,22.7
2022-09-15 07:00:00,1511.0,23.5
2022-09-15 08:00:00,1558.0,23.8
2022-09-15 09:00:00,1601.0,24.9
2022-09-15 10:00:00,1643.0,27.0
2022-09-15 11:00:00,1636.0,28.9
2022-09-15 12:00:00,1546.0,29.2
2022-09-15 13:00:00,1558.0,29.5
2022-09-15 14:00:00,1606.0,30.8
2022-09-15 15:00:00,1634.0,31.0
2022-09-15 16:00:00,1643.0,29.8
2022-09-15 17:00:00,1705.0,29.1
2022-09-15 18:00:00,1568.0,28.5
2022-09-15 19:00:00,1615.0,26.9
2022-09-15 20:00:00,1669.0,26.7
2022-09-15 21:00:00,1602.0,26.3
2022-09-15 22:00:00,1470.0,25.6
2022-09-15 23:00:00,1393.0,26.1
2022-09-16 00:00:00,1426.0,25.7
2022-09-16 01:00:00,1385.0,25.0
2022-09-16 02:00:00,1346.0,23.4
2022-09-16 03:00:00,1309.0,23.2
2022-09-16 04:00:00,1307.0,23.5
2022-09-16 05:00:00,1327.0,22.3
2022-09-16 06:00:00,1416.0,23.0
2022-09-16 07:00:00,1543.0,22.1
2022-09-16 08:00:00,1573.0,22.7
2022-09-16 09:00:00,1597.0,24.7
2022-09-16 10:00:00,1651.0,28.9
2022-09-16 11:00:00,1672.0,31.5
2022-09-16 12:00:00,1602.0,32.0
2022-09-16 13:00:00,1645.0,32.8
2022-09-16 14:00:00,1693.0,32.9
2022-09-16 15:00:00,1727.0,33.9
2022-09-16 16:00:00,1728.0,32.4
2022-09-16 17:00:00,1776.0,31.0
2022-09-16 18:00:00,1607.0,29.8
2022-09-16 19:00:00,1701.0,28.4
2022-09-16 20:00:00,1746.0,27.1
2022-09-16 21:00:00,1670.0,27.0
2022-09-16 22:00:00,1559.0,27.0
2022-09-16 23:00:00,1481.0,26.7
2022-09-17 00:00:00,1496.0,27.2
2022-09-17 01:00:00,1433.0,26.6
2022-09-17 02:00:00,1414.0,25.4
2022-09-17 03:00:00,1352.0,25.7
2022-09-17 04:00:00,1349.0,23.9
2022-09-17 05:00:00,1345.0,24.9
2022-09-17 06:00:00,1393.0,25.9
2022-09-17 07:00:00,1533.0,25.6
2022-09-17 08:00:00,1585.0,25.6
2022-09-17 09:00:00,1613.0,28.2
2022-09-17 10:00:00,1673.0,31.7
2022-09-17 11:00:00,1715.0,32.5
2022-09-17 12:00:00,1670.0,34.6
2022-09-17 13:00:00,1724.0,35.4
2022-09-17 14:00:00,1769.0,36.0
2022-09-17 15:00:00,1810.0,35.7
2022-09-17 16:00:00,1822.0,34.7
2022-09-17 17:00:00,1828.0,33.4
2022-09-17 18:00:00,1662.0,31.3
2022-09-17 19:00:00,1713.0,30.1
2022-09-17 20:00:00,1820.0,30.2
2022-09-17 21:00:00,1793.0,30.3
2022-09-17 22:00:00,1702.0,29.4
2022-09-17 23:00:00,1618.0,29.4
2022-09-18 00:00:00,1639.0,28.6
2022-09-18 01:00:00,1552.0,27.6
2022-09-18 02:00:00,1477.0,27.7
2022-09-18 03:00:00,1448.0,27.5
2022-09-18 04:00:00,1402.0,27.4
2022-09-18 05:00:00,1402.0,26.6
2022-09-18 06:00:00,1439.0,26.2
2022-09-18 07:00:00,1538.0,27.0
2022-09-18 08:00:00,1592.0,27.2
2022-09-18 09:00:00,1613.0,28.8
2022-09-18 10:00:00,1674.0,30.6
2022-09-18 11:00:00,1710.0,31.7
2022-09-18 12:00:00,1684.0,33.9
2022-09-18 13:00:00,1738.0,34.2
2022-09-18 14:00:00,1740.0,34.5
2022-09-18 15:00:00,1752.0,35.7
2022-09-18 16:00:00,1736.0,34.4
2022-09-18 17:00:00,1806.0,32.5
2022-09-18 18:00:00,1660.0,31.3
2022-09-18 19:00:00,1726.0,30.4
2022-09-18 20:00:00,1838.0,30.1
2022-09-18 21:00:00,1814.0,29.7
2022-09-18 22:00:00,1731.0,29.7
2022-09-18 23:00:00,1621.0,28.7
2022-09-19 00:00:00,1643.0,28.4
2022-09-19 01:00:00,1552.0,28.1
2022-09-19 02:00:00,1492.0,27.7
2022-09-19 03:00:00,1453.0,28.0
2022-09-19 04:00:00,1432.0,26.9
2022-09-19 05:00:00,1414.0,26.6
2022-09-19 06:00:00,1470.0,26.5
2022-09-19 07:00:00,1571.0,25.6
2022-09-19 08:00:00,1618.0,28.0
2022-09-19 09:00:00,1699.0,29.5
2022-09-19 10:00:00,1753.0,31.5
2022-09-19 11:00:00,1769.0,32.3
2022-09-19 12:00:00,1708.0,33.4
2022-09-19 13:00:00,1749.0,33.1
2022-09-19 14:00:00,1796.0,32.6
2022-09-19 15:00:00,1772.0,32.3
2022-09-19 16:00:00,1775.0,31.1
2022-09-19 17:00:00,1770.0,30.8
2022-09-19 18:00:00,1657.0,29.8
2022-09-19 19:00:00,1731.0,29.1
2022-09-19 20:00:00,1783.0,28.9
2022-09-19 21:00:00,1806.0,28.9
2022-09-19 22:00:00,1692.0,28.9
2022-09-19 23:00:00,1613.0,28.4
2022-09-20 00:00:00,1643.0,27.2
2022-09-20 01:00:00,1551.0,26.5
2022-09-20 02:00:00,1481.0,26.6
2022-09-20 03:00:00,1419.0,26.3
2022-09-20 04:00:00,1379.0,25.3
2022-09-20 05:00:00,1383.0,25.1
2022-09-20 06:00:00,1435.0,24.5
2022-09-20 07:00:00,1530.0,24.3
2022-09-20 08:00:00,1559.0,25.1
2022-09-20 09:00:00,1567.0,26.0
2022-09-20 10:00:00,1591.0,27.2
2022-09-20 11:00:00,1569.0,26.9
2022-09-20 12:00:00,1445.0,27.3
2022-09-20 13:00:00,1444.0,26.5
2022-09-20 14:00:00,1474.0,27.1
2022-09-20 15:00:00,1523.0,25.9
2022-09-20 16:00:00,1514.0,26.9
2022-09-20 17:00:00,1540.0,26.0
2022-09-20 18:00:00,1402.0,24.6
2022-09-20 19:00:00,1480.0,23.3
2022-09-20 20:00:00,1468.0,22.3
2022-09-20 21:00:00,1416.0,21.8
2022-09-20 22:00:00,1303.0,21.1
2022-09-20 23:00:00,1260.0,20.8
2022-09-21 00:00:00,1286.0,20.3
2022-09-21 01:00:00,1209.0,20.1
2022-09-21 02:00:00,1177.0,20.1
2022-09-21 03:00:00,1152.0,20.3
2022-09-21 04:00:00,1150.0,19.4
2022-09-21 05:00:00,1167.0,19.1
2022-09-21 06:00:00,1249.0,18.5
2022-09-21 07:00:00,1372.0,19.0
2022-09-21 08:00:00,1403.0,18.8
2022-09-21 09:00:00,1434.0,18.4
2022-09-21 10:00:00,1439.0,17.8
2022-09-21 11:00:00,1401.0,17.1
2022-09-21 12:00:00,1281.0,16.8
2022-09-21 13:00:00,1250.0,16.6
2022-09-21 14:00:00,1279.0,16.8
2022-09-21 15:00:00,1321.0,16.6
2022-09-21 16:00:00,1354.0,16.8
2022-09-21 17:00:00,1420.0,16.6
2022-09-21 18:00:00,1356.0,16.3
2022-09-21 19:00:00,1419.0,16.3
2022-09-21 20:00:00,1359.0,16.1
2022-09-21 21:00:00,1282.0,16.3
2022-09-21 22:00:00,1177.0,16.3
2022-09-21 23:00:00,1141.0,16.4
2022-09-22 00:00:00,1159.0,16.2
2022-09-22 01:00:00,1142.0,16.1
2022-09-22 02:00:00,1122.0,16.1
2022-09-22 03:00:00,1103.0,16.1
2022-09-22 04:00:00,1100.0,16.3
2022-09-22 05:00:00,1106.0,16.3
2022-09-22 06:00:00,1198.0,16.3
2022-09-22 07:00:00,1350.0,16.4
2022-09-22 08:00:00,1386.0,16.5
2022-09-22 09:00:00,1390.0,16.3
2022-09-22 10:00:00,1401.0,16.3
2022-09-22 11:00:00,1370.0,16.7
2022-09-22 12:00:00,1220.0,18.0
2022-09-22 13:00:00,1192.0,18.4
2022-09-22 14:00:00,1232.0,19.1
2022-09-22 15:00:00,1274.0,19.3
2022-09-22 16:00:00,1315.0,19.5
2022-09-22 17:00:00,1391.0,19.5
2022-09-22 18:00:00,1289.0,19.1
2022-09-22 19:00:00,1408.0,18.8
2022-09-22 20:00:00,1354.0,18.8
2022-09-22 21:00:00,1270.0,18.8
2022-09-22 22:00:00,1160.0,18.7
2022-09-22 23:00:00,1097.0,18.8
2022-09-23 00:00:00,1138.0,18.7
2022-09-23 01:00:00,1113.0,18.7
2022-09-23 02:00:00,1073.0,18.5
2022-09-23 03:00:00,1054.0,18.3
2022-09-23 04:00:00,1052.0,18.3
2022-09-23 05:00:00,1084.0,18.2
2022-09-23 06:00:00,1159.0,18.3
2022-09-23 07:00:00,1317.0,18.7
2022-09-23 08:00:00,1349.0,19.0
2022-09-23 09:00:00,1394.0,19.9
2022-09-23 10:00:00,1400.0,21.9
2022-09-23 11:00:00,1367.0,22.6
2022-09-23 12:00:00,1232.0,23.4
2022-09-23 13:00:00,1219.0,24.1
2022-09-23 14:00:00,1272.0,24.1
2022-09-23 15:00:00,1295.0,23.6
2022-09-23 16:00:00,1345.0,23.6
2022-09-23 17:00:00,1396.0,24.1
2022-09-23 18:00:00,1318.0,23.4
2022-09-23 19:00:00,1390.0,22.6
2022-09-23 20:00:00,1345.0,22.1
2022-09-23 21:00:00,1263.0,21.8
2022-09-23 22:00:00,1168.0,21.5
2022-09-23 23:00:00,1105.0,21.9
2022-09-24 00:00:00,1155.0,20.7
2022-09-24 01:00:00,1122.0,19.9
2022-09-24 02:00:00,1097.0,19.3
2022-09-24 03:00:00,1075.0,19.3
2022-09-24 04:00:00,1060.0,19.3
2022-09-24 05:00:00,1084.0,19.2
2022-09-24 06:00:00,1149.0,18.9
2022-09-24 07:00:00,1306.0,18.3
2022-09-24 08:00:00,1353.0,18.6
2022-09-24 09:00:00,1365.0,19.5
2022-09-24 10:00:00,1373.0,21.1
2022-09-24 11:00:00,1372.0,20.4
2022-09-24 12:00:00,1234.0,20.1
2022-09-24 13:00:00,1212.0,20.8
2022-09-24 14:00:00,1266.0,21.5
2022-09-24 15:00:00,1284.0,21.3
2022-09-24 16:00:00,1307.0,20.9
2022-09-24 17:00:00,1372.0,20.5
2022-09-24 18:00:00,1316.0,19.8
2022-09-24 19:00:00,1378.0,18.2
2022-09-24 20:00:00,1335.0,16.0
2022-09-24 21:00:00,1236.0,15.6
2022-09-24 22:00:00,1132.0,15.9
2022-09-24 23:00:00,1048.0,16.3
2022-09-25 00:00:00,1098.0,15.8
2022-09-25 01:00:00,1060.0,15.6
2022-09-25 02:00:00,1045.0,15.9
2022-09-25 03:00:00,1013.0,16.1
2022-09-25 04:00:00,1021.0,16.4
2022-09-25 05:00:00,1036.0,16.2
2022-09-25 06:00:00,1103.0,16.4
2022-09-25 07:00:00,1244.0,16.5
2022-09-25 08:00:00,1297.0,16.9
2022-09-25 09:00:00,1293.0,17.7
2022-09-25 10:00:00,1317.0,18.6
2022-09-25 11:00:00,1297.0,19.3
2022-09-25 12:00:00,1220.0,20.7
2022-09-25 13:00:00,1198.0,22.7
2022-09-25 14:00:00,1234.0,24.7
2022-09-25 15:00:00,1253.0,24.1
2022-09-25 16:00:00,1267.0,24.7
2022-09-25 17:00:00,1374.0,24.2
2022-09-25 18:00:00,1282.0,23.3
2022-09-25 19:00:00,1383.0,22.4
2022-09-25 20:00:00,1360.0,21.5
2022-09-25 21:00:00,1280.0,21.0
2022-09-25 22:00:00,1140.0,20.8
2022-09-25 23:00:00,1079.0,20.7
2022-09-26 00:00:00,1124.0,21.1
2022-09-26 01:00:00,1063.0,21.5
2022-09-26 02:00:00,1054.0,21.1
2022-09-26 03:00:00,1049.0,20.5
2022-09-26 04:00:00,1051.0,20.0
2022-09-26 05:00:00,1082.0,19.5
2022-09-26 06:00:00,1183.0,19.6
2022-09-26 07:00:00,1357.0,20.4
2022-09-26 08:00:00,1323.0,21.8
2022-09-26 09:00:00,1384.0,23.4
2022-09-26 10:00:00,1380.0,26.1
2022-09-26 11:00:00,1384.0,26.6
2022-09-26 12:00:00,1262.0,27.0
2022-09-26 13:00:00,1253.0,28.6
2022-09-26 14:00:00,1307.0,29.8
2022-09-26 15:00:00,1364.0,29.6
2022-09-26 16:00:00,1371.0,29.8
2022-09-26 17:00:00,1463.0,28.5
2022-09-26 18:00:00,1361.0,26.5
2022-09-26 19:00:00,1465.0,25.1
2022-09-26 20:00:00,1426.0,24.9
2022-09-26 21:00:00,1333.0,24.9
2022-09-26 22:00:00,1213.0,24.2
2022-09-26 23:00:00,1155.0,23.4
2022-09-27 00:00:00,1192.0,23.8
2022-09-27 01:00:00,1160.0,23.2
2022-09-27 02:00:00,1118.0,20.7
2022-09-27 03:00:00,1113.0,21.6
2022-09-27 04:00:00,1112.0,21.2
2022-09-27 05:00:00,1144.0,19.9
2022-09-27 06:00:00,1240.0,21.3
2022-09-27 07:00:00,1414.0,20.8
2022-09-27 08:00:00,1403.0,21.3
2022-09-27 09:00:00,1426.0,26.0
2022-09-27 10:00:00,1448.0,25.9
2022-09-27 11:00:00,1426.0,27.8
2022-09-27 12:00:00,1313.0,29.5
2022-09-27 13:00:00,1329.0,29.5
2022-09-27 14:00:00,1354.0,32.1
2022-09-27 15:00:00,1398.0,32.0
2022-09-27 16:00:00,1434.0,31.1
2022-09-27 17:00:00,1499.0,28.7
2022-09-27 18:00:00,1379.0,26.1
2022-09-27 19:00:00,1459.0,24.8
2022-09-27 20:00:00,1406.0,24.0
2022-09-27 21:00:00,1330.0,23.1
2022-09-27 22:00:00,1205.0,23.0
2022-09-27 23:00:00,1152.0,22.1
2022-09-28 00:00:00,1176.0,21.8
2022-09-28 01:00:00,1133.0,21.5
2022-09-28 02:00:00,1104.0,20.4
2022-09-28 03:00:00,1093.0,20.6
2022-09-28 04:00:00,1074.0,20.2
2022-09-28 05:00:00,1115.0,20.0
2022-09-28 06:00:00,1226.0,19.8
2022-09-28 07:00:00,1379.0,19.8
2022-09-28 08:00:00,1434.0,20.2
2022-09-28 09:00:00,1453.0,20.7
2022-09-28 10:00:00,1473.0,22.4
2022-09-28 11:00:00,1432.0,22.4
2022-09-28 12:00:00,1290.0,22.9
2022-09-28 13:00:00,1288.0,23.5
2022-09-28 14:00:00,1371.0,24.3
2022-09-28 15:00:00,1409.0,24.3
2022-09-28 16:00:00,1415.0,24.5
2022-09-28 17:00:00,1493.0,24.7
2022-09-28 18:00:00,1339.0,23.9
2022-09-28 19:00:00,1436.0,22.2
2022-09-28 20:00:00,1390.0,22.0
2022-09-28 21:00:00,1309.0,20.4
2022-09-28 22:00:00,1190.0,20.2
2022-09-28 23:00:00,1124.0,21.3
2022-09-29 00:00:00,1154.0,20.7
2022-09-29 01:00:00,1121.0,19.4
2022-09-29 02:00:00,1096.0,19.2
2022-09-29 03:00:00,1077.0,19.3
2022-09-29 04:00:00,1060.0,19.2
2022-09-29 05:00:00,1085.0,19.2
2022-09-29 06:00:00,1187.0,18.7
2022-09-29 07:00:00,1343.0,17.7
2022-09-29 08:00:00,1386.0,19.2
2022-09-29 09:00:00,1468.0,23.1
2022-09-29 10:00:00,1481.0,26.4
2022-09-29 11:00:00,1472.0,28.7
2022-09-29 12:00:00,1364.0,29.3
2022-09-29 13:00:00,1379.0,30.3
2022-09-29 14:00:00,1422.0,30.9
2022-09-29 15:00:00,1446.0,30.7
2022-09-29 16:00:00,1469.0,30.9
2022-09-29 17:00:00,1533.0,29.6
2022-09-29 18:00:00,1401.0,27.6
2022-09-29 19:00:00,1496.0,26.0
2022-09-29 20:00:00,1451.0,25.3
2022-09-29 21:00:00,1360.0,25.4
2022-09-29 22:00:00,1253.0,26.0
2022-09-29 23:00:00,1169.0,25.7
2022-09-30 00:00:00,1173.0,24.2
2022-09-30 01:00:00,1148.0,24.6
2022-09-30 02:00:00,1132.0,25.1
2022-09-30 03:00:00,1119.0,24.8
2022-09-30 04:00:00,1093.0,23.9
2022-09-30 05:00:00,1135.0,24.0
2022-09-30 06:00:00,1235.0,23.2
2022-09-30 07:00:00,1398.0,22.4
2022-09-30 08:00:00,1439.0,24.4
2022-09-30 09:00:00,1447.0,25.1
2022-09-30 10:00:00,1470.0,28.4
2022-09-30 11:00:00,1486.0,30.3
2022-09-30 12:00:00,1402.0,32.6
2022-09-30 13:00:00,1415.0,33.5
2022-09-30 14:00:00,1459.0,34.9
2022-09-30 15:00:00,1524.0,34.7
2022-09-30 16:00:00,1560.0,34.8
2022-09-30 17:00:00,1621.0,33.2
2022-09-30 18:00:00,1451.0,31.1
2022-09-30 19:00:00,1578.0,30.3
2022-09-30 20:00:00,1548.0,29.6
2022-09-30 21:00:00,1457.0,29.2
2022-09-30 22:00:00,1360.0,29.0
2022-09-30 23:00:00,1260.0,28.1
2022-10-01 00:00:00,1228.0,27.4
2022-10-01 01:00:00,1186.0,26.9
2022-10-01 02:00:00,1146.0,26.8
2022-10-01 03:00:00,1111.0,27.0
2022-10-01 04:00:00,1074.0,26.6
2022-10-01 05:00:00,1092.0,24.9
2022-10-01 06:00:00,1138.0,26.4
2022-10-01 07:00:00,1256.0,23.9
2022-10-01 08:00:00,1235.0,25.1
2022-10-01 09:00:00,1234.0,27.7
2022-10-01 10:00:00,1308.0,31.2
2022-10-01 11:00:00,1370.0,34.0
2022-10-01 12:00:00,1374.0,35.3
2022-10-01 13:00:00,1447.0,37.4
2022-10-01 14:00:00,1485.0,38.5
2022-10-01 15:00:00,1530.0,38.3
2022-10-01 16:00:00,1542.0,37.3
2022-10-01 17:00:00,1575.0,37.0
2022-10-01 18:00:00,1499.0,35.1
2022-10-01 19:00:00,1654.0,34.1
2022-10-01 20:00:00,1788.0,33.5
2022-10-01 21:00:00,1769.0,32.5
2022-10-01 22:00:00,1694.0,32.3
2022-10-01 23:00:00,1594.0,31.8
2022-10-02 00:00:00,1561.0,31.5
2022-10-02 01:00:00,1465.0,30.7
2022-10-02 02:00:00,1408.0,30.1
2022-10-02 03:00:00,1354.0,28.7
2022-10-02 04:00:00,1297.0,28.5
2022-10-02 05:00:00,1303.0,27.6
2022-10-02 06:00:00,1337.0,27.6
2022-10-02 07:00:00,1430.0,27.6
2022-10-02 08:00:00,1450.0,28.4
2022-10-02 09:00:00,1519.0,30.7
2022-10-02 10:00:00,1593.0,32.4
2022-10-02 11:00:00,1658.0,34.3
2022-10-02 12:00:00,1632.0,35.8
2022-10-02 13:00:00,1704.0,36.0
2022-10-02 14:00:00,1759.0,35.4
2022-10-02 15:00:00,1734.0,36.3
2022-10-02 16:00:00,1749.0,35.7
2022-10-02 17:00:00,1750.0,36.4
2022-10-02 18:00:00,1655.0,34.6
2022-10-02 19:00:00,1870.0,33.1
2022-10-02 20:00:00,1975.0,32.8
2022-10-02 21:00:00,1996.0,32.1
2022-10-02 22:00:00,1918.0,31.8
2022-10-02 23:00:00,1856.0,31.0
2022-10-03 00:00:00,1797.0,31.4
2022-10-03 01:00:00,1686.0,30.4
2022-10-03 02:00:00,1596.0,28.7
2022-10-03 03:00:00,1517.0,27.9
2022-10-03 04:00:00,1460.0,27.1
2022-10-03 05:00:00,1431.0,25.8
2022-10-03 06:00:00,1434.0,26.4
2022-10-03 07:00:00,1479.0,26.6
2022-10-03 08:00:00,1478.0,27.8
2022-10-03 09:00:00,1567.0,30.3
2022-10-03 10:00:00,1665.0,32.5
2022-10-03 11:00:00,1772.0,34.1
2022-10-03 12:00:00,1803.0,35.2
2022-10-03 13:00:00,1929.0,37.1
2022-10-03 14:00:00,1927.0,37.5
2022-10-03 15:00:00,1954.0,38.7
2022-10-03 16:00:00,1940.0,38.3
2022-10-03 17:00:00,1956.0,38.0
2022-10-03 18:00:00,1773.0,36.4
2022-10-03 19:00:00,1995.0,34.3
2022-10-03 20:00:00,2097.0,32.7
2022-10-03 21:00:00,2138.0,32.6
2022-10-03 22:00:00,2049.0,32.6
2022-10-03 23:00:00,1946.0,32.1
2022-10-04 00:00:00,1824.0,32.3
2022-10-04 01:00:00,1823.0,27.5
2022-10-04 02:00:00,1681.0,25.2
2022-10-04 03:00:00,1532.0,24.0
2022-10-04 04:00:00,1445.0,23.4
2022-10-04 05:00:00,1413.0,22.8
2022-10-04 06:00:00,1416.0,22.3
2022-10-04 07:00:00,1416.0,22.1
2022-10-04 08:00:00,1411.0,21.8
2022-10-04 09:00:00,1419.0,21.6
2022-10-04 10:00:00,1418.0,21.2
2022-10-04 11:00:00,1394.0,20.2
2022-10-04 12:00:00,1300.0,19.6
2022-10-04 13:00:00,1290.0,19.3
2022-10-04 14:00:00,1286.0,19.5
2022-10-04 15:00:00,1284.0,18.8
2022-10-04 16:00:00,1345.0,18.2
2022-10-04 17:00:00,1396.0,17.5
2022-10-04 18:00:00,1322.0,16.6
2022-10-04 19:00:00,1426.0,15.9
2022-10-04 20:00:00,1357.0,15.3
2022-10-04 21:00:00,1267.0,14.8
2022-10-04 22:00:00,1163.0,13.6
2022-10-04 23:00:00,1126.0,12.6
2022-10-05 00:00:00,1141.0,12.0
2022-10-05 01:00:00,1103.0,11.7
2022-10-05 02:00:00,1060.0,11.1
2022-10-05 03:00:00,1045.0,11.0
2022-10-05 04:00:00,1035.0,10.7
2022-10-05 05:00:00,1049.0,10.1
2022-10-05 06:00:00,1098.0,10.4
2022-10-05 07:00:00,1253.0,10.3
2022-10-05 08:00:00,1347.0,10.8
2022-10-05 09:00:00,1389.0,10.8
2022-10-05 10:00:00,1336.0,11.1
2022-10-05 11:00:00,1338.0,11.9
2022-10-05 12:00:00,1233.0,12.0
2022-10-05 13:00:00,1205.0,12.2
2022-10-05 14:00:00,1214.0,12.5
2022-10-05 15:00:00,1230.0,12.9
2022-10-05 16:00:00,1287.0,12.8
2022-10-05 17:00:00,1381.0,12.0
2022-10-05 18:00:00,1309.0,11.4
2022-10-05 19:00:00,1393.0,11.3
2022-10-05 20:00:00,1341.0,10.7
2022-10-05 21:00:00,1241.0,10.1
2022-10-05 22:00:00,1131.0,9.8
2022-10-05 23:00:00,1069.0,9.2
2022-10-06 00:00:00,1086.0,9.2
2022-10-06 01:00:00,1042.0,9.2
2022-10-06 02:00:00,1025.0,9.1
2022-10-06 03:00:00,1021.0,9.0
2022-10-06 04:00:00,1012.0,9.1
2022-10-06 05:00:00,1034.0,9.1
2022-10-06 06:00:00,1105.0,9.0
2022-10-06 07:00:00,1229.0,9.0
2022-10-06 08:00:00,1353.0,8.9
2022-10-06 09:00:00,1404.0,8.9
2022-10-06 10:00:00,1389.0,9.1
2022-10-06 11:00:00,1407.0,9.4
2022-10-06 12:00:00,1272.0,9.5
2022-10-06 13:00:00,1265.0,10.0
2022-10-06 14:00:00,1321.0,9.6
2022-10-06 15:00:00,1325.0,9.5
2022-10-06 16:00:00,1383.0,9.5
2022-10-06 17:00:00,1409.0,9.7
2022-10-06 18:00:00,1360.0,10.0
2022-10-06 19:00:00,1439.0,10.0
2022-10-06 20:00:00,1316.0,9.7
2022-10-06 21:00:00,1287.0,9.5
2022-10-06 22:00:00,1167.0,9.4
2022-10-06 23:00:00,1114.0,9.5
2022-10-07 00:00:00,1124.0,9.4
2022-10-07 01:00:00,1071.0,9.5
2022-10-07 02:00:00,1040.0,9.5
2022-10-07 03:00:00,1005.0,9.6
2022-10-07 04:00:00,1008.0,9.7
2022-10-07 05:00:00,1024.0,9.7
2022-10-07 06:00:00,1090.0,9.8
2022-10-07 07:00:00,1255.0,9.8
2022-10-07 08:00:00,1401.0,10.2
2022-10-07 09:00:00,1407.0,10.6
2022-10-07 10:00:00,1434.0,11.1
2022-10-07 11:00:00,1420.0,11.3
2022-10-07 12:00:00,1328.0,11.3
2022-10-07 13:00:00,1291.0,11.2
2022-10-07 14:00:00,1332.0,11.1
2022-10-07 15:00:00,1394.0,11.3
2022-10-07 16:00:00,1434.0,11.3
2022-10-07 17:00:00,1510.0,11.3
2022-10-07 18:00:00,1429.0,11.1
2022-10-07 19:00:00,1492.0,10.9
2022-10-07 20:00:00,1403.0,10.8
2022-10-07 21:00:00,1299.0,10.9
2022-10-07 22:00:00,1172.0,11.0
2022-10-07 23:00:00,1116.0,11.0
2022-10-08 00:00:00,1120.0,11.0
2022-10-08 01:00:00,1081.0,11.0
2022-10-08 02:00:00,1048.0,11.0
2022-10-08 03:00:00,1035.0,11.0
2022-10-08 04:00:00,1019.0,11.2
2022-10-08 05:00:00,1078.0,11.1
2022-10-08 06:00:00,1127.0,11.1
2022-10-08 07:00:00,1320.0,11.3
2022-10-08 08:00:00,1416.0,11.5
2022-10-08 09:00:00,1470.0,12.0
2022-10-08 10:00:00,1487.0,12.0
2022-10-08 11:00:00,1456.0,12.1
2022-10-08 12:00:00,1305.0,12.7
2022-10-08 13:00:00,1303.0,13.0
2022-10-08 14:00:00,1337.0,13.2
2022-10-08 15:00:00,1346.0,13.4
2022-10-08 16:00:00,1429.0,13.4
2022-10-08 17:00:00,1484.0,13.0
2022-10-08 18:00:00,1423.0,12.5
2022-10-08 19:00:00,1489.0,12.4
2022-10-08 20:00:00,1425.0,12.4
2022-10-08 21:00:00,1319.0,12.4
2022-10-08 22:00:00,1178.0,12.5
2022-10-08 23:00:00,1113.0,12.5
2022-10-09 00:00:00,1129.0,12.4
2022-10-09 01:00:00,1083.0,12.4
2022-10-09 02:00:00,1047.0,12.5
2022-10-09 03:00:00,1030.0,12.5
2022-10-09 04:00:00,1025.0,12.6
2022-10-09 05:00:00,1046.0,12.7
2022-10-09 06:00:00,1138.0,12.7
2022-10-09 07:00:00,1338.0,12.8
2022-10-09 08:00:00,1394.0,13.0
2022-10-09 09:00:00,1400.0,13.7
2022-10-09 10:00:00,1389.0,14.7
2022-10-09 11:00:00,1384.0,16.1
2022-10-09 12:00:00,1262.0,16.2
2022-10-09 13:00:00,1237.0,16.4
2022-10-09 14:00:00,1249.0,16.6
2022-10-09 15:00:00,1338.0,16.8
2022-10-09 16:00:00,1400.0,16.7
2022-10-09 17:00:00,1442.0,16.9
2022-10-09 18:00:00,1388.0,15.5
2022-10-09 19:00:00,1504.0,15.5
2022-10-09 20:00:00,1457.0,15.6
2022-10-09 21:00:00,1356.0,15.5
2022-10-09 22:00:00,1226.0,15.3
2022-10-09 23:00:00,1154.0,14.9
2022-10-10 00:00:00,1148.0,14.8
2022-10-10 01:00:00,1054.0,14.7
2022-10-10 02:00:00,1035.0,14.4
2022-10-10 03:00:00,1021.0,14.5
2022-10-10 04:00:00,1016.0,14.2
2022-10-10 05:00:00,1038.0,13.1
2022-10-10 06:00:00,1131.0,12.3
2022-10-10 07:00:00,1349.0,13.4
2022-10-10 08:00:00,1387.0,13.3
2022-10-10 09:00:00,1412.0,13.2
2022-10-10 10:00:00,1401.0,14.3
2022-10-10 11:00:00,1354.0,18.5
2022-10-10 12:00:00,1194.0,19.2
2022-10-10 13:00:00,1167.0,19.5
2022-10-10 14:00:00,1207.0,19.7
2022-10-10 15:00:00,1246.0,20.0
2022-10-10 16:00:00,1308.0,20.4
2022-10-10 17:00:00,1408.0,18.2
2022-10-10 18:00:00,1326.0,15.9
2022-10-10 19:00:00,1473.0,14.7
2022-10-10 20:00:00,1429.0,15.1
2022-10-10 21:00:00,1338.0,15.2
2022-10-10 22:00:00,1185.0,15.5
2022-10-10 23:00:00,1108.0,16.0
2022-10-11 00:00:00,1110.0,15.6
2022-10-11 01:00:00,1061.0,15.5
2022-10-11 02:00:00,1024.0,15.1
2022-10-11 03:00:00,1019.0,15.1
2022-10-11 04:00:00,1021.0,15.1
2022-10-11 05:00:00,1044.0,14.5
2022-10-11 06:00:00,1155.0,14.0
2022-10-11 07:00:00,1370.0,13.9
2022-10-11 08:00:00,1397.0,13.9
2022-10-11 09:00:00,1398.0,15.4
2022-10-11 10:00:00,1372.0,19.2
2022-10-11 11:00:00,1347.0,22.0
2022-10-11 12:00:00,1193.0,23.0
2022-10-11 13:00:00,1181.0,24.2
2022-10-11 14:00:00,1229.0,24.4
2022-10-11 15:00:00,1252.0,23.9
2022-10-11 16:00:00,1302.0,22.6
2022-10-11 17:00:00,1382.0,21.1
2022-10-11 18:00:00,1340.0,18.9
2022-10-11 19:00:00,1459.0,18.8
2022-10-11 20:00:00,1426.0,18.8
2022-10-11 21:00:00,1316.0,18.4
2022-10-11 22:00:00,1177.0,17.6
2022-10-11 23:00:00,1091.0,17.3
2022-10-12 00:00:00,1122.0,17.0
2022-10-12 01:00:00,1090.0,16.5
2022-10-12 02:00:00,1064.0,13.8
2022-10-12 03:00:00,1047.0,12.9
2022-10-12 04:00:00,1026.0,12.6
2022-10-12 05:00:00,1080.0,13.2
2022-10-12 06:00:00,1176.0,12.3
2022-10-12 07:00:00,1381.0,9.7
2022-10-12 08:00:00,1400.0,10.9
2022-10-12 09:00:00,1390.0,15.7
2022-10-12 10:00:00,1379.0,19.1
2022-10-12 11:00:00,1338.0,22.9
2022-10-12 12:00:00,1198.0,24.7
2022-10-12 13:00:00,1173.0,25.1
2022-10-12 14:00:00,1227.0,25.0
2022-10-12 15:00:00,1244.0,24.9
2022-10-12 16:00:00,1328.0,23.4
2022-10-12 17:00:00,1407.0,22.0
2022-10-12 18:00:00,1351.0,20.6
2022-10-12 19:00:00,1496.0,20.0
2022-10-12 20:00:00,1421.0,19.8
2022-10-12 21:00:00,1336.0,19.4
2022-10-12 22:00:00,1195.0,19.0
2022-10-12 23:00:00,1109.0,18.3
2022-10-13 00:00:00,1128.0,15.9
2022-10-13 01:00:00,1104.0,15.1
2022-10-13 02:00:00,1057.0,15.8
2022-10-13 03:00:00,1039.0,14.9
2022-10-13 04:00:00,1055.0,14.8
2022-10-13 05:00:00,1068.0,13.7
2022-10-13 06:00:00,1173.0,13.3
2022-10-13 07:00:00,1388.0,12.7
2022-10-13 08:00:00,1398.0,12.2
2022-10-13 09:00:00,1396.0,16.9
2022-10-13 10:00:00,1375.0,19.8
2022-10-13 11:00:00,1330.0,22.3
2022-10-13 12:00:00,1203.0,24.2
2022-10-13 13:00:00,1180.0,24.9
2022-10-13 14:00:00,1231.0,25.7
2022-10-13 15:00:00,1271.0,26.0
2022-10-13 16:00:00,1323.0,25.0
2022-10-13 17:00:00,1393.0,24.5
2022-10-13 18:00:00,1331.0,21.9
2022-10-13 19:00:00,1461.0,21.1
2022-10-13 20:00:00,1394.0,21.1
2022-10-13 21:00:00,1304.0,20.9
2022-10-13 22:00:00,1165.0,20.6
2022-10-13 23:00:00,1100.0,20.2
2022-10-14 00:00:00,1130.0,17.3
2022-10-14 01:00:00,1086.0,16.5
2022-10-14 02:00:00,1074.0,16.6
2022-10-14 03:00:00,1065.0,16.9
2022-10-14 04:00:00,1043.0,16.5
2022-10-14 05:00:00,1086.0,16.1
2022-10-14 06:00:00,1185.0,16.0
2022-10-14 07:00:00,1357.0,15.9
2022-10-14 08:00:00,1370.0,17.3
2022-10-14 09:00:00,1390.0,19.4
2022-10-14 10:00:00,1383.0,21.7
2022-10-14 11:00:00,1346.0,23.7
2022-10-14 12:00:00,1182.0,24.9
2022-10-14 13:00:00,1167.0,25.6
2022-10-14 14:00:00,1222.0,26.0
2022-10-14 15:00:00,1244.0,25.8
2022-10-14 16:00:00,1302.0,25.3
2022-10-14 17:00:00,1398.0,24.5
2022-10-14 18:00:00,1324.0,22.6
2022-10-14 19:00:00,1451.0,22.2
2022-10-14 20:00:00,1385.0,21.9
2022-10-14 21:00:00,1300.0,21.4
2022-10-14 22:00:00,1177.0,20.8
2022-10-14 23:00:00,1100.0,18.7
2022-10-15 00:00:00,1114.0,19.1
2022-10-15 01:00:00,1071.0,17.6
2022-10-15 02:00:00,1041.0,17.2
2022-10-15 03:00:00,1031.0,17.4
2022-10-15 04:00:00,1010.0,17.1
2022-10-15 05:00:00,1043.0,17.1
2022-10-15 06:00:00,1130.0,17.0
2022-10-15 07:00:00,1295.0,17.1
2022-10-15 08:00:00,1376.0,18.7
2022-10-15 09:00:00,1376.0,21.6
2022-10-15 10:00:00,1369.0,23.8
2022-10-15 11:00:00,1332.0,25.4
2022-10-15 12:00:00,1193.0,26.1
2022-10-15 13:00:00,1188.0,26.7
2022-10-15 14:00:00,1213.0,27.5
2022-10-15 15:00:00,1242.0,27.1
2022-10-15 16:00:00,1280.0,26.7
2022-10-15 17:00:00,1354.0,25.3
2022-10-15 18:00:00,1317.0,23.8
2022-10-15 19:00:00,1432.0,23.1
2022-10-15 20:00:00,1364.0,23.0
2022-10-15 21:00:00,1271.0,22.5
2022-10-15 22:00:00,1148.0,22.8
2022-10-15 23:00:00,1079.0,21.4
2022-10-16 00:00:00,1088.0,19.6
2022-10-16 01:00:00,1067.0,18.9
2022-10-16 02:00:00,1037.0,19.2
2022-10-16 03:00:00,1013.0,19.3
2022-10-16 04:00:00,993.0,19.2
2022-10-16 05:00:00,1042.0,19.1
2022-10-16 06:00:00,1090.0,18.6
2022-10-16 07:00:00,1253.0,18.7
2022-10-16 08:00:00,1285.0,19.3
2022-10-16 09:00:00,1284.0,20.7
2022-10-16 10:00:00,1344.0,23.8
2022-10-16 11:00:00,1310.0,26.9
2022-10-16 12:00:00,1197.0,27.9
2022-10-16 13:00:00,1182.0,28.9
2022-10-16 14:00:00,1206.0,29.0
2022-10-16 15:00:00,1231.0,28.3
2022-10-16 16:00:00,1295.0,28.0
2022-10-16 17:00:00,1357.0,26.9
2022-10-16 18:00:00,1328.0,25.2
2022-10-16 19:00:00,1441.0,24.8
2022-10-16 20:00:00,1357.0,24.8
2022-10-16 21:00:00,1229.0,24.2
2022-10-16 22:00:00,1106.0,24.1
2022-10-16 23:00:00,1035.0,24.6
2022-10-17 00:00:00,1060.0,24.2
2022-10-17 01:00:00,1025.0,23.6
2022-10-17 02:00:00,1005.0,23.8
2022-10-17 03:00:00,1012.0,22.6
2022-10-17 04:00:00,989.0,22.4
2022-10-17 05:00:00,1005.0,22.2
2022-10-17 06:00:00,1122.0,20.6
2022-10-17 07:00:00,1282.0,20.3
2022-10-17 08:00:00,1343.0,20.5
2022-10-17 09:00:00,1356.0,22.3
2022-10-17 10:00:00,1362.0,23.5
2022-10-17 11:00:00,1318.0,24.4
2022-10-17 12:00:00,1204.0,24.3
2022-10-17 13:00:00,1182.0,25.0
2022-10-17 14:00:00,1216.0,24.9
2022-10-17 15:00:00,1256.0,25.0
2022-10-17 16:00:00,1310.0,24.3
2022-10-17 17:00:00,1390.0,22.8
2022-10-17 18:00:00,1319.0,21.5
2022-10-17 19:00:00,1430.0,20.5
2022-10-17 20:00:00,1358.0,20.1
2022-10-17 21:00:00,1264.0,19.5
2022-10-17 22:00:00,1146.0,19.0
2022-10-17 23:00:00,1086.0,18.5
2022-10-18 00:00:00,1102.0,18.3
2022-10-18 01:00:00,1058.0,17.9
2022-10-18 02:00:00,1037.0,17.8
2022-10-18 03:00:00,1037.0,17.4
2022-10-18 04:00:00,1032.0,15.5
2022-10-18 05:00:00,1051.0,16.0
2022-10-18 06:00:00,1156.0,16.0
2022-10-18 07:00:00,1349.0,15.7
2022-10-18 08:00:00,1359.0,16.0
2022-10-18 09:00:00,1354.0,18.9
2022-10-18 10:00:00,1352.0,20.3
2022-10-18 11:00:00,1337.0,23.0
2022-10-18 12:00:00,1201.0,23.8
2022-10-18 13:00:00,1193.0,23.9
2022-10-18 14:00:00,1215.0,24.4
2022-10-18 15:00:00,1241.0,24.1
2022-10-18 16:00:00,1321.0,22.8
2022-10-18 17:00:00,1388.0,21.5
2022-10-18 18:00:00,1341.0,20.0
2022-10-18 19:00:00,1453.0,19.3
2022-10-18 20:00:00,1362.0,19.2
2022-10-18 21:00:00,1281.0,18.8
2022-10-18 22:00:00,1143.0,17.9
2022-10-18 23:00:00,1073.0,18.2
2022-10-19 00:00:00,1093.0,17.4
2022-10-19 01:00:00,1052.0,17.4
2022-10-19 02:00:00,1029.0,17.0
2022-10-19 03:00:00,993.0,15.5
2022-10-19 04:00:00,1003.0,13.9
2022-10-19 05:00:00,1011.0,12.9
2022-10-19 06:00:00,1125.0,12.7
2022-10-19 07:00:00,1343.0,13.2
2022-10-19 08:00:00,1375.0,17.1
2022-10-19 09:00:00,1349.0,15.2
2022-10-19 10:00:00,1328.0,19.1
2022-10-19 11:00:00,1320.0,21.7
2022-10-19 12:00:00,1175.0,24.1
2022-10-19 13:00:00,1158.0,26.1
2022-10-19 14:00:00,1181.0,26.1
2022-10-19 15:00:00,1217.0,25.8
2022-10-19 16:00:00,1293.0,24.9
2022-10-19 17:00:00,1360.0,23.0
2022-10-19 18:00:00,1314.0,21.3
2022-10-19 19:00:00,1433.0,20.6
2022-10-19 20:00:00,1348.0,20.6
2022-10-19 21:00:00,1263.0,20.2
2022-10-19 22:00:00,1144.0,19.4
2022-10-19 23:00:00,1067.0,18.9
2022-10-20 00:00:00,1080.0,15.7
2022-10-20 01:00:00,1049.0,14.5
2022-10-20 02:00:00,1036.0,14.7
2022-10-20 03:00:00,1020.0,14.8
2022-10-20 04:00:00,1021.0,14.8
2022-10-20 05:00:00,1026.0,14.9
2022-10-20 06:00:00,1145.0,15.2
2022-10-20 07:00:00,1348.0,14.6
2022-10-20 08:00:00,1400.0,15.0
2022-10-20 09:00:00,1394.0,16.1
2022-10-20 10:00:00,1373.0,18.3
2022-10-20 11:00:00,1350.0,21.7
2022-10-20 12:00:00,1187.0,24.3
2022-10-20 13:00:00,1176.0,23.8
2022-10-20 14:00:00,1219.0,24.7
2022-10-20 15:00:00,1257.0,25.5
2022-10-20 16:00:00,1317.0,25.2
2022-10-20 17:00:00,1407.0,24.0
2022-10-20 18:00:00,1341.0,21.2
2022-10-20 19:00:00,1443.0,21.4
2022-10-20 20:00:00,1381.0,21.7
2022-10-20 21:00:00,1290.0,21.5
2022-10-20 22:00:00,1150.0,21.5
2022-10-20 23:00:00,1101.0,20.1
2022-10-21 00:00:00,1115.0,20.4
2022-10-21 01:00:00,1072.0,18.0
2022-10-21 02:00:00,1054.0,16.4
2022-10-21 03:00:00,1029.0,15.7
2022-10-21 04:00:00,1027.0,15.5
2022-10-21 05:00:00,1054.0,15.6
2022-10-21 06:00:00,1156.0,13.8
2022-10-21 07:00:00,1323.0,13.4
2022-10-21 08:00:00,1402.0,13.8
2022-10-21 09:00:00,1428.0,14.7
2022-10-21 10:00:00,1405.0,15.0
2022-10-21 11:00:00,1350.0,16.4
2022-10-21 12:00:00,1183.0,18.0
2022-10-21 13:00:00,1185.0,20.2
2022-10-21 14:00:00,1228.0,22.0
2022-10-21 15:00:00,1251.0,22.5
2022-10-21 16:00:00,1315.0,23.0
2022-10-21 17:00:00,1382.0,21.8
2022-10-21 18:00:00,1328.0,20.5
2022-10-21 19:00:00,1416.0,19.6
2022-10-21 20:00:00,1354.0,19.5
2022-10-21 21:00:00,1262.0,19.3
2022-10-21 22:00:00,1165.0,19.8
2022-10-21 23:00:00,1099.0,19.6
2022-10-22 00:00:00,1096.0,19.0
2022-10-22 01:00:00,1074.0,18.7
2022-10-22 02:00:00,1034.0,18.6
2022-10-22 03:00:00,1016.0,18.1
2022-10-22 04:00:00,1020.0,17.8
2022-10-22 05:00:00,1039.0,17.9
2022-10-22 06:00:00,1113.0,18.1
2022-10-22 07:00:00,1296.0,18.4
2022-10-22 08:00:00,1382.0,19.2
2022-10-22 09:00:00,1398.0,20.1
2022-10-22 10:00:00,1366.0,22.7
2022-10-22 11:00:00,1351.0,25.7
2022-10-22 12:00:00,1230.0,27.4
2022-10-22 13:00:00,1214.0,28.1
2022-10-22 14:00:00,1260.0,27.4
2022-10-22 15:00:00,1267.0,27.2
2022-10-22 16:00:00,1319.0,27.5
2022-10-22 17:00:00,1378.0,25.8
2022-10-22 18:00:00,1319.0,23.2
2022-10-22 19:00:00,1420.0,23.5
2022-10-22 20:00:00,1350.0,23.3
2022-10-22 21:00:00,1258.0,22.3
2022-10-22 22:00:00,1146.0,21.7
2022-10-22 23:00:00,1098.0,21.0
2022-10-23 00:00:00,1105.0,21.0
2022-10-23 01:00:00,1063.0,21.2
2022-10-23 02:00:00,1041.0,20.4
2022-10-23 03:00:00,1019.0,19.9
2022-10-23 04:00:00,1030.0,19.2
2022-10-23 05:00:00,1044.0,19.3
2022-10-23 06:00:00,1101.0,22.4
2022-10-23 07:00:00,1273.0,20.9
2022-10-23 08:00:00,1325.0,19.7
2022-10-23 09:00:00,1345.0,23.0
2022-10-23 10:00:00,1310.0,24.8
2022-10-23 11:00:00,1324.0,27.1
2022-10-23 12:00:00,1206.0,27.3
2022-10-23 13:00:00,1192.0,28.1
2022-10-23 14:00:00,1203.0,28.9
2022-10-23 15:00:00,1258.0,27.8
2022-10-23 16:00:00,1324.0,27.2
2022-10-23 17:00:00,1386.0,26.0
2022-10-23 18:00:00,1303.0,24.7
2022-10-23 19:00:00,1415.0,24.4
2022-10-23 20:00:00,1337.0,24.1
2022-10-23 21:00:00,1252.0,23.6
2022-10-23 22:00:00,1130.0,23.1
2022-10-23 23:00:00,1049.0,23.4
2022-10-24 00:00:00,1057.0,22.7
2022-10-24 01:00:00,1043.0,22.5
2022-10-24 02:00:00,1009.0,19.7
2022-10-24 03:00:00,991.0,19.1
2022-10-24 04:00:00,999.0,18.5
2022-10-24 05:00:00,1033.0,18.3
2022-10-24 06:00:00,1142.0,18.5
2022-10-24 07:00:00,1326.0,18.5
2022-10-24 08:00:00,1384.0,19.5
2022-10-24 09:00:00,1424.0,21.9
2022-10-24 10:00:00,1373.0,23.7
2022-10-24 11:00:00,1373.0,23.8
2022-10-24 12:00:00,1259.0,24.7
2022-10-24 13:00:00,1249.0,25.6
2022-10-24 14:00:00,1284.0,23.9
2022-10-24 15:00:00,1323.0,23.0
2022-10-24 16:00:00,1373.0,21.6
2022-10-24 17:00:00,1404.0,20.4
2022-10-24 18:00:00,1386.0,20.0
2022-10-24 19:00:00,1414.0,19.5
2022-10-24 20:00:00,1359.0,19.2
2022-10-24 21:00:00,1271.0,18.7
2022-10-24 22:00:00,1146.0,18.4
2022-10-24 23:00:00,1081.0,18.0
2022-10-25 00:00:00,1106.0,17.7
2022-10-25 01:00:00,1064.0,17.7
2022-10-25 02:00:00,1012.0,17.4
2022-10-25 03:00:00,1022.0,17.3
2022-10-25 04:00:00,1024.0,17.4
2022-10-25 05:00:00,1045.0,17.2
2022-10-25 06:00:00,1147.0,17.1
2022-10-25 07:00:00,1338.0,17.4
2022-10-25 08:00:00,1412.0,17.9
2022-10-25 09:00:00,1421.0,18.3
2022-10-25 10:00:00,1402.0,20.6
2022-10-25 11:00:00,1383.0,20.6
2022-10-25 12:00:00,1240.0,23.3
2022-10-25 13:00:00,1197.0,24.1
2022-10-25 14:00:00,1207.0,25.4
2022-10-25 15:00:00,1265.0,24.5
2022-10-25 16:00:00,1325.0,22.8
2022-10-25 17:00:00,1392.0,20.8
2022-10-25 18:00:00,1347.0,18.9
2022-10-25 19:00:00,1428.0,18.0
2022-10-25 20:00:00,1375.0,17.4
2022-10-25 21:00:00,1281.0,16.6
2022-10-25 22:00:00,1165.0,15.9
2022-10-25 23:00:00,1105.0,15.6
2022-10-26 00:00:00,1123.0,15.4
2022-10-26 01:00:00,1081.0,15.3
2022-10-26 02:00:00,1064.0,15.7
2022-10-26 03:00:00,1052.0,15.5
2022-10-26 04:00:00,1026.0,15.4
2022-10-26 05:00:00,1048.0,15.3
2022-10-26 06:00:00,1143.0,15.5
2022-10-26 07:00:00,1304.0,15.7
2022-10-26 08:00:00,1397.0,15.9
2022-10-26 09:00:00,1418.0,16.2
2022-10-26 10:00:00,1408.0,16.6
2022-10-26 11:00:00,1415.0,16.6
2022-10-26 12:00:00,1271.0,16.8
2022-10-26 13:00:00,1269.0,16.6
2022-10-26 14:00:00,1290.0,16.5
2022-10-26 15:00:00,1301.0,16.3
2022-10-26 16:00:00,1392.0,16.2
2022-10-26 17:00:00,1474.0,16.0
2022-10-26 18:00:00,1399.0,15.6
2022-10-26 19:00:00,1445.0,14.8
2022-10-26 20:00:00,1368.0,13.9
2022-10-26 21:00:00,1283.0,13.3
2022-10-26 22:00:00,1170.0,13.1
2022-10-26 23:00:00,1087.0,13.0
2022-10-27 00:00:00,1106.0,13.0
2022-10-27 01:00:00,1071.0,13.1
2022-10-27 02:00:00,1047.0,13.2
2022-10-27 03:00:00,1015.0,13.2
2022-10-27 04:00:00,1008.0,13.2
2022-10-27 05:00:00,1027.0,13.2
2022-10-27 06:00:00,1130.0,13.2
2022-10-27 07:00:00,1289.0,13.3
2022-10-27 08:00:00,1376.0,13.3
2022-10-27 09:00:00,1411.0,13.5
2022-10-27 10:00:00,1408.0,13.7
2022-10-27 11:00:00,1384.0,13.7
2022-10-27 12:00:00,1254.0,13.9
2022-10-27 13:00:00,1241.0,14.2
2022-10-27 14:00:00,1261.0,14.3
2022-10-27 15:00:00,1305.0,14.0
2022-10-27 16:00:00,1356.0,13.9
2022-10-27 17:00:00,1425.0,13.9
2022-10-27 18:00:00,1376.0,13.7
2022-10-27 19:00:00,1408.0,13.7
2022-10-27 20:00:00,1343.0,13.7
2022-10-27 21:00:00,1282.0,13.7
2022-10-27 22:00:00,1142.0,13.7
2022-10-27 23:00:00,1060.0,13.6
2022-10-28 00:00:00,1064.0,13.6
2022-10-28 01:00:00,1038.0,13.6
2022-10-28 02:00:00,991.0,13.5
2022-10-28 03:00:00,979.0,13.5
2022-10-28 04:00:00,981.0,13.4
2022-10-28 05:00:00,1000.0,13.7
2022-10-28 06:00:00,1095.0,13.6
2022-10-28 07:00:00,1276.0,13.5
2022-10-28 08:00:00,1373.0,13.8
2022-10-28 09:00:00,1397.0,13.8
2022-10-28 10:00:00,1391.0,14.1
2022-10-28 11:00:00,1390.0,14.6
2022-10-28 12:00:00,1256.0,14.7
2022-10-28 13:00:00,1243.0,15.0
2022-10-28 14:00:00,1285.0,14.9
2022-10-28 15:00:00,1315.0,14.6
2022-10-28 16:00:00,1389.0,14.6
2022-10-28 17:00:00,1468.0,14.6
2022-10-28 18:00:00,1437.0,14.4
2022-10-28 19:00:00,1474.0,14.3
2022-10-28 20:00:00,1398.0,14.3
2022-10-28 21:00:00,1313.0,14.3
2022-10-28 22:00:00,1197.0,14.3
2022-10-28 23:00:00,1134.0,14.4
2022-10-29 00:00:00,1127.0,14.4
2022-10-29 01:00:00,1098.0,14.4
2022-10-29 02:00:00,1063.0,14.4
2022-10-29 03:00:00,1026.0,14.4
2022-10-29 04:00:00,1010.0,14.2
2022-10-29 05:00:00,1026.0,14.0
2022-10-29 06:00:00,1078.0,14.0
2022-10-29 07:00:00,1214.0,14.0
2022-10-29 08:00:00,1361.0,14.0
2022-10-29 09:00:00,1416.0,14.4
2022-10-29 10:00:00,1415.0,14.2
2022-10-29 11:00:00,1420.0,14.7
2022-10-29 12:00:00,1280.0,14.8
2022-10-29 13:00:00,1255.0,15.0
2022-10-29 14:00:00,1285.0,14.6
2022-10-29 15:00:00,1287.0,14.7
2022-10-29 16:00:00,1351.0,14.7
2022-10-29 17:00:00,1418.0,14.5
2022-10-29 18:00:00,1378.0,14.3
2022-10-29 19:00:00,1421.0,14.2
2022-10-29 20:00:00,1354.0,14.3
2022-10-29 21:00:00,1277.0,14.3
2022-10-29 22:00:00,1160.0,14.4
2022-10-29 23:00:00,1076.0,14.4
2022-10-30 00:00:00,1089.0,14.6
2022-10-30 01:00:00,1037.0,14.8
2022-10-30 02:00:00,992.0,14.9
2022-10-30 03:00:00,972.0,14.8
2022-10-30 04:00:00,970.0,14.8
2022-10-30 05:00:00,986.0,14.7
2022-10-30 06:00:00,1040.0,15.1
2022-10-30 07:00:00,1176.0,15.1
2022-10-30 08:00:00,1281.0,15.2
2022-10-30 09:00:00,1306.0,15.5
2022-10-30 10:00:00,1289.0,17.0
2022-10-30 11:00:00,1295.0,17.4
2022-10-30 12:00:00,1186.0,17.7
2022-10-30 13:00:00,1171.0,18.5
2022-10-30 14:00:00,1189.0,20.0
2022-10-30 15:00:00,1206.0,19.9
2022-10-30 16:00:00,1258.0,19.0
2022-10-30 17:00:00,1351.0,18.3
2022-10-30 18:00:00,1326.0,17.1
2022-10-30 19:00:00,1421.0,16.7
2022-10-30 20:00:00,1351.0,16.6
2022-10-30 21:00:00,1257.0,16.2
2022-10-30 22:00:00,1124.0,15.8
2022-10-30 23:00:00,1036.0,15.9
2022-10-31 00:00:00,1041.0,16.1
2022-10-31 01:00:00,991.0,15.7
2022-10-31 02:00:00,971.0,15.3
2022-10-31 03:00:00,944.0,15.3
2022-10-31 04:00:00,949.0,14.5
2022-10-31 05:00:00,975.0,14.0
2022-10-31 06:00:00,1097.0,13.8
2022-10-31 07:00:00,1284.0,13.9
2022-10-31 08:00:00,1367.0,14.5
2022-10-31 09:00:00,1364.0,16.4
2022-10-31 10:00:00,1325.0,18.8
2022-10-31 11:00:00,1293.0,20.5
2022-10-31 12:00:00,1150.0,21.7
2022-10-31 13:00:00,1144.0,22.2
2022-10-31 14:00:00,1173.0,22.3
2022-10-31 15:00:00,1212.0,23.4
2022-10-31 16:00:00,1277.0,22.6
2022-10-31 17:00:00,1394.0,21.1
2022-10-31 18:00:00,1359.0,20.0
2022-10-31 19:00:00,1441.0,19.7
2022-10-31 20:00:00,1348.0,19.9
2022-10-31 21:00:00,1277.0,19.4
2022-10-31 22:00:00,1138.0,16.6
2022-10-31 23:00:00,1061.0,16.9
2022-11-01 00:00:00,1072.0,16.3
2022-11-01 01:00:00,1032.0,15.1
2022-11-01 02:00:00,1026.0,15.9
2022-11-01 03:00:00,999.0,17.3
2022-11-01 04:00:00,970.0,16.6
2022-11-01 05:00:00,987.0,16.4
2022-11-01 06:00:00,1098.0,13.7
2022-11-01 07:00:00,1279.0,14.1
2022-11-01 08:00:00,1344.0,14.9
2022-11-01 09:00:00,1352.0,17.6
2022-11-01 10:00:00,1316.0,19.9
2022-11-01 11:00:00,1310.0,21.2
2022-11-01 12:00:00,1169.0,22.5
2022-11-01 13:00:00,1169.0,24.0
2022-11-01 14:00:00,1196.0,23.8
2022-11-01 15:00:00,1222.0,24.2
2022-11-01 16:00:00,1320.0,23.8
2022-11-01 17:00:00,1375.0,22.0
2022-11-01 18:00:00,1370.0,20.1
2022-11-01 19:00:00,1430.0,19.7
2022-11-01 20:00:00,1373.0,19.7
2022-11-01 21:00:00,1273.0,19.2
2022-11-01 22:00:00,1140.0,18.7
2022-11-01 23:00:00,1065.0,17.0
2022-11-02 00:00:00,1073.0,15.7
2022-11-02 01:00:00,1027.0,15.8
2022-11-02 02:00:00,1000.0,16.2
2022-11-02 03:00:00,992.0,15.2
2022-11-02 04:00:00,982.0,15.5
2022-11-02 05:00:00,992.0,15.1
2022-11-02 06:00:00,1108.0,14.8
2022-11-02 07:00:00,1300.0,13.9
2022-11-02 08:00:00,1359.0,14.9
2022-11-02 09:00:00,1365.0,17.7
2022-11-02 10:00:00,1345.0,19.6
2022-11-02 11:00:00,1296.0,21.0
2022-11-02 12:00:00,1151.0,23.1
2022-11-02 13:00:00,1129.0,24.1
2022-11-02 14:00:00,1185.0,24.9
2022-11-02 15:00:00,1188.0,24.6
2022-11-02 16:00:00,1267.0,24.3
2022-11-02 17:00:00,1364.0,23.2
2022-11-02 18:00:00,1362.0,20.3
2022-11-02 19:00:00,1427.0,20.4
2022-11-02 20:00:00,1354.0,20.9
2022-11-02 21:00:00,1266.0,20.7
2022-11-02 22:00:00,1144.0,20.0
2022-11-02 23:00:00,1073.0,19.6
2022-11-03 00:00:00,1077.0,18.4
2022-11-03 01:00:00,1050.0,16.1
2022-11-03 02:00:00,1024.0,16.0
2022-11-03 03:00:00,1002.0,14.7
2022-11-03 04:00:00,979.0,14.7
2022-11-03 05:00:00,1017.0,15.6
2022-11-03 06:00:00,1116.0,15.1
2022-11-03 07:00:00,1324.0,15.5
2022-11-03 08:00:00,1369.0,15.2
2022-11-03 09:00:00,1360.0,17.2
2022-11-03 10:00:00,1334.0,19.7
2022-11-03 11:00:00,1331.0,22.5
2022-11-03 12:00:00,1179.0,24.0
2022-11-03 13:00:00,1171.0,25.0
2022-11-03 14:00:00,1231.0,24.7
2022-11-03 15:00:00,1246.0,24.3
2022-11-03 16:00:00,1335.0,23.4
2022-11-03 17:00:00,1400.0,22.3
2022-11-03 18:00:00,1386.0,21.2
2022-11-03 19:00:00,1422.0,21.1
2022-11-03 20:00:00,1356.0,20.8
2022-11-03 21:00:00,1264.0,20.8
2022-11-03 22:00:00,1155.0,19.7
2022-11-03 23:00:00,1081.0,19.1
2022-11-04 00:00:00,1073.0,18.6
2022-11-04 01:00:00,1043.0,16.9
2022-11-04 02:00:00,1002.0,15.6
2022-11-04 03:00:00,990.0,14.8
2022-11-04 04:00:00,981.0,14.0
2022-11-04 05:00:00,1010.0,13.5
2022-11-04 06:00:00,1135.0,13.0
2022-11-04 07:00:00,1307.0,12.6
2022-11-04 08:00:00,1381.0,13.3
2022-11-04 09:00:00,1396.0,15.1
2022-11-04 10:00:00,1377.0,16.7
2022-11-04 11:00:00,1329.0,18.5
2022-11-04 12:00:00,1182.0,19.0
2022-11-04 13:00:00,1177.0,19.4
2022-11-04 14:00:00,1223.0,19.9
2022-11-04 15:00:00,1283.0,19.8
2022-11-04 16:00:00,1361.0,19.5
2022-11-04 17:00:00,1438.0,18.0
2022-11-04 18:00:00,1406.0,16.8
2022-11-04 19:00:00,1438.0,16.2
2022-11-04 20:00:00,1380.0,16.0
2022-11-04 21:00:00,1302.0,14.5
2022-11-04 22:00:00,1182.0,13.6
2022-11-04 23:00:00,1117.0,13.1
2022-11-05 00:00:00,1126.0,12.9
2022-11-05 01:00:00,1078.0,12.6
2022-11-05 02:00:00,1048.0,12.8
2022-11-05 03:00:00,1033.0,12.9
2022-11-05 04:00:00,1027.0,12.5
2022-11-05 05:00:00,1033.0,12.8
2022-11-05 06:00:00,1081.0,12.6
2022-11-05 07:00:00,1256.0,12.3
2022-11-05 08:00:00,1366.0,12.6
2022-11-05 09:00:00,1384.0,13.5
2022-11-05 10:00:00,1345.0,15.2
2022-11-05 11:00:00,1346.0,16.0
2022-11-05 12:00:00,1161.0,17.5
2022-11-05 13:00:00,1177.0,18.3
2022-11-05 14:00:00,1206.0,19.0
2022-11-05 15:00:00,1212.0,19.4
2022-11-05 16:00:00,1325.0,18.8
2022-11-05 17:00:00,1397.0,17.6
2022-11-05 18:00:00,1361.0,16.0
2022-11-05 19:00:00,1417.0,15.5
2022-11-05 20:00:00,1355.0,16.0
2022-11-05 21:00:00,1273.0,16.0
2022-11-05 22:00:00,1149.0,15.1
2022-11-05 23:00:00,1069.0,14.9
2022-11-06 00:00:00,1110.0,14.8
2022-11-06 01:00:00,1053.0,14.3
2022-11-06 02:00:00,1024.0,13.6
2022-11-06 03:00:00,1001.0,11.3
2022-11-06 04:00:00,999.0,10.9
2022-11-06 05:00:00,1020.0,12.0
2022-11-06 06:00:00,1090.0,11.1
2022-11-06 07:00:00,1236.0,10.9
2022-11-06 08:00:00,1321.0,11.3
2022-11-06 09:00:00,1312.0,12.8
2022-11-06 10:00:00,1262.0,15.5
2022-11-06 11:00:00,1254.0,18.7
2022-11-06 12:00:00,1122.0,20.5
2022-11-06 13:00:00,1096.0,21.8
2022-11-06 14:00:00,1127.0,22.3
2022-11-06 15:00:00,1156.0,22.8
2022-11-06 16:00:00,1262.0,22.5
2022-11-06 17:00:00,1354.0,21.6
2022-11-06 18:00:00,1349.0,19.1
2022-11-06 19:00:00,1403.0,18.3
2022-11-06 20:00:00,1359.0,18.2
2022-11-06 21:00:00,1264.0,17.8
2022-11-06 22:00:00,1127.0,17.4
2022-11-06 23:00:00,1041.0,16.7
2022-11-07 00:00:00,1069.0,16.7
2022-11-07 01:00:00,1018.0,16.3
2022-11-07 02:00:00,986.0,16.1
2022-11-07 03:00:00,985.0,15.4
2022-11-07 04:00:00,968.0,14.5
2022-11-07 05:00:00,1010.0,14.8
2022-11-07 06:00:00,1102.0,14.1
2022-11-07 07:00:00,1325.0,13.3
2022-11-07 08:00:00,1375.0,14.5
2022-11-07 09:00:00,1376.0,16.0
2022-11-07 10:00:00,1346.0,18.3
2022-11-07 11:00:00,1314.0,21.3
2022-11-07 12:00:00,1180.0,22.0
2022-11-07 13:00:00,1161.0,23.9
2022-11-07 14:00:00,1199.0,24.8
2022-11-07 15:00:00,1239.0,25.5
2022-11-07 16:00:00,1339.0,24.9
2022-11-07 17:00:00,1421.0,22.4
2022-11-07 18:00:00,1396.0,20.2
2022-11-07 19:00:00,1444.0,21.0
2022-11-07 20:00:00,1372.0,20.7
2022-11-07 21:00:00,1281.0,20.7
2022-11-07 22:00:00,1156.0,20.1
2022-11-07 23:00:00,1080.0,19.6
2022-11-08 00:00:00,1110.0,19.5
2022-11-08 01:00:00,1075.0,17.7
2022-11-08 02:00:00,1037.0,15.8
2022-11-08 03:00:00,1028.0,16.0
2022-11-08 04:00:00,993.0,16.4
2022-11-08 05:00:00,1031.0,16.0
2022-11-08 06:00:00,1131.0,15.6
2022-11-08 07:00:00,1330.0,15.4
2022-11-08 08:00:00,1389.0,15.9
2022-11-08 09:00:00,1407.0,17.4
2022-11-08 10:00:00,1369.0,19.4
2022-11-08 11:00:00,1310.0,21.2
2022-11-08 12:00:00,1161.0,22.4
2022-11-08 13:00:00,1160.0,23.8
2022-11-08 14:00:00,1217.0,25.5
2022-11-08 15:00:00,1234.0,25.8
2022-11-08 16:00:00,1342.0,25.3
2022-11-08 17:00:00,1410.0,22.6
2022-11-08 18:00:00,1403.0,21.2
2022-11-08 19:00:00,1438.0,20.2
2022-11-08 20:00:00,1380.0,20.5
2022-11-08 21:00:00,1293.0,19.7
2022-11-08 22:00:00,1155.0,20.2
2022-11-08 23:00:00,1076.0,19.7
2022-11-09 00:00:00,1093.0,18.8
2022-11-09 01:00:00,1064.0,19.4
2022-11-09 02:00:00,1028.0,18.4
2022-11-09 03:00:00,1023.0,16.8
2022-11-09 04:00:00,1032.0,17.6
2022-11-09 05:00:00,1048.0,16.0
2022-11-09 06:00:00,1147.0,14.8
2022-11-09 07:00:00,1333.0,16.3
2022-11-09 08:00:00,1404.0,17.3
2022-11-09 09:00:00,1395.0,17.3
2022-11-09 10:00:00,1358.0,20.5
2022-11-09 11:00:00,1311.0,22.6
2022-11-09 12:00:00,1141.0,24.7
2022-11-09 13:00:00,1138.0,25.8
2022-11-09 14:00:00,1187.0,26.0
2022-11-09 15:00:00,1223.0,26.2
2022-11-09 16:00:00,1311.0,26.2
2022-11-09 17:00:00,1413.0,24.7
2022-11-09 18:00:00,1416.0,22.1
2022-11-09 19:00:00,1461.0,21.8
2022-11-09 20:00:00,1386.0,21.9
2022-11-09 21:00:00,1291.0,21.6
2022-11-09 22:00:00,1181.0,21.8
2022-11-09 23:00:00,1094.0,21.1
2022-11-10 00:00:00,1100.0,21.1
2022-11-10 01:00:00,1078.0,20.0
2022-11-10 02:00:00,1046.0,19.1
2022-11-10 03:00:00,1012.0,18.4
2022-11-10 04:00:00,1017.0,19.5
2022-11-10 05:00:00,1041.0,19.6
2022-11-10 06:00:00,1146.0,18.5
2022-11-10 07:00:00,1333.0,18.3
2022-11-10 08:00:00,1413.0,18.0
2022-11-10 09:00:00,1398.0,19.7
2022-11-10 10:00:00,1357.0,21.7
2022-11-10 11:00:00,1327.0,24.1
2022-11-10 12:00:00,1182.0,26.0
2022-11-10 13:00:00,1201.0,27.6
2022-11-10 14:00:00,1220.0,28.2
2022-11-10 15:00:00,1275.0,27.8
2022-11-10 16:00:00,1363.0,27.1
2022-11-10 17:00:00,1450.0,25.2
2022-11-10 18:00:00,1448.0,24.7
2022-11-10 19:00:00,1436.0,25.4
2022-11-10 20:00:00,1358.0,25.2
2022-11-10 21:00:00,1266.0,25.1
2022-11-10 22:00:00,1161.0,24.4
2022-11-10 23:00:00,1107.0,24.9
2022-11-11 00:00:00,1104.0,24.4
2022-11-11 01:00:00,1071.0,24.2
2022-11-11 02:00:00,1046.0,22.5
2022-11-11 03:00:00,1014.0,21.5
2022-11-11 04:00:00,1017.0,21.2
2022-11-11 05:00:00,1026.0,20.9
2022-11-11 06:00:00,1141.0,20.1
2022-11-11 07:00:00,1301.0,19.2
2022-11-11 08:00:00,1385.0,19.8
2022-11-11 09:00:00,1422.0,21.7
2022-11-11 10:00:00,1370.0,23.4
2022-11-11 11:00:00,1381.0,24.0
2022-11-11 12:00:00,1206.0,26.2
2022-11-11 13:00:00,1200.0,27.2
2022-11-11 14:00:00,1267.0,29.3
2022-11-11 15:00:00,1295.0,28.8
2022-11-11 16:00:00,1376.0,27.8
2022-11-11 17:00:00,1468.0,26.0
2022-11-11 18:00:00,1449.0,25.3
2022-11-11 19:00:00,1490.0,25.2
2022-11-11 20:00:00,1388.0,24.7
2022-11-11 21:00:00,1310.0,22.9
2022-11-11 22:00:00,1192.0,22.4
2022-11-11 23:00:00,1112.0,21.9
2022-11-12 00:00:00,1133.0,21.3
2022-11-12 01:00:00,1080.0,20.7
2022-11-12 02:00:00,1056.0,20.2
2022-11-12 03:00:00,1035.0,20.0
2022-11-12 04:00:00,1020.0,20.1
2022-11-12 05:00:00,1063.0,19.6
2022-11-12 06:00:00,1138.0,19.2
2022-11-12 07:00:00,1252.0,18.8
2022-11-12 08:00:00,1383.0,18.5
2022-11-12 09:00:00,1391.0,19.5
2022-11-12 10:00:00,1407.0,20.4
2022-11-12 11:00:00,1398.0,19.9
2022-11-12 12:00:00,1262.0,19.5
2022-11-12 13:00:00,1244.0,18.8
2022-11-12 14:00:00,1258.0,18.3
2022-11-12 15:00:00,1267.0,17.0
2022-11-12 16:00:00,1348.0,16.8
2022-11-12 17:00:00,1383.0,16.3
2022-11-12 18:00:00,1365.0,15.8
2022-11-12 19:00:00,1354.0,15.5
2022-11-12 20:00:00,1300.0,15.4
2022-11-12 21:00:00,1215.0,14.9
2022-11-12 22:00:00,1118.0,14.7
2022-11-12 23:00:00,1048.0,14.4
2022-11-13 00:00:00,1078.0,14.2
2022-11-13 01:00:00,1023.0,13.8
2022-11-13 02:00:00,994.0,13.4
2022-11-13 03:00:00,983.0,12.7
2022-11-13 04:00:00,970.0,12.5
2022-11-13 05:00:00,1002.0,12.4
2022-11-13 06:00:00,1056.0,12.3
2022-11-13 07:00:00,1167.0,12.3
2022-11-13 08:00:00,1316.0,12.3
2022-11-13 09:00:00,1361.0,12.7
2022-11-13 10:00:00,1365.0,13.1
2022-11-13 11:00:00,1353.0,14.0
2022-11-13 12:00:00,1234.0,14.5
2022-11-13 13:00:00,1212.0,13.9
2022-11-13 14:00:00,1236.0,13.4
2022-11-13 15:00:00,1253.0,13.3
2022-11-13 16:00:00,1337.0,12.6
2022-11-13 17:00:00,1420.0,12.2
2022-11-13 18:00:00,1400.0,11.8
2022-11-13 19:00:00,1424.0,11.2
2022-11-13 20:00:00,1354.0,10.8
2022-11-13 21:00:00,1249.0,10.2
2022-11-13 22:00:00,1117.0,9.8
2022-11-13 23:00:00,1051.0,9.4
2022-11-14 00:00:00,1075.0,9.2
2022-11-14 01:00:00,1034.0,9.1
2022-11-14 02:00:00,991.0,9.1
2022-11-14 03:00:00,983.0,9.1
2022-11-14 04:00:00,983.0,8.8
2022-11-14 05:00:00,982.0,8.5
2022-11-14 06:00:00,1103.0,8.4
2022-11-14 07:00:00,1260.0,8.4
2022-11-14 08:00:00,1445.0,8.7
2022-11-14 09:00:00,1495.0,9.0
2022-11-14 10:00:00,1514.0,9.7
2022-11-14 11:00:00,1462.0,10.3
2022-11-14 12:00:00,1336.0,10.9
2022-11-14 13:00:00,1309.0,11.3
2022-11-14 14:00:00,1317.0,12.5
2022-11-14 15:00:00,1355.0,12.7
2022-11-14 16:00:00,1432.0,12.3
2022-11-14 17:00:00,1510.0,12.2
2022-11-14 18:00:00,1503.0,11.4
2022-11-14 19:00:00,1495.0,10.9
2022-11-14 20:00:00,1436.0,10.8
2022-11-14 21:00:00,1348.0,10.5
2022-11-14 22:00:00,1210.0,10.3
2022-11-14 23:00:00,1118.0,10.4
2022-11-15 00:00:00,1125.0,10.1
2022-11-15 01:00:00,1071.0,9.9
2022-11-15 02:00:00,1030.0,9.9
2022-11-15 03:00:00,1012.0,9.6
2022-11-15 04:00:00,996.0,9.6
2022-11-15 05:00:00,1022.0,10.1
2022-11-15 06:00:00,1125.0,9.7
2022-11-15 07:00:00,1298.0,9.4
2022-11-15 08:00:00,1456.0,9.5
2022-11-15 09:00:00,1467.0,11.3
2022-11-15 10:00:00,1459.0,13.1
2022-11-15 11:00:00,1458.0,14.0
2022-11-15 12:00:00,1290.0,14.5
2022-11-15 13:00:00,1281.0,15.2
2022-11-15 14:00:00,1293.0,14.5
2022-11-15 15:00:00,1318.0,15.0
2022-11-15 16:00:00,1420.0,14.6
2022-11-15 17:00:00,1481.0,14.0
2022-11-15 18:00:00,1458.0,13.4
2022-11-15 19:00:00,1476.0,13.2
2022-11-15 20:00:00,1409.0,13.1
2022-11-15 21:00:00,1319.0,13.2
2022-11-15 22:00:00,1178.0,13.4
2022-11-15 23:00:00,1101.0,13.2
2022-11-16 00:00:00,1105.0,13.0
2022-11-16 01:00:00,1041.0,13.3
2022-11-16 02:00:00,1004.0,13.0
2022-11-16 03:00:00,995.0,13.3
2022-11-16 04:00:00,990.0,12.2
2022-11-16 05:00:00,999.0,10.9
2022-11-16 06:00:00,1073.0,10.6
2022-11-16 07:00:00,1211.0,11.4
2022-11-16 08:00:00,1398.0,10.9
2022-11-16 09:00:00,1449.0,11.1
2022-11-16 10:00:00,1421.0,11.5
2022-11-16 11:00:00,1420.0,11.6
2022-11-16 12:00:00,1298.0,11.8
2022-11-16 13:00:00,1276.0,12.2
2022-11-16 14:00:00,1278.0,12.4
2022-11-16 15:00:00,1287.0,13.0
2022-11-16 16:00:00,1360.0,13.1
2022-11-16 17:00:00,1437.0,12.9
2022-11-16 18:00:00,1437.0,12.6
2022-11-16 19:00:00,1455.0,12.2
2022-11-16 20:00:00,1412.0,12.2
2022-11-16 21:00:00,1298.0,12.2
2022-11-16 22:00:00,1168.0,11.9
2022-11-16 23:00:00,1095.0,11.8
2022-11-17 00:00:00,1070.0,11.8
2022-11-17 01:00:00,1020.0,11.6
2022-11-17 02:00:00,1003.0,11.3
2022-11-17 03:00:00,1001.0,11.2
2022-11-17 04:00:00,975.0,11.6
2022-11-17 05:00:00,1012.0,10.8
2022-11-17 06:00:00,1090.0,10.6
2022-11-17 07:00:00,1253.0,10.2
2022-11-17 08:00:00,1398.0,10.7
2022-11-17 09:00:00,1369.0,11.8
2022-11-17 10:00:00,1332.0,13.1
2022-11-17 11:00:00,1326.0,15.4
2022-11-17 12:00:00,1156.0,16.7
2022-11-17 13:00:00,1159.0,17.3
2022-11-17 14:00:00,1175.0,18.3
2022-11-17 15:00:00,1202.0,18.1
2022-11-17 16:00:00,1373.0,17.4
2022-11-17 17:00:00,1435.0,16.1
2022-11-17 18:00:00,1430.0,15.1
2022-11-17 19:00:00,1475.0,14.6
2022-11-17 20:00:00,1399.0,14.8
2022-11-17 21:00:00,1297.0,14.9
2022-11-17 22:00:00,1156.0,15.1
2022-11-17 23:00:00,1074.0,14.7
2022-11-18 00:00:00,1034.0,15.1
2022-11-18 01:00:00,973.0,14.6
2022-11-18 02:00:00,955.0,15.0
2022-11-18 03:00:00,945.0,14.6
2022-11-18 04:00:00,939.0,13.4
2022-11-18 05:00:00,964.0,12.1
2022-11-18 06:00:00,1042.0,12.0
2022-11-18 07:00:00,1149.0,11.5
2022-11-18 08:00:00,1346.0,11.7
2022-11-18 09:00:00,1383.0,11.8
2022-11-18 10:00:00,1377.0,12.1
2022-11-18 11:00:00,1363.0,13.1
2022-11-18 12:00:00,1238.0,14.1
2022-11-18 13:00:00,1203.0,14.9
2022-11-18 14:00:00,1217.0,15.3
2022-11-18 15:00:00,1240.0,15.2
2022-11-18 16:00:00,1330.0,15.0
2022-11-18 17:00:00,1407.0,14.7
2022-11-18 18:00:00,1400.0,14.5
2022-11-18 19:00:00,1405.0,14.4
2022-11-18 20:00:00,1343.0,14.0
2022-11-18 21:00:00,1251.0,13.8
2022-11-18 22:00:00,1128.0,13.7
2022-11-18 23:00:00,1066.0,13.6
2022-11-19 00:00:00,1045.0,13.6
2022-11-19 01:00:00,1015.0,13.4
2022-11-19 02:00:00,965.0,13.3
2022-11-19 03:00:00,956.0,13.2
2022-11-19 04:00:00,958.0,12.6
2022-11-19 05:00:00,985.0,12.8
2022-11-19 06:00:00,1022.0,13.0
2022-11-19 07:00:00,1171.0,13.6
2022-11-19 08:00:00,1318.0,13.4
2022-11-19 09:00:00,1340.0,14.2
2022-11-19 10:00:00,1291.0,16.5
2022-11-19 11:00:00,1261.0,16.3
2022-11-19 12:00:00,1149.0,16.5
2022-11-19 13:00:00,1152.0,17.4
2022-11-19 14:00:00,1158.0,17.3
2022-11-19 15:00:00,1203.0,17.5
2022-11-19 16:00:00,1279.0,18.1
2022-11-19 17:00:00,1336.0,16.9
2022-11-19 18:00:00,1360.0,16.1
2022-11-19 19:00:00,1423.0,15.6
2022-11-19 20:00:00,1348.0,15.4
2022-11-19 21:00:00,1254.0,15.1
2022-11-19 22:00:00,1129.0,14.8
2022-11-19 23:00:00,1052.0,14.1
2022-11-20 00:00:00,1037.0,14.0
2022-11-20 01:00:00,995.0,14.0
2022-11-20 02:00:00,956.0,13.3
2022-11-20 03:00:00,958.0,12.1
2022-11-20 04:00:00,943.0,11.2
2022-11-20 05:00:00,966.0,11.1
2022-11-20 06:00:00,1016.0,11.6
2022-11-20 07:00:00,1141.0,12.1
2022-11-20 08:00:00,1299.0,11.8
2022-11-20 09:00:00,1313.0,11.4
2022-11-20 10:00:00,1265.0,13.2
2022-11-20 11:00:00,1224.0,16.3
2022-11-20 12:00:00,1105.0,19.0
2022-11-20 13:00:00,1094.0,21.1
2022-11-20 14:00:00,1090.0,20.6
2022-11-20 15:00:00,1113.0,21.6
2022-11-20 16:00:00,1227.0,20.7
2022-11-20 17:00:00,1305.0,19.2
2022-11-20 18:00:00,1337.0,17.1
2022-11-20 19:00:00,1382.0,17.2
2022-11-20 20:00:00,1320.0,17.3
2022-11-20 21:00:00,1210.0,17.5
2022-11-20 22:00:00,1089.0,17.7
2022-11-20 23:00:00,998.0,17.5
2022-11-21 00:00:00,990.0,17.3
2022-11-21 01:00:00,954.0,17.0
2022-11-21 02:00:00,931.0,17.0
2022-11-21 03:00:00,934.0,16.4
2022-11-21 04:00:00,920.0,16.1
2022-11-21 05:00:00,928.0,16.0
2022-11-21 06:00:00,1004.0,15.9
2022-11-21 07:00:00,1125.0,15.9
2022-11-21 08:00:00,1314.0,16.0
2022-11-21 09:00:00,1360.0,16.3
2022-11-21 10:00:00,1335.0,16.0
2022-11-21 11:00:00,1344.0,15.6
2022-11-21 12:00:00,1248.0,15.5
2022-11-21 13:00:00,1225.0,14.9
2022-11-21 14:00:00,1236.0,15.2
2022-11-21 15:00:00,1255.0,14.9
2022-11-21 16:00:00,1347.0,14.5
2022-11-21 17:00:00,1404.0,14.2
2022-11-21 18:00:00,1419.0,13.9
2022-11-21 19:00:00,1378.0,13.7
2022-11-21 20:00:00,1303.0,13.8
2022-11-21 21:00:00,1256.0,13.9
2022-11-21 22:00:00,1130.0,13.8
2022-11-21 23:00:00,1047.0,13.7
2022-11-22 00:00:00,1043.0,13.6
2022-11-22 01:00:00,1004.0,13.5
2022-11-22 02:00:00,984.0,13.4
2022-11-22 03:00:00,965.0,13.3
2022-11-22 04:00:00,967.0,13.1
2022-11-22 05:00:00,972.0,13.1
2022-11-22 06:00:00,1057.0,13.0
2022-11-22 07:00:00,1168.0,12.9
2022-11-22 08:00:00,1346.0,12.9
2022-11-22 09:00:00,1354.0,13.2
2022-11-22 10:00:00,1339.0,14.2
2022-11-22 11:00:00,1343.0,14.0
2022-11-22 12:00:00,1214.0,14.2
2022-11-22 13:00:00,1203.0,14.7
2022-11-22 14:00:00,1239.0,15.0
2022-11-22 15:00:00,1264.0,14.8
2022-11-22 16:00:00,1342.0,14.7
2022-11-22 17:00:00,1439.0,14.3
2022-11-22 18:00:00,1428.0,13.8
2022-11-22 19:00:00,1414.0,13.5
2022-11-22 20:00:00,1338.0,13.4
2022-11-22 21:00:00,1255.0,13.3
2022-11-22 22:00:00,1123.0,13.2
2022-11-22 23:00:00,1033.0,13.3
2022-11-23 00:00:00,1020.0,13.1
2022-11-23 01:00:00,974.0,12.8
2022-11-23 02:00:00,947.0,12.8
2022-11-23 03:00:00,934.0,12.6
2022-11-23 04:00:00,921.0,12.6
2022-11-23 05:00:00,943.0,12.4
2022-11-23 06:00:00,1014.0,12.2
2022-11-23 07:00:00,1138.0,12.1
2022-11-23 08:00:00,1306.0,12.3
2022-11-23 09:00:00,1334.0,14.0
2022-11-23 10:00:00,1314.0,14.2
2022-11-23 11:00:00,1303.0,15.4
2022-11-23 12:00:00,1166.0,16.6
2022-11-23 13:00:00,1167.0,17.0
2022-11-23 14:00:00,1160.0,16.7
2022-11-23 15:00:00,1193.0,17.2
2022-11-23 16:00:00,1278.0,16.1
2022-11-23 17:00:00,1408.0,15.3
2022-11-23 18:00:00,1385.0,14.7
2022-11-23 19:00:00,1399.0,14.5
2022-11-23 20:00:00,1333.0,14.5
2022-11-23 21:00:00,1228.0,14.4
2022-11-23 22:00:00,1113.0,14.0
2022-11-23 23:00:00,1042.0,13.7
2022-11-24 00:00:00,1031.0,13.5
2022-11-24 01:00:00,972.0,13.2
2022-11-24 02:00:00,937.0,12.7
2022-11-24 03:00:00,923.0,12.5
2022-11-24 04:00:00,917.0,12.4
2022-11-24 05:00:00,933.0,12.3
2022-11-24 06:00:00,1010.0,12.2
2022-11-24 07:00:00,1140.0,12.2
2022-11-24 08:00:00,1302.0,12.2
2022-11-24 09:00:00,1325.0,13.0
2022-11-24 10:00:00,1284.0,14.0
2022-11-24 11:00:00,1278.0,15.3
2022-11-24 12:00:00,1167.0,16.1
2022-11-24 13:00:00,1154.0,16.2
2022-11-24 14:00:00,1183.0,16.7
2022-11-24 15:00:00,1205.0,18.1
2022-11-24 16:00:00,1294.0,17.7
2022-11-24 17:00:00,1374.0,16.6
2022-11-24 18:00:00,1363.0,16.0
2022-11-24 19:00:00,1387.0,15.9
2022-11-24 20:00:00,1322.0,15.4
2022-11-24 21:00:00,1228.0,15.1
2022-11-24 22:00:00,1106.0,15.0
2022-11-24 23:00:00,1034.0,14.9
2022-11-25 00:00:00,1056.0,14.4
2022-11-25 01:00:00,1004.0,14.3
2022-11-25 02:00:00,974.0,14.2
2022-11-25 03:00:00,957.0,14.4
2022-11-25 04:00:00,946.0,14.3
2022-11-25 05:00:00,972.0,13.8
2022-11-25 06:00:00,1056.0,13.1
2022-11-25 07:00:00,1210.0,13.4
2022-11-25 08:00:00,1324.0,13.3
2022-11-25 09:00:00,1343.0,14.7
2022-11-25 10:00:00,1322.0,16.9
2022-11-25 11:00:00,1305.0,19.7
2022-11-25 12:00:00,1165.0,21.1
2022-11-25 13:00:00,1152.0,22.1
2022-11-25 14:00:00,1181.0,23.6
2022-11-25 15:00:00,1205.0,23.6
2022-11-25 16:00:00,1291.0,22.9
2022-11-25 17:00:00,1368.0,20.9
2022-11-25 18:00:00,1355.0,18.4
2022-11-25 19:00:00,1386.0,17.9
2022-11-25 20:00:00,1319.0,17.5
2022-11-25 21:00:00,1230.0,17.0
2022-11-25 22:00:00,1105.0,16.9
2022-11-25 23:00:00,1031.0,16.7
2022-11-26 00:00:00,1056.0,16.0
2022-11-26 01:00:00,1036.0,15.7
2022-11-26 02:00:00,1005.0,15.8
2022-11-26 03:00:00,989.0,15.7
2022-11-26 04:00:00,977.0,14.3
2022-11-26 05:00:00,1005.0,14.6
2022-11-26 06:00:00,1090.0,13.9
2022-11-26 07:00:00,1251.0,13.2
2022-11-26 08:00:00,1349.0,13.3
2022-11-26 09:00:00,1362.0,13.6
2022-11-26 10:00:00,1331.0,13.8
2022-11-26 11:00:00,1307.0,16.5
2022-11-26 12:00:00,1170.0,16.8
2022-11-26 13:00:00,1162.0,17.4
2022-11-26 14:00:00,1191.0,18.1
2022-11-26 15:00:00,1223.0,18.6
2022-11-26 16:00:00,1315.0,17.8
2022-11-26 17:00:00,1389.0,16.5
2022-11-26 18:00:00,1382.0,16.3
2022-11-26 19:00:00,1416.0,15.8
2022-11-26 20:00:00,1350.0,15.1
2022-11-26 21:00:00,1257.0,14.8
2022-11-26 22:00:00,1135.0,14.6
2022-11-26 23:00:00,1060.0,14.7
2022-11-27 00:00:00,1095.0,14.3
2022-11-27 01:00:00,1037.0,14.8
2022-11-27 02:00:00,1003.0,14.5
2022-11-27 03:00:00,988.0,14.3
2022-11-27 04:00:00,978.0,14.7
2022-11-27 05:00:00,1007.0,14.2
2022-11-27 06:00:00,1089.0,14.1
2022-11-27 07:00:00,1248.0,13.8
2022-11-27 08:00:00,1349.0,14.1
2022-11-27 09:00:00,1363.0,14.8
2022-11-27 10:00:00,1332.0,15.4
2022-11-27 11:00:00,1307.0,16.2
2022-11-27 12:00:00,1170.0,16.6
2022-11-27 13:00:00,1161.0,18.9
2022-11-27 14:00:00,1191.0,19.5
2022-11-27 15:00:00,1223.0,20.1
2022-11-27 16:00:00,1315.0,20.0
2022-11-27 17:00:00,1390.0,19.4
2022-11-27 18:00:00,1383.0,19.0
2022-11-27 19:00:00,1415.0,19.0
2022-11-27 20:00:00,1347.0,18.7
2022-11-27 21:00:00,1256.0,18.9
2022-11-27 22:00:00,1134.0,18.9
2022-11-27 23:00:00,1056.0,19.1
2022-11-28 00:00:00,990.0,18.6
2022-11-28 01:00:00,940.0,18.2
2022-11-28 02:00:00,910.0,17.3
2022-11-28 03:00:00,899.0,16.5
2022-11-28 04:00:00,913.0,16.4
2022-11-28 05:00:00,914.0,16.2
2022-11-28 06:00:00,991.0,16.3
2022-11-28 07:00:00,1078.0,15.8
2022-11-28 08:00:00,1303.0,15.0
2022-11-28 09:00:00,1388.0,15.0
2022-11-28 10:00:00,1364.0,14.8
2022-11-28 11:00:00,1377.0,14.5
2022-11-28 12:00:00,1277.0,14.3
2022-11-28 13:00:00,1256.0,14.4
2022-11-28 14:00:00,1266.0,13.8
2022-11-28 15:00:00,1299.0,13.5
2022-11-28 16:00:00,1056.0,13.0
2022-11-28 17:00:00,1444.0,12.5
2022-11-28 18:00:00,1457.0,12.5
2022-11-28 19:00:00,1397.0,12.6
2022-11-28 20:00:00,1338.0,12.7
2022-11-28 21:00:00,1284.0,12.2
2022-11-28 22:00:00,1126.0,11.8
2022-11-28 23:00:00,1041.0,11.5
2022-11-29 00:00:00,1038.0,10.7
2022-11-29 01:00:00,980.0,10.4
2022-11-29 02:00:00,939.0,11.0
2022-11-29 03:00:00,911.0,11.4
2022-11-29 04:00:00,905.0,11.4
2022-11-29 05:00:00,940.0,10.5
2022-11-29 06:00:00,988.0,10.0
2022-11-29 07:00:00,1097.0,10.2
2022-11-29 08:00:00,1349.0,8.3
2022-11-29 09:00:00,1446.0,7.5
2022-11-29 10:00:00,1455.0,7.5
2022-11-29 11:00:00,1472.0,7.7
2022-11-29 12:00:00,1370.0,7.7
2022-11-29 13:00:00,1368.0,7.5
2022-11-29 14:00:00,1378.0,6.8
2022-11-29 15:00:00,1418.0,6.3
2022-11-29 16:00:00,1508.0,6.1
2022-11-29 17:00:00,1569.0,6.4
2022-11-29 18:00:00,1587.0,6.0
2022-11-29 19:00:00,1563.0,5.6
2022-11-29 20:00:00,1480.0,4.5
2022-11-29 21:00:00,1365.0,4.3
2022-11-29 22:00:00,1235.0,4.0
2022-11-29 23:00:00,1129.0,3.7
2022-11-30 00:00:00,1087.0,3.0
2022-11-30 01:00:00,1014.0,2.3
2022-11-30 02:00:00,965.0,2.5
2022-11-30 03:00:00,957.0,2.8
2022-11-30 04:00:00,949.0,2.9
2022-11-30 05:00:00,943.0,1.3
2022-11-30 06:00:00,1011.0,1.4
2022-11-30 07:00:00,1143.0,0.9
2022-11-30 08:00:00,1462.0,0.9
2022-11-30 09:00:00,1686.0,0.9
2022-11-30 10:00:00,1703.0,0.8
2022-11-30 11:00:00,1730.0,1.3
2022-11-30 12:00:00,1643.0,1.1
2022-11-30 13:00:00,1619.0,1.0
2022-11-30 14:00:00,1612.0,1.1
2022-11-30 15:00:00,1636.0,1.2
2022-11-30 16:00:00,1741.0,1.2
2022-11-30 17:00:00,1802.0,1.1
2022-11-30 18:00:00,1816.0,1.1
2022-11-30 19:00:00,1789.0,1.0
2022-11-30 20:00:00,1732.0,0.8
2022-11-30 21:00:00,1603.0,0.2
2022-11-30 22:00:00,1426.0,0.3
2022-11-30 23:00:00,1269.0,-0.5
2022-12-01 00:00:00,1185.0,-0.3
2022-12-01 01:00:00,1095.0,-0.1
2022-12-01 02:00:00,1055.0,-0.9
2022-12-01 03:00:00,1036.0,-1.5
2022-12-01 04:00:00,1012.0,-1.4
2022-12-01 05:00:00,1010.0,-1.5
2022-12-01 06:00:00,1071.0,-1.6
2022-12-01 07:00:00,1191.0,-1.6
2022-12-01 08:00:00,1547.0,-1.4
2022-12-01 09:00:00,1795.0,-1.0
2022-12-01 10:00:00,1837.0,-0.6
2022-12-01 11:00:00,1838.0,0.1
2022-12-01 12:00:00,1745.0,0.4
2022-12-01 13:00:00,1714.0,1.0
2022-12-01 14:00:00,1713.0,1.5
2022-12-01 15:00:00,1739.0,1.6
2022-12-01 16:00:00,1824.0,1.5
2022-12-01 17:00:00,1872.0,1.1
2022-12-01 18:00:00,1882.0,0.9
2022-12-01 19:00:00,1910.0,0.9
2022-12-01 20:00:00,1838.0,0.7
2022-12-01 21:00:00,1719.0,0.8
2022-12-01 22:00:00,1509.0,0.8
2022-12-01 23:00:00,1346.0,0.8
2022-12-02 00:00:00,1245.0,0.7
2022-12-02 01:00:00,1150.0,0.5
2022-12-02 02:00:00,1077.0,0.4
2022-12-02 03:00:00,1030.0,-0.3
2022-12-02 04:00:00,1017.0,-0.1
2022-12-02 05:00:00,1027.0,0.1
2022-12-02 06:00:00,1100.0,0.3
2022-12-02 07:00:00,1260.0,0.3
2022-12-02 08:00:00,1609.0,0.7
2022-12-02 09:00:00,1777.0,1.6
2022-12-02 10:00:00,1789.0,2.6
2022-12-02 11:00:00,1815.0,3.3
2022-12-02 12:00:00,1712.0,3.7
2022-12-02 13:00:00,1741.0,3.7
2022-12-02 14:00:00,1739.0,3.7
2022-12-02 15:00:00,1760.0,4.0
2022-12-02 16:00:00,1843.0,3.8
2022-12-02 17:00:00,1881.0,3.5
2022-12-02 18:00:00,1911.0,3.5
2022-12-02 19:00:00,1934.0,3.5
2022-12-02 20:00:00,1895.0,3.5
2022-12-02 21:00:00,1757.0,3.5
2022-12-02 22:00:00,1551.0,3.6
2022-12-02 23:00:00,1367.0,3.6
2022-12-03 00:00:00,1246.0,3.5
2022-12-03 01:00:00,1135.0,3.4
2022-12-03 02:00:00,1061.0,3.2
2022-12-03 03:00:00,1032.0,3.3
2022-12-03 04:00:00,1024.0,3.3
2022-12-03 05:00:00,1024.0,3.4
2022-12-03 06:00:00,1082.0,3.5
2022-12-03 07:00:00,1160.0,3.6
2022-12-03 08:00:00,1517.0,4.0
2022-12-03 09:00:00,1725.0,4.9
2022-12-03 10:00:00,1767.0,5.5
2022-12-03 11:00:00,1799.0,6.1
2022-12-03 12:00:00,1717.0,6.9
2022-12-03 13:00:00,1705.0,7.3
2022-12-03 14:00:00,1689.0,7.7
2022-12-03 15:00:00,1735.0,7.3
2022-12-03 16:00:00,1840.0,6.6
2022-12-03 17:00:00,1863.0,6.2
2022-12-03 18:00:00,1860.0,5.8
2022-12-03 19:00:00,1875.0,5.7
2022-12-03 20:00:00,1859.0,5.6
2022-12-03 21:00:00,1730.0,5.5
2022-12-03 22:00:00,1529.0,5.5
2022-12-03 23:00:00,1332.0,5.6
2022-12-04 00:00:00,1219.0,5.8
2022-12-04 01:00:00,1115.0,5.5
2022-12-04 02:00:00,1067.0,5.0
2022-12-04 03:00:00,1033.0,5.1
2022-12-04 04:00:00,997.0,5.3
2022-12-04 05:00:00,1012.0,5.7
2022-12-04 06:00:00,1028.0,5.7
2022-12-04 07:00:00,1105.0,5.3
2022-12-04 08:00:00,1429.0,5.4
2022-12-04 09:00:00,1683.0,5.6
2022-12-04 10:00:00,1740.0,5.9
2022-12-04 11:00:00,1790.0,5.8
2022-12-04 12:00:00,1707.0,6.3
2022-12-04 13:00:00,1673.0,6.5
2022-12-04 14:00:00,1678.0,6.1
2022-12-04 15:00:00,1723.0,5.7
2022-12-04 16:00:00,1807.0,5.3
2022-12-04 17:00:00,1846.0,4.5
2022-12-04 18:00:00,1854.0,4.0
2022-12-04 19:00:00,1899.0,3.9
2022-12-04 20:00:00,1870.0,3.7
2022-12-04 21:00:00,1717.0,3.5
2022-12-04 22:00:00,1495.0,3.3
2022-12-04 23:00:00,1307.0,3.1
2022-12-05 00:00:00,1214.0,3.0
2022-12-05 01:00:00,1104.0,2.9
2022-12-05 02:00:00,1052.0,3.1
2022-12-05 03:00:00,1016.0,3.2
2022-12-05 04:00:00,1005.0,3.1
2022-12-05 05:00:00,1004.0,2.7
2022-12-05 06:00:00,1094.0,2.4
2022-12-05 07:00:00,1268.0,2.2
2022-12-05 08:00:00,1623.0,2.7
2022-12-05 09:00:00,1838.0,3.5
2022-12-05 10:00:00,1877.0,4.2
2022-12-05 11:00:00,1874.0,4.8
2022-12-05 12:00:00,1751.0,6.2
2022-12-05 13:00:00,1752.0,6.7
2022-12-05 14:00:00,1747.0,6.4
2022-12-05 15:00:00,1737.0,6.9
2022-12-05 16:00:00,1817.0,6.9
2022-12-05 17:00:00,1863.0,6.3
2022-12-05 18:00:00,1897.0,4.0
2022-12-05 19:00:00,1946.0,3.1
2022-12-05 20:00:00,1936.0,2.9
2022-12-05 21:00:00,1813.0,2.6
2022-12-05 22:00:00,1593.0,2.3
2022-12-05 23:00:00,1376.0,2.2
2022-12-06 00:00:00,1274.0,3.0
2022-12-06 01:00:00,1187.0,3.0
2022-12-06 02:00:00,1112.0,2.5
2022-12-06 03:00:00,1082.0,1.6
2022-12-06 04:00:00,1063.0,1.3
2022-12-06 05:00:00,1067.0,1.4
2022-12-06 06:00:00,1152.0,1.8
2022-12-06 07:00:00,1345.0,1.5
2022-12-06 08:00:00,1728.0,1.1
2022-12-06 09:00:00,1917.0,1.1
2022-12-06 10:00:00,1913.0,3.3
2022-12-06 11:00:00,1860.0,5.2
2022-12-06 12:00:00,1666.0,8.5
2022-12-06 13:00:00,1699.0,8.8
2022-12-06 14:00:00,1710.0,8.1
2022-12-06 15:00:00,1769.0,8.3
2022-12-06 16:00:00,1840.0,8.2
2022-12-06 17:00:00,1899.0,7.1
2022-12-06 18:00:00,1898.0,6.3
2022-12-06 19:00:00,1946.0,6.1
2022-12-06 20:00:00,1920.0,5.9
2022-12-06 21:00:00,1785.0,5.8
2022-12-06 22:00:00,1579.0,5.6
2022-12-06 23:00:00,1371.0,5.5
2022-12-07 00:00:00,1277.0,5.3
2022-12-07 01:00:00,1166.0,4.9
2022-12-07 02:00:00,1115.0,4.7
2022-12-07 03:00:00,1086.0,5.2
2022-12-07 04:00:00,1060.0,5.1
2022-12-07 05:00:00,1074.0,5.3
2022-12-07 06:00:00,1138.0,5.0
2022-12-07 07:00:00,1297.0,5.1
2022-12-07 08:00:00,1673.0,5.1
2022-12-07 09:00:00,1851.0,6.1
2022-12-07 10:00:00,1844.0,6.0
2022-12-07 11:00:00,1818.0,7.8
2022-12-07 12:00:00,1672.0,8.9
2022-12-07 13:00:00,1653.0,9.7
2022-12-07 14:00:00,1688.0,9.8
2022-12-07 15:00:00,1716.0,9.9
2022-12-07 16:00:00,1809.0,9.1
2022-12-07 17:00:00,1865.0,8.3
2022-12-07 18:00:00,1879.0,7.4
2022-12-07 19:00:00,1926.0,7.2
2022-12-07 20:00:00,1892.0,7.0
2022-12-07 21:00:00,1769.0,6.9
2022-12-07 22:00:00,1568.0,6.9
2022-12-07 23:00:00,1351.0,7.0
2022-12-08 00:00:00,1285.0,7.1
2022-12-08 01:00:00,1159.0,7.0
2022-12-08 02:00:00,1119.0,7.0
2022-12-08 03:00:00,1068.0,6.4
2022-12-08 04:00:00,1056.0,6.4
2022-12-08 05:00:00,1074.0,6.3
2022-12-08 06:00:00,1145.0,6.4
2022-12-08 07:00:00,1323.0,6.1
2022-12-08 08:00:00,1680.0,6.6
2022-12-08 09:00:00,1816.0,8.0
2022-12-08 10:00:00,1796.0,9.5
2022-12-08 11:00:00,1770.0,10.1
2022-12-08 12:00:00,1661.0,10.3
2022-12-08 13:00:00,1686.0,9.9
2022-12-08 14:00:00,1700.0,10.1
2022-12-08 15:00:00,1731.0,10.2
2022-12-08 16:00:00,1809.0,10.0
2022-12-08 17:00:00,1855.0,9.4
2022-12-08 18:00:00,1860.0,8.8
2022-12-08 19:00:00,1878.0,8.5
2022-12-08 20:00:00,1860.0,8.6
2022-12-08 21:00:00,1732.0,8.8
2022-12-08 22:00:00,1529.0,8.9
2022-12-08 23:00:00,1331.0,8.8
2022-12-09 00:00:00,1263.0,8.8
2022-12-09 01:00:00,1150.0,8.7
2022-12-09 02:00:00,1086.0,8.5
2022-12-09 03:00:00,1060.0,8.3
2022-12-09 04:00:00,1049.0,8.1
2022-12-09 05:00:00,1065.0,7.9
2022-12-09 06:00:00,1149.0,7.8
2022-12-09 07:00:00,1292.0,7.2
2022-12-09 08:00:00,1649.0,7.5
2022-12-09 09:00:00,1815.0,8.4
2022-12-09 10:00:00,1813.0,9.5
2022-12-09 11:00:00,1794.0,10.8
2022-12-09 12:00:00,1615.0,12.3
2022-12-09 13:00:00,1590.0,13.0
2022-12-09 14:00:00,1618.0,12.4
2022-12-09 15:00:00,1638.0,11.9
2022-12-09 16:00:00,1737.0,11.9
2022-12-09 17:00:00,1792.0,11.2
2022-12-09 18:00:00,1796.0,10.6
2022-12-09 19:00:00,1839.0,10.6
2022-12-09 20:00:00,1802.0,10.0
2022-12-09 21:00:00,1702.0,10.0
2022-12-09 22:00:00,1537.0,10.2
2022-12-09 23:00:00,1349.0,10.1
2022-12-10 00:00:00,1281.0,9.8
2022-12-10 01:00:00,1182.0,9.8
2022-12-10 02:00:00,1093.0,10.0
2022-12-10 03:00:00,1063.0,10.1
2022-12-10 04:00:00,1053.0,9.3
2022-12-10 05:00:00,1046.0,8.8
2022-12-10 06:00:00,1119.0,8.4
2022-12-10 07:00:00,1224.0,8.7
2022-12-10 08:00:00,1513.0,8.4
2022-12-10 09:00:00,1684.0,9.0
2022-12-10 10:00:00,1683.0,9.4
2022-12-10 11:00:00,1686.0,11.0
2022-12-10 12:00:00,1581.0,11.9
2022-12-10 13:00:00,1559.0,12.6
2022-12-10 14:00:00,1559.0,12.7
2022-12-10 15:00:00,1562.0,12.4
2022-12-10 16:00:00,1630.0,12.1
2022-12-10 17:00:00,1688.0,11.0
2022-12-10 18:00:00,1734.0,10.6
2022-12-10 19:00:00,1797.0,10.1
2022-12-10 20:00:00,1775.0,10.3
2022-12-10 21:00:00,1676.0,10.5
2022-12-10 22:00:00,1501.0,9.8
2022-12-10 23:00:00,1311.0,8.3
2022-12-11 00:00:00,1235.0,6.7
2022-12-11 01:00:00,1138.0,6.0
2022-12-11 02:00:00,1049.0,5.3
2022-12-11 03:00:00,1007.0,4.2
2022-12-11 04:00:00,1002.0,3.9
2022-12-11 05:00:00,1006.0,3.5
2022-12-11 06:00:00,1064.0,2.9
2022-12-11 07:00:00,1158.0,2.6
2022-12-11 08:00:00,1497.0,2.7
2022-12-11 09:00:00,1615.0,4.8
2022-12-11 10:00:00,1611.0,7.0
2022-12-11 11:00:00,1572.0,7.9
2022-12-11 12:00:00,1462.0,8.5
2022-12-11 13:00:00,1458.0,9.8
2022-12-11 14:00:00,1481.0,8.8
2022-12-11 15:00:00,1542.0,9.9
2022-12-11 16:00:00,1645.0,8.0
2022-12-11 17:00:00,1761.0,6.8
2022-12-11 18:00:00,1741.0,6.3
2022-12-11 19:00:00,1823.0,6.0
2022-12-11 20:00:00,1815.0,5.7
2022-12-11 21:00:00,1674.0,5.4
2022-12-11 22:00:00,1458.0,5.4
2022-12-11 23:00:00,1254.0,4.1
2022-12-12 00:00:00,1173.0,2.6
2022-12-12 01:00:00,1080.0,2.7
2022-12-12 02:00:00,1012.0,1.8
2022-12-12 03:00:00,984.0,2.1
2022-12-12 04:00:00,971.0,2.5
2022-12-12 05:00:00,989.0,2.8
2022-12-12 06:00:00,1077.0,2.8
2022-12-12 07:00:00,1258.0,2.3
2022-12-12 08:00:00,1631.0,2.3
2022-12-12 09:00:00,1776.0,4.3
2022-12-12 10:00:00,1730.0,6.7
2022-12-12 11:00:00,1685.0,7.6
2022-12-12 12:00:00,1532.0,9.5
2022-12-12 13:00:00,1547.0,10.6
2022-12-12 14:00:00,1548.0,11.8
2022-12-12 15:00:00,1568.0,11.8
2022-12-12 16:00:00,1665.0,11.5
2022-12-12 17:00:00,1728.0,9.8
2022-12-12 18:00:00,1799.0,7.4
2022-12-12 19:00:00,1869.0,6.5
2022-12-12 20:00:00,1864.0,5.8
2022-12-12 21:00:00,1759.0,5.7
2022-12-12 22:00:00,1545.0,6.4
2022-12-12 23:00:00,1336.0,5.1
2022-12-13 00:00:00,1256.0,5.9
2022-12-13 01:00:00,1155.0,5.7
2022-12-13 02:00:00,1092.0,4.9
2022-12-13 03:00:00,1061.0,4.7
2022-12-13 04:00:00,1043.0,4.4
2022-12-13 05:00:00,1060.0,4.4
2022-12-13 06:00:00,1147.0,4.2
2022-12-13 07:00:00,1340.0,1.1
2022-12-13 08:00:00,1679.0,1.2
2022-12-13 09:00:00,1826.0,2.5
2022-12-13 10:00:00,1808.0,6.9
2022-12-13 11:00:00,1743.0,9.2
2022-12-13 12:00:00,1577.0,10.6
2022-12-13 13:00:00,1530.0,12.4
2022-12-13 14:00:00,1546.0,13.0
2022-12-13 15:00:00,1562.0,13.6
2022-12-13 16:00:00,1665.0,12.7
2022-12-13 17:00:00,1725.0,10.6
2022-12-13 18:00:00,1798.0,9.7
2022-12-13 19:00:00,1894.0,9.7
2022-12-13 20:00:00,1882.0,9.7
2022-12-13 21:00:00,1783.0,9.2
2022-12-13 22:00:00,1566.0,9.9
2022-12-13 23:00:00,1353.0,7.4
2022-12-14 00:00:00,1274.0,7.1
2022-12-14 01:00:00,1170.0,8.7
2022-12-14 02:00:00,1125.0,9.8
2022-12-14 03:00:00,1086.0,8.3
2022-12-14 04:00:00,1056.0,5.2
2022-12-14 05:00:00,1068.0,7.4
2022-12-14 06:00:00,1171.0,7.6
2022-12-14 07:00:00,1349.0,5.0
2022-12-14 08:00:00,1680.0,4.4
2022-12-14 09:00:00,1807.0,5.9
2022-12-14 10:00:00,1776.0,8.8
2022-12-14 11:00:00,1715.0,11.8
2022-12-14 12:00:00,1537.0,11.9
2022-12-14 13:00:00,1518.0,13.0
2022-12-14 14:00:00,1518.0,13.6
2022-12-14 15:00:00,1533.0,13.7
2022-12-14 16:00:00,1643.0,13.8
2022-12-14 17:00:00,1729.0,12.2
2022-12-14 18:00:00,1803.0,10.4
2022-12-14 19:00:00,1885.0,9.6
2022-12-14 20:00:00,1870.0,9.6
2022-12-14 21:00:00,1766.0,8.3
2022-12-14 22:00:00,1550.0,8.1
2022-12-14 23:00:00,1374.0,7.9
2022-12-15 00:00:00,1293.0,7.5
2022-12-15 01:00:00,1186.0,8.1
2022-12-15 02:00:00,1125.0,6.5
2022-12-15 03:00:00,1092.0,6.7
2022-12-15 04:00:00,1076.0,7.1
2022-12-15 05:00:00,1084.0,7.0
2022-12-15 06:00:00,1203.0,8.2
2022-12-15 07:00:00,1368.0,7.5
2022-12-15 08:00:00,1667.0,6.2
2022-12-15 09:00:00,1835.0,6.9
2022-12-15 10:00:00,1865.0,7.6
2022-12-15 11:00:00,1872.0,8.3
2022-12-15 12:00:00,1739.0,8.7
2022-12-15 13:00:00,1746.0,8.8
2022-12-15 14:00:00,1751.0,9.0
2022-12-15 15:00:00,1781.0,9.0
2022-12-15 16:00:00,1866.0,8.7
2022-12-15 17:00:00,1901.0,8.8
2022-12-15 18:00:00,1891.0,8.9
2022-12-15 19:00:00,1926.0,9.2
2022-12-15 20:00:00,1888.0,8.5
2022-12-15 21:00:00,1764.0,8.2
2022-12-15 22:00:00,1556.0,8.2
2022-12-15 23:00:00,1372.0,8.5
2022-12-16 00:00:00,1281.0,8.7
2022-12-16 01:00:00,1194.0,8.1
2022-12-16 02:00:00,1130.0,7.6
2022-12-16 03:00:00,1077.0,7.4
2022-12-16 04:00:00,1090.0,7.2
2022-12-16 05:00:00,1084.0,7.1
2022-12-16 06:00:00,1186.0,6.2
2022-12-16 07:00:00,1353.0,5.7
2022-12-16 08:00:00,1696.0,5.4
2022-12-16 09:00:00,1965.0,5.2
2022-12-16 10:00:00,1999.0,5.4
2022-12-16 11:00:00,1983.0,6.0
2022-12-16 12:00:00,1865.0,5.2
2022-12-16 13:00:00,1864.0,5.1
2022-12-16 14:00:00,1870.0,5.1
2022-12-16 15:00:00,1874.0,5.5
2022-12-16 16:00:00,1969.0,5.4
2022-12-16 17:00:00,2007.0,5.4
2022-12-16 18:00:00,1990.0,4.9
2022-12-16 19:00:00,2008.0,5.0
2022-12-16 20:00:00,1980.0,4.9
2022-12-16 21:00:00,1848.0,4.7
2022-12-16 22:00:00,1635.0,4.5
2022-12-16 23:00:00,1448.0,4.5
2022-12-17 00:00:00,1351.0,3.9
2022-12-17 01:00:00,1208.0,4.0
2022-12-17 02:00:00,1146.0,3.8
2022-12-17 03:00:00,1103.0,3.5
2022-12-17 04:00:00,1072.0,4.0
2022-12-17 05:00:00,1073.0,3.7
2022-12-17 06:00:00,1150.0,3.3
2022-12-17 07:00:00,1264.0,2.9
2022-12-17 08:00:00,1646.0,2.8
2022-12-17 09:00:00,1852.0,4.0
2022-12-17 10:00:00,1880.0,5.4
2022-12-17 11:00:00,1821.0,6.6
2022-12-17 12:00:00,1666.0,8.6
2022-12-17 13:00:00,1647.0,8.5
2022-12-17 14:00:00,1661.0,8.9
2022-12-17 15:00:00,1674.0,8.5
2022-12-17 16:00:00,1782.0,8.2
2022-12-17 17:00:00,1900.0,6.3
2022-12-17 18:00:00,1916.0,4.2
2022-12-17 19:00:00,2008.0,3.8
2022-12-17 20:00:00,1966.0,4.4
2022-12-17 21:00:00,1835.0,4.4
2022-12-17 22:00:00,1633.0,4.1
2022-12-17 23:00:00,1430.0,3.0
2022-12-18 00:00:00,1342.0,2.4
2022-12-18 01:00:00,1221.0,1.1
2022-12-18 02:00:00,1145.0,2.3
2022-12-18 03:00:00,1107.0,1.6
2022-12-18 04:00:00,1090.0,0.8
2022-12-18 05:00:00,1087.0,1.2
2022-12-18 06:00:00,1149.0,0.6
2022-12-18 07:00:00,1245.0,-1.3
2022-12-18 08:00:00,1622.0,-0.8
2022-12-18 09:00:00,1796.0,-0.2
2022-12-18 10:00:00,1809.0,1.8
2022-12-18 11:00:00,1751.0,5.4
2022-12-18 12:00:00,1599.0,7.7
2022-12-18 13:00:00,1568.0,8.3
2022-12-18 14:00:00,1561.0,9.8
2022-12-18 15:00:00,1577.0,11.2
2022-12-18 16:00:00,1679.0,11.4
2022-12-18 17:00:00,1777.0,9.3
2022-12-18 18:00:00,1874.0,6.6
2022-12-18 19:00:00,1964.0,6.2
2022-12-18 20:00:00,1926.0,5.3
2022-12-18 21:00:00,1778.0,5.4
2022-12-18 22:00:00,1554.0,5.5
2022-12-18 23:00:00,1337.0,6.0
2022-12-19 00:00:00,1285.0,5.8
2022-12-19 01:00:00,1190.0,5.2
2022-12-19 02:00:00,1127.0,6.2
2022-12-19 03:00:00,1069.0,4.7
2022-12-19 04:00:00,1068.0,4.2
2022-12-19 05:00:00,1073.0,5.9
2022-12-19 06:00:00,1173.0,5.0
2022-12-19 07:00:00,1314.0,4.9
2022-12-19 08:00:00,1736.0,5.7
2022-12-19 09:00:00,1915.0,7.2
2022-12-19 10:00:00,1881.0,8.5
2022-12-19 11:00:00,1811.0,11.2
2022-12-19 12:00:00,1625.0,13.1
2022-12-19 13:00:00,1612.0,14.2
2022-12-19 14:00:00,1594.0,15.8
2022-12-19 15:00:00,1631.0,15.6
2022-12-19 16:00:00,1719.0,14.8
2022-12-19 17:00:00,1808.0,12.5
2022-12-19 18:00:00,1881.0,10.5
2022-12-19 19:00:00,1974.0,9.6
2022-12-19 20:00:00,1917.0,9.2
2022-12-19 21:00:00,1806.0,8.8
2022-12-19 22:00:00,1626.0,9.1
2022-12-19 23:00:00,1473.0,9.3
2022-12-20 00:00:00,1250.0,9.4
2022-12-20 01:00:00,1162.0,9.5
2022-12-20 02:00:00,1099.0,8.7
2022-12-20 03:00:00,1068.0,8.3
2022-12-20 04:00:00,1040.0,7.2
2022-12-20 05:00:00,1069.0,7.0
2022-12-20 06:00:00,1150.0,7.2
2022-12-20 07:00:00,1246.0,7.1
2022-12-20 08:00:00,1637.0,5.9
2022-12-20 09:00:00,1897.0,6.3
2022-12-20 10:00:00,1958.0,8.2
2022-12-20 11:00:00,1917.0,8.3
2022-12-20 12:00:00,1814.0,8.7
2022-12-20 13:00:00,1831.0,8.8
2022-12-20 14:00:00,1811.0,8.3
2022-12-20 15:00:00,1837.0,8.2
2022-12-20 16:00:00,1901.0,8.3
2022-12-20 17:00:00,1907.0,8.4
2022-12-20 18:00:00,1953.0,8.2
2022-12-20 19:00:00,1987.0,7.7
2022-12-20 20:00:00,1922.0,7.3
2022-12-20 21:00:00,1747.0,6.3
2022-12-20 22:00:00,1518.0,5.6
2022-12-20 23:00:00,1317.0,5.6
2022-12-21 00:00:00,1253.0,5.0
2022-12-21 01:00:00,1185.0,3.7
2022-12-21 02:00:00,1102.0,3.5
2022-12-21 03:00:00,1094.0,3.8
2022-12-21 04:00:00,1069.0,2.8
2022-12-21 05:00:00,1061.0,3.4
2022-12-21 06:00:00,1129.0,3.1
2022-12-21 07:00:00,1241.0,3.2
2022-12-21 08:00:00,1689.0,4.0
2022-12-21 09:00:00,1881.0,5.1
2022-12-21 10:00:00,1862.0,7.7
2022-12-21 11:00:00,1750.0,11.2
2022-12-21 12:00:00,1620.0,13.4
2022-12-21 13:00:00,1583.0,15.7
2022-12-21 14:00:00,1571.0,17.0
2022-12-21 15:00:00,1572.0,17.2
2022-12-21 16:00:00,1670.0,17.0
2022-12-21 17:00:00,1774.0,15.9
2022-12-21 18:00:00,1830.0,14.6
2022-12-21 19:00:00,1921.0,13.7
2022-12-21 20:00:00,1830.0,12.2
2022-12-21 21:00:00,1667.0,12.1
2022-12-21 22:00:00,1471.0,11.5
2022-12-21 23:00:00,1236.0,10.4
2022-12-22 00:00:00,1201.0,9.4
2022-12-22 01:00:00,1121.0,10.0
2022-12-22 02:00:00,1075.0,10.2
2022-12-22 03:00:00,1055.0,9.5
2022-12-22 04:00:00,1046.0,8.9
2022-12-22 05:00:00,1060.0,8.8
2022-12-22 06:00:00,1117.0,8.8
2022-12-22 07:00:00,1231.0,8.2
2022-12-22 08:00:00,1636.0,7.2
2022-12-22 09:00:00,1832.0,8.3
2022-12-22 10:00:00,1797.0,9.9
2022-12-22 11:00:00,1735.0,11.2
2022-12-22 12:00:00,1609.0,12.7
2022-12-22 13:00:00,1578.0,12.9
2022-12-22 14:00:00,1517.0,13.1
2022-12-22 15:00:00,1607.0,13.1
2022-12-22 16:00:00,1705.0,12.6
2022-12-22 17:00:00,1762.0,10.8
2022-12-22 18:00:00,1848.0,9.6
2022-12-22 19:00:00,1887.0,9.4
2022-12-22 20:00:00,1789.0,9.3
2022-12-22 21:00:00,1619.0,8.9
2022-12-22 22:00:00,1403.0,8.6
2022-12-22 23:00:00,1224.0,7.6
2022-12-23 00:00:00,1200.0,7.9
2022-12-23 01:00:00,1121.0,7.9
2022-12-23 02:00:00,1089.0,7.0
2022-12-23 03:00:00,1073.0,7.0
2022-12-23 04:00:00,1062.0,7.3
2022-12-23 05:00:00,1051.0,7.3
2022-12-23 06:00:00,1107.0,5.9
2022-12-23 07:00:00,1224.0,6.1
2022-12-23 08:00:00,1590.0,5.9
2022-12-23 09:00:00,1798.0,7.0
2022-12-23 10:00:00,1773.0,8.8
2022-12-23 11:00:00,1743.0,9.5
2022-12-23 12:00:00,1596.0,11.3
2022-12-23 13:00:00,1534.0,13.2
2022-12-23 14:00:00,1562.0,13.6
2022-12-23 15:00:00,1560.0,14.3
2022-12-23 16:00:00,1689.0,13.4
2022-12-23 17:00:00,1771.0,11.2
2022-12-23 18:00:00,1819.0,9.5
2022-12-23 19:00:00,1867.0,10.2
2022-12-23 20:00:00,1783.0,10.6
2022-12-23 21:00:00,1601.0,10.4
2022-12-23 22:00:00,1383.0,10.1
2022-12-23 23:00:00,1213.0,10.3
2022-12-24 00:00:00,1190.0,9.9
2022-12-24 01:00:00,1107.0,8.6
2022-12-24 02:00:00,1062.0,7.6
2022-12-24 03:00:00,1052.0,7.3
2022-12-24 04:00:00,1032.0,7.9
2022-12-24 05:00:00,1033.0,5.4
2022-12-24 06:00:00,1092.0,4.2
2022-12-24 07:00:00,1190.0,4.1
2022-12-24 08:00:00,1531.0,3.8
2022-12-24 09:00:00,1704.0,5.0
2022-12-24 10:00:00,1699.0,7.2
2022-12-24 11:00:00,1639.0,9.7
2022-12-24 12:00:00,1542.0,11.3
2022-12-24 13:00:00,1505.0,13.1
2022-12-24 14:00:00,1497.0,14.1
2022-12-24 15:00:00,1513.0,13.6
2022-12-24 16:00:00,1623.0,12.9
2022-12-24 17:00:00,1698.0,11.4
2022-12-24 18:00:00,1777.0,10.2
2022-12-24 19:00:00,1840.0,9.8
2022-12-24 20:00:00,1768.0,9.7
2022-12-24 21:00:00,1599.0,9.5
2022-12-24 22:00:00,1373.0,8.1
2022-12-24 23:00:00,1194.0,8.8
2022-12-25 00:00:00,1178.0,6.8
2022-12-25 01:00:00,1106.0,4.7
2022-12-25 02:00:00,1066.0,4.6
2022-12-25 03:00:00,1032.0,4.7
2022-12-25 04:00:00,1013.0,4.8
2022-12-25 05:00:00,1019.0,4.6
2022-12-25 06:00:00,1068.0,4.3
2022-12-25 07:00:00,1113.0,4.2
2022-12-25 08:00:00,1396.0,4.1
2022-12-25 09:00:00,1684.0,4.6
2022-12-25 10:00:00,1749.0,5.0
2022-12-25 11:00:00,1763.0,5.9
2022-12-25 12:00:00,1710.0,6.6
2022-12-25 13:00:00,1717.0,6.4
2022-12-25 14:00:00,1700.0,6.3
2022-12-25 15:00:00,1738.0,6.0
2022-12-25 16:00:00,1832.0,5.9
2022-12-25 17:00:00,1876.0,5.7
2022-12-25 18:00:00,1915.0,5.5
2022-12-25 19:00:00,1912.0,5.6
2022-12-25 20:00:00,1802.0,6.0
2022-12-25 21:00:00,1628.0,5.8
2022-12-25 22:00:00,1392.0,5.3
2022-12-25 23:00:00,1213.0,4.9
2022-12-26 00:00:00,1185.0,4.4
2022-12-26 01:00:00,1108.0,4.0
2022-12-26 02:00:00,1045.0,3.9
2022-12-26 03:00:00,1022.0,3.9
2022-12-26 04:00:00,1014.0,3.7
2022-12-26 05:00:00,1033.0,3.6
2022-12-26 06:00:00,1085.0,3.4
2022-12-26 07:00:00,1167.0,3.5
2022-12-26 08:00:00,1516.0,3.4
2022-12-26 09:00:00,1847.0,3.6
2022-12-26 10:00:00,1923.0,4.0
2022-12-26 11:00:00,1946.0,4.3
2022-12-26 12:00:00,1867.0,5.1
2022-12-26 13:00:00,1811.0,6.0
2022-12-26 14:00:00,1803.0,5.8
2022-12-26 15:00:00,1792.0,6.6
2022-12-26 16:00:00,1887.0,7.1
2022-12-26 17:00:00,1913.0,6.4
2022-12-26 18:00:00,1932.0,5.9
2022-12-26 19:00:00,1972.0,5.8
2022-12-26 20:00:00,1866.0,5.1
2022-12-26 21:00:00,1696.0,5.1
2022-12-26 22:00:00,1475.0,5.1
2022-12-26 23:00:00,1248.0,5.4
2022-12-27 00:00:00,1203.0,5.6
2022-12-27 01:00:00,1129.0,4.8
2022-12-27 02:00:00,1071.0,5.3
2022-12-27 03:00:00,1057.0,4.9
2022-12-27 04:00:00,1038.0,4.7
2022-12-27 05:00:00,1046.0,4.8
2022-12-27 06:00:00,1091.0,4.7
2022-12-27 07:00:00,1175.0,4.1
2022-12-27 08:00:00,1494.0,3.9
2022-12-27 09:00:00,1862.0,3.8
2022-12-27 10:00:00,1971.0,3.5
2022-12-27 11:00:00,1990.0,3.4
2022-12-27 12:00:00,1911.0,3.5
2022-12-27 13:00:00,1897.0,3.4
2022-12-27 14:00:00,1883.0,3.1
2022-12-27 15:00:00,1926.0,3.0
2022-12-27 16:00:00,2019.0,2.8
2022-12-27 17:00:00,2061.0,2.7
2022-12-27 18:00:00,2061.0,2.5
2022-12-27 19:00:00,2061.0,2.5
2022-12-27 20:00:00,2061.0,2.6
2022-12-27 21:00:00,1926.0,2.5
2022-12-27 22:00:00,1715.0,2.6
2022-12-27 23:00:00,1518.0,2.7
2022-12-28 00:00:00,1433.0,2.6
2022-12-28 01:00:00,1360.0,2.7
2022-12-28 02:00:00,1308.0,2.7
2022-12-28 03:00:00,1278.0,2.7
2022-12-28 04:00:00,1260.0,2.7
2022-12-28 05:00:00,1269.0,2.6
2022-12-28 06:00:00,1342.0,2.6
2022-12-28 07:00:00,1474.0,2.5
2022-12-28 08:00:00,1826.0,2.2
2022-12-28 09:00:00,2024.0,2.2
2022-12-28 10:00:00,2030.0,3.0
2022-12-28 11:00:00,2000.0,3.9
2022-12-28 12:00:00,1867.0,4.8
2022-12-28 13:00:00,1851.0,6.0
2022-12-28 14:00:00,1854.0,6.5
2022-12-28 15:00:00,1882.0,7.0
2022-12-28 16:00:00,1979.0,6.5
2022-12-28 17:00:00,2041.0,5.8
2022-12-28 18:00:00,2061.0,5.0
2022-12-28 19:00:00,2061.0,4.7
2022-12-28 20:00:00,2061.0,4.7
2022-12-28 21:00:00,1919.0,4.7
2022-12-28 22:00:00,1709.0,4.8
2022-12-28 23:00:00,1516.0,4.7
2022-12-29 00:00:00,1191.0,4.8
2022-12-29 01:00:00,1089.0,4.6
2022-12-29 02:00:00,1028.0,4.3
2022-12-29 03:00:00,1001.0,4.1
2022-12-29 04:00:00,996.0,4.0
2022-12-29 05:00:00,995.0,4.2
2022-12-29 06:00:00,1052.0,4.0
2022-12-29 07:00:00,1125.0,3.6
2022-12-29 08:00:00,1525.0,3.5
2022-12-29 09:00:00,1867.0,4.1
2022-12-29 10:00:00,1921.0,5.0
2022-12-29 11:00:00,1938.0,6.2
2022-12-29 12:00:00,1827.0,6.1
2022-12-29 13:00:00,1818.0,6.8
2022-12-29 14:00:00,1850.0,7.1
2022-12-29 15:00:00,1829.0,7.4
2022-12-29 16:00:00,1899.0,7.7
2022-12-29 17:00:00,1945.0,6.8
2022-12-29 18:00:00,1947.0,6.0
2022-12-29 19:00:00,1967.0,5.9
2022-12-29 20:00:00,1921.0,6.2
2022-12-29 21:00:00,1726.0,5.8
2022-12-29 22:00:00,1486.0,5.5
2022-12-29 23:00:00,1264.0,5.1
2022-12-30 00:00:00,1184.0,4.9
2022-12-30 01:00:00,1097.0,4.9
2022-12-30 02:00:00,1051.0,4.7
2022-12-30 03:00:00,1020.0,4.1
2022-12-30 04:00:00,1011.0,3.2
2022-12-30 05:00:00,1047.0,2.4
2022-12-30 06:00:00,1083.0,2.2
2022-12-30 07:00:00,1170.0,1.9
2022-12-30 08:00:00,1589.0,3.0
2022-12-30 09:00:00,1851.0,2.2
2022-12-30 10:00:00,1897.0,4.0
2022-12-30 11:00:00,1843.0,6.5
2022-12-30 12:00:00,1671.0,9.8
2022-12-30 13:00:00,1635.0,11.2
2022-12-30 14:00:00,1627.0,11.6
2022-12-30 15:00:00,1651.0,11.8
2022-12-30 16:00:00,1733.0,10.8
2022-12-30 17:00:00,1821.0,9.4
2022-12-30 18:00:00,1877.0,6.9
2022-12-30 19:00:00,1962.0,5.9
2022-12-30 20:00:00,1910.0,6.0
2022-12-30 21:00:00,1765.0,5.4
2022-12-30 22:00:00,1523.0,5.0
2022-12-30 23:00:00,1303.0,4.7
2022-12-31 00:00:00,1223.0,4.5
2022-12-31 01:00:00,1123.0,4.8
2022-12-31 02:00:00,1048.0,4.9
2022-12-31 03:00:00,1015.0,4.7
2022-12-31 04:00:00,1007.0,2.8
2022-12-31 05:00:00,1011.0,2.9
2022-12-31 06:00:00,1056.0,2.2
2022-12-31 07:00:00,1123.0,2.3
2022-12-31 08:00:00,1478.0,2.5
2022-12-31 09:00:00,1771.0,2.8
2022-12-31 10:00:00,1838.0,2.7
2022-12-31 11:00:00,1872.0,3.6
2022-12-31 12:00:00,1833.0,4.2
2022-12-31 13:00:00,1647.0,5.5
2022-12-31 14:00:00,1563.0,6.5
2022-12-31 15:00:00,1581.0,7.0
2022-12-31 16:00:00,1660.0,7.2
2022-12-31 17:00:00,1722.0,6.6
2022-12-31 18:00:00,1805.0,5.9
2022-12-31 19:00:00,1886.0,5.7
2022-12-31 20:00:00,1852.0,5.9
2022-12-31 21:00:00,1739.0,5.7
2022-12-31 22:00:00,1511.0,5.8
2022-12-31 23:00:00,1290.0,5.6
2023-01-01 00:00:00,1232.0,5.4
2023-01-01 01:00:00,1111.0,5.3
2023-01-01 02:00:00,1024.0,5.6
2023-01-01 03:00:00,973.0,5.2
2023-01-01 04:00:00,971.0,5.4
2023-01-01 05:00:00,965.0,5.4
2023-01-01 06:00:00,977.0,5.1
2023-01-01 07:00:00,1041.0,5.1
2023-01-01 08:00:00,1268.0,4.7
2023-01-01 09:00:00,1589.0,5.0
2023-01-01 10:00:00,1692.0,5.4
2023-01-01 11:00:00,1692.0,6.0
2023-01-01 12:00:00,1698.0,6.0
2023-01-01 13:00:00,1633.0,6.3
2023-01-01 14:00:00,1656.0,6.1
2023-01-01 15:00:00,1628.0,6.6
2023-01-01 16:00:00,1704.0,6.4
2023-01-01 17:00:00,1795.0,5.8
2023-01-01 18:00:00,1778.0,5.6
2023-01-01 19:00:00,1846.0,5.4
2023-01-01 20:00:00,1819.0,5.3
2023-01-01 21:00:00,1730.0,5.3
2023-01-01 22:00:00,1609.0,5.2
2023-01-01 23:00:00,1284.0,5.2
2023-01-02 00:00:00,1186.0,5.0
2023-01-02 01:00:00,1075.0,5.1
2023-01-02 02:00:00,996.0,4.9
2023-01-02 03:00:00,951.0,4.8
2023-01-02 04:00:00,933.0,4.7
2023-01-02 05:00:00,942.0,4.6
2023-01-02 06:00:00,980.0,4.6
2023-01-02 07:00:00,1062.0,4.6
2023-01-02 08:00:00,1324.0,4.9
2023-01-02 09:00:00,1665.0,5.2
2023-01-02 10:00:00,1788.0,5.3
2023-01-02 11:00:00,1829.0,5.9
2023-01-02 12:00:00,1731.0,6.7
2023-01-02 13:00:00,1743.0,7.5
2023-01-02 14:00:00,1746.0,7.6
2023-01-02 15:00:00,1752.0,7.5
2023-01-02 16:00:00,1781.0,8.1
2023-01-02 17:00:00,1871.0,7.7
2023-01-02 18:00:00,1895.0,7.2
2023-01-02 19:00:00,1961.0,7.0
2023-01-02 20:00:00,1946.0,6.8
2023-01-02 21:00:00,1827.0,6.4
2023-01-02 22:00:00,1549.0,6.1
2023-01-02 23:00:00,1431.0,5.9
2023-01-03 00:00:00,1200.0,6.0
2023-01-03 01:00:00,1085.0,6.0
2023-01-03 02:00:00,1033.0,6.1
2023-01-03 03:00:00,1004.0,6.2
2023-01-03 04:00:00,971.0,6.3
2023-01-03 05:00:00,956.0,6.4
2023-01-03 06:00:00,987.0,6.1
2023-01-03 07:00:00,1096.0,5.9
2023-01-03 08:00:00,1496.0,5.4
2023-01-03 09:00:00,1776.0,5.7
2023-01-03 10:00:00,1905.0,7.1
2023-01-03 11:00:00,1895.0,8.0
2023-01-03 12:00:00,1759.0,9.4
2023-01-03 13:00:00,1734.0,10.6
2023-01-03 14:00:00,1738.0,10.7
2023-01-03 15:00:00,1742.0,10.7
2023-01-03 16:00:00,1810.0,10.0
2023-01-03 17:00:00,1886.0,9.7
2023-01-03 18:00:00,1840.0,9.3
2023-01-03 19:00:00,1960.0,8.9
2023-01-03 20:00:00,1915.0,8.0
2023-01-03 21:00:00,1811.0,7.8
2023-01-03 22:00:00,1617.0,7.3
2023-01-03 23:00:00,1353.0,6.9
2023-01-04 00:00:00,1250.0,7.4
2023-01-04 01:00:00,1144.0,6.3
2023-01-04 02:00:00,1084.0,6.6
2023-01-04 03:00:00,1041.0,7.0
2023-01-04 04:00:00,1026.0,6.3
2023-01-04 05:00:00,1029.0,6.0
2023-01-04 06:00:00,1079.0,5.8
2023-01-04 07:00:00,1167.0,5.5
2023-01-04 08:00:00,1436.0,6.5
2023-01-04 09:00:00,1856.0,6.5
2023-01-04 10:00:00,1934.0,7.1
2023-01-04 11:00:00,1963.0,7.2
2023-01-04 12:00:00,1860.0,7.6
2023-01-04 13:00:00,1831.0,9.2
2023-01-04 14:00:00,1817.0,9.4
2023-01-04 15:00:00,1839.0,10.2
2023-01-04 16:00:00,1891.0,10.0
2023-01-04 17:00:00,1919.0,9.3
2023-01-04 18:00:00,1914.0,8.9
2023-01-04 19:00:00,1975.0,8.2
2023-01-04 20:00:00,1935.0,7.7
2023-01-04 21:00:00,1803.0,7.8
2023-01-04 22:00:00,1564.0,7.4
2023-01-04 23:00:00,1326.0,7.0
2023-01-05 00:00:00,1221.0,7.2
2023-01-05 01:00:00,1114.0,7.4
2023-01-05 02:00:00,1044.0,7.1
2023-01-05 03:00:00,1021.0,6.8
2023-01-05 04:00:00,977.0,6.9
2023-01-05 05:00:00,988.0,6.9
2023-01-05 06:00:00,1055.0,6.7
2023-01-05 07:00:00,1138.0,6.0
2023-01-05 08:00:00,1527.0,6.3
2023-01-05 09:00:00,1867.0,7.1
2023-01-05 10:00:00,1887.0,8.4
2023-01-05 11:00:00,1885.0,9.6
2023-01-05 12:00:00,1786.0,9.5
2023-01-05 13:00:00,1773.0,10.1
2023-01-05 14:00:00,1810.0,10.5
2023-01-05 15:00:00,1801.0,10.4
2023-01-05 16:00:00,1909.0,10.3
2023-01-05 17:00:00,1904.0,10.0
2023-01-05 18:00:00,1898.0,9.5
2023-01-05 19:00:00,1949.0,9.4
2023-01-05 20:00:00,1917.0,9.1
2023-01-05 21:00:00,1800.0,8.9
2023-01-05 22:00:00,1563.0,8.9
2023-01-05 23:00:00,1334.0,8.3
2023-01-06 00:00:00,1229.0,7.7
2023-01-06 01:00:00,1142.0,7.2
2023-01-06 02:00:00,1068.0,6.5
2023-01-06 03:00:00,1042.0,6.1
2023-01-06 04:00:00,1029.0,6.4
2023-01-06 05:00:00,1021.0,5.6
2023-01-06 06:00:00,1080.0,4.2
2023-01-06 07:00:00,1175.0,4.4
2023-01-06 08:00:00,1603.0,4.7
2023-01-06 09:00:00,1866.0,4.9
2023-01-06 10:00:00,1839.0,7.1
2023-01-06 11:00:00,1759.0,10.7
2023-01-06 12:00:00,1602.0,13.5
2023-01-06 13:00:00,1571.0,15.3
2023-01-06 14:00:00,1551.0,16.9
2023-01-06 15:00:00,1532.0,17.8
2023-01-06 16:00:00,1608.0,18.1
2023-01-06 17:00:00,1664.0,17.3
2023-01-06 18:00:00,1685.0,15.5
2023-01-06 19:00:00,1825.0,15.0
2023-01-06 20:00:00,1812.0,14.2
2023-01-06 21:00:00,1715.0,13.6
2023-01-06 22:00:00,1501.0,13.3
2023-01-06 23:00:00,1275.0,13.2
2023-01-07 00:00:00,1182.0,10.8
2023-01-07 01:00:00,1076.0,9.4
2023-01-07 02:00:00,1021.0,8.4
2023-01-07 03:00:00,975.0,8.1
2023-01-07 04:00:00,986.0,7.6
2023-01-07 05:00:00,975.0,6.7
2023-01-07 06:00:00,1030.0,7.0
2023-01-07 07:00:00,1125.0,6.6
2023-01-07 08:00:00,1502.0,6.9
2023-01-07 09:00:00,1693.0,7.3
2023-01-07 10:00:00,1621.0,9.8
2023-01-07 11:00:00,1574.0,12.9
2023-01-07 12:00:00,1417.0,15.7
2023-01-07 13:00:00,1406.0,17.3
2023-01-07 14:00:00,1400.0,19.6
2023-01-07 15:00:00,1417.0,20.0
2023-01-07 16:00:00,1506.0,20.5
2023-01-07 17:00:00,1581.0,18.3
2023-01-07 18:00:00,1629.0,15.8
2023-01-07 19:00:00,1771.0,15.2
2023-01-07 20:00:00,1746.0,14.7
2023-01-07 21:00:00,1656.0,13.7
2023-01-07 22:00:00,1468.0,12.7
2023-01-07 23:00:00,1262.0,13.4
2023-01-08 00:00:00,1188.0,12.7
2023-01-08 01:00:00,1093.0,12.1
2023-01-08 02:00:00,1020.0,10.4
2023-01-08 03:00:00,990.0,10.6
2023-01-08 04:00:00,967.0,11.1
2023-01-08 05:00:00,983.0,10.5
2023-01-08 06:00:00,1030.0,9.3
2023-01-08 07:00:00,1097.0,7.7
2023-01-08 08:00:00,1485.0,7.8
2023-01-08 09:00:00,1630.0,7.9
2023-01-08 10:00:00,1555.0,10.2
2023-01-08 11:00:00,1497.0,13.6
2023-01-08 12:00:00,1376.0,16.8
2023-01-08 13:00:00,1334.0,19.9
2023-01-08 14:00:00,1339.0,21.6
2023-01-08 15:00:00,1361.0,21.8
2023-01-08 16:00:00,1466.0,21.4
2023-01-08 17:00:00,1528.0,19.1
2023-01-08 18:00:00,1568.0,16.8
2023-01-08 19:00:00,1703.0,15.9
2023-01-08 20:00:00,1692.0,15.3
2023-01-08 21:00:00,1610.0,14.5
2023-01-08 22:00:00,1409.0,14.5
2023-01-08 23:00:00,1204.0,14.5
2023-01-09 00:00:00,1137.0,14.1
2023-01-09 01:00:00,1044.0,13.1
2023-01-09 02:00:00,995.0,12.7
2023-01-09 03:00:00,948.0,11.2
2023-01-09 04:00:00,925.0,9.5
2023-01-09 05:00:00,935.0,9.3
2023-01-09 06:00:00,995.0,9.1
2023-01-09 07:00:00,1100.0,8.5
2023-01-09 08:00:00,1529.0,8.0
2023-01-09 09:00:00,1719.0,9.6
2023-01-09 10:00:00,1661.0,11.8
2023-01-09 11:00:00,1596.0,13.7
2023-01-09 12:00:00,1454.0,16.3
2023-01-09 13:00:00,1414.0,18.1
2023-01-09 14:00:00,1429.0,18.8
2023-01-09 15:00:00,1432.0,19.1
2023-01-09 16:00:00,1557.0,17.7
2023-01-09 17:00:00,1596.0,16.0
2023-01-09 18:00:00,1612.0,14.8
2023-01-09 19:00:00,1733.0,14.1
2023-01-09 20:00:00,1725.0,13.7
2023-01-09 21:00:00,1617.0,12.5
2023-01-09 22:00:00,1415.0,11.5
2023-01-09 23:00:00,1219.0,9.7
2023-01-10 00:00:00,1161.0,9.2
2023-01-10 01:00:00,1064.0,7.9
2023-01-10 02:00:00,1003.0,7.9
2023-01-10 03:00:00,958.0,7.3
2023-01-10 04:00:00,946.0,6.8
2023-01-10 05:00:00,954.0,6.4
2023-01-10 06:00:00,989.0,5.8
2023-01-10 07:00:00,1095.0,5.5
2023-01-10 08:00:00,1522.0,5.1
2023-01-10 09:00:00,1748.0,5.9
2023-01-10 10:00:00,1722.0,7.5
2023-01-10 11:00:00,1681.0,9.2
2023-01-10 12:00:00,1537.0,11.5
2023-01-10 13:00:00,1517.0,12.6
2023-01-10 14:00:00,1507.0,12.8
2023-01-10 15:00:00,1502.0,13.4
2023-01-10 16:00:00,1623.0,13.7
2023-01-10 17:00:00,1690.0,11.6
2023-01-10 18:00:00,1695.0,9.1
2023-01-10 19:00:00,1819.0,8.7
2023-01-10 20:00:00,1795.0,8.3
2023-01-10 21:00:00,1688.0,8.4
2023-01-10 22:00:00,1478.0,8.2
2023-01-10 23:00:00,1263.0,8.2
2023-01-11 00:00:00,1169.0,8.1
2023-01-11 01:00:00,1050.0,8.0
2023-01-11 02:00:00,1005.0,7.0
2023-01-11 03:00:00,948.0,7.1
2023-01-11 04:00:00,950.0,6.5
2023-01-11 05:00:00,941.0,6.3
2023-01-11 06:00:00,1005.0,5.8
2023-01-11 07:00:00,1113.0,4.6
2023-01-11 08:00:00,1513.0,4.6
2023-01-11 09:00:00,1761.0,5.1
2023-01-11 10:00:00,1751.0,5.9
2023-01-11 11:00:00,1715.0,8.7
2023-01-11 12:00:00,1554.0,10.8
2023-01-11 13:00:00,1507.0,12.9
2023-01-11 14:00:00,1488.0,13.6
2023-01-11 15:00:00,1508.0,14.3
2023-01-11 16:00:00,1616.0,13.9
2023-01-11 17:00:00,1673.0,12.4
2023-01-11 18:00:00,1678.0,10.8
2023-01-11 19:00:00,1835.0,11.3
2023-01-11 20:00:00,1807.0,11.5
2023-01-11 21:00:00,1720.0,11.4
2023-01-11 22:00:00,1490.0,11.7
2023-01-11 23:00:00,1251.0,10.6
2023-01-12 00:00:00,1165.0,10.3
2023-01-12 01:00:00,1046.0,10.8
2023-01-12 02:00:00,978.0,9.8
2023-01-12 03:00:00,936.0,10.3
2023-01-12 04:00:00,915.0,9.3
2023-01-12 05:00:00,924.0,9.7
2023-01-12 06:00:00,973.0,9.5
2023-01-12 07:00:00,1081.0,9.3
2023-01-12 08:00:00,1430.0,9.4
2023-01-12 09:00:00,1651.0,10.7
2023-01-12 10:00:00,1642.0,11.4
2023-01-12 11:00:00,1599.0,12.8
2023-01-12 12:00:00,1522.0,15.7
2023-01-12 13:00:00,1483.0,16.9
2023-01-12 14:00:00,1463.0,18.1
2023-01-12 15:00:00,1460.0,18.8
2023-01-12 16:00:00,1584.0,19.4
2023-01-12 17:00:00,1634.0,17.7
2023-01-12 18:00:00,1681.0,17.5
2023-01-12 19:00:00,1819.0,17.2
2023-01-12 20:00:00,1737.0,16.9
2023-01-12 21:00:00,1642.0,16.2
2023-01-12 22:00:00,1428.0,13.6
2023-01-12 23:00:00,1211.0,12.5
2023-01-13 00:00:00,1109.0,11.7
2023-01-13 01:00:00,1018.0,11.1
2023-01-13 02:00:00,953.0,11.2
2023-01-13 03:00:00,900.0,11.4
2023-01-13 04:00:00,896.0,11.2
2023-01-13 05:00:00,894.0,11.0
2023-01-13 06:00:00,949.0,10.8
2023-01-13 07:00:00,1038.0,10.5
2023-01-13 08:00:00,1367.0,10.1
2023-01-13 09:00:00,1659.0,9.7
2023-01-13 10:00:00,1680.0,9.5
2023-01-13 11:00:00,1690.0,9.6
2023-01-13 12:00:00,1615.0,9.5
2023-01-13 13:00:00,1609.0,9.2
2023-01-13 14:00:00,1626.0,9.1
2023-01-13 15:00:00,1636.0,9.2
2023-01-13 16:00:00,1738.0,9.1
2023-01-13 17:00:00,1773.0,9.0
2023-01-13 18:00:00,1782.0,8.7
2023-01-13 19:00:00,1838.0,8.1
2023-01-13 20:00:00,1788.0,8.0
2023-01-13 21:00:00,1707.0,8.1
2023-01-13 22:00:00,1505.0,8.2
2023-01-13 23:00:00,1275.0,8.6
2023-01-14 00:00:00,1154.0,9.2
2023-01-14 01:00:00,1044.0,9.2
2023-01-14 02:00:00,977.0,8.8
2023-01-14 03:00:00,946.0,8.2
2023-01-14 04:00:00,918.0,8.5
2023-01-14 05:00:00,916.0,8.8
2023-01-14 06:00:00,958.0,8.2
2023-01-14 07:00:00,1028.0,7.8
2023-01-14 08:00:00,1359.0,7.3
2023-01-14 09:00:00,1681.0,6.9
2023-01-14 10:00:00,1747.0,6.6
2023-01-14 11:00:00,1791.0,6.2
2023-01-14 12:00:00,1718.0,6.3
2023-01-14 13:00:00,1705.0,5.8
2023-01-14 14:00:00,1713.0,5.4
2023-01-14 15:00:00,1740.0,3.7
2023-01-14 16:00:00,1855.0,2.8
2023-01-14 17:00:00,1905.0,2.2
2023-01-14 18:00:00,1916.0,1.6
2023-01-14 19:00:00,1954.0,0.8
2023-01-14 20:00:00,1938.0,0.4
2023-01-14 21:00:00,1841.0,0.4
2023-01-14 22:00:00,1670.0,0.3
2023-01-14 23:00:00,1412.0,0.2
2023-01-15 00:00:00,1287.0,0.2
2023-01-15 01:00:00,1159.0,-0.1
2023-01-15 02:00:00,1062.0,-0.1
2023-01-15 03:00:00,1024.0,-0.4
2023-01-15 04:00:00,1019.0,-0.5
2023-01-15 05:00:00,993.0,-0.8
2023-01-15 06:00:00,1031.0,-1.0
2023-01-15 07:00:00,1107.0,-0.8
2023-01-15 08:00:00,1428.0,-0.9
2023-01-15 09:00:00,1794.0,-0.9
2023-01-15 10:00:00,1911.0,-0.6
2023-01-15 11:00:00,1893.0,-0.3
2023-01-15 12:00:00,1854.0,0.0
2023-01-15 13:00:00,1833.0,0.0
2023-01-15 14:00:00,1812.0,0.2
2023-01-15 15:00:00,1836.0,0.0
2023-01-15 16:00:00,1906.0,0.1
2023-01-15 17:00:00,1924.0,0.2
2023-01-15 18:00:00,1911.0,0.1
2023-01-15 19:00:00,2023.0,0.1
2023-01-15 20:00:00,2015.0,-0.1
2023-01-15 21:00:00,1959.0,-0.3
2023-01-15 22:00:00,1781.0,-0.4
2023-01-15 23:00:00,1514.0,-0.5
2023-01-16 00:00:00,1316.0,-0.8
2023-01-16 01:00:00,1160.0,-0.5
2023-01-16 02:00:00,1049.0,-0.3
2023-01-16 03:00:00,1007.0,-0.3
2023-01-16 04:00:00,968.0,-0.3
2023-01-16 05:00:00,964.0,-0.4
2023-01-16 06:00:00,992.0,-0.4
2023-01-16 07:00:00,1105.0,-0.7
2023-01-16 08:00:00,1505.0,-0.8
2023-01-16 09:00:00,1868.0,-0.3
2023-01-16 10:00:00,1918.0,0.5
2023-01-16 11:00:00,1945.0,0.9
2023-01-16 12:00:00,1859.0,1.4
2023-01-16 13:00:00,1875.0,1.5
2023-01-16 14:00:00,1848.0,1.8
2023-01-16 15:00:00,1841.0,1.5
2023-01-16 16:00:00,1929.0,1.6
2023-01-16 17:00:00,1956.0,1.3
2023-01-16 18:00:00,1941.0,0.9
2023-01-16 19:00:00,2039.0,0.8
2023-01-16 20:00:00,2056.0,0.7
2023-01-16 21:00:00,2032.0,0.9
2023-01-16 22:00:00,1847.0,0.9
2023-01-16 23:00:00,1533.0,0.7
2023-01-17 00:00:00,1355.0,0.7
2023-01-17 01:00:00,1154.0,0.7
2023-01-17 02:00:00,1051.0,0.5
2023-01-17 03:00:00,997.0,0.3
2023-01-17 04:00:00,970.0,0.3
2023-01-17 05:00:00,958.0,0.3
2023-01-17 06:00:00,997.0,0.3
2023-01-17 07:00:00,1100.0,0.4
2023-01-17 08:00:00,1492.0,0.6
2023-01-17 09:00:00,1825.0,1.2
2023-01-17 10:00:00,1854.0,2.0
2023-01-17 11:00:00,1838.0,3.3
2023-01-17 12:00:00,1727.0,4.8
2023-01-17 13:00:00,1652.0,6.2
2023-01-17 14:00:00,1614.0,7.0
2023-01-17 15:00:00,1593.0,8.2
2023-01-17 16:00:00,1743.0,7.2
2023-01-17 17:00:00,1844.0,6.1
2023-01-17 18:00:00,1868.0,4.8
2023-01-17 19:00:00,2012.0,4.4
2023-01-17 20:00:00,1977.0,4.2
2023-01-17 21:00:00,1966.0,4.4
2023-01-17 22:00:00,1797.0,3.4
2023-01-17 23:00:00,1495.0,2.8
2023-01-18 00:00:00,1302.0,2.3
2023-01-18 01:00:00,1123.0,3.6
2023-01-18 02:00:00,1017.0,1.6
2023-01-18 03:00:00,952.0,1.6
2023-01-18 04:00:00,933.0,1.9
2023-01-18 05:00:00,924.0,1.8
2023-01-18 06:00:00,948.0,-0.3
2023-01-18 07:00:00,1054.0,-1.1
2023-01-18 08:00:00,1488.0,-0.3
2023-01-18 09:00:00,1743.0,3.2
2023-01-18 10:00:00,1670.0,4.1
2023-01-18 11:00:00,1584.0,6.5
2023-01-18 12:00:00,1500.0,8.9
2023-01-18 13:00:00,1505.0,9.6
2023-01-18 14:00:00,1506.0,10.7
2023-01-18 15:00:00,1530.0,9.8
2023-01-18 16:00:00,1702.0,9.4
2023-01-18 17:00:00,1812.0,7.9
2023-01-18 18:00:00,1774.0,6.7
2023-01-18 19:00:00,1947.0,5.9
2023-01-18 20:00:00,1921.0,6.2
2023-01-18 21:00:00,1881.0,6.1
2023-01-18 22:00:00,1727.0,5.9
2023-01-18 23:00:00,1436.0,5.8
2023-01-19 00:00:00,1229.0,6.0
2023-01-19 01:00:00,1055.0,6.0
2023-01-19 02:00:00,917.0,5.5
2023-01-19 03:00:00,873.0,5.5
2023-01-19 04:00:00,835.0,5.5
2023-01-19 05:00:00,822.0,5.2
2023-01-19 06:00:00,873.0,4.6
2023-01-19 07:00:00,957.0,4.1
2023-01-19 08:00:00,1361.0,3.3
2023-01-19 09:00:00,1574.0,4.4
2023-01-19 10:00:00,1574.0,6.5
2023-01-19 11:00:00,1543.0,9.1
2023-01-19 12:00:00,1466.0,10.4
2023-01-19 13:00:00,1391.0,12.2
2023-01-19 14:00:00,1354.0,13.3
2023-01-19 15:00:00,1351.0,14.0
2023-01-19 16:00:00,1433.0,13.3
2023-01-19 17:00:00,1614.0,11.8
2023-01-19 18:00:00,1684.0,9.1
2023-01-19 19:00:00,1903.0,8.0
2023-01-19 20:00:00,1894.0,7.6
2023-01-19 21:00:00,1809.0,8.7
2023-01-19 22:00:00,1678.0,8.6
2023-01-19 23:00:00,1386.0,6.2
2023-01-20 00:00:00,1182.0,5.6
2023-01-20 01:00:00,986.0,6.1
2023-01-20 02:00:00,866.0,5.8
2023-01-20 03:00:00,813.0,5.8
2023-01-20 04:00:00,803.0,6.9
2023-01-20 05:00:00,788.0,6.6
2023-01-20 06:00:00,809.0,2.8
2023-01-20 07:00:00,911.0,2.6
2023-01-20 08:00:00,1320.0,5.7
2023-01-20 09:00:00,1534.0,4.4
2023-01-20 10:00:00,1542.0,3.5
2023-01-20 11:00:00,1543.0,4.6
2023-01-20 12:00:00,1516.0,6.0
2023-01-20 13:00:00,1495.0,6.9
2023-01-20 14:00:00,1482.0,7.8
2023-01-20 15:00:00,1453.0,8.6
2023-01-20 16:00:00,1535.0,8.3
2023-01-20 17:00:00,1525.0,7.8
2023-01-20 18:00:00,1568.0,7.6
2023-01-20 19:00:00,1748.0,7.3
2023-01-20 20:00:00,1811.0,7.2
2023-01-20 21:00:00,1817.0,7.2
2023-01-20 22:00:00,1689.0,7.3
2023-01-20 23:00:00,1392.0,7.2
2023-01-21 00:00:00,1151.0,7.3
2023-01-21 01:00:00,923.0,7.5
2023-01-21 02:00:00,814.0,6.8
2023-01-21 03:00:00,759.0,5.8
2023-01-21 04:00:00,761.0,5.5
2023-01-21 05:00:00,837.0,5.5
2023-01-21 06:00:00,979.0,5.5
2023-01-21 07:00:00,1118.0,6.0
2023-01-21 08:00:00,1346.0,5.7
2023-01-21 09:00:00,1463.0,5.8
2023-01-21 10:00:00,1458.0,5.8
2023-01-21 11:00:00,1445.0,6.4
2023-01-21 12:00:00,1414.0,6.5
2023-01-21 13:00:00,1415.0,6.9
2023-01-21 14:00:00,1442.0,6.6
2023-01-21 15:00:00,1438.0,6.4
2023-01-21 16:00:00,1526.0,6.1
2023-01-21 17:00:00,1577.0,5.7
2023-01-21 18:00:00,1699.0,5.0
2023-01-21 19:00:00,1864.0,4.9
2023-01-21 20:00:00,1952.0,5.0
2023-01-21 21:00:00,1859.0,5.2
2023-01-21 22:00:00,1785.0,4.8
2023-01-21 23:00:00,1679.0,4.7
2023-01-22 00:00:00,1541.0,4.5
2023-01-22 01:00:00,1124.0,4.2
2023-01-22 02:00:00,883.0,3.8
2023-01-22 03:00:00,798.0,3.5
2023-01-22 04:00:00,771.0,3.4
2023-01-22 05:00:00,748.0,3.4
2023-01-22 06:00:00,770.0,3.4
2023-01-22 07:00:00,831.0,3.4
2023-01-22 08:00:00,1062.0,3.4
2023-01-22 09:00:00,1327.0,3.7
2023-01-22 10:00:00,1373.0,4.1
2023-01-22 11:00:00,1344.0,4.6
2023-01-22 12:00:00,1296.0,5.0
2023-01-22 13:00:00,1268.0,5.2
2023-01-22 14:00:00,1276.0,5.7
2023-01-22 15:00:00,1275.0,6.2
2023-01-22 16:00:00,1321.0,6.4
2023-01-22 17:00:00,1332.0,6.1
2023-01-22 18:00:00,1365.0,5.7
2023-01-22 19:00:00,1563.0,5.4
2023-01-22 20:00:00,1634.0,5.2
2023-01-22 21:00:00,1600.0,5.1
2023-01-22 22:00:00,1494.0,5.2
2023-01-22 23:00:00,1290.0,5.1
2023-01-23 00:00:00,1095.0,5.2
2023-01-23 01:00:00,913.0,4.9
2023-01-23 02:00:00,797.0,4.8
2023-01-23 03:00:00,730.0,5.0
2023-01-23 04:00:00,707.0,5.0
2023-01-23 05:00:00,684.0,5.1
2023-01-23 06:00:00,703.0,5.3
2023-01-23 07:00:00,787.0,5.2
2023-01-23 08:00:00,1108.0,5.2
2023-01-23 09:00:00,1444.0,5.1
2023-01-23 10:00:00,1459.0,5.6
2023-01-23 11:00:00,1376.0,6.2
2023-01-23 12:00:00,1313.0,6.7
2023-01-23 13:00:00,1270.0,7.3
2023-01-23 14:00:00,1279.0,8.1
2023-01-23 15:00:00,1281.0,7.9
2023-01-23 16:00:00,1325.0,7.5
2023-01-23 17:00:00,1361.0,7.4
2023-01-23 18:00:00,1405.0,7.6
2023-01-23 19:00:00,1645.0,7.8
2023-01-23 20:00:00,1687.0,7.9
2023-01-23 21:00:00,1705.0,8.2
2023-01-23 22:00:00,1613.0,8.0
2023-01-23 23:00:00,1401.0,7.7
2023-01-24 00:00:00,1218.0,7.3
2023-01-24 01:00:00,1011.0,6.7
2023-01-24 02:00:00,852.0,5.6
2023-01-24 03:00:00,775.0,5.0
2023-01-24 04:00:00,742.0,4.2
2023-01-24 05:00:00,733.0,3.4
2023-01-24 06:00:00,756.0,2.8
2023-01-24 07:00:00,824.0,2.4
2023-01-24 08:00:00,1185.0,1.0
2023-01-24 09:00:00,1447.0,2.9
2023-01-24 10:00:00,1431.0,3.5
2023-01-24 11:00:00,1405.0,4.8
2023-01-24 12:00:00,1312.0,5.2
2023-01-24 13:00:00,1209.0,5.8
2023-01-24 14:00:00,1213.0,6.7
2023-01-24 15:00:00,1224.0,6.4
2023-01-24 16:00:00,1298.0,5.6
2023-01-24 17:00:00,1374.0,4.2
2023-01-24 18:00:00,1464.0,2.6
2023-01-24 19:00:00,1725.0,1.3
2023-01-24 20:00:00,1779.0,1.5
2023-01-24 21:00:00,1807.0,0.8
2023-01-24 22:00:00,1708.0,-0.1
2023-01-24 23:00:00,1475.0,0.0
2023-01-25 00:00:00,1271.0,0.8
2023-01-25 01:00:00,1051.0,0.6
2023-01-25 02:00:00,898.0,0.4
2023-01-25 03:00:00,833.0,-0.4
2023-01-25 04:00:00,789.0,-0.5
2023-01-25 05:00:00,777.0,-1.7
2023-01-25 06:00:00,787.0,-1.9
2023-01-25 07:00:00,866.0,-1.4
2023-01-25 08:00:00,1223.0,-1.7
2023-01-25 09:00:00,1502.0,0.8
2023-01-25 10:00:00,1456.0,2.7
2023-01-25 11:00:00,1404.0,4.0
2023-01-25 12:00:00,1322.0,5.7
2023-01-25 13:00:00,1282.0,6.9
2023-01-25 14:00:00,1321.0,6.7
2023-01-25 15:00:00,1397.0,5.6
2023-01-25 16:00:00,1500.0,5.3
2023-01-25 17:00:00,1521.0,4.7
2023-01-25 18:00:00,1589.0,4.3
2023-01-25 19:00:00,1754.0,4.2
2023-01-25 20:00:00,1821.0,4.2
2023-01-25 21:00:00,1815.0,4.2
2023-01-25 22:00:00,1685.0,4.4
2023-01-25 23:00:00,1461.0,4.4
2023-01-26 00:00:00,1299.0,4.4
2023-01-26 01:00:00,1081.0,4.6
2023-01-26 02:00:00,925.0,4.6
2023-01-26 03:00:00,875.0,3.7
2023-01-26 04:00:00,832.0,3.7
2023-01-26 05:00:00,814.0,3.4
2023-01-26 06:00:00,847.0,3.5
2023-01-26 07:00:00,890.0,3.6
2023-01-26 08:00:00,1209.0,3.7
2023-01-26 09:00:00,1509.0,4.1
2023-01-26 10:00:00,1569.0,4.4
2023-01-26 11:00:00,1558.0,4.8
2023-01-26 12:00:00,1497.0,5.4
2023-01-26 13:00:00,1449.0,5.7
2023-01-26 14:00:00,1493.0,5.7
2023-01-26 15:00:00,1488.0,5.4
2023-01-26 16:00:00,1497.0,5.5
2023-01-26 17:00:00,1536.0,5.4
2023-01-26 18:00:00,1557.0,4.9
2023-01-26 19:00:00,1784.0,4.5
2023-01-26 20:00:00,1863.0,4.2
2023-01-26 21:00:00,1828.0,4.1
2023-01-26 22:00:00,1698.0,4.0
2023-01-26 23:00:00,1470.0,4.1
2023-01-27 00:00:00,1264.0,3.9
2023-01-27 01:00:00,1062.0,3.8
2023-01-27 02:00:00,933.0,3.9
2023-01-27 03:00:00,882.0,3.9
2023-01-27 04:00:00,840.0,2.9
2023-01-27 05:00:00,844.0,2.6
2023-01-27 06:00:00,866.0,2.2
2023-01-27 07:00:00,944.0,1.9
2023-01-27 08:00:00,1287.0,1.5
2023-01-27 09:00:00,1511.0,3.5
2023-01-27 10:00:00,1491.0,6.4
2023-01-27 11:00:00,1411.0,9.0
2023-01-27 12:00:00,1317.0,10.0
2023-01-27 13:00:00,1249.0,10.2
2023-01-27 14:00:00,1256.0,11.2
2023-01-27 15:00:00,1282.0,9.8
2023-01-27 16:00:00,1365.0,8.5
2023-01-27 17:00:00,1455.0,7.5
2023-01-27 18:00:00,1548.0,5.7
2023-01-27 19:00:00,1797.0,4.1
2023-01-27 20:00:00,1850.0,4.0
2023-01-27 21:00:00,1833.0,3.5
2023-01-27 22:00:00,1671.0,3.0
2023-01-27 23:00:00,1410.0,4.1
2023-01-28 00:00:00,1213.0,4.0
2023-01-28 01:00:00,1032.0,3.6
2023-01-28 02:00:00,919.0,2.4
2023-01-28 03:00:00,866.0,1.6
2023-01-28 04:00:00,838.0,1.6
2023-01-28 05:00:00,827.0,0.9
2023-01-28 06:00:00,876.0,-0.5
2023-01-28 07:00:00,970.0,-0.3
2023-01-28 08:00:00,1369.0,-1.0
2023-01-28 09:00:00,1682.0,-0.1
2023-01-28 10:00:00,1666.0,3.2
2023-01-28 11:00:00,1586.0,5.8
2023-01-28 12:00:00,1471.0,8.5
2023-01-28 13:00:00,1391.0,9.8
2023-01-28 14:00:00,1368.0,11.6
2023-01-28 15:00:00,1369.0,11.6
2023-01-28 16:00:00,1469.0,11.2
2023-01-28 17:00:00,1517.0,9.9
2023-01-28 18:00:00,1576.0,7.4
2023-01-28 19:00:00,1831.0,7.0
2023-01-28 20:00:00,1872.0,6.8
2023-01-28 21:00:00,1868.0,5.8
2023-01-28 22:00:00,1684.0,5.6
2023-01-28 23:00:00,1410.0,4.8
2023-01-29 00:00:00,1240.0,4.4
2023-01-29 01:00:00,1076.0,4.2
2023-01-29 02:00:00,938.0,4.6
2023-01-29 03:00:00,887.0,4.4
2023-01-29 04:00:00,870.0,3.2
2023-01-29 05:00:00,864.0,0.5
2023-01-29 06:00:00,894.0,0.9
2023-01-29 07:00:00,1007.0,0.8
2023-01-29 08:00:00,1424.0,0.8
2023-01-29 09:00:00,1721.0,2.4
2023-01-29 10:00:00,1707.0,5.1
2023-01-29 11:00:00,1617.0,7.2
2023-01-29 12:00:00,1467.0,10.6
2023-01-29 13:00:00,1412.0,12.7
2023-01-29 14:00:00,1385.0,14.6
2023-01-29 15:00:00,1399.0,15.2
2023-01-29 16:00:00,1469.0,15.8
2023-01-29 17:00:00,1540.0,14.6
2023-01-29 18:00:00,1558.0,11.4
2023-01-29 19:00:00,1810.0,9.9
2023-01-29 20:00:00,1858.0,9.8
2023-01-29 21:00:00,1824.0,9.3
2023-01-29 22:00:00,1654.0,8.5
2023-01-29 23:00:00,1392.0,8.3
2023-01-30 00:00:00,1209.0,8.4
2023-01-30 01:00:00,1053.0,7.9
2023-01-30 02:00:00,937.0,7.7
2023-01-30 03:00:00,899.0,7.6
2023-01-30 04:00:00,873.0,4.1
2023-01-30 05:00:00,877.0,3.4
2023-01-30 06:00:00,893.0,4.7
2023-01-30 07:00:00,1015.0,4.1
2023-01-30 08:00:00,1464.0,3.7
2023-01-30 09:00:00,1710.0,4.8
2023-01-30 10:00:00,1680.0,8.5
2023-01-30 11:00:00,1569.0,11.3
2023-01-30 12:00:00,1399.0,15.1
2023-01-30 13:00:00,1342.0,17.2
2023-01-30 14:00:00,1363.0,18.4
2023-01-30 15:00:00,1345.0,20.8
2023-01-30 16:00:00,1431.0,20.5
2023-01-30 17:00:00,1482.0,18.6
2023-01-30 18:00:00,1500.0,15.4
2023-01-30 19:00:00,1729.0,13.2
2023-01-30 20:00:00,1779.0,12.2
2023-01-30 21:00:00,1739.0,11.7
2023-01-30 22:00:00,1559.0,11.7
2023-01-30 23:00:00,1309.0,11.5
2023-01-31 00:00:00,1155.0,11.8
2023-01-31 01:00:00,1009.0,10.2
2023-01-31 02:00:00,914.0,9.9
2023-01-31 03:00:00,869.0,9.7
2023-01-31 04:00:00,843.0,10.0
2023-01-31 05:00:00,842.0,10.0
2023-01-31 06:00:00,895.0,9.2
2023-01-31 07:00:00,1017.0,8.7
2023-01-31 08:00:00,1445.0,9.6
2023-01-31 09:00:00,1641.0,11.6
2023-01-31 10:00:00,1563.0,11.8
2023-01-31 11:00:00,1511.0,15.1
2023-01-31 12:00:00,1362.0,17.8
2023-01-31 13:00:00,1306.0,19.0
2023-01-31 14:00:00,1301.0,21.0
2023-01-31 15:00:00,1296.0,22.0
2023-01-31 16:00:00,1400.0,21.0
2023-01-31 17:00:00,1457.0,19.3
2023-01-31 18:00:00,1457.0,17.0
2023-01-31 19:00:00,1691.0,16.5
2023-01-31 20:00:00,1721.0,15.5
2023-01-31 21:00:00,1654.0,15.7
2023-01-31 22:00:00,1465.0,15.8
2023-01-31 23:00:00,1262.0,12.5
2023-02-01 00:00:00,1112.0,11.3
2023-02-01 01:00:00,992.0,12.4
2023-02-01 02:00:00,914.0,12.1
2023-02-01 03:00:00,872.0,12.5
2023-02-01 04:00:00,843.0,11.9
2023-02-01 05:00:00,826.0,11.5
2023-02-01 06:00:00,873.0,11.3
2023-02-01 07:00:00,988.0,10.5
2023-02-01 08:00:00,1353.0,10.7
2023-02-01 09:00:00,1626.0,11.5
2023-02-01 10:00:00,1660.0,11.9
2023-02-01 11:00:00,1672.0,12.9
2023-02-01 12:00:00,1548.0,13.6
2023-02-01 13:00:00,1529.0,13.9
2023-02-01 14:00:00,1557.0,13.7
2023-02-01 15:00:00,1563.0,13.5
2023-02-01 16:00:00,1649.0,13.7
2023-02-01 17:00:00,1675.0,13.2
2023-02-01 18:00:00,1655.0,12.3
2023-02-01 19:00:00,1785.0,11.7
2023-02-01 20:00:00,1810.0,11.2
2023-02-01 21:00:00,1683.0,10.4
2023-02-01 22:00:00,1502.0,10.0
2023-02-01 23:00:00,1278.0,9.6
2023-02-02 00:00:00,1171.0,9.1
2023-02-02 01:00:00,1049.0,8.6
2023-02-02 02:00:00,956.0,8.1
2023-02-02 03:00:00,940.0,7.5
2023-02-02 04:00:00,916.0,6.9
2023-02-02 05:00:00,894.0,6.2
2023-02-02 06:00:00,936.0,5.9
2023-02-02 07:00:00,1060.0,5.6
2023-02-02 08:00:00,1404.0,5.3
2023-02-02 09:00:00,1765.0,4.7
2023-02-02 10:00:00,1869.0,4.4
2023-02-02 11:00:00,1908.0,4.3
2023-02-02 12:00:00,1810.0,4.3
2023-02-02 13:00:00,1805.0,4.0
2023-02-02 14:00:00,1812.0,4.0
2023-02-02 15:00:00,1795.0,4.2
2023-02-02 16:00:00,1889.0,4.1
2023-02-02 17:00:00,1910.0,4.0
2023-02-02 18:00:00,1833.0,3.9
2023-02-02 19:00:00,1920.0,3.8
2023-02-02 20:00:00,1898.0,3.7
2023-02-02 21:00:00,1820.0,3.6
2023-02-02 22:00:00,1632.0,3.6
2023-02-02 23:00:00,1403.0,3.2
2023-02-03 00:00:00,1267.0,3.1
2023-02-03 01:00:00,1135.0,3.0
2023-02-03 02:00:00,1042.0,2.8
2023-02-03 03:00:00,985.0,2.5
2023-02-03 04:00:00,986.0,2.2
2023-02-03 05:00:00,972.0,2.1
2023-02-03 06:00:00,1014.0,2.0
2023-02-03 07:00:00,1104.0,1.8
2023-02-03 08:00:00,1480.0,1.7
2023-02-03 09:00:00,1848.0,2.0
2023-02-03 10:00:00,1936.0,2.6
2023-02-03 11:00:00,1970.0,2.7
2023-02-03 12:00:00,1891.0,1.9
2023-02-03 13:00:00,1891.0,1.8
2023-02-03 14:00:00,1893.0,1.2
2023-02-03 15:00:00,1892.0,1.7
2023-02-03 16:00:00,1952.0,2.0
2023-02-03 17:00:00,1965.0,2.1
2023-02-03 18:00:00,1869.0,2.1
2023-02-03 19:00:00,1977.0,2.1
2023-02-03 20:00:00,1977.0,2.1
2023-02-03 21:00:00,1913.0,2.1
2023-02-03 22:00:00,1676.0,2.2
2023-02-03 23:00:00,1416.0,2.1
2023-02-04 00:00:00,1267.0,2.2
2023-02-04 01:00:00,1117.0,2.3
2023-02-04 02:00:00,1024.0,2.2
2023-02-04 03:00:00,967.0,2.3
2023-02-04 04:00:00,963.0,2.4
2023-02-04 05:00:00,947.0,2.5
2023-02-04 06:00:00,982.0,2.6
2023-02-04 07:00:00,1081.0,2.8
2023-02-04 08:00:00,1452.0,2.8
2023-02-04 09:00:00,1738.0,3.3
2023-02-04 10:00:00,1771.0,3.7
2023-02-04 11:00:00,1824.0,4.7
2023-02-04 12:00:00,1741.0,4.9
2023-02-04 13:00:00,1745.0,5.6
2023-02-04 14:00:00,1761.0,5.2
2023-02-04 15:00:00,1770.0,5.4
2023-02-04 16:00:00,1857.0,5.1
2023-02-04 17:00:00,1894.0,4.8
2023-02-04 18:00:00,1827.0,4.4
2023-02-04 19:00:00,1928.0,4.4
2023-02-04 20:00:00,1930.0,4.3
2023-02-04 21:00:00,1871.0,4.2
2023-02-04 22:00:00,1645.0,4.1
2023-02-04 23:00:00,1401.0,4.2
2023-02-05 00:00:00,1281.0,4.3
2023-02-05 01:00:00,1142.0,4.2
2023-02-05 02:00:00,1058.0,4.1
2023-02-05 03:00:00,1005.0,3.9
2023-02-05 04:00:00,974.0,4.3
2023-02-05 05:00:00,967.0,4.3
2023-02-05 06:00:00,1009.0,4.0
2023-02-05 07:00:00,1107.0,4.0
2023-02-05 08:00:00,1385.0,4.9
2023-02-05 09:00:00,1654.0,5.3
2023-02-05 10:00:00,1730.0,5.6
2023-02-05 11:00:00,1728.0,8.2
2023-02-05 12:00:00,1618.0,8.6
2023-02-05 13:00:00,1635.0,8.5
2023-02-05 14:00:00,1631.0,8.3
2023-02-05 15:00:00,1651.0,7.9
2023-02-05 16:00:00,1738.0,7.5
2023-02-05 17:00:00,1752.0,6.9
2023-02-05 18:00:00,1702.0,6.8
2023-02-05 19:00:00,1881.0,6.7
2023-02-05 20:00:00,1914.0,6.6
2023-02-05 21:00:00,1871.0,6.1
2023-02-05 22:00:00,1636.0,6.0
2023-02-05 23:00:00,1384.0,5.7
2023-02-06 00:00:00,1255.0,5.7
2023-02-06 01:00:00,1114.0,5.7
2023-02-06 02:00:00,1036.0,5.7
2023-02-06 03:00:00,993.0,6.0
2023-02-06 04:00:00,976.0,5.9
2023-02-06 05:00:00,973.0,6.1
2023-02-06 06:00:00,1057.0,6.0
2023-02-06 07:00:00,1234.0,5.9
2023-02-06 08:00:00,1550.0,6.0
2023-02-06 09:00:00,1807.0,6.8
2023-02-06 10:00:00,1843.0,7.6
2023-02-06 11:00:00,1876.0,7.6
2023-02-06 12:00:00,1759.0,8.0
2023-02-06 13:00:00,1772.0,8.1
2023-02-06 14:00:00,1777.0,7.9
2023-02-06 15:00:00,1769.0,7.8
2023-02-06 16:00:00,1834.0,7.9
2023-02-06 17:00:00,1873.0,8.1
2023-02-06 18:00:00,1780.0,7.6
2023-02-06 19:00:00,1927.0,7.1
2023-02-06 20:00:00,1918.0,6.9
2023-02-06 21:00:00,1839.0,7.1
2023-02-06 22:00:00,1598.0,7.2
2023-02-06 23:00:00,1364.0,7.1
2023-02-07 00:00:00,1250.0,7.1
2023-02-07 01:00:00,1133.0,7.4
2023-02-07 02:00:00,1066.0,7.3
2023-02-07 03:00:00,1043.0,7.4
2023-02-07 04:00:00,1016.0,7.4
2023-02-07 05:00:00,1002.0,7.2
2023-02-07 06:00:00,1083.0,7.6
2023-02-07 07:00:00,1285.0,8.1
2023-02-07 08:00:00,1579.0,7.3
2023-02-07 09:00:00,1818.0,7.4
2023-02-07 10:00:00,1864.0,7.5
2023-02-07 11:00:00,1875.0,7.5
2023-02-07 12:00:00,1760.0,7.8
2023-02-07 13:00:00,1723.0,8.5
2023-02-07 14:00:00,1731.0,9.6
2023-02-07 15:00:00,1708.0,9.9
2023-02-07 16:00:00,1768.0,10.4
2023-02-07 17:00:00,1801.0,10.5
2023-02-07 18:00:00,1739.0,10.0
2023-02-07 19:00:00,1866.0,9.3
2023-02-07 20:00:00,1883.0,9.1
2023-02-07 21:00:00,1824.0,9.5
2023-02-07 22:00:00,1582.0,9.4
2023-02-07 23:00:00,1342.0,9.4
2023-02-08 00:00:00,1249.0,8.8
2023-02-08 01:00:00,1133.0,8.2
2023-02-08 02:00:00,1061.0,8.3
2023-02-08 03:00:00,997.0,7.8
2023-02-08 04:00:00,998.0,7.7
2023-02-08 05:00:00,988.0,7.5
2023-02-08 06:00:00,1072.0,7.7
2023-02-08 07:00:00,1244.0,7.6
2023-02-08 08:00:00,1527.0,7.5
2023-02-08 09:00:00,1827.0,7.7
2023-02-08 10:00:00,1877.0,7.9
2023-02-08 11:00:00,1892.0,8.1
2023-02-08 12:00:00,1765.0,8.1
2023-02-08 13:00:00,1767.0,8.0
2023-02-08 14:00:00,1776.0,7.9
2023-02-08 15:00:00,1785.0,7.9
2023-02-08 16:00:00,1862.0,8.0
2023-02-08 17:00:00,1914.0,7.7
2023-02-08 18:00:00,1835.0,7.8
2023-02-08 19:00:00,1914.0,7.8
2023-02-08 20:00:00,1900.0,8.0
2023-02-08 21:00:00,1795.0,8.0
2023-02-08 22:00:00,1563.0,7.9
2023-02-08 23:00:00,1336.0,7.8
2023-02-09 00:00:00,1259.0,7.8
2023-02-09 01:00:00,1160.0,7.5
2023-02-09 02:00:00,1095.0,7.3
2023-02-09 03:00:00,1066.0,7.0
2023-02-09 04:00:00,1031.0,6.2
2023-02-09 05:00:00,1032.0,5.9
2023-02-09 06:00:00,1106.0,5.4
2023-02-09 07:00:00,1289.0,5.3
2023-02-09 08:00:00,1571.0,4.9
2023-02-09 09:00:00,1931.0,5.0
2023-02-09 10:00:00,1921.0,5.1
2023-02-09 11:00:00,1909.0,5.5
2023-02-09 12:00:00,1742.0,5.9
2023-02-09 13:00:00,1732.0,6.5
2023-02-09 14:00:00,1691.0,8.4
2023-02-09 15:00:00,1712.0,8.8
2023-02-09 16:00:00,1766.0,8.6
2023-02-09 17:00:00,1855.0,8.1
2023-02-09 18:00:00,1796.0,7.3
2023-02-09 19:00:00,1923.0,6.9
2023-02-09 20:00:00,1908.0,6.7
2023-02-09 21:00:00,1857.0,6.4
2023-02-09 22:00:00,1623.0,6.3
2023-02-09 23:00:00,1394.0,6.2
2023-02-10 00:00:00,1291.0,6.1
2023-02-10 01:00:00,1179.0,5.8
2023-02-10 02:00:00,1105.0,5.9
2023-02-10 03:00:00,1078.0,5.9
2023-02-10 04:00:00,1035.0,5.7
2023-02-10 05:00:00,1033.0,5.3
2023-02-10 06:00:00,1125.0,5.0
2023-02-10 07:00:00,1303.0,5.0
2023-02-10 08:00:00,1588.0,5.1
2023-02-10 09:00:00,1887.0,5.0
2023-02-10 10:00:00,1913.0,5.4
2023-02-10 11:00:00,1918.0,5.8
2023-02-10 12:00:00,1809.0,6.3
2023-02-10 13:00:00,1804.0,6.4
2023-02-10 14:00:00,1793.0,6.3
2023-02-10 15:00:00,1803.0,6.4
2023-02-10 16:00:00,1900.0,6.0
2023-02-10 17:00:00,1914.0,6.0
2023-02-10 18:00:00,1851.0,5.6
2023-02-10 19:00:00,1970.0,5.2
2023-02-10 20:00:00,1911.0,5.1
2023-02-10 21:00:00,1848.0,5.1
2023-02-10 22:00:00,1642.0,5.3
2023-02-10 23:00:00,1400.0,5.3
2023-02-11 00:00:00,1291.0,5.3
2023-02-11 01:00:00,1185.0,5.1
2023-02-11 02:00:00,1100.0,5.1
2023-02-11 03:00:00,1058.0,5.2
2023-02-11 04:00:00,1047.0,5.2
2023-02-11 05:00:00,1032.0,5.1
2023-02-11 06:00:00,1083.0,4.8
2023-02-11 07:00:00,1154.0,4.8
2023-02-11 08:00:00,1503.0,4.9
2023-02-11 09:00:00,1801.0,4.8
2023-02-11 10:00:00,1870.0,5.0
2023-02-11 11:00:00,1880.0,5.3
2023-02-11 12:00:00,1780.0,5.5
2023-02-11 13:00:00,1796.0,5.6
2023-02-11 14:00:00,1800.0,5.7
2023-02-11 15:00:00,1818.0,5.8
2023-02-11 16:00:00,1887.0,5.9
2023-02-11 17:00:00,1899.0,5.8
2023-02-11 18:00:00,1855.0,5.8
2023-02-11 19:00:00,1927.0,5.8
2023-02-11 20:00:00,1891.0,5.8
2023-02-11 21:00:00,1820.0,5.7
2023-02-11 22:00:00,1621.0,5.7
2023-02-11 23:00:00,1400.0,5.7
2023-02-12 00:00:00,1306.0,5.7
2023-02-12 01:00:00,1180.0,5.8
2023-02-12 02:00:00,1089.0,5.8
2023-02-12 03:00:00,1043.0,5.9
2023-02-12 04:00:00,1029.0,5.9
2023-02-12 05:00:00,1034.0,6.0
2023-02-12 06:00:00,1052.0,6.0
2023-02-12 07:00:00,1128.0,6.1
2023-02-12 08:00:00,1414.0,6.1
2023-02-12 09:00:00,1739.0,6.2
2023-02-12 10:00:00,1864.0,6.4
2023-02-12 11:00:00,1876.0,6.6
2023-02-12 12:00:00,1781.0,6.4
2023-02-12 13:00:00,1784.0,6.3
2023-02-12 14:00:00,1782.0,6.1
2023-02-12 15:00:00,1793.0,6.1
2023-02-12 16:00:00,1866.0,6.1
2023-02-12 17:00:00,1904.0,6.0
2023-02-12 18:00:00,1859.0,6.0
2023-02-12 19:00:00,1920.0,5.8
2023-02-12 20:00:00,1920.0,5.8
2023-02-12 21:00:00,1822.0,5.8
2023-02-12 22:00:00,1591.0,6.0
2023-02-12 23:00:00,1359.0,6.2
2023-02-13 00:00:00,1283.0,6.3
2023-02-13 01:00:00,1153.0,6.2
2023-02-13 02:00:00,1075.0,6.3
2023-02-13 03:00:00,1039.0,5.9
2023-02-13 04:00:00,1027.0,5.5
2023-02-13 05:00:00,1007.0,5.4
2023-02-13 06:00:00,1093.0,5.1
2023-02-13 07:00:00,1308.0,5.3
2023-02-13 08:00:00,1620.0,5.1
2023-02-13 09:00:00,1954.0,4.7
2023-02-13 10:00:00,2029.0,4.8
2023-02-13 11:00:00,2008.0,4.7
2023-02-13 12:00:00,1879.0,4.7
2023-02-13 13:00:00,1896.0,4.5
2023-02-13 14:00:00,1885.0,4.6
2023-02-13 15:00:00,1864.0,5.1
2023-02-13 16:00:00,1949.0,4.7
2023-02-13 17:00:00,1963.0,4.7
2023-02-13 18:00:00,1901.0,4.7
2023-02-13 19:00:00,2017.0,4.6
2023-02-13 20:00:00,2006.0,4.5
2023-02-13 21:00:00,1925.0,4.3
2023-02-13 22:00:00,1693.0,4.2
2023-02-13 23:00:00,1447.0,4.0
2023-02-14 00:00:00,1342.0,3.6
2023-02-14 01:00:00,1222.0,3.2
2023-02-14 02:00:00,1150.0,3.4
2023-02-14 03:00:00,1107.0,3.5
2023-02-14 04:00:00,1102.0,3.1
2023-02-14 05:00:00,1082.0,2.7
2023-02-14 06:00:00,1184.0,2.6
2023-02-14 07:00:00,1365.0,2.5
2023-02-14 08:00:00,1715.0,2.5
2023-02-14 09:00:00,1977.0,2.9
2023-02-14 10:00:00,2006.0,3.6
2023-02-14 11:00:00,2003.0,4.5
2023-02-14 12:00:00,1868.0,4.7
2023-02-14 13:00:00,1877.0,4.6
2023-02-14 14:00:00,1818.0,6.4
2023-02-14 15:00:00,1778.0,6.8
2023-02-14 16:00:00,1783.0,7.2
2023-02-14 17:00:00,1867.0,6.6
2023-02-14 18:00:00,1817.0,5.4
2023-02-14 19:00:00,1988.0,3.4
2023-02-14 20:00:00,2017.0,2.7
2023-02-14 21:00:00,1966.0,3.4
2023-02-14 22:00:00,1726.0,4.1
2023-02-14 23:00:00,1458.0,3.3
2023-02-15 00:00:00,1321.0,3.3
2023-02-15 01:00:00,1219.0,3.1
2023-02-15 02:00:00,1133.0,2.4
2023-02-15 03:00:00,1092.0,2.7
2023-02-15 04:00:00,1084.0,2.9
2023-02-15 05:00:00,1070.0,3.3
2023-02-15 06:00:00,1155.0,2.5
2023-02-15 07:00:00,1371.0,2.0
2023-02-15 08:00:00,1780.0,2.0
2023-02-15 09:00:00,1935.0,2.7
2023-02-15 10:00:00,1886.0,4.6
2023-02-15 11:00:00,1796.0,8.3
2023-02-15 12:00:00,1609.0,9.4
2023-02-15 13:00:00,1592.0,10.5
2023-02-15 14:00:00,1596.0,11.2
2023-02-15 15:00:00,1598.0,12.4
2023-02-15 16:00:00,1667.0,11.3
2023-02-15 17:00:00,1772.0,9.5
2023-02-15 18:00:00,1747.0,8.2
2023-02-15 19:00:00,1946.0,7.0
2023-02-15 20:00:00,1982.0,6.9
2023-02-15 21:00:00,1896.0,7.6
2023-02-15 22:00:00,1657.0,7.5
2023-02-15 23:00:00,1417.0,7.3
2023-02-16 00:00:00,1315.0,7.0
2023-02-16 01:00:00,1198.0,6.8
2023-02-16 02:00:00,1144.0,6.7
2023-02-16 03:00:00,1100.0,6.5
2023-02-16 04:00:00,1088.0,6.5
2023-02-16 05:00:00,1079.0,6.3
2023-02-16 06:00:00,1152.0,6.3
2023-02-16 07:00:00,1355.0,6.4
2023-02-16 08:00:00,1651.0,6.4
2023-02-16 09:00:00,1867.0,6.7
2023-02-16 10:00:00,1902.0,7.1
2023-02-16 11:00:00,1907.0,7.1
2023-02-16 12:00:00,1694.0,7.3
2023-02-16 13:00:00,1705.0,7.3
2023-02-16 14:00:00,1712.0,7.7
2023-02-16 15:00:00,1672.0,8.1
2023-02-16 16:00:00,1730.0,7.8
2023-02-16 17:00:00,1782.0,7.6
2023-02-16 18:00:00,1737.0,7.0
2023-02-16 19:00:00,1890.0,6.6
2023-02-16 20:00:00,1951.0,6.5
2023-02-16 21:00:00,1845.0,6.5
2023-02-16 22:00:00,1612.0,6.7
2023-02-16 23:00:00,1386.0,6.8
2023-02-17 00:00:00,1296.0,6.8
2023-02-17 01:00:00,1189.0,6.4
2023-02-17 02:00:00,1128.0,6.4
2023-02-17 03:00:00,1102.0,6.6
2023-02-17 04:00:00,1079.0,6.7
2023-02-17 05:00:00,1067.0,6.2
2023-02-17 06:00:00,1161.0,6.1
2023-02-17 07:00:00,1338.0,6.1
2023-02-17 08:00:00,1678.0,6.3
2023-02-17 09:00:00,1901.0,6.9
2023-02-17 10:00:00,1888.0,8.3
2023-02-17 11:00:00,1884.0,9.1
2023-02-17 12:00:00,1694.0,9.6
2023-02-17 13:00:00,1681.0,11.4
2023-02-17 14:00:00,1701.0,12.4
2023-02-17 15:00:00,1668.0,12.8
2023-02-17 16:00:00,1766.0,13.1
2023-02-17 17:00:00,1805.0,12.3
2023-02-17 18:00:00,1737.0,11.3
2023-02-17 19:00:00,1874.0,10.9
2023-02-17 20:00:00,1877.0,10.7
2023-02-17 21:00:00,1811.0,10.9
2023-02-17 22:00:00,1613.0,11.1
2023-02-17 23:00:00,1388.0,11.5
2023-02-18 00:00:00,1297.0,11.5
2023-02-18 01:00:00,1180.0,10.8
2023-02-18 02:00:00,1096.0,10.9
2023-02-18 03:00:00,1067.0,10.8
2023-02-18 04:00:00,1027.0,10.3
2023-02-18 05:00:00,1067.0,10.9
2023-02-18 06:00:00,1161.0,10.3
2023-02-18 07:00:00,1338.0,9.9
2023-02-18 08:00:00,1678.0,9.8
2023-02-18 09:00:00,1901.0,9.9
2023-02-18 10:00:00,1888.0,9.8
2023-02-18 11:00:00,1884.0,9.7
2023-02-18 12:00:00,1694.0,9.2
2023-02-18 13:00:00,1681.0,8.9
2023-02-18 14:00:00,1701.0,8.8
2023-02-18 15:00:00,1668.0,8.7
2023-02-18 16:00:00,1766.0,8.6
2023-02-18 17:00:00,1805.0,8.3
2023-02-18 18:00:00,1737.0,8.4
2023-02-18 19:00:00,1874.0,8.5
2023-02-18 20:00:00,1877.0,8.6
2023-02-18 21:00:00,1811.0,8.6
2023-02-18 22:00:00,1613.0,8.3
2023-02-18 23:00:00,1388.0,8.4
2023-02-19 00:00:00,1297.0,8.3
2023-02-19 01:00:00,1180.0,8.3
2023-02-19 02:00:00,1107.0,8.2
2023-02-19 03:00:00,1067.0,8.3
2023-02-19 04:00:00,1028.0,8.3
2023-02-19 05:00:00,1020.0,8.6
2023-02-19 06:00:00,1061.0,8.9
2023-02-19 07:00:00,1152.0,9.1
2023-02-19 08:00:00,1489.0,11.3
2023-02-19 09:00:00,1663.0,11.8
2023-02-19 10:00:00,1656.0,12.1
2023-02-19 11:00:00,1625.0,13.6
2023-02-19 12:00:00,1561.0,14.5
2023-02-19 13:00:00,1552.0,15.2
2023-02-19 14:00:00,1548.0,15.7
2023-02-19 15:00:00,1545.0,15.8
2023-02-19 16:00:00,1589.0,15.0
2023-02-19 17:00:00,1700.0,13.8
2023-02-19 18:00:00,1623.0,11.8
2023-02-19 19:00:00,1843.0,11.5
2023-02-19 20:00:00,1801.0,11.5
2023-02-19 21:00:00,1718.0,10.8
2023-02-19 22:00:00,1476.0,10.7
2023-02-19 23:00:00,1267.0,10.4
2023-02-20 00:00:00,1220.0,10.7
2023-02-20 01:00:00,1116.0,9.8
2023-02-20 02:00:00,1063.0,10.7
2023-02-20 03:00:00,1019.0,9.7
2023-02-20 04:00:00,1002.0,9.3
2023-02-20 05:00:00,1001.0,9.1
2023-02-20 06:00:00,1104.0,9.2
2023-02-20 07:00:00,1337.0,7.6
2023-02-20 08:00:00,1641.0,8.0
2023-02-20 09:00:00,1717.0,10.5
2023-02-20 10:00:00,1634.0,12.1
2023-02-20 11:00:00,1624.0,14.5
2023-02-20 12:00:00,1442.0,16.1
2023-02-20 13:00:00,1416.0,18.1
2023-02-20 14:00:00,1422.0,17.7
2023-02-20 15:00:00,1439.0,18.1
2023-02-20 16:00:00,1581.0,15.3
2023-02-20 17:00:00,1667.0,14.6
2023-02-20 18:00:00,1598.0,13.8
2023-02-20 19:00:00,1738.0,13.2
2023-02-20 20:00:00,1746.0,13.2
2023-02-20 21:00:00,1655.0,12.5
2023-02-20 22:00:00,1449.0,12.1
2023-02-20 23:00:00,1259.0,12.6
2023-02-21 00:00:00,1209.0,13.4
2023-02-21 01:00:00,1127.0,11.3
2023-02-21 02:00:00,1076.0,11.0
2023-02-21 03:00:00,1034.0,11.0
2023-02-21 04:00:00,1001.0,11.6
2023-02-21 05:00:00,1024.0,11.4
2023-02-21 06:00:00,1122.0,9.8
2023-02-21 07:00:00,1304.0,9.4
2023-02-21 08:00:00,1589.0,9.7
2023-02-21 09:00:00,1747.0,10.1
2023-02-21 10:00:00,1730.0,10.5
2023-02-21 11:00:00,1776.0,10.2
2023-02-21 12:00:00,1642.0,8.9
2023-02-21 13:00:00,1642.0,10.2
2023-02-21 14:00:00,1659.0,11.2
2023-02-21 15:00:00,1664.0,10.5
2023-02-21 16:00:00,1752.0,9.8
2023-02-21 17:00:00,1820.0,9.1
2023-02-21 18:00:00,1728.0,8.4
2023-02-21 19:00:00,1838.0,8.6
2023-02-21 20:00:00,1812.0,8.5
2023-02-21 21:00:00,1718.0,7.5
2023-02-21 22:00:00,1493.0,8.1
2023-02-21 23:00:00,1292.0,8.2
2023-02-22 00:00:00,1243.0,8.3
2023-02-22 01:00:00,1163.0,8.7
2023-02-22 02:00:00,1081.0,7.8
2023-02-22 03:00:00,1054.0,7.6
2023-02-22 04:00:00,1050.0,7.4
2023-02-22 05:00:00,1040.0,6.8
2023-02-22 06:00:00,1122.0,5.3
2023-02-22 07:00:00,1285.0,4.9
2023-02-22 08:00:00,1633.0,4.5
2023-02-22 09:00:00,1839.0,4.4
2023-02-22 10:00:00,1908.0,4.3
2023-02-22 11:00:00,1927.0,4.4
2023-02-22 12:00:00,1786.0,4.5
2023-02-22 13:00:00,1792.0,4.5
2023-02-22 14:00:00,1815.0,4.4
2023-02-22 15:00:00,1774.0,4.6
2023-02-22 16:00:00,1836.0,4.8
2023-02-22 17:00:00,1857.0,4.7
2023-02-22 18:00:00,1775.0,4.5
2023-02-22 19:00:00,1868.0,4.3
2023-02-22 20:00:00,1870.0,4.4
2023-02-22 21:00:00,1762.0,4.4
2023-02-22 22:00:00,1534.0,4.3
2023-02-22 23:00:00,1323.0,4.4
2023-02-23 00:00:00,1243.0,4.4
2023-02-23 01:00:00,1142.0,4.3
2023-02-23 02:00:00,1083.0,4.2
2023-02-23 03:00:00,1049.0,4.2
2023-02-23 04:00:00,1032.0,4.1
2023-02-23 05:00:00,1022.0,4.0
2023-02-23 06:00:00,1108.0,4.0
2023-02-23 07:00:00,1288.0,4.1
2023-02-23 08:00:00,1603.0,4.2
2023-02-23 09:00:00,1876.0,4.3
2023-02-23 10:00:00,1917.0,4.6
2023-02-23 11:00:00,1920.0,4.5
2023-02-23 12:00:00,1802.0,4.5
2023-02-23 13:00:00,1865.0,4.7
2023-02-23 14:00:00,1866.0,5.1
2023-02-23 15:00:00,1863.0,5.3
2023-02-23 16:00:00,1933.0,5.0
2023-02-23 17:00:00,1958.0,5.0
2023-02-23 18:00:00,1842.0,4.9
2023-02-23 19:00:00,1915.0,4.9
2023-02-23 20:00:00,1915.0,5.0
2023-02-23 21:00:00,1817.0,5.0
2023-02-23 22:00:00,1620.0,4.8
2023-02-23 23:00:00,1380.0,4.8
2023-02-24 00:00:00,1322.0,4.8
2023-02-24 01:00:00,1218.0,4.9
2023-02-24 02:00:00,1161.0,4.8
2023-02-24 03:00:00,1117.0,4.6
2023-02-24 04:00:00,1093.0,4.3
2023-02-24 05:00:00,1104.0,4.0
2023-02-24 06:00:00,1190.0,3.1
2023-02-24 07:00:00,1390.0,2.7
2023-02-24 08:00:00,1694.0,2.7
2023-02-24 09:00:00,1867.0,3.6
2023-02-24 10:00:00,1834.0,4.1
2023-02-24 11:00:00,1774.0,5.3
2023-02-24 12:00:00,1660.0,7.0
2023-02-24 13:00:00,1657.0,10.6
2023-02-24 14:00:00,1685.0,12.2
2023-02-24 15:00:00,1605.0,12.7
2023-02-24 16:00:00,1674.0,12.3
2023-02-24 17:00:00,1718.0,12.0
2023-02-24 18:00:00,1609.0,10.1
2023-02-24 19:00:00,1809.0,8.2
2023-02-24 20:00:00,1869.0,8.4
2023-02-24 21:00:00,1783.0,8.7
2023-02-24 22:00:00,1626.0,8.6
2023-02-24 23:00:00,1393.0,7.6
2023-02-25 00:00:00,1313.0,7.2
2023-02-25 01:00:00,1187.0,6.2
2023-02-25 02:00:00,1117.0,6.7
2023-02-25 03:00:00,1085.0,5.8
2023-02-25 04:00:00,1072.0,5.8
2023-02-25 05:00:00,1079.0,6.7
2023-02-25 06:00:00,1103.0,7.2
2023-02-25 07:00:00,1255.0,6.8
2023-02-25 08:00:00,1605.0,7.0
2023-02-25 09:00:00,1741.0,7.7
2023-02-25 10:00:00,1736.0,9.6
2023-02-25 11:00:00,1716.0,9.9
2023-02-25 12:00:00,1552.0,11.1
2023-02-25 13:00:00,1508.0,11.7
2023-02-25 14:00:00,1523.0,12.5
2023-02-25 15:00:00,1493.0,12.5
2023-02-25 16:00:00,1560.0,12.2
2023-02-25 17:00:00,1644.0,11.5
2023-02-25 18:00:00,1602.0,10.5
2023-02-25 19:00:00,1764.0,9.5
2023-02-25 20:00:00,1806.0,9.4
2023-02-25 21:00:00,1734.0,9.2
2023-02-25 22:00:00,1555.0,9.0
2023-02-25 23:00:00,1354.0,8.8
2023-02-26 00:00:00,1295.0,7.8
2023-02-26 01:00:00,1178.0,7.2
2023-02-26 02:00:00,1106.0,7.2
2023-02-26 03:00:00,1065.0,6.8
2023-02-26 04:00:00,1056.0,6.3
2023-02-26 05:00:00,1048.0,6.0
2023-02-26 06:00:00,1091.0,5.4
2023-02-26 07:00:00,1221.0,6.1
2023-02-26 08:00:00,1559.0,6.5
2023-02-26 09:00:00,1661.0,6.0
2023-02-26 10:00:00,1625.0,9.5
2023-02-26 11:00:00,1549.0,12.7
2023-02-26 12:00:00,1385.0,14.3
2023-02-26 13:00:00,1390.0,13.1
2023-02-26 14:00:00,1454.0,13.6
2023-02-26 15:00:00,1437.0,13.9
2023-02-26 16:00:00,1518.0,14.0
2023-02-26 17:00:00,1597.0,13.6
2023-02-26 18:00:00,1554.0,11.6
2023-02-26 19:00:00,1707.0,9.4
2023-02-26 20:00:00,1788.0,10.3
2023-02-26 21:00:00,1681.0,10.4
2023-02-26 22:00:00,1455.0,10.3
2023-02-26 23:00:00,1266.0,10.1
2023-02-27 00:00:00,1228.0,9.3
2023-02-27 01:00:00,1138.0,8.9
2023-02-27 02:00:00,1076.0,8.2
2023-02-27 03:00:00,1045.0,8.2
2023-02-27 04:00:00,1030.0,7.6
2023-02-27 05:00:00,1034.0,6.5
2023-02-27 06:00:00,1145.0,6.8
2023-02-27 07:00:00,1387.0,5.7
2023-02-27 08:00:00,1673.0,4.0
2023-02-27 09:00:00,1755.0,5.6
2023-02-27 10:00:00,1700.0,9.9
2023-02-27 11:00:00,1630.0,12.8
2023-02-27 12:00:00,1435.0,14.1
2023-02-27 13:00:00,1431.0,15.4
2023-02-27 14:00:00,1457.0,16.5
2023-02-27 15:00:00,1431.0,16.7
2023-02-27 16:00:00,1536.0,16.6
2023-02-27 17:00:00,1592.0,15.6
2023-02-27 18:00:00,1557.0,13.7
2023-02-27 19:00:00,1710.0,13.6
2023-02-27 20:00:00,1752.0,13.4
2023-02-27 21:00:00,1655.0,13.0
2023-02-27 22:00:00,1445.0,13.5
2023-02-27 23:00:00,1239.0,13.0
2023-02-28 00:00:00,1222.0,12.9
2023-02-28 01:00:00,1139.0,12.1
2023-02-28 02:00:00,1091.0,11.7
2023-02-28 03:00:00,1049.0,11.3
2023-02-28 04:00:00,1043.0,10.5
2023-02-28 05:00:00,1030.0,11.5
2023-02-28 06:00:00,1135.0,10.2
2023-02-28 07:00:00,1322.0,10.3
2023-02-28 08:00:00,1614.0,10.0
2023-02-28 09:00:00,1740.0,9.2
2023-02-28 10:00:00,1768.0,9.7
2023-02-28 11:00:00,1768.0,9.9
2023-02-28 12:00:00,1600.0,10.9
2023-02-28 13:00:00,1588.0,12.1
2023-02-28 14:00:00,1602.0,12.1
2023-02-28 15:00:00,1597.0,12.3
2023-02-28 16:00:00,1675.0,12.7
2023-02-28 17:00:00,1683.0,12.3
2023-02-28 18:00:00,1607.0,11.8
2023-02-28 19:00:00,1714.0,11.6
2023-02-28 20:00:00,1739.0,11.4
2023-02-28 21:00:00,1632.0,11.2
2023-02-28 22:00:00,1436.0,11.2
2023-02-28 23:00:00,1245.0,10.7
2023-03-01 00:00:00,1235.0,10.8
2023-03-01 01:00:00,1147.0,10.7
2023-03-01 02:00:00,1086.0,10.7
2023-03-01 03:00:00,1047.0,10.7
2023-03-01 04:00:00,1047.0,10.0
2023-03-01 05:00:00,1046.0,10.6
2023-03-01 06:00:00,1125.0,10.4
2023-03-01 07:00:00,1344.0,9.6
2023-03-01 08:00:00,1583.0,10.2
2023-03-01 09:00:00,1688.0,11.0
2023-03-01 10:00:00,1695.0,12.2
2023-03-01 11:00:00,1686.0,12.4
2023-03-01 12:00:00,1556.0,13.1
2023-03-01 13:00:00,1548.0,13.1
2023-03-01 14:00:00,1555.0,13.9
2023-03-01 15:00:00,1541.0,13.8
2023-03-01 16:00:00,1632.0,13.6
2023-03-01 17:00:00,1666.0,13.4
2023-03-01 18:00:00,1588.0,12.7
2023-03-01 19:00:00,1697.0,12.4
2023-03-01 20:00:00,1731.0,12.3
2023-03-01 21:00:00,1648.0,11.7
2023-03-01 22:00:00,1433.0,11.5
2023-03-01 23:00:00,1245.0,11.7
2023-03-02 00:00:00,1229.0,11.3
2023-03-02 01:00:00,1147.0,11.7
2023-03-02 02:00:00,1077.0,11.6
2023-03-02 03:00:00,1044.0,10.1
2023-03-02 04:00:00,1032.0,10.4
2023-03-02 05:00:00,1032.0,10.7
2023-03-02 06:00:00,1141.0,10.5
2023-03-02 07:00:00,1368.0,9.2
2023-03-02 08:00:00,1621.0,9.3
2023-03-02 09:00:00,1671.0,11.9
2023-03-02 10:00:00,1629.0,14.7
2023-03-02 11:00:00,1562.0,16.0
2023-03-02 12:00:00,1357.0,17.8
2023-03-02 13:00:00,1326.0,18.8
2023-03-02 14:00:00,1375.0,19.7
2023-03-02 15:00:00,1406.0,19.1
2023-03-02 16:00:00,1515.0,17.6
2023-03-02 17:00:00,1539.0,16.7
2023-03-02 18:00:00,1482.0,15.8
2023-03-02 19:00:00,1618.0,15.5
2023-03-02 20:00:00,1653.0,15.0
2023-03-02 21:00:00,1579.0,15.1
2023-03-02 22:00:00,1383.0,13.7
2023-03-02 23:00:00,1204.0,14.1
2023-03-03 00:00:00,1184.0,13.9
2023-03-03 01:00:00,1098.0,12.8
2023-03-03 02:00:00,1066.0,12.9
2023-03-03 03:00:00,1026.0,12.3
2023-03-03 04:00:00,1021.0,11.9
2023-03-03 05:00:00,1015.0,12.0
2023-03-03 06:00:00,1109.0,12.0
2023-03-03 07:00:00,1318.0,12.1
2023-03-03 08:00:00,1556.0,12.0
2023-03-03 09:00:00,1659.0,11.4
2023-03-03 10:00:00,1659.0,12.0
2023-03-03 11:00:00,1573.0,13.3
2023-03-03 12:00:00,1352.0,14.7
2023-03-03 13:00:00,1310.0,17.9
2023-03-03 14:00:00,1331.0,19.4
2023-03-03 15:00:00,1324.0,20.4
2023-03-03 16:00:00,1384.0,20.7
2023-03-03 17:00:00,1473.0,19.9
2023-03-03 18:00:00,1425.0,17.4
2023-03-03 19:00:00,1565.0,14.6
2023-03-03 20:00:00,1627.0,14.2
2023-03-03 21:00:00,1564.0,14.7
2023-03-03 22:00:00,1398.0,15.0
2023-03-03 23:00:00,1239.0,14.4
2023-03-04 00:00:00,1203.0,13.5
2023-03-04 01:00:00,1130.0,13.6
2023-03-04 02:00:00,1077.0,11.9
2023-03-04 03:00:00,1057.0,10.8
2023-03-04 04:00:00,1024.0,10.4
2023-03-04 05:00:00,1020.0,10.4
2023-03-04 06:00:00,1074.0,10.5
2023-03-04 07:00:00,1255.0,10.1
2023-03-04 08:00:00,1543.0,9.9
2023-03-04 09:00:00,1569.0,12.9
2023-03-04 10:00:00,1490.0,15.0
2023-03-04 11:00:00,1428.0,17.6
2023-03-04 12:00:00,1243.0,20.3
2023-03-04 13:00:00,1254.0,21.5
2023-03-04 14:00:00,1264.0,22.7
2023-03-04 15:00:00,1244.0,24.2
2023-03-04 16:00:00,1337.0,21.3
2023-03-04 17:00:00,1402.0,21.3
2023-03-04 18:00:00,1363.0,19.8
2023-03-04 19:00:00,1506.0,17.2
2023-03-04 20:00:00,1559.0,15.6
2023-03-04 21:00:00,1479.0,15.9
2023-03-04 22:00:00,1329.0,14.9
2023-03-04 23:00:00,1179.0,14.4
2023-03-05 00:00:00,1151.0,14.8
2023-03-05 01:00:00,1070.0,15.2
2023-03-05 02:00:00,1022.0,15.6
2023-03-05 03:00:00,994.0,15.3
2023-03-05 04:00:00,985.0,14.4
2023-03-05 05:00:00,997.0,12.9
2023-03-05 06:00:00,1036.0,12.8
2023-03-05 07:00:00,1203.0,12.7
2023-03-05 08:00:00,1448.0,11.5
2023-03-05 09:00:00,1473.0,14.8
2023-03-05 10:00:00,1402.0,16.0
2023-03-05 11:00:00,1322.0,19.7
2023-03-05 12:00:00,1192.0,22.7
2023-03-05 13:00:00,1172.0,24.2
2023-03-05 14:00:00,1185.0,24.8
2023-03-05 15:00:00,1197.0,26.2
2023-03-05 16:00:00,1257.0,25.8
2023-03-05 17:00:00,1350.0,23.8
2023-03-05 18:00:00,1323.0,21.6
2023-03-05 19:00:00,1447.0,19.5
2023-03-05 20:00:00,1504.0,17.8
2023-03-05 21:00:00,1420.0,17.1
2023-03-05 22:00:00,1230.0,16.0
2023-03-05 23:00:00,1097.0,15.7
2023-03-06 00:00:00,1106.0,16.5
2023-03-06 01:00:00,1035.0,16.2
2023-03-06 02:00:00,997.0,15.9
2023-03-06 03:00:00,980.0,15.5
2023-03-06 04:00:00,973.0,15.9
2023-03-06 05:00:00,978.0,14.3
2023-03-06 06:00:00,1072.0,13.4
2023-03-06 07:00:00,1307.0,13.0
2023-03-06 08:00:00,1477.0,13.0
2023-03-06 09:00:00,1485.0,14.2
2023-03-06 10:00:00,1453.0,17.9
2023-03-06 11:00:00,1406.0,20.1
2023-03-06 12:00:00,1228.0,23.2
2023-03-06 13:00:00,1202.0,24.6
2023-03-06 14:00:00,1262.0,25.9
2023-03-06 15:00:00,1279.0,26.8
2023-03-06 16:00:00,1362.0,25.7
2023-03-06 17:00:00,1437.0,24.5
2023-03-06 18:00:00,1400.0,22.5
2023-03-06 19:00:00,1517.0,21.4
2023-03-06 20:00:00,1533.0,21.9
2023-03-06 21:00:00,1424.0,20.8
2023-03-06 22:00:00,1244.0,20.4
2023-03-06 23:00:00,1134.0,20.8
2023-03-07 00:00:00,1145.0,19.7
2023-03-07 01:00:00,1070.0,18.6
2023-03-07 02:00:00,1027.0,17.8
2023-03-07 03:00:00,1015.0,17.4
2023-03-07 04:00:00,988.0,17.5
2023-03-07 05:00:00,986.0,17.1
2023-03-07 06:00:00,1109.0,16.3
2023-03-07 07:00:00,1282.0,16.1
2023-03-07 08:00:00,1462.0,16.4
2023-03-07 09:00:00,1530.0,18.1
2023-03-07 10:00:00,1501.0,20.0
2023-03-07 11:00:00,1440.0,21.1
2023-03-07 12:00:00,1262.0,23.1
2023-03-07 13:00:00,1275.0,24.1
2023-03-07 14:00:00,1308.0,23.8
2023-03-07 15:00:00,1320.0,23.6
2023-03-07 16:00:00,1388.0,24.6
2023-03-07 17:00:00,1461.0,23.4
2023-03-07 18:00:00,1387.0,22.4
2023-03-07 19:00:00,1483.0,22.1
2023-03-07 20:00:00,1490.0,21.5
2023-03-07 21:00:00,1392.0,17.7
2023-03-07 22:00:00,1237.0,16.4
2023-03-07 23:00:00,1113.0,16.3
2023-03-08 00:00:00,1149.0,16.1
2023-03-08 01:00:00,1085.0,16.0
2023-03-08 02:00:00,1037.0,15.8
2023-03-08 03:00:00,1012.0,15.6
2023-03-08 04:00:00,988.0,15.7
2023-03-08 05:00:00,1005.0,15.6
2023-03-08 06:00:00,1113.0,15.6
2023-03-08 07:00:00,1293.0,16.3
2023-03-08 08:00:00,1453.0,16.2
2023-03-08 09:00:00,1468.0,16.6
2023-03-08 10:00:00,1498.0,17.4
2023-03-08 11:00:00,1405.0,18.1
2023-03-08 12:00:00,1221.0,19.7
2023-03-08 13:00:00,1215.0,21.1
2023-03-08 14:00:00,1218.0,22.5
2023-03-08 15:00:00,1246.0,23.0
2023-03-08 16:00:00,1299.0,23.5
2023-03-08 17:00:00,1396.0,23.6
2023-03-08 18:00:00,1342.0,21.4
2023-03-08 19:00:00,1452.0,19.0
2023-03-08 20:00:00,1474.0,17.9
2023-03-08 21:00:00,1382.0,17.2
2023-03-08 22:00:00,1237.0,16.8
2023-03-08 23:00:00,1133.0,16.4
2023-03-09 00:00:00,1172.0,16.3
2023-03-09 01:00:00,1108.0,16.8
2023-03-09 02:00:00,1068.0,16.7
2023-03-09 03:00:00,1039.0,16.3
2023-03-09 04:00:00,1028.0,15.2
2023-03-09 05:00:00,1052.0,14.1
2023-03-09 06:00:00,1146.0,13.8
2023-03-09 07:00:00,1339.0,14.3
2023-03-09 08:00:00,1467.0,15.0
2023-03-09 09:00:00,1487.0,15.5
2023-03-09 10:00:00,1424.0,17.4
2023-03-09 11:00:00,1383.0,21.0
2023-03-09 12:00:00,1222.0,23.4
2023-03-09 13:00:00,1227.0,25.3
2023-03-09 14:00:00,1265.0,26.3
2023-03-09 15:00:00,1273.0,27.3
2023-03-09 16:00:00,1333.0,27.0
2023-03-09 17:00:00,1413.0,25.1
2023-03-09 18:00:00,1350.0,23.3
2023-03-09 19:00:00,1436.0,20.1
2023-03-09 20:00:00,1489.0,18.8
2023-03-09 21:00:00,1388.0,17.9
2023-03-09 22:00:00,1256.0,17.5
2023-03-09 23:00:00,1131.0,17.0
2023-03-10 00:00:00,1157.0,16.6
2023-03-10 01:00:00,1119.0,16.5
2023-03-10 02:00:00,1078.0,16.0
2023-03-10 03:00:00,1025.0,15.5
2023-03-10 04:00:00,1013.0,15.3
2023-03-10 05:00:00,1026.0,14.6
2023-03-10 06:00:00,1133.0,14.7
2023-03-10 07:00:00,1324.0,14.4
2023-03-10 08:00:00,1428.0,15.6
2023-03-10 09:00:00,1476.0,16.5
2023-03-10 10:00:00,1466.0,16.4
2023-03-10 11:00:00,1476.0,16.3
2023-03-10 12:00:00,1262.0,20.8
2023-03-10 13:00:00,1234.0,22.2
2023-03-10 14:00:00,1311.0,21.6
2023-03-10 15:00:00,1344.0,19.9
2023-03-10 16:00:00,1408.0,20.2
2023-03-10 17:00:00,1465.0,19.7
2023-03-10 18:00:00,1368.0,19.7
2023-03-10 19:00:00,1458.0,19.0
2023-03-10 20:00:00,1429.0,18.2
2023-03-10 21:00:00,1348.0,17.6
2023-03-10 22:00:00,1216.0,16.2
2023-03-10 23:00:00,1129.0,15.1
2023-03-11 00:00:00,1163.0,14.5
2023-03-11 01:00:00,1098.0,14.3
2023-03-11 02:00:00,1055.0,14.5
2023-03-11 03:00:00,1017.0,14.5
2023-03-11 04:00:00,1012.0,13.7
2023-03-11 05:00:00,1038.0,13.7
2023-03-11 06:00:00,1104.0,14.0
2023-03-11 07:00:00,1264.0,14.3
2023-03-11 08:00:00,1433.0,15.3
2023-03-11 09:00:00,1434.0,16.3
2023-03-11 10:00:00,1417.0,17.6
2023-03-11 11:00:00,1382.0,18.9
2023-03-11 12:00:00,1209.0,21.6
2023-03-11 13:00:00,1170.0,23.4
2023-03-11 14:00:00,1183.0,25.0
2023-03-11 15:00:00,1234.0,25.9
2023-03-11 16:00:00,1285.0,25.1
2023-03-11 17:00:00,1376.0,23.5
2023-03-11 18:00:00,1362.0,21.6
2023-03-11 19:00:00,1459.0,20.3
2023-03-11 20:00:00,1497.0,20.1
2023-03-11 21:00:00,1383.0,19.6
2023-03-11 22:00:00,1270.0,19.7
2023-03-11 23:00:00,1160.0,19.9
2023-03-12 00:00:00,1182.0,19.9
2023-03-12 01:00:00,1116.0,15.0
2023-03-12 02:00:00,1062.0,16.7
2023-03-12 03:00:00,1019.0,16.2
2023-03-12 04:00:00,1021.0,15.9
2023-03-12 05:00:00,1024.0,15.5
2023-03-12 06:00:00,1085.0,15.2
2023-03-12 07:00:00,1198.0,15.2
2023-03-12 08:00:00,1395.0,15.4
2023-03-12 09:00:00,1436.0,15.6
2023-03-12 10:00:00,1433.0,15.8
2023-03-12 11:00:00,1394.0,16.5
2023-03-12 12:00:00,1275.0,16.5
2023-03-12 13:00:00,1280.0,16.3
2023-03-12 14:00:00,1302.0,16.1
2023-03-12 15:00:00,1272.0,16.5
2023-03-12 16:00:00,1319.0,16.9
2023-03-12 17:00:00,1375.0,16.8
2023-03-12 18:00:00,1333.0,16.1
2023-03-12 19:00:00,1418.0,15.6
2023-03-12 20:00:00,1442.0,15.2
2023-03-12 21:00:00,1332.0,14.8
2023-03-12 22:00:00,1188.0,14.5
2023-03-12 23:00:00,1082.0,14.1
2023-03-13 00:00:00,1104.0,13.6
2023-03-13 01:00:00,1054.0,12.9
2023-03-13 02:00:00,994.0,10.9
2023-03-13 03:00:00,985.0,9.8
2023-03-13 04:00:00,970.0,9.9
2023-03-13 05:00:00,985.0,10.0
2023-03-13 06:00:00,1096.0,9.1
2023-03-13 07:00:00,1322.0,8.5
2023-03-13 08:00:00,1463.0,8.8
2023-03-13 09:00:00,1472.0,10.1
2023-03-13 10:00:00,1422.0,13.3
2023-03-13 11:00:00,1376.0,15.4
2023-03-13 12:00:00,1188.0,17.5
2023-03-13 13:00:00,1161.0,18.8
2023-03-13 14:00:00,1217.0,20.7
2023-03-13 15:00:00,1216.0,20.8
2023-03-13 16:00:00,1287.0,20.8
2023-03-13 17:00:00,1357.0,21.2
2023-03-13 18:00:00,1329.0,18.8
2023-03-13 19:00:00,1433.0,15.9
2023-03-13 20:00:00,1493.0,14.3
2023-03-13 21:00:00,1394.0,14.8
2023-03-13 22:00:00,1244.0,14.2
2023-03-13 23:00:00,1112.0,16.4
2023-03-14 00:00:00,1119.0,15.0
2023-03-14 01:00:00,1062.0,14.5
2023-03-14 02:00:00,1035.0,13.5
2023-03-14 03:00:00,1016.0,13.5
2023-03-14 04:00:00,1000.0,12.2
2023-03-14 05:00:00,1009.0,11.1
2023-03-14 06:00:00,1107.0,12.2
2023-03-14 07:00:00,1334.0,11.8
2023-03-14 08:00:00,1438.0,12.9
2023-03-14 09:00:00,1407.0,15.5
2023-03-14 10:00:00,1383.0,18.4
2023-03-14 11:00:00,1330.0,20.5
2023-03-14 12:00:00,1167.0,22.7
2023-03-14 13:00:00,1159.0,24.5
2023-03-14 14:00:00,1209.0,25.8
2023-03-14 15:00:00,1243.0,26.0
2023-03-14 16:00:00,1335.0,26.3
2023-03-14 17:00:00,1418.0,24.5
2023-03-14 18:00:00,1364.0,22.3
2023-03-14 19:00:00,1430.0,21.2
2023-03-14 20:00:00,1471.0,21.6
2023-03-14 21:00:00,1381.0,21.1
2023-03-14 22:00:00,1215.0,20.0
2023-03-14 23:00:00,1115.0,19.3
2023-03-15 00:00:00,1141.0,18.4
2023-03-15 01:00:00,1087.0,17.1
2023-03-15 02:00:00,1038.0,16.6
2023-03-15 03:00:00,1018.0,16.4
2023-03-15 04:00:00,1012.0,16.2
2023-03-15 05:00:00,1021.0,15.6
2023-03-15 06:00:00,1115.0,16.0
2023-03-15 07:00:00,1355.0,14.7
2023-03-15 08:00:00,1457.0,15.3
2023-03-15 09:00:00,1446.0,17.3
2023-03-15 10:00:00,1406.0,20.9
2023-03-15 11:00:00,1351.0,21.5
2023-03-15 12:00:00,1185.0,22.9
2023-03-15 13:00:00,1174.0,24.7
2023-03-15 14:00:00,1235.0,24.2
2023-03-15 15:00:00,1251.0,24.6
2023-03-15 16:00:00,1365.0,23.7
2023-03-15 17:00:00,1418.0,22.8
2023-03-15 18:00:00,1365.0,21.7
2023-03-15 19:00:00,1437.0,20.9
2023-03-15 20:00:00,1463.0,19.5
2023-03-15 21:00:00,1382.0,18.7
2023-03-15 22:00:00,1241.0,18.0
2023-03-15 23:00:00,1108.0,17.0
2023-03-16 00:00:00,1149.0,15.8
2023-03-16 01:00:00,1110.0,14.8
2023-03-16 02:00:00,1047.0,13.8
2023-03-16 03:00:00,1052.0,13.1
2023-03-16 04:00:00,1006.0,12.8
2023-03-16 05:00:00,1019.0,12.8
2023-03-16 06:00:00,1120.0,12.5
2023-03-16 07:00:00,1320.0,12.2
2023-03-16 08:00:00,1498.0,11.4
2023-03-16 09:00:00,1542.0,10.6
2023-03-16 10:00:00,1554.0,9.5
2023-03-16 11:00:00,1563.0,9.5
2023-03-16 12:00:00,1415.0,10.0
2023-03-16 13:00:00,1400.0,11.0
2023-03-16 14:00:00,1448.0,10.0
2023-03-16 15:00:00,1510.0,9.2
2023-03-16 16:00:00,1583.0,8.3
2023-03-16 17:00:00,1677.0,7.5
2023-03-16 18:00:00,1597.0,6.5
2023-03-16 19:00:00,1609.0,5.3
2023-03-16 20:00:00,1568.0,4.6
2023-03-16 21:00:00,1445.0,4.2
2023-03-16 22:00:00,1282.0,4.2
2023-03-16 23:00:00,1166.0,4.1
2023-03-17 00:00:00,1186.0,3.7
2023-03-17 01:00:00,1121.0,3.5
2023-03-17 02:00:00,1099.0,3.4
2023-03-17 03:00:00,1051.0,3.7
2023-03-17 04:00:00,1036.0,3.9
2023-03-17 05:00:00,1048.0,4.1
2023-03-17 06:00:00,1120.0,4.1
2023-03-17 07:00:00,1333.0,4.3
2023-03-17 08:00:00,1607.0,4.7
2023-03-17 09:00:00,1745.0,5.2
2023-03-17 10:00:00,1785.0,5.5
2023-03-17 11:00:00,1744.0,6.2
2023-03-17 12:00:00,1566.0,7.3
2023-03-17 13:00:00,1533.0,7.9
2023-03-17 14:00:00,1555.0,8.8
2023-03-17 15:00:00,1559.0,9.0
2023-03-17 16:00:00,1639.0,8.5
2023-03-17 17:00:00,1690.0,8.5
2023-03-17 18:00:00,1590.0,8.1
2023-03-17 19:00:00,1660.0,7.9
2023-03-17 20:00:00,1684.0,7.7
2023-03-17 21:00:00,1571.0,7.3
2023-03-17 22:00:00,1402.0,7.3
2023-03-17 23:00:00,1247.0,7.3
2023-03-18 00:00:00,1228.0,7.4
2023-03-18 01:00:00,1157.0,7.2
2023-03-18 02:00:00,1094.0,7.0
2023-03-18 03:00:00,1065.0,7.1
2023-03-18 04:00:00,1051.0,6.9
2023-03-18 05:00:00,1044.0,6.6
2023-03-18 06:00:00,1126.0,6.4
2023-03-18 07:00:00,1269.0,6.4
2023-03-18 08:00:00,1540.0,6.5
2023-03-18 09:00:00,1715.0,5.9
2023-03-18 10:00:00,1780.0,5.0
2023-03-18 11:00:00,1794.0,5.4
2023-03-18 12:00:00,1654.0,5.8
2023-03-18 13:00:00,1651.0,5.9
2023-03-18 14:00:00,1670.0,5.6
2023-03-18 15:00:00,1678.0,5.5
2023-03-18 16:00:00,1671.0,5.5
2023-03-18 17:00:00,1685.0,5.5
2023-03-18 18:00:00,1625.0,5.5
2023-03-18 19:00:00,1665.0,5.4
2023-03-18 20:00:00,1684.0,5.4
2023-03-18 21:00:00,1566.0,5.4
2023-03-18 22:00:00,1389.0,5.5
2023-03-18 23:00:00,1221.0,5.4
2023-03-19 00:00:00,1211.0,5.4
2023-03-19 01:00:00,1128.0,5.4
2023-03-19 02:00:00,1075.0,5.4
2023-03-19 03:00:00,1051.0,5.4
2023-03-19 04:00:00,1019.0,5.5
2023-03-19 05:00:00,1013.0,5.5
2023-03-19 06:00:00,1058.0,5.5
2023-03-19 07:00:00,1159.0,5.7
2023-03-19 08:00:00,1442.0,5.8
2023-03-19 09:00:00,1636.0,6.1
2023-03-19 10:00:00,1727.0,6.3
2023-03-19 11:00:00,1753.0,6.5
2023-03-19 12:00:00,1628.0,6.8
2023-03-19 13:00:00,1597.0,7.0
2023-03-19 14:00:00,1608.0,7.1
2023-03-19 15:00:00,1645.0,7.1
2023-03-19 16:00:00,1694.0,7.0
2023-03-19 17:00:00,1722.0,7.1
2023-03-19 18:00:00,1645.0,7.1
2023-03-19 19:00:00,1720.0,7.0
2023-03-19 20:00:00,1730.0,7.0
2023-03-19 21:00:00,1618.0,7.1
2023-03-19 22:00:00,1403.0,7.1
2023-03-19 23:00:00,1225.0,7.2
2023-03-20 00:00:00,1199.0,7.1
2023-03-20 01:00:00,1105.0,7.2
2023-03-20 02:00:00,1055.0,7.1
2023-03-20 03:00:00,1029.0,7.1
2023-03-20 04:00:00,1014.0,7.1
2023-03-20 05:00:00,1025.0,7.0
2023-03-20 06:00:00,1110.0,7.1
2023-03-20 07:00:00,1345.0,7.2
2023-03-20 08:00:00,1582.0,7.3
2023-03-20 09:00:00,1753.0,7.4
2023-03-20 10:00:00,1770.0,7.8
2023-03-20 11:00:00,1777.0,7.8
2023-03-20 12:00:00,1640.0,8.2
2023-03-20 13:00:00,1638.0,8.6
2023-03-20 14:00:00,1671.0,8.7
2023-03-20 15:00:00,1708.0,8.8
2023-03-20 16:00:00,1750.0,8.8
2023-03-20 17:00:00,1787.0,8.7
2023-03-20 18:00:00,1697.0,8.5
2023-03-20 19:00:00,1769.0,8.3
2023-03-20 20:00:00,1780.0,8.3
2023-03-20 21:00:00,1658.0,8.3
2023-03-20 22:00:00,1455.0,8.3
2023-03-20 23:00:00,1279.0,8.3
2023-03-21 00:00:00,1255.0,8.3
2023-03-21 01:00:00,1174.0,8.4
2023-03-21 02:00:00,1115.0,8.3
2023-03-21 03:00:00,1090.0,8.4
2023-03-21 04:00:00,1078.0,8.4
2023-03-21 05:00:00,1085.0,8.4
2023-03-21 06:00:00,1159.0,8.4
2023-03-21 07:00:00,1345.0,8.4
2023-03-21 08:00:00,1613.0,8.6
2023-03-21 09:00:00,1763.0,9.0
2023-03-21 10:00:00,1777.0,9.3
2023-03-21 11:00:00,1779.0,9.4
2023-03-21 12:00:00,1616.0,9.5
2023-03-21 13:00:00,1600.0,9.6
2023-03-21 14:00:00,1639.0,9.9
2023-03-21 15:00:00,1649.0,10.0
2023-03-21 16:00:00,1715.0,10.0
2023-03-21 17:00:00,1744.0,10.1
2023-03-21 18:00:00,1633.0,10.1
2023-03-21 19:00:00,1703.0,9.9
2023-03-21 20:00:00,1763.0,10.1
2023-03-21 21:00:00,1684.0,10.0
2023-03-21 22:00:00,1468.0,10.1
2023-03-21 23:00:00,1285.0,10.0
2023-03-22 00:00:00,1246.0,10.0
2023-03-22 01:00:00,1156.0,10.1
2023-03-22 02:00:00,1105.0,10.0
2023-03-22 03:00:00,1074.0,9.9
2023-03-22 04:00:00,1051.0,9.8
2023-03-22 05:00:00,1040.0,9.9
2023-03-22 06:00:00,1116.0,9.9
2023-03-22 07:00:00,1332.0,10.1
2023-03-22 08:00:00,1575.0,10.2
2023-03-22 09:00:00,1729.0,10.7
2023-03-22 10:00:00,1726.0,11.1
2023-03-22 11:00:00,1649.0,12.7
2023-03-22 12:00:00,1431.0,14.4
2023-03-22 13:00:00,1435.0,14.8
2023-03-22 14:00:00,1458.0,15.6
2023-03-22 15:00:00,1471.0,16.0
2023-03-22 16:00:00,1636.0,15.6
2023-03-22 17:00:00,1733.0,15.2
2023-03-22 18:00:00,1610.0,14.7
2023-03-22 19:00:00,1702.0,14.9
2023-03-22 20:00:00,1724.0,14.6
2023-03-22 21:00:00,1620.0,14.6
2023-03-22 22:00:00,1413.0,14.4
2023-03-22 23:00:00,1238.0,14.8
2023-03-23 00:00:00,1199.0,14.9
2023-03-23 01:00:00,1134.0,14.5
2023-03-23 02:00:00,1087.0,13.8
2023-03-23 03:00:00,1052.0,13.3
2023-03-23 04:00:00,1038.0,12.9
2023-03-23 05:00:00,1029.0,12.9
2023-03-23 06:00:00,1125.0,12.9
2023-03-23 07:00:00,1317.0,12.6
2023-03-23 08:00:00,1551.0,12.6
2023-03-23 09:00:00,1687.0,12.6
2023-03-23 10:00:00,1735.0,12.9
2023-03-23 11:00:00,1677.0,13.0
2023-03-23 12:00:00,1545.0,13.0
2023-03-23 13:00:00,1535.0,13.0
2023-03-23 14:00:00,1553.0,13.0
2023-03-23 15:00:00,1560.0,13.5
2023-03-23 16:00:00,1655.0,13.2
2023-03-23 17:00:00,1673.0,13.1
2023-03-23 18:00:00,1600.0,13.0
2023-03-23 19:00:00,1676.0,12.8
2023-03-23 20:00:00,1689.0,12.0
2023-03-23 21:00:00,1575.0,10.4
2023-03-23 22:00:00,1391.0,9.2
2023-03-23 23:00:00,1262.0,8.7
2023-03-24 00:00:00,1250.0,8.3
2023-03-24 01:00:00,1171.0,7.6
2023-03-24 02:00:00,1117.0,7.6
2023-03-24 03:00:00,1082.0,7.3
2023-03-24 04:00:00,1068.0,7.3
2023-03-24 05:00:00,1044.0,7.3
2023-03-24 06:00:00,1137.0,7.1
2023-03-24 07:00:00,1313.0,7.2
2023-03-24 08:00:00,1589.0,7.2
2023-03-24 09:00:00,1747.0,7.6
2023-03-24 10:00:00,1741.0,8.3
2023-03-24 11:00:00,1755.0,9.0
2023-03-24 12:00:00,1592.0,9.4
2023-03-24 13:00:00,1613.0,9.5
2023-03-24 14:00:00,1606.0,9.6
2023-03-24 15:00:00,1610.0,10.1
2023-03-24 16:00:00,1679.0,10.2
2023-03-24 17:00:00,1701.0,10.1
2023-03-24 18:00:00,1613.0,9.9
2023-03-24 19:00:00,1672.0,9.8
2023-03-24 20:00:00,1711.0,9.9
2023-03-24 21:00:00,1621.0,9.5
2023-03-24 22:00:00,1444.0,9.1
2023-03-24 23:00:00,1295.0,8.8
2023-03-25 00:00:00,1275.0,8.5
2023-03-25 01:00:00,1185.0,8.4
2023-03-25 02:00:00,1125.0,8.4
2023-03-25 03:00:00,1084.0,8.4
2023-03-25 04:00:00,1044.0,8.7
2023-03-25 05:00:00,1023.0,8.5
2023-03-25 06:00:00,1096.0,8.4
2023-03-25 07:00:00,1262.0,8.2
2023-03-25 08:00:00,1513.0,8.6
2023-03-25 09:00:00,1612.0,10.0
2023-03-25 10:00:00,1604.0,10.6
2023-03-25 11:00:00,1600.0,11.1
2023-03-25 12:00:00,1472.0,11.1
2023-03-25 13:00:00,1460.0,11.5
2023-03-25 14:00:00,1457.0,11.8
2023-03-25 15:00:00,1458.0,14.1
2023-03-25 16:00:00,1514.0,11.8
2023-03-25 17:00:00,1553.0,12.2
2023-03-25 18:00:00,1500.0,11.5
2023-03-25 19:00:00,1575.0,10.5
2023-03-25 20:00:00,1693.0,9.9
2023-03-25 21:00:00,1608.0,9.8
2023-03-25 22:00:00,1432.0,9.9
2023-03-25 23:00:00,1266.0,10.1
2023-03-26 00:00:00,1232.0,8.9
2023-03-26 01:00:00,1149.0,9.0
2023-03-26 02:00:00,1085.0,8.7
2023-03-26 03:00:00,1028.0,8.6
2023-03-26 04:00:00,1020.0,8.0
2023-03-26 05:00:00,1033.0,7.3
2023-03-26 06:00:00,1075.0,7.4
2023-03-26 07:00:00,1320.0,6.6
2023-03-26 08:00:00,1459.0,8.7
2023-03-26 09:00:00,1481.0,9.9
2023-03-26 10:00:00,1473.0,14.3
2023-03-26 11:00:00,1418.0,15.1
2023-03-26 12:00:00,1333.0,17.9
2023-03-26 13:00:00,1385.0,16.0
2023-03-26 14:00:00,1459.0,16.3
2023-03-26 15:00:00,1458.0,14.9
2023-03-26 16:00:00,1535.0,14.3
2023-03-26 17:00:00,1610.0,14.0
2023-03-26 18:00:00,1483.0,13.7
2023-03-26 19:00:00,1530.0,13.2
2023-03-26 20:00:00,1619.0,13.0
2023-03-26 21:00:00,1544.0,12.8
2023-03-26 22:00:00,1313.0,12.1
2023-03-26 23:00:00,1178.0,12.8
2023-03-27 00:00:00,1138.0,11.8
2023-03-27 01:00:00,1078.0,12.4
2023-03-27 02:00:00,1037.0,11.4
2023-03-27 03:00:00,1005.0,11.2
2023-03-27 04:00:00,1003.0,11.4
2023-03-27 05:00:00,1005.0,11.4
2023-03-27 06:00:00,1113.0,11.2
2023-03-27 07:00:00,1350.0,10.9
2023-03-27 08:00:00,1506.0,11.5
2023-03-27 09:00:00,1581.0,13.1
2023-03-27 10:00:00,1554.0,14.5
2023-03-27 11:00:00,1566.0,15.6
2023-03-27 12:00:00,1417.0,15.1
2023-03-27 13:00:00,1438.0,15.4
2023-03-27 14:00:00,1466.0,14.1
2023-03-27 15:00:00,1470.0,15.2
2023-03-27 16:00:00,1528.0,15.0
2023-03-27 17:00:00,1590.0,14.4
2023-03-27 18:00:00,1499.0,14.1
2023-03-27 19:00:00,1565.0,13.4
2023-03-27 20:00:00,1669.0,13.1
2023-03-27 21:00:00,1567.0,12.5
2023-03-27 22:00:00,1383.0,12.4
2023-03-27 23:00:00,1218.0,12.3
2023-03-28 00:00:00,1195.0,12.2
2023-03-28 01:00:00,1137.0,12.1
2023-03-28 02:00:00,1098.0,11.5
2023-03-28 03:00:00,1073.0,10.9
2023-03-28 04:00:00,1048.0,10.9
2023-03-28 05:00:00,1041.0,10.9
2023-03-28 06:00:00,1153.0,10.5
2023-03-28 07:00:00,1379.0,9.9
2023-03-28 08:00:00,1540.0,9.8
2023-03-28 09:00:00,1658.0,10.4
2023-03-28 10:00:00,1662.0,10.2
2023-03-28 11:00:00,1623.0,11.1
2023-03-28 12:00:00,1475.0,11.5
2023-03-28 13:00:00,1508.0,12.1
2023-03-28 14:00:00,1516.0,12.6
2023-03-28 15:00:00,1564.0,12.9
2023-03-28 16:00:00,1609.0,13.2
2023-03-28 17:00:00,1645.0,13.2
2023-03-28 18:00:00,1518.0,13.2
2023-03-28 19:00:00,1563.0,13.0
2023-03-28 20:00:00,1651.0,12.8
2023-03-28 21:00:00,1566.0,12.5
2023-03-28 22:00:00,1389.0,12.2
2023-03-28 23:00:00,1213.0,12.3
2023-03-29 00:00:00,1204.0,12.2
2023-03-29 01:00:00,1138.0,11.6
2023-03-29 02:00:00,1086.0,11.2
2023-03-29 03:00:00,1061.0,11.5
2023-03-29 04:00:00,1031.0,11.2
2023-03-29 05:00:00,1054.0,10.8
2023-03-29 06:00:00,1143.0,10.7
2023-03-29 07:00:00,1387.0,10.9
2023-03-29 08:00:00,1528.0,10.9
2023-03-29 09:00:00,1628.0,11.2
2023-03-29 10:00:00,1650.0,11.9
2023-03-29 11:00:00,1655.0,12.4
2023-03-29 12:00:00,1522.0,12.8
2023-03-29 13:00:00,1528.0,13.4
2023-03-29 14:00:00,1589.0,13.5
2023-03-29 15:00:00,1566.0,13.5
2023-03-29 16:00:00,1580.0,13.8
2023-03-29 17:00:00,1600.0,14.0
2023-03-29 18:00:00,1505.0,13.5
2023-03-29 19:00:00,1581.0,13.0
2023-03-29 20:00:00,1650.0,13.0
2023-03-29 21:00:00,1589.0,12.5
2023-03-29 22:00:00,1368.0,12.4
2023-03-29 23:00:00,1215.0,12.4
2023-03-30 00:00:00,1199.0,11.6
2023-03-30 01:00:00,1129.0,11.5
2023-03-30 02:00:00,1088.0,10.9
2023-03-30 03:00:00,1048.0,10.7
2023-03-30 04:00:00,1036.0,10.4
2023-03-30 05:00:00,1058.0,9.9
2023-03-30 06:00:00,1157.0,9.3
2023-03-30 07:00:00,1426.0,10.2
2023-03-30 08:00:00,1510.0,9.8
2023-03-30 09:00:00,1485.0,11.6
2023-03-30 10:00:00,1489.0,14.8
2023-03-30 11:00:00,1445.0,18.1
2023-03-30 12:00:00,1282.0,19.1
2023-03-30 13:00:00,1262.0,20.3
2023-03-30 14:00:00,1290.0,20.7
2023-03-30 15:00:00,1347.0,21.7
2023-03-30 16:00:00,1393.0,21.1
2023-03-30 17:00:00,1451.0,20.7
2023-03-30 18:00:00,1371.0,18.4
2023-03-30 19:00:00,1461.0,16.1
2023-03-30 20:00:00,1595.0,15.3
2023-03-30 21:00:00,1508.0,14.7
2023-03-30 22:00:00,1309.0,14.6
2023-03-30 23:00:00,1162.0,14.3
2023-03-31 00:00:00,1154.0,14.2
2023-03-31 01:00:00,1077.0,14.2
2023-03-31 02:00:00,1040.0,13.8
2023-03-31 03:00:00,1001.0,13.1
2023-03-31 04:00:00,1000.0,13.4
2023-03-31 05:00:00,1003.0,13.5
2023-03-31 06:00:00,1114.0,12.4
2023-03-31 07:00:00,1382.0,12.1
2023-03-31 08:00:00,1449.0,11.1
2023-03-31 09:00:00,1447.0,13.8
2023-03-31 10:00:00,1410.0,18.5
2023-03-31 11:00:00,1368.0,20.6
2023-03-31 12:00:00,1221.0,21.8
2023-03-31 13:00:00,1216.0,22.8
2023-03-31 14:00:00,1244.0,23.4
2023-03-31 15:00:00,1277.0,23.5
2023-03-31 16:00:00,1315.0,22.9
2023-03-31 17:00:00,1433.0,22.1
2023-03-31 18:00:00,1375.0,20.7
2023-03-31 19:00:00,1439.0,19.0
2023-03-31 20:00:00,1535.0,18.7
2023-03-31 21:00:00,1482.0,18.8
2023-03-31 22:00:00,1314.0,18.6
2023-03-31 23:00:00,1163.0,18.2
2023-04-01 00:00:00,1177.0,18.1
2023-04-01 01:00:00,1117.0,17.6
2023-04-01 02:00:00,1053.0,17.3
2023-04-01 03:00:00,1005.0,17.6
2023-04-01 04:00:00,999.0,17.1
2023-04-01 05:00:00,1003.0,17.2
2023-04-01 06:00:00,1078.0,15.5
2023-04-01 07:00:00,1300.0,15.1
2023-04-01 08:00:00,1346.0,16.0
2023-04-01 09:00:00,1370.0,19.0
2023-04-01 10:00:00,1303.0,21.9
2023-04-01 11:00:00,1273.0,23.1
2023-04-01 12:00:00,1150.0,24.9
2023-04-01 13:00:00,1135.0,25.6
2023-04-01 14:00:00,1189.0,27.0
2023-04-01 15:00:00,1195.0,27.8
2023-04-01 16:00:00,1283.0,27.2
2023-04-01 17:00:00,1356.0,26.1
2023-04-01 18:00:00,1305.0,24.4
2023-04-01 19:00:00,1353.0,22.3
2023-04-01 20:00:00,1471.0,21.5
2023-04-01 21:00:00,1399.0,21.1
2023-04-01 22:00:00,1244.0,20.1
2023-04-01 23:00:00,1102.0,19.9
2023-04-02 00:00:00,1135.0,19.2
2023-04-02 01:00:00,1087.0,18.8
2023-04-02 02:00:00,1008.0,18.6
2023-04-02 03:00:00,980.0,18.1
2023-04-02 04:00:00,970.0,17.6
2023-04-02 05:00:00,965.0,17.3
2023-04-02 06:00:00,1046.0,17.2
2023-04-02 07:00:00,1233.0,17.6
2023-04-02 08:00:00,1357.0,16.4
2023-04-02 09:00:00,1417.0,16.4
2023-04-02 10:00:00,1342.0,19.0
2023-04-02 11:00:00,1297.0,22.2
2023-04-02 12:00:00,1164.0,24.0
2023-04-02 13:00:00,1179.0,25.5
2023-04-02 14:00:00,1243.0,25.9
2023-04-02 15:00:00,1254.0,24.9
2023-04-02 16:00:00,1315.0,23.9
2023-04-02 17:00:00,1384.0,23.6
2023-04-02 18:00:00,1303.0,23.8
2023-04-02 19:00:00,1358.0,21.7
2023-04-02 20:00:00,1472.0,19.3
2023-04-02 21:00:00,1357.0,18.0
2023-04-02 22:00:00,1198.0,17.5
2023-04-02 23:00:00,1061.0,17.3
2023-04-03 00:00:00,1096.0,16.7
2023-04-03 01:00:00,1061.0,16.6
2023-04-03 02:00:00,983.0,16.7
2023-04-03 03:00:00,965.0,16.8
2023-04-03 04:00:00,947.0,16.5
2023-04-03 05:00:00,970.0,16.5
2023-04-03 06:00:00,1018.0,16.6
2023-04-03 07:00:00,1241.0,16.7
2023-04-03 08:00:00,1362.0,17.3
2023-04-03 09:00:00,1419.0,17.6
2023-04-03 10:00:00,1447.0,17.7
2023-04-03 11:00:00,1418.0,18.5
2023-04-03 12:00:00,1306.0,19.3
2023-04-03 13:00:00,1259.0,19.9
2023-04-03 14:00:00,1270.0,20.7
2023-04-03 15:00:00,1345.0,20.2
2023-04-03 16:00:00,1405.0,18.9
2023-04-03 17:00:00,1441.0,18.2
2023-04-03 18:00:00,1391.0,17.6
2023-04-03 19:00:00,1409.0,17.4
2023-04-03 20:00:00,1501.0,16.2
2023-04-03 21:00:00,1392.0,14.9
2023-04-03 22:00:00,1179.0,14.5
2023-04-03 23:00:00,1085.0,14.3
2023-04-04 00:00:00,1109.0,13.7
2023-04-04 01:00:00,1078.0,13.0
2023-04-04 02:00:00,1020.0,12.0
2023-04-04 03:00:00,1005.0,11.7
2023-04-04 04:00:00,992.0,11.3
2023-04-04 05:00:00,990.0,11.1
2023-04-04 06:00:00,1061.0,11.1
2023-04-04 07:00:00,1243.0,11.1
2023-04-04 08:00:00,1411.0,10.8
2023-04-04 09:00:00,1531.0,11.0
2023-04-04 10:00:00,1535.0,11.0
2023-04-04 11:00:00,1513.0,10.9
2023-04-04 12:00:00,1388.0,11.1
2023-04-04 13:00:00,1369.0,11.2
2023-04-04 14:00:00,1348.0,11.2
2023-04-04 15:00:00,1418.0,11.7
2023-04-04 16:00:00,1428.0,11.7
2023-04-04 17:00:00,1503.0,11.9
2023-04-04 18:00:00,1414.0,12.0
2023-04-04 19:00:00,1453.0,12.2
2023-04-04 20:00:00,1506.0,12.3
2023-04-04 21:00:00,1428.0,12.7
2023-04-04 22:00:00,1284.0,12.5
2023-04-04 23:00:00,1128.0,12.7
2023-04-05 00:00:00,1106.0,12.6
2023-04-05 01:00:00,1051.0,12.7
2023-04-05 02:00:00,974.0,12.5
2023-04-05 03:00:00,944.0,12.4
2023-04-05 04:00:00,930.0,12.5
2023-04-05 05:00:00,932.0,12.5
2023-04-05 06:00:00,971.0,12.3
2023-04-05 07:00:00,1158.0,12.4
2023-04-05 08:00:00,1288.0,11.6
2023-04-05 09:00:00,1350.0,11.5
2023-04-05 10:00:00,1395.0,12.6
2023-04-05 11:00:00,1345.0,13.0
2023-04-05 12:00:00,1309.0,12.6
2023-04-05 13:00:00,1300.0,10.4
2023-04-05 14:00:00,1270.0,11.2
2023-04-05 15:00:00,1241.0,13.0
2023-04-05 16:00:00,1347.0,12.3
2023-04-05 17:00:00,1442.0,11.4
2023-04-05 18:00:00,1374.0,11.3
2023-04-05 19:00:00,1433.0,11.3
2023-04-05 20:00:00,1492.0,11.2
2023-04-05 21:00:00,1383.0,11.2
2023-04-05 22:00:00,1228.0,11.1
2023-04-05 23:00:00,1078.0,10.9
2023-04-06 00:00:00,1049.0,11.0
2023-04-06 01:00:00,999.0,10.9
2023-04-06 02:00:00,943.0,11.0
2023-04-06 03:00:00,921.0,11.1
2023-04-06 04:00:00,909.0,11.0
2023-04-06 05:00:00,926.0,10.9
2023-04-06 06:00:00,1029.0,10.9
2023-04-06 07:00:00,1211.0,10.9
2023-04-06 08:00:00,1396.0,11.1
2023-04-06 09:00:00,1510.0,11.4
2023-04-06 10:00:00,1415.0,12.4
2023-04-06 11:00:00,1375.0,13.3
2023-04-06 12:00:00,1227.0,15.3
2023-04-06 13:00:00,1210.0,16.2
2023-04-06 14:00:00,1201.0,18.2
2023-04-06 15:00:00,1236.0,17.9
2023-04-06 16:00:00,1281.0,17.9
2023-04-06 17:00:00,1337.0,17.5
2023-04-06 18:00:00,1346.0,16.5
2023-04-06 19:00:00,1402.0,14.7
2023-04-06 20:00:00,1539.0,13.5
2023-04-06 21:00:00,1489.0,13.1
2023-04-06 22:00:00,1305.0,12.8
2023-04-06 23:00:00,1149.0,12.4
2023-04-07 00:00:00,1151.0,11.8
2023-04-07 01:00:00,1070.0,11.6
2023-04-07 02:00:00,1038.0,11.3
2023-04-07 03:00:00,994.0,11.1
2023-04-07 04:00:00,988.0,11.9
2023-04-07 05:00:00,998.0,11.4
2023-04-07 06:00:00,1123.0,11.5
2023-04-07 07:00:00,1372.0,11.4
2023-04-07 08:00:00,1408.0,12.7
2023-04-07 09:00:00,1455.0,14.1
2023-04-07 10:00:00,1433.0,16.9
2023-04-07 11:00:00,1377.0,17.0
2023-04-07 12:00:00,1199.0,19.6
2023-04-07 13:00:00,1213.0,21.1
2023-04-07 14:00:00,1277.0,20.6
2023-04-07 15:00:00,1331.0,19.6
2023-04-07 16:00:00,1336.0,19.3
2023-04-07 17:00:00,1399.0,18.9
2023-04-07 18:00:00,1356.0,17.9
2023-04-07 19:00:00,1417.0,16.8
2023-04-07 20:00:00,1534.0,16.3
2023-04-07 21:00:00,1451.0,15.8
2023-04-07 22:00:00,1323.0,15.1
2023-04-07 23:00:00,1168.0,15.0
2023-04-08 00:00:00,1169.0,14.0
2023-04-08 01:00:00,1099.0,14.6
2023-04-08 02:00:00,1029.0,14.6
2023-04-08 03:00:00,994.0,13.4
2023-04-08 04:00:00,993.0,13.4
2023-04-08 05:00:00,994.0,12.9
2023-04-08 06:00:00,1092.0,12.4
2023-04-08 07:00:00,1288.0,12.7
2023-04-08 08:00:00,1392.0,13.4
2023-04-08 09:00:00,1410.0,15.6
2023-04-08 10:00:00,1365.0,18.9
2023-04-08 11:00:00,1326.0,21.2
2023-04-08 12:00:00,1157.0,22.1
2023-04-08 13:00:00,1150.0,22.8
2023-04-08 14:00:00,1195.0,23.3
2023-04-08 15:00:00,1196.0,23.7
2023-04-08 16:00:00,1265.0,22.9
2023-04-08 17:00:00,1371.0,21.4
2023-04-08 18:00:00,1345.0,20.4
2023-04-08 19:00:00,1372.0,17.7
2023-04-08 20:00:00,1523.0,16.5
2023-04-08 21:00:00,1446.0,16.1
2023-04-08 22:00:00,1308.0,16.3
2023-04-08 23:00:00,1172.0,17.5
2023-04-09 00:00:00,1157.0,15.9
2023-04-09 01:00:00,1093.0,15.0
2023-04-09 02:00:00,1047.0,15.1
2023-04-09 03:00:00,994.0,15.3
2023-04-09 04:00:00,978.0,14.4
2023-04-09 05:00:00,997.0,12.7
2023-04-09 06:00:00,1082.0,11.0
2023-04-09 07:00:00,1292.0,11.3
2023-04-09 08:00:00,1343.0,13.5
2023-04-09 09:00:00,1327.0,15.0
2023-04-09 10:00:00,1271.0,18.3
2023-04-09 11:00:00,1260.0,21.9
2023-04-09 12:00:00,1114.0,23.1
2023-04-09 13:00:00,1106.0,24.5
2023-04-09 14:00:00,1163.0,26.3
2023-04-09 15:00:00,1196.0,26.9
2023-04-09 16:00:00,1243.0,26.2
2023-04-09 17:00:00,1350.0,24.2
2023-04-09 18:00:00,1326.0,22.9
2023-04-09 19:00:00,1384.0,21.7
2023-04-09 20:00:00,1482.0,21.2
2023-04-09 21:00:00,1393.0,21.4
2023-04-09 22:00:00,1219.0,20.7
2023-04-09 23:00:00,1102.0,19.8
2023-04-10 00:00:00,1095.0,19.6
2023-04-10 01:00:00,1051.0,19.4
2023-04-10 02:00:00,1007.0,19.5
2023-04-10 03:00:00,977.0,18.7
2023-04-10 04:00:00,962.0,17.6
2023-04-10 05:00:00,999.0,18.9
2023-04-10 06:00:00,1109.0,17.2
2023-04-10 07:00:00,1320.0,16.0
2023-04-10 08:00:00,1382.0,17.4
2023-04-10 09:00:00,1380.0,19.2
2023-04-10 10:00:00,1371.0,21.4
2023-04-10 11:00:00,1326.0,23.6
2023-04-10 12:00:00,1162.0,25.2
2023-04-10 13:00:00,1177.0,26.4
2023-04-10 14:00:00,1206.0,27.4
2023-04-10 15:00:00,1246.0,28.5
2023-04-10 16:00:00,1291.0,28.4
2023-04-10 17:00:00,1380.0,27.8
2023-04-10 18:00:00,1354.0,26.8
2023-04-10 19:00:00,1397.0,24.2
2023-04-10 20:00:00,1495.0,22.5
2023-04-10 21:00:00,1406.0,21.3
2023-04-10 22:00:00,1223.0,20.9
2023-04-10 23:00:00,1118.0,21.0
2023-04-11 00:00:00,1146.0,20.0
2023-04-11 01:00:00,1096.0,19.6
2023-04-11 02:00:00,1058.0,19.9
2023-04-11 03:00:00,1037.0,19.8
2023-04-11 04:00:00,1025.0,18.9
2023-04-11 05:00:00,1046.0,20.0
2023-04-11 06:00:00,1175.0,19.9
2023-04-11 07:00:00,1350.0,18.2
2023-04-11 08:00:00,1388.0,19.6
2023-04-11 09:00:00,1408.0,22.9
2023-04-11 10:00:00,1388.0,24.0
2023-04-11 11:00:00,1332.0,26.2
2023-04-11 12:00:00,1209.0,27.1
2023-04-11 13:00:00,1240.0,24.3
2023-04-11 14:00:00,1280.0,23.4
2023-04-11 15:00:00,1295.0,22.7
2023-04-11 16:00:00,1385.0,20.8
2023-04-11 17:00:00,1440.0,20.6
2023-04-11 18:00:00,1370.0,21.1
2023-04-11 19:00:00,1387.0,21.8
2023-04-11 20:00:00,1440.0,22.1
2023-04-11 21:00:00,1347.0,21.9
2023-04-11 22:00:00,1198.0,20.7
2023-04-11 23:00:00,1078.0,20.1
2023-04-12 00:00:00,1087.0,21.7
2023-04-12 01:00:00,1057.0,19.4
2023-04-12 02:00:00,1013.0,19.2
2023-04-12 03:00:00,988.0,19.2
2023-04-12 04:00:00,992.0,20.0
2023-04-12 05:00:00,1001.0,18.0
2023-04-12 06:00:00,1127.0,17.6
2023-04-12 07:00:00,1308.0,17.4
2023-04-12 08:00:00,1376.0,18.8
2023-04-12 09:00:00,1386.0,21.1
2023-04-12 10:00:00,1420.0,23.9
2023-04-12 11:00:00,1374.0,25.2
2023-04-12 12:00:00,1219.0,26.0
2023-04-12 13:00:00,1210.0,26.6
2023-04-12 14:00:00,1259.0,26.6
2023-04-12 15:00:00,1307.0,26.9
2023-04-12 16:00:00,1339.0,26.7
2023-04-12 17:00:00,1427.0,25.5
2023-04-12 18:00:00,1371.0,23.8
2023-04-12 19:00:00,1382.0,22.6
2023-04-12 20:00:00,1466.0,22.5
2023-04-12 21:00:00,1384.0,23.1
2023-04-12 22:00:00,1223.0,22.7
2023-04-12 23:00:00,1118.0,20.9
2023-04-13 00:00:00,1147.0,20.9
2023-04-13 01:00:00,1100.0,21.2
2023-04-13 02:00:00,1061.0,21.4
2023-04-13 03:00:00,1026.0,21.2
2023-04-13 04:00:00,1010.0,20.5
2023-04-13 05:00:00,1028.0,20.3
2023-04-13 06:00:00,1166.0,20.8
2023-04-13 07:00:00,1335.0,19.1
2023-04-13 08:00:00,1397.0,20.0
2023-04-13 09:00:00,1424.0,22.3
2023-04-13 10:00:00,1432.0,24.1
2023-04-13 11:00:00,1402.0,24.1
2023-04-13 12:00:00,1269.0,24.0
2023-04-13 13:00:00,1266.0,24.1
2023-04-13 14:00:00,1277.0,26.0
2023-04-13 15:00:00,1305.0,26.6
2023-04-13 16:00:00,1399.0,25.8
2023-04-13 17:00:00,1432.0,24.6
2023-04-13 18:00:00,1378.0,23.3
2023-04-13 19:00:00,1379.0,22.6
2023-04-13 20:00:00,1448.0,22.1
2023-04-13 21:00:00,1347.0,21.9
2023-04-13 22:00:00,1194.0,21.7
2023-04-13 23:00:00,1110.0,21.7
2023-04-14 00:00:00,1148.0,21.0
2023-04-14 01:00:00,1106.0,20.2
2023-04-14 02:00:00,1069.0,20.1
2023-04-14 03:00:00,1065.0,20.0
2023-04-14 04:00:00,1030.0,19.7
2023-04-14 05:00:00,1039.0,19.7
2023-04-14 06:00:00,1161.0,20.0
2023-04-14 07:00:00,1356.0,19.6
2023-04-14 08:00:00,1436.0,19.6
2023-04-14 09:00:00,1498.0,19.6
2023-04-14 10:00:00,1482.0,21.1
2023-04-14 11:00:00,1452.0,20.8
2023-04-14 12:00:00,1291.0,20.9
2023-04-14 13:00:00,1279.0,20.4
2023-04-14 14:00:00,1315.0,20.1
2023-04-14 15:00:00,1332.0,19.2
2023-04-14 16:00:00,1382.0,18.5
2023-04-14 17:00:00,1443.0,19.8
2023-04-14 18:00:00,1326.0,19.3
2023-04-14 19:00:00,1337.0,18.6
2023-04-14 20:00:00,1439.0,17.7
2023-04-14 21:00:00,1366.0,17.4
2023-04-14 22:00:00,1243.0,17.2
2023-04-14 23:00:00,1143.0,17.3
2023-04-15 00:00:00,1184.0,17.2
2023-04-15 01:00:00,1117.0,16.6
2023-04-15 02:00:00,1084.0,16.0
2023-04-15 03:00:00,1053.0,15.6
2023-04-15 04:00:00,1037.0,15.6
2023-04-15 05:00:00,1054.0,15.1
2023-04-15 06:00:00,1164.0,14.8
2023-04-15 07:00:00,1312.0,15.1
2023-04-15 08:00:00,1421.0,15.3
2023-04-15 09:00:00,1430.0,16.1
2023-04-15 10:00:00,1403.0,17.5
2023-04-15 11:00:00,1335.0,19.1
2023-04-15 12:00:00,1172.0,21.7
2023-04-15 13:00:00,1156.0,24.2
2023-04-15 14:00:00,1180.0,25.4
2023-04-15 15:00:00,1230.0,26.5
2023-04-15 16:00:00,1256.0,26.7
2023-04-15 17:00:00,1353.0,27.2
2023-04-15 18:00:00,1296.0,26.5
2023-04-15 19:00:00,1331.0,25.2
2023-04-15 20:00:00,1458.0,24.2
2023-04-15 21:00:00,1370.0,22.7
2023-04-15 22:00:00,1246.0,22.3
2023-04-15 23:00:00,1107.0,21.2
2023-04-16 00:00:00,1118.0,20.1
2023-04-16 01:00:00,1094.0,20.1
2023-04-16 02:00:00,1033.0,19.3
2023-04-16 03:00:00,1001.0,19.5
2023-04-16 04:00:00,982.0,19.4
2023-04-16 05:00:00,987.0,19.3
2023-04-16 06:00:00,1099.0,19.5
2023-04-16 07:00:00,1250.0,19.4
2023-04-16 08:00:00,1284.0,20.2
2023-04-16 09:00:00,1285.0,23.2
2023-04-16 10:00:00,1264.0,25.7
2023-04-16 11:00:00,1246.0,27.7
2023-04-16 12:00:00,1128.0,29.6
2023-04-16 13:00:00,1122.0,31.7
2023-04-16 14:00:00,1145.0,32.6
2023-04-16 15:00:00,1165.0,33.8
2023-04-16 16:00:00,1227.0,33.7
2023-04-16 17:00:00,1316.0,31.1
2023-04-16 18:00:00,1293.0,29.1
2023-04-16 19:00:00,1326.0,27.2
2023-04-16 20:00:00,1462.0,26.3
2023-04-16 21:00:00,1362.0,26.2
2023-04-16 22:00:00,1209.0,25.1
2023-04-16 23:00:00,1087.0,24.8
2023-04-17 00:00:00,1119.0,24.7
2023-04-17 01:00:00,1057.0,24.1
2023-04-17 02:00:00,1031.0,25.0
2023-04-17 03:00:00,1009.0,25.9
2023-04-17 04:00:00,1001.0,22.4
2023-04-17 05:00:00,1021.0,23.7
2023-04-17 06:00:00,1171.0,23.8
2023-04-17 07:00:00,1288.0,24.2
2023-04-17 08:00:00,1345.0,24.5
2023-04-17 09:00:00,1379.0,26.3
2023-04-17 10:00:00,1381.0,29.3
2023-04-17 11:00:00,1344.0,30.5
2023-04-17 12:00:00,1217.0,31.8
2023-04-17 13:00:00,1220.0,31.9
2023-04-17 14:00:00,1288.0,33.1
2023-04-17 15:00:00,1332.0,33.7
2023-04-17 16:00:00,1442.0,33.6
2023-04-17 17:00:00,1480.0,32.9
2023-04-17 18:00:00,1443.0,31.7
2023-04-17 19:00:00,1459.0,30.5
2023-04-17 20:00:00,1540.0,29.0
2023-04-17 21:00:00,1472.0,28.0
2023-04-17 22:00:00,1296.0,27.5
2023-04-17 23:00:00,1233.0,27.1
2023-04-18 00:00:00,1197.0,26.6
2023-04-18 01:00:00,1165.0,25.9
2023-04-18 02:00:00,1123.0,24.7
2023-04-18 03:00:00,1071.0,21.7
2023-04-18 04:00:00,1055.0,20.8
2023-04-18 05:00:00,1048.0,20.8
2023-04-18 06:00:00,1169.0,20.8
2023-04-18 07:00:00,1312.0,20.6
2023-04-18 08:00:00,1386.0,20.5
2023-04-18 09:00:00,1449.0,20.4
2023-04-18 10:00:00,1456.0,20.7
2023-04-18 11:00:00,1444.0,20.7
2023-04-18 12:00:00,1330.0,21.2
2023-04-18 13:00:00,1338.0,21.1
2023-04-18 14:00:00,1344.0,21.6
2023-04-18 15:00:00,1384.0,21.8
2023-04-18 16:00:00,1432.0,21.4
2023-04-18 17:00:00,1472.0,21.2
2023-04-18 18:00:00,1388.0,21.1
2023-04-18 19:00:00,1388.0,20.9
2023-04-18 20:00:00,1446.0,20.8
2023-04-18 21:00:00,1389.0,20.8
2023-04-18 22:00:00,1255.0,20.6
2023-04-18 23:00:00,1168.0,20.3
2023-04-19 00:00:00,1200.0,20.2
2023-04-19 01:00:00,1158.0,20.1
2023-04-19 02:00:00,1138.0,20.0
2023-04-19 03:00:00,1117.0,20.1
2023-04-19 04:00:00,1106.0,20.1
2023-04-19 05:00:00,1115.0,20.0
2023-04-19 06:00:00,1250.0,20.0
2023-04-19 07:00:00,1378.0,20.3
2023-04-19 08:00:00,1426.0,21.3
2023-04-19 09:00:00,1440.0,21.5
2023-04-19 10:00:00,1420.0,21.8
2023-04-19 11:00:00,1400.0,23.4
2023-04-19 12:00:00,1248.0,25.5
2023-04-19 13:00:00,1245.0,25.7
2023-04-19 14:00:00,1314.0,26.0
2023-04-19 15:00:00,1330.0,26.7
2023-04-19 16:00:00,1383.0,26.5
2023-04-19 17:00:00,1451.0,26.0
2023-04-19 18:00:00,1404.0,25.7
2023-04-19 19:00:00,1415.0,24.7
2023-04-19 20:00:00,1552.0,23.8
2023-04-19 21:00:00,1452.0,24.1
2023-04-19 22:00:00,1303.0,23.9
2023-04-19 23:00:00,1196.0,23.5
2023-04-20 00:00:00,1204.0,23.2
2023-04-20 01:00:00,1159.0,22.3
2023-04-20 02:00:00,1114.0,21.4
2023-04-20 03:00:00,1105.0,21.5
2023-04-20 04:00:00,1093.0,20.5
2023-04-20 05:00:00,1090.0,20.3
2023-04-20 06:00:00,1234.0,20.0
2023-04-20 07:00:00,1369.0,20.3
2023-04-20 08:00:00,1399.0,20.7
2023-04-20 09:00:00,1431.0,23.6
2023-04-20 10:00:00,1410.0,26.4
2023-04-20 11:00:00,1402.0,28.6
2023-04-20 12:00:00,1272.0,29.3
2023-04-20 13:00:00,1311.0,29.6
2023-04-20 14:00:00,1330.0,29.3
2023-04-20 15:00:00,1367.0,29.2
2023-04-20 16:00:00,1436.0,29.2
2023-04-20 17:00:00,1475.0,28.2
2023-04-20 18:00:00,1408.0,27.2
2023-04-20 19:00:00,1431.0,25.6
2023-04-20 20:00:00,1523.0,25.7
2023-04-20 21:00:00,1467.0,24.9
2023-04-20 22:00:00,1306.0,24.9
2023-04-20 23:00:00,1186.0,24.3
2023-04-21 00:00:00,1213.0,24.7
2023-04-21 01:00:00,1170.0,24.7
2023-04-21 02:00:00,1128.0,23.0
2023-04-21 03:00:00,1098.0,22.7
2023-04-21 04:00:00,1078.0,22.6
2023-04-21 05:00:00,1082.0,22.7
2023-04-21 06:00:00,1231.0,23.5
2023-04-21 07:00:00,1335.0,23.3
2023-04-21 08:00:00,1404.0,23.2
2023-04-21 09:00:00,1463.0,23.1
2023-04-21 10:00:00,1477.0,23.0
2023-04-21 11:00:00,1463.0,20.8
2023-04-21 12:00:00,1277.0,20.0
2023-04-21 13:00:00,1269.0,18.8
2023-04-21 14:00:00,1311.0,18.0
2023-04-21 15:00:00,1358.0,17.9
2023-04-21 16:00:00,1385.0,18.1
2023-04-21 17:00:00,1411.0,17.8
2023-04-21 18:00:00,1332.0,17.6
2023-04-21 19:00:00,1334.0,17.0
2023-04-21 20:00:00,1372.0,16.1
2023-04-21 21:00:00,1272.0,15.2
2023-04-21 22:00:00,1148.0,13.7
2023-04-21 23:00:00,1073.0,13.0
2023-04-22 00:00:00,1118.0,12.7
2023-04-22 01:00:00,1061.0,12.3
2023-04-22 02:00:00,1019.0,12.0
2023-04-22 03:00:00,1021.0,11.7
2023-04-22 04:00:00,1009.0,11.4
2023-04-22 05:00:00,999.0,10.4
2023-04-22 06:00:00,1084.0,9.7
2023-04-22 07:00:00,1213.0,9.6
2023-04-22 08:00:00,1356.0,9.0
2023-04-22 09:00:00,1411.0,9.0
2023-04-22 10:00:00,1430.0,8.9
2023-04-22 11:00:00,1405.0,8.8
2023-04-22 12:00:00,1268.0,8.4
2023-04-22 13:00:00,1275.0,8.3
2023-04-22 14:00:00,1315.0,8.2
2023-04-22 15:00:00,1344.0,8.1
2023-04-22 16:00:00,1413.0,7.9
2023-04-22 17:00:00,1459.0,7.6
2023-04-22 18:00:00,1374.0,7.6
2023-04-22 19:00:00,1368.0,7.6
2023-04-22 20:00:00,1465.0,7.6
2023-04-22 21:00:00,1400.0,7.4
2023-04-22 22:00:00,1175.0,7.3
2023-04-22 23:00:00,1062.0,7.0
2023-04-23 00:00:00,1089.0,6.9
2023-04-23 01:00:00,1043.0,6.8
2023-04-23 02:00:00,994.0,6.7
2023-04-23 03:00:00,962.0,6.6
2023-04-23 04:00:00,971.0,6.6
2023-04-23 05:00:00,974.0,6.7
2023-04-23 06:00:00,1059.0,6.6
2023-04-23 07:00:00,1266.0,6.7
2023-04-23 08:00:00,1377.0,6.7
2023-04-23 09:00:00,1486.0,6.9
2023-04-23 10:00:00,1528.0,6.9
2023-04-23 11:00:00,1525.0,7.2
2023-04-23 12:00:00,1390.0,7.4
2023-04-23 13:00:00,1395.0,7.5
2023-04-23 14:00:00,1399.0,7.8
2023-04-23 15:00:00,1425.0,7.7
2023-04-23 16:00:00,1498.0,7.8
2023-04-23 17:00:00,1555.0,7.8
2023-04-23 18:00:00,1478.0,7.8
2023-04-23 19:00:00,1515.0,7.8
2023-04-23 20:00:00,1611.0,7.7
2023-04-23 21:00:00,1529.0,7.9
2023-04-23 22:00:00,1361.0,8.0
2023-04-23 23:00:00,1238.0,8.2
2023-04-24 00:00:00,1088.0,8.2
2023-04-24 01:00:00,1054.0,8.1
2023-04-24 02:00:00,1014.0,8.0
2023-04-24 03:00:00,986.0,7.9
2023-04-24 04:00:00,970.0,7.9
2023-04-24 05:00:00,971.0,8.0
2023-04-24 06:00:00,1080.0,8.0
2023-04-24 07:00:00,1101.0,8.1
2023-04-24 08:00:00,1424.0,8.3
2023-04-24 09:00:00,1539.0,8.6
2023-04-24 10:00:00,1577.0,8.8
2023-04-24 11:00:00,1610.0,9.3
2023-04-24 12:00:00,1419.0,10.2
2023-04-24 13:00:00,1424.0,10.5
2023-04-24 14:00:00,1437.0,10.7
2023-04-24 15:00:00,1489.0,10.7
2023-04-24 16:00:00,1515.0,10.8
2023-04-24 17:00:00,1554.0,11.0
2023-04-24 18:00:00,1467.0,10.7
2023-04-24 19:00:00,1518.0,10.5
2023-04-24 20:00:00,1603.0,10.6
2023-04-24 21:00:00,1509.0,10.5
2023-04-24 22:00:00,1320.0,10.1
2023-04-24 23:00:00,1158.0,10.0
2023-04-25 00:00:00,1141.0,9.9
2023-04-25 01:00:00,1101.0,9.5
2023-04-25 02:00:00,1037.0,9.2
2023-04-25 03:00:00,1010.0,9.1
2023-04-25 04:00:00,996.0,9.1
2023-04-25 05:00:00,1005.0,9.1
2023-04-25 06:00:00,1133.0,9.0
2023-04-25 07:00:00,1340.0,9.2
2023-04-25 08:00:00,1401.0,9.9
2023-04-25 09:00:00,1439.0,11.1
2023-04-25 10:00:00,1455.0,13.1
2023-04-25 11:00:00,1442.0,15.2
2023-04-25 12:00:00,1291.0,15.0
2023-04-25 13:00:00,1274.0,16.4
2023-04-25 14:00:00,1303.0,17.1
2023-04-25 15:00:00,1327.0,18.7
2023-04-25 16:00:00,1383.0,19.6
2023-04-25 17:00:00,1478.0,20.2
2023-04-25 18:00:00,1364.0,19.1
2023-04-25 19:00:00,1381.0,18.2
2023-04-25 20:00:00,1543.0,18.0
2023-04-25 21:00:00,1476.0,16.8
2023-04-25 22:00:00,1296.0,14.1
2023-04-25 23:00:00,1138.0,14.3
2023-04-26 00:00:00,1141.0,14.1
2023-04-26 01:00:00,1074.0,14.1
2023-04-26 02:00:00,1030.0,14.2
2023-04-26 03:00:00,990.0,13.3
2023-04-26 04:00:00,965.0,12.5
2023-04-26 05:00:00,989.0,11.9
2023-04-26 06:00:00,988.0,11.2
2023-04-26 07:00:00,1314.0,12.5
2023-04-26 08:00:00,1338.0,14.3
2023-04-26 09:00:00,1397.0,17.3
2023-04-26 10:00:00,1365.0,19.8
2023-04-26 11:00:00,1319.0,21.6
2023-04-26 12:00:00,1156.0,22.0
2023-04-26 13:00:00,1163.0,23.9
2023-04-26 14:00:00,1213.0,24.7
2023-04-26 15:00:00,1230.0,24.6
2023-04-26 16:00:00,1302.0,23.8
2023-04-26 17:00:00,1407.0,22.1
2023-04-26 18:00:00,1322.0,20.8
2023-04-26 19:00:00,1356.0,19.5
2023-04-26 20:00:00,1497.0,18.1
2023-04-26 21:00:00,1431.0,18.1
2023-04-26 22:00:00,1253.0,18.2
2023-04-26 23:00:00,1110.0,17.7
2023-04-27 00:00:00,1129.0,16.9
2023-04-27 01:00:00,1073.0,16.7
2023-04-27 02:00:00,1012.0,16.1
2023-04-27 03:00:00,995.0,15.6
2023-04-27 04:00:00,981.0,14.8
2023-04-27 05:00:00,1008.0,14.6
2023-04-27 06:00:00,1152.0,15.0
2023-04-27 07:00:00,1303.0,15.2
2023-04-27 08:00:00,1348.0,17.0
2023-04-27 09:00:00,1406.0,17.2
2023-04-27 10:00:00,1389.0,19.4
2023-04-27 11:00:00,1326.0,22.5
2023-04-27 12:00:00,1169.0,22.9
2023-04-27 13:00:00,1157.0,24.2
2023-04-27 14:00:00,1152.0,24.8
2023-04-27 15:00:00,1154.0,23.5
2023-04-27 16:00:00,1317.0,22.8
2023-04-27 17:00:00,1425.0,22.1
2023-04-27 18:00:00,1346.0,21.4
2023-04-27 19:00:00,1346.0,20.6
2023-04-27 20:00:00,1456.0,20.2
2023-04-27 21:00:00,1380.0,19.8
2023-04-27 22:00:00,1224.0,19.5
2023-04-27 23:00:00,1112.0,19.0
2023-04-28 00:00:00,1137.0,18.7
2023-04-28 01:00:00,1079.0,18.6
2023-04-28 02:00:00,1030.0,18.8
2023-04-28 03:00:00,1017.0,17.8
2023-04-28 04:00:00,1029.0,17.6
2023-04-28 05:00:00,1036.0,17.5
2023-04-28 06:00:00,1175.0,17.6
2023-04-28 07:00:00,1329.0,18.2
2023-04-28 08:00:00,1348.0,18.7
2023-04-28 09:00:00,1396.0,19.9
2023-04-28 10:00:00,1412.0,22.7
2023-04-28 11:00:00,1385.0,21.9
2023-04-28 12:00:00,1265.0,23.7
2023-04-28 13:00:00,1285.0,24.6
2023-04-28 14:00:00,1307.0,22.6
2023-04-28 15:00:00,1346.0,22.2
2023-04-28 16:00:00,1397.0,21.7
2023-04-28 17:00:00,1478.0,20.7
2023-04-28 18:00:00,1375.0,20.0
2023-04-28 19:00:00,1398.0,19.2
2023-04-28 20:00:00,1435.0,15.9
2023-04-28 21:00:00,1344.0,17.5
2023-04-28 22:00:00,1237.0,18.9
2023-04-28 23:00:00,1117.0,18.7
2023-04-29 00:00:00,1145.0,16.6
2023-04-29 01:00:00,1101.0,17.1
2023-04-29 02:00:00,1057.0,16.1
2023-04-29 03:00:00,1024.0,16.1
2023-04-29 04:00:00,1027.0,15.5
2023-04-29 05:00:00,1032.0,16.3
2023-04-29 06:00:00,1140.0,17.2
2023-04-29 07:00:00,1227.0,17.2
2023-04-29 08:00:00,1276.0,16.9
2023-04-29 09:00:00,1300.0,17.9
2023-04-29 10:00:00,1338.0,20.6
2023-04-29 11:00:00,1241.0,22.8
2023-04-29 12:00:00,1095.0,23.7
2023-04-29 13:00:00,1059.0,24.4
2023-04-29 14:00:00,1115.0,24.0
2023-04-29 15:00:00,1178.0,24.2
2023-04-29 16:00:00,1231.0,23.1
2023-04-29 17:00:00,1298.0,22.8
2023-04-29 18:00:00,1276.0,21.5
2023-04-29 19:00:00,1324.0,18.9
2023-04-29 20:00:00,1411.0,17.3
2023-04-29 21:00:00,1372.0,17.6
2023-04-29 22:00:00,1260.0,16.8
2023-04-29 23:00:00,1117.0,16.2
2023-04-30 00:00:00,1160.0,15.7
2023-04-30 01:00:00,1073.0,16.2
2023-04-30 02:00:00,1017.0,16.9
2023-04-30 03:00:00,995.0,15.3
2023-04-30 04:00:00,987.0,13.3
2023-04-30 05:00:00,992.0,12.3
2023-04-30 06:00:00,1102.0,12.4
2023-04-30 07:00:00,1220.0,13.3
2023-04-30 08:00:00,1143.0,14.9
2023-04-30 09:00:00,1176.0,17.5
2023-04-30 10:00:00,1166.0,21.5
2023-04-30 11:00:00,1152.0,23.0
2023-04-30 12:00:00,1088.0,25.1
2023-04-30 13:00:00,1080.0,27.0
2023-04-30 14:00:00,1083.0,26.8
2023-04-30 15:00:00,1112.0,28.1
2023-04-30 16:00:00,1156.0,28.1
2023-04-30 17:00:00,1267.0,27.5
2023-04-30 18:00:00,1238.0,25.8
2023-04-30 19:00:00,1267.0,22.5
2023-04-30 20:00:00,1384.0,21.7
2023-04-30 21:00:00,1342.0,20.7
2023-04-30 22:00:00,1204.0,19.9
2023-04-30 23:00:00,1058.0,19.2
2023-05-01 00:00:00,1062.0,18.6
2023-05-01 01:00:00,1018.0,18.0
2023-05-01 02:00:00,937.0,17.9
2023-05-01 03:00:00,921.0,18.6
2023-05-01 04:00:00,894.0,17.9
2023-05-01 05:00:00,915.0,16.4
2023-05-01 06:00:00,1031.0,14.9
2023-05-01 07:00:00,1100.0,16.8
2023-05-01 08:00:00,1012.0,19.3
2023-05-01 09:00:00,1040.0,21.5
2023-05-01 10:00:00,1140.0,24.2
2023-05-01 11:00:00,1159.0,26.2
2023-05-01 12:00:00,1115.0,27.5
2023-05-01 13:00:00,1079.0,28.1
2023-05-01 14:00:00,1094.0,29.0
2023-05-01 15:00:00,1130.0,28.9
2023-05-01 16:00:00,1158.0,28.1
2023-05-01 17:00:00,1264.0,26.9
2023-05-01 18:00:00,1197.0,25.5
2023-05-01 19:00:00,1240.0,23.4
2023-05-01 20:00:00,1351.0,23.0
2023-05-01 21:00:00,1280.0,22.0
2023-05-01 22:00:00,1150.0,21.2
2023-05-01 23:00:00,1028.0,21.4
2023-05-02 00:00:00,1039.0,21.3
2023-05-02 01:00:00,977.0,21.0
2023-05-02 02:00:00,920.0,21.6
2023-05-02 03:00:00,892.0,20.9
2023-05-02 04:00:00,899.0,20.4
2023-05-02 05:00:00,901.0,19.8
2023-05-02 06:00:00,1005.0,19.9
2023-05-02 07:00:00,1141.0,18.8
2023-05-02 08:00:00,1205.0,19.9
2023-05-02 09:00:00,1169.0,17.4
2023-05-02 10:00:00,1132.0,18.2
2023-05-02 11:00:00,1131.0,18.5
2023-05-02 12:00:00,1119.0,18.6
2023-05-02 13:00:00,1031.0,19.3
2023-05-02 14:00:00,988.0,22.5
2023-05-02 15:00:00,991.0,23.9
2023-05-02 16:00:00,1116.0,23.6
2023-05-02 17:00:00,1315.0,22.7
2023-05-02 18:00:00,1212.0,21.8
2023-05-02 19:00:00,1227.0,22.1
2023-05-02 20:00:00,1339.0,22.0
2023-05-02 21:00:00,1277.0,21.8
2023-05-02 22:00:00,1159.0,21.1
2023-05-02 23:00:00,1031.0,21.0
2023-05-03 00:00:00,1066.0,20.3
2023-05-03 01:00:00,1020.0,20.1
2023-05-03 02:00:00,989.0,20.3
2023-05-03 03:00:00,952.0,20.5
2023-05-03 04:00:00,949.0,20.2
2023-05-03 05:00:00,954.0,20.3
2023-05-03 06:00:00,1046.0,19.8
2023-05-03 07:00:00,1190.0,19.6
2023-05-03 08:00:00,1242.0,20.8
2023-05-03 09:00:00,1277.0,22.1
2023-05-03 10:00:00,1199.0,23.3
2023-05-03 11:00:00,1260.0,26.4
2023-05-03 12:00:00,1164.0,28.9
2023-05-03 13:00:00,1173.0,31.0
2023-05-03 14:00:00,1253.0,30.9
2023-05-03 15:00:00,1214.0,31.8
2023-05-03 16:00:00,1279.0,31.0
2023-05-03 17:00:00,1339.0,29.8
2023-05-03 18:00:00,1342.0,28.9
2023-05-03 19:00:00,1331.0,28.3
2023-05-03 20:00:00,1467.0,27.9
2023-05-03 21:00:00,1364.0,26.9
2023-05-03 22:00:00,1239.0,25.6
2023-05-03 23:00:00,1109.0,25.0
2023-05-04 00:00:00,1137.0,25.1
2023-05-04 01:00:00,1075.0,24.9
2023-05-04 02:00:00,1044.0,24.4
2023-05-04 03:00:00,1006.0,25.1
2023-05-04 04:00:00,1014.0,24.3
2023-05-04 05:00:00,1024.0,23.7
2023-05-04 06:00:00,1185.0,23.3
2023-05-04 07:00:00,1295.0,23.6
2023-05-04 08:00:00,1349.0,23.8
2023-05-04 09:00:00,1438.0,24.2
2023-05-04 10:00:00,1398.0,25.1
2023-05-04 11:00:00,1354.0,27.3
2023-05-04 12:00:00,1201.0,29.5
2023-05-04 13:00:00,1215.0,29.1
2023-05-04 14:00:00,1216.0,31.5
2023-05-04 15:00:00,1287.0,32.0
2023-05-04 16:00:00,1402.0,32.6
2023-05-04 17:00:00,1456.0,28.7
2023-05-04 18:00:00,1369.0,24.4
2023-05-04 19:00:00,1362.0,22.4
2023-05-04 20:00:00,1424.0,22.2
2023-05-04 21:00:00,1339.0,22.2
2023-05-04 22:00:00,1186.0,21.2
2023-05-04 23:00:00,1113.0,20.7
2023-05-05 00:00:00,1141.0,20.6
2023-05-05 01:00:00,1090.0,20.2
2023-05-05 02:00:00,1047.0,20.0
2023-05-05 03:00:00,1036.0,20.0
2023-05-05 04:00:00,1024.0,20.1
2023-05-05 05:00:00,1037.0,20.0
2023-05-05 06:00:00,1188.0,20.3
2023-05-05 07:00:00,1293.0,20.2
2023-05-05 08:00:00,1346.0,20.4
2023-05-05 09:00:00,1373.0,20.9
2023-05-05 10:00:00,1344.0,21.0
2023-05-05 11:00:00,1304.0,22.1
2023-05-05 12:00:00,1221.0,22.2
2023-05-05 13:00:00,1207.0,22.4
2023-05-05 14:00:00,1292.0,22.3
2023-05-05 15:00:00,1301.0,21.5
2023-05-05 16:00:00,1371.0,20.6
2023-05-05 17:00:00,1426.0,21.1
2023-05-05 18:00:00,1324.0,20.6
2023-05-05 19:00:00,1331.0,20.6
2023-05-05 20:00:00,1371.0,20.5
2023-05-05 21:00:00,1303.0,20.6
2023-05-05 22:00:00,1157.0,20.6
2023-05-05 23:00:00,1087.0,20.6
2023-05-06 00:00:00,1134.0,20.3
2023-05-06 01:00:00,1082.0,19.9
2023-05-06 02:00:00,1042.0,19.7
2023-05-06 03:00:00,1023.0,19.8
2023-05-06 04:00:00,1018.0,19.7
2023-05-06 05:00:00,1044.0,19.9
2023-05-06 06:00:00,1148.0,19.7
2023-05-06 07:00:00,1252.0,19.2
2023-05-06 08:00:00,1328.0,18.3
2023-05-06 09:00:00,1364.0,18.1
2023-05-06 10:00:00,1367.0,18.5
2023-05-06 11:00:00,1353.0,19.0
2023-05-06 12:00:00,1228.0,19.1
2023-05-06 13:00:00,1201.0,18.8
2023-05-06 14:00:00,1234.0,17.9
2023-05-06 15:00:00,1225.0,17.4
2023-05-06 16:00:00,1296.0,17.1
2023-05-06 17:00:00,1405.0,15.5
2023-05-06 18:00:00,1295.0,14.6
2023-05-06 19:00:00,1286.0,14.0
2023-05-06 20:00:00,1306.0,14.0
2023-05-06 21:00:00,1242.0,13.9
2023-05-06 22:00:00,1114.0,13.5
2023-05-06 23:00:00,1035.0,13.5
2023-05-07 00:00:00,1083.0,13.6
2023-05-07 01:00:00,1039.0,13.9
2023-05-07 02:00:00,1006.0,14.0
2023-05-07 03:00:00,969.0,14.1
2023-05-07 04:00:00,965.0,14.1
2023-05-07 05:00:00,976.0,14.2
2023-05-07 06:00:00,1074.0,14.3
2023-05-07 07:00:00,1164.0,14.6
2023-05-07 08:00:00,1211.0,14.9
2023-05-07 09:00:00,1259.0,15.6
2023-05-07 10:00:00,1248.0,16.1
2023-05-07 11:00:00,1284.0,17.2
2023-05-07 12:00:00,1096.0,17.6
2023-05-07 13:00:00,1068.0,19.0
2023-05-07 14:00:00,1163.0,20.5
2023-05-07 15:00:00,1191.0,20.4
2023-05-07 16:00:00,1236.0,19.7
2023-05-07 17:00:00,1373.0,19.7
2023-05-07 18:00:00,1264.0,19.3
2023-05-07 19:00:00,1245.0,18.7
2023-05-07 20:00:00,1395.0,17.9
2023-05-07 21:00:00,1290.0,18.3
2023-05-07 22:00:00,1108.0,18.0
2023-05-07 23:00:00,1009.0,17.2
2023-05-08 00:00:00,1040.0,17.0
2023-05-08 01:00:00,1002.0,16.8
2023-05-08 02:00:00,975.0,17.3
2023-05-08 03:00:00,943.0,17.1
2023-05-08 04:00:00,924.0,17.2
2023-05-08 05:00:00,958.0,16.9
2023-05-08 06:00:00,1118.0,16.7
2023-05-08 07:00:00,1219.0,16.7
2023-05-08 08:00:00,1281.0,16.9
2023-05-08 09:00:00,1351.0,17.1
2023-05-08 10:00:00,1343.0,17.2
2023-05-08 11:00:00,1314.0,18.9
2023-05-08 12:00:00,1091.0,21.6
2023-05-08 13:00:00,1035.0,23.2
2023-05-08 14:00:00,1078.0,23.2
2023-05-08 15:00:00,1150.0,23.8
2023-05-08 16:00:00,1182.0,22.4
2023-05-08 17:00:00,1345.0,21.5
2023-05-08 18:00:00,1275.0,21.7
2023-05-08 19:00:00,1260.0,20.3
2023-05-08 20:00:00,1413.0,19.7
2023-05-08 21:00:00,1334.0,19.6
2023-05-08 22:00:00,1173.0,19.3
2023-05-08 23:00:00,1038.0,18.8
2023-05-09 00:00:00,1068.0,18.8
2023-05-09 01:00:00,1042.0,18.4
2023-05-09 02:00:00,997.0,18.7
2023-05-09 03:00:00,982.0,18.2
2023-05-09 04:00:00,965.0,18.2
2023-05-09 05:00:00,980.0,17.4
2023-05-09 06:00:00,1157.0,17.4
2023-05-09 07:00:00,1253.0,17.8
2023-05-09 08:00:00,1253.0,20.1
2023-05-09 09:00:00,1308.0,23.0
2023-05-09 10:00:00,1377.0,22.9
2023-05-09 11:00:00,1280.0,22.3
2023-05-09 12:00:00,1153.0,22.2
2023-05-09 13:00:00,1153.0,21.5
2023-05-09 14:00:00,1206.0,20.1
2023-05-09 15:00:00,1188.0,20.4
2023-05-09 16:00:00,1236.0,20.0
2023-05-09 17:00:00,1374.0,19.7
2023-05-09 18:00:00,1305.0,18.6
2023-05-09 19:00:00,1293.0,17.3
2023-05-09 20:00:00,1383.0,15.9
2023-05-09 21:00:00,1301.0,15.8
2023-05-09 22:00:00,1142.0,15.2
2023-05-09 23:00:00,1054.0,15.0
2023-05-10 00:00:00,1070.0,15.2
2023-05-10 01:00:00,1067.0,15.1
2023-05-10 02:00:00,1013.0,14.9
2023-05-10 03:00:00,999.0,14.8
2023-05-10 04:00:00,995.0,14.6
2023-05-10 05:00:00,999.0,14.3
2023-05-10 06:00:00,1121.0,14.1
2023-05-10 07:00:00,1255.0,13.7
2023-05-10 08:00:00,1328.0,13.6
2023-05-10 09:00:00,1359.0,13.9
2023-05-10 10:00:00,1383.0,14.0
2023-05-10 11:00:00,1359.0,14.2
2023-05-10 12:00:00,1209.0,14.2
2023-05-10 13:00:00,1215.0,14.5
2023-05-10 14:00:00,1244.0,14.4
2023-05-10 15:00:00,1246.0,14.6
2023-05-10 16:00:00,1321.0,14.8
2023-05-10 17:00:00,1395.0,14.7
2023-05-10 18:00:00,1284.0,14.8
2023-05-10 19:00:00,1249.0,14.9
2023-05-10 20:00:00,1351.0,14.9
2023-05-10 21:00:00,1284.0,14.9
2023-05-10 22:00:00,1143.0,14.9
2023-05-10 23:00:00,1022.0,14.8
2023-05-11 00:00:00,1071.0,14.6
2023-05-11 01:00:00,1045.0,14.3
2023-05-11 02:00:00,1004.0,14.1
2023-05-11 03:00:00,974.0,13.8
2023-05-11 04:00:00,969.0,13.4
2023-05-11 05:00:00,990.0,13.5
2023-05-11 06:00:00,1165.0,13.5
2023-05-11 07:00:00,1229.0,14.2
2023-05-11 08:00:00,1285.0,15.6
2023-05-11 09:00:00,1309.0,16.9
2023-05-11 10:00:00,1307.0,18.3
2023-05-11 11:00:00,1257.0,19.3
2023-05-11 12:00:00,1114.0,20.2
2023-05-11 13:00:00,1095.0,20.4
2023-05-11 14:00:00,1141.0,21.6
2023-05-11 15:00:00,1154.0,23.0
2023-05-11 16:00:00,1192.0,23.0
2023-05-11 17:00:00,1297.0,22.7
2023-05-11 18:00:00,1262.0,22.4
2023-05-11 19:00:00,1290.0,20.0
2023-05-11 20:00:00,1442.0,19.2
2023-05-11 21:00:00,1389.0,18.7
2023-05-11 22:00:00,1202.0,18.9
2023-05-11 23:00:00,1057.0,19.8
2023-05-12 00:00:00,1079.0,17.8
2023-05-12 01:00:00,1058.0,17.2
2023-05-12 02:00:00,1013.0,16.9
2023-05-12 03:00:00,988.0,15.6
2023-05-12 04:00:00,983.0,14.9
2023-05-12 05:00:00,1031.0,14.8
2023-05-12 06:00:00,1212.0,15.1
2023-05-12 07:00:00,1261.0,15.5
2023-05-12 08:00:00,1263.0,17.4
2023-05-12 09:00:00,1265.0,20.5
2023-05-12 10:00:00,1244.0,21.7
2023-05-12 11:00:00,1235.0,23.4
2023-05-12 12:00:00,1057.0,24.9
2023-05-12 13:00:00,1070.0,26.7
2023-05-12 14:00:00,1120.0,27.5
2023-05-12 15:00:00,1131.0,28.0
2023-05-12 16:00:00,1218.0,28.2
2023-05-12 17:00:00,1307.0,27.3
2023-05-12 18:00:00,1281.0,26.9
2023-05-12 19:00:00,1271.0,25.2
2023-05-12 20:00:00,1434.0,23.3
2023-05-12 21:00:00,1382.0,22.5
2023-05-12 22:00:00,1235.0,21.8
2023-05-12 23:00:00,1111.0,22.5
2023-05-13 00:00:00,1125.0,23.2
2023-05-13 01:00:00,1078.0,20.8
2023-05-13 02:00:00,1051.0,19.5
2023-05-13 03:00:00,1017.0,19.1
2023-05-13 04:00:00,989.0,18.7
2023-05-13 05:00:00,1010.0,18.0
2023-05-13 06:00:00,1167.0,17.6
2023-05-13 07:00:00,1230.0,18.0
2023-05-13 08:00:00,1257.0,19.5
2023-05-13 09:00:00,1292.0,21.6
2023-05-13 10:00:00,1291.0,23.4
2023-05-13 11:00:00,1283.0,25.5
2023-05-13 12:00:00,1175.0,25.7
2023-05-13 13:00:00,1165.0,26.5
2023-05-13 14:00:00,1207.0,27.5
2023-05-13 15:00:00,1241.0,27.2
2023-05-13 16:00:00,1306.0,27.2
2023-05-13 17:00:00,1358.0,26.4
2023-05-13 18:00:00,1313.0,26.2
2023-05-13 19:00:00,1318.0,25.4
2023-05-13 20:00:00,1456.0,25.2
2023-05-13 21:00:00,1382.0,24.4
2023-05-13 22:00:00,1230.0,24.9
2023-05-13 23:00:00,1127.0,24.4
2023-05-14 00:00:00,1159.0,23.4
2023-05-14 01:00:00,1119.0,21.8
2023-05-14 02:00:00,1063.0,20.7
2023-05-14 03:00:00,1046.0,20.7
2023-05-14 04:00:00,1029.0,20.2
2023-05-14 05:00:00,1039.0,20.5
2023-05-14 06:00:00,1165.0,20.5
2023-05-14 07:00:00,1240.0,20.3
2023-05-14 08:00:00,1237.0,21.5
2023-05-14 09:00:00,1238.0,23.2
2023-05-14 10:00:00,1240.0,24.5
2023-05-14 11:00:00,1235.0,26.1
2023-05-14 12:00:00,1136.0,27.7
2023-05-14 13:00:00,1148.0,28.4
2023-05-14 14:00:00,1148.0,29.4
2023-05-14 15:00:00,1204.0,29.6
2023-05-14 16:00:00,1239.0,29.9
2023-05-14 17:00:00,1331.0,29.8
2023-05-14 18:00:00,1287.0,29.0
2023-05-14 19:00:00,1290.0,26.4
2023-05-14 20:00:00,1436.0,25.7
2023-05-14 21:00:00,1373.0,26.2
2023-05-14 22:00:00,1212.0,26.5
2023-05-14 23:00:00,1110.0,25.4
2023-05-15 00:00:00,1134.0,24.5
2023-05-15 01:00:00,1084.0,23.4
2023-05-15 02:00:00,1038.0,23.3
2023-05-15 03:00:00,1015.0,22.8
2023-05-15 04:00:00,1014.0,22.5
2023-05-15 05:00:00,1018.0,22.1
2023-05-15 06:00:00,1207.0,22.9
2023-05-15 07:00:00,1288.0,23.3
2023-05-15 08:00:00,1305.0,23.6
2023-05-15 09:00:00,1360.0,24.3
2023-05-15 10:00:00,1356.0,25.5
2023-05-15 11:00:00,1337.0,27.1
2023-05-15 12:00:00,1180.0,28.0
2023-05-15 13:00:00,1205.0,29.8
2023-05-15 14:00:00,1247.0,30.4
2023-05-15 15:00:00,1332.0,30.0
2023-05-15 16:00:00,1374.0,29.3
2023-05-15 17:00:00,1451.0,28.7
2023-05-15 18:00:00,1371.0,28.2
2023-05-15 19:00:00,1374.0,27.7
2023-05-15 20:00:00,1510.0,27.1
2023-05-15 21:00:00,1428.0,26.7
2023-05-15 22:00:00,1276.0,26.1
2023-05-15 23:00:00,1157.0,26.1
2023-05-16 00:00:00,1189.0,25.5
2023-05-16 01:00:00,1161.0,25.3
2023-05-16 02:00:00,1100.0,24.5
2023-05-16 03:00:00,1086.0,24.5
2023-05-16 04:00:00,1064.0,23.7
2023-05-16 05:00:00,1086.0,23.7
2023-05-16 06:00:00,1249.0,23.0
2023-05-16 07:00:00,1301.0,22.5
2023-05-16 08:00:00,1372.0,22.8
2023-05-16 09:00:00,1453.0,22.4
2023-05-16 10:00:00,1451.0,20.9
2023-05-16 11:00:00,1416.0,21.2
2023-05-16 12:00:00,1247.0,20.9
2023-05-16 13:00:00,1219.0,21.7
2023-05-16 14:00:00,1250.0,21.8
2023-05-16 15:00:00,1309.0,20.3
2023-05-16 16:00:00,1370.0,20.0
2023-05-16 17:00:00,1412.0,19.4
2023-05-16 18:00:00,1321.0,18.6
2023-05-16 19:00:00,1304.0,18.5
2023-05-16 20:00:00,1373.0,18.2
2023-05-16 21:00:00,1304.0,18.2
2023-05-16 22:00:00,1166.0,18.2
2023-05-16 23:00:00,1089.0,18.4
2023-05-17 00:00:00,1137.0,18.3
2023-05-17 01:00:00,1098.0,18.5
2023-05-17 02:00:00,1070.0,18.7
2023-05-17 03:00:00,1047.0,18.7
2023-05-17 04:00:00,1061.0,18.7
2023-05-17 05:00:00,1069.0,18.7
2023-05-17 06:00:00,1240.0,18.8
2023-05-17 07:00:00,1322.0,19.5
2023-05-17 08:00:00,1323.0,21.1
2023-05-17 09:00:00,1402.0,23.1
2023-05-17 10:00:00,1391.0,24.5
2023-05-17 11:00:00,1352.0,25.7
2023-05-17 12:00:00,1196.0,27.0
2023-05-17 13:00:00,1208.0,28.0
2023-05-17 14:00:00,1224.0,28.9
2023-05-17 15:00:00,1250.0,28.5
2023-05-17 16:00:00,1321.0,29.3
2023-05-17 17:00:00,1420.0,29.2
2023-05-17 18:00:00,1347.0,28.6
2023-05-17 19:00:00,1337.0,26.4
2023-05-17 20:00:00,1506.0,25.1
2023-05-17 21:00:00,1466.0,24.8
2023-05-17 22:00:00,1290.0,24.4
2023-05-17 23:00:00,1195.0,24.2
2023-05-18 00:00:00,1211.0,23.6
2023-05-18 01:00:00,1158.0,22.7
2023-05-18 02:00:00,1125.0,22.0
2023-05-18 03:00:00,1103.0,21.8
2023-05-18 04:00:00,1093.0,22.2
2023-05-18 05:00:00,1099.0,21.8
2023-05-18 06:00:00,1290.0,21.0
2023-05-18 07:00:00,1343.0,21.9
2023-05-18 08:00:00,1360.0,23.1
2023-05-18 09:00:00,1375.0,25.5
2023-05-18 10:00:00,1360.0,28.0
2023-05-18 11:00:00,1372.0,28.8
2023-05-18 12:00:00,1231.0,30.7
2023-05-18 13:00:00,1258.0,30.5
2023-05-18 14:00:00,1324.0,30.8
2023-05-18 15:00:00,1370.0,30.8
2023-05-18 16:00:00,1413.0,29.9
2023-05-18 17:00:00,1478.0,29.4
2023-05-18 18:00:00,1434.0,28.4
2023-05-18 19:00:00,1420.0,28.0
2023-05-18 20:00:00,1541.0,27.8
2023-05-18 21:00:00,1495.0,27.1
2023-05-18 22:00:00,1333.0,26.4
2023-05-18 23:00:00,1223.0,25.7
2023-05-19 00:00:00,1245.0,26.1
2023-05-19 01:00:00,1211.0,25.8
2023-05-19 02:00:00,1166.0,25.3
2023-05-19 03:00:00,1145.0,24.7
2023-05-19 04:00:00,1135.0,23.4
2023-05-19 05:00:00,1152.0,23.7
2023-05-19 06:00:00,1341.0,24.2
2023-05-19 07:00:00,1368.0,25.1
2023-05-19 08:00:00,1427.0,24.9
2023-05-19 09:00:00,1475.0,26.9
2023-05-19 10:00:00,1494.0,29.3
2023-05-19 11:00:00,1450.0,30.0
2023-05-19 12:00:00,1357.0,29.9
2023-05-19 13:00:00,1397.0,30.0
2023-05-19 14:00:00,1445.0,29.8
2023-05-19 15:00:00,1435.0,30.3
2023-05-19 16:00:00,1472.0,30.0
2023-05-19 17:00:00,1521.0,28.9
2023-05-19 18:00:00,1490.0,27.8
2023-05-19 19:00:00,1491.0,27.3
2023-05-19 20:00:00,1551.0,27.0
2023-05-19 21:00:00,1500.0,26.4
2023-05-19 22:00:00,1401.0,27.1
2023-05-19 23:00:00,1311.0,26.6
2023-05-20 00:00:00,1315.0,25.2
2023-05-20 01:00:00,1272.0,24.6
2023-05-20 02:00:00,1225.0,24.3
2023-05-20 03:00:00,1188.0,23.9
2023-05-20 04:00:00,1175.0,23.2
2023-05-20 05:00:00,1192.0,22.4
2023-05-20 06:00:00,1292.0,22.4
2023-05-20 07:00:00,1379.0,22.1
2023-05-20 08:00:00,1435.0,23.1
2023-05-20 09:00:00,1460.0,24.3
2023-05-20 10:00:00,1464.0,25.0
2023-05-20 11:00:00,1457.0,27.7
2023-05-20 12:00:00,1375.0,28.4
2023-05-20 13:00:00,1403.0,27.5
2023-05-20 14:00:00,1434.0,27.4
2023-05-20 15:00:00,1471.0,25.3
2023-05-20 16:00:00,1460.0,23.8
2023-05-20 17:00:00,1499.0,24.5
2023-05-20 18:00:00,1376.0,25.0
2023-05-20 19:00:00,1370.0,24.0
2023-05-20 20:00:00,1517.0,23.7
2023-05-20 21:00:00,1481.0,23.5
2023-05-20 22:00:00,1320.0,23.5
2023-05-20 23:00:00,1237.0,23.7
2023-05-21 00:00:00,1252.0,23.4
2023-05-21 01:00:00,1191.0,23.2
2023-05-21 02:00:00,1139.0,22.9
2023-05-21 03:00:00,1113.0,22.8
2023-05-21 04:00:00,1102.0,22.7
2023-05-21 05:00:00,1123.0,22.7
2023-05-21 06:00:00,1270.0,23.2
2023-05-21 07:00:00,1329.0,23.3
2023-05-21 08:00:00,1384.0,23.4
2023-05-21 09:00:00,1433.0,23.6
2023-05-21 10:00:00,1408.0,23.4
2023-05-21 11:00:00,1372.0,23.3
2023-05-21 12:00:00,1273.0,23.3
2023-05-21 13:00:00,1248.0,23.4
2023-05-21 14:00:00,1257.0,23.4
2023-05-21 15:00:00,1237.0,23.5
2023-05-21 16:00:00,1360.0,23.7
2023-05-21 17:00:00,1411.0,18.7
2023-05-21 18:00:00,1305.0,15.8
2023-05-21 19:00:00,1258.0,15.2
2023-05-21 20:00:00,1313.0,14.7
2023-05-21 21:00:00,1215.0,14.6
2023-05-21 22:00:00,1108.0,14.6
2023-05-21 23:00:00,1044.0,14.7
2023-05-22 00:00:00,1079.0,14.3
2023-05-22 01:00:00,1073.0,13.9
2023-05-22 02:00:00,1035.0,14.1
2023-05-22 03:00:00,1025.0,14.1
2023-05-22 04:00:00,1024.0,14.0
2023-05-22 05:00:00,1034.0,14.0
2023-05-22 06:00:00,1188.0,13.9
2023-05-22 07:00:00,1291.0,14.2
2023-05-22 08:00:00,1300.0,14.4
2023-05-22 09:00:00,1318.0,15.9
2023-05-22 10:00:00,1322.0,17.4
2023-05-22 11:00:00,1310.0,18.5
2023-05-22 12:00:00,1140.0,19.0
2023-05-22 13:00:00,1134.0,20.9
2023-05-22 14:00:00,1169.0,20.4
2023-05-22 15:00:00,1210.0,20.7
2023-05-22 16:00:00,1291.0,20.1
2023-05-22 17:00:00,1358.0,20.0
2023-05-22 18:00:00,1266.0,18.9
2023-05-22 19:00:00,1248.0,18.4
2023-05-22 20:00:00,1376.0,17.9
2023-05-22 21:00:00,1349.0,17.7
2023-05-22 22:00:00,1182.0,17.7
2023-05-22 23:00:00,1088.0,17.1
2023-05-23 00:00:00,1097.0,17.0
2023-05-23 01:00:00,1058.0,16.4
2023-05-23 02:00:00,1018.0,15.7
2023-05-23 03:00:00,999.0,16.0
2023-05-23 04:00:00,995.0,15.3
2023-05-23 05:00:00,1023.0,16.1
2023-05-23 06:00:00,1190.0,15.8
2023-05-23 07:00:00,1276.0,16.9
2023-05-23 08:00:00,1307.0,17.4
2023-05-23 09:00:00,1374.0,17.6
2023-05-23 10:00:00,1371.0,18.4
2023-05-23 11:00:00,1385.0,18.4
2023-05-23 12:00:00,1175.0,18.2
2023-05-23 13:00:00,1173.0,18.3
2023-05-23 14:00:00,1189.0,18.7
2023-05-23 15:00:00,1239.0,18.3
2023-05-23 16:00:00,1312.0,17.9
2023-05-23 17:00:00,1373.0,17.8
2023-05-23 18:00:00,1315.0,17.7
2023-05-23 19:00:00,1290.0,17.4
2023-05-23 20:00:00,1382.0,17.0
2023-05-23 21:00:00,1332.0,16.9
2023-05-23 22:00:00,1171.0,16.6
2023-05-23 23:00:00,1082.0,16.5
2023-05-24 00:00:00,1117.0,16.4
2023-05-24 01:00:00,1070.0,16.0
2023-05-24 02:00:00,1043.0,15.8
2023-05-24 03:00:00,1016.0,15.6
2023-05-24 04:00:00,1022.0,15.0
2023-05-24 05:00:00,1032.0,14.9
2023-05-24 06:00:00,1227.0,15.1
2023-05-24 07:00:00,1276.0,15.6
2023-05-24 08:00:00,1291.0,16.7
2023-05-24 09:00:00,1299.0,18.3
2023-05-24 10:00:00,1291.0,20.5
2023-05-24 11:00:00,1273.0,22.0
2023-05-24 12:00:00,1127.0,23.7
2023-05-24 13:00:00,1128.0,24.5
2023-05-24 14:00:00,1192.0,26.1
2023-05-24 15:00:00,1223.0,26.5
2023-05-24 16:00:00,1259.0,26.5
2023-05-24 17:00:00,1355.0,25.6
2023-05-24 18:00:00,1308.0,24.2
2023-05-24 19:00:00,1290.0,22.5
2023-05-24 20:00:00,1444.0,21.3
2023-05-24 21:00:00,1395.0,21.2
2023-05-24 22:00:00,1226.0,20.8
2023-05-24 23:00:00,1093.0,20.8
2023-05-25 00:00:00,1118.0,20.2
2023-05-25 01:00:00,1094.0,20.6
2023-05-25 02:00:00,1049.0,20.6
2023-05-25 03:00:00,1025.0,19.5
2023-05-25 04:00:00,1019.0,19.2
2023-05-25 05:00:00,1049.0,19.3
2023-05-25 06:00:00,1227.0,19.4
2023-05-25 07:00:00,1313.0,20.5
2023-05-25 08:00:00,1323.0,22.4
2023-05-25 09:00:00,1393.0,22.8
2023-05-25 10:00:00,1407.0,22.5
2023-05-25 11:00:00,1414.0,24.4
2023-05-25 12:00:00,1209.0,24.1
2023-05-25 13:00:00,1191.0,23.9
2023-05-25 14:00:00,1239.0,24.0
2023-05-25 15:00:00,1295.0,24.6
2023-05-25 16:00:00,1309.0,25.8
2023-05-25 17:00:00,1435.0,24.4
2023-05-25 18:00:00,1335.0,24.0
2023-05-25 19:00:00,1283.0,23.4
2023-05-25 20:00:00,1388.0,22.8
2023-05-25 21:00:00,1355.0,22.6
2023-05-25 22:00:00,1213.0,22.7
2023-05-25 23:00:00,1109.0,22.6
2023-05-26 00:00:00,1137.0,22.1
2023-05-26 01:00:00,1103.0,21.5
2023-05-26 02:00:00,1061.0,21.2
2023-05-26 03:00:00,1049.0,21.1
2023-05-26 04:00:00,1022.0,20.6
2023-05-26 05:00:00,1046.0,20.4
2023-05-26 06:00:00,1201.0,20.4
2023-05-26 07:00:00,1302.0,20.3
2023-05-26 08:00:00,1377.0,20.1
2023-05-26 09:00:00,1442.0,20.4
2023-05-26 10:00:00,1442.0,20.8
2023-05-26 11:00:00,1420.0,21.3
2023-05-26 12:00:00,1245.0,21.4
2023-05-26 13:00:00,1250.0,21.7
2023-05-26 14:00:00,1255.0,22.7
2023-05-26 15:00:00,1293.0,22.8
2023-05-26 16:00:00,1318.0,24.5
2023-05-26 17:00:00,1393.0,24.0
2023-05-26 18:00:00,1297.0,23.4
2023-05-26 19:00:00,1285.0,22.3
2023-05-26 20:00:00,1410.0,21.7
2023-05-26 21:00:00,1333.0,21.6
2023-05-26 22:00:00,1215.0,21.5
2023-05-26 23:00:00,1112.0,21.4
2023-05-27 00:00:00,1141.0,21.2
2023-05-27 01:00:00,1084.0,20.9
2023-05-27 02:00:00,1041.0,20.8
2023-05-27 03:00:00,1026.0,20.8
2023-05-27 04:00:00,1009.0,20.8
2023-05-27 05:00:00,1035.0,20.8
2023-05-27 06:00:00,1172.0,20.9
2023-05-27 07:00:00,1281.0,21.0
2023-05-27 08:00:00,1345.0,21.5
2023-05-27 09:00:00,1378.0,21.7
2023-05-27 10:00:00,1377.0,22.2
2023-05-27 11:00:00,1356.0,23.8
2023-05-27 12:00:00,1205.0,26.6
2023-05-27 13:00:00,1223.0,28.1
2023-05-27 14:00:00,1285.0,29.9
2023-05-27 15:00:00,1321.0,31.3
2023-05-27 16:00:00,1387.0,32.1
2023-05-27 17:00:00,1484.0,32.1
2023-05-27 18:00:00,1444.0,30.9
2023-05-27 19:00:00,1387.0,29.7
2023-05-27 20:00:00,1514.0,28.7
2023-05-27 21:00:00,1487.0,28.3
2023-05-27 22:00:00,1340.0,27.9
2023-05-27 23:00:00,1196.0,28.8
2023-05-28 00:00:00,1226.0,26.9
2023-05-28 01:00:00,1145.0,26.3
2023-05-28 02:00:00,1104.0,25.5
2023-05-28 03:00:00,1059.0,24.5
2023-05-28 04:00:00,1048.0,23.5
2023-05-28 05:00:00,1064.0,23.3
2023-05-28 06:00:00,1201.0,23.8
2023-05-28 07:00:00,1288.0,24.4
2023-05-28 08:00:00,1328.0,25.1
2023-05-28 09:00:00,1379.0,27.7
2023-05-28 10:00:00,1440.0,30.0
2023-05-28 11:00:00,1450.0,32.1
2023-05-28 12:00:00,1373.0,33.5
2023-05-28 13:00:00,1449.0,35.4
2023-05-28 14:00:00,1424.0,35.5
2023-05-28 15:00:00,1448.0,35.8
2023-05-28 16:00:00,1477.0,35.2
2023-05-28 17:00:00,1538.0,35.2
2023-05-28 18:00:00,1486.0,34.8
2023-05-28 19:00:00,1457.0,33.9
2023-05-28 20:00:00,1618.0,30.6
2023-05-28 21:00:00,1620.0,27.0
2023-05-28 22:00:00,1455.0,25.5
2023-05-28 23:00:00,1318.0,24.4
2023-05-29 00:00:00,1293.0,23.3
2023-05-29 01:00:00,1213.0,22.8
2023-05-29 02:00:00,1156.0,22.1
2023-05-29 03:00:00,1124.0,21.9
2023-05-29 04:00:00,1095.0,21.5
2023-05-29 05:00:00,1120.0,21.5
2023-05-29 06:00:00,1241.0,21.6
2023-05-29 07:00:00,1330.0,21.7
2023-05-29 08:00:00,1409.0,22.5
2023-05-29 09:00:00,1497.0,23.9
2023-05-29 10:00:00,1472.0,24.7
2023-05-29 11:00:00,1466.0,25.9
2023-05-29 12:00:00,1391.0,28.0
2023-05-29 13:00:00,1427.0,29.2
2023-05-29 14:00:00,1454.0,30.6
2023-05-29 15:00:00,1513.0,30.8
2023-05-29 16:00:00,1567.0,30.6
2023-05-29 17:00:00,1616.0,29.8
2023-05-29 18:00:00,1559.0,28.7
2023-05-29 19:00:00,1512.0,27.8
2023-05-29 20:00:00,1658.0,26.7
2023-05-29 21:00:00,1618.0,25.2
2023-05-29 22:00:00,1454.0,24.1
2023-05-29 23:00:00,1342.0,24.0
2023-05-30 00:00:00,1307.0,23.6
2023-05-30 01:00:00,1271.0,23.2
2023-05-30 02:00:00,1192.0,22.9
2023-05-30 03:00:00,1178.0,22.4
2023-05-30 04:00:00,1165.0,22.1
2023-05-30 05:00:00,1174.0,22.1
2023-05-30 06:00:00,1316.0,22.1
2023-05-30 07:00:00,1386.0,22.3
2023-05-30 08:00:00,1458.0,22.4
2023-05-30 09:00:00,1534.0,22.7
2023-05-30 10:00:00,1560.0,23.8
2023-05-30 11:00:00,1561.0,24.0
2023-05-30 12:00:00,1398.0,23.7
2023-05-30 13:00:00,1387.0,23.9
2023-05-30 14:00:00,1388.0,23.7
2023-05-30 15:00:00,1411.0,24.6
2023-05-30 16:00:00,1445.0,24.3
2023-05-30 17:00:00,1539.0,24.1
2023-05-30 18:00:00,1394.0,24.3
2023-05-30 19:00:00,1357.0,23.7
2023-05-30 20:00:00,1462.0,23.5
2023-05-30 21:00:00,1432.0,23.3
2023-05-30 22:00:00,1306.0,23.3
2023-05-30 23:00:00,1231.0,23.3
2023-05-31 00:00:00,1254.0,23.1
2023-05-31 01:00:00,1218.0,22.9
2023-05-31 02:00:00,1161.0,23.0
2023-05-31 03:00:00,1127.0,22.9
2023-05-31 04:00:00,1130.0,22.7
2023-05-31 05:00:00,1156.0,22.6
2023-05-31 06:00:00,1347.0,22.4
2023-05-31 07:00:00,1439.0,22.4
2023-05-31 08:00:00,1441.0,23.1
2023-05-31 09:00:00,1473.0,24.5
2023-05-31 10:00:00,1466.0,26.1
2023-05-31 11:00:00,1470.0,26.3
2023-05-31 12:00:00,1363.0,28.0
2023-05-31 13:00:00,1407.0,27.9
2023-05-31 14:00:00,1438.0,28.4
2023-05-31 15:00:00,1461.0,28.3
2023-05-31 16:00:00,1481.0,29.6
2023-05-31 17:00:00,1555.0,27.6
2023-05-31 18:00:00,1489.0,27.1
2023-05-31 19:00:00,1434.0,26.0
2023-05-31 20:00:00,1549.0,25.6
2023-05-31 21:00:00,1514.0,25.4
2023-05-31 22:00:00,1358.0,24.2
2023-05-31 23:00:00,1249.0,24.5
2023-06-01 00:00:00,1248.0,24.2
2023-06-01 01:00:00,1202.0,23.4
2023-06-01 02:00:00,1153.0,23.0
2023-06-01 03:00:00,1140.0,23.3
2023-06-01 04:00:00,1128.0,22.4
2023-06-01 05:00:00,1150.0,22.1
2023-06-01 06:00:00,1308.0,22.1
2023-06-01 07:00:00,1368.0,22.8
2023-06-01 08:00:00,1438.0,23.8
2023-06-01 09:00:00,1520.0,24.4
2023-06-01 10:00:00,1507.0,25.4
2023-06-01 11:00:00,1523.0,26.3
2023-06-01 12:00:00,1396.0,27.7
2023-06-01 13:00:00,1435.0,27.7
2023-06-01 14:00:00,1478.0,27.1
2023-06-01 15:00:00,1514.0,26.1
2023-06-01 16:00:00,1483.0,23.7
2023-06-01 17:00:00,1546.0,24.1
2023-06-01 18:00:00,1387.0,24.8
2023-06-01 19:00:00,1397.0,24.4
2023-06-01 20:00:00,1534.0,23.9
2023-06-01 21:00:00,1496.0,23.6
2023-06-01 22:00:00,1350.0,22.7
2023-06-01 23:00:00,1238.0,22.3
2023-06-02 00:00:00,1241.0,22.3
2023-06-02 01:00:00,1200.0,22.1
2023-06-02 02:00:00,1154.0,22.3
2023-06-02 03:00:00,1112.0,22.0
2023-06-02 04:00:00,1112.0,22.8
2023-06-02 05:00:00,1119.0,22.2
2023-06-02 06:00:00,1324.0,23.0
2023-06-02 07:00:00,1397.0,22.7
2023-06-02 08:00:00,1477.0,24.0
2023-06-02 09:00:00,1510.0,24.6
2023-06-02 10:00:00,1505.0,25.9
2023-06-02 11:00:00,1491.0,26.4
2023-06-02 12:00:00,1358.0,26.8
2023-06-02 13:00:00,1376.0,26.7
2023-06-02 14:00:00,1447.0,25.6
2023-06-02 15:00:00,1432.0,24.9
2023-06-02 16:00:00,1455.0,25.0
2023-06-02 17:00:00,1481.0,25.8
2023-06-02 18:00:00,1391.0,26.1
2023-06-02 19:00:00,1460.0,25.6
2023-06-02 20:00:00,1574.0,25.5
2023-06-02 21:00:00,1480.0,25.0
2023-06-02 22:00:00,1353.0,24.1
2023-06-02 23:00:00,1209.0,24.1
2023-06-03 00:00:00,1233.0,23.9
2023-06-03 01:00:00,1200.0,23.5
2023-06-03 02:00:00,1139.0,23.2
2023-06-03 03:00:00,1102.0,22.8
2023-06-03 04:00:00,1088.0,22.3
2023-06-03 05:00:00,1104.0,21.8
2023-06-03 06:00:00,1258.0,21.6
2023-06-03 07:00:00,1309.0,21.8
2023-06-03 08:00:00,1411.0,22.1
2023-06-03 09:00:00,1469.0,22.6
2023-06-03 10:00:00,1454.0,22.6
2023-06-03 11:00:00,1414.0,23.6
2023-06-03 12:00:00,1277.0,23.6
2023-06-03 13:00:00,1336.0,24.9
2023-06-03 14:00:00,1356.0,25.7
2023-06-03 15:00:00,1394.0,25.9
2023-06-03 16:00:00,1411.0,26.2
2023-06-03 17:00:00,1487.0,24.4
2023-06-03 18:00:00,1337.0,23.7
2023-06-03 19:00:00,1286.0,23.2
2023-06-03 20:00:00,1512.0,22.9
2023-06-03 21:00:00,1373.0,22.9
2023-06-03 22:00:00,1236.0,23.0
2023-06-03 23:00:00,1130.0,22.5
2023-06-04 00:00:00,1166.0,22.1
2023-06-04 01:00:00,1111.0,21.9
2023-06-04 02:00:00,1053.0,21.5
2023-06-04 03:00:00,1047.0,21.1
2023-06-04 04:00:00,1042.0,20.8
2023-06-04 05:00:00,1062.0,20.6
2023-06-04 06:00:00,1190.0,20.6
2023-06-04 07:00:00,1247.0,20.6
2023-06-04 08:00:00,1323.0,21.2
2023-06-04 09:00:00,1364.0,22.1
2023-06-04 10:00:00,1375.0,22.4
2023-06-04 11:00:00,1369.0,23.7
2023-06-04 12:00:00,1223.0,24.1
2023-06-04 13:00:00,1224.0,25.0
2023-06-04 14:00:00,1256.0,25.4
2023-06-04 15:00:00,1295.0,25.3
2023-06-04 16:00:00,1324.0,24.2
2023-06-04 17:00:00,1417.0,23.1
2023-06-04 18:00:00,1332.0,22.6
2023-06-04 19:00:00,1307.0,22.0
2023-06-04 20:00:00,1434.0,21.5
2023-06-04 21:00:00,1354.0,20.4
2023-06-04 22:00:00,1200.0,19.7
2023-06-04 23:00:00,1076.0,19.5
2023-06-05 00:00:00,1113.0,19.1
2023-06-05 01:00:00,1070.0,18.8
2023-06-05 02:00:00,1037.0,19.0
2023-06-05 03:00:00,1016.0,18.7
2023-06-05 04:00:00,1022.0,18.5
2023-06-05 05:00:00,1030.0,18.3
2023-06-05 06:00:00,1196.0,18.2
2023-06-05 07:00:00,1312.0,18.4
2023-06-05 08:00:00,1386.0,18.6
2023-06-05 09:00:00,1450.0,19.0
2023-06-05 10:00:00,1448.0,19.2
2023-06-05 11:00:00,1440.0,18.5
2023-06-05 12:00:00,1277.0,18.3
2023-06-05 13:00:00,1231.0,19.0
2023-06-05 14:00:00,1283.0,18.9
2023-06-05 15:00:00,1317.0,19.2
2023-06-05 16:00:00,1349.0,19.9
2023-06-05 17:00:00,1413.0,20.7
2023-06-05 18:00:00,1342.0,20.3
2023-06-05 19:00:00,1295.0,19.9
2023-06-05 20:00:00,1408.0,19.6
2023-06-05 21:00:00,1383.0,19.2
2023-06-05 22:00:00,1220.0,19.4
2023-06-05 23:00:00,1114.0,19.2
2023-06-06 00:00:00,1140.0,18.8
2023-06-06 01:00:00,1102.0,18.4
2023-06-06 02:00:00,1065.0,18.3
2023-06-06 03:00:00,1047.0,18.2
2023-06-06 04:00:00,1038.0,18.1
2023-06-06 05:00:00,1073.0,18.0
2023-06-06 06:00:00,1253.0,18.1
2023-06-06 07:00:00,1333.0,18.4
2023-06-06 08:00:00,1387.0,19.4
2023-06-06 09:00:00,1437.0,20.0
2023-06-06 10:00:00,1436.0,22.0
2023-06-06 11:00:00,1450.0,23.6
2023-06-06 12:00:00,1287.0,25.3
2023-06-06 13:00:00,1320.0,26.6
2023-06-06 14:00:00,1310.0,26.8
2023-06-06 15:00:00,1347.0,28.3
2023-06-06 16:00:00,1387.0,28.7
2023-06-06 17:00:00,1488.0,28.5
2023-06-06 18:00:00,1415.0,28.1
2023-06-06 19:00:00,1383.0,26.1
2023-06-06 20:00:00,1533.0,23.7
2023-06-06 21:00:00,1492.0,22.6
2023-06-06 22:00:00,1331.0,22.1
2023-06-06 23:00:00,1202.0,22.4
2023-06-07 00:00:00,1195.0,22.3
2023-06-07 01:00:00,1145.0,22.0
2023-06-07 02:00:00,1112.0,21.5
2023-06-07 03:00:00,1086.0,21.6
2023-06-07 04:00:00,1067.0,21.6
2023-06-07 05:00:00,1111.0,21.0
2023-06-07 06:00:00,1304.0,21.3
2023-06-07 07:00:00,1366.0,21.8
2023-06-07 08:00:00,1443.0,23.9
2023-06-07 09:00:00,1490.0,25.2
2023-06-07 10:00:00,1496.0,27.0
2023-06-07 11:00:00,1491.0,29.2
2023-06-07 12:00:00,1342.0,30.9
2023-06-07 13:00:00,1366.0,31.2
2023-06-07 14:00:00,1398.0,33.0
2023-06-07 15:00:00,1482.0,33.5
2023-06-07 16:00:00,1446.0,32.2
2023-06-07 17:00:00,1562.0,30.8
2023-06-07 18:00:00,1478.0,29.8
2023-06-07 19:00:00,1427.0,29.2
2023-06-07 20:00:00,1560.0,28.8
2023-06-07 21:00:00,1564.0,28.2
2023-06-07 22:00:00,1402.0,26.7
2023-06-07 23:00:00,1291.0,26.4
2023-06-08 00:00:00,1292.0,26.2
2023-06-08 01:00:00,1260.0,25.4
2023-06-08 02:00:00,1208.0,24.9
2023-06-08 03:00:00,1184.0,24.7
2023-06-08 04:00:00,1154.0,24.8
2023-06-08 05:00:00,1190.0,24.5
2023-06-08 06:00:00,1358.0,24.9
2023-06-08 07:00:00,1449.0,24.7
2023-06-08 08:00:00,1526.0,24.9
2023-06-08 09:00:00,1593.0,26.3
2023-06-08 10:00:00,1611.0,27.9
2023-06-08 11:00:00,1621.0,28.7
2023-06-08 12:00:00,1481.0,29.5
2023-06-08 13:00:00,1520.0,30.1
2023-06-08 14:00:00,1539.0,31.7
2023-06-08 15:00:00,1574.0,31.9
2023-06-08 16:00:00,1579.0,33.0
2023-06-08 17:00:00,1634.0,31.5
2023-06-08 18:00:00,1535.0,31.0
2023-06-08 19:00:00,1580.0,28.8
2023-06-08 20:00:00,1721.0,27.7
2023-06-08 21:00:00,1706.0,27.3
2023-06-08 22:00:00,1542.0,27.9
2023-06-08 23:00:00,1398.0,27.6
2023-06-09 00:00:00,1427.0,27.4
2023-06-09 01:00:00,1342.0,27.3
2023-06-09 02:00:00,1298.0,27.2
2023-06-09 03:00:00,1260.0,26.0
2023-06-09 04:00:00,1234.0,25.1
2023-06-09 05:00:00,1277.0,24.4
2023-06-09 06:00:00,1442.0,24.3
2023-06-09 07:00:00,1503.0,24.9
2023-06-09 08:00:00,1595.0,27.1
2023-06-09 09:00:00,1708.0,28.6
2023-06-09 10:00:00,1734.0,29.1
2023-06-09 11:00:00,1736.0,31.5
2023-06-09 12:00:00,1649.0,32.3
2023-06-09 13:00:00,1661.0,32.0
2023-06-09 14:00:00,1706.0,31.8
2023-06-09 15:00:00,1710.0,31.9
2023-06-09 16:00:00,1720.0,33.2
2023-06-09 17:00:00,1756.0,33.2
2023-06-09 18:00:00,1643.0,32.2
2023-06-09 19:00:00,1632.0,31.5
2023-06-09 20:00:00,1810.0,28.6
2023-06-09 21:00:00,1858.0,28.0
2023-06-09 22:00:00,1738.0,27.5
2023-06-09 23:00:00,1602.0,28.0
2023-06-10 00:00:00,1554.0,28.2
2023-06-10 01:00:00,1468.0,27.1
2023-06-10 02:00:00,1397.0,26.3
2023-06-10 03:00:00,1337.0,25.4
2023-06-10 04:00:00,1314.0,25.2
2023-06-10 05:00:00,1307.0,25.1
2023-06-10 06:00:00,1456.0,24.4
2023-06-10 07:00:00,1519.0,24.9
2023-06-10 08:00:00,1577.0,27.0
2023-06-10 09:00:00,1697.0,29.4
2023-06-10 10:00:00,1774.0,31.4
2023-06-10 11:00:00,1833.0,32.6
2023-06-10 12:00:00,1732.0,34.5
2023-06-10 13:00:00,1796.0,36.0
2023-06-10 14:00:00,1851.0,34.7
2023-06-10 15:00:00,1865.0,35.1
2023-06-10 16:00:00,1866.0,34.3
2023-06-10 17:00:00,1886.0,34.0
2023-06-10 18:00:00,1808.0,33.5
2023-06-10 19:00:00,1765.0,31.8
2023-06-10 20:00:00,1974.0,30.2
2023-06-10 21:00:00,2040.0,29.7
2023-06-10 22:00:00,1907.0,29.0
2023-06-10 23:00:00,1745.0,28.0
2023-06-11 00:00:00,1734.0,28.1
2023-06-11 01:00:00,1623.0,26.9
2023-06-11 02:00:00,1535.0,25.9
2023-06-11 03:00:00,1461.0,25.7
2023-06-11 04:00:00,1432.0,25.0
2023-06-11 05:00:00,1428.0,24.3
2023-06-11 06:00:00,1535.0,24.1
2023-06-11 07:00:00,1548.0,24.9
2023-06-11 08:00:00,1579.0,25.5
2023-06-11 09:00:00,1670.0,27.3
2023-06-11 10:00:00,1738.0,30.3
2023-06-11 11:00:00,1848.0,32.1
2023-06-11 12:00:00,1756.0,34.1
2023-06-11 13:00:00,1876.0,34.8
2023-06-11 14:00:00,1823.0,34.4
2023-06-11 15:00:00,1821.0,33.6
2023-06-11 16:00:00,1838.0,34.0
2023-06-11 17:00:00,1918.0,34.0
2023-06-11 18:00:00,1810.0,32.2
2023-06-11 19:00:00,1794.0,31.1
2023-06-11 20:00:00,2080.0,30.1
2023-06-11 21:00:00,2147.0,30.2
2023-06-11 22:00:00,2013.0,29.2
2023-06-11 23:00:00,1814.0,28.7
2023-06-12 00:00:00,1738.0,28.0
2023-06-12 01:00:00,1581.0,25.8
2023-06-12 02:00:00,1483.0,24.9
2023-06-12 03:00:00,1436.0,24.6
2023-06-12 04:00:00,1396.0,24.1
2023-06-12 05:00:00,1404.0,24.0
2023-06-12 06:00:00,1503.0,24.5
2023-06-12 07:00:00,1542.0,24.0
2023-06-12 08:00:00,1612.0,24.9
2023-06-12 09:00:00,1726.0,26.9
2023-06-12 10:00:00,1782.0,28.4
2023-06-12 11:00:00,1792.0,29.0
2023-06-12 12:00:00,1679.0,31.0
2023-06-12 13:00:00,1755.0,30.7
2023-06-12 14:00:00,1743.0,30.0
2023-06-12 15:00:00,1782.0,30.4
2023-06-12 16:00:00,1776.0,31.3
2023-06-12 17:00:00,1833.0,29.8
2023-06-12 18:00:00,1726.0,29.3
2023-06-12 19:00:00,1695.0,28.6
2023-06-12 20:00:00,1857.0,28.1
2023-06-12 21:00:00,1899.0,27.4
2023-06-12 22:00:00,1781.0,26.8
2023-06-12 23:00:00,1615.0,26.4
2023-06-13 00:00:00,1574.0,24.4
2023-06-13 01:00:00,1456.0,22.2
2023-06-13 02:00:00,1384.0,22.1
2023-06-13 03:00:00,1343.0,22.4
2023-06-13 04:00:00,1325.0,21.7
2023-06-13 05:00:00,1332.0,21.7
2023-06-13 06:00:00,1467.0,21.6
2023-06-13 07:00:00,1506.0,22.4
2023-06-13 08:00:00,1581.0,22.9
2023-06-13 09:00:00,1669.0,24.7
2023-06-13 10:00:00,1676.0,25.9
2023-06-13 11:00:00,1662.0,28.5
2023-06-13 12:00:00,1601.0,29.5
2023-06-13 13:00:00,1688.0,30.3
2023-06-13 14:00:00,1752.0,30.8
2023-06-13 15:00:00,1751.0,30.5
2023-06-13 16:00:00,1770.0,29.5
2023-06-13 17:00:00,1849.0,29.0
2023-06-13 18:00:00,1646.0,28.4
2023-06-13 19:00:00,1581.0,27.2
2023-06-13 20:00:00,1732.0,25.8
2023-06-13 21:00:00,1777.0,25.7
2023-06-13 22:00:00,1636.0,25.5
2023-06-13 23:00:00,1489.0,25.9
2023-06-14 00:00:00,1493.0,25.7
2023-06-14 01:00:00,1449.0,24.6
2023-06-14 02:00:00,1362.0,23.9
2023-06-14 03:00:00,1348.0,23.4
2023-06-14 04:00:00,1321.0,23.1
2023-06-14 05:00:00,1320.0,23.1
2023-06-14 06:00:00,1486.0,23.9
2023-06-14 07:00:00,1521.0,23.7
2023-06-14 08:00:00,1600.0,24.8
2023-06-14 09:00:00,1693.0,25.7
2023-06-14 10:00:00,1723.0,26.9
2023-06-14 11:00:00,1748.0,27.6
2023-06-14 12:00:00,1665.0,28.6
2023-06-14 13:00:00,1712.0,29.2
2023-06-14 14:00:00,1685.0,30.3
2023-06-14 15:00:00,1741.0,31.6
2023-06-14 16:00:00,1750.0,31.2
2023-06-14 17:00:00,1829.0,30.4
2023-06-14 18:00:00,1686.0,30.0
2023-06-14 19:00:00,1669.0,28.5
2023-06-14 20:00:00,1793.0,28.1
2023-06-14 21:00:00,1829.0,27.2
2023-06-14 22:00:00,1702.0,26.2
2023-06-14 23:00:00,1550.0,25.8
2023-06-15 00:00:00,1533.0,25.6
2023-06-15 01:00:00,1454.0,24.9
2023-06-15 02:00:00,1389.0,25.2
2023-06-15 03:00:00,1340.0,24.2
2023-06-15 04:00:00,1321.0,24.2
2023-06-15 05:00:00,1332.0,25.3
2023-06-15 06:00:00,1471.0,24.3
2023-06-15 07:00:00,1532.0,24.4
2023-06-15 08:00:00,1591.0,25.1
2023-06-15 09:00:00,1699.0,25.4
2023-06-15 10:00:00,1727.0,28.0
2023-06-15 11:00:00,1776.0,30.5
2023-06-15 12:00:00,1697.0,30.4
2023-06-15 13:00:00,1760.0,29.3
2023-06-15 14:00:00,1740.0,25.2
2023-06-15 15:00:00,1730.0,25.7
2023-06-15 16:00:00,1739.0,26.8
2023-06-15 17:00:00,1787.0,26.9
2023-06-15 18:00:00,1632.0,26.5
2023-06-15 19:00:00,1578.0,26.3
2023-06-15 20:00:00,1712.0,25.9
2023-06-15 21:00:00,1710.0,26.4
2023-06-15 22:00:00,1599.0,25.1
2023-06-15 23:00:00,1456.0,24.6
2023-06-16 00:00:00,1468.0,24.4
2023-06-16 01:00:00,1380.0,24.3
2023-06-16 02:00:00,1334.0,23.7
2023-06-16 03:00:00,1298.0,23.8
2023-06-16 04:00:00,1260.0,22.0
2023-06-16 05:00:00,1235.0,19.1
2023-06-16 06:00:00,1317.0,18.6
2023-06-16 07:00:00,1390.0,18.6
2023-06-16 08:00:00,1454.0,18.7
2023-06-16 09:00:00,1537.0,19.2
2023-06-16 10:00:00,1586.0,20.1
2023-06-16 11:00:00,1565.0,21.2
2023-06-16 12:00:00,1415.0,20.9
2023-06-16 13:00:00,1387.0,21.2
2023-06-16 14:00:00,1423.0,21.6
2023-06-16 15:00:00,1477.0,21.6
2023-06-16 16:00:00,1495.0,21.7
2023-06-16 17:00:00,1574.0,21.3
2023-06-16 18:00:00,1400.0,21.0
2023-06-16 19:00:00,1346.0,20.7
2023-06-16 20:00:00,1406.0,20.7
2023-06-16 21:00:00,1382.0,20.7
2023-06-16 22:00:00,1286.0,20.7
2023-06-16 23:00:00,1205.0,20.6
2023-06-17 00:00:00,1224.0,20.6
2023-06-17 01:00:00,1188.0,20.6
2023-06-17 02:00:00,1134.0,20.6
2023-06-17 03:00:00,1099.0,20.7
2023-06-17 04:00:00,1094.0,20.7
2023-06-17 05:00:00,1116.0,20.7
2023-06-17 06:00:00,1225.0,21.0
2023-06-17 07:00:00,1326.0,21.1
2023-06-17 08:00:00,1396.0,21.3
2023-06-17 09:00:00,1439.0,21.7
2023-06-17 10:00:00,1442.0,22.4
2023-06-17 11:00:00,1433.0,23.0
2023-06-17 12:00:00,1339.0,23.9
2023-06-17 13:00:00,1288.0,25.4
2023-06-17 14:00:00,1376.0,27.5
2023-06-17 15:00:00,1422.0,28.9
2023-06-17 16:00:00,1483.0,29.9
2023-06-17 17:00:00,1526.0,28.8
2023-06-17 18:00:00,1446.0,26.2
2023-06-17 19:00:00,1409.0,25.3
2023-06-17 20:00:00,1521.0,25.1
2023-06-17 21:00:00,1491.0,25.2
2023-06-17 22:00:00,1379.0,24.7
2023-06-17 23:00:00,1269.0,24.4
2023-06-18 00:00:00,1281.0,23.7
2023-06-18 01:00:00,1217.0,23.5
2023-06-18 02:00:00,1173.0,23.3
2023-06-18 03:00:00,1129.0,23.5
2023-06-18 04:00:00,1130.0,23.3
2023-06-18 05:00:00,1135.0,23.4
2023-06-18 06:00:00,1251.0,23.4
2023-06-18 07:00:00,1318.0,23.7
2023-06-18 08:00:00,1368.0,24.1
2023-06-18 09:00:00,1406.0,24.5
2023-06-18 10:00:00,1434.0,25.0
2023-06-18 11:00:00,1479.0,25.6
2023-06-18 12:00:00,1379.0,26.0
2023-06-18 13:00:00,1410.0,27.2
2023-06-18 14:00:00,1430.0,25.9
2023-06-18 15:00:00,1425.0,25.8
2023-06-18 16:00:00,1454.0,24.1
2023-06-18 17:00:00,1457.0,23.2
2023-06-18 18:00:00,1385.0,23.7
2023-06-18 19:00:00,1390.0,23.1
2023-06-18 20:00:00,1476.0,22.7
2023-06-18 21:00:00,1433.0,22.5
2023-06-18 22:00:00,1286.0,21.9
2023-06-18 23:00:00,1183.0,21.8
2023-06-19 00:00:00,1215.0,21.6
2023-06-19 01:00:00,1163.0,21.4
2023-06-19 02:00:00,1110.0,21.4
2023-06-19 03:00:00,1080.0,21.5
2023-06-19 04:00:00,1089.0,21.5
2023-06-19 05:00:00,1105.0,21.4
2023-06-19 06:00:00,1238.0,21.5
2023-06-19 07:00:00,1344.0,21.6
2023-06-19 08:00:00,1388.0,21.9
2023-06-19 09:00:00,1475.0,22.1
2023-06-19 10:00:00,1459.0,23.7
2023-06-19 11:00:00,1440.0,24.2
2023-06-19 12:00:00,1359.0,24.9
2023-06-19 13:00:00,1377.0,25.2
2023-06-19 14:00:00,1379.0,26.0
2023-06-19 15:00:00,1387.0,25.7
2023-06-19 16:00:00,1427.0,26.4
2023-06-19 17:00:00,1515.0,26.7
2023-06-19 18:00:00,1458.0,26.3
2023-06-19 19:00:00,1417.0,25.4
2023-06-19 20:00:00,1548.0,24.9
2023-06-19 21:00:00,1553.0,24.2
2023-06-19 22:00:00,1385.0,23.9
2023-06-19 23:00:00,1278.0,23.5
2023-06-20 00:00:00,1282.0,23.2
2023-06-20 01:00:00,1242.0,23.1
2023-06-20 02:00:00,1194.0,23.1
2023-06-20 03:00:00,1172.0,23.0
2023-06-20 04:00:00,1168.0,23.0
2023-06-20 05:00:00,1172.0,23.3
2023-06-20 06:00:00,1323.0,23.3
2023-06-20 07:00:00,1386.0,23.5
2023-06-20 08:00:00,1441.0,24.2
2023-06-20 09:00:00,1545.0,25.7
2023-06-20 10:00:00,1568.0,27.3
2023-06-20 11:00:00,1588.0,28.5
2023-06-20 12:00:00,1488.0,29.4
2023-06-20 13:00:00,1508.0,31.4
2023-06-20 14:00:00,1564.0,31.8
2023-06-20 15:00:00,1564.0,30.0
2023-06-20 16:00:00,1627.0,30.6
2023-06-20 17:00:00,1596.0,30.0
2023-06-20 18:00:00,1492.0,29.3
2023-06-20 19:00:00,1451.0,28.4
2023-06-20 20:00:00,1638.0,27.4
2023-06-20 21:00:00,1550.0,26.6
2023-06-20 22:00:00,1492.0,25.9
2023-06-20 23:00:00,1406.0,25.3
2023-06-21 00:00:00,1440.0,25.0
2023-06-21 01:00:00,1362.0,25.1
2023-06-21 02:00:00,1288.0,25.2
2023-06-21 03:00:00,1243.0,25.7
2023-06-21 04:00:00,1205.0,25.2
2023-06-21 05:00:00,1230.0,25.3
2023-06-21 06:00:00,1394.0,24.8
2023-06-21 07:00:00,1404.0,25.8
2023-06-21 08:00:00,1462.0,27.2
2023-06-21 09:00:00,1637.0,28.9
2023-06-21 10:00:00,1729.0,31.4
2023-06-21 11:00:00,1743.0,31.8
2023-06-21 12:00:00,1678.0,31.6
2023-06-21 13:00:00,1758.0,31.4
2023-06-21 14:00:00,1761.0,32.2
2023-06-21 15:00:00,1739.0,31.1
2023-06-21 16:00:00,1715.0,30.3
2023-06-21 17:00:00,1726.0,28.9
2023-06-21 18:00:00,1588.0,24.0
2023-06-21 19:00:00,1547.0,23.0
2023-06-21 20:00:00,1624.0,22.4
2023-06-21 21:00:00,1598.0,23.2
2023-06-21 22:00:00,1462.0,22.8
2023-06-21 23:00:00,1362.0,22.0
2023-06-22 00:00:00,1334.0,21.6
2023-06-22 01:00:00,1279.0,21.3
2023-06-22 02:00:00,1214.0,21.5
2023-06-22 03:00:00,1187.0,21.6
2023-06-22 04:00:00,1158.0,21.7
2023-06-22 05:00:00,1147.0,21.9
2023-06-22 06:00:00,1227.0,20.7
2023-06-22 07:00:00,1248.0,21.1
2023-06-22 08:00:00,1224.0,20.2
2023-06-22 09:00:00,1213.0,20.0
2023-06-22 10:00:00,1245.0,20.3
2023-06-22 11:00:00,1282.0,20.2
2023-06-22 12:00:00,1202.0,20.2
2023-06-22 13:00:00,1150.0,20.5
2023-06-22 14:00:00,1128.0,21.2
2023-06-22 15:00:00,1179.0,21.2
2023-06-22 16:00:00,1209.0,20.7
2023-06-22 17:00:00,1259.0,20.8
2023-06-22 18:00:00,1210.0,20.6
2023-06-22 19:00:00,1248.0,20.4
2023-06-22 20:00:00,1379.0,20.4
2023-06-22 21:00:00,1358.0,20.6
2023-06-22 22:00:00,1265.0,20.7
2023-06-22 23:00:00,1157.0,20.8
2023-06-23 00:00:00,1150.0,20.7
2023-06-23 01:00:00,1009.0,20.7
2023-06-23 02:00:00,981.0,20.7
2023-06-23 03:00:00,950.0,20.7
2023-06-23 04:00:00,943.0,20.5
2023-06-23 05:00:00,963.0,20.4
2023-06-23 06:00:00,1071.0,20.4
2023-06-23 07:00:00,1175.0,20.6
2023-06-23 08:00:00,1218.0,20.7
2023-06-23 09:00:00,1236.0,21.3
2023-06-23 10:00:00,1244.0,22.1
2023-06-23 11:00:00,1268.0,22.5
2023-06-23 12:00:00,1206.0,24.8
2023-06-23 13:00:00,1197.0,25.2
2023-06-23 14:00:00,1217.0,26.1
2023-06-23 15:00:00,1239.0,25.9
2023-06-23 16:00:00,1279.0,24.6
2023-06-23 17:00:00,1426.0,22.8
2023-06-23 18:00:00,1295.0,23.2
2023-06-23 19:00:00,1308.0,22.6
2023-06-23 20:00:00,1463.0,22.9
2023-06-23 21:00:00,1404.0,23.0
2023-06-23 22:00:00,1280.0,22.4
2023-06-23 23:00:00,1152.0,21.7
2023-06-24 00:00:00,1143.0,21.2
2023-06-24 01:00:00,1105.0,21.5
2023-06-24 02:00:00,1064.0,21.7
2023-06-24 03:00:00,1033.0,21.5
2023-06-24 04:00:00,1035.0,21.7
2023-06-24 05:00:00,1050.0,21.6
2023-06-24 06:00:00,1163.0,21.5
2023-06-24 07:00:00,1243.0,21.8
2023-06-24 08:00:00,1279.0,22.6
2023-06-24 09:00:00,1348.0,23.9
2023-06-24 10:00:00,1384.0,24.2
2023-06-24 11:00:00,1441.0,24.8
2023-06-24 12:00:00,1321.0,25.2
2023-06-24 13:00:00,1312.0,25.1
2023-06-24 14:00:00,1346.0,24.3
2023-06-24 15:00:00,1373.0,23.2
2023-06-24 16:00:00,1382.0,22.8
2023-06-24 17:00:00,1475.0,22.8
2023-06-24 18:00:00,1358.0,22.8
2023-06-24 19:00:00,1337.0,22.7
2023-06-24 20:00:00,1453.0,22.5
2023-06-24 21:00:00,1437.0,22.6
2023-06-24 22:00:00,1314.0,22.6
2023-06-24 23:00:00,1200.0,22.2
2023-06-25 00:00:00,1202.0,22.1
2023-06-25 01:00:00,1166.0,22.4
2023-06-25 02:00:00,1113.0,22.5
2023-06-25 03:00:00,1084.0,22.0
2023-06-25 04:00:00,1087.0,21.9
2023-06-25 05:00:00,1098.0,21.9
2023-06-25 06:00:00,1255.0,21.8
2023-06-25 07:00:00,1337.0,21.9
2023-06-25 08:00:00,1366.0,22.8
2023-06-25 09:00:00,1436.0,26.0
2023-06-25 10:00:00,1467.0,26.8
2023-06-25 11:00:00,1504.0,27.3
2023-06-25 12:00:00,1390.0,27.2
2023-06-25 13:00:00,1377.0,28.9
2023-06-25 14:00:00,1452.0,30.2
2023-06-25 15:00:00,1472.0,29.9
2023-06-25 16:00:00,1497.0,30.4
2023-06-25 17:00:00,1573.0,30.0
2023-06-25 18:00:00,1470.0,29.7
2023-06-25 19:00:00,1410.0,28.1
2023-06-25 20:00:00,1578.0,26.1
2023-06-25 21:00:00,1585.0,25.3
2023-06-25 22:00:00,1423.0,25.1
2023-06-25 23:00:00,1283.0,24.9
2023-06-26 00:00:00,1338.0,24.8
2023-06-26 01:00:00,1260.0,24.4
2023-06-26 02:00:00,1220.0,24.7
2023-06-26 03:00:00,1182.0,23.3
2023-06-26 04:00:00,1189.0,23.2
2023-06-26 05:00:00,1206.0,23.1
2023-06-26 06:00:00,1367.0,22.7
2023-06-26 07:00:00,1398.0,23.4
2023-06-26 08:00:00,1498.0,24.8
2023-06-26 09:00:00,1586.0,27.3
2023-06-26 10:00:00,1502.0,29.3
2023-06-26 11:00:00,1669.0,30.9
2023-06-26 12:00:00,1541.0,32.1
2023-06-26 13:00:00,1588.0,32.7
2023-06-26 14:00:00,1620.0,33.1
2023-06-26 15:00:00,1694.0,33.0
2023-06-26 16:00:00,1675.0,32.8
2023-06-26 17:00:00,1743.0,32.4
2023-06-26 18:00:00,1605.0,30.7
2023-06-26 19:00:00,1591.0,29.6
2023-06-26 20:00:00,1749.0,27.9
2023-06-26 21:00:00,1871.0,27.1
2023-06-26 22:00:00,1715.0,26.8
2023-06-26 23:00:00,1562.0,26.2
2023-06-27 00:00:00,1579.0,25.6
2023-06-27 01:00:00,1468.0,25.4
2023-06-27 02:00:00,1407.0,25.2
2023-06-27 03:00:00,1363.0,24.6
2023-06-27 04:00:00,1314.0,24.3
2023-06-27 05:00:00,1328.0,24.2
2023-06-27 06:00:00,1489.0,24.7
2023-06-27 07:00:00,1516.0,24.9
2023-06-27 08:00:00,1591.0,26.4
2023-06-27 09:00:00,1721.0,28.3
2023-06-27 10:00:00,1787.0,29.4
2023-06-27 11:00:00,1848.0,30.7
2023-06-27 12:00:00,1731.0,31.7
2023-06-27 13:00:00,1771.0,32.2
2023-06-27 14:00:00,1830.0,33.0
2023-06-27 15:00:00,1909.0,33.3
2023-06-27 16:00:00,1885.0,33.2
2023-06-27 17:00:00,1957.0,33.1
2023-06-27 18:00:00,1815.0,33.4
2023-06-27 19:00:00,1813.0,32.7
2023-06-27 20:00:00,1995.0,31.7
2023-06-27 21:00:00,2153.0,30.3
2023-06-27 22:00:00,2017.0,30.0
2023-06-27 23:00:00,1855.0,29.9
2023-06-28 00:00:00,1818.0,29.7
2023-06-28 01:00:00,1704.0,29.6
2023-06-28 02:00:00,1609.0,29.4
2023-06-28 03:00:00,1530.0,29.3
2023-06-28 04:00:00,1486.0,27.3
2023-06-28 05:00:00,1491.0,27.9
2023-06-28 06:00:00,1590.0,26.7
2023-06-28 07:00:00,1622.0,27.6
2023-06-28 08:00:00,1728.0,28.4
2023-06-28 09:00:00,1840.0,29.7
2023-06-28 10:00:00,1876.0,30.8
2023-06-28 11:00:00,1909.0,32.1
2023-06-28 12:00:00,1846.0,32.9
2023-06-28 13:00:00,1946.0,33.5
2023-06-28 14:00:00,2008.0,33.1
2023-06-28 15:00:00,2044.0,33.0
2023-06-28 16:00:00,2044.0,32.9
2023-06-28 17:00:00,2052.0,32.9
2023-06-28 18:00:00,1926.0,32.1
2023-06-28 19:00:00,1910.0,31.7
2023-06-28 20:00:00,2159.0,31.2
2023-06-28 21:00:00,2303.0,30.6
2023-06-28 22:00:00,2160.0,30.2
2023-06-28 23:00:00,1996.0,30.0
2023-06-29 00:00:00,1934.0,29.9
2023-06-29 01:00:00,1840.0,29.6
2023-06-29 02:00:00,1722.0,28.8
2023-06-29 03:00:00,1657.0,28.4
2023-06-29 04:00:00,1588.0,27.6
2023-06-29 05:00:00,1555.0,28.0
2023-06-29 06:00:00,1635.0,28.2
2023-06-29 07:00:00,1658.0,28.5
2023-06-29 08:00:00,1775.0,28.9
2023-06-29 09:00:00,1906.0,29.4
2023-06-29 10:00:00,1971.0,30.3
2023-06-29 11:00:00,2036.0,30.6
2023-06-29 12:00:00,1914.0,31.3
2023-06-29 13:00:00,1965.0,31.8
2023-06-29 14:00:00,2020.0,32.3
2023-06-29 15:00:00,2028.0,30.8
2023-06-29 16:00:00,1968.0,30.8
2023-06-29 17:00:00,2022.0,31.0
2023-06-29 18:00:00,1864.0,30.5
2023-06-29 19:00:00,1908.0,29.8
2023-06-29 20:00:00,2076.0,29.6
2023-06-29 21:00:00,2092.0,28.5
2023-06-29 22:00:00,2032.0,27.4
2023-06-29 23:00:00,1934.0,26.9
2023-06-30 00:00:00,1889.0,26.2
2023-06-30 01:00:00,1776.0,25.6
2023-06-30 02:00:00,1669.0,25.1
2023-06-30 03:00:00,1584.0,24.7
2023-06-30 04:00:00,1523.0,24.5
2023-06-30 05:00:00,1488.0,24.5
2023-06-30 06:00:00,1524.0,24.4
2023-06-30 07:00:00,1573.0,24.1
2023-06-30 08:00:00,1647.0,23.6
2023-06-30 09:00:00,1749.0,23.5
2023-06-30 10:00:00,1815.0,24.0
2023-06-30 11:00:00,1792.0,23.5
2023-06-30 12:00:00,1720.0,23.4
2023-06-30 13:00:00,1708.0,24.1
2023-06-30 14:00:00,1723.0,24.6
2023-06-30 15:00:00,1773.0,25.0
2023-06-30 16:00:00,1849.0,24.4
2023-06-30 17:00:00,1939.0,24.5
2023-06-30 18:00:00,1753.0,24.6
2023-06-30 19:00:00,1742.0,24.7
2023-06-30 20:00:00,1880.0,23.7
2023-06-30 21:00:00,1872.0,23.3
2023-06-30 22:00:00,1700.0,23.6
2023-06-30 23:00:00,1548.0,23.9
2023-07-01 00:00:00,1502.0,23.7
2023-07-01 01:00:00,1422.0,23.4
2023-07-01 02:00:00,1357.0,23.4
2023-07-01 03:00:00,1312.0,23.4
2023-07-01 04:00:00,1308.0,23.5
2023-07-01 05:00:00,1303.0,23.9
2023-07-01 06:00:00,1424.0,24.0
2023-07-01 07:00:00,1495.0,24.4
2023-07-01 08:00:00,1530.0,25.4
2023-07-01 09:00:00,1578.0,27.2
2023-07-01 10:00:00,1620.0,28.1
2023-07-01 11:00:00,1663.0,29.6
2023-07-01 12:00:00,1656.0,29.6
2023-07-01 13:00:00,1701.0,30.5
2023-07-01 14:00:00,1738.0,31.3
2023-07-01 15:00:00,1740.0,31.6
2023-07-01 16:00:00,1788.0,31.6
2023-07-01 17:00:00,1844.0,31.7
2023-07-01 18:00:00,1753.0,31.1
2023-07-01 19:00:00,1767.0,29.6
2023-07-01 20:00:00,1995.0,29.2
2023-07-01 21:00:00,2040.0,29.2
2023-07-01 22:00:00,1908.0,28.3
2023-07-01 23:00:00,1718.0,27.7
2023-07-02 00:00:00,1684.0,28.2
2023-07-02 01:00:00,1655.0,27.9
2023-07-02 02:00:00,1577.0,27.7
2023-07-02 03:00:00,1522.0,26.9
2023-07-02 04:00:00,1453.0,26.5
2023-07-02 05:00:00,1444.0,26.6
2023-07-02 06:00:00,1540.0,26.0
2023-07-02 07:00:00,1570.0,26.2
2023-07-02 08:00:00,1601.0,28.9
2023-07-02 09:00:00,1705.0,30.7
2023-07-02 10:00:00,1853.0,32.6
2023-07-02 11:00:00,1954.0,34.2
2023-07-02 12:00:00,1972.0,34.8
2023-07-02 13:00:00,2061.0,35.5
2023-07-02 14:00:00,2105.0,35.4
2023-07-02 15:00:00,2090.0,35.7
2023-07-02 16:00:00,2083.0,36.4
2023-07-02 17:00:00,2131.0,35.3
2023-07-02 18:00:00,1940.0,34.1
2023-07-02 19:00:00,1923.0,26.9
2023-07-02 20:00:00,2178.0,28.8
2023-07-02 21:00:00,2310.0,28.4
2023-07-02 22:00:00,2278.0,28.7
2023-07-02 23:00:00,2097.0,28.8
2023-07-03 00:00:00,2074.0,28.9
2023-07-03 01:00:00,1942.0,29.6
2023-07-03 02:00:00,1828.0,29.8
2023-07-03 03:00:00,1736.0,29.3
2023-07-03 04:00:00,1625.0,29.7
2023-07-03 05:00:00,1600.0,29.6
2023-07-03 06:00:00,1616.0,29.0
2023-07-03 07:00:00,1648.0,29.1
2023-07-03 08:00:00,1839.0,29.6
2023-07-03 09:00:00,2037.0,31.3
2023-07-03 10:00:00,2150.0,32.4
2023-07-03 11:00:00,2241.0,33.0
2023-07-03 12:00:00,2223.0,33.4
2023-07-03 13:00:00,2324.0,34.0
2023-07-03 14:00:00,2388.0,34.6
2023-07-03 15:00:00,2373.0,34.6
2023-07-03 16:00:00,2366.0,35.0
2023-07-03 17:00:00,2409.0,34.5
2023-07-03 18:00:00,2272.0,34.6
2023-07-03 19:00:00,2236.0,33.8
2023-07-03 20:00:00,2512.0,32.5
2023-07-03 21:00:00,2703.0,31.4
2023-07-03 22:00:00,2647.0,30.5
2023-07-03 23:00:00,2479.0,30.9
2023-07-04 00:00:00,2381.0,31.4
2023-07-04 01:00:00,2231.0,30.9
2023-07-04 02:00:00,2094.0,29.7
2023-07-04 03:00:00,1990.0,29.9
2023-07-04 04:00:00,1893.0,29.9
2023-07-04 05:00:00,1829.0,28.7
2023-07-04 06:00:00,1840.0,28.0
2023-07-04 07:00:00,1802.0,28.0
2023-07-04 08:00:00,1891.0,28.9
2023-07-04 09:00:00,2017.0,29.5
2023-07-04 10:00:00,2042.0,28.2
2023-07-04 11:00:00,2020.0,26.9
2023-07-04 12:00:00,1848.0,27.6
2023-07-04 13:00:00,1868.0,28.0
2023-07-04 14:00:00,1852.0,26.3
2023-07-04 15:00:00,1798.0,24.2
2023-07-04 16:00:00,1785.0,23.9
2023-07-04 17:00:00,1800.0,24.3
2023-07-04 18:00:00,1666.0,24.2
2023-07-04 19:00:00,1657.0,24.5
2023-07-04 20:00:00,1830.0,24.0
2023-07-04 21:00:00,1869.0,24.0
2023-07-04 22:00:00,1766.0,23.9
2023-07-04 23:00:00,1673.0,23.6
2023-07-05 00:00:00,1654.0,23.3
2023-07-05 01:00:00,1523.0,23.3
2023-07-05 02:00:00,1475.0,23.4
2023-07-05 03:00:00,1443.0,23.4
2023-07-05 04:00:00,1410.0,23.3
2023-07-05 05:00:00,1414.0,23.4
2023-07-05 06:00:00,1565.0,23.2
2023-07-05 07:00:00,1586.0,23.9
2023-07-05 08:00:00,1672.0,24.8
2023-07-05 09:00:00,1766.0,26.1
2023-07-05 10:00:00,1837.0,27.7
2023-07-05 11:00:00,1886.0,28.5
2023-07-05 12:00:00,1867.0,30.3
2023-07-05 13:00:00,1968.0,31.2
2023-07-05 14:00:00,2057.0,31.4
2023-07-05 15:00:00,2067.0,32.0
2023-07-05 16:00:00,2107.0,31.2
2023-07-05 17:00:00,2095.0,32.0
2023-07-05 18:00:00,1961.0,31.8
2023-07-05 19:00:00,1973.0,30.9
2023-07-05 20:00:00,2193.0,30.6
2023-07-05 21:00:00,2368.0,30.2
2023-07-05 22:00:00,2262.0,29.9
2023-07-05 23:00:00,2120.0,29.4
2023-07-06 00:00:00,2072.0,29.3
2023-07-06 01:00:00,1926.0,28.7
2023-07-06 02:00:00,1831.0,27.7
2023-07-06 03:00:00,1748.0,27.4
2023-07-06 04:00:00,1697.0,28.2
2023-07-06 05:00:00,1669.0,28.3
2023-07-06 06:00:00,1706.0,27.3
2023-07-06 07:00:00,1745.0,28.6
2023-07-06 08:00:00,1847.0,29.5
2023-07-06 09:00:00,2005.0,30.5
2023-07-06 10:00:00,2090.0,31.5
2023-07-06 11:00:00,2162.0,33.1
2023-07-06 12:00:00,2139.0,33.5
2023-07-06 13:00:00,2258.0,34.3
2023-07-06 14:00:00,2360.0,35.4
2023-07-06 15:00:00,2372.0,35.9
2023-07-06 16:00:00,2382.0,34.6
2023-07-06 17:00:00,2441.0,33.9
2023-07-06 18:00:00,2261.0,34.3
2023-07-06 19:00:00,2240.0,33.8
2023-07-06 20:00:00,2501.0,33.1
2023-07-06 21:00:00,2801.0,32.9
2023-07-06 22:00:00,2684.0,32.6
2023-07-06 23:00:00,2475.0,32.3
2023-07-07 00:00:00,2344.0,32.0
2023-07-07 01:00:00,2194.0,31.7
2023-07-07 02:00:00,2074.0,31.3
2023-07-07 03:00:00,1959.0,29.5
2023-07-07 04:00:00,1874.0,30.2
2023-07-07 05:00:00,1817.0,29.2
2023-07-07 06:00:00,1823.0,29.6
2023-07-07 07:00:00,1829.0,29.5
2023-07-07 08:00:00,1937.0,29.7
2023-07-07 09:00:00,2086.0,29.9
2023-07-07 10:00:00,2161.0,30.7
2023-07-07 11:00:00,2306.0,30.8
2023-07-07 12:00:00,2184.0,29.4
2023-07-07 13:00:00,2268.0,29.6
2023-07-07 14:00:00,2309.0,31.3
2023-07-07 15:00:00,2321.0,31.5
2023-07-07 16:00:00,2370.0,32.4
2023-07-07 17:00:00,2429.0,31.4
2023-07-07 18:00:00,2287.0,31.7
2023-07-07 19:00:00,2330.0,31.1
2023-07-07 20:00:00,2640.0,30.4
2023-07-07 21:00:00,2695.0,30.5
2023-07-07 22:00:00,2531.0,30.0
2023-07-07 23:00:00,2340.0,30.8
2023-07-08 00:00:00,2272.0,30.4
2023-07-08 01:00:00,2138.0,30.2
2023-07-08 02:00:00,2023.0,29.0
2023-07-08 03:00:00,1931.0,29.6
2023-07-08 04:00:00,1821.0,28.6
2023-07-08 05:00:00,1789.0,28.9
2023-07-08 06:00:00,1770.0,28.6
2023-07-08 07:00:00,1804.0,29.0
2023-07-08 08:00:00,1854.0,29.6
2023-07-08 09:00:00,1980.0,30.1
2023-07-08 10:00:00,2075.0,30.9
2023-07-08 11:00:00,2151.0,30.0
2023-07-08 12:00:00,2033.0,28.8
2023-07-08 13:00:00,2056.0,28.6
2023-07-08 14:00:00,2119.0,31.2
2023-07-08 15:00:00,2171.0,32.4
2023-07-08 16:00:00,2146.0,31.7
2023-07-08 17:00:00,2181.0,30.8
2023-07-08 18:00:00,2116.0,30.0
2023-07-08 19:00:00,2107.0,29.5
2023-07-08 20:00:00,2408.0,29.0
2023-07-08 21:00:00,2511.0,28.6
2023-07-08 22:00:00,2284.0,28.4
2023-07-08 23:00:00,2116.0,28.1
2023-07-09 00:00:00,2053.0,27.2
2023-07-09 01:00:00,1916.0,27.3
2023-07-09 02:00:00,1808.0,27.0
2023-07-09 03:00:00,1720.0,28.0
2023-07-09 04:00:00,1664.0,26.8
2023-07-09 05:00:00,1630.0,26.5
2023-07-09 06:00:00,1667.0,26.8
2023-07-09 07:00:00,1716.0,28.4
2023-07-09 08:00:00,1749.0,30.0
2023-07-09 09:00:00,1870.0,30.8
2023-07-09 10:00:00,1978.0,31.8
2023-07-09 11:00:00,2072.0,31.9
2023-07-09 12:00:00,2048.0,32.8
2023-07-09 13:00:00,2142.0,32.5
2023-07-09 14:00:00,2187.0,32.3
2023-07-09 15:00:00,2134.0,31.4
2023-07-09 16:00:00,2104.0,30.7
2023-07-09 17:00:00,2152.0,30.5
2023-07-09 18:00:00,2034.0,30.7
2023-07-09 19:00:00,2017.0,29.8
2023-07-09 20:00:00,2277.0,29.3
2023-07-09 21:00:00,2420.0,28.5
2023-07-09 22:00:00,2248.0,28.3
2023-07-09 23:00:00,2066.0,27.7
2023-07-10 00:00:00,1959.0,27.0
2023-07-10 01:00:00,1836.0,27.1
2023-07-10 02:00:00,1739.0,27.1
2023-07-10 03:00:00,1669.0,26.2
2023-07-10 04:00:00,1584.0,26.2
2023-07-10 05:00:00,1592.0,26.0
2023-07-10 06:00:00,1643.0,25.9
2023-07-10 07:00:00,1693.0,26.5
2023-07-10 08:00:00,1827.0,27.6
2023-07-10 09:00:00,1975.0,28.9
2023-07-10 10:00:00,2077.0,31.1
2023-07-10 11:00:00,2230.0,31.6
2023-07-10 12:00:00,2158.0,32.7
2023-07-10 13:00:00,2292.0,34.4
2023-07-10 14:00:00,2341.0,35.4
2023-07-10 15:00:00,2360.0,36.1
2023-07-10 16:00:00,2364.0,36.3
2023-07-10 17:00:00,2433.0,36.1
2023-07-10 18:00:00,2295.0,35.3
2023-07-10 19:00:00,2271.0,34.2
2023-07-10 20:00:00,2577.0,33.1
2023-07-10 21:00:00,2843.0,32.9
2023-07-10 22:00:00,2248.0,31.7
2023-07-10 23:00:00,2066.0,32.1
2023-07-11 00:00:00,2405.0,31.9
2023-07-11 01:00:00,2236.0,31.4
2023-07-11 02:00:00,2123.0,30.5
2023-07-11 03:00:00,2005.0,29.9
2023-07-11 04:00:00,1914.0,29.2
2023-07-11 05:00:00,1850.0,29.5
2023-07-11 06:00:00,1842.0,29.1
2023-07-11 07:00:00,1866.0,29.9
2023-07-11 08:00:00,1972.0,31.2
2023-07-11 09:00:00,2170.0,31.2
2023-07-11 10:00:00,2264.0,32.6
2023-07-11 11:00:00,2379.0,33.9
2023-07-11 12:00:00,2323.0,34.8
2023-07-11 13:00:00,2476.0,35.5
2023-07-11 14:00:00,2526.0,36.1
2023-07-11 15:00:00,2539.0,37.1
2023-07-11 16:00:00,2536.0,37.5
2023-07-11 17:00:00,2550.0,36.3
2023-07-11 18:00:00,2422.0,33.2
2023-07-11 19:00:00,2414.0,33.1
2023-07-11 20:00:00,2802.0,32.6
2023-07-11 21:00:00,3006.0,31.2
2023-07-11 22:00:00,2945.0,31.9
2023-07-11 23:00:00,2714.0,31.2
2023-07-12 00:00:00,2621.0,30.4
2023-07-12 01:00:00,2444.0,30.8
2023-07-12 02:00:00,2313.0,30.1
2023-07-12 03:00:00,2175.0,30.2
2023-07-12 04:00:00,2063.0,29.5
2023-07-12 05:00:00,2000.0,30.6
2023-07-12 06:00:00,1947.0,30.4
2023-07-12 07:00:00,1948.0,29.8
2023-07-12 08:00:00,2050.0,31.2
2023-07-12 09:00:00,2250.0,32.5
2023-07-12 10:00:00,2335.0,33.3
2023-07-12 11:00:00,2432.0,34.3
2023-07-12 12:00:00,2444.0,35.1
2023-07-12 13:00:00,2616.0,36.2
2023-07-12 14:00:00,2679.0,36.5
2023-07-12 15:00:00,2700.0,37.2
2023-07-12 16:00:00,2680.0,37.9
2023-07-12 17:00:00,2701.0,36.1
2023-07-12 18:00:00,2551.0,34.9
2023-07-12 19:00:00,2510.0,34.3
2023-07-12 20:00:00,2875.0,34.3
2023-07-12 21:00:00,3191.0,32.4
2023-07-12 22:00:00,3101.0,31.8
2023-07-12 23:00:00,2863.0,32.6
2023-07-13 00:00:00,2722.0,32.7
2023-07-13 01:00:00,2562.0,32.4
2023-07-13 02:00:00,2411.0,30.7
2023-07-13 03:00:00,2258.0,29.4
2023-07-13 04:00:00,2144.0,29.6
2023-07-13 05:00:00,2081.0,29.9
2023-07-13 06:00:00,2010.0,28.7
2023-07-13 07:00:00,1986.0,28.7
2023-07-13 08:00:00,2097.0,30.3
2023-07-13 09:00:00,2279.0,31.9
2023-07-13 10:00:00,2377.0,33.1
2023-07-13 11:00:00,2498.0,32.8
2023-07-13 12:00:00,2492.0,34.1
2023-07-13 13:00:00,2654.0,34.5
2023-07-13 14:00:00,2720.0,35.8
2023-07-13 15:00:00,2763.0,36.6
2023-07-13 16:00:00,2711.0,36.0
2023-07-13 17:00:00,2770.0,36.7
2023-07-13 18:00:00,2615.0,35.6
2023-07-13 19:00:00,2596.0,34.4
2023-07-13 20:00:00,3021.0,34.3
2023-07-13 21:00:00,3286.0,33.2
2023-07-13 22:00:00,3154.0,32.8
2023-07-13 23:00:00,2909.0,32.4
2023-07-14 00:00:00,2787.0,30.8
2023-07-14 01:00:00,2590.0,28.7
2023-07-14 02:00:00,2426.0,27.6
2023-07-14 03:00:00,2261.0,27.3
2023-07-14 04:00:00,2135.0,27.1
2023-07-14 05:00:00,2020.0,26.7
2023-07-14 06:00:00,1932.0,26.4
2023-07-14 07:00:00,1876.0,26.3
2023-07-14 08:00:00,1898.0,26.6
2023-07-14 09:00:00,2028.0,26.7
2023-07-14 10:00:00,2038.0,27.5
2023-07-14 11:00:00,2087.0,28.2
2023-07-14 12:00:00,2060.0,28.0
2023-07-14 13:00:00,2079.0,28.6
2023-07-14 14:00:00,2137.0,29.0
2023-07-14 15:00:00,2088.0,28.8
2023-07-14 16:00:00,2082.0,29.2
2023-07-14 17:00:00,2137.0,30.2
2023-07-14 18:00:00,2024.0,29.7
2023-07-14 19:00:00,1994.0,27.5
2023-07-14 20:00:00,2212.0,26.0
2023-07-14 21:00:00,2346.0,25.4
2023-07-14 22:00:00,2239.0,25.3
2023-07-14 23:00:00,2059.0,26.1
2023-07-15 00:00:00,1968.0,25.3
2023-07-15 01:00:00,1830.0,25.1
2023-07-15 02:00:00,1742.0,24.8
2023-07-15 03:00:00,1676.0,24.1
2023-07-15 04:00:00,1627.0,24.0
2023-07-15 05:00:00,1615.0,24.3
2023-07-15 06:00:00,1675.0,24.6
2023-07-15 07:00:00,1702.0,24.7
2023-07-15 08:00:00,1743.0,26.7
2023-07-15 09:00:00,1850.0,28.8
2023-07-15 10:00:00,1913.0,30.5
2023-07-15 11:00:00,1998.0,32.2
2023-07-15 12:00:00,1987.0,32.8
2023-07-15 13:00:00,2086.0,34.9
2023-07-15 14:00:00,2145.0,36.1
2023-07-15 15:00:00,2187.0,36.7
2023-07-15 16:00:00,2178.0,34.8
2023-07-15 17:00:00,2203.0,33.1
2023-07-15 18:00:00,2044.0,32.2
2023-07-15 19:00:00,1986.0,31.9
2023-07-15 20:00:00,2238.0,31.0
2023-07-15 21:00:00,2470.0,30.5
2023-07-15 22:00:00,2361.0,30.5
2023-07-15 23:00:00,2147.0,29.4
2023-07-16 00:00:00,2072.0,27.6
2023-07-16 01:00:00,1951.0,27.6
2023-07-16 02:00:00,1840.0,26.7
2023-07-16 03:00:00,1748.0,26.2
2023-07-16 04:00:00,1689.0,25.5
2023-07-16 05:00:00,1642.0,25.5
2023-07-16 06:00:00,1668.0,26.6
2023-07-16 07:00:00,1684.0,26.8
2023-07-16 08:00:00,1667.0,27.0
2023-07-16 09:00:00,1749.0,29.4
2023-07-16 10:00:00,1863.0,30.4
2023-07-16 11:00:00,1956.0,31.6
2023-07-16 12:00:00,1939.0,33.4
2023-07-16 13:00:00,2031.0,33.3
2023-07-16 14:00:00,2089.0,33.3
2023-07-16 15:00:00,2062.0,33.6
2023-07-16 16:00:00,2055.0,31.8
2023-07-16 17:00:00,2121.0,32.5
2023-07-16 18:00:00,1996.0,31.2
2023-07-16 19:00:00,1960.0,29.7
2023-07-16 20:00:00,2173.0,28.7
2023-07-16 21:00:00,2357.0,28.2
2023-07-16 22:00:00,2198.0,28.1
2023-07-16 23:00:00,2023.0,27.4
2023-07-17 00:00:00,1978.0,27.4
2023-07-17 01:00:00,1858.0,25.0
2023-07-17 02:00:00,1741.0,24.6
2023-07-17 03:00:00,1686.0,25.0
2023-07-17 04:00:00,1612.0,24.7
2023-07-17 05:00:00,1581.0,24.8
2023-07-17 06:00:00,1652.0,24.7
2023-07-17 07:00:00,1696.0,25.8
2023-07-17 08:00:00,1786.0,27.4
2023-07-17 09:00:00,1865.0,29.9
2023-07-17 10:00:00,1927.0,29.3
2023-07-17 11:00:00,1936.0,30.4
2023-07-17 12:00:00,1896.0,31.3
2023-07-17 13:00:00,1989.0,32.6
2023-07-17 14:00:00,2062.0,32.8
2023-07-17 15:00:00,2085.0,32.1
2023-07-17 16:00:00,2030.0,32.2
2023-07-17 17:00:00,2115.0,31.4
2023-07-17 18:00:00,1971.0,30.3
2023-07-17 19:00:00,1910.0,29.7
2023-07-17 20:00:00,2188.0,29.1
2023-07-17 21:00:00,2364.0,28.7
2023-07-17 22:00:00,2262.0,28.4
2023-07-17 23:00:00,2085.0,28.3
2023-07-18 00:00:00,2025.0,28.2
2023-07-18 01:00:00,1909.0,27.7
2023-07-18 02:00:00,1793.0,26.3
2023-07-18 03:00:00,1739.0,26.0
2023-07-18 04:00:00,1690.0,25.6
2023-07-18 05:00:00,1634.0,25.5
2023-07-18 06:00:00,1669.0,25.5
2023-07-18 07:00:00,1698.0,26.0
2023-07-18 08:00:00,1783.0,26.3
2023-07-18 09:00:00,1851.0,27.6
2023-07-18 10:00:00,1872.0,27.6
2023-07-18 11:00:00,1941.0,30.0
2023-07-18 12:00:00,1857.0,30.0
2023-07-18 13:00:00,1912.0,30.1
2023-07-18 14:00:00,1944.0,31.0
2023-07-18 15:00:00,1979.0,30.1
2023-07-18 16:00:00,2013.0,30.6
2023-07-18 17:00:00,2037.0,29.1
2023-07-18 18:00:00,1876.0,27.1
2023-07-18 19:00:00,1840.0,27.4
2023-07-18 20:00:00,2111.0,27.7
2023-07-18 21:00:00,2248.0,27.0
2023-07-18 22:00:00,2113.0,27.5
2023-07-18 23:00:00,1943.0,27.8
2023-07-19 00:00:00,1883.0,27.2
2023-07-19 01:00:00,1782.0,26.4
2023-07-19 02:00:00,1663.0,25.0
2023-07-19 03:00:00,1573.0,24.2
2023-07-19 04:00:00,1530.0,24.1
2023-07-19 05:00:00,1514.0,23.9
2023-07-19 06:00:00,1547.0,23.9
2023-07-19 07:00:00,1633.0,24.1
2023-07-19 08:00:00,1684.0,24.7
2023-07-19 09:00:00,1790.0,25.5
2023-07-19 10:00:00,1821.0,26.8
2023-07-19 11:00:00,1888.0,28.1
2023-07-19 12:00:00,1788.0,28.8
2023-07-19 13:00:00,1870.0,30.2
2023-07-19 14:00:00,1917.0,29.5
2023-07-19 15:00:00,1889.0,30.9
2023-07-19 16:00:00,1916.0,32.1
2023-07-19 17:00:00,1989.0,32.4
2023-07-19 18:00:00,1869.0,32.0
2023-07-19 19:00:00,1857.0,30.9
2023-07-19 20:00:00,2114.0,29.0
2023-07-19 21:00:00,2112.0,28.5
2023-07-19 22:00:00,2040.0,27.9
2023-07-19 23:00:00,2009.0,27.5
2023-07-20 00:00:00,1943.0,27.8
2023-07-20 01:00:00,1825.0,26.6
2023-07-20 02:00:00,1735.0,26.3
2023-07-20 03:00:00,1667.0,26.1
2023-07-20 04:00:00,1609.0,26.2
2023-07-20 05:00:00,1607.0,26.5
2023-07-20 06:00:00,1663.0,26.8
2023-07-20 07:00:00,1702.0,26.6
2023-07-20 08:00:00,1808.0,26.7
2023-07-20 09:00:00,1939.0,28.1
2023-07-20 10:00:00,2012.0,29.9
2023-07-20 11:00:00,2059.0,31.5
2023-07-20 12:00:00,2016.0,32.8
2023-07-20 13:00:00,2116.0,34.2
2023-07-20 14:00:00,2183.0,33.9
2023-07-20 15:00:00,2174.0,34.7
2023-07-20 16:00:00,2144.0,34.2
2023-07-20 17:00:00,2186.0,33.0
2023-07-20 18:00:00,2022.0,32.9
2023-07-20 19:00:00,2001.0,30.9
2023-07-20 20:00:00,2314.0,30.0
2023-07-20 21:00:00,2460.0,30.0
2023-07-20 22:00:00,2325.0,28.9
2023-07-20 23:00:00,2148.0,28.0
2023-07-21 00:00:00,2079.0,27.9
2023-07-21 01:00:00,1953.0,27.4
2023-07-21 02:00:00,1861.0,27.0
2023-07-21 03:00:00,1782.0,27.4
2023-07-21 04:00:00,1711.0,26.6
2023-07-21 05:00:00,1665.0,27.0
2023-07-21 06:00:00,1732.0,26.9
2023-07-21 07:00:00,1750.0,27.6
2023-07-21 08:00:00,1884.0,28.3
2023-07-21 09:00:00,2025.0,30.7
2023-07-21 10:00:00,2128.0,31.0
2023-07-21 11:00:00,2190.0,32.3
2023-07-21 12:00:00,2194.0,34.1
2023-07-21 13:00:00,2308.0,35.6
2023-07-21 14:00:00,2383.0,36.5
2023-07-21 15:00:00,2430.0,37.0
2023-07-21 16:00:00,2412.0,37.1
2023-07-21 17:00:00,2459.0,37.1
2023-07-21 18:00:00,2249.0,36.4
2023-07-21 19:00:00,2166.0,34.1
2023-07-21 20:00:00,2450.0,29.4
2023-07-21 21:00:00,2557.0,28.2
2023-07-21 22:00:00,2430.0,27.3
2023-07-21 23:00:00,2257.0,26.8
2023-07-22 00:00:00,2206.0,27.2
2023-07-22 01:00:00,2067.0,26.6
2023-07-22 02:00:00,1952.0,26.4
2023-07-22 03:00:00,1848.0,26.5
2023-07-22 04:00:00,1729.0,25.4
2023-07-22 05:00:00,1662.0,25.3
2023-07-22 06:00:00,1665.0,25.4
2023-07-22 07:00:00,1648.0,25.8
2023-07-22 08:00:00,1723.0,25.8
2023-07-22 09:00:00,1949.0,25.9
2023-07-22 10:00:00,2039.0,26.9
2023-07-22 11:00:00,2142.0,29.2
2023-07-22 12:00:00,2140.0,31.4
2023-07-22 13:00:00,2264.0,32.0
2023-07-22 14:00:00,2359.0,33.1
2023-07-22 15:00:00,2390.0,34.1
2023-07-22 16:00:00,2405.0,34.7
2023-07-22 17:00:00,2429.0,32.9
2023-07-22 18:00:00,2262.0,33.1
2023-07-22 19:00:00,2245.0,31.4
2023-07-22 20:00:00,2557.0,30.2
2023-07-22 21:00:00,2698.0,29.0
2023-07-22 22:00:00,2488.0,28.9
2023-07-22 23:00:00,2272.0,28.4
2023-07-23 00:00:00,2178.0,28.0
2023-07-23 01:00:00,2020.0,27.7
2023-07-23 02:00:00,1914.0,27.1
2023-07-23 03:00:00,1800.0,26.8
2023-07-23 04:00:00,1711.0,26.3
2023-07-23 05:00:00,1702.0,26.0
2023-07-23 06:00:00,1692.0,26.2
2023-07-23 07:00:00,1685.0,26.2
2023-07-23 08:00:00,1740.0,27.6
2023-07-23 09:00:00,1852.0,29.4
2023-07-23 10:00:00,1957.0,31.1
2023-07-23 11:00:00,2101.0,33.0
2023-07-23 12:00:00,2136.0,34.5
2023-07-23 13:00:00,2265.0,36.2
2023-07-23 14:00:00,2346.0,36.7
2023-07-23 15:00:00,2348.0,37.4
2023-07-23 16:00:00,2339.0,38.3
2023-07-23 17:00:00,2417.0,37.4
2023-07-23 18:00:00,2313.0,35.5
2023-07-23 19:00:00,2295.0,33.2
2023-07-23 20:00:00,2645.0,31.7
2023-07-23 21:00:00,2961.0,30.9
2023-07-23 22:00:00,2819.0,30.0
2023-07-23 23:00:00,2595.0,29.4
2023-07-24 00:00:00,2443.0,29.1
2023-07-24 01:00:00,2269.0,28.7
2023-07-24 02:00:00,2126.0,28.4
2023-07-24 03:00:00,2005.0,28.1
2023-07-24 04:00:00,1908.0,28.3
2023-07-24 05:00:00,1825.0,28.6
2023-07-24 06:00:00,1820.0,27.9
2023-07-24 07:00:00,1835.0,27.8
2023-07-24 08:00:00,1967.0,29.4
2023-07-24 09:00:00,2189.0,31.5
2023-07-24 10:00:00,2315.0,33.3
2023-07-24 11:00:00,2469.0,34.3
2023-07-24 12:00:00,2451.0,35.5
2023-07-24 13:00:00,2586.0,36.7
2023-07-24 14:00:00,2632.0,36.0
2023-07-24 15:00:00,2632.0,36.2
2023-07-24 16:00:00,2461.0,32.1
2023-07-24 17:00:00,2403.0,30.7
2023-07-24 18:00:00,2250.0,30.9
2023-07-24 19:00:00,2241.0,30.3
2023-07-24 20:00:00,2601.0,29.2
2023-07-24 21:00:00,2835.0,28.5
2023-07-24 22:00:00,2570.0,27.8
2023-07-24 23:00:00,2384.0,27.6
2023-07-25 00:00:00,2241.0,27.4
2023-07-25 01:00:00,2098.0,27.1
2023-07-25 02:00:00,1987.0,26.8
2023-07-25 03:00:00,1899.0,26.5
2023-07-25 04:00:00,1800.0,26.7
2023-07-25 05:00:00,1726.0,25.5
2023-07-25 06:00:00,1711.0,25.3
2023-07-25 07:00:00,1756.0,25.2
2023-07-25 08:00:00,1819.0,24.8
2023-07-25 09:00:00,1893.0,25.1
2023-07-25 10:00:00,2026.0,26.9
2023-07-25 11:00:00,2090.0,27.7
2023-07-25 12:00:00,1979.0,28.2
2023-07-25 13:00:00,1987.0,28.8
2023-07-25 14:00:00,2014.0,29.3
2023-07-25 15:00:00,2099.0,30.3
2023-07-25 16:00:00,2110.0,29.7
2023-07-25 17:00:00,2113.0,28.5
2023-07-25 18:00:00,1926.0,27.4
2023-07-25 19:00:00,1935.0,26.7
2023-07-25 20:00:00,2204.0,26.3
2023-07-25 21:00:00,2168.0,26.3
2023-07-25 22:00:00,2035.0,25.9
2023-07-25 23:00:00,1906.0,26.0
2023-07-26 00:00:00,1868.0,25.9
2023-07-26 01:00:00,1778.0,25.8
2023-07-26 02:00:00,1687.0,25.6
2023-07-26 03:00:00,1619.0,24.9
2023-07-26 04:00:00,1583.0,25.0
2023-07-26 05:00:00,1571.0,25.3
2023-07-26 06:00:00,1642.0,25.3
2023-07-26 07:00:00,1676.0,25.6
2023-07-26 08:00:00,1757.0,26.3
2023-07-26 09:00:00,1860.0,27.1
2023-07-26 10:00:00,1900.0,27.8
2023-07-26 11:00:00,1943.0,28.3
2023-07-26 12:00:00,1826.0,29.2
2023-07-26 13:00:00,1872.0,29.8
2023-07-26 14:00:00,1889.0,30.2
2023-07-26 15:00:00,1935.0,29.9
2023-07-26 16:00:00,1966.0,29.1
2023-07-26 17:00:00,2009.0,28.8
2023-07-26 18:00:00,1845.0,28.0
2023-07-26 19:00:00,1852.0,27.7
2023-07-26 20:00:00,2123.0,26.9
2023-07-26 21:00:00,2156.0,26.7
2023-07-26 22:00:00,2038.0,26.5
2023-07-26 23:00:00,1842.0,26.2
2023-07-27 00:00:00,1808.0,25.9
2023-07-27 01:00:00,1729.0,26.3
2023-07-27 02:00:00,1653.0,26.5
2023-07-27 03:00:00,1580.0,26.4
2023-07-27 04:00:00,1541.0,25.8
2023-07-27 05:00:00,1521.0,25.6
2023-07-27 06:00:00,1642.0,26.1
2023-07-27 07:00:00,1642.0,27.0
2023-07-27 08:00:00,1748.0,28.4
2023-07-27 09:00:00,1888.0,28.8
2023-07-27 10:00:00,1968.0,30.0
2023-07-27 11:00:00,1974.0,31.5
2023-07-27 12:00:00,1928.0,31.9
2023-07-27 13:00:00,2008.0,31.9
2023-07-27 14:00:00,2047.0,32.5
2023-07-27 15:00:00,2034.0,31.8
2023-07-27 16:00:00,2041.0,33.4
2023-07-27 17:00:00,2136.0,33.5
2023-07-27 18:00:00,1942.0,32.3
2023-07-27 19:00:00,1920.0,31.0
2023-07-27 20:00:00,2253.0,30.1
2023-07-27 21:00:00,2314.0,29.9
2023-07-27 22:00:00,2255.0,29.0
2023-07-27 23:00:00,2188.0,28.7
2023-07-28 00:00:00,2098.0,28.3
2023-07-28 01:00:00,1963.0,27.3
2023-07-28 02:00:00,1849.0,27.3
2023-07-28 03:00:00,1766.0,27.1
2023-07-28 04:00:00,1707.0,27.2
2023-07-28 05:00:00,1679.0,26.9
2023-07-28 06:00:00,1697.0,27.2
2023-07-28 07:00:00,1729.0,28.7
2023-07-28 08:00:00,1846.0,30.4
2023-07-28 09:00:00,1919.0,31.3
2023-07-28 10:00:00,1999.0,31.3
2023-07-28 11:00:00,2084.0,31.7
2023-07-28 12:00:00,2027.0,32.0
2023-07-28 13:00:00,2105.0,32.8
2023-07-28 14:00:00,2173.0,32.5
2023-07-28 15:00:00,2177.0,33.7
2023-07-28 16:00:00,2148.0,33.8
2023-07-28 17:00:00,2224.0,34.1
2023-07-28 18:00:00,2053.0,32.8
2023-07-28 19:00:00,2008.0,30.9
2023-07-28 20:00:00,2330.0,30.5
2023-07-28 21:00:00,2437.0,30.0
2023-07-28 22:00:00,2392.0,30.0
2023-07-28 23:00:00,2197.0,29.6
2023-07-29 00:00:00,2121.0,27.8
2023-07-29 01:00:00,1949.0,26.3
2023-07-29 02:00:00,1846.0,26.0
2023-07-29 03:00:00,1768.0,26.1
2023-07-29 04:00:00,1694.0,25.5
2023-07-29 05:00:00,1669.0,25.1
2023-07-29 06:00:00,1677.0,25.4
2023-07-29 07:00:00,1675.0,26.0
2023-07-29 08:00:00,1758.0,27.5
2023-07-29 09:00:00,1890.0,29.7
2023-07-29 10:00:00,1942.0,31.0
2023-07-29 11:00:00,1990.0,32.1
2023-07-29 12:00:00,1930.0,31.9
2023-07-29 13:00:00,2024.0,33.8
2023-07-29 14:00:00,2077.0,30.6
2023-07-29 15:00:00,2050.0,32.7
2023-07-29 16:00:00,2101.0,34.1
2023-07-29 17:00:00,2223.0,33.3
2023-07-29 18:00:00,2090.0,34.5
2023-07-29 19:00:00,2080.0,31.8
2023-07-29 20:00:00,2442.0,29.9
2023-07-29 21:00:00,2495.0,29.0
2023-07-29 22:00:00,2440.0,28.7
2023-07-29 23:00:00,2271.0,28.5
2023-07-30 00:00:00,2196.0,27.9
2023-07-30 01:00:00,2048.0,27.7
2023-07-30 02:00:00,1934.0,27.6
2023-07-30 03:00:00,1830.0,27.4
2023-07-30 04:00:00,1741.0,27.3
2023-07-30 05:00:00,1726.0,27.4
2023-07-30 06:00:00,1710.0,27.2
2023-07-30 07:00:00,1712.0,26.1
2023-07-30 08:00:00,1795.0,26.7
2023-07-30 09:00:00,1904.0,29.0
2023-07-30 10:00:00,1966.0,31.7
2023-07-30 11:00:00,2134.0,32.2
2023-07-30 12:00:00,2130.0,33.2
2023-07-30 13:00:00,2131.0,34.1
2023-07-30 14:00:00,2189.0,34.9
2023-07-30 15:00:00,2145.0,35.1
2023-07-30 16:00:00,2139.0,36.2
2023-07-30 17:00:00,2195.0,32.6
2023-07-30 18:00:00,2006.0,30.8
2023-07-30 19:00:00,1967.0,27.4
2023-07-30 20:00:00,2258.0,26.5
2023-07-30 21:00:00,2244.0,26.4
2023-07-30 22:00:00,2129.0,25.7
2023-07-30 23:00:00,1981.0,25.7
2023-07-31 00:00:00,1878.0,26.1
2023-07-31 01:00:00,1738.0,25.7
2023-07-31 02:00:00,1647.0,25.5
2023-07-31 03:00:00,1586.0,25.3
2023-07-31 04:00:00,1539.0,25.3
2023-07-31 05:00:00,1509.0,25.5
2023-07-31 06:00:00,1558.0,25.5
2023-07-31 07:00:00,1621.0,25.9
2023-07-31 08:00:00,1726.0,26.1
2023-07-31 09:00:00,1817.0,27.1
2023-07-31 10:00:00,1900.0,28.3
2023-07-31 11:00:00,1964.0,29.7
2023-07-31 12:00:00,1914.0,31.2
2023-07-31 13:00:00,2007.0,32.0
2023-07-31 14:00:00,2086.0,33.7
2023-07-31 15:00:00,2164.0,34.7
2023-07-31 16:00:00,2113.0,35.3
2023-07-31 17:00:00,2130.0,30.4
2023-07-31 18:00:00,1956.0,29.7
2023-07-31 19:00:00,1901.0,29.5
2023-07-31 20:00:00,2211.0,27.7
2023-07-31 21:00:00,2305.0,27.2
2023-07-31 22:00:00,2169.0,26.8
2023-07-31 23:00:00,2011.0,26.5
2023-08-01 00:00:00,1948.0,26.5
2023-08-01 01:00:00,1829.0,26.1
2023-08-01 02:00:00,1752.0,26.0
2023-08-01 03:00:00,1664.0,25.9
2023-08-01 04:00:00,1603.0,26.0
2023-08-01 05:00:00,1594.0,26.0
2023-08-01 06:00:00,1626.0,25.8
2023-08-01 07:00:00,1677.0,27.0
2023-08-01 08:00:00,1775.0,27.5
2023-08-01 09:00:00,1945.0,29.7
2023-08-01 10:00:00,2007.0,31.4
2023-08-01 11:00:00,2059.0,33.1
2023-08-01 12:00:00,2050.0,33.3
2023-08-01 13:00:00,2208.0,34.1
2023-08-01 14:00:00,2253.0,27.1
2023-08-01 15:00:00,2110.0,26.9
2023-08-01 16:00:00,2036.0,27.5
2023-08-01 17:00:00,2026.0,26.9
2023-08-01 18:00:00,1917.0,25.4
2023-08-01 19:00:00,1888.0,26.3
2023-08-01 20:00:00,2119.0,26.1
2023-08-01 21:00:00,2130.0,24.9
2023-08-01 22:00:00,1913.0,24.6
2023-08-01 23:00:00,1769.0,25.0
2023-08-02 00:00:00,1718.0,25.3
2023-08-02 01:00:00,1622.0,25.2
2023-08-02 02:00:00,1577.0,24.8
2023-08-02 03:00:00,1527.0,24.7
2023-08-02 04:00:00,1476.0,24.6
2023-08-02 05:00:00,1494.0,24.7
2023-08-02 06:00:00,1540.0,24.8
2023-08-02 07:00:00,1614.0,24.9
2023-08-02 08:00:00,1692.0,25.4
2023-08-02 09:00:00,1798.0,27.1
2023-08-02 10:00:00,1842.0,27.8
2023-08-02 11:00:00,1882.0,28.5
2023-08-02 12:00:00,1835.0,29.4
2023-08-02 13:00:00,1910.0,30.2
2023-08-02 14:00:00,1991.0,31.7
2023-08-02 15:00:00,2009.0,31.8
2023-08-02 16:00:00,2036.0,32.3
2023-08-02 17:00:00,2088.0,32.4
2023-08-02 18:00:00,1972.0,31.9
2023-08-02 19:00:00,1947.0,30.7
2023-08-02 20:00:00,2278.0,29.7
2023-08-02 21:00:00,2338.0,28.2
2023-08-02 22:00:00,2196.0,27.9
2023-08-02 23:00:00,2016.0,27.8
2023-08-03 00:00:00,1960.0,27.4
2023-08-03 01:00:00,1849.0,27.0
2023-08-03 02:00:00,1755.0,27.4
2023-08-03 03:00:00,1673.0,26.5
2023-08-03 04:00:00,1633.0,26.5
2023-08-03 05:00:00,1612.0,26.0
2023-08-03 06:00:00,1652.0,26.0
2023-08-03 07:00:00,1686.0,26.4
2023-08-03 08:00:00,1795.0,27.9
2023-08-03 09:00:00,1953.0,29.8
2023-08-03 10:00:00,2051.0,32.6
2023-08-03 11:00:00,2122.0,33.8
2023-08-03 12:00:00,2094.0,34.3
2023-08-03 13:00:00,2185.0,35.2
2023-08-03 14:00:00,2221.0,35.4
2023-08-03 15:00:00,2258.0,35.8
2023-08-03 16:00:00,2219.0,35.8
2023-08-03 17:00:00,2272.0,35.0
2023-08-03 18:00:00,2086.0,34.9
2023-08-03 19:00:00,2064.0,32.9
2023-08-03 20:00:00,2473.0,30.8
2023-08-03 21:00:00,2607.0,30.1
2023-08-03 22:00:00,2499.0,30.0
2023-08-03 23:00:00,2366.0,29.8
2023-08-04 00:00:00,2287.0,30.3
2023-08-04 01:00:00,2143.0,30.0
2023-08-04 02:00:00,2013.0,28.9
2023-08-04 03:00:00,1911.0,28.4
2023-08-04 04:00:00,1851.0,28.6
2023-08-04 05:00:00,1782.0,29.0
2023-08-04 06:00:00,1805.0,28.8
2023-08-04 07:00:00,1793.0,27.6
2023-08-04 08:00:00,1938.0,28.9
2023-08-04 09:00:00,2120.0,30.8
2023-08-04 10:00:00,2220.0,32.6
2023-08-04 11:00:00,2332.0,34.2
2023-08-04 12:00:00,2341.0,35.5
2023-08-04 13:00:00,2460.0,36.1
2023-08-04 14:00:00,2544.0,37.5
2023-08-04 15:00:00,2564.0,37.7
2023-08-04 16:00:00,2544.0,38.3
2023-08-04 17:00:00,2650.0,38.4
2023-08-04 18:00:00,2464.0,37.6
2023-08-04 19:00:00,2462.0,35.0
2023-08-04 20:00:00,2913.0,32.5
2023-08-04 21:00:00,3093.0,31.9
2023-08-04 22:00:00,2982.0,31.4
2023-08-04 23:00:00,2781.0,31.2
2023-08-05 00:00:00,2685.0,31.1
2023-08-05 01:00:00,2521.0,31.1
2023-08-05 02:00:00,2373.0,31.7
2023-08-05 03:00:00,2249.0,31.2
2023-08-05 04:00:00,2127.0,29.7
2023-08-05 05:00:00,2055.0,28.7
2023-08-05 06:00:00,1948.0,28.3
2023-08-05 07:00:00,1902.0,28.5
2023-08-05 08:00:00,1923.0,30.0
2023-08-05 09:00:00,2037.0,32.3
2023-08-05 10:00:00,2182.0,34.2
2023-08-05 11:00:00,2469.0,35.8
2023-08-05 12:00:00,2499.0,37.1
2023-08-05 13:00:00,2668.0,38.1
2023-08-05 14:00:00,2697.0,39.2
2023-08-05 15:00:00,2717.0,39.6
2023-08-05 16:00:00,2675.0,39.9
2023-08-05 17:00:00,2740.0,39.1
2023-08-05 18:00:00,2579.0,37.6
2023-08-05 19:00:00,2534.0,35.0
2023-08-05 20:00:00,3003.0,34.1
2023-08-05 21:00:00,3182.0,33.4
2023-08-05 22:00:00,3073.0,33.4
2023-08-05 23:00:00,2855.0,31.6
2023-08-06 00:00:00,2757.0,31.1
2023-08-06 01:00:00,2582.0,30.6
2023-08-06 02:00:00,2453.0,29.8
2023-08-06 03:00:00,2304.0,29.2
2023-08-06 04:00:00,2196.0,29.1
2023-08-06 05:00:00,2086.0,29.1
2023-08-06 06:00:00,1992.0,28.8
2023-08-06 07:00:00,1993.0,28.7
2023-08-06 08:00:00,2041.0,30.5
2023-08-06 09:00:00,2167.0,33.5
2023-08-06 10:00:00,2313.0,34.3
2023-08-06 11:00:00,2449.0,33.2
2023-08-06 12:00:00,2488.0,36.4
2023-08-06 13:00:00,2636.0,33.7
2023-08-06 14:00:00,2622.0,32.4
2023-08-06 15:00:00,2553.0,34.7
2023-08-06 16:00:00,2434.0,32.5
2023-08-06 17:00:00,2393.0,32.4
2023-08-06 18:00:00,2291.0,29.3
2023-08-06 19:00:00,2290.0,29.3
2023-08-06 20:00:00,2812.0,29.0
2023-08-06 21:00:00,2767.0,29.7
2023-08-06 22:00:00,2630.0,29.0
2023-08-06 23:00:00,2440.0,28.4
2023-08-07 00:00:00,2375.0,28.9
2023-08-07 01:00:00,2247.0,28.3
2023-08-07 02:00:00,2137.0,28.3
2023-08-07 03:00:00,2048.0,27.9
2023-08-07 04:00:00,1946.0,28.0
2023-08-07 05:00:00,1852.0,27.9
2023-08-07 06:00:00,1756.0,27.5
2023-08-07 07:00:00,1805.0,27.0
2023-08-07 08:00:00,1918.0,26.8
2023-08-07 09:00:00,2037.0,26.8
2023-08-07 10:00:00,2095.0,26.5
2023-08-07 11:00:00,2100.0,25.4
2023-08-07 12:00:00,2013.0,24.6
2023-08-07 13:00:00,2006.0,24.8
2023-08-07 14:00:00,2001.0,25.2
2023-08-07 15:00:00,2121.0,26.5
2023-08-07 16:00:00,2121.0,27.2
2023-08-07 17:00:00,2207.0,29.2
2023-08-07 18:00:00,2108.0,29.1
2023-08-07 19:00:00,2030.0,28.3
2023-08-07 20:00:00,2432.0,27.9
2023-08-07 21:00:00,2468.0,27.6
2023-08-07 22:00:00,2334.0,27.6
2023-08-07 23:00:00,2146.0,27.5
2023-08-08 00:00:00,2133.0,27.2
2023-08-08 01:00:00,2013.0,27.7
2023-08-08 02:00:00,1910.0,27.5
2023-08-08 03:00:00,1825.0,27.1
2023-08-08 04:00:00,1793.0,27.0
2023-08-08 05:00:00,1751.0,27.3
2023-08-08 06:00:00,1764.0,27.6
2023-08-08 07:00:00,1817.0,27.8
2023-08-08 08:00:00,1903.0,29.4
2023-08-08 09:00:00,2005.0,31.3
2023-08-08 10:00:00,2111.0,31.8
2023-08-08 11:00:00,2216.0,32.0
2023-08-08 12:00:00,2170.0,29.8
2023-08-08 13:00:00,2265.0,31.9
2023-08-08 14:00:00,2295.0,33.1
2023-08-08 15:00:00,2275.0,34.1
2023-08-08 16:00:00,2304.0,34.0
2023-08-08 17:00:00,2337.0,33.3
2023-08-08 18:00:00,2178.0,32.9
2023-08-08 19:00:00,2172.0,31.9
2023-08-08 20:00:00,2627.0,31.0
2023-08-08 21:00:00,2723.0,30.7
2023-08-08 22:00:00,2563.0,30.7
2023-08-08 23:00:00,2467.0,30.6
2023-08-09 00:00:00,2393.0,29.9
2023-08-09 01:00:00,2253.0,28.6
2023-08-09 02:00:00,2106.0,28.3
2023-08-09 03:00:00,2010.0,27.9
2023-08-09 04:00:00,1913.0,27.8
2023-08-09 05:00:00,1858.0,27.4
2023-08-09 06:00:00,1805.0,27.0
2023-08-09 07:00:00,1803.0,27.3
2023-08-09 08:00:00,1880.0,28.6
2023-08-09 09:00:00,2041.0,29.9
2023-08-09 10:00:00,2130.0,30.8
2023-08-09 11:00:00,2268.0,33.8
2023-08-09 12:00:00,2225.0,32.0
2023-08-09 13:00:00,2334.0,31.1
2023-08-09 14:00:00,2403.0,33.1
2023-08-09 15:00:00,2418.0,32.4
2023-08-09 16:00:00,2412.0,32.8
2023-08-09 17:00:00,2451.0,32.3
2023-08-09 18:00:00,2253.0,31.9
2023-08-09 19:00:00,2223.0,31.0
2023-08-09 20:00:00,2662.0,30.4
2023-08-09 21:00:00,2780.0,30.1
2023-08-09 22:00:00,2557.0,29.6
2023-08-09 23:00:00,2335.0,29.8
2023-08-10 00:00:00,2274.0,29.7
2023-08-10 01:00:00,2132.0,29.2
2023-08-10 02:00:00,2017.0,27.2
2023-08-10 03:00:00,1909.0,27.0
2023-08-10 04:00:00,1844.0,26.8
2023-08-10 05:00:00,1787.0,26.8
2023-08-10 06:00:00,1769.0,26.5
2023-08-10 07:00:00,1786.0,26.6
2023-08-10 08:00:00,1862.0,28.0
2023-08-10 09:00:00,2010.0,30.1
2023-08-10 10:00:00,2093.0,31.8
2023-08-10 11:00:00,2190.0,31.5
2023-08-10 12:00:00,2155.0,33.1
2023-08-10 13:00:00,2281.0,34.3
2023-08-10 14:00:00,2329.0,34.6
2023-08-10 15:00:00,2312.0,34.8
2023-08-10 16:00:00,2315.0,33.3
2023-08-10 17:00:00,2365.0,32.3
2023-08-10 18:00:00,2179.0,31.6
2023-08-10 19:00:00,2140.0,29.9
2023-08-10 20:00:00,2572.0,29.1
2023-08-10 21:00:00,2752.0,28.8
2023-08-10 22:00:00,2493.0,28.8
2023-08-10 23:00:00,2276.0,28.7
2023-08-11 00:00:00,2205.0,26.9
2023-08-11 01:00:00,2071.0,26.3
2023-08-11 02:00:00,1952.0,26.2
2023-08-11 03:00:00,1881.0,26.3
2023-08-11 04:00:00,1816.0,26.2
2023-08-11 05:00:00,1733.0,26.3
2023-08-11 06:00:00,1763.0,26.0
2023-08-11 07:00:00,1745.0,26.4
2023-08-11 08:00:00,1837.0,27.5
2023-08-11 09:00:00,1992.0,30.0
2023-08-11 10:00:00,2097.0,31.9
2023-08-11 11:00:00,2201.0,32.6
2023-08-11 12:00:00,2174.0,33.8
2023-08-11 13:00:00,2286.0,34.4
2023-08-11 14:00:00,2364.0,34.1
2023-08-11 15:00:00,2364.0,34.2
2023-08-11 16:00:00,2329.0,34.4
2023-08-11 17:00:00,2385.0,34.1
2023-08-11 18:00:00,2226.0,32.8
2023-08-11 19:00:00,2173.0,31.3
2023-08-11 20:00:00,2621.0,30.0
2023-08-11 21:00:00,2715.0,29.8
2023-08-11 22:00:00,2582.0,29.7
2023-08-11 23:00:00,2392.0,29.4
2023-08-12 00:00:00,2339.0,29.2
2023-08-12 01:00:00,2215.0,29.5
2023-08-12 02:00:00,2079.0,29.3
2023-08-12 03:00:00,1954.0,26.7
2023-08-12 04:00:00,1878.0,27.1
2023-08-12 05:00:00,1797.0,27.1
2023-08-12 06:00:00,1807.0,27.7
2023-08-12 07:00:00,1786.0,26.6
2023-08-12 08:00:00,1824.0,27.4
2023-08-12 09:00:00,1944.0,29.0
2023-08-12 10:00:00,2063.0,31.4
2023-08-12 11:00:00,2215.0,34.0
2023-08-12 12:00:00,2223.0,35.3
2023-08-12 13:00:00,2373.0,35.7
2023-08-12 14:00:00,2417.0,35.8
2023-08-12 15:00:00,2438.0,35.7
2023-08-12 16:00:00,2403.0,35.7
2023-08-12 17:00:00,2474.0,35.3
2023-08-12 18:00:00,2325.0,34.8
2023-08-12 19:00:00,2313.0,32.6
2023-08-12 20:00:00,2765.0,31.0
2023-08-12 21:00:00,2848.0,30.5
2023-08-12 22:00:00,2736.0,30.6
2023-08-12 23:00:00,2610.0,30.5
2023-08-13 00:00:00,2510.0,30.1
2023-08-13 01:00:00,2377.0,30.0
2023-08-13 02:00:00,2238.0,29.3
2023-08-13 03:00:00,2123.0,28.8
2023-08-13 04:00:00,2027.0,28.6
2023-08-13 05:00:00,1928.0,27.7
2023-08-13 06:00:00,1822.0,27.3
2023-08-13 07:00:00,1736.0,27.2
2023-08-13 08:00:00,1717.0,25.5
2023-08-13 09:00:00,1827.0,25.9
2023-08-13 10:00:00,1862.0,25.8
2023-08-13 11:00:00,1895.0,26.3
2023-08-13 12:00:00,1832.0,27.0
2023-08-13 13:00:00,1869.0,27.1
2023-08-13 14:00:00,1835.0,26.9
2023-08-13 15:00:00,1818.0,27.3
2023-08-13 16:00:00,1883.0,27.0
2023-08-13 17:00:00,1952.0,26.7
2023-08-13 18:00:00,1818.0,27.0
2023-08-13 19:00:00,1849.0,26.6
2023-08-13 20:00:00,2195.0,26.4
2023-08-13 21:00:00,2256.0,26.3
2023-08-13 22:00:00,2113.0,26.0
2023-08-13 23:00:00,1813.0,25.7
2023-08-14 00:00:00,1790.0,25.5
2023-08-14 01:00:00,1696.0,25.3
2023-08-14 02:00:00,1634.0,25.3
2023-08-14 03:00:00,1589.0,25.4
2023-08-14 04:00:00,1517.0,25.5
2023-08-14 05:00:00,1527.0,25.2
2023-08-14 06:00:00,1575.0,25.1
2023-08-14 07:00:00,1639.0,25.2
2023-08-14 08:00:00,1763.0,26.0
2023-08-14 09:00:00,1848.0,27.4
2023-08-14 10:00:00,1880.0,28.4
2023-08-14 11:00:00,1960.0,29.7
2023-08-14 12:00:00,1933.0,30.9
2023-08-14 13:00:00,2030.0,31.0
2023-08-14 14:00:00,2053.0,31.5
2023-08-14 15:00:00,2033.0,31.8
2023-08-14 16:00:00,2007.0,31.8
2023-08-14 17:00:00,2099.0,31.7
2023-08-14 18:00:00,1936.0,30.3
2023-08-14 19:00:00,1899.0,29.0
2023-08-14 20:00:00,2314.0,28.3
2023-08-14 21:00:00,2331.0,29.0
2023-08-14 22:00:00,2242.0,29.1
2023-08-14 23:00:00,2064.0,28.7
2023-08-15 00:00:00,2025.0,27.4
2023-08-15 01:00:00,1925.0,27.0
2023-08-15 02:00:00,1796.0,26.6
2023-08-15 03:00:00,1710.0,26.4
2023-08-15 04:00:00,1660.0,26.0
2023-08-15 05:00:00,1636.0,25.4
2023-08-15 06:00:00,1667.0,25.1
2023-08-15 07:00:00,1706.0,25.6
2023-08-15 08:00:00,1804.0,26.5
2023-08-15 09:00:00,1938.0,28.2
2023-08-15 10:00:00,2009.0,31.6
2023-08-15 11:00:00,2103.0,32.9
2023-08-15 12:00:00,2059.0,32.4
2023-08-15 13:00:00,2165.0,33.5
2023-08-15 14:00:00,2222.0,33.9
2023-08-15 15:00:00,2237.0,34.8
2023-08-15 16:00:00,2258.0,33.6
2023-08-15 17:00:00,2309.0,32.1
2023-08-15 18:00:00,2135.0,31.2
2023-08-15 19:00:00,2061.0,29.9
2023-08-15 20:00:00,2470.0,28.7
2023-08-15 21:00:00,2540.0,28.5
2023-08-15 22:00:00,2360.0,28.2
2023-08-15 23:00:00,2171.0,28.1
2023-08-16 00:00:00,2111.0,28.1
2023-08-16 01:00:00,2003.0,28.3
2023-08-16 02:00:00,1895.0,27.6
2023-08-16 03:00:00,1792.0,27.1
2023-08-16 04:00:00,1730.0,26.7
2023-08-16 05:00:00,1677.0,26.4
2023-08-16 06:00:00,1706.0,25.9
2023-08-16 07:00:00,1738.0,25.7
2023-08-16 08:00:00,1858.0,27.4
2023-08-16 09:00:00,2028.0,29.0
2023-08-16 10:00:00,2112.0,30.9
2023-08-16 11:00:00,2205.0,34.0
2023-08-16 12:00:00,2177.0,34.6
2023-08-16 13:00:00,2295.0,35.0
2023-08-16 14:00:00,2401.0,35.6
2023-08-16 15:00:00,2388.0,35.6
2023-08-16 16:00:00,2407.0,35.2
2023-08-16 17:00:00,2460.0,34.2
2023-08-16 18:00:00,2275.0,33.2
2023-08-16 19:00:00,2208.0,31.4
2023-08-16 20:00:00,2665.0,30.4
2023-08-16 21:00:00,2723.0,29.9
2023-08-16 22:00:00,2620.0,29.5
2023-08-16 23:00:00,2411.0,29.4
2023-08-17 00:00:00,2371.0,29.8
2023-08-17 01:00:00,2220.0,29.4
2023-08-17 02:00:00,2104.0,29.3
2023-08-17 03:00:00,2004.0,29.9
2023-08-17 04:00:00,1927.0,29.5
2023-08-17 05:00:00,1874.0,29.1
2023-08-17 06:00:00,1867.0,28.3
2023-08-17 07:00:00,1879.0,28.1
2023-08-17 08:00:00,1997.0,30.1
2023-08-17 09:00:00,2108.0,31.8
2023-08-17 10:00:00,2223.0,32.6
2023-08-17 11:00:00,2335.0,34.0
2023-08-17 12:00:00,2311.0,35.3
2023-08-17 13:00:00,2446.0,36.1
2023-08-17 14:00:00,2495.0,36.3
2023-08-17 15:00:00,2516.0,36.1
2023-08-17 16:00:00,2503.0,35.6
2023-08-17 17:00:00,2563.0,34.6
2023-08-17 18:00:00,2436.0,33.5
2023-08-17 19:00:00,2392.0,31.6
2023-08-17 20:00:00,2822.0,30.5
2023-08-17 21:00:00,2891.0,30.3
2023-08-17 22:00:00,2816.0,30.1
2023-08-17 23:00:00,2613.0,30.0
2023-08-18 00:00:00,2543.0,30.2
2023-08-18 01:00:00,2366.0,30.5
2023-08-18 02:00:00,2240.0,29.5
2023-08-18 03:00:00,2107.0,28.4
2023-08-18 04:00:00,2011.0,29.3
2023-08-18 05:00:00,1942.0,27.8
2023-08-18 06:00:00,1923.0,27.1
2023-08-18 07:00:00,1935.0,26.9
2023-08-18 08:00:00,2031.0,28.4
2023-08-18 09:00:00,2182.0,30.5
2023-08-18 10:00:00,2296.0,32.4
2023-08-18 11:00:00,2396.0,34.8
2023-08-18 12:00:00,2414.0,34.4
2023-08-18 13:00:00,2549.0,35.3
2023-08-18 14:00:00,2625.0,35.9
2023-08-18 15:00:00,2601.0,36.4
2023-08-18 16:00:00,2564.0,35.0
2023-08-18 17:00:00,2577.0,33.8
2023-08-18 18:00:00,2397.0,32.8
2023-08-18 19:00:00,2401.0,31.9
2023-08-18 20:00:00,2904.0,31.5
2023-08-18 21:00:00,2966.0,31.1
2023-08-18 22:00:00,2804.0,30.9
2023-08-18 23:00:00,2631.0,29.3
2023-08-19 00:00:00,2528.0,29.0
2023-08-19 01:00:00,2364.0,28.7
2023-08-19 02:00:00,2225.0,28.8
2023-08-19 03:00:00,2111.0,28.2
2023-08-19 04:00:00,2005.0,28.1
2023-08-19 05:00:00,1934.0,28.9
2023-08-19 06:00:00,1921.0,29.0
2023-08-19 07:00:00,1889.0,26.7
2023-08-19 08:00:00,1932.0,28.3
2023-08-19 09:00:00,2071.0,31.5
2023-08-19 10:00:00,2174.0,33.7
2023-08-19 11:00:00,2284.0,33.5
2023-08-19 12:00:00,2301.0,33.8
2023-08-19 13:00:00,2419.0,34.4
2023-08-19 14:00:00,2446.0,31.7
2023-08-19 15:00:00,2369.0,30.2
2023-08-19 16:00:00,2240.0,28.1
2023-08-19 17:00:00,2286.0,28.5
2023-08-19 18:00:00,2143.0,27.5
2023-08-19 19:00:00,2170.0,27.8
2023-08-19 20:00:00,2687.0,28.7
2023-08-19 21:00:00,2645.0,27.8
2023-08-19 22:00:00,2486.0,28.2
2023-08-19 23:00:00,2322.0,27.6
2023-08-20 00:00:00,2272.0,26.9
2023-08-20 01:00:00,2135.0,26.8
2023-08-20 02:00:00,2023.0,26.2
2023-08-20 03:00:00,1931.0,26.4
2023-08-20 04:00:00,1851.0,26.7
2023-08-20 05:00:00,1811.0,26.9
2023-08-20 06:00:00,1783.0,27.1
2023-08-20 07:00:00,1770.0,27.1
2023-08-20 08:00:00,1796.0,28.2
2023-08-20 09:00:00,1887.0,29.7
2023-08-20 10:00:00,2001.0,31.1
2023-08-20 11:00:00,2095.0,31.3
2023-08-20 12:00:00,2069.0,31.3
2023-08-20 13:00:00,2128.0,31.2
2023-08-20 14:00:00,2186.0,31.8
2023-08-20 15:00:00,2188.0,31.5
2023-08-20 16:00:00,2163.0,32.2
2023-08-20 17:00:00,2216.0,32.3
2023-08-20 18:00:00,2022.0,31.4
2023-08-20 19:00:00,2076.0,30.2
2023-08-20 20:00:00,2493.0,29.8
2023-08-20 21:00:00,2530.0,29.4
2023-08-20 22:00:00,2433.0,29.3
2023-08-20 23:00:00,2261.0,29.4
2023-08-21 00:00:00,2230.0,29.3
2023-08-21 01:00:00,2103.0,28.9
2023-08-21 02:00:00,1997.0,28.0
2023-08-21 03:00:00,1919.0,27.0
2023-08-21 04:00:00,1838.0,26.8
2023-08-21 05:00:00,1776.0,26.6
2023-08-21 06:00:00,1769.0,26.4
2023-08-21 07:00:00,1800.0,26.3
2023-08-21 08:00:00,1905.0,25.8
2023-08-21 09:00:00,2008.0,26.5
2023-08-21 10:00:00,2023.0,26.8
2023-08-21 11:00:00,2008.0,27.0
2023-08-21 12:00:00,1941.0,27.3
2023-08-21 13:00:00,2030.0,29.0
2023-08-21 14:00:00,2058.0,29.0
2023-08-21 15:00:00,2062.0,30.1
2023-08-21 16:00:00,2120.0,31.0
2023-08-21 17:00:00,2254.0,29.8
2023-08-21 18:00:00,2032.0,29.6
2023-08-21 19:00:00,1999.0,29.2
2023-08-21 20:00:00,2340.0,28.7
2023-08-21 21:00:00,2306.0,27.8
2023-08-21 22:00:00,2147.0,26.2
2023-08-21 23:00:00,1988.0,26.1
2023-08-22 00:00:00,1962.0,25.4
2023-08-22 01:00:00,1863.0,25.9
2023-08-22 02:00:00,1777.0,25.2
2023-08-22 03:00:00,1693.0,24.5
2023-08-22 04:00:00,1649.0,24.3
2023-08-22 05:00:00,1614.0,24.3
2023-08-22 06:00:00,1658.0,24.5
2023-08-22 07:00:00,1708.0,25.0
2023-08-22 08:00:00,1799.0,26.6
2023-08-22 09:00:00,1939.0,28.5
2023-08-22 10:00:00,2016.0,30.4
2023-08-22 11:00:00,2122.0,32.0
2023-08-22 12:00:00,2121.0,32.5
2023-08-22 13:00:00,2215.0,34.8
2023-08-22 14:00:00,2270.0,35.4
2023-08-22 15:00:00,2264.0,35.3
2023-08-22 16:00:00,2207.0,34.3
2023-08-22 17:00:00,2228.0,33.4
2023-08-22 18:00:00,2039.0,31.8
2023-08-22 19:00:00,1981.0,30.3
2023-08-22 20:00:00,2402.0,28.6
2023-08-22 21:00:00,2425.0,28.0
2023-08-22 22:00:00,2365.0,27.9
2023-08-22 23:00:00,2204.0,28.0
2023-08-23 00:00:00,2124.0,27.2
2023-08-23 01:00:00,1989.0,27.3
2023-08-23 02:00:00,1877.0,27.4
2023-08-23 03:00:00,1798.0,26.8
2023-08-23 04:00:00,1732.0,26.3
2023-08-23 05:00:00,1688.0,26.5
2023-08-23 06:00:00,1698.0,26.7
2023-08-23 07:00:00,1743.0,26.1
2023-08-23 08:00:00,1857.0,27.7
2023-08-23 09:00:00,1996.0,30.2
2023-08-23 10:00:00,2072.0,31.9
2023-08-23 11:00:00,2178.0,32.8
2023-08-23 12:00:00,2135.0,33.5
2023-08-23 13:00:00,2230.0,34.1
2023-08-23 14:00:00,2277.0,34.2
2023-08-23 15:00:00,2307.0,33.8
2023-08-23 16:00:00,2320.0,33.8
2023-08-23 17:00:00,2359.0,33.7
2023-08-23 18:00:00,2165.0,32.7
2023-08-23 19:00:00,2083.0,30.5
2023-08-23 20:00:00,2497.0,30.2
2023-08-23 21:00:00,2510.0,28.9
2023-08-23 22:00:00,2350.0,29.3
2023-08-23 23:00:00,2190.0,28.7
2023-08-24 00:00:00,2135.0,27.9
2023-08-24 01:00:00,1994.0,28.1
2023-08-24 02:00:00,1870.0,26.6
2023-08-24 03:00:00,1800.0,25.2
2023-08-24 04:00:00,1717.0,25.2
2023-08-24 05:00:00,1689.0,25.4
2023-08-24 06:00:00,1689.0,25.5
2023-08-24 07:00:00,1719.0,26.4
2023-08-24 08:00:00,1831.0,27.6
2023-08-24 09:00:00,1934.0,29.3
2023-08-24 10:00:00,1994.0,30.5
2023-08-24 11:00:00,2057.0,31.1
2023-08-24 12:00:00,1992.0,31.9
2023-08-24 13:00:00,2106.0,31.6
2023-08-24 14:00:00,2155.0,32.2
2023-08-24 15:00:00,2158.0,32.6
2023-08-24 16:00:00,2150.0,31.8
2023-08-24 17:00:00,2173.0,30.6
2023-08-24 18:00:00,1986.0,29.7
2023-08-24 19:00:00,2016.0,29.1
2023-08-24 20:00:00,2393.0,29.1
2023-08-24 21:00:00,2350.0,28.8
2023-08-24 22:00:00,2234.0,28.8
2023-08-24 23:00:00,2039.0,28.8
2023-08-25 00:00:00,2006.0,28.6
2023-08-25 01:00:00,1895.0,27.5
2023-08-25 02:00:00,1796.0,27.3
2023-08-25 03:00:00,1728.0,27.2
2023-08-25 04:00:00,1661.0,26.1
2023-08-25 05:00:00,1633.0,26.1
2023-08-25 06:00:00,1640.0,26.2
2023-08-25 07:00:00,1686.0,26.8
2023-08-25 08:00:00,1790.0,27.2
2023-08-25 09:00:00,1899.0,27.9
2023-08-25 10:00:00,1903.0,27.7
2023-08-25 11:00:00,1930.0,29.9
2023-08-25 12:00:00,1815.0,31.5
2023-08-25 13:00:00,1936.0,33.3
2023-08-25 14:00:00,2031.0,32.4
2023-08-25 15:00:00,2067.0,32.7
2023-08-25 16:00:00,2094.0,32.2
2023-08-25 17:00:00,2122.0,30.8
2023-08-25 18:00:00,1911.0,30.3
2023-08-25 19:00:00,1938.0,29.5
2023-08-25 20:00:00,2294.0,29.0
2023-08-25 21:00:00,2265.0,28.5
2023-08-25 22:00:00,2132.0,28.2
2023-08-25 23:00:00,1978.0,27.8
2023-08-26 00:00:00,1944.0,26.2
2023-08-26 01:00:00,1848.0,25.5
2023-08-26 02:00:00,1749.0,25.3
2023-08-26 03:00:00,1670.0,25.0
2023-08-26 04:00:00,1619.0,24.9
2023-08-26 05:00:00,1595.0,24.7
2023-08-26 06:00:00,1608.0,24.7
2023-08-26 07:00:00,1644.0,24.7
2023-08-26 08:00:00,1713.0,25.0
2023-08-26 09:00:00,1749.0,25.9
2023-08-26 10:00:00,1798.0,27.7
2023-08-26 11:00:00,1910.0,28.9
2023-08-26 12:00:00,1851.0,29.9
2023-08-26 13:00:00,1904.0,30.4
2023-08-26 14:00:00,1917.0,30.9
2023-08-26 15:00:00,1946.0,31.2
2023-08-26 16:00:00,1948.0,31.7
2023-08-26 17:00:00,1844.0,25.0
2023-08-26 18:00:00,1745.0,24.5
2023-08-26 19:00:00,1774.0,24.8
2023-08-26 20:00:00,1955.0,25.2
2023-08-26 21:00:00,1911.0,25.4
2023-08-26 22:00:00,1775.0,24.8
2023-08-26 23:00:00,1675.0,24.9
2023-08-27 00:00:00,1701.0,25.2
2023-08-27 01:00:00,1634.0,25.4
2023-08-27 02:00:00,1564.0,25.5
2023-08-27 03:00:00,1510.0,25.7
2023-08-27 04:00:00,1486.0,25.7
2023-08-27 05:00:00,1445.0,25.6
2023-08-27 06:00:00,1472.0,25.7
2023-08-27 07:00:00,1524.0,25.7
2023-08-27 08:00:00,1579.0,25.8
2023-08-27 09:00:00,1570.0,26.0
2023-08-27 10:00:00,1567.0,21.6
2023-08-27 11:00:00,1511.0,20.5
2023-08-27 12:00:00,1361.0,20.6
2023-08-27 13:00:00,1301.0,20.9
2023-08-27 14:00:00,1366.0,20.5
2023-08-27 15:00:00,1393.0,21.0
2023-08-27 16:00:00,1389.0,21.2
2023-08-27 17:00:00,1434.0,21.3
2023-08-27 18:00:00,1371.0,21.5
2023-08-27 19:00:00,1350.0,21.2
2023-08-27 20:00:00,1363.0,20.9
2023-08-27 21:00:00,1314.0,21.4
2023-08-27 22:00:00,1197.0,20.9
2023-08-27 23:00:00,1144.0,20.5
2023-08-28 00:00:00,1193.0,20.3
2023-08-28 01:00:00,1141.0,20.1
2023-08-28 02:00:00,1120.0,20.5
2023-08-28 03:00:00,1096.0,20.4
2023-08-28 04:00:00,1101.0,20.5
2023-08-28 05:00:00,1120.0,20.4
2023-08-28 06:00:00,1178.0,20.3
2023-08-28 07:00:00,1282.0,20.6
2023-08-28 08:00:00,1350.0,21.0
2023-08-28 09:00:00,1387.0,21.9
2023-08-28 10:00:00,1385.0,23.6
2023-08-28 11:00:00,1363.0,24.2
2023-08-28 12:00:00,1247.0,24.6
2023-08-28 13:00:00,1277.0,25.5
2023-08-28 14:00:00,1331.0,27.2
2023-08-28 15:00:00,1402.0,27.2
2023-08-28 16:00:00,1437.0,26.0
2023-08-28 17:00:00,1501.0,26.6
2023-08-28 18:00:00,1378.0,25.6
2023-08-28 19:00:00,1426.0,24.5
2023-08-28 20:00:00,1533.0,23.8
2023-08-28 21:00:00,1435.0,23.7
2023-08-28 22:00:00,1308.0,23.8
2023-08-28 23:00:00,1205.0,22.3
2023-08-29 00:00:00,1282.0,22.0
2023-08-29 01:00:00,1222.0,22.0
2023-08-29 02:00:00,1184.0,21.8
2023-08-29 03:00:00,1146.0,21.7
2023-08-29 04:00:00,1116.0,21.8
2023-08-29 05:00:00,1143.0,21.5
2023-08-29 06:00:00,1220.0,21.5
2023-08-29 07:00:00,1295.0,21.9
2023-08-29 08:00:00,1356.0,23.8
2023-08-29 09:00:00,1394.0,25.1
2023-08-29 10:00:00,1369.0,27.1
2023-08-29 11:00:00,1415.0,27.9
2023-08-29 12:00:00,1326.0,27.6
2023-08-29 13:00:00,1305.0,27.4
2023-08-29 14:00:00,1370.0,27.2
2023-08-29 15:00:00,1374.0,27.3
2023-08-29 16:00:00,1433.0,27.3
2023-08-29 17:00:00,1532.0,28.1
2023-08-29 18:00:00,1428.0,27.8
2023-08-29 19:00:00,1460.0,26.5
2023-08-29 20:00:00,1578.0,26.2
2023-08-29 21:00:00,1467.0,26.0
2023-08-29 22:00:00,1345.0,24.4
2023-08-29 23:00:00,1240.0,23.8
2023-08-30 00:00:00,1292.0,23.4
2023-08-30 01:00:00,1254.0,22.8
2023-08-30 02:00:00,1203.0,22.5
2023-08-30 03:00:00,1186.0,22.3
2023-08-30 04:00:00,1162.0,22.3
2023-08-30 05:00:00,1167.0,21.8
2023-08-30 06:00:00,1254.0,21.9
2023-08-30 07:00:00,1317.0,22.4
2023-08-30 08:00:00,1379.0,23.0
2023-08-30 09:00:00,1434.0,25.5
2023-08-30 10:00:00,1414.0,27.3
2023-08-30 11:00:00,1411.0,26.8
2023-08-30 12:00:00,1288.0,27.7
2023-08-30 13:00:00,1319.0,29.4
2023-08-30 14:00:00,1387.0,28.9
2023-08-30 15:00:00,1431.0,27.9
2023-08-30 16:00:00,1488.0,28.3
2023-08-30 17:00:00,1560.0,27.8
2023-08-30 18:00:00,1486.0,26.8
2023-08-30 19:00:00,1486.0,26.1
2023-08-30 20:00:00,1619.0,26.3
2023-08-30 21:00:00,1508.0,25.7
2023-08-30 22:00:00,1371.0,24.8
2023-08-30 23:00:00,1268.0,24.8
2023-08-31 00:00:00,1311.0,24.1
2023-08-31 01:00:00,1270.0,22.4
2023-08-31 02:00:00,1233.0,22.0
2023-08-31 03:00:00,1203.0,22.5
2023-08-31 04:00:00,1185.0,22.9
2023-08-31 05:00:00,1191.0,22.2
2023-08-31 06:00:00,1300.0,21.6
2023-08-31 07:00:00,1378.0,21.5
2023-08-31 08:00:00,1385.0,22.9
2023-08-31 09:00:00,1415.0,25.7
2023-08-31 10:00:00,1435.0,28.7
2023-08-31 11:00:00,1468.0,29.8
2023-08-31 12:00:00,1378.0,30.9
2023-08-31 13:00:00,1401.0,31.1
2023-08-31 14:00:00,1457.0,30.0
2023-08-31 15:00:00,1522.0,30.6
2023-08-31 16:00:00,1587.0,30.2
2023-08-31 17:00:00,1682.0,29.8
2023-08-31 18:00:00,1597.0,29.0
2023-08-31 19:00:00,1584.0,27.9
2023-08-31 20:00:00,1739.0,27.6
2023-08-31 21:00:00,1620.0,27.2
2023-08-31 22:00:00,1459.0,26.7
2023-08-31 23:00:00,1359.0,26.4
2023-09-01 00:00:00,1384.0,25.9
2023-09-01 01:00:00,1337.0,25.0
2023-09-01 02:00:00,1281.0,23.4
2023-09-01 03:00:00,1254.0,23.7
2023-09-01 04:00:00,1218.0,23.5
2023-09-01 05:00:00,1265.0,23.9
2023-09-01 06:00:00,1329.0,23.4
2023-09-01 07:00:00,1390.0,23.7
2023-09-01 08:00:00,1453.0,24.8
2023-09-01 09:00:00,1491.0,27.2
2023-09-01 10:00:00,1523.0,28.9
2023-09-01 11:00:00,1546.0,30.8
2023-09-01 12:00:00,1440.0,30.6
2023-09-01 13:00:00,1481.0,31.1
2023-09-01 14:00:00,1511.0,32.2
2023-09-01 15:00:00,1592.0,31.5
2023-09-01 16:00:00,1654.0,31.5
2023-09-01 17:00:00,1745.0,30.4
2023-09-01 18:00:00,1608.0,29.3
2023-09-01 19:00:00,1641.0,27.8
2023-09-01 20:00:00,1750.0,28.1
2023-09-01 21:00:00,1676.0,27.9
2023-09-01 22:00:00,1544.0,27.5
2023-09-01 23:00:00,1459.0,26.9
2023-09-02 00:00:00,1461.0,24.2
2023-09-02 01:00:00,1391.0,24.2
2023-09-02 02:00:00,1337.0,24.5
2023-09-02 03:00:00,1292.0,23.9
2023-09-02 04:00:00,1262.0,23.2
2023-09-02 05:00:00,1299.0,23.0
2023-09-02 06:00:00,1344.0,22.8
2023-09-02 07:00:00,1409.0,22.9
2023-09-02 08:00:00,1436.0,23.4
2023-09-02 09:00:00,1484.0,24.5
2023-09-02 10:00:00,1489.0,26.1
2023-09-02 11:00:00,1452.0,27.2
2023-09-02 12:00:00,1344.0,29.4
2023-09-02 13:00:00,1387.0,30.3
2023-09-02 14:00:00,1430.0,30.4
2023-09-02 15:00:00,1503.0,30.0
2023-09-02 16:00:00,1546.0,28.4
2023-09-02 17:00:00,1609.0,27.8
2023-09-02 18:00:00,1511.0,27.6
2023-09-02 19:00:00,1547.0,26.6
2023-09-02 20:00:00,1713.0,26.4
2023-09-02 21:00:00,1576.0,26.5
2023-09-02 22:00:00,1466.0,26.2
2023-09-02 23:00:00,1396.0,26.1
2023-09-03 00:00:00,1426.0,25.8
2023-09-03 01:00:00,1364.0,25.8
2023-09-03 02:00:00,1326.0,25.5
2023-09-03 03:00:00,1267.0,23.8
2023-09-03 04:00:00,1264.0,23.6
2023-09-03 05:00:00,1258.0,22.1
2023-09-03 06:00:00,1305.0,22.2
2023-09-03 07:00:00,1391.0,21.6
2023-09-03 08:00:00,1423.0,21.9
2023-09-03 09:00:00,1444.0,22.8
2023-09-03 10:00:00,1426.0,23.9
2023-09-03 11:00:00,1427.0,23.8
2023-09-03 12:00:00,1341.0,24.2
2023-09-03 13:00:00,1291.0,24.6
2023-09-03 14:00:00,1321.0,24.2
2023-09-03 15:00:00,1360.0,24.1
2023-09-03 16:00:00,1399.0,24.1
2023-09-03 17:00:00,1473.0,24.0
2023-09-03 18:00:00,1382.0,23.6
2023-09-03 19:00:00,1434.0,23.4
2023-09-03 20:00:00,1507.0,22.9
2023-09-03 21:00:00,1411.0,22.8
2023-09-03 22:00:00,1298.0,22.6
2023-09-03 23:00:00,1207.0,22.4
2023-09-04 00:00:00,1284.0,22.4
2023-09-04 01:00:00,1236.0,22.1
2023-09-04 02:00:00,1202.0,21.9
2023-09-04 03:00:00,1214.0,21.6
2023-09-04 04:00:00,1185.0,21.4
2023-09-04 05:00:00,1215.0,21.5
2023-09-04 06:00:00,1312.0,21.4
2023-09-04 07:00:00,1472.0,21.5
2023-09-04 08:00:00,1494.0,22.0
2023-09-04 09:00:00,1490.0,23.1
2023-09-04 10:00:00,1469.0,24.7
2023-09-04 11:00:00,1454.0,26.8
2023-09-04 12:00:00,1319.0,27.0
2023-09-04 13:00:00,1320.0,26.5
2023-09-04 14:00:00,1363.0,27.4
2023-09-04 15:00:00,1408.0,28.4
2023-09-04 16:00:00,1476.0,28.7
2023-09-04 17:00:00,1549.0,28.5
2023-09-04 18:00:00,1470.0,27.3
2023-09-04 19:00:00,1510.0,26.2
2023-09-04 20:00:00,1615.0,25.7
2023-09-04 21:00:00,1542.0,25.8
2023-09-04 22:00:00,1408.0,25.6
2023-09-04 23:00:00,1370.0,25.1
2023-09-05 00:00:00,1409.0,24.8
2023-09-05 01:00:00,1346.0,24.1
2023-09-05 02:00:00,1303.0,23.7
2023-09-05 03:00:00,1256.0,23.4
2023-09-05 04:00:00,1235.0,22.9
2023-09-05 05:00:00,1249.0,23.0
2023-09-05 06:00:00,1352.0,22.5
2023-09-05 07:00:00,1449.0,22.7
2023-09-05 08:00:00,1484.0,23.7
2023-09-05 09:00:00,1493.0,26.0
2023-09-05 10:00:00,1491.0,26.9
2023-09-05 11:00:00,1483.0,29.6
2023-09-05 12:00:00,1375.0,30.7
2023-09-05 13:00:00,1406.0,32.2
2023-09-05 14:00:00,1474.0,32.0
2023-09-05 15:00:00,1531.0,32.2
2023-09-05 16:00:00,1588.0,32.5
2023-09-05 17:00:00,1679.0,31.4
2023-09-05 18:00:00,1598.0,30.0
2023-09-05 19:00:00,1625.0,28.8
2023-09-05 20:00:00,1754.0,28.4
2023-09-05 21:00:00,1659.0,27.9
2023-09-05 22:00:00,1520.0,26.7
2023-09-05 23:00:00,1416.0,26.7
2023-09-06 00:00:00,1457.0,26.2
2023-09-06 01:00:00,1391.0,25.7
2023-09-06 02:00:00,1355.0,25.5
2023-09-06 03:00:00,1321.0,25.8
2023-09-06 04:00:00,1296.0,25.3
2023-09-06 05:00:00,1317.0,25.9
2023-09-06 06:00:00,1377.0,25.3
2023-09-06 07:00:00,1477.0,25.5
2023-09-06 08:00:00,1543.0,26.7
2023-09-06 09:00:00,1611.0,28.8
2023-09-06 10:00:00,1608.0,29.1
2023-09-06 11:00:00,1626.0,29.8
2023-09-06 12:00:00,1514.0,29.9
2023-09-06 13:00:00,1581.0,30.3
2023-09-06 14:00:00,1617.0,30.4
2023-09-06 15:00:00,1649.0,30.8
2023-09-06 16:00:00,1681.0,30.0
2023-09-06 17:00:00,1721.0,29.8
2023-09-06 18:00:00,1628.0,29.3
2023-09-06 19:00:00,1675.0,29.1
2023-09-06 20:00:00,1854.0,29.2
2023-09-06 21:00:00,1786.0,29.0
2023-09-06 22:00:00,1665.0,28.8
2023-09-06 23:00:00,1548.0,28.8
2023-09-07 00:00:00,1546.0,28.4
2023-09-07 01:00:00,1464.0,26.5
2023-09-07 02:00:00,1426.0,26.6
2023-09-07 03:00:00,1366.0,27.6
2023-09-07 04:00:00,1357.0,27.5
2023-09-07 05:00:00,1352.0,25.7
2023-09-07 06:00:00,1436.0,25.3
2023-09-07 07:00:00,1538.0,25.3
2023-09-07 08:00:00,1613.0,26.0
2023-09-07 09:00:00,1671.0,27.3
2023-09-07 10:00:00,1690.0,28.6
2023-09-07 11:00:00,1715.0,29.7
2023-09-07 12:00:00,1625.0,30.3
2023-09-07 13:00:00,1707.0,32.9
2023-09-07 14:00:00,1761.0,32.6
2023-09-07 15:00:00,1802.0,32.9
2023-09-07 16:00:00,1841.0,32.8
2023-09-07 17:00:00,1923.0,31.7
2023-09-07 18:00:00,1804.0,31.0
2023-09-07 19:00:00,1839.0,30.1
2023-09-07 20:00:00,2025.0,29.5
2023-09-07 21:00:00,1959.0,29.4
2023-09-07 22:00:00,1841.0,29.6
2023-09-07 23:00:00,1710.0,29.5
2023-09-08 00:00:00,1696.0,29.0
2023-09-08 01:00:00,1625.0,29.0
2023-09-08 02:00:00,1580.0,26.6
2023-09-08 03:00:00,1504.0,26.6
2023-09-08 04:00:00,1452.0,26.4
2023-09-08 05:00:00,1470.0,26.3
2023-09-08 06:00:00,1531.0,25.8
2023-09-08 07:00:00,1606.0,26.0
2023-09-08 08:00:00,1649.0,27.4
2023-09-08 09:00:00,1737.0,28.9
2023-09-08 10:00:00,1793.0,31.9
2023-09-08 11:00:00,1836.0,33.0
2023-09-08 12:00:00,1776.0,34.5
2023-09-08 13:00:00,1843.0,34.2
2023-09-08 14:00:00,1899.0,34.2
2023-09-08 15:00:00,1933.0,34.4
2023-09-08 16:00:00,1963.0,33.7
2023-09-08 17:00:00,2056.0,32.8
2023-09-08 18:00:00,1912.0,31.6
2023-09-08 19:00:00,1996.0,30.5
2023-09-08 20:00:00,2235.0,30.2
2023-09-08 21:00:00,2197.0,30.0
2023-09-08 22:00:00,2104.0,29.9
2023-09-08 23:00:00,1955.0,29.4
2023-09-09 00:00:00,1929.0,29.0
2023-09-09 01:00:00,1817.0,28.2
2023-09-09 02:00:00,1706.0,27.4
2023-09-09 03:00:00,1654.0,26.6
2023-09-09 04:00:00,1585.0,26.3
2023-09-09 05:00:00,1579.0,26.1
2023-09-09 06:00:00,1606.0,26.2
2023-09-09 07:00:00,1672.0,26.1
2023-09-09 08:00:00,1713.0,27.7
2023-09-09 09:00:00,1779.0,30.2
2023-09-09 10:00:00,1834.0,31.6
2023-09-09 11:00:00,1949.0,32.6
2023-09-09 12:00:00,1911.0,33.9
2023-09-09 13:00:00,2011.0,34.6
2023-09-09 14:00:00,2056.0,34.8
2023-09-09 15:00:00,2055.0,34.8
2023-09-09 16:00:00,2107.0,34.3
2023-09-09 17:00:00,2146.0,33.4
2023-09-09 18:00:00,2017.0,32.1
2023-09-09 19:00:00,2091.0,30.3
2023-09-09 20:00:00,2398.0,29.3
2023-09-09 21:00:00,2405.0,28.8
2023-09-09 22:00:00,2273.0,28.8
2023-09-09 23:00:00,2123.0,28.7
2023-09-10 00:00:00,2090.0,28.4
2023-09-10 01:00:00,1955.0,28.4
2023-09-10 02:00:00,1850.0,28.4
2023-09-10 03:00:00,1778.0,27.6
2023-09-10 04:00:00,1709.0,27.2
2023-09-10 05:00:00,1666.0,26.9
2023-09-10 06:00:00,1668.0,27.1
2023-09-10 07:00:00,1719.0,26.5
2023-09-10 08:00:00,1723.0,28.7
2023-09-10 09:00:00,1798.0,30.9
2023-09-10 10:00:00,1888.0,32.3
2023-09-10 11:00:00,2022.0,33.5
2023-09-10 12:00:00,2023.0,35.3
2023-09-10 13:00:00,2131.0,35.4
2023-09-10 14:00:00,2164.0,35.9
2023-09-10 15:00:00,2172.0,36.3
2023-09-10 16:00:00,2178.0,35.1
2023-09-10 17:00:00,2238.0,33.8
2023-09-10 18:00:00,2056.0,32.7
2023-09-10 19:00:00,2192.0,31.0
2023-09-10 20:00:00,2536.0,30.8
2023-09-10 21:00:00,2493.0,30.3
2023-09-10 22:00:00,2363.0,29.4
2023-09-10 23:00:00,2181.0,29.6
2023-09-11 00:00:00,2131.0,27.6
2023-09-11 01:00:00,1992.0,27.44
2023-09-11 02:00:00,1871.0,27.28
2023-09-11 03:00:00,1792.0,27.12
2023-09-11 04:00:00,1715.0,26.96
2023-09-11 05:00:00,1678.0,26.8
2023-09-11 06:00:00,1687.0,26.64
2023-09-11 07:00:00,1703.0,26.48
2023-09-11 08:00:00,1768.0,26.32
2023-09-11 09:00:00,1847.0,26.16
2023-09-11 10:00:00,1847.0,26.0
2023-09-11 11:00:00,1992.0,25.84
2023-09-11 12:00:00,1940.0,25.68
2023-09-11 13:00:00,2028.0,25.52
2023-09-11 14:00:00,2058.0,25.36
2023-09-11 15:00:00,2105.0,25.2
2023-09-11 16:00:00,2130.0,25.04
2023-09-11 17:00:00,2194.0,24.88
2023-09-11 18:00:00,2008.0,24.72
2023-09-11 19:00:00,2084.0,24.56
2023-09-11 20:00:00,2162.0,24.4
2023-09-11 21:00:00,2016.0,24.24
2023-09-11 22:00:00,1855.0,24.08
2023-09-11 23:00:00,1772.0,23.92
2023-09-12 00:00:00,1694.0,23.9
2023-09-12 01:00:00,1528.0,23.74
2023-09-12 02:00:00,1463.0,23.58
2023-09-12 03:00:00,1417.0,23.42
2023-09-12 04:00:00,1390.0,23.26
2023-09-12 05:00:00,1401.0,23.1
2023-09-12 06:00:00,1444.0,22.94
2023-09-12 07:00:00,1539.0,22.78
2023-09-12 08:00:00,1615.0,22.62
2023-09-12 09:00:00,1638.0,22.3
2023-09-12 10:00:00,1603.0,22.18
2023-09-12 11:00:00,1581.0,22.06
2023-09-12 12:00:00,1438.0,21.94
2023-09-12 13:00:00,1409.0,21.82
2023-09-12 14:00:00,1432.0,21.7
2023-09-12 15:00:00,1422.0,21.6
2023-09-12 16:00:00,1461.0,21.28
2023-09-12 17:00:00,1515.0,21.0
2023-09-12 18:00:00,1439.0,21.1
2023-09-12 19:00:00,1484.0,21.0
2023-09-12 20:00:00,1485.0,21.0
2023-09-12 21:00:00,1393.0,21.0
2023-09-12 22:00:00,1301.0,20.8
2023-09-12 23:00:00,1227.0,20.5
2023-09-13 00:00:00,1198.0,20.7
2023-09-13 01:00:00,1265.0,20.4
2023-09-13 02:00:00,1236.0,20.3
2023-09-13 03:00:00,1216.0,20.0
2023-09-13 04:00:00,1179.0,20.0
2023-09-13 05:00:00,1196.0,19.9
2023-09-13 06:00:00,1282.0,19.9
2023-09-13 07:00:00,1417.0,19.9
2023-09-13 08:00:00,1443.0,20.0
2023-09-13 09:00:00,1424.0,20.4
2023-09-13 10:00:00,1406.0,20.9
2023-09-13 11:00:00,1395.0,22.8
2023-09-13 12:00:00,1272.0,23.2
2023-09-13 13:00:00,1230.0,25.0
2023-09-13 14:00:00,1294.0,24.4
2023-09-13 15:00:00,1369.0,24.8
2023-09-13 16:00:00,1428.0,23.5
2023-09-13 17:00:00,1525.0,23.6
2023-09-13 18:00:00,1438.0,23.2
2023-09-13 19:00:00,1523.0,22.6
2023-09-13 20:00:00,1523.0,23.1
2023-09-13 21:00:00,1422.0,22.6
2023-09-13 22:00:00,1306.0,22.4
2023-09-13 23:00:00,1230.0,22.6
2023-09-14 00:00:00,1275.0,22.1
2023-09-14 01:00:00,1232.0,22.0
2023-09-14 02:00:00,1184.0,21.9
2023-09-14 03:00:00,1181.0,21.8
2023-09-14 04:00:00,1170.0,21.6
2023-09-14 05:00:00,1195.0,21.4
2023-09-14 06:00:00,1285.0,21.4
2023-09-14 07:00:00,1423.0,21.6
2023-09-14 08:00:00,1412.0,22.5
2023-09-14 09:00:00,1443.0,24.4
2023-09-14 10:00:00,1459.0,26.7
2023-09-14 11:00:00,1425.0,27.1
2023-09-14 12:00:00,1300.0,27.2
2023-09-14 13:00:00,1331.0,27.6
2023-09-14 14:00:00,1370.0,28.06
2023-09-14 15:00:00,1417.0,28.78
2023-09-14 16:00:00,1482.0,28.8
2023-09-14 17:00:00,1585.0,27.8
2023-09-14 18:00:00,1476.0,26.1
2023-09-14 19:00:00,1589.0,24.2
2023-09-14 20:00:00,1600.0,23.2
2023-09-14 21:00:00,1504.0,23.1
2023-09-14 22:00:00,1365.0,23.0
2023-09-14 23:00:00,1268.0,22.4
2023-09-15 00:00:00,1297.0,22.2
2023-09-15 01:00:00,1254.0,22.1
2023-09-15 02:00:00,1220.0,21.7
2023-09-15 03:00:00,1198.0,21.9
2023-09-15 04:00:00,1187.0,22.1
2023-09-15 05:00:00,1218.0,21.9
2023-09-15 06:00:00,1339.0,21.8
2023-09-15 07:00:00,1429.0,20.5
2023-09-15 08:00:00,1425.0,21.7
2023-09-15 09:00:00,1478.0,24.5
2023-09-15 10:00:00,1483.0,26.8
2023-09-15 11:00:00,1516.0,28.3
2023-09-15 12:00:00,1387.0,29.2
2023-09-15 13:00:00,1406.0,29.7
2023-09-15 14:00:00,1443.0,30.5
2023-09-15 15:00:00,1499.0,30.2
2023-09-15 16:00:00,1601.0,30.0
2023-09-15 17:00:00,1692.0,30.0
2023-09-15 18:00:00,1582.0,28.6
2023-09-15 19:00:00,1681.0,26.1
2023-09-15 20:00:00,1696.0,25.1
2023-09-15 21:00:00,1599.0,24.6
2023-09-15 22:00:00,1475.0,24.4
2023-09-15 23:00:00,1391.0,24.3
2023-09-16 00:00:00,1411.0,24.2
2023-09-16 01:00:00,1338.0,25.0
2023-09-16 02:00:00,1293.0,24.7
2023-09-16 03:00:00,1263.0,23.7
2023-09-16 04:00:00,1239.0,22.9
2023-09-16 05:00:00,1251.0,23.0
2023-09-16 06:00:00,1323.0,22.9
2023-09-16 07:00:00,1444.0,21.8
2023-09-16 08:00:00,1451.0,22.3
2023-09-16 09:00:00,1454.0,24.4
2023-09-16 10:00:00,1453.0,28.0
2023-09-16 11:00:00,1507.0,30.2
2023-09-16 12:00:00,1440.0,30.8
2023-09-16 13:00:00,1475.0,31.4
2023-09-16 14:00:00,1539.0,31.6
2023-09-16 15:00:00,1567.0,31.8
2023-09-16 16:00:00,1562.0,32.1
2023-09-16 17:00:00,1591.0,31.2
2023-09-16 18:00:00,1485.0,29.8
2023-09-16 19:00:00,1723.0,27.6
2023-09-16 20:00:00,1773.0,26.6
2023-09-16 21:00:00,1697.0,26.2
2023-09-16 22:00:00,1561.0,25.7
2023-09-16 23:00:00,1462.0,25.4
2023-09-17 00:00:00,1481.0,25.0
2023-09-17 01:00:00,1417.0,24.8
2023-09-17 02:00:00,1346.0,24.5
2023-09-17 03:00:00,1310.0,24.3
2023-09-17 04:00:00,1277.0,24.6
2023-09-17 05:00:00,1293.0,24.3
2023-09-17 06:00:00,1355.0,24.6
2023-09-17 07:00:00,1467.0,22.8
2023-09-17 08:00:00,1452.0,23.5
2023-09-17 09:00:00,1483.0,27.4
2023-09-17 10:00:00,1509.0,29.5
2023-09-17 11:00:00,1577.0,30.45
2023-09-17 12:00:00,1536.0,31.6
2023-09-17 13:00:00,1613.0,33.0
2023-09-17 14:00:00,1691.0,33.9
2023-09-17 15:00:00,1734.0,34.6
2023-09-17 16:00:00,1763.0,34.9
2023-09-17 17:00:00,1876.0,34.0
2023-09-17 18:00:00,1784.0,32.4
2023-09-17 19:00:00,1891.0,29.7
2023-09-17 20:00:00,1996.0,29.0
2023-09-17 21:00:00,1998.0,28.3
2023-09-17 22:00:00,1864.0,27.9
2023-09-17 23:00:00,1728.0,27.4
2023-09-18 00:00:00,1725.0,27.1
2023-09-18 01:00:00,1632.0,26.9
2023-09-18 02:00:00,1557.0,26.8
2023-09-18 03:00:00,1512.0,26.9
2023-09-18 04:00:00,1462.0,26.3
2023-09-18 05:00:00,1450.0,25.8
2023-09-18 06:00:00,1515.0,25.5
2023-09-18 07:00:00,1592.0,26.0
2023-09-18 08:00:00,1694.0,26.5
2023-09-18 09:00:00,1815.0,28.9
2023-09-18 10:00:00,1842.0,30.94
2023-09-18 11:00:00,1856.0,32.98
2023-09-18 12:00:00,1804.0,34.83
2023-09-18 13:00:00,1950.0,34.7
2023-09-18 14:00:00,1983.0,35.2
2023-09-18 15:00:00,2007.0,34.95
2023-09-18 16:00:00,1975.0,35.3
2023-09-18 17:00:00,2057.0,30.6
2023-09-18 18:00:00,1922.0,29.78
2023-09-18 19:00:00,2069.0,28.94
2023-09-18 20:00:00,2230.0,28.1
2023-09-18 21:00:00,2199.0,28.0
2023-09-18 22:00:00,2104.0,27.7
2023-09-18 23:00:00,1956.0,27.5
2023-09-19 00:00:00,1932.0,27.4
2023-09-19 01:00:00,1834.0,27.6
2023-09-19 02:00:00,1739.0,27.4
2023-09-19 03:00:00,1654.0,28.2
2023-09-19 04:00:00,1609.0,27.5
2023-09-19 05:00:00,1595.0,27.8
2023-09-19 06:00:00,1633.0,25.9
2023-09-19 07:00:00,1690.0,25.4
2023-09-19 08:00:00,1735.0,27.7
2023-09-19 09:00:00,1877.0,28.98
2023-09-19 10:00:00,1882.0,30.74
2023-09-19 11:00:00,1962.0,32.5
2023-09-19 12:00:00,1861.0,34.2
2023-09-19 13:00:00,2014.0,34.4
2023-09-19 14:00:00,2031.0,34.2
2023-09-19 15:00:00,2016.0,34.0
2023-09-19 16:00:00,2035.0,33.8
2023-09-19 17:00:00,2049.0,33.6
2023-09-19 18:00:00,1931.0,33.5
2023-09-19 19:00:00,2165.0,33.2
2023-09-19 20:00:00,2172.0,33.0
2023-09-19 21:00:00,2157.0,32.7
2023-09-19 22:00:00,2011.0,31.4
2023-09-19 23:00:00,1931.0,30.4
2023-09-20 00:00:00,1986.0,30.7
2023-09-20 01:00:00,1853.0,30.0
2023-09-20 02:00:00,1756.0,28.2
2023-09-20 03:00:00,1632.0,28.4
2023-09-20 04:00:00,1469.0,23.5
2023-09-20 05:00:00,1371.0,21.8
2023-09-20 06:00:00,1349.0,21.9
2023-09-20 07:00:00,1422.0,21.8
2023-09-20 08:00:00,1572.0,21.1
2023-09-20 09:00:00,1605.0,20.9
2023-09-20 10:00:00,1596.0,20.5
2023-09-20 11:00:00,1605.0,19.7
2023-09-20 12:00:00,1430.0,19.8
2023-09-20 13:00:00,1420.0,19.5
2023-09-20 14:00:00,1432.0,19.5
2023-09-20 15:00:00,1514.0,20.1
2023-09-20 16:00:00,1587.0,20.4
2023-09-20 17:00:00,1627.0,20.3
2023-09-20 18:00:00,1543.0,20.1
2023-09-20 19:00:00,1634.0,19.7
2023-09-20 20:00:00,1603.0,19.7
2023-09-20 21:00:00,1568.0,19.3
2023-09-20 22:00:00,1489.0,19.0
2023-09-20 23:00:00,1411.0,18.9
2023-09-21 00:00:00,1252.0,18.5
2023-09-21 01:00:00,1221.0,18.44
2023-09-21 02:00:00,1190.0,18.4
2023-09-21 03:00:00,1152.0,18.4
2023-09-21 04:00:00,1125.0,18.05
2023-09-21 05:00:00,1139.0,18.1
2023-09-21 06:00:00,1225.0,18.0
2023-09-21 07:00:00,1370.0,18.0
2023-09-21 08:00:00,1433.0,17.8
2023-09-21 09:00:00,1460.0,17.6
2023-09-21 10:00:00,1438.0,17.7
2023-09-21 11:00:00,1426.0,17.6
2023-09-21 12:00:00,1260.0,17.9
2023-09-21 13:00:00,1239.0,18.0
2023-09-21 14:00:00,1284.0,17.8
2023-09-21 15:00:00,1312.0,18.1
2023-09-21 16:00:00,1433.0,17.9
2023-09-21 17:00:00,1492.0,17.72
2023-09-21 18:00:00,1329.0,17.76
2023-09-21 19:00:00,1397.0,17.8
2023-09-21 20:00:00,1374.0,17.84
2023-09-21 21:00:00,1298.0,17.88
2023-09-21 22:00:00,1186.0,17.92
2023-09-21 23:00:00,1133.0,17.96
2023-09-22 00:00:00,1197.0,17.9
2023-09-22 01:00:00,1155.0,17.8
2023-09-22 02:00:00,1128.0,17.8
2023-09-22 03:00:00,1105.0,17.8
2023-09-22 04:00:00,1110.0,17.7
2023-09-22 05:00:00,1127.0,17.7
2023-09-22 06:00:00,1223.0,17.7
2023-09-22 07:00:00,1326.0,17.8
2023-09-22 08:00:00,1362.0,18.5
2023-09-22 09:00:00,1382.0,18.25
2023-09-22 10:00:00,1408.0,18.9
2023-09-22 11:00:00,1388.0,19.4
2023-09-22 12:00:00,1215.0,17.9
2023-09-22 13:00:00,1220.0,18.0
2023-09-22 14:00:00,1248.0,17.8
2023-09-22 15:00:00,1282.0,18.1
2023-09-22 16:00:00,1346.0,17.9
2023-09-22 17:00:00,1426.0,17.72
2023-09-22 18:00:00,1322.0,17.76
2023-09-22 19:00:00,1420.0,17.8
2023-09-22 20:00:00,1368.0,17.84
2023-09-22 21:00:00,1304.0,17.88
2023-09-22 22:00:00,1204.0,17.92
2023-09-22 23:00:00,1122.0,17.96
2023-09-23 00:00:00,1167.0,17.9
2023-09-23 01:00:00,1110.0,17.8
2023-09-23 02:00:00,1074.0,17.8
2023-09-23 03:00:00,1060.0,17.8
2023-09-23 04:00:00,1065.0,17.7
2023-09-23 05:00:00,1078.0,17.7
2023-09-23 06:00:00,1130.0,17.7
2023-09-23 07:00:00,1257.0,17.8
2023-09-23 08:00:00,1340.0,18.5
2023-09-23 09:00:00,1382.0,18.25
2023-09-23 10:00:00,1336.0,18.9
2023-09-23 11:00:00,1346.0,19.4
2023-09-23 12:00:00,1216.0,17.9
2023-09-23 13:00:00,1202.0,18.0
2023-09-23 14:00:00,1261.0,17.8
2023-09-23 15:00:00,1273.0,18.1
2023-09-23 16:00:00,1309.0,17.9
2023-09-23 17:00:00,1409.0,17.72
2023-09-23 18:00:00,1328.0,17.76
2023-09-23 19:00:00,1415.0,17.8
2023-09-23 20:00:00,1384.0,17.84
2023-09-23 21:00:00,1320.0,17.88
2023-09-23 22:00:00,1182.0,17.92
2023-09-23 23:00:00,1132.0,17.96
2023-09-24 00:00:00,1177.0,17.9
2023-09-24 01:00:00,1138.0,17.8
2023-09-24 02:00:00,1092.0,17.8
2023-09-24 03:00:00,1078.0,17.8
2023-09-24 04:00:00,1059.0,17.7
2023-09-24 05:00:00,1078.0,17.7
2023-09-24 06:00:00,1121.0,17.7
2023-09-24 07:00:00,1238.0,17.8
2023-09-24 08:00:00,1350.0,18.5
2023-09-24 09:00:00,1349.0,18.25
2023-09-24 10:00:00,1333.0,18.9
2023-09-24 11:00:00,1345.0,19.4
2023-09-24 12:00:00,1216.0,17.9
2023-09-24 13:00:00,1175.0,18.0
2023-09-24 14:00:00,1197.0,17.8
2023-09-24 15:00:00,1258.0,18.1
2023-09-24 16:00:00,1306.0,17.9
2023-09-24 17:00:00,1396.0,17.72
2023-09-24 18:00:00,1328.0,17.76
2023-09-24 19:00:00,1436.0,17.8
2023-09-24 20:00:00,1386.0,17.84
2023-09-24 21:00:00,1302.0,17.88
2023-09-24 22:00:00,1180.0,17.92
2023-09-24 23:00:00,1115.0,17.96
2023-09-25 00:00:00,1168.0,17.9
2023-09-25 01:00:00,1107.0,17.8
2023-09-25 02:00:00,1077.0,17.8
2023-09-25 03:00:00,1062.0,17.8
2023-09-25 04:00:00,1058.0,17.7
2023-09-25 05:00:00,1069.0,17.7
2023-09-25 06:00:00,1173.0,17.6
2023-09-25 07:00:00,1308.0,17.6
2023-09-25 08:00:00,1374.0,18.5
2023-09-25 09:00:00,1405.0,18.25
2023-09-25 10:00:00,1375.0,18.9
2023-09-25 11:00:00,1378.0,19.4
2023-09-25 12:00:00,1271.0,17.9
2023-09-25 13:00:00,1240.0,18.0
2023-09-25 14:00:00,1296.0,17.8
2023-09-25 15:00:00,1373.0,18.1
2023-09-25 16:00:00,1443.0,21.2
2023-09-25 17:00:00,1514.0,17.72
2023-09-25 18:00:00,1371.0,17.76
2023-09-25 19:00:00,1485.0,17.8
2023-09-25 20:00:00,1433.0,17.84
2023-09-25 21:00:00,1366.0,17.88
2023-09-25 22:00:00,1234.0,17.92
2023-09-25 23:00:00,1143.0,17.96
2023-09-26 00:00:00,1190.0,19.04
2023-09-26 01:00:00,1164.0,18.8
2023-09-26 02:00:00,1127.0,18.7
2023-09-26 03:00:00,1100.0,18.6
2023-09-26 04:00:00,1091.0,18.6
2023-09-26 05:00:00,1129.0,18.56
2023-09-26 06:00:00,1223.0,18.52
2023-09-26 07:00:00,1355.0,18.6
2023-09-26 08:00:00,1403.0,19.46
2023-09-26 09:00:00,1396.0,20.98
2023-09-26 10:00:00,1398.0,21.96
2023-09-26 11:00:00,1407.0,22.74
2023-09-26 12:00:00,1265.0,23.8
2023-09-26 13:00:00,1281.0,23.7
2023-09-26 14:00:00,1357.0,23.3
2023-09-26 15:00:00,1373.0,22.98
2023-09-26 16:00:00,1425.0,22.66
2023-09-26 17:00:00,1517.0,22.34
2023-09-26 18:00:00,1412.0,22.02
2023-09-26 19:00:00,1517.0,21.68
2023-09-26 20:00:00,1442.0,21.44
2023-09-26 21:00:00,1369.0,21.32
2023-09-26 22:00:00,1249.0,21.36
2023-09-26 23:00:00,1156.0,21.34
2023-09-27 00:00:00,1223.0,21.2
2023-09-27 01:00:00,1187.0,20.84
2023-09-27 02:00:00,1166.0,20.5
2023-09-27 03:00:00,1124.0,20.4
2023-09-27 04:00:00,1127.0,20.32
2023-09-27 05:00:00,1165.0,20.24
2023-09-27 06:00:00,1269.0,20.26
2023-09-27 07:00:00,1404.0,20.6
2023-09-27 08:00:00,1440.0,21.2
2023-09-27 09:00:00,1436.0,22.08
2023-09-27 10:00:00,1374.0,23.24
2023-09-27 11:00:00,1319.0,24.4
2023-09-27 12:00:00,1160.0,25.8
2023-09-27 13:00:00,1157.0,26.9
2023-09-27 14:00:00,1222.0,27.25
2023-09-27 15:00:00,1333.0,27.45
2023-09-27 16:00:00,1455.0,27.65
2023-09-27 17:00:00,1561.0,27.85
2023-09-27 18:00:00,1459.0,26.6
2023-09-27 19:00:00,1605.0,24.98
2023-09-27 20:00:00,1533.0,24.54
2023-09-27 21:00:00,1457.0,24.1
2023-09-27 22:00:00,1302.0,23.8
2023-09-27 23:00:00,1156.0,24.0
2023-09-28 00:00:00,1278.0,23.4
2023-09-28 01:00:00,1250.0,22.8
2023-09-28 02:00:00,1200.0,22.28
2023-09-28 03:00:00,1177.0,21.84
2023-09-28 04:00:00,1154.0,21.34
2023-09-28 05:00:00,1182.0,21.02
2023-09-28 06:00:00,1281.0,21.06
2023-09-28 07:00:00,1420.0,21.3
2023-09-28 08:00:00,1438.0,21.9
2023-09-28 09:00:00,1484.0,22.5
2023-09-28 10:00:00,1426.0,23.8
2023-09-28 11:00:00,1391.0,24.3
2023-09-28 12:00:00,1188.0,24.98
2023-09-28 13:00:00,1221.0,25.66
2023-09-28 14:00:00,1260.0,26.34
2023-09-28 15:00:00,1317.0,27.02
2023-09-28 16:00:00,1416.0,27.66
2023-09-28 17:00:00,1571.0,26.94
2023-09-28 18:00:00,1420.0,25.9
2023-09-28 19:00:00,1559.0,25.1
2023-09-28 20:00:00,1464.0,24.9
2023-09-28 21:00:00,1393.0,24.5
2023-09-28 22:00:00,1312.0,24.54
2023-09-28 23:00:00,1182.0,24.6
2023-09-29 00:00:00,1239.0,23.73
2023-09-29 01:00:00,1174.0,23.1
2023-09-29 02:00:00,1128.0,22.6
2023-09-29 03:00:00,1092.0,22.0
2023-09-29 04:00:00,1082.0,21.44
2023-09-29 05:00:00,1064.0,21.24
2023-09-29 06:00:00,1124.0,21.3
2023-09-29 07:00:00,1204.0,21.9
2023-09-29 08:00:00,1180.0,22.5
2023-09-29 09:00:00,1166.0,23.2
2023-09-29 10:00:00,1161.0,24.36
2023-09-29 11:00:00,1185.0,25.52
2023-09-29 12:00:00,1111.0,25.8
2023-09-29 13:00:00,1091.0,25.2
2023-09-29 14:00:00,1085.0,25.12
2023-09-29 15:00:00,1122.0,25.04
2023-09-29 16:00:00,1189.0,24.96
2023-09-29 17:00:00,1258.0,24.5
2023-09-29 18:00:00,1219.0,23.63
2023-09-29 19:00:00,1364.0,22.84
2023-09-29 20:00:00,1376.0,22.3
2023-09-29 21:00:00,1306.0,21.7
2023-09-29 22:00:00,1192.0,21.0
2023-09-29 23:00:00,1080.0,19.9
2023-09-30 00:00:00,1108.0,20.0
2023-09-30 01:00:00,1048.0,20.12
2023-09-30 02:00:00,995.0,20.1
2023-09-30 03:00:00,966.0,19.9
2023-09-30 04:00:00,997.0,19.57
2023-09-30 05:00:00,1003.0,19.36
2023-09-30 06:00:00,1046.0,19.48
2023-09-30 07:00:00,1129.0,19.6
2023-09-30 08:00:00,1206.0,19.84
2023-09-30 09:00:00,1203.0,20.1
2023-09-30 10:00:00,1181.0,20.3
2023-09-30 11:00:00,1209.0,20.5
2023-09-30 12:00:00,1124.0,20.4
2023-09-30 13:00:00,1059.0,20.0
2023-09-30 14:00:00,1065.0,20.1
2023-09-30 15:00:00,1081.0,20.46
2023-09-30 16:00:00,1141.0,20.7
2023-09-30 17:00:00,1266.0,20.74
2023-09-30 18:00:00,1230.0,20.4
2023-09-30 19:00:00,1379.0,20.4
2023-09-30 20:00:00,1357.0,20.5
2023-09-30 21:00:00,1289.0,20.6
2023-09-30 22:00:00,1176.0,20.2
2023-09-30 23:00:00,1083.0,20.2
2023-10-01 00:00:00,1110.0,20.5
2023-10-01 01:00:00,1062.0,20.7
2023-10-01 02:00:00,1016.0,21.0
2023-10-01 03:00:00,981.0,20.6
2023-10-01 04:00:00,972.0,20.2
2023-10-01 05:00:00,982.0,19.3
2023-10-01 06:00:00,1043.0,18.9
2023-10-01 07:00:00,1145.0,18.8
2023-10-01 08:00:00,1213.0,18.8
2023-10-01 09:00:00,1212.0,19.0
2023-10-01 10:00:00,1165.0,19.5
2023-10-01 11:00:00,1152.0,19.6
2023-10-01 12:00:00,1087.0,19.7
2023-10-01 13:00:00,1068.0,20.5
2023-10-01 14:00:00,1098.0,20.8
2023-10-01 15:00:00,1111.0,20.6
2023-10-01 16:00:00,1178.0,20.6
2023-10-01 17:00:00,1261.0,20.6
2023-10-01 18:00:00,1242.0,20.2
2023-10-01 19:00:00,1367.0,20.1
2023-10-01 20:00:00,1341.0,19.6
2023-10-01 21:00:00,1256.0,19.4
2023-10-01 22:00:00,1170.0,19.3
2023-10-01 23:00:00,1083.0,19.2
2023-10-02 00:00:00,1088.0,18.9
2023-10-02 01:00:00,1029.0,18.8
2023-10-02 02:00:00,989.0,18.3
2023-10-02 03:00:00,959.0,17.9
2023-10-02 04:00:00,955.0,17.7
2023-10-02 05:00:00,974.0,17.6
2023-10-02 06:00:00,1036.0,17.6
2023-10-02 07:00:00,1168.0,17.6
2023-10-02 08:00:00,1249.0,16.9
2023-10-02 09:00:00,1273.0,16.5
2023-10-02 10:00:00,1257.0,16.7
2023-10-02 11:00:00,1235.0,16.4
2023-10-02 12:00:00,1140.0,16.5
2023-10-02 13:00:00,1106.0,16.5
2023-10-02 14:00:00,1139.0,16.4
2023-10-02 15:00:00,1157.0,17.1
2023-10-02 16:00:00,1223.0,17.3
2023-10-02 17:00:00,1307.0,16.9
2023-10-02 18:00:00,1255.0,16.7
2023-10-02 19:00:00,1384.0,16.6
2023-10-02 20:00:00,1358.0,16.5
2023-10-02 21:00:00,1285.0,16.4
2023-10-02 22:00:00,1189.0,16.3
2023-10-02 23:00:00,1075.0,16.3
2023-10-03 00:00:00,1106.0,16.0
2023-10-03 01:00:00,1051.0,16.0
2023-10-03 02:00:00,1012.0,15.7
2023-10-03 03:00:00,1000.0,15.5
2023-10-03 04:00:00,1001.0,15.5
2023-10-03 05:00:00,1008.0,15.4
2023-10-03 06:00:00,1041.0,15.4
2023-10-03 07:00:00,1154.0,15.4
2023-10-03 08:00:00,1269.0,15.6
2023-10-03 09:00:00,1309.0,15.9
2023-10-03 10:00:00,1287.0,16.05
2023-10-03 11:00:00,1252.0,16.6
2023-10-03 12:00:00,1136.0,16.6
2023-10-03 13:00:00,1129.0,17.0
2023-10-03 14:00:00,1149.0,17.1
2023-10-03 15:00:00,1193.0,17.2
2023-10-03 16:00:00,1258.0,17.2
2023-10-03 17:00:00,1352.0,17.1
2023-10-03 18:00:00,1287.0,17.1
2023-10-03 19:00:00,1411.0,17.1
2023-10-03 20:00:00,1361.0,17.0
2023-10-03 21:00:00,1289.0,16.9
2023-10-03 22:00:00,1180.0,16.9
2023-10-03 23:00:00,1081.0,17.0
2023-10-04 00:00:00,1117.0,17.1
2023-10-04 01:00:00,1068.0,17.15
2023-10-04 02:00:00,1028.0,17.2
2023-10-04 03:00:00,998.0,17.1
2023-10-04 04:00:00,1003.0,17.2
2023-10-04 05:00:00,1008.0,17.3
2023-10-04 06:00:00,1066.0,17.3
2023-10-04 07:00:00,1218.0,17.4
2023-10-04 08:00:00,1309.0,17.9
2023-10-04 09:00:00,1335.0,18.9
2023-10-04 10:00:00,1277.0,20.1
2023-10-04 11:00:00,1299.0,20.3
2023-10-04 12:00:00,1173.0,20.4
2023-10-04 13:00:00,1185.0,20.5
2023-10-04 14:00:00,1227.0,20.4
2023-10-04 15:00:00,1254.0,19.9
2023-10-04 16:00:00,1327.0,19.7
2023-10-04 17:00:00,1441.0,19.3
2023-10-04 18:00:00,1381.0,18.7
2023-10-04 19:00:00,1450.0,18.5
2023-10-04 20:00:00,1396.0,18.1
2023-10-04 21:00:00,1316.0,17.9
2023-10-04 22:00:00,1185.0,17.8
2023-10-04 23:00:00,1111.0,17.6
2023-10-05 00:00:00,1141.0,17.4
2023-10-05 01:00:00,1083.0,17.2
2023-10-05 02:00:00,1046.0,17.1
2023-10-05 03:00:00,1024.0,17.1
2023-10-05 04:00:00,1020.0,17.0
2023-10-05 05:00:00,1030.0,16.9
2023-10-05 06:00:00,1093.0,16.8
2023-10-05 07:00:00,1205.0,16.9
2023-10-05 08:00:00,1341.0,17.2
2023-10-05 09:00:00,1383.0,17.4
2023-10-05 10:00:00,1367.0,17.7
2023-10-05 11:00:00,1340.0,18.2
2023-10-05 12:00:00,1158.0,18.7
2023-10-05 13:00:00,1122.0,20.5
2023-10-05 14:00:00,1168.0,21.6
2023-10-05 15:00:00,1217.0,21.2
2023-10-05 16:00:00,1296.0,21.3
2023-10-05 17:00:00,1411.0,20.6
2023-10-05 18:00:00,1342.0,20.1
2023-10-05 19:00:00,1445.0,19.7
2023-10-05 20:00:00,1367.0,19.4
2023-10-05 21:00:00,1310.0,19.2
2023-10-05 22:00:00,1191.0,19.2
2023-10-05 23:00:00,1099.0,18.4
2023-10-06 00:00:00,1150.0,18.7
2023-10-06 01:00:00,1099.0,18.6
2023-10-06 02:00:00,1062.0,18.6
2023-10-06 03:00:00,1021.0,18.3
2023-10-06 04:00:00,1004.0,18.1
2023-10-06 05:00:00,1018.0,17.8
2023-10-06 06:00:00,1095.0,17.4
2023-10-06 07:00:00,1210.0,17.6
2023-10-06 08:00:00,1328.0,17.2
2023-10-06 09:00:00,1382.0,17.0
2023-10-06 10:00:00,1384.0,16.9
2023-10-06 11:00:00,1353.0,17.0
2023-10-06 12:00:00,1247.0,16.4
2023-10-06 13:00:00,1215.0,16.4
2023-10-06 14:00:00,1276.0,16.6
2023-10-06 15:00:00,1330.0,16.4
2023-10-06 16:00:00,1370.0,16.5
2023-10-06 17:00:00,1469.0,15.9
2023-10-06 18:00:00,1396.0,15.4
2023-10-06 19:00:00,1474.0,13.6
2023-10-06 20:00:00,1423.0,12.0
2023-10-06 21:00:00,1296.0,11.6
2023-10-06 22:00:00,1181.0,11.8
2023-10-06 23:00:00,1098.0,12.0
2023-10-07 00:00:00,1131.0,12.0
2023-10-07 01:00:00,1082.0,12.1
2023-10-07 02:00:00,1054.0,12.2
2023-10-07 03:00:00,1028.0,12.3
2023-10-07 04:00:00,1019.0,12.3
2023-10-07 05:00:00,1035.0,12.2
2023-10-07 06:00:00,1126.0,12.3
2023-10-07 07:00:00,1295.0,12.4
2023-10-07 08:00:00,1372.0,12.6
2023-10-07 09:00:00,1393.0,13.1
2023-10-07 10:00:00,1360.0,13.8
2023-10-07 11:00:00,1348.0,14.1
2023-10-07 12:00:00,1139.0,15.7
2023-10-07 13:00:00,1108.0,17.8
2023-10-07 14:00:00,1177.0,18.0
2023-10-07 15:00:00,1228.0,17.9
2023-10-07 16:00:00,1307.0,18.4
2023-10-07 17:00:00,1400.0,18.3
2023-10-07 18:00:00,1340.0,17.0
2023-10-07 19:00:00,1493.0,16.7
2023-10-07 20:00:00,1417.0,16.3
2023-10-07 21:00:00,1340.0,15.6
2023-10-07 22:00:00,1181.0,15.2
2023-10-07 23:00:00,1098.0,14.8
2023-10-08 00:00:00,1154.0,14.8
2023-10-08 01:00:00,1119.0,14.5
2023-10-08 02:00:00,1075.0,14.2
2023-10-08 03:00:00,1058.0,13.7
2023-10-08 04:00:00,1041.0,14.3
2023-10-08 05:00:00,1064.0,14.3
2023-10-08 06:00:00,1180.0,13.5
2023-10-08 07:00:00,1346.0,13.1
2023-10-08 08:00:00,1350.0,13.9
2023-10-08 09:00:00,1320.0,16.7
2023-10-08 10:00:00,1299.0,19.3
2023-10-08 11:00:00,1293.0,20.0
2023-10-08 12:00:00,1176.0,21.1
2023-10-08 13:00:00,1143.0,22.5
2023-10-08 14:00:00,1207.0,22.6
2023-10-08 15:00:00,1268.0,22.8
2023-10-08 16:00:00,1357.0,22.6
2023-10-08 17:00:00,1480.0,21.9
2023-10-08 18:00:00,1364.0,21.1
2023-10-08 19:00:00,1510.0,20.6
2023-10-08 20:00:00,1384.0,20.5
2023-10-08 21:00:00,1286.0,20.4
2023-10-08 22:00:00,1157.0,20.1
2023-10-08 23:00:00,1081.0,19.8
2023-10-09 00:00:00,1147.0,15.88
2023-10-09 01:00:00,1114.0,15.09
2023-10-09 02:00:00,1077.0,14.73
2023-10-09 03:00:00,1070.0,14.3
2023-10-09 04:00:00,1041.0,13.8
2023-10-09 05:00:00,1051.0,14.59
2023-10-09 06:00:00,1166.0,13.94
2023-10-09 07:00:00,1299.0,13.8
2023-10-09 08:00:00,1370.0,14.66
2023-10-09 09:00:00,1409.0,15.73
2023-10-09 10:00:00,1356.0,17.67
2023-10-09 11:00:00,1331.0,18.17
2023-10-09 12:00:00,1257.0,19.31
2023-10-09 13:00:00,1217.0,20.1
2023-10-09 14:00:00,1238.0,19.38
2023-10-09 15:00:00,1300.0,19.17
2023-10-09 16:00:00,1345.0,18.74
2023-10-09 17:00:00,1435.0,18.38
2023-10-09 18:00:00,1366.0,17.67
2023-10-09 19:00:00,1479.0,17.02
2023-10-09 20:00:00,1428.0,17.02
2023-10-09 21:00:00,1328.0,16.88
2023-10-09 22:00:00,1195.0,16.88
2023-10-09 23:00:00,1115.0,16.16
2023-10-10 00:00:00,1150.0,17.92
2023-10-10 01:00:00,1122.0,17.45
2023-10-10 02:00:00,1100.0,17.26
2023-10-10 03:00:00,1072.0,17.16
2023-10-10 04:00:00,1060.0,17.92
2023-10-10 05:00:00,1095.0,18.58
2023-10-10 06:00:00,1201.0,17.54
2023-10-10 07:00:00,1326.0,17.83
2023-10-10 08:00:00,1405.0,17.83
2023-10-10 09:00:00,1459.0,18.58
2023-10-10 10:00:00,1417.0,19.44
2023-10-10 11:00:00,1406.0,19.91
2023-10-10 12:00:00,1275.0,19.25
2023-10-10 13:00:00,1244.0,17.83
2023-10-10 14:00:00,1286.0,16.59
2023-10-10 15:00:00,1334.0,16.03
2023-10-10 16:00:00,1360.0,16.5
2023-10-10 17:00:00,1458.0,17.26
2023-10-10 18:00:00,1330.0,16.69
2023-10-10 19:00:00,1467.0,16.31
2023-10-10 20:00:00,1411.0,16.41
2023-10-10 21:00:00,1324.0,16.59
2023-10-10 22:00:00,1185.0,16.59
2023-10-10 23:00:00,1103.0,15.27
2023-10-11 00:00:00,1179.0,17.55
2023-10-11 01:00:00,1129.0,17.55
2023-10-11 02:00:00,1100.0,17.41
2023-10-11 03:00:00,1067.0,16.98
2023-10-11 04:00:00,1077.0,16.84
2023-10-11 05:00:00,1100.0,16.89
2023-10-11 06:00:00,1187.0,16.6
2023-10-11 07:00:00,1367.0,16.89
2023-10-11 08:00:00,1421.0,16.74
2023-10-11 09:00:00,1435.0,18.13
2023-10-11 10:00:00,1417.0,19.51
2023-10-11 11:00:00,1406.0,20.51
2023-10-11 12:00:00,1275.0,21.7
2023-10-11 13:00:00,1244.0,21.41
2023-10-11 14:00:00,1286.0,20.79
2023-10-11 15:00:00,1334.0,21.27
2023-10-11 16:00:00,1360.0,20.91
2023-10-11 17:00:00,1458.0,20.41
2023-10-11 18:00:00,1330.0,19.89
2023-10-11 19:00:00,1467.0,19.75
2023-10-11 20:00:00,1411.0,19.98
2023-10-11 21:00:00,1324.0,19.84
2023-10-11 22:00:00,1185.0,19.75
2023-10-11 23:00:00,1103.0,19.7
2023-10-12 00:00:00,1183.0,18.64
2023-10-12 01:00:00,1148.0,18.56
2023-10-12 02:00:00,1123.0,18.24
2023-10-12 03:00:00,1087.0,17.67
2023-10-12 04:00:00,1097.0,17.19
2023-10-12 05:00:00,1100.0,16.63
2023-10-12 06:00:00,1218.0,16.55
2023-10-12 07:00:00,1367.0,16.31
2023-10-12 08:00:00,1439.0,16.79
2023-10-12 09:00:00,1466.0,16.95
2023-10-12 10:00:00,1444.0,17.67
2023-10-12 11:00:00,1456.0,18.48
2023-10-12 12:00:00,1270.0,18.72
2023-10-12 13:00:00,1256.0,18.8
2023-10-12 14:00:00,1324.0,18.96
2023-10-12 15:00:00,1335.0,18.32
2023-10-12 16:00:00,1402.0,18.07
2023-10-12 17:00:00,1467.0,17.83
2023-10-12 18:00:00,1392.0,17.43
2023-10-12 19:00:00,1470.0,17.19
2023-10-12 20:00:00,1417.0,16.63
2023-10-12 21:00:00,1312.0,16.47
2023-10-12 22:00:00,1214.0,16.15
2023-10-12 23:00:00,1123.0,15.34
2023-10-13 00:00:00,1180.0,16.5
2023-10-13 01:00:00,1135.0,16.1
2023-10-13 02:00:00,1105.0,16.0
2023-10-13 03:00:00,1089.0,15.8
2023-10-13 04:00:00,1087.0,15.6
2023-10-13 05:00:00,1083.0,15.6
2023-10-13 06:00:00,1194.0,15.4
2023-10-13 07:00:00,1371.0,15.3
2023-10-13 08:00:00,1433.0,15.8
2023-10-13 09:00:00,1476.0,17.4
2023-10-13 10:00:00,1423.0,19.9
2023-10-13 11:00:00,1433.0,21.0
2023-10-13 12:00:00,1272.0,21.7
2023-10-13 13:00:00,1234.0,22.8
2023-10-13 14:00:00,1303.0,22.4
2023-10-13 15:00:00,1309.0,22.4
2023-10-13 16:00:00,1378.0,21.9
2023-10-13 17:00:00,1463.0,21.3
2023-10-13 18:00:00,1408.0,20.0
2023-10-13 19:00:00,1479.0,19.6
2023-10-13 20:00:00,1401.0,18.7
2023-10-13 21:00:00,1344.0,18.1
2023-10-13 22:00:00,1224.0,17.4
2023-10-13 23:00:00,1130.0,17.3
2023-10-14 00:00:00,1189.0,17.1
2023-10-14 01:00:00,1149.0,16.9
2023-10-14 02:00:00,1112.0,16.4
2023-10-14 03:00:00,1078.0,16.0
2023-10-14 04:00:00,1065.0,16.1
2023-10-14 05:00:00,1083.0,16.0
2023-10-14 06:00:00,1164.0,15.8
2023-10-14 07:00:00,1323.0,15.7
2023-10-14 08:00:00,1399.0,16.3
2023-10-14 09:00:00,1396.0,18.3
2023-10-14 10:00:00,1352.0,20.7
2023-10-14 11:00:00,1366.0,22.2
2023-10-14 12:00:00,1230.0,23.9
2023-10-14 13:00:00,1223.0,24.5
2023-10-14 14:00:00,1256.0,25.7
2023-10-14 15:00:00,1290.0,26.3
2023-10-14 16:00:00,1344.0,26.3
2023-10-14 17:00:00,1433.0,25.6
2023-10-14 18:00:00,1364.0,23.8
2023-10-14 19:00:00,1483.0,21.5
2023-10-14 20:00:00,1433.0,21.7
2023-10-14 21:00:00,1338.0,21.2
2023-10-14 22:00:00,1207.0,20.7
2023-10-14 23:00:00,1126.0,20.4
2023-10-15 00:00:00,1189.0,19.5
2023-10-15 01:00:00,1137.0,19.0
2023-10-15 02:00:00,1107.0,18.4
2023-10-15 03:00:00,1089.0,16.7
2023-10-15 04:00:00,1063.0,15.5
2023-10-15 05:00:00,1073.0,15.7
2023-10-15 06:00:00,1179.0,15.6
2023-10-15 07:00:00,1294.0,15.4
2023-10-15 08:00:00,1350.0,16.8
2023-10-15 09:00:00,1336.0,18.6
2023-10-15 10:00:00,1304.0,21.4
2023-10-15 11:00:00,1316.0,23.4
2023-10-15 12:00:00,1201.0,25.8
2023-10-15 13:00:00,1181.0,27.1
2023-10-15 14:00:00,1224.0,27.8
2023-10-15 15:00:00,1263.0,28.3
2023-10-15 16:00:00,1307.0,27.8
2023-10-15 17:00:00,1410.0,27.1
2023-10-15 18:00:00,1368.0,24.0
2023-10-15 19:00:00,1448.0,22.5
2023-10-15 20:00:00,1386.0,21.9
2023-10-15 21:00:00,1294.0,21.4
2023-10-15 22:00:00,1141.0,20.7
2023-10-15 23:00:00,1087.0,20.3
2023-10-16 00:00:00,1148.0,17.84
2023-10-16 01:00:00,1106.0,19.02
2023-10-16 02:00:00,1066.0,18.14
2023-10-16 03:00:00,1049.0,18.83
2023-10-16 04:00:00,1035.0,18.92
2023-10-16 05:00:00,1068.0,14.5
2023-10-16 06:00:00,1176.0,14.6
2023-10-16 07:00:00,1371.0,14.7
2023-10-16 08:00:00,1412.0,16.76
2023-10-16 09:00:00,1452.0,18.33
2023-10-16 10:00:00,1405.0,19.91
2023-10-16 11:00:00,1393.0,22.66
2023-10-16 12:00:00,1258.0,24.53
2023-10-16 13:00:00,1252.0,25.81
2023-10-16 14:00:00,1312.0,26.1
2023-10-16 15:00:00,1345.0,25.91
2023-10-16 16:00:00,1419.0,25.81
2023-10-16 17:00:00,1496.0,24.73
2023-10-16 18:00:00,1409.0,21.97
2023-10-16 19:00:00,1489.0,20.89
2023-10-16 20:00:00,1416.0,20.3
2023-10-16 21:00:00,1353.0,19.71
2023-10-16 22:00:00,1205.0,19.22
2023-10-16 23:00:00,1115.0,19.22
2023-10-17 00:00:00,1186.0,17.72
2023-10-17 01:00:00,1150.0,17.82
2023-10-17 02:00:00,1118.0,16.44
2023-10-17 03:00:00,1100.0,16.44
2023-10-17 04:00:00,1104.0,15.7
2023-10-17 05:00:00,1119.0,16.44
2023-10-17 06:00:00,1218.0,14.96
2023-10-17 07:00:00,1412.0,14.0
2023-10-17 08:00:00,1445.0,16.87
2023-10-17 09:00:00,1442.0,17.82
2023-10-17 10:00:00,1408.0,21.01
2023-10-17 11:00:00,1409.0,22.71
2023-10-17 12:00:00,1252.0,24.3
2023-10-17 13:00:00,1248.0,24.62
2023-10-17 14:00:00,1321.0,26.0
2023-10-17 15:00:00,1337.0,25.51
2023-10-17 16:00:00,1415.0,24.62
2023-10-17 17:00:00,1510.0,24.09
2023-10-17 18:00:00,1414.0,20.69
2023-10-17 19:00:00,1521.0,19.1
2023-10-17 20:00:00,1443.0,18.89
2023-10-17 21:00:00,1355.0,18.46
2023-10-17 22:00:00,1233.0,17.72
2023-10-17 23:00:00,1142.0,17.5
2023-10-18 00:00:00,1203.0,20.8
2023-10-18 01:00:00,1176.0,21.0
2023-10-18 02:00:00,1145.0,20.1
2023-10-18 03:00:00,1110.0,20.0
2023-10-18 04:00:00,1104.0,19.6
2023-10-18 05:00:00,1118.0,17.8
2023-10-18 06:00:00,1227.0,18.9
2023-10-18 07:00:00,1415.0,17.1
2023-10-18 08:00:00,1430.0,17.1
2023-10-18 09:00:00,1436.0,20.3
2023-10-18 10:00:00,1403.0,23.5
2023-10-18 11:00:00,1421.0,25.8
2023-10-18 12:00:00,1264.0,27.2
2023-10-18 13:00:00,1243.0,28.1
2023-10-18 14:00:00,1331.0,29.2
2023-10-18 15:00:00,1370.0,29.2
2023-10-18 16:00:00,1433.0,28.9
2023-10-18 17:00:00,1533.0,27.3
2023-10-18 18:00:00,1462.0,25.2
2023-10-18 19:00:00,1541.0,26.0
2023-10-18 20:00:00,1460.0,26.3
2023-10-18 21:00:00,1369.0,26.1
2023-10-18 22:00:00,1239.0,25.63
2023-10-18 23:00:00,1153.0,23.7
2023-10-19 00:00:00,1222.0,22.4
2023-10-19 01:00:00,1169.0,21.6
2023-10-19 02:00:00,1133.0,21.0
2023-10-19 03:00:00,1109.0,20.9
2023-10-19 04:00:00,1102.0,21.4
2023-10-19 05:00:00,1134.0,20.0
2023-10-19 06:00:00,1226.0,19.1
2023-10-19 07:00:00,1378.0,19.0
2023-10-19 08:00:00,1439.0,19.3
2023-10-19 09:00:00,1432.0,20.4
2023-10-19 10:00:00,1409.0,20.7
2023-10-19 11:00:00,1425.0,20.6
2023-10-19 12:00:00,1261.0,21.2
2023-10-19 13:00:00,1259.0,19.6
2023-10-19 14:00:00,1323.0,18.6
2023-10-19 15:00:00,1355.0,18.3
2023-10-19 16:00:00,1414.0,17.3
2023-10-19 17:00:00,1477.0,16.3
2023-10-19 18:00:00,1472.0,15.9
2023-10-19 19:00:00,1430.0,15.6
2023-10-19 20:00:00,1373.0,15.5
2023-10-19 21:00:00,1283.0,14.3
2023-10-19 22:00:00,1170.0,13.9
2023-10-19 23:00:00,1096.0,13.8
2023-10-20 00:00:00,1179.0,13.8
2023-10-20 01:00:00,1127.0,13.8
2023-10-20 02:00:00,1114.0,13.9
2023-10-20 03:00:00,1098.0,13.8
2023-10-20 04:00:00,1089.0,13.7
2023-10-20 05:00:00,1098.0,14.4
2023-10-20 06:00:00,1206.0,14.8
2023-10-20 07:00:00,1376.0,14.9
2023-10-20 08:00:00,1413.0,15.9
2023-10-20 09:00:00,1420.0,18.1
2023-10-20 10:00:00,1391.0,20.0
2023-10-20 11:00:00,1357.0,21.1
2023-10-20 12:00:00,1235.0,22.5
2023-10-20 13:00:00,1203.0,23.2
2023-10-20 14:00:00,1255.0,23.0
2023-10-20 15:00:00,1290.0,21.9
2023-10-20 16:00:00,1375.0,21.8
2023-10-20 17:00:00,1460.0,20.9
2023-10-20 18:00:00,1426.0,19.6
2023-10-20 19:00:00,1518.0,19.0
2023-10-20 20:00:00,1408.0,18.9
2023-10-20 21:00:00,1330.0,18.6
2023-10-20 22:00:00,1230.0,18.3
2023-10-20 23:00:00,1142.0,18.0
2023-10-21 00:00:00,1188.0,17.7
2023-10-21 01:00:00,1157.0,17.0
2023-10-21 02:00:00,1100.0,13.9
2023-10-21 03:00:00,1053.0,13.8
2023-10-21 04:00:00,1049.0,13.7
2023-10-21 05:00:00,1078.0,14.5
2023-10-21 06:00:00,1146.0,12.6
2023-10-21 07:00:00,1314.0,12.7
2023-10-21 08:00:00,1370.0,14.0
2023-10-21 09:00:00,1354.0,16.1
2023-10-21 10:00:00,1322.0,20.4
2023-10-21 11:00:00,1309.0,22.0
2023-10-21 12:00:00,1182.0,22.4
2023-10-21 13:00:00,1180.0,23.2
2023-10-21 14:00:00,1233.0,23.1
2023-10-21 15:00:00,1262.0,23.7
2023-10-21 16:00:00,1342.0,23.2
2023-10-21 17:00:00,1425.0,21.7
2023-10-21 18:00:00,1391.0,19.1
2023-10-21 19:00:00,1472.0,18.2
2023-10-21 20:00:00,1375.0,18.1
2023-10-21 21:00:00,1302.0,18.5
2023-10-21 22:00:00,1183.0,17.5
2023-10-21 23:00:00,1097.0,17.0
2023-10-22 00:00:00,1168.0,16.5
2023-10-22 01:00:00,1122.0,16.4
2023-10-22 02:00:00,1068.0,16.1
2023-10-22 03:00:00,1055.0,16.7
2023-10-22 04:00:00,1032.0,16.3
2023-10-22 05:00:00,1047.0,14.7
2023-10-22 06:00:00,1145.0,13.6
2023-10-22 07:00:00,1300.0,14.7
2023-10-22 08:00:00,1375.0,14.7
2023-10-22 09:00:00,1344.0,16.5
2023-10-22 10:00:00,1304.0,19.2
2023-10-22 11:00:00,1263.0,22.0
2023-10-22 12:00:00,1159.0,23.4
2023-10-22 13:00:00,1124.0,24.4
2023-10-22 14:00:00,1182.0,25.0
2023-10-22 15:00:00,1214.0,24.8
2023-10-22 16:00:00,1297.0,24.4
2023-10-22 17:00:00,1386.0,23.1
2023-10-22 18:00:00,1355.0,20.6
2023-10-22 19:00:00,1458.0,19.7
2023-10-22 20:00:00,1395.0,19.3
2023-10-22 21:00:00,1274.0,18.6
2023-10-22 22:00:00,1140.0,18.8
2023-10-22 23:00:00,1055.0,18.4
2023-10-23 00:00:00,1139.0,18.2
2023-10-23 01:00:00,1084.0,18.1
2023-10-23 02:00:00,1062.0,17.7
2023-10-23 03:00:00,1040.0,18.1
2023-10-23 04:00:00,1034.0,17.4
2023-10-23 05:00:00,1055.0,17.7
2023-10-23 06:00:00,1168.0,16.0
2023-10-23 07:00:00,1346.0,14.7
2023-10-23 08:00:00,1407.0,16.5
2023-10-23 09:00:00,1416.0,16.4
2023-10-23 10:00:00,1362.0,20.7
2023-10-23 11:00:00,1354.0,22.8
2023-10-23 12:00:00,1197.0,24.3
2023-10-23 13:00:00,1180.0,25.8
2023-10-23 14:00:00,1247.0,26.6
2023-10-23 15:00:00,1309.0,26.8
2023-10-23 16:00:00,1423.0,26.8
2023-10-23 17:00:00,1526.0,25.2
2023-10-23 18:00:00,1406.0,22.3
2023-10-23 19:00:00,1471.0,22.1
2023-10-23 20:00:00,1407.0,21.8
2023-10-23 21:00:00,1316.0,21.4
2023-10-23 22:00:00,1199.0,21.1
2023-10-23 23:00:00,1114.0,21.2
2023-10-24 00:00:00,1175.0,20.9
2023-10-24 01:00:00,1144.0,20.8
2023-10-24 02:00:00,1112.0,20.5
2023-10-24 03:00:00,1084.0,20.8
2023-10-24 04:00:00,1084.0,20.3
2023-10-24 05:00:00,1122.0,19.1
2023-10-24 06:00:00,1198.0,19.1
2023-10-24 07:00:00,1366.0,17.9
2023-10-24 08:00:00,1422.0,18.4
2023-10-24 09:00:00,1455.0,20.3
2023-10-24 10:00:00,1423.0,22.9
2023-10-24 11:00:00,1419.0,25.24
2023-10-24 12:00:00,1243.0,26.9
2023-10-24 13:00:00,1254.0,29.3
2023-10-24 14:00:00,1327.0,28.7
2023-10-24 15:00:00,1362.0,29.15
2023-10-24 16:00:00,1433.0,29.1
2023-10-24 17:00:00,1484.0,27.93
2023-10-24 18:00:00,1466.0,25.3
2023-10-24 19:00:00,1527.0,25.2
2023-10-24 20:00:00,1439.0,25.9
2023-10-24 21:00:00,1347.0,25.6
2023-10-24 22:00:00,1219.0,24.9
2023-10-24 23:00:00,1153.0,24.0
2023-10-25 00:00:00,1220.0,21.7
2023-10-25 01:00:00,1176.0,21.7
2023-10-25 02:00:00,1138.0,19.8
2023-10-25 03:00:00,1139.0,19.4
2023-10-25 04:00:00,1113.0,18.7
2023-10-25 05:00:00,1105.0,18.3
2023-10-25 06:00:00,1194.0,18.2
2023-10-25 07:00:00,1329.0,18.3
2023-10-25 08:00:00,1427.0,18.4
2023-10-25 09:00:00,1469.0,18.8
2023-10-25 10:00:00,1443.0,19.3
2023-10-25 11:00:00,1437.0,19.4
2023-10-25 12:00:00,1278.0,19.4
2023-10-25 13:00:00,1262.0,19.7
2023-10-25 14:00:00,1305.0,19.6
2023-10-25 15:00:00,1343.0,19.3
2023-10-25 16:00:00,1411.0,19.2
2023-10-25 17:00:00,1484.0,18.8
2023-10-25 18:00:00,1463.0,18.8
2023-10-25 19:00:00,1439.0,18.4
2023-10-25 20:00:00,1360.0,18.1
2023-10-25 21:00:00,1285.0,17.9
2023-10-25 22:00:00,1187.0,17.8
2023-10-25 23:00:00,1125.0,17.9
2023-10-26 00:00:00,1184.0,17.9
2023-10-26 01:00:00,1136.0,17.9
2023-10-26 02:00:00,1118.0,17.9
2023-10-26 03:00:00,1091.0,17.9
2023-10-26 04:00:00,1070.0,17.2
2023-10-26 05:00:00,1079.0,17.0
2023-10-26 06:00:00,1172.0,17.2
2023-10-26 07:00:00,1345.0,17.1
2023-10-26 08:00:00,1425.0,17.5
2023-10-26 09:00:00,1443.0,18.1
2023-10-26 10:00:00,1408.0,19.5
2023-10-26 11:00:00,1407.0,20.9
2023-10-26 12:00:00,1259.0,22.3
2023-10-26 13:00:00,1240.0,23.3
2023-10-26 14:00:00,1300.0,22.8
2023-10-26 15:00:00,1307.0,23.0
2023-10-26 16:00:00,1392.0,22.7
2023-10-26 17:00:00,1471.0,21.7
2023-10-26 18:00:00,1453.0,20.8
2023-10-26 19:00:00,1503.0,20.4
2023-10-26 20:00:00,1436.0,19.8
2023-10-26 21:00:00,1339.0,19.6
2023-10-26 22:00:00,1203.0,19.7
2023-10-26 23:00:00,1132.0,19.0
2023-10-27 00:00:00,1177.0,18.6
2023-10-27 01:00:00,1124.0,19.3
2023-10-27 02:00:00,1084.0,18.7
2023-10-27 03:00:00,1060.0,18.7
2023-10-27 04:00:00,1063.0,18.2
2023-10-27 05:00:00,1057.0,18.0
2023-10-27 06:00:00,1180.0,18.0
2023-10-27 07:00:00,1333.0,18.5
2023-10-27 08:00:00,1409.0,18.4
2023-10-27 09:00:00,1468.0,18.7
2023-10-27 10:00:00,1425.0,19.3
2023-10-27 11:00:00,1406.0,20.1
2023-10-27 12:00:00,1277.0,21.2
2023-10-27 13:00:00,1240.0,21.4
2023-10-27 14:00:00,1280.0,20.5
2023-10-27 15:00:00,1301.0,20.3
2023-10-27 16:00:00,1384.0,19.9
2023-10-27 17:00:00,1471.0,19.4
2023-10-27 18:00:00,1442.0,18.6
2023-10-27 19:00:00,1461.0,18.2
2023-10-27 20:00:00,1392.0,18.5
2023-10-27 21:00:00,1330.0,19.0
2023-10-27 22:00:00,1222.0,19.2
2023-10-27 23:00:00,1135.0,18.5
2023-10-28 00:00:00,1181.0,18.8
2023-10-28 01:00:00,1128.0,19.6
2023-10-28 02:00:00,1119.0,19.7
2023-10-28 03:00:00,1084.0,18.4
2023-10-28 04:00:00,1069.0,17.3
2023-10-28 05:00:00,1097.0,16.7
2023-10-28 06:00:00,1132.0,16.4
2023-10-28 07:00:00,1293.0,16.3
2023-10-28 08:00:00,1391.0,16.4
2023-10-28 09:00:00,1390.0,17.6
2023-10-28 10:00:00,1443.0,19.1
2023-10-28 11:00:00,1356.0,20.5
2023-10-28 12:00:00,1220.0,21.2
2023-10-28 13:00:00,1225.0,22.0
2023-10-28 14:00:00,1280.0,22.2
2023-10-28 15:00:00,1288.0,23.2
2023-10-28 16:00:00,1329.0,23.8
2023-10-28 17:00:00,1416.0,22.8
2023-10-28 18:00:00,1405.0,21.3
2023-10-28 19:00:00,1463.0,20.6
2023-10-28 20:00:00,1416.0,20.2
2023-10-28 21:00:00,1315.0,20.0
2023-10-28 22:00:00,1207.0,18.7
2023-10-28 23:00:00,1114.0,18.1
2023-10-29 00:00:00,1169.0,17.9
2023-10-29 01:00:00,1124.0,17.7
2023-10-29 02:00:00,1072.0,16.5
2023-10-29 03:00:00,1033.0,16.1
2023-10-29 04:00:00,1054.0,15.8
2023-10-29 05:00:00,1069.0,15.8
2023-10-29 06:00:00,1133.0,14.9
2023-10-29 07:00:00,1264.0,15.2
2023-10-29 08:00:00,1311.0,15.5
2023-10-29 09:00:00,1307.0,17.5
2023-10-29 10:00:00,1297.0,20.3
2023-10-29 11:00:00,1283.0,23.1
2023-10-29 12:00:00,1165.0,24.9
2023-10-29 13:00:00,1117.0,25.5
2023-10-29 14:00:00,1277.0,26.1
2023-10-29 15:00:00,1121.0,26.1
2023-10-29 16:00:00,1305.0,25.6
2023-10-29 17:00:00,1493.0,23.8
2023-10-29 18:00:00,1397.0,21.7
2023-10-29 19:00:00,1438.0,21.4
2023-10-29 20:00:00,1374.0,21.4
2023-10-29 21:00:00,1215.0,22.1
2023-10-29 22:00:00,1170.0,22.0
2023-10-29 23:00:00,1065.0,20.0
2023-10-30 00:00:00,1130.0,16.71
2023-10-30 01:00:00,1094.0,15.81
2023-10-30 02:00:00,1056.0,15.63
2023-10-30 03:00:00,1040.0,14.73
2023-10-30 04:00:00,1029.0,14.73
2023-10-30 05:00:00,1054.0,13.83
2023-10-30 06:00:00,1176.0,13.83
2023-10-30 07:00:00,1347.0,13.2
2023-10-30 08:00:00,1384.0,13.83
2023-10-30 09:00:00,1502.0,15.72
2023-10-30 10:00:00,1324.0,18.24
2023-10-30 11:00:00,1387.0,20.75
2023-10-30 12:00:00,1212.0,22.37
2023-10-30 13:00:00,1206.0,23.63
2023-10-30 14:00:00,1267.0,24.26
2023-10-30 15:00:00,1314.0,23.99
2023-10-30 16:00:00,1378.0,24.35
2023-10-30 17:00:00,1414.0,23.09
2023-10-30 18:00:00,1435.0,20.12
2023-10-30 19:00:00,1466.0,18.95
2023-10-30 20:00:00,1412.0,18.69
2023-10-30 21:00:00,1308.0,18.24
2023-10-30 22:00:00,1193.0,17.97
2023-10-30 23:00:00,1114.0,17.52
2023-10-31 00:00:00,1171.0,19.59
2023-10-31 01:00:00,1141.0,20.07
2023-10-31 02:00:00,1109.0,19.12
2023-10-31 03:00:00,1067.0,17.94
2023-10-31 04:00:00,1041.0,18.26
2023-10-31 05:00:00,1061.0,16.44
2023-10-31 06:00:00,1167.0,15.97
2023-10-31 07:00:00,1368.0,15.5
2023-10-31 08:00:00,1420.0,16.21
2023-10-31 09:00:00,1421.0,18.41
2023-10-31 10:00:00,1393.0,20.22
2023-10-31 11:00:00,1373.0,21.8
2023-10-31 12:00:00,1223.0,23.61
2023-10-31 13:00:00,1207.0,24.71
2023-10-31 14:00:00,1286.0,25.73
2023-10-31 15:00:00,1310.0,26.21
2023-10-31 16:00:00,1388.0,26.52
2023-10-31 17:00:00,1456.0,25.42
2023-10-31 18:00:00,1456.0,24.0
2023-10-31 19:00:00,1470.0,21.8
2023-10-31 20:00:00,1412.0,21.33
2023-10-31 21:00:00,1307.0,21.01
2023-10-31 22:00:00,1183.0,20.54
2023-10-31 23:00:00,1113.0,19.91
2023-11-01 00:00:00,1143.0,21.24
2023-11-01 01:00:00,1106.0,20.23
2023-11-01 02:00:00,1082.0,19.37
2023-11-01 03:00:00,1042.0,18.52
2023-11-01 04:00:00,1040.0,17.98
2023-11-01 05:00:00,1077.0,17.2
2023-11-01 06:00:00,1183.0,17.04
2023-11-01 07:00:00,1352.0,16.5
2023-11-01 08:00:00,1402.0,16.97
2023-11-01 09:00:00,1425.0,18.37
2023-11-01 10:00:00,1383.0,20.93
2023-11-01 11:00:00,1369.0,22.95
2023-11-01 12:00:00,1219.0,24.66
2023-11-01 13:00:00,1224.0,26.13
2023-11-01 14:00:00,1274.0,26.91
2023-11-01 15:00:00,1321.0,26.99
2023-11-01 16:00:00,1432.0,26.91
2023-11-01 17:00:00,1465.0,26.37
2023-11-01 18:00:00,1466.0,24.19
2023-11-01 19:00:00,1483.0,22.64
2023-11-01 20:00:00,1433.0,21.55
2023-11-01 21:00:00,1321.0,21.16
2023-11-01 22:00:00,1211.0,21.08
2023-11-01 23:00:00,1138.0,21.55
2023-11-02 00:00:00,1197.0,20.9
2023-11-02 01:00:00,1140.0,20.0
2023-11-02 02:00:00,1112.0,18.4
2023-11-02 03:00:00,1068.0,19.1
2023-11-02 04:00:00,1075.0,18.8
2023-11-02 05:00:00,1094.0,17.5
2023-11-02 06:00:00,1216.0,16.5
2023-11-02 07:00:00,1362.0,15.8
2023-11-02 08:00:00,1394.0,16.3
2023-11-02 09:00:00,1437.0,18.9
2023-11-02 10:00:00,1412.0,22.2
2023-11-02 11:00:00,1397.0,24.4
2023-11-02 12:00:00,1267.0,26.2
2023-11-02 13:00:00,1234.0,27.4
2023-11-02 14:00:00,1303.0,28.0
2023-11-02 15:00:00,1325.0,29.4
2023-11-02 16:00:00,1430.0,28.7
2023-11-02 17:00:00,1474.0,27.9
2023-11-02 18:00:00,1465.0,25.6
2023-11-02 19:00:00,1518.0,23.8
2023-11-02 20:00:00,1428.0,23.0
2023-11-02 21:00:00,1328.0,22.4
2023-11-02 22:00:00,1212.0,22.2
2023-11-02 23:00:00,1128.0,22.0
2023-11-03 00:00:00,1194.0,21.8
2023-11-03 01:00:00,1129.0,21.8
2023-11-03 02:00:00,1097.0,21.2
2023-11-03 03:00:00,1080.0,20.7
2023-11-03 04:00:00,1063.0,19.7
2023-11-03 05:00:00,1091.0,19.2
2023-11-03 06:00:00,1192.0,19.2
2023-11-03 07:00:00,1356.0,18.6
2023-11-03 08:00:00,1432.0,18.4
2023-11-03 09:00:00,1473.0,21.5
2023-11-03 10:00:00,1435.0,23.2
2023-11-03 11:00:00,1439.0,25.1
2023-11-03 12:00:00,1252.0,25.6
2023-11-03 13:00:00,1276.0,27.6
2023-11-03 14:00:00,1332.0,28.0
2023-11-03 15:00:00,1355.0,27.6
2023-11-03 16:00:00,1446.0,26.1
2023-11-03 17:00:00,1515.0,25.2
2023-11-03 18:00:00,1493.0,24.1
2023-11-03 19:00:00,1488.0,21.3
2023-11-03 20:00:00,1415.0,19.7
2023-11-03 21:00:00,1311.0,19.5
2023-11-03 22:00:00,1205.0,17.5
2023-11-03 23:00:00,1121.0,16.7
2023-11-04 00:00:00,1174.0,14.5
2023-11-04 01:00:00,1132.0,14.0
2023-11-04 02:00:00,1078.0,13.5
2023-11-04 03:00:00,1065.0,12.5
2023-11-04 04:00:00,1063.0,12.1
2023-11-04 05:00:00,1058.0,12.1
2023-11-04 06:00:00,1125.0,12.1
2023-11-04 07:00:00,1248.0,12.3
2023-11-04 08:00:00,1398.0,12.7
2023-11-04 09:00:00,1418.0,13.1
2023-11-04 10:00:00,1399.0,13.8
2023-11-04 11:00:00,1401.0,14.7
2023-11-04 12:00:00,1259.0,15.6
2023-11-04 13:00:00,1205.0,16.5
2023-11-04 14:00:00,1261.0,15.4
2023-11-04 15:00:00,1304.0,14.6
2023-11-04 16:00:00,1368.0,14.2
2023-11-04 17:00:00,1407.0,14.2
2023-11-04 18:00:00,1407.0,13.9
2023-11-04 19:00:00,1407.0,13.9
2023-11-04 20:00:00,1363.0,14.0
2023-11-04 21:00:00,1268.0,14.2
2023-11-04 22:00:00,1158.0,14.0
2023-11-04 23:00:00,1110.0,14.2
2023-11-05 00:00:00,1156.0,14.3
2023-11-05 01:00:00,1114.0,14.2
2023-11-05 02:00:00,1087.0,14.2
2023-11-05 03:00:00,1044.0,14.2
2023-11-05 04:00:00,1059.0,13.8
2023-11-05 05:00:00,1067.0,13.8
2023-11-05 06:00:00,1108.0,13.8
2023-11-05 07:00:00,1232.0,13.6
2023-11-05 08:00:00,1353.0,14.4
2023-11-05 09:00:00,1362.0,15.6
2023-11-05 10:00:00,1327.0,17.4
2023-11-05 11:00:00,1315.0,19.0
2023-11-05 12:00:00,1250.0,19.7
2023-11-05 13:00:00,1225.0,18.0
2023-11-05 14:00:00,1256.0,16.2
2023-11-05 15:00:00,1286.0,15.2
2023-11-05 16:00:00,1365.0,15.4
2023-11-05 17:00:00,1408.0,15.3
2023-11-05 18:00:00,1414.0,15.2
2023-11-05 19:00:00,1431.0,15.2
2023-11-05 20:00:00,1355.0,15.0
2023-11-05 21:00:00,1280.0,15.1
2023-11-05 22:00:00,1148.0,15.3
2023-11-05 23:00:00,1075.0,15.6
2023-11-06 00:00:00,1119.0,15.3
2023-11-06 01:00:00,1079.0,14.7
2023-11-06 02:00:00,1064.0,14.7
2023-11-06 03:00:00,1026.0,14.7
2023-11-06 04:00:00,1013.0,14.2
2023-11-06 05:00:00,1029.0,13.1
2023-11-06 06:00:00,1137.0,13.5
2023-11-06 07:00:00,1319.0,12.3
2023-11-06 08:00:00,1384.0,14.7
2023-11-06 09:00:00,1405.0,16.8
2023-11-06 10:00:00,1389.0,18.3
2023-11-06 11:00:00,1392.0,18.8
2023-11-06 12:00:00,1211.0,19.4
2023-11-06 13:00:00,1199.0,19.8
2023-11-06 14:00:00,1251.0,20.5
2023-11-06 15:00:00,1268.0,21.0
2023-11-06 16:00:00,1340.0,20.8
2023-11-06 17:00:00,1427.0,19.2
2023-11-06 18:00:00,1425.0,16.2
2023-11-06 19:00:00,1454.0,15.0
2023-11-06 20:00:00,1395.0,15.4
2023-11-06 21:00:00,1314.0,14.9
2023-11-06 22:00:00,1187.0,14.5
2023-11-06 23:00:00,1090.0,14.9
2023-11-07 00:00:00,1166.0,14.3
2023-11-07 01:00:00,1106.0,14.5
2023-11-07 02:00:00,1091.0,13.7
2023-11-07 03:00:00,1047.0,14.0
2023-11-07 04:00:00,1061.0,13.6
2023-11-07 05:00:00,1060.0,13.1
2023-11-07 06:00:00,1153.0,12.6
2023-11-07 07:00:00,1356.0,11.9
2023-11-07 08:00:00,1444.0,11.8
2023-11-07 09:00:00,1462.0,14.8
2023-11-07 10:00:00,1425.0,16.0
2023-11-07 11:00:00,1416.0,19.0
2023-11-07 12:00:00,1273.0,20.8
2023-11-07 13:00:00,1229.0,22.2
2023-11-07 14:00:00,1313.0,23.1
2023-11-07 15:00:00,1287.0,22.7
2023-11-07 16:00:00,1363.0,21.9
2023-11-07 17:00:00,1442.0,21.3
2023-11-07 18:00:00,1442.0,20.2
2023-11-07 19:00:00,1462.0,19.1
2023-11-07 20:00:00,1407.0,19.2
2023-11-07 21:00:00,1320.0,19.3
2023-11-07 22:00:00,1178.0,17.0
2023-11-07 23:00:00,1091.0,17.4
2023-11-08 00:00:00,1157.0,15.1
2023-11-08 01:00:00,1120.0,14.7
2023-11-08 02:00:00,1086.0,14.5
2023-11-08 03:00:00,1054.0,14.9
2023-11-08 04:00:00,1058.0,14.8
2023-11-08 05:00:00,1077.0,14.6
2023-11-08 06:00:00,1180.0,14.9
2023-11-08 07:00:00,1330.0,14.7
2023-11-08 08:00:00,1399.0,15.6
2023-11-08 09:00:00,1439.0,17.3
2023-11-08 10:00:00,1397.0,17.5
2023-11-08 11:00:00,1387.0,18.7
2023-11-08 12:00:00,1251.0,20.0
2023-11-08 13:00:00,1226.0,20.0
2023-11-08 14:00:00,1244.0,20.0
2023-11-08 15:00:00,1284.0,19.5
2023-11-08 16:00:00,1375.0,20.3
2023-11-08 17:00:00,1430.0,19.3
2023-11-08 18:00:00,1461.0,18.6
2023-11-08 19:00:00,1441.0,18.7
2023-11-08 20:00:00,1394.0,18.4
2023-11-08 21:00:00,1284.0,17.4
2023-11-08 22:00:00,1177.0,17.7
2023-11-08 23:00:00,1120.0,17.2
2023-11-09 00:00:00,1184.0,17.1
2023-11-09 01:00:00,1132.0,17.1
2023-11-09 02:00:00,1109.0,17.1
2023-11-09 03:00:00,1101.0,17.0
2023-11-09 04:00:00,1058.0,17.1
2023-11-09 05:00:00,1077.0,17.1
2023-11-09 06:00:00,1162.0,16.9
2023-11-09 07:00:00,1290.0,17.1
2023-11-09 08:00:00,1468.0,17.1
2023-11-09 09:00:00,1481.0,17.3
2023-11-09 10:00:00,1449.0,17.7
2023-11-09 11:00:00,1429.0,17.4
2023-11-09 12:00:00,1277.0,17.7
2023-11-09 13:00:00,1222.0,18.4
2023-11-09 14:00:00,1292.0,18.4
2023-11-09 15:00:00,1314.0,18.1
2023-11-09 16:00:00,1392.0,18.2
2023-11-09 17:00:00,1445.0,17.7
2023-11-09 18:00:00,1431.0,17.4
2023-11-09 19:00:00,1401.0,17.6
2023-11-09 20:00:00,1393.0,16.5
2023-11-09 21:00:00,1279.0,16.0
2023-11-09 22:00:00,1164.0,15.4
2023-11-09 23:00:00,1109.0,15.3
2023-11-10 00:00:00,1156.0,15.8
2023-11-10 01:00:00,1122.0,15.2
2023-11-10 02:00:00,1073.0,15.1
2023-11-10 03:00:00,1064.0,14.8
2023-11-10 04:00:00,1042.0,14.0
2023-11-10 05:00:00,1087.0,13.7
2023-11-10 06:00:00,1157.0,13.2
2023-11-10 07:00:00,1295.0,12.9
2023-11-10 08:00:00,1441.0,12.7
2023-11-10 09:00:00,1498.0,12.5
2023-11-10 10:00:00,1486.0,12.2
2023-11-10 11:00:00,1496.0,12.1
2023-11-10 12:00:00,1346.0,11.2
2023-11-10 13:00:00,1316.0,10.4
2023-11-10 14:00:00,1382.0,10.3
2023-11-10 15:00:00,1406.0,9.7
2023-11-10 16:00:00,1493.0,9.3
2023-11-10 17:00:00,1562.0,9.0
2023-11-10 18:00:00,1528.0,8.9
2023-11-10 19:00:00,1464.0,8.4
2023-11-10 20:00:00,1421.0,8.4
2023-11-10 21:00:00,1331.0,8.3
2023-11-10 22:00:00,1200.0,8.2
2023-11-10 23:00:00,1134.0,8.0
2023-11-11 00:00:00,1176.0,7.7
2023-11-11 01:00:00,1121.0,7.0
2023-11-11 02:00:00,1089.0,7.1
2023-11-11 03:00:00,1065.0,7.1
2023-11-11 04:00:00,1048.0,7.1
2023-11-11 05:00:00,1052.0,7.0
2023-11-11 06:00:00,1118.0,6.9
2023-11-11 07:00:00,1217.0,6.5
2023-11-11 08:00:00,1464.0,6.2
2023-11-11 09:00:00,1569.0,6.2
2023-11-11 10:00:00,1550.0,6.1
2023-11-11 11:00:00,1599.0,6.0
2023-11-11 12:00:00,1470.0,5.7
2023-11-11 13:00:00,1454.0,5.6
2023-11-11 14:00:00,1421.0,5.5
2023-11-11 15:00:00,1459.0,5.6
2023-11-11 16:00:00,1559.0,5.6
2023-11-11 17:00:00,1616.0,5.5
2023-11-11 18:00:00,1591.0,5.3
2023-11-11 19:00:00,1577.0,5.1
2023-11-11 20:00:00,1520.0,5.1
2023-11-11 21:00:00,1449.0,4.9
2023-11-11 22:00:00,1334.0,4.7
2023-11-11 23:00:00,1215.0,4.8
2023-11-12 00:00:00,1213.0,4.7
2023-11-12 01:00:00,1133.0,5.3
2023-11-12 02:00:00,1094.0,5.4
2023-11-12 03:00:00,1061.0,5.3
2023-11-12 04:00:00,1045.0,5.5
2023-11-12 05:00:00,1025.0,5.4
2023-11-12 06:00:00,1074.0,5.6
2023-11-12 07:00:00,1186.0,5.3
2023-11-12 08:00:00,1399.0,6.2
2023-11-12 09:00:00,1515.0,6.4
2023-11-12 10:00:00,1544.0,7.2
2023-11-12 11:00:00,1664.0,7.8
2023-11-12 12:00:00,1467.0,8.6
2023-11-12 13:00:00,1446.0,8.5
2023-11-12 14:00:00,1485.0,8.1
2023-11-12 15:00:00,1513.0,8.3
2023-11-12 16:00:00,1605.0,8.3
2023-11-12 17:00:00,1667.0,7.8
2023-11-12 18:00:00,1653.0,7.7
2023-11-12 19:00:00,1660.0,8.0
2023-11-12 20:00:00,1600.0,7.9
2023-11-12 21:00:00,1491.0,8.4
2023-11-12 22:00:00,1306.0,8.1
2023-11-12 23:00:00,1166.0,8.1
2023-11-13 00:00:00,1174.0,7.7
2023-11-13 01:00:00,1115.0,7.6
2023-11-13 02:00:00,1053.0,7.7
2023-11-13 03:00:00,1036.0,7.6
2023-11-13 04:00:00,1009.0,7.6
2023-11-13 05:00:00,1022.0,7.6
2023-11-13 06:00:00,1137.0,7.3
2023-11-13 07:00:00,1320.0,7.4
2023-11-13 08:00:00,1524.0,7.9
2023-11-13 09:00:00,1654.0,8.1
2023-11-13 10:00:00,1669.0,9.4
2023-11-13 11:00:00,1679.0,9.5
2023-11-13 12:00:00,1467.0,10.8
2023-11-13 13:00:00,1484.0,10.8
2023-11-13 14:00:00,1516.0,10.6
2023-11-13 15:00:00,1524.0,10.9
2023-11-13 16:00:00,1594.0,10.6
2023-11-13 17:00:00,1669.0,9.9
2023-11-13 18:00:00,1708.0,7.8
2023-11-13 19:00:00,1738.0,7.3
2023-11-13 20:00:00,1705.0,6.8
2023-11-13 21:00:00,1589.0,6.8
2023-11-13 22:00:00,1419.0,8.0
2023-11-13 23:00:00,1260.0,8.0
2023-11-14 00:00:00,1261.0,7.2
2023-11-14 01:00:00,1199.0,6.8
2023-11-14 02:00:00,1146.0,6.4
2023-11-14 03:00:00,1107.0,5.5
2023-11-14 04:00:00,1096.0,4.3
2023-11-14 05:00:00,1117.0,4.0
2023-11-14 06:00:00,1218.0,3.8
2023-11-14 07:00:00,1422.0,4.1
2023-11-14 08:00:00,1579.0,4.8
2023-11-14 09:00:00,1664.0,5.9
2023-11-14 10:00:00,1605.0,8.5
2023-11-14 11:00:00,1574.0,11.6
2023-11-14 12:00:00,1392.0,13.6
2023-11-14 13:00:00,1372.0,14.4
2023-11-14 14:00:00,1432.0,15.3
2023-11-14 15:00:00,1485.0,15.7
2023-11-14 16:00:00,1602.0,14.7
2023-11-14 17:00:00,1672.0,13.4
2023-11-14 18:00:00,1667.0,13.1
2023-11-14 19:00:00,1686.0,12.6
2023-11-14 20:00:00,1661.0,12.4
2023-11-14 21:00:00,1551.0,12.3
2023-11-14 22:00:00,1393.0,12.2
2023-11-14 23:00:00,1227.0,12.2
2023-11-15 00:00:00,1209.0,12.0
2023-11-15 01:00:00,1135.0,11.8
2023-11-15 02:00:00,1089.0,11.4
2023-11-15 03:00:00,1058.0,11.0
2023-11-15 04:00:00,1042.0,10.9
2023-11-15 05:00:00,1071.0,10.8
2023-11-15 06:00:00,1160.0,10.9
2023-11-15 07:00:00,1356.0,10.8
2023-11-15 08:00:00,1520.0,11.2
2023-11-15 09:00:00,1601.0,12.2
2023-11-15 10:00:00,1604.0,12.9
2023-11-15 11:00:00,1622.0,12.3
2023-11-15 12:00:00,1415.0,11.9
2023-11-15 13:00:00,1444.0,12.1
2023-11-15 14:00:00,1481.0,10.5
2023-11-15 15:00:00,1503.0,10.2
2023-11-15 16:00:00,1593.0,9.4
2023-11-15 17:00:00,1642.0,9.0
2023-11-15 18:00:00,1619.0,9.0
2023-11-15 19:00:00,1612.0,8.8
2023-11-15 20:00:00,1606.0,8.6
2023-11-15 21:00:00,1536.0,8.4
2023-11-15 22:00:00,1400.0,8.1
2023-11-15 23:00:00,1264.0,8.3
2023-11-16 00:00:00,1238.0,8.3
2023-11-16 01:00:00,1181.0,8.4
2023-11-16 02:00:00,1133.0,8.4
2023-11-16 03:00:00,1088.0,8.5
2023-11-16 04:00:00,1080.0,8.4
2023-11-16 05:00:00,1101.0,8.1
2023-11-16 06:00:00,1195.0,7.8
2023-11-16 07:00:00,1412.0,7.7
2023-11-16 08:00:00,1559.0,8.0
2023-11-16 09:00:00,1603.0,9.5
2023-11-16 10:00:00,1559.0,11.1
2023-11-16 11:00:00,1518.0,13.6
2023-11-16 12:00:00,1345.0,15.7
2023-11-16 13:00:00,1315.0,16.4
2023-11-16 14:00:00,1360.0,17.4
2023-11-16 15:00:00,1444.0,17.1
2023-11-16 16:00:00,1537.0,16.7
2023-11-16 17:00:00,1615.0,15.6
2023-11-16 18:00:00,1627.0,12.7
2023-11-16 19:00:00,1674.0,11.4
2023-11-16 20:00:00,1668.0,11.0
2023-11-16 21:00:00,1558.0,10.8
2023-11-16 22:00:00,1393.0,10.4
2023-11-16 23:00:00,1243.0,9.8
2023-11-17 00:00:00,1230.0,9.6
2023-11-17 01:00:00,1165.0,9.1
2023-11-17 02:00:00,1136.0,9.1
2023-11-17 03:00:00,1094.0,9.8
2023-11-17 04:00:00,1072.0,9.5
2023-11-17 05:00:00,1088.0,7.7
2023-11-17 06:00:00,1211.0,6.6
2023-11-17 07:00:00,1427.0,7.1
2023-11-17 08:00:00,1560.0,7.7
2023-11-17 09:00:00,1552.0,9.3
2023-11-17 10:00:00,1487.0,12.7
2023-11-17 11:00:00,1477.0,15.3
2023-11-17 12:00:00,1270.0,15.7
2023-11-17 13:00:00,1262.0,16.4
2023-11-17 14:00:00,1295.0,17.4
2023-11-17 15:00:00,1339.0,17.1
2023-11-17 16:00:00,1448.0,16.7
2023-11-17 17:00:00,1510.0,15.6
2023-11-17 18:00:00,1502.0,12.7
2023-11-17 19:00:00,1564.0,11.4
2023-11-17 20:00:00,1524.0,11.0
2023-11-17 21:00:00,1435.0,10.8
2023-11-17 22:00:00,1303.0,10.4
2023-11-17 23:00:00,1255.0,9.8
2023-11-18 00:00:00,1251.0,9.6
2023-11-18 01:00:00,1160.0,9.1
2023-11-18 02:00:00,1100.0,9.1
2023-11-18 03:00:00,1068.0,9.8
2023-11-18 04:00:00,1050.0,9.5
2023-11-18 05:00:00,1071.0,7.7
2023-11-18 06:00:00,1147.0,6.6
2023-11-18 07:00:00,1298.0,7.1
2023-11-18 08:00:00,1469.0,7.7
2023-11-18 09:00:00,1560.0,9.3
2023-11-18 10:00:00,1489.0,12.7
2023-11-18 11:00:00,1445.0,15.3
2023-11-18 12:00:00,1308.0,15.7
2023-11-18 13:00:00,1295.0,16.4
2023-11-18 14:00:00,1315.0,17.4
2023-11-18 15:00:00,1374.0,17.1
2023-11-18 16:00:00,1457.0,16.7
2023-11-18 17:00:00,1539.0,15.6
2023-11-18 18:00:00,1562.0,12.7
2023-11-18 19:00:00,1582.0,11.4
2023-11-18 20:00:00,1539.0,11.0
2023-11-18 21:00:00,1427.0,10.8
2023-11-18 22:00:00,1320.0,10.4
2023-11-18 23:00:00,1194.0,9.8
2023-11-19 00:00:00,1208.0,9.6
2023-11-19 01:00:00,1154.0,9.1
2023-11-19 02:00:00,1099.0,9.1
2023-11-19 03:00:00,1054.0,9.8
2023-11-19 04:00:00,1021.0,9.5
2023-11-19 05:00:00,1053.0,7.7
2023-11-19 06:00:00,1113.0,6.6
2023-11-19 07:00:00,1230.0,7.1
2023-11-19 08:00:00,1416.0,7.7
2023-11-19 09:00:00,1493.0,9.3
2023-11-19 10:00:00,1425.0,12.7
2023-11-19 11:00:00,1384.0,15.3
2023-11-19 12:00:00,1224.0,15.7
2023-11-19 13:00:00,1191.0,16.4
2023-11-19 14:00:00,1232.0,17.4
2023-11-19 15:00:00,1275.0,17.1
2023-11-19 16:00:00,1356.0,16.7
2023-11-19 17:00:00,1460.0,15.6
2023-11-19 18:00:00,1477.0,12.7
2023-11-19 19:00:00,1518.0,11.4
2023-11-19 20:00:00,1488.0,11.0
2023-11-19 21:00:00,1379.0,10.8
2023-11-19 22:00:00,1232.0,10.4
2023-11-19 23:00:00,1139.0,9.8
2023-11-20 00:00:00,1142.0,9.6
2023-11-20 01:00:00,1097.0,9.1
2023-11-20 02:00:00,1050.0,14.4
2023-11-20 03:00:00,1018.0,14.2
2023-11-20 04:00:00,1007.0,12.3
2023-11-20 05:00:00,1033.0,12.9
2023-11-20 06:00:00,1153.0,12.5
2023-11-20 07:00:00,1351.0,12.4
2023-11-20 08:00:00,1462.0,11.8
2023-11-20 09:00:00,1531.0,11.6
2023-11-20 10:00:00,1486.0,15.0
2023-11-20 11:00:00,1490.0,18.1
2023-11-20 12:00:00,1285.0,20.5
2023-11-20 13:00:00,1261.0,21.3
2023-11-20 14:00:00,1299.0,21.5
2023-11-20 15:00:00,1341.0,21.8
2023-11-20 16:00:00,1437.0,22.4
2023-11-20 17:00:00,1590.0,19.9
2023-11-20 18:00:00,1529.0,16.6
2023-11-20 19:00:00,1538.0,16.5
2023-11-20 20:00:00,1483.0,16.8
2023-11-20 21:00:00,1395.0,16.8
2023-11-20 22:00:00,1250.0,16.0
2023-11-20 23:00:00,1150.0,15.2
2023-11-21 00:00:00,1207.0,14.94
2023-11-21 01:00:00,1125.0,15.1
2023-11-21 02:00:00,1091.0,15.26
2023-11-21 03:00:00,1044.0,15.42
2023-11-21 04:00:00,1046.0,15.58
2023-11-21 05:00:00,1069.0,15.74
2023-11-21 06:00:00,1176.0,15.9
2023-11-21 07:00:00,1358.0,16.06
2023-11-21 08:00:00,1477.0,16.22
2023-11-21 09:00:00,1526.0,16.38
2023-11-21 10:00:00,1480.0,16.54
2023-11-21 11:00:00,1434.0,16.7
2023-11-21 12:00:00,1251.0,16.86
2023-11-21 13:00:00,1251.0,17.02
2023-11-21 14:00:00,1303.0,17.18
2023-11-21 15:00:00,1321.0,17.34
2023-11-21 16:00:00,1431.0,17.5
2023-11-21 17:00:00,1485.0,17.66
2023-11-21 18:00:00,1538.0,17.82
2023-11-21 19:00:00,1512.0,17.98
2023-11-21 20:00:00,1511.0,17.8
2023-11-21 21:00:00,1372.0,17.2
2023-11-21 22:00:00,1249.0,16.7
2023-11-21 23:00:00,1127.0,16.3
2023-11-22 00:00:00,1174.0,16.3
2023-11-22 01:00:00,1102.0,16.9
2023-11-22 02:00:00,1064.0,16.5
2023-11-22 03:00:00,1018.0,15.4
2023-11-22 04:00:00,996.0,14.2
2023-11-22 05:00:00,1023.0,13.8
2023-11-22 06:00:00,1114.0,12.8
2023-11-22 07:00:00,1279.0,12.7
2023-11-22 08:00:00,1446.0,14.5
2023-11-22 09:00:00,1491.0,16.1
2023-11-22 10:00:00,1442.0,17.6
2023-11-22 11:00:00,1405.0,18.2
2023-11-22 12:00:00,1270.0,19.0
2023-11-22 13:00:00,1245.0,20.0
2023-11-22 14:00:00,1297.0,21.6
2023-11-22 15:00:00,1292.0,21.9
2023-11-22 16:00:00,1387.0,22.6
2023-11-22 17:00:00,1461.0,21.6
2023-11-22 18:00:00,1504.0,19.0
2023-11-22 19:00:00,1494.0,17.7
2023-11-22 20:00:00,1461.0,17.7
2023-11-22 21:00:00,1358.0,17.1
2023-11-22 22:00:00,1244.0,16.9
2023-11-22 23:00:00,1135.0,17.1
2023-11-23 00:00:00,1170.0,17.0
2023-11-23 01:00:00,1111.0,16.7
2023-11-23 02:00:00,1092.0,16.1
2023-11-23 03:00:00,1040.0,15.6
2023-11-23 04:00:00,1034.0,15.2
2023-11-23 05:00:00,1043.0,13.8
2023-11-23 06:00:00,1141.0,14.5
2023-11-23 07:00:00,1312.0,13.8
2023-11-23 08:00:00,1478.0,15.2
2023-11-23 09:00:00,1522.0,14.6
2023-11-23 10:00:00,1462.0,16.2
2023-11-23 11:00:00,1409.0,18.7
2023-11-23 12:00:00,1248.0,20.2
2023-11-23 13:00:00,1232.0,21.3
2023-11-23 14:00:00,1280.0,20.9
2023-11-23 15:00:00,1322.0,20.0
2023-11-23 16:00:00,1436.0,19.6
2023-11-23 17:00:00,1483.0,18.6
2023-11-23 18:00:00,1503.0,17.5
2023-11-23 19:00:00,1527.0,17.2
2023-11-23 20:00:00,1503.0,16.4
2023-11-23 21:00:00,1406.0,15.7
2023-11-23 22:00:00,1261.0,15.0
2023-11-23 23:00:00,1133.0,14.4
2023-11-24 00:00:00,1159.0,13.2
2023-11-24 01:00:00,1079.0,10.2
2023-11-24 02:00:00,1061.0,10.9
2023-11-24 03:00:00,1028.0,9.9
2023-11-24 04:00:00,1029.0,9.8
2023-11-24 05:00:00,1021.0,9.5
2023-11-24 06:00:00,1132.0,9.0
2023-11-24 07:00:00,1315.0,8.1
2023-11-24 08:00:00,1505.0,9.0
2023-11-24 09:00:00,1569.0,10.6
2023-11-24 10:00:00,1557.0,11.7
2023-11-24 11:00:00,1521.0,12.8
2023-11-24 12:00:00,1370.0,13.6
2023-11-24 13:00:00,1336.0,14.9
2023-11-24 14:00:00,1329.0,16.1
2023-11-24 15:00:00,1399.0,15.9
2023-11-24 16:00:00,1472.0,14.4
2023-11-24 17:00:00,1574.0,12.9
2023-11-24 18:00:00,1620.0,11.9
2023-11-24 19:00:00,1631.0,11.5
2023-11-24 20:00:00,1606.0,11.4
2023-11-24 21:00:00,1497.0,11.7
2023-11-24 22:00:00,1357.0,9.8
2023-11-24 23:00:00,1230.0,9.4
2023-11-25 00:00:00,1231.0,9.1
2023-11-25 01:00:00,1151.0,8.5
2023-11-25 02:00:00,1101.0,8.4
2023-11-25 03:00:00,1060.0,8.5
2023-11-25 04:00:00,1041.0,8.4
2023-11-25 05:00:00,1055.0,8.3
2023-11-25 06:00:00,1136.0,8.2
2023-11-25 07:00:00,1245.0,8.3
2023-11-25 08:00:00,1514.0,8.2
2023-11-25 09:00:00,1569.0,8.7
2023-11-25 10:00:00,1544.0,9.6
2023-11-25 11:00:00,1511.0,10.6
2023-11-25 12:00:00,1400.0,11.9
2023-11-25 13:00:00,1404.0,12.2
2023-11-25 14:00:00,1373.0,12.8
2023-11-25 15:00:00,1410.0,13.6
2023-11-25 16:00:00,1546.0,11.4
2023-11-25 17:00:00,1633.0,10.7
2023-11-25 18:00:00,1626.0,10.3
2023-11-25 19:00:00,1601.0,8.5
2023-11-25 20:00:00,1610.0,8.3
2023-11-25 21:00:00,1490.0,8.4
2023-11-25 22:00:00,1355.0,7.9
2023-11-25 23:00:00,1223.0,7.0
2023-11-26 00:00:00,1244.0,6.4
2023-11-26 01:00:00,1168.0,6.2
2023-11-26 02:00:00,1104.0,6.1
2023-11-26 03:00:00,1079.0,5.8
2023-11-26 04:00:00,1052.0,5.8
2023-11-26 05:00:00,1050.0,5.9
2023-11-26 06:00:00,1125.0,5.9
2023-11-26 07:00:00,1210.0,5.9
2023-11-26 08:00:00,1483.0,6.1
2023-11-26 09:00:00,1599.0,6.6
2023-11-26 10:00:00,1597.0,7.3
2023-11-26 11:00:00,1554.0,8.5
2023-11-26 12:00:00,1425.0,9.1
2023-11-26 13:00:00,1403.0,9.8
2023-11-26 14:00:00,1390.0,11.7
2023-11-26 15:00:00,1396.0,12.8
2023-11-26 16:00:00,1486.0,12.9
2023-11-26 17:00:00,1569.0,11.9
2023-11-26 18:00:00,1600.0,9.6
2023-11-26 19:00:00,1693.0,9.0
2023-11-26 20:00:00,1655.0,9.0
2023-11-26 21:00:00,1509.0,8.9
2023-11-26 22:00:00,1366.0,9.1
2023-11-26 23:00:00,1195.0,9.8
2023-11-27 00:00:00,1193.0,9.2
2023-11-27 01:00:00,1133.0,9.9
2023-11-27 02:00:00,1090.0,9.0
2023-11-27 03:00:00,1050.0,7.4
2023-11-27 04:00:00,1036.0,7.3
2023-11-27 05:00:00,1048.0,7.6
2023-11-27 06:00:00,1163.0,7.0
2023-11-27 07:00:00,1370.0,7.2
2023-11-27 08:00:00,1552.0,7.5
2023-11-27 09:00:00,1610.0,9.2
2023-11-27 10:00:00,1559.0,11.9
2023-11-27 11:00:00,1524.0,14.1
2023-11-27 12:00:00,1332.0,16.7
2023-11-27 13:00:00,1301.0,19.5
2023-11-27 14:00:00,1331.0,20.1
2023-11-27 15:00:00,1360.0,20.9
2023-11-27 16:00:00,1453.0,19.7
2023-11-27 17:00:00,1532.0,17.2
2023-11-27 18:00:00,1602.0,15.6
2023-11-27 19:00:00,1654.0,15.9
2023-11-27 20:00:00,1622.0,15.7
2023-11-27 21:00:00,1507.0,15.2
2023-11-27 22:00:00,1346.0,14.9
2023-11-27 23:00:00,1213.0,14.6
2023-11-28 00:00:00,1244.0,12.5
2023-11-28 01:00:00,1170.0,13.2
2023-11-28 02:00:00,1114.0,11.9
2023-11-28 03:00:00,1085.0,10.8
2023-11-28 04:00:00,1066.0,9.8
2023-11-28 05:00:00,1085.0,9.4
2023-11-28 06:00:00,1196.0,10.1
2023-11-28 07:00:00,1362.0,10.8
2023-11-28 08:00:00,1558.0,10.6
2023-11-28 09:00:00,1596.0,11.2
2023-11-28 10:00:00,1545.0,13.3
2023-11-28 11:00:00,1497.0,14.5
2023-11-28 12:00:00,1292.0,17.0
2023-11-28 13:00:00,1265.0,18.4
2023-11-28 14:00:00,1313.0,19.0
2023-11-28 15:00:00,1354.0,19.0
2023-11-28 16:00:00,1438.0,18.0
2023-11-28 17:00:00,1547.0,16.6
2023-11-28 18:00:00,1577.0,15.5
2023-11-28 19:00:00,1611.0,15.0
2023-11-28 20:00:00,1603.0,15.0
2023-11-28 21:00:00,1480.0,15.3
2023-11-28 22:00:00,1339.0,14.3
2023-11-28 23:00:00,1218.0,14.8
2023-11-29 00:00:00,1215.0,14.5
2023-11-29 01:00:00,1145.0,12.7
2023-11-29 02:00:00,1103.0,12.6
2023-11-29 03:00:00,1071.0,11.6
2023-11-29 04:00:00,1074.0,10.0
2023-11-29 05:00:00,1081.0,10.0
2023-11-29 06:00:00,1185.0,9.4
2023-11-29 07:00:00,1349.0,10.1
2023-11-29 08:00:00,1519.0,10.9
2023-11-29 09:00:00,1625.0,11.8
2023-11-29 10:00:00,1615.0,12.9
2023-11-29 11:00:00,1610.0,13.6
2023-11-29 12:00:00,1449.0,14.5
2023-11-29 13:00:00,1475.0,13.9
2023-11-29 14:00:00,1504.0,13.2
2023-11-29 15:00:00,1528.0,13.0
2023-11-29 16:00:00,1613.0,12.8
2023-11-29 17:00:00,1651.0,12.3
2023-11-29 18:00:00,1632.0,12.2
2023-11-29 19:00:00,1691.0,12.2
2023-11-29 20:00:00,1670.0,11.9
2023-11-29 21:00:00,1548.0,11.6
2023-11-29 22:00:00,1388.0,11.1
2023-11-29 23:00:00,1251.0,10.9
2023-11-30 00:00:00,1266.0,10.6
2023-11-30 01:00:00,1181.0,9.9
2023-11-30 02:00:00,1119.0,9.5
2023-11-30 03:00:00,1081.0,9.3
2023-11-30 04:00:00,1058.0,9.1
2023-11-30 05:00:00,1081.0,8.9
2023-11-30 06:00:00,1183.0,8.7
2023-11-30 07:00:00,1355.0,8.2
2023-11-30 08:00:00,1598.0,8.1
2023-11-30 09:00:00,1757.0,7.9
2023-11-30 10:00:00,1766.0,7.8
2023-11-30 11:00:00,1782.0,7.7
2023-11-30 12:00:00,1624.0,7.8
2023-11-30 13:00:00,1637.0,7.8
2023-11-30 14:00:00,1675.0,7.8
2023-11-30 15:00:00,1703.0,7.4
2023-11-30 16:00:00,1778.0,7.0
2023-11-30 17:00:00,1873.0,5.9
2023-11-30 18:00:00,1825.0,4.9
2023-11-30 19:00:00,1796.0,4.2
2023-11-30 20:00:00,1812.0,3.2
2023-11-30 21:00:00,1671.0,3.0
2023-11-30 22:00:00,1506.0,3.2
2023-11-30 23:00:00,1321.0,3.4
2023-12-01 00:00:00,1292.0,3.6
2023-12-01 01:00:00,1212.0,3.7
2023-12-01 02:00:00,1155.0,3.8
2023-12-01 03:00:00,1122.0,3.6
2023-12-01 04:00:00,1102.0,3.2
2023-12-01 05:00:00,1113.0,3.0
2023-12-01 06:00:00,1212.0,2.9
2023-12-01 07:00:00,1407.0,2.6
2023-12-01 08:00:00,1654.0,3.0
2023-12-01 09:00:00,1872.0,4.7
2023-12-01 10:00:00,1769.0,6.8
2023-12-01 11:00:00,1819.0,7.7
2023-12-01 12:00:00,1635.0,8.6
2023-12-01 13:00:00,1623.0,10.0
2023-12-01 14:00:00,1656.0,9.8
2023-12-01 15:00:00,1672.0,11.1
2023-12-01 16:00:00,1788.0,9.8
2023-12-01 17:00:00,1844.0,8.7
2023-12-01 18:00:00,1848.0,8.1
2023-12-01 19:00:00,1880.0,7.8
2023-12-01 20:00:00,1774.0,7.9
2023-12-01 21:00:00,1663.0,7.8
2023-12-01 22:00:00,1495.0,7.3
2023-12-01 23:00:00,1326.0,7.2
2023-12-02 00:00:00,1314.0,7.1
2023-12-02 01:00:00,1208.0,7.0
2023-12-02 02:00:00,1128.0,7.1
2023-12-02 03:00:00,1102.0,7.1
2023-12-02 04:00:00,1070.0,7.1
2023-12-02 05:00:00,1074.0,7.1
2023-12-02 06:00:00,1131.0,6.8
2023-12-02 07:00:00,1225.0,6.6
2023-12-02 08:00:00,1553.0,7.0
2023-12-02 09:00:00,1710.0,7.8
2023-12-02 10:00:00,1676.0,9.0
2023-12-02 11:00:00,1671.0,11.0
2023-12-02 12:00:00,1547.0,10.3
2023-12-02 13:00:00,1542.0,10.9
2023-12-02 14:00:00,1582.0,10.6
2023-12-02 15:00:00,1622.0,10.2
2023-12-02 16:00:00,1695.0,10.1
2023-12-02 17:00:00,1753.0,9.5
2023-12-02 18:00:00,1781.0,9.2
2023-12-02 19:00:00,1758.0,9.1
2023-12-02 20:00:00,1734.0,9.0
2023-12-02 21:00:00,1623.0,9.0
2023-12-02 22:00:00,1447.0,8.9
2023-12-02 23:00:00,1311.0,8.8
2023-12-03 00:00:00,1278.0,8.8
2023-12-03 01:00:00,1182.0,9.0
2023-12-03 02:00:00,1116.0,8.8
2023-12-03 03:00:00,1057.0,8.5
2023-12-03 04:00:00,1045.0,8.1
2023-12-03 05:00:00,1050.0,8.2
2023-12-03 06:00:00,1099.0,8.1
2023-12-03 07:00:00,1202.0,8.1
2023-12-03 08:00:00,1491.0,8.1
2023-12-03 09:00:00,1681.0,8.4
2023-12-03 10:00:00,1647.0,8.7
2023-12-03 11:00:00,1637.0,9.8
2023-12-03 12:00:00,1530.0,9.9
2023-12-03 13:00:00,1499.0,10.1
2023-12-03 14:00:00,1506.0,10.4
2023-12-03 15:00:00,1541.0,10.3
2023-12-03 16:00:00,1621.0,10.2
2023-12-03 17:00:00,1696.0,9.9
2023-12-03 18:00:00,1752.0,9.7
2023-12-03 19:00:00,1738.0,9.5
2023-12-03 20:00:00,1723.0,9.2
2023-12-03 21:00:00,1612.0,9.5
2023-12-03 22:00:00,1429.0,9.2
2023-12-03 23:00:00,1311.0,8.5
2023-12-04 00:00:00,1217.0,8.4
2023-12-04 01:00:00,1142.0,8.6
2023-12-04 02:00:00,1089.0,8.3
2023-12-04 03:00:00,1047.0,8.1
2023-12-04 04:00:00,1041.0,7.9
2023-12-04 05:00:00,1051.0,7.5
2023-12-04 06:00:00,1168.0,7.4
2023-12-04 07:00:00,1361.0,7.5
2023-12-04 08:00:00,1612.0,7.8
2023-12-04 09:00:00,1711.0,8.7
2023-12-04 10:00:00,1661.0,10.4
2023-12-04 11:00:00,1589.0,12.8
2023-12-04 12:00:00,1383.0,14.8
2023-12-04 13:00:00,1410.0,16.8
2023-12-04 14:00:00,1412.0,17.2
2023-12-04 15:00:00,1470.0,18.6
2023-12-04 16:00:00,1582.0,18.4
2023-12-04 17:00:00,1698.0,17.0
2023-12-04 18:00:00,1746.0,13.8
2023-12-04 19:00:00,1801.0,12.6
2023-12-04 20:00:00,1688.0,12.2
2023-12-04 21:00:00,1590.0,11.8
2023-12-04 22:00:00,1430.0,11.2
2023-12-04 23:00:00,1272.0,11.4
2023-12-05 00:00:00,1253.0,12.4
2023-12-05 01:00:00,1163.0,10.9
2023-12-05 02:00:00,1115.0,10.4
2023-12-05 03:00:00,1076.0,9.3
2023-12-05 04:00:00,1064.0,8.8
2023-12-05 05:00:00,1066.0,9.4
2023-12-05 06:00:00,1196.0,9.6
2023-12-05 07:00:00,1386.0,9.9
2023-12-05 08:00:00,1585.0,9.9
2023-12-05 09:00:00,1625.0,12.4
2023-12-05 10:00:00,1580.0,14.0
2023-12-05 11:00:00,1522.0,16.2
2023-12-05 12:00:00,1314.0,18.2
2023-12-05 13:00:00,1280.0,19.8
2023-12-05 14:00:00,1325.0,20.5
2023-12-05 15:00:00,1365.0,20.6
2023-12-05 16:00:00,1468.0,19.9
2023-12-05 17:00:00,1558.0,17.6
2023-12-05 18:00:00,1627.0,14.9
2023-12-05 19:00:00,1649.0,14.4
2023-12-05 20:00:00,1629.0,14.0
2023-12-05 21:00:00,1531.0,13.8
2023-12-05 22:00:00,1354.0,14.1
2023-12-05 23:00:00,1212.0,13.7
2023-12-06 00:00:00,1207.0,14.4
2023-12-06 01:00:00,1148.0,14.6
2023-12-06 02:00:00,1097.0,13.5
2023-12-06 03:00:00,1060.0,13.3
2023-12-06 04:00:00,1050.0,12.0
2023-12-06 05:00:00,1050.0,12.0
2023-12-06 06:00:00,1185.0,11.4
2023-12-06 07:00:00,1351.0,11.1
2023-12-06 08:00:00,1572.0,10.0
2023-12-06 09:00:00,1635.0,10.1
2023-12-06 10:00:00,1579.0,13.3
2023-12-06 11:00:00,1511.0,15.7
2023-12-06 12:00:00,1298.0,17.8
2023-12-06 13:00:00,1280.0,20.0
2023-12-06 14:00:00,1316.0,21.2
2023-12-06 15:00:00,1356.0,21.5
2023-12-06 16:00:00,1447.0,20.0
2023-12-06 17:00:00,1553.0,18.2
2023-12-06 18:00:00,1614.0,15.2
2023-12-06 19:00:00,1640.0,15.2
2023-12-06 20:00:00,1616.0,15.5
2023-12-06 21:00:00,1508.0,15.9
2023-12-06 22:00:00,1355.0,16.0
2023-12-06 23:00:00,1219.0,14.7
2023-12-07 00:00:00,1240.0,13.1
2023-12-07 01:00:00,1163.0,11.4
2023-12-07 02:00:00,1104.0,11.6
2023-12-07 03:00:00,1068.0,11.4
2023-12-07 04:00:00,1049.0,11.5
2023-12-07 05:00:00,1083.0,11.5
2023-12-07 06:00:00,1178.0,10.9
2023-12-07 07:00:00,1377.0,11.4
2023-12-07 08:00:00,1582.0,11.6
2023-12-07 09:00:00,1619.0,13.2
2023-12-07 10:00:00,1542.0,15.6
2023-12-07 11:00:00,1477.0,19.7
2023-12-07 12:00:00,1280.0,21.3
2023-12-07 13:00:00,1268.0,22.9
2023-12-07 14:00:00,1319.0,23.4
2023-12-07 15:00:00,1340.0,23.8
2023-12-07 16:00:00,1422.0,23.8
2023-12-07 17:00:00,1516.0,22.8
2023-12-07 18:00:00,1585.0,20.6
2023-12-07 19:00:00,1599.0,20.7
2023-12-07 20:00:00,1558.0,20.0
2023-12-07 21:00:00,1453.0,18.5
2023-12-07 22:00:00,1291.0,17.9
2023-12-07 23:00:00,1219.0,16.7
2023-12-08 00:00:00,1189.0,16.2
2023-12-08 01:00:00,1131.0,15.4
2023-12-08 02:00:00,1081.0,14.4
2023-12-08 03:00:00,1040.0,14.3
2023-12-08 04:00:00,1037.0,13.8
2023-12-08 05:00:00,1051.0,13.9
2023-12-08 06:00:00,1163.0,12.4
2023-12-08 07:00:00,1347.0,12.5
2023-12-08 08:00:00,1543.0,14.2
2023-12-08 09:00:00,1574.0,13.9
2023-12-08 10:00:00,1501.0,18.1
2023-12-08 11:00:00,1472.0,18.7
2023-12-08 12:00:00,1293.0,20.4
2023-12-08 13:00:00,1248.0,22.9
2023-12-08 14:00:00,1297.0,23.4
2023-12-08 15:00:00,1368.0,22.8
2023-12-08 16:00:00,1474.0,21.2
2023-12-08 17:00:00,1545.0,20.4
2023-12-08 18:00:00,1584.0,19.1
2023-12-08 19:00:00,1587.0,18.6
2023-12-08 20:00:00,1560.0,18.2
2023-12-08 21:00:00,1451.0,18.8
2023-12-08 22:00:00,1318.0,18.4
2023-12-08 23:00:00,1208.0,19.0
2023-12-09 00:00:00,1218.0,19.1
2023-12-09 01:00:00,1135.0,18.0
2023-12-09 02:00:00,1084.0,17.4
2023-12-09 03:00:00,1040.0,16.0
2023-12-09 04:00:00,1031.0,15.1
2023-12-09 05:00:00,1056.0,14.9
2023-12-09 06:00:00,1104.0,15.2
2023-12-09 07:00:00,1198.0,15.9
2023-12-09 08:00:00,1477.0,15.4
2023-12-09 09:00:00,1541.0,15.1
2023-12-09 10:00:00,1514.0,15.4
2023-12-09 11:00:00,1513.0,16.2
2023-12-09 12:00:00,1348.0,17.3
2023-12-09 13:00:00,1333.0,17.7
2023-12-09 14:00:00,1370.0,18.4
2023-12-09 15:00:00,1394.0,18.6
2023-12-09 16:00:00,1496.0,18.2
2023-12-09 17:00:00,1541.0,17.2
2023-12-09 18:00:00,1560.0,16.8
2023-12-09 19:00:00,1545.0,16.7
2023-12-09 20:00:00,1510.0,17.2
2023-12-09 21:00:00,1422.0,16.4
2023-12-09 22:00:00,1290.0,15.9
2023-12-09 23:00:00,1168.0,15.7
2023-12-10 00:00:00,1185.0,15.6
2023-12-10 01:00:00,1093.0,15.1
2023-12-10 02:00:00,1051.0,15.1
2023-12-10 03:00:00,1018.0,15.2
2023-12-10 04:00:00,990.0,15.4
2023-12-10 05:00:00,994.0,15.9
2023-12-10 06:00:00,1068.0,15.2
2023-12-10 07:00:00,1136.0,13.9
2023-12-10 08:00:00,1406.0,13.7
2023-12-10 09:00:00,1544.0,13.6
2023-12-10 10:00:00,1532.0,13.0
2023-12-10 11:00:00,1547.0,12.3
2023-12-10 12:00:00,1442.0,10.8
2023-12-10 13:00:00,1440.0,10.2
2023-12-10 14:00:00,1462.0,9.9
2023-12-10 15:00:00,1503.0,9.5
2023-12-10 16:00:00,1601.0,9.2
2023-12-10 17:00:00,1667.0,8.4
2023-12-10 18:00:00,1682.0,7.9
2023-12-10 19:00:00,1652.0,7.6
2023-12-10 20:00:00,1606.0,7.1
2023-12-10 21:00:00,1475.0,6.8
2023-12-10 22:00:00,1318.0,6.4
2023-12-10 23:00:00,1168.0,6.3
2023-12-11 00:00:00,1183.0,6.1
2023-12-11 01:00:00,1099.0,6.0
2023-12-11 02:00:00,1041.0,5.8
2023-12-11 03:00:00,1021.0,5.8
2023-12-11 04:00:00,1002.0,5.7
2023-12-11 05:00:00,1020.0,5.6
2023-12-11 06:00:00,1138.0,4.9
2023-12-11 07:00:00,1273.0,4.5
2023-12-11 08:00:00,1602.0,4.0
2023-12-11 09:00:00,1826.0,3.6
2023-12-11 10:00:00,1842.0,3.4
2023-12-11 11:00:00,1863.0,3.6
2023-12-11 12:00:00,1708.0,3.8
2023-12-11 13:00:00,1701.0,4.0
2023-12-11 14:00:00,1708.0,4.4
2023-12-11 15:00:00,1766.0,4.6
2023-12-11 16:00:00,1837.0,4.7
2023-12-11 17:00:00,1840.0,4.7
2023-12-11 18:00:00,1843.0,4.8
2023-12-11 19:00:00,1829.0,4.8
2023-12-11 20:00:00,1804.0,4.7
2023-12-11 21:00:00,1684.0,4.7
2023-12-11 22:00:00,1495.0,4.7
2023-12-11 23:00:00,1325.0,4.5
2023-12-12 00:00:00,1293.0,4.5
2023-12-12 01:00:00,1175.0,4.4
2023-12-12 02:00:00,1134.0,4.4
2023-12-12 03:00:00,1092.0,4.3
2023-12-12 04:00:00,1076.0,3.8
2023-12-12 05:00:00,1087.0,3.1
2023-12-12 06:00:00,1202.0,2.9
2023-12-12 07:00:00,1355.0,2.7
2023-12-12 08:00:00,1674.0,2.8
2023-12-12 09:00:00,1798.0,5.4
2023-12-12 10:00:00,1731.0,7.4
2023-12-12 11:00:00,1685.0,8.5
2023-12-12 12:00:00,1521.0,9.1
2023-12-12 13:00:00,1531.0,9.3
2023-12-12 14:00:00,1587.0,9.2
2023-12-12 15:00:00,1585.0,9.6
2023-12-12 16:00:00,1742.0,8.8
2023-12-12 17:00:00,1829.0,8.2
2023-12-12 18:00:00,1838.0,6.7
2023-12-12 19:00:00,1854.0,6.2
2023-12-12 20:00:00,1851.0,6.0
2023-12-12 21:00:00,1730.0,6.2
2023-12-12 22:00:00,1511.0,6.4
2023-12-12 23:00:00,1338.0,6.3
2023-12-13 00:00:00,1294.0,6.4
2023-12-13 01:00:00,1204.0,6.3
2023-12-13 02:00:00,1156.0,6.1
2023-12-13 03:00:00,1118.0,5.8
2023-12-13 04:00:00,1084.0,5.5
2023-12-13 05:00:00,1099.0,5.4
2023-12-13 06:00:00,1189.0,5.6
2023-12-13 07:00:00,1350.0,5.6
2023-12-13 08:00:00,1663.0,5.4
2023-12-13 09:00:00,1869.0,5.2
2023-12-13 10:00:00,1851.0,5.5
2023-12-13 11:00:00,1830.0,5.8
2023-12-13 12:00:00,1623.0,6.0
2023-12-13 13:00:00,1627.0,6.1
2023-12-13 14:00:00,1652.0,6.2
2023-12-13 15:00:00,1689.0,6.2
2023-12-13 16:00:00,1769.0,6.4
2023-12-13 17:00:00,1807.0,6.3
2023-12-13 18:00:00,1791.0,6.4
2023-12-13 19:00:00,1795.0,6.5
2023-12-13 20:00:00,1832.0,6.5
2023-12-13 21:00:00,1716.0,6.6
2023-12-13 22:00:00,1538.0,6.7
2023-12-13 23:00:00,1360.0,6.8
2023-12-14 00:00:00,1310.0,6.9
2023-12-14 01:00:00,1193.0,6.9
2023-12-14 02:00:00,1143.0,6.8
2023-12-14 03:00:00,1111.0,6.9
2023-12-14 04:00:00,1099.0,6.8
2023-12-14 05:00:00,1105.0,6.8
2023-12-14 06:00:00,1195.0,6.2
2023-12-14 07:00:00,1363.0,6.1
2023-12-14 08:00:00,1681.0,6.0
2023-12-14 09:00:00,1892.0,6.1
2023-12-14 10:00:00,1897.0,6.4
2023-12-14 11:00:00,1898.0,6.1
2023-12-14 12:00:00,1734.0,6.1
2023-12-14 13:00:00,1748.0,6.1
2023-12-14 14:00:00,1773.0,6.2
2023-12-14 15:00:00,1818.0,5.9
2023-12-14 16:00:00,1899.0,5.6
2023-12-14 17:00:00,1954.0,5.3
2023-12-14 18:00:00,1943.0,5.2
2023-12-14 19:00:00,1963.0,5.0
2023-12-14 20:00:00,1916.0,3.9
2023-12-14 21:00:00,1811.0,3.5
2023-12-14 22:00:00,1538.0,3.2
2023-12-14 23:00:00,1360.0,2.8
2023-12-15 00:00:00,1327.0,2.8
2023-12-15 01:00:00,1237.0,3.3
2023-12-15 02:00:00,1174.0,3.2
2023-12-15 03:00:00,1130.0,3.3
2023-12-15 04:00:00,1120.0,3.7
2023-12-15 05:00:00,1127.0,3.6
2023-12-15 06:00:00,1211.0,3.2
2023-12-15 07:00:00,1403.0,3.4
2023-12-15 08:00:00,1718.0,3.5
2023-12-15 09:00:00,1981.0,3.5
2023-12-15 10:00:00,1995.0,3.8
2023-12-15 11:00:00,2001.0,3.8
2023-12-15 12:00:00,1846.0,3.2
2023-12-15 13:00:00,1836.0,3.5
2023-12-15 14:00:00,1871.0,3.6
2023-12-15 15:00:00,1932.0,3.6
2023-12-15 16:00:00,2005.0,3.5
2023-12-15 17:00:00,2068.0,3.5
2023-12-15 18:00:00,2041.0,3.4
2023-12-15 19:00:00,2063.0,3.2
2023-12-15 20:00:00,2009.0,2.6
2023-12-15 21:00:00,1920.0,2.2
2023-12-15 22:00:00,1743.0,1.6
2023-12-15 23:00:00,1527.0,1.2
2023-12-16 00:00:00,1453.0,1.4
2023-12-16 01:00:00,1316.0,1.2
2023-12-16 02:00:00,1245.0,1.1
2023-12-16 03:00:00,1190.0,1.1
2023-12-16 04:00:00,1154.0,1.0
2023-12-16 05:00:00,1149.0,1.0
2023-12-16 06:00:00,1225.0,1.2
2023-12-16 07:00:00,1291.0,1.2
2023-12-16 08:00:00,1655.0,1.3
2023-12-16 09:00:00,1935.0,1.8
2023-12-16 10:00:00,1976.0,2.4
2023-12-16 11:00:00,1983.0,3.0
2023-12-16 12:00:00,1867.0,3.0
2023-12-16 13:00:00,1854.0,2.6
2023-12-16 14:00:00,1884.0,2.5
2023-12-16 15:00:00,1914.0,2.3
2023-12-16 16:00:00,1979.0,2.2
2023-12-16 17:00:00,2030.0,1.9
2023-12-16 18:00:00,2038.0,1.5
2023-12-16 19:00:00,2054.0,1.4
2023-12-16 20:00:00,2050.0,1.3
2023-12-16 21:00:00,1925.0,1.2
2023-12-16 22:00:00,1735.0,1.1
2023-12-16 23:00:00,1527.0,1.1
2023-12-17 00:00:00,1439.0,1.0
2023-12-17 01:00:00,1308.0,0.9
2023-12-17 02:00:00,1221.0,0.8
2023-12-17 03:00:00,1161.0,0.8
2023-12-17 04:00:00,1128.0,0.8
2023-12-17 05:00:00,1144.0,0.6
2023-12-17 06:00:00,1186.0,0.6
2023-12-17 07:00:00,1266.0,0.5
2023-12-17 08:00:00,1603.0,0.6
2023-12-17 09:00:00,1902.0,0.7
2023-12-17 10:00:00,1978.0,1.1
2023-12-17 11:00:00,1999.0,1.3
2023-12-17 12:00:00,1892.0,1.5
2023-12-17 13:00:00,1881.0,1.3
2023-12-17 14:00:00,1907.0,1.7
2023-12-17 15:00:00,1922.0,1.6
2023-12-17 16:00:00,2031.0,1.2
2023-12-17 17:00:00,2067.0,1.0
2023-12-17 18:00:00,2084.0,0.6
2023-12-17 19:00:00,2120.0,-0.3
2023-12-17 20:00:00,2105.0,-0.8
2023-12-17 21:00:00,1951.0,-0.6
2023-12-17 22:00:00,1732.0,-0.6
2023-12-17 23:00:00,1513.0,-0.6
2023-12-18 00:00:00,1447.0,-0.8
2023-12-18 01:00:00,1312.0,-1.0
2023-12-18 02:00:00,1244.0,-1.4
2023-12-18 03:00:00,1194.0,-1.6
2023-12-18 04:00:00,1170.0,-1.9
2023-12-18 05:00:00,1175.0,-1.9
2023-12-18 06:00:00,1275.0,-1.8
2023-12-18 07:00:00,1470.0,-1.6
2023-12-18 08:00:00,1829.0,-1.5
2023-12-18 09:00:00,2076.0,-1.1
2023-12-18 10:00:00,2099.0,-0.5
2023-12-18 11:00:00,2129.0,-0.1
2023-12-18 12:00:00,1931.0,0.3
2023-12-18 13:00:00,1928.0,0.7
2023-12-18 14:00:00,2003.0,1.5
2023-12-18 15:00:00,2022.0,2.1
2023-12-18 16:00:00,2112.0,1.9
2023-12-18 17:00:00,2140.0,1.6
2023-12-18 18:00:00,2124.0,0.2
2023-12-18 19:00:00,2191.0,-0.3
2023-12-18 20:00:00,2184.0,-0.5
2023-12-18 21:00:00,2050.0,0.2
2023-12-18 22:00:00,1844.0,0.1
2023-12-18 23:00:00,1581.0,-0.3
2023-12-19 00:00:00,1509.0,-0.7
2023-12-19 01:00:00,1357.0,-0.7
2023-12-19 02:00:00,1298.0,-0.8
2023-12-19 03:00:00,1254.0,-1.0
2023-12-19 04:00:00,1225.0,-1.0
2023-12-19 05:00:00,1236.0,-1.3
2023-12-19 06:00:00,1392.0,-1.6
2023-12-19 07:00:00,1527.0,-2.0
2023-12-19 08:00:00,1897.0,-2.0
2023-12-19 09:00:00,2113.0,0.0
2023-12-19 10:00:00,2056.0,1.3
2023-12-19 11:00:00,2009.0,3.5
2023-12-19 12:00:00,1813.0,5.2
2023-12-19 13:00:00,1777.0,7.1
2023-12-19 14:00:00,1798.0,7.6
2023-12-19 15:00:00,1826.0,8.4
2023-12-19 16:00:00,1906.0,7.6
2023-12-19 17:00:00,2040.0,6.4
2023-12-19 18:00:00,2060.0,3.9
2023-12-19 19:00:00,2161.0,4.4
2023-12-19 20:00:00,2173.0,4.4
2023-12-19 21:00:00,2060.0,4.4
2023-12-19 22:00:00,1833.0,3.8
2023-12-19 23:00:00,1596.0,3.7
2023-12-20 00:00:00,1526.0,3.2
2023-12-20 01:00:00,1390.0,3.2
2023-12-20 02:00:00,1308.0,0.8
2023-12-20 03:00:00,1275.0,1.0
2023-12-20 04:00:00,1235.0,0.7
2023-12-20 05:00:00,1257.0,0.3
2023-12-20 06:00:00,1346.0,-0.3
2023-12-20 07:00:00,1559.0,-1.1
2023-12-20 08:00:00,1902.0,-0.4
2023-12-20 09:00:00,2096.0,0.3
2023-12-20 10:00:00,2044.0,3.6
2023-12-20 11:00:00,2004.0,4.1
2023-12-20 12:00:00,1828.0,4.7
2023-12-20 13:00:00,1787.0,6.4
2023-12-20 14:00:00,1806.0,6.7
2023-12-20 15:00:00,1828.0,7.6
2023-12-20 16:00:00,1931.0,7.3
2023-12-20 17:00:00,1992.0,5.3
2023-12-20 18:00:00,2062.0,3.3
2023-12-20 19:00:00,2166.0,3.0
2023-12-20 20:00:00,2172.0,2.8
2023-12-20 21:00:00,2063.0,2.1
2023-12-20 22:00:00,1849.0,1.7
2023-12-20 23:00:00,1616.0,1.6
2023-12-21 00:00:00,1516.0,1.4
2023-12-21 01:00:00,1405.0,0.9
2023-12-21 02:00:00,1314.0,1.2
2023-12-21 03:00:00,1269.0,0.7
2023-12-21 04:00:00,1233.0,-0.1
2023-12-21 05:00:00,1251.0,0.9
2023-12-21 06:00:00,1373.0,0.4
2023-12-21 07:00:00,1561.0,0.3
2023-12-21 08:00:00,1918.0,0.4
2023-12-21 09:00:00,2214.0,0.6
2023-12-21 10:00:00,2238.0,1.2
2023-12-21 11:00:00,2194.0,1.7
2023-12-21 12:00:00,1965.0,2.0
2023-12-21 13:00:00,1933.0,3.2
2023-12-21 14:00:00,1918.0,4.1
2023-12-21 15:00:00,1939.0,4.2
2023-12-21 16:00:00,2042.0,4.0
2023-12-21 17:00:00,2124.0,2.3
2023-12-21 18:00:00,2156.0,1.3
2023-12-21 19:00:00,2245.0,0.9
2023-12-21 20:00:00,2250.0,0.2
2023-12-21 21:00:00,2125.0,-0.4
2023-12-21 22:00:00,1902.0,-0.3
2023-12-21 23:00:00,1655.0,-0.6
2023-12-22 00:00:00,1563.0,-0.6
2023-12-22 01:00:00,1434.0,-0.9
2023-12-22 02:00:00,1340.0,-0.9
2023-12-22 03:00:00,1293.0,-1.4
2023-12-22 04:00:00,1276.0,-1.4
2023-12-22 05:00:00,1278.0,-1.6
2023-12-22 06:00:00,1364.0,-2.4
2023-12-22 07:00:00,1598.0,-1.9
2023-12-22 08:00:00,1955.0,-1.8
2023-12-22 09:00:00,2150.0,-0.3
2023-12-22 10:00:00,2105.0,1.6
2023-12-22 11:00:00,2073.0,3.7
2023-12-22 12:00:00,1885.0,5.3
2023-12-22 13:00:00,1832.0,5.3
2023-12-22 14:00:00,1851.0,5.4
2023-12-22 15:00:00,1881.0,5.7
2023-12-22 16:00:00,1972.0,5.1
2023-12-22 17:00:00,2063.0,3.3
2023-12-22 18:00:00,2132.0,1.2
2023-12-22 19:00:00,2186.0,1.7
2023-12-22 20:00:00,2179.0,1.2
2023-12-22 21:00:00,2121.0,0.9
2023-12-22 22:00:00,1927.0,0.3
2023-12-22 23:00:00,1705.0,0.7
2023-12-23 00:00:00,1568.0,0.3
2023-12-23 01:00:00,1412.0,-0.2
2023-12-23 02:00:00,1316.0,-0.7
2023-12-23 03:00:00,1283.0,-0.7
2023-12-23 04:00:00,1252.0,-0.8
2023-12-23 05:00:00,1221.0,-0.7
2023-12-23 06:00:00,1297.0,-0.8
2023-12-23 07:00:00,1393.0,-0.8
2023-12-23 08:00:00,1782.0,-0.4
2023-12-23 09:00:00,2009.0,0.4
2023-12-23 10:00:00,2024.0,1.8
2023-12-23 11:00:00,1957.0,5.5
2023-12-23 12:00:00,1777.0,6.0
2023-12-23 13:00:00,1725.0,7.2
2023-12-23 14:00:00,1746.0,8.2
2023-12-23 15:00:00,1771.0,8.3
2023-12-23 16:00:00,1862.0,7.4
2023-12-23 17:00:00,1960.0,6.0
2023-12-23 18:00:00,2065.0,3.6
2023-12-23 19:00:00,2092.0,3.7
2023-12-23 20:00:00,2116.0,3.3
2023-12-23 21:00:00,1994.0,2.9
2023-12-23 22:00:00,1811.0,3.1
2023-12-23 23:00:00,1603.0,3.3
2023-12-24 00:00:00,1518.0,2.6
2023-12-24 01:00:00,1397.0,1.4
2023-12-24 02:00:00,1297.0,0.9
2023-12-24 03:00:00,1255.0,0.2
2023-12-24 04:00:00,1207.0,1.5
2023-12-24 05:00:00,1208.0,1.1
2023-12-24 06:00:00,1279.0,1.4
2023-12-24 07:00:00,1375.0,-1.3
2023-12-24 08:00:00,1727.0,-1.4
2023-12-24 09:00:00,1931.0,0.2
2023-12-24 10:00:00,1980.0,1.6
2023-12-24 11:00:00,1932.0,5.2
2023-12-24 12:00:00,1698.0,6.9
2023-12-24 13:00:00,1657.0,8.5
2023-12-24 14:00:00,1670.0,9.0
2023-12-24 15:00:00,1711.0,10.3
2023-12-24 16:00:00,1813.0,10.3
2023-12-24 17:00:00,1906.0,8.5
2023-12-24 18:00:00,1976.0,5.6
2023-12-24 19:00:00,2070.0,5.1
2023-12-24 20:00:00,2093.0,4.9
2023-12-24 21:00:00,1986.0,4.4
2023-12-24 22:00:00,1756.0,4.4
2023-12-24 23:00:00,1535.0,4.1
2023-12-25 00:00:00,1445.0,3.7
2023-12-25 01:00:00,1300.0,4.5
2023-12-25 02:00:00,1250.0,3.0
2023-12-25 03:00:00,1191.0,3.2
2023-12-25 04:00:00,1176.0,2.3
2023-12-25 05:00:00,1182.0,1.0
2023-12-25 06:00:00,1289.0,0.5
2023-12-25 07:00:00,1511.0,0.9
2023-12-25 08:00:00,1849.0,0.2
2023-12-25 09:00:00,2061.0,1.2
2023-12-25 10:00:00,1986.0,4.1
2023-12-25 11:00:00,1946.0,6.9
2023-12-25 12:00:00,1709.0,10.6
2023-12-25 13:00:00,1680.0,11.9
2023-12-25 14:00:00,1720.0,13.3
2023-12-25 15:00:00,1716.0,14.0
2023-12-25 16:00:00,1829.0,13.3
2023-12-25 17:00:00,1936.0,10.9
2023-12-25 18:00:00,1985.0,9.9
2023-12-25 19:00:00,2060.0,9.4
2023-12-25 20:00:00,2093.0,9.0
2023-12-25 21:00:00,1986.0,8.6
2023-12-25 22:00:00,1756.0,8.4
2023-12-25 23:00:00,1535.0,8.8
2023-12-26 00:00:00,1421.0,8.8
2023-12-26 01:00:00,1314.0,8.6
2023-12-26 02:00:00,1229.0,7.9
2023-12-26 03:00:00,1197.0,6.7
2023-12-26 04:00:00,1184.0,5.8
2023-12-26 05:00:00,1167.0,5.2
2023-12-26 06:00:00,1280.0,3.9
2023-12-26 07:00:00,1478.0,4.1
2023-12-26 08:00:00,1823.0,4.8
2023-12-26 09:00:00,2018.0,5.6
2023-12-26 10:00:00,1970.0,6.2
2023-12-26 11:00:00,1925.0,8.3
2023-12-26 12:00:00,1730.0,11.7
2023-12-26 13:00:00,1702.0,11.9
2023-12-26 14:00:00,1700.0,13.1
2023-12-26 15:00:00,1735.0,12.6
2023-12-26 16:00:00,1845.0,13.4
2023-12-26 17:00:00,1887.0,12.5
2023-12-26 18:00:00,1920.0,12.4
2023-12-26 19:00:00,1989.0,11.9
2023-12-26 20:00:00,2011.0,12.1
2023-12-26 21:00:00,1904.0,11.9
2023-12-26 22:00:00,1695.0,10.8
2023-12-26 23:00:00,1484.0,10.8
2023-12-27 00:00:00,1391.0,8.0
2023-12-27 01:00:00,1284.0,6.7
2023-12-27 02:00:00,1202.0,5.9
2023-12-27 03:00:00,1169.0,6.7
2023-12-27 04:00:00,1149.0,5.8
2023-12-27 05:00:00,1157.0,6.1
2023-12-27 06:00:00,1271.0,5.8
2023-12-27 07:00:00,1463.0,5.7
2023-12-27 08:00:00,1795.0,5.9
2023-12-27 09:00:00,1989.0,6.4
2023-12-27 10:00:00,1984.0,7.5
2023-12-27 11:00:00,1987.0,8.4
2023-12-27 12:00:00,1825.0,9.1
2023-12-27 13:00:00,1820.0,9.9
2023-12-27 14:00:00,1809.0,10.2
2023-12-27 15:00:00,1814.0,10.5
2023-12-27 16:00:00,1876.0,10.8
2023-12-27 17:00:00,1940.0,9.7
2023-12-27 18:00:00,1956.0,8.4
2023-12-27 19:00:00,2025.0,6.8
2023-12-27 20:00:00,2041.0,5.9
2023-12-27 21:00:00,1956.0,6.6
2023-12-27 22:00:00,1742.0,6.2
2023-12-27 23:00:00,1520.0,5.7
2023-12-28 00:00:00,1398.0,5.7
2023-12-28 01:00:00,1271.0,5.3
2023-12-28 02:00:00,1203.0,6.0
2023-12-28 03:00:00,1178.0,4.6
2023-12-28 04:00:00,1160.0,3.5
2023-12-28 05:00:00,1149.0,3.7
2023-12-28 06:00:00,1257.0,4.2
2023-12-28 07:00:00,1473.0,3.9
2023-12-28 08:00:00,1780.0,3.0
2023-12-28 09:00:00,1984.0,3.4
2023-12-28 10:00:00,1941.0,5.1
2023-12-28 11:00:00,1889.0,8.6
2023-12-28 12:00:00,1670.0,9.2
2023-12-28 13:00:00,1669.0,10.5
2023-12-28 14:00:00,1667.0,11.6
2023-12-28 15:00:00,1693.0,11.9
2023-12-28 16:00:00,1794.0,11.5
2023-12-28 17:00:00,1846.0,10.3
2023-12-28 18:00:00,1885.0,8.9
2023-12-28 19:00:00,1969.0,8.0
2023-12-28 20:00:00,1966.0,7.4
2023-12-28 21:00:00,1865.0,7.2
2023-12-28 22:00:00,1663.0,6.9
2023-12-28 23:00:00,1440.0,6.8
2023-12-29 00:00:00,1356.0,6.3
2023-12-29 01:00:00,1231.0,6.5
2023-12-29 02:00:00,1159.0,6.6
2023-12-29 03:00:00,1128.0,6.8
2023-12-29 04:00:00,1096.0,6.6
2023-12-29 05:00:00,1107.0,6.3
2023-12-29 06:00:00,1212.0,6.2
2023-12-29 07:00:00,1404.0,5.9
2023-12-29 08:00:00,1684.0,6.1
2023-12-29 09:00:00,1904.0,6.9
2023-12-29 10:00:00,1975.0,8.0
2023-12-29 11:00:00,1896.0,9.6
2023-12-29 12:00:00,1712.0,10.3
2023-12-29 13:00:00,1744.0,9.9
2023-12-29 14:00:00,1774.0,8.6
2023-12-29 15:00:00,1815.0,8.7
2023-12-29 16:00:00,1893.0,8.7
2023-12-29 17:00:00,1955.0,8.3
2023-12-29 18:00:00,1929.0,7.7
2023-12-29 19:00:00,1980.0,6.8
2023-12-29 20:00:00,1940.0,6.6
2023-12-29 21:00:00,1816.0,6.8
2023-12-29 22:00:00,1652.0,6.5
2023-12-29 23:00:00,1458.0,6.1
2023-12-30 00:00:00,1370.0,5.8
2023-12-30 01:00:00,1242.0,6.0
2023-12-30 02:00:00,1157.0,6.2
2023-12-30 03:00:00,1112.0,5.5
2023-12-30 04:00:00,1076.0,5.7
2023-12-30 05:00:00,1075.0,5.8
2023-12-30 06:00:00,1139.0,5.0
2023-12-30 07:00:00,1225.0,4.8
2023-12-30 08:00:00,1569.0,4.6
2023-12-30 09:00:00,1782.0,5.2
2023-12-30 10:00:00,1781.0,6.4
2023-12-30 11:00:00,1741.0,7.6
2023-12-30 12:00:00,1574.0,10.5
2023-12-30 13:00:00,1468.0,12.9
2023-12-30 14:00:00,1469.0,15.3
2023-12-30 15:00:00,1506.0,17.2
2023-12-30 16:00:00,1624.0,16.2
2023-12-30 17:00:00,1700.0,14.8
2023-12-30 18:00:00,1785.0,13.0
2023-12-30 19:00:00,1848.0,12.6
2023-12-30 20:00:00,1832.0,12.4
2023-12-30 21:00:00,1727.0,12.3
2023-12-30 22:00:00,1556.0,12.8
2023-12-30 23:00:00,1348.0,10.9
2023-12-31 00:00:00,1261.0,7.6
2023-12-31 01:00:00,1138.0,7.3
2023-12-31 02:00:00,1030.0,7.5
2023-12-31 03:00:00,984.0,7.6
2023-12-31 04:00:00,940.0,7.6
2023-12-31 05:00:00,949.0,7.3
2023-12-31 06:00:00,1013.0,7.4
2023-12-31 07:00:00,1081.0,7.5
2023-12-31 08:00:00,1382.0,7.7
2023-12-31 09:00:00,1653.0,7.8
2023-12-31 10:00:00,1682.0,8.5
2023-12-31 11:00:00,1615.0,10.3
2023-12-31 12:00:00,1447.0,12.5
2023-12-31 13:00:00,1389.0,13.8
2023-12-31 14:00:00,1363.0,14.6
2023-12-31 15:00:00,1433.0,14.1
2023-12-31 16:00:00,1500.0,12.8
2023-12-31 17:00:00,1617.0,11.6
2023-12-31 18:00:00,1696.0,10.0
2023-12-31 19:00:00,1791.0,9.5
2023-12-31 20:00:00,1779.0,9.4
2023-12-31 21:00:00,1634.0,9.0
2023-12-31 22:00:00,1469.0,9.3
2023-12-31 23:00:00,1285.0,9.3
