Date,load,temp
2021-01-01 00:00:00,1213.0,1.8
2021-01-01 01:00:00,1021.0,1.4
2021-01-01 02:00:00,986.0,1.3
2021-01-01 03:00:00,944.0,1.3
2021-01-01 04:00:00,934.0,1.4
2021-01-01 05:00:00,848.0,1.4
2021-01-01 06:00:00,946.0,1.2
2021-01-01 07:00:00,1038.0,1.9
2021-01-01 08:00:00,1371.0,1.6
2021-01-01 09:00:00,1509.0,2.5
2021-01-01 10:00:00,1548.0,4.8
2021-01-01 11:00:00,1440.0,6.5
2021-01-01 12:00:00,1404.0,8.1
2021-01-01 13:00:00,1380.0,9.4
2021-01-01 14:00:00,1327.0,10.7
2021-01-01 15:00:00,1259.0,11.4
2021-01-01 16:00:00,1352.0,11.6
2021-01-01 17:00:00,1357.0,11.3
2021-01-01 18:00:00,1397.0,9.6
2021-01-01 19:00:00,1482.0,7.0
2021-01-01 20:00:00,1526.0,5.4
2021-01-01 21:00:00,1414.0,4.5
2021-01-01 22:00:00,1357.0,3.6
2021-01-01 23:00:00,1270.0,2.9
2021-01-02 00:00:00,1124.0,2.2
2021-01-02 01:00:00,1011.0,1.8
2021-01-02 02:00:00,942.0,1.3
2021-01-02 03:00:00,923.0,0.9
2021-01-02 04:00:00,916.0,0.6
2021-01-02 05:00:00,918.0,0.1
2021-01-02 06:00:00,935.0,0.0
2021-01-02 07:00:00,1027.0,0.2
2021-01-02 08:00:00,1338.0,1.0
2021-01-02 09:00:00,1499.0,2.1
2021-01-02 10:00:00,1567.0,3.5
2021-01-02 11:00:00,1574.0,4.9
2021-01-02 12:00:00,1518.0,6.2
2021-01-02 13:00:00,1506.0,7.4
2021-01-02 14:00:00,1497.0,7.9
2021-01-02 15:00:00,1427.0,8.3
2021-01-02 16:00:00,1508.0,8.5
2021-01-02 17:00:00,1555.0,8.6
2021-01-02 18:00:00,1531.0,8.0
2021-01-02 19:00:00,1609.0,7.5
2021-01-02 20:00:00,1588.0,7.0
2021-01-02 21:00:00,1533.0,6.7
2021-01-02 22:00:00,1424.0,6.5
2021-01-02 23:00:00,1274.0,6.5
2021-01-03 00:00:00,1141.0,6.3
2021-01-03 01:00:00,1055.0,6.1
2021-01-03 02:00:00,968.0,6.0
2021-01-03 03:00:00,944.0,5.9
2021-01-03 04:00:00,940.0,6.0
2021-01-03 05:00:00,923.0,5.8
2021-01-03 06:00:00,967.0,5.8
2021-01-03 07:00:00,1064.0,5.8
2021-01-03 08:00:00,1288.0,5.9
2021-01-03 09:00:00,1533.0,6.1
2021-01-03 10:00:00,1621.0,6.5
2021-01-03 11:00:00,1589.0,6.9
2021-01-03 12:00:00,1542.0,7.4
2021-01-03 13:00:00,1598.0,7.7
2021-01-03 14:00:00,1526.0,8.2
2021-01-03 15:00:00,1432.0,9.4
2021-01-03 16:00:00,1543.0,10.1
2021-01-03 17:00:00,1553.0,10.3
2021-01-03 18:00:00,1568.0,8.4
2021-01-03 19:00:00,1695.0,6.6
2021-01-03 20:00:00,1656.0,5.4
2021-01-03 21:00:00,1554.0,4.3
2021-01-03 22:00:00,1435.0,3.5
2021-01-03 23:00:00,1319.0,3.0
2021-01-04 00:00:00,1197.0,2.4
2021-01-04 01:00:00,1066.0,2.1
2021-01-04 02:00:00,992.0,1.9
2021-01-04 03:00:00,969.0,1.5
2021-01-04 04:00:00,987.0,1.1
2021-01-04 05:00:00,995.0,1.4
2021-01-04 06:00:00,1003.0,1.7
2021-01-04 07:00:00,1253.0,1.7
2021-01-04 08:00:00,1493.0,1.4
2021-01-04 09:00:00,1652.0,3.1
2021-01-04 10:00:00,1671.0,4.1
2021-01-04 11:00:00,1596.0,5.4
2021-01-04 12:00:00,1546.0,7.0
2021-01-04 13:00:00,1564.0,9.4
2021-01-04 14:00:00,1477.0,9.9
2021-01-04 15:00:00,1470.0,10.1
2021-01-04 16:00:00,1517.0,9.7
2021-01-04 17:00:00,1571.0,9.2
2021-01-04 18:00:00,1647.0,8.4
2021-01-04 19:00:00,1677.0,7.9
2021-01-04 20:00:00,1644.0,7.4
2021-01-04 21:00:00,1524.0,7.1
2021-01-04 22:00:00,1456.0,6.8
2021-01-04 23:00:00,1309.0,6.6
2021-01-05 00:00:00,1169.0,6.4
2021-01-05 01:00:00,1038.0,6.2
2021-01-05 02:00:00,1010.0,5.9
2021-01-05 03:00:00,975.0,5.8
2021-01-05 04:00:00,969.0,5.6
2021-01-05 05:00:00,913.0,5.5
2021-01-05 06:00:00,929.0,5.4
2021-01-05 07:00:00,1205.0,5.5
2021-01-05 08:00:00,1401.0,5.5
2021-01-05 09:00:00,1597.0,5.6
2021-01-05 10:00:00,1594.0,5.8
2021-01-05 11:00:00,1603.0,6.3
2021-01-05 12:00:00,1571.0,6.6
2021-01-05 13:00:00,1501.0,6.9
2021-01-05 14:00:00,1550.0,6.9
2021-01-05 15:00:00,1496.0,6.7
2021-01-05 16:00:00,1595.0,6.5
2021-01-05 17:00:00,1653.0,6.2
2021-01-05 18:00:00,1648.0,6.0
2021-01-05 19:00:00,1670.0,5.9
2021-01-05 20:00:00,1650.0,5.7
2021-01-05 21:00:00,1551.0,5.5
2021-01-05 22:00:00,1467.0,5.3
2021-01-05 23:00:00,1313.0,5.1
2021-01-06 00:00:00,1156.0,4.8
2021-01-06 01:00:00,1026.0,4.5
2021-01-06 02:00:00,995.0,4.3
2021-01-06 03:00:00,928.0,4.1
2021-01-06 04:00:00,946.0,4.0
2021-01-06 05:00:00,953.0,3.9
2021-01-06 06:00:00,1038.0,3.8
2021-01-06 07:00:00,1272.0,3.7
2021-01-06 08:00:00,1454.0,3.6
2021-01-06 09:00:00,1634.0,3.7
2021-01-06 10:00:00,1705.0,4.0
2021-01-06 11:00:00,1689.0,4.2
2021-01-06 12:00:00,1637.0,4.5
2021-01-06 13:00:00,1588.0,4.6
2021-01-06 14:00:00,1595.0,5.1
2021-01-06 15:00:00,1496.0,5.2
2021-01-06 16:00:00,1619.0,5.0
2021-01-06 17:00:00,1676.0,4.9
2021-01-06 18:00:00,1663.0,4.3
2021-01-06 19:00:00,1681.0,4.0
2021-01-06 20:00:00,1674.0,3.8
2021-01-06 21:00:00,1593.0,3.7
2021-01-06 22:00:00,1475.0,3.7
2021-01-06 23:00:00,1328.0,3.5
2021-01-07 00:00:00,1194.0,2.8
2021-01-07 01:00:00,1061.0,2.1
2021-01-07 02:00:00,1017.0,2.0
2021-01-07 03:00:00,975.0,2.5
2021-01-07 04:00:00,934.0,2.3
2021-01-07 05:00:00,982.0,2.1
2021-01-07 06:00:00,1059.0,1.9
2021-01-07 07:00:00,1278.0,2.0
2021-01-07 08:00:00,1458.0,2.0
2021-01-07 09:00:00,1722.0,2.0
2021-01-07 10:00:00,1752.0,1.7
2021-01-07 11:00:00,1676.0,1.4
2021-01-07 12:00:00,1651.0,1.2
2021-01-07 13:00:00,1742.0,0.7
2021-01-07 14:00:00,1631.0,0.7
2021-01-07 15:00:00,1679.0,0.4
2021-01-07 16:00:00,1699.0,0.4
2021-01-07 17:00:00,1782.0,0.1
2021-01-07 18:00:00,1758.0,-0.2
2021-01-07 19:00:00,1747.0,-0.4
2021-01-07 20:00:00,1712.0,-0.7
2021-01-07 21:00:00,1614.0,-0.8
2021-01-07 22:00:00,1552.0,-0.9
2021-01-07 23:00:00,1408.0,-1.0
2021-01-08 00:00:00,1267.0,-1.2
2021-01-08 01:00:00,1115.0,-1.2
2021-01-08 02:00:00,1087.0,-1.3
2021-01-08 03:00:00,1032.0,-1.3
2021-01-08 04:00:00,1053.0,-1.3
2021-01-08 05:00:00,1014.0,-1.4
2021-01-08 06:00:00,1066.0,-1.5
2021-01-08 07:00:00,1327.0,-1.4
2021-01-08 08:00:00,1578.0,-1.3
2021-01-08 09:00:00,1802.0,-1.1
2021-01-08 10:00:00,1707.0,1.3
2021-01-08 11:00:00,1646.0,2.5
2021-01-08 12:00:00,1545.0,3.1
2021-01-08 13:00:00,1585.0,4.5
2021-01-08 14:00:00,1528.0,5.8
2021-01-08 15:00:00,1480.0,6.2
2021-01-08 16:00:00,1587.0,6.2
2021-01-08 17:00:00,1655.0,5.9
2021-01-08 18:00:00,1662.0,4.5
2021-01-08 19:00:00,1741.0,3.0
2021-01-08 20:00:00,1728.0,1.7
2021-01-08 21:00:00,1653.0,0.4
2021-01-08 22:00:00,1592.0,-0.3
2021-01-08 23:00:00,1468.0,-1.0
2021-01-09 00:00:00,1309.0,-0.6
2021-01-09 01:00:00,1144.0,-0.8
2021-01-09 02:00:00,1093.0,-1.3
2021-01-09 03:00:00,1041.0,-1.9
2021-01-09 04:00:00,1031.0,-1.2
2021-01-09 05:00:00,977.0,-1.0
2021-01-09 06:00:00,1059.0,-0.7
2021-01-09 07:00:00,1149.0,-0.3
2021-01-09 08:00:00,1430.0,-0.6
2021-01-09 09:00:00,1621.0,0.1
2021-01-09 10:00:00,1744.0,0.4
2021-01-09 11:00:00,1682.0,1.4
2021-01-09 12:00:00,1642.0,2.3
2021-01-09 13:00:00,1671.0,3.2
2021-01-09 14:00:00,1605.0,3.8
2021-01-09 15:00:00,1630.0,4.2
2021-01-09 16:00:00,1685.0,4.2
2021-01-09 17:00:00,1725.0,3.9
2021-01-09 18:00:00,1749.0,3.5
2021-01-09 19:00:00,1758.0,3.2
2021-01-09 20:00:00,1695.0,3.0
2021-01-09 21:00:00,1622.0,2.7
2021-01-09 22:00:00,1541.0,2.5
2021-01-09 23:00:00,1407.0,2.4
2021-01-10 00:00:00,1241.0,2.3
2021-01-10 01:00:00,1118.0,2.1
2021-01-10 02:00:00,1069.0,2.1
2021-01-10 03:00:00,1009.0,2.0
2021-01-10 04:00:00,998.0,1.8
2021-01-10 05:00:00,980.0,1.8
2021-01-10 06:00:00,1009.0,1.7
2021-01-10 07:00:00,1114.0,1.7
2021-01-10 08:00:00,1374.0,1.8
2021-01-10 09:00:00,1645.0,2.3
2021-01-10 10:00:00,1762.0,2.9
2021-01-10 11:00:00,1649.0,3.7
2021-01-10 12:00:00,1632.0,3.8
2021-01-10 13:00:00,1601.0,4.2
2021-01-10 14:00:00,1664.0,5.0
2021-01-10 15:00:00,1643.0,5.5
2021-01-10 16:00:00,1718.0,5.6
2021-01-10 17:00:00,1744.0,5.5
2021-01-10 18:00:00,1770.0,5.2
2021-01-10 19:00:00,1778.0,4.8
2021-01-10 20:00:00,1765.0,4.5
2021-01-10 21:00:00,1714.0,4.3
2021-01-10 22:00:00,1574.0,4.4
2021-01-10 23:00:00,1401.0,4.1
2021-01-11 00:00:00,1235.0,3.7
2021-01-11 01:00:00,1051.0,3.4
2021-01-11 02:00:00,1003.0,3.2
2021-01-11 03:00:00,981.0,3.1
2021-01-11 04:00:00,982.0,3.0
2021-01-11 05:00:00,962.0,2.8
2021-01-11 06:00:00,1020.0,2.7
2021-01-11 07:00:00,1262.0,2.4
2021-01-11 08:00:00,1525.0,2.4
2021-01-11 09:00:00,1685.0,3.2
2021-01-11 10:00:00,1762.0,4.5
2021-01-11 11:00:00,1668.0,6.4
2021-01-11 12:00:00,1588.0,8.0
2021-01-11 13:00:00,1518.0,8.9
2021-01-11 14:00:00,1536.0,9.6
2021-01-11 15:00:00,1469.0,10.5
2021-01-11 16:00:00,1526.0,10.7
2021-01-11 17:00:00,1589.0,10.2
2021-01-11 18:00:00,1600.0,8.9
2021-01-11 19:00:00,1659.0,6.4
2021-01-11 20:00:00,1622.0,4.5
2021-01-11 21:00:00,1614.0,3.2
2021-01-11 22:00:00,1502.0,2.5
2021-01-11 23:00:00,1345.0,1.6
2021-01-12 00:00:00,1155.0,1.0
2021-01-12 01:00:00,1089.0,1.1
2021-01-12 02:00:00,1017.0,1.0
2021-01-12 03:00:00,981.0,-0.5
2021-01-12 04:00:00,995.0,-1.1
2021-01-12 05:00:00,980.0,0.2
2021-01-12 06:00:00,1058.0,-0.6
2021-01-12 07:00:00,1297.0,-0.1
2021-01-12 08:00:00,1530.0,0.3
2021-01-12 09:00:00,1708.0,1.4
2021-01-12 10:00:00,1696.0,4.1
2021-01-12 11:00:00,1615.0,6.6
2021-01-12 12:00:00,1459.0,8.3
2021-01-12 13:00:00,1428.0,10.2
2021-01-12 14:00:00,1437.0,11.9
2021-01-12 15:00:00,1398.0,12.9
2021-01-12 16:00:00,1435.0,13.2
2021-01-12 17:00:00,1544.0,13.0
2021-01-12 18:00:00,1549.0,11.3
2021-01-12 19:00:00,1596.0,8.1
2021-01-12 20:00:00,1642.0,6.3
2021-01-12 21:00:00,1543.0,4.5
2021-01-12 22:00:00,1507.0,3.4
2021-01-12 23:00:00,1361.0,2.9
2021-01-13 00:00:00,1230.0,2.6
2021-01-13 01:00:00,1030.0,1.5
2021-01-13 02:00:00,1005.0,0.7
2021-01-13 03:00:00,987.0,1.1
2021-01-13 04:00:00,1008.0,0.1
2021-01-13 05:00:00,995.0,-0.1
2021-01-13 06:00:00,1078.0,-0.4
2021-01-13 07:00:00,1249.0,-0.8
2021-01-13 08:00:00,1511.0,-0.4
2021-01-13 09:00:00,1682.0,0.7
2021-01-13 10:00:00,1687.0,3.3
2021-01-13 11:00:00,1619.0,5.4
2021-01-13 12:00:00,1518.0,8.3
2021-01-13 13:00:00,1465.0,10.7
2021-01-13 14:00:00,1408.0,12.8
2021-01-13 15:00:00,1365.0,14.5
2021-01-13 16:00:00,1457.0,16.0
2021-01-13 17:00:00,1496.0,16.6
2021-01-13 18:00:00,1541.0,14.2
2021-01-13 19:00:00,1593.0,10.5
2021-01-13 20:00:00,1634.0,8.1
2021-01-13 21:00:00,1558.0,7.9
2021-01-13 22:00:00,1524.0,7.7
2021-01-13 23:00:00,1327.0,7.4
2021-01-14 00:00:00,1181.0,7.4
2021-01-14 01:00:00,1021.0,6.8
2021-01-14 02:00:00,964.0,5.7
2021-01-14 03:00:00,977.0,4.8
2021-01-14 04:00:00,981.0,3.9
2021-01-14 05:00:00,968.0,3.0
2021-01-14 06:00:00,1023.0,2.6
2021-01-14 07:00:00,1241.0,1.9
2021-01-14 08:00:00,1475.0,1.7
2021-01-14 09:00:00,1637.0,4.8
2021-01-14 10:00:00,1589.0,7.5
2021-01-14 11:00:00,1472.0,10.3
2021-01-14 12:00:00,1427.0,14.2
2021-01-14 13:00:00,1352.0,16.5
2021-01-14 14:00:00,1335.0,17.8
2021-01-14 15:00:00,1316.0,19.0
2021-01-14 16:00:00,1396.0,19.3
2021-01-14 17:00:00,1456.0,18.8
2021-01-14 18:00:00,1473.0,16.6
2021-01-14 19:00:00,1555.0,13.2
2021-01-14 20:00:00,1571.0,11.1
2021-01-14 21:00:00,1487.0,9.3
2021-01-14 22:00:00,1435.0,8.1
2021-01-14 23:00:00,1313.0,7.0
2021-01-15 00:00:00,1124.0,6.0
2021-01-15 01:00:00,1022.0,5.4
2021-01-15 02:00:00,946.0,5.0
2021-01-15 03:00:00,929.0,4.7
2021-01-15 04:00:00,937.0,4.1
2021-01-15 05:00:00,936.0,3.3
2021-01-15 06:00:00,988.0,3.0
2021-01-15 07:00:00,1185.0,2.7
2021-01-15 08:00:00,1488.0,2.5
2021-01-15 09:00:00,1660.0,5.3
2021-01-15 10:00:00,1613.0,8.4
2021-01-15 11:00:00,1521.0,10.9
2021-01-15 12:00:00,1444.0,14.2
2021-01-15 13:00:00,1381.0,16.6
2021-01-15 14:00:00,1361.0,18.7
2021-01-15 15:00:00,1316.0,19.6
2021-01-15 16:00:00,1426.0,19.9
2021-01-15 17:00:00,1489.0,18.3
2021-01-15 18:00:00,1456.0,16.3
2021-01-15 19:00:00,1559.0,14.6
2021-01-15 20:00:00,1581.0,12.1
2021-01-15 21:00:00,1460.0,10.1
2021-01-15 22:00:00,1437.0,9.2
2021-01-15 23:00:00,1271.0,8.6
2021-01-16 00:00:00,1150.0,9.0
2021-01-16 01:00:00,1041.0,9.3
2021-01-16 02:00:00,969.0,9.4
2021-01-16 03:00:00,914.0,9.5
2021-01-16 04:00:00,971.0,9.5
2021-01-16 05:00:00,889.0,9.3
2021-01-16 06:00:00,960.0,9.6
2021-01-16 07:00:00,1053.0,9.2
2021-01-16 08:00:00,1280.0,8.8
2021-01-16 09:00:00,1556.0,8.8
2021-01-16 10:00:00,1596.0,9.2
2021-01-16 11:00:00,1573.0,9.1
2021-01-16 12:00:00,1523.0,9.6
2021-01-16 13:00:00,1421.0,11.0
2021-01-16 14:00:00,1396.0,11.6
2021-01-16 15:00:00,1405.0,11.7
2021-01-16 16:00:00,1482.0,11.2
2021-01-16 17:00:00,1518.0,10.6
2021-01-16 18:00:00,1522.0,10.0
2021-01-16 19:00:00,1614.0,9.3
2021-01-16 20:00:00,1525.0,9.0
2021-01-16 21:00:00,1496.0,8.8
2021-01-16 22:00:00,1404.0,8.4
2021-01-16 23:00:00,1263.0,8.1
2021-01-17 00:00:00,1199.0,7.2
2021-01-17 01:00:00,1046.0,6.3
2021-01-17 02:00:00,1000.0,6.5
2021-01-17 03:00:00,957.0,6.6
2021-01-17 04:00:00,971.0,5.3
2021-01-17 05:00:00,974.0,3.2
2021-01-17 06:00:00,975.0,2.8
2021-01-17 07:00:00,1062.0,2.4
2021-01-17 08:00:00,1356.0,2.3
2021-01-17 09:00:00,1656.0,2.6
2021-01-17 10:00:00,1678.0,3.1
2021-01-17 11:00:00,1634.0,3.4
2021-01-17 12:00:00,1582.0,4.6
2021-01-17 13:00:00,1536.0,5.4
2021-01-17 14:00:00,1510.0,6.5
2021-01-17 15:00:00,1506.0,7.8
2021-01-17 16:00:00,1569.0,7.9
2021-01-17 17:00:00,1577.0,7.6
2021-01-17 18:00:00,1590.0,6.6
2021-01-17 19:00:00,1665.0,5.2
2021-01-17 20:00:00,1690.0,3.9
2021-01-17 21:00:00,1629.0,2.7
2021-01-17 22:00:00,1545.0,2.7
2021-01-17 23:00:00,1373.0,3.6
2021-01-18 00:00:00,1216.0,2.8
2021-01-18 01:00:00,1084.0,2.9
2021-01-18 02:00:00,1007.0,2.6
2021-01-18 03:00:00,951.0,1.1
2021-01-18 04:00:00,992.0,1.4
2021-01-18 05:00:00,985.0,1.6
2021-01-18 06:00:00,1026.0,0.8
2021-01-18 07:00:00,1253.0,1.0
2021-01-18 08:00:00,1492.0,0.7
2021-01-18 09:00:00,1638.0,1.6
2021-01-18 10:00:00,1657.0,3.2
2021-01-18 11:00:00,1580.0,5.9
2021-01-18 12:00:00,1507.0,8.1
2021-01-18 13:00:00,1448.0,10.1
2021-01-18 14:00:00,1366.0,11.3
2021-01-18 15:00:00,1349.0,13.0
2021-01-18 16:00:00,1383.0,13.7
2021-01-18 17:00:00,1524.0,14.3
2021-01-18 18:00:00,1564.0,12.1
2021-01-18 19:00:00,1695.0,8.8
2021-01-18 20:00:00,1701.0,6.7
2021-01-18 21:00:00,1640.0,5.3
2021-01-18 22:00:00,1555.0,4.3
2021-01-18 23:00:00,1353.0,3.3
2021-01-19 00:00:00,1191.0,2.6
2021-01-19 01:00:00,1113.0,1.8
2021-01-19 02:00:00,1013.0,1.4
2021-01-19 03:00:00,989.0,0.8
2021-01-19 04:00:00,985.0,0.5
2021-01-19 05:00:00,965.0,0.3
2021-01-19 06:00:00,1029.0,0.1
2021-01-19 07:00:00,1268.0,-0.4
2021-01-19 08:00:00,1586.0,-0.3
2021-01-19 09:00:00,1727.0,2.9
2021-01-19 10:00:00,1751.0,5.2
2021-01-19 11:00:00,1627.0,7.9
2021-01-19 12:00:00,1551.0,10.7
2021-01-19 13:00:00,1456.0,12.8
2021-01-19 14:00:00,1432.0,14.9
2021-01-19 15:00:00,1360.0,16.1
2021-01-19 16:00:00,1439.0,16.1
2021-01-19 17:00:00,1537.0,16.5
2021-01-19 18:00:00,1569.0,14.2
2021-01-19 19:00:00,1648.0,12.2
2021-01-19 20:00:00,1672.0,10.8
2021-01-19 21:00:00,1646.0,9.4
2021-01-19 22:00:00,1509.0,7.3
2021-01-19 23:00:00,1308.0,6.6
2021-01-20 00:00:00,1177.0,5.8
2021-01-20 01:00:00,1056.0,5.3
2021-01-20 02:00:00,999.0,4.8
2021-01-20 03:00:00,967.0,4.9
2021-01-20 04:00:00,960.0,4.9
2021-01-20 05:00:00,938.0,5.2
2021-01-20 06:00:00,1016.0,5.4
2021-01-20 07:00:00,1224.0,5.9
2021-01-20 08:00:00,1460.0,6.4
2021-01-20 09:00:00,1669.0,6.8
2021-01-20 10:00:00,1692.0,7.5
2021-01-20 11:00:00,1683.0,8.1
2021-01-20 12:00:00,1623.0,8.5
2021-01-20 13:00:00,1555.0,8.8
2021-01-20 14:00:00,1580.0,8.8
2021-01-20 15:00:00,1528.0,8.9
2021-01-20 16:00:00,1577.0,9.3
2021-01-20 17:00:00,1680.0,8.7
2021-01-20 18:00:00,1651.0,8.5
2021-01-20 19:00:00,1721.0,8.0
2021-01-20 20:00:00,1699.0,7.5
2021-01-20 21:00:00,1581.0,7.4
2021-01-20 22:00:00,1482.0,7.4
2021-01-20 23:00:00,1348.0,7.3
2021-01-21 00:00:00,1175.0,7.1
2021-01-21 01:00:00,1053.0,6.9
2021-01-21 02:00:00,981.0,6.9
2021-01-21 03:00:00,974.0,6.8
2021-01-21 04:00:00,972.0,6.7
2021-01-21 05:00:00,904.0,6.7
2021-01-21 06:00:00,978.0,6.5
2021-01-21 07:00:00,1118.0,6.5
2021-01-21 08:00:00,1377.0,6.6
2021-01-21 09:00:00,1655.0,6.4
2021-01-21 10:00:00,1763.0,6.5
2021-01-21 11:00:00,1672.0,6.6
2021-01-21 12:00:00,1673.0,6.8
2021-01-21 13:00:00,1663.0,7.0
2021-01-21 14:00:00,1617.0,7.3
2021-01-21 15:00:00,1643.0,7.6
2021-01-21 16:00:00,1649.0,7.9
2021-01-21 17:00:00,1696.0,7.9
2021-01-21 18:00:00,1673.0,7.8
2021-01-21 19:00:00,1719.0,7.6
2021-01-21 20:00:00,1640.0,7.3
2021-01-21 21:00:00,1619.0,7.1
2021-01-21 22:00:00,1473.0,7.1
2021-01-21 23:00:00,1358.0,7.1
2021-01-22 00:00:00,1191.0,6.8
2021-01-22 01:00:00,1094.0,6.7
2021-01-22 02:00:00,1012.0,6.7
2021-01-22 03:00:00,1006.0,6.6
2021-01-22 04:00:00,1006.0,6.7
2021-01-22 05:00:00,964.0,6.8
2021-01-22 06:00:00,1033.0,6.8
2021-01-22 07:00:00,1168.0,6.9
2021-01-22 08:00:00,1426.0,6.8
2021-01-22 09:00:00,1662.0,7.2
2021-01-22 10:00:00,1716.0,8.0
2021-01-22 11:00:00,1664.0,8.9
2021-01-22 12:00:00,1594.0,9.5
2021-01-22 13:00:00,1556.0,10.7
2021-01-22 14:00:00,1540.0,11.0
2021-01-22 15:00:00,1492.0,11.5
2021-01-22 16:00:00,1560.0,11.8
2021-01-22 17:00:00,1616.0,11.7
2021-01-22 18:00:00,1614.0,11.2
2021-01-22 19:00:00,1689.0,10.6
2021-01-22 20:00:00,1663.0,10.2
2021-01-22 21:00:00,1594.0,9.8
2021-01-22 22:00:00,1529.0,9.4
2021-01-22 23:00:00,1380.0,9.3
2021-01-23 00:00:00,1193.0,8.8
2021-01-23 01:00:00,1081.0,8.0
2021-01-23 02:00:00,983.0,7.4
2021-01-23 03:00:00,953.0,6.8
2021-01-23 04:00:00,939.0,6.7
2021-01-23 05:00:00,880.0,6.8
2021-01-23 06:00:00,990.0,7.1
2021-01-23 07:00:00,1064.0,7.3
2021-01-23 08:00:00,1322.0,7.5
2021-01-23 09:00:00,1571.0,7.5
2021-01-23 10:00:00,1596.0,7.5
2021-01-23 11:00:00,1613.0,8.3
2021-01-23 12:00:00,1555.0,10.0
2021-01-23 13:00:00,1491.0,10.1
2021-01-23 14:00:00,1412.0,10.9
2021-01-23 15:00:00,1499.0,11.1
2021-01-23 16:00:00,1482.0,11.7
2021-01-23 17:00:00,1547.0,10.9
2021-01-23 18:00:00,1587.0,10.1
2021-01-23 19:00:00,1663.0,8.8
2021-01-23 20:00:00,1687.0,8.5
2021-01-23 21:00:00,1599.0,8.3
2021-01-23 22:00:00,1563.0,7.4
2021-01-23 23:00:00,1346.0,6.9
2021-01-24 00:00:00,1237.0,7.0
2021-01-24 01:00:00,1058.0,6.7
2021-01-24 02:00:00,986.0,6.7
2021-01-24 03:00:00,936.0,6.9
2021-01-24 04:00:00,948.0,7.0
2021-01-24 05:00:00,923.0,7.2
2021-01-24 06:00:00,908.0,7.2
2021-01-24 07:00:00,1087.0,7.4
2021-01-24 08:00:00,1348.0,7.6
2021-01-24 09:00:00,1624.0,7.7
2021-01-24 10:00:00,1678.0,7.9
2021-01-24 11:00:00,1597.0,7.9
2021-01-24 12:00:00,1660.0,7.9
2021-01-24 13:00:00,1558.0,7.8
2021-01-24 14:00:00,1567.0,7.5
2021-01-24 15:00:00,1595.0,6.9
2021-01-24 16:00:00,1670.0,6.7
2021-01-24 17:00:00,1738.0,6.5
2021-01-24 18:00:00,1698.0,6.5
2021-01-24 19:00:00,1741.0,6.6
2021-01-24 20:00:00,1663.0,6.5
2021-01-24 21:00:00,1670.0,6.5
2021-01-24 22:00:00,1517.0,6.5
2021-01-24 23:00:00,1411.0,6.5
2021-01-25 00:00:00,1211.0,6.5
2021-01-25 01:00:00,1088.0,6.5
2021-01-25 02:00:00,974.0,6.5
2021-01-25 03:00:00,976.0,6.5
2021-01-25 04:00:00,998.0,6.5
2021-01-25 05:00:00,934.0,6.5
2021-01-25 06:00:00,1016.0,6.5
2021-01-25 07:00:00,1072.0,6.6
2021-01-25 08:00:00,1362.0,6.6
2021-01-25 09:00:00,1695.0,6.6
2021-01-25 10:00:00,1740.0,6.7
2021-01-25 11:00:00,1757.0,7.0
2021-01-25 12:00:00,1714.0,7.2
2021-01-25 13:00:00,1652.0,7.0
2021-01-25 14:00:00,1637.0,6.8
2021-01-25 15:00:00,1674.0,6.7
2021-01-25 16:00:00,1703.0,6.6
2021-01-25 17:00:00,1765.0,6.7
2021-01-25 18:00:00,1699.0,6.6
2021-01-25 19:00:00,1730.0,6.5
2021-01-25 20:00:00,1732.0,6.3
2021-01-25 21:00:00,1656.0,6.3
2021-01-25 22:00:00,1571.0,6.2
2021-01-25 23:00:00,1392.0,6.0
2021-01-26 00:00:00,1229.0,5.8
2021-01-26 01:00:00,1109.0,5.7
2021-01-26 02:00:00,1011.0,5.7
2021-01-26 03:00:00,977.0,5.6
2021-01-26 04:00:00,949.0,5.6
2021-01-26 05:00:00,917.0,5.5
2021-01-26 06:00:00,983.0,5.5
2021-01-26 07:00:00,1102.0,5.5
2021-01-26 08:00:00,1419.0,5.6
2021-01-26 09:00:00,1695.0,5.8
2021-01-26 10:00:00,1745.0,6.2
2021-01-26 11:00:00,1678.0,6.7
2021-01-26 12:00:00,1651.0,7.1
2021-01-26 13:00:00,1618.0,7.5
2021-01-26 14:00:00,1601.0,7.9
2021-01-26 15:00:00,1596.0,8.1
2021-01-26 16:00:00,1629.0,8.1
2021-01-26 17:00:00,1723.0,8.0
2021-01-26 18:00:00,1659.0,7.9
2021-01-26 19:00:00,1709.0,7.8
2021-01-26 20:00:00,1727.0,7.8
2021-01-26 21:00:00,1630.0,7.6
2021-01-26 22:00:00,1542.0,7.5
2021-01-26 23:00:00,1384.0,7.6
2021-01-27 00:00:00,1209.0,7.6
2021-01-27 01:00:00,1058.0,7.6
2021-01-27 02:00:00,1028.0,7.2
2021-01-27 03:00:00,955.0,6.8
2021-01-27 04:00:00,946.0,6.4
2021-01-27 05:00:00,948.0,6.3
2021-01-27 06:00:00,957.0,6.1
2021-01-27 07:00:00,1107.0,5.6
2021-01-27 08:00:00,1375.0,5.4
2021-01-27 09:00:00,1680.0,5.4
2021-01-27 10:00:00,1763.0,5.6
2021-01-27 11:00:00,1766.0,5.9
2021-01-27 12:00:00,1758.0,6.2
2021-01-27 13:00:00,1687.0,6.0
2021-01-27 14:00:00,1680.0,6.1
2021-01-27 15:00:00,1616.0,6.1
2021-01-27 16:00:00,1710.0,6.3
2021-01-27 17:00:00,1756.0,6.4
2021-01-27 18:00:00,1716.0,6.4
2021-01-27 19:00:00,1773.0,6.4
2021-01-27 20:00:00,1782.0,6.5
2021-01-27 21:00:00,1697.0,6.4
2021-01-27 22:00:00,1598.0,6.2
2021-01-27 23:00:00,1481.0,6.1
2021-01-28 00:00:00,1267.0,6.0
2021-01-28 01:00:00,1088.0,6.0
2021-01-28 02:00:00,1042.0,6.0
2021-01-28 03:00:00,1023.0,5.7
2021-01-28 04:00:00,973.0,5.6
2021-01-28 05:00:00,977.0,5.5
2021-01-28 06:00:00,953.0,5.4
2021-01-28 07:00:00,1117.0,4.9
2021-01-28 08:00:00,1438.0,4.1
2021-01-28 09:00:00,1701.0,4.4
2021-01-28 10:00:00,1685.0,5.6
2021-01-28 11:00:00,1700.0,8.4
2021-01-28 12:00:00,1650.0,10.5
2021-01-28 13:00:00,1508.0,12.1
2021-01-28 14:00:00,1496.0,13.8
2021-01-28 15:00:00,1446.0,14.2
2021-01-28 16:00:00,1467.0,14.6
2021-01-28 17:00:00,1614.0,13.9
2021-01-28 18:00:00,1620.0,12.5
2021-01-28 19:00:00,1720.0,10.6
2021-01-28 20:00:00,1723.0,8.8
2021-01-28 21:00:00,1681.0,7.5
2021-01-28 22:00:00,1574.0,6.6
2021-01-28 23:00:00,1447.0,6.6
2021-01-29 00:00:00,1228.0,7.2
2021-01-29 01:00:00,1069.0,7.7
2021-01-29 02:00:00,997.0,7.4
2021-01-29 03:00:00,988.0,6.9
2021-01-29 04:00:00,957.0,6.3
2021-01-29 05:00:00,941.0,5.7
2021-01-29 06:00:00,970.0,6.0
2021-01-29 07:00:00,1079.0,5.7
2021-01-29 08:00:00,1400.0,5.4
2021-01-29 09:00:00,1663.0,5.5
2021-01-29 10:00:00,1684.0,6.2
2021-01-29 11:00:00,1672.0,7.2
2021-01-29 12:00:00,1663.0,8.6
2021-01-29 13:00:00,1528.0,9.6
2021-01-29 14:00:00,1577.0,9.6
2021-01-29 15:00:00,1564.0,10.1
2021-01-29 16:00:00,1537.0,10.1
2021-01-29 17:00:00,1625.0,9.8
2021-01-29 18:00:00,1662.0,9.4
2021-01-29 19:00:00,1716.0,9.0
2021-01-29 20:00:00,1676.0,8.8
2021-01-29 21:00:00,1601.0,8.6
2021-01-29 22:00:00,1492.0,8.3
2021-01-29 23:00:00,1355.0,8.1
2021-01-30 00:00:00,1151.0,8.1
2021-01-30 01:00:00,1075.0,7.9
2021-01-30 02:00:00,983.0,7.5
2021-01-30 03:00:00,967.0,7.3
2021-01-30 04:00:00,945.0,7.2
2021-01-30 05:00:00,953.0,7.0
2021-01-30 06:00:00,995.0,6.5
2021-01-30 07:00:00,1130.0,6.3
2021-01-30 08:00:00,1359.0,6.3
2021-01-30 09:00:00,1624.0,6.5
2021-01-30 10:00:00,1625.0,6.9
2021-01-30 11:00:00,1671.0,7.5
2021-01-30 12:00:00,1639.0,7.9
2021-01-30 13:00:00,1567.0,7.9
2021-01-30 14:00:00,1538.0,7.8
2021-01-30 15:00:00,1581.0,7.8
2021-01-30 16:00:00,1557.0,8.0
2021-01-30 17:00:00,1595.0,8.1
2021-01-30 18:00:00,1577.0,8.1
2021-01-30 19:00:00,1593.0,8.2
2021-01-30 20:00:00,1622.0,8.1
2021-01-30 21:00:00,1548.0,8.0
2021-01-30 22:00:00,1464.0,8.0
2021-01-30 23:00:00,1330.0,7.9
2021-01-31 00:00:00,1145.0,7.7
2021-01-31 01:00:00,1061.0,7.5
2021-01-31 02:00:00,995.0,7.5
2021-01-31 03:00:00,985.0,7.4
2021-01-31 04:00:00,945.0,7.4
2021-01-31 05:00:00,896.0,7.4
2021-01-31 06:00:00,971.0,7.5
2021-01-31 07:00:00,1103.0,7.4
2021-01-31 08:00:00,1330.0,7.5
2021-01-31 09:00:00,1617.0,7.5
2021-01-31 10:00:00,1621.0,7.6
2021-01-31 11:00:00,1636.0,7.9
2021-01-31 12:00:00,1701.0,8.1
2021-01-31 13:00:00,1543.0,8.5
2021-01-31 14:00:00,1557.0,8.5
2021-01-31 15:00:00,1516.0,8.6
2021-01-31 16:00:00,1516.0,8.5
2021-01-31 17:00:00,1656.0,8.4
2021-01-31 18:00:00,1632.0,8.4
2021-01-31 19:00:00,1685.0,8.3
2021-01-31 20:00:00,1656.0,8.3
2021-01-31 21:00:00,1551.0,8.2
2021-01-31 22:00:00,1427.0,8.2
2021-01-31 23:00:00,1296.0,8.1
2021-02-01 00:00:00,1147.0,8.0
2021-02-01 01:00:00,985.0,8.0
2021-02-01 02:00:00,939.0,8.0
2021-02-01 03:00:00,913.0,7.9
2021-02-01 04:00:00,946.0,7.9
2021-02-01 05:00:00,904.0,7.9
2021-02-01 06:00:00,949.0,7.9
2021-02-01 07:00:00,1070.0,7.9
2021-02-01 08:00:00,1309.0,8.0
2021-02-01 09:00:00,1616.0,8.3
2021-02-01 10:00:00,1607.0,8.9
2021-02-01 11:00:00,1580.0,9.7
2021-02-01 12:00:00,1606.0,10.8
2021-02-01 13:00:00,1463.0,12.2
2021-02-01 14:00:00,1432.0,13.0
2021-02-01 15:00:00,1426.0,14.3
2021-02-01 16:00:00,1361.0,15.0
2021-02-01 17:00:00,1526.0,15.0
2021-02-01 18:00:00,1548.0,13.4
2021-02-01 19:00:00,1634.0,12.4
2021-02-01 20:00:00,1632.0,12.2
2021-02-01 21:00:00,1626.0,11.5
2021-02-01 22:00:00,1533.0,10.9
2021-02-01 23:00:00,1363.0,10.6
2021-02-02 00:00:00,1186.0,10.3
2021-02-02 01:00:00,1062.0,9.9
2021-02-02 02:00:00,982.0,9.5
2021-02-02 03:00:00,928.0,9.1
2021-02-02 04:00:00,918.0,9.1
2021-02-02 05:00:00,875.0,9.2
2021-02-02 06:00:00,961.0,9.1
2021-02-02 07:00:00,1034.0,9.0
2021-02-02 08:00:00,1292.0,8.9
2021-02-02 09:00:00,1583.0,8.9
2021-02-02 10:00:00,1614.0,8.8
2021-02-02 11:00:00,1600.0,8.8
2021-02-02 12:00:00,1618.0,9.1
2021-02-02 13:00:00,1554.0,8.9
2021-02-02 14:00:00,1525.0,9.1
2021-02-02 15:00:00,1554.0,9.3
2021-02-02 16:00:00,1518.0,9.7
2021-02-02 17:00:00,1649.0,9.5
2021-02-02 18:00:00,1604.0,9.2
2021-02-02 19:00:00,1628.0,9.1
2021-02-02 20:00:00,1629.0,8.9
2021-02-02 21:00:00,1567.0,8.8
2021-02-02 22:00:00,1481.0,8.8
2021-02-02 23:00:00,1325.0,8.8
2021-02-03 00:00:00,1164.0,8.7
2021-02-03 01:00:00,1062.0,8.5
2021-02-03 02:00:00,984.0,8.4
2021-02-03 03:00:00,954.0,8.2
2021-02-03 04:00:00,960.0,7.9
2021-02-03 05:00:00,891.0,7.8
2021-02-03 06:00:00,925.0,7.7
2021-02-03 07:00:00,1001.0,7.7
2021-02-03 08:00:00,1332.0,7.8
2021-02-03 09:00:00,1640.0,7.9
2021-02-03 10:00:00,1599.0,8.1
2021-02-03 11:00:00,1636.0,8.2
2021-02-03 12:00:00,1698.0,8.3
2021-02-03 13:00:00,1553.0,8.7
2021-02-03 14:00:00,1584.0,8.8
2021-02-03 15:00:00,1499.0,8.9
2021-02-03 16:00:00,1633.0,9.0
2021-02-03 17:00:00,1696.0,9.1
2021-02-03 18:00:00,1705.0,8.9
2021-02-03 19:00:00,1769.0,8.9
2021-02-03 20:00:00,1716.0,8.8
2021-02-03 21:00:00,1687.0,8.7
2021-02-03 22:00:00,1620.0,8.8
2021-02-03 23:00:00,1408.0,8.7
2021-02-04 00:00:00,1234.0,8.6
2021-02-04 01:00:00,1032.0,8.7
2021-02-04 02:00:00,906.0,8.6
2021-02-04 03:00:00,848.0,8.5
2021-02-04 04:00:00,859.0,8.6
2021-02-04 05:00:00,834.0,8.5
2021-02-04 06:00:00,894.0,8.5
2021-02-04 07:00:00,1025.0,8.6
2021-02-04 08:00:00,1298.0,8.6
2021-02-04 09:00:00,1531.0,8.7
2021-02-04 10:00:00,1649.0,8.9
2021-02-04 11:00:00,1628.0,9.0
2021-02-04 12:00:00,1711.0,9.0
2021-02-04 13:00:00,1607.0,9.1
2021-02-04 14:00:00,1596.0,9.2
2021-02-04 15:00:00,1545.0,9.3
2021-02-04 16:00:00,1562.0,9.3
2021-02-04 17:00:00,1657.0,9.3
2021-02-04 18:00:00,1669.0,9.2
2021-02-04 19:00:00,1771.0,9.1
2021-02-04 20:00:00,1742.0,9.0
2021-02-04 21:00:00,1723.0,8.8
2021-02-04 22:00:00,1634.0,8.7
2021-02-04 23:00:00,1509.0,8.3
2021-02-05 00:00:00,1291.0,8.1
2021-02-05 01:00:00,1126.0,7.9
2021-02-05 02:00:00,1016.0,7.6
2021-02-05 03:00:00,923.0,7.4
2021-02-05 04:00:00,890.0,7.2
2021-02-05 05:00:00,861.0,7.2
2021-02-05 06:00:00,914.0,7.2
2021-02-05 07:00:00,1080.0,7.0
2021-02-05 08:00:00,1324.0,6.9
2021-02-05 09:00:00,1610.0,7.2
2021-02-05 10:00:00,1659.0,7.5
2021-02-05 11:00:00,1630.0,7.9
2021-02-05 12:00:00,1615.0,8.5
2021-02-05 13:00:00,1534.0,8.4
2021-02-05 14:00:00,1563.0,9.7
2021-02-05 15:00:00,1509.0,10.9
2021-02-05 16:00:00,1568.0,11.4
2021-02-05 17:00:00,1653.0,11.4
2021-02-05 18:00:00,1657.0,11.4
2021-02-05 19:00:00,1731.0,10.5
2021-02-05 20:00:00,1736.0,10.2
2021-02-05 21:00:00,1701.0,10.0
2021-02-05 22:00:00,1657.0,9.8
2021-02-05 23:00:00,1479.0,9.6
2021-02-06 00:00:00,1280.0,9.3
2021-02-06 01:00:00,1115.0,8.7
2021-02-06 02:00:00,1016.0,8.0
2021-02-06 03:00:00,912.0,7.7
2021-02-06 04:00:00,865.0,8.0
2021-02-06 05:00:00,846.0,7.9
2021-02-06 06:00:00,913.0,7.8
2021-02-06 07:00:00,1000.0,7.9
2021-02-06 08:00:00,1307.0,8.0
2021-02-06 09:00:00,1493.0,8.4
2021-02-06 10:00:00,1530.0,9.6
2021-02-06 11:00:00,1525.0,11.1
2021-02-06 12:00:00,1582.0,12.3
2021-02-06 13:00:00,1447.0,13.9
2021-02-06 14:00:00,1406.0,15.0
2021-02-06 15:00:00,1421.0,16.0
2021-02-06 16:00:00,1386.0,16.6
2021-02-06 17:00:00,1536.0,16.6
2021-02-06 18:00:00,1598.0,15.2
2021-02-06 19:00:00,1698.0,13.3
2021-02-06 20:00:00,1692.0,12.1
2021-02-06 21:00:00,1674.0,11.2
2021-02-06 22:00:00,1593.0,10.3
2021-02-06 23:00:00,1468.0,9.9
2021-02-07 00:00:00,1266.0,10.6
2021-02-07 01:00:00,1065.0,10.3
2021-02-07 02:00:00,981.0,10.5
2021-02-07 03:00:00,898.0,10.7
2021-02-07 04:00:00,832.0,10.8
2021-02-07 05:00:00,829.0,10.7
2021-02-07 06:00:00,836.0,10.8
2021-02-07 07:00:00,942.0,10.8
2021-02-07 08:00:00,1243.0,10.8
2021-02-07 09:00:00,1464.0,11.3
2021-02-07 10:00:00,1405.0,12.0
2021-02-07 11:00:00,1366.0,12.6
2021-02-07 12:00:00,1415.0,13.1
2021-02-07 13:00:00,1278.0,13.4
2021-02-07 14:00:00,1243.0,14.3
2021-02-07 15:00:00,1313.0,14.7
2021-02-07 16:00:00,1381.0,14.4
2021-02-07 17:00:00,1495.0,13.7
2021-02-07 18:00:00,1510.0,12.9
2021-02-07 19:00:00,1612.0,12.3
2021-02-07 20:00:00,1634.0,12.1
2021-02-07 21:00:00,1589.0,11.8
2021-02-07 22:00:00,1522.0,11.3
2021-02-07 23:00:00,1390.0,10.9
2021-02-08 00:00:00,1193.0,10.5
2021-02-08 01:00:00,1037.0,10.3
2021-02-08 02:00:00,929.0,10.2
2021-02-08 03:00:00,839.0,10.1
2021-02-08 04:00:00,789.0,9.9
2021-02-08 05:00:00,755.0,9.4
2021-02-08 06:00:00,806.0,9.3
2021-02-08 07:00:00,914.0,9.2
2021-02-08 08:00:00,1139.0,9.0
2021-02-08 09:00:00,1465.0,9.0
2021-02-08 10:00:00,1445.0,9.2
2021-02-08 11:00:00,1380.0,9.4
2021-02-08 12:00:00,1507.0,9.7
2021-02-08 13:00:00,1413.0,9.8
2021-02-08 14:00:00,1438.0,9.9
2021-02-08 15:00:00,1488.0,9.8
2021-02-08 16:00:00,1535.0,9.2
2021-02-08 17:00:00,1650.0,8.9
2021-02-08 18:00:00,1623.0,8.5
2021-02-08 19:00:00,1695.0,8.4
2021-02-08 20:00:00,1643.0,8.2
2021-02-08 21:00:00,1613.0,8.1
2021-02-08 22:00:00,1538.0,7.9
2021-02-08 23:00:00,1345.0,7.8
2021-02-09 00:00:00,1150.0,7.6
2021-02-09 01:00:00,979.0,7.5
2021-02-09 02:00:00,899.0,7.3
2021-02-09 03:00:00,839.0,7.3
2021-02-09 04:00:00,774.0,7.1
2021-02-09 05:00:00,732.0,7.0
2021-02-09 06:00:00,762.0,6.7
2021-02-09 07:00:00,845.0,6.7
2021-02-09 08:00:00,1228.0,6.7
2021-02-09 09:00:00,1485.0,6.7
2021-02-09 10:00:00,1473.0,6.9
2021-02-09 11:00:00,1453.0,7.1
2021-02-09 12:00:00,1538.0,7.3
2021-02-09 13:00:00,1443.0,7.8
2021-02-09 14:00:00,1490.0,7.8
2021-02-09 15:00:00,1482.0,7.8
2021-02-09 16:00:00,1464.0,8.1
2021-02-09 17:00:00,1543.0,8.2
2021-02-09 18:00:00,1618.0,8.1
2021-02-09 19:00:00,1711.0,7.9
2021-02-09 20:00:00,1676.0,7.7
2021-02-09 21:00:00,1703.0,7.7
2021-02-09 22:00:00,1622.0,7.7
2021-02-09 23:00:00,1472.0,7.6
2021-02-10 00:00:00,1266.0,7.6
2021-02-10 01:00:00,1115.0,7.6
2021-02-10 02:00:00,975.0,7.6
2021-02-10 03:00:00,905.0,7.6
2021-02-10 04:00:00,811.0,7.6
2021-02-10 05:00:00,789.0,7.6
2021-02-10 06:00:00,846.0,7.6
2021-02-10 07:00:00,887.0,7.7
2021-02-10 08:00:00,1221.0,7.8
2021-02-10 09:00:00,1482.0,8.0
2021-02-10 10:00:00,1464.0,8.8
2021-02-10 11:00:00,1427.0,9.2
2021-02-10 12:00:00,1449.0,9.4
2021-02-10 13:00:00,1437.0,9.7
2021-02-10 14:00:00,1456.0,9.7
2021-02-10 15:00:00,1434.0,9.9
2021-02-10 16:00:00,1470.0,10.0
2021-02-10 17:00:00,1499.0,9.8
2021-02-10 18:00:00,1473.0,10.0
2021-02-10 19:00:00,1556.0,9.8
2021-02-10 20:00:00,1603.0,9.7
2021-02-10 21:00:00,1586.0,9.7
2021-02-10 22:00:00,1552.0,9.6
2021-02-10 23:00:00,1370.0,9.5
2021-02-11 00:00:00,1174.0,9.6
2021-02-11 01:00:00,980.0,9.5
2021-02-11 02:00:00,900.0,9.5
2021-02-11 03:00:00,784.0,9.2
2021-02-11 04:00:00,756.0,9.1
2021-02-11 05:00:00,736.0,8.9
2021-02-11 06:00:00,774.0,8.7
2021-02-11 07:00:00,900.0,8.6
2021-02-11 08:00:00,1269.0,8.7
2021-02-11 09:00:00,1418.0,9.6
2021-02-11 10:00:00,1393.0,10.4
2021-02-11 11:00:00,1365.0,11.2
2021-02-11 12:00:00,1435.0,12.1
2021-02-11 13:00:00,1487.0,12.1
2021-02-11 14:00:00,1440.0,12.4
2021-02-11 15:00:00,1511.0,14.0
2021-02-11 16:00:00,1386.0,15.2
2021-02-11 17:00:00,1415.0,15.2
2021-02-11 18:00:00,1375.0,14.9
2021-02-11 19:00:00,1548.0,12.8
2021-02-11 20:00:00,1530.0,11.0
2021-02-11 21:00:00,1513.0,10.2
2021-02-11 22:00:00,1441.0,9.2
2021-02-11 23:00:00,1404.0,8.6
2021-02-12 00:00:00,1323.0,8.0
2021-02-12 01:00:00,1098.0,7.3
2021-02-12 02:00:00,866.0,7.5
2021-02-12 03:00:00,759.0,7.5
2021-02-12 04:00:00,723.0,7.8
2021-02-12 05:00:00,710.0,7.7
2021-02-12 06:00:00,769.0,7.2
2021-02-12 07:00:00,803.0,7.4
2021-02-12 08:00:00,1012.0,7.5
2021-02-12 09:00:00,1190.0,7.6
2021-02-12 10:00:00,1335.0,7.9
2021-02-12 11:00:00,1279.0,8.5
2021-02-12 12:00:00,1210.0,9.3
2021-02-12 13:00:00,1089.0,10.8
2021-02-12 14:00:00,1023.0,13.2
2021-02-12 15:00:00,992.0,16.0
2021-02-12 16:00:00,1028.0,17.9
2021-02-12 17:00:00,1090.0,18.2
2021-02-12 18:00:00,1130.0,17.5
2021-02-12 19:00:00,1178.0,14.6
2021-02-12 20:00:00,1210.0,12.6
2021-02-12 21:00:00,1210.0,11.2
2021-02-12 22:00:00,1208.0,10.5
2021-02-12 23:00:00,1141.0,9.6
2021-02-13 00:00:00,1007.0,9.2
2021-02-13 01:00:00,849.0,8.9
2021-02-13 02:00:00,760.0,8.3
2021-02-13 03:00:00,747.0,7.6
2021-02-13 04:00:00,725.0,7.0
2021-02-13 05:00:00,698.0,6.7
2021-02-13 06:00:00,753.0,6.2
2021-02-13 07:00:00,813.0,5.9
2021-02-13 08:00:00,1159.0,6.8
2021-02-13 09:00:00,1359.0,7.6
2021-02-13 10:00:00,1413.0,8.3
2021-02-13 11:00:00,1318.0,8.9
2021-02-13 12:00:00,1168.0,12.1
2021-02-13 13:00:00,1057.0,15.8
2021-02-13 14:00:00,1049.0,16.3
2021-02-13 15:00:00,1050.0,16.9
2021-02-13 16:00:00,1060.0,17.0
2021-02-13 17:00:00,1128.0,16.7
2021-02-13 18:00:00,1176.0,16.1
2021-02-13 19:00:00,1266.0,15.1
2021-02-13 20:00:00,1327.0,14.3
2021-02-13 21:00:00,1308.0,13.8
2021-02-13 22:00:00,1275.0,13.3
2021-02-13 23:00:00,1201.0,13.0
2021-02-14 00:00:00,1072.0,12.0
2021-02-14 01:00:00,947.0,11.2
2021-02-14 02:00:00,853.0,10.7
2021-02-14 03:00:00,763.0,10.7
2021-02-14 04:00:00,714.0,10.3
2021-02-14 05:00:00,723.0,10.3
2021-02-14 06:00:00,748.0,9.7
2021-02-14 07:00:00,849.0,10.4
2021-02-14 08:00:00,1168.0,10.8
2021-02-14 09:00:00,1261.0,12.8
2021-02-14 10:00:00,1266.0,14.9
2021-02-14 11:00:00,1127.0,17.0
2021-02-14 12:00:00,1068.0,19.0
2021-02-14 13:00:00,1026.0,20.1
2021-02-14 14:00:00,966.0,21.1
2021-02-14 15:00:00,948.0,22.2
2021-02-14 16:00:00,983.0,22.2
2021-02-14 17:00:00,1092.0,22.3
2021-02-14 18:00:00,1249.0,21.2
2021-02-14 19:00:00,1301.0,18.1
2021-02-14 20:00:00,1383.0,15.4
2021-02-14 21:00:00,1373.0,14.0
2021-02-14 22:00:00,1347.0,12.5
2021-02-14 23:00:00,1240.0,11.7
2021-02-15 00:00:00,1122.0,11.0
2021-02-15 01:00:00,968.0,10.6
2021-02-15 02:00:00,843.0,10.1
2021-02-15 03:00:00,818.0,9.6
2021-02-15 04:00:00,718.0,9.4
2021-02-15 05:00:00,737.0,9.4
2021-02-15 06:00:00,732.0,9.6
2021-02-15 07:00:00,844.0,9.8
2021-02-15 08:00:00,1175.0,10.2
2021-02-15 09:00:00,1331.0,11.2
2021-02-15 10:00:00,1294.0,11.5
2021-02-15 11:00:00,1266.0,12.0
2021-02-15 12:00:00,1257.0,12.2
2021-02-15 13:00:00,1151.0,11.6
2021-02-15 14:00:00,1193.0,11.3
2021-02-15 15:00:00,1188.0,11.4
2021-02-15 16:00:00,1220.0,11.4
2021-02-15 17:00:00,1267.0,11.4
2021-02-15 18:00:00,1344.0,12.0
2021-02-15 19:00:00,1404.0,11.7
2021-02-15 20:00:00,1403.0,11.7
2021-02-15 21:00:00,1390.0,11.1
2021-02-15 22:00:00,1320.0,10.8
2021-02-15 23:00:00,1233.0,10.5
2021-02-16 00:00:00,1076.0,10.1
2021-02-16 01:00:00,990.0,9.7
2021-02-16 02:00:00,945.0,9.5
2021-02-16 03:00:00,907.0,9.4
2021-02-16 04:00:00,752.0,9.3
2021-02-16 05:00:00,730.0,9.1
2021-02-16 06:00:00,761.0,9.2
2021-02-16 07:00:00,785.0,8.9
2021-02-16 08:00:00,1031.0,8.7
2021-02-16 09:00:00,1302.0,8.6
2021-02-16 10:00:00,1334.0,8.7
2021-02-16 11:00:00,1366.0,9.1
2021-02-16 12:00:00,1314.0,9.8
2021-02-16 13:00:00,1225.0,10.6
2021-02-16 14:00:00,1228.0,11.2
2021-02-16 15:00:00,1242.0,11.6
2021-02-16 16:00:00,1244.0,11.9
2021-02-16 17:00:00,1335.0,11.9
2021-02-16 18:00:00,1328.0,11.8
2021-02-16 19:00:00,1422.0,10.8
2021-02-16 20:00:00,1475.0,9.9
2021-02-16 21:00:00,1472.0,9.0
2021-02-16 22:00:00,1426.0,8.4
2021-02-16 23:00:00,1293.0,7.6
2021-02-17 00:00:00,1148.0,7.4
2021-02-17 01:00:00,1010.0,6.6
2021-02-17 02:00:00,908.0,5.7
2021-02-17 03:00:00,907.0,6.0
2021-02-17 04:00:00,847.0,6.0
2021-02-17 05:00:00,738.0,6.6
2021-02-17 06:00:00,757.0,6.7
2021-02-17 07:00:00,871.0,6.6
2021-02-17 08:00:00,1155.0,6.4
2021-02-17 09:00:00,1382.0,6.7
2021-02-17 10:00:00,1330.0,7.3
2021-02-17 11:00:00,1400.0,9.4
2021-02-17 12:00:00,1297.0,10.9
2021-02-17 13:00:00,1169.0,11.7
2021-02-17 14:00:00,1157.0,14.1
2021-02-17 15:00:00,1179.0,14.9
2021-02-17 16:00:00,1165.0,16.0
2021-02-17 17:00:00,1275.0,16.2
2021-02-17 18:00:00,1302.0,15.0
2021-02-17 19:00:00,1406.0,13.0
2021-02-17 20:00:00,1478.0,11.2
2021-02-17 21:00:00,1458.0,10.0
2021-02-17 22:00:00,1419.0,8.9
2021-02-17 23:00:00,1250.0,8.2
2021-02-18 00:00:00,1087.0,8.1
2021-02-18 01:00:00,879.0,7.5
2021-02-18 02:00:00,798.0,7.2
2021-02-18 03:00:00,777.0,7.2
2021-02-18 04:00:00,735.0,7.0
2021-02-18 05:00:00,690.0,7.1
2021-02-18 06:00:00,749.0,7.2
2021-02-18 07:00:00,882.0,7.1
2021-02-18 08:00:00,1185.0,7.4
2021-02-18 09:00:00,1360.0,8.6
2021-02-18 10:00:00,1363.0,10.6
2021-02-18 11:00:00,1371.0,11.3
2021-02-18 12:00:00,1356.0,12.2
2021-02-18 13:00:00,1264.0,13.6
2021-02-18 14:00:00,1173.0,14.9
2021-02-18 15:00:00,1204.0,16.7
2021-02-18 16:00:00,1169.0,17.7
2021-02-18 17:00:00,1322.0,18.1
2021-02-18 18:00:00,1301.0,16.2
2021-02-18 19:00:00,1529.0,14.8
2021-02-18 20:00:00,1600.0,13.4
2021-02-18 21:00:00,1480.0,11.3
2021-02-18 22:00:00,1380.0,9.8
2021-02-18 23:00:00,1254.0,9.6
2021-02-19 00:00:00,1085.0,8.8
2021-02-19 01:00:00,884.0,8.2
2021-02-19 02:00:00,805.0,7.5
2021-02-19 03:00:00,775.0,6.8
2021-02-19 04:00:00,787.0,6.3
2021-02-19 05:00:00,747.0,6.1
2021-02-19 06:00:00,787.0,6.2
2021-02-19 07:00:00,913.0,7.5
2021-02-19 08:00:00,1240.0,7.8
2021-02-19 09:00:00,1444.0,8.6
2021-02-19 10:00:00,1403.0,10.2
2021-02-19 11:00:00,1405.0,12.8
2021-02-19 12:00:00,1390.0,15.6
2021-02-19 13:00:00,1308.0,17.2
2021-02-19 14:00:00,1266.0,18.3
2021-02-19 15:00:00,1308.0,19.0
2021-02-19 16:00:00,1304.0,18.4
2021-02-19 17:00:00,1423.0,17.9
2021-02-19 18:00:00,1472.0,17.1
2021-02-19 19:00:00,1570.0,15.7
2021-02-19 20:00:00,1584.0,14.9
2021-02-19 21:00:00,1549.0,13.7
2021-02-19 22:00:00,1443.0,12.8
2021-02-19 23:00:00,1309.0,9.7
2021-02-20 00:00:00,1176.0,8.7
2021-02-20 01:00:00,1030.0,8.5
2021-02-20 02:00:00,930.0,8.8
2021-02-20 03:00:00,916.0,8.0
2021-02-20 04:00:00,869.0,7.2
2021-02-20 05:00:00,783.0,8.0
2021-02-20 06:00:00,824.0,6.7
2021-02-20 07:00:00,975.0,5.8
2021-02-20 08:00:00,1304.0,7.0
2021-02-20 09:00:00,1382.0,9.7
2021-02-20 10:00:00,1436.0,12.0
2021-02-20 11:00:00,1379.0,14.6
2021-02-20 12:00:00,1328.0,17.4
2021-02-20 13:00:00,1240.0,19.1
2021-02-20 14:00:00,1249.0,20.8
2021-02-20 15:00:00,1178.0,22.3
2021-02-20 16:00:00,1185.0,23.5
2021-02-20 17:00:00,1293.0,23.7
2021-02-20 18:00:00,1319.0,22.6
2021-02-20 19:00:00,1502.0,18.3
2021-02-20 20:00:00,1510.0,16.1
2021-02-20 21:00:00,1511.0,14.8
2021-02-20 22:00:00,1396.0,14.2
2021-02-20 23:00:00,1243.0,14.1
2021-02-21 00:00:00,1121.0,14.5
2021-02-21 01:00:00,1029.0,13.3
2021-02-21 02:00:00,957.0,12.3
2021-02-21 03:00:00,850.0,11.4
2021-02-21 04:00:00,787.0,11.2
2021-02-21 05:00:00,763.0,10.6
2021-02-21 06:00:00,802.0,10.1
2021-02-21 07:00:00,956.0,9.9
2021-02-21 08:00:00,1220.0,10.5
2021-02-21 09:00:00,1383.0,12.9
2021-02-21 10:00:00,1325.0,15.3
2021-02-21 11:00:00,1293.0,18.6
2021-02-21 12:00:00,1263.0,21.5
2021-02-21 13:00:00,1194.0,22.8
2021-02-21 14:00:00,1178.0,23.9
2021-02-21 15:00:00,1207.0,24.2
2021-02-21 16:00:00,1223.0,24.9
2021-02-21 17:00:00,1331.0,24.4
2021-02-21 18:00:00,1410.0,22.9
2021-02-21 19:00:00,1521.0,21.9
2021-02-21 20:00:00,1544.0,20.6
2021-02-21 21:00:00,1429.0,19.9
2021-02-21 22:00:00,1343.0,19.9
2021-02-21 23:00:00,1214.0,19.3
2021-02-22 00:00:00,1073.0,17.3
2021-02-22 01:00:00,953.0,16.4
2021-02-22 02:00:00,900.0,15.9
2021-02-22 03:00:00,818.0,16.0
2021-02-22 04:00:00,788.0,15.9
2021-02-22 05:00:00,780.0,16.0
2021-02-22 06:00:00,801.0,15.6
2021-02-22 07:00:00,951.0,14.5
2021-02-22 08:00:00,1214.0,14.7
2021-02-22 09:00:00,1278.0,16.3
2021-02-22 10:00:00,1256.0,19.2
2021-02-22 11:00:00,1214.0,21.9
2021-02-22 12:00:00,1245.0,23.2
2021-02-22 13:00:00,1166.0,24.6
2021-02-22 14:00:00,1110.0,25.5
2021-02-22 15:00:00,1129.0,26.2
2021-02-22 16:00:00,1174.0,26.8
2021-02-22 17:00:00,1267.0,26.8
2021-02-22 18:00:00,1323.0,25.7
2021-02-22 19:00:00,1439.0,23.0
2021-02-22 20:00:00,1522.0,21.0
2021-02-22 21:00:00,1408.0,19.7
2021-02-22 22:00:00,1307.0,19.1
2021-02-22 23:00:00,1177.0,18.7
2021-02-23 00:00:00,1055.0,18.6
2021-02-23 01:00:00,891.0,18.3
2021-02-23 02:00:00,787.0,17.6
2021-02-23 03:00:00,775.0,16.9
2021-02-23 04:00:00,844.0,15.9
2021-02-23 05:00:00,827.0,15.3
2021-02-23 06:00:00,908.0,15.2
2021-02-23 07:00:00,1040.0,14.9
2021-02-23 08:00:00,1294.0,15.6
2021-02-23 09:00:00,1408.0,17.3
2021-02-23 10:00:00,1292.0,19.0
2021-02-23 11:00:00,1247.0,20.5
2021-02-23 12:00:00,1253.0,22.4
2021-02-23 13:00:00,1121.0,23.8
2021-02-23 14:00:00,1204.0,25.1
2021-02-23 15:00:00,1205.0,26.4
2021-02-23 16:00:00,1199.0,27.5
2021-02-23 17:00:00,1259.0,26.4
2021-02-23 18:00:00,1318.0,25.6
2021-02-23 19:00:00,1407.0,22.9
2021-02-23 20:00:00,1447.0,21.3
2021-02-23 21:00:00,1378.0,20.1
2021-02-23 22:00:00,1298.0,19.1
2021-02-23 23:00:00,1110.0,18.0
2021-02-24 00:00:00,978.0,16.7
2021-02-24 01:00:00,879.0,15.5
2021-02-24 02:00:00,823.0,14.6
2021-02-24 03:00:00,771.0,14.3
2021-02-24 04:00:00,765.0,13.7
2021-02-24 05:00:00,769.0,13.1
2021-02-24 06:00:00,779.0,12.7
2021-02-24 07:00:00,921.0,12.6
2021-02-24 08:00:00,1248.0,12.7
2021-02-24 09:00:00,1303.0,13.6
2021-02-24 10:00:00,1275.0,14.0
2021-02-24 11:00:00,1227.0,14.8
2021-02-24 12:00:00,1288.0,15.3
2021-02-24 13:00:00,1229.0,16.3
2021-02-24 14:00:00,1203.0,17.5
2021-02-24 15:00:00,1226.0,19.0
2021-02-24 16:00:00,1298.0,18.5
2021-02-24 17:00:00,1422.0,17.8
2021-02-24 18:00:00,1412.0,15.6
2021-02-24 19:00:00,1475.0,14.6
2021-02-24 20:00:00,1508.0,13.7
2021-02-24 21:00:00,1400.0,13.1
2021-02-24 22:00:00,1296.0,12.6
2021-02-24 23:00:00,1179.0,12.0
2021-02-25 00:00:00,1059.0,11.6
2021-02-25 01:00:00,941.0,11.2
2021-02-25 02:00:00,855.0,10.9
2021-02-25 03:00:00,868.0,10.5
2021-02-25 04:00:00,817.0,10.3
2021-02-25 05:00:00,803.0,9.8
2021-02-25 06:00:00,886.0,9.6
2021-02-25 07:00:00,979.0,9.4
2021-02-25 08:00:00,1249.0,9.3
2021-02-25 09:00:00,1479.0,9.2
2021-02-25 10:00:00,1457.0,8.7
2021-02-25 11:00:00,1497.0,7.9
2021-02-25 12:00:00,1537.0,7.6
2021-02-25 13:00:00,1519.0,7.0
2021-02-25 14:00:00,1493.0,6.9
2021-02-25 15:00:00,1494.0,6.9
2021-02-25 16:00:00,1565.0,6.6
2021-02-25 17:00:00,1651.0,6.3
2021-02-25 18:00:00,1660.0,5.9
2021-02-25 19:00:00,1682.0,5.6
2021-02-25 20:00:00,1674.0,5.5
2021-02-25 21:00:00,1551.0,5.6
2021-02-25 22:00:00,1435.0,5.6
2021-02-25 23:00:00,1298.0,5.5
2021-02-26 00:00:00,1177.0,5.4
2021-02-26 01:00:00,1042.0,5.1
2021-02-26 02:00:00,1001.0,5.1
2021-02-26 03:00:00,944.0,5.2
2021-02-26 04:00:00,982.0,5.2
2021-02-26 05:00:00,938.0,5.2
2021-02-26 06:00:00,913.0,5.3
2021-02-26 07:00:00,984.0,5.2
2021-02-26 08:00:00,1309.0,5.4
2021-02-26 09:00:00,1462.0,5.7
2021-02-26 10:00:00,1522.0,5.9
2021-02-26 11:00:00,1563.0,5.8
2021-02-26 12:00:00,1571.0,5.6
2021-02-26 13:00:00,1538.0,5.2
2021-02-26 14:00:00,1586.0,5.5
2021-02-26 15:00:00,1574.0,5.4
2021-02-26 16:00:00,1668.0,5.7
2021-02-26 17:00:00,1668.0,5.8
2021-02-26 18:00:00,1610.0,5.7
2021-02-26 19:00:00,1674.0,5.7
2021-02-26 20:00:00,1659.0,5.6
2021-02-26 21:00:00,1673.0,5.7
2021-02-26 22:00:00,1557.0,5.9
2021-02-26 23:00:00,1374.0,5.8
2021-02-27 00:00:00,1195.0,5.7
2021-02-27 01:00:00,1059.0,5.8
2021-02-27 02:00:00,997.0,5.7
2021-02-27 03:00:00,978.0,5.5
2021-02-27 04:00:00,919.0,5.3
2021-02-27 05:00:00,939.0,5.2
2021-02-27 06:00:00,937.0,5.1
2021-02-27 07:00:00,1050.0,5.2
2021-02-27 08:00:00,1330.0,5.4
2021-02-27 09:00:00,1554.0,5.8
2021-02-27 10:00:00,1587.0,6.6
2021-02-27 11:00:00,1598.0,7.1
2021-02-27 12:00:00,1628.0,7.6
2021-02-27 13:00:00,1528.0,7.8
2021-02-27 14:00:00,1568.0,7.9
2021-02-27 15:00:00,1611.0,7.9
2021-02-27 16:00:00,1636.0,7.8
2021-02-27 17:00:00,1707.0,7.4
2021-02-27 18:00:00,1686.0,6.9
2021-02-27 19:00:00,1783.0,6.8
2021-02-27 20:00:00,1774.0,6.9
2021-02-27 21:00:00,1711.0,6.7
2021-02-27 22:00:00,1662.0,6.7
2021-02-27 23:00:00,1438.0,6.7
2021-02-28 00:00:00,1254.0,6.5
2021-02-28 01:00:00,1139.0,6.4
2021-02-28 02:00:00,1041.0,6.2
2021-02-28 03:00:00,1035.0,6.2
2021-02-28 04:00:00,960.0,6.1
2021-02-28 05:00:00,920.0,6.1
2021-02-28 06:00:00,855.0,6.1
2021-02-28 07:00:00,1010.0,6.1
2021-02-28 08:00:00,1368.0,6.2
2021-02-28 09:00:00,1552.0,6.3
2021-02-28 10:00:00,1554.0,6.5
2021-02-28 11:00:00,1532.0,6.8
2021-02-28 12:00:00,1621.0,7.1
2021-02-28 13:00:00,1612.0,7.4
2021-02-28 14:00:00,1503.0,7.4
2021-02-28 15:00:00,1621.0,7.4
2021-02-28 16:00:00,1606.0,7.6
2021-02-28 17:00:00,1733.0,7.5
2021-02-28 18:00:00,1765.0,7.4
2021-02-28 19:00:00,1788.0,7.3
2021-02-28 20:00:00,1802.0,7.3
2021-02-28 21:00:00,1728.0,7.2
2021-02-28 22:00:00,1614.0,7.2
2021-02-28 23:00:00,1434.0,7.2
2021-03-01 00:00:00,1237.0,7.2
2021-03-01 01:00:00,1054.0,7.2
2021-03-01 02:00:00,958.0,7.3
2021-03-01 03:00:00,989.0,7.2
2021-03-01 04:00:00,904.0,7.2
2021-03-01 05:00:00,911.0,7.3
2021-03-01 06:00:00,984.0,7.3
2021-03-01 07:00:00,1204.0,7.3
2021-03-01 08:00:00,1389.0,7.5
2021-03-01 09:00:00,1594.0,7.7
2021-03-01 10:00:00,1531.0,8.0
2021-03-01 11:00:00,1532.0,8.2
2021-03-01 12:00:00,1621.0,8.5
2021-03-01 13:00:00,1564.0,8.8
2021-03-01 14:00:00,1461.0,9.2
2021-03-01 15:00:00,1526.0,9.4
2021-03-01 16:00:00,1490.0,9.5
2021-03-01 17:00:00,1713.0,9.3
2021-03-01 18:00:00,1623.0,9.3
2021-03-01 19:00:00,1706.0,9.1
2021-03-01 20:00:00,1692.0,9.0
2021-03-01 21:00:00,1640.0,8.6
2021-03-01 22:00:00,1553.0,8.2
2021-03-01 23:00:00,1356.0,8.0
2021-03-02 00:00:00,1193.0,7.8
2021-03-02 01:00:00,1095.0,7.7
2021-03-02 02:00:00,949.0,7.6
2021-03-02 03:00:00,894.0,7.5
2021-03-02 04:00:00,875.0,7.5
2021-03-02 05:00:00,899.0,7.6
2021-03-02 06:00:00,938.0,7.4
2021-03-02 07:00:00,1209.0,7.3
2021-03-02 08:00:00,1394.0,7.4
2021-03-02 09:00:00,1493.0,8.2
2021-03-02 10:00:00,1522.0,10.2
2021-03-02 11:00:00,1487.0,11.2
2021-03-02 12:00:00,1471.0,12.6
2021-03-02 13:00:00,1402.0,13.3
2021-03-02 14:00:00,1400.0,12.5
2021-03-02 15:00:00,1515.0,13.3
2021-03-02 16:00:00,1487.0,13.6
2021-03-02 17:00:00,1622.0,13.0
2021-03-02 18:00:00,1634.0,11.8
2021-03-02 19:00:00,1709.0,11.0
2021-03-02 20:00:00,1753.0,10.5
2021-03-02 21:00:00,1736.0,10.1
2021-03-02 22:00:00,1555.0,10.0
2021-03-02 23:00:00,1339.0,9.5
2021-03-03 00:00:00,1214.0,9.0
2021-03-03 01:00:00,1097.0,8.2
2021-03-03 02:00:00,1037.0,7.5
2021-03-03 03:00:00,1024.0,6.9
2021-03-03 04:00:00,1039.0,6.2
2021-03-03 05:00:00,957.0,6.1
2021-03-03 06:00:00,1007.0,6.1
2021-03-03 07:00:00,1245.0,6.1
2021-03-03 08:00:00,1452.0,6.1
2021-03-03 09:00:00,1559.0,6.5
2021-03-03 10:00:00,1488.0,7.2
2021-03-03 11:00:00,1515.0,8.5
2021-03-03 12:00:00,1577.0,9.7
2021-03-03 13:00:00,1436.0,11.2
2021-03-03 14:00:00,1447.0,11.3
2021-03-03 15:00:00,1465.0,11.8
2021-03-03 16:00:00,1441.0,12.4
2021-03-03 17:00:00,1599.0,12.8
2021-03-03 18:00:00,1522.0,12.1
2021-03-03 19:00:00,1632.0,10.8
2021-03-03 20:00:00,1768.0,10.8
2021-03-03 21:00:00,1675.0,9.5
2021-03-03 22:00:00,1509.0,9.5
2021-03-03 23:00:00,1332.0,8.4
2021-03-04 00:00:00,1163.0,8.0
2021-03-04 01:00:00,1050.0,8.0
2021-03-04 02:00:00,993.0,8.0
2021-03-04 03:00:00,982.0,7.9
2021-03-04 04:00:00,902.0,8.1
2021-03-04 05:00:00,859.0,8.4
2021-03-04 06:00:00,914.0,7.8
2021-03-04 07:00:00,1165.0,7.6
2021-03-04 08:00:00,1353.0,7.8
2021-03-04 09:00:00,1521.0,9.0
2021-03-04 10:00:00,1563.0,10.1
2021-03-04 11:00:00,1537.0,12.2
2021-03-04 12:00:00,1520.0,12.3
2021-03-04 13:00:00,1444.0,12.6
2021-03-04 14:00:00,1382.0,13.3
2021-03-04 15:00:00,1432.0,13.5
2021-03-04 16:00:00,1482.0,13.7
2021-03-04 17:00:00,1646.0,13.6
2021-03-04 18:00:00,1607.0,13.1
2021-03-04 19:00:00,1696.0,12.7
2021-03-04 20:00:00,1716.0,12.3
2021-03-04 21:00:00,1635.0,12.0
2021-03-04 22:00:00,1486.0,11.9
2021-03-04 23:00:00,1317.0,11.5
2021-03-05 00:00:00,1167.0,11.1
2021-03-05 01:00:00,1034.0,10.6
2021-03-05 02:00:00,914.0,10.2
2021-03-05 03:00:00,915.0,10.0
2021-03-05 04:00:00,893.0,10.0
2021-03-05 05:00:00,852.0,10.0
2021-03-05 06:00:00,963.0,10.0
2021-03-05 07:00:00,1213.0,9.9
2021-03-05 08:00:00,1383.0,10.1
2021-03-05 09:00:00,1436.0,10.3
2021-03-05 10:00:00,1436.0,10.6
2021-03-05 11:00:00,1470.0,11.4
2021-03-05 12:00:00,1447.0,11.6
2021-03-05 13:00:00,1470.0,12.4
2021-03-05 14:00:00,1418.0,13.1
2021-03-05 15:00:00,1410.0,13.5
2021-03-05 16:00:00,1391.0,13.8
2021-03-05 17:00:00,1589.0,13.8
2021-03-05 18:00:00,1534.0,13.5
2021-03-05 19:00:00,1572.0,13.2
2021-03-05 20:00:00,1648.0,12.8
2021-03-05 21:00:00,1554.0,12.6
2021-03-05 22:00:00,1483.0,12.3
2021-03-05 23:00:00,1330.0,11.9
2021-03-06 00:00:00,1154.0,11.6
2021-03-06 01:00:00,1038.0,11.4
2021-03-06 02:00:00,876.0,11.4
2021-03-06 03:00:00,890.0,11.3
2021-03-06 04:00:00,826.0,11.1
2021-03-06 05:00:00,910.0,11.0
2021-03-06 06:00:00,945.0,10.9
2021-03-06 07:00:00,1055.0,10.8
2021-03-06 08:00:00,1276.0,10.9
2021-03-06 09:00:00,1460.0,11.5
2021-03-06 10:00:00,1449.0,12.5
2021-03-06 11:00:00,1435.0,13.9
2021-03-06 12:00:00,1417.0,14.4
2021-03-06 13:00:00,1384.0,14.8
2021-03-06 14:00:00,1461.0,14.6
2021-03-06 15:00:00,1410.0,14.3
2021-03-06 16:00:00,1449.0,14.0
2021-03-06 17:00:00,1592.0,13.7
2021-03-06 18:00:00,1457.0,13.0
2021-03-06 19:00:00,1557.0,12.6
2021-03-06 20:00:00,1559.0,12.3
2021-03-06 21:00:00,1506.0,11.6
2021-03-06 22:00:00,1413.0,11.0
2021-03-06 23:00:00,1260.0,10.6
2021-03-07 00:00:00,1095.0,10.0
2021-03-07 01:00:00,1061.0,9.5
2021-03-07 02:00:00,988.0,9.3
2021-03-07 03:00:00,963.0,8.9
2021-03-07 04:00:00,887.0,8.5
2021-03-07 05:00:00,885.0,8.2
2021-03-07 06:00:00,890.0,8.0
2021-03-07 07:00:00,1004.0,8.0
2021-03-07 08:00:00,1276.0,7.9
2021-03-07 09:00:00,1489.0,8.4
2021-03-07 10:00:00,1448.0,8.9
2021-03-07 11:00:00,1434.0,9.2
2021-03-07 12:00:00,1435.0,10.0
2021-03-07 13:00:00,1490.0,10.1
2021-03-07 14:00:00,1515.0,10.6
2021-03-07 15:00:00,1458.0,10.9
2021-03-07 16:00:00,1523.0,10.9
2021-03-07 17:00:00,1618.0,10.9
2021-03-07 18:00:00,1608.0,10.7
2021-03-07 19:00:00,1679.0,10.4
2021-03-07 20:00:00,1715.0,9.7
2021-03-07 21:00:00,1636.0,9.3
2021-03-07 22:00:00,1447.0,9.0
2021-03-07 23:00:00,1297.0,8.1
2021-03-08 00:00:00,1138.0,7.7
2021-03-08 01:00:00,1014.0,7.2
2021-03-08 02:00:00,890.0,6.9
2021-03-08 03:00:00,948.0,6.7
2021-03-08 04:00:00,912.0,6.7
2021-03-08 05:00:00,896.0,6.4
2021-03-08 06:00:00,947.0,6.4
2021-03-08 07:00:00,1130.0,6.3
2021-03-08 08:00:00,1340.0,6.1
2021-03-08 09:00:00,1558.0,6.3
2021-03-08 10:00:00,1572.0,7.0
2021-03-08 11:00:00,1540.0,7.2
2021-03-08 12:00:00,1534.0,7.6
2021-03-08 13:00:00,1515.0,7.6
2021-03-08 14:00:00,1473.0,8.0
2021-03-08 15:00:00,1449.0,8.5
2021-03-08 16:00:00,1480.0,8.9
2021-03-08 17:00:00,1619.0,8.7
2021-03-08 18:00:00,1501.0,8.6
2021-03-08 19:00:00,1607.0,8.4
2021-03-08 20:00:00,1611.0,8.4
2021-03-08 21:00:00,1592.0,8.4
2021-03-08 22:00:00,1430.0,8.4
2021-03-08 23:00:00,1279.0,8.2
2021-03-09 00:00:00,1124.0,8.2
2021-03-09 01:00:00,996.0,8.1
2021-03-09 02:00:00,964.0,8.1
2021-03-09 03:00:00,955.0,8.0
2021-03-09 04:00:00,979.0,7.8
2021-03-09 05:00:00,961.0,7.8
2021-03-09 06:00:00,986.0,7.6
2021-03-09 07:00:00,1240.0,7.6
2021-03-09 08:00:00,1430.0,7.7
2021-03-09 09:00:00,1541.0,8.1
2021-03-09 10:00:00,1571.0,8.2
2021-03-09 11:00:00,1580.0,8.3
2021-03-09 12:00:00,1524.0,8.5
2021-03-09 13:00:00,1470.0,9.1
2021-03-09 14:00:00,1490.0,9.0
2021-03-09 15:00:00,1469.0,8.7
2021-03-09 16:00:00,1558.0,8.8
2021-03-09 17:00:00,1643.0,8.9
2021-03-09 18:00:00,1615.0,8.7
2021-03-09 19:00:00,1662.0,8.6
2021-03-09 20:00:00,1656.0,8.4
2021-03-09 21:00:00,1612.0,8.4
2021-03-09 22:00:00,1457.0,8.3
2021-03-09 23:00:00,1264.0,8.3
2021-03-10 00:00:00,1112.0,8.2
2021-03-10 01:00:00,1038.0,8.1
2021-03-10 02:00:00,960.0,7.9
2021-03-10 03:00:00,954.0,7.8
2021-03-10 04:00:00,900.0,7.8
2021-03-10 05:00:00,877.0,7.7
2021-03-10 06:00:00,924.0,7.7
2021-03-10 07:00:00,1132.0,7.7
2021-03-10 08:00:00,1296.0,7.7
2021-03-10 09:00:00,1431.0,8.0
2021-03-10 10:00:00,1508.0,8.3
2021-03-10 11:00:00,1491.0,8.7
2021-03-10 12:00:00,1470.0,8.6
2021-03-10 13:00:00,1480.0,8.9
2021-03-10 14:00:00,1461.0,8.7
2021-03-10 15:00:00,1482.0,8.7
2021-03-10 16:00:00,1513.0,8.8
2021-03-10 17:00:00,1654.0,8.9
2021-03-10 18:00:00,1630.0,8.9
2021-03-10 19:00:00,1629.0,8.6
2021-03-10 20:00:00,1676.0,8.5
2021-03-10 21:00:00,1555.0,8.5
2021-03-10 22:00:00,1480.0,8.5
2021-03-10 23:00:00,1286.0,8.4
2021-03-11 00:00:00,1128.0,8.4
2021-03-11 01:00:00,1050.0,8.4
2021-03-11 02:00:00,988.0,8.4
2021-03-11 03:00:00,958.0,8.4
2021-03-11 04:00:00,1002.0,8.4
2021-03-11 05:00:00,955.0,8.4
2021-03-11 06:00:00,1020.0,8.4
2021-03-11 07:00:00,1301.0,8.5
2021-03-11 08:00:00,1471.0,8.8
2021-03-11 09:00:00,1526.0,9.0
2021-03-11 10:00:00,1536.0,10.0
2021-03-11 11:00:00,1542.0,10.8
2021-03-11 12:00:00,1491.0,11.7
2021-03-11 13:00:00,1434.0,12.6
2021-03-11 14:00:00,1361.0,13.7
2021-03-11 15:00:00,1335.0,14.4
2021-03-11 16:00:00,1338.0,15.1
2021-03-11 17:00:00,1464.0,15.1
2021-03-11 18:00:00,1494.0,14.3
2021-03-11 19:00:00,1564.0,12.9
2021-03-11 20:00:00,1619.0,12.1
2021-03-11 21:00:00,1594.0,11.9
2021-03-11 22:00:00,1489.0,11.4
2021-03-11 23:00:00,1299.0,10.6
2021-03-12 00:00:00,1150.0,9.9
2021-03-12 01:00:00,1077.0,9.9
2021-03-12 02:00:00,990.0,9.7
2021-03-12 03:00:00,1005.0,9.6
2021-03-12 04:00:00,960.0,9.5
2021-03-12 05:00:00,937.0,9.6
2021-03-12 06:00:00,992.0,9.6
2021-03-12 07:00:00,1284.0,9.8
2021-03-12 08:00:00,1442.0,10.1
2021-03-12 09:00:00,1489.0,11.0
2021-03-12 10:00:00,1486.0,11.9
2021-03-12 11:00:00,1435.0,12.2
2021-03-12 12:00:00,1419.0,12.7
2021-03-12 13:00:00,1435.0,12.4
2021-03-12 14:00:00,1410.0,11.9
2021-03-12 15:00:00,1448.0,12.2
2021-03-12 16:00:00,1429.0,12.6
2021-03-12 17:00:00,1557.0,13.2
2021-03-12 18:00:00,1542.0,13.1
2021-03-12 19:00:00,1567.0,12.8
2021-03-12 20:00:00,1548.0,12.6
2021-03-12 21:00:00,1543.0,12.5
2021-03-12 22:00:00,1466.0,12.4
2021-03-12 23:00:00,1321.0,12.4
2021-03-13 00:00:00,1149.0,12.3
2021-03-13 01:00:00,1025.0,12.3
2021-03-13 02:00:00,1009.0,12.1
2021-03-13 03:00:00,946.0,11.9
2021-03-13 04:00:00,956.0,11.9
2021-03-13 05:00:00,936.0,11.9
2021-03-13 06:00:00,922.0,11.8
2021-03-13 07:00:00,1130.0,11.7
2021-03-13 08:00:00,1347.0,12.0
2021-03-13 09:00:00,1487.0,12.5
2021-03-13 10:00:00,1487.0,12.9
2021-03-13 11:00:00,1492.0,13.2
2021-03-13 12:00:00,1461.0,13.5
2021-03-13 13:00:00,1429.0,13.9
2021-03-13 14:00:00,1360.0,14.8
2021-03-13 15:00:00,1379.0,15.6
2021-03-13 16:00:00,1355.0,16.8
2021-03-13 17:00:00,1498.0,17.0
2021-03-13 18:00:00,1452.0,16.4
2021-03-13 19:00:00,1474.0,15.1
2021-03-13 20:00:00,1526.0,14.4
2021-03-13 21:00:00,1541.0,13.8
2021-03-13 22:00:00,1446.0,13.3
2021-03-13 23:00:00,1294.0,12.7
2021-03-14 00:00:00,1122.0,11.6
2021-03-14 01:00:00,1026.0,12.1
2021-03-14 02:00:00,976.0,12.2
2021-03-14 03:00:00,937.0,12.3
2021-03-14 04:00:00,910.0,12.4
2021-03-14 05:00:00,953.0,12.3
2021-03-14 06:00:00,939.0,12.3
2021-03-14 07:00:00,1132.0,12.4
2021-03-14 08:00:00,1360.0,12.6
2021-03-14 09:00:00,1440.0,13.0
2021-03-14 10:00:00,1467.0,14.1
2021-03-14 11:00:00,1461.0,16.1
2021-03-14 12:00:00,1384.0,18.1
2021-03-14 13:00:00,1402.0,18.6
2021-03-14 14:00:00,1293.0,19.8
2021-03-14 15:00:00,1314.0,21.0
2021-03-14 16:00:00,1316.0,22.1
2021-03-14 17:00:00,1389.0,22.0
2021-03-14 18:00:00,1425.0,21.6
2021-03-14 19:00:00,1523.0,19.9
2021-03-14 20:00:00,1593.0,18.3
2021-03-14 21:00:00,1523.0,17.7
2021-03-14 22:00:00,1384.0,17.9
2021-03-14 23:00:00,1238.0,18.0
2021-03-15 00:00:00,1116.0,17.4
2021-03-15 01:00:00,997.0,16.9
2021-03-15 02:00:00,928.0,16.8
2021-03-15 03:00:00,971.0,17.3
2021-03-15 04:00:00,895.0,18.4
2021-03-15 05:00:00,905.0,17.3
2021-03-15 06:00:00,946.0,17.3
2021-03-15 07:00:00,1218.0,17.2
2021-03-15 08:00:00,1317.0,17.4
2021-03-15 09:00:00,1404.0,18.3
2021-03-15 10:00:00,1331.0,19.9
2021-03-15 11:00:00,1333.0,21.9
2021-03-15 12:00:00,1271.0,23.5
2021-03-15 13:00:00,1287.0,23.9
2021-03-15 14:00:00,1263.0,25.5
2021-03-15 15:00:00,1258.0,25.1
2021-03-15 16:00:00,1285.0,25.4
2021-03-15 17:00:00,1380.0,25.3
2021-03-15 18:00:00,1416.0,22.7
2021-03-15 19:00:00,1448.0,21.0
2021-03-15 20:00:00,1513.0,20.2
2021-03-15 21:00:00,1494.0,19.6
2021-03-15 22:00:00,1341.0,18.8
2021-03-15 23:00:00,1209.0,17.9
2021-03-16 00:00:00,1052.0,17.2
2021-03-16 01:00:00,968.0,16.8
2021-03-16 02:00:00,917.0,17.0
2021-03-16 03:00:00,933.0,16.9
2021-03-16 04:00:00,913.0,16.8
2021-03-16 05:00:00,877.0,16.5
2021-03-16 06:00:00,931.0,16.1
2021-03-16 07:00:00,1131.0,15.9
2021-03-16 08:00:00,1251.0,16.1
2021-03-16 09:00:00,1305.0,16.5
2021-03-16 10:00:00,1324.0,16.8
2021-03-16 11:00:00,1297.0,17.1
2021-03-16 12:00:00,1288.0,17.0
2021-03-16 13:00:00,1309.0,17.1
2021-03-16 14:00:00,1301.0,17.1
2021-03-16 15:00:00,1327.0,17.0
2021-03-16 16:00:00,1369.0,17.0
2021-03-16 17:00:00,1456.0,17.2
2021-03-16 18:00:00,1442.0,17.3
2021-03-16 19:00:00,1499.0,17.1
2021-03-16 20:00:00,1505.0,16.8
2021-03-16 21:00:00,1417.0,16.4
2021-03-16 22:00:00,1319.0,16.1
2021-03-16 23:00:00,1223.0,15.9
2021-03-17 00:00:00,1084.0,15.7
2021-03-17 01:00:00,1005.0,15.4
2021-03-17 02:00:00,983.0,15.1
2021-03-17 03:00:00,961.0,14.9
2021-03-17 04:00:00,977.0,14.6
2021-03-17 05:00:00,966.0,14.4
2021-03-17 06:00:00,980.0,14.1
2021-03-17 07:00:00,1230.0,13.9
2021-03-17 08:00:00,1314.0,13.9
2021-03-17 09:00:00,1344.0,13.9
2021-03-17 10:00:00,1331.0,13.7
2021-03-17 11:00:00,1314.0,13.7
2021-03-17 12:00:00,1353.0,13.9
2021-03-17 13:00:00,1384.0,14.1
2021-03-17 14:00:00,1311.0,13.9
2021-03-17 15:00:00,1354.0,13.6
2021-03-17 16:00:00,1397.0,13.6
2021-03-17 17:00:00,1487.0,13.5
2021-03-17 18:00:00,1449.0,13.3
2021-03-17 19:00:00,1478.0,13.0
2021-03-17 20:00:00,1508.0,12.7
2021-03-17 21:00:00,1459.0,12.4
2021-03-17 22:00:00,1295.0,12.4
2021-03-17 23:00:00,1115.0,12.3
2021-03-18 00:00:00,982.0,12.3
2021-03-18 01:00:00,863.0,12.1
2021-03-18 02:00:00,832.0,12.1
2021-03-18 03:00:00,820.0,11.9
2021-03-18 04:00:00,787.0,11.8
2021-03-18 05:00:00,755.0,11.7
2021-03-18 06:00:00,821.0,11.7
2021-03-18 07:00:00,1101.0,11.7
2021-03-18 08:00:00,1213.0,11.7
2021-03-18 09:00:00,1321.0,11.9
2021-03-18 10:00:00,1379.0,12.4
2021-03-18 11:00:00,1346.0,13.0
2021-03-18 12:00:00,1293.0,13.1
2021-03-18 13:00:00,1302.0,13.5
2021-03-18 14:00:00,1367.0,13.9
2021-03-18 15:00:00,1367.0,14.3
2021-03-18 16:00:00,1356.0,14.1
2021-03-18 17:00:00,1453.0,13.7
2021-03-18 18:00:00,1460.0,13.4
2021-03-18 19:00:00,1509.0,13.0
2021-03-18 20:00:00,1540.0,12.7
2021-03-18 21:00:00,1517.0,12.6
2021-03-18 22:00:00,1389.0,12.0
2021-03-18 23:00:00,1232.0,11.7
2021-03-19 00:00:00,1087.0,11.4
2021-03-19 01:00:00,996.0,11.1
2021-03-19 02:00:00,914.0,10.8
2021-03-19 03:00:00,896.0,10.4
2021-03-19 04:00:00,873.0,9.8
2021-03-19 05:00:00,881.0,9.7
2021-03-19 06:00:00,896.0,9.4
2021-03-19 07:00:00,1152.0,9.3
2021-03-19 08:00:00,1305.0,9.2
2021-03-19 09:00:00,1338.0,9.3
2021-03-19 10:00:00,1452.0,9.3
2021-03-19 11:00:00,1483.0,9.2
2021-03-19 12:00:00,1486.0,9.1
2021-03-19 13:00:00,1538.0,9.0
2021-03-19 14:00:00,1422.0,8.8
2021-03-19 15:00:00,1442.0,8.5
2021-03-19 16:00:00,1516.0,8.3
2021-03-19 17:00:00,1639.0,8.0
2021-03-19 18:00:00,1665.0,7.5
2021-03-19 19:00:00,1687.0,7.4
2021-03-19 20:00:00,1680.0,7.3
2021-03-19 21:00:00,1660.0,7.2
2021-03-19 22:00:00,1503.0,7.3
2021-03-19 23:00:00,1322.0,7.2
2021-03-20 00:00:00,1170.0,7.2
2021-03-20 01:00:00,1062.0,7.2
2021-03-20 02:00:00,1011.0,7.4
2021-03-20 03:00:00,1038.0,7.6
2021-03-20 04:00:00,937.0,7.7
2021-03-20 05:00:00,873.0,7.9
2021-03-20 06:00:00,961.0,7.7
2021-03-20 07:00:00,1030.0,7.7
2021-03-20 08:00:00,1326.0,7.6
2021-03-20 09:00:00,1490.0,7.9
2021-03-20 10:00:00,1503.0,8.2
2021-03-20 11:00:00,1567.0,8.7
2021-03-20 12:00:00,1625.0,8.7
2021-03-20 13:00:00,1594.0,9.0
2021-03-20 14:00:00,1482.0,9.1
2021-03-20 15:00:00,1485.0,9.3
2021-03-20 16:00:00,1547.0,9.5
2021-03-20 17:00:00,1657.0,9.5
2021-03-20 18:00:00,1618.0,9.3
2021-03-20 19:00:00,1628.0,9.0
2021-03-20 20:00:00,1621.0,9.0
2021-03-20 21:00:00,1574.0,8.9
2021-03-20 22:00:00,1463.0,9.0
2021-03-20 23:00:00,1320.0,8.9
2021-03-21 00:00:00,1158.0,9.1
2021-03-21 01:00:00,1072.0,9.5
2021-03-21 02:00:00,1009.0,8.7
2021-03-21 03:00:00,1006.0,8.3
2021-03-21 04:00:00,1016.0,8.1
2021-03-21 05:00:00,968.0,8.0
2021-03-21 06:00:00,984.0,8.1
2021-03-21 07:00:00,1173.0,8.2
2021-03-21 08:00:00,1391.0,8.2
2021-03-21 09:00:00,1508.0,8.0
2021-03-21 10:00:00,1505.0,8.3
2021-03-21 11:00:00,1582.0,8.9
2021-03-21 12:00:00,1614.0,10.0
2021-03-21 13:00:00,1551.0,10.9
2021-03-21 14:00:00,1494.0,11.6
2021-03-21 15:00:00,1530.0,12.1
2021-03-21 16:00:00,1505.0,11.8
2021-03-21 17:00:00,1678.0,11.5
2021-03-21 18:00:00,1636.0,11.1
2021-03-21 19:00:00,1654.0,10.6
2021-03-21 20:00:00,1714.0,10.3
2021-03-21 21:00:00,1625.0,10.2
2021-03-21 22:00:00,1505.0,10.0
2021-03-21 23:00:00,1277.0,9.7
2021-03-22 00:00:00,1190.0,9.5
2021-03-22 01:00:00,1020.0,9.3
2021-03-22 02:00:00,992.0,9.2
2021-03-22 03:00:00,1001.0,9.0
2021-03-22 04:00:00,934.0,8.7
2021-03-22 05:00:00,953.0,8.4
2021-03-22 06:00:00,979.0,8.2
2021-03-22 07:00:00,1343.0,8.0
2021-03-22 08:00:00,1382.0,8.3
2021-03-22 09:00:00,1413.0,10.3
2021-03-22 10:00:00,1407.0,12.7
2021-03-22 11:00:00,1314.0,15.1
2021-03-22 12:00:00,1343.0,16.7
2021-03-22 13:00:00,1298.0,17.5
2021-03-22 14:00:00,1292.0,18.4
2021-03-22 15:00:00,1278.0,18.8
2021-03-22 16:00:00,1317.0,18.8
2021-03-22 17:00:00,1407.0,18.7
2021-03-22 18:00:00,1446.0,17.4
2021-03-22 19:00:00,1507.0,15.9
2021-03-22 20:00:00,1586.0,14.0
2021-03-22 21:00:00,1525.0,12.5
2021-03-22 22:00:00,1437.0,11.3
2021-03-22 23:00:00,1266.0,10.3
2021-03-23 00:00:00,1092.0,9.8
2021-03-23 01:00:00,1048.0,9.5
2021-03-23 02:00:00,967.0,9.3
2021-03-23 03:00:00,958.0,9.4
2021-03-23 04:00:00,879.0,9.6
2021-03-23 05:00:00,854.0,10.5
2021-03-23 06:00:00,944.0,10.4
2021-03-23 07:00:00,1181.0,9.7
2021-03-23 08:00:00,1289.0,9.8
2021-03-23 09:00:00,1309.0,10.5
2021-03-23 10:00:00,1441.0,12.0
2021-03-23 11:00:00,1412.0,13.0
2021-03-23 12:00:00,1328.0,14.5
2021-03-23 13:00:00,1280.0,16.0
2021-03-23 14:00:00,1223.0,17.5
2021-03-23 15:00:00,1191.0,18.6
2021-03-23 16:00:00,1239.0,19.2
2021-03-23 17:00:00,1285.0,19.1
2021-03-23 18:00:00,1350.0,18.5
2021-03-23 19:00:00,1344.0,16.5
2021-03-23 20:00:00,1500.0,14.6
2021-03-23 21:00:00,1491.0,13.1
2021-03-23 22:00:00,1345.0,12.5
2021-03-23 23:00:00,1174.0,11.3
2021-03-24 00:00:00,1029.0,11.4
2021-03-24 01:00:00,948.0,11.5
2021-03-24 02:00:00,926.0,10.3
2021-03-24 03:00:00,889.0,9.4
2021-03-24 04:00:00,851.0,8.3
2021-03-24 05:00:00,890.0,9.6
2021-03-24 06:00:00,916.0,7.9
2021-03-24 07:00:00,1249.0,8.0
2021-03-24 08:00:00,1333.0,10.1
2021-03-24 09:00:00,1367.0,12.4
2021-03-24 10:00:00,1359.0,16.0
2021-03-24 11:00:00,1350.0,18.7
2021-03-24 12:00:00,1232.0,20.5
2021-03-24 13:00:00,1234.0,22.0
2021-03-24 14:00:00,1205.0,24.1
2021-03-24 15:00:00,1223.0,25.5
2021-03-24 16:00:00,1239.0,25.6
2021-03-24 17:00:00,1346.0,25.7
2021-03-24 18:00:00,1373.0,25.1
2021-03-24 19:00:00,1433.0,21.9
2021-03-24 20:00:00,1547.0,20.0
2021-03-24 21:00:00,1534.0,17.7
2021-03-24 22:00:00,1413.0,16.0
2021-03-24 23:00:00,1239.0,14.7
2021-03-25 00:00:00,1092.0,14.0
2021-03-25 01:00:00,1025.0,13.6
2021-03-25 02:00:00,995.0,12.3
2021-03-25 03:00:00,957.0,11.8
2021-03-25 04:00:00,975.0,11.7
2021-03-25 05:00:00,1017.0,10.8
2021-03-25 06:00:00,1056.0,10.5
2021-03-25 07:00:00,1340.0,10.5
2021-03-25 08:00:00,1356.0,12.1
2021-03-25 09:00:00,1412.0,12.7
2021-03-25 10:00:00,1447.0,13.4
2021-03-25 11:00:00,1389.0,14.3
2021-03-25 12:00:00,1382.0,15.7
2021-03-25 13:00:00,1365.0,18.0
2021-03-25 14:00:00,1348.0,19.2
2021-03-25 15:00:00,1347.0,18.3
2021-03-25 16:00:00,1364.0,18.1
2021-03-25 17:00:00,1426.0,17.7
2021-03-25 18:00:00,1449.0,17.0
2021-03-25 19:00:00,1468.0,16.5
2021-03-25 20:00:00,1519.0,15.8
2021-03-25 21:00:00,1494.0,15.4
2021-03-25 22:00:00,1365.0,15.2
2021-03-25 23:00:00,1216.0,15.2
2021-03-26 00:00:00,1084.0,15.1
2021-03-26 01:00:00,1016.0,14.9
2021-03-26 02:00:00,1002.0,15.0
2021-03-26 03:00:00,1018.0,15.0
2021-03-26 04:00:00,992.0,14.9
2021-03-26 05:00:00,896.0,14.7
2021-03-26 06:00:00,986.0,14.7
2021-03-26 07:00:00,1173.0,14.6
2021-03-26 08:00:00,1246.0,14.4
2021-03-26 09:00:00,1336.0,14.6
2021-03-26 10:00:00,1397.0,15.3
2021-03-26 11:00:00,1378.0,16.2
2021-03-26 12:00:00,1389.0,17.7
2021-03-26 13:00:00,1337.0,19.5
2021-03-26 14:00:00,1338.0,22.5
2021-03-26 15:00:00,1353.0,22.8
2021-03-26 16:00:00,1372.0,22.6
2021-03-26 17:00:00,1445.0,21.9
2021-03-26 18:00:00,1453.0,20.8
2021-03-26 19:00:00,1545.0,20.0
2021-03-26 20:00:00,1527.0,19.3
2021-03-26 21:00:00,1515.0,18.0
2021-03-26 22:00:00,1396.0,17.6
2021-03-26 23:00:00,1271.0,17.4
2021-03-27 00:00:00,1158.0,17.1
2021-03-27 01:00:00,1022.0,17.0
2021-03-27 02:00:00,973.0,16.8
2021-03-27 03:00:00,946.0,16.5
2021-03-27 04:00:00,947.0,16.3
2021-03-27 05:00:00,911.0,16.2
2021-03-27 06:00:00,959.0,16.1
2021-03-27 07:00:00,1159.0,16.0
2021-03-27 08:00:00,1286.0,15.3
2021-03-27 09:00:00,1439.0,15.1
2021-03-27 10:00:00,1439.0,15.1
2021-03-27 11:00:00,1437.0,15.7
2021-03-27 12:00:00,1369.0,16.4
2021-03-27 13:00:00,1353.0,16.4
2021-03-27 14:00:00,1253.0,16.6
2021-03-27 15:00:00,1257.0,16.7
2021-03-27 16:00:00,1286.0,17.0
2021-03-27 17:00:00,1404.0,17.0
2021-03-27 18:00:00,1390.0,16.8
2021-03-27 19:00:00,1416.0,16.5
2021-03-27 20:00:00,1532.0,16.3
2021-03-27 21:00:00,1490.0,16.1
2021-03-27 22:00:00,1368.0,15.4
2021-03-27 23:00:00,1301.0,14.9
2021-03-28 00:00:00,1178.0,14.2
2021-03-28 01:00:00,1108.0,13.9
2021-03-28 02:00:00,1043.0,13.6
2021-03-28 03:00:00,1035.0,13.6
2021-03-28 04:00:00,1006.0,13.8
2021-03-28 05:00:00,988.0,13.9
2021-03-28 06:00:00,1006.0,13.9
2021-03-28 07:00:00,1223.0,13.7
2021-03-28 08:00:00,1297.0,13.7
2021-03-28 09:00:00,1406.0,14.1
2021-03-28 10:00:00,1434.0,15.5
2021-03-28 11:00:00,1393.0,18.1
2021-03-28 12:00:00,1353.0,20.5
2021-03-28 13:00:00,1319.0,21.3
2021-03-28 14:00:00,1272.0,21.7
2021-03-28 15:00:00,1251.0,22.5
2021-03-28 16:00:00,1292.0,22.7
2021-03-28 17:00:00,1397.0,22.9
2021-03-28 18:00:00,1378.0,22.8
2021-03-28 19:00:00,1485.0,21.6
2021-03-28 20:00:00,1574.0,20.9
2021-03-28 21:00:00,1475.0,19.4
2021-03-28 22:00:00,1337.0,18.7
2021-03-28 23:00:00,1260.0,18.1
2021-03-29 00:00:00,1099.0,17.5
2021-03-29 01:00:00,1035.0,17.0
2021-03-29 02:00:00,985.0,16.7
2021-03-29 03:00:00,952.0,16.6
2021-03-29 04:00:00,996.0,16.8
2021-03-29 05:00:00,1008.0,16.9
2021-03-29 06:00:00,1040.0,16.8
2021-03-29 07:00:00,1280.0,16.5
2021-03-29 08:00:00,1264.0,17.2
2021-03-29 09:00:00,1244.0,18.7
2021-03-29 10:00:00,1218.0,20.5
2021-03-29 11:00:00,1150.0,23.4
2021-03-29 12:00:00,1194.0,25.8
2021-03-29 13:00:00,1202.0,28.7
2021-03-29 14:00:00,1230.0,30.1
2021-03-29 15:00:00,1224.0,30.5
2021-03-29 16:00:00,1285.0,31.1
2021-03-29 17:00:00,1345.0,31.6
2021-03-29 18:00:00,1370.0,30.5
2021-03-29 19:00:00,1487.0,28.2
2021-03-29 20:00:00,1544.0,26.3
2021-03-29 21:00:00,1495.0,25.0
2021-03-29 22:00:00,1388.0,24.0
2021-03-29 23:00:00,1211.0,23.3
2021-03-30 00:00:00,1132.0,22.7
2021-03-30 01:00:00,1056.0,22.0
2021-03-30 02:00:00,1020.0,21.6
2021-03-30 03:00:00,976.0,21.3
2021-03-30 04:00:00,952.0,20.7
2021-03-30 05:00:00,886.0,20.6
2021-03-30 06:00:00,1005.0,20.3
2021-03-30 07:00:00,1185.0,20.0
2021-03-30 08:00:00,1236.0,19.7
2021-03-30 09:00:00,1276.0,19.6
2021-03-30 10:00:00,1295.0,20.8
2021-03-30 11:00:00,1299.0,21.9
2021-03-30 12:00:00,1281.0,22.7
2021-03-30 13:00:00,1288.0,22.7
2021-03-30 14:00:00,1174.0,24.2
2021-03-30 15:00:00,1187.0,25.7
2021-03-30 16:00:00,1245.0,25.8
2021-03-30 17:00:00,1350.0,24.3
2021-03-30 18:00:00,1371.0,21.4
2021-03-30 19:00:00,1423.0,18.4
2021-03-30 20:00:00,1456.0,17.8
2021-03-30 21:00:00,1371.0,17.3
2021-03-30 22:00:00,1314.0,17.1
2021-03-30 23:00:00,1204.0,16.6
2021-03-31 00:00:00,1122.0,16.1
2021-03-31 01:00:00,1056.0,16.0
2021-03-31 02:00:00,960.0,15.9
2021-03-31 03:00:00,906.0,15.6
2021-03-31 04:00:00,906.0,15.5
2021-03-31 05:00:00,883.0,15.4
2021-03-31 06:00:00,898.0,15.3
2021-03-31 07:00:00,1172.0,15.3
2021-03-31 08:00:00,1205.0,15.4
2021-03-31 09:00:00,1246.0,15.8
2021-03-31 10:00:00,1317.0,16.3
2021-03-31 11:00:00,1276.0,16.7
2021-03-31 12:00:00,1222.0,17.6
2021-03-31 13:00:00,1132.0,17.8
2021-03-31 14:00:00,1207.0,18.2
2021-03-31 15:00:00,1241.0,18.6
2021-03-31 16:00:00,1231.0,18.4
2021-03-31 17:00:00,1363.0,18.1
2021-03-31 18:00:00,1344.0,17.5
2021-03-31 19:00:00,1423.0,16.9
2021-03-31 20:00:00,1478.0,16.3
2021-03-31 21:00:00,1408.0,15.9
2021-03-31 22:00:00,1321.0,15.6
2021-03-31 23:00:00,1189.0,15.3
2021-04-01 00:00:00,1106.0,15.1
2021-04-01 01:00:00,933.0,15.0
2021-04-01 02:00:00,981.0,14.6
2021-04-01 03:00:00,921.0,14.5
2021-04-01 04:00:00,962.0,14.0
2021-04-01 05:00:00,892.0,14.1
2021-04-01 06:00:00,930.0,14.3
2021-04-01 07:00:00,1180.0,14.0
2021-04-01 08:00:00,1239.0,13.6
2021-04-01 09:00:00,1317.0,13.5
2021-04-01 10:00:00,1368.0,13.5
2021-04-01 11:00:00,1333.0,14.0
2021-04-01 12:00:00,1330.0,14.3
2021-04-01 13:00:00,1386.0,14.5
2021-04-01 14:00:00,1380.0,14.4
2021-04-01 15:00:00,1357.0,14.2
2021-04-01 16:00:00,1437.0,13.7
2021-04-01 17:00:00,1473.0,13.5
2021-04-01 18:00:00,1417.0,13.0
2021-04-01 19:00:00,1485.0,12.4
2021-04-01 20:00:00,1553.0,12.1
2021-04-01 21:00:00,1415.0,12.4
2021-04-01 22:00:00,1323.0,12.6
2021-04-01 23:00:00,1141.0,12.6
2021-04-02 00:00:00,1034.0,12.5
2021-04-02 01:00:00,957.0,12.5
2021-04-02 02:00:00,899.0,12.2
2021-04-02 03:00:00,908.0,12.1
2021-04-02 04:00:00,922.0,12.0
2021-04-02 05:00:00,864.0,11.5
2021-04-02 06:00:00,896.0,11.4
2021-04-02 07:00:00,1165.0,11.5
2021-04-02 08:00:00,1304.0,11.9
2021-04-02 09:00:00,1354.0,11.9
2021-04-02 10:00:00,1443.0,12.1
2021-04-02 11:00:00,1382.0,12.3
2021-04-02 12:00:00,1360.0,12.7
2021-04-02 13:00:00,1332.0,13.2
2021-04-02 14:00:00,1348.0,13.5
2021-04-02 15:00:00,1373.0,13.7
2021-04-02 16:00:00,1400.0,13.2
2021-04-02 17:00:00,1533.0,12.6
2021-04-02 18:00:00,1514.0,12.4
2021-04-02 19:00:00,1544.0,12.5
2021-04-02 20:00:00,1577.0,12.3
2021-04-02 21:00:00,1486.0,12.1
2021-04-02 22:00:00,1378.0,12.3
2021-04-02 23:00:00,1292.0,12.3
2021-04-03 00:00:00,1137.0,12.3
2021-04-03 01:00:00,1038.0,12.2
2021-04-03 02:00:00,967.0,11.7
2021-04-03 03:00:00,912.0,11.5
2021-04-03 04:00:00,906.0,11.5
2021-04-03 05:00:00,893.0,11.3
2021-04-03 06:00:00,953.0,11.1
2021-04-03 07:00:00,1121.0,11.0
2021-04-03 08:00:00,1265.0,10.9
2021-04-03 09:00:00,1365.0,10.9
2021-04-03 10:00:00,1465.0,11.1
2021-04-03 11:00:00,1357.0,11.6
2021-04-03 12:00:00,1306.0,12.3
2021-04-03 13:00:00,1296.0,12.6
2021-04-03 14:00:00,1295.0,13.0
2021-04-03 15:00:00,1301.0,13.1
2021-04-03 16:00:00,1332.0,13.1
2021-04-03 17:00:00,1399.0,12.9
2021-04-03 18:00:00,1386.0,12.9
2021-04-03 19:00:00,1424.0,12.8
2021-04-03 20:00:00,1453.0,12.7
2021-04-03 21:00:00,1418.0,12.9
2021-04-03 22:00:00,1343.0,13.0
2021-04-03 23:00:00,1126.0,12.9
2021-04-04 00:00:00,1089.0,12.8
2021-04-04 01:00:00,1042.0,12.8
2021-04-04 02:00:00,928.0,12.7
2021-04-04 03:00:00,924.0,12.6
2021-04-04 04:00:00,908.0,12.6
2021-04-04 05:00:00,856.0,12.5
2021-04-04 06:00:00,928.0,12.2
2021-04-04 07:00:00,1179.0,12.1
2021-04-04 08:00:00,1312.0,11.9
2021-04-04 09:00:00,1323.0,11.5
2021-04-04 10:00:00,1262.0,11.8
2021-04-04 11:00:00,1273.0,11.9
2021-04-04 12:00:00,1260.0,11.9
2021-04-04 13:00:00,1341.0,12.2
2021-04-04 14:00:00,1325.0,12.6
2021-04-04 15:00:00,1370.0,12.5
2021-04-04 16:00:00,1388.0,12.4
2021-04-04 17:00:00,1511.0,12.3
2021-04-04 18:00:00,1470.0,11.9
2021-04-04 19:00:00,1586.0,11.7
2021-04-04 20:00:00,1617.0,11.6
2021-04-04 21:00:00,1574.0,11.4
2021-04-04 22:00:00,1420.0,11.1
2021-04-04 23:00:00,1275.0,11.1
2021-04-05 00:00:00,1089.0,11.1
2021-04-05 01:00:00,1088.0,10.8
2021-04-05 02:00:00,970.0,10.9
2021-04-05 03:00:00,923.0,10.8
2021-04-05 04:00:00,930.0,10.6
2021-04-05 05:00:00,915.0,10.1
2021-04-05 06:00:00,863.0,10.1
2021-04-05 07:00:00,1061.0,10.2
2021-04-05 08:00:00,1273.0,10.5
2021-04-05 09:00:00,1342.0,10.9
2021-04-05 10:00:00,1412.0,10.6
2021-04-05 11:00:00,1427.0,10.7
2021-04-05 12:00:00,1436.0,10.5
2021-04-05 13:00:00,1408.0,10.7
2021-04-05 14:00:00,1356.0,10.8
2021-04-05 15:00:00,1381.0,11.7
2021-04-05 16:00:00,1471.0,12.2
2021-04-05 17:00:00,1510.0,12.5
2021-04-05 18:00:00,1493.0,12.7
2021-04-05 19:00:00,1577.0,12.2
2021-04-05 20:00:00,1645.0,11.8
2021-04-05 21:00:00,1575.0,11.6
2021-04-05 22:00:00,1423.0,11.5
2021-04-05 23:00:00,1225.0,11.3
2021-04-06 00:00:00,1121.0,11.2
2021-04-06 01:00:00,1020.0,11.2
2021-04-06 02:00:00,1010.0,11.5
2021-04-06 03:00:00,972.0,11.4
2021-04-06 04:00:00,940.0,11.3
2021-04-06 05:00:00,940.0,11.2
2021-04-06 06:00:00,997.0,11.2
2021-04-06 07:00:00,1353.0,11.3
2021-04-06 08:00:00,1377.0,11.7
2021-04-06 09:00:00,1372.0,12.1
2021-04-06 10:00:00,1384.0,12.2
2021-04-06 11:00:00,1391.0,12.3
2021-04-06 12:00:00,1430.0,12.6
2021-04-06 13:00:00,1468.0,12.9
2021-04-06 14:00:00,1456.0,12.8
2021-04-06 15:00:00,1415.0,12.7
2021-04-06 16:00:00,1451.0,12.7
2021-04-06 17:00:00,1640.0,12.7
2021-04-06 18:00:00,1568.0,12.5
2021-04-06 19:00:00,1616.0,12.4
2021-04-06 20:00:00,1667.0,12.4
2021-04-06 21:00:00,1603.0,12.3
2021-04-06 22:00:00,1460.0,12.3
2021-04-06 23:00:00,1289.0,12.3
2021-04-07 00:00:00,1126.0,12.2
2021-04-07 01:00:00,1058.0,12.2
2021-04-07 02:00:00,982.0,12.2
2021-04-07 03:00:00,975.0,12.1
2021-04-07 04:00:00,959.0,11.9
2021-04-07 05:00:00,961.0,11.8
2021-04-07 06:00:00,1021.0,11.9
2021-04-07 07:00:00,1212.0,11.8
2021-04-07 08:00:00,1283.0,12.0
2021-04-07 09:00:00,1318.0,12.3
2021-04-07 10:00:00,1359.0,12.6
2021-04-07 11:00:00,1280.0,12.8
2021-04-07 12:00:00,1234.0,13.0
2021-04-07 13:00:00,1260.0,13.5
2021-04-07 14:00:00,1179.0,13.6
2021-04-07 15:00:00,1267.0,13.3
2021-04-07 16:00:00,1276.0,13.4
2021-04-07 17:00:00,1356.0,13.3
2021-04-07 18:00:00,1405.0,13.4
2021-04-07 19:00:00,1381.0,13.2
2021-04-07 20:00:00,1462.0,13.0
2021-04-07 21:00:00,1431.0,12.8
2021-04-07 22:00:00,1342.0,12.8
2021-04-07 23:00:00,1178.0,12.8
2021-04-08 00:00:00,1081.0,12.3
2021-04-08 01:00:00,999.0,12.0
2021-04-08 02:00:00,949.0,11.6
2021-04-08 03:00:00,916.0,11.4
2021-04-08 04:00:00,905.0,11.4
2021-04-08 05:00:00,864.0,11.4
2021-04-08 06:00:00,927.0,11.5
2021-04-08 07:00:00,1236.0,11.5
2021-04-08 08:00:00,1244.0,12.0
2021-04-08 09:00:00,1275.0,13.7
2021-04-08 10:00:00,1331.0,14.1
2021-04-08 11:00:00,1360.0,14.8
2021-04-08 12:00:00,1268.0,15.7
2021-04-08 13:00:00,1280.0,16.6
2021-04-08 14:00:00,1292.0,15.5
2021-04-08 15:00:00,1291.0,15.6
2021-04-08 16:00:00,1365.0,14.8
2021-04-08 17:00:00,1408.0,14.5
2021-04-08 18:00:00,1450.0,14.5
2021-04-08 19:00:00,1494.0,13.7
2021-04-08 20:00:00,1563.0,12.9
2021-04-08 21:00:00,1494.0,11.9
2021-04-08 22:00:00,1437.0,11.0
2021-04-08 23:00:00,1277.0,10.1
2021-04-09 00:00:00,1142.0,9.7
2021-04-09 01:00:00,1018.0,9.3
2021-04-09 02:00:00,971.0,9.2
2021-04-09 03:00:00,906.0,9.6
2021-04-09 04:00:00,879.0,9.2
2021-04-09 05:00:00,849.0,9.3
2021-04-09 06:00:00,899.0,9.7
2021-04-09 07:00:00,1253.0,9.8
2021-04-09 08:00:00,1274.0,11.2
2021-04-09 09:00:00,1300.0,13.3
2021-04-09 10:00:00,1297.0,14.9
2021-04-09 11:00:00,1268.0,16.2
2021-04-09 12:00:00,1274.0,17.2
2021-04-09 13:00:00,1323.0,17.9
2021-04-09 14:00:00,1266.0,17.8
2021-04-09 15:00:00,1283.0,16.4
2021-04-09 16:00:00,1367.0,15.7
2021-04-09 17:00:00,1435.0,15.5
2021-04-09 18:00:00,1450.0,15.5
2021-04-09 19:00:00,1487.0,15.1
2021-04-09 20:00:00,1594.0,14.7
2021-04-09 21:00:00,1520.0,14.6
2021-04-09 22:00:00,1408.0,14.2
2021-04-09 23:00:00,1301.0,14.2
2021-04-10 00:00:00,1178.0,14.1
2021-04-10 01:00:00,1091.0,13.8
2021-04-10 02:00:00,1012.0,13.7
2021-04-10 03:00:00,1001.0,13.6
2021-04-10 04:00:00,990.0,13.4
2021-04-10 05:00:00,939.0,13.3
2021-04-10 06:00:00,1029.0,13.2
2021-04-10 07:00:00,1223.0,12.7
2021-04-10 08:00:00,1345.0,12.6
2021-04-10 09:00:00,1444.0,12.8
2021-04-10 10:00:00,1477.0,13.1
2021-04-10 11:00:00,1381.0,13.5
2021-04-10 12:00:00,1407.0,13.7
2021-04-10 13:00:00,1453.0,13.8
2021-04-10 14:00:00,1440.0,13.6
2021-04-10 15:00:00,1470.0,13.8
2021-04-10 16:00:00,1467.0,13.6
2021-04-10 17:00:00,1563.0,13.6
2021-04-10 18:00:00,1570.0,13.3
2021-04-10 19:00:00,1557.0,13.1
2021-04-10 20:00:00,1580.0,13.1
2021-04-10 21:00:00,1545.0,13.0
2021-04-10 22:00:00,1404.0,12.9
2021-04-10 23:00:00,1308.0,12.9
2021-04-11 00:00:00,1171.0,12.8
2021-04-11 01:00:00,1051.0,12.7
2021-04-11 02:00:00,956.0,12.5
2021-04-11 03:00:00,920.0,12.3
2021-04-11 04:00:00,849.0,12.2
2021-04-11 05:00:00,850.0,12.1
2021-04-11 06:00:00,842.0,12.0
2021-04-11 07:00:00,1076.0,12.1
2021-04-11 08:00:00,1188.0,12.2
2021-04-11 09:00:00,1343.0,12.3
2021-04-11 10:00:00,1471.0,12.5
2021-04-11 11:00:00,1475.0,12.7
2021-04-11 12:00:00,1392.0,13.1
2021-04-11 13:00:00,1399.0,13.3
2021-04-11 14:00:00,1421.0,13.2
2021-04-11 15:00:00,1425.0,13.2
2021-04-11 16:00:00,1478.0,13.3
2021-04-11 17:00:00,1557.0,13.2
2021-04-11 18:00:00,1507.0,13.0
2021-04-11 19:00:00,1552.0,12.8
2021-04-11 20:00:00,1574.0,12.7
2021-04-11 21:00:00,1545.0,12.6
2021-04-11 22:00:00,1393.0,12.5
2021-04-11 23:00:00,1222.0,12.4
2021-04-12 00:00:00,1105.0,12.3
2021-04-12 01:00:00,1034.0,12.3
2021-04-12 02:00:00,1016.0,12.2
2021-04-12 03:00:00,933.0,12.2
2021-04-12 04:00:00,902.0,12.3
2021-04-12 05:00:00,858.0,12.2
2021-04-12 06:00:00,929.0,12.3
2021-04-12 07:00:00,1198.0,12.3
2021-04-12 08:00:00,1249.0,12.3
2021-04-12 09:00:00,1351.0,12.7
2021-04-12 10:00:00,1372.0,13.1
2021-04-12 11:00:00,1365.0,13.4
2021-04-12 12:00:00,1312.0,13.6
2021-04-12 13:00:00,1341.0,13.8
2021-04-12 14:00:00,1337.0,14.1
2021-04-12 15:00:00,1385.0,14.4
2021-04-12 16:00:00,1449.0,14.5
2021-04-12 17:00:00,1462.0,14.9
2021-04-12 18:00:00,1482.0,14.9
2021-04-12 19:00:00,1494.0,14.5
2021-04-12 20:00:00,1597.0,14.2
2021-04-12 21:00:00,1509.0,14.1
2021-04-12 22:00:00,1411.0,13.5
2021-04-12 23:00:00,1285.0,13.3
2021-04-13 00:00:00,1113.0,13.0
2021-04-13 01:00:00,942.0,12.5
2021-04-13 02:00:00,904.0,12.5
2021-04-13 03:00:00,839.0,12.5
2021-04-13 04:00:00,832.0,12.6
2021-04-13 05:00:00,823.0,12.7
2021-04-13 06:00:00,907.0,12.8
2021-04-13 07:00:00,1192.0,12.8
2021-04-13 08:00:00,1233.0,13.0
2021-04-13 09:00:00,1332.0,13.2
2021-04-13 10:00:00,1427.0,13.4
2021-04-13 11:00:00,1381.0,13.6
2021-04-13 12:00:00,1351.0,13.8
2021-04-13 13:00:00,1390.0,14.1
2021-04-13 14:00:00,1341.0,14.3
2021-04-13 15:00:00,1367.0,14.5
2021-04-13 16:00:00,1376.0,14.6
2021-04-13 17:00:00,1476.0,14.5
2021-04-13 18:00:00,1454.0,14.4
2021-04-13 19:00:00,1439.0,14.3
2021-04-13 20:00:00,1509.0,14.2
2021-04-13 21:00:00,1514.0,14.2
2021-04-13 22:00:00,1342.0,14.1
2021-04-13 23:00:00,1264.0,14.1
2021-04-14 00:00:00,1144.0,14.1
2021-04-14 01:00:00,1068.0,14.1
2021-04-14 02:00:00,1018.0,14.0
2021-04-14 03:00:00,1009.0,13.9
2021-04-14 04:00:00,927.0,13.8
2021-04-14 05:00:00,883.0,13.7
2021-04-14 06:00:00,986.0,13.7
2021-04-14 07:00:00,1251.0,13.7
2021-04-14 08:00:00,1307.0,13.9
2021-04-14 09:00:00,1394.0,14.0
2021-04-14 10:00:00,1423.0,14.5
2021-04-14 11:00:00,1350.0,15.4
2021-04-14 12:00:00,1315.0,16.6
2021-04-14 13:00:00,1327.0,16.9
2021-04-14 14:00:00,1366.0,16.7
2021-04-14 15:00:00,1359.0,15.6
2021-04-14 16:00:00,1400.0,14.7
2021-04-14 17:00:00,1501.0,14.2
2021-04-14 18:00:00,1501.0,13.9
2021-04-14 19:00:00,1481.0,13.4
2021-04-14 20:00:00,1588.0,13.2
2021-04-14 21:00:00,1490.0,12.9
2021-04-14 22:00:00,1339.0,12.7
2021-04-14 23:00:00,1213.0,12.5
2021-04-15 00:00:00,1072.0,12.5
2021-04-15 01:00:00,990.0,12.5
2021-04-15 02:00:00,964.0,12.4
2021-04-15 03:00:00,983.0,12.2
2021-04-15 04:00:00,985.0,12.1
2021-04-15 05:00:00,959.0,12.0
2021-04-15 06:00:00,995.0,12.0
2021-04-15 07:00:00,1251.0,12.1
2021-04-15 08:00:00,1353.0,12.0
2021-04-15 09:00:00,1371.0,12.3
2021-04-15 10:00:00,1418.0,12.9
2021-04-15 11:00:00,1367.0,14.0
2021-04-15 12:00:00,1273.0,15.2
2021-04-15 13:00:00,1256.0,16.5
2021-04-15 14:00:00,1248.0,17.5
2021-04-15 15:00:00,1248.0,18.0
2021-04-15 16:00:00,1303.0,18.2
2021-04-15 17:00:00,1403.0,18.2
2021-04-15 18:00:00,1397.0,18.1
2021-04-15 19:00:00,1402.0,17.3
2021-04-15 20:00:00,1530.0,16.9
2021-04-15 21:00:00,1467.0,16.4
2021-04-15 22:00:00,1357.0,16.1
2021-04-15 23:00:00,1218.0,15.7
2021-04-16 00:00:00,1125.0,15.6
2021-04-16 01:00:00,1027.0,15.5
2021-04-16 02:00:00,936.0,15.1
2021-04-16 03:00:00,934.0,14.8
2021-04-16 04:00:00,887.0,14.2
2021-04-16 05:00:00,892.0,14.3
2021-04-16 06:00:00,928.0,14.2
2021-04-16 07:00:00,1155.0,14.3
2021-04-16 08:00:00,1249.0,14.3
2021-04-16 09:00:00,1348.0,14.5
2021-04-16 10:00:00,1359.0,15.0
2021-04-16 11:00:00,1347.0,15.3
2021-04-16 12:00:00,1315.0,15.7
2021-04-16 13:00:00,1255.0,16.1
2021-04-16 14:00:00,1237.0,16.8
2021-04-16 15:00:00,1278.0,17.5
2021-04-16 16:00:00,1304.0,18.2
2021-04-16 17:00:00,1381.0,18.3
2021-04-16 18:00:00,1341.0,18.0
2021-04-16 19:00:00,1418.0,17.0
2021-04-16 20:00:00,1475.0,16.2
2021-04-16 21:00:00,1407.0,15.2
2021-04-16 22:00:00,1321.0,14.5
2021-04-16 23:00:00,1241.0,14.4
2021-04-17 00:00:00,1107.0,14.0
2021-04-17 01:00:00,987.0,13.6
2021-04-17 02:00:00,962.0,13.2
2021-04-17 03:00:00,922.0,13.1
2021-04-17 04:00:00,931.0,12.9
2021-04-17 05:00:00,890.0,12.9
2021-04-17 06:00:00,949.0,12.8
2021-04-17 07:00:00,1202.0,12.5
2021-04-17 08:00:00,1249.0,13.3
2021-04-17 09:00:00,1247.0,14.0
2021-04-17 10:00:00,1356.0,15.7
2021-04-17 11:00:00,1259.0,17.4
2021-04-17 12:00:00,1253.0,18.5
2021-04-17 13:00:00,1231.0,19.3
2021-04-17 14:00:00,1248.0,19.8
2021-04-17 15:00:00,1205.0,20.4
2021-04-17 16:00:00,1250.0,20.2
2021-04-17 17:00:00,1332.0,20.3
2021-04-17 18:00:00,1382.0,20.0
2021-04-17 19:00:00,1369.0,19.1
2021-04-17 20:00:00,1396.0,18.2
2021-04-17 21:00:00,1376.0,17.9
2021-04-17 22:00:00,1222.0,17.6
2021-04-17 23:00:00,1126.0,17.2
2021-04-18 00:00:00,1059.0,17.0
2021-04-18 01:00:00,952.0,15.9
2021-04-18 02:00:00,904.0,15.5
2021-04-18 03:00:00,842.0,15.3
2021-04-18 04:00:00,830.0,15.2
2021-04-18 05:00:00,787.0,15.0
2021-04-18 06:00:00,824.0,15.0
2021-04-18 07:00:00,1092.0,14.7
2021-04-18 08:00:00,1176.0,14.2
2021-04-18 09:00:00,1286.0,13.5
2021-04-18 10:00:00,1362.0,13.4
2021-04-18 11:00:00,1290.0,13.5
2021-04-18 12:00:00,1237.0,13.7
2021-04-18 13:00:00,1226.0,14.1
2021-04-18 14:00:00,1184.0,13.8
2021-04-18 15:00:00,1189.0,13.7
2021-04-18 16:00:00,1272.0,13.4
2021-04-18 17:00:00,1348.0,13.2
2021-04-18 18:00:00,1384.0,13.3
2021-04-18 19:00:00,1390.0,13.1
2021-04-18 20:00:00,1481.0,13.0
2021-04-18 21:00:00,1400.0,13.0
2021-04-18 22:00:00,1258.0,12.9
2021-04-18 23:00:00,1140.0,12.8
2021-04-19 00:00:00,1005.0,12.8
2021-04-19 01:00:00,911.0,12.5
2021-04-19 02:00:00,898.0,12.4
2021-04-19 03:00:00,899.0,12.4
2021-04-19 04:00:00,858.0,12.4
2021-04-19 05:00:00,863.0,12.4
2021-04-19 06:00:00,939.0,12.4
2021-04-19 07:00:00,1175.0,12.4
2021-04-19 08:00:00,1226.0,12.6
2021-04-19 09:00:00,1303.0,13.6
2021-04-19 10:00:00,1322.0,15.3
2021-04-19 11:00:00,1311.0,16.4
2021-04-19 12:00:00,1229.0,17.1
2021-04-19 13:00:00,1168.0,17.9
2021-04-19 14:00:00,1159.0,18.6
2021-04-19 15:00:00,1240.0,18.6
2021-04-19 16:00:00,1219.0,18.5
2021-04-19 17:00:00,1266.0,18.7
2021-04-19 18:00:00,1325.0,18.1
2021-04-19 19:00:00,1368.0,17.7
2021-04-19 20:00:00,1413.0,17.2
2021-04-19 21:00:00,1365.0,16.9
2021-04-19 22:00:00,1215.0,16.7
2021-04-19 23:00:00,1103.0,16.6
2021-04-20 00:00:00,992.0,16.4
2021-04-20 01:00:00,865.0,16.2
2021-04-20 02:00:00,862.0,16.1
2021-04-20 03:00:00,858.0,15.9
2021-04-20 04:00:00,883.0,15.8
2021-04-20 05:00:00,836.0,15.6
2021-04-20 06:00:00,905.0,15.5
2021-04-20 07:00:00,1206.0,15.6
2021-04-20 08:00:00,1190.0,16.1
2021-04-20 09:00:00,1219.0,16.6
2021-04-20 10:00:00,1217.0,17.1
2021-04-20 11:00:00,1216.0,17.5
2021-04-20 12:00:00,1177.0,18.4
2021-04-20 13:00:00,1144.0,17.9
2021-04-20 14:00:00,1169.0,17.9
2021-04-20 15:00:00,1167.0,18.0
2021-04-20 16:00:00,1206.0,18.2
2021-04-20 17:00:00,1351.0,18.0
2021-04-20 18:00:00,1301.0,17.6
2021-04-20 19:00:00,1332.0,17.1
2021-04-20 20:00:00,1439.0,16.9
2021-04-20 21:00:00,1375.0,16.4
2021-04-20 22:00:00,1223.0,16.3
2021-04-20 23:00:00,1106.0,16.3
2021-04-21 00:00:00,1043.0,16.3
2021-04-21 01:00:00,949.0,16.2
2021-04-21 02:00:00,926.0,16.1
2021-04-21 03:00:00,901.0,16.1
2021-04-21 04:00:00,868.0,16.0
2021-04-21 05:00:00,844.0,16.1
2021-04-21 06:00:00,942.0,16.0
2021-04-21 07:00:00,1169.0,16.0
2021-04-21 08:00:00,1237.0,16.2
2021-04-21 09:00:00,1271.0,16.4
2021-04-21 10:00:00,1274.0,16.7
2021-04-21 11:00:00,1263.0,16.8
2021-04-21 12:00:00,1209.0,17.3
2021-04-21 13:00:00,1193.0,18.1
2021-04-21 14:00:00,1195.0,18.2
2021-04-21 15:00:00,1216.0,18.3
2021-04-21 16:00:00,1246.0,17.9
2021-04-21 17:00:00,1315.0,17.5
2021-04-21 18:00:00,1352.0,17.8
2021-04-21 19:00:00,1360.0,17.4
2021-04-21 20:00:00,1401.0,17.0
2021-04-21 21:00:00,1398.0,16.2
2021-04-21 22:00:00,1294.0,16.1
2021-04-21 23:00:00,1146.0,16.1
2021-04-22 00:00:00,1027.0,16.1
2021-04-22 01:00:00,916.0,16.0
2021-04-22 02:00:00,946.0,16.0
2021-04-22 03:00:00,855.0,15.9
2021-04-22 04:00:00,871.0,15.9
2021-04-22 05:00:00,871.0,15.9
2021-04-22 06:00:00,930.0,15.9
2021-04-22 07:00:00,1212.0,15.9
2021-04-22 08:00:00,1254.0,16.5
2021-04-22 09:00:00,1277.0,17.2
2021-04-22 10:00:00,1284.0,17.8
2021-04-22 11:00:00,1224.0,18.9
2021-04-22 12:00:00,1220.0,20.3
2021-04-22 13:00:00,1197.0,21.5
2021-04-22 14:00:00,1197.0,22.2
2021-04-22 15:00:00,1170.0,22.6
2021-04-22 16:00:00,1221.0,23.2
2021-04-22 17:00:00,1275.0,23.4
2021-04-22 18:00:00,1341.0,22.6
2021-04-22 19:00:00,1339.0,21.7
2021-04-22 20:00:00,1454.0,20.6
2021-04-22 21:00:00,1409.0,19.6
2021-04-22 22:00:00,1325.0,19.2
2021-04-22 23:00:00,1171.0,18.9
2021-04-23 00:00:00,1048.0,18.7
2021-04-23 01:00:00,935.0,18.3
2021-04-23 02:00:00,939.0,18.0
2021-04-23 03:00:00,947.0,17.8
2021-04-23 04:00:00,930.0,17.8
2021-04-23 05:00:00,917.0,17.5
2021-04-23 06:00:00,1005.0,17.5
2021-04-23 07:00:00,1253.0,17.6
2021-04-23 08:00:00,1250.0,17.9
2021-04-23 09:00:00,1288.0,19.0
2021-04-23 10:00:00,1294.0,20.3
2021-04-23 11:00:00,1265.0,20.8
2021-04-23 12:00:00,1201.0,22.1
2021-04-23 13:00:00,1241.0,23.4
2021-04-23 14:00:00,1168.0,25.4
2021-04-23 15:00:00,1234.0,27.1
2021-04-23 16:00:00,1302.0,27.0
2021-04-23 17:00:00,1357.0,25.7
2021-04-23 18:00:00,1391.0,24.3
2021-04-23 19:00:00,1421.0,22.8
2021-04-23 20:00:00,1484.0,21.9
2021-04-23 21:00:00,1433.0,21.5
2021-04-23 22:00:00,1326.0,20.7
2021-04-23 23:00:00,1211.0,20.2
2021-04-24 00:00:00,1115.0,19.7
2021-04-24 01:00:00,1023.0,19.3
2021-04-24 02:00:00,1012.0,19.0
2021-04-24 03:00:00,964.0,18.8
2021-04-24 04:00:00,965.0,18.7
2021-04-24 05:00:00,944.0,18.4
2021-04-24 06:00:00,1039.0,18.5
2021-04-24 07:00:00,1220.0,18.4
2021-04-24 08:00:00,1233.0,18.4
2021-04-24 09:00:00,1352.0,18.5
2021-04-24 10:00:00,1408.0,18.5
2021-04-24 11:00:00,1363.0,17.8
2021-04-24 12:00:00,1301.0,17.0
2021-04-24 13:00:00,1364.0,16.6
2021-04-24 14:00:00,1356.0,16.0
2021-04-24 15:00:00,1330.0,15.5
2021-04-24 16:00:00,1387.0,15.1
2021-04-24 17:00:00,1471.0,15.2
2021-04-24 18:00:00,1434.0,15.1
2021-04-24 19:00:00,1486.0,14.7
2021-04-24 20:00:00,1475.0,14.6
2021-04-24 21:00:00,1426.0,14.4
2021-04-24 22:00:00,1270.0,14.3
2021-04-24 23:00:00,1179.0,14.3
2021-04-25 00:00:00,1094.0,14.2
2021-04-25 01:00:00,980.0,14.1
2021-04-25 02:00:00,965.0,14.0
2021-04-25 03:00:00,964.0,14.0
2021-04-25 04:00:00,982.0,14.0
2021-04-25 05:00:00,912.0,13.9
2021-04-25 06:00:00,1021.0,13.8
2021-04-25 07:00:00,1258.0,14.1
2021-04-25 08:00:00,1261.0,14.7
2021-04-25 09:00:00,1334.0,15.3
2021-04-25 10:00:00,1338.0,15.5
2021-04-25 11:00:00,1337.0,15.9
2021-04-25 12:00:00,1332.0,16.7
2021-04-25 13:00:00,1323.0,16.5
2021-04-25 14:00:00,1333.0,16.5
2021-04-25 15:00:00,1330.0,16.4
2021-04-25 16:00:00,1446.0,15.2
2021-04-25 17:00:00,1514.0,15.1
2021-04-25 18:00:00,1474.0,14.9
2021-04-25 19:00:00,1431.0,14.7
2021-04-25 20:00:00,1501.0,14.6
2021-04-25 21:00:00,1464.0,14.6
2021-04-25 22:00:00,1329.0,14.5
2021-04-25 23:00:00,1223.0,14.4
2021-04-26 00:00:00,1089.0,14.4
2021-04-26 01:00:00,966.0,14.4
2021-04-26 02:00:00,959.0,14.3
2021-04-26 03:00:00,960.0,13.8
2021-04-26 04:00:00,960.0,13.8
2021-04-26 05:00:00,914.0,13.7
2021-04-26 06:00:00,1008.0,13.8
2021-04-26 07:00:00,1218.0,13.9
2021-04-26 08:00:00,1254.0,14.0
2021-04-26 09:00:00,1315.0,14.3
2021-04-26 10:00:00,1323.0,14.4
2021-04-26 11:00:00,1269.0,14.8
2021-04-26 12:00:00,1223.0,15.4
2021-04-26 13:00:00,1231.0,16.0
2021-04-26 14:00:00,1220.0,16.7
2021-04-26 15:00:00,1210.0,16.6
2021-04-26 16:00:00,1264.0,16.0
2021-04-26 17:00:00,1335.0,15.4
2021-04-26 18:00:00,1347.0,14.8
2021-04-26 19:00:00,1395.0,14.7
2021-04-26 20:00:00,1466.0,14.5
2021-04-26 21:00:00,1410.0,14.5
2021-04-26 22:00:00,1304.0,14.5
2021-04-26 23:00:00,1226.0,14.5
2021-04-27 00:00:00,1054.0,14.4
2021-04-27 01:00:00,1024.0,14.4
2021-04-27 02:00:00,976.0,14.1
2021-04-27 03:00:00,979.0,14.2
2021-04-27 04:00:00,944.0,14.1
2021-04-27 05:00:00,929.0,14.0
2021-04-27 06:00:00,1017.0,13.9
2021-04-27 07:00:00,1292.0,13.8
2021-04-27 08:00:00,1265.0,14.2
2021-04-27 09:00:00,1378.0,14.5
2021-04-27 10:00:00,1410.0,15.2
2021-04-27 11:00:00,1341.0,16.4
2021-04-27 12:00:00,1260.0,17.0
2021-04-27 13:00:00,1247.0,18.8
2021-04-27 14:00:00,1223.0,19.6
2021-04-27 15:00:00,1247.0,20.7
2021-04-27 16:00:00,1278.0,21.6
2021-04-27 17:00:00,1354.0,21.8
2021-04-27 18:00:00,1373.0,21.1
2021-04-27 19:00:00,1425.0,19.9
2021-04-27 20:00:00,1506.0,18.0
2021-04-27 21:00:00,1516.0,16.7
2021-04-27 22:00:00,1366.0,15.8
2021-04-27 23:00:00,1246.0,15.0
2021-04-28 00:00:00,1116.0,14.8
2021-04-28 01:00:00,1044.0,14.5
2021-04-28 02:00:00,989.0,14.4
2021-04-28 03:00:00,994.0,13.9
2021-04-28 04:00:00,980.0,13.7
2021-04-28 05:00:00,944.0,14.1
2021-04-28 06:00:00,1056.0,14.1
2021-04-28 07:00:00,1283.0,14.2
2021-04-28 08:00:00,1293.0,14.6
2021-04-28 09:00:00,1245.0,15.2
2021-04-28 10:00:00,1312.0,15.8
2021-04-28 11:00:00,1260.0,16.7
2021-04-28 12:00:00,1211.0,17.4
2021-04-28 13:00:00,1221.0,18.2
2021-04-28 14:00:00,1121.0,18.8
2021-04-28 15:00:00,1207.0,19.7
2021-04-28 16:00:00,1198.0,20.9
2021-04-28 17:00:00,1259.0,21.6
2021-04-28 18:00:00,1274.0,21.4
2021-04-28 19:00:00,1292.0,19.7
2021-04-28 20:00:00,1435.0,18.5
2021-04-28 21:00:00,1405.0,17.6
2021-04-28 22:00:00,1359.0,17.0
2021-04-28 23:00:00,1188.0,16.5
2021-04-29 00:00:00,1057.0,16.2
2021-04-29 01:00:00,929.0,15.5
2021-04-29 02:00:00,890.0,14.9
2021-04-29 03:00:00,912.0,14.7
2021-04-29 04:00:00,874.0,14.7
2021-04-29 05:00:00,908.0,14.8
2021-04-29 06:00:00,1028.0,14.7
2021-04-29 07:00:00,1225.0,14.3
2021-04-29 08:00:00,1201.0,14.9
2021-04-29 09:00:00,1199.0,16.8
2021-04-29 10:00:00,1221.0,20.0
2021-04-29 11:00:00,1239.0,21.7
2021-04-29 12:00:00,1223.0,24.0
2021-04-29 13:00:00,1197.0,25.6
2021-04-29 14:00:00,1138.0,26.9
2021-04-29 15:00:00,1204.0,28.8
2021-04-29 16:00:00,1247.0,28.9
2021-04-29 17:00:00,1301.0,28.4
2021-04-29 18:00:00,1267.0,28.6
2021-04-29 19:00:00,1287.0,26.7
2021-04-29 20:00:00,1439.0,23.4
2021-04-29 21:00:00,1409.0,21.1
2021-04-29 22:00:00,1294.0,19.6
2021-04-29 23:00:00,1156.0,18.9
2021-04-30 00:00:00,1059.0,17.6
2021-04-30 01:00:00,996.0,16.7
2021-04-30 02:00:00,952.0,16.2
2021-04-30 03:00:00,935.0,16.9
2021-04-30 04:00:00,873.0,17.4
2021-04-30 05:00:00,858.0,15.7
2021-04-30 06:00:00,1029.0,16.6
2021-04-30 07:00:00,1249.0,17.0
2021-04-30 08:00:00,1142.0,18.7
2021-04-30 09:00:00,1233.0,21.6
2021-04-30 10:00:00,1274.0,25.0
2021-04-30 11:00:00,1155.0,26.6
2021-04-30 12:00:00,1173.0,28.6
2021-04-30 13:00:00,1161.0,30.7
2021-04-30 14:00:00,1118.0,32.0
2021-04-30 15:00:00,1180.0,32.7
2021-04-30 16:00:00,1231.0,33.3
2021-04-30 17:00:00,1267.0,32.6
2021-04-30 18:00:00,1305.0,32.1
2021-04-30 19:00:00,1328.0,29.2
2021-04-30 20:00:00,1477.0,25.5
2021-04-30 21:00:00,1427.0,23.3
2021-04-30 22:00:00,1276.0,21.4
2021-04-30 23:00:00,1205.0,21.7
2021-05-01 00:00:00,1091.0,23.1
2021-05-01 01:00:00,982.0,23.2
2021-05-01 02:00:00,931.0,19.9
2021-05-01 03:00:00,883.0,19.5
2021-05-01 04:00:00,896.0,18.4
2021-05-01 05:00:00,878.0,18.0
2021-05-01 06:00:00,992.0,17.6
2021-05-01 07:00:00,1193.0,18.3
2021-05-01 08:00:00,1213.0,21.3
2021-05-01 09:00:00,1150.0,24.0
2021-05-01 10:00:00,1244.0,26.9
2021-05-01 11:00:00,1114.0,28.7
2021-05-01 12:00:00,1147.0,30.0
2021-05-01 13:00:00,1139.0,31.5
2021-05-01 14:00:00,1156.0,33.0
2021-05-01 15:00:00,1136.0,34.1
2021-05-01 16:00:00,1240.0,34.7
2021-05-01 17:00:00,1255.0,34.8
2021-05-01 18:00:00,1290.0,33.6
2021-05-01 19:00:00,1301.0,31.3
2021-05-01 20:00:00,1443.0,27.8
2021-05-01 21:00:00,1353.0,26.1
2021-05-01 22:00:00,1294.0,24.9
2021-05-01 23:00:00,1146.0,23.6
2021-05-02 00:00:00,1074.0,23.4
2021-05-02 01:00:00,1015.0,23.1
2021-05-02 02:00:00,961.0,21.6
2021-05-02 03:00:00,894.0,20.7
2021-05-02 04:00:00,906.0,20.6
2021-05-02 05:00:00,919.0,20.3
2021-05-02 06:00:00,1039.0,19.8
2021-05-02 07:00:00,1126.0,19.9
2021-05-02 08:00:00,1203.0,21.3
2021-05-02 09:00:00,1248.0,24.1
2021-05-02 10:00:00,1221.0,26.6
2021-05-02 11:00:00,1222.0,28.4
2021-05-02 12:00:00,1237.0,30.7
2021-05-02 13:00:00,1224.0,32.3
2021-05-02 14:00:00,1201.0,32.4
2021-05-02 15:00:00,1251.0,33.0
2021-05-02 16:00:00,1337.0,33.3
2021-05-02 17:00:00,1305.0,32.8
2021-05-02 18:00:00,1304.0,31.3
2021-05-02 19:00:00,1376.0,28.6
2021-05-02 20:00:00,1470.0,26.1
2021-05-02 21:00:00,1407.0,23.3
2021-05-02 22:00:00,1322.0,22.9
2021-05-02 23:00:00,1231.0,23.0
2021-05-03 00:00:00,1108.0,22.8
2021-05-03 01:00:00,1061.0,22.5
2021-05-03 02:00:00,1025.0,22.7
2021-05-03 03:00:00,972.0,22.3
2021-05-03 04:00:00,938.0,22.3
2021-05-03 05:00:00,912.0,22.2
2021-05-03 06:00:00,1043.0,21.9
2021-05-03 07:00:00,1143.0,22.4
2021-05-03 08:00:00,1228.0,25.9
2021-05-03 09:00:00,1265.0,27.3
2021-05-03 10:00:00,1274.0,27.2
2021-05-03 11:00:00,1191.0,28.5
2021-05-03 12:00:00,1250.0,28.5
2021-05-03 13:00:00,1279.0,29.6
2021-05-03 14:00:00,1249.0,30.4
2021-05-03 15:00:00,1327.0,31.4
2021-05-03 16:00:00,1297.0,30.9
2021-05-03 17:00:00,1431.0,30.3
2021-05-03 18:00:00,1329.0,23.3
2021-05-03 19:00:00,1273.0,21.6
2021-05-03 20:00:00,1302.0,21.3
2021-05-03 21:00:00,1193.0,21.5
2021-05-03 22:00:00,1146.0,21.1
2021-05-03 23:00:00,1030.0,21.0
2021-05-04 00:00:00,981.0,20.8
2021-05-04 01:00:00,928.0,19.8
2021-05-04 02:00:00,856.0,18.5
2021-05-04 03:00:00,873.0,17.8
2021-05-04 04:00:00,870.0,17.4
2021-05-04 05:00:00,881.0,17.6
2021-05-04 06:00:00,949.0,17.5
2021-05-04 07:00:00,1127.0,17.4
2021-05-04 08:00:00,1185.0,18.1
2021-05-04 09:00:00,1127.0,18.9
2021-05-04 10:00:00,1194.0,20.1
2021-05-04 11:00:00,1089.0,22.3
2021-05-04 12:00:00,1153.0,24.1
2021-05-04 13:00:00,1145.0,26.4
2021-05-04 14:00:00,1174.0,27.0
2021-05-04 15:00:00,1131.0,27.0
2021-05-04 16:00:00,1170.0,26.2
2021-05-04 17:00:00,1303.0,25.4
2021-05-04 18:00:00,1293.0,25.0
2021-05-04 19:00:00,1329.0,24.6
2021-05-04 20:00:00,1407.0,23.4
2021-05-04 21:00:00,1384.0,22.6
2021-05-04 22:00:00,1284.0,22.2
2021-05-04 23:00:00,1173.0,21.4
2021-05-05 00:00:00,1111.0,20.0
2021-05-05 01:00:00,1056.0,19.3
2021-05-05 02:00:00,938.0,19.0
2021-05-05 03:00:00,970.0,18.0
2021-05-05 04:00:00,964.0,17.6
2021-05-05 05:00:00,960.0,17.5
2021-05-05 06:00:00,1023.0,16.9
2021-05-05 07:00:00,1197.0,17.6
2021-05-05 08:00:00,1213.0,18.9
2021-05-05 09:00:00,1268.0,19.5
2021-05-05 10:00:00,1284.0,21.2
2021-05-05 11:00:00,1214.0,23.0
2021-05-05 12:00:00,1266.0,24.1
2021-05-05 13:00:00,1234.0,25.2
2021-05-05 14:00:00,1242.0,25.8
2021-05-05 15:00:00,1294.0,25.5
2021-05-05 16:00:00,1302.0,25.7
2021-05-05 17:00:00,1360.0,25.0
2021-05-05 18:00:00,1392.0,24.0
2021-05-05 19:00:00,1383.0,23.3
2021-05-05 20:00:00,1521.0,22.6
2021-05-05 21:00:00,1423.0,22.0
2021-05-05 22:00:00,1331.0,21.0
2021-05-05 23:00:00,1209.0,20.7
2021-05-06 00:00:00,1092.0,20.6
2021-05-06 01:00:00,1021.0,20.3
2021-05-06 02:00:00,985.0,20.3
2021-05-06 03:00:00,948.0,20.5
2021-05-06 04:00:00,933.0,20.6
2021-05-06 05:00:00,933.0,19.7
2021-05-06 06:00:00,1068.0,19.7
2021-05-06 07:00:00,1218.0,19.6
2021-05-06 08:00:00,1287.0,20.1
2021-05-06 09:00:00,1331.0,20.4
2021-05-06 10:00:00,1311.0,20.5
2021-05-06 11:00:00,1288.0,19.9
2021-05-06 12:00:00,1316.0,20.6
2021-05-06 13:00:00,1332.0,20.4
2021-05-06 14:00:00,1309.0,20.5
2021-05-06 15:00:00,1334.0,21.0
2021-05-06 16:00:00,1337.0,20.3
2021-05-06 17:00:00,1424.0,19.8
2021-05-06 18:00:00,1335.0,19.4
2021-05-06 19:00:00,1366.0,19.2
2021-05-06 20:00:00,1443.0,18.7
2021-05-06 21:00:00,1399.0,18.7
2021-05-06 22:00:00,1308.0,18.3
2021-05-06 23:00:00,1187.0,18.3
2021-05-07 00:00:00,1142.0,18.2
2021-05-07 01:00:00,1099.0,18.1
2021-05-07 02:00:00,1077.0,18.2
2021-05-07 03:00:00,958.0,18.0
2021-05-07 04:00:00,989.0,18.2
2021-05-07 05:00:00,936.0,18.1
2021-05-07 06:00:00,1073.0,17.8
2021-05-07 07:00:00,1339.0,17.9
2021-05-07 08:00:00,1334.0,18.4
2021-05-07 09:00:00,1316.0,18.2
2021-05-07 10:00:00,1361.0,17.5
2021-05-07 11:00:00,1291.0,17.7
2021-05-07 12:00:00,1295.0,18.0
2021-05-07 13:00:00,1316.0,18.1
2021-05-07 14:00:00,1232.0,18.7
2021-05-07 15:00:00,1255.0,19.1
2021-05-07 16:00:00,1266.0,19.2
2021-05-07 17:00:00,1372.0,19.6
2021-05-07 18:00:00,1348.0,19.5
2021-05-07 19:00:00,1328.0,19.3
2021-05-07 20:00:00,1475.0,19.1
2021-05-07 21:00:00,1418.0,19.1
2021-05-07 22:00:00,1329.0,18.8
2021-05-07 23:00:00,1205.0,18.5
2021-05-08 00:00:00,1116.0,18.4
2021-05-08 01:00:00,1049.0,18.2
2021-05-08 02:00:00,1059.0,18.1
2021-05-08 03:00:00,1021.0,18.2
2021-05-08 04:00:00,1010.0,18.2
2021-05-08 05:00:00,998.0,18.4
2021-05-08 06:00:00,1115.0,18.3
2021-05-08 07:00:00,1327.0,18.6
2021-05-08 08:00:00,1314.0,19.1
2021-05-08 09:00:00,1292.0,20.2
2021-05-08 10:00:00,1286.0,22.1
2021-05-08 11:00:00,1313.0,23.9
2021-05-08 12:00:00,1289.0,25.3
2021-05-08 13:00:00,1266.0,26.7
2021-05-08 14:00:00,1268.0,27.4
2021-05-08 15:00:00,1175.0,28.3
2021-05-08 16:00:00,1249.0,28.8
2021-05-08 17:00:00,1303.0,29.1
2021-05-08 18:00:00,1360.0,28.6
2021-05-08 19:00:00,1383.0,27.6
2021-05-08 20:00:00,1490.0,24.8
2021-05-08 21:00:00,1444.0,23.6
2021-05-08 22:00:00,1397.0,22.2
2021-05-08 23:00:00,1259.0,21.4
2021-05-09 00:00:00,1170.0,20.8
2021-05-09 01:00:00,1062.0,20.0
2021-05-09 02:00:00,992.0,19.7
2021-05-09 03:00:00,952.0,19.2
2021-05-09 04:00:00,924.0,18.8
2021-05-09 05:00:00,958.0,18.5
2021-05-09 06:00:00,1095.0,18.4
2021-05-09 07:00:00,1240.0,19.4
2021-05-09 08:00:00,1172.0,21.6
2021-05-09 09:00:00,1232.0,23.8
2021-05-09 10:00:00,1253.0,25.7
2021-05-09 11:00:00,1211.0,28.0
2021-05-09 12:00:00,1188.0,30.0
2021-05-09 13:00:00,1224.0,31.7
2021-05-09 14:00:00,1213.0,32.1
2021-05-09 15:00:00,1245.0,32.9
2021-05-09 16:00:00,1235.0,33.1
2021-05-09 17:00:00,1304.0,33.2
2021-05-09 18:00:00,1342.0,30.9
2021-05-09 19:00:00,1405.0,29.1
2021-05-09 20:00:00,1504.0,27.9
2021-05-09 21:00:00,1483.0,26.6
2021-05-09 22:00:00,1346.0,26.0
2021-05-09 23:00:00,1216.0,25.4
2021-05-10 00:00:00,1126.0,24.7
2021-05-10 01:00:00,1058.0,25.3
2021-05-10 02:00:00,1006.0,25.6
2021-05-10 03:00:00,985.0,25.7
2021-05-10 04:00:00,962.0,25.6
2021-05-10 05:00:00,960.0,21.7
2021-05-10 06:00:00,1025.0,20.8
2021-05-10 07:00:00,1187.0,20.8
2021-05-10 08:00:00,1251.0,20.8
2021-05-10 09:00:00,1259.0,21.4
2021-05-10 10:00:00,1317.0,22.3
2021-05-10 11:00:00,1289.0,23.0
2021-05-10 12:00:00,1278.0,24.0
2021-05-10 13:00:00,1268.0,25.8
2021-05-10 14:00:00,1281.0,27.9
2021-05-10 15:00:00,1252.0,29.0
2021-05-10 16:00:00,1278.0,30.5
2021-05-10 17:00:00,1378.0,29.1
2021-05-10 18:00:00,1396.0,27.4
2021-05-10 19:00:00,1403.0,25.9
2021-05-10 20:00:00,1482.0,24.8
2021-05-10 21:00:00,1371.0,22.9
2021-05-10 22:00:00,1288.0,22.6
2021-05-10 23:00:00,1150.0,22.3
2021-05-11 00:00:00,1049.0,22.5
2021-05-11 01:00:00,924.0,22.1
2021-05-11 02:00:00,925.0,20.8
2021-05-11 03:00:00,861.0,20.7
2021-05-11 04:00:00,866.0,20.5
2021-05-11 05:00:00,793.0,20.3
2021-05-11 06:00:00,955.0,20.3
2021-05-11 07:00:00,1183.0,20.4
2021-05-11 08:00:00,1175.0,20.7
2021-05-11 09:00:00,1220.0,21.5
2021-05-11 10:00:00,1218.0,22.6
2021-05-11 11:00:00,1215.0,23.6
2021-05-11 12:00:00,1203.0,24.6
2021-05-11 13:00:00,1228.0,26.1
2021-05-11 14:00:00,1165.0,25.9
2021-05-11 15:00:00,1230.0,26.1
2021-05-11 16:00:00,1255.0,25.4
2021-05-11 17:00:00,1347.0,25.0
2021-05-11 18:00:00,1387.0,24.6
2021-05-11 19:00:00,1439.0,24.1
2021-05-11 20:00:00,1493.0,23.4
2021-05-11 21:00:00,1423.0,22.8
2021-05-11 22:00:00,1312.0,22.3
2021-05-11 23:00:00,1221.0,21.8
2021-05-12 00:00:00,1150.0,21.7
2021-05-12 01:00:00,1065.0,21.4
2021-05-12 02:00:00,1025.0,21.3
2021-05-12 03:00:00,994.0,21.2
2021-05-12 04:00:00,982.0,21.1
2021-05-12 05:00:00,997.0,21.0
2021-05-12 06:00:00,1108.0,20.9
2021-05-12 07:00:00,1275.0,21.0
2021-05-12 08:00:00,1230.0,20.4
2021-05-12 09:00:00,1221.0,20.4
2021-05-12 10:00:00,1262.0,20.7
2021-05-12 11:00:00,1248.0,21.1
2021-05-12 12:00:00,1238.0,23.2
2021-05-12 13:00:00,1199.0,22.2
2021-05-12 14:00:00,1153.0,22.2
2021-05-12 15:00:00,1198.0,21.8
2021-05-12 16:00:00,1230.0,22.6
2021-05-12 17:00:00,1319.0,23.4
2021-05-12 18:00:00,1312.0,23.2
2021-05-12 19:00:00,1320.0,22.8
2021-05-12 20:00:00,1418.0,22.7
2021-05-12 21:00:00,1387.0,22.4
2021-05-12 22:00:00,1291.0,22.1
2021-05-12 23:00:00,1177.0,21.9
2021-05-13 00:00:00,1080.0,21.5
2021-05-13 01:00:00,1010.0,21.3
2021-05-13 02:00:00,1023.0,21.1
2021-05-13 03:00:00,957.0,20.8
2021-05-13 04:00:00,924.0,20.8
2021-05-13 05:00:00,1016.0,20.8
2021-05-13 06:00:00,1087.0,20.7
2021-05-13 07:00:00,1232.0,20.6
2021-05-13 08:00:00,1224.0,21.3
2021-05-13 09:00:00,1251.0,21.6
2021-05-13 10:00:00,1275.0,22.3
2021-05-13 11:00:00,1233.0,23.2
2021-05-13 12:00:00,1212.0,24.2
2021-05-13 13:00:00,1191.0,25.8
2021-05-13 14:00:00,1182.0,27.3
2021-05-13 15:00:00,1261.0,29.2
2021-05-13 16:00:00,1271.0,30.0
2021-05-13 17:00:00,1402.0,29.2
2021-05-13 18:00:00,1343.0,28.2
2021-05-13 19:00:00,1380.0,26.7
2021-05-13 20:00:00,1487.0,25.3
2021-05-13 21:00:00,1497.0,24.1
2021-05-13 22:00:00,1358.0,23.1
2021-05-13 23:00:00,1225.0,23.0
2021-05-14 00:00:00,1088.0,22.6
2021-05-14 01:00:00,1039.0,22.1
2021-05-14 02:00:00,1022.0,21.5
2021-05-14 03:00:00,973.0,21.0
2021-05-14 04:00:00,999.0,20.9
2021-05-14 05:00:00,1007.0,20.7
2021-05-14 06:00:00,1155.0,20.5
2021-05-14 07:00:00,1281.0,20.7
2021-05-14 08:00:00,1274.0,23.6
2021-05-14 09:00:00,1285.0,28.4
2021-05-14 10:00:00,1363.0,30.1
2021-05-14 11:00:00,1358.0,31.6
2021-05-14 12:00:00,1307.0,32.5
2021-05-14 13:00:00,1323.0,33.7
2021-05-14 14:00:00,1337.0,33.5
2021-05-14 15:00:00,1323.0,33.4
2021-05-14 16:00:00,1330.0,33.3
2021-05-14 17:00:00,1426.0,32.7
2021-05-14 18:00:00,1378.0,32.0
2021-05-14 19:00:00,1472.0,31.7
2021-05-14 20:00:00,1519.0,31.4
2021-05-14 21:00:00,1498.0,31.1
2021-05-14 22:00:00,1413.0,30.5
2021-05-14 23:00:00,1305.0,29.8
2021-05-15 00:00:00,1174.0,29.3
2021-05-15 01:00:00,1103.0,29.4
2021-05-15 02:00:00,1111.0,29.0
2021-05-15 03:00:00,1039.0,29.0
2021-05-15 04:00:00,1055.0,28.7
2021-05-15 05:00:00,1034.0,28.4
2021-05-15 06:00:00,1149.0,28.0
2021-05-15 07:00:00,1224.0,27.8
2021-05-15 08:00:00,1256.0,29.0
2021-05-15 09:00:00,1337.0,30.1
2021-05-15 10:00:00,1381.0,31.7
2021-05-15 11:00:00,1392.0,32.3
2021-05-15 12:00:00,1410.0,33.5
2021-05-15 13:00:00,1434.0,34.0
2021-05-15 14:00:00,1408.0,34.7
2021-05-15 15:00:00,1376.0,35.0
2021-05-15 16:00:00,1371.0,34.9
2021-05-15 17:00:00,1463.0,34.5
2021-05-15 18:00:00,1434.0,33.9
2021-05-15 19:00:00,1425.0,32.9
2021-05-15 20:00:00,1536.0,31.9
2021-05-15 21:00:00,1554.0,30.8
2021-05-15 22:00:00,1420.0,30.2
2021-05-15 23:00:00,1290.0,29.8
2021-05-16 00:00:00,1079.0,25.8
2021-05-16 01:00:00,1013.0,23.6
2021-05-16 02:00:00,1034.0,22.5
2021-05-16 03:00:00,989.0,21.5
2021-05-16 04:00:00,973.0,21.9
2021-05-16 05:00:00,928.0,21.9
2021-05-16 06:00:00,967.0,21.8
2021-05-16 07:00:00,1136.0,21.7
2021-05-16 08:00:00,1227.0,22.1
2021-05-16 09:00:00,1259.0,22.8
2021-05-16 10:00:00,1286.0,22.8
2021-05-16 11:00:00,1256.0,22.6
2021-05-16 12:00:00,1251.0,22.4
2021-05-16 13:00:00,1266.0,22.7
2021-05-16 14:00:00,1263.0,22.9
2021-05-16 15:00:00,1289.0,22.9
2021-05-16 16:00:00,1282.0,21.9
2021-05-16 17:00:00,1388.0,20.9
2021-05-16 18:00:00,1346.0,19.9
2021-05-16 19:00:00,1361.0,18.8
2021-05-16 20:00:00,1363.0,18.1
2021-05-16 21:00:00,1275.0,17.9
2021-05-16 22:00:00,1228.0,18.0
2021-05-16 23:00:00,1142.0,18.0
2021-05-17 00:00:00,1070.0,17.7
2021-05-17 01:00:00,938.0,17.4
2021-05-17 02:00:00,923.0,17.3
2021-05-17 03:00:00,793.0,17.1
2021-05-17 04:00:00,884.0,17.0
2021-05-17 05:00:00,934.0,16.9
2021-05-17 06:00:00,1048.0,16.9
2021-05-17 07:00:00,1195.0,16.9
2021-05-17 08:00:00,1190.0,16.8
2021-05-17 09:00:00,1232.0,16.2
2021-05-17 10:00:00,1301.0,15.9
2021-05-17 11:00:00,1251.0,15.9
2021-05-17 12:00:00,1173.0,15.8
2021-05-17 13:00:00,1200.0,16.2
2021-05-17 14:00:00,1206.0,16.5
2021-05-17 15:00:00,1257.0,17.2
2021-05-17 16:00:00,1235.0,17.3
2021-05-17 17:00:00,1306.0,17.2
2021-05-17 18:00:00,1288.0,16.9
2021-05-17 19:00:00,1245.0,16.9
2021-05-17 20:00:00,1362.0,16.7
2021-05-17 21:00:00,1322.0,16.6
2021-05-17 22:00:00,1195.0,16.5
2021-05-17 23:00:00,1140.0,16.5
2021-05-18 00:00:00,1053.0,16.5
2021-05-18 01:00:00,1007.0,16.4
2021-05-18 02:00:00,967.0,16.3
2021-05-18 03:00:00,1022.0,16.2
2021-05-18 04:00:00,919.0,16.2
2021-05-18 05:00:00,926.0,15.8
2021-05-18 06:00:00,1088.0,15.6
2021-05-18 07:00:00,1206.0,15.5
2021-05-18 08:00:00,1250.0,15.5
2021-05-18 09:00:00,1291.0,15.5
2021-05-18 10:00:00,1334.0,15.8
2021-05-18 11:00:00,1304.0,16.2
2021-05-18 12:00:00,1271.0,17.2
2021-05-18 13:00:00,1242.0,18.8
2021-05-18 14:00:00,1193.0,19.2
2021-05-18 15:00:00,1280.0,20.3
2021-05-18 16:00:00,1208.0,19.9
2021-05-18 17:00:00,1324.0,19.4
2021-05-18 18:00:00,1282.0,19.0
2021-05-18 19:00:00,1276.0,18.7
2021-05-18 20:00:00,1357.0,18.6
2021-05-18 21:00:00,1360.0,18.3
2021-05-18 22:00:00,1280.0,18.2
2021-05-18 23:00:00,1128.0,18.2
2021-05-19 00:00:00,1038.0,18.0
2021-05-19 01:00:00,959.0,17.7
2021-05-19 02:00:00,1008.0,17.2
2021-05-19 03:00:00,944.0,17.1
2021-05-19 04:00:00,951.0,16.8
2021-05-19 05:00:00,920.0,16.6
2021-05-19 06:00:00,1035.0,16.7
2021-05-19 07:00:00,1214.0,16.6
2021-05-19 08:00:00,1219.0,16.8
2021-05-19 09:00:00,1226.0,16.7
2021-05-19 10:00:00,1236.0,16.3
2021-05-19 11:00:00,1228.0,16.2
2021-05-19 12:00:00,1224.0,17.3
2021-05-19 13:00:00,1175.0,18.6
2021-05-19 14:00:00,1084.0,20.8
2021-05-19 15:00:00,1100.0,22.0
2021-05-19 16:00:00,1181.0,22.5
2021-05-19 17:00:00,1188.0,22.9
2021-05-19 18:00:00,1178.0,22.9
2021-05-19 19:00:00,1225.0,22.1
2021-05-19 20:00:00,1320.0,21.0
2021-05-19 21:00:00,1287.0,19.6
2021-05-19 22:00:00,1174.0,19.1
2021-05-19 23:00:00,1060.0,18.7
2021-05-20 00:00:00,961.0,18.4
2021-05-20 01:00:00,894.0,18.1
2021-05-20 02:00:00,860.0,17.7
2021-05-20 03:00:00,858.0,17.8
2021-05-20 04:00:00,904.0,18.0
2021-05-20 05:00:00,962.0,18.0
2021-05-20 06:00:00,1068.0,18.0
2021-05-20 07:00:00,1224.0,18.2
2021-05-20 08:00:00,1203.0,18.3
2021-05-20 09:00:00,1238.0,18.5
2021-05-20 10:00:00,1314.0,19.1
2021-05-20 11:00:00,1269.0,19.2
2021-05-20 12:00:00,1194.0,19.2
2021-05-20 13:00:00,1217.0,18.9
2021-05-20 14:00:00,1069.0,19.9
2021-05-20 15:00:00,1209.0,20.3
2021-05-20 16:00:00,1251.0,20.5
2021-05-20 17:00:00,1311.0,20.0
2021-05-20 18:00:00,1323.0,20.1
2021-05-20 19:00:00,1316.0,19.4
2021-05-20 20:00:00,1393.0,18.8
2021-05-20 21:00:00,1383.0,18.4
2021-05-20 22:00:00,1272.0,17.9
2021-05-20 23:00:00,1162.0,17.7
2021-05-21 00:00:00,1067.0,17.2
2021-05-21 01:00:00,1000.0,16.9
2021-05-21 02:00:00,956.0,16.4
2021-05-21 03:00:00,941.0,16.3
2021-05-21 04:00:00,883.0,16.3
2021-05-21 05:00:00,918.0,16.5
2021-05-21 06:00:00,1012.0,16.1
2021-05-21 07:00:00,1207.0,16.2
2021-05-21 08:00:00,1213.0,16.1
2021-05-21 09:00:00,1236.0,16.0
2021-05-21 10:00:00,1248.0,16.2
2021-05-21 11:00:00,1219.0,16.5
2021-05-21 12:00:00,1243.0,16.5
2021-05-21 13:00:00,1235.0,16.8
2021-05-21 14:00:00,1185.0,16.9
2021-05-21 15:00:00,1193.0,17.1
2021-05-21 16:00:00,1266.0,17.3
2021-05-21 17:00:00,1323.0,17.3
2021-05-21 18:00:00,1284.0,17.4
2021-05-21 19:00:00,1310.0,17.3
2021-05-21 20:00:00,1336.0,17.3
2021-05-21 21:00:00,1320.0,17.3
2021-05-21 22:00:00,1235.0,17.2
2021-05-21 23:00:00,1087.0,17.1
2021-05-22 00:00:00,1029.0,17.0
2021-05-22 01:00:00,914.0,16.9
2021-05-22 02:00:00,915.0,16.8
2021-05-22 03:00:00,866.0,16.9
2021-05-22 04:00:00,870.0,16.9
2021-05-22 05:00:00,846.0,16.9
2021-05-22 06:00:00,904.0,17.0
2021-05-22 07:00:00,1117.0,17.1
2021-05-22 08:00:00,1149.0,17.1
2021-05-22 09:00:00,1231.0,17.3
2021-05-22 10:00:00,1245.0,17.6
2021-05-22 11:00:00,1254.0,17.8
2021-05-22 12:00:00,1197.0,18.6
2021-05-22 13:00:00,1257.0,18.5
2021-05-22 14:00:00,1147.0,18.7
2021-05-22 15:00:00,1201.0,18.9
2021-05-22 16:00:00,1184.0,19.2
2021-05-22 17:00:00,1344.0,19.2
2021-05-22 18:00:00,1302.0,19.1
2021-05-22 19:00:00,1338.0,18.9
2021-05-22 20:00:00,1402.0,18.8
2021-05-22 21:00:00,1351.0,18.8
2021-05-22 22:00:00,1244.0,18.7
2021-05-22 23:00:00,1105.0,18.5
2021-05-23 00:00:00,1033.0,18.5
2021-05-23 01:00:00,950.0,18.3
2021-05-23 02:00:00,970.0,18.2
2021-05-23 03:00:00,874.0,18.1
2021-05-23 04:00:00,931.0,18.0
2021-05-23 05:00:00,925.0,18.1
2021-05-23 06:00:00,967.0,18.0
2021-05-23 07:00:00,1033.0,18.1
2021-05-23 08:00:00,1155.0,18.1
2021-05-23 09:00:00,1249.0,18.2
2021-05-23 10:00:00,1240.0,18.2
2021-05-23 11:00:00,1187.0,18.3
2021-05-23 12:00:00,1155.0,18.9
2021-05-23 13:00:00,1199.0,19.2
2021-05-23 14:00:00,1213.0,19.2
2021-05-23 15:00:00,1206.0,19.5
2021-05-23 16:00:00,1274.0,19.4
2021-05-23 17:00:00,1375.0,19.1
2021-05-23 18:00:00,1333.0,19.1
2021-05-23 19:00:00,1275.0,19.1
2021-05-23 20:00:00,1334.0,19.0
2021-05-23 21:00:00,1369.0,18.8
2021-05-23 22:00:00,1200.0,18.7
2021-05-23 23:00:00,1108.0,18.5
2021-05-24 00:00:00,1015.0,18.3
2021-05-24 01:00:00,926.0,18.3
2021-05-24 02:00:00,892.0,18.1
2021-05-24 03:00:00,865.0,17.9
2021-05-24 04:00:00,834.0,17.6
2021-05-24 05:00:00,819.0,17.4
2021-05-24 06:00:00,1008.0,17.2
2021-05-24 07:00:00,1212.0,17.6
2021-05-24 08:00:00,1218.0,18.7
2021-05-24 09:00:00,1209.0,19.5
2021-05-24 10:00:00,1225.0,21.4
2021-05-24 11:00:00,1231.0,22.9
2021-05-24 12:00:00,1219.0,23.6
2021-05-24 13:00:00,1256.0,23.0
2021-05-24 14:00:00,1236.0,21.9
2021-05-24 15:00:00,1282.0,20.4
2021-05-24 16:00:00,1303.0,19.9
2021-05-24 17:00:00,1371.0,19.6
2021-05-24 18:00:00,1345.0,19.1
2021-05-24 19:00:00,1326.0,18.7
2021-05-24 20:00:00,1437.0,18.5
2021-05-24 21:00:00,1405.0,18.4
2021-05-24 22:00:00,1276.0,18.2
2021-05-24 23:00:00,1119.0,17.9
2021-05-25 00:00:00,1086.0,17.8
2021-05-25 01:00:00,989.0,17.6
2021-05-25 02:00:00,964.0,17.6
2021-05-25 03:00:00,958.0,17.5
2021-05-25 04:00:00,1001.0,17.5
2021-05-25 05:00:00,917.0,17.5
2021-05-25 06:00:00,1132.0,17.4
2021-05-25 07:00:00,1230.0,17.7
2021-05-25 08:00:00,1185.0,18.3
2021-05-25 09:00:00,1218.0,19.3
2021-05-25 10:00:00,1291.0,20.3
2021-05-25 11:00:00,1235.0,20.9
2021-05-25 12:00:00,1238.0,22.6
2021-05-25 13:00:00,1231.0,24.2
2021-05-25 14:00:00,1184.0,25.5
2021-05-25 15:00:00,1259.0,25.1
2021-05-25 16:00:00,1275.0,25.2
2021-05-25 17:00:00,1357.0,24.3
2021-05-25 18:00:00,1351.0,23.4
2021-05-25 19:00:00,1319.0,22.7
2021-05-25 20:00:00,1444.0,22.2
2021-05-25 21:00:00,1422.0,21.8
2021-05-25 22:00:00,1278.0,21.7
2021-05-25 23:00:00,1178.0,21.4
2021-05-26 00:00:00,1053.0,21.3
2021-05-26 01:00:00,987.0,21.2
2021-05-26 02:00:00,997.0,20.9
2021-05-26 03:00:00,836.0,20.7
2021-05-26 04:00:00,963.0,20.5
2021-05-26 05:00:00,983.0,20.3
2021-05-26 06:00:00,1072.0,20.4
2021-05-26 07:00:00,1247.0,20.8
2021-05-26 08:00:00,1243.0,22.0
2021-05-26 09:00:00,1226.0,24.3
2021-05-26 10:00:00,1287.0,25.9
2021-05-26 11:00:00,1261.0,24.9
2021-05-26 12:00:00,1253.0,23.5
2021-05-26 13:00:00,1319.0,21.1
2021-05-26 14:00:00,1257.0,20.6
2021-05-26 15:00:00,1308.0,20.6
2021-05-26 16:00:00,1300.0,21.0
2021-05-26 17:00:00,1432.0,21.0
2021-05-26 18:00:00,1393.0,20.7
2021-05-26 19:00:00,1337.0,20.7
2021-05-26 20:00:00,1440.0,20.6
2021-05-26 21:00:00,1405.0,20.6
2021-05-26 22:00:00,1296.0,20.4
2021-05-26 23:00:00,1164.0,20.3
2021-05-27 00:00:00,1060.0,20.1
2021-05-27 01:00:00,993.0,20.1
2021-05-27 02:00:00,1033.0,20.0
2021-05-27 03:00:00,1015.0,19.9
2021-05-27 04:00:00,1006.0,19.8
2021-05-27 05:00:00,956.0,19.7
2021-05-27 06:00:00,1094.0,19.7
2021-05-27 07:00:00,1305.0,19.9
2021-05-27 08:00:00,1295.0,20.3
2021-05-27 09:00:00,1244.0,20.6
2021-05-27 10:00:00,1360.0,21.3
2021-05-27 11:00:00,1297.0,21.0
2021-05-27 12:00:00,1316.0,20.4
2021-05-27 13:00:00,1273.0,21.2
2021-05-27 14:00:00,1228.0,21.4
2021-05-27 15:00:00,1273.0,21.8
2021-05-27 16:00:00,1230.0,22.3
2021-05-27 17:00:00,1357.0,22.6
2021-05-27 18:00:00,1357.0,22.5
2021-05-27 19:00:00,1343.0,22.1
2021-05-27 20:00:00,1455.0,21.7
2021-05-27 21:00:00,1469.0,21.4
2021-05-27 22:00:00,1357.0,21.2
2021-05-27 23:00:00,1224.0,20.9
2021-05-28 00:00:00,1104.0,20.6
2021-05-28 01:00:00,1091.0,19.9
2021-05-28 02:00:00,1042.0,20.1
2021-05-28 03:00:00,1001.0,20.3
2021-05-28 04:00:00,953.0,20.1
2021-05-28 05:00:00,918.0,19.6
2021-05-28 06:00:00,1087.0,19.7
2021-05-28 07:00:00,1266.0,20.2
2021-05-28 08:00:00,1254.0,20.1
2021-05-28 09:00:00,1273.0,20.0
2021-05-28 10:00:00,1307.0,19.6
2021-05-28 11:00:00,1297.0,20.0
2021-05-28 12:00:00,1305.0,20.4
2021-05-28 13:00:00,1311.0,21.3
2021-05-28 14:00:00,1249.0,21.8
2021-05-28 15:00:00,1327.0,22.1
2021-05-28 16:00:00,1338.0,22.3
2021-05-28 17:00:00,1427.0,22.5
2021-05-28 18:00:00,1375.0,22.3
2021-05-28 19:00:00,1375.0,22.1
2021-05-28 20:00:00,1444.0,21.5
2021-05-28 21:00:00,1397.0,21.1
2021-05-28 22:00:00,1289.0,20.6
2021-05-28 23:00:00,1195.0,20.4
2021-05-29 00:00:00,1117.0,20.1
2021-05-29 01:00:00,1041.0,19.9
2021-05-29 02:00:00,995.0,19.4
2021-05-29 03:00:00,965.0,19.2
2021-05-29 04:00:00,960.0,18.9
2021-05-29 05:00:00,996.0,19.0
2021-05-29 06:00:00,1083.0,19.1
2021-05-29 07:00:00,1208.0,19.1
2021-05-29 08:00:00,1201.0,19.4
2021-05-29 09:00:00,1174.0,19.6
2021-05-29 10:00:00,1261.0,19.7
2021-05-29 11:00:00,1267.0,19.4
2021-05-29 12:00:00,1247.0,19.0
2021-05-29 13:00:00,1230.0,19.2
2021-05-29 14:00:00,1212.0,19.6
2021-05-29 15:00:00,1235.0,20.1
2021-05-29 16:00:00,1309.0,20.4
2021-05-29 17:00:00,1351.0,20.5
2021-05-29 18:00:00,1335.0,20.3
2021-05-29 19:00:00,1342.0,20.3
2021-05-29 20:00:00,1376.0,19.9
2021-05-29 21:00:00,1395.0,19.7
2021-05-29 22:00:00,1276.0,19.5
2021-05-29 23:00:00,1159.0,19.1
2021-05-30 00:00:00,1125.0,19.0
2021-05-30 01:00:00,1023.0,18.4
2021-05-30 02:00:00,943.0,18.3
2021-05-30 03:00:00,946.0,18.5
2021-05-30 04:00:00,964.0,18.6
2021-05-30 05:00:00,926.0,18.8
2021-05-30 06:00:00,1056.0,18.6
2021-05-30 07:00:00,1223.0,18.6
2021-05-30 08:00:00,1243.0,19.5
2021-05-30 09:00:00,1254.0,20.8
2021-05-30 10:00:00,1288.0,22.0
2021-05-30 11:00:00,1259.0,23.4
2021-05-30 12:00:00,1261.0,24.7
2021-05-30 13:00:00,1321.0,25.7
2021-05-30 14:00:00,1284.0,25.3
2021-05-30 15:00:00,1286.0,24.9
2021-05-30 16:00:00,1419.0,25.6
2021-05-30 17:00:00,1397.0,26.4
2021-05-30 18:00:00,1414.0,26.8
2021-05-30 19:00:00,1341.0,26.4
2021-05-30 20:00:00,1473.0,24.3
2021-05-30 21:00:00,1522.0,22.5
2021-05-30 22:00:00,1350.0,21.4
2021-05-30 23:00:00,1218.0,20.5
2021-05-31 00:00:00,1109.0,20.5
2021-05-31 01:00:00,996.0,20.3
2021-05-31 02:00:00,980.0,20.3
2021-05-31 03:00:00,943.0,19.7
2021-05-31 04:00:00,969.0,19.2
2021-05-31 05:00:00,930.0,18.8
2021-05-31 06:00:00,1073.0,18.9
2021-05-31 07:00:00,1237.0,19.9
2021-05-31 08:00:00,1252.0,21.1
2021-05-31 09:00:00,1218.0,23.0
2021-05-31 10:00:00,1286.0,24.2
2021-05-31 11:00:00,1297.0,25.1
2021-05-31 12:00:00,1241.0,26.4
2021-05-31 13:00:00,1272.0,26.5
2021-05-31 14:00:00,1232.0,26.6
2021-05-31 15:00:00,1323.0,26.3
2021-05-31 16:00:00,1350.0,27.0
2021-05-31 17:00:00,1388.0,26.6
2021-05-31 18:00:00,1413.0,26.4
2021-05-31 19:00:00,1366.0,25.7
2021-05-31 20:00:00,1483.0,24.8
2021-05-31 21:00:00,1425.0,24.2
2021-05-31 22:00:00,1298.0,23.5
2021-05-31 23:00:00,1209.0,23.2
2021-06-01 00:00:00,1099.0,22.6
2021-06-01 01:00:00,1009.0,22.1
2021-06-01 02:00:00,1008.0,21.7
2021-06-01 03:00:00,992.0,21.6
2021-06-01 04:00:00,931.0,21.5
2021-06-01 05:00:00,1004.0,21.3
2021-06-01 06:00:00,1115.0,21.0
2021-06-01 07:00:00,1246.0,21.7
2021-06-01 08:00:00,1257.0,22.8
2021-06-01 09:00:00,1292.0,24.5
2021-06-01 10:00:00,1338.0,25.1
2021-06-01 11:00:00,1314.0,25.7
2021-06-01 12:00:00,1309.0,26.8
2021-06-01 13:00:00,1324.0,27.1
2021-06-01 14:00:00,1346.0,27.6
2021-06-01 15:00:00,1356.0,27.3
2021-06-01 16:00:00,1415.0,26.2
2021-06-01 17:00:00,1462.0,25.8
2021-06-01 18:00:00,1424.0,26.1
2021-06-01 19:00:00,1397.0,25.8
2021-06-01 20:00:00,1507.0,25.0
2021-06-01 21:00:00,1497.0,24.5
2021-06-01 22:00:00,1357.0,23.9
2021-06-01 23:00:00,1231.0,23.6
2021-06-02 00:00:00,1125.0,23.5
2021-06-02 01:00:00,1056.0,23.3
2021-06-02 02:00:00,1018.0,23.3
2021-06-02 03:00:00,1005.0,22.9
2021-06-02 04:00:00,1036.0,22.7
2021-06-02 05:00:00,1050.0,22.8
2021-06-02 06:00:00,1134.0,22.6
2021-06-02 07:00:00,1265.0,22.9
2021-06-02 08:00:00,1311.0,23.8
2021-06-02 09:00:00,1367.0,26.3
2021-06-02 10:00:00,1369.0,27.6
2021-06-02 11:00:00,1339.0,28.5
2021-06-02 12:00:00,1402.0,29.6
2021-06-02 13:00:00,1367.0,30.6
2021-06-02 14:00:00,1421.0,30.2
2021-06-02 15:00:00,1312.0,29.3
2021-06-02 16:00:00,1481.0,28.9
2021-06-02 17:00:00,1508.0,27.7
2021-06-02 18:00:00,1483.0,25.2
2021-06-02 19:00:00,1449.0,25.2
2021-06-02 20:00:00,1542.0,25.2
2021-06-02 21:00:00,1499.0,25.2
2021-06-02 22:00:00,1417.0,25.1
2021-06-02 23:00:00,1289.0,25.0
2021-06-03 00:00:00,1184.0,24.7
2021-06-03 01:00:00,1144.0,24.6
2021-06-03 02:00:00,1091.0,24.4
2021-06-03 03:00:00,1068.0,24.4
2021-06-03 04:00:00,1099.0,24.3
2021-06-03 05:00:00,1105.0,24.3
2021-06-03 06:00:00,1211.0,24.2
2021-06-03 07:00:00,1344.0,24.4
2021-06-03 08:00:00,1374.0,25.0
2021-06-03 09:00:00,1390.0,25.8
2021-06-03 10:00:00,1416.0,25.6
2021-06-03 11:00:00,1425.0,24.8
2021-06-03 12:00:00,1337.0,24.8
2021-06-03 13:00:00,1249.0,20.6
2021-06-03 14:00:00,1235.0,19.1
2021-06-03 15:00:00,1269.0,17.7
2021-06-03 16:00:00,1411.0,17.6
2021-06-03 17:00:00,1430.0,17.6
2021-06-03 18:00:00,1409.0,17.7
2021-06-03 19:00:00,1375.0,17.8
2021-06-03 20:00:00,1446.0,17.8
2021-06-03 21:00:00,1386.0,17.8
2021-06-03 22:00:00,1320.0,17.9
2021-06-03 23:00:00,1175.0,17.9
2021-06-04 00:00:00,1090.0,17.8
2021-06-04 01:00:00,1056.0,17.6
2021-06-04 02:00:00,986.0,17.7
2021-06-04 03:00:00,1018.0,17.6
2021-06-04 04:00:00,954.0,17.3
2021-06-04 05:00:00,940.0,17.3
2021-06-04 06:00:00,1126.0,17.2
2021-06-04 07:00:00,1258.0,17.8
2021-06-04 08:00:00,1200.0,18.6
2021-06-04 09:00:00,1175.0,20.5
2021-06-04 10:00:00,1187.0,21.3
2021-06-04 11:00:00,1192.0,22.0
2021-06-04 12:00:00,1187.0,23.1
2021-06-04 13:00:00,1196.0,24.0
2021-06-04 14:00:00,1184.0,24.1
2021-06-04 15:00:00,1182.0,25.8
2021-06-04 16:00:00,1215.0,26.7
2021-06-04 17:00:00,1347.0,27.1
2021-06-04 18:00:00,1303.0,26.9
2021-06-04 19:00:00,1343.0,25.6
2021-06-04 20:00:00,1428.0,22.7
2021-06-04 21:00:00,1449.0,20.4
2021-06-04 22:00:00,1342.0,19.2
2021-06-04 23:00:00,1234.0,18.5
2021-06-05 00:00:00,1164.0,17.9
2021-06-05 01:00:00,1067.0,17.1
2021-06-05 02:00:00,1051.0,16.5
2021-06-05 03:00:00,816.0,16.1
2021-06-05 04:00:00,1052.0,16.1
2021-06-05 05:00:00,950.0,15.5
2021-06-05 06:00:00,1133.0,16.2
2021-06-05 07:00:00,1231.0,17.4
2021-06-05 08:00:00,1285.0,18.2
2021-06-05 09:00:00,1301.0,20.6
2021-06-05 10:00:00,1283.0,23.3
2021-06-05 11:00:00,1284.0,25.5
2021-06-05 12:00:00,1322.0,27.5
2021-06-05 13:00:00,1303.0,29.2
2021-06-05 14:00:00,1276.0,30.4
2021-06-05 15:00:00,1263.0,31.5
2021-06-05 16:00:00,1291.0,32.4
2021-06-05 17:00:00,1365.0,32.5
2021-06-05 18:00:00,1330.0,32.3
2021-06-05 19:00:00,1390.0,30.6
2021-06-05 20:00:00,1482.0,26.5
2021-06-05 21:00:00,1531.0,24.3
2021-06-05 22:00:00,1407.0,22.8
2021-06-05 23:00:00,1260.0,21.9
2021-06-06 00:00:00,1167.0,20.6
2021-06-06 01:00:00,1083.0,20.9
2021-06-06 02:00:00,1074.0,21.0
2021-06-06 03:00:00,1020.0,20.3
2021-06-06 04:00:00,1043.0,19.5
2021-06-06 05:00:00,1014.0,18.4
2021-06-06 06:00:00,1184.0,18.7
2021-06-06 07:00:00,1277.0,19.5
2021-06-06 08:00:00,1297.0,21.2
2021-06-06 09:00:00,1334.0,23.2
2021-06-06 10:00:00,1399.0,26.0
2021-06-06 11:00:00,1326.0,28.4
2021-06-06 12:00:00,1300.0,31.1
2021-06-06 13:00:00,1340.0,32.6
2021-06-06 14:00:00,1322.0,34.3
2021-06-06 15:00:00,1328.0,35.6
2021-06-06 16:00:00,1472.0,36.1
2021-06-06 17:00:00,1462.0,36.5
2021-06-06 18:00:00,1446.0,34.7
2021-06-06 19:00:00,1414.0,32.2
2021-06-06 20:00:00,1585.0,29.0
2021-06-06 21:00:00,1582.0,27.3
2021-06-06 22:00:00,1415.0,25.7
2021-06-06 23:00:00,1265.0,24.6
2021-06-07 00:00:00,1188.0,23.8
2021-06-07 01:00:00,1097.0,23.1
2021-06-07 02:00:00,1059.0,22.4
2021-06-07 03:00:00,1081.0,21.5
2021-06-07 04:00:00,1076.0,21.3
2021-06-07 05:00:00,1088.0,21.6
2021-06-07 06:00:00,1183.0,21.6
2021-06-07 07:00:00,1310.0,22.2
2021-06-07 08:00:00,1291.0,24.1
2021-06-07 09:00:00,1341.0,25.6
2021-06-07 10:00:00,1421.0,28.3
2021-06-07 11:00:00,1406.0,30.5
2021-06-07 12:00:00,1402.0,31.9
2021-06-07 13:00:00,1436.0,32.9
2021-06-07 14:00:00,1364.0,33.7
2021-06-07 15:00:00,1434.0,34.3
2021-06-07 16:00:00,1472.0,34.6
2021-06-07 17:00:00,1529.0,34.4
2021-06-07 18:00:00,1470.0,32.9
2021-06-07 19:00:00,1430.0,30.6
2021-06-07 20:00:00,1557.0,28.5
2021-06-07 21:00:00,1600.0,26.8
2021-06-07 22:00:00,1453.0,26.0
2021-06-07 23:00:00,1318.0,25.0
2021-06-08 00:00:00,1201.0,24.1
2021-06-08 01:00:00,1125.0,23.4
2021-06-08 02:00:00,1088.0,22.9
2021-06-08 03:00:00,1056.0,22.6
2021-06-08 04:00:00,1071.0,22.5
2021-06-08 05:00:00,1103.0,21.9
2021-06-08 06:00:00,1247.0,21.8
2021-06-08 07:00:00,1307.0,22.4
2021-06-08 08:00:00,1358.0,24.1
2021-06-08 09:00:00,1421.0,25.6
2021-06-08 10:00:00,1415.0,28.1
2021-06-08 11:00:00,1445.0,30.8
2021-06-08 12:00:00,1441.0,31.9
2021-06-08 13:00:00,1440.0,33.8
2021-06-08 14:00:00,1452.0,34.1
2021-06-08 15:00:00,1448.0,34.7
2021-06-08 16:00:00,1476.0,35.1
2021-06-08 17:00:00,1468.0,35.0
2021-06-08 18:00:00,1473.0,33.6
2021-06-08 19:00:00,1502.0,31.6
2021-06-08 20:00:00,1607.0,29.2
2021-06-08 21:00:00,1614.0,27.5
2021-06-08 22:00:00,1465.0,26.6
2021-06-08 23:00:00,1309.0,26.0
2021-06-09 00:00:00,1249.0,25.5
2021-06-09 01:00:00,1211.0,25.2
2021-06-09 02:00:00,1119.0,24.5
2021-06-09 03:00:00,1128.0,24.0
2021-06-09 04:00:00,1128.0,23.8
2021-06-09 05:00:00,1135.0,23.5
2021-06-09 06:00:00,1231.0,23.0
2021-06-09 07:00:00,1347.0,24.0
2021-06-09 08:00:00,1299.0,26.3
2021-06-09 09:00:00,1331.0,27.0
2021-06-09 10:00:00,1442.0,28.8
2021-06-09 11:00:00,1456.0,31.7
2021-06-09 12:00:00,1444.0,31.4
2021-06-09 13:00:00,1444.0,32.6
2021-06-09 14:00:00,1488.0,33.1
2021-06-09 15:00:00,1532.0,33.1
2021-06-09 16:00:00,1379.0,34.1
2021-06-09 17:00:00,1550.0,32.5
2021-06-09 18:00:00,1528.0,31.4
2021-06-09 19:00:00,1484.0,30.5
2021-06-09 20:00:00,1646.0,29.5
2021-06-09 21:00:00,1595.0,28.5
2021-06-09 22:00:00,1474.0,28.2
2021-06-09 23:00:00,1341.0,27.7
2021-06-10 00:00:00,1273.0,27.4
2021-06-10 01:00:00,1218.0,26.6
2021-06-10 02:00:00,1181.0,26.1
2021-06-10 03:00:00,1170.0,25.8
2021-06-10 04:00:00,1112.0,25.6
2021-06-10 05:00:00,1128.0,25.3
2021-06-10 06:00:00,1198.0,25.0
2021-06-10 07:00:00,1309.0,24.9
2021-06-10 08:00:00,1261.0,23.7
2021-06-10 09:00:00,1321.0,23.4
2021-06-10 10:00:00,1341.0,23.4
2021-06-10 11:00:00,1422.0,23.4
2021-06-10 12:00:00,1327.0,23.3
2021-06-10 13:00:00,1365.0,23.2
2021-06-10 14:00:00,1336.0,23.8
2021-06-10 15:00:00,1375.0,24.3
2021-06-10 16:00:00,1401.0,24.9
2021-06-10 17:00:00,1382.0,24.8
2021-06-10 18:00:00,1410.0,24.5
2021-06-10 19:00:00,1403.0,24.3
2021-06-10 20:00:00,1492.0,24.3
2021-06-10 21:00:00,1468.0,24.0
2021-06-10 22:00:00,1392.0,23.9
2021-06-10 23:00:00,1248.0,23.8
2021-06-11 00:00:00,1175.0,23.6
2021-06-11 01:00:00,1106.0,23.4
2021-06-11 02:00:00,1077.0,23.3
2021-06-11 03:00:00,1057.0,23.0
2021-06-11 04:00:00,1082.0,22.9
2021-06-11 05:00:00,1049.0,22.8
2021-06-11 06:00:00,1151.0,22.8
2021-06-11 07:00:00,1331.0,22.9
2021-06-11 08:00:00,1314.0,23.2
2021-06-11 09:00:00,1332.0,23.8
2021-06-11 10:00:00,1389.0,24.5
2021-06-11 11:00:00,1362.0,25.1
2021-06-11 12:00:00,1434.0,26.0
2021-06-11 13:00:00,1404.0,25.8
2021-06-11 14:00:00,1394.0,25.6
2021-06-11 15:00:00,1390.0,25.8
2021-06-11 16:00:00,1360.0,26.6
2021-06-11 17:00:00,1478.0,26.6
2021-06-11 18:00:00,1459.0,27.4
2021-06-11 19:00:00,1486.0,26.4
2021-06-11 20:00:00,1569.0,25.7
2021-06-11 21:00:00,1589.0,25.3
2021-06-11 22:00:00,1499.0,25.0
2021-06-11 23:00:00,1333.0,24.6
2021-06-12 00:00:00,1286.0,24.4
2021-06-12 01:00:00,1158.0,24.2
2021-06-12 02:00:00,1162.0,24.2
2021-06-12 03:00:00,1114.0,24.0
2021-06-12 04:00:00,1108.0,23.8
2021-06-12 05:00:00,1069.0,23.8
2021-06-12 06:00:00,1180.0,23.7
2021-06-12 07:00:00,1283.0,23.8
2021-06-12 08:00:00,1316.0,24.5
2021-06-12 09:00:00,1323.0,25.4
2021-06-12 10:00:00,1382.0,27.1
2021-06-12 11:00:00,1396.0,28.3
2021-06-12 12:00:00,1381.0,29.9
2021-06-12 13:00:00,1442.0,30.5
2021-06-12 14:00:00,1501.0,31.3
2021-06-12 15:00:00,1535.0,33.2
2021-06-12 16:00:00,1525.0,32.4
2021-06-12 17:00:00,1541.0,33.0
2021-06-12 18:00:00,1541.0,32.2
2021-06-12 19:00:00,1524.0,30.9
2021-06-12 20:00:00,1649.0,30.0
2021-06-12 21:00:00,1641.0,29.1
2021-06-12 22:00:00,1539.0,28.0
2021-06-12 23:00:00,1426.0,27.7
2021-06-13 00:00:00,1327.0,26.9
2021-06-13 01:00:00,1222.0,26.3
2021-06-13 02:00:00,1196.0,26.1
2021-06-13 03:00:00,1168.0,25.6
2021-06-13 04:00:00,1132.0,26.0
2021-06-13 05:00:00,1126.0,26.0
2021-06-13 06:00:00,1226.0,25.5
2021-06-13 07:00:00,1334.0,26.4
2021-06-13 08:00:00,1333.0,27.5
2021-06-13 09:00:00,1398.0,29.5
2021-06-13 10:00:00,1412.0,30.6
2021-06-13 11:00:00,1449.0,31.5
2021-06-13 12:00:00,1474.0,32.4
2021-06-13 13:00:00,1508.0,33.4
2021-06-13 14:00:00,1454.0,33.2
2021-06-13 15:00:00,1447.0,33.8
2021-06-13 16:00:00,1477.0,34.2
2021-06-13 17:00:00,1476.0,34.1
2021-06-13 18:00:00,1475.0,32.9
2021-06-13 19:00:00,1531.0,32.6
2021-06-13 20:00:00,1588.0,31.3
2021-06-13 21:00:00,1643.0,30.0
2021-06-13 22:00:00,1549.0,29.1
2021-06-13 23:00:00,1407.0,28.6
2021-06-14 00:00:00,1390.0,28.4
2021-06-14 01:00:00,1206.0,28.6
2021-06-14 02:00:00,1228.0,28.2
2021-06-14 03:00:00,1139.0,27.8
2021-06-14 04:00:00,1110.0,27.5
2021-06-14 05:00:00,1054.0,27.3
2021-06-14 06:00:00,1154.0,26.7
2021-06-14 07:00:00,1225.0,27.2
2021-06-14 08:00:00,1257.0,28.6
2021-06-14 09:00:00,1311.0,29.2
2021-06-14 10:00:00,1387.0,30.2
2021-06-14 11:00:00,1358.0,30.9
2021-06-14 12:00:00,1402.0,31.2
2021-06-14 13:00:00,1450.0,32.1
2021-06-14 14:00:00,1437.0,33.1
2021-06-14 15:00:00,1417.0,32.7
2021-06-14 16:00:00,1465.0,32.9
2021-06-14 17:00:00,1465.0,32.7
2021-06-14 18:00:00,1460.0,32.3
2021-06-14 19:00:00,1468.0,31.7
2021-06-14 20:00:00,1553.0,30.7
2021-06-14 21:00:00,1648.0,30.8
2021-06-14 22:00:00,1525.0,30.5
2021-06-14 23:00:00,1415.0,30.0
2021-06-15 00:00:00,1312.0,28.8
2021-06-15 01:00:00,1174.0,28.4
2021-06-15 02:00:00,1172.0,28.1
2021-06-15 03:00:00,1165.0,28.0
2021-06-15 04:00:00,1181.0,28.5
2021-06-15 05:00:00,1141.0,27.8
2021-06-15 06:00:00,1165.0,27.6
2021-06-15 07:00:00,1233.0,27.9
2021-06-15 08:00:00,1334.0,28.5
2021-06-15 09:00:00,1411.0,29.9
2021-06-15 10:00:00,1492.0,30.5
2021-06-15 11:00:00,1518.0,31.3
2021-06-15 12:00:00,1481.0,32.1
2021-06-15 13:00:00,1496.0,32.0
2021-06-15 14:00:00,1466.0,33.1
2021-06-15 15:00:00,1462.0,32.7
2021-06-15 16:00:00,1510.0,32.9
2021-06-15 17:00:00,1495.0,33.9
2021-06-15 18:00:00,1535.0,32.9
2021-06-15 19:00:00,1497.0,32.0
2021-06-15 20:00:00,1614.0,31.3
2021-06-15 21:00:00,1739.0,31.3
2021-06-15 22:00:00,1536.0,30.9
2021-06-15 23:00:00,1448.0,30.4
2021-06-16 00:00:00,1331.0,30.0
2021-06-16 01:00:00,1248.0,29.5
2021-06-16 02:00:00,1242.0,29.0
2021-06-16 03:00:00,1267.0,28.6
2021-06-16 04:00:00,1285.0,28.4
2021-06-16 05:00:00,1245.0,28.2
2021-06-16 06:00:00,1304.0,27.9
2021-06-16 07:00:00,1410.0,28.2
2021-06-16 08:00:00,1444.0,29.4
2021-06-16 09:00:00,1488.0,30.6
2021-06-16 10:00:00,1577.0,30.8
2021-06-16 11:00:00,1498.0,30.5
2021-06-16 12:00:00,1469.0,31.4
2021-06-16 13:00:00,1514.0,30.6
2021-06-16 14:00:00,1478.0,31.6
2021-06-16 15:00:00,1495.0,33.1
2021-06-16 16:00:00,1511.0,32.8
2021-06-16 17:00:00,1614.0,32.7
2021-06-16 18:00:00,1543.0,32.1
2021-06-16 19:00:00,1485.0,31.4
2021-06-16 20:00:00,1601.0,30.8
2021-06-16 21:00:00,1636.0,30.1
2021-06-16 22:00:00,1569.0,29.9
2021-06-16 23:00:00,1504.0,29.8
2021-06-17 00:00:00,1340.0,29.1
2021-06-17 01:00:00,1270.0,27.5
2021-06-17 02:00:00,1251.0,27.7
2021-06-17 03:00:00,1227.0,28.4
2021-06-17 04:00:00,1218.0,28.6
2021-06-17 05:00:00,1157.0,28.4
2021-06-17 06:00:00,1200.0,28.3
2021-06-17 07:00:00,1292.0,27.3
2021-06-17 08:00:00,1307.0,29.0
2021-06-17 09:00:00,1383.0,29.5
2021-06-17 10:00:00,1485.0,30.7
2021-06-17 11:00:00,1492.0,31.7
2021-06-17 12:00:00,1520.0,32.1
2021-06-17 13:00:00,1563.0,33.2
2021-06-17 14:00:00,1526.0,33.4
2021-06-17 15:00:00,1563.0,33.9
2021-06-17 16:00:00,1582.0,34.4
2021-06-17 17:00:00,1621.0,34.3
2021-06-17 18:00:00,1605.0,34.2
2021-06-17 19:00:00,1532.0,33.5
2021-06-17 20:00:00,1678.0,32.6
2021-06-17 21:00:00,1750.0,31.7
2021-06-17 22:00:00,1662.0,31.6
2021-06-17 23:00:00,1520.0,30.5
2021-06-18 00:00:00,1394.0,29.9
2021-06-18 01:00:00,1281.0,29.0
2021-06-18 02:00:00,1303.0,27.7
2021-06-18 03:00:00,1244.0,25.7
2021-06-18 04:00:00,1190.0,25.1
2021-06-18 05:00:00,1170.0,24.4
2021-06-18 06:00:00,1199.0,24.0
2021-06-18 07:00:00,1237.0,24.5
2021-06-18 08:00:00,1324.0,25.3
2021-06-18 09:00:00,1371.0,26.1
2021-06-18 10:00:00,1488.0,28.7
2021-06-18 11:00:00,1466.0,30.2
2021-06-18 12:00:00,1491.0,31.5
2021-06-18 13:00:00,1526.0,33.3
2021-06-18 14:00:00,1524.0,33.5
2021-06-18 15:00:00,1566.0,32.6
2021-06-18 16:00:00,1562.0,31.9
2021-06-18 17:00:00,1586.0,31.3
2021-06-18 18:00:00,1516.0,29.6
2021-06-18 19:00:00,1505.0,27.3
2021-06-18 20:00:00,1543.0,25.9
2021-06-18 21:00:00,1556.0,24.6
2021-06-18 22:00:00,1448.0,24.0
2021-06-18 23:00:00,1321.0,23.6
2021-06-19 00:00:00,1250.0,23.1
2021-06-19 01:00:00,1139.0,22.7
2021-06-19 02:00:00,1118.0,22.4
2021-06-19 03:00:00,1065.0,22.1
2021-06-19 04:00:00,1013.0,21.8
2021-06-19 05:00:00,1004.0,21.6
2021-06-19 06:00:00,1078.0,21.4
2021-06-19 07:00:00,1176.0,21.4
2021-06-19 08:00:00,1205.0,21.6
2021-06-19 09:00:00,1197.0,22.5
2021-06-19 10:00:00,1288.0,23.4
2021-06-19 11:00:00,1311.0,21.9
2021-06-19 12:00:00,1273.0,21.9
2021-06-19 13:00:00,1256.0,22.9
2021-06-19 14:00:00,1263.0,22.3
2021-06-19 15:00:00,1266.0,22.1
2021-06-19 16:00:00,1310.0,21.1
2021-06-19 17:00:00,1335.0,21.1
2021-06-19 18:00:00,1282.0,21.1
2021-06-19 19:00:00,1324.0,20.8
2021-06-19 20:00:00,1345.0,20.7
2021-06-19 21:00:00,1322.0,20.5
2021-06-19 22:00:00,1214.0,20.3
2021-06-19 23:00:00,1145.0,20.2
2021-06-20 00:00:00,1051.0,19.9
2021-06-20 01:00:00,969.0,19.8
2021-06-20 02:00:00,958.0,19.5
2021-06-20 03:00:00,931.0,19.6
2021-06-20 04:00:00,922.0,19.4
2021-06-20 05:00:00,888.0,19.5
2021-06-20 06:00:00,1012.0,19.5
2021-06-20 07:00:00,1075.0,19.6
2021-06-20 08:00:00,1153.0,19.7
2021-06-20 09:00:00,1188.0,20.2
2021-06-20 10:00:00,1184.0,20.4
2021-06-20 11:00:00,1182.0,20.9
2021-06-20 12:00:00,1221.0,21.9
2021-06-20 13:00:00,1215.0,23.5
2021-06-20 14:00:00,1220.0,24.3
2021-06-20 15:00:00,1217.0,25.3
2021-06-20 16:00:00,1274.0,25.9
2021-06-20 17:00:00,1303.0,25.5
2021-06-20 18:00:00,1323.0,25.1
2021-06-20 19:00:00,1246.0,24.6
2021-06-20 20:00:00,1368.0,24.0
2021-06-20 21:00:00,1375.0,23.5
2021-06-20 22:00:00,1236.0,23.0
2021-06-20 23:00:00,1138.0,22.8
2021-06-21 00:00:00,1071.0,22.5
2021-06-21 01:00:00,977.0,22.2
2021-06-21 02:00:00,957.0,21.8
2021-06-21 03:00:00,971.0,21.3
2021-06-21 04:00:00,966.0,21.3
2021-06-21 05:00:00,914.0,20.9
2021-06-21 06:00:00,1035.0,20.5
2021-06-21 07:00:00,1186.0,21.3
2021-06-21 08:00:00,1167.0,22.5
2021-06-21 09:00:00,1200.0,24.2
2021-06-21 10:00:00,1267.0,25.3
2021-06-21 11:00:00,1230.0,26.5
2021-06-21 12:00:00,1233.0,26.5
2021-06-21 13:00:00,1249.0,26.0
2021-06-21 14:00:00,1226.0,26.0
2021-06-21 15:00:00,1283.0,26.0
2021-06-21 16:00:00,1253.0,25.5
2021-06-21 17:00:00,1327.0,23.6
2021-06-21 18:00:00,1284.0,23.1
2021-06-21 19:00:00,1264.0,23.3
2021-06-21 20:00:00,1353.0,22.9
2021-06-21 21:00:00,1384.0,22.5
2021-06-21 22:00:00,1219.0,22.2
2021-06-21 23:00:00,1104.0,21.3
2021-06-22 00:00:00,1034.0,20.9
2021-06-22 01:00:00,952.0,20.7
2021-06-22 02:00:00,944.0,20.4
2021-06-22 03:00:00,945.0,20.0
2021-06-22 04:00:00,901.0,19.8
2021-06-22 05:00:00,927.0,19.5
2021-06-22 06:00:00,1045.0,19.7
2021-06-22 07:00:00,1192.0,20.6
2021-06-22 08:00:00,1135.0,21.1
2021-06-22 09:00:00,1205.0,22.4
2021-06-22 10:00:00,1271.0,25.2
2021-06-22 11:00:00,1269.0,27.3
2021-06-22 12:00:00,1246.0,28.8
2021-06-22 13:00:00,1220.0,30.9
2021-06-22 14:00:00,1270.0,31.8
2021-06-22 15:00:00,1221.0,32.4
2021-06-22 16:00:00,1235.0,32.8
2021-06-22 17:00:00,1360.0,32.6
2021-06-22 18:00:00,1300.0,32.4
2021-06-22 19:00:00,1291.0,31.0
2021-06-22 20:00:00,1388.0,28.7
2021-06-22 21:00:00,1403.0,26.4
2021-06-22 22:00:00,1312.0,25.4
2021-06-22 23:00:00,1123.0,24.4
2021-06-23 00:00:00,1078.0,23.9
2021-06-23 01:00:00,1001.0,23.3
2021-06-23 02:00:00,994.0,22.8
2021-06-23 03:00:00,1058.0,22.3
2021-06-23 04:00:00,965.0,21.9
2021-06-23 05:00:00,979.0,21.5
2021-06-23 06:00:00,1050.0,21.3
2021-06-23 07:00:00,1169.0,22.2
2021-06-23 08:00:00,1183.0,23.8
2021-06-23 09:00:00,1256.0,25.9
2021-06-23 10:00:00,1286.0,27.6
2021-06-23 11:00:00,1340.0,29.9
2021-06-23 12:00:00,1325.0,31.2
2021-06-23 13:00:00,1333.0,32.4
2021-06-23 14:00:00,1317.0,32.2
2021-06-23 15:00:00,1379.0,32.2
2021-06-23 16:00:00,1426.0,33.3
2021-06-23 17:00:00,1445.0,32.5
2021-06-23 18:00:00,1394.0,31.7
2021-06-23 19:00:00,1363.0,30.6
2021-06-23 20:00:00,1498.0,28.2
2021-06-23 21:00:00,1520.0,27.6
2021-06-23 22:00:00,1347.0,27.5
2021-06-23 23:00:00,1246.0,26.6
2021-06-24 00:00:00,1206.0,26.1
2021-06-24 01:00:00,1135.0,25.4
2021-06-24 02:00:00,1084.0,25.2
2021-06-24 03:00:00,1049.0,24.6
2021-06-24 04:00:00,1020.0,24.4
2021-06-24 05:00:00,1032.0,23.9
2021-06-24 06:00:00,1164.0,23.4
2021-06-24 07:00:00,1216.0,24.1
2021-06-24 08:00:00,1224.0,25.6
2021-06-24 09:00:00,1279.0,27.7
2021-06-24 10:00:00,1384.0,29.3
2021-06-24 11:00:00,1405.0,30.2
2021-06-24 12:00:00,1454.0,31.1
2021-06-24 13:00:00,1451.0,32.6
2021-06-24 14:00:00,1405.0,33.5
2021-06-24 15:00:00,1480.0,33.9
2021-06-24 16:00:00,1493.0,34.5
2021-06-24 17:00:00,1507.0,34.0
2021-06-24 18:00:00,1407.0,32.7
2021-06-24 19:00:00,1364.0,32.1
2021-06-24 20:00:00,1488.0,30.1
2021-06-24 21:00:00,1549.0,29.8
2021-06-24 22:00:00,1465.0,29.2
2021-06-24 23:00:00,1326.0,27.9
2021-06-25 00:00:00,1273.0,27.6
2021-06-25 01:00:00,1162.0,27.0
2021-06-25 02:00:00,1128.0,26.8
2021-06-25 03:00:00,1104.0,26.1
2021-06-25 04:00:00,1074.0,25.5
2021-06-25 05:00:00,1087.0,25.1
2021-06-25 06:00:00,1123.0,24.9
2021-06-25 07:00:00,1191.0,25.4
2021-06-25 08:00:00,1227.0,27.1
2021-06-25 09:00:00,1325.0,28.2
2021-06-25 10:00:00,1407.0,31.0
2021-06-25 11:00:00,1404.0,31.8
2021-06-25 12:00:00,1470.0,32.6
2021-06-25 13:00:00,1484.0,31.5
2021-06-25 14:00:00,1462.0,29.9
2021-06-25 15:00:00,1461.0,27.4
2021-06-25 16:00:00,1561.0,30.2
2021-06-25 17:00:00,1533.0,30.4
2021-06-25 18:00:00,1460.0,30.2
2021-06-25 19:00:00,1432.0,29.6
2021-06-25 20:00:00,1566.0,29.0
2021-06-25 21:00:00,1547.0,28.0
2021-06-25 22:00:00,1489.0,27.5
2021-06-25 23:00:00,1394.0,27.0
2021-06-26 00:00:00,1317.0,26.7
2021-06-26 01:00:00,1206.0,25.9
2021-06-26 02:00:00,1224.0,25.8
2021-06-26 03:00:00,1150.0,26.0
2021-06-26 04:00:00,1056.0,25.3
2021-06-26 05:00:00,1102.0,25.3
2021-06-26 06:00:00,1154.0,25.1
2021-06-26 07:00:00,1220.0,26.2
2021-06-26 08:00:00,1276.0,27.7
2021-06-26 09:00:00,1318.0,29.3
2021-06-26 10:00:00,1420.0,30.4
2021-06-26 11:00:00,1444.0,31.3
2021-06-26 12:00:00,1511.0,32.2
2021-06-26 13:00:00,1532.0,32.7
2021-06-26 14:00:00,1536.0,33.4
2021-06-26 15:00:00,1499.0,33.5
2021-06-26 16:00:00,1529.0,33.3
2021-06-26 17:00:00,1616.0,33.3
2021-06-26 18:00:00,1555.0,32.8
2021-06-26 19:00:00,1504.0,32.2
2021-06-26 20:00:00,1611.0,30.6
2021-06-26 21:00:00,1741.0,29.5
2021-06-26 22:00:00,1615.0,29.3
2021-06-26 23:00:00,1500.0,29.8
2021-06-27 00:00:00,1411.0,30.2
2021-06-27 01:00:00,1257.0,29.8
2021-06-27 02:00:00,1286.0,28.9
2021-06-27 03:00:00,1202.0,28.4
2021-06-27 04:00:00,1176.0,28.0
2021-06-27 05:00:00,1166.0,27.9
2021-06-27 06:00:00,1199.0,27.8
2021-06-27 07:00:00,1264.0,27.7
2021-06-27 08:00:00,1288.0,28.5
2021-06-27 09:00:00,1368.0,29.6
2021-06-27 10:00:00,1437.0,30.6
2021-06-27 11:00:00,1483.0,31.9
2021-06-27 12:00:00,1569.0,32.5
2021-06-27 13:00:00,1592.0,33.2
2021-06-27 14:00:00,1609.0,33.2
2021-06-27 15:00:00,1638.0,34.6
2021-06-27 16:00:00,1570.0,34.6
2021-06-27 17:00:00,1667.0,34.8
2021-06-27 18:00:00,1625.0,33.7
2021-06-27 19:00:00,1560.0,33.1
2021-06-27 20:00:00,1687.0,32.2
2021-06-27 21:00:00,1761.0,31.1
2021-06-27 22:00:00,1656.0,30.8
2021-06-27 23:00:00,1515.0,30.2
2021-06-28 00:00:00,1410.0,31.1
2021-06-28 01:00:00,1321.0,30.4
2021-06-28 02:00:00,1328.0,30.1
2021-06-28 03:00:00,1254.0,30.0
2021-06-28 04:00:00,1182.0,29.2
2021-06-28 05:00:00,1164.0,28.7
2021-06-28 06:00:00,1216.0,28.6
2021-06-28 07:00:00,1267.0,27.9
2021-06-28 08:00:00,1295.0,27.9
2021-06-28 09:00:00,1384.0,28.6
2021-06-28 10:00:00,1424.0,29.4
2021-06-28 11:00:00,1491.0,29.0
2021-06-28 12:00:00,1488.0,29.5
2021-06-28 13:00:00,1481.0,30.0
2021-06-28 14:00:00,1446.0,28.7
2021-06-28 15:00:00,1469.0,27.8
2021-06-28 16:00:00,1401.0,27.6
2021-06-28 17:00:00,1486.0,26.5
2021-06-28 18:00:00,1479.0,26.2
2021-06-28 19:00:00,1423.0,26.5
2021-06-28 20:00:00,1504.0,26.5
2021-06-28 21:00:00,1483.0,26.2
2021-06-28 22:00:00,1390.0,25.9
2021-06-28 23:00:00,1303.0,26.1
2021-06-29 00:00:00,1193.0,25.8
2021-06-29 01:00:00,1135.0,25.8
2021-06-29 02:00:00,1094.0,25.8
2021-06-29 03:00:00,1067.0,25.6
2021-06-29 04:00:00,1053.0,25.3
2021-06-29 05:00:00,1018.0,24.9
2021-06-29 06:00:00,1103.0,24.9
2021-06-29 07:00:00,1160.0,25.1
2021-06-29 08:00:00,1208.0,25.7
2021-06-29 09:00:00,1361.0,26.2
2021-06-29 10:00:00,1372.0,26.5
2021-06-29 11:00:00,1386.0,27.5
2021-06-29 12:00:00,1410.0,29.0
2021-06-29 13:00:00,1458.0,29.7
2021-06-29 14:00:00,1455.0,29.9
2021-06-29 15:00:00,1445.0,31.2
2021-06-29 16:00:00,1388.0,25.9
2021-06-29 17:00:00,1423.0,26.3
2021-06-29 18:00:00,1390.0,25.8
2021-06-29 19:00:00,1405.0,25.5
2021-06-29 20:00:00,1438.0,25.1
2021-06-29 21:00:00,1426.0,25.0
2021-06-29 22:00:00,1337.0,24.8
2021-06-29 23:00:00,1202.0,24.6
2021-06-30 00:00:00,1145.0,24.5
2021-06-30 01:00:00,1043.0,24.5
2021-06-30 02:00:00,1002.0,24.4
2021-06-30 03:00:00,992.0,24.3
2021-06-30 04:00:00,978.0,24.3
2021-06-30 05:00:00,945.0,24.3
2021-06-30 06:00:00,1002.0,24.2
2021-06-30 07:00:00,1158.0,24.4
2021-06-30 08:00:00,1195.0,24.2
2021-06-30 09:00:00,1281.0,24.6
2021-06-30 10:00:00,1329.0,25.2
2021-06-30 11:00:00,1343.0,25.4
2021-06-30 12:00:00,1319.0,25.6
2021-06-30 13:00:00,1271.0,25.4
2021-06-30 14:00:00,1310.0,25.3
2021-06-30 15:00:00,1294.0,25.1
2021-06-30 16:00:00,1366.0,25.0
2021-06-30 17:00:00,1384.0,25.0
2021-06-30 18:00:00,1333.0,25.2
2021-06-30 19:00:00,1333.0,25.2
2021-06-30 20:00:00,1398.0,25.0
2021-06-30 21:00:00,1358.0,25.0
2021-06-30 22:00:00,1228.0,25.1
2021-06-30 23:00:00,1127.0,24.9
2021-07-01 00:00:00,1052.0,24.8
2021-07-01 01:00:00,999.0,24.9
2021-07-01 02:00:00,969.0,24.8
2021-07-01 03:00:00,957.0,24.8
2021-07-01 04:00:00,908.0,24.6
2021-07-01 05:00:00,915.0,24.7
2021-07-01 06:00:00,959.0,24.6
2021-07-01 07:00:00,1095.0,24.7
2021-07-01 08:00:00,1146.0,24.6
2021-07-01 09:00:00,1229.0,24.7
2021-07-01 10:00:00,1264.0,24.5
2021-07-01 11:00:00,1288.0,24.5
2021-07-01 12:00:00,1272.0,24.8
2021-07-01 13:00:00,1293.0,25.2
2021-07-01 14:00:00,1230.0,25.9
2021-07-01 15:00:00,1276.0,26.5
2021-07-01 16:00:00,1294.0,28.1
2021-07-01 17:00:00,1348.0,28.1
2021-07-01 18:00:00,1353.0,27.9
2021-07-01 19:00:00,1344.0,27.3
2021-07-01 20:00:00,1398.0,26.8
2021-07-01 21:00:00,1381.0,26.5
2021-07-01 22:00:00,1248.0,26.3
2021-07-01 23:00:00,1135.0,26.2
2021-07-02 00:00:00,1098.0,25.9
2021-07-02 01:00:00,979.0,25.9
2021-07-02 02:00:00,944.0,25.8
2021-07-02 03:00:00,933.0,25.8
2021-07-02 04:00:00,884.0,25.9
2021-07-02 05:00:00,893.0,25.4
2021-07-02 06:00:00,910.0,24.8
2021-07-02 07:00:00,1042.0,24.3
2021-07-02 08:00:00,1116.0,24.6
2021-07-02 09:00:00,1188.0,24.6
2021-07-02 10:00:00,1246.0,24.8
2021-07-02 11:00:00,1274.0,24.9
2021-07-02 12:00:00,1329.0,25.3
2021-07-02 13:00:00,1260.0,26.9
2021-07-02 14:00:00,1267.0,28.2
2021-07-02 15:00:00,1355.0,26.4
2021-07-02 16:00:00,1299.0,26.2
2021-07-02 17:00:00,1373.0,25.9
2021-07-02 18:00:00,1330.0,26.4
2021-07-02 19:00:00,1342.0,26.4
2021-07-02 20:00:00,1417.0,25.9
2021-07-02 21:00:00,1427.0,25.6
2021-07-02 22:00:00,1266.0,25.6
2021-07-02 23:00:00,1158.0,25.3
2021-07-03 00:00:00,1061.0,25.2
2021-07-03 01:00:00,1001.0,25.2
2021-07-03 02:00:00,952.0,25.1
2021-07-03 03:00:00,915.0,25.1
2021-07-03 04:00:00,912.0,25.3
2021-07-03 05:00:00,899.0,25.3
2021-07-03 06:00:00,903.0,25.2
2021-07-03 07:00:00,1024.0,25.0
2021-07-03 08:00:00,1075.0,24.6
2021-07-03 09:00:00,1105.0,24.1
2021-07-03 10:00:00,1189.0,23.8
2021-07-03 11:00:00,1182.0,23.7
2021-07-03 12:00:00,1144.0,23.6
2021-07-03 13:00:00,1140.0,23.8
2021-07-03 14:00:00,1104.0,24.0
2021-07-03 15:00:00,1212.0,24.3
2021-07-03 16:00:00,1198.0,23.9
2021-07-03 17:00:00,1274.0,23.7
2021-07-03 18:00:00,1265.0,23.8
2021-07-03 19:00:00,1277.0,23.9
2021-07-03 20:00:00,1290.0,23.8
2021-07-03 21:00:00,1306.0,23.7
2021-07-03 22:00:00,1244.0,23.6
2021-07-03 23:00:00,1101.0,23.6
2021-07-04 00:00:00,1048.0,23.6
2021-07-04 01:00:00,988.0,23.4
2021-07-04 02:00:00,897.0,23.3
2021-07-04 03:00:00,897.0,23.2
2021-07-04 04:00:00,870.0,23.0
2021-07-04 05:00:00,900.0,23.0
2021-07-04 06:00:00,935.0,22.9
2021-07-04 07:00:00,1068.0,22.9
2021-07-04 08:00:00,1070.0,22.7
2021-07-04 09:00:00,1160.0,22.9
2021-07-04 10:00:00,1162.0,23.1
2021-07-04 11:00:00,1127.0,23.3
2021-07-04 12:00:00,1197.0,23.8
2021-07-04 13:00:00,1091.0,24.4
2021-07-04 14:00:00,1142.0,24.8
2021-07-04 15:00:00,1182.0,25.4
2021-07-04 16:00:00,1219.0,26.2
2021-07-04 17:00:00,1301.0,26.5
2021-07-04 18:00:00,1300.0,26.4
2021-07-04 19:00:00,1230.0,26.5
2021-07-04 20:00:00,1310.0,25.9
2021-07-04 21:00:00,1328.0,25.3
2021-07-04 22:00:00,1285.0,25.0
2021-07-04 23:00:00,1137.0,24.8
2021-07-05 00:00:00,1032.0,24.6
2021-07-05 01:00:00,887.0,24.6
2021-07-05 02:00:00,903.0,24.6
2021-07-05 03:00:00,877.0,24.4
2021-07-05 04:00:00,846.0,24.4
2021-07-05 05:00:00,849.0,24.4
2021-07-05 06:00:00,947.0,24.3
2021-07-05 07:00:00,1100.0,24.5
2021-07-05 08:00:00,1156.0,24.9
2021-07-05 09:00:00,1250.0,26.1
2021-07-05 10:00:00,1327.0,27.9
2021-07-05 11:00:00,1310.0,29.6
2021-07-05 12:00:00,1387.0,30.5
2021-07-05 13:00:00,1361.0,31.7
2021-07-05 14:00:00,1333.0,32.3
2021-07-05 15:00:00,1387.0,32.7
2021-07-05 16:00:00,1377.0,33.3
2021-07-05 17:00:00,1429.0,33.0
2021-07-05 18:00:00,1406.0,32.9
2021-07-05 19:00:00,1393.0,31.9
2021-07-05 20:00:00,1450.0,29.9
2021-07-05 21:00:00,1460.0,28.7
2021-07-05 22:00:00,1377.0,28.0
2021-07-05 23:00:00,1217.0,27.5
2021-07-06 00:00:00,1125.0,26.5
2021-07-06 01:00:00,1002.0,26.0
2021-07-06 02:00:00,963.0,25.5
2021-07-06 03:00:00,939.0,25.2
2021-07-06 04:00:00,906.0,26.0
2021-07-06 05:00:00,891.0,24.9
2021-07-06 06:00:00,952.0,25.9
2021-07-06 07:00:00,1022.0,25.7
2021-07-06 08:00:00,1135.0,26.6
2021-07-06 09:00:00,1263.0,28.0
2021-07-06 10:00:00,1344.0,29.9
2021-07-06 11:00:00,1362.0,31.0
2021-07-06 12:00:00,1437.0,31.5
2021-07-06 13:00:00,1392.0,32.9
2021-07-06 14:00:00,1437.0,33.9
2021-07-06 15:00:00,1433.0,35.0
2021-07-06 16:00:00,1491.0,35.2
2021-07-06 17:00:00,1531.0,35.3
2021-07-06 18:00:00,1480.0,35.2
2021-07-06 19:00:00,1429.0,34.1
2021-07-06 20:00:00,1534.0,31.5
2021-07-06 21:00:00,1592.0,29.4
2021-07-06 22:00:00,1512.0,28.9
2021-07-06 23:00:00,1369.0,28.1
2021-07-07 00:00:00,1259.0,27.4
2021-07-07 01:00:00,1160.0,26.9
2021-07-07 02:00:00,1134.0,26.5
2021-07-07 03:00:00,1060.0,27.3
2021-07-07 04:00:00,1067.0,25.6
2021-07-07 05:00:00,1019.0,25.5
2021-07-07 06:00:00,1076.0,25.3
2021-07-07 07:00:00,1163.0,26.5
2021-07-07 08:00:00,1233.0,28.3
2021-07-07 09:00:00,1354.0,30.1
2021-07-07 10:00:00,1453.0,31.7
2021-07-07 11:00:00,1478.0,32.9
2021-07-07 12:00:00,1483.0,33.8
2021-07-07 13:00:00,1535.0,34.6
2021-07-07 14:00:00,1521.0,35.4
2021-07-07 15:00:00,1573.0,35.9
2021-07-07 16:00:00,1569.0,36.3
2021-07-07 17:00:00,1564.0,36.2
2021-07-07 18:00:00,1548.0,35.3
2021-07-07 19:00:00,1550.0,32.2
2021-07-07 20:00:00,1596.0,31.2
2021-07-07 21:00:00,1688.0,30.7
2021-07-07 22:00:00,1587.0,29.7
2021-07-07 23:00:00,1496.0,29.0
2021-07-08 00:00:00,1327.0,28.5
2021-07-08 01:00:00,1247.0,27.8
2021-07-08 02:00:00,1182.0,28.6
2021-07-08 03:00:00,1142.0,28.5
2021-07-08 04:00:00,1111.0,28.4
2021-07-08 05:00:00,1119.0,27.1
2021-07-08 06:00:00,1135.0,28.2
2021-07-08 07:00:00,1189.0,28.6
2021-07-08 08:00:00,1219.0,29.3
2021-07-08 09:00:00,1372.0,30.8
2021-07-08 10:00:00,1428.0,30.6
2021-07-08 11:00:00,1438.0,32.1
2021-07-08 12:00:00,1554.0,32.5
2021-07-08 13:00:00,1560.0,33.2
2021-07-08 14:00:00,1561.0,33.1
2021-07-08 15:00:00,1625.0,33.0
2021-07-08 16:00:00,1555.0,33.3
2021-07-08 17:00:00,1603.0,33.6
2021-07-08 18:00:00,1553.0,32.7
2021-07-08 19:00:00,1421.0,31.9
2021-07-08 20:00:00,1430.0,31.2
2021-07-08 21:00:00,1542.0,30.4
2021-07-08 22:00:00,1467.0,30.3
2021-07-08 23:00:00,1450.0,30.2
2021-07-09 00:00:00,1329.0,29.4
2021-07-09 01:00:00,1243.0,28.8
2021-07-09 02:00:00,1200.0,28.5
2021-07-09 03:00:00,1172.0,28.0
2021-07-09 04:00:00,1166.0,27.7
2021-07-09 05:00:00,1090.0,27.4
2021-07-09 06:00:00,1126.0,27.3
2021-07-09 07:00:00,1279.0,27.3
2021-07-09 08:00:00,1225.0,27.9
2021-07-09 09:00:00,1423.0,30.0
2021-07-09 10:00:00,1463.0,30.1
2021-07-09 11:00:00,1463.0,31.3
2021-07-09 12:00:00,1518.0,31.7
2021-07-09 13:00:00,1545.0,32.7
2021-07-09 14:00:00,1498.0,31.8
2021-07-09 15:00:00,1536.0,31.7
2021-07-09 16:00:00,1495.0,31.0
2021-07-09 17:00:00,1581.0,32.1
2021-07-09 18:00:00,1529.0,32.0
2021-07-09 19:00:00,1492.0,31.3
2021-07-09 20:00:00,1577.0,30.8
2021-07-09 21:00:00,1689.0,29.8
2021-07-09 22:00:00,1609.0,29.9
2021-07-09 23:00:00,1524.0,29.6
2021-07-10 00:00:00,1345.0,29.0
2021-07-10 01:00:00,1232.0,28.7
2021-07-10 02:00:00,1194.0,28.4
2021-07-10 03:00:00,1172.0,28.2
2021-07-10 04:00:00,1075.0,28.1
2021-07-10 05:00:00,1075.0,27.7
2021-07-10 06:00:00,1132.0,27.4
2021-07-10 07:00:00,1195.0,28.0
2021-07-10 08:00:00,1232.0,28.4
2021-07-10 09:00:00,1339.0,30.1
2021-07-10 10:00:00,1439.0,31.1
2021-07-10 11:00:00,1452.0,32.5
2021-07-10 12:00:00,1469.0,33.0
2021-07-10 13:00:00,1466.0,33.4
2021-07-10 14:00:00,1484.0,34.3
2021-07-10 15:00:00,1517.0,34.7
2021-07-10 16:00:00,1591.0,35.2
2021-07-10 17:00:00,1553.0,35.3
2021-07-10 18:00:00,1511.0,34.8
2021-07-10 19:00:00,1488.0,33.7
2021-07-10 20:00:00,1596.0,32.8
2021-07-10 21:00:00,1645.0,32.5
2021-07-10 22:00:00,1621.0,32.2
2021-07-10 23:00:00,1481.0,31.6
2021-07-11 00:00:00,1408.0,30.9
2021-07-11 01:00:00,1317.0,30.3
2021-07-11 02:00:00,1208.0,29.6
2021-07-11 03:00:00,1169.0,29.0
2021-07-11 04:00:00,1176.0,28.9
2021-07-11 05:00:00,1132.0,28.7
2021-07-11 06:00:00,1116.0,28.5
2021-07-11 07:00:00,1168.0,28.4
2021-07-11 08:00:00,1239.0,29.5
2021-07-11 09:00:00,1394.0,30.9
2021-07-11 10:00:00,1418.0,32.1
2021-07-11 11:00:00,1398.0,33.5
2021-07-11 12:00:00,1411.0,33.4
2021-07-11 13:00:00,1452.0,34.3
2021-07-11 14:00:00,1427.0,34.4
2021-07-11 15:00:00,1528.0,34.5
2021-07-11 16:00:00,1545.0,35.2
2021-07-11 17:00:00,1606.0,35.3
2021-07-11 18:00:00,1569.0,34.4
2021-07-11 19:00:00,1539.0,33.6
2021-07-11 20:00:00,1611.0,32.7
2021-07-11 21:00:00,1704.0,32.5
2021-07-11 22:00:00,1669.0,32.1
2021-07-11 23:00:00,1535.0,31.5
2021-07-12 00:00:00,1449.0,30.8
2021-07-12 01:00:00,1326.0,29.9
2021-07-12 02:00:00,1296.0,29.5
2021-07-12 03:00:00,1232.0,29.1
2021-07-12 04:00:00,1170.0,29.0
2021-07-12 05:00:00,1184.0,28.9
2021-07-12 06:00:00,1158.0,28.8
2021-07-12 07:00:00,1223.0,28.9
2021-07-12 08:00:00,1253.0,29.7
2021-07-12 09:00:00,1418.0,30.8
2021-07-12 10:00:00,1487.0,31.9
2021-07-12 11:00:00,1499.0,33.0
2021-07-12 12:00:00,1531.0,34.1
2021-07-12 13:00:00,1672.0,34.4
2021-07-12 14:00:00,1602.0,35.0
2021-07-12 15:00:00,1609.0,35.9
2021-07-12 16:00:00,1714.0,35.5
2021-07-12 17:00:00,1683.0,35.4
2021-07-12 18:00:00,1663.0,35.0
2021-07-12 19:00:00,1531.0,33.9
2021-07-12 20:00:00,1639.0,33.1
2021-07-12 21:00:00,1754.0,32.5
2021-07-12 22:00:00,1737.0,32.0
2021-07-12 23:00:00,1592.0,31.6
2021-07-13 00:00:00,1508.0,30.9
2021-07-13 01:00:00,1392.0,30.4
2021-07-13 02:00:00,1312.0,30.0
2021-07-13 03:00:00,1254.0,29.8
2021-07-13 04:00:00,1263.0,29.8
2021-07-13 05:00:00,1173.0,29.4
2021-07-13 06:00:00,1127.0,28.8
2021-07-13 07:00:00,1271.0,28.7
2021-07-13 08:00:00,1277.0,29.0
2021-07-13 09:00:00,1399.0,30.6
2021-07-13 10:00:00,1478.0,31.3
2021-07-13 11:00:00,1522.0,32.1
2021-07-13 12:00:00,1559.0,32.1
2021-07-13 13:00:00,1598.0,32.4
2021-07-13 14:00:00,1611.0,33.4
2021-07-13 15:00:00,1678.0,34.2
2021-07-13 16:00:00,1605.0,34.2
2021-07-13 17:00:00,1646.0,34.3
2021-07-13 18:00:00,1600.0,33.8
2021-07-13 19:00:00,1529.0,33.1
2021-07-13 20:00:00,1611.0,32.5
2021-07-13 21:00:00,1776.0,32.1
2021-07-13 22:00:00,1673.0,31.9
2021-07-13 23:00:00,1550.0,31.0
2021-07-14 00:00:00,1417.0,30.5
2021-07-14 01:00:00,1307.0,30.1
2021-07-14 02:00:00,1262.0,29.6
2021-07-14 03:00:00,1225.0,29.6
2021-07-14 04:00:00,1203.0,29.6
2021-07-14 05:00:00,1166.0,29.0
2021-07-14 06:00:00,1162.0,28.8
2021-07-14 07:00:00,1203.0,29.1
2021-07-14 08:00:00,1267.0,30.1
2021-07-14 09:00:00,1348.0,30.8
2021-07-14 10:00:00,1473.0,32.0
2021-07-14 11:00:00,1558.0,33.2
2021-07-14 12:00:00,1532.0,34.3
2021-07-14 13:00:00,1636.0,34.7
2021-07-14 14:00:00,1640.0,35.3
2021-07-14 15:00:00,1666.0,35.7
2021-07-14 16:00:00,1660.0,35.5
2021-07-14 17:00:00,1679.0,34.7
2021-07-14 18:00:00,1632.0,34.7
2021-07-14 19:00:00,1562.0,33.7
2021-07-14 20:00:00,1602.0,32.4
2021-07-14 21:00:00,1823.0,32.7
2021-07-14 22:00:00,1731.0,31.9
2021-07-14 23:00:00,1598.0,32.0
2021-07-15 00:00:00,1479.0,31.2
2021-07-15 01:00:00,1364.0,30.6
2021-07-15 02:00:00,1302.0,30.0
2021-07-15 03:00:00,1250.0,29.4
2021-07-15 04:00:00,1267.0,29.0
2021-07-15 05:00:00,1171.0,28.7
2021-07-15 06:00:00,1160.0,28.2
2021-07-15 07:00:00,1186.0,28.5
2021-07-15 08:00:00,1245.0,29.3
2021-07-15 09:00:00,1378.0,30.6
2021-07-15 10:00:00,1450.0,31.5
2021-07-15 11:00:00,1502.0,32.5
2021-07-15 12:00:00,1537.0,33.9
2021-07-15 13:00:00,1516.0,34.8
2021-07-15 14:00:00,1482.0,35.4
2021-07-15 15:00:00,1544.0,35.9
2021-07-15 16:00:00,1538.0,36.0
2021-07-15 17:00:00,1544.0,35.4
2021-07-15 18:00:00,1471.0,35.1
2021-07-15 19:00:00,1408.0,33.7
2021-07-15 20:00:00,1469.0,33.0
2021-07-15 21:00:00,1613.0,32.2
2021-07-15 22:00:00,1606.0,32.2
2021-07-15 23:00:00,1477.0,32.0
2021-07-16 00:00:00,1370.0,31.3
2021-07-16 01:00:00,1295.0,30.9
2021-07-16 02:00:00,1246.0,29.9
2021-07-16 03:00:00,1184.0,29.5
2021-07-16 04:00:00,1160.0,28.9
2021-07-16 05:00:00,1120.0,28.5
2021-07-16 06:00:00,1071.0,28.3
2021-07-16 07:00:00,1131.0,28.1
2021-07-16 08:00:00,1256.0,29.7
2021-07-16 09:00:00,1386.0,30.9
2021-07-16 10:00:00,1451.0,32.1
2021-07-16 11:00:00,1465.0,33.0
2021-07-16 12:00:00,1549.0,34.0
2021-07-16 13:00:00,1493.0,35.6
2021-07-16 14:00:00,1513.0,35.9
2021-07-16 15:00:00,1517.0,36.3
2021-07-16 16:00:00,1511.0,36.1
2021-07-16 17:00:00,1556.0,36.5
2021-07-16 18:00:00,1431.0,36.3
2021-07-16 19:00:00,1402.0,34.2
2021-07-16 20:00:00,1491.0,33.0
2021-07-16 21:00:00,1611.0,31.9
2021-07-16 22:00:00,1550.0,30.8
2021-07-16 23:00:00,1435.0,30.1
2021-07-17 00:00:00,1394.0,29.6
2021-07-17 01:00:00,1337.0,29.0
2021-07-17 02:00:00,1273.0,28.4
2021-07-17 03:00:00,1196.0,28.3
2021-07-17 04:00:00,1186.0,27.5
2021-07-17 05:00:00,1149.0,27.5
2021-07-17 06:00:00,1147.0,27.0
2021-07-17 07:00:00,1209.0,27.6
2021-07-17 08:00:00,1201.0,28.7
2021-07-17 09:00:00,1325.0,29.7
2021-07-17 10:00:00,1431.0,30.9
2021-07-17 11:00:00,1495.0,32.6
2021-07-17 12:00:00,1492.0,32.9
2021-07-17 13:00:00,1546.0,34.6
2021-07-17 14:00:00,1537.0,34.9
2021-07-17 15:00:00,1571.0,34.5
2021-07-17 16:00:00,1484.0,33.2
2021-07-17 17:00:00,1529.0,32.7
2021-07-17 18:00:00,1537.0,31.6
2021-07-17 19:00:00,1528.0,29.7
2021-07-17 20:00:00,1564.0,29.2
2021-07-17 21:00:00,1676.0,28.9
2021-07-17 22:00:00,1561.0,28.3
2021-07-17 23:00:00,1469.0,27.5
2021-07-18 00:00:00,1337.0,26.9
2021-07-18 01:00:00,1217.0,26.5
2021-07-18 02:00:00,1137.0,23.6
2021-07-18 03:00:00,1038.0,23.6
2021-07-18 04:00:00,1003.0,23.5
2021-07-18 05:00:00,1017.0,22.9
2021-07-18 06:00:00,1007.0,22.8
2021-07-18 07:00:00,1111.0,22.8
2021-07-18 08:00:00,1112.0,23.4
2021-07-18 09:00:00,1212.0,24.5
2021-07-18 10:00:00,1258.0,25.6
2021-07-18 11:00:00,1254.0,25.7
2021-07-18 12:00:00,1296.0,26.1
2021-07-18 13:00:00,1351.0,27.6
2021-07-18 14:00:00,1261.0,29.1
2021-07-18 15:00:00,1381.0,29.7
2021-07-18 16:00:00,1333.0,30.2
2021-07-18 17:00:00,1433.0,30.8
2021-07-18 18:00:00,1436.0,30.9
2021-07-18 19:00:00,1380.0,29.7
2021-07-18 20:00:00,1467.0,28.8
2021-07-18 21:00:00,1536.0,27.8
2021-07-18 22:00:00,1463.0,27.4
2021-07-18 23:00:00,1385.0,26.9
2021-07-19 00:00:00,1322.0,26.7
2021-07-19 01:00:00,1209.0,26.2
2021-07-19 02:00:00,1128.0,25.9
2021-07-19 03:00:00,1082.0,26.0
2021-07-19 04:00:00,1042.0,25.6
2021-07-19 05:00:00,1021.0,25.6
2021-07-19 06:00:00,1051.0,25.5
2021-07-19 07:00:00,1115.0,25.6
2021-07-19 08:00:00,1139.0,26.7
2021-07-19 09:00:00,1263.0,27.0
2021-07-19 10:00:00,1386.0,28.8
2021-07-19 11:00:00,1404.0,29.8
2021-07-19 12:00:00,1477.0,29.9
2021-07-19 13:00:00,1486.0,32.2
2021-07-19 14:00:00,1487.0,33.0
2021-07-19 15:00:00,1513.0,33.8
2021-07-19 16:00:00,1450.0,30.3
2021-07-19 17:00:00,1508.0,31.3
2021-07-19 18:00:00,1450.0,30.9
2021-07-19 19:00:00,1407.0,30.1
2021-07-19 20:00:00,1481.0,29.5
2021-07-19 21:00:00,1502.0,28.2
2021-07-19 22:00:00,1404.0,27.9
2021-07-19 23:00:00,1322.0,27.2
2021-07-20 00:00:00,1226.0,26.4
2021-07-20 01:00:00,1135.0,25.9
2021-07-20 02:00:00,1072.0,25.2
2021-07-20 03:00:00,1053.0,24.9
2021-07-20 04:00:00,1019.0,24.7
2021-07-20 05:00:00,1011.0,24.4
2021-07-20 06:00:00,1034.0,24.3
2021-07-20 07:00:00,1150.0,25.0
2021-07-20 08:00:00,1146.0,26.3
2021-07-20 09:00:00,1287.0,28.8
2021-07-20 10:00:00,1345.0,28.6
2021-07-20 11:00:00,1406.0,30.1
2021-07-20 12:00:00,1418.0,30.6
2021-07-20 13:00:00,1517.0,32.1
2021-07-20 14:00:00,1385.0,33.2
2021-07-20 15:00:00,1440.0,32.0
2021-07-20 16:00:00,1464.0,31.3
2021-07-20 17:00:00,1463.0,32.0
2021-07-20 18:00:00,1422.0,30.5
2021-07-20 19:00:00,1375.0,30.3
2021-07-20 20:00:00,1476.0,29.4
2021-07-20 21:00:00,1533.0,28.4
2021-07-20 22:00:00,1450.0,27.9
2021-07-20 23:00:00,1388.0,27.3
2021-07-21 00:00:00,1284.0,26.6
2021-07-21 01:00:00,1200.0,26.1
2021-07-21 02:00:00,1154.0,25.9
2021-07-21 03:00:00,1056.0,25.6
2021-07-21 04:00:00,1086.0,25.2
2021-07-21 05:00:00,1036.0,25.0
2021-07-21 06:00:00,1027.0,24.8
2021-07-21 07:00:00,1159.0,25.4
2021-07-21 08:00:00,1230.0,26.4
2021-07-21 09:00:00,1343.0,28.5
2021-07-21 10:00:00,1421.0,30.0
2021-07-21 11:00:00,1488.0,31.7
2021-07-21 12:00:00,1501.0,32.2
2021-07-21 13:00:00,1555.0,33.3
2021-07-21 14:00:00,1524.0,34.6
2021-07-21 15:00:00,1546.0,29.9
2021-07-21 16:00:00,1437.0,27.6
2021-07-21 17:00:00,1458.0,27.4
2021-07-21 18:00:00,1369.0,27.6
2021-07-21 19:00:00,1393.0,27.7
2021-07-21 20:00:00,1375.0,27.2
2021-07-21 21:00:00,1427.0,26.8
2021-07-21 22:00:00,1337.0,26.6
2021-07-21 23:00:00,1334.0,26.4
2021-07-22 00:00:00,1231.0,26.0
2021-07-22 01:00:00,1151.0,26.1
2021-07-22 02:00:00,1127.0,25.7
2021-07-22 03:00:00,1114.0,25.6
2021-07-22 04:00:00,1075.0,25.1
2021-07-22 05:00:00,1059.0,25.1
2021-07-22 06:00:00,1039.0,25.3
2021-07-22 07:00:00,1167.0,25.7
2021-07-22 08:00:00,1170.0,26.7
2021-07-22 09:00:00,1378.0,27.9
2021-07-22 10:00:00,1357.0,28.8
2021-07-22 11:00:00,1400.0,29.2
2021-07-22 12:00:00,1447.0,30.7
2021-07-22 13:00:00,1476.0,32.1
2021-07-22 14:00:00,1459.0,32.5
2021-07-22 15:00:00,1472.0,32.5
2021-07-22 16:00:00,1520.0,32.9
2021-07-22 17:00:00,1526.0,31.3
2021-07-22 18:00:00,1461.0,28.3
2021-07-22 19:00:00,1419.0,28.0
2021-07-22 20:00:00,1508.0,27.8
2021-07-22 21:00:00,1557.0,27.3
2021-07-22 22:00:00,1456.0,26.9
2021-07-22 23:00:00,1403.0,26.8
2021-07-23 00:00:00,1264.0,26.3
2021-07-23 01:00:00,1143.0,26.0
2021-07-23 02:00:00,1110.0,25.6
2021-07-23 03:00:00,1087.0,25.5
2021-07-23 04:00:00,1055.0,25.3
2021-07-23 05:00:00,1047.0,25.2
2021-07-23 06:00:00,1028.0,25.0
2021-07-23 07:00:00,1101.0,25.2
2021-07-23 08:00:00,1193.0,26.4
2021-07-23 09:00:00,1345.0,28.1
2021-07-23 10:00:00,1422.0,29.7
2021-07-23 11:00:00,1472.0,31.8
2021-07-23 12:00:00,1512.0,33.4
2021-07-23 13:00:00,1507.0,33.0
2021-07-23 14:00:00,1561.0,33.8
2021-07-23 15:00:00,1490.0,34.4
2021-07-23 16:00:00,1504.0,33.9
2021-07-23 17:00:00,1515.0,33.7
2021-07-23 18:00:00,1445.0,33.4
2021-07-23 19:00:00,1449.0,32.4
2021-07-23 20:00:00,1494.0,30.7
2021-07-23 21:00:00,1563.0,29.5
2021-07-23 22:00:00,1508.0,28.7
2021-07-23 23:00:00,1377.0,27.3
2021-07-24 00:00:00,1280.0,27.3
2021-07-24 01:00:00,1185.0,27.5
2021-07-24 02:00:00,1154.0,26.9
2021-07-24 03:00:00,1069.0,26.2
2021-07-24 04:00:00,1075.0,25.8
2021-07-24 05:00:00,1075.0,25.2
2021-07-24 06:00:00,1055.0,24.9
2021-07-24 07:00:00,1163.0,25.4
2021-07-24 08:00:00,1190.0,26.6
2021-07-24 09:00:00,1310.0,27.6
2021-07-24 10:00:00,1379.0,29.8
2021-07-24 11:00:00,1382.0,31.0
2021-07-24 12:00:00,1481.0,30.7
2021-07-24 13:00:00,1423.0,32.9
2021-07-24 14:00:00,1443.0,32.6
2021-07-24 15:00:00,1423.0,32.0
2021-07-24 16:00:00,1449.0,29.1
2021-07-24 17:00:00,1466.0,27.1
2021-07-24 18:00:00,1424.0,26.0
2021-07-24 19:00:00,1347.0,25.3
2021-07-24 20:00:00,1373.0,25.2
2021-07-24 21:00:00,1406.0,25.0
2021-07-24 22:00:00,1286.0,24.8
2021-07-24 23:00:00,1281.0,25.0
2021-07-25 00:00:00,1143.0,24.6
2021-07-25 01:00:00,1080.0,24.6
2021-07-25 02:00:00,1031.0,24.3
2021-07-25 03:00:00,1020.0,24.2
2021-07-25 04:00:00,1004.0,24.1
2021-07-25 05:00:00,966.0,24.1
2021-07-25 06:00:00,1017.0,24.0
2021-07-25 07:00:00,1066.0,24.4
2021-07-25 08:00:00,1087.0,25.4
2021-07-25 09:00:00,1209.0,26.6
2021-07-25 10:00:00,1325.0,28.3
2021-07-25 11:00:00,1330.0,29.4
2021-07-25 12:00:00,1410.0,31.6
2021-07-25 13:00:00,1356.0,32.0
2021-07-25 14:00:00,1360.0,31.4
2021-07-25 15:00:00,1413.0,32.8
2021-07-25 16:00:00,1434.0,33.9
2021-07-25 17:00:00,1500.0,33.3
2021-07-25 18:00:00,1472.0,32.6
2021-07-25 19:00:00,1410.0,32.3
2021-07-25 20:00:00,1493.0,30.2
2021-07-25 21:00:00,1587.0,29.0
2021-07-25 22:00:00,1491.0,28.1
2021-07-25 23:00:00,1428.0,27.3
2021-07-26 00:00:00,1283.0,26.7
2021-07-26 01:00:00,1140.0,26.1
2021-07-26 02:00:00,1095.0,25.5
2021-07-26 03:00:00,1061.0,25.4
2021-07-26 04:00:00,1042.0,24.7
2021-07-26 05:00:00,1038.0,24.4
2021-07-26 06:00:00,1068.0,24.1
2021-07-26 07:00:00,1150.0,25.1
2021-07-26 08:00:00,1183.0,27.0
2021-07-26 09:00:00,1292.0,28.6
2021-07-26 10:00:00,1402.0,30.4
2021-07-26 11:00:00,1393.0,32.1
2021-07-26 12:00:00,1459.0,31.9
2021-07-26 13:00:00,1490.0,33.8
2021-07-26 14:00:00,1469.0,34.6
2021-07-26 15:00:00,1523.0,35.1
2021-07-26 16:00:00,1504.0,35.2
2021-07-26 17:00:00,1619.0,34.9
2021-07-26 18:00:00,1542.0,34.8
2021-07-26 19:00:00,1465.0,33.8
2021-07-26 20:00:00,1515.0,31.4
2021-07-26 21:00:00,1631.0,29.6
2021-07-26 22:00:00,1603.0,28.6
2021-07-26 23:00:00,1474.0,28.2
2021-07-27 00:00:00,1312.0,27.5
2021-07-27 01:00:00,1220.0,27.1
2021-07-27 02:00:00,1181.0,26.3
2021-07-27 03:00:00,1140.0,25.9
2021-07-27 04:00:00,1099.0,25.4
2021-07-27 05:00:00,1097.0,25.0
2021-07-27 06:00:00,1103.0,24.9
2021-07-27 07:00:00,1209.0,25.8
2021-07-27 08:00:00,1207.0,27.0
2021-07-27 09:00:00,1376.0,29.2
2021-07-27 10:00:00,1455.0,31.1
2021-07-27 11:00:00,1534.0,31.7
2021-07-27 12:00:00,1623.0,33.8
2021-07-27 13:00:00,1658.0,34.8
2021-07-27 14:00:00,1643.0,35.9
2021-07-27 15:00:00,1659.0,35.5
2021-07-27 16:00:00,1639.0,36.0
2021-07-27 17:00:00,1677.0,34.3
2021-07-27 18:00:00,1643.0,34.4
2021-07-27 19:00:00,1528.0,32.6
2021-07-27 20:00:00,1489.0,31.0
2021-07-27 21:00:00,1551.0,30.3
2021-07-27 22:00:00,1512.0,28.9
2021-07-27 23:00:00,1504.0,28.0
2021-07-28 00:00:00,1355.0,27.5
2021-07-28 01:00:00,1319.0,27.2
2021-07-28 02:00:00,1247.0,26.7
2021-07-28 03:00:00,1199.0,26.2
2021-07-28 04:00:00,1168.0,25.2
2021-07-28 05:00:00,1170.0,25.0
2021-07-28 06:00:00,1155.0,24.7
2021-07-28 07:00:00,1226.0,25.8
2021-07-28 08:00:00,1256.0,27.7
2021-07-28 09:00:00,1439.0,29.4
2021-07-28 10:00:00,1534.0,31.0
2021-07-28 11:00:00,1615.0,32.4
2021-07-28 12:00:00,1615.0,34.3
2021-07-28 13:00:00,1686.0,35.3
2021-07-28 14:00:00,1659.0,36.4
2021-07-28 15:00:00,1682.0,36.6
2021-07-28 16:00:00,1655.0,37.3
2021-07-28 17:00:00,1788.0,37.0
2021-07-28 18:00:00,1663.0,36.6
2021-07-28 19:00:00,1560.0,35.2
2021-07-28 20:00:00,1552.0,32.6
2021-07-28 21:00:00,1598.0,30.5
2021-07-28 22:00:00,1557.0,30.0
2021-07-28 23:00:00,1548.0,29.1
2021-07-29 00:00:00,1408.0,28.6
2021-07-29 01:00:00,1338.0,28.2
2021-07-29 02:00:00,1326.0,27.5
2021-07-29 03:00:00,1247.0,27.0
2021-07-29 04:00:00,1195.0,26.5
2021-07-29 05:00:00,1154.0,25.9
2021-07-29 06:00:00,1163.0,25.8
2021-07-29 07:00:00,1250.0,26.0
2021-07-29 08:00:00,1310.0,27.9
2021-07-29 09:00:00,1473.0,28.4
2021-07-29 10:00:00,1548.0,29.4
2021-07-29 11:00:00,1559.0,30.8
2021-07-29 12:00:00,1573.0,32.5
2021-07-29 13:00:00,1558.0,33.0
2021-07-29 14:00:00,1566.0,34.5
2021-07-29 15:00:00,1599.0,35.5
2021-07-29 16:00:00,1541.0,35.3
2021-07-29 17:00:00,1617.0,35.2
2021-07-29 18:00:00,1538.0,34.1
2021-07-29 19:00:00,1507.0,33.0
2021-07-29 20:00:00,1630.0,31.5
2021-07-29 21:00:00,1689.0,30.8
2021-07-29 22:00:00,1594.0,30.3
2021-07-29 23:00:00,1505.0,29.6
2021-07-30 00:00:00,1417.0,29.2
2021-07-30 01:00:00,1343.0,29.0
2021-07-30 02:00:00,1319.0,28.8
2021-07-30 03:00:00,1312.0,27.8
2021-07-30 04:00:00,1213.0,28.2
2021-07-30 05:00:00,1223.0,27.4
2021-07-30 06:00:00,1237.0,27.4
2021-07-30 07:00:00,1265.0,27.4
2021-07-30 08:00:00,1341.0,27.1
2021-07-30 09:00:00,1469.0,27.6
2021-07-30 10:00:00,1493.0,28.6
2021-07-30 11:00:00,1576.0,30.3
2021-07-30 12:00:00,1540.0,31.8
2021-07-30 13:00:00,1506.0,33.5
2021-07-30 14:00:00,1554.0,34.4
2021-07-30 15:00:00,1655.0,35.9
2021-07-30 16:00:00,1542.0,36.2
2021-07-30 17:00:00,1611.0,36.8
2021-07-30 18:00:00,1559.0,35.6
2021-07-30 19:00:00,1529.0,34.7
2021-07-30 20:00:00,1619.0,32.0
2021-07-30 21:00:00,1673.0,31.1
2021-07-30 22:00:00,1590.0,30.5
2021-07-30 23:00:00,1505.0,29.6
2021-07-31 00:00:00,1414.0,28.9
2021-07-31 01:00:00,1372.0,28.4
2021-07-31 02:00:00,1318.0,27.9
2021-07-31 03:00:00,1276.0,27.1
2021-07-31 04:00:00,1222.0,27.1
2021-07-31 05:00:00,1196.0,26.5
2021-07-31 06:00:00,1128.0,26.3
2021-07-31 07:00:00,1215.0,27.2
2021-07-31 08:00:00,1286.0,28.6
2021-07-31 09:00:00,1436.0,29.9
2021-07-31 10:00:00,1492.0,31.6
2021-07-31 11:00:00,1531.0,33.0
2021-07-31 12:00:00,1658.0,34.8
2021-07-31 13:00:00,1539.0,36.3
2021-07-31 14:00:00,1599.0,37.0
2021-07-31 15:00:00,1620.0,38.5
2021-07-31 16:00:00,1576.0,38.2
2021-07-31 17:00:00,1673.0,37.7
2021-07-31 18:00:00,1621.0,36.9
2021-07-31 19:00:00,1528.0,35.7
2021-07-31 20:00:00,1604.0,33.0
2021-07-31 21:00:00,1701.0,31.7
2021-07-31 22:00:00,1570.0,30.6
2021-07-31 23:00:00,1493.0,29.9
2021-08-01 00:00:00,1461.0,29.4
2021-08-01 01:00:00,1393.0,28.9
2021-08-01 02:00:00,1383.0,28.7
2021-08-01 03:00:00,1336.0,28.9
2021-08-01 04:00:00,1255.0,27.6
2021-08-01 05:00:00,1246.0,26.8
2021-08-01 06:00:00,1208.0,26.6
2021-08-01 07:00:00,1283.0,26.8
2021-08-01 08:00:00,1310.0,29.2
2021-08-01 09:00:00,1494.0,30.5
2021-08-01 10:00:00,1539.0,31.9
2021-08-01 11:00:00,1628.0,33.9
2021-08-01 12:00:00,1723.0,35.3
2021-08-01 13:00:00,1581.0,36.9
2021-08-01 14:00:00,1586.0,37.9
2021-08-01 15:00:00,1574.0,37.6
2021-08-01 16:00:00,1615.0,38.7
2021-08-01 17:00:00,1662.0,38.1
2021-08-01 18:00:00,1647.0,36.5
2021-08-01 19:00:00,1556.0,33.2
2021-08-01 20:00:00,1643.0,31.9
2021-08-01 21:00:00,1767.0,30.8
2021-08-01 22:00:00,1643.0,30.0
2021-08-01 23:00:00,1554.0,29.4
2021-08-02 00:00:00,1482.0,28.8
2021-08-02 01:00:00,1428.0,28.5
2021-08-02 02:00:00,1400.0,28.0
2021-08-02 03:00:00,1318.0,27.4
2021-08-02 04:00:00,1310.0,26.6
2021-08-02 05:00:00,1238.0,26.4
2021-08-02 06:00:00,1246.0,26.0
2021-08-02 07:00:00,1304.0,26.7
2021-08-02 08:00:00,1350.0,28.9
2021-08-02 09:00:00,1535.0,31.0
2021-08-02 10:00:00,1589.0,33.0
2021-08-02 11:00:00,1571.0,34.7
2021-08-02 12:00:00,1588.0,36.3
2021-08-02 13:00:00,1620.0,37.3
2021-08-02 14:00:00,1593.0,38.3
2021-08-02 15:00:00,1672.0,38.2
2021-08-02 16:00:00,1636.0,38.6
2021-08-02 17:00:00,1715.0,38.4
2021-08-02 18:00:00,1592.0,37.7
2021-08-02 19:00:00,1531.0,36.1
2021-08-02 20:00:00,1619.0,34.2
2021-08-02 21:00:00,1729.0,32.4
2021-08-02 22:00:00,1658.0,31.0
2021-08-02 23:00:00,1541.0,30.7
2021-08-03 00:00:00,1518.0,29.8
2021-08-03 01:00:00,1478.0,29.2
2021-08-03 02:00:00,1442.0,28.6
2021-08-03 03:00:00,1377.0,28.6
2021-08-03 04:00:00,1380.0,28.0
2021-08-03 05:00:00,1290.0,27.7
2021-08-03 06:00:00,1264.0,27.1
2021-08-03 07:00:00,1298.0,27.4
2021-08-03 08:00:00,1415.0,29.2
2021-08-03 09:00:00,1554.0,31.0
2021-08-03 10:00:00,1663.0,32.7
2021-08-03 11:00:00,1624.0,33.8
2021-08-03 12:00:00,1633.0,34.8
2021-08-03 13:00:00,1686.0,36.2
2021-08-03 14:00:00,1769.0,37.0
2021-08-03 15:00:00,1666.0,36.8
2021-08-03 16:00:00,1686.0,36.6
2021-08-03 17:00:00,1653.0,33.4
2021-08-03 18:00:00,1545.0,31.5
2021-08-03 19:00:00,1461.0,32.0
2021-08-03 20:00:00,1658.0,31.2
2021-08-03 21:00:00,1752.0,30.3
2021-08-03 22:00:00,1658.0,29.5
2021-08-03 23:00:00,1567.0,29.2
2021-08-04 00:00:00,1593.0,28.8
2021-08-04 01:00:00,1491.0,28.7
2021-08-04 02:00:00,1415.0,28.3
2021-08-04 03:00:00,1369.0,27.3
2021-08-04 04:00:00,1318.0,27.1
2021-08-04 05:00:00,1261.0,26.4
2021-08-04 06:00:00,1256.0,26.2
2021-08-04 07:00:00,1370.0,26.6
2021-08-04 08:00:00,1405.0,28.0
2021-08-04 09:00:00,1599.0,30.0
2021-08-04 10:00:00,1608.0,31.4
2021-08-04 11:00:00,1533.0,32.8
2021-08-04 12:00:00,1557.0,34.0
2021-08-04 13:00:00,1622.0,35.2
2021-08-04 14:00:00,1671.0,34.8
2021-08-04 15:00:00,1612.0,35.9
2021-08-04 16:00:00,1604.0,35.9
2021-08-04 17:00:00,1662.0,35.5
2021-08-04 18:00:00,1557.0,35.0
2021-08-04 19:00:00,1470.0,33.9
2021-08-04 20:00:00,1628.0,32.6
2021-08-04 21:00:00,1722.0,31.2
2021-08-04 22:00:00,1644.0,30.1
2021-08-04 23:00:00,1558.0,29.5
2021-08-05 00:00:00,1498.0,28.5
2021-08-05 01:00:00,1476.0,27.9
2021-08-05 02:00:00,1426.0,27.6
2021-08-05 03:00:00,1425.0,27.2
2021-08-05 04:00:00,1301.0,26.4
2021-08-05 05:00:00,1270.0,26.5
2021-08-05 06:00:00,1235.0,26.1
2021-08-05 07:00:00,1285.0,26.8
2021-08-05 08:00:00,1406.0,28.7
2021-08-05 09:00:00,1558.0,30.6
2021-08-05 10:00:00,1568.0,31.7
2021-08-05 11:00:00,1586.0,33.4
2021-08-05 12:00:00,1602.0,34.4
2021-08-05 13:00:00,1543.0,35.0
2021-08-05 14:00:00,1616.0,35.7
2021-08-05 15:00:00,1651.0,36.0
2021-08-05 16:00:00,1643.0,36.4
2021-08-05 17:00:00,1732.0,35.8
2021-08-05 18:00:00,1689.0,33.7
2021-08-05 19:00:00,1624.0,33.5
2021-08-05 20:00:00,1777.0,29.4
2021-08-05 21:00:00,1891.0,29.7
2021-08-05 22:00:00,1754.0,30.3
2021-08-05 23:00:00,1630.0,30.3
2021-08-06 00:00:00,1550.0,30.0
2021-08-06 01:00:00,1474.0,28.7
2021-08-06 02:00:00,1426.0,27.7
2021-08-06 03:00:00,1403.0,27.7
2021-08-06 04:00:00,1327.0,26.9
2021-08-06 05:00:00,1291.0,27.0
2021-08-06 06:00:00,1265.0,26.4
2021-08-06 07:00:00,1334.0,26.9
2021-08-06 08:00:00,1392.0,27.8
2021-08-06 09:00:00,1541.0,29.7
2021-08-06 10:00:00,1629.0,31.9
2021-08-06 11:00:00,1681.0,33.5
2021-08-06 12:00:00,1722.0,34.9
2021-08-06 13:00:00,1700.0,35.9
2021-08-06 14:00:00,1711.0,36.5
2021-08-06 15:00:00,1759.0,37.0
2021-08-06 16:00:00,1763.0,36.9
2021-08-06 17:00:00,1746.0,37.0
2021-08-06 18:00:00,1646.0,35.7
2021-08-06 19:00:00,1559.0,35.0
2021-08-06 20:00:00,1710.0,33.5
2021-08-06 21:00:00,1864.0,32.0
2021-08-06 22:00:00,1736.0,30.9
2021-08-06 23:00:00,1682.0,30.2
2021-08-07 00:00:00,1586.0,29.0
2021-08-07 01:00:00,1474.0,28.4
2021-08-07 02:00:00,1442.0,27.7
2021-08-07 03:00:00,1360.0,26.7
2021-08-07 04:00:00,1326.0,26.5
2021-08-07 05:00:00,1278.0,26.4
2021-08-07 06:00:00,1279.0,25.8
2021-08-07 07:00:00,1348.0,26.4
2021-08-07 08:00:00,1422.0,28.4
2021-08-07 09:00:00,1527.0,30.2
2021-08-07 10:00:00,1602.0,32.2
2021-08-07 11:00:00,1697.0,33.7
2021-08-07 12:00:00,1707.0,34.4
2021-08-07 13:00:00,1740.0,35.8
2021-08-07 14:00:00,1768.0,36.5
2021-08-07 15:00:00,1794.0,36.5
2021-08-07 16:00:00,1797.0,37.3
2021-08-07 17:00:00,1837.0,37.1
2021-08-07 18:00:00,1828.0,35.6
2021-08-07 19:00:00,1590.0,34.5
2021-08-07 20:00:00,1774.0,33.3
2021-08-07 21:00:00,1885.0,32.1
2021-08-07 22:00:00,1730.0,31.9
2021-08-07 23:00:00,1662.0,31.1
2021-08-08 00:00:00,1614.0,30.7
2021-08-08 01:00:00,1517.0,29.8
2021-08-08 02:00:00,1497.0,29.4
2021-08-08 03:00:00,1423.0,28.8
2021-08-08 04:00:00,1399.0,28.0
2021-08-08 05:00:00,1342.0,28.0
2021-08-08 06:00:00,1312.0,27.5
2021-08-08 07:00:00,1359.0,27.8
2021-08-08 08:00:00,1403.0,28.7
2021-08-08 09:00:00,1517.0,30.7
2021-08-08 10:00:00,1583.0,32.0
2021-08-08 11:00:00,1692.0,33.3
2021-08-08 12:00:00,1685.0,35.4
2021-08-08 13:00:00,1773.0,35.3
2021-08-08 14:00:00,1801.0,35.3
2021-08-08 15:00:00,1801.0,35.3
2021-08-08 16:00:00,1770.0,35.2
2021-08-08 17:00:00,1788.0,34.5
2021-08-08 18:00:00,1697.0,33.8
2021-08-08 19:00:00,1574.0,33.1
2021-08-08 20:00:00,1778.0,32.1
2021-08-08 21:00:00,1863.0,31.4
2021-08-08 22:00:00,1783.0,31.1
2021-08-08 23:00:00,1681.0,30.7
2021-08-09 00:00:00,1561.0,29.9
2021-08-09 01:00:00,1496.0,29.7
2021-08-09 02:00:00,1423.0,29.2
2021-08-09 03:00:00,1350.0,28.7
2021-08-09 04:00:00,1299.0,28.4
2021-08-09 05:00:00,1318.0,28.2
2021-08-09 06:00:00,1260.0,27.9
2021-08-09 07:00:00,1344.0,28.9
2021-08-09 08:00:00,1380.0,29.7
2021-08-09 09:00:00,1534.0,31.5
2021-08-09 10:00:00,1654.0,32.7
2021-08-09 11:00:00,1692.0,33.6
2021-08-09 12:00:00,1760.0,34.7
2021-08-09 13:00:00,1790.0,35.4
2021-08-09 14:00:00,1784.0,36.1
2021-08-09 15:00:00,1835.0,36.0
2021-08-09 16:00:00,1779.0,36.3
2021-08-09 17:00:00,1823.0,36.8
2021-08-09 18:00:00,1778.0,35.8
2021-08-09 19:00:00,1658.0,34.7
2021-08-09 20:00:00,1746.0,32.6
2021-08-09 21:00:00,1689.0,31.6
2021-08-09 22:00:00,1660.0,30.6
2021-08-09 23:00:00,1578.0,30.4
2021-08-10 00:00:00,1472.0,29.7
2021-08-10 01:00:00,1406.0,28.4
2021-08-10 02:00:00,1348.0,27.2
2021-08-10 03:00:00,1293.0,26.8
2021-08-10 04:00:00,1201.0,26.5
2021-08-10 05:00:00,1177.0,25.7
2021-08-10 06:00:00,1161.0,25.6
2021-08-10 07:00:00,1188.0,25.1
2021-08-10 08:00:00,1265.0,25.1
2021-08-10 09:00:00,1358.0,25.1
2021-08-10 10:00:00,1386.0,25.1
2021-08-10 11:00:00,1399.0,25.2
2021-08-10 12:00:00,1393.0,25.6
2021-08-10 13:00:00,1392.0,25.3
2021-08-10 14:00:00,1353.0,25.5
2021-08-10 15:00:00,1441.0,26.0
2021-08-10 16:00:00,1454.0,26.4
2021-08-10 17:00:00,1474.0,27.1
2021-08-10 18:00:00,1458.0,26.7
2021-08-10 19:00:00,1334.0,26.1
2021-08-10 20:00:00,1483.0,26.2
2021-08-10 21:00:00,1454.0,26.0
2021-08-10 22:00:00,1414.0,25.8
2021-08-10 23:00:00,1302.0,25.6
2021-08-11 00:00:00,1201.0,25.6
2021-08-11 01:00:00,1142.0,25.3
2021-08-11 02:00:00,1134.0,25.3
2021-08-11 03:00:00,1064.0,25.3
2021-08-11 04:00:00,1036.0,25.2
2021-08-11 05:00:00,1013.0,25.0
2021-08-11 06:00:00,990.0,25.0
2021-08-11 07:00:00,1123.0,25.0
2021-08-11 08:00:00,1164.0,25.2
2021-08-11 09:00:00,1283.0,25.4
2021-08-11 10:00:00,1309.0,26.2
2021-08-11 11:00:00,1379.0,27.0
2021-08-11 12:00:00,1358.0,29.3
2021-08-11 13:00:00,1384.0,30.8
2021-08-11 14:00:00,1398.0,31.8
2021-08-11 15:00:00,1451.0,32.5
2021-08-11 16:00:00,1460.0,31.1
2021-08-11 17:00:00,1450.0,30.5
2021-08-11 18:00:00,1383.0,26.3
2021-08-11 19:00:00,1316.0,26.3
2021-08-11 20:00:00,1476.0,26.3
2021-08-11 21:00:00,1477.0,26.2
2021-08-11 22:00:00,1339.0,26.1
2021-08-11 23:00:00,1249.0,26.1
2021-08-12 00:00:00,1155.0,26.0
2021-08-12 01:00:00,1127.0,25.9
2021-08-12 02:00:00,1081.0,25.7
2021-08-12 03:00:00,1047.0,25.3
2021-08-12 04:00:00,981.0,25.3
2021-08-12 05:00:00,976.0,25.4
2021-08-12 06:00:00,1021.0,25.4
2021-08-12 07:00:00,1140.0,25.6
2021-08-12 08:00:00,1176.0,26.1
2021-08-12 09:00:00,1317.0,27.2
2021-08-12 10:00:00,1353.0,28.7
2021-08-12 11:00:00,1435.0,31.0
2021-08-12 12:00:00,1459.0,32.4
2021-08-12 13:00:00,1500.0,31.8
2021-08-12 14:00:00,1472.0,33.1
2021-08-12 15:00:00,1515.0,33.9
2021-08-12 16:00:00,1577.0,34.7
2021-08-12 17:00:00,1601.0,34.6
2021-08-12 18:00:00,1524.0,33.7
2021-08-12 19:00:00,1447.0,33.0
2021-08-12 20:00:00,1624.0,31.8
2021-08-12 21:00:00,1617.0,31.0
2021-08-12 22:00:00,1479.0,29.8
2021-08-12 23:00:00,1429.0,29.3
2021-08-13 00:00:00,1280.0,29.2
2021-08-13 01:00:00,1196.0,28.5
2021-08-13 02:00:00,1118.0,27.9
2021-08-13 03:00:00,1094.0,28.2
2021-08-13 04:00:00,1050.0,27.3
2021-08-13 05:00:00,1013.0,28.1
2021-08-13 06:00:00,1040.0,27.9
2021-08-13 07:00:00,1121.0,28.2
2021-08-13 08:00:00,1095.0,28.2
2021-08-13 09:00:00,1297.0,28.7
2021-08-13 10:00:00,1346.0,29.1
2021-08-13 11:00:00,1391.0,29.8
2021-08-13 12:00:00,1383.0,30.3
2021-08-13 13:00:00,1388.0,30.5
2021-08-13 14:00:00,1448.0,31.1
2021-08-13 15:00:00,1486.0,31.3
2021-08-13 16:00:00,1476.0,31.6
2021-08-13 17:00:00,1508.0,31.0
2021-08-13 18:00:00,1459.0,30.6
2021-08-13 19:00:00,1372.0,29.5
2021-08-13 20:00:00,1465.0,26.2
2021-08-13 21:00:00,1418.0,24.4
2021-08-13 22:00:00,1271.0,24.2
2021-08-13 23:00:00,1174.0,23.6
2021-08-14 00:00:00,1075.0,22.6
2021-08-14 01:00:00,972.0,21.9
2021-08-14 02:00:00,947.0,21.6
2021-08-14 03:00:00,932.0,21.4
2021-08-14 04:00:00,947.0,21.1
2021-08-14 05:00:00,874.0,21.0
2021-08-14 06:00:00,916.0,21.0
2021-08-14 07:00:00,1042.0,21.1
2021-08-14 08:00:00,1108.0,21.1
2021-08-14 09:00:00,1167.0,21.1
2021-08-14 10:00:00,1185.0,21.5
2021-08-14 11:00:00,1162.0,21.8
2021-08-14 12:00:00,1181.0,22.2
2021-08-14 13:00:00,1151.0,21.9
2021-08-14 14:00:00,1164.0,22.2
2021-08-14 15:00:00,1132.0,22.5
2021-08-14 16:00:00,1114.0,22.2
2021-08-14 17:00:00,1209.0,22.1
2021-08-14 18:00:00,1135.0,22.1
2021-08-14 19:00:00,1035.0,22.0
2021-08-14 20:00:00,1212.0,21.9
2021-08-14 21:00:00,1178.0,21.8
2021-08-14 22:00:00,1044.0,21.9
2021-08-14 23:00:00,941.0,21.9
2021-08-15 00:00:00,905.0,21.7
2021-08-15 01:00:00,860.0,21.5
2021-08-15 02:00:00,870.0,21.5
2021-08-15 03:00:00,816.0,21.6
2021-08-15 04:00:00,813.0,21.5
2021-08-15 05:00:00,796.0,21.5
2021-08-15 06:00:00,847.0,21.6
2021-08-15 07:00:00,956.0,21.6
2021-08-15 08:00:00,1008.0,21.8
2021-08-15 09:00:00,1056.0,22.2
2021-08-15 10:00:00,1126.0,22.7
2021-08-15 11:00:00,1118.0,23.0
2021-08-15 12:00:00,1079.0,24.0
2021-08-15 13:00:00,1092.0,24.0
2021-08-15 14:00:00,1048.0,23.9
2021-08-15 15:00:00,1169.0,23.4
2021-08-15 16:00:00,1123.0,23.4
2021-08-15 17:00:00,1236.0,23.8
2021-08-15 18:00:00,1179.0,23.7
2021-08-15 19:00:00,1149.0,23.2
2021-08-15 20:00:00,1242.0,23.3
2021-08-15 21:00:00,1171.0,23.3
2021-08-15 22:00:00,1071.0,23.2
2021-08-15 23:00:00,1051.0,23.3
2021-08-16 00:00:00,924.0,23.3
2021-08-16 01:00:00,880.0,23.2
2021-08-16 02:00:00,847.0,23.1
2021-08-16 03:00:00,836.0,23.1
2021-08-16 04:00:00,837.0,23.0
2021-08-16 05:00:00,834.0,23.0
2021-08-16 06:00:00,831.0,23.0
2021-08-16 07:00:00,1009.0,23.1
2021-08-16 08:00:00,1114.0,23.2
2021-08-16 09:00:00,1160.0,24.6
2021-08-16 10:00:00,1181.0,26.0
2021-08-16 11:00:00,1202.0,28.1
2021-08-16 12:00:00,1169.0,29.4
2021-08-16 13:00:00,1189.0,29.6
2021-08-16 14:00:00,1166.0,30.3
2021-08-16 15:00:00,1299.0,31.2
2021-08-16 16:00:00,1273.0,31.0
2021-08-16 17:00:00,1311.0,25.8
2021-08-16 18:00:00,1202.0,26.0
2021-08-16 19:00:00,1236.0,25.6
2021-08-16 20:00:00,1379.0,25.5
2021-08-16 21:00:00,1349.0,25.1
2021-08-16 22:00:00,1168.0,25.0
2021-08-16 23:00:00,1050.0,25.0
2021-08-17 00:00:00,963.0,24.9
2021-08-17 01:00:00,875.0,24.8
2021-08-17 02:00:00,860.0,24.8
2021-08-17 03:00:00,871.0,24.8
2021-08-17 04:00:00,826.0,24.7
2021-08-17 05:00:00,831.0,24.4
2021-08-17 06:00:00,858.0,24.5
2021-08-17 07:00:00,1006.0,24.4
2021-08-17 08:00:00,1072.0,25.0
2021-08-17 09:00:00,1263.0,26.6
2021-08-17 10:00:00,1247.0,29.2
2021-08-17 11:00:00,1339.0,30.3
2021-08-17 12:00:00,1274.0,31.1
2021-08-17 13:00:00,1323.0,31.2
2021-08-17 14:00:00,1308.0,32.9
2021-08-17 15:00:00,1381.0,33.7
2021-08-17 16:00:00,1350.0,33.6
2021-08-17 17:00:00,1448.0,34.3
2021-08-17 18:00:00,1347.0,34.3
2021-08-17 19:00:00,1360.0,28.3
2021-08-17 20:00:00,1548.0,27.6
2021-08-17 21:00:00,1487.0,27.1
2021-08-17 22:00:00,1294.0,27.7
2021-08-17 23:00:00,1213.0,27.6
2021-08-18 00:00:00,1120.0,27.2
2021-08-18 01:00:00,1015.0,26.9
2021-08-18 02:00:00,991.0,26.6
2021-08-18 03:00:00,956.0,26.5
2021-08-18 04:00:00,962.0,26.3
2021-08-18 05:00:00,946.0,26.1
2021-08-18 06:00:00,957.0,25.6
2021-08-18 07:00:00,1099.0,25.6
2021-08-18 08:00:00,1129.0,26.4
2021-08-18 09:00:00,1301.0,27.7
2021-08-18 10:00:00,1332.0,28.4
2021-08-18 11:00:00,1325.0,30.8
2021-08-18 12:00:00,1334.0,31.9
2021-08-18 13:00:00,1347.0,28.9
2021-08-18 14:00:00,1319.0,27.4
2021-08-18 15:00:00,1377.0,27.0
2021-08-18 16:00:00,1319.0,26.9
2021-08-18 17:00:00,1415.0,27.9
2021-08-18 18:00:00,1310.0,28.4
2021-08-18 19:00:00,1263.0,27.9
2021-08-18 20:00:00,1452.0,26.8
2021-08-18 21:00:00,1443.0,26.4
2021-08-18 22:00:00,1310.0,25.8
2021-08-18 23:00:00,1229.0,25.4
2021-08-19 00:00:00,1090.0,25.3
2021-08-19 01:00:00,979.0,25.4
2021-08-19 02:00:00,973.0,25.5
2021-08-19 03:00:00,982.0,25.5
2021-08-19 04:00:00,978.0,25.3
2021-08-19 05:00:00,944.0,25.3
2021-08-19 06:00:00,954.0,25.2
2021-08-19 07:00:00,1045.0,25.4
2021-08-19 08:00:00,1103.0,26.0
2021-08-19 09:00:00,1293.0,28.0
2021-08-19 10:00:00,1354.0,29.4
2021-08-19 11:00:00,1384.0,31.0
2021-08-19 12:00:00,1390.0,32.0
2021-08-19 13:00:00,1454.0,33.4
2021-08-19 14:00:00,1482.0,33.9
2021-08-19 15:00:00,1546.0,34.9
2021-08-19 16:00:00,1499.0,35.4
2021-08-19 17:00:00,1553.0,34.8
2021-08-19 18:00:00,1455.0,32.9
2021-08-19 19:00:00,1442.0,32.0
2021-08-19 20:00:00,1623.0,30.8
2021-08-19 21:00:00,1565.0,30.2
2021-08-19 22:00:00,1474.0,30.0
2021-08-19 23:00:00,1310.0,29.1
2021-08-20 00:00:00,1216.0,28.4
2021-08-20 01:00:00,1134.0,27.7
2021-08-20 02:00:00,1126.0,27.4
2021-08-20 03:00:00,1072.0,27.0
2021-08-20 04:00:00,1058.0,27.9
2021-08-20 05:00:00,1028.0,28.0
2021-08-20 06:00:00,1030.0,27.6
2021-08-20 07:00:00,1114.0,27.7
2021-08-20 08:00:00,1226.0,28.7
2021-08-20 09:00:00,1256.0,29.9
2021-08-20 10:00:00,1316.0,31.0
2021-08-20 11:00:00,1387.0,32.5
2021-08-20 12:00:00,1377.0,33.4
2021-08-20 13:00:00,1509.0,34.0
2021-08-20 14:00:00,1480.0,34.6
2021-08-20 15:00:00,1599.0,35.1
2021-08-20 16:00:00,1576.0,35.4
2021-08-20 17:00:00,1611.0,35.2
2021-08-20 18:00:00,1432.0,34.8
2021-08-20 19:00:00,1381.0,33.9
2021-08-20 20:00:00,1561.0,32.2
2021-08-20 21:00:00,1678.0,31.2
2021-08-20 22:00:00,1586.0,30.5
2021-08-20 23:00:00,1435.0,29.8
2021-08-21 00:00:00,1357.0,30.7
2021-08-21 01:00:00,1226.0,30.0
2021-08-21 02:00:00,1241.0,29.8
2021-08-21 03:00:00,1207.0,29.4
2021-08-21 04:00:00,1192.0,29.1
2021-08-21 05:00:00,1150.0,28.9
2021-08-21 06:00:00,1136.0,28.6
2021-08-21 07:00:00,1242.0,28.4
2021-08-21 08:00:00,1272.0,29.1
2021-08-21 09:00:00,1329.0,29.6
2021-08-21 10:00:00,1390.0,30.7
2021-08-21 11:00:00,1488.0,32.1
2021-08-21 12:00:00,1502.0,32.6
2021-08-21 13:00:00,1546.0,34.2
2021-08-21 14:00:00,1577.0,34.8
2021-08-21 15:00:00,1655.0,35.7
2021-08-21 16:00:00,1654.0,35.7
2021-08-21 17:00:00,1565.0,35.6
2021-08-21 18:00:00,1563.0,35.3
2021-08-21 19:00:00,1455.0,34.4
2021-08-21 20:00:00,1706.0,32.7
2021-08-21 21:00:00,1715.0,31.1
2021-08-21 22:00:00,1588.0,30.1
2021-08-21 23:00:00,1468.0,29.5
2021-08-22 00:00:00,1410.0,29.1
2021-08-22 01:00:00,1363.0,28.7
2021-08-22 02:00:00,1302.0,30.1
2021-08-22 03:00:00,1242.0,29.4
2021-08-22 04:00:00,1221.0,29.1
2021-08-22 05:00:00,1192.0,28.5
2021-08-22 06:00:00,1193.0,28.1
2021-08-22 07:00:00,1272.0,28.1
2021-08-22 08:00:00,1317.0,29.4
2021-08-22 09:00:00,1393.0,30.6
2021-08-22 10:00:00,1468.0,31.7
2021-08-22 11:00:00,1485.0,32.7
2021-08-22 12:00:00,1529.0,33.6
2021-08-22 13:00:00,1629.0,33.9
2021-08-22 14:00:00,1648.0,35.1
2021-08-22 15:00:00,1680.0,35.2
2021-08-22 16:00:00,1691.0,35.2
2021-08-22 17:00:00,1643.0,34.9
2021-08-22 18:00:00,1612.0,34.6
2021-08-22 19:00:00,1483.0,33.5
2021-08-22 20:00:00,1725.0,32.2
2021-08-22 21:00:00,1732.0,32.3
2021-08-22 22:00:00,1631.0,31.9
2021-08-22 23:00:00,1557.0,31.3
2021-08-23 00:00:00,1455.0,31.0
2021-08-23 01:00:00,1345.0,30.6
2021-08-23 02:00:00,1374.0,29.9
2021-08-23 03:00:00,1309.0,29.5
2021-08-23 04:00:00,1312.0,29.3
2021-08-23 05:00:00,1268.0,29.3
2021-08-23 06:00:00,1249.0,29.0
2021-08-23 07:00:00,1358.0,29.0
2021-08-23 08:00:00,1382.0,29.5
2021-08-23 09:00:00,1467.0,29.9
2021-08-23 10:00:00,1534.0,30.7
2021-08-23 11:00:00,1638.0,31.2
2021-08-23 12:00:00,1599.0,32.2
2021-08-23 13:00:00,1637.0,32.9
2021-08-23 14:00:00,1536.0,33.3
2021-08-23 15:00:00,1608.0,33.5
2021-08-23 16:00:00,1549.0,33.4
2021-08-23 17:00:00,1592.0,33.0
2021-08-23 18:00:00,1424.0,32.8
2021-08-23 19:00:00,1430.0,32.3
2021-08-23 20:00:00,1660.0,32.0
2021-08-23 21:00:00,1715.0,31.7
2021-08-23 22:00:00,1634.0,31.2
2021-08-23 23:00:00,1455.0,30.8
2021-08-24 00:00:00,1324.0,30.2
2021-08-24 01:00:00,1240.0,29.8
2021-08-24 02:00:00,1215.0,29.7
2021-08-24 03:00:00,1221.0,29.4
2021-08-24 04:00:00,1252.0,27.9
2021-08-24 05:00:00,1184.0,27.2
2021-08-24 06:00:00,1164.0,26.1
2021-08-24 07:00:00,1234.0,24.8
2021-08-24 08:00:00,1227.0,25.2
2021-08-24 09:00:00,1325.0,25.1
2021-08-24 10:00:00,1375.0,24.8
2021-08-24 11:00:00,1355.0,25.1
2021-08-24 12:00:00,1329.0,25.4
2021-08-24 13:00:00,1364.0,25.9
2021-08-24 14:00:00,1413.0,27.1
2021-08-24 15:00:00,1390.0,27.4
2021-08-24 16:00:00,1407.0,27.0
2021-08-24 17:00:00,1444.0,25.7
2021-08-24 18:00:00,1355.0,25.0
2021-08-24 19:00:00,1328.0,24.2
2021-08-24 20:00:00,1414.0,23.7
2021-08-24 21:00:00,1363.0,23.6
2021-08-24 22:00:00,1249.0,23.3
2021-08-24 23:00:00,1164.0,23.2
2021-08-25 00:00:00,1082.0,23.2
2021-08-25 01:00:00,1001.0,22.8
2021-08-25 02:00:00,960.0,22.6
2021-08-25 03:00:00,988.0,22.6
2021-08-25 04:00:00,954.0,22.8
2021-08-25 05:00:00,953.0,22.9
2021-08-25 06:00:00,928.0,23.0
2021-08-25 07:00:00,1095.0,22.8
2021-08-25 08:00:00,1130.0,22.6
2021-08-25 09:00:00,1147.0,22.7
2021-08-25 10:00:00,1224.0,22.9
2021-08-25 11:00:00,1272.0,23.0
2021-08-25 12:00:00,1244.0,23.6
2021-08-25 13:00:00,1257.0,23.9
2021-08-25 14:00:00,1203.0,24.3
2021-08-25 15:00:00,1234.0,23.8
2021-08-25 16:00:00,1251.0,23.1
2021-08-25 17:00:00,1329.0,21.5
2021-08-25 18:00:00,1241.0,20.7
2021-08-25 19:00:00,1216.0,20.1
2021-08-25 20:00:00,1245.0,19.6
2021-08-25 21:00:00,1191.0,19.6
2021-08-25 22:00:00,1122.0,19.5
2021-08-25 23:00:00,1082.0,19.6
2021-08-26 00:00:00,972.0,19.4
2021-08-26 01:00:00,894.0,19.5
2021-08-26 02:00:00,890.0,19.6
2021-08-26 03:00:00,830.0,19.8
2021-08-26 04:00:00,822.0,19.6
2021-08-26 05:00:00,799.0,19.8
2021-08-26 06:00:00,835.0,20.0
2021-08-26 07:00:00,975.0,20.0
2021-08-26 08:00:00,1076.0,20.3
2021-08-26 09:00:00,1136.0,20.6
2021-08-26 10:00:00,1179.0,21.8
2021-08-26 11:00:00,1271.0,22.4
2021-08-26 12:00:00,1198.0,23.0
2021-08-26 13:00:00,1201.0,24.4
2021-08-26 14:00:00,1201.0,25.4
2021-08-26 15:00:00,1270.0,26.9
2021-08-26 16:00:00,1287.0,27.3
2021-08-26 17:00:00,1316.0,27.0
2021-08-26 18:00:00,1326.0,25.8
2021-08-26 19:00:00,1272.0,24.6
2021-08-26 20:00:00,1423.0,24.3
2021-08-26 21:00:00,1330.0,23.5
2021-08-26 22:00:00,1174.0,23.0
2021-08-26 23:00:00,1104.0,22.6
2021-08-27 00:00:00,961.0,22.2
2021-08-27 01:00:00,886.0,21.6
2021-08-27 02:00:00,898.0,21.0
2021-08-27 03:00:00,885.0,21.0
2021-08-27 04:00:00,889.0,21.0
2021-08-27 05:00:00,906.0,20.9
2021-08-27 06:00:00,891.0,20.5
2021-08-27 07:00:00,1086.0,20.4
2021-08-27 08:00:00,1138.0,20.6
2021-08-27 09:00:00,1205.0,20.7
2021-08-27 10:00:00,1192.0,20.4
2021-08-27 11:00:00,1183.0,21.2
2021-08-27 12:00:00,1206.0,21.6
2021-08-27 13:00:00,1206.0,21.9
2021-08-27 14:00:00,1209.0,22.1
2021-08-27 15:00:00,1160.0,23.0
2021-08-27 16:00:00,1175.0,22.6
2021-08-27 17:00:00,1310.0,22.7
2021-08-27 18:00:00,1259.0,23.0
2021-08-27 19:00:00,1294.0,22.3
2021-08-27 20:00:00,1373.0,22.2
2021-08-27 21:00:00,1302.0,22.2
2021-08-27 22:00:00,1173.0,22.1
2021-08-27 23:00:00,1059.0,22.1
2021-08-28 00:00:00,959.0,21.9
2021-08-28 01:00:00,896.0,21.7
2021-08-28 02:00:00,855.0,21.6
2021-08-28 03:00:00,874.0,21.5
2021-08-28 04:00:00,862.0,21.5
2021-08-28 05:00:00,855.0,21.3
2021-08-28 06:00:00,921.0,21.1
2021-08-28 07:00:00,1064.0,21.2
2021-08-28 08:00:00,1117.0,21.5
2021-08-28 09:00:00,1209.0,22.6
2021-08-28 10:00:00,1179.0,24.6
2021-08-28 11:00:00,1260.0,25.4
2021-08-28 12:00:00,1287.0,26.8
2021-08-28 13:00:00,1249.0,28.1
2021-08-28 14:00:00,1305.0,29.2
2021-08-28 15:00:00,1367.0,30.6
2021-08-28 16:00:00,1367.0,31.6
2021-08-28 17:00:00,1354.0,32.0
2021-08-28 18:00:00,1339.0,30.8
2021-08-28 19:00:00,1362.0,29.1
2021-08-28 20:00:00,1523.0,27.9
2021-08-28 21:00:00,1390.0,27.2
2021-08-28 22:00:00,1285.0,26.4
2021-08-28 23:00:00,1173.0,25.9
2021-08-29 00:00:00,1099.0,25.2
2021-08-29 01:00:00,1012.0,24.7
2021-08-29 02:00:00,971.0,24.3
2021-08-29 03:00:00,971.0,23.9
2021-08-29 04:00:00,981.0,23.7
2021-08-29 05:00:00,953.0,23.3
2021-08-29 06:00:00,977.0,23.2
2021-08-29 07:00:00,1158.0,23.2
2021-08-29 08:00:00,1197.0,24.9
2021-08-29 09:00:00,1186.0,27.1
2021-08-29 10:00:00,1268.0,29.6
2021-08-29 11:00:00,1290.0,30.0
2021-08-29 12:00:00,1293.0,30.9
2021-08-29 13:00:00,1280.0,32.2
2021-08-29 14:00:00,1344.0,32.8
2021-08-29 15:00:00,1423.0,33.7
2021-08-29 16:00:00,1351.0,33.8
2021-08-29 17:00:00,1419.0,33.8
2021-08-29 18:00:00,1415.0,33.6
2021-08-29 19:00:00,1418.0,32.2
2021-08-29 20:00:00,1564.0,29.1
2021-08-29 21:00:00,1437.0,27.9
2021-08-29 22:00:00,1299.0,26.8
2021-08-29 23:00:00,1198.0,26.0
2021-08-30 00:00:00,1128.0,25.4
2021-08-30 01:00:00,978.0,25.0
2021-08-30 02:00:00,952.0,24.4
2021-08-30 03:00:00,1039.0,24.0
2021-08-30 04:00:00,1037.0,23.8
2021-08-30 05:00:00,1029.0,23.4
2021-08-30 06:00:00,1064.0,23.4
2021-08-30 07:00:00,1192.0,23.7
2021-08-30 08:00:00,1255.0,26.5
2021-08-30 09:00:00,1300.0,28.3
2021-08-30 10:00:00,1364.0,30.0
2021-08-30 11:00:00,1417.0,31.4
2021-08-30 12:00:00,1449.0,32.2
2021-08-30 13:00:00,1448.0,32.8
2021-08-30 14:00:00,1474.0,33.4
2021-08-30 15:00:00,1483.0,33.7
2021-08-30 16:00:00,1440.0,33.9
2021-08-30 17:00:00,1491.0,34.5
2021-08-30 18:00:00,1401.0,34.4
2021-08-30 19:00:00,1445.0,33.5
2021-08-30 20:00:00,1563.0,28.9
2021-08-30 21:00:00,1486.0,28.0
2021-08-30 22:00:00,1357.0,27.0
2021-08-30 23:00:00,1279.0,26.6
2021-08-31 00:00:00,1178.0,26.6
2021-08-31 01:00:00,1149.0,26.0
2021-08-31 02:00:00,1154.0,25.5
2021-08-31 03:00:00,1106.0,25.1
2021-08-31 04:00:00,1145.0,24.6
2021-08-31 05:00:00,1026.0,24.5
2021-08-31 06:00:00,1117.0,24.2
2021-08-31 07:00:00,1165.0,24.6
2021-08-31 08:00:00,1257.0,26.8
2021-08-31 09:00:00,1260.0,28.3
2021-08-31 10:00:00,1347.0,30.6
2021-08-31 11:00:00,1429.0,32.1
2021-08-31 12:00:00,1474.0,32.8
2021-08-31 13:00:00,1468.0,33.9
2021-08-31 14:00:00,1502.0,34.8
2021-08-31 15:00:00,1460.0,35.2
2021-08-31 16:00:00,1445.0,35.5
2021-08-31 17:00:00,1479.0,35.8
2021-08-31 18:00:00,1418.0,34.9
2021-08-31 19:00:00,1394.0,33.5
2021-08-31 20:00:00,1537.0,31.4
2021-08-31 21:00:00,1585.0,30.7
2021-08-31 22:00:00,1486.0,29.6
2021-08-31 23:00:00,1357.0,28.5
2021-09-01 00:00:00,1252.0,27.9
2021-09-01 01:00:00,1143.0,27.6
2021-09-01 02:00:00,1157.0,27.8
2021-09-01 03:00:00,1219.0,26.6
2021-09-01 04:00:00,1154.0,26.1
2021-09-01 05:00:00,1128.0,25.8
2021-09-01 06:00:00,1216.0,25.2
2021-09-01 07:00:00,1276.0,25.4
2021-09-01 08:00:00,1315.0,26.4
2021-09-01 09:00:00,1427.0,27.6
2021-09-01 10:00:00,1486.0,28.9
2021-09-01 11:00:00,1556.0,31.3
2021-09-01 12:00:00,1601.0,33.1
2021-09-01 13:00:00,1535.0,33.8
2021-09-01 14:00:00,1531.0,34.2
2021-09-01 15:00:00,1579.0,34.7
2021-09-01 16:00:00,1594.0,34.9
2021-09-01 17:00:00,1590.0,34.7
2021-09-01 18:00:00,1487.0,29.4
2021-09-01 19:00:00,1507.0,29.2
2021-09-01 20:00:00,1666.0,28.4
2021-09-01 21:00:00,1616.0,28.1
2021-09-01 22:00:00,1539.0,27.6
2021-09-01 23:00:00,1405.0,27.0
2021-09-02 00:00:00,1310.0,26.6
2021-09-02 01:00:00,1222.0,26.2
2021-09-02 02:00:00,1179.0,25.8
2021-09-02 03:00:00,1229.0,25.5
2021-09-02 04:00:00,1241.0,25.1
2021-09-02 05:00:00,1180.0,24.8
2021-09-02 06:00:00,1202.0,24.6
2021-09-02 07:00:00,1333.0,24.7
2021-09-02 08:00:00,1333.0,26.6
2021-09-02 09:00:00,1416.0,28.3
2021-09-02 10:00:00,1445.0,30.2
2021-09-02 11:00:00,1569.0,32.2
2021-09-02 12:00:00,1472.0,33.1
2021-09-02 13:00:00,1542.0,33.8
2021-09-02 14:00:00,1525.0,35.8
2021-09-02 15:00:00,1579.0,35.5
2021-09-02 16:00:00,1609.0,34.9
2021-09-02 17:00:00,1597.0,34.3
2021-09-02 18:00:00,1595.0,33.2
2021-09-02 19:00:00,1549.0,31.9
2021-09-02 20:00:00,1705.0,30.6
2021-09-02 21:00:00,1733.0,29.9
2021-09-02 22:00:00,1609.0,29.3
2021-09-02 23:00:00,1561.0,28.4
2021-09-03 00:00:00,1446.0,28.4
2021-09-03 01:00:00,1313.0,28.1
2021-09-03 02:00:00,1374.0,27.8
2021-09-03 03:00:00,1323.0,27.2
2021-09-03 04:00:00,1259.0,26.7
2021-09-03 05:00:00,1216.0,26.4
2021-09-03 06:00:00,1239.0,25.8
2021-09-03 07:00:00,1338.0,26.2
2021-09-03 08:00:00,1400.0,28.1
2021-09-03 09:00:00,1511.0,29.9
2021-09-03 10:00:00,1595.0,31.3
2021-09-03 11:00:00,1649.0,32.8
2021-09-03 12:00:00,1690.0,33.3
2021-09-03 13:00:00,1638.0,34.3
2021-09-03 14:00:00,1620.0,35.0
2021-09-03 15:00:00,1631.0,35.6
2021-09-03 16:00:00,1628.0,35.6
2021-09-03 17:00:00,1596.0,36.0
2021-09-03 18:00:00,1591.0,35.1
2021-09-03 19:00:00,1551.0,33.8
2021-09-03 20:00:00,1741.0,31.4
2021-09-03 21:00:00,1745.0,30.4
2021-09-03 22:00:00,1709.0,29.7
2021-09-03 23:00:00,1599.0,28.7
2021-09-04 00:00:00,1455.0,28.2
2021-09-04 01:00:00,1353.0,27.7
2021-09-04 02:00:00,1282.0,27.2
2021-09-04 03:00:00,1289.0,27.0
2021-09-04 04:00:00,1259.0,25.9
2021-09-04 05:00:00,1227.0,26.9
2021-09-04 06:00:00,1263.0,26.3
2021-09-04 07:00:00,1350.0,26.6
2021-09-04 08:00:00,1360.0,27.8
2021-09-04 09:00:00,1442.0,29.5
2021-09-04 10:00:00,1558.0,31.6
2021-09-04 11:00:00,1661.0,32.5
2021-09-04 12:00:00,1690.0,33.5
2021-09-04 13:00:00,1722.0,34.2
2021-09-04 14:00:00,1745.0,34.7
2021-09-04 15:00:00,1783.0,36.1
2021-09-04 16:00:00,1735.0,36.3
2021-09-04 17:00:00,1737.0,36.0
2021-09-04 18:00:00,1655.0,35.4
2021-09-04 19:00:00,1687.0,33.4
2021-09-04 20:00:00,1799.0,31.1
2021-09-04 21:00:00,1773.0,30.2
2021-09-04 22:00:00,1670.0,29.7
2021-09-04 23:00:00,1532.0,28.8
2021-09-05 00:00:00,1392.0,28.4
2021-09-05 01:00:00,1323.0,27.5
2021-09-05 02:00:00,1372.0,27.4
2021-09-05 03:00:00,1429.0,26.7
2021-09-05 04:00:00,1407.0,26.7
2021-09-05 05:00:00,1337.0,26.5
2021-09-05 06:00:00,1306.0,26.3
2021-09-05 07:00:00,1371.0,26.3
2021-09-05 08:00:00,1395.0,28.1
2021-09-05 09:00:00,1490.0,30.0
2021-09-05 10:00:00,1599.0,31.0
2021-09-05 11:00:00,1594.0,32.8
2021-09-05 12:00:00,1699.0,34.3
2021-09-05 13:00:00,1756.0,34.4
2021-09-05 14:00:00,1647.0,36.1
2021-09-05 15:00:00,1662.0,36.5
2021-09-05 16:00:00,1683.0,36.5
2021-09-05 17:00:00,1656.0,35.1
2021-09-05 18:00:00,1616.0,34.0
2021-09-05 19:00:00,1627.0,32.1
2021-09-05 20:00:00,1789.0,30.7
2021-09-05 21:00:00,1781.0,30.2
2021-09-05 22:00:00,1644.0,29.2
2021-09-05 23:00:00,1525.0,28.7
2021-09-06 00:00:00,1421.0,27.8
2021-09-06 01:00:00,1311.0,27.6
2021-09-06 02:00:00,1263.0,26.5
2021-09-06 03:00:00,1258.0,26.0
2021-09-06 04:00:00,1223.0,25.7
2021-09-06 05:00:00,1270.0,25.6
2021-09-06 06:00:00,1286.0,25.4
2021-09-06 07:00:00,1367.0,25.4
2021-09-06 08:00:00,1358.0,25.4
2021-09-06 09:00:00,1441.0,25.8
2021-09-06 10:00:00,1502.0,26.0
2021-09-06 11:00:00,1477.0,27.1
2021-09-06 12:00:00,1450.0,28.5
2021-09-06 13:00:00,1465.0,29.3
2021-09-06 14:00:00,1428.0,29.7
2021-09-06 15:00:00,1535.0,31.3
2021-09-06 16:00:00,1546.0,30.7
2021-09-06 17:00:00,1641.0,30.1
2021-09-06 18:00:00,1606.0,28.8
2021-09-06 19:00:00,1594.0,27.2
2021-09-06 20:00:00,1652.0,25.7
2021-09-06 21:00:00,1625.0,25.0
2021-09-06 22:00:00,1471.0,24.4
2021-09-06 23:00:00,1347.0,24.1
2021-09-07 00:00:00,1257.0,24.1
2021-09-07 01:00:00,1172.0,23.8
2021-09-07 02:00:00,1155.0,23.3
2021-09-07 03:00:00,1124.0,23.3
2021-09-07 04:00:00,1124.0,23.0
2021-09-07 05:00:00,1097.0,22.5
2021-09-07 06:00:00,1170.0,22.8
2021-09-07 07:00:00,1296.0,22.8
2021-09-07 08:00:00,1347.0,22.9
2021-09-07 09:00:00,1402.0,23.4
2021-09-07 10:00:00,1428.0,23.8
2021-09-07 11:00:00,1434.0,24.0
2021-09-07 12:00:00,1399.0,23.5
2021-09-07 13:00:00,1399.0,23.8
2021-09-07 14:00:00,1324.0,24.3
2021-09-07 15:00:00,1362.0,24.7
2021-09-07 16:00:00,1431.0,24.4
2021-09-07 17:00:00,1433.0,24.4
2021-09-07 18:00:00,1407.0,24.3
2021-09-07 19:00:00,1464.0,24.2
2021-09-07 20:00:00,1499.0,23.9
2021-09-07 21:00:00,1437.0,23.7
2021-09-07 22:00:00,1307.0,23.6
2021-09-07 23:00:00,1202.0,23.5
2021-09-08 00:00:00,1140.0,23.2
2021-09-08 01:00:00,1010.0,23.2
2021-09-08 02:00:00,1005.0,23.2
2021-09-08 03:00:00,992.0,23.0
2021-09-08 04:00:00,1011.0,22.7
2021-09-08 05:00:00,1047.0,22.6
2021-09-08 06:00:00,1090.0,22.6
2021-09-08 07:00:00,1262.0,22.5
2021-09-08 08:00:00,1300.0,22.9
2021-09-08 09:00:00,1349.0,23.5
2021-09-08 10:00:00,1415.0,24.8
2021-09-08 11:00:00,1333.0,26.5
2021-09-08 12:00:00,1330.0,28.4
2021-09-08 13:00:00,1336.0,28.8
2021-09-08 14:00:00,1417.0,30.1
2021-09-08 15:00:00,1425.0,30.7
2021-09-08 16:00:00,1491.0,29.8
2021-09-08 17:00:00,1514.0,29.8
2021-09-08 18:00:00,1418.0,29.4
2021-09-08 19:00:00,1441.0,28.6
2021-09-08 20:00:00,1550.0,27.4
2021-09-08 21:00:00,1485.0,26.1
2021-09-08 22:00:00,1341.0,25.2
2021-09-08 23:00:00,1206.0,24.8
2021-09-09 00:00:00,1141.0,24.3
2021-09-09 01:00:00,1091.0,23.8
2021-09-09 02:00:00,1151.0,23.3
2021-09-09 03:00:00,1120.0,23.3
2021-09-09 04:00:00,1103.0,23.0
2021-09-09 05:00:00,1104.0,22.7
2021-09-09 06:00:00,1189.0,22.5
2021-09-09 07:00:00,1308.0,22.6
2021-09-09 08:00:00,1293.0,25.0
2021-09-09 09:00:00,1358.0,26.4
2021-09-09 10:00:00,1410.0,28.2
2021-09-09 11:00:00,1418.0,30.0
2021-09-09 12:00:00,1415.0,32.6
2021-09-09 13:00:00,1453.0,32.5
2021-09-09 14:00:00,1491.0,33.2
2021-09-09 15:00:00,1485.0,33.4
2021-09-09 16:00:00,1518.0,33.5
2021-09-09 17:00:00,1463.0,33.2
2021-09-09 18:00:00,1419.0,32.9
2021-09-09 19:00:00,1453.0,30.7
2021-09-09 20:00:00,1562.0,28.4
2021-09-09 21:00:00,1568.0,27.3
2021-09-09 22:00:00,1409.0,26.7
2021-09-09 23:00:00,1285.0,26.0
2021-09-10 00:00:00,1185.0,25.2
2021-09-10 01:00:00,1084.0,24.7
2021-09-10 02:00:00,1097.0,24.3
2021-09-10 03:00:00,1182.0,23.9
2021-09-10 04:00:00,1139.0,23.6
2021-09-10 05:00:00,1163.0,23.1
2021-09-10 06:00:00,1204.0,22.9
2021-09-10 07:00:00,1320.0,23.2
2021-09-10 08:00:00,1236.0,25.1
2021-09-10 09:00:00,1292.0,27.3
2021-09-10 10:00:00,1328.0,28.6
2021-09-10 11:00:00,1427.0,30.8
2021-09-10 12:00:00,1384.0,31.5
2021-09-10 13:00:00,1489.0,33.3
2021-09-10 14:00:00,1400.0,34.1
2021-09-10 15:00:00,1467.0,34.4
2021-09-10 16:00:00,1499.0,34.2
2021-09-10 17:00:00,1567.0,33.9
2021-09-10 18:00:00,1544.0,32.6
2021-09-10 19:00:00,1438.0,30.9
2021-09-10 20:00:00,1551.0,29.4
2021-09-10 21:00:00,1531.0,27.8
2021-09-10 22:00:00,1403.0,26.9
2021-09-10 23:00:00,1348.0,25.8
2021-09-11 00:00:00,1239.0,25.3
2021-09-11 01:00:00,1123.0,24.7
2021-09-11 02:00:00,1112.0,24.0
2021-09-11 03:00:00,1200.0,23.8
2021-09-11 04:00:00,1191.0,23.3
2021-09-11 05:00:00,1135.0,23.2
2021-09-11 06:00:00,1165.0,22.8
2021-09-11 07:00:00,1290.0,23.0
2021-09-11 08:00:00,1347.0,24.5
2021-09-11 09:00:00,1353.0,26.6
2021-09-11 10:00:00,1455.0,28.8
2021-09-11 11:00:00,1472.0,31.0
2021-09-11 12:00:00,1369.0,32.3
2021-09-11 13:00:00,1454.0,34.0
2021-09-11 14:00:00,1435.0,34.7
2021-09-11 15:00:00,1445.0,35.1
2021-09-11 16:00:00,1471.0,35.2
2021-09-11 17:00:00,1450.0,34.7
2021-09-11 18:00:00,1439.0,33.4
2021-09-11 19:00:00,1424.0,31.9
2021-09-11 20:00:00,1532.0,30.1
2021-09-11 21:00:00,1510.0,28.9
2021-09-11 22:00:00,1556.0,28.1
2021-09-11 23:00:00,1469.0,27.7
2021-09-12 00:00:00,1380.0,27.0
2021-09-12 01:00:00,1212.0,26.8
2021-09-12 02:00:00,1204.0,26.1
2021-09-12 03:00:00,1194.0,25.6
2021-09-12 04:00:00,1160.0,24.9
2021-09-12 05:00:00,1151.0,24.3
2021-09-12 06:00:00,1201.0,23.9
2021-09-12 07:00:00,1332.0,24.4
2021-09-12 08:00:00,1401.0,25.8
2021-09-12 09:00:00,1419.0,27.6
2021-09-12 10:00:00,1545.0,29.4
2021-09-12 11:00:00,1526.0,30.6
2021-09-12 12:00:00,1517.0,31.8
2021-09-12 13:00:00,1606.0,32.9
2021-09-12 14:00:00,1527.0,33.1
2021-09-12 15:00:00,1565.0,32.3
2021-09-12 16:00:00,1576.0,31.9
2021-09-12 17:00:00,1518.0,31.4
2021-09-12 18:00:00,1480.0,30.7
2021-09-12 19:00:00,1479.0,29.7
2021-09-12 20:00:00,1665.0,29.1
2021-09-12 21:00:00,1591.0,28.0
2021-09-12 22:00:00,1485.0,27.8
2021-09-12 23:00:00,1413.0,27.9
2021-09-13 00:00:00,1322.0,27.5
2021-09-13 01:00:00,1148.0,26.7
2021-09-13 02:00:00,1159.0,26.3
2021-09-13 03:00:00,1131.0,26.2
2021-09-13 04:00:00,1199.0,25.4
2021-09-13 05:00:00,1192.0,24.9
2021-09-13 06:00:00,1221.0,24.5
2021-09-13 07:00:00,1380.0,24.4
2021-09-13 08:00:00,1347.0,25.8
2021-09-13 09:00:00,1461.0,27.9
2021-09-13 10:00:00,1553.0,29.7
2021-09-13 11:00:00,1563.0,30.8
2021-09-13 12:00:00,1496.0,32.0
2021-09-13 13:00:00,1512.0,31.2
2021-09-13 14:00:00,1491.0,31.6
2021-09-13 15:00:00,1458.0,32.3
2021-09-13 16:00:00,1545.0,31.6
2021-09-13 17:00:00,1570.0,31.4
2021-09-13 18:00:00,1473.0,30.8
2021-09-13 19:00:00,1476.0,29.5
2021-09-13 20:00:00,1569.0,28.8
2021-09-13 21:00:00,1559.0,28.2
2021-09-13 22:00:00,1459.0,27.5
2021-09-13 23:00:00,1378.0,27.4
2021-09-14 00:00:00,1303.0,26.9
2021-09-14 01:00:00,1249.0,26.5
2021-09-14 02:00:00,1249.0,26.2
2021-09-14 03:00:00,1196.0,25.8
2021-09-14 04:00:00,1182.0,24.9
2021-09-14 05:00:00,1209.0,24.8
2021-09-14 06:00:00,1209.0,24.4
2021-09-14 07:00:00,1390.0,24.3
2021-09-14 08:00:00,1340.0,24.7
2021-09-14 09:00:00,1365.0,26.0
2021-09-14 10:00:00,1470.0,28.0
2021-09-14 11:00:00,1399.0,29.4
2021-09-14 12:00:00,1456.0,30.9
2021-09-14 13:00:00,1478.0,31.8
2021-09-14 14:00:00,1508.0,32.4
2021-09-14 15:00:00,1529.0,32.9
2021-09-14 16:00:00,1540.0,32.5
2021-09-14 17:00:00,1513.0,32.1
2021-09-14 18:00:00,1464.0,31.2
2021-09-14 19:00:00,1511.0,29.9
2021-09-14 20:00:00,1638.0,29.1
2021-09-14 21:00:00,1598.0,28.4
2021-09-14 22:00:00,1509.0,27.8
2021-09-14 23:00:00,1393.0,26.9
2021-09-15 00:00:00,1293.0,26.2
2021-09-15 01:00:00,1198.0,25.7
2021-09-15 02:00:00,1213.0,25.2
2021-09-15 03:00:00,1146.0,24.6
2021-09-15 04:00:00,1165.0,24.3
2021-09-15 05:00:00,1122.0,23.9
2021-09-15 06:00:00,1267.0,23.6
2021-09-15 07:00:00,1340.0,23.4
2021-09-15 08:00:00,1387.0,24.9
2021-09-15 09:00:00,1455.0,26.8
2021-09-15 10:00:00,1506.0,28.1
2021-09-15 11:00:00,1389.0,28.3
2021-09-15 12:00:00,1324.0,29.0
2021-09-15 13:00:00,1305.0,29.5
2021-09-15 14:00:00,1353.0,29.9
2021-09-15 15:00:00,1353.0,29.2
2021-09-15 16:00:00,1444.0,29.2
2021-09-15 17:00:00,1399.0,30.1
2021-09-15 18:00:00,1275.0,29.8
2021-09-15 19:00:00,1402.0,28.5
2021-09-15 20:00:00,1536.0,27.4
2021-09-15 21:00:00,1550.0,26.8
2021-09-15 22:00:00,1412.0,26.0
2021-09-15 23:00:00,1361.0,25.7
2021-09-16 00:00:00,1307.0,25.2
2021-09-16 01:00:00,1164.0,24.8
2021-09-16 02:00:00,1138.0,24.5
2021-09-16 03:00:00,1101.0,24.2
2021-09-16 04:00:00,1111.0,23.9
2021-09-16 05:00:00,1127.0,23.8
2021-09-16 06:00:00,1173.0,23.8
2021-09-16 07:00:00,1313.0,24.0
2021-09-16 08:00:00,1355.0,24.7
2021-09-16 09:00:00,1462.0,25.6
2021-09-16 10:00:00,1420.0,27.4
2021-09-16 11:00:00,1370.0,29.6
2021-09-16 12:00:00,1302.0,30.8
2021-09-16 13:00:00,1389.0,31.9
2021-09-16 14:00:00,1397.0,31.9
2021-09-16 15:00:00,1432.0,32.5
2021-09-16 16:00:00,1414.0,32.7
2021-09-16 17:00:00,1418.0,32.4
2021-09-16 18:00:00,1345.0,31.6
2021-09-16 19:00:00,1409.0,30.8
2021-09-16 20:00:00,1566.0,29.6
2021-09-16 21:00:00,1487.0,29.0
2021-09-16 22:00:00,1453.0,28.3
2021-09-16 23:00:00,1336.0,27.8
2021-09-17 00:00:00,1263.0,27.5
2021-09-17 01:00:00,1269.0,27.2
2021-09-17 02:00:00,1232.0,26.5
2021-09-17 03:00:00,1167.0,26.2
2021-09-17 04:00:00,1186.0,26.0
2021-09-17 05:00:00,1204.0,26.0
2021-09-17 06:00:00,1266.0,25.5
2021-09-17 07:00:00,1362.0,25.6
2021-09-17 08:00:00,1391.0,27.5
2021-09-17 09:00:00,1488.0,29.0
2021-09-17 10:00:00,1404.0,29.8
2021-09-17 11:00:00,1404.0,31.1
2021-09-17 12:00:00,1284.0,31.1
2021-09-17 13:00:00,1248.0,25.6
2021-09-17 14:00:00,1238.0,25.2
2021-09-17 15:00:00,1209.0,24.0
2021-09-17 16:00:00,1234.0,24.8
2021-09-17 17:00:00,1265.0,24.9
2021-09-17 18:00:00,1240.0,24.9
2021-09-17 19:00:00,1264.0,24.8
2021-09-17 20:00:00,1356.0,24.7
2021-09-17 21:00:00,1259.0,24.6
2021-09-17 22:00:00,1211.0,24.6
2021-09-17 23:00:00,1172.0,24.4
2021-09-18 00:00:00,1148.0,24.6
2021-09-18 01:00:00,1039.0,24.3
2021-09-18 02:00:00,1049.0,24.2
2021-09-18 03:00:00,1053.0,24.0
2021-09-18 04:00:00,1150.0,23.9
2021-09-18 05:00:00,1113.0,24.1
2021-09-18 06:00:00,1150.0,24.2
2021-09-18 07:00:00,1300.0,24.3
2021-09-18 08:00:00,1312.0,25.2
2021-09-18 09:00:00,1426.0,26.8
2021-09-18 10:00:00,1333.0,27.2
2021-09-18 11:00:00,1329.0,28.2
2021-09-18 12:00:00,1369.0,30.3
2021-09-18 13:00:00,1335.0,31.7
2021-09-18 14:00:00,1379.0,32.4
2021-09-18 15:00:00,1475.0,33.6
2021-09-18 16:00:00,1389.0,34.4
2021-09-18 17:00:00,1495.0,34.6
2021-09-18 18:00:00,1314.0,33.7
2021-09-18 19:00:00,1339.0,31.8
2021-09-18 20:00:00,1478.0,30.1
2021-09-18 21:00:00,1352.0,29.0
2021-09-18 22:00:00,1389.0,28.4
2021-09-18 23:00:00,1332.0,27.6
2021-09-19 00:00:00,1230.0,26.8
2021-09-19 01:00:00,1207.0,26.5
2021-09-19 02:00:00,1200.0,26.1
2021-09-19 03:00:00,1125.0,27.0
2021-09-19 04:00:00,1073.0,26.4
2021-09-19 05:00:00,1178.0,26.3
2021-09-19 06:00:00,1168.0,26.8
2021-09-19 07:00:00,1298.0,27.9
2021-09-19 08:00:00,1377.0,28.7
2021-09-19 09:00:00,1504.0,29.7
2021-09-19 10:00:00,1492.0,30.4
2021-09-19 11:00:00,1529.0,31.4
2021-09-19 12:00:00,1522.0,32.2
2021-09-19 13:00:00,1492.0,31.3
2021-09-19 14:00:00,1429.0,26.8
2021-09-19 15:00:00,1518.0,24.8
2021-09-19 16:00:00,1439.0,23.9
2021-09-19 17:00:00,1374.0,23.1
2021-09-19 18:00:00,1354.0,22.2
2021-09-19 19:00:00,1388.0,22.5
2021-09-19 20:00:00,1439.0,22.9
2021-09-19 21:00:00,1325.0,22.9
2021-09-19 22:00:00,1250.0,23.3
2021-09-19 23:00:00,1152.0,23.3
2021-09-20 00:00:00,1065.0,23.0
2021-09-20 01:00:00,1123.0,23.0
2021-09-20 02:00:00,1108.0,23.0
2021-09-20 03:00:00,1079.0,22.9
2021-09-20 04:00:00,1062.0,22.7
2021-09-20 05:00:00,1025.0,22.6
2021-09-20 06:00:00,1035.0,22.6
2021-09-20 07:00:00,1241.0,22.5
2021-09-20 08:00:00,1271.0,23.1
2021-09-20 09:00:00,1276.0,23.3
2021-09-20 10:00:00,1321.0,24.2
2021-09-20 11:00:00,1302.0,25.9
2021-09-20 12:00:00,1380.0,27.2
2021-09-20 13:00:00,1372.0,28.9
2021-09-20 14:00:00,1367.0,29.9
2021-09-20 15:00:00,1401.0,30.3
2021-09-20 16:00:00,1483.0,30.9
2021-09-20 17:00:00,1502.0,30.9
2021-09-20 18:00:00,1498.0,30.5
2021-09-20 19:00:00,1451.0,28.1
2021-09-20 20:00:00,1451.0,26.6
2021-09-20 21:00:00,1398.0,25.1
2021-09-20 22:00:00,1280.0,24.3
2021-09-20 23:00:00,1245.0,24.2
2021-09-21 00:00:00,1195.0,23.7
2021-09-21 01:00:00,1079.0,22.4
2021-09-21 02:00:00,1078.0,21.7
2021-09-21 03:00:00,1083.0,22.3
2021-09-21 04:00:00,1034.0,22.3
2021-09-21 05:00:00,1046.0,21.8
2021-09-21 06:00:00,1099.0,20.7
2021-09-21 07:00:00,1234.0,20.5
2021-09-21 08:00:00,1214.0,23.0
2021-09-21 09:00:00,1218.0,23.7
2021-09-21 10:00:00,1264.0,25.8
2021-09-21 11:00:00,1308.0,27.9
2021-09-21 12:00:00,1365.0,30.2
2021-09-21 13:00:00,1285.0,31.8
2021-09-21 14:00:00,1274.0,33.3
2021-09-21 15:00:00,1379.0,34.0
2021-09-21 16:00:00,1434.0,34.4
2021-09-21 17:00:00,1340.0,34.5
2021-09-21 18:00:00,1327.0,33.3
2021-09-21 19:00:00,1350.0,29.3
2021-09-21 20:00:00,1480.0,26.7
2021-09-21 21:00:00,1495.0,25.2
2021-09-21 22:00:00,1323.0,24.4
2021-09-21 23:00:00,1144.0,23.5
2021-09-22 00:00:00,1154.0,22.8
2021-09-22 01:00:00,1063.0,22.3
2021-09-22 02:00:00,1026.0,21.6
2021-09-22 03:00:00,991.0,21.3
2021-09-22 04:00:00,1016.0,22.3
2021-09-22 05:00:00,1018.0,20.6
2021-09-22 06:00:00,1082.0,20.2
2021-09-22 07:00:00,1225.0,20.7
2021-09-22 08:00:00,1246.0,23.1
2021-09-22 09:00:00,1366.0,24.6
2021-09-22 10:00:00,1231.0,27.0
2021-09-22 11:00:00,1322.0,29.2
2021-09-22 12:00:00,1261.0,31.6
2021-09-22 13:00:00,1266.0,32.9
2021-09-22 14:00:00,1189.0,34.0
2021-09-22 15:00:00,1369.0,34.5
2021-09-22 16:00:00,1323.0,34.4
2021-09-22 17:00:00,1356.0,33.3
2021-09-22 18:00:00,1343.0,32.5
2021-09-22 19:00:00,1368.0,30.3
2021-09-22 20:00:00,1428.0,30.1
2021-09-22 21:00:00,1324.0,29.4
2021-09-22 22:00:00,1325.0,28.1
2021-09-22 23:00:00,1240.0,27.2
2021-09-23 00:00:00,1123.0,26.2
2021-09-23 01:00:00,1128.0,25.7
2021-09-23 02:00:00,1065.0,25.3
2021-09-23 03:00:00,1099.0,24.9
2021-09-23 04:00:00,1094.0,24.4
2021-09-23 05:00:00,1054.0,24.3
2021-09-23 06:00:00,1120.0,23.9
2021-09-23 07:00:00,1227.0,23.9
2021-09-23 08:00:00,1194.0,26.2
2021-09-23 09:00:00,1196.0,28.3
2021-09-23 10:00:00,1263.0,30.2
2021-09-23 11:00:00,1286.0,31.5
2021-09-23 12:00:00,1269.0,32.6
2021-09-23 13:00:00,1328.0,33.2
2021-09-23 14:00:00,1321.0,34.1
2021-09-23 15:00:00,1337.0,34.3
2021-09-23 16:00:00,1386.0,35.1
2021-09-23 17:00:00,1353.0,34.9
2021-09-23 18:00:00,1268.0,34.7
2021-09-23 19:00:00,1282.0,31.5
2021-09-23 20:00:00,1340.0,30.1
2021-09-23 21:00:00,1280.0,29.1
2021-09-23 22:00:00,1194.0,28.1
2021-09-23 23:00:00,1114.0,27.5
2021-09-24 00:00:00,1042.0,28.1
2021-09-24 01:00:00,1016.0,27.0
2021-09-24 02:00:00,901.0,25.8
2021-09-24 03:00:00,850.0,25.2
2021-09-24 04:00:00,866.0,25.0
2021-09-24 05:00:00,837.0,25.0
2021-09-24 06:00:00,881.0,26.2
2021-09-24 07:00:00,994.0,26.2
2021-09-24 08:00:00,941.0,27.6
2021-09-24 09:00:00,1145.0,28.8
2021-09-24 10:00:00,1168.0,29.7
2021-09-24 11:00:00,1198.0,31.0
2021-09-24 12:00:00,1181.0,31.8
2021-09-24 13:00:00,1244.0,32.9
2021-09-24 14:00:00,1178.0,33.5
2021-09-24 15:00:00,1262.0,34.1
2021-09-24 16:00:00,1315.0,34.4
2021-09-24 17:00:00,1328.0,34.4
2021-09-24 18:00:00,1263.0,33.7
2021-09-24 19:00:00,1289.0,32.1
2021-09-24 20:00:00,1323.0,29.7
2021-09-24 21:00:00,1267.0,28.6
2021-09-24 22:00:00,1181.0,27.8
2021-09-24 23:00:00,1061.0,27.8
2021-09-25 00:00:00,981.0,27.7
2021-09-25 01:00:00,898.0,27.1
2021-09-25 02:00:00,835.0,25.7
2021-09-25 03:00:00,835.0,25.9
2021-09-25 04:00:00,788.0,25.2
2021-09-25 05:00:00,789.0,24.9
2021-09-25 06:00:00,822.0,26.6
2021-09-25 07:00:00,914.0,26.5
2021-09-25 08:00:00,989.0,27.4
2021-09-25 09:00:00,1114.0,29.1
2021-09-25 10:00:00,1157.0,30.1
2021-09-25 11:00:00,1227.0,31.0
2021-09-25 12:00:00,1165.0,32.0
2021-09-25 13:00:00,1245.0,32.6
2021-09-25 14:00:00,1256.0,33.0
2021-09-25 15:00:00,1305.0,33.8
2021-09-25 16:00:00,1301.0,34.1
2021-09-25 17:00:00,1373.0,34.1
2021-09-25 18:00:00,1284.0,33.2
2021-09-25 19:00:00,1285.0,31.3
2021-09-25 20:00:00,1363.0,29.3
2021-09-25 21:00:00,1286.0,28.7
2021-09-25 22:00:00,1160.0,27.7
2021-09-25 23:00:00,1063.0,27.0
2021-09-26 00:00:00,993.0,26.1
2021-09-26 01:00:00,919.0,25.7
2021-09-26 02:00:00,848.0,25.2
2021-09-26 03:00:00,836.0,24.5
2021-09-26 04:00:00,803.0,24.1
2021-09-26 05:00:00,791.0,23.7
2021-09-26 06:00:00,829.0,23.6
2021-09-26 07:00:00,938.0,23.7
2021-09-26 08:00:00,998.0,26.2
2021-09-26 09:00:00,1155.0,27.9
2021-09-26 10:00:00,1222.0,30.3
2021-09-26 11:00:00,1251.0,31.3
2021-09-26 12:00:00,1260.0,32.5
2021-09-26 13:00:00,1291.0,33.9
2021-09-26 14:00:00,1292.0,34.7
2021-09-26 15:00:00,1308.0,35.3
2021-09-26 16:00:00,1313.0,35.6
2021-09-26 17:00:00,1366.0,35.1
2021-09-26 18:00:00,1286.0,34.2
2021-09-26 19:00:00,1302.0,32.1
2021-09-26 20:00:00,1362.0,30.0
2021-09-26 21:00:00,1320.0,28.7
2021-09-26 22:00:00,1221.0,27.5
2021-09-26 23:00:00,1123.0,26.7
2021-09-27 00:00:00,1020.0,26.4
2021-09-27 01:00:00,929.0,26.1
2021-09-27 02:00:00,907.0,26.4
2021-09-27 03:00:00,884.0,26.4
2021-09-27 04:00:00,866.0,25.6
2021-09-27 05:00:00,816.0,25.4
2021-09-27 06:00:00,870.0,24.6
2021-09-27 07:00:00,968.0,24.6
2021-09-27 08:00:00,1040.0,25.5
2021-09-27 09:00:00,1178.0,26.6
2021-09-27 10:00:00,1187.0,28.4
2021-09-27 11:00:00,1214.0,30.8
2021-09-27 12:00:00,1228.0,31.6
2021-09-27 13:00:00,1272.0,33.2
2021-09-27 14:00:00,1260.0,33.3
2021-09-27 15:00:00,1323.0,33.4
2021-09-27 16:00:00,1238.0,33.6
2021-09-27 17:00:00,1320.0,33.1
2021-09-27 18:00:00,1265.0,32.2
2021-09-27 19:00:00,1317.0,30.1
2021-09-27 20:00:00,1382.0,28.2
2021-09-27 21:00:00,1339.0,28.2
2021-09-27 22:00:00,1244.0,27.1
2021-09-27 23:00:00,1101.0,26.2
2021-09-28 00:00:00,983.0,25.8
2021-09-28 01:00:00,920.0,25.2
2021-09-28 02:00:00,885.0,24.8
2021-09-28 03:00:00,872.0,24.5
2021-09-28 04:00:00,845.0,24.2
2021-09-28 05:00:00,848.0,24.1
2021-09-28 06:00:00,876.0,23.7
2021-09-28 07:00:00,996.0,23.8
2021-09-28 08:00:00,1016.0,24.1
2021-09-28 09:00:00,1177.0,24.9
2021-09-28 10:00:00,1192.0,25.5
2021-09-28 11:00:00,1217.0,27.6
2021-09-28 12:00:00,1215.0,30.1
2021-09-28 13:00:00,1272.0,33.1
2021-09-28 14:00:00,1260.0,34.4
2021-09-28 15:00:00,1386.0,35.1
2021-09-28 16:00:00,1353.0,35.3
2021-09-28 17:00:00,1386.0,34.9
2021-09-28 18:00:00,1318.0,34.5
2021-09-28 19:00:00,1353.0,31.8
2021-09-28 20:00:00,1400.0,30.0
2021-09-28 21:00:00,1334.0,28.9
2021-09-28 22:00:00,1232.0,28.7
2021-09-28 23:00:00,1137.0,28.4
2021-09-29 00:00:00,1032.0,27.5
2021-09-29 01:00:00,939.0,26.7
2021-09-29 02:00:00,902.0,26.5
2021-09-29 03:00:00,909.0,25.7
2021-09-29 04:00:00,854.0,25.5
2021-09-29 05:00:00,855.0,25.7
2021-09-29 06:00:00,844.0,25.3
2021-09-29 07:00:00,985.0,23.5
2021-09-29 08:00:00,1036.0,23.0
2021-09-29 09:00:00,1158.0,23.0
2021-09-29 10:00:00,1085.0,22.7
2021-09-29 11:00:00,1150.0,23.3
2021-09-29 12:00:00,1048.0,24.5
2021-09-29 13:00:00,1075.0,25.9
2021-09-29 14:00:00,1077.0,25.6
2021-09-29 15:00:00,1098.0,25.6
2021-09-29 16:00:00,1197.0,26.0
2021-09-29 17:00:00,1234.0,26.1
2021-09-29 18:00:00,1111.0,25.8
2021-09-29 19:00:00,1251.0,25.1
2021-09-29 20:00:00,1279.0,24.4
2021-09-29 21:00:00,1246.0,23.7
2021-09-29 22:00:00,1046.0,23.3
2021-09-29 23:00:00,929.0,22.7
2021-09-30 00:00:00,895.0,22.1
2021-09-30 01:00:00,826.0,21.7
2021-09-30 02:00:00,785.0,21.4
2021-09-30 03:00:00,815.0,21.2
2021-09-30 04:00:00,749.0,20.9
2021-09-30 05:00:00,751.0,20.8
2021-09-30 06:00:00,788.0,20.7
2021-09-30 07:00:00,929.0,20.7
2021-09-30 08:00:00,946.0,21.1
2021-09-30 09:00:00,1085.0,23.0
2021-09-30 10:00:00,1056.0,24.9
2021-09-30 11:00:00,1133.0,26.9
2021-09-30 12:00:00,1104.0,28.3
2021-09-30 13:00:00,1122.0,29.7
2021-09-30 14:00:00,1199.0,30.8
2021-09-30 15:00:00,1204.0,31.7
2021-09-30 16:00:00,1179.0,31.9
2021-09-30 17:00:00,1230.0,31.9
2021-09-30 18:00:00,1159.0,30.7
2021-09-30 19:00:00,1265.0,28.4
2021-09-30 20:00:00,1330.0,26.7
2021-09-30 21:00:00,1227.0,25.8
2021-09-30 22:00:00,1097.0,25.0
2021-09-30 23:00:00,1042.0,24.2
2021-10-01 00:00:00,902.0,23.7
2021-10-01 01:00:00,858.0,23.2
2021-10-01 02:00:00,793.0,22.7
2021-10-01 03:00:00,767.0,22.3
2021-10-01 04:00:00,729.0,22.0
2021-10-01 05:00:00,730.0,21.7
2021-10-01 06:00:00,744.0,21.2
2021-10-01 07:00:00,854.0,21.4
2021-10-01 08:00:00,891.0,22.5
2021-10-01 09:00:00,1003.0,25.0
2021-10-01 10:00:00,1000.0,26.9
2021-10-01 11:00:00,1009.0,29.2
2021-10-01 12:00:00,1068.0,30.2
2021-10-01 13:00:00,1119.0,31.8
2021-10-01 14:00:00,1107.0,33.6
2021-10-01 15:00:00,1127.0,33.8
2021-10-01 16:00:00,1201.0,34.0
2021-10-01 17:00:00,1199.0,33.4
2021-10-01 18:00:00,1128.0,32.2
2021-10-01 19:00:00,1245.0,30.4
2021-10-01 20:00:00,1263.0,28.9
2021-10-01 21:00:00,1209.0,28.0
2021-10-01 22:00:00,1120.0,26.9
2021-10-01 23:00:00,978.0,25.9
2021-10-02 00:00:00,932.0,25.3
2021-10-02 01:00:00,876.0,24.8
2021-10-02 02:00:00,838.0,24.4
2021-10-02 03:00:00,833.0,23.8
2021-10-02 04:00:00,767.0,23.8
2021-10-02 05:00:00,790.0,23.5
2021-10-02 06:00:00,793.0,23.2
2021-10-02 07:00:00,900.0,22.7
2021-10-02 08:00:00,1014.0,24.4
2021-10-02 09:00:00,1058.0,26.8
2021-10-02 10:00:00,1044.0,28.4
2021-10-02 11:00:00,1130.0,31.1
2021-10-02 12:00:00,1095.0,32.8
2021-10-02 13:00:00,1166.0,34.3
2021-10-02 14:00:00,1160.0,35.0
2021-10-02 15:00:00,1217.0,35.5
2021-10-02 16:00:00,1262.0,35.3
2021-10-02 17:00:00,1281.0,35.0
2021-10-02 18:00:00,1238.0,34.1
2021-10-02 19:00:00,1279.0,31.5
2021-10-02 20:00:00,1348.0,29.7
2021-10-02 21:00:00,1327.0,28.4
2021-10-02 22:00:00,1152.0,27.5
2021-10-02 23:00:00,1088.0,26.9
2021-10-03 00:00:00,1018.0,26.6
2021-10-03 01:00:00,941.0,26.3
2021-10-03 02:00:00,883.0,26.4
2021-10-03 03:00:00,853.0,26.8
2021-10-03 04:00:00,804.0,26.2
2021-10-03 05:00:00,797.0,27.0
2021-10-03 06:00:00,841.0,26.9
2021-10-03 07:00:00,974.0,27.2
2021-10-03 08:00:00,1072.0,28.0
2021-10-03 09:00:00,1177.0,29.7
2021-10-03 10:00:00,1125.0,31.0
2021-10-03 11:00:00,1220.0,31.7
2021-10-03 12:00:00,1210.0,32.5
2021-10-03 13:00:00,1166.0,33.4
2021-10-03 14:00:00,1239.0,34.0
2021-10-03 15:00:00,1331.0,34.5
2021-10-03 16:00:00,1268.0,34.6
2021-10-03 17:00:00,1361.0,34.1
2021-10-03 18:00:00,1281.0,33.0
2021-10-03 19:00:00,1338.0,31.2
2021-10-03 20:00:00,1401.0,31.0
2021-10-03 21:00:00,1300.0,30.4
2021-10-03 22:00:00,1189.0,28.6
2021-10-03 23:00:00,1104.0,29.7
2021-10-04 00:00:00,1059.0,27.3
2021-10-04 01:00:00,979.0,28.3
2021-10-04 02:00:00,909.0,28.1
2021-10-04 03:00:00,860.0,27.8
2021-10-04 04:00:00,867.0,27.4
2021-10-04 05:00:00,844.0,26.5
2021-10-04 06:00:00,877.0,26.2
2021-10-04 07:00:00,978.0,23.9
2021-10-04 08:00:00,1064.0,26.5
2021-10-04 09:00:00,1166.0,28.5
2021-10-04 10:00:00,1197.0,31.0
2021-10-04 11:00:00,1304.0,31.8
2021-10-04 12:00:00,1262.0,32.2
2021-10-04 13:00:00,1259.0,33.2
2021-10-04 14:00:00,1295.0,34.1
2021-10-04 15:00:00,1329.0,35.0
2021-10-04 16:00:00,1289.0,34.9
2021-10-04 17:00:00,1365.0,34.6
2021-10-04 18:00:00,1343.0,34.0
2021-10-04 19:00:00,1379.0,32.0
2021-10-04 20:00:00,1376.0,30.6
2021-10-04 21:00:00,1285.0,30.1
2021-10-04 22:00:00,1221.0,28.9
2021-10-04 23:00:00,1173.0,27.9
2021-10-05 00:00:00,1101.0,27.3
2021-10-05 01:00:00,1062.0,26.3
2021-10-05 02:00:00,1011.0,25.8
2021-10-05 03:00:00,939.0,25.5
2021-10-05 04:00:00,937.0,24.9
2021-10-05 05:00:00,923.0,24.3
2021-10-05 06:00:00,940.0,24.0
2021-10-05 07:00:00,1068.0,23.7
2021-10-05 08:00:00,1093.0,26.2
2021-10-05 09:00:00,1192.0,28.1
2021-10-05 10:00:00,1251.0,30.4
2021-10-05 11:00:00,1338.0,32.6
2021-10-05 12:00:00,1357.0,33.1
2021-10-05 13:00:00,1362.0,34.3
2021-10-05 14:00:00,1401.0,34.9
2021-10-05 15:00:00,1435.0,35.2
2021-10-05 16:00:00,1410.0,35.5
2021-10-05 17:00:00,1394.0,35.4
2021-10-05 18:00:00,1358.0,34.2
2021-10-05 19:00:00,1451.0,31.6
2021-10-05 20:00:00,1452.0,29.4
2021-10-05 21:00:00,1362.0,28.3
2021-10-05 22:00:00,1293.0,27.6
2021-10-05 23:00:00,1246.0,26.9
2021-10-06 00:00:00,1187.0,27.6
2021-10-06 01:00:00,1086.0,26.9
2021-10-06 02:00:00,1046.0,25.6
2021-10-06 03:00:00,1009.0,24.8
2021-10-06 04:00:00,975.0,24.0
2021-10-06 05:00:00,956.0,23.4
2021-10-06 06:00:00,1014.0,22.6
2021-10-06 07:00:00,1063.0,22.2
2021-10-06 08:00:00,1144.0,22.1
2021-10-06 09:00:00,1210.0,22.6
2021-10-06 10:00:00,1182.0,23.5
2021-10-06 11:00:00,1217.0,25.1
2021-10-06 12:00:00,1201.0,27.1
2021-10-06 13:00:00,1251.0,28.4
2021-10-06 14:00:00,1272.0,29.4
2021-10-06 15:00:00,1296.0,29.2
2021-10-06 16:00:00,1361.0,29.5
2021-10-06 17:00:00,1338.0,28.5
2021-10-06 18:00:00,1299.0,26.5
2021-10-06 19:00:00,1331.0,24.8
2021-10-06 20:00:00,1316.0,23.4
2021-10-06 21:00:00,1220.0,22.4
2021-10-06 22:00:00,1158.0,21.7
2021-10-06 23:00:00,1061.0,20.5
2021-10-07 00:00:00,988.0,19.9
2021-10-07 01:00:00,942.0,19.7
2021-10-07 02:00:00,940.0,19.7
2021-10-07 03:00:00,906.0,19.3
2021-10-07 04:00:00,873.0,19.1
2021-10-07 05:00:00,883.0,19.0
2021-10-07 06:00:00,891.0,18.8
2021-10-07 07:00:00,1035.0,18.7
2021-10-07 08:00:00,1099.0,18.8
2021-10-07 09:00:00,1180.0,18.6
2021-10-07 10:00:00,1173.0,18.5
2021-10-07 11:00:00,1217.0,19.3
2021-10-07 12:00:00,1194.0,19.6
2021-10-07 13:00:00,1163.0,20.1
2021-10-07 14:00:00,1156.0,20.5
2021-10-07 15:00:00,1212.0,20.2
2021-10-07 16:00:00,1211.0,20.0
2021-10-07 17:00:00,1311.0,19.8
2021-10-07 18:00:00,1320.0,19.5
2021-10-07 19:00:00,1327.0,19.2
2021-10-07 20:00:00,1276.0,18.8
2021-10-07 21:00:00,1193.0,18.6
2021-10-07 22:00:00,1071.0,18.5
2021-10-07 23:00:00,950.0,18.6
2021-10-08 00:00:00,929.0,18.7
2021-10-08 01:00:00,858.0,18.5
2021-10-08 02:00:00,828.0,18.1
2021-10-08 03:00:00,844.0,17.9
2021-10-08 04:00:00,827.0,17.8
2021-10-08 05:00:00,890.0,17.7
2021-10-08 06:00:00,886.0,17.7
2021-10-08 07:00:00,1111.0,17.7
2021-10-08 08:00:00,1118.0,17.9
2021-10-08 09:00:00,1171.0,18.5
2021-10-08 10:00:00,1154.0,18.7
2021-10-08 11:00:00,1198.0,19.0
2021-10-08 12:00:00,1104.0,19.3
2021-10-08 13:00:00,1126.0,19.7
2021-10-08 14:00:00,1136.0,20.3
2021-10-08 15:00:00,1157.0,20.8
2021-10-08 16:00:00,1184.0,21.0
2021-10-08 17:00:00,1214.0,21.0
2021-10-08 18:00:00,1247.0,20.7
2021-10-08 19:00:00,1334.0,20.4
2021-10-08 20:00:00,1324.0,20.1
2021-10-08 21:00:00,1232.0,19.6
2021-10-08 22:00:00,1083.0,18.9
2021-10-08 23:00:00,988.0,18.5
2021-10-09 00:00:00,909.0,18.6
2021-10-09 01:00:00,898.0,19.0
2021-10-09 02:00:00,838.0,19.0
2021-10-09 03:00:00,838.0,18.3
2021-10-09 04:00:00,827.0,18.0
2021-10-09 05:00:00,846.0,18.0
2021-10-09 06:00:00,903.0,18.2
2021-10-09 07:00:00,1104.0,18.2
2021-10-09 08:00:00,1172.0,18.0
2021-10-09 09:00:00,1220.0,17.7
2021-10-09 10:00:00,1207.0,17.8
2021-10-09 11:00:00,1206.0,18.2
2021-10-09 12:00:00,1153.0,18.5
2021-10-09 13:00:00,1209.0,18.8
2021-10-09 14:00:00,1164.0,18.8
2021-10-09 15:00:00,1232.0,18.9
2021-10-09 16:00:00,1192.0,18.6
2021-10-09 17:00:00,1310.0,18.5
2021-10-09 18:00:00,1293.0,18.3
2021-10-09 19:00:00,1333.0,18.2
2021-10-09 20:00:00,1291.0,18.2
2021-10-09 21:00:00,1204.0,18.3
2021-10-09 22:00:00,1071.0,18.2
2021-10-09 23:00:00,988.0,18.3
2021-10-10 00:00:00,950.0,18.2
2021-10-10 01:00:00,881.0,18.1
2021-10-10 02:00:00,862.0,18.1
2021-10-10 03:00:00,887.0,18.2
2021-10-10 04:00:00,889.0,18.2
2021-10-10 05:00:00,856.0,18.3
2021-10-10 06:00:00,927.0,18.2
2021-10-10 07:00:00,1081.0,18.2
2021-10-10 08:00:00,1206.0,18.3
2021-10-10 09:00:00,1195.0,18.6
2021-10-10 10:00:00,1203.0,18.9
2021-10-10 11:00:00,1204.0,19.2
2021-10-10 12:00:00,1197.0,19.1
2021-10-10 13:00:00,1171.0,18.6
2021-10-10 14:00:00,1139.0,18.5
2021-10-10 15:00:00,1192.0,18.4
2021-10-10 16:00:00,1302.0,18.2
2021-10-10 17:00:00,1280.0,17.8
2021-10-10 18:00:00,1342.0,17.5
2021-10-10 19:00:00,1394.0,16.9
2021-10-10 20:00:00,1327.0,16.5
2021-10-10 21:00:00,1252.0,16.3
2021-10-10 22:00:00,1165.0,16.1
2021-10-10 23:00:00,1009.0,15.7
2021-10-11 00:00:00,995.0,15.4
2021-10-11 01:00:00,894.0,15.2
2021-10-11 02:00:00,869.0,14.9
2021-10-11 03:00:00,853.0,14.6
2021-10-11 04:00:00,838.0,14.3
2021-10-11 05:00:00,887.0,14.1
2021-10-11 06:00:00,933.0,13.8
2021-10-11 07:00:00,1138.0,13.7
2021-10-11 08:00:00,1158.0,13.8
2021-10-11 09:00:00,1212.0,13.8
2021-10-11 10:00:00,1184.0,13.9
2021-10-11 11:00:00,1194.0,14.2
2021-10-11 12:00:00,1197.0,14.4
2021-10-11 13:00:00,1184.0,14.6
2021-10-11 14:00:00,1169.0,14.9
2021-10-11 15:00:00,1176.0,14.9
2021-10-11 16:00:00,1274.0,14.9
2021-10-11 17:00:00,1295.0,14.9
2021-10-11 18:00:00,1355.0,14.8
2021-10-11 19:00:00,1385.0,14.6
2021-10-11 20:00:00,1328.0,14.6
2021-10-11 21:00:00,1297.0,14.6
2021-10-11 22:00:00,1166.0,14.8
2021-10-11 23:00:00,1069.0,14.5
2021-10-12 00:00:00,967.0,14.2
2021-10-12 01:00:00,896.0,14.1
2021-10-12 02:00:00,942.0,14.1
2021-10-12 03:00:00,878.0,13.9
2021-10-12 04:00:00,860.0,13.8
2021-10-12 05:00:00,870.0,13.8
2021-10-12 06:00:00,980.0,13.8
2021-10-12 07:00:00,1179.0,13.9
2021-10-12 08:00:00,1160.0,14.2
2021-10-12 09:00:00,1241.0,14.9
2021-10-12 10:00:00,1202.0,15.4
2021-10-12 11:00:00,1208.0,16.3
2021-10-12 12:00:00,1193.0,17.4
2021-10-12 13:00:00,1087.0,18.1
2021-10-12 14:00:00,1141.0,18.8
2021-10-12 15:00:00,1172.0,19.0
2021-10-12 16:00:00,1195.0,19.3
2021-10-12 17:00:00,1179.0,19.3
2021-10-12 18:00:00,1316.0,18.9
2021-10-12 19:00:00,1380.0,18.2
2021-10-12 20:00:00,1323.0,18.0
2021-10-12 21:00:00,1303.0,17.8
2021-10-12 22:00:00,1183.0,17.7
2021-10-12 23:00:00,1074.0,17.7
2021-10-13 00:00:00,1017.0,17.6
2021-10-13 01:00:00,948.0,17.4
2021-10-13 02:00:00,956.0,17.5
2021-10-13 03:00:00,922.0,17.4
2021-10-13 04:00:00,946.0,17.2
2021-10-13 05:00:00,950.0,17.2
2021-10-13 06:00:00,1010.0,16.9
2021-10-13 07:00:00,1205.0,16.8
2021-10-13 08:00:00,1175.0,16.9
2021-10-13 09:00:00,1241.0,16.8
2021-10-13 10:00:00,1221.0,17.1
2021-10-13 11:00:00,1275.0,17.0
2021-10-13 12:00:00,1209.0,16.9
2021-10-13 13:00:00,1222.0,16.9
2021-10-13 14:00:00,1207.0,16.6
2021-10-13 15:00:00,1248.0,16.7
2021-10-13 16:00:00,1223.0,16.4
2021-10-13 17:00:00,1269.0,16.4
2021-10-13 18:00:00,1335.0,15.7
2021-10-13 19:00:00,1415.0,15.6
2021-10-13 20:00:00,1334.0,15.8
2021-10-13 21:00:00,1323.0,15.8
2021-10-13 22:00:00,1169.0,15.8
2021-10-13 23:00:00,1100.0,15.8
2021-10-14 00:00:00,1010.0,15.6
2021-10-14 01:00:00,940.0,15.6
2021-10-14 02:00:00,931.0,15.7
2021-10-14 03:00:00,913.0,15.6
2021-10-14 04:00:00,889.0,15.6
2021-10-14 05:00:00,905.0,15.7
2021-10-14 06:00:00,977.0,15.8
2021-10-14 07:00:00,1164.0,15.9
2021-10-14 08:00:00,1196.0,16.0
2021-10-14 09:00:00,1276.0,16.2
2021-10-14 10:00:00,1248.0,16.4
2021-10-14 11:00:00,1287.0,16.9
2021-10-14 12:00:00,1223.0,17.6
2021-10-14 13:00:00,1208.0,17.8
2021-10-14 14:00:00,1223.0,18.1
2021-10-14 15:00:00,1224.0,18.3
2021-10-14 16:00:00,1270.0,18.1
2021-10-14 17:00:00,1273.0,17.2
2021-10-14 18:00:00,1338.0,16.6
2021-10-14 19:00:00,1379.0,16.4
2021-10-14 20:00:00,1349.0,16.4
2021-10-14 21:00:00,1287.0,16.3
2021-10-14 22:00:00,1161.0,16.2
2021-10-14 23:00:00,1079.0,16.1
2021-10-15 00:00:00,1005.0,15.8
2021-10-15 01:00:00,926.0,15.7
2021-10-15 02:00:00,913.0,15.7
2021-10-15 03:00:00,917.0,15.7
2021-10-15 04:00:00,902.0,15.7
2021-10-15 05:00:00,912.0,15.7
2021-10-15 06:00:00,966.0,15.8
2021-10-15 07:00:00,1191.0,15.9
2021-10-15 08:00:00,1243.0,16.1
2021-10-15 09:00:00,1207.0,16.5
2021-10-15 10:00:00,1204.0,17.0
2021-10-15 11:00:00,1253.0,17.2
2021-10-15 12:00:00,1208.0,17.2
2021-10-15 13:00:00,1228.0,17.5
2021-10-15 14:00:00,1175.0,17.1
2021-10-15 15:00:00,1239.0,16.5
2021-10-15 16:00:00,1296.0,17.0
2021-10-15 17:00:00,1316.0,16.6
2021-10-15 18:00:00,1368.0,16.2
2021-10-15 19:00:00,1384.0,16.0
2021-10-15 20:00:00,1359.0,16.0
2021-10-15 21:00:00,1331.0,15.8
2021-10-15 22:00:00,1229.0,15.6
2021-10-15 23:00:00,1105.0,15.4
2021-10-16 00:00:00,1020.0,15.3
2021-10-16 01:00:00,975.0,15.1
2021-10-16 02:00:00,923.0,14.5
2021-10-16 03:00:00,937.0,14.2
2021-10-16 04:00:00,936.0,13.8
2021-10-16 05:00:00,933.0,13.3
2021-10-16 06:00:00,949.0,13.4
2021-10-16 07:00:00,1118.0,13.2
2021-10-16 08:00:00,1324.0,13.1
2021-10-16 09:00:00,1334.0,13.3
2021-10-16 10:00:00,1317.0,13.9
2021-10-16 11:00:00,1285.0,14.2
2021-10-16 12:00:00,1279.0,14.2
2021-10-16 13:00:00,1277.0,14.2
2021-10-16 14:00:00,1246.0,14.5
2021-10-16 15:00:00,1310.0,14.5
2021-10-16 16:00:00,1334.0,14.0
2021-10-16 17:00:00,1387.0,13.7
2021-10-16 18:00:00,1413.0,13.5
2021-10-16 19:00:00,1475.0,13.4
2021-10-16 20:00:00,1397.0,13.5
2021-10-16 21:00:00,1309.0,13.5
2021-10-16 22:00:00,1208.0,13.4
2021-10-16 23:00:00,1105.0,13.3
2021-10-17 00:00:00,1011.0,13.0
2021-10-17 01:00:00,939.0,12.9
2021-10-17 02:00:00,920.0,12.7
2021-10-17 03:00:00,917.0,12.6
2021-10-17 04:00:00,936.0,12.4
2021-10-17 05:00:00,909.0,12.2
2021-10-17 06:00:00,1006.0,12.1
2021-10-17 07:00:00,1124.0,12.0
2021-10-17 08:00:00,1299.0,12.0
2021-10-17 09:00:00,1400.0,12.5
2021-10-17 10:00:00,1323.0,12.9
2021-10-17 11:00:00,1319.0,13.3
2021-10-17 12:00:00,1358.0,14.1
2021-10-17 13:00:00,1346.0,13.8
2021-10-17 14:00:00,1313.0,13.1
2021-10-17 15:00:00,1361.0,13.1
2021-10-17 16:00:00,1461.0,13.0
2021-10-17 17:00:00,1513.0,12.9
2021-10-17 18:00:00,1509.0,12.8
2021-10-17 19:00:00,1560.0,12.8
2021-10-17 20:00:00,1544.0,12.6
2021-10-17 21:00:00,1461.0,12.3
2021-10-17 22:00:00,1275.0,12.1
2021-10-17 23:00:00,1197.0,11.9
2021-10-18 00:00:00,1118.0,11.6
2021-10-18 01:00:00,999.0,11.4
2021-10-18 02:00:00,1023.0,11.3
2021-10-18 03:00:00,1006.0,11.2
2021-10-18 04:00:00,969.0,11.0
2021-10-18 05:00:00,977.0,10.7
2021-10-18 06:00:00,1064.0,10.7
2021-10-18 07:00:00,1310.0,10.5
2021-10-18 08:00:00,1324.0,10.7
2021-10-18 09:00:00,1279.0,11.5
2021-10-18 10:00:00,1237.0,12.8
2021-10-18 11:00:00,1206.0,13.6
2021-10-18 12:00:00,1142.0,14.5
2021-10-18 13:00:00,1175.0,15.3
2021-10-18 14:00:00,1196.0,15.4
2021-10-18 15:00:00,1188.0,15.6
2021-10-18 16:00:00,1264.0,15.4
2021-10-18 17:00:00,1202.0,15.7
2021-10-18 18:00:00,1244.0,15.3
2021-10-18 19:00:00,1326.0,15.0
2021-10-18 20:00:00,1377.0,14.8
2021-10-18 21:00:00,1398.0,14.6
2021-10-18 22:00:00,1291.0,14.3
2021-10-18 23:00:00,1144.0,14.1
2021-10-19 00:00:00,1030.0,13.5
2021-10-19 01:00:00,951.0,13.1
2021-10-19 02:00:00,970.0,12.8
2021-10-19 03:00:00,931.0,12.4
2021-10-19 04:00:00,937.0,12.6
2021-10-19 05:00:00,944.0,12.4
2021-10-19 06:00:00,1004.0,12.4
2021-10-19 07:00:00,1222.0,12.4
2021-10-19 08:00:00,1156.0,12.7
2021-10-19 09:00:00,1068.0,12.8
2021-10-19 10:00:00,1039.0,13.2
2021-10-19 11:00:00,1080.0,13.6
2021-10-19 12:00:00,1018.0,13.9
2021-10-19 13:00:00,991.0,14.0
2021-10-19 14:00:00,1000.0,14.2
2021-10-19 15:00:00,991.0,14.4
2021-10-19 16:00:00,1043.0,14.6
2021-10-19 17:00:00,1072.0,14.3
2021-10-19 18:00:00,1156.0,14.2
2021-10-19 19:00:00,1166.0,14.2
2021-10-19 20:00:00,1166.0,14.1
2021-10-19 21:00:00,1110.0,13.8
2021-10-19 22:00:00,959.0,13.7
2021-10-19 23:00:00,937.0,13.5
2021-10-20 00:00:00,936.0,13.2
2021-10-20 01:00:00,935.0,13.1
2021-10-20 02:00:00,933.0,12.6
2021-10-20 03:00:00,897.0,12.3
2021-10-20 04:00:00,876.0,12.1
2021-10-20 05:00:00,908.0,12.1
2021-10-20 06:00:00,969.0,11.9
2021-10-20 07:00:00,1199.0,11.6
2021-10-20 08:00:00,1189.0,11.5
2021-10-20 09:00:00,1141.0,11.5
2021-10-20 10:00:00,1085.0,11.7
2021-10-20 11:00:00,1060.0,11.9
2021-10-20 12:00:00,1005.0,12.2
2021-10-20 13:00:00,1066.0,12.3
2021-10-20 14:00:00,1005.0,12.7
2021-10-20 15:00:00,1023.0,12.4
2021-10-20 16:00:00,1097.0,12.0
2021-10-20 17:00:00,1181.0,12.1
2021-10-20 18:00:00,1183.0,11.9
2021-10-20 19:00:00,1252.0,11.8
2021-10-20 20:00:00,1236.0,11.5
2021-10-20 21:00:00,1183.0,11.3
2021-10-20 22:00:00,1053.0,11.4
2021-10-20 23:00:00,990.0,11.3
2021-10-21 00:00:00,990.0,11.3
2021-10-21 01:00:00,946.0,11.1
2021-10-21 02:00:00,939.0,11.1
2021-10-21 03:00:00,889.0,11.0
2021-10-21 04:00:00,878.0,11.0
2021-10-21 05:00:00,924.0,11.0
2021-10-21 06:00:00,917.0,11.0
2021-10-21 07:00:00,1182.0,11.0
2021-10-21 08:00:00,1206.0,11.1
2021-10-21 09:00:00,1133.0,11.5
2021-10-21 10:00:00,1135.0,11.7
2021-10-21 11:00:00,1204.0,12.6
2021-10-21 12:00:00,1121.0,13.4
2021-10-21 13:00:00,1082.0,13.9
2021-10-21 14:00:00,986.0,14.5
2021-10-21 15:00:00,1062.0,14.6
2021-10-21 16:00:00,1094.0,14.3
2021-10-21 17:00:00,1168.0,14.3
2021-10-21 18:00:00,1205.0,14.0
2021-10-21 19:00:00,1274.0,13.5
2021-10-21 20:00:00,1230.0,13.3
2021-10-21 21:00:00,1221.0,13.0
2021-10-21 22:00:00,1157.0,13.0
2021-10-21 23:00:00,1032.0,12.8
2021-10-22 00:00:00,933.0,12.7
2021-10-22 01:00:00,958.0,12.6
2021-10-22 02:00:00,954.0,12.6
2021-10-22 03:00:00,907.0,12.5
2021-10-22 04:00:00,886.0,12.5
2021-10-22 05:00:00,861.0,12.6
2021-10-22 06:00:00,973.0,12.1
2021-10-22 07:00:00,1194.0,11.9
2021-10-22 08:00:00,1211.0,11.9
2021-10-22 09:00:00,1218.0,12.2
2021-10-22 10:00:00,1159.0,12.5
2021-10-22 11:00:00,1200.0,12.8
2021-10-22 12:00:00,1199.0,13.1
2021-10-22 13:00:00,1220.0,13.2
2021-10-22 14:00:00,1142.0,14.0
2021-10-22 15:00:00,1169.0,14.2
2021-10-22 16:00:00,1229.0,14.3
2021-10-22 17:00:00,1278.0,14.0
2021-10-22 18:00:00,1292.0,13.6
2021-10-22 19:00:00,1411.0,13.3
2021-10-22 20:00:00,1310.0,13.1
2021-10-22 21:00:00,1326.0,12.8
2021-10-22 22:00:00,1247.0,12.4
2021-10-22 23:00:00,1167.0,12.2
2021-10-23 00:00:00,1097.0,11.8
2021-10-23 01:00:00,1040.0,11.2
2021-10-23 02:00:00,994.0,11.1
2021-10-23 03:00:00,981.0,11.2
2021-10-23 04:00:00,954.0,11.0
2021-10-23 05:00:00,970.0,11.2
2021-10-23 06:00:00,1069.0,11.3
2021-10-23 07:00:00,1236.0,11.5
2021-10-23 08:00:00,1343.0,11.6
2021-10-23 09:00:00,1345.0,12.5
2021-10-23 10:00:00,1248.0,14.1
2021-10-23 11:00:00,1236.0,15.9
2021-10-23 12:00:00,1181.0,16.5
2021-10-23 13:00:00,1220.0,18.0
2021-10-23 14:00:00,1156.0,19.2
2021-10-23 15:00:00,1168.0,19.0
2021-10-23 16:00:00,1233.0,18.7
2021-10-23 17:00:00,1287.0,17.8
2021-10-23 18:00:00,1261.0,17.2
2021-10-23 19:00:00,1406.0,15.6
2021-10-23 20:00:00,1405.0,14.1
2021-10-23 21:00:00,1320.0,13.1
2021-10-23 22:00:00,1257.0,12.3
2021-10-23 23:00:00,1175.0,11.7
2021-10-24 00:00:00,1099.0,11.2
2021-10-24 01:00:00,982.0,10.9
2021-10-24 02:00:00,984.0,10.3
2021-10-24 03:00:00,924.0,10.1
2021-10-24 04:00:00,923.0,9.8
2021-10-24 05:00:00,921.0,9.1
2021-10-24 06:00:00,1001.0,9.1
2021-10-24 07:00:00,1190.0,8.7
2021-10-24 08:00:00,1305.0,9.6
2021-10-24 09:00:00,1265.0,11.8
2021-10-24 10:00:00,1156.0,14.3
2021-10-24 11:00:00,1199.0,16.0
2021-10-24 12:00:00,1201.0,17.8
2021-10-24 13:00:00,1175.0,19.4
2021-10-24 14:00:00,1133.0,20.2
2021-10-24 15:00:00,1143.0,20.2
2021-10-24 16:00:00,1164.0,20.4
2021-10-24 17:00:00,1292.0,19.5
2021-10-24 18:00:00,1341.0,17.9
2021-10-24 19:00:00,1463.0,16.0
2021-10-24 20:00:00,1440.0,14.1
2021-10-24 21:00:00,1358.0,13.0
2021-10-24 22:00:00,1197.0,12.0
2021-10-24 23:00:00,1100.0,11.3
2021-10-25 00:00:00,994.0,10.7
2021-10-25 01:00:00,947.0,10.2
2021-10-25 02:00:00,890.0,10.1
2021-10-25 03:00:00,913.0,9.6
2021-10-25 04:00:00,915.0,9.3
2021-10-25 05:00:00,944.0,8.8
2021-10-25 06:00:00,993.0,8.8
2021-10-25 07:00:00,1272.0,9.3
2021-10-25 08:00:00,1341.0,10.9
2021-10-25 09:00:00,1343.0,12.4
2021-10-25 10:00:00,1181.0,14.5
2021-10-25 11:00:00,1142.0,16.4
2021-10-25 12:00:00,1078.0,18.1
2021-10-25 13:00:00,1200.0,19.7
2021-10-25 14:00:00,1224.0,21.0
2021-10-25 15:00:00,1194.0,21.3
2021-10-25 16:00:00,1135.0,21.0
2021-10-25 17:00:00,1153.0,20.4
2021-10-25 18:00:00,1185.0,19.1
2021-10-25 19:00:00,1294.0,17.1
2021-10-25 20:00:00,1288.0,15.5
2021-10-25 21:00:00,1236.0,15.1
2021-10-25 22:00:00,1242.0,14.6
2021-10-25 23:00:00,1163.0,14.3
2021-10-26 00:00:00,1095.0,14.0
2021-10-26 01:00:00,981.0,13.9
2021-10-26 02:00:00,1044.0,14.2
2021-10-26 03:00:00,976.0,14.3
2021-10-26 04:00:00,983.0,14.6
2021-10-26 05:00:00,988.0,14.4
2021-10-26 06:00:00,1048.0,14.6
2021-10-26 07:00:00,1290.0,14.2
2021-10-26 08:00:00,1321.0,14.0
2021-10-26 09:00:00,1319.0,14.4
2021-10-26 10:00:00,1303.0,15.2
2021-10-26 11:00:00,1277.0,16.5
2021-10-26 12:00:00,1205.0,17.8
2021-10-26 13:00:00,1288.0,18.6
2021-10-26 14:00:00,1264.0,18.7
2021-10-26 15:00:00,1306.0,18.2
2021-10-26 16:00:00,1209.0,17.9
2021-10-26 17:00:00,1245.0,17.5
2021-10-26 18:00:00,1242.0,17.0
2021-10-26 19:00:00,1346.0,16.7
2021-10-26 20:00:00,1359.0,16.3
2021-10-26 21:00:00,1291.0,16.0
2021-10-26 22:00:00,1259.0,15.7
2021-10-26 23:00:00,1169.0,15.5
2021-10-27 00:00:00,1079.0,15.4
2021-10-27 01:00:00,1012.0,15.0
2021-10-27 02:00:00,990.0,14.7
2021-10-27 03:00:00,977.0,14.3
2021-10-27 04:00:00,947.0,14.4
2021-10-27 05:00:00,951.0,13.9
2021-10-27 06:00:00,1036.0,13.6
2021-10-27 07:00:00,1303.0,13.2
2021-10-27 08:00:00,1266.0,13.8
2021-10-27 09:00:00,1255.0,15.7
2021-10-27 10:00:00,1293.0,17.8
2021-10-27 11:00:00,1300.0,19.3
2021-10-27 12:00:00,1178.0,20.7
2021-10-27 13:00:00,1227.0,21.3
2021-10-27 14:00:00,1162.0,21.5
2021-10-27 15:00:00,1293.0,21.6
2021-10-27 16:00:00,1281.0,20.9
2021-10-27 17:00:00,1388.0,20.5
2021-10-27 18:00:00,1421.0,19.6
2021-10-27 19:00:00,1470.0,18.4
2021-10-27 20:00:00,1420.0,17.9
2021-10-27 21:00:00,1358.0,17.0
2021-10-27 22:00:00,1236.0,16.2
2021-10-27 23:00:00,1174.0,15.6
2021-10-28 00:00:00,1050.0,15.3
2021-10-28 01:00:00,983.0,15.4
2021-10-28 02:00:00,1018.0,15.3
2021-10-28 03:00:00,992.0,15.2
2021-10-28 04:00:00,996.0,15.2
2021-10-28 05:00:00,1024.0,15.2
2021-10-28 06:00:00,1082.0,15.1
2021-10-28 07:00:00,1277.0,14.9
2021-10-28 08:00:00,1286.0,15.1
2021-10-28 09:00:00,1329.0,16.0
2021-10-28 10:00:00,1335.0,16.6
2021-10-28 11:00:00,1359.0,18.0
2021-10-28 12:00:00,1269.0,18.8
2021-10-28 13:00:00,1240.0,18.6
2021-10-28 14:00:00,1266.0,17.9
2021-10-28 15:00:00,1315.0,17.2
2021-10-28 16:00:00,1349.0,16.9
2021-10-28 17:00:00,1456.0,16.4
2021-10-28 18:00:00,1448.0,16.1
2021-10-28 19:00:00,1473.0,15.9
2021-10-28 20:00:00,1450.0,15.7
2021-10-28 21:00:00,1370.0,15.6
2021-10-28 22:00:00,1241.0,15.5
2021-10-28 23:00:00,1165.0,15.5
2021-10-29 00:00:00,1024.0,15.1
2021-10-29 01:00:00,999.0,15.0
2021-10-29 02:00:00,1016.0,14.7
2021-10-29 03:00:00,989.0,14.4
2021-10-29 04:00:00,982.0,14.3
2021-10-29 05:00:00,933.0,14.1
2021-10-29 06:00:00,1013.0,14.2
2021-10-29 07:00:00,1232.0,14.1
2021-10-29 08:00:00,1289.0,14.2
2021-10-29 09:00:00,1297.0,14.3
2021-10-29 10:00:00,1268.0,14.3
2021-10-29 11:00:00,1295.0,14.5
2021-10-29 12:00:00,1248.0,14.6
2021-10-29 13:00:00,1246.0,14.8
2021-10-29 14:00:00,1190.0,14.6
2021-10-29 15:00:00,1191.0,14.7
2021-10-29 16:00:00,1267.0,14.6
2021-10-29 17:00:00,1240.0,14.6
2021-10-29 18:00:00,1342.0,14.6
2021-10-29 19:00:00,1357.0,14.6
2021-10-29 20:00:00,1321.0,14.6
2021-10-29 21:00:00,1307.0,14.7
2021-10-29 22:00:00,1212.0,14.8
2021-10-29 23:00:00,1137.0,14.6
2021-10-30 00:00:00,1054.0,14.6
2021-10-30 01:00:00,989.0,14.6
2021-10-30 02:00:00,970.0,14.6
2021-10-30 03:00:00,932.0,14.5
2021-10-30 04:00:00,878.0,14.4
2021-10-30 05:00:00,911.0,14.5
2021-10-30 06:00:00,932.0,14.4
2021-10-30 07:00:00,1117.0,14.4
2021-10-30 08:00:00,1247.0,14.2
2021-10-30 09:00:00,1334.0,14.4
2021-10-30 10:00:00,1311.0,14.6
2021-10-30 11:00:00,1324.0,15.3
2021-10-30 12:00:00,1321.0,15.6
2021-10-30 13:00:00,1227.0,15.8
2021-10-30 14:00:00,1229.0,16.8
2021-10-30 15:00:00,1179.0,17.4
2021-10-30 16:00:00,1235.0,17.1
2021-10-30 17:00:00,1282.0,16.5
2021-10-30 18:00:00,1411.0,16.3
2021-10-30 19:00:00,1485.0,16.1
2021-10-30 20:00:00,1440.0,15.9
2021-10-30 21:00:00,1380.0,15.7
2021-10-30 22:00:00,1312.0,15.6
2021-10-30 23:00:00,1156.0,15.5
2021-10-31 00:00:00,1078.0,15.4
2021-10-31 01:00:00,956.0,15.2
2021-10-31 02:00:00,1012.0,15.2
2021-10-31 03:00:00,927.0,14.9
2021-10-31 04:00:00,942.0,14.8
2021-10-31 05:00:00,915.0,14.7
2021-10-31 06:00:00,956.0,14.7
2021-10-31 07:00:00,1082.0,14.7
2021-10-31 08:00:00,1246.0,14.8
2021-10-31 09:00:00,1322.0,15.0
2021-10-31 10:00:00,1325.0,15.2
2021-10-31 11:00:00,1325.0,15.9
2021-10-31 12:00:00,1317.0,16.2
2021-10-31 13:00:00,1253.0,16.4
2021-10-31 14:00:00,1258.0,16.2
2021-10-31 15:00:00,1264.0,16.4
2021-10-31 16:00:00,1343.0,16.4
2021-10-31 17:00:00,1397.0,16.2
2021-10-31 18:00:00,1377.0,16.1
2021-10-31 19:00:00,1395.0,15.9
2021-10-31 20:00:00,1355.0,15.8
2021-10-31 21:00:00,1297.0,15.7
2021-10-31 22:00:00,1135.0,15.5
2021-10-31 23:00:00,1064.0,15.4
2021-11-01 00:00:00,990.0,15.2
2021-11-01 01:00:00,916.0,15.0
2021-11-01 02:00:00,838.0,14.8
2021-11-01 03:00:00,822.0,14.9
2021-11-01 04:00:00,863.0,14.8
2021-11-01 05:00:00,829.0,14.8
2021-11-01 06:00:00,897.0,14.8
2021-11-01 07:00:00,1105.0,14.8
2021-11-01 08:00:00,1224.0,14.9
2021-11-01 09:00:00,1289.0,15.4
2021-11-01 10:00:00,1274.0,16.1
2021-11-01 11:00:00,1285.0,16.8
2021-11-01 12:00:00,1250.0,17.3
2021-11-01 13:00:00,1228.0,17.0
2021-11-01 14:00:00,1188.0,17.8
2021-11-01 15:00:00,1277.0,17.8
2021-11-01 16:00:00,1318.0,17.1
2021-11-01 17:00:00,1402.0,16.6
2021-11-01 18:00:00,1478.0,16.3
2021-11-01 19:00:00,1444.0,15.9
2021-11-01 20:00:00,1376.0,15.5
2021-11-01 21:00:00,1349.0,15.3
2021-11-01 22:00:00,1226.0,15.2
2021-11-01 23:00:00,1054.0,15.0
2021-11-02 00:00:00,985.0,15.1
2021-11-02 01:00:00,908.0,15.0
2021-11-02 02:00:00,863.0,14.7
2021-11-02 03:00:00,862.0,14.6
2021-11-02 04:00:00,840.0,14.6
2021-11-02 05:00:00,790.0,14.5
2021-11-02 06:00:00,885.0,14.5
2021-11-02 07:00:00,1114.0,14.5
2021-11-02 08:00:00,1246.0,14.7
2021-11-02 09:00:00,1185.0,15.5
2021-11-02 10:00:00,1202.0,16.4
2021-11-02 11:00:00,1240.0,16.6
2021-11-02 12:00:00,1252.0,16.6
2021-11-02 13:00:00,1218.0,16.5
2021-11-02 14:00:00,1224.0,16.4
2021-11-02 15:00:00,1173.0,17.2
2021-11-02 16:00:00,1288.0,18.0
2021-11-02 17:00:00,1291.0,17.7
2021-11-02 18:00:00,1377.0,16.7
2021-11-02 19:00:00,1407.0,16.4
2021-11-02 20:00:00,1376.0,16.3
2021-11-02 21:00:00,1320.0,16.2
2021-11-02 22:00:00,1205.0,16.0
2021-11-02 23:00:00,1129.0,15.9
2021-11-03 00:00:00,999.0,15.9
2021-11-03 01:00:00,952.0,15.8
2021-11-03 02:00:00,920.0,15.7
2021-11-03 03:00:00,917.0,15.5
2021-11-03 04:00:00,850.0,15.5
2021-11-03 05:00:00,863.0,15.4
2021-11-03 06:00:00,961.0,15.5
2021-11-03 07:00:00,1141.0,15.4
2021-11-03 08:00:00,1176.0,15.5
2021-11-03 09:00:00,1232.0,16.2
2021-11-03 10:00:00,1213.0,17.1
2021-11-03 11:00:00,1209.0,17.3
2021-11-03 12:00:00,1182.0,17.4
2021-11-03 13:00:00,1164.0,17.8
2021-11-03 14:00:00,1141.0,17.9
2021-11-03 15:00:00,1217.0,18.1
2021-11-03 16:00:00,1265.0,18.1
2021-11-03 17:00:00,1310.0,17.6
2021-11-03 18:00:00,1361.0,17.3
2021-11-03 19:00:00,1381.0,17.0
2021-11-03 20:00:00,1353.0,16.9
2021-11-03 21:00:00,1294.0,16.6
2021-11-03 22:00:00,1203.0,16.3
2021-11-03 23:00:00,1040.0,16.0
2021-11-04 00:00:00,990.0,15.9
2021-11-04 01:00:00,963.0,15.6
2021-11-04 02:00:00,940.0,15.6
2021-11-04 03:00:00,885.0,15.5
2021-11-04 04:00:00,888.0,15.5
2021-11-04 05:00:00,890.0,15.3
2021-11-04 06:00:00,956.0,15.3
2021-11-04 07:00:00,1157.0,15.4
2021-11-04 08:00:00,1161.0,15.5
2021-11-04 09:00:00,1249.0,15.6
2021-11-04 10:00:00,1209.0,15.8
2021-11-04 11:00:00,1235.0,16.4
2021-11-04 12:00:00,1170.0,17.0
2021-11-04 13:00:00,1169.0,17.4
2021-11-04 14:00:00,1171.0,17.6
2021-11-04 15:00:00,1227.0,17.4
2021-11-04 16:00:00,1239.0,17.3
2021-11-04 17:00:00,1280.0,17.0
2021-11-04 18:00:00,1277.0,16.8
2021-11-04 19:00:00,1269.0,16.6
2021-11-04 20:00:00,1226.0,16.5
2021-11-04 21:00:00,1192.0,16.5
2021-11-04 22:00:00,1095.0,16.5
2021-11-04 23:00:00,1021.0,16.4
2021-11-05 00:00:00,900.0,16.4
2021-11-05 01:00:00,853.0,16.3
2021-11-05 02:00:00,790.0,16.2
2021-11-05 03:00:00,814.0,16.1
2021-11-05 04:00:00,774.0,16.0
2021-11-05 05:00:00,818.0,15.9
2021-11-05 06:00:00,878.0,15.9
2021-11-05 07:00:00,1131.0,15.9
2021-11-05 08:00:00,1185.0,16.0
2021-11-05 09:00:00,1158.0,16.0
2021-11-05 10:00:00,1158.0,16.2
2021-11-05 11:00:00,1211.0,16.5
2021-11-05 12:00:00,1132.0,16.6
2021-11-05 13:00:00,1149.0,17.0
2021-11-05 14:00:00,1129.0,16.9
2021-11-05 15:00:00,1137.0,16.8
2021-11-05 16:00:00,1212.0,17.1
2021-11-05 17:00:00,1267.0,17.0
2021-11-05 18:00:00,1276.0,16.9
2021-11-05 19:00:00,1331.0,16.8
2021-11-05 20:00:00,1310.0,16.8
2021-11-05 21:00:00,1243.0,16.8
2021-11-05 22:00:00,1168.0,16.7
2021-11-05 23:00:00,1073.0,16.5
2021-11-06 00:00:00,981.0,16.4
2021-11-06 01:00:00,861.0,16.3
2021-11-06 02:00:00,896.0,16.2
2021-11-06 03:00:00,872.0,16.2
2021-11-06 04:00:00,892.0,16.2
2021-11-06 05:00:00,879.0,16.1
2021-11-06 06:00:00,894.0,16.1
2021-11-06 07:00:00,985.0,16.1
2021-11-06 08:00:00,1128.0,16.2
2021-11-06 09:00:00,1187.0,16.3
2021-11-06 10:00:00,1176.0,16.4
2021-11-06 11:00:00,1251.0,16.6
2021-11-06 12:00:00,1165.0,17.0
2021-11-06 13:00:00,1144.0,16.8
2021-11-06 14:00:00,1128.0,16.9
2021-11-06 15:00:00,1176.0,17.0
2021-11-06 16:00:00,1256.0,16.9
2021-11-06 17:00:00,1244.0,16.9
2021-11-06 18:00:00,1292.0,16.8
2021-11-06 19:00:00,1303.0,16.7
2021-11-06 20:00:00,1245.0,16.6
2021-11-06 21:00:00,1215.0,16.6
2021-11-06 22:00:00,1091.0,16.6
2021-11-06 23:00:00,1045.0,16.6
2021-11-07 00:00:00,942.0,16.5
2021-11-07 01:00:00,879.0,16.4
2021-11-07 02:00:00,828.0,16.3
2021-11-07 03:00:00,762.0,16.3
2021-11-07 04:00:00,773.0,16.3
2021-11-07 05:00:00,825.0,16.2
2021-11-07 06:00:00,818.0,16.3
2021-11-07 07:00:00,901.0,15.8
2021-11-07 08:00:00,1103.0,15.7
2021-11-07 09:00:00,1200.0,15.2
2021-11-07 10:00:00,1181.0,14.1
2021-11-07 11:00:00,1146.0,12.3
2021-11-07 12:00:00,1084.0,12.3
2021-11-07 13:00:00,1097.0,10.8
2021-11-07 14:00:00,1064.0,10.0
2021-11-07 15:00:00,1152.0,9.7
2021-11-07 16:00:00,1268.0,9.0
2021-11-07 17:00:00,1256.0,8.2
2021-11-07 18:00:00,1374.0,8.1
2021-11-07 19:00:00,1388.0,7.7
2021-11-07 20:00:00,1310.0,7.8
2021-11-07 21:00:00,1249.0,7.9
2021-11-07 22:00:00,1071.0,7.7
2021-11-07 23:00:00,952.0,7.6
2021-11-08 00:00:00,909.0,7.4
2021-11-08 01:00:00,746.0,6.9
2021-11-08 02:00:00,753.0,6.4
2021-11-08 03:00:00,753.0,5.9
2021-11-08 04:00:00,799.0,5.8
2021-11-08 05:00:00,782.0,5.4
2021-11-08 06:00:00,855.0,5.1
2021-11-08 07:00:00,1101.0,5.1
2021-11-08 08:00:00,1162.0,5.6
2021-11-08 09:00:00,1168.0,7.3
2021-11-08 10:00:00,1236.0,9.4
2021-11-08 11:00:00,1209.0,10.7
2021-11-08 12:00:00,1109.0,12.3
2021-11-08 13:00:00,1132.0,12.8
2021-11-08 14:00:00,1117.0,14.0
2021-11-08 15:00:00,1077.0,14.3
2021-11-08 16:00:00,1169.0,14.5
2021-11-08 17:00:00,1240.0,13.8
2021-11-08 18:00:00,1282.0,12.2
2021-11-08 19:00:00,1316.0,10.8
2021-11-08 20:00:00,1334.0,9.3
2021-11-08 21:00:00,1285.0,8.4
2021-11-08 22:00:00,1164.0,8.5
2021-11-08 23:00:00,1006.0,8.4
2021-11-09 00:00:00,899.0,8.3
2021-11-09 01:00:00,842.0,8.2
2021-11-09 02:00:00,800.0,7.9
2021-11-09 03:00:00,839.0,7.7
2021-11-09 04:00:00,797.0,7.5
2021-11-09 05:00:00,815.0,6.7
2021-11-09 06:00:00,887.0,6.3
2021-11-09 07:00:00,1154.0,5.9
2021-11-09 08:00:00,1233.0,6.6
2021-11-09 09:00:00,1292.0,8.1
2021-11-09 10:00:00,1233.0,9.1
2021-11-09 11:00:00,1260.0,10.4
2021-11-09 12:00:00,1296.0,11.4
2021-11-09 13:00:00,1204.0,13.0
2021-11-09 14:00:00,1198.0,13.8
2021-11-09 15:00:00,1219.0,14.5
2021-11-09 16:00:00,1295.0,14.6
2021-11-09 17:00:00,1340.0,14.4
2021-11-09 18:00:00,1408.0,13.3
2021-11-09 19:00:00,1453.0,12.2
2021-11-09 20:00:00,1457.0,11.2
2021-11-09 21:00:00,1395.0,10.6
2021-11-09 22:00:00,1242.0,9.6
2021-11-09 23:00:00,1077.0,8.9
2021-11-10 00:00:00,960.0,8.5
2021-11-10 01:00:00,881.0,7.7
2021-11-10 02:00:00,807.0,7.4
2021-11-10 03:00:00,832.0,6.8
2021-11-10 04:00:00,766.0,6.3
2021-11-10 05:00:00,795.0,6.0
2021-11-10 06:00:00,880.0,5.6
2021-11-10 07:00:00,1178.0,6.9
2021-11-10 08:00:00,1269.0,7.4
2021-11-10 09:00:00,1299.0,8.7
2021-11-10 10:00:00,1297.0,10.8
2021-11-10 11:00:00,1308.0,13.2
2021-11-10 12:00:00,1170.0,15.7
2021-11-10 13:00:00,1108.0,17.3
2021-11-10 14:00:00,1139.0,17.9
2021-11-10 15:00:00,1186.0,19.1
2021-11-10 16:00:00,1184.0,19.0
2021-11-10 17:00:00,1260.0,18.6
2021-11-10 18:00:00,1374.0,16.2
2021-11-10 19:00:00,1506.0,13.0
2021-11-10 20:00:00,1498.0,12.4
2021-11-10 21:00:00,1403.0,12.2
2021-11-10 22:00:00,1257.0,12.0
2021-11-10 23:00:00,1108.0,11.9
2021-11-11 00:00:00,1034.0,11.7
2021-11-11 01:00:00,937.0,11.4
2021-11-11 02:00:00,931.0,11.1
2021-11-11 03:00:00,870.0,11.0
2021-11-11 04:00:00,896.0,10.8
2021-11-11 05:00:00,842.0,10.1
2021-11-11 06:00:00,958.0,9.2
2021-11-11 07:00:00,1196.0,8.7
2021-11-11 08:00:00,1292.0,9.9
2021-11-11 09:00:00,1302.0,11.1
2021-11-11 10:00:00,1336.0,13.0
2021-11-11 11:00:00,1340.0,14.3
2021-11-11 12:00:00,1245.0,16.8
2021-11-11 13:00:00,1261.0,17.3
2021-11-11 14:00:00,1245.0,16.9
2021-11-11 15:00:00,1253.0,16.6
2021-11-11 16:00:00,1338.0,16.5
2021-11-11 17:00:00,1337.0,16.0
2021-11-11 18:00:00,1417.0,15.3
2021-11-11 19:00:00,1460.0,14.9
2021-11-11 20:00:00,1402.0,14.5
2021-11-11 21:00:00,1356.0,13.9
2021-11-11 22:00:00,1210.0,13.6
2021-11-11 23:00:00,1081.0,13.4
2021-11-12 00:00:00,977.0,13.1
2021-11-12 01:00:00,922.0,12.7
2021-11-12 02:00:00,887.0,12.4
2021-11-12 03:00:00,876.0,11.2
2021-11-12 04:00:00,855.0,10.6
2021-11-12 05:00:00,834.0,9.7
2021-11-12 06:00:00,924.0,9.4
2021-11-12 07:00:00,1221.0,9.7
2021-11-12 08:00:00,1246.0,10.3
2021-11-12 09:00:00,1338.0,10.9
2021-11-12 10:00:00,1342.0,12.6
2021-11-12 11:00:00,1353.0,13.7
2021-11-12 12:00:00,1247.0,13.9
2021-11-12 13:00:00,1264.0,14.7
2021-11-12 14:00:00,1237.0,15.1
2021-11-12 15:00:00,1268.0,15.4
2021-11-12 16:00:00,1321.0,15.0
2021-11-12 17:00:00,1389.0,14.9
2021-11-12 18:00:00,1450.0,14.1
2021-11-12 19:00:00,1482.0,13.6
2021-11-12 20:00:00,1433.0,13.1
2021-11-12 21:00:00,1350.0,12.6
2021-11-12 22:00:00,1283.0,12.3
2021-11-12 23:00:00,1151.0,12.1
2021-11-13 00:00:00,1052.0,11.9
2021-11-13 01:00:00,930.0,11.3
2021-11-13 02:00:00,898.0,10.2
2021-11-13 03:00:00,895.0,9.3
2021-11-13 04:00:00,857.0,8.8
2021-11-13 05:00:00,834.0,8.3
2021-11-13 06:00:00,893.0,8.1
2021-11-13 07:00:00,1175.0,7.6
2021-11-13 08:00:00,1308.0,9.5
2021-11-13 09:00:00,1389.0,10.7
2021-11-13 10:00:00,1331.0,12.9
2021-11-13 11:00:00,1310.0,15.4
2021-11-13 12:00:00,1274.0,16.5
2021-11-13 13:00:00,1250.0,17.8
2021-11-13 14:00:00,1184.0,18.9
2021-11-13 15:00:00,1202.0,19.2
2021-11-13 16:00:00,1329.0,18.8
2021-11-13 17:00:00,1362.0,17.8
2021-11-13 18:00:00,1412.0,16.1
2021-11-13 19:00:00,1505.0,14.7
2021-11-13 20:00:00,1423.0,14.0
2021-11-13 21:00:00,1368.0,13.4
2021-11-13 22:00:00,1249.0,12.8
2021-11-13 23:00:00,1154.0,12.2
2021-11-14 00:00:00,1018.0,11.6
2021-11-14 01:00:00,910.0,10.9
2021-11-14 02:00:00,927.0,10.0
2021-11-14 03:00:00,928.0,9.5
2021-11-14 04:00:00,884.0,8.8
2021-11-14 05:00:00,874.0,8.1
2021-11-14 06:00:00,929.0,7.9
2021-11-14 07:00:00,1129.0,7.4
2021-11-14 08:00:00,1345.0,8.5
2021-11-14 09:00:00,1457.0,10.9
2021-11-14 10:00:00,1442.0,13.2
2021-11-14 11:00:00,1367.0,15.5
2021-11-14 12:00:00,1281.0,17.8
2021-11-14 13:00:00,1286.0,19.4
2021-11-14 14:00:00,1193.0,20.4
2021-11-14 15:00:00,1267.0,21.3
2021-11-14 16:00:00,1300.0,21.0
2021-11-14 17:00:00,1443.0,19.3
2021-11-14 18:00:00,1430.0,17.5
2021-11-14 19:00:00,1528.0,16.2
2021-11-14 20:00:00,1496.0,14.8
2021-11-14 21:00:00,1432.0,14.4
2021-11-14 22:00:00,1238.0,14.2
2021-11-14 23:00:00,1138.0,14.0
2021-11-15 00:00:00,1028.0,14.1
2021-11-15 01:00:00,992.0,13.7
2021-11-15 02:00:00,942.0,13.4
2021-11-15 03:00:00,953.0,13.2
2021-11-15 04:00:00,893.0,12.9
2021-11-15 05:00:00,983.0,13.0
2021-11-15 06:00:00,995.0,12.8
2021-11-15 07:00:00,1244.0,12.6
2021-11-15 08:00:00,1329.0,13.4
2021-11-15 09:00:00,1321.0,14.1
2021-11-15 10:00:00,1300.0,15.5
2021-11-15 11:00:00,1269.0,16.3
2021-11-15 12:00:00,1272.0,17.4
2021-11-15 13:00:00,1216.0,18.2
2021-11-15 14:00:00,1186.0,19.1
2021-11-15 15:00:00,1216.0,19.2
2021-11-15 16:00:00,1283.0,18.9
2021-11-15 17:00:00,1367.0,18.4
2021-11-15 18:00:00,1430.0,17.7
2021-11-15 19:00:00,1465.0,17.0
2021-11-15 20:00:00,1420.0,16.4
2021-11-15 21:00:00,1376.0,16.0
2021-11-15 22:00:00,1220.0,15.8
2021-11-15 23:00:00,1115.0,15.6
2021-11-16 00:00:00,1043.0,15.4
2021-11-16 01:00:00,967.0,15.0
2021-11-16 02:00:00,952.0,14.9
2021-11-16 03:00:00,916.0,14.6
2021-11-16 04:00:00,938.0,14.4
2021-11-16 05:00:00,885.0,14.2
2021-11-16 06:00:00,989.0,14.1
2021-11-16 07:00:00,1190.0,13.9
2021-11-16 08:00:00,1283.0,14.0
2021-11-16 09:00:00,1359.0,14.0
2021-11-16 10:00:00,1346.0,13.9
2021-11-16 11:00:00,1348.0,14.2
2021-11-16 12:00:00,1264.0,14.3
2021-11-16 13:00:00,1252.0,14.4
2021-11-16 14:00:00,1251.0,14.3
2021-11-16 15:00:00,1304.0,14.3
2021-11-16 16:00:00,1375.0,14.2
2021-11-16 17:00:00,1422.0,14.2
2021-11-16 18:00:00,1433.0,13.8
2021-11-16 19:00:00,1462.0,13.5
2021-11-16 20:00:00,1415.0,12.9
2021-11-16 21:00:00,1344.0,12.5
2021-11-16 22:00:00,1209.0,12.4
2021-11-16 23:00:00,1059.0,12.2
2021-11-17 00:00:00,961.0,12.2
2021-11-17 01:00:00,876.0,12.0
2021-11-17 02:00:00,858.0,11.9
2021-11-17 03:00:00,865.0,11.9
2021-11-17 04:00:00,849.0,11.6
2021-11-17 05:00:00,777.0,11.4
2021-11-17 06:00:00,888.0,11.5
2021-11-17 07:00:00,1031.0,11.5
2021-11-17 08:00:00,1176.0,11.5
2021-11-17 09:00:00,1309.0,11.6
2021-11-17 10:00:00,1229.0,11.8
2021-11-17 11:00:00,1293.0,12.3
2021-11-17 12:00:00,1191.0,12.6
2021-11-17 13:00:00,1143.0,13.2
2021-11-17 14:00:00,1194.0,13.7
2021-11-17 15:00:00,1231.0,14.2
2021-11-17 16:00:00,1261.0,14.3
2021-11-17 17:00:00,1320.0,14.2
2021-11-17 18:00:00,1337.0,13.7
2021-11-17 19:00:00,1387.0,13.5
2021-11-17 20:00:00,1390.0,13.2
2021-11-17 21:00:00,1354.0,13.0
2021-11-17 22:00:00,1186.0,13.0
2021-11-17 23:00:00,1081.0,13.1
2021-11-18 00:00:00,982.0,13.0
2021-11-18 01:00:00,893.0,12.8
2021-11-18 02:00:00,848.0,12.3
2021-11-18 03:00:00,843.0,12.1
2021-11-18 04:00:00,806.0,12.0
2021-11-18 05:00:00,824.0,12.4
2021-11-18 06:00:00,935.0,12.4
2021-11-18 07:00:00,1132.0,12.3
2021-11-18 08:00:00,1262.0,12.4
2021-11-18 09:00:00,1300.0,13.1
2021-11-18 10:00:00,1332.0,14.2
2021-11-18 11:00:00,1293.0,15.4
2021-11-18 12:00:00,1213.0,17.1
2021-11-18 13:00:00,1174.0,17.7
2021-11-18 14:00:00,1180.0,18.8
2021-11-18 15:00:00,1126.0,19.7
2021-11-18 16:00:00,1188.0,20.2
2021-11-18 17:00:00,1249.0,19.7
2021-11-18 18:00:00,1351.0,17.6
2021-11-18 19:00:00,1369.0,15.1
2021-11-18 20:00:00,1334.0,14.1
2021-11-18 21:00:00,1327.0,13.1
2021-11-18 22:00:00,1201.0,12.6
2021-11-18 23:00:00,1055.0,13.1
2021-11-19 00:00:00,966.0,12.9
2021-11-19 01:00:00,911.0,12.7
2021-11-19 02:00:00,843.0,13.0
2021-11-19 03:00:00,849.0,12.9
2021-11-19 04:00:00,832.0,13.1
2021-11-19 05:00:00,864.0,12.7
2021-11-19 06:00:00,914.0,12.8
2021-11-19 07:00:00,1138.0,12.6
2021-11-19 08:00:00,1289.0,13.1
2021-11-19 09:00:00,1304.0,15.1
2021-11-19 10:00:00,1238.0,15.3
2021-11-19 11:00:00,1314.0,15.4
2021-11-19 12:00:00,1182.0,15.4
2021-11-19 13:00:00,1191.0,15.8
2021-11-19 14:00:00,1196.0,16.0
2021-11-19 15:00:00,1254.0,16.1
2021-11-19 16:00:00,1324.0,16.4
2021-11-19 17:00:00,1345.0,16.2
2021-11-19 18:00:00,1398.0,15.9
2021-11-19 19:00:00,1427.0,15.6
2021-11-19 20:00:00,1393.0,15.5
2021-11-19 21:00:00,1334.0,15.2
2021-11-19 22:00:00,1229.0,15.1
2021-11-19 23:00:00,1150.0,15.1
2021-11-20 00:00:00,1056.0,15.0
2021-11-20 01:00:00,906.0,14.9
2021-11-20 02:00:00,916.0,14.8
2021-11-20 03:00:00,921.0,14.8
2021-11-20 04:00:00,836.0,14.5
2021-11-20 05:00:00,888.0,14.3
2021-11-20 06:00:00,900.0,14.3
2021-11-20 07:00:00,1029.0,14.3
2021-11-20 08:00:00,1224.0,14.3
2021-11-20 09:00:00,1324.0,14.3
2021-11-20 10:00:00,1322.0,14.4
2021-11-20 11:00:00,1270.0,14.6
2021-11-20 12:00:00,1275.0,14.9
2021-11-20 13:00:00,1220.0,15.0
2021-11-20 14:00:00,1221.0,15.2
2021-11-20 15:00:00,1267.0,14.9
2021-11-20 16:00:00,1315.0,14.6
2021-11-20 17:00:00,1368.0,14.2
2021-11-20 18:00:00,1374.0,14.0
2021-11-20 19:00:00,1359.0,13.9
2021-11-20 20:00:00,1315.0,14.0
2021-11-20 21:00:00,1260.0,14.1
2021-11-20 22:00:00,1130.0,13.9
2021-11-20 23:00:00,999.0,13.7
2021-11-21 00:00:00,956.0,13.5
2021-11-21 01:00:00,860.0,13.3
2021-11-21 02:00:00,836.0,13.1
2021-11-21 03:00:00,814.0,13.2
2021-11-21 04:00:00,800.0,13.1
2021-11-21 05:00:00,718.0,13.0
2021-11-21 06:00:00,817.0,13.0
2021-11-21 07:00:00,957.0,13.0
2021-11-21 08:00:00,1105.0,12.9
2021-11-21 09:00:00,1204.0,12.9
2021-11-21 10:00:00,1299.0,12.4
2021-11-21 11:00:00,1302.0,12.5
2021-11-21 12:00:00,1192.0,12.4
2021-11-21 13:00:00,1265.0,12.2
2021-11-21 14:00:00,1182.0,12.1
2021-11-21 15:00:00,1219.0,11.7
2021-11-21 16:00:00,1334.0,11.4
2021-11-21 17:00:00,1361.0,10.5
2021-11-21 18:00:00,1442.0,9.4
2021-11-21 19:00:00,1424.0,9.1
2021-11-21 20:00:00,1374.0,9.1
2021-11-21 21:00:00,1313.0,8.9
2021-11-21 22:00:00,1091.0,8.8
2021-11-21 23:00:00,988.0,8.5
2021-11-22 00:00:00,858.0,8.3
2021-11-22 01:00:00,830.0,8.2
2021-11-22 02:00:00,849.0,8.1
2021-11-22 03:00:00,814.0,8.1
2021-11-22 04:00:00,817.0,8.1
2021-11-22 05:00:00,800.0,8.1
2021-11-22 06:00:00,888.0,8.1
2021-11-22 07:00:00,1100.0,8.1
2021-11-22 08:00:00,1261.0,8.2
2021-11-22 09:00:00,1343.0,8.4
2021-11-22 10:00:00,1350.0,9.5
2021-11-22 11:00:00,1332.0,10.5
2021-11-22 12:00:00,1252.0,12.1
2021-11-22 13:00:00,1238.0,13.0
2021-11-22 14:00:00,1198.0,13.4
2021-11-22 15:00:00,1207.0,14.0
2021-11-22 16:00:00,1306.0,12.8
2021-11-22 17:00:00,1450.0,12.5
2021-11-22 18:00:00,1468.0,11.6
2021-11-22 19:00:00,1514.0,11.1
2021-11-22 20:00:00,1512.0,10.4
2021-11-22 21:00:00,1424.0,10.1
2021-11-22 22:00:00,1302.0,9.5
2021-11-22 23:00:00,1130.0,9.0
2021-11-23 00:00:00,1058.0,8.9
2021-11-23 01:00:00,939.0,8.7
2021-11-23 02:00:00,898.0,8.8
2021-11-23 03:00:00,932.0,8.6
2021-11-23 04:00:00,902.0,8.3
2021-11-23 05:00:00,909.0,8.2
2021-11-23 06:00:00,986.0,8.1
2021-11-23 07:00:00,1178.0,8.0
2021-11-23 08:00:00,1347.0,8.1
2021-11-23 09:00:00,1379.0,8.8
2021-11-23 10:00:00,1371.0,10.1
2021-11-23 11:00:00,1384.0,11.8
2021-11-23 12:00:00,1240.0,13.6
2021-11-23 13:00:00,1158.0,14.8
2021-11-23 14:00:00,1112.0,16.1
2021-11-23 15:00:00,1122.0,16.4
2021-11-23 16:00:00,1244.0,16.0
2021-11-23 17:00:00,1321.0,15.3
2021-11-23 18:00:00,1400.0,13.5
2021-11-23 19:00:00,1522.0,11.4
2021-11-23 20:00:00,1438.0,10.6
2021-11-23 21:00:00,1436.0,9.7
2021-11-23 22:00:00,1289.0,9.4
2021-11-23 23:00:00,1149.0,9.1
2021-11-24 00:00:00,1018.0,8.9
2021-11-24 01:00:00,961.0,8.1
2021-11-24 02:00:00,943.0,7.4
2021-11-24 03:00:00,886.0,7.1
2021-11-24 04:00:00,886.0,7.0
2021-11-24 05:00:00,858.0,6.7
2021-11-24 06:00:00,976.0,6.4
2021-11-24 07:00:00,1212.0,6.3
2021-11-24 08:00:00,1366.0,6.8
2021-11-24 09:00:00,1398.0,7.6
2021-11-24 10:00:00,1385.0,10.2
2021-11-24 11:00:00,1347.0,12.9
2021-11-24 12:00:00,1298.0,15.4
2021-11-24 13:00:00,1191.0,16.9
2021-11-24 14:00:00,1238.0,18.8
2021-11-24 15:00:00,1265.0,18.4
2021-11-24 16:00:00,1322.0,18.4
2021-11-24 17:00:00,1368.0,18.4
2021-11-24 18:00:00,1429.0,15.8
2021-11-24 19:00:00,1511.0,13.6
2021-11-24 20:00:00,1453.0,12.0
2021-11-24 21:00:00,1403.0,10.8
2021-11-24 22:00:00,1296.0,9.7
2021-11-24 23:00:00,1112.0,9.2
2021-11-25 00:00:00,1007.0,8.6
2021-11-25 01:00:00,926.0,8.5
2021-11-25 02:00:00,939.0,7.8
2021-11-25 03:00:00,889.0,7.2
2021-11-25 04:00:00,916.0,8.2
2021-11-25 05:00:00,914.0,6.7
2021-11-25 06:00:00,984.0,6.2
2021-11-25 07:00:00,1234.0,6.1
2021-11-25 08:00:00,1378.0,7.8
2021-11-25 09:00:00,1433.0,9.2
2021-11-25 10:00:00,1369.0,11.5
2021-11-25 11:00:00,1283.0,13.7
2021-11-25 12:00:00,1213.0,16.4
2021-11-25 13:00:00,1187.0,18.0
2021-11-25 14:00:00,1164.0,20.0
2021-11-25 15:00:00,1202.0,20.6
2021-11-25 16:00:00,1224.0,20.8
2021-11-25 17:00:00,1275.0,19.7
2021-11-25 18:00:00,1402.0,17.0
2021-11-25 19:00:00,1478.0,14.5
2021-11-25 20:00:00,1457.0,12.9
2021-11-25 21:00:00,1442.0,11.7
2021-11-25 22:00:00,1264.0,10.6
2021-11-25 23:00:00,1162.0,9.9
2021-11-26 00:00:00,1031.0,9.3
2021-11-26 01:00:00,922.0,8.9
2021-11-26 02:00:00,925.0,8.1
2021-11-26 03:00:00,911.0,7.6
2021-11-26 04:00:00,941.0,7.2
2021-11-26 05:00:00,928.0,6.9
2021-11-26 06:00:00,1054.0,6.6
2021-11-26 07:00:00,1294.0,6.1
2021-11-26 08:00:00,1395.0,6.6
2021-11-26 09:00:00,1446.0,9.8
2021-11-26 10:00:00,1390.0,12.3
2021-11-26 11:00:00,1340.0,14.5
2021-11-26 12:00:00,1192.0,16.8
2021-11-26 13:00:00,1199.0,19.1
2021-11-26 14:00:00,1174.0,20.3
2021-11-26 15:00:00,1232.0,20.6
2021-11-26 16:00:00,1277.0,20.5
2021-11-26 17:00:00,1354.0,19.6
2021-11-26 18:00:00,1411.0,17.4
2021-11-26 19:00:00,1439.0,15.0
2021-11-26 20:00:00,1486.0,13.0
2021-11-26 21:00:00,1405.0,11.6
2021-11-26 22:00:00,1297.0,10.9
2021-11-26 23:00:00,1157.0,10.5
2021-11-27 00:00:00,1098.0,10.5
2021-11-27 01:00:00,1003.0,9.4
2021-11-27 02:00:00,974.0,8.8
2021-11-27 03:00:00,935.0,8.5
2021-11-27 04:00:00,900.0,7.8
2021-11-27 05:00:00,863.0,7.7
2021-11-27 06:00:00,962.0,7.7
2021-11-27 07:00:00,1141.0,7.5
2021-11-27 08:00:00,1365.0,7.5
2021-11-27 09:00:00,1370.0,10.0
2021-11-27 10:00:00,1359.0,12.2
2021-11-27 11:00:00,1270.0,14.3
2021-11-27 12:00:00,1197.0,16.7
2021-11-27 13:00:00,1198.0,18.3
2021-11-27 14:00:00,1208.0,18.7
2021-11-27 15:00:00,1239.0,19.0
2021-11-27 16:00:00,1311.0,18.9
2021-11-27 17:00:00,1323.0,18.0
2021-11-27 18:00:00,1395.0,16.2
2021-11-27 19:00:00,1445.0,14.3
2021-11-27 20:00:00,1381.0,12.9
2021-11-27 21:00:00,1324.0,12.6
2021-11-27 22:00:00,1215.0,11.7
2021-11-27 23:00:00,1109.0,11.6
2021-11-28 00:00:00,1036.0,11.4
2021-11-28 01:00:00,961.0,11.2
2021-11-28 02:00:00,907.0,10.1
2021-11-28 03:00:00,890.0,9.9
2021-11-28 04:00:00,901.0,9.5
2021-11-28 05:00:00,891.0,9.8
2021-11-28 06:00:00,934.0,9.9
2021-11-28 07:00:00,1061.0,9.7
2021-11-28 08:00:00,1319.0,9.8
2021-11-28 09:00:00,1419.0,10.0
2021-11-28 10:00:00,1407.0,12.5
2021-11-28 11:00:00,1398.0,13.7
2021-11-28 12:00:00,1359.0,13.9
2021-11-28 13:00:00,1331.0,13.8
2021-11-28 14:00:00,1296.0,13.9
2021-11-28 15:00:00,1363.0,14.0
2021-11-28 16:00:00,1408.0,14.1
2021-11-28 17:00:00,1435.0,13.7
2021-11-28 18:00:00,1473.0,13.0
2021-11-28 19:00:00,1561.0,11.9
2021-11-28 20:00:00,1549.0,10.7
2021-11-28 21:00:00,1423.0,9.8
2021-11-28 22:00:00,1273.0,9.1
2021-11-28 23:00:00,1172.0,8.6
2021-11-29 00:00:00,1088.0,8.4
2021-11-29 01:00:00,907.0,8.7
2021-11-29 02:00:00,934.0,8.7
2021-11-29 03:00:00,938.0,8.7
2021-11-29 04:00:00,963.0,8.7
2021-11-29 05:00:00,905.0,9.0
2021-11-29 06:00:00,1002.0,8.9
2021-11-29 07:00:00,1200.0,9.4
2021-11-29 08:00:00,1341.0,9.3
2021-11-29 09:00:00,1368.0,9.5
2021-11-29 10:00:00,1471.0,9.7
2021-11-29 11:00:00,1410.0,10.4
2021-11-29 12:00:00,1402.0,10.9
2021-11-29 13:00:00,1344.0,11.8
2021-11-29 14:00:00,1332.0,12.5
2021-11-29 15:00:00,1340.0,13.0
2021-11-29 16:00:00,1386.0,13.0
2021-11-29 17:00:00,1453.0,12.5
2021-11-29 18:00:00,1527.0,12.1
2021-11-29 19:00:00,1561.0,11.2
2021-11-29 20:00:00,1501.0,10.8
2021-11-29 21:00:00,1422.0,10.7
2021-11-29 22:00:00,1295.0,10.5
2021-11-29 23:00:00,1173.0,10.3
2021-11-30 00:00:00,1070.0,10.2
2021-11-30 01:00:00,976.0,9.7
2021-11-30 02:00:00,938.0,9.3
2021-11-30 03:00:00,933.0,9.4
2021-11-30 04:00:00,938.0,9.4
2021-11-30 05:00:00,893.0,8.7
2021-11-30 06:00:00,981.0,8.1
2021-11-30 07:00:00,1239.0,8.0
2021-11-30 08:00:00,1400.0,8.1
2021-11-30 09:00:00,1457.0,8.2
2021-11-30 10:00:00,1450.0,8.3
2021-11-30 11:00:00,1411.0,10.3
2021-11-30 12:00:00,1232.0,12.6
2021-11-30 13:00:00,1228.0,14.6
2021-11-30 14:00:00,1243.0,15.2
2021-11-30 15:00:00,1248.0,15.6
2021-11-30 16:00:00,1268.0,15.1
2021-11-30 17:00:00,1330.0,14.7
2021-11-30 18:00:00,1403.0,12.9
2021-11-30 19:00:00,1516.0,11.1
2021-11-30 20:00:00,1504.0,9.7
2021-11-30 21:00:00,1446.0,8.8
2021-11-30 22:00:00,1317.0,7.8
2021-11-30 23:00:00,1186.0,7.3
2021-12-01 00:00:00,1051.0,6.9
2021-12-01 01:00:00,948.0,6.3
2021-12-01 02:00:00,953.0,5.9
2021-12-01 03:00:00,920.0,5.6
2021-12-01 04:00:00,944.0,5.2
2021-12-01 05:00:00,927.0,5.1
2021-12-01 06:00:00,994.0,4.8
2021-12-01 07:00:00,1186.0,4.5
2021-12-01 08:00:00,1409.0,4.9
2021-12-01 09:00:00,1451.0,7.1
2021-12-01 10:00:00,1424.0,9.3
2021-12-01 11:00:00,1414.0,11.5
2021-12-01 12:00:00,1243.0,12.8
2021-12-01 13:00:00,1248.0,14.2
2021-12-01 14:00:00,1211.0,15.0
2021-12-01 15:00:00,1251.0,15.1
2021-12-01 16:00:00,1316.0,14.4
2021-12-01 17:00:00,1415.0,13.5
2021-12-01 18:00:00,1497.0,12.4
2021-12-01 19:00:00,1554.0,10.7
2021-12-01 20:00:00,1533.0,8.8
2021-12-01 21:00:00,1511.0,8.1
2021-12-01 22:00:00,1321.0,7.1
2021-12-01 23:00:00,1200.0,6.4
2021-12-02 00:00:00,1107.0,5.9
2021-12-02 01:00:00,1022.0,5.4
2021-12-02 02:00:00,987.0,4.8
2021-12-02 03:00:00,999.0,4.5
2021-12-02 04:00:00,960.0,4.1
2021-12-02 05:00:00,949.0,3.8
2021-12-02 06:00:00,1076.0,3.5
2021-12-02 07:00:00,1269.0,3.2
2021-12-02 08:00:00,1467.0,3.8
2021-12-02 09:00:00,1538.0,6.2
2021-12-02 10:00:00,1452.0,8.2
2021-12-02 11:00:00,1424.0,10.4
2021-12-02 12:00:00,1280.0,12.5
2021-12-02 13:00:00,1288.0,14.6
2021-12-02 14:00:00,1238.0,15.5
2021-12-02 15:00:00,1301.0,16.6
2021-12-02 16:00:00,1343.0,16.9
2021-12-02 17:00:00,1447.0,16.7
2021-12-02 18:00:00,1431.0,13.9
2021-12-02 19:00:00,1553.0,11.1
2021-12-02 20:00:00,1551.0,9.7
2021-12-02 21:00:00,1498.0,9.7
2021-12-02 22:00:00,1360.0,8.4
2021-12-02 23:00:00,1225.0,7.1
2021-12-03 00:00:00,1132.0,6.4
2021-12-03 01:00:00,1029.0,6.1
2021-12-03 02:00:00,1016.0,5.4
2021-12-03 03:00:00,1068.0,5.2
2021-12-03 04:00:00,1068.0,4.8
2021-12-03 05:00:00,1011.0,4.5
2021-12-03 06:00:00,1077.0,4.3
2021-12-03 07:00:00,1345.0,4.2
2021-12-03 08:00:00,1549.0,4.3
2021-12-03 09:00:00,1578.0,7.4
2021-12-03 10:00:00,1490.0,9.4
2021-12-03 11:00:00,1467.0,11.9
2021-12-03 12:00:00,1307.0,14.5
2021-12-03 13:00:00,1278.0,16.7
2021-12-03 14:00:00,1257.0,17.6
2021-12-03 15:00:00,1298.0,18.6
2021-12-03 16:00:00,1398.0,18.5
2021-12-03 17:00:00,1445.0,17.5
2021-12-03 18:00:00,1471.0,15.3
2021-12-03 19:00:00,1590.0,13.3
2021-12-03 20:00:00,1534.0,11.8
2021-12-03 21:00:00,1472.0,10.4
2021-12-03 22:00:00,1316.0,9.5
2021-12-03 23:00:00,1224.0,8.7
2021-12-04 00:00:00,1150.0,8.1
2021-12-04 01:00:00,1074.0,7.4
2021-12-04 02:00:00,1033.0,6.6
2021-12-04 03:00:00,964.0,6.3
2021-12-04 04:00:00,936.0,5.8
2021-12-04 05:00:00,956.0,5.3
2021-12-04 06:00:00,1053.0,5.2
2021-12-04 07:00:00,1167.0,4.9
2021-12-04 08:00:00,1454.0,5.2
2021-12-04 09:00:00,1562.0,8.1
2021-12-04 10:00:00,1534.0,11.3
2021-12-04 11:00:00,1475.0,13.5
2021-12-04 12:00:00,1345.0,15.2
2021-12-04 13:00:00,1303.0,17.0
2021-12-04 14:00:00,1297.0,18.5
2021-12-04 15:00:00,1350.0,18.4
2021-12-04 16:00:00,1395.0,18.5
2021-12-04 17:00:00,1449.0,17.9
2021-12-04 18:00:00,1540.0,16.2
2021-12-04 19:00:00,1557.0,14.9
2021-12-04 20:00:00,1539.0,13.8
2021-12-04 21:00:00,1453.0,12.3
2021-12-04 22:00:00,1339.0,11.6
2021-12-04 23:00:00,1268.0,11.0
2021-12-05 00:00:00,1174.0,10.0
2021-12-05 01:00:00,1083.0,8.8
2021-12-05 02:00:00,990.0,8.3
2021-12-05 03:00:00,1018.0,7.3
2021-12-05 04:00:00,991.0,6.8
2021-12-05 05:00:00,908.0,6.2
2021-12-05 06:00:00,1034.0,5.9
2021-12-05 07:00:00,1168.0,5.8
2021-12-05 08:00:00,1457.0,6.4
2021-12-05 09:00:00,1563.0,8.6
2021-12-05 10:00:00,1537.0,10.5
2021-12-05 11:00:00,1468.0,13.2
2021-12-05 12:00:00,1371.0,15.8
2021-12-05 13:00:00,1315.0,18.0
2021-12-05 14:00:00,1283.0,19.2
2021-12-05 15:00:00,1387.0,20.0
2021-12-05 16:00:00,1435.0,20.3
2021-12-05 17:00:00,1505.0,19.6
2021-12-05 18:00:00,1581.0,16.4
2021-12-05 19:00:00,1628.0,13.7
2021-12-05 20:00:00,1619.0,11.9
2021-12-05 21:00:00,1499.0,10.6
2021-12-05 22:00:00,1326.0,9.5
2021-12-05 23:00:00,1203.0,9.0
2021-12-06 00:00:00,1139.0,8.0
2021-12-06 01:00:00,1006.0,7.6
2021-12-06 02:00:00,985.0,7.0
2021-12-06 03:00:00,960.0,6.7
2021-12-06 04:00:00,958.0,6.1
2021-12-06 05:00:00,967.0,5.9
2021-12-06 06:00:00,1046.0,5.5
2021-12-06 07:00:00,1313.0,5.4
2021-12-06 08:00:00,1490.0,5.7
2021-12-06 09:00:00,1552.0,8.1
2021-12-06 10:00:00,1477.0,10.4
2021-12-06 11:00:00,1445.0,12.6
2021-12-06 12:00:00,1320.0,15.1
2021-12-06 13:00:00,1294.0,17.1
2021-12-06 14:00:00,1259.0,18.7
2021-12-06 15:00:00,1316.0,19.5
2021-12-06 16:00:00,1400.0,19.7
2021-12-06 17:00:00,1425.0,19.2
2021-12-06 18:00:00,1529.0,16.7
2021-12-06 19:00:00,1548.0,13.8
2021-12-06 20:00:00,1549.0,12.1
2021-12-06 21:00:00,1434.0,10.8
2021-12-06 22:00:00,1317.0,9.8
2021-12-06 23:00:00,1222.0,9.2
2021-12-07 00:00:00,1113.0,8.3
2021-12-07 01:00:00,1018.0,8.9
2021-12-07 02:00:00,1008.0,8.7
2021-12-07 03:00:00,957.0,8.3
2021-12-07 04:00:00,979.0,7.8
2021-12-07 05:00:00,946.0,7.4
2021-12-07 06:00:00,1031.0,6.9
2021-12-07 07:00:00,1305.0,6.2
2021-12-07 08:00:00,1478.0,6.3
2021-12-07 09:00:00,1534.0,8.5
2021-12-07 10:00:00,1510.0,10.9
2021-12-07 11:00:00,1443.0,13.4
2021-12-07 12:00:00,1209.0,14.8
2021-12-07 13:00:00,1326.0,15.6
2021-12-07 14:00:00,1283.0,16.3
2021-12-07 15:00:00,1350.0,16.4
2021-12-07 16:00:00,1437.0,16.0
2021-12-07 17:00:00,1501.0,15.3
2021-12-07 18:00:00,1506.0,13.6
2021-12-07 19:00:00,1620.0,13.4
2021-12-07 20:00:00,1539.0,12.8
2021-12-07 21:00:00,1494.0,12.2
2021-12-07 22:00:00,1344.0,12.0
2021-12-07 23:00:00,1260.0,12.0
2021-12-08 00:00:00,1130.0,11.5
2021-12-08 01:00:00,1026.0,11.1
2021-12-08 02:00:00,1008.0,10.9
2021-12-08 03:00:00,1031.0,10.5
2021-12-08 04:00:00,1052.0,10.3
2021-12-08 05:00:00,1039.0,10.0
2021-12-08 06:00:00,1109.0,9.7
2021-12-08 07:00:00,1310.0,9.6
2021-12-08 08:00:00,1456.0,9.7
2021-12-08 09:00:00,1584.0,10.0
2021-12-08 10:00:00,1607.0,10.4
2021-12-08 11:00:00,1516.0,10.9
2021-12-08 12:00:00,1444.0,10.9
2021-12-08 13:00:00,1435.0,10.7
2021-12-08 14:00:00,1409.0,10.8
2021-12-08 15:00:00,1492.0,10.8
2021-12-08 16:00:00,1533.0,10.8
2021-12-08 17:00:00,1613.0,10.4
2021-12-08 18:00:00,1652.0,10.3
2021-12-08 19:00:00,1619.0,10.0
2021-12-08 20:00:00,1591.0,10.0
2021-12-08 21:00:00,1473.0,9.9
2021-12-08 22:00:00,1372.0,9.8
2021-12-08 23:00:00,1240.0,9.7
2021-12-09 00:00:00,1127.0,9.6
2021-12-09 01:00:00,1053.0,9.5
2021-12-09 02:00:00,1022.0,9.2
2021-12-09 03:00:00,1014.0,9.3
2021-12-09 04:00:00,1025.0,9.4
2021-12-09 05:00:00,1025.0,9.3
2021-12-09 06:00:00,1067.0,8.9
2021-12-09 07:00:00,1324.0,8.0
2021-12-09 08:00:00,1462.0,7.6
2021-12-09 09:00:00,1579.0,8.9
2021-12-09 10:00:00,1481.0,11.1
2021-12-09 11:00:00,1443.0,13.0
2021-12-09 12:00:00,1314.0,14.6
2021-12-09 13:00:00,1349.0,15.5
2021-12-09 14:00:00,1280.0,16.3
2021-12-09 15:00:00,1359.0,16.3
2021-12-09 16:00:00,1408.0,17.0
2021-12-09 17:00:00,1472.0,16.7
2021-12-09 18:00:00,1547.0,14.4
2021-12-09 19:00:00,1543.0,13.5
2021-12-09 20:00:00,1496.0,12.8
2021-12-09 21:00:00,1481.0,12.1
2021-12-09 22:00:00,1345.0,11.0
2021-12-09 23:00:00,1254.0,9.9
2021-12-10 00:00:00,1149.0,9.2
2021-12-10 01:00:00,1052.0,8.6
2021-12-10 02:00:00,1002.0,8.6
2021-12-10 03:00:00,1027.0,8.8
2021-12-10 04:00:00,991.0,9.2
2021-12-10 05:00:00,992.0,9.5
2021-12-10 06:00:00,1102.0,9.7
2021-12-10 07:00:00,1287.0,9.9
2021-12-10 08:00:00,1436.0,10.1
2021-12-10 09:00:00,1536.0,10.7
2021-12-10 10:00:00,1514.0,11.1
2021-12-10 11:00:00,1449.0,12.3
2021-12-10 12:00:00,1304.0,13.1
2021-12-10 13:00:00,1243.0,14.0
2021-12-10 14:00:00,1284.0,14.8
2021-12-10 15:00:00,1356.0,15.2
2021-12-10 16:00:00,1354.0,15.2
2021-12-10 17:00:00,1474.0,14.7
2021-12-10 18:00:00,1521.0,14.0
2021-12-10 19:00:00,1537.0,13.5
2021-12-10 20:00:00,1476.0,13.2
2021-12-10 21:00:00,1473.0,13.1
2021-12-10 22:00:00,1313.0,12.9
2021-12-10 23:00:00,1257.0,12.7
2021-12-11 00:00:00,1135.0,12.6
2021-12-11 01:00:00,1056.0,12.5
2021-12-11 02:00:00,999.0,12.3
2021-12-11 03:00:00,986.0,11.8
2021-12-11 04:00:00,954.0,11.4
2021-12-11 05:00:00,954.0,11.2
2021-12-11 06:00:00,982.0,11.1
2021-12-11 07:00:00,1154.0,10.9
2021-12-11 08:00:00,1408.0,10.8
2021-12-11 09:00:00,1516.0,10.9
2021-12-11 10:00:00,1526.0,11.0
2021-12-11 11:00:00,1532.0,11.0
2021-12-11 12:00:00,1454.0,11.0
2021-12-11 13:00:00,1470.0,10.9
2021-12-11 14:00:00,1506.0,10.7
2021-12-11 15:00:00,1487.0,10.4
2021-12-11 16:00:00,1572.0,9.7
2021-12-11 17:00:00,1617.0,9.4
2021-12-11 18:00:00,1567.0,9.4
2021-12-11 19:00:00,1535.0,9.5
2021-12-11 20:00:00,1490.0,9.5
2021-12-11 21:00:00,1419.0,9.3
2021-12-11 22:00:00,1309.0,9.2
2021-12-11 23:00:00,1252.0,9.2
2021-12-12 00:00:00,1181.0,8.9
2021-12-12 01:00:00,1063.0,8.7
2021-12-12 02:00:00,1021.0,8.6
2021-12-12 03:00:00,982.0,8.8
2021-12-12 04:00:00,1004.0,8.6
2021-12-12 05:00:00,997.0,8.5
2021-12-12 06:00:00,994.0,8.5
2021-12-12 07:00:00,1103.0,8.2
2021-12-12 08:00:00,1363.0,8.3
2021-12-12 09:00:00,1593.0,8.4
2021-12-12 10:00:00,1641.0,8.5
2021-12-12 11:00:00,1564.0,8.6
2021-12-12 12:00:00,1489.0,8.8
2021-12-12 13:00:00,1503.0,9.4
2021-12-12 14:00:00,1483.0,10.8
2021-12-12 15:00:00,1534.0,11.0
2021-12-12 16:00:00,1587.0,11.0
2021-12-12 17:00:00,1676.0,10.6
2021-12-12 18:00:00,1599.0,10.1
2021-12-12 19:00:00,1633.0,9.3
2021-12-12 20:00:00,1647.0,8.1
2021-12-12 21:00:00,1511.0,7.4
2021-12-12 22:00:00,1360.0,6.7
2021-12-12 23:00:00,1257.0,6.1
2021-12-13 00:00:00,1147.0,5.9
2021-12-13 01:00:00,1068.0,5.3
2021-12-13 02:00:00,1036.0,5.2
2021-12-13 03:00:00,988.0,5.2
2021-12-13 04:00:00,1027.0,5.5
2021-12-13 05:00:00,1014.0,5.3
2021-12-13 06:00:00,1115.0,5.2
2021-12-13 07:00:00,1290.0,4.7
2021-12-13 08:00:00,1498.0,4.6
2021-12-13 09:00:00,1632.0,5.1
2021-12-13 10:00:00,1557.0,6.0
2021-12-13 11:00:00,1491.0,7.3
2021-12-13 12:00:00,1393.0,8.7
2021-12-13 13:00:00,1347.0,10.4
2021-12-13 14:00:00,1376.0,12.2
2021-12-13 15:00:00,1416.0,11.7
2021-12-13 16:00:00,1448.0,11.6
2021-12-13 17:00:00,1534.0,11.1
2021-12-13 18:00:00,1564.0,10.3
2021-12-13 19:00:00,1574.0,10.0
2021-12-13 20:00:00,1550.0,9.8
2021-12-13 21:00:00,1460.0,9.7
2021-12-13 22:00:00,1375.0,9.5
2021-12-13 23:00:00,1296.0,9.4
2021-12-14 00:00:00,1146.0,9.4
2021-12-14 01:00:00,1059.0,9.3
2021-12-14 02:00:00,1030.0,9.2
2021-12-14 03:00:00,979.0,9.1
2021-12-14 04:00:00,974.0,9.0
2021-12-14 05:00:00,977.0,8.9
2021-12-14 06:00:00,1049.0,8.7
2021-12-14 07:00:00,1291.0,8.8
2021-12-14 08:00:00,1483.0,8.8
2021-12-14 09:00:00,1562.0,9.0
2021-12-14 10:00:00,1489.0,9.3
2021-12-14 11:00:00,1405.0,9.8
2021-12-14 12:00:00,1370.0,10.4
2021-12-14 13:00:00,1388.0,11.1
2021-12-14 14:00:00,1353.0,11.5
2021-12-14 15:00:00,1346.0,11.9
2021-12-14 16:00:00,1423.0,11.9
2021-12-14 17:00:00,1456.0,11.8
2021-12-14 18:00:00,1518.0,11.6
2021-12-14 19:00:00,1598.0,11.3
2021-12-14 20:00:00,1560.0,11.1
2021-12-14 21:00:00,1429.0,10.9
2021-12-14 22:00:00,1351.0,10.8
2021-12-14 23:00:00,1206.0,10.7
2021-12-15 00:00:00,1094.0,10.6
2021-12-15 01:00:00,1001.0,10.4
2021-12-15 02:00:00,961.0,10.4
2021-12-15 03:00:00,923.0,10.2
2021-12-15 04:00:00,924.0,10.2
2021-12-15 05:00:00,892.0,10.2
2021-12-15 06:00:00,992.0,10.2
2021-12-15 07:00:00,1160.0,10.1
2021-12-15 08:00:00,1384.0,10.1
2021-12-15 09:00:00,1488.0,10.2
2021-12-15 10:00:00,1535.0,10.5
2021-12-15 11:00:00,1431.0,10.6
2021-12-15 12:00:00,1397.0,10.9
2021-12-15 13:00:00,1412.0,11.0
2021-12-15 14:00:00,1377.0,11.0
2021-12-15 15:00:00,1450.0,11.1
2021-12-15 16:00:00,1408.0,11.8
2021-12-15 17:00:00,1562.0,11.8
2021-12-15 18:00:00,1516.0,11.4
2021-12-15 19:00:00,1532.0,11.2
2021-12-15 20:00:00,1519.0,11.1
2021-12-15 21:00:00,1472.0,11.0
2021-12-15 22:00:00,1294.0,11.0
2021-12-15 23:00:00,1189.0,11.0
2021-12-16 00:00:00,1101.0,10.9
2021-12-16 01:00:00,1008.0,10.9
2021-12-16 02:00:00,1010.0,10.7
2021-12-16 03:00:00,964.0,10.7
2021-12-16 04:00:00,1005.0,10.7
2021-12-16 05:00:00,993.0,10.6
2021-12-16 06:00:00,1034.0,10.5
2021-12-16 07:00:00,1225.0,10.4
2021-12-16 08:00:00,1411.0,10.5
2021-12-16 09:00:00,1485.0,10.6
2021-12-16 10:00:00,1539.0,10.8
2021-12-16 11:00:00,1498.0,10.8
2021-12-16 12:00:00,1421.0,11.0
2021-12-16 13:00:00,1428.0,10.8
2021-12-16 14:00:00,1390.0,10.3
2021-12-16 15:00:00,1514.0,10.1
2021-12-16 16:00:00,1477.0,9.9
2021-12-16 17:00:00,1576.0,9.8
2021-12-16 18:00:00,1517.0,9.5
2021-12-16 19:00:00,1548.0,9.3
2021-12-16 20:00:00,1535.0,9.2
2021-12-16 21:00:00,1414.0,9.1
2021-12-16 22:00:00,1314.0,8.8
2021-12-16 23:00:00,1214.0,8.8
2021-12-17 00:00:00,1113.0,8.8
2021-12-17 01:00:00,1003.0,8.8
2021-12-17 02:00:00,1002.0,8.7
2021-12-17 03:00:00,990.0,8.5
2021-12-17 04:00:00,974.0,8.4
2021-12-17 05:00:00,986.0,8.5
2021-12-17 06:00:00,1067.0,8.4
2021-12-17 07:00:00,1266.0,8.3
2021-12-17 08:00:00,1476.0,8.4
2021-12-17 09:00:00,1529.0,8.5
2021-12-17 10:00:00,1563.0,9.6
2021-12-17 11:00:00,1489.0,11.1
2021-12-17 12:00:00,1442.0,11.7
2021-12-17 13:00:00,1346.0,12.9
2021-12-17 14:00:00,1354.0,12.8
2021-12-17 15:00:00,1418.0,13.1
2021-12-17 16:00:00,1450.0,13.0
2021-12-17 17:00:00,1510.0,11.7
2021-12-17 18:00:00,1554.0,10.6
2021-12-17 19:00:00,1581.0,9.5
2021-12-17 20:00:00,1552.0,8.8
2021-12-17 21:00:00,1477.0,8.8
2021-12-17 22:00:00,1393.0,8.3
2021-12-17 23:00:00,1284.0,8.5
2021-12-18 00:00:00,1188.0,8.3
2021-12-18 01:00:00,1058.0,8.0
2021-12-18 02:00:00,1017.0,7.5
2021-12-18 03:00:00,1019.0,7.4
2021-12-18 04:00:00,990.0,7.1
2021-12-18 05:00:00,996.0,6.4
2021-12-18 06:00:00,1027.0,6.0
2021-12-18 07:00:00,1151.0,5.6
2021-12-18 08:00:00,1410.0,5.5
2021-12-18 09:00:00,1585.0,6.3
2021-12-18 10:00:00,1596.0,7.6
2021-12-18 11:00:00,1559.0,8.8
2021-12-18 12:00:00,1477.0,9.3
2021-12-18 13:00:00,1422.0,9.9
2021-12-18 14:00:00,1460.0,10.7
2021-12-18 15:00:00,1508.0,10.7
2021-12-18 16:00:00,1540.0,10.7
2021-12-18 17:00:00,1651.0,10.2
2021-12-18 18:00:00,1681.0,9.4
2021-12-18 19:00:00,1692.0,8.9
2021-12-18 20:00:00,1585.0,8.4
2021-12-18 21:00:00,1527.0,8.3
2021-12-18 22:00:00,1448.0,8.1
2021-12-18 23:00:00,1311.0,8.0
2021-12-19 00:00:00,1200.0,7.6
2021-12-19 01:00:00,1067.0,7.4
2021-12-19 02:00:00,1020.0,7.3
2021-12-19 03:00:00,1000.0,6.9
2021-12-19 04:00:00,1032.0,6.5
2021-12-19 05:00:00,993.0,6.2
2021-12-19 06:00:00,1024.0,5.7
2021-12-19 07:00:00,1142.0,4.6
2021-12-19 08:00:00,1464.0,4.4
2021-12-19 09:00:00,1575.0,6.6
2021-12-19 10:00:00,1568.0,9.0
2021-12-19 11:00:00,1494.0,10.9
2021-12-19 12:00:00,1350.0,12.5
2021-12-19 13:00:00,1333.0,13.7
2021-12-19 14:00:00,1292.0,14.7
2021-12-19 15:00:00,1386.0,15.4
2021-12-19 16:00:00,1430.0,15.9
2021-12-19 17:00:00,1464.0,15.3
2021-12-19 18:00:00,1526.0,13.0
2021-12-19 19:00:00,1567.0,10.6
2021-12-19 20:00:00,1615.0,9.0
2021-12-19 21:00:00,1531.0,7.9
2021-12-19 22:00:00,1385.0,7.0
2021-12-19 23:00:00,1287.0,6.3
2021-12-20 00:00:00,1160.0,5.7
2021-12-20 01:00:00,1063.0,5.1
2021-12-20 02:00:00,1025.0,4.8
2021-12-20 03:00:00,972.0,4.2
2021-12-20 04:00:00,989.0,3.9
2021-12-20 05:00:00,1022.0,3.5
2021-12-20 06:00:00,1069.0,3.2
2021-12-20 07:00:00,1299.0,2.9
2021-12-20 08:00:00,1555.0,4.4
2021-12-20 09:00:00,1651.0,4.8
2021-12-20 10:00:00,1598.0,6.7
2021-12-20 11:00:00,1566.0,8.45
2021-12-20 12:00:00,1436.0,10.2
2021-12-20 13:00:00,1397.0,12.0
2021-12-20 14:00:00,1413.0,12.7
2021-12-20 15:00:00,1424.0,13.2
2021-12-20 16:00:00,1533.0,14.0
2021-12-20 17:00:00,1573.0,13.6
2021-12-20 18:00:00,1554.0,13.2
2021-12-20 19:00:00,1583.0,12.4
2021-12-20 20:00:00,1563.0,11.7
2021-12-20 21:00:00,1476.0,10.3
2021-12-20 22:00:00,1363.0,8.3
2021-12-20 23:00:00,1228.0,7.9
2021-12-21 00:00:00,1145.0,6.7
2021-12-21 01:00:00,1032.0,6.1
2021-12-21 02:00:00,1029.0,5.7
2021-12-21 03:00:00,1019.0,5.2
2021-12-21 04:00:00,994.0,4.8
2021-12-21 05:00:00,996.0,4.7
2021-12-21 06:00:00,1056.0,4.5
2021-12-21 07:00:00,1329.0,4.0
2021-12-21 08:00:00,1542.0,4.1
2021-12-21 09:00:00,1614.0,6.7
2021-12-21 10:00:00,1582.0,8.9
2021-12-21 11:00:00,1486.0,11.4
2021-12-21 12:00:00,1336.0,14.2
2021-12-21 13:00:00,1339.0,15.6
2021-12-21 14:00:00,1287.0,16.8
2021-12-21 15:00:00,1376.0,17.7
2021-12-21 16:00:00,1428.0,17.7
2021-12-21 17:00:00,1509.0,17.4
2021-12-21 18:00:00,1536.0,15.0
2021-12-21 19:00:00,1608.0,12.2
2021-12-21 20:00:00,1595.0,10.9
2021-12-21 21:00:00,1518.0,9.4
2021-12-21 22:00:00,1436.0,8.5
2021-12-21 23:00:00,1293.0,7.7
2021-12-22 00:00:00,1158.0,7.3
2021-12-22 01:00:00,1051.0,6.6
2021-12-22 02:00:00,1042.0,6.1
2021-12-22 03:00:00,984.0,5.8
2021-12-22 04:00:00,1011.0,5.2
2021-12-22 05:00:00,1030.0,4.8
2021-12-22 06:00:00,1119.0,4.5
2021-12-22 07:00:00,1331.0,4.3
2021-12-22 08:00:00,1508.0,4.1
2021-12-22 09:00:00,1626.0,6.5
2021-12-22 10:00:00,1602.0,8.8
2021-12-22 11:00:00,1480.0,10.8
2021-12-22 12:00:00,1326.0,13.9
2021-12-22 13:00:00,1307.0,16.0
2021-12-22 14:00:00,1270.0,17.5
2021-12-22 15:00:00,1337.0,18.6
2021-12-22 16:00:00,1369.0,18.9
2021-12-22 17:00:00,1472.0,17.8
2021-12-22 18:00:00,1563.0,15.9
2021-12-22 19:00:00,1589.0,13.3
2021-12-22 20:00:00,1551.0,11.2
2021-12-22 21:00:00,1518.0,9.9
2021-12-22 22:00:00,1361.0,9.0
2021-12-22 23:00:00,1239.0,8.2
2021-12-23 00:00:00,1162.0,7.7
2021-12-23 01:00:00,1076.0,6.9
2021-12-23 02:00:00,1042.0,6.4
2021-12-23 03:00:00,976.0,6.4
2021-12-23 04:00:00,1015.0,5.7
2021-12-23 05:00:00,1004.0,5.5
2021-12-23 06:00:00,1103.0,5.2
2021-12-23 07:00:00,1328.0,4.9
2021-12-23 08:00:00,1523.0,4.8
2021-12-23 09:00:00,1627.0,6.2
2021-12-23 10:00:00,1564.0,8.5
2021-12-23 11:00:00,1472.0,11.5
2021-12-23 12:00:00,1360.0,13.6
2021-12-23 13:00:00,1298.0,15.4
2021-12-23 14:00:00,1286.0,17.2
2021-12-23 15:00:00,1389.0,18.4
2021-12-23 16:00:00,1408.0,18.2
2021-12-23 17:00:00,1497.0,17.5
2021-12-23 18:00:00,1477.0,15.7
2021-12-23 19:00:00,1615.0,13.8
2021-12-23 20:00:00,1527.0,12.1
2021-12-23 21:00:00,1480.0,11.0
2021-12-23 22:00:00,1387.0,10.7
2021-12-23 23:00:00,1265.0,10.5
2021-12-24 00:00:00,1172.0,10.8
2021-12-24 01:00:00,1077.0,11.0
2021-12-24 02:00:00,1015.0,11.0
2021-12-24 03:00:00,1016.0,11.3
2021-12-24 04:00:00,969.0,11.5
2021-12-24 05:00:00,990.0,11.2
2021-12-24 06:00:00,1101.0,11.3
2021-12-24 07:00:00,1342.0,10.5
2021-12-24 08:00:00,1452.0,10.5
2021-12-24 09:00:00,1589.0,10.3
2021-12-24 10:00:00,1594.0,10.3
2021-12-24 11:00:00,1586.0,9.9
2021-12-24 12:00:00,1460.0,9.6
2021-12-24 13:00:00,1458.0,9.4
2021-12-24 14:00:00,1455.0,9.0
2021-12-24 15:00:00,1514.0,8.4
2021-12-24 16:00:00,1579.0,8.2
2021-12-24 17:00:00,1649.0,7.9
2021-12-24 18:00:00,1623.0,7.7
2021-12-24 19:00:00,1627.0,7.6
2021-12-24 20:00:00,1546.0,7.2
2021-12-24 21:00:00,1453.0,7.0
2021-12-24 22:00:00,1394.0,6.7
2021-12-24 23:00:00,1322.0,6.6
2021-12-25 00:00:00,1232.0,6.5
2021-12-25 01:00:00,1100.0,6.4
2021-12-25 02:00:00,1050.0,6.3
2021-12-25 03:00:00,1047.0,6.3
2021-12-25 04:00:00,1064.0,6.3
2021-12-25 05:00:00,1019.0,6.1
2021-12-25 06:00:00,1038.0,5.7
2021-12-25 07:00:00,1199.0,5.5
2021-12-25 08:00:00,1456.0,5.1
2021-12-25 09:00:00,1760.0,4.7
2021-12-25 10:00:00,1794.0,4.7
2021-12-25 11:00:00,1754.0,4.4
2021-12-25 12:00:00,1676.0,4.3
2021-12-25 13:00:00,1644.0,4.1
2021-12-25 14:00:00,1653.0,3.8
2021-12-25 15:00:00,1698.0,3.8
2021-12-25 16:00:00,1759.0,3.5
2021-12-25 17:00:00,1809.0,3.2
2021-12-25 18:00:00,1814.0,3.0
2021-12-25 19:00:00,1791.0,2.7
2021-12-25 20:00:00,1702.0,2.5
2021-12-25 21:00:00,1639.0,2.3
2021-12-25 22:00:00,1542.0,1.7
2021-12-25 23:00:00,1427.0,1.6
2021-12-26 00:00:00,1362.0,1.3
2021-12-26 01:00:00,1206.0,1.1
2021-12-26 02:00:00,1136.0,0.6
2021-12-26 03:00:00,1144.0,0.4
2021-12-26 04:00:00,1140.0,-0.1
2021-12-26 05:00:00,1074.0,-0.5
2021-12-26 06:00:00,1088.0,-0.7
2021-12-26 07:00:00,1196.0,-1.0
2021-12-26 08:00:00,1417.0,-1.3
2021-12-26 09:00:00,1745.0,-1.7
2021-12-26 10:00:00,1800.0,-1.8
2021-12-26 11:00:00,1752.0,-2.0
2021-12-26 12:00:00,1646.0,-1.8
2021-12-26 13:00:00,1612.0,-1.7
2021-12-26 14:00:00,1610.0,-1.6
2021-12-26 15:00:00,1645.0,-1.7
2021-12-26 16:00:00,1776.0,-1.7
2021-12-26 17:00:00,1809.0,-2.0
2021-12-26 18:00:00,1777.0,-2.1
2021-12-26 19:00:00,1692.0,-2.3
2021-12-26 20:00:00,1620.0,-2.2
2021-12-26 21:00:00,1546.0,-2.1
2021-12-26 22:00:00,1474.0,-2.1
2021-12-26 23:00:00,1376.0,-2.2
2021-12-27 00:00:00,1235.0,-2.3
2021-12-27 01:00:00,1122.0,-2.4
2021-12-27 02:00:00,1094.0,-2.4
2021-12-27 03:00:00,1030.0,-2.5
2021-12-27 04:00:00,1017.0,-2.5
2021-12-27 05:00:00,1000.0,-2.6
2021-12-27 06:00:00,1056.0,-2.6
2021-12-27 07:00:00,1128.0,-2.5
2021-12-27 08:00:00,1415.0,-2.5
2021-12-27 09:00:00,1768.0,-2.1
2021-12-27 10:00:00,1904.0,-1.5
2021-12-27 11:00:00,1831.0,-1.2
2021-12-27 12:00:00,1711.0,-1.2
2021-12-27 13:00:00,1708.0,-1.2
2021-12-27 14:00:00,1688.0,-1.1
2021-12-27 15:00:00,1740.0,-1.1
2021-12-27 16:00:00,1851.0,-1.0
2021-12-27 17:00:00,1908.0,-1.2
2021-12-27 18:00:00,1833.0,-1.3
2021-12-27 19:00:00,1782.0,-1.3
2021-12-27 20:00:00,1750.0,-1.2
2021-12-27 21:00:00,1665.0,-1.2
2021-12-27 22:00:00,1558.0,-1.0
2021-12-27 23:00:00,1436.0,-1.0
2021-12-28 00:00:00,1312.0,-0.9
2021-12-28 01:00:00,1157.0,-0.9
2021-12-28 02:00:00,1131.0,-0.8
2021-12-28 03:00:00,1073.0,-0.8
2021-12-28 04:00:00,1068.0,-0.8
2021-12-28 05:00:00,1088.0,-0.8
2021-12-28 06:00:00,1087.0,-0.8
2021-12-28 07:00:00,1214.0,-0.8
2021-12-28 08:00:00,1511.0,-0.6
2021-12-28 09:00:00,1897.0,-0.1
2021-12-28 10:00:00,1984.0,0.4
2021-12-28 11:00:00,1941.0,0.8
2021-12-28 12:00:00,1828.0,1.0
2021-12-28 13:00:00,1772.0,1.3
2021-12-28 14:00:00,1792.0,1.7
2021-12-28 15:00:00,1797.0,1.9
2021-12-28 16:00:00,1911.0,1.5
2021-12-28 17:00:00,1965.0,1.3
2021-12-28 18:00:00,1969.0,1.2
2021-12-28 19:00:00,1890.0,1.2
2021-12-28 20:00:00,1903.0,1.2
2021-12-28 21:00:00,1770.0,1.2
2021-12-28 22:00:00,1649.0,1.1
2021-12-28 23:00:00,1506.0,1.1
2021-12-29 00:00:00,1373.0,1.1
2021-12-29 01:00:00,1246.0,1.1
2021-12-29 02:00:00,1206.0,1.1
2021-12-29 03:00:00,1139.0,1.3
2021-12-29 04:00:00,1118.0,1.3
2021-12-29 05:00:00,1159.0,1.3
2021-12-29 06:00:00,1186.0,1.3
2021-12-29 07:00:00,1400.0,1.4
2021-12-29 08:00:00,1655.0,1.2
2021-12-29 09:00:00,1943.0,1.7
2021-12-29 10:00:00,1989.0,2.2
2021-12-29 11:00:00,1920.0,2.8
2021-12-29 12:00:00,1820.0,3.4
2021-12-29 13:00:00,1824.0,3.9
2021-12-29 14:00:00,1728.0,4.1
2021-12-29 15:00:00,1808.0,4.2
2021-12-29 16:00:00,1840.0,4.6
2021-12-29 17:00:00,1932.0,4.3
2021-12-29 18:00:00,1867.0,3.9
2021-12-29 19:00:00,1858.0,3.3
2021-12-29 20:00:00,1864.0,3.1
2021-12-29 21:00:00,1781.0,2.9
2021-12-29 22:00:00,1659.0,2.8
2021-12-29 23:00:00,1521.0,2.8
2021-12-30 00:00:00,1392.0,2.7
2021-12-30 01:00:00,1188.0,2.55
2021-12-30 02:00:00,1140.0,2.4
2021-12-30 03:00:00,1152.0,2.4
2021-12-30 04:00:00,1107.0,2.6
2021-12-30 05:00:00,1124.0,2.3
2021-12-30 06:00:00,1166.0,2.4
2021-12-30 07:00:00,1449.0,2.0
2021-12-30 08:00:00,1658.0,2.2
2021-12-30 09:00:00,1880.0,2.5
2021-12-30 10:00:00,1945.0,2.8
2021-12-30 11:00:00,1839.0,3.2
2021-12-30 12:00:00,1701.0,3.3
2021-12-30 13:00:00,1600.0,3.6
2021-12-30 14:00:00,1620.0,4.1
2021-12-30 15:00:00,1660.0,4.8
2021-12-30 16:00:00,1735.0,5.3
2021-12-30 17:00:00,1771.0,5.0
2021-12-30 18:00:00,1787.0,4.9
2021-12-30 19:00:00,1740.0,4.6
2021-12-30 20:00:00,1749.0,4.4
2021-12-30 21:00:00,1667.0,3.6
2021-12-30 22:00:00,1535.0,2.9
2021-12-30 23:00:00,1443.0,2.0
2021-12-31 00:00:00,1303.0,1.7
2021-12-31 01:00:00,1181.0,1.3
2021-12-31 02:00:00,1083.0,1.1
2021-12-31 03:00:00,1086.0,0.9
2021-12-31 04:00:00,1107.0,0.4
2021-12-31 05:00:00,1094.0,0.8
2021-12-31 06:00:00,1156.0,0.9
2021-12-31 07:00:00,1388.0,1.1
2021-12-31 08:00:00,1659.0,1.2
2021-12-31 09:00:00,1835.0,1.6
2021-12-31 10:00:00,1857.0,2.3
2021-12-31 11:00:00,1756.0,2.7
2021-12-31 12:00:00,1640.0,3.3
2021-12-31 13:00:00,1631.0,3.9
2021-12-31 14:00:00,1639.0,4.6
2021-12-31 15:00:00,1731.0,5.2
2021-12-31 16:00:00,1692.0,5.4
2021-12-31 17:00:00,1765.0,5.6
2021-12-31 18:00:00,1709.0,5.4
2021-12-31 19:00:00,1708.0,5.3
2021-12-31 20:00:00,1702.0,5.2
2021-12-31 21:00:00,1576.0,4.7
2021-12-31 22:00:00,1491.0,4.7
2021-12-31 23:00:00,1438.0,4.7
2022-01-01 00:00:00,1401.0,4.7
2022-01-01 01:00:00,1210.0,4.6
2022-01-01 02:00:00,1119.0,4.6
2022-01-01 03:00:00,1074.0,4.6
2022-01-01 04:00:00,1042.0,4.6
2022-01-01 05:00:00,1066.0,4.5
2022-01-01 06:00:00,1063.0,4.5
2022-01-01 07:00:00,1198.0,4.6
2022-01-01 08:00:00,1445.0,4.6
2022-01-01 09:00:00,1706.0,5.1
2022-01-01 10:00:00,1677.0,6.4
2022-01-01 11:00:00,1677.0,8.3
2022-01-01 12:00:00,1483.0,9.3
2022-01-01 13:00:00,1429.0,10.8
2022-01-01 14:00:00,1431.0,12.1
2022-01-01 15:00:00,1450.0,12.2
2022-01-01 16:00:00,1470.0,13.1
2022-01-01 17:00:00,1572.0,12.7
2022-01-01 18:00:00,1634.0,9.9
2022-01-01 19:00:00,1683.0,8.3
2022-01-01 20:00:00,1601.0,6.2
2022-01-01 21:00:00,1536.0,5.0
2022-01-01 22:00:00,1478.0,4.0
2022-01-01 23:00:00,1383.0,3.8
2022-01-02 00:00:00,1245.0,3.2
2022-01-02 01:00:00,1101.0,2.9
2022-01-02 02:00:00,1082.0,2.4
2022-01-02 03:00:00,1016.0,2.0
2022-01-02 04:00:00,1028.0,2.1
2022-01-02 05:00:00,1026.0,1.5
2022-01-02 06:00:00,1033.0,0.5
2022-01-02 07:00:00,1195.0,0.0
2022-01-02 08:00:00,1456.0,0.0
2022-01-02 09:00:00,1738.0,0.9
2022-01-02 10:00:00,1798.0,3.1
2022-01-02 11:00:00,1733.0,4.2
2022-01-02 12:00:00,1651.0,5.0
2022-01-02 13:00:00,1587.0,5.3
2022-01-02 14:00:00,1529.0,6.5
2022-01-02 15:00:00,1594.0,7.1
2022-01-02 16:00:00,1629.0,7.8
2022-01-02 17:00:00,1782.0,7.9
2022-01-02 18:00:00,1748.0,7.7
2022-01-02 19:00:00,1729.0,7.5
2022-01-02 20:00:00,1660.0,7.2
2022-01-02 21:00:00,1587.0,7.0
2022-01-02 22:00:00,1464.0,6.9
2022-01-02 23:00:00,1353.0,6.8
2022-01-03 00:00:00,1260.0,6.8
2022-01-03 01:00:00,1131.0,6.7
2022-01-03 02:00:00,1120.0,6.7
2022-01-03 03:00:00,1095.0,6.6
2022-01-03 04:00:00,1078.0,6.6
2022-01-03 05:00:00,1049.0,6.6
2022-01-03 06:00:00,1083.0,6.6
2022-01-03 07:00:00,1187.0,6.6
2022-01-03 08:00:00,1429.0,6.7
2022-01-03 09:00:00,1702.0,7.0
2022-01-03 10:00:00,1745.0,7.5
2022-01-03 11:00:00,1679.0,8.1
2022-01-03 12:00:00,1623.0,8.7
2022-01-03 13:00:00,1588.0,9.0
2022-01-03 14:00:00,1609.0,8.1
2022-01-03 15:00:00,1667.0,7.9
2022-01-03 16:00:00,1762.0,8.0
2022-01-03 17:00:00,1772.0,7.9
2022-01-03 18:00:00,1747.0,7.9
2022-01-03 19:00:00,1677.0,7.7
2022-01-03 20:00:00,1712.0,7.7
2022-01-03 21:00:00,1601.0,7.8
2022-01-03 22:00:00,1404.0,7.8
2022-01-03 23:00:00,1307.0,7.8
2022-01-04 00:00:00,1223.0,7.7
2022-01-04 01:00:00,1068.0,7.7
2022-01-04 02:00:00,1056.0,7.7
2022-01-04 03:00:00,1028.0,7.6
2022-01-04 04:00:00,971.0,7.5
2022-01-04 05:00:00,973.0,7.4
2022-01-04 06:00:00,1049.0,7.1
2022-01-04 07:00:00,1261.0,7.0
2022-01-04 08:00:00,1502.0,6.9
2022-01-04 09:00:00,1726.0,7.1
2022-01-04 10:00:00,1734.0,7.3
2022-01-04 11:00:00,1717.0,7.3
2022-01-04 12:00:00,1579.0,7.4
2022-01-04 13:00:00,1568.0,7.7
2022-01-04 14:00:00,1545.0,7.7
2022-01-04 15:00:00,1629.0,7.6
2022-01-04 16:00:00,1667.0,7.5
2022-01-04 17:00:00,1724.0,7.6
2022-01-04 18:00:00,1687.0,7.5
2022-01-04 19:00:00,1635.0,7.2
2022-01-04 20:00:00,1582.0,7.0
2022-01-04 21:00:00,1482.0,7.0
2022-01-04 22:00:00,1377.0,7.0
2022-01-04 23:00:00,1250.0,6.9
2022-01-05 00:00:00,1179.0,6.9
2022-01-05 01:00:00,1025.0,6.9
2022-01-05 02:00:00,991.0,6.7
2022-01-05 03:00:00,931.0,6.5
2022-01-05 04:00:00,956.0,6.4
2022-01-05 05:00:00,941.0,6.3
2022-01-05 06:00:00,918.0,6.2
2022-01-05 07:00:00,1224.0,6.2
2022-01-05 08:00:00,1451.0,6.2
2022-01-05 09:00:00,1664.0,6.3
2022-01-05 10:00:00,1622.0,6.8
2022-01-05 11:00:00,1558.0,7.0
2022-01-05 12:00:00,1498.0,7.0
2022-01-05 13:00:00,1555.0,7.2
2022-01-05 14:00:00,1452.0,6.9
2022-01-05 15:00:00,1513.0,7.0
2022-01-05 16:00:00,1610.0,6.9
2022-01-05 17:00:00,1657.0,6.8
2022-01-05 18:00:00,1611.0,6.7
2022-01-05 19:00:00,1585.0,6.6
2022-01-05 20:00:00,1523.0,6.5
2022-01-05 21:00:00,1500.0,6.3
2022-01-05 22:00:00,1397.0,6.1
2022-01-05 23:00:00,1257.0,5.8
2022-01-06 00:00:00,1105.0,5.9
2022-01-06 01:00:00,1044.0,5.8
2022-01-06 02:00:00,959.0,5.7
2022-01-06 03:00:00,960.0,5.6
2022-01-06 04:00:00,950.0,5.6
2022-01-06 05:00:00,945.0,5.5
2022-01-06 06:00:00,1014.0,5.3
2022-01-06 07:00:00,1240.0,5.3
2022-01-06 08:00:00,1431.0,5.5
2022-01-06 09:00:00,1690.0,5.2
2022-01-06 10:00:00,1715.0,4.8
2022-01-06 11:00:00,1666.0,4.5
2022-01-06 12:00:00,1613.0,4.6
2022-01-06 13:00:00,1623.0,4.3
2022-01-06 14:00:00,1605.0,4.2
2022-01-06 15:00:00,1658.0,4.3
2022-01-06 16:00:00,1667.0,4.2
2022-01-06 17:00:00,1729.0,4.0
2022-01-06 18:00:00,1760.0,3.9
2022-01-06 19:00:00,1663.0,3.7
2022-01-06 20:00:00,1595.0,3.6
2022-01-06 21:00:00,1566.0,3.5
2022-01-06 22:00:00,1452.0,3.5
2022-01-06 23:00:00,1290.0,3.3
2022-01-07 00:00:00,1235.0,3.3
2022-01-07 01:00:00,1084.0,3.3
2022-01-07 02:00:00,1007.0,3.4
2022-01-07 03:00:00,994.0,3.3
2022-01-07 04:00:00,985.0,3.3
2022-01-07 05:00:00,981.0,3.3
2022-01-07 06:00:00,1027.0,3.3
2022-01-07 07:00:00,1255.0,3.3
2022-01-07 08:00:00,1566.0,3.4
2022-01-07 09:00:00,1755.0,3.7
2022-01-07 10:00:00,1772.0,4.0
2022-01-07 11:00:00,1656.0,4.3
2022-01-07 12:00:00,1590.0,4.5
2022-01-07 13:00:00,1574.0,4.2
2022-01-07 14:00:00,1574.0,4.3
2022-01-07 15:00:00,1633.0,4.4
2022-01-07 16:00:00,1693.0,4.5
2022-01-07 17:00:00,1773.0,4.3
2022-01-07 18:00:00,1708.0,4.2
2022-01-07 19:00:00,1718.0,4.2
2022-01-07 20:00:00,1600.0,4.2
2022-01-07 21:00:00,1510.0,4.1
2022-01-07 22:00:00,1424.0,4.2
2022-01-07 23:00:00,1321.0,4.1
2022-01-08 00:00:00,1233.0,4.1
2022-01-08 01:00:00,1117.0,4.2
2022-01-08 02:00:00,1061.0,4.1
2022-01-08 03:00:00,986.0,4.1
2022-01-08 04:00:00,978.0,4.0
2022-01-08 05:00:00,934.0,4.0
2022-01-08 06:00:00,998.0,4.0
2022-01-08 07:00:00,1112.0,4.0
2022-01-08 08:00:00,1348.0,4.0
2022-01-08 09:00:00,1690.0,4.1
2022-01-08 10:00:00,1724.0,4.3
2022-01-08 11:00:00,1663.0,4.6
2022-01-08 12:00:00,1538.0,5.0
2022-01-08 13:00:00,1503.0,5.0
2022-01-08 14:00:00,1495.0,5.1
2022-01-08 15:00:00,1549.0,5.0
2022-01-08 16:00:00,1655.0,5.1
2022-01-08 17:00:00,1674.0,5.2
2022-01-08 18:00:00,1634.0,5.2
2022-01-08 19:00:00,1572.0,4.9
2022-01-08 20:00:00,1545.0,4.9
2022-01-08 21:00:00,1447.0,5.0
2022-01-08 22:00:00,1381.0,4.9
2022-01-08 23:00:00,1252.0,4.8
2022-01-09 00:00:00,1198.0,4.7
2022-01-09 01:00:00,1095.0,4.7
2022-01-09 02:00:00,1008.0,4.6
2022-01-09 03:00:00,970.0,4.5
2022-01-09 04:00:00,959.0,4.4
2022-01-09 05:00:00,903.0,4.3
2022-01-09 06:00:00,995.0,4.4
2022-01-09 07:00:00,1110.0,4.4
2022-01-09 08:00:00,1361.0,4.5
2022-01-09 09:00:00,1593.0,4.7
2022-01-09 10:00:00,1682.0,5.8
2022-01-09 11:00:00,1619.0,6.9
2022-01-09 12:00:00,1539.0,8.0
2022-01-09 13:00:00,1463.0,8.4
2022-01-09 14:00:00,1425.0,8.3
2022-01-09 15:00:00,1541.0,8.1
2022-01-09 16:00:00,1621.0,7.7
2022-01-09 17:00:00,1683.0,7.4
2022-01-09 18:00:00,1683.0,7.3
2022-01-09 19:00:00,1664.0,6.9
2022-01-09 20:00:00,1632.0,6.7
2022-01-09 21:00:00,1551.0,6.6
2022-01-09 22:00:00,1405.0,6.4
2022-01-09 23:00:00,1292.0,6.5
2022-01-10 00:00:00,1142.0,6.3
2022-01-10 01:00:00,1037.0,6.3
2022-01-10 02:00:00,996.0,6.2
2022-01-10 03:00:00,958.0,6.2
2022-01-10 04:00:00,949.0,6.1
2022-01-10 05:00:00,965.0,6.1
2022-01-10 06:00:00,994.0,6.1
2022-01-10 07:00:00,1308.0,6.1
2022-01-10 08:00:00,1525.0,6.1
2022-01-10 09:00:00,1768.0,6.2
2022-01-10 10:00:00,1744.0,6.5
2022-01-10 11:00:00,1719.0,6.6
2022-01-10 12:00:00,1554.0,7.0
2022-01-10 13:00:00,1511.0,7.1
2022-01-10 14:00:00,1527.0,7.3
2022-01-10 15:00:00,1652.0,7.0
2022-01-10 16:00:00,1626.0,7.2
2022-01-10 17:00:00,1671.0,7.2
2022-01-10 18:00:00,1639.0,7.0
2022-01-10 19:00:00,1617.0,6.9
2022-01-10 20:00:00,1577.0,6.7
2022-01-10 21:00:00,1525.0,6.7
2022-01-10 22:00:00,1434.0,6.4
2022-01-10 23:00:00,1295.0,6.3
2022-01-11 00:00:00,1164.0,5.8
2022-01-11 01:00:00,1094.0,5.8
2022-01-11 02:00:00,1021.0,5.7
2022-01-11 03:00:00,991.0,5.6
2022-01-11 04:00:00,983.0,5.4
2022-01-11 05:00:00,973.0,5.2
2022-01-11 06:00:00,1066.0,5.3
2022-01-11 07:00:00,1299.0,5.4
2022-01-11 08:00:00,1501.0,5.4
2022-01-11 09:00:00,1672.0,5.7
2022-01-11 10:00:00,1669.0,7.4
2022-01-11 11:00:00,1576.0,8.0
2022-01-11 12:00:00,1394.0,9.9
2022-01-11 13:00:00,1380.0,10.9
2022-01-11 14:00:00,1319.0,11.2
2022-01-11 15:00:00,1437.0,11.6
2022-01-11 16:00:00,1456.0,11.6
2022-01-11 17:00:00,1525.0,11.0
2022-01-11 18:00:00,1621.0,9.7
2022-01-11 19:00:00,1647.0,6.9
2022-01-11 20:00:00,1662.0,5.7
2022-01-11 21:00:00,1576.0,6.0
2022-01-11 22:00:00,1506.0,5.9
2022-01-11 23:00:00,1339.0,5.2
2022-01-12 00:00:00,1202.0,5.3
2022-01-12 01:00:00,1093.0,5.4
2022-01-12 02:00:00,1044.0,5.3
2022-01-12 03:00:00,1021.0,5.5
2022-01-12 04:00:00,987.0,5.3
2022-01-12 05:00:00,1002.0,5.2
2022-01-12 06:00:00,1065.0,5.3
2022-01-12 07:00:00,1292.0,5.2
2022-01-12 08:00:00,1526.0,5.3
2022-01-12 09:00:00,1650.0,5.6
2022-01-12 10:00:00,1671.0,6.3
2022-01-12 11:00:00,1675.0,7.2
2022-01-12 12:00:00,1484.0,7.6
2022-01-12 13:00:00,1503.0,8.2
2022-01-12 14:00:00,1482.0,8.4
2022-01-12 15:00:00,1493.0,8.5
2022-01-12 16:00:00,1611.0,8.6
2022-01-12 17:00:00,1650.0,8.4
2022-01-12 18:00:00,1696.0,8.0
2022-01-12 19:00:00,1668.0,7.6
2022-01-12 20:00:00,1673.0,7.2
2022-01-12 21:00:00,1635.0,7.1
2022-01-12 22:00:00,1474.0,6.8
2022-01-12 23:00:00,1319.0,6.7
2022-01-13 00:00:00,1194.0,6.4
2022-01-13 01:00:00,1080.0,6.3
2022-01-13 02:00:00,1060.0,6.6
2022-01-13 03:00:00,1037.0,6.4
2022-01-13 04:00:00,1002.0,6.3
2022-01-13 05:00:00,991.0,6.1
2022-01-13 06:00:00,1066.0,5.8
2022-01-13 07:00:00,1319.0,5.7
2022-01-13 08:00:00,1520.0,5.4
2022-01-13 09:00:00,1664.0,6.3
2022-01-13 10:00:00,1672.0,7.6
2022-01-13 11:00:00,1595.0,8.9
2022-01-13 12:00:00,1491.0,9.5
2022-01-13 13:00:00,1481.0,9.6
2022-01-13 14:00:00,1427.0,9.3
2022-01-13 15:00:00,1491.0,9.0
2022-01-13 16:00:00,1536.0,8.5
2022-01-13 17:00:00,1614.0,8.1
2022-01-13 18:00:00,1675.0,7.6
2022-01-13 19:00:00,1725.0,7.2
2022-01-13 20:00:00,1628.0,7.0
2022-01-13 21:00:00,1552.0,6.7
2022-01-13 22:00:00,1460.0,6.3
2022-01-13 23:00:00,1298.0,6.1
2022-01-14 00:00:00,1193.0,5.9
2022-01-14 01:00:00,1048.0,5.8
2022-01-14 02:00:00,1008.0,5.6
2022-01-14 03:00:00,1010.0,5.4
2022-01-14 04:00:00,978.0,5.3
2022-01-14 05:00:00,997.0,5.2
2022-01-14 06:00:00,1040.0,5.2
2022-01-14 07:00:00,1256.0,5.0
2022-01-14 08:00:00,1485.0,5.0
2022-01-14 09:00:00,1739.0,5.0
2022-01-14 10:00:00,1663.0,5.2
2022-01-14 11:00:00,1698.0,5.4
2022-01-14 12:00:00,1554.0,5.7
2022-01-14 13:00:00,1512.0,5.8
2022-01-14 14:00:00,1446.0,6.1
2022-01-14 15:00:00,1575.0,6.2
2022-01-14 16:00:00,1605.0,6.2
2022-01-14 17:00:00,1705.0,5.8
2022-01-14 18:00:00,1701.0,5.6
2022-01-14 19:00:00,1680.0,5.4
2022-01-14 20:00:00,1666.0,5.4
2022-01-14 21:00:00,1550.0,5.3
2022-01-14 22:00:00,1469.0,5.3
2022-01-14 23:00:00,1385.0,5.2
2022-01-15 00:00:00,1282.0,5.2
2022-01-15 01:00:00,1115.0,5.1
2022-01-15 02:00:00,1056.0,5.1
2022-01-15 03:00:00,986.0,5.0
2022-01-15 04:00:00,982.0,5.0
2022-01-15 05:00:00,968.0,4.8
2022-01-15 06:00:00,998.0,4.4
2022-01-15 07:00:00,1091.0,4.1
2022-01-15 08:00:00,1398.0,4.2
2022-01-15 09:00:00,1701.0,4.3
2022-01-15 10:00:00,1678.0,4.4
2022-01-15 11:00:00,1651.0,4.8
2022-01-15 12:00:00,1572.0,5.3
2022-01-15 13:00:00,1515.0,5.5
2022-01-15 14:00:00,1458.0,5.7
2022-01-15 15:00:00,1533.0,5.9
2022-01-15 16:00:00,1624.0,6.1
2022-01-15 17:00:00,1650.0,6.3
2022-01-15 18:00:00,1648.0,6.3
2022-01-15 19:00:00,1614.0,6.1
2022-01-15 20:00:00,1585.0,6.0
2022-01-15 21:00:00,1558.0,6.0
2022-01-15 22:00:00,1455.0,6.0
2022-01-15 23:00:00,1312.0,5.9
2022-01-16 00:00:00,1183.0,5.9
2022-01-16 01:00:00,1039.0,5.9
2022-01-16 02:00:00,990.0,5.9
2022-01-16 03:00:00,982.0,5.8
2022-01-16 04:00:00,919.0,5.7
2022-01-16 05:00:00,883.0,5.6
2022-01-16 06:00:00,993.0,5.6
2022-01-16 07:00:00,1064.0,5.6
2022-01-16 08:00:00,1350.0,5.6
2022-01-16 09:00:00,1641.0,5.8
2022-01-16 10:00:00,1678.0,6.2
2022-01-16 11:00:00,1611.0,6.3
2022-01-16 12:00:00,1527.0,6.7
2022-01-16 13:00:00,1454.0,7.0
2022-01-16 14:00:00,1426.0,7.0
2022-01-16 15:00:00,1533.0,7.2
2022-01-16 16:00:00,1542.0,7.0
2022-01-16 17:00:00,1597.0,6.7
2022-01-16 18:00:00,1628.0,6.5
2022-01-16 19:00:00,1611.0,6.4
2022-01-16 20:00:00,1569.0,6.3
2022-01-16 21:00:00,1469.0,6.2
2022-01-16 22:00:00,1396.0,6.3
2022-01-16 23:00:00,1243.0,6.2
2022-01-17 00:00:00,1094.0,6.1
2022-01-17 01:00:00,984.0,6.0
2022-01-17 02:00:00,894.0,5.9
2022-01-17 03:00:00,853.0,5.6
2022-01-17 04:00:00,839.0,5.3
2022-01-17 05:00:00,852.0,5.3
2022-01-17 06:00:00,939.0,5.4
2022-01-17 07:00:00,1087.0,5.4
2022-01-17 08:00:00,1357.0,5.4
2022-01-17 09:00:00,1638.0,5.7
2022-01-17 10:00:00,1625.0,6.6
2022-01-17 11:00:00,1560.0,7.6
2022-01-17 12:00:00,1461.0,8.7
2022-01-17 13:00:00,1427.0,9.5
2022-01-17 14:00:00,1325.0,9.5
2022-01-17 15:00:00,1442.0,9.6
2022-01-17 16:00:00,1517.0,9.7
2022-01-17 17:00:00,1559.0,9.5
2022-01-17 18:00:00,1543.0,9.1
2022-01-17 19:00:00,1544.0,8.5
2022-01-17 20:00:00,1552.0,8.1
2022-01-17 21:00:00,1443.0,8.1
2022-01-17 22:00:00,1408.0,7.9
2022-01-17 23:00:00,1233.0,7.6
2022-01-18 00:00:00,1134.0,7.5
2022-01-18 01:00:00,967.0,7.4
2022-01-18 02:00:00,877.0,7.5
2022-01-18 03:00:00,892.0,7.4
2022-01-18 04:00:00,836.0,7.2
2022-01-18 05:00:00,854.0,7.0
2022-01-18 06:00:00,898.0,6.9
2022-01-18 07:00:00,1108.0,6.8
2022-01-18 08:00:00,1351.0,6.7
2022-01-18 09:00:00,1628.0,7.1
2022-01-18 10:00:00,1573.0,7.8
2022-01-18 11:00:00,1494.0,8.7
2022-01-18 12:00:00,1359.0,9.6
2022-01-18 13:00:00,1349.0,11.6
2022-01-18 14:00:00,1287.0,13.3
2022-01-18 15:00:00,1369.0,13.0
2022-01-18 16:00:00,1436.0,12.2
2022-01-18 17:00:00,1495.0,11.9
2022-01-18 18:00:00,1537.0,11.3
2022-01-18 19:00:00,1608.0,9.3
2022-01-18 20:00:00,1554.0,7.6
2022-01-18 21:00:00,1480.0,6.7
2022-01-18 22:00:00,1428.0,6.5
2022-01-18 23:00:00,1274.0,6.1
2022-01-19 00:00:00,1122.0,5.0
2022-01-19 01:00:00,986.0,5.0
2022-01-19 02:00:00,907.0,4.8
2022-01-19 03:00:00,860.0,3.1
2022-01-19 04:00:00,848.0,3.1
2022-01-19 05:00:00,842.0,3.0
2022-01-19 06:00:00,884.0,3.9
2022-01-19 07:00:00,1041.0,3.8
2022-01-19 08:00:00,1397.0,3.9
2022-01-19 09:00:00,1626.0,4.3
2022-01-19 10:00:00,1587.0,5.3
2022-01-19 11:00:00,1593.0,5.7
2022-01-19 12:00:00,1406.0,8.2
2022-01-19 13:00:00,1280.0,11.8
2022-01-19 14:00:00,1238.0,13.4
2022-01-19 15:00:00,1274.0,14.4
2022-01-19 16:00:00,1316.0,14.9
2022-01-19 17:00:00,1421.0,14.4
2022-01-19 18:00:00,1477.0,12.8
2022-01-19 19:00:00,1539.0,9.8
2022-01-19 20:00:00,1546.0,9.5
2022-01-19 21:00:00,1497.0,8.8
2022-01-19 22:00:00,1432.0,7.1
2022-01-19 23:00:00,1255.0,6.0
2022-01-20 00:00:00,1103.0,5.4
2022-01-20 01:00:00,984.0,5.1
2022-01-20 02:00:00,921.0,5.0
2022-01-20 03:00:00,842.0,4.8
2022-01-20 04:00:00,856.0,5.1
2022-01-20 05:00:00,845.0,4.9
2022-01-20 06:00:00,879.0,4.8
2022-01-20 07:00:00,1015.0,5.4
2022-01-20 08:00:00,1341.0,5.6
2022-01-20 09:00:00,1659.0,6.2
2022-01-20 10:00:00,1583.0,7.0
2022-01-20 11:00:00,1425.0,9.9
2022-01-20 12:00:00,1416.0,10.8
2022-01-20 13:00:00,1385.0,10.5
2022-01-20 14:00:00,1338.0,10.6
2022-01-20 15:00:00,1362.0,9.9
2022-01-20 16:00:00,1434.0,9.9
2022-01-20 17:00:00,1483.0,8.9
2022-01-20 18:00:00,1530.0,8.5
2022-01-20 19:00:00,1580.0,8.1
2022-01-20 20:00:00,1545.0,7.7
2022-01-20 21:00:00,1471.0,7.5
2022-01-20 22:00:00,1394.0,7.2
2022-01-20 23:00:00,1252.0,6.8
2022-01-21 00:00:00,1120.0,6.5
2022-01-21 01:00:00,992.0,6.4
2022-01-21 02:00:00,916.0,6.4
2022-01-21 03:00:00,889.0,6.4
2022-01-21 04:00:00,856.0,6.4
2022-01-21 05:00:00,867.0,6.4
2022-01-21 06:00:00,894.0,6.4
2022-01-21 07:00:00,1009.0,6.3
2022-01-21 08:00:00,1322.0,6.4
2022-01-21 09:00:00,1631.0,6.4
2022-01-21 10:00:00,1639.0,6.4
2022-01-21 11:00:00,1598.0,6.5
2022-01-21 12:00:00,1470.0,6.7
2022-01-21 13:00:00,1449.0,7.0
2022-01-21 14:00:00,1366.0,7.0
2022-01-21 15:00:00,1474.0,6.8
2022-01-21 16:00:00,1503.0,6.6
2022-01-21 17:00:00,1580.0,6.3
2022-01-21 18:00:00,1528.0,5.9
2022-01-21 19:00:00,1542.0,5.7
2022-01-21 20:00:00,1542.0,5.6
2022-01-21 21:00:00,1444.0,5.4
2022-01-21 22:00:00,1369.0,5.4
2022-01-21 23:00:00,1258.0,5.4
2022-01-22 00:00:00,1141.0,5.1
2022-01-22 01:00:00,980.0,5.0
2022-01-22 02:00:00,907.0,4.8
2022-01-22 03:00:00,888.0,4.7
2022-01-22 04:00:00,822.0,4.6
2022-01-22 05:00:00,841.0,4.6
2022-01-22 06:00:00,883.0,4.4
2022-01-22 07:00:00,986.0,4.4
2022-01-22 08:00:00,1254.0,4.3
2022-01-22 09:00:00,1643.0,4.1
2022-01-22 10:00:00,1632.0,4.4
2022-01-22 11:00:00,1567.0,4.9
2022-01-22 12:00:00,1482.0,4.9
2022-01-22 13:00:00,1397.0,4.4
2022-01-22 14:00:00,1354.0,4.5
2022-01-22 15:00:00,1486.0,4.3
2022-01-22 16:00:00,1567.0,4.1
2022-01-22 17:00:00,1587.0,4.0
2022-01-22 18:00:00,1559.0,3.8
2022-01-22 19:00:00,1561.0,3.7
2022-01-22 20:00:00,1557.0,3.6
2022-01-22 21:00:00,1472.0,3.4
2022-01-22 22:00:00,1435.0,3.3
2022-01-22 23:00:00,1311.0,3.4
2022-01-23 00:00:00,1153.0,3.3
2022-01-23 01:00:00,1016.0,3.1
2022-01-23 02:00:00,866.0,3.0
2022-01-23 03:00:00,859.0,2.9
2022-01-23 04:00:00,855.0,2.9
2022-01-23 05:00:00,838.0,2.9
2022-01-23 06:00:00,906.0,2.9
2022-01-23 07:00:00,945.0,2.8
2022-01-23 08:00:00,1216.0,2.8
2022-01-23 09:00:00,1578.0,3.0
2022-01-23 10:00:00,1567.0,3.4
2022-01-23 11:00:00,1600.0,3.5
2022-01-23 12:00:00,1450.0,3.6
2022-01-23 13:00:00,1387.0,3.8
2022-01-23 14:00:00,1386.0,3.7
2022-01-23 15:00:00,1488.0,3.9
2022-01-23 16:00:00,1576.0,3.9
2022-01-23 17:00:00,1656.0,3.8
2022-01-23 18:00:00,1560.0,3.7
2022-01-23 19:00:00,1622.0,3.8
2022-01-23 20:00:00,1575.0,3.8
2022-01-23 21:00:00,1499.0,3.7
2022-01-23 22:00:00,1446.0,3.6
2022-01-23 23:00:00,1294.0,3.7
2022-01-24 00:00:00,1174.0,3.5
2022-01-24 01:00:00,986.0,3.6
2022-01-24 02:00:00,886.0,3.5
2022-01-24 03:00:00,791.0,3.3
2022-01-24 04:00:00,791.0,3.2
2022-01-24 05:00:00,775.0,3.2
2022-01-24 06:00:00,827.0,3.1
2022-01-24 07:00:00,943.0,3.1
2022-01-24 08:00:00,1287.0,3.0
2022-01-24 09:00:00,1666.0,2.9
2022-01-24 10:00:00,1705.0,3.1
2022-01-24 11:00:00,1615.0,3.5
2022-01-24 12:00:00,1520.0,3.9
2022-01-24 13:00:00,1419.0,3.3
2022-01-24 14:00:00,1419.0,3.7
2022-01-24 15:00:00,1508.0,3.7
2022-01-24 16:00:00,1629.0,3.7
2022-01-24 17:00:00,1638.0,3.7
2022-01-24 18:00:00,1528.0,3.4
2022-01-24 19:00:00,1578.0,3.3
2022-01-24 20:00:00,1567.0,3.4
2022-01-24 21:00:00,1534.0,3.3
2022-01-24 22:00:00,1471.0,3.2
2022-01-24 23:00:00,1312.0,3.2
2022-01-25 00:00:00,1182.0,3.3
2022-01-25 01:00:00,978.0,3.2
2022-01-25 02:00:00,888.0,3.1
2022-01-25 03:00:00,804.0,2.9
2022-01-25 04:00:00,799.0,2.9
2022-01-25 05:00:00,751.0,2.8
2022-01-25 06:00:00,793.0,2.7
2022-01-25 07:00:00,928.0,2.8
2022-01-25 08:00:00,1239.0,2.9
2022-01-25 09:00:00,1658.0,3.1
2022-01-25 10:00:00,1665.0,3.2
2022-01-25 11:00:00,1663.0,3.5
2022-01-25 12:00:00,1574.0,3.5
2022-01-25 13:00:00,1449.0,3.6
2022-01-25 14:00:00,1456.0,3.7
2022-01-25 15:00:00,1531.0,3.6
2022-01-25 16:00:00,1598.0,3.6
2022-01-25 17:00:00,1666.0,3.4
2022-01-25 18:00:00,1603.0,3.2
2022-01-25 19:00:00,1632.0,3.1
2022-01-25 20:00:00,1621.0,3.2
2022-01-25 21:00:00,1525.0,3.3
2022-01-25 22:00:00,1461.0,3.2
2022-01-25 23:00:00,1349.0,3.1
2022-01-26 00:00:00,1170.0,3.0
2022-01-26 01:00:00,982.0,3.0
2022-01-26 02:00:00,866.0,2.9
2022-01-26 03:00:00,774.0,2.9
2022-01-26 04:00:00,769.0,2.8
2022-01-26 05:00:00,774.0,2.8
2022-01-26 06:00:00,772.0,2.7
2022-01-26 07:00:00,917.0,2.7
2022-01-26 08:00:00,1259.0,2.7
2022-01-26 09:00:00,1648.0,2.8
2022-01-26 10:00:00,1683.0,2.8
2022-01-26 11:00:00,1645.0,3.0
2022-01-26 12:00:00,1539.0,3.3
2022-01-26 13:00:00,1525.0,3.5
2022-01-26 14:00:00,1438.0,3.7
2022-01-26 15:00:00,1578.0,3.7
2022-01-26 16:00:00,1646.0,3.7
2022-01-26 17:00:00,1674.0,3.6
2022-01-26 18:00:00,1581.0,3.3
2022-01-26 19:00:00,1634.0,3.3
2022-01-26 20:00:00,1608.0,3.2
2022-01-26 21:00:00,1564.0,3.2
2022-01-26 22:00:00,1530.0,3.1
2022-01-26 23:00:00,1394.0,3.1
2022-01-27 00:00:00,1207.0,3.1
2022-01-27 01:00:00,992.0,3.1
2022-01-27 02:00:00,871.0,3.0
2022-01-27 03:00:00,794.0,3.0
2022-01-27 04:00:00,754.0,3.0
2022-01-27 05:00:00,724.0,3.0
2022-01-27 06:00:00,801.0,2.9
2022-01-27 07:00:00,888.0,3.0
2022-01-27 08:00:00,1206.0,3.0
2022-01-27 09:00:00,1656.0,3.1
2022-01-27 10:00:00,1659.0,3.2
2022-01-27 11:00:00,1610.0,3.1
2022-01-27 12:00:00,1555.0,3.0
2022-01-27 13:00:00,1538.0,2.9
2022-01-27 14:00:00,1472.0,2.8
2022-01-27 15:00:00,1538.0,2.7
2022-01-27 16:00:00,1558.0,2.7
2022-01-27 17:00:00,1676.0,2.8
2022-01-27 18:00:00,1673.0,2.4
2022-01-27 19:00:00,1650.0,2.3
2022-01-27 20:00:00,1643.0,2.3
2022-01-27 21:00:00,1571.0,2.3
2022-01-27 22:00:00,1528.0,2.2
2022-01-27 23:00:00,1381.0,2.1
2022-01-28 00:00:00,1206.0,2.0
2022-01-28 01:00:00,996.0,2.0
2022-01-28 02:00:00,834.0,1.8
2022-01-28 03:00:00,775.0,1.9
2022-01-28 04:00:00,738.0,1.7
2022-01-28 05:00:00,742.0,1.7
2022-01-28 06:00:00,786.0,1.4
2022-01-28 07:00:00,872.0,1.4
2022-01-28 08:00:00,1202.0,1.5
2022-01-28 09:00:00,1652.0,1.3
2022-01-28 10:00:00,1704.0,1.4
2022-01-28 11:00:00,1627.0,1.6
2022-01-28 12:00:00,1562.0,1.7
2022-01-28 13:00:00,1533.0,2.1
2022-01-28 14:00:00,1426.0,1.7
2022-01-28 15:00:00,1494.0,1.6
2022-01-28 16:00:00,1592.0,1.4
2022-01-28 17:00:00,1625.0,1.4
2022-01-28 18:00:00,1583.0,1.4
2022-01-28 19:00:00,1569.0,1.4
2022-01-28 20:00:00,1623.0,1.3
2022-01-28 21:00:00,1555.0,1.2
2022-01-28 22:00:00,1544.0,1.1
2022-01-28 23:00:00,1380.0,1.0
2022-01-29 00:00:00,1198.0,0.4
2022-01-29 01:00:00,991.0,0.2
2022-01-29 02:00:00,840.0,0.1
2022-01-29 03:00:00,772.0,0.0
2022-01-29 04:00:00,742.0,0.1
2022-01-29 05:00:00,677.0,0.0
2022-01-29 06:00:00,723.0,-0.1
2022-01-29 07:00:00,795.0,-0.1
2022-01-29 08:00:00,1153.0,-0.1
2022-01-29 09:00:00,1576.0,0.1
2022-01-29 10:00:00,1654.0,0.5
2022-01-29 11:00:00,1539.0,1.1
2022-01-29 12:00:00,1550.0,1.4
2022-01-29 13:00:00,1446.0,1.5
2022-01-29 14:00:00,1327.0,1.6
2022-01-29 15:00:00,1489.0,1.7
2022-01-29 16:00:00,1569.0,1.9
2022-01-29 17:00:00,1591.0,1.9
2022-01-29 18:00:00,1577.0,1.8
2022-01-29 19:00:00,1587.0,1.6
2022-01-29 20:00:00,1616.0,1.5
2022-01-29 21:00:00,1547.0,1.6
2022-01-29 22:00:00,1525.0,1.5
2022-01-29 23:00:00,1376.0,1.5
2022-01-30 00:00:00,1185.0,1.5
2022-01-30 01:00:00,958.0,1.0
2022-01-30 02:00:00,817.0,-0.1
2022-01-30 03:00:00,723.0,-0.6
2022-01-30 04:00:00,691.0,-0.9
2022-01-30 05:00:00,703.0,-1.1
2022-01-30 06:00:00,714.0,-1.8
2022-01-30 07:00:00,809.0,-2.1
2022-01-30 08:00:00,1186.0,-1.4
2022-01-30 09:00:00,1577.0,-0.4
2022-01-30 10:00:00,1604.0,1.4
2022-01-30 11:00:00,1561.0,1.6
2022-01-30 12:00:00,1512.0,2.0
2022-01-30 13:00:00,1439.0,2.4
2022-01-30 14:00:00,1324.0,2.4
2022-01-30 15:00:00,1437.0,3.0
2022-01-30 16:00:00,1512.0,3.5
2022-01-30 17:00:00,1541.0,3.4
2022-01-30 18:00:00,1562.0,3.0
2022-01-30 19:00:00,1587.0,2.9
2022-01-30 20:00:00,1595.0,2.7
2022-01-30 21:00:00,1534.0,2.8
2022-01-30 22:00:00,1454.0,2.7
2022-01-30 23:00:00,1391.0,2.6
2022-01-31 00:00:00,1200.0,1.5
2022-01-31 01:00:00,1008.0,0.4
2022-01-31 02:00:00,851.0,0.1
2022-01-31 03:00:00,751.0,0.1
2022-01-31 04:00:00,705.0,0.2
2022-01-31 05:00:00,706.0,0.0
2022-01-31 06:00:00,725.0,-0.1
2022-01-31 07:00:00,797.0,-0.1
2022-01-31 08:00:00,1127.0,0.0
2022-01-31 09:00:00,1459.0,0.1
2022-01-31 10:00:00,1550.0,0.4
2022-01-31 11:00:00,1630.0,1.6
2022-01-31 12:00:00,1558.0,2.6
2022-01-31 13:00:00,1509.0,3.2
2022-01-31 14:00:00,1554.0,2.8
2022-01-31 15:00:00,1618.0,2.5
2022-01-31 16:00:00,1610.0,2.3
2022-01-31 17:00:00,1530.0,2.2
2022-01-31 18:00:00,1579.0,2.1
2022-01-31 19:00:00,1604.0,1.8
2022-01-31 20:00:00,1619.0,1.7
2022-01-31 21:00:00,1554.0,1.6
2022-01-31 22:00:00,1511.0,1.7
2022-01-31 23:00:00,1463.0,1.6
2022-02-01 00:00:00,1377.0,1.5
2022-02-01 01:00:00,1113.0,1.4
2022-02-01 02:00:00,893.0,1.3
2022-02-01 03:00:00,739.0,1.3
2022-02-01 04:00:00,700.0,1.3
2022-02-01 05:00:00,699.0,1.4
2022-02-01 06:00:00,691.0,1.3
2022-02-01 07:00:00,757.0,1.3
2022-02-01 08:00:00,939.0,1.4
2022-02-01 09:00:00,1232.0,1.6
2022-02-01 10:00:00,1366.0,1.8
2022-02-01 11:00:00,1361.0,2.1
2022-02-01 12:00:00,1269.0,2.5
2022-02-01 13:00:00,1159.0,2.8
2022-02-01 14:00:00,1121.0,3.3
2022-02-01 15:00:00,1152.0,3.7
2022-02-01 16:00:00,1251.0,3.7
2022-02-01 17:00:00,1350.0,3.7
2022-02-01 18:00:00,1259.0,3.5
2022-02-01 19:00:00,1295.0,3.3
2022-02-01 20:00:00,1268.0,3.1
2022-02-01 21:00:00,1260.0,2.9
2022-02-01 22:00:00,1218.0,2.7
2022-02-01 23:00:00,1171.0,2.8
2022-02-02 00:00:00,1053.0,2.7
2022-02-02 01:00:00,916.0,2.4
2022-02-02 02:00:00,799.0,1.7
2022-02-02 03:00:00,713.0,1.4
2022-02-02 04:00:00,661.0,1.3
2022-02-02 05:00:00,666.0,1.1
2022-02-02 06:00:00,663.0,1.0
2022-02-02 07:00:00,697.0,0.8
2022-02-02 08:00:00,941.0,0.4
2022-02-02 09:00:00,1342.0,0.5
2022-02-02 10:00:00,1478.0,0.8
2022-02-02 11:00:00,1486.0,0.9
2022-02-02 12:00:00,1325.0,1.3
2022-02-02 13:00:00,1257.0,0.5
2022-02-02 14:00:00,1186.0,1.2
2022-02-02 15:00:00,1273.0,1.5
2022-02-02 16:00:00,1318.0,1.0
2022-02-02 17:00:00,1324.0,1.2
2022-02-02 18:00:00,1271.0,1.0
2022-02-02 19:00:00,1322.0,0.9
2022-02-02 20:00:00,1360.0,0.9
2022-02-02 21:00:00,1360.0,1.0
2022-02-02 22:00:00,1338.0,0.8
2022-02-02 23:00:00,1285.0,0.5
2022-02-03 00:00:00,1134.0,0.3
2022-02-03 01:00:00,976.0,0.3
2022-02-03 02:00:00,831.0,0.5
2022-02-03 03:00:00,694.0,0.3
2022-02-03 04:00:00,661.0,0.4
2022-02-03 05:00:00,632.0,0.5
2022-02-03 06:00:00,647.0,0.5
2022-02-03 07:00:00,702.0,0.3
2022-02-03 08:00:00,990.0,0.0
2022-02-03 09:00:00,1398.0,0.7
2022-02-03 10:00:00,1509.0,1.5
2022-02-03 11:00:00,1422.0,2.4
2022-02-03 12:00:00,1323.0,3.0
2022-02-03 13:00:00,1228.0,3.7
2022-02-03 14:00:00,1192.0,4.1
2022-02-03 15:00:00,1248.0,4.6
2022-02-03 16:00:00,1277.0,4.3
2022-02-03 17:00:00,1338.0,4.2
2022-02-03 18:00:00,1293.0,4.0
2022-02-03 19:00:00,1381.0,3.5
2022-02-03 20:00:00,1375.0,2.9
2022-02-03 21:00:00,1381.0,2.9
2022-02-03 22:00:00,1378.0,2.7
2022-02-03 23:00:00,1278.0,2.7
2022-02-04 00:00:00,1123.0,2.6
2022-02-04 01:00:00,940.0,2.4
2022-02-04 02:00:00,816.0,2.2
2022-02-04 03:00:00,699.0,1.6
2022-02-04 04:00:00,657.0,0.2
2022-02-04 05:00:00,658.0,-0.5
2022-02-04 06:00:00,680.0,-0.8
2022-02-04 07:00:00,754.0,0.4
2022-02-04 08:00:00,1055.0,0.8
2022-02-04 09:00:00,1453.0,1.2
2022-02-04 10:00:00,1517.0,3.5
2022-02-04 11:00:00,1367.0,6.0
2022-02-04 12:00:00,1265.0,8.5
2022-02-04 13:00:00,1147.0,8.3
2022-02-04 14:00:00,1099.0,9.6
2022-02-04 15:00:00,1191.0,9.4
2022-02-04 16:00:00,1189.0,9.4
2022-02-04 17:00:00,1258.0,9.9
2022-02-04 18:00:00,1284.0,8.5
2022-02-04 19:00:00,1368.0,5.8
2022-02-04 20:00:00,1421.0,4.2
2022-02-04 21:00:00,1345.0,2.8
2022-02-04 22:00:00,1366.0,2.3
2022-02-04 23:00:00,1277.0,1.3
2022-02-05 00:00:00,1133.0,0.9
2022-02-05 01:00:00,942.0,0.3
2022-02-05 02:00:00,783.0,0.6
2022-02-05 03:00:00,718.0,-0.2
2022-02-05 04:00:00,671.0,-0.1
2022-02-05 05:00:00,654.0,-0.3
2022-02-05 06:00:00,669.0,-0.4
2022-02-05 07:00:00,755.0,-1.1
2022-02-05 08:00:00,1077.0,-1.6
2022-02-05 09:00:00,1458.0,1.6
2022-02-05 10:00:00,1510.0,3.0
2022-02-05 11:00:00,1458.0,4.5
2022-02-05 12:00:00,1301.0,6.0
2022-02-05 13:00:00,1245.0,7.4
2022-02-05 14:00:00,1205.0,7.9
2022-02-05 15:00:00,1301.0,8.1
2022-02-05 16:00:00,1291.0,8.1
2022-02-05 17:00:00,1369.0,7.9
2022-02-05 18:00:00,1367.0,7.2
2022-02-05 19:00:00,1369.0,6.7
2022-02-05 20:00:00,1431.0,6.1
2022-02-05 21:00:00,1396.0,6.1
2022-02-05 22:00:00,1337.0,6.0
2022-02-05 23:00:00,1213.0,5.9
2022-02-06 00:00:00,1082.0,6.1
2022-02-06 01:00:00,929.0,5.9
2022-02-06 02:00:00,754.0,5.6
2022-02-06 03:00:00,668.0,5.4
2022-02-06 04:00:00,649.0,5.4
2022-02-06 05:00:00,660.0,5.3
2022-02-06 06:00:00,663.0,5.2
2022-02-06 07:00:00,753.0,5.1
2022-02-06 08:00:00,1032.0,5.0
2022-02-06 09:00:00,1434.0,4.8
2022-02-06 10:00:00,1526.0,4.9
2022-02-06 11:00:00,1470.0,5.2
2022-02-06 12:00:00,1390.0,5.4
2022-02-06 13:00:00,1354.0,5.2
2022-02-06 14:00:00,1313.0,4.4
2022-02-06 15:00:00,1390.0,4.4
2022-02-06 16:00:00,1448.0,4.1
2022-02-06 17:00:00,1476.0,3.9
2022-02-06 18:00:00,1476.0,3.5
2022-02-06 19:00:00,1475.0,3.3
2022-02-06 20:00:00,1522.0,3.3
2022-02-06 21:00:00,1412.0,3.1
2022-02-06 22:00:00,1341.0,2.6
2022-02-06 23:00:00,1246.0,2.1
2022-02-07 00:00:00,1138.0,1.8
2022-02-07 01:00:00,970.0,0.9
2022-02-07 02:00:00,821.0,0.2
2022-02-07 03:00:00,723.0,0.4
2022-02-07 04:00:00,697.0,0.4
2022-02-07 05:00:00,689.0,0.2
2022-02-07 06:00:00,682.0,0.0
2022-02-07 07:00:00,780.0,0.0
2022-02-07 08:00:00,1098.0,0.0
2022-02-07 09:00:00,1555.0,0.2
2022-02-07 10:00:00,1658.0,1.1
2022-02-07 11:00:00,1608.0,1.5
2022-02-07 12:00:00,1482.0,2.0
2022-02-07 13:00:00,1392.0,2.4
2022-02-07 14:00:00,1432.0,2.6
2022-02-07 15:00:00,1466.0,2.9
2022-02-07 16:00:00,1534.0,3.0
2022-02-07 17:00:00,1554.0,3.1
2022-02-07 18:00:00,1492.0,3.1
2022-02-07 19:00:00,1530.0,2.8
2022-02-07 20:00:00,1513.0,2.2
2022-02-07 21:00:00,1492.0,2.1
2022-02-07 22:00:00,1435.0,1.8
2022-02-07 23:00:00,1355.0,1.3
2022-02-08 00:00:00,1144.0,1.0
2022-02-08 01:00:00,984.0,0.9
2022-02-08 02:00:00,860.0,0.7
2022-02-08 03:00:00,771.0,0.4
2022-02-08 04:00:00,702.0,0.2
2022-02-08 05:00:00,713.0,0.2
2022-02-08 06:00:00,713.0,0.3
2022-02-08 07:00:00,827.0,0.0
2022-02-08 08:00:00,1129.0,-0.3
2022-02-08 09:00:00,1555.0,-0.1
2022-02-08 10:00:00,1669.0,0.0
2022-02-08 11:00:00,1684.0,0.2
2022-02-08 12:00:00,1541.0,0.3
2022-02-08 13:00:00,1504.0,0.5
2022-02-08 14:00:00,1426.0,0.9
2022-02-08 15:00:00,1540.0,0.9
2022-02-08 16:00:00,1584.0,0.8
2022-02-08 17:00:00,1651.0,0.7
2022-02-08 18:00:00,1647.0,0.6
2022-02-08 19:00:00,1568.0,0.5
2022-02-08 20:00:00,1568.0,0.4
2022-02-08 21:00:00,1463.0,0.2
2022-02-08 22:00:00,1468.0,0.3
2022-02-08 23:00:00,1319.0,0.3
2022-02-09 00:00:00,1163.0,0.1
2022-02-09 01:00:00,938.0,0.1
2022-02-09 02:00:00,851.0,0.0
2022-02-09 03:00:00,731.0,0.0
2022-02-09 04:00:00,725.0,0.0
2022-02-09 05:00:00,711.0,0.0
2022-02-09 06:00:00,707.0,-0.1
2022-02-09 07:00:00,791.0,-0.1
2022-02-09 08:00:00,1160.0,0.0
2022-02-09 09:00:00,1571.0,0.7
2022-02-09 10:00:00,1634.0,1.4
2022-02-09 11:00:00,1606.0,2.0
2022-02-09 12:00:00,1505.0,2.8
2022-02-09 13:00:00,1435.0,3.3
2022-02-09 14:00:00,1401.0,3.6
2022-02-09 15:00:00,1390.0,3.8
2022-02-09 16:00:00,1517.0,4.1
2022-02-09 17:00:00,1559.0,4.3
2022-02-09 18:00:00,1559.0,4.0
2022-02-09 19:00:00,1511.0,3.5
2022-02-09 20:00:00,1565.0,3.0
2022-02-09 21:00:00,1488.0,2.9
2022-02-09 22:00:00,1435.0,2.8
2022-02-09 23:00:00,1319.0,2.8
2022-02-10 00:00:00,1145.0,2.8
2022-02-10 01:00:00,923.0,2.8
2022-02-10 02:00:00,787.0,2.9
2022-02-10 03:00:00,730.0,2.9
2022-02-10 04:00:00,685.0,2.7
2022-02-10 05:00:00,707.0,2.6
2022-02-10 06:00:00,729.0,2.6
2022-02-10 07:00:00,844.0,2.6
2022-02-10 08:00:00,1151.0,2.6
2022-02-10 09:00:00,1563.0,2.9
2022-02-10 10:00:00,1628.0,3.4
2022-02-10 11:00:00,1613.0,3.9
2022-02-10 12:00:00,1499.0,4.2
2022-02-10 13:00:00,1458.0,4.1
2022-02-10 14:00:00,1341.0,3.8
2022-02-10 15:00:00,1430.0,3.7
2022-02-10 16:00:00,1420.0,3.9
2022-02-10 17:00:00,1579.0,3.8
2022-02-10 18:00:00,1533.0,3.7
2022-02-10 19:00:00,1522.0,3.4
2022-02-10 20:00:00,1544.0,3.4
2022-02-10 21:00:00,1444.0,3.4
2022-02-10 22:00:00,1368.0,3.4
2022-02-10 23:00:00,1245.0,3.5
2022-02-11 00:00:00,1062.0,3.4
2022-02-11 01:00:00,909.0,3.3
2022-02-11 02:00:00,824.0,2.9
2022-02-11 03:00:00,737.0,2.8
2022-02-11 04:00:00,720.0,2.7
2022-02-11 05:00:00,708.0,2.6
2022-02-11 06:00:00,741.0,2.6
2022-02-11 07:00:00,816.0,2.6
2022-02-11 08:00:00,1131.0,2.6
2022-02-11 09:00:00,1565.0,2.9
2022-02-11 10:00:00,1598.0,3.3
2022-02-11 11:00:00,1625.0,3.6
2022-02-11 12:00:00,1511.0,4.0
2022-02-11 13:00:00,1404.0,4.3
2022-02-11 14:00:00,1357.0,4.6
2022-02-11 15:00:00,1427.0,4.7
2022-02-11 16:00:00,1435.0,5.0
2022-02-11 17:00:00,1531.0,5.8
2022-02-11 18:00:00,1479.0,5.6
2022-02-11 19:00:00,1476.0,5.0
2022-02-11 20:00:00,1498.0,3.6
2022-02-11 21:00:00,1435.0,3.2
2022-02-11 22:00:00,1374.0,2.9
2022-02-11 23:00:00,1247.0,2.4
2022-02-12 00:00:00,1091.0,1.8
2022-02-12 01:00:00,928.0,2.5
2022-02-12 02:00:00,811.0,2.7
2022-02-12 03:00:00,757.0,2.9
2022-02-12 04:00:00,680.0,3.1
2022-02-12 05:00:00,687.0,3.3
2022-02-12 06:00:00,706.0,3.3
2022-02-12 07:00:00,770.0,3.3
2022-02-12 08:00:00,1071.0,3.3
2022-02-12 09:00:00,1445.0,3.6
2022-02-12 10:00:00,1517.0,4.1
2022-02-12 11:00:00,1502.0,4.8
2022-02-12 12:00:00,1390.0,5.2
2022-02-12 13:00:00,1360.0,5.7
2022-02-12 14:00:00,1305.0,6.4
2022-02-12 15:00:00,1392.0,6.4
2022-02-12 16:00:00,1418.0,6.2
2022-02-12 17:00:00,1517.0,6.4
2022-02-12 18:00:00,1470.0,6.0
2022-02-12 19:00:00,1465.0,5.6
2022-02-12 20:00:00,1473.0,5.3
2022-02-12 21:00:00,1381.0,5.0
2022-02-12 22:00:00,1343.0,5.1
2022-02-12 23:00:00,1211.0,4.9
2022-02-13 00:00:00,1083.0,4.8
2022-02-13 01:00:00,896.0,4.6
2022-02-13 02:00:00,786.0,4.2
2022-02-13 03:00:00,737.0,3.9
2022-02-13 04:00:00,703.0,3.6
2022-02-13 05:00:00,694.0,3.4
2022-02-13 06:00:00,779.0,3.2
2022-02-13 07:00:00,796.0,3.2
2022-02-13 08:00:00,1062.0,3.1
2022-02-13 09:00:00,1437.0,3.3
2022-02-13 10:00:00,1495.0,3.4
2022-02-13 11:00:00,1502.0,4.3
2022-02-13 12:00:00,1389.0,5.5
2022-02-13 13:00:00,1300.0,5.7
2022-02-13 14:00:00,1221.0,6.5
2022-02-13 15:00:00,1334.0,7.3
2022-02-13 16:00:00,1341.0,7.6
2022-02-13 17:00:00,1379.0,8.1
2022-02-13 18:00:00,1415.0,6.8
2022-02-13 19:00:00,1449.0,5.6
2022-02-13 20:00:00,1487.0,5.5
2022-02-13 21:00:00,1380.0,5.5
2022-02-13 22:00:00,1331.0,5.0
2022-02-13 23:00:00,1217.0,3.2
2022-02-14 00:00:00,1040.0,2.3
2022-02-14 01:00:00,872.0,1.7
2022-02-14 02:00:00,793.0,1.1
2022-02-14 03:00:00,707.0,0.2
2022-02-14 04:00:00,661.0,0.1
2022-02-14 05:00:00,686.0,0.3
2022-02-14 06:00:00,694.0,0.9
2022-02-14 07:00:00,811.0,1.2
2022-02-14 08:00:00,1152.0,1.4
2022-02-14 09:00:00,1521.0,2.2
2022-02-14 10:00:00,1576.0,3.5
2022-02-14 11:00:00,1480.0,4.6
2022-02-14 12:00:00,1391.0,5.5
2022-02-14 13:00:00,1329.0,5.6
2022-02-14 14:00:00,1243.0,6.9
2022-02-14 15:00:00,1353.0,6.7
2022-02-14 16:00:00,1368.0,6.7
2022-02-14 17:00:00,1412.0,7.0
2022-02-14 18:00:00,1506.0,6.4
2022-02-14 19:00:00,1508.0,4.5
2022-02-14 20:00:00,1507.0,3.7
2022-02-14 21:00:00,1428.0,3.1
2022-02-14 22:00:00,1402.0,2.1
2022-02-14 23:00:00,1271.0,1.9
2022-02-15 00:00:00,1061.0,1.6
2022-02-15 01:00:00,932.0,1.7
2022-02-15 02:00:00,796.0,2.0
2022-02-15 03:00:00,714.0,3.9
2022-02-15 04:00:00,691.0,3.9
2022-02-15 05:00:00,700.0,3.7
2022-02-15 06:00:00,728.0,3.6
2022-02-15 07:00:00,828.0,3.6
2022-02-15 08:00:00,1179.0,3.8
2022-02-15 09:00:00,1509.0,4.2
2022-02-15 10:00:00,1534.0,5.3
2022-02-15 11:00:00,1483.0,6.3
2022-02-15 12:00:00,1368.0,7.1
2022-02-15 13:00:00,1294.0,7.9
2022-02-15 14:00:00,1241.0,8.0
2022-02-15 15:00:00,1307.0,8.5
2022-02-15 16:00:00,1374.0,8.3
2022-02-15 17:00:00,1411.0,8.2
2022-02-15 18:00:00,1397.0,7.7
2022-02-15 19:00:00,1371.0,7.4
2022-02-15 20:00:00,1400.0,6.9
2022-02-15 21:00:00,1356.0,6.9
2022-02-15 22:00:00,1284.0,6.7
2022-02-15 23:00:00,1198.0,6.3
2022-02-16 00:00:00,1042.0,6.2
2022-02-16 01:00:00,850.0,6.1
2022-02-16 02:00:00,751.0,6.0
2022-02-16 03:00:00,701.0,5.9
2022-02-16 04:00:00,680.0,6.0
2022-02-16 05:00:00,701.0,5.5
2022-02-16 06:00:00,741.0,5.3
2022-02-16 07:00:00,811.0,5.2
2022-02-16 08:00:00,1124.0,5.1
2022-02-16 09:00:00,1481.0,5.2
2022-02-16 10:00:00,1492.0,5.6
2022-02-16 11:00:00,1469.0,6.1
2022-02-16 12:00:00,1383.0,6.7
2022-02-16 13:00:00,1383.0,6.8
2022-02-16 14:00:00,1352.0,6.5
2022-02-16 15:00:00,1376.0,6.4
2022-02-16 16:00:00,1483.0,6.2
2022-02-16 17:00:00,1546.0,6.0
2022-02-16 18:00:00,1508.0,5.8
2022-02-16 19:00:00,1466.0,5.7
2022-02-16 20:00:00,1409.0,5.6
2022-02-16 21:00:00,1347.0,5.6
2022-02-16 22:00:00,1281.0,5.4
2022-02-16 23:00:00,1167.0,5.3
2022-02-17 00:00:00,1028.0,5.3
2022-02-17 01:00:00,899.0,5.1
2022-02-17 02:00:00,759.0,5.1
2022-02-17 03:00:00,749.0,5.0
2022-02-17 04:00:00,704.0,4.9
2022-02-17 05:00:00,664.0,5.0
2022-02-17 06:00:00,677.0,5.0
2022-02-17 07:00:00,829.0,4.7
2022-02-17 08:00:00,1122.0,4.4
2022-02-17 09:00:00,1482.0,4.1
2022-02-17 10:00:00,1546.0,4.2
2022-02-17 11:00:00,1568.0,4.2
2022-02-17 12:00:00,1463.0,4.3
2022-02-17 13:00:00,1421.0,4.5
2022-02-17 14:00:00,1392.0,4.3
2022-02-17 15:00:00,1396.0,4.3
2022-02-17 16:00:00,1444.0,3.9
2022-02-17 17:00:00,1624.0,3.6
2022-02-17 18:00:00,1563.0,3.3
2022-02-17 19:00:00,1477.0,3.0
2022-02-17 20:00:00,1485.0,2.7
2022-02-17 21:00:00,1432.0,2.6
2022-02-17 22:00:00,1306.0,2.3
2022-02-17 23:00:00,1219.0,2.2
2022-02-18 00:00:00,1082.0,2.1
2022-02-18 01:00:00,908.0,2.0
2022-02-18 02:00:00,777.0,1.8
2022-02-18 03:00:00,783.0,1.6
2022-02-18 04:00:00,721.0,1.4
2022-02-18 05:00:00,712.0,1.2
2022-02-18 06:00:00,759.0,1.2
2022-02-18 07:00:00,891.0,1.0
2022-02-18 08:00:00,1183.0,0.9
2022-02-18 09:00:00,1581.0,0.9
2022-02-18 10:00:00,1596.0,0.7
2022-02-18 11:00:00,1638.0,0.9
2022-02-18 12:00:00,1578.0,1.2
2022-02-18 13:00:00,1632.0,1.5
2022-02-18 14:00:00,1468.0,1.4
2022-02-18 15:00:00,1555.0,1.5
2022-02-18 16:00:00,1661.0,1.7
2022-02-18 17:00:00,1757.0,1.8
2022-02-18 18:00:00,1682.0,1.7
2022-02-18 19:00:00,1595.0,1.5
2022-02-18 20:00:00,1579.0,1.4
2022-02-18 21:00:00,1493.0,1.4
2022-02-18 22:00:00,1444.0,1.5
2022-02-18 23:00:00,1350.0,1.2
2022-02-19 00:00:00,1185.0,1.2
2022-02-19 01:00:00,984.0,1.0
2022-02-19 02:00:00,899.0,0.9
2022-02-19 03:00:00,835.0,0.6
2022-02-19 04:00:00,809.0,0.4
2022-02-19 05:00:00,792.0,0.2
2022-02-19 06:00:00,811.0,0.3
2022-02-19 07:00:00,895.0,0.4
2022-02-19 08:00:00,1211.0,0.6
2022-02-19 09:00:00,1607.0,0.8
2022-02-19 10:00:00,1701.0,1.2
2022-02-19 11:00:00,1721.0,1.4
2022-02-19 12:00:00,1579.0,2.2
2022-02-19 13:00:00,1546.0,3.2
2022-02-19 14:00:00,1510.0,3.4
2022-02-19 15:00:00,1542.0,3.5
2022-02-19 16:00:00,1602.0,3.5
2022-02-19 17:00:00,1696.0,3.4
2022-02-19 18:00:00,1674.0,3.4
2022-02-19 19:00:00,1678.0,3.1
2022-02-19 20:00:00,1677.0,2.8
2022-02-19 21:00:00,1593.0,2.8
2022-02-19 22:00:00,1470.0,2.8
2022-02-19 23:00:00,1366.0,2.7
2022-02-20 00:00:00,1175.0,2.5
2022-02-20 01:00:00,998.0,2.2
2022-02-20 02:00:00,885.0,2.0
2022-02-20 03:00:00,828.0,2.0
2022-02-20 04:00:00,794.0,2.5
2022-02-20 05:00:00,769.0,2.6
2022-02-20 06:00:00,806.0,2.4
2022-02-20 07:00:00,966.0,2.3
2022-02-20 08:00:00,1223.0,2.4
2022-02-20 09:00:00,1535.0,2.6
2022-02-20 10:00:00,1596.0,2.7
2022-02-20 11:00:00,1527.0,2.9
2022-02-20 12:00:00,1488.0,2.9
2022-02-20 13:00:00,1439.0,2.9
2022-02-20 14:00:00,1440.0,3.3
2022-02-20 15:00:00,1457.0,3.4
2022-02-20 16:00:00,1543.0,3.2
2022-02-20 17:00:00,1607.0,3.5
2022-02-20 18:00:00,1603.0,3.2
2022-02-20 19:00:00,1637.0,3.0
2022-02-20 20:00:00,1669.0,2.8
2022-02-20 21:00:00,1521.0,2.7
2022-02-20 22:00:00,1430.0,2.5
2022-02-20 23:00:00,1282.0,2.4
2022-02-21 00:00:00,1084.0,2.3
2022-02-21 01:00:00,937.0,2.2
2022-02-21 02:00:00,865.0,1.7
2022-02-21 03:00:00,854.0,1.4
2022-02-21 04:00:00,801.0,1.5
2022-02-21 05:00:00,755.0,1.2
2022-02-21 06:00:00,844.0,1.0
2022-02-21 07:00:00,1113.0,0.6
2022-02-21 08:00:00,1396.0,0.5
2022-02-21 09:00:00,1627.0,0.7
2022-02-21 10:00:00,1683.0,1.2
2022-02-21 11:00:00,1626.0,1.3
2022-02-21 12:00:00,1489.0,1.8
2022-02-21 13:00:00,1476.0,2.8
2022-02-21 14:00:00,1511.0,2.9
2022-02-21 15:00:00,1504.0,2.8
2022-02-21 16:00:00,1573.0,2.8
2022-02-21 17:00:00,1655.0,2.6
2022-02-21 18:00:00,1597.0,2.2
2022-02-21 19:00:00,1583.0,1.5
2022-02-21 20:00:00,1621.0,0.7
2022-02-21 21:00:00,1542.0,0.9
2022-02-21 22:00:00,1423.0,0.2
2022-02-21 23:00:00,1267.0,0.1
2022-02-22 00:00:00,1115.0,-0.1
2022-02-22 01:00:00,1023.0,0.0
2022-02-22 02:00:00,943.0,0.0
2022-02-22 03:00:00,850.0,-0.1
2022-02-22 04:00:00,823.0,0.0
2022-02-22 05:00:00,857.0,0.0
2022-02-22 06:00:00,877.0,0.0
2022-02-22 07:00:00,1085.0,0.0
2022-02-22 08:00:00,1299.0,0.0
2022-02-22 09:00:00,1624.0,0.0
2022-02-22 10:00:00,1682.0,0.3
2022-02-22 11:00:00,1677.0,0.2
2022-02-22 12:00:00,1486.0,0.4
2022-02-22 13:00:00,1463.0,0.6
2022-02-22 14:00:00,1425.0,0.6
2022-02-22 15:00:00,1474.0,0.4
2022-02-22 16:00:00,1527.0,0.6
2022-02-22 17:00:00,1632.0,0.4
2022-02-22 18:00:00,1621.0,0.2
2022-02-22 19:00:00,1687.0,0.0
2022-02-22 20:00:00,1536.0,0.1
2022-02-22 21:00:00,1499.0,0.0
2022-02-22 22:00:00,1385.0,0.0
2022-02-22 23:00:00,1263.0,0.0
2022-02-23 00:00:00,1152.0,0.1
2022-02-23 01:00:00,970.0,0.1
2022-02-23 02:00:00,876.0,0.0
2022-02-23 03:00:00,842.0,0.1
2022-02-23 04:00:00,837.0,0.1
2022-02-23 05:00:00,805.0,0.1
2022-02-23 06:00:00,819.0,0.1
2022-02-23 07:00:00,936.0,0.3
2022-02-23 08:00:00,1280.0,0.3
2022-02-23 09:00:00,1550.0,0.9
2022-02-23 10:00:00,1668.0,1.6
2022-02-23 11:00:00,1639.0,2.8
2022-02-23 12:00:00,1490.0,3.0
2022-02-23 13:00:00,1431.0,4.0
2022-02-23 14:00:00,1422.0,3.8
2022-02-23 15:00:00,1419.0,5.1
2022-02-23 16:00:00,1504.0,5.0
2022-02-23 17:00:00,1678.0,4.5
2022-02-23 18:00:00,1635.0,4.1
2022-02-23 19:00:00,1597.0,3.2
2022-02-23 20:00:00,1652.0,2.7
2022-02-23 21:00:00,1594.0,2.8
2022-02-23 22:00:00,1422.0,2.4
2022-02-23 23:00:00,1241.0,2.4
2022-02-24 00:00:00,1087.0,2.1
2022-02-24 01:00:00,964.0,1.9
2022-02-24 02:00:00,871.0,1.6
2022-02-24 03:00:00,830.0,1.5
2022-02-24 04:00:00,805.0,1.4
2022-02-24 05:00:00,776.0,1.2
2022-02-24 06:00:00,903.0,1.1
2022-02-24 07:00:00,1103.0,1.0
2022-02-24 08:00:00,1424.0,1.2
2022-02-24 09:00:00,1676.0,1.8
2022-02-24 10:00:00,1625.0,2.8
2022-02-24 11:00:00,1548.0,4.0
2022-02-24 12:00:00,1418.0,5.7
2022-02-24 13:00:00,1404.0,6.4
2022-02-24 14:00:00,1357.0,7.1
2022-02-24 15:00:00,1398.0,6.7
2022-02-24 16:00:00,1431.0,7.6
2022-02-24 17:00:00,1486.0,8.2
2022-02-24 18:00:00,1502.0,8.2
2022-02-24 19:00:00,1525.0,5.4
2022-02-24 20:00:00,1604.0,4.2
2022-02-24 21:00:00,1485.0,2.7
2022-02-24 22:00:00,1358.0,2.3
2022-02-24 23:00:00,1209.0,2.0
2022-02-25 00:00:00,1091.0,0.8
2022-02-25 01:00:00,921.0,0.9
2022-02-25 02:00:00,846.0,0.8
2022-02-25 03:00:00,785.0,0.9
2022-02-25 04:00:00,784.0,0.9
2022-02-25 05:00:00,751.0,0.5
2022-02-25 06:00:00,832.0,0.6
2022-02-25 07:00:00,1121.0,0.5
2022-02-25 08:00:00,1413.0,0.6
2022-02-25 09:00:00,1631.0,2.0
2022-02-25 10:00:00,1590.0,4.1
2022-02-25 11:00:00,1525.0,5.9
2022-02-25 12:00:00,1403.0,6.5
2022-02-25 13:00:00,1318.0,7.5
2022-02-25 14:00:00,1248.0,8.9
2022-02-25 15:00:00,1307.0,9.6
2022-02-25 16:00:00,1342.0,10.4
2022-02-25 17:00:00,1448.0,10.1
2022-02-25 18:00:00,1453.0,9.3
2022-02-25 19:00:00,1473.0,8.6
2022-02-25 20:00:00,1531.0,7.7
2022-02-25 21:00:00,1427.0,7.0
2022-02-25 22:00:00,1339.0,5.9
2022-02-25 23:00:00,1248.0,5.6
2022-02-26 00:00:00,1065.0,5.7
2022-02-26 01:00:00,903.0,5.5
2022-02-26 02:00:00,827.0,5.6
2022-02-26 03:00:00,764.0,5.4
2022-02-26 04:00:00,784.0,5.4
2022-02-26 05:00:00,717.0,5.3
2022-02-26 06:00:00,723.0,5.5
2022-02-26 07:00:00,890.0,5.5
2022-02-26 08:00:00,1250.0,5.8
2022-02-26 09:00:00,1498.0,6.5
2022-02-26 10:00:00,1510.0,7.6
2022-02-26 11:00:00,1440.0,9.2
2022-02-26 12:00:00,1301.0,11.4
2022-02-26 13:00:00,1227.0,12.6
2022-02-26 14:00:00,1146.0,15.1
2022-02-26 15:00:00,1153.0,15.3
2022-02-26 16:00:00,1217.0,16.4
2022-02-26 17:00:00,1262.0,16.4
2022-02-26 18:00:00,1328.0,15.5
2022-02-26 19:00:00,1423.0,12.3
2022-02-26 20:00:00,1450.0,9.7
2022-02-26 21:00:00,1386.0,8.5
2022-02-26 22:00:00,1267.0,8.5
2022-02-26 23:00:00,1165.0,6.3
2022-02-27 00:00:00,1033.0,5.9
2022-02-27 01:00:00,872.0,5.8
2022-02-27 02:00:00,788.0,4.4
2022-02-27 03:00:00,731.0,4.1
2022-02-27 04:00:00,718.0,4.2
2022-02-27 05:00:00,743.0,4.0
2022-02-27 06:00:00,735.0,4.0
2022-02-27 07:00:00,913.0,3.9
2022-02-27 08:00:00,1243.0,3.6
2022-02-27 09:00:00,1443.0,6.4
2022-02-27 10:00:00,1373.0,9.4
2022-02-27 11:00:00,1288.0,10.8
2022-02-27 12:00:00,1130.0,12.0
2022-02-27 13:00:00,1123.0,13.3
2022-02-27 14:00:00,1025.0,14.9
2022-02-27 15:00:00,1099.0,16.5
2022-02-27 16:00:00,1201.0,18.1
2022-02-27 17:00:00,1267.0,18.5
2022-02-27 18:00:00,1274.0,16.6
2022-02-27 19:00:00,1399.0,14.4
2022-02-27 20:00:00,1512.0,12.3
2022-02-27 21:00:00,1343.0,11.6
2022-02-27 22:00:00,1187.0,10.2
2022-02-27 23:00:00,1052.0,8.9
2022-02-28 00:00:00,945.0,8.1
2022-02-28 01:00:00,814.0,8.1
2022-02-28 02:00:00,782.0,7.2
2022-02-28 03:00:00,759.0,7.1
2022-02-28 04:00:00,714.0,6.6
2022-02-28 05:00:00,686.0,6.9
2022-02-28 06:00:00,757.0,7.3
2022-02-28 07:00:00,991.0,7.6
2022-02-28 08:00:00,1244.0,8.1
2022-02-28 09:00:00,1355.0,9.1
2022-02-28 10:00:00,1333.0,10.0
2022-02-28 11:00:00,1234.0,11.8
2022-02-28 12:00:00,1108.0,13.4
2022-02-28 13:00:00,1012.0,15.6
2022-02-28 14:00:00,1057.0,17.2
2022-02-28 15:00:00,1083.0,18.7
2022-02-28 16:00:00,1109.0,20.2
2022-02-28 17:00:00,1131.0,20.2
2022-02-28 18:00:00,1197.0,18.9
2022-02-28 19:00:00,1242.0,16.7
2022-02-28 20:00:00,1286.0,14.2
2022-02-28 21:00:00,1187.0,13.7
2022-02-28 22:00:00,1081.0,13.9
2022-02-28 23:00:00,977.0,13.7
2022-03-01 00:00:00,894.0,13.3
2022-03-01 01:00:00,811.0,13.1
2022-03-01 02:00:00,755.0,13.9
2022-03-01 03:00:00,761.0,13.0
2022-03-01 04:00:00,729.0,11.5
2022-03-01 05:00:00,758.0,10.6
2022-03-01 06:00:00,801.0,10.2
2022-03-01 07:00:00,986.0,10.0
2022-03-01 08:00:00,1193.0,9.9
2022-03-01 09:00:00,1350.0,9.9
2022-03-01 10:00:00,1376.0,10.2
2022-03-01 11:00:00,1258.0,11.2
2022-03-01 12:00:00,1114.0,11.6
2022-03-01 13:00:00,1140.0,12.4
2022-03-01 14:00:00,1130.0,12.8
2022-03-01 15:00:00,1165.0,13.0
2022-03-01 16:00:00,1212.0,13.0
2022-03-01 17:00:00,1253.0,12.8
2022-03-01 18:00:00,1279.0,12.5
2022-03-01 19:00:00,1228.0,11.9
2022-03-01 20:00:00,1312.0,11.5
2022-03-01 21:00:00,1208.0,10.4
2022-03-01 22:00:00,1077.0,10.1
2022-03-01 23:00:00,975.0,10.0
2022-03-02 00:00:00,912.0,9.9
2022-03-02 01:00:00,820.0,9.0
2022-03-02 02:00:00,772.0,7.8
2022-03-02 03:00:00,755.0,7.5
2022-03-02 04:00:00,734.0,6.1
2022-03-02 05:00:00,740.0,5.4
2022-03-02 06:00:00,802.0,5.1
2022-03-02 07:00:00,1045.0,4.8
2022-03-02 08:00:00,1238.0,4.5
2022-03-02 09:00:00,1353.0,7.8
2022-03-02 10:00:00,1291.0,10.5
2022-03-02 11:00:00,1186.0,12.7
2022-03-02 12:00:00,1044.0,14.7
2022-03-02 13:00:00,1035.0,16.0
2022-03-02 14:00:00,995.0,16.9
2022-03-02 15:00:00,980.0,17.0
2022-03-02 16:00:00,1022.0,17.2
2022-03-02 17:00:00,1102.0,16.3
2022-03-02 18:00:00,1230.0,15.2
2022-03-02 19:00:00,1243.0,14.4
2022-03-02 20:00:00,1345.0,13.5
2022-03-02 21:00:00,1236.0,13.3
2022-03-02 22:00:00,1105.0,12.7
2022-03-02 23:00:00,945.0,12.2
2022-03-03 00:00:00,882.0,12.3
2022-03-03 01:00:00,798.0,12.0
2022-03-03 02:00:00,749.0,11.5
2022-03-03 03:00:00,709.0,11.6
2022-03-03 04:00:00,717.0,11.1
2022-03-03 05:00:00,730.0,11.2
2022-03-03 06:00:00,763.0,10.9
2022-03-03 07:00:00,989.0,10.9
2022-03-03 08:00:00,1191.0,11.1
2022-03-03 09:00:00,1360.0,11.6
2022-03-03 10:00:00,1342.0,12.4
2022-03-03 11:00:00,1296.0,13.4
2022-03-03 12:00:00,1178.0,14.1
2022-03-03 13:00:00,1157.0,14.4
2022-03-03 14:00:00,1111.0,14.8
2022-03-03 15:00:00,1143.0,15.2
2022-03-03 16:00:00,1118.0,15.8
2022-03-03 17:00:00,1233.0,15.5
2022-03-03 18:00:00,1228.0,14.2
2022-03-03 19:00:00,1289.0,13.4
2022-03-03 20:00:00,1368.0,12.6
2022-03-03 21:00:00,1241.0,12.0
2022-03-03 22:00:00,1175.0,11.5
2022-03-03 23:00:00,952.0,11.2
2022-03-04 00:00:00,955.0,11.0
2022-03-04 01:00:00,853.0,11.3
2022-03-04 02:00:00,838.0,11.4
2022-03-04 03:00:00,846.0,11.3
2022-03-04 04:00:00,830.0,11.3
2022-03-04 05:00:00,800.0,11.3
2022-03-04 06:00:00,872.0,11.2
2022-03-04 07:00:00,1103.0,11.1
2022-03-04 08:00:00,1299.0,11.1
2022-03-04 09:00:00,1424.0,11.6
2022-03-04 10:00:00,1385.0,11.9
2022-03-04 11:00:00,1385.0,12.5
2022-03-04 12:00:00,1216.0,12.6
2022-03-04 13:00:00,1188.0,12.8
2022-03-04 14:00:00,1096.0,12.5
2022-03-04 15:00:00,1244.0,12.3
2022-03-04 16:00:00,1175.0,12.5
2022-03-04 17:00:00,1218.0,12.5
2022-03-04 18:00:00,1312.0,12.3
2022-03-04 19:00:00,1302.0,11.9
2022-03-04 20:00:00,1372.0,11.7
2022-03-04 21:00:00,1232.0,11.6
2022-03-04 22:00:00,1154.0,11.0
2022-03-04 23:00:00,1005.0,10.9
2022-03-05 00:00:00,991.0,10.7
2022-03-05 01:00:00,906.0,10.2
2022-03-05 02:00:00,824.0,10.2
2022-03-05 03:00:00,818.0,10.2
2022-03-05 04:00:00,796.0,9.9
2022-03-05 05:00:00,770.0,9.8
2022-03-05 06:00:00,827.0,9.7
2022-03-05 07:00:00,912.0,9.7
2022-03-05 08:00:00,1212.0,9.9
2022-03-05 09:00:00,1390.0,10.2
2022-03-05 10:00:00,1401.0,10.7
2022-03-05 11:00:00,1309.0,10.8
2022-03-05 12:00:00,1253.0,11.0
2022-03-05 13:00:00,1191.0,11.3
2022-03-05 14:00:00,1175.0,11.5
2022-03-05 15:00:00,1212.0,11.8
2022-03-05 16:00:00,1257.0,11.9
2022-03-05 17:00:00,1339.0,11.6
2022-03-05 18:00:00,1352.0,11.5
2022-03-05 19:00:00,1333.0,11.3
2022-03-05 20:00:00,1383.0,11.2
2022-03-05 21:00:00,1234.0,11.1
2022-03-05 22:00:00,1138.0,11.1
2022-03-05 23:00:00,1040.0,11.0
2022-03-06 00:00:00,969.0,11.0
2022-03-06 01:00:00,898.0,11.0
2022-03-06 02:00:00,844.0,11.0
2022-03-06 03:00:00,805.0,11.0
2022-03-06 04:00:00,799.0,10.9
2022-03-06 05:00:00,775.0,10.9
2022-03-06 06:00:00,811.0,10.9
2022-03-06 07:00:00,923.0,10.9
2022-03-06 08:00:00,1192.0,11.0
2022-03-06 09:00:00,1409.0,11.1
2022-03-06 10:00:00,1470.0,11.3
2022-03-06 11:00:00,1342.0,11.6
2022-03-06 12:00:00,1256.0,11.9
2022-03-06 13:00:00,1184.0,11.4
2022-03-06 14:00:00,1244.0,11.3
2022-03-06 15:00:00,1248.0,11.4
2022-03-06 16:00:00,1259.0,11.8
2022-03-06 17:00:00,1338.0,12.2
2022-03-06 18:00:00,1347.0,12.0
2022-03-06 19:00:00,1334.0,11.6
2022-03-06 20:00:00,1429.0,11.4
2022-03-06 21:00:00,1300.0,10.6
2022-03-06 22:00:00,1194.0,10.0
2022-03-06 23:00:00,1032.0,9.7
2022-03-07 00:00:00,993.0,9.6
2022-03-07 01:00:00,911.0,9.6
2022-03-07 02:00:00,929.0,9.6
2022-03-07 03:00:00,848.0,9.3
2022-03-07 04:00:00,841.0,9.3
2022-03-07 05:00:00,850.0,9.1
2022-03-07 06:00:00,897.0,8.7
2022-03-07 07:00:00,1202.0,7.9
2022-03-07 08:00:00,1358.0,7.4
2022-03-07 09:00:00,1383.0,9.2
2022-03-07 10:00:00,1343.0,12.0
2022-03-07 11:00:00,1239.0,14.8
2022-03-07 12:00:00,1069.0,15.8
2022-03-07 13:00:00,1025.0,17.2
2022-03-07 14:00:00,1025.0,19.0
2022-03-07 15:00:00,986.0,20.5
2022-03-07 16:00:00,1056.0,20.6
2022-03-07 17:00:00,1135.0,20.6
2022-03-07 18:00:00,1200.0,19.9
2022-03-07 19:00:00,1248.0,15.7
2022-03-07 20:00:00,1356.0,12.7
2022-03-07 21:00:00,1318.0,10.7
2022-03-07 22:00:00,1174.0,10.5
2022-03-07 23:00:00,1049.0,9.3
2022-03-08 00:00:00,1008.0,9.0
2022-03-08 01:00:00,897.0,8.1
2022-03-08 02:00:00,870.0,8.5
2022-03-08 03:00:00,840.0,8.4
2022-03-08 04:00:00,828.0,7.7
2022-03-08 05:00:00,845.0,5.7
2022-03-08 06:00:00,926.0,6.3
2022-03-08 07:00:00,1170.0,5.9
2022-03-08 08:00:00,1394.0,6.9
2022-03-08 09:00:00,1368.0,9.8
2022-03-08 10:00:00,1275.0,13.3
2022-03-08 11:00:00,1195.0,17.3
2022-03-08 12:00:00,998.0,19.4
2022-03-08 13:00:00,953.0,22.2
2022-03-08 14:00:00,961.0,24.1
2022-03-08 15:00:00,1024.0,25.2
2022-03-08 16:00:00,1035.0,25.9
2022-03-08 17:00:00,1106.0,26.2
2022-03-08 18:00:00,1192.0,25.7
2022-03-08 19:00:00,1235.0,20.3
2022-03-08 20:00:00,1336.0,17.8
2022-03-08 21:00:00,1238.0,16.3
2022-03-08 22:00:00,1166.0,14.7
2022-03-08 23:00:00,1027.0,13.6
2022-03-09 00:00:00,1032.0,13.5
2022-03-09 01:00:00,926.0,14.0
2022-03-09 02:00:00,920.0,12.3
2022-03-09 03:00:00,855.0,10.3
2022-03-09 04:00:00,825.0,12.6
2022-03-09 05:00:00,850.0,10.4
2022-03-09 06:00:00,920.0,10.4
2022-03-09 07:00:00,1160.0,10.0
2022-03-09 08:00:00,1313.0,10.8
2022-03-09 09:00:00,1348.0,12.6
2022-03-09 10:00:00,1269.0,16.9
2022-03-09 11:00:00,1192.0,21.3
2022-03-09 12:00:00,1025.0,23.5
2022-03-09 13:00:00,999.0,23.7
2022-03-09 14:00:00,1045.0,23.8
2022-03-09 15:00:00,1071.0,24.6
2022-03-09 16:00:00,1154.0,24.5
2022-03-09 17:00:00,1185.0,25.1
2022-03-09 18:00:00,1271.0,24.1
2022-03-09 19:00:00,1244.0,20.7
2022-03-09 20:00:00,1317.0,18.1
2022-03-09 21:00:00,1254.0,17.1
2022-03-09 22:00:00,1145.0,15.5
2022-03-09 23:00:00,1032.0,15.5
2022-03-10 00:00:00,990.0,15.1
2022-03-10 01:00:00,948.0,15.0
2022-03-10 02:00:00,880.0,14.3
2022-03-10 03:00:00,862.0,14.1
2022-03-10 04:00:00,822.0,14.3
2022-03-10 05:00:00,840.0,14.2
2022-03-10 06:00:00,900.0,13.7
2022-03-10 07:00:00,1140.0,13.6
2022-03-10 08:00:00,1272.0,13.9
2022-03-10 09:00:00,1296.0,14.9
2022-03-10 10:00:00,1242.0,16.3
2022-03-10 11:00:00,1181.0,19.6
2022-03-10 12:00:00,1043.0,23.4
2022-03-10 13:00:00,962.0,25.1
2022-03-10 14:00:00,959.0,26.1
2022-03-10 15:00:00,1087.0,27.0
2022-03-10 16:00:00,1126.0,27.2
2022-03-10 17:00:00,1151.0,26.6
2022-03-10 18:00:00,1240.0,24.6
2022-03-10 19:00:00,1231.0,23.8
2022-03-10 20:00:00,1292.0,22.8
2022-03-10 21:00:00,1225.0,21.5
2022-03-10 22:00:00,1103.0,20.3
2022-03-10 23:00:00,1015.0,19.1
2022-03-11 00:00:00,1006.0,18.5
2022-03-11 01:00:00,941.0,18.1
2022-03-11 02:00:00,871.0,17.5
2022-03-11 03:00:00,882.0,16.9
2022-03-11 04:00:00,902.0,16.2
2022-03-11 05:00:00,873.0,14.4
2022-03-11 06:00:00,943.0,14.6
2022-03-11 07:00:00,1176.0,14.6
2022-03-11 08:00:00,1277.0,14.3
2022-03-11 09:00:00,1290.0,17.8
2022-03-11 10:00:00,1302.0,20.5
2022-03-11 11:00:00,1162.0,21.5
2022-03-11 12:00:00,1025.0,23.7
2022-03-11 13:00:00,998.0,24.4
2022-03-11 14:00:00,967.0,25.8
2022-03-11 15:00:00,1110.0,25.5
2022-03-11 16:00:00,1139.0,26.0
2022-03-11 17:00:00,1202.0,25.8
2022-03-11 18:00:00,1247.0,24.8
2022-03-11 19:00:00,1228.0,24.1
2022-03-11 20:00:00,1320.0,22.8
2022-03-11 21:00:00,1182.0,22.0
2022-03-11 22:00:00,1103.0,21.0
2022-03-11 23:00:00,1024.0,21.3
2022-03-12 00:00:00,1085.0,20.9
2022-03-12 01:00:00,990.0,20.6
2022-03-12 02:00:00,978.0,20.5
2022-03-12 03:00:00,911.0,20.3
2022-03-12 04:00:00,871.0,19.8
2022-03-12 05:00:00,888.0,19.3
2022-03-12 06:00:00,914.0,18.8
2022-03-12 07:00:00,1051.0,18.4
2022-03-12 08:00:00,1255.0,19.2
2022-03-12 09:00:00,1281.0,20.1
2022-03-12 10:00:00,1351.0,21.6
2022-03-12 11:00:00,1196.0,22.8
2022-03-12 12:00:00,1090.0,23.9
2022-03-12 13:00:00,1028.0,24.5
2022-03-12 14:00:00,1039.0,24.2
2022-03-12 15:00:00,1109.0,24.7
2022-03-12 16:00:00,1160.0,25.5
2022-03-12 17:00:00,1236.0,24.8
2022-03-12 18:00:00,1246.0,24.1
2022-03-12 19:00:00,1176.0,23.4
2022-03-12 20:00:00,1234.0,22.7
2022-03-12 21:00:00,1145.0,22.2
2022-03-12 22:00:00,1078.0,21.8
2022-03-12 23:00:00,989.0,21.1
2022-03-13 00:00:00,1002.0,20.7
2022-03-13 01:00:00,947.0,20.3
2022-03-13 02:00:00,940.0,19.6
2022-03-13 03:00:00,885.0,19.4
2022-03-13 04:00:00,887.0,19.1
2022-03-13 05:00:00,917.0,18.4
2022-03-13 06:00:00,942.0,18.0
2022-03-13 07:00:00,1093.0,17.0
2022-03-13 08:00:00,1271.0,17.3
2022-03-13 09:00:00,1332.0,19.8
2022-03-13 10:00:00,1274.0,22.9
2022-03-13 11:00:00,1155.0,24.5
2022-03-13 12:00:00,1107.0,26.0
2022-03-13 13:00:00,1018.0,25.7
2022-03-13 14:00:00,1027.0,26.0
2022-03-13 15:00:00,1146.0,26.7
2022-03-13 16:00:00,1143.0,25.3
2022-03-13 17:00:00,1243.0,25.6
2022-03-13 18:00:00,1241.0,25.1
2022-03-13 19:00:00,1200.0,24.0
2022-03-13 20:00:00,1358.0,22.8
2022-03-13 21:00:00,1193.0,22.5
2022-03-13 22:00:00,1036.0,22.5
2022-03-13 23:00:00,969.0,21.9
2022-03-14 00:00:00,984.0,21.2
2022-03-14 01:00:00,917.0,20.7
2022-03-14 02:00:00,933.0,20.5
2022-03-14 03:00:00,895.0,19.8
2022-03-14 04:00:00,887.0,19.2
2022-03-14 05:00:00,921.0,18.7
2022-03-14 06:00:00,1004.0,17.7
2022-03-14 07:00:00,1179.0,17.5
2022-03-14 08:00:00,1288.0,18.0
2022-03-14 09:00:00,1278.0,20.6
2022-03-14 10:00:00,1284.0,22.8
2022-03-14 11:00:00,1148.0,24.9
2022-03-14 12:00:00,1066.0,26.6
2022-03-14 13:00:00,1024.0,28.3
2022-03-14 14:00:00,1056.0,28.4
2022-03-14 15:00:00,1126.0,29.1
2022-03-14 16:00:00,1169.0,29.0
2022-03-14 17:00:00,1234.0,28.5
2022-03-14 18:00:00,1212.0,26.8
2022-03-14 19:00:00,1218.0,24.7
2022-03-14 20:00:00,1260.0,23.7
2022-03-14 21:00:00,1235.0,22.4
2022-03-14 22:00:00,1108.0,22.6
2022-03-14 23:00:00,1020.0,21.9
2022-03-15 00:00:00,1031.0,21.4
2022-03-15 01:00:00,955.0,20.9
2022-03-15 02:00:00,968.0,20.5
2022-03-15 03:00:00,935.0,19.5
2022-03-15 04:00:00,949.0,18.4
2022-03-15 05:00:00,927.0,17.0
2022-03-15 06:00:00,998.0,16.8
2022-03-15 07:00:00,1189.0,16.3
2022-03-15 08:00:00,1203.0,17.3
2022-03-15 09:00:00,1218.0,20.3
2022-03-15 10:00:00,1285.0,22.3
2022-03-15 11:00:00,1228.0,24.2
2022-03-15 12:00:00,1093.0,26.5
2022-03-15 13:00:00,1096.0,27.5
2022-03-15 14:00:00,1126.0,28.3
2022-03-15 15:00:00,1178.0,28.7
2022-03-15 16:00:00,1217.0,29.1
2022-03-15 17:00:00,1270.0,29.2
2022-03-15 18:00:00,1251.0,28.3
2022-03-15 19:00:00,1261.0,25.4
2022-03-15 20:00:00,1324.0,23.4
2022-03-15 21:00:00,1259.0,22.0
2022-03-15 22:00:00,1138.0,21.3
2022-03-15 23:00:00,1078.0,20.9
2022-03-16 00:00:00,1087.0,21.6
2022-03-16 01:00:00,1008.0,20.6
2022-03-16 02:00:00,959.0,20.4
2022-03-16 03:00:00,961.0,20.0
2022-03-16 04:00:00,973.0,19.4
2022-03-16 05:00:00,1019.0,19.5
2022-03-16 06:00:00,1034.0,20.3
2022-03-16 07:00:00,1241.0,19.8
2022-03-16 08:00:00,1310.0,20.2
2022-03-16 09:00:00,1328.0,20.5
2022-03-16 10:00:00,1396.0,21.6
2022-03-16 11:00:00,1264.0,23.3
2022-03-16 12:00:00,1155.0,25.0
2022-03-16 13:00:00,1137.0,24.8
2022-03-16 14:00:00,1113.0,24.6
2022-03-16 15:00:00,1199.0,24.5
2022-03-16 16:00:00,1196.0,26.3
2022-03-16 17:00:00,1269.0,25.7
2022-03-16 18:00:00,1252.0,25.8
2022-03-16 19:00:00,1229.0,25.0
2022-03-16 20:00:00,1283.0,25.2
2022-03-16 21:00:00,1209.0,24.4
2022-03-16 22:00:00,1075.0,24.0
2022-03-16 23:00:00,1007.0,22.8
2022-03-17 00:00:00,1033.0,17.7
2022-03-17 01:00:00,996.0,16.7
2022-03-17 02:00:00,942.0,16.7
2022-03-17 03:00:00,914.0,16.7
2022-03-17 04:00:00,944.0,16.7
2022-03-17 05:00:00,941.0,16.7
2022-03-17 06:00:00,1005.0,16.7
2022-03-17 07:00:00,1184.0,16.5
2022-03-17 08:00:00,1305.0,16.5
2022-03-17 09:00:00,1302.0,16.7
2022-03-17 10:00:00,1301.0,16.5
2022-03-17 11:00:00,1247.0,16.8
2022-03-17 12:00:00,1124.0,16.6
2022-03-17 13:00:00,1152.0,16.7
2022-03-17 14:00:00,1129.0,16.2
2022-03-17 15:00:00,1162.0,16.5
2022-03-17 16:00:00,1229.0,16.4
2022-03-17 17:00:00,1323.0,16.6
2022-03-17 18:00:00,1251.0,16.6
2022-03-17 19:00:00,1204.0,15.8
2022-03-17 20:00:00,1255.0,15.5
2022-03-17 21:00:00,1217.0,14.8
2022-03-17 22:00:00,1085.0,14.2
2022-03-17 23:00:00,1069.0,13.6
2022-03-18 00:00:00,1035.0,12.7
2022-03-18 01:00:00,935.0,11.6
2022-03-18 02:00:00,940.0,10.9
2022-03-18 03:00:00,937.0,10.2
2022-03-18 04:00:00,927.0,9.9
2022-03-18 05:00:00,926.0,9.6
2022-03-18 06:00:00,1033.0,9.3
2022-03-18 07:00:00,1201.0,9.3
2022-03-18 08:00:00,1301.0,9.9
2022-03-18 09:00:00,1328.0,11.1
2022-03-18 10:00:00,1306.0,11.8
2022-03-18 11:00:00,1184.0,13.0
2022-03-18 12:00:00,1085.0,14.7
2022-03-18 13:00:00,1046.0,16.6
2022-03-18 14:00:00,1035.0,17.7
2022-03-18 15:00:00,1106.0,19.3
2022-03-18 16:00:00,1161.0,20.3
2022-03-18 17:00:00,1227.0,20.7
2022-03-18 18:00:00,1284.0,19.5
2022-03-18 19:00:00,1202.0,17.3
2022-03-18 20:00:00,1336.0,15.6
2022-03-18 21:00:00,1218.0,14.7
2022-03-18 22:00:00,1120.0,14.1
2022-03-18 23:00:00,1080.0,13.6
2022-03-19 00:00:00,1032.0,13.8
2022-03-19 01:00:00,924.0,13.1
2022-03-19 02:00:00,962.0,12.1
2022-03-19 03:00:00,959.0,12.1
2022-03-19 04:00:00,964.0,12.2
2022-03-19 05:00:00,921.0,12.2
2022-03-19 06:00:00,916.0,12.7
2022-03-19 07:00:00,1100.0,12.8
2022-03-19 08:00:00,1262.0,13.5
2022-03-19 09:00:00,1335.0,15.5
2022-03-19 10:00:00,1255.0,17.0
2022-03-19 11:00:00,1163.0,19.3
2022-03-19 12:00:00,1059.0,22.0
2022-03-19 13:00:00,992.0,24.2
2022-03-19 14:00:00,1057.0,22.3
2022-03-19 15:00:00,1063.0,21.9
2022-03-19 16:00:00,1103.0,21.8
2022-03-19 17:00:00,1181.0,20.0
2022-03-19 18:00:00,1245.0,16.5
2022-03-19 19:00:00,1215.0,14.4
2022-03-19 20:00:00,1302.0,13.1
2022-03-19 21:00:00,1188.0,12.6
2022-03-19 22:00:00,1042.0,12.5
2022-03-19 23:00:00,989.0,12.0
2022-03-20 00:00:00,953.0,11.9
2022-03-20 01:00:00,903.0,11.7
2022-03-20 02:00:00,893.0,11.4
2022-03-20 03:00:00,884.0,11.1
2022-03-20 04:00:00,885.0,10.7
2022-03-20 05:00:00,851.0,10.5
2022-03-20 06:00:00,914.0,10.2
2022-03-20 07:00:00,1054.0,9.9
2022-03-20 08:00:00,1213.0,10.0
2022-03-20 09:00:00,1361.0,9.5
2022-03-20 10:00:00,1368.0,8.6
2022-03-20 11:00:00,1234.0,8.4
2022-03-20 12:00:00,1165.0,8.4
2022-03-20 13:00:00,1154.0,8.2
2022-03-20 14:00:00,1167.0,8.0
2022-03-20 15:00:00,1244.0,7.7
2022-03-20 16:00:00,1319.0,7.6
2022-03-20 17:00:00,1440.0,7.4
2022-03-20 18:00:00,1320.0,7.1
2022-03-20 19:00:00,1294.0,6.8
2022-03-20 20:00:00,1356.0,6.7
2022-03-20 21:00:00,1210.0,6.8
2022-03-20 22:00:00,1070.0,6.6
2022-03-20 23:00:00,1060.0,6.2
2022-03-21 00:00:00,1011.0,6.0
2022-03-21 01:00:00,941.0,6.0
2022-03-21 02:00:00,934.0,5.6
2022-03-21 03:00:00,901.0,5.5
2022-03-21 04:00:00,949.0,5.5
2022-03-21 05:00:00,934.0,5.4
2022-03-21 06:00:00,944.0,5.3
2022-03-21 07:00:00,1074.0,5.3
2022-03-21 08:00:00,1318.0,5.4
2022-03-21 09:00:00,1481.0,5.5
2022-03-21 10:00:00,1496.0,5.6
2022-03-21 11:00:00,1459.0,5.9
2022-03-21 12:00:00,1342.0,6.2
2022-03-21 13:00:00,1239.0,6.5
2022-03-21 14:00:00,1285.0,6.8
2022-03-21 15:00:00,1345.0,6.4
2022-03-21 16:00:00,1427.0,6.4
2022-03-21 17:00:00,1556.0,6.5
2022-03-21 18:00:00,1386.0,6.3
2022-03-21 19:00:00,1391.0,6.2
2022-03-21 20:00:00,1446.0,6.2
2022-03-21 21:00:00,1289.0,6.2
2022-03-21 22:00:00,1164.0,6.2
2022-03-21 23:00:00,1105.0,6.1
2022-03-22 00:00:00,1086.0,6.1
2022-03-22 01:00:00,997.0,6.2
2022-03-22 02:00:00,968.0,6.1
2022-03-22 03:00:00,979.0,6.0
2022-03-22 04:00:00,939.0,6.0
2022-03-22 05:00:00,992.0,6.0
2022-03-22 06:00:00,947.0,6.0
2022-03-22 07:00:00,1109.0,6.0
2022-03-22 08:00:00,1327.0,6.3
2022-03-22 09:00:00,1454.0,6.9
2022-03-22 10:00:00,1485.0,7.9
2022-03-22 11:00:00,1357.0,8.9
2022-03-22 12:00:00,1244.0,9.4
2022-03-22 13:00:00,1235.0,9.5
2022-03-22 14:00:00,1259.0,8.8
2022-03-22 15:00:00,1367.0,8.7
2022-03-22 16:00:00,1402.0,8.5
2022-03-22 17:00:00,1543.0,8.3
2022-03-22 18:00:00,1399.0,8.1
2022-03-22 19:00:00,1308.0,8.1
2022-03-22 20:00:00,1450.0,8.0
2022-03-22 21:00:00,1298.0,8.0
2022-03-22 22:00:00,1180.0,7.9
2022-03-22 23:00:00,1125.0,7.7
2022-03-23 00:00:00,1068.0,7.3
2022-03-23 01:00:00,985.0,7.1
2022-03-23 02:00:00,915.0,7.1
2022-03-23 03:00:00,927.0,6.9
2022-03-23 04:00:00,895.0,6.9
2022-03-23 05:00:00,905.0,6.8
2022-03-23 06:00:00,973.0,6.6
2022-03-23 07:00:00,1116.0,6.7
2022-03-23 08:00:00,1356.0,6.9
2022-03-23 09:00:00,1435.0,7.8
2022-03-23 10:00:00,1411.0,8.5
2022-03-23 11:00:00,1344.0,9.9
2022-03-23 12:00:00,1205.0,11.6
2022-03-23 13:00:00,1073.0,13.5
2022-03-23 14:00:00,1075.0,14.3
2022-03-23 15:00:00,1183.0,15.1
2022-03-23 16:00:00,1207.0,15.8
2022-03-23 17:00:00,1371.0,15.0
2022-03-23 18:00:00,1339.0,14.3
2022-03-23 19:00:00,1338.0,12.8
2022-03-23 20:00:00,1464.0,11.6
2022-03-23 21:00:00,1352.0,10.4
2022-03-23 22:00:00,1179.0,9.2
2022-03-23 23:00:00,1116.0,9.1
2022-03-24 00:00:00,1060.0,8.8
2022-03-24 01:00:00,986.0,8.7
2022-03-24 02:00:00,921.0,8.5
2022-03-24 03:00:00,972.0,8.1
2022-03-24 04:00:00,949.0,7.8
2022-03-24 05:00:00,940.0,7.9
2022-03-24 06:00:00,957.0,8.2
2022-03-24 07:00:00,1105.0,8.3
2022-03-24 08:00:00,1315.0,8.8
2022-03-24 09:00:00,1434.0,9.5
2022-03-24 10:00:00,1447.0,10.2
2022-03-24 11:00:00,1371.0,10.4
2022-03-24 12:00:00,1266.0,11.0
2022-03-24 13:00:00,1189.0,11.3
2022-03-24 14:00:00,1216.0,12.2
2022-03-24 15:00:00,1315.0,12.4
2022-03-24 16:00:00,1334.0,12.9
2022-03-24 17:00:00,1440.0,12.9
2022-03-24 18:00:00,1360.0,12.5
2022-03-24 19:00:00,1313.0,12.2
2022-03-24 20:00:00,1349.0,11.6
2022-03-24 21:00:00,1253.0,11.2
2022-03-24 22:00:00,1104.0,11.3
2022-03-24 23:00:00,1023.0,11.4
2022-03-25 00:00:00,996.0,11.3
2022-03-25 01:00:00,888.0,11.2
2022-03-25 02:00:00,836.0,11.3
2022-03-25 03:00:00,873.0,11.4
2022-03-25 04:00:00,870.0,11.3
2022-03-25 05:00:00,835.0,11.5
2022-03-25 06:00:00,864.0,11.5
2022-03-25 07:00:00,1036.0,11.4
2022-03-25 08:00:00,1270.0,11.6
2022-03-25 09:00:00,1292.0,12.3
2022-03-25 10:00:00,1278.0,13.4
2022-03-25 11:00:00,1213.0,14.1
2022-03-25 12:00:00,1154.0,13.9
2022-03-25 13:00:00,1132.0,13.4
2022-03-25 14:00:00,1099.0,13.4
2022-03-25 15:00:00,1231.0,13.6
2022-03-25 16:00:00,1284.0,13.8
2022-03-25 17:00:00,1354.0,14.1
2022-03-25 18:00:00,1335.0,14.0
2022-03-25 19:00:00,1253.0,13.7
2022-03-25 20:00:00,1346.0,13.3
2022-03-25 21:00:00,1300.0,13.5
2022-03-25 22:00:00,1129.0,13.5
2022-03-25 23:00:00,1057.0,13.5
2022-03-26 00:00:00,1022.0,12.9
2022-03-26 01:00:00,935.0,12.0
2022-03-26 02:00:00,942.0,11.6
2022-03-26 03:00:00,888.0,11.5
2022-03-26 04:00:00,867.0,11.4
2022-03-26 05:00:00,888.0,11.4
2022-03-26 06:00:00,909.0,11.3
2022-03-26 07:00:00,974.0,11.3
2022-03-26 08:00:00,1216.0,11.2
2022-03-26 09:00:00,1306.0,11.3
2022-03-26 10:00:00,1362.0,11.4
2022-03-26 11:00:00,1290.0,11.3
2022-03-26 12:00:00,1196.0,11.8
2022-03-26 13:00:00,1116.0,13.3
2022-03-26 14:00:00,1045.0,13.9
2022-03-26 15:00:00,1121.0,14.5
2022-03-26 16:00:00,1157.0,14.1
2022-03-26 17:00:00,1287.0,13.8
2022-03-26 18:00:00,1294.0,13.2
2022-03-26 19:00:00,1273.0,12.5
2022-03-26 20:00:00,1368.0,12.0
2022-03-26 21:00:00,1212.0,11.7
2022-03-26 22:00:00,1113.0,11.5
2022-03-26 23:00:00,1062.0,11.2
2022-03-27 00:00:00,993.0,10.8
2022-03-27 01:00:00,854.0,10.5
2022-03-27 02:00:00,866.0,10.2
2022-03-27 03:00:00,843.0,9.8
2022-03-27 04:00:00,851.0,9.4
2022-03-27 05:00:00,871.0,8.9
2022-03-27 06:00:00,829.0,8.6
2022-03-27 07:00:00,1003.0,8.6
2022-03-27 08:00:00,1164.0,8.7
2022-03-27 09:00:00,1245.0,9.6
2022-03-27 10:00:00,1289.0,10.7
2022-03-27 11:00:00,1204.0,12.7
2022-03-27 12:00:00,1093.0,13.8
2022-03-27 13:00:00,1010.0,15.3
2022-03-27 14:00:00,1009.0,16.2
2022-03-27 15:00:00,1119.0,16.0
2022-03-27 16:00:00,1114.0,16.7
2022-03-27 17:00:00,1233.0,16.0
2022-03-27 18:00:00,1248.0,15.6
2022-03-27 19:00:00,1239.0,14.8
2022-03-27 20:00:00,1372.0,12.8
2022-03-27 21:00:00,1268.0,11.7
2022-03-27 22:00:00,1142.0,11.0
2022-03-27 23:00:00,983.0,10.0
2022-03-28 00:00:00,947.0,9.6
2022-03-28 01:00:00,865.0,8.9
2022-03-28 02:00:00,846.0,8.1
2022-03-28 03:00:00,816.0,7.8
2022-03-28 04:00:00,832.0,7.6
2022-03-28 05:00:00,828.0,7.6
2022-03-28 06:00:00,877.0,7.2
2022-03-28 07:00:00,1076.0,7.1
2022-03-28 08:00:00,1265.0,7.9
2022-03-28 09:00:00,1323.0,8.9
2022-03-28 10:00:00,1318.0,10.9
2022-03-28 11:00:00,1162.0,15.1
2022-03-28 12:00:00,1104.0,18.7
2022-03-28 13:00:00,991.0,20.4
2022-03-28 14:00:00,987.0,21.9
2022-03-28 15:00:00,1062.0,22.3
2022-03-28 16:00:00,1079.0,22.5
2022-03-28 17:00:00,1197.0,22.3
2022-03-28 18:00:00,1185.0,20.8
2022-03-28 19:00:00,1191.0,18.6
2022-03-28 20:00:00,1355.0,16.0
2022-03-28 21:00:00,1259.0,14.6
2022-03-28 22:00:00,1116.0,14.7
2022-03-28 23:00:00,1048.0,13.4
2022-03-29 00:00:00,958.0,13.2
2022-03-29 01:00:00,857.0,15.7
2022-03-29 02:00:00,852.0,15.1
2022-03-29 03:00:00,816.0,12.6
2022-03-29 04:00:00,831.0,11.2
2022-03-29 05:00:00,842.0,9.8
2022-03-29 06:00:00,873.0,10.1
2022-03-29 07:00:00,1135.0,8.9
2022-03-29 08:00:00,1231.0,10.3
2022-03-29 09:00:00,1297.0,12.5
2022-03-29 10:00:00,1265.0,16.3
2022-03-29 11:00:00,1213.0,18.1
2022-03-29 12:00:00,1106.0,18.0
2022-03-29 13:00:00,1090.0,15.0
2022-03-29 14:00:00,1142.0,14.2
2022-03-29 15:00:00,1217.0,14.3
2022-03-29 16:00:00,1290.0,14.3
2022-03-29 17:00:00,1333.0,14.4
2022-03-29 18:00:00,1338.0,14.5
2022-03-29 19:00:00,1275.0,14.3
2022-03-29 20:00:00,1282.0,14.0
2022-03-29 21:00:00,1200.0,14.0
2022-03-29 22:00:00,1031.0,13.9
2022-03-29 23:00:00,1001.0,13.6
2022-03-30 00:00:00,951.0,13.6
2022-03-30 01:00:00,876.0,13.6
2022-03-30 02:00:00,844.0,13.5
2022-03-30 03:00:00,810.0,13.5
2022-03-30 04:00:00,845.0,13.5
2022-03-30 05:00:00,819.0,13.5
2022-03-30 06:00:00,861.0,13.5
2022-03-30 07:00:00,1062.0,13.5
2022-03-30 08:00:00,1201.0,13.6
2022-03-30 09:00:00,1269.0,13.8
2022-03-30 10:00:00,1260.0,14.1
2022-03-30 11:00:00,1211.0,14.5
2022-03-30 12:00:00,1098.0,14.4
2022-03-30 13:00:00,1085.0,15.0
2022-03-30 14:00:00,1044.0,15.0
2022-03-30 15:00:00,1135.0,15.0
2022-03-30 16:00:00,1218.0,15.3
2022-03-30 17:00:00,1309.0,15.1
2022-03-30 18:00:00,1270.0,15.0
2022-03-30 19:00:00,1232.0,14.9
2022-03-30 20:00:00,1297.0,14.9
2022-03-30 21:00:00,1160.0,14.8
2022-03-30 22:00:00,1041.0,14.8
2022-03-30 23:00:00,1050.0,14.9
2022-03-31 00:00:00,939.0,15.0
2022-03-31 01:00:00,869.0,15.1
2022-03-31 02:00:00,874.0,15.2
2022-03-31 03:00:00,832.0,15.1
2022-03-31 04:00:00,835.0,14.9
2022-03-31 05:00:00,831.0,14.8
2022-03-31 06:00:00,871.0,14.4
2022-03-31 07:00:00,1070.0,14.1
2022-03-31 08:00:00,1202.0,13.9
2022-03-31 09:00:00,1245.0,14.2
2022-03-31 10:00:00,1254.0,14.1
2022-03-31 11:00:00,1207.0,13.6
2022-03-31 12:00:00,1111.0,12.8
2022-03-31 13:00:00,1113.0,13.0
2022-03-31 14:00:00,1079.0,13.2
2022-03-31 15:00:00,1144.0,13.2
2022-03-31 16:00:00,1194.0,12.9
2022-03-31 17:00:00,1285.0,12.8
2022-03-31 18:00:00,1284.0,12.6
2022-03-31 19:00:00,1218.0,12.4
2022-03-31 20:00:00,1283.0,12.6
2022-03-31 21:00:00,1193.0,12.7
2022-03-31 22:00:00,1100.0,12.8
2022-03-31 23:00:00,985.0,12.5
2022-04-01 00:00:00,895.0,12.0
2022-04-01 01:00:00,839.0,12.2
2022-04-01 02:00:00,813.0,11.9
2022-04-01 03:00:00,834.0,11.6
2022-04-01 04:00:00,803.0,11.4
2022-04-01 05:00:00,796.0,11.0
2022-04-01 06:00:00,899.0,11.0
2022-04-01 07:00:00,956.0,10.9
2022-04-01 08:00:00,976.0,10.8
2022-04-01 09:00:00,1057.0,11.2
2022-04-01 10:00:00,1102.0,10.8
2022-04-01 11:00:00,976.0,11.0
2022-04-01 12:00:00,968.0,10.8
2022-04-01 13:00:00,1018.0,10.9
2022-04-01 14:00:00,999.0,11.1
2022-04-01 15:00:00,1133.0,10.7
2022-04-01 16:00:00,1150.0,11.2
2022-04-01 17:00:00,1195.0,11.2
2022-04-01 18:00:00,1034.0,11.2
2022-04-01 19:00:00,1069.0,10.9
2022-04-01 20:00:00,1125.0,10.7
2022-04-01 21:00:00,1082.0,10.6
2022-04-01 22:00:00,973.0,10.4
2022-04-01 23:00:00,846.0,10.4
2022-04-02 00:00:00,963.0,10.1
2022-04-02 01:00:00,840.0,10.2
2022-04-02 02:00:00,822.0,10.1
2022-04-02 03:00:00,793.0,9.9
2022-04-02 04:00:00,766.0,9.7
2022-04-02 05:00:00,752.0,9.7
2022-04-02 06:00:00,818.0,9.7
2022-04-02 07:00:00,1110.0,9.8
2022-04-02 08:00:00,1203.0,10.3
2022-04-02 09:00:00,1225.0,11.3
2022-04-02 10:00:00,1224.0,12.7
2022-04-02 11:00:00,1119.0,14.2
2022-04-02 12:00:00,980.0,15.6
2022-04-02 13:00:00,960.0,17.1
2022-04-02 14:00:00,904.0,18.8
2022-04-02 15:00:00,1008.0,19.8
2022-04-02 16:00:00,1133.0,19.5
2022-04-02 17:00:00,1189.0,19.7
2022-04-02 18:00:00,1237.0,18.5
2022-04-02 19:00:00,1154.0,16.5
2022-04-02 20:00:00,1348.0,13.4
2022-04-02 21:00:00,1247.0,12.0
2022-04-02 22:00:00,1141.0,10.8
2022-04-02 23:00:00,1026.0,10.4
2022-04-03 00:00:00,997.0,9.4
2022-04-03 01:00:00,900.0,9.4
2022-04-03 02:00:00,834.0,9.0
2022-04-03 03:00:00,806.0,8.1
2022-04-03 04:00:00,810.0,7.6
2022-04-03 05:00:00,824.0,7.1
2022-04-03 06:00:00,832.0,6.9
2022-04-03 07:00:00,1123.0,7.1
2022-04-03 08:00:00,1218.0,8.7
2022-04-03 09:00:00,1247.0,11.5
2022-04-03 10:00:00,1184.0,15.2
2022-04-03 11:00:00,1065.0,17.6
2022-04-03 12:00:00,933.0,20.2
2022-04-03 13:00:00,892.0,22.4
2022-04-03 14:00:00,947.0,23.5
2022-04-03 15:00:00,1005.0,23.9
2022-04-03 16:00:00,1063.0,24.1
2022-04-03 17:00:00,1154.0,24.3
2022-04-03 18:00:00,1148.0,23.3
2022-04-03 19:00:00,1128.0,19.7
2022-04-03 20:00:00,1292.0,19.0
2022-04-03 21:00:00,1186.0,16.4
2022-04-03 22:00:00,1098.0,16.3
2022-04-03 23:00:00,1005.0,15.5
2022-04-04 00:00:00,954.0,15.9
2022-04-04 01:00:00,873.0,13.8
2022-04-04 02:00:00,844.0,13.6
2022-04-04 03:00:00,811.0,12.3
2022-04-04 04:00:00,774.0,11.6
2022-04-04 05:00:00,826.0,11.2
2022-04-04 06:00:00,877.0,10.9
2022-04-04 07:00:00,1094.0,11.5
2022-04-04 08:00:00,1160.0,11.7
2022-04-04 09:00:00,1208.0,14.0
2022-04-04 10:00:00,1173.0,15.9
2022-04-04 11:00:00,1089.0,17.6
2022-04-04 12:00:00,946.0,18.8
2022-04-04 13:00:00,906.0,21.1
2022-04-04 14:00:00,897.0,21.6
2022-04-04 15:00:00,994.0,22.1
2022-04-04 16:00:00,1063.0,22.6
2022-04-04 17:00:00,1148.0,21.2
2022-04-04 18:00:00,1210.0,19.7
2022-04-04 19:00:00,1121.0,18.5
2022-04-04 20:00:00,1307.0,17.0
2022-04-04 21:00:00,1200.0,16.2
2022-04-04 22:00:00,1065.0,15.5
2022-04-04 23:00:00,1026.0,15.9
2022-04-05 00:00:00,940.0,15.6
2022-04-05 01:00:00,855.0,15.6
2022-04-05 02:00:00,870.0,15.5
2022-04-05 03:00:00,807.0,14.8
2022-04-05 04:00:00,787.0,12.9
2022-04-05 05:00:00,770.0,12.5
2022-04-05 06:00:00,829.0,12.4
2022-04-05 07:00:00,1036.0,12.1
2022-04-05 08:00:00,1127.0,12.2
2022-04-05 09:00:00,1138.0,13.2
2022-04-05 10:00:00,1145.0,14.8
2022-04-05 11:00:00,1021.0,17.6
2022-04-05 12:00:00,896.0,19.3
2022-04-05 13:00:00,935.0,21.1
2022-04-05 14:00:00,930.0,22.2
2022-04-05 15:00:00,979.0,22.9
2022-04-05 16:00:00,1056.0,23.2
2022-04-05 17:00:00,1130.0,22.5
2022-04-05 18:00:00,1114.0,21.8
2022-04-05 19:00:00,1129.0,20.0
2022-04-05 20:00:00,1302.0,17.3
2022-04-05 21:00:00,1202.0,16.3
2022-04-05 22:00:00,1058.0,15.4
2022-04-05 23:00:00,957.0,15.3
2022-04-06 00:00:00,922.0,14.6
2022-04-06 01:00:00,856.0,14.2
2022-04-06 02:00:00,861.0,13.7
2022-04-06 03:00:00,792.0,13.5
2022-04-06 04:00:00,820.0,12.7
2022-04-06 05:00:00,776.0,12.2
2022-04-06 06:00:00,884.0,11.5
2022-04-06 07:00:00,1141.0,11.7
2022-04-06 08:00:00,1122.0,13.3
2022-04-06 09:00:00,1136.0,16.2
2022-04-06 10:00:00,1166.0,20.0
2022-04-06 11:00:00,1068.0,21.9
2022-04-06 12:00:00,1017.0,24.1
2022-04-06 13:00:00,955.0,25.7
2022-04-06 14:00:00,921.0,27.1
2022-04-06 15:00:00,979.0,27.5
2022-04-06 16:00:00,1057.0,27.7
2022-04-06 17:00:00,1139.0,27.0
2022-04-06 18:00:00,1169.0,25.7
2022-04-06 19:00:00,1146.0,23.2
2022-04-06 20:00:00,1330.0,20.7
2022-04-06 21:00:00,1203.0,19.5
2022-04-06 22:00:00,1092.0,17.9
2022-04-06 23:00:00,983.0,17.8
2022-04-07 00:00:00,968.0,16.8
2022-04-07 01:00:00,887.0,15.8
2022-04-07 02:00:00,876.0,14.8
2022-04-07 03:00:00,842.0,13.4
2022-04-07 04:00:00,857.0,13.0
2022-04-07 05:00:00,837.0,12.8
2022-04-07 06:00:00,899.0,12.5
2022-04-07 07:00:00,1203.0,12.8
2022-04-07 08:00:00,1179.0,14.4
2022-04-07 09:00:00,1179.0,17.4
2022-04-07 10:00:00,1172.0,20.6
2022-04-07 11:00:00,1054.0,23.7
2022-04-07 12:00:00,1040.0,25.9
2022-04-07 13:00:00,1022.0,28.3
2022-04-07 14:00:00,1017.0,29.2
2022-04-07 15:00:00,1049.0,30.5
2022-04-07 16:00:00,1090.0,30.8
2022-04-07 17:00:00,1164.0,31.1
2022-04-07 18:00:00,1119.0,29.9
2022-04-07 19:00:00,1209.0,24.1
2022-04-07 20:00:00,1342.0,20.5
2022-04-07 21:00:00,1229.0,19.1
2022-04-07 22:00:00,1128.0,19.0
2022-04-07 23:00:00,1025.0,16.8
2022-04-08 00:00:00,967.0,17.3
2022-04-08 01:00:00,875.0,16.1
2022-04-08 02:00:00,852.0,14.9
2022-04-08 03:00:00,844.0,14.6
2022-04-08 04:00:00,866.0,13.6
2022-04-08 05:00:00,883.0,12.7
2022-04-08 06:00:00,936.0,12.3
2022-04-08 07:00:00,1197.0,11.6
2022-04-08 08:00:00,1175.0,14.2
2022-04-08 09:00:00,1159.0,17.4
2022-04-08 10:00:00,1222.0,21.0
2022-04-08 11:00:00,1060.0,24.1
2022-04-08 12:00:00,956.0,27.3
2022-04-08 13:00:00,970.0,29.4
2022-04-08 14:00:00,966.0,30.7
2022-04-08 15:00:00,1000.0,30.9
2022-04-08 16:00:00,1086.0,31.0
2022-04-08 17:00:00,1174.0,30.6
2022-04-08 18:00:00,1144.0,30.7
2022-04-08 19:00:00,1133.0,24.7
2022-04-08 20:00:00,1245.0,21.2
2022-04-08 21:00:00,1189.0,19.6
2022-04-08 22:00:00,1094.0,18.5
2022-04-08 23:00:00,1031.0,18.8
2022-04-09 00:00:00,1021.0,18.4
2022-04-09 01:00:00,955.0,18.4
2022-04-09 02:00:00,939.0,18.0
2022-04-09 03:00:00,875.0,17.8
2022-04-09 04:00:00,899.0,15.7
2022-04-09 05:00:00,857.0,15.8
2022-04-09 06:00:00,910.0,15.3
2022-04-09 07:00:00,1093.0,14.1
2022-04-09 08:00:00,1220.0,16.3
2022-04-09 09:00:00,1225.0,19.5
2022-04-09 10:00:00,1245.0,23.1
2022-04-09 11:00:00,1153.0,26.2
2022-04-09 12:00:00,1016.0,26.8
2022-04-09 13:00:00,1001.0,28.0
2022-04-09 14:00:00,1054.0,28.4
2022-04-09 15:00:00,1085.0,27.9
2022-04-09 16:00:00,1156.0,27.0
2022-04-09 17:00:00,1259.0,24.5
2022-04-09 18:00:00,1230.0,22.9
2022-04-09 19:00:00,1156.0,22.0
2022-04-09 20:00:00,1264.0,20.8
2022-04-09 21:00:00,1177.0,19.1
2022-04-09 22:00:00,1052.0,18.0
2022-04-09 23:00:00,1010.0,17.8
2022-04-10 00:00:00,1007.0,18.5
2022-04-10 01:00:00,934.0,17.7
2022-04-10 02:00:00,922.0,17.4
2022-04-10 03:00:00,896.0,17.5
2022-04-10 04:00:00,920.0,16.9
2022-04-10 05:00:00,920.0,16.5
2022-04-10 06:00:00,933.0,16.3
2022-04-10 07:00:00,1117.0,16.4
2022-04-10 08:00:00,1183.0,16.9
2022-04-10 09:00:00,1233.0,18.4
2022-04-10 10:00:00,1230.0,21.1
2022-04-10 11:00:00,1144.0,24.0
2022-04-10 12:00:00,1027.0,26.1
2022-04-10 13:00:00,959.0,27.8
2022-04-10 14:00:00,988.0,29.6
2022-04-10 15:00:00,1045.0,29.8
2022-04-10 16:00:00,1175.0,30.0
2022-04-10 17:00:00,1166.0,30.2
2022-04-10 18:00:00,1209.0,29.7
2022-04-10 19:00:00,1197.0,26.6
2022-04-10 20:00:00,1333.0,23.1
2022-04-10 21:00:00,1263.0,21.6
2022-04-10 22:00:00,1112.0,21.0
2022-04-10 23:00:00,1031.0,21.5
2022-04-11 00:00:00,995.0,21.5
2022-04-11 01:00:00,911.0,22.0
2022-04-11 02:00:00,891.0,20.7
2022-04-11 03:00:00,916.0,21.2
2022-04-11 04:00:00,867.0,20.9
2022-04-11 05:00:00,899.0,20.6
2022-04-11 06:00:00,971.0,19.9
2022-04-11 07:00:00,1201.0,19.3
2022-04-11 08:00:00,1159.0,20.5
2022-04-11 09:00:00,1133.0,22.2
2022-04-11 10:00:00,1158.0,24.9
2022-04-11 11:00:00,1088.0,27.2
2022-04-11 12:00:00,994.0,28.1
2022-04-11 13:00:00,989.0,29.5
2022-04-11 14:00:00,976.0,30.5
2022-04-11 15:00:00,1052.0,31.5
2022-04-11 16:00:00,1101.0,31.8
2022-04-11 17:00:00,1189.0,32.0
2022-04-11 18:00:00,1173.0,31.2
2022-04-11 19:00:00,1167.0,27.4
2022-04-11 20:00:00,1268.0,24.0
2022-04-11 21:00:00,1178.0,22.6
2022-04-11 22:00:00,1078.0,21.7
2022-04-11 23:00:00,1028.0,22.0
2022-04-12 00:00:00,1014.0,21.7
2022-04-12 01:00:00,965.0,20.8
2022-04-12 02:00:00,922.0,22.3
2022-04-12 03:00:00,848.0,23.1
2022-04-12 04:00:00,844.0,21.4
2022-04-12 05:00:00,840.0,20.9
2022-04-12 06:00:00,914.0,19.1
2022-04-12 07:00:00,1120.0,20.1
2022-04-12 08:00:00,1114.0,22.4
2022-04-12 09:00:00,1104.0,23.5
2022-04-12 10:00:00,1147.0,24.4
2022-04-12 11:00:00,1063.0,23.6
2022-04-12 12:00:00,1010.0,23.6
2022-04-12 13:00:00,949.0,25.0
2022-04-12 14:00:00,1005.0,27.2
2022-04-12 15:00:00,1017.0,26.1
2022-04-12 16:00:00,1103.0,25.9
2022-04-12 17:00:00,1199.0,25.2
2022-04-12 18:00:00,1183.0,19.5
2022-04-12 19:00:00,1239.0,19.3
2022-04-12 20:00:00,1241.0,19.3
2022-04-12 21:00:00,1128.0,19.3
2022-04-12 22:00:00,976.0,17.8
2022-04-12 23:00:00,950.0,16.5
2022-04-13 00:00:00,958.0,15.5
2022-04-13 01:00:00,897.0,15.1
2022-04-13 02:00:00,876.0,14.9
2022-04-13 03:00:00,857.0,14.5
2022-04-13 04:00:00,884.0,14.5
2022-04-13 05:00:00,897.0,14.5
2022-04-13 06:00:00,938.0,14.5
2022-04-13 07:00:00,1177.0,14.6
2022-04-13 08:00:00,1210.0,15.1
2022-04-13 09:00:00,1184.0,15.4
2022-04-13 10:00:00,1229.0,15.8
2022-04-13 11:00:00,1143.0,16.5
2022-04-13 12:00:00,1051.0,17.7
2022-04-13 13:00:00,1032.0,19.0
2022-04-13 14:00:00,1050.0,20.2
2022-04-13 15:00:00,1068.0,20.7
2022-04-13 16:00:00,1104.0,20.9
2022-04-13 17:00:00,1166.0,21.4
2022-04-13 18:00:00,1186.0,20.5
2022-04-13 19:00:00,1146.0,19.3
2022-04-13 20:00:00,1327.0,16.9
2022-04-13 21:00:00,1242.0,15.5
2022-04-13 22:00:00,1134.0,15.7
2022-04-13 23:00:00,1038.0,14.4
2022-04-14 00:00:00,1033.0,14.7
2022-04-14 01:00:00,972.0,14.3
2022-04-14 02:00:00,943.0,14.3
2022-04-14 03:00:00,918.0,13.8
2022-04-14 04:00:00,909.0,12.8
2022-04-14 05:00:00,912.0,13.3
2022-04-14 06:00:00,963.0,13.3
2022-04-14 07:00:00,1188.0,13.5
2022-04-14 08:00:00,1228.0,14.3
2022-04-14 09:00:00,1198.0,15.4
2022-04-14 10:00:00,1291.0,16.9
2022-04-14 11:00:00,1209.0,17.6
2022-04-14 12:00:00,1053.0,18.9
2022-04-14 13:00:00,999.0,19.1
2022-04-14 14:00:00,1044.0,18.2
2022-04-14 15:00:00,1134.0,17.1
2022-04-14 16:00:00,1236.0,16.0
2022-04-14 17:00:00,1353.0,14.7
2022-04-14 18:00:00,1293.0,13.2
2022-04-14 19:00:00,1288.0,12.0
2022-04-14 20:00:00,1312.0,11.5
2022-04-14 21:00:00,1225.0,11.2
2022-04-14 22:00:00,1092.0,11.2
2022-04-14 23:00:00,1021.0,11.2
2022-04-15 00:00:00,1026.0,11.0
2022-04-15 01:00:00,943.0,10.8
2022-04-15 02:00:00,918.0,10.5
2022-04-15 03:00:00,907.0,10.0
2022-04-15 04:00:00,912.0,9.8
2022-04-15 05:00:00,869.0,9.2
2022-04-15 06:00:00,935.0,9.0
2022-04-15 07:00:00,1186.0,9.0
2022-04-15 08:00:00,1265.0,9.2
2022-04-15 09:00:00,1295.0,9.3
2022-04-15 10:00:00,1295.0,9.6
2022-04-15 11:00:00,1244.0,9.9
2022-04-15 12:00:00,1124.0,10.1
2022-04-15 13:00:00,1088.0,10.1
2022-04-15 14:00:00,1154.0,10.5
2022-04-15 15:00:00,1207.0,10.3
2022-04-15 16:00:00,1266.0,10.2
2022-04-15 17:00:00,1377.0,10.0
2022-04-15 18:00:00,1303.0,9.9
2022-04-15 19:00:00,1250.0,9.9
2022-04-15 20:00:00,1256.0,9.8
2022-04-15 21:00:00,1149.0,9.7
2022-04-15 22:00:00,1103.0,9.7
2022-04-15 23:00:00,1030.0,9.7
2022-04-16 00:00:00,998.0,9.8
2022-04-16 01:00:00,925.0,9.8
2022-04-16 02:00:00,869.0,9.8
2022-04-16 03:00:00,860.0,9.8
2022-04-16 04:00:00,820.0,9.9
2022-04-16 05:00:00,830.0,9.8
2022-04-16 06:00:00,895.0,9.5
2022-04-16 07:00:00,1044.0,9.1
2022-04-16 08:00:00,1196.0,8.9
2022-04-16 09:00:00,1293.0,9.1
2022-04-16 10:00:00,1339.0,10.0
2022-04-16 11:00:00,1276.0,10.4
2022-04-16 12:00:00,1185.0,10.8
2022-04-16 13:00:00,1153.0,10.8
2022-04-16 14:00:00,1114.0,10.8
2022-04-16 15:00:00,1212.0,10.3
2022-04-16 16:00:00,1282.0,10.5
2022-04-16 17:00:00,1363.0,11.2
2022-04-16 18:00:00,1288.0,10.7
2022-04-16 19:00:00,1231.0,10.3
2022-04-16 20:00:00,1306.0,10.1
2022-04-16 21:00:00,1244.0,10.0
2022-04-16 22:00:00,1197.0,9.8
2022-04-16 23:00:00,1096.0,9.8
2022-04-17 00:00:00,1034.0,9.6
2022-04-17 01:00:00,945.0,9.5
2022-04-17 02:00:00,925.0,9.4
2022-04-17 03:00:00,917.0,9.3
2022-04-17 04:00:00,868.0,9.3
2022-04-17 05:00:00,858.0,9.1
2022-04-17 06:00:00,892.0,9.1
2022-04-17 07:00:00,1037.0,9.0
2022-04-17 08:00:00,1210.0,9.1
2022-04-17 09:00:00,1253.0,9.4
2022-04-17 10:00:00,1386.0,9.9
2022-04-17 11:00:00,1317.0,10.6
2022-04-17 12:00:00,1173.0,10.5
2022-04-17 13:00:00,1103.0,10.6
2022-04-17 14:00:00,1182.0,11.0
2022-04-17 15:00:00,1220.0,10.7
2022-04-17 16:00:00,1330.0,10.7
2022-04-17 17:00:00,1411.0,11.0
2022-04-17 18:00:00,1360.0,10.9
2022-04-17 19:00:00,1321.0,10.5
2022-04-17 20:00:00,1335.0,10.5
2022-04-17 21:00:00,1263.0,10.5
2022-04-17 22:00:00,1151.0,10.4
2022-04-17 23:00:00,1027.0,10.4
2022-04-18 00:00:00,991.0,10.4
2022-04-18 01:00:00,919.0,10.3
2022-04-18 02:00:00,858.0,10.3
2022-04-18 03:00:00,834.0,10.3
2022-04-18 04:00:00,839.0,10.3
2022-04-18 05:00:00,843.0,10.3
2022-04-18 06:00:00,918.0,9.9
2022-04-18 07:00:00,1202.0,9.9
2022-04-18 08:00:00,1233.0,10.5
2022-04-18 09:00:00,1249.0,12.1
2022-04-18 10:00:00,1258.0,15.0
2022-04-18 11:00:00,1174.0,16.0
2022-04-18 12:00:00,1024.0,18.2
2022-04-18 13:00:00,998.0,18.8
2022-04-18 14:00:00,1043.0,20.1
2022-04-18 15:00:00,1122.0,20.7
2022-04-18 16:00:00,1116.0,20.9
2022-04-18 17:00:00,1229.0,21.2
2022-04-18 18:00:00,1200.0,20.1
2022-04-18 19:00:00,1151.0,18.9
2022-04-18 20:00:00,1289.0,15.5
2022-04-18 21:00:00,1238.0,14.0
2022-04-18 22:00:00,1160.0,13.1
2022-04-18 23:00:00,1040.0,13.0
2022-04-19 00:00:00,993.0,13.2
2022-04-19 01:00:00,885.0,12.9
2022-04-19 02:00:00,869.0,13.2
2022-04-19 03:00:00,891.0,12.7
2022-04-19 04:00:00,857.0,12.8
2022-04-19 05:00:00,829.0,12.7
2022-04-19 06:00:00,934.0,12.7
2022-04-19 07:00:00,1214.0,12.7
2022-04-19 08:00:00,1236.0,13.8
2022-04-19 09:00:00,1208.0,14.6
2022-04-19 10:00:00,1288.0,15.5
2022-04-19 11:00:00,1119.0,17.8
2022-04-19 12:00:00,991.0,19.9
2022-04-19 13:00:00,940.0,21.9
2022-04-19 14:00:00,987.0,23.1
2022-04-19 15:00:00,1049.0,23.9
2022-04-19 16:00:00,1090.0,24.8
2022-04-19 17:00:00,1137.0,24.2
2022-04-19 18:00:00,1152.0,23.8
2022-04-19 19:00:00,1103.0,20.7
2022-04-19 20:00:00,1288.0,18.3
2022-04-19 21:00:00,1235.0,15.6
2022-04-19 22:00:00,1154.0,15.8
2022-04-19 23:00:00,1048.0,15.4
2022-04-20 00:00:00,994.0,14.9
2022-04-20 01:00:00,873.0,14.9
2022-04-20 02:00:00,851.0,14.5
2022-04-20 03:00:00,849.0,13.8
2022-04-20 04:00:00,856.0,13.1
2022-04-20 05:00:00,883.0,13.5
2022-04-20 06:00:00,965.0,13.2
2022-04-20 07:00:00,1218.0,13.6
2022-04-20 08:00:00,1208.0,14.9
2022-04-20 09:00:00,1200.0,15.9
2022-04-20 10:00:00,1278.0,17.3
2022-04-20 11:00:00,1165.0,17.9
2022-04-20 12:00:00,1029.0,19.9
2022-04-20 13:00:00,952.0,21.8
2022-04-20 14:00:00,1032.0,23.4
2022-04-20 15:00:00,1069.0,23.7
2022-04-20 16:00:00,1082.0,24.7
2022-04-20 17:00:00,1226.0,24.3
2022-04-20 18:00:00,1188.0,24.1
2022-04-20 19:00:00,1084.0,22.6
2022-04-20 20:00:00,1282.0,20.4
2022-04-20 21:00:00,1280.0,17.7
2022-04-20 22:00:00,1167.0,16.6
2022-04-20 23:00:00,1070.0,15.9
2022-04-21 00:00:00,998.0,17.9
2022-04-21 01:00:00,924.0,17.2
2022-04-21 02:00:00,898.0,17.0
2022-04-21 03:00:00,893.0,16.8
2022-04-21 04:00:00,916.0,16.0
2022-04-21 05:00:00,907.0,15.9
2022-04-21 06:00:00,992.0,14.9
2022-04-21 07:00:00,1253.0,14.9
2022-04-21 08:00:00,1203.0,17.8
2022-04-21 09:00:00,1197.0,19.8
2022-04-21 10:00:00,1200.0,21.6
2022-04-21 11:00:00,1079.0,22.8
2022-04-21 12:00:00,974.0,24.4
2022-04-21 13:00:00,958.0,25.7
2022-04-21 14:00:00,978.0,26.3
2022-04-21 15:00:00,1087.0,27.6
2022-04-21 16:00:00,1098.0,26.9
2022-04-21 17:00:00,1209.0,27.6
2022-04-21 18:00:00,1206.0,26.0
2022-04-21 19:00:00,1128.0,24.7
2022-04-21 20:00:00,1245.0,24.1
2022-04-21 21:00:00,1229.0,23.4
2022-04-21 22:00:00,1120.0,23.5
2022-04-21 23:00:00,1006.0,22.9
2022-04-22 00:00:00,994.0,22.3
2022-04-22 01:00:00,922.0,22.0
2022-04-22 02:00:00,898.0,21.8
2022-04-22 03:00:00,864.0,21.5
2022-04-22 04:00:00,904.0,21.4
2022-04-22 05:00:00,851.0,19.5
2022-04-22 06:00:00,909.0,19.0
2022-04-22 07:00:00,1116.0,18.6
2022-04-22 08:00:00,1174.0,18.8
2022-04-22 09:00:00,1193.0,18.8
2022-04-22 10:00:00,1233.0,19.8
2022-04-22 11:00:00,1152.0,20.6
2022-04-22 12:00:00,991.0,22.5
2022-04-22 13:00:00,954.0,24.1
2022-04-22 14:00:00,1014.0,26.0
2022-04-22 15:00:00,1093.0,26.7
2022-04-22 16:00:00,1135.0,27.1
2022-04-22 17:00:00,1186.0,25.7
2022-04-22 18:00:00,1158.0,24.5
2022-04-22 19:00:00,1081.0,22.8
2022-04-22 20:00:00,1138.0,21.4
2022-04-22 21:00:00,1153.0,20.9
2022-04-22 22:00:00,1052.0,20.2
2022-04-22 23:00:00,1015.0,19.8
2022-04-23 00:00:00,953.0,19.5
2022-04-23 01:00:00,919.0,19.4
2022-04-23 02:00:00,879.0,19.5
2022-04-23 03:00:00,857.0,19.4
2022-04-23 04:00:00,854.0,19.4
2022-04-23 05:00:00,878.0,19.2
2022-04-23 06:00:00,898.0,19.3
2022-04-23 07:00:00,1100.0,19.4
2022-04-23 08:00:00,1138.0,19.8
2022-04-23 09:00:00,1169.0,20.2
2022-04-23 10:00:00,1195.0,22.4
2022-04-23 11:00:00,1143.0,23.8
2022-04-23 12:00:00,1042.0,22.7
2022-04-23 13:00:00,946.0,24.8
2022-04-23 14:00:00,1004.0,27.0
2022-04-23 15:00:00,1103.0,27.9
2022-04-23 16:00:00,1161.0,28.5
2022-04-23 17:00:00,1249.0,28.5
2022-04-23 18:00:00,1196.0,27.2
2022-04-23 19:00:00,1127.0,25.2
2022-04-23 20:00:00,1267.0,23.9
2022-04-23 21:00:00,1231.0,22.3
2022-04-23 22:00:00,1107.0,21.4
2022-04-23 23:00:00,1076.0,20.7
2022-04-24 00:00:00,1027.0,20.2
2022-04-24 01:00:00,963.0,20.4
2022-04-24 02:00:00,940.0,20.0
2022-04-24 03:00:00,931.0,19.6
2022-04-24 04:00:00,916.0,19.5
2022-04-24 05:00:00,889.0,19.1
2022-04-24 06:00:00,966.0,19.3
2022-04-24 07:00:00,1177.0,18.9
2022-04-24 08:00:00,1171.0,20.9
2022-04-24 09:00:00,1124.0,24.1
2022-04-24 10:00:00,1181.0,26.9
2022-04-24 11:00:00,1152.0,29.0
2022-04-24 12:00:00,996.0,29.4
2022-04-24 13:00:00,957.0,30.3
2022-04-24 14:00:00,1001.0,28.7
2022-04-24 15:00:00,1085.0,29.8
2022-04-24 16:00:00,1142.0,28.9
2022-04-24 17:00:00,1208.0,28.5
2022-04-24 18:00:00,1172.0,29.1
2022-04-24 19:00:00,1112.0,27.9
2022-04-24 20:00:00,1187.0,27.5
2022-04-24 21:00:00,1152.0,26.7
2022-04-24 22:00:00,1067.0,26.5
2022-04-24 23:00:00,990.0,25.1
2022-04-25 00:00:00,931.0,24.2
2022-04-25 01:00:00,887.0,25.0
2022-04-25 02:00:00,880.0,25.1
2022-04-25 03:00:00,841.0,24.1
2022-04-25 04:00:00,844.0,23.3
2022-04-25 05:00:00,849.0,22.6
2022-04-25 06:00:00,957.0,22.3
2022-04-25 07:00:00,1133.0,22.6
2022-04-25 08:00:00,1100.0,23.2
2022-04-25 09:00:00,1144.0,24.1
2022-04-25 10:00:00,1197.0,25.5
2022-04-25 11:00:00,1089.0,27.0
2022-04-25 12:00:00,1048.0,27.5
2022-04-25 13:00:00,955.0,27.2
2022-04-25 14:00:00,1025.0,27.7
2022-04-25 15:00:00,1076.0,26.9
2022-04-25 16:00:00,1112.0,26.5
2022-04-25 17:00:00,1219.0,26.1
2022-04-25 18:00:00,1123.0,24.9
2022-04-25 19:00:00,1111.0,24.0
2022-04-25 20:00:00,1223.0,22.9
2022-04-25 21:00:00,1191.0,22.5
2022-04-25 22:00:00,1099.0,21.8
2022-04-25 23:00:00,974.0,21.1
2022-04-26 00:00:00,916.0,20.5
2022-04-26 01:00:00,898.0,20.0
2022-04-26 02:00:00,875.0,20.0
2022-04-26 03:00:00,868.0,19.6
2022-04-26 04:00:00,832.0,19.5
2022-04-26 05:00:00,812.0,19.8
2022-04-26 06:00:00,940.0,19.7
2022-04-26 07:00:00,1154.0,19.9
2022-04-26 08:00:00,1095.0,20.7
2022-04-26 09:00:00,1157.0,22.5
2022-04-26 10:00:00,1140.0,24.5
2022-04-26 11:00:00,1073.0,25.6
2022-04-26 12:00:00,969.0,26.0
2022-04-26 13:00:00,896.0,25.9
2022-04-26 14:00:00,968.0,27.1
2022-04-26 15:00:00,1043.0,26.4
2022-04-26 16:00:00,1115.0,26.8
2022-04-26 17:00:00,1141.0,26.0
2022-04-26 18:00:00,1108.0,25.4
2022-04-26 19:00:00,1051.0,24.7
2022-04-26 20:00:00,1206.0,24.0
2022-04-26 21:00:00,1063.0,23.2
2022-04-26 22:00:00,1098.0,22.9
2022-04-26 23:00:00,985.0,22.7
2022-04-27 00:00:00,932.0,22.1
2022-04-27 01:00:00,874.0,21.5
2022-04-27 02:00:00,860.0,21.2
2022-04-27 03:00:00,814.0,21.3
2022-04-27 04:00:00,836.0,21.2
2022-04-27 05:00:00,821.0,20.8
2022-04-27 06:00:00,915.0,20.5
2022-04-27 07:00:00,1100.0,20.4
2022-04-27 08:00:00,1086.0,22.1
2022-04-27 09:00:00,1064.0,23.9
2022-04-27 10:00:00,1103.0,25.5
2022-04-27 11:00:00,1015.0,25.1
2022-04-27 12:00:00,953.0,21.9
2022-04-27 13:00:00,894.0,21.8
2022-04-27 14:00:00,951.0,22.3
2022-04-27 15:00:00,963.0,22.1
2022-04-27 16:00:00,1011.0,22.1
2022-04-27 17:00:00,1095.0,21.8
2022-04-27 18:00:00,1063.0,21.6
2022-04-27 19:00:00,1071.0,21.6
2022-04-27 20:00:00,1143.0,21.6
2022-04-27 21:00:00,1069.0,21.4
2022-04-27 22:00:00,990.0,21.3
2022-04-27 23:00:00,921.0,21.2
2022-04-28 00:00:00,831.0,21.1
2022-04-28 01:00:00,811.0,20.9
2022-04-28 02:00:00,766.0,20.9
2022-04-28 03:00:00,795.0,20.8
2022-04-28 04:00:00,779.0,20.8
2022-04-28 05:00:00,815.0,20.5
2022-04-28 06:00:00,883.0,20.4
2022-04-28 07:00:00,1098.0,20.7
2022-04-28 08:00:00,1074.0,21.1
2022-04-28 09:00:00,1029.0,21.8
2022-04-28 10:00:00,1104.0,23.8
2022-04-28 11:00:00,976.0,25.8
2022-04-28 12:00:00,907.0,27.6
2022-04-28 13:00:00,930.0,28.8
2022-04-28 14:00:00,928.0,28.2
2022-04-28 15:00:00,1037.0,23.9
2022-04-28 16:00:00,1098.0,22.8
2022-04-28 17:00:00,1194.0,21.7
2022-04-28 18:00:00,1158.0,19.0
2022-04-28 19:00:00,1042.0,17.5
2022-04-28 20:00:00,1137.0,16.7
2022-04-28 21:00:00,1023.0,16.4
2022-04-28 22:00:00,1018.0,16.2
2022-04-28 23:00:00,913.0,15.9
2022-04-29 00:00:00,889.0,15.6
2022-04-29 01:00:00,872.0,15.2
2022-04-29 02:00:00,821.0,15.2
2022-04-29 03:00:00,769.0,14.9
2022-04-29 04:00:00,721.0,14.3
2022-04-29 05:00:00,755.0,14.0
2022-04-29 06:00:00,869.0,13.5
2022-04-29 07:00:00,1105.0,13.3
2022-04-29 08:00:00,1048.0,14.0
2022-04-29 09:00:00,1055.0,14.4
2022-04-29 10:00:00,1102.0,14.5
2022-04-29 11:00:00,1026.0,14.9
2022-04-29 12:00:00,943.0,15.7
2022-04-29 13:00:00,957.0,16.2
2022-04-29 14:00:00,965.0,17.0
2022-04-29 15:00:00,1007.0,17.3
2022-04-29 16:00:00,1086.0,17.0
2022-04-29 17:00:00,1114.0,16.7
2022-04-29 18:00:00,1103.0,16.3
2022-04-29 19:00:00,1093.0,15.8
2022-04-29 20:00:00,1202.0,15.5
2022-04-29 21:00:00,1056.0,15.3
2022-04-29 22:00:00,1049.0,15.3
2022-04-29 23:00:00,942.0,15.0
2022-04-30 00:00:00,956.0,14.6
2022-04-30 01:00:00,838.0,13.5
2022-04-30 02:00:00,854.0,13.1
2022-04-30 03:00:00,758.0,13.2
2022-04-30 04:00:00,788.0,12.8
2022-04-30 05:00:00,760.0,12.4
2022-04-30 06:00:00,801.0,12.3
2022-04-30 07:00:00,970.0,12.2
2022-04-30 08:00:00,1059.0,12.2
2022-04-30 09:00:00,1141.0,12.2
2022-04-30 10:00:00,1174.0,12.7
2022-04-30 11:00:00,1151.0,13.0
2022-04-30 12:00:00,1018.0,13.0
2022-04-30 13:00:00,1004.0,13.3
2022-04-30 14:00:00,1025.0,13.2
2022-04-30 15:00:00,1055.0,13.1
2022-04-30 16:00:00,1175.0,13.0
2022-04-30 17:00:00,1212.0,12.9
2022-04-30 18:00:00,1164.0,13.0
2022-04-30 19:00:00,1039.0,13.1
2022-04-30 20:00:00,1165.0,12.9
2022-04-30 21:00:00,1066.0,12.6
2022-04-30 22:00:00,1060.0,12.2
2022-04-30 23:00:00,946.0,12.0
2022-05-01 00:00:00,923.0,11.9
2022-05-01 01:00:00,779.0,11.7
2022-05-01 02:00:00,801.0,11.6
2022-05-01 03:00:00,758.0,11.8
2022-05-01 04:00:00,703.0,11.9
2022-05-01 05:00:00,720.0,12.0
2022-05-01 06:00:00,752.0,12.2
2022-05-01 07:00:00,945.0,12.3
2022-05-01 08:00:00,1003.0,12.8
2022-05-01 09:00:00,1060.0,13.1
2022-05-01 10:00:00,1048.0,14.0
2022-05-01 11:00:00,1031.0,15.3
2022-05-01 12:00:00,959.0,16.8
2022-05-01 13:00:00,968.0,17.8
2022-05-01 14:00:00,894.0,18.0
2022-05-01 15:00:00,896.0,18.8
2022-05-01 16:00:00,1007.0,17.9
2022-05-01 17:00:00,1028.0,18.8
2022-05-01 18:00:00,1104.0,17.5
2022-05-01 19:00:00,1072.0,16.8
2022-05-01 20:00:00,1258.0,14.7
2022-05-01 21:00:00,1200.0,14.5
2022-05-01 22:00:00,1102.0,13.6
2022-05-01 23:00:00,958.0,12.9
2022-05-02 00:00:00,869.0,12.6
2022-05-02 01:00:00,767.0,12.6
2022-05-02 02:00:00,769.0,12.3
2022-05-02 03:00:00,689.0,12.2
2022-05-02 04:00:00,707.0,12.2
2022-05-02 05:00:00,723.0,12.0
2022-05-02 06:00:00,794.0,11.7
2022-05-02 07:00:00,932.0,11.8
2022-05-02 08:00:00,1010.0,13.8
2022-05-02 09:00:00,1042.0,16.5
2022-05-02 10:00:00,1086.0,18.2
2022-05-02 11:00:00,995.0,19.4
2022-05-02 12:00:00,933.0,21.3
2022-05-02 13:00:00,837.0,22.6
2022-05-02 14:00:00,842.0,23.7
2022-05-02 15:00:00,895.0,24.4
2022-05-02 16:00:00,957.0,25.0
2022-05-02 17:00:00,1063.0,24.7
2022-05-02 18:00:00,1051.0,24.3
2022-05-02 19:00:00,1030.0,21.9
2022-05-02 20:00:00,1218.0,17.7
2022-05-02 21:00:00,1153.0,16.3
2022-05-02 22:00:00,1101.0,14.9
2022-05-02 23:00:00,952.0,13.8
2022-05-03 00:00:00,901.0,12.9
2022-05-03 01:00:00,834.0,12.0
2022-05-03 02:00:00,832.0,12.1
2022-05-03 03:00:00,818.0,10.7
2022-05-03 04:00:00,770.0,10.5
2022-05-03 05:00:00,776.0,10.5
2022-05-03 06:00:00,905.0,10.2
2022-05-03 07:00:00,1021.0,10.7
2022-05-03 08:00:00,1079.0,12.2
2022-05-03 09:00:00,1084.0,14.8
2022-05-03 10:00:00,1107.0,18.6
2022-05-03 11:00:00,1006.0,22.4
2022-05-03 12:00:00,958.0,24.6
2022-05-03 13:00:00,857.0,25.7
2022-05-03 14:00:00,938.0,26.8
2022-05-03 15:00:00,936.0,27.7
2022-05-03 16:00:00,1117.0,27.6
2022-05-03 17:00:00,1147.0,26.8
2022-05-03 18:00:00,1053.0,26.4
2022-05-03 19:00:00,1015.0,24.1
2022-05-03 20:00:00,1248.0,20.4
2022-05-03 21:00:00,1157.0,18.4
2022-05-03 22:00:00,1094.0,17.3
2022-05-03 23:00:00,996.0,16.9
2022-05-04 00:00:00,915.0,15.9
2022-05-04 01:00:00,909.0,16.9
2022-05-04 02:00:00,871.0,15.5
2022-05-04 03:00:00,815.0,14.1
2022-05-04 04:00:00,802.0,13.2
2022-05-04 05:00:00,802.0,12.6
2022-05-04 06:00:00,920.0,12.3
2022-05-04 07:00:00,1043.0,13.9
2022-05-04 08:00:00,1087.0,15.1
2022-05-04 09:00:00,1119.0,18.1
2022-05-04 10:00:00,1170.0,21.2
2022-05-04 11:00:00,1062.0,24.0
2022-05-04 12:00:00,959.0,26.3
2022-05-04 13:00:00,935.0,28.0
2022-05-04 14:00:00,949.0,28.5
2022-05-04 15:00:00,1027.0,28.8
2022-05-04 16:00:00,1088.0,29.4
2022-05-04 17:00:00,1156.0,28.0
2022-05-04 18:00:00,1158.0,26.6
2022-05-04 19:00:00,1107.0,23.5
2022-05-04 20:00:00,1274.0,19.9
2022-05-04 21:00:00,1164.0,18.4
2022-05-04 22:00:00,1123.0,17.7
2022-05-04 23:00:00,973.0,16.8
2022-05-05 00:00:00,966.0,16.8
2022-05-05 01:00:00,895.0,15.7
2022-05-05 02:00:00,882.0,16.1
2022-05-05 03:00:00,876.0,15.2
2022-05-05 04:00:00,879.0,13.3
2022-05-05 05:00:00,840.0,12.7
2022-05-05 06:00:00,997.0,12.7
2022-05-05 07:00:00,1170.0,14.1
2022-05-05 08:00:00,1106.0,16.4
2022-05-05 09:00:00,1109.0,19.8
2022-05-05 10:00:00,1188.0,23.2
2022-05-05 11:00:00,1021.0,24.9
2022-05-05 12:00:00,917.0,27.1
2022-05-05 13:00:00,850.0,29.3
2022-05-05 14:00:00,888.0,30.1
2022-05-05 15:00:00,1000.0,31.4
2022-05-05 16:00:00,1075.0,32.0
2022-05-05 17:00:00,1123.0,31.2
2022-05-05 18:00:00,1103.0,30.6
2022-05-05 19:00:00,1053.0,27.3
2022-05-05 20:00:00,1251.0,24.3
2022-05-05 21:00:00,1163.0,21.3
2022-05-05 22:00:00,1119.0,19.9
2022-05-05 23:00:00,1015.0,19.6
2022-05-06 00:00:00,947.0,18.5
2022-05-06 01:00:00,916.0,19.2
2022-05-06 02:00:00,845.0,18.4
2022-05-06 03:00:00,845.0,17.4
2022-05-06 04:00:00,823.0,18.2
2022-05-06 05:00:00,844.0,18.2
2022-05-06 06:00:00,985.0,18.2
2022-05-06 07:00:00,1106.0,17.5
2022-05-06 08:00:00,1102.0,21.1
2022-05-06 09:00:00,1111.0,22.6
2022-05-06 10:00:00,1150.0,25.2
2022-05-06 11:00:00,1049.0,27.7
2022-05-06 12:00:00,938.0,29.0
2022-05-06 13:00:00,887.0,28.0
2022-05-06 14:00:00,1007.0,27.9
2022-05-06 15:00:00,1032.0,28.1
2022-05-06 16:00:00,1145.0,27.2
2022-05-06 17:00:00,1179.0,26.6
2022-05-06 18:00:00,1165.0,25.4
2022-05-06 19:00:00,1080.0,24.9
2022-05-06 20:00:00,1198.0,24.3
2022-05-06 21:00:00,1100.0,22.8
2022-05-06 22:00:00,1040.0,22.0
2022-05-06 23:00:00,947.0,20.7
2022-05-07 00:00:00,909.0,20.4
2022-05-07 01:00:00,866.0,19.9
2022-05-07 02:00:00,857.0,19.3
2022-05-07 03:00:00,808.0,19.2
2022-05-07 04:00:00,832.0,18.7
2022-05-07 05:00:00,808.0,18.3
2022-05-07 06:00:00,912.0,18.3
2022-05-07 07:00:00,1110.0,18.3
2022-05-07 08:00:00,1085.0,19.8
2022-05-07 09:00:00,1118.0,20.6
2022-05-07 10:00:00,1141.0,22.6
2022-05-07 11:00:00,1075.0,23.1
2022-05-07 12:00:00,904.0,21.1
2022-05-07 13:00:00,918.0,22.0
2022-05-07 14:00:00,961.0,24.0
2022-05-07 15:00:00,1034.0,25.9
2022-05-07 16:00:00,1103.0,26.2
2022-05-07 17:00:00,1249.0,25.2
2022-05-07 18:00:00,1169.0,23.7
2022-05-07 19:00:00,1152.0,22.6
2022-05-07 20:00:00,1172.0,22.0
2022-05-07 21:00:00,1112.0,21.2
2022-05-07 22:00:00,1037.0,20.7
2022-05-07 23:00:00,949.0,20.4
2022-05-08 00:00:00,933.0,20.2
2022-05-08 01:00:00,906.0,20.1
2022-05-08 02:00:00,843.0,20.1
2022-05-08 03:00:00,832.0,19.9
2022-05-08 04:00:00,845.0,19.9
2022-05-08 05:00:00,809.0,19.9
2022-05-08 06:00:00,875.0,19.8
2022-05-08 07:00:00,1020.0,19.8
2022-05-08 08:00:00,1092.0,20.0
2022-05-08 09:00:00,1113.0,20.5
2022-05-08 10:00:00,1164.0,21.1
2022-05-08 11:00:00,1069.0,22.3
2022-05-08 12:00:00,925.0,21.4
2022-05-08 13:00:00,877.0,22.9
2022-05-08 14:00:00,910.0,22.3
2022-05-08 15:00:00,987.0,24.0
2022-05-08 16:00:00,1091.0,25.0
2022-05-08 17:00:00,1102.0,23.5
2022-05-08 18:00:00,1093.0,22.3
2022-05-08 19:00:00,1042.0,21.4
2022-05-08 20:00:00,1193.0,20.8
2022-05-08 21:00:00,1115.0,20.5
2022-05-08 22:00:00,1052.0,20.2
2022-05-08 23:00:00,954.0,19.8
2022-05-09 00:00:00,937.0,19.7
2022-05-09 01:00:00,900.0,19.6
2022-05-09 02:00:00,837.0,19.5
2022-05-09 03:00:00,812.0,19.2
2022-05-09 04:00:00,776.0,19.2
2022-05-09 05:00:00,801.0,19.1
2022-05-09 06:00:00,931.0,19.0
2022-05-09 07:00:00,1076.0,19.1
2022-05-09 08:00:00,1071.0,19.5
2022-05-09 09:00:00,1111.0,21.1
2022-05-09 10:00:00,1154.0,22.5
2022-05-09 11:00:00,1052.0,23.4
2022-05-09 12:00:00,937.0,23.8
2022-05-09 13:00:00,923.0,23.6
2022-05-09 14:00:00,936.0,22.6
2022-05-09 15:00:00,1026.0,22.3
2022-05-09 16:00:00,1102.0,22.4
2022-05-09 17:00:00,1211.0,22.0
2022-05-09 18:00:00,1115.0,21.6
2022-05-09 19:00:00,1095.0,20.9
2022-05-09 20:00:00,1147.0,20.1
2022-05-09 21:00:00,1087.0,19.9
2022-05-09 22:00:00,959.0,18.7
2022-05-09 23:00:00,897.0,17.5
2022-05-10 00:00:00,886.0,15.9
2022-05-10 01:00:00,809.0,15.0
2022-05-10 02:00:00,755.0,14.5
2022-05-10 03:00:00,783.0,13.9
2022-05-10 04:00:00,760.0,13.7
2022-05-10 05:00:00,759.0,13.6
2022-05-10 06:00:00,881.0,13.4
2022-05-10 07:00:00,1042.0,13.6
2022-05-10 08:00:00,1026.0,13.7
2022-05-10 09:00:00,1065.0,14.0
2022-05-10 10:00:00,1137.0,14.4
2022-05-10 11:00:00,1020.0,15.4
2022-05-10 12:00:00,905.0,15.7
2022-05-10 13:00:00,849.0,15.9
2022-05-10 14:00:00,898.0,16.2
2022-05-10 15:00:00,967.0,17.2
2022-05-10 16:00:00,988.0,16.5
2022-05-10 17:00:00,1095.0,16.8
2022-05-10 18:00:00,1035.0,17.0
2022-05-10 19:00:00,967.0,16.7
2022-05-10 20:00:00,1070.0,16.4
2022-05-10 21:00:00,1105.0,16.4
2022-05-10 22:00:00,976.0,16.3
2022-05-10 23:00:00,910.0,16.3
2022-05-11 00:00:00,889.0,15.9
2022-05-11 01:00:00,764.0,15.8
2022-05-11 02:00:00,761.0,16.0
2022-05-11 03:00:00,753.0,15.9
2022-05-11 04:00:00,780.0,15.9
2022-05-11 05:00:00,799.0,16.0
2022-05-11 06:00:00,839.0,15.9
2022-05-11 07:00:00,1008.0,16.2
2022-05-11 08:00:00,985.0,17.2
2022-05-11 09:00:00,1032.0,18.0
2022-05-11 10:00:00,1060.0,18.9
2022-05-11 11:00:00,968.0,19.2
2022-05-11 12:00:00,902.0,19.3
2022-05-11 13:00:00,836.0,20.0
2022-05-11 14:00:00,900.0,20.2
2022-05-11 15:00:00,1019.0,18.9
2022-05-11 16:00:00,1099.0,18.2
2022-05-11 17:00:00,1150.0,17.6
2022-05-11 18:00:00,1097.0,17.0
2022-05-11 19:00:00,1026.0,17.1
2022-05-11 20:00:00,1084.0,17.0
2022-05-11 21:00:00,1095.0,16.8
2022-05-11 22:00:00,967.0,16.8
2022-05-11 23:00:00,894.0,16.8
2022-05-12 00:00:00,857.0,16.8
2022-05-12 01:00:00,814.0,16.8
2022-05-12 02:00:00,781.0,16.8
2022-05-12 03:00:00,750.0,16.7
2022-05-12 04:00:00,771.0,16.7
2022-05-12 05:00:00,738.0,16.6
2022-05-12 06:00:00,873.0,16.4
2022-05-12 07:00:00,1023.0,16.3
2022-05-12 08:00:00,1051.0,16.4
2022-05-12 09:00:00,1055.0,17.0
2022-05-12 10:00:00,1068.0,18.0
2022-05-12 11:00:00,1037.0,17.8
2022-05-12 12:00:00,911.0,17.6
2022-05-12 13:00:00,895.0,17.7
2022-05-12 14:00:00,973.0,17.8
2022-05-12 15:00:00,1028.0,18.0
2022-05-12 16:00:00,1034.0,17.9
2022-05-12 17:00:00,1149.0,17.9
2022-05-12 18:00:00,1129.0,17.4
2022-05-12 19:00:00,1047.0,17.3
2022-05-12 20:00:00,1165.0,17.1
2022-05-12 21:00:00,1078.0,17.0
2022-05-12 22:00:00,976.0,16.9
2022-05-12 23:00:00,915.0,16.9
2022-05-13 00:00:00,907.0,16.7
2022-05-13 01:00:00,852.0,16.7
2022-05-13 02:00:00,796.0,16.6
2022-05-13 03:00:00,784.0,16.6
2022-05-13 04:00:00,739.0,16.5
2022-05-13 05:00:00,782.0,16.5
2022-05-13 06:00:00,912.0,16.4
2022-05-13 07:00:00,1061.0,16.6
2022-05-13 08:00:00,1105.0,17.2
2022-05-13 09:00:00,1086.0,17.9
2022-05-13 10:00:00,1126.0,19.4
2022-05-13 11:00:00,990.0,21.1
2022-05-13 12:00:00,907.0,21.6
2022-05-13 13:00:00,892.0,21.9
2022-05-13 14:00:00,920.0,21.6
2022-05-13 15:00:00,1012.0,21.0
2022-05-13 16:00:00,1162.0,20.2
2022-05-13 17:00:00,1152.0,19.8
2022-05-13 18:00:00,1111.0,19.7
2022-05-13 19:00:00,1077.0,19.4
2022-05-13 20:00:00,1179.0,19.5
2022-05-13 21:00:00,1103.0,19.0
2022-05-13 22:00:00,1050.0,19.1
2022-05-13 23:00:00,986.0,19.3
2022-05-14 00:00:00,938.0,19.0
2022-05-14 01:00:00,866.0,18.9
2022-05-14 02:00:00,819.0,18.5
2022-05-14 03:00:00,829.0,18.3
2022-05-14 04:00:00,795.0,18.0
2022-05-14 05:00:00,831.0,17.8
2022-05-14 06:00:00,905.0,17.6
2022-05-14 07:00:00,1045.0,17.5
2022-05-14 08:00:00,1097.0,17.5
2022-05-14 09:00:00,1122.0,17.6
2022-05-14 10:00:00,1185.0,17.7
2022-05-14 11:00:00,1145.0,16.6
2022-05-14 12:00:00,1018.0,15.9
2022-05-14 13:00:00,949.0,15.5
2022-05-14 14:00:00,1008.0,15.2
2022-05-14 15:00:00,1051.0,14.7
2022-05-14 16:00:00,1180.0,14.4
2022-05-14 17:00:00,1233.0,14.0
2022-05-14 18:00:00,1177.0,13.6
2022-05-14 19:00:00,1119.0,13.1
2022-05-14 20:00:00,1114.0,12.7
2022-05-14 21:00:00,1080.0,12.1
2022-05-14 22:00:00,965.0,12.0
2022-05-14 23:00:00,931.0,12.1
2022-05-15 00:00:00,923.0,12.1
2022-05-15 01:00:00,855.0,12.1
2022-05-15 02:00:00,842.0,11.9
2022-05-15 03:00:00,818.0,11.5
2022-05-15 04:00:00,777.0,11.5
2022-05-15 05:00:00,783.0,11.4
2022-05-15 06:00:00,849.0,11.4
2022-05-15 07:00:00,962.0,11.5
2022-05-15 08:00:00,1062.0,11.9
2022-05-15 09:00:00,1158.0,11.9
2022-05-15 10:00:00,1206.0,12.1
2022-05-15 11:00:00,1107.0,12.2
2022-05-15 12:00:00,1010.0,12.7
2022-05-15 13:00:00,957.0,12.7
2022-05-15 14:00:00,982.0,12.9
2022-05-15 15:00:00,1048.0,12.9
2022-05-15 16:00:00,1160.0,13.2
2022-05-15 17:00:00,1194.0,13.1
2022-05-15 18:00:00,1202.0,13.0
2022-05-15 19:00:00,1098.0,12.8
2022-05-15 20:00:00,1183.0,12.9
2022-05-15 21:00:00,1125.0,12.6
2022-05-15 22:00:00,1034.0,12.4
2022-05-15 23:00:00,948.0,12.2
2022-05-16 00:00:00,892.0,12.1
2022-05-16 01:00:00,856.0,11.8
2022-05-16 02:00:00,823.0,11.7
2022-05-16 03:00:00,806.0,11.6
2022-05-16 04:00:00,741.0,11.3
2022-05-16 05:00:00,806.0,10.9
2022-05-16 06:00:00,931.0,11.2
2022-05-16 07:00:00,1130.0,11.7
2022-05-16 08:00:00,1110.0,12.2
2022-05-16 09:00:00,1174.0,13.0
2022-05-16 10:00:00,1151.0,14.3
2022-05-16 11:00:00,1131.0,17.0
2022-05-16 12:00:00,945.0,16.5
2022-05-16 13:00:00,933.0,18.8
2022-05-16 14:00:00,963.0,20.7
2022-05-16 15:00:00,1041.0,22.3
2022-05-16 16:00:00,1141.0,22.8
2022-05-16 17:00:00,1175.0,22.5
2022-05-16 18:00:00,1165.0,21.9
2022-05-16 19:00:00,1155.0,20.2
2022-05-16 20:00:00,1318.0,15.9
2022-05-16 21:00:00,1253.0,14.3
2022-05-16 22:00:00,1166.0,13.4
2022-05-16 23:00:00,1100.0,13.1
2022-05-17 00:00:00,1030.0,12.4
2022-05-17 01:00:00,957.0,12.1
2022-05-17 02:00:00,886.0,11.8
2022-05-17 03:00:00,920.0,11.2
2022-05-17 04:00:00,898.0,11.2
2022-05-17 05:00:00,895.0,11.0
2022-05-17 06:00:00,1047.0,11.1
2022-05-17 07:00:00,1195.0,11.6
2022-05-17 08:00:00,1152.0,13.2
2022-05-17 09:00:00,1179.0,14.8
2022-05-17 10:00:00,1222.0,16.6
2022-05-17 11:00:00,1088.0,19.4
2022-05-17 12:00:00,966.0,21.5
2022-05-17 13:00:00,918.0,24.4
2022-05-17 14:00:00,1004.0,22.9
2022-05-17 15:00:00,1075.0,24.0
2022-05-17 16:00:00,1106.0,23.9
2022-05-17 17:00:00,1167.0,23.4
2022-05-17 18:00:00,1155.0,22.7
2022-05-17 19:00:00,1159.0,21.0
2022-05-17 20:00:00,1300.0,20.0
2022-05-17 21:00:00,1229.0,18.1
2022-05-17 22:00:00,1164.0,17.5
2022-05-17 23:00:00,1050.0,17.3
2022-05-18 00:00:00,1060.0,16.8
2022-05-18 01:00:00,956.0,16.8
2022-05-18 02:00:00,954.0,16.7
2022-05-18 03:00:00,910.0,16.5
2022-05-18 04:00:00,914.0,16.0
2022-05-18 05:00:00,905.0,15.8
2022-05-18 06:00:00,1070.0,16.0
2022-05-18 07:00:00,1218.0,16.0
2022-05-18 08:00:00,1159.0,16.8
2022-05-18 09:00:00,1144.0,17.6
2022-05-18 10:00:00,1246.0,18.4
2022-05-18 11:00:00,1094.0,19.5
2022-05-18 12:00:00,1014.0,20.5
2022-05-18 13:00:00,933.0,21.1
2022-05-18 14:00:00,994.0,22.6
2022-05-18 15:00:00,1059.0,22.6
2022-05-18 16:00:00,1178.0,21.9
2022-05-18 17:00:00,1241.0,21.0
2022-05-18 18:00:00,1215.0,19.8
2022-05-18 19:00:00,1135.0,18.6
2022-05-18 20:00:00,1244.0,17.7
2022-05-18 21:00:00,1223.0,17.2
2022-05-18 22:00:00,1127.0,16.8
2022-05-18 23:00:00,1060.0,16.3
2022-05-19 00:00:00,1038.0,15.8
2022-05-19 01:00:00,965.0,15.5
2022-05-19 02:00:00,959.0,15.3
2022-05-19 03:00:00,892.0,15.1
2022-05-19 04:00:00,896.0,15.0
2022-05-19 05:00:00,914.0,14.8
2022-05-19 06:00:00,1015.0,14.7
2022-05-19 07:00:00,1182.0,14.7
2022-05-19 08:00:00,1133.0,14.8
2022-05-19 09:00:00,1160.0,14.4
2022-05-19 10:00:00,1191.0,14.4
2022-05-19 11:00:00,1132.0,14.5
2022-05-19 12:00:00,1000.0,14.9
2022-05-19 13:00:00,949.0,14.8
2022-05-19 14:00:00,997.0,15.1
2022-05-19 15:00:00,1065.0,15.4
2022-05-19 16:00:00,1191.0,15.2
2022-05-19 17:00:00,1256.0,15.2
2022-05-19 18:00:00,1226.0,15.2
2022-05-19 19:00:00,1152.0,15.2
2022-05-19 20:00:00,1226.0,15.2
2022-05-19 21:00:00,1200.0,15.1
2022-05-19 22:00:00,1111.0,15.1
2022-05-19 23:00:00,1030.0,15.1
2022-05-20 00:00:00,1016.0,15.0
2022-05-20 01:00:00,980.0,15.0
2022-05-20 02:00:00,918.0,14.9
2022-05-20 03:00:00,898.0,14.9
2022-05-20 04:00:00,915.0,15.0
2022-05-20 05:00:00,883.0,15.0
2022-05-20 06:00:00,1024.0,15.0
2022-05-20 07:00:00,1242.0,15.2
2022-05-20 08:00:00,1181.0,15.8
2022-05-20 09:00:00,1182.0,16.2
2022-05-20 10:00:00,1228.0,17.0
2022-05-20 11:00:00,1084.0,17.1
2022-05-20 12:00:00,971.0,17.3
2022-05-20 13:00:00,1016.0,19.4
2022-05-20 14:00:00,1039.0,21.0
2022-05-20 15:00:00,1093.0,21.8
2022-05-20 16:00:00,1097.0,22.5
2022-05-20 17:00:00,1196.0,23.5
2022-05-20 18:00:00,1160.0,22.4
2022-05-20 19:00:00,1112.0,21.6
2022-05-20 20:00:00,1243.0,20.0
2022-05-20 21:00:00,1187.0,18.8
2022-05-20 22:00:00,1185.0,17.8
2022-05-20 23:00:00,1078.0,17.1
2022-05-21 00:00:00,1012.0,16.7
2022-05-21 01:00:00,958.0,16.4
2022-05-21 02:00:00,898.0,15.9
2022-05-21 03:00:00,851.0,15.7
2022-05-21 04:00:00,865.0,15.8
2022-05-21 05:00:00,910.0,15.5
2022-05-21 06:00:00,1002.0,15.6
2022-05-21 07:00:00,1058.0,15.7
2022-05-21 08:00:00,1173.0,16.8
2022-05-21 09:00:00,1200.0,19.0
2022-05-21 10:00:00,1247.0,22.1
2022-05-21 11:00:00,1155.0,24.8
2022-05-21 12:00:00,1015.0,24.1
2022-05-21 13:00:00,975.0,24.5
2022-05-21 14:00:00,1018.0,24.3
2022-05-21 15:00:00,1126.0,23.9
2022-05-21 16:00:00,1179.0,23.5
2022-05-21 17:00:00,1239.0,22.9
2022-05-21 18:00:00,1223.0,21.9
2022-05-21 19:00:00,1120.0,20.7
2022-05-21 20:00:00,1250.0,19.9
2022-05-21 21:00:00,1166.0,19.2
2022-05-21 22:00:00,1121.0,19.2
2022-05-21 23:00:00,1040.0,19.2
2022-05-22 00:00:00,996.0,18.8
2022-05-22 01:00:00,950.0,18.6
2022-05-22 02:00:00,896.0,18.4
2022-05-22 03:00:00,902.0,17.9
2022-05-22 04:00:00,886.0,17.7
2022-05-22 05:00:00,886.0,17.4
2022-05-22 06:00:00,955.0,17.3
2022-05-22 07:00:00,1079.0,17.4
2022-05-22 08:00:00,1149.0,17.7
2022-05-22 09:00:00,1236.0,18.0
2022-05-22 10:00:00,1232.0,18.1
2022-05-22 11:00:00,1168.0,18.9
2022-05-22 12:00:00,1056.0,18.9
2022-05-22 13:00:00,1050.0,18.8
2022-05-22 14:00:00,1044.0,19.0
2022-05-22 15:00:00,1116.0,19.2
2022-05-22 16:00:00,1170.0,18.6
2022-05-22 17:00:00,1239.0,18.5
2022-05-22 18:00:00,1216.0,18.0
2022-05-22 19:00:00,1134.0,17.8
2022-05-22 20:00:00,1211.0,17.7
2022-05-22 21:00:00,1126.0,17.6
2022-05-22 22:00:00,1039.0,17.4
2022-05-22 23:00:00,1002.0,17.2
2022-05-23 00:00:00,956.0,17.2
2022-05-23 01:00:00,940.0,17.0
2022-05-23 02:00:00,880.0,16.8
2022-05-23 03:00:00,833.0,16.7
2022-05-23 04:00:00,844.0,16.6
2022-05-23 05:00:00,876.0,16.6
2022-05-23 06:00:00,930.0,16.6
2022-05-23 07:00:00,1123.0,17.0
2022-05-23 08:00:00,1109.0,17.8
2022-05-23 09:00:00,1134.0,18.5
2022-05-23 10:00:00,1120.0,19.2
2022-05-23 11:00:00,1110.0,20.0
2022-05-23 12:00:00,997.0,20.2
2022-05-23 13:00:00,929.0,20.9
2022-05-23 14:00:00,1018.0,20.8
2022-05-23 15:00:00,1069.0,20.8
2022-05-23 16:00:00,1099.0,20.5
2022-05-23 17:00:00,1173.0,20.2
2022-05-23 18:00:00,1161.0,19.4
2022-05-23 19:00:00,1112.0,19.3
2022-05-23 20:00:00,1224.0,19.0
2022-05-23 21:00:00,1107.0,18.8
2022-05-23 22:00:00,1103.0,18.5
2022-05-23 23:00:00,1026.0,18.6
2022-05-24 00:00:00,1025.0,18.6
2022-05-24 01:00:00,960.0,18.6
2022-05-24 02:00:00,932.0,18.5
2022-05-24 03:00:00,874.0,18.5
2022-05-24 04:00:00,866.0,18.5
2022-05-24 05:00:00,894.0,18.4
2022-05-24 06:00:00,985.0,18.4
2022-05-24 07:00:00,1115.0,18.5
2022-05-24 08:00:00,1046.0,18.9
2022-05-24 09:00:00,1122.0,19.5
2022-05-24 10:00:00,1097.0,20.2
2022-05-24 11:00:00,1013.0,21.4
2022-05-24 12:00:00,955.0,22.6
2022-05-24 13:00:00,861.0,23.8
2022-05-24 14:00:00,923.0,23.4
2022-05-24 15:00:00,977.0,23.5
2022-05-24 16:00:00,1042.0,24.0
2022-05-24 17:00:00,1214.0,24.0
2022-05-24 18:00:00,1229.0,24.4
2022-05-24 19:00:00,1140.0,23.5
2022-05-24 20:00:00,1286.0,22.9
2022-05-24 21:00:00,1242.0,21.9
2022-05-24 22:00:00,1158.0,21.4
2022-05-24 23:00:00,1048.0,21.1
2022-05-25 00:00:00,1021.0,20.8
2022-05-25 01:00:00,930.0,20.8
2022-05-25 02:00:00,933.0,20.5
2022-05-25 03:00:00,906.0,20.3
2022-05-25 04:00:00,868.0,20.3
2022-05-25 05:00:00,861.0,20.1
2022-05-25 06:00:00,1049.0,20.1
2022-05-25 07:00:00,1152.0,20.7
2022-05-25 08:00:00,1113.0,21.8
2022-05-25 09:00:00,1137.0,24.2
2022-05-25 10:00:00,1190.0,25.0
2022-05-25 11:00:00,1133.0,25.7
2022-05-25 12:00:00,983.0,25.4
2022-05-25 13:00:00,964.0,26.2
2022-05-25 14:00:00,991.0,26.4
2022-05-25 15:00:00,1052.0,27.7
2022-05-25 16:00:00,1114.0,28.2
2022-05-25 17:00:00,1181.0,24.5
2022-05-25 18:00:00,1177.0,24.0
2022-05-25 19:00:00,1139.0,23.6
2022-05-25 20:00:00,1270.0,23.4
2022-05-25 21:00:00,1211.0,22.8
2022-05-25 22:00:00,1145.0,22.6
2022-05-25 23:00:00,1064.0,22.5
2022-05-26 00:00:00,1045.0,22.3
2022-05-26 01:00:00,987.0,22.2
2022-05-26 02:00:00,919.0,22.1
2022-05-26 03:00:00,913.0,22.0
2022-05-26 04:00:00,892.0,22.0
2022-05-26 05:00:00,891.0,19.6
2022-05-26 06:00:00,1047.0,18.8
2022-05-26 07:00:00,1145.0,18.7
2022-05-26 08:00:00,1136.0,18.5
2022-05-26 09:00:00,1156.0,18.4
2022-05-26 10:00:00,1189.0,18.3
2022-05-26 11:00:00,1119.0,18.4
2022-05-26 12:00:00,1016.0,18.6
2022-05-26 13:00:00,959.0,18.9
2022-05-26 14:00:00,1048.0,18.9
2022-05-26 15:00:00,1077.0,19.1
2022-05-26 16:00:00,1167.0,19.0
2022-05-26 17:00:00,1177.0,18.9
2022-05-26 18:00:00,1165.0,18.5
2022-05-26 19:00:00,1058.0,18.4
2022-05-26 20:00:00,1155.0,18.4
2022-05-26 21:00:00,1087.0,18.4
2022-05-26 22:00:00,1062.0,18.3
2022-05-26 23:00:00,1001.0,18.4
2022-05-27 00:00:00,1006.0,18.3
2022-05-27 01:00:00,960.0,18.1
2022-05-27 02:00:00,911.0,18.1
2022-05-27 03:00:00,917.0,18.0
2022-05-27 04:00:00,870.0,18.0
2022-05-27 05:00:00,892.0,17.9
2022-05-27 06:00:00,962.0,17.9
2022-05-27 07:00:00,1151.0,18.0
2022-05-27 08:00:00,1146.0,18.2
2022-05-27 09:00:00,1190.0,18.5
2022-05-27 10:00:00,1239.0,19.0
2022-05-27 11:00:00,1154.0,19.1
2022-05-27 12:00:00,1004.0,19.4
2022-05-27 13:00:00,973.0,20.0
2022-05-27 14:00:00,971.0,19.8
2022-05-27 15:00:00,1089.0,20.3
2022-05-27 16:00:00,1150.0,20.8
2022-05-27 17:00:00,1224.0,20.6
2022-05-27 18:00:00,1205.0,20.2
2022-05-27 19:00:00,1118.0,19.6
2022-05-27 20:00:00,1198.0,19.5
2022-05-27 21:00:00,1115.0,19.4
2022-05-27 22:00:00,1124.0,19.1
2022-05-27 23:00:00,1070.0,19.1
2022-05-28 00:00:00,1011.0,19.0
2022-05-28 01:00:00,968.0,19.0
2022-05-28 02:00:00,934.0,18.8
2022-05-28 03:00:00,925.0,18.8
2022-05-28 04:00:00,889.0,18.7
2022-05-28 05:00:00,800.0,18.6
2022-05-28 06:00:00,973.0,18.6
2022-05-28 07:00:00,1098.0,18.7
2022-05-28 08:00:00,1133.0,19.1
2022-05-28 09:00:00,1203.0,19.4
2022-05-28 10:00:00,1210.0,19.7
2022-05-28 11:00:00,1091.0,19.9
2022-05-28 12:00:00,1035.0,20.5
2022-05-28 13:00:00,991.0,20.6
2022-05-28 14:00:00,1024.0,20.8
2022-05-28 15:00:00,1046.0,20.6
2022-05-28 16:00:00,1184.0,20.7
2022-05-28 17:00:00,1213.0,20.6
2022-05-28 18:00:00,1213.0,20.7
2022-05-28 19:00:00,1088.0,20.8
2022-05-28 20:00:00,1166.0,20.6
2022-05-28 21:00:00,1138.0,20.2
2022-05-28 22:00:00,1099.0,20.1
2022-05-28 23:00:00,1040.0,20.1
2022-05-29 00:00:00,973.0,20.0
2022-05-29 01:00:00,933.0,20.0
2022-05-29 02:00:00,917.0,20.0
2022-05-29 03:00:00,869.0,20.0
2022-05-29 04:00:00,879.0,20.0
2022-05-29 05:00:00,880.0,20.0
2022-05-29 06:00:00,935.0,20.1
2022-05-29 07:00:00,1051.0,20.2
2022-05-29 08:00:00,1101.0,20.6
2022-05-29 09:00:00,1120.0,21.0
2022-05-29 10:00:00,1171.0,22.4
2022-05-29 11:00:00,1091.0,24.0
2022-05-29 12:00:00,1013.0,26.5
2022-05-29 13:00:00,968.0,27.7
2022-05-29 14:00:00,1004.0,28.2
2022-05-29 15:00:00,1119.0,25.1
2022-05-29 16:00:00,1192.0,23.6
2022-05-29 17:00:00,1228.0,23.1
2022-05-29 18:00:00,1266.0,22.8
2022-05-29 19:00:00,1136.0,22.7
2022-05-29 20:00:00,1196.0,22.4
2022-05-29 21:00:00,1163.0,22.2
2022-05-29 22:00:00,1091.0,21.9
2022-05-29 23:00:00,1012.0,21.8
2022-05-30 00:00:00,960.0,21.7
2022-05-30 01:00:00,944.0,21.7
2022-05-30 02:00:00,902.0,21.6
2022-05-30 03:00:00,854.0,21.4
2022-05-30 04:00:00,858.0,21.2
2022-05-30 05:00:00,837.0,21.3
2022-05-30 06:00:00,986.0,21.2
2022-05-30 07:00:00,1136.0,21.3
2022-05-30 08:00:00,1130.0,21.7
2022-05-30 09:00:00,1140.0,22.0
2022-05-30 10:00:00,1171.0,22.3
2022-05-30 11:00:00,1125.0,22.7
2022-05-30 12:00:00,967.0,22.7
2022-05-30 13:00:00,1005.0,23.5
2022-05-30 14:00:00,1004.0,24.5
2022-05-30 15:00:00,1089.0,25.0
2022-05-30 16:00:00,1122.0,25.3
2022-05-30 17:00:00,1205.0,25.1
2022-05-30 18:00:00,1221.0,25.5
2022-05-30 19:00:00,1156.0,24.6
2022-05-30 20:00:00,1261.0,23.8
2022-05-30 21:00:00,1244.0,23.4
2022-05-30 22:00:00,1146.0,23.1
2022-05-30 23:00:00,1077.0,22.2
2022-05-31 00:00:00,963.0,22.2
2022-05-31 01:00:00,917.0,21.8
2022-05-31 02:00:00,876.0,21.5
2022-05-31 03:00:00,786.0,21.2
2022-05-31 04:00:00,796.0,21.1
2022-05-31 05:00:00,788.0,20.8
2022-05-31 06:00:00,962.0,21.0
2022-05-31 07:00:00,1053.0,21.1
2022-05-31 08:00:00,1060.0,21.5
2022-05-31 09:00:00,1088.0,22.0
2022-05-31 10:00:00,1078.0,24.2
2022-05-31 11:00:00,1062.0,26.4
2022-05-31 12:00:00,958.0,27.8
2022-05-31 13:00:00,864.0,28.7
2022-05-31 14:00:00,980.0,29.5
2022-05-31 15:00:00,1042.0,30.0
2022-05-31 16:00:00,1066.0,29.6
2022-05-31 17:00:00,1115.0,29.0
2022-05-31 18:00:00,1157.0,28.1
2022-05-31 19:00:00,1055.0,27.6
2022-05-31 20:00:00,1171.0,26.0
2022-05-31 21:00:00,1186.0,24.9
2022-05-31 22:00:00,1117.0,23.8
2022-05-31 23:00:00,1067.0,23.3
2022-06-01 00:00:00,1018.0,23.1
2022-06-01 01:00:00,918.0,22.9
2022-06-01 02:00:00,874.0,23.1
2022-06-01 03:00:00,822.0,23.1
2022-06-01 04:00:00,817.0,23.0
2022-06-01 05:00:00,835.0,22.9
2022-06-01 06:00:00,952.0,22.8
2022-06-01 07:00:00,1086.0,23.0
2022-06-01 08:00:00,1070.0,25.1
2022-06-01 09:00:00,1091.0,26.8
2022-06-01 10:00:00,1146.0,28.3
2022-06-01 11:00:00,1084.0,30.0
2022-06-01 12:00:00,1031.0,29.6
2022-06-01 13:00:00,969.0,28.0
2022-06-01 14:00:00,1000.0,31.1
2022-06-01 15:00:00,1068.0,31.5
2022-06-01 16:00:00,1142.0,31.8
2022-06-01 17:00:00,1197.0,31.6
2022-06-01 18:00:00,1225.0,31.3
2022-06-01 19:00:00,1133.0,29.8
2022-06-01 20:00:00,1244.0,28.9
2022-06-01 21:00:00,1176.0,24.7
2022-06-01 22:00:00,1125.0,24.1
2022-06-01 23:00:00,1022.0,23.8
2022-06-02 00:00:00,1035.0,23.6
2022-06-02 01:00:00,920.0,23.6
2022-06-02 02:00:00,899.0,23.4
2022-06-02 03:00:00,852.0,22.9
2022-06-02 04:00:00,867.0,22.5
2022-06-02 05:00:00,839.0,22.3
2022-06-02 06:00:00,942.0,22.4
2022-06-02 07:00:00,1066.0,22.4
2022-06-02 08:00:00,1097.0,22.6
2022-06-02 09:00:00,1111.0,23.3
2022-06-02 10:00:00,1198.0,25.6
2022-06-02 11:00:00,1149.0,26.5
2022-06-02 12:00:00,997.0,25.5
2022-06-02 13:00:00,1002.0,25.5
2022-06-02 14:00:00,969.0,25.0
2022-06-02 15:00:00,1143.0,26.0
2022-06-02 16:00:00,1106.0,26.8
2022-06-02 17:00:00,1199.0,28.0
2022-06-02 18:00:00,1165.0,27.3
2022-06-02 19:00:00,1126.0,26.4
2022-06-02 20:00:00,1217.0,25.2
2022-06-02 21:00:00,1168.0,24.8
2022-06-02 22:00:00,1107.0,24.6
2022-06-02 23:00:00,1072.0,24.5
2022-06-03 00:00:00,1038.0,24.4
2022-06-03 01:00:00,910.0,24.3
2022-06-03 02:00:00,884.0,24.2
2022-06-03 03:00:00,880.0,24.1
2022-06-03 04:00:00,847.0,23.9
2022-06-03 05:00:00,822.0,23.9
2022-06-03 06:00:00,861.0,23.8
2022-06-03 07:00:00,952.0,23.8
2022-06-03 08:00:00,989.0,23.9
2022-06-03 09:00:00,1041.0,23.9
2022-06-03 10:00:00,1087.0,24.0
2022-06-03 11:00:00,1012.0,23.2
2022-06-03 12:00:00,953.0,23.2
2022-06-03 13:00:00,939.0,22.9
2022-06-03 14:00:00,920.0,23.6
2022-06-03 15:00:00,1026.0,23.9
2022-06-03 16:00:00,1017.0,24.3
2022-06-03 17:00:00,1033.0,25.0
2022-06-03 18:00:00,1064.0,24.8
2022-06-03 19:00:00,950.0,24.4
2022-06-03 20:00:00,1114.0,23.8
2022-06-03 21:00:00,1087.0,23.6
2022-06-03 22:00:00,1061.0,23.5
2022-06-03 23:00:00,956.0,23.4
2022-06-04 00:00:00,952.0,23.3
2022-06-04 01:00:00,899.0,23.1
2022-06-04 02:00:00,871.0,22.7
2022-06-04 03:00:00,835.0,22.7
2022-06-04 04:00:00,843.0,22.7
2022-06-04 05:00:00,807.0,22.7
2022-06-04 06:00:00,897.0,22.7
2022-06-04 07:00:00,1025.0,22.9
2022-06-04 08:00:00,1064.0,23.2
2022-06-04 09:00:00,1088.0,23.6
2022-06-04 10:00:00,1169.0,23.7
2022-06-04 11:00:00,1044.0,24.3
2022-06-04 12:00:00,984.0,25.3
2022-06-04 13:00:00,926.0,25.2
2022-06-04 14:00:00,1066.0,27.0
2022-06-04 15:00:00,1131.0,28.4
2022-06-04 16:00:00,1088.0,29.4
2022-06-04 17:00:00,1183.0,28.9
2022-06-04 18:00:00,1187.0,25.6
2022-06-04 19:00:00,1079.0,26.0
2022-06-04 20:00:00,1225.0,25.4
2022-06-04 21:00:00,1194.0,24.9
2022-06-04 22:00:00,1125.0,24.7
2022-06-04 23:00:00,1043.0,24.3
2022-06-05 00:00:00,987.0,24.2
2022-06-05 01:00:00,904.0,24.0
2022-06-05 02:00:00,896.0,23.7
2022-06-05 03:00:00,875.0,23.7
2022-06-05 04:00:00,863.0,23.2
2022-06-05 05:00:00,860.0,23.3
2022-06-05 06:00:00,887.0,23.1
2022-06-05 07:00:00,1006.0,23.2
2022-06-05 08:00:00,1051.0,23.1
2022-06-05 09:00:00,1060.0,22.7
2022-06-05 10:00:00,1120.0,23.7
2022-06-05 11:00:00,1089.0,24.8
2022-06-05 12:00:00,1008.0,24.7
2022-06-05 13:00:00,1001.0,26.4
2022-06-05 14:00:00,959.0,26.2
2022-06-05 15:00:00,1108.0,25.9
2022-06-05 16:00:00,1113.0,25.4
2022-06-05 17:00:00,1217.0,25.1
2022-06-05 18:00:00,1161.0,24.8
2022-06-05 19:00:00,1144.0,24.0
2022-06-05 20:00:00,1153.0,23.5
2022-06-05 21:00:00,1136.0,22.7
2022-06-05 22:00:00,1089.0,22.5
2022-06-05 23:00:00,967.0,22.4
2022-06-06 00:00:00,978.0,22.3
2022-06-06 01:00:00,932.0,22.1
2022-06-06 02:00:00,870.0,22.1
2022-06-06 03:00:00,866.0,22.0
2022-06-06 04:00:00,853.0,21.9
2022-06-06 05:00:00,840.0,21.8
2022-06-06 06:00:00,949.0,21.6
2022-06-06 07:00:00,1084.0,21.5
2022-06-06 08:00:00,1074.0,22.1
2022-06-06 09:00:00,1093.0,23.4
2022-06-06 10:00:00,1175.0,24.5
2022-06-06 11:00:00,1028.0,25.8
2022-06-06 12:00:00,1038.0,26.3
2022-06-06 13:00:00,958.0,27.8
2022-06-06 14:00:00,1064.0,28.1
2022-06-06 15:00:00,1099.0,28.6
2022-06-06 16:00:00,1134.0,29.5
2022-06-06 17:00:00,1175.0,29.3
2022-06-06 18:00:00,1239.0,27.7
2022-06-06 19:00:00,1139.0,27.5
2022-06-06 20:00:00,1168.0,26.2
2022-06-06 21:00:00,1201.0,25.0
2022-06-06 22:00:00,1176.0,24.0
2022-06-06 23:00:00,1046.0,23.7
2022-06-07 00:00:00,1012.0,23.1
2022-06-07 01:00:00,967.0,22.7
2022-06-07 02:00:00,882.0,22.3
2022-06-07 03:00:00,873.0,22.0
2022-06-07 04:00:00,891.0,21.8
2022-06-07 05:00:00,873.0,21.8
2022-06-07 06:00:00,989.0,21.7
2022-06-07 07:00:00,1086.0,22.2
2022-06-07 08:00:00,1052.0,24.5
2022-06-07 09:00:00,1096.0,25.8
2022-06-07 10:00:00,1179.0,27.5
2022-06-07 11:00:00,1120.0,28.7
2022-06-07 12:00:00,1044.0,29.7
2022-06-07 13:00:00,1006.0,30.2
2022-06-07 14:00:00,1038.0,31.5
2022-06-07 15:00:00,1137.0,32.6
2022-06-07 16:00:00,1147.0,31.5
2022-06-07 17:00:00,1233.0,30.2
2022-06-07 18:00:00,1186.0,29.7
2022-06-07 19:00:00,1120.0,29.2
2022-06-07 20:00:00,1257.0,26.4
2022-06-07 21:00:00,1258.0,24.7
2022-06-07 22:00:00,1184.0,23.5
2022-06-07 23:00:00,1082.0,23.2
2022-06-08 00:00:00,1040.0,22.6
2022-06-08 01:00:00,956.0,22.9
2022-06-08 02:00:00,930.0,22.7
2022-06-08 03:00:00,910.0,22.0
2022-06-08 04:00:00,879.0,21.4
2022-06-08 05:00:00,883.0,20.8
2022-06-08 06:00:00,1022.0,21.0
2022-06-08 07:00:00,1063.0,21.4
2022-06-08 08:00:00,1108.0,24.6
2022-06-08 09:00:00,1169.0,26.7
2022-06-08 10:00:00,1196.0,29.0
2022-06-08 11:00:00,1177.0,30.1
2022-06-08 12:00:00,1056.0,31.6
2022-06-08 13:00:00,1022.0,32.4
2022-06-08 14:00:00,1098.0,33.1
2022-06-08 15:00:00,1186.0,32.6
2022-06-08 16:00:00,1212.0,33.2
2022-06-08 17:00:00,1221.0,31.7
2022-06-08 18:00:00,1186.0,27.9
2022-06-08 19:00:00,1118.0,25.0
2022-06-08 20:00:00,1256.0,23.1
2022-06-08 21:00:00,1237.0,23.5
2022-06-08 22:00:00,1154.0,23.3
2022-06-08 23:00:00,1078.0,23.4
2022-06-09 00:00:00,1064.0,23.6
2022-06-09 01:00:00,1033.0,23.4
2022-06-09 02:00:00,982.0,23.3
2022-06-09 03:00:00,957.0,22.9
2022-06-09 04:00:00,953.0,23.1
2022-06-09 05:00:00,900.0,22.9
2022-06-09 06:00:00,1077.0,22.8
2022-06-09 07:00:00,1113.0,23.1
2022-06-09 08:00:00,1108.0,24.1
2022-06-09 09:00:00,1103.0,25.2
2022-06-09 10:00:00,1206.0,27.2
2022-06-09 11:00:00,1194.0,27.7
2022-06-09 12:00:00,1070.0,28.6
2022-06-09 13:00:00,1081.0,28.1
2022-06-09 14:00:00,1104.0,26.7
2022-06-09 15:00:00,1122.0,26.2
2022-06-09 16:00:00,1131.0,26.0
2022-06-09 17:00:00,1229.0,26.0
2022-06-09 18:00:00,1168.0,25.5
2022-06-09 19:00:00,1151.0,25.2
2022-06-09 20:00:00,1203.0,24.6
2022-06-09 21:00:00,1159.0,22.2
2022-06-09 22:00:00,1087.0,21.7
2022-06-09 23:00:00,978.0,21.9
2022-06-10 00:00:00,963.0,21.9
2022-06-10 01:00:00,940.0,21.8
2022-06-10 02:00:00,922.0,21.4
2022-06-10 03:00:00,906.0,21.4
2022-06-10 04:00:00,864.0,21.1
2022-06-10 05:00:00,875.0,20.3
2022-06-10 06:00:00,959.0,20.2
2022-06-10 07:00:00,1089.0,20.1
2022-06-10 08:00:00,1078.0,20.3
2022-06-10 09:00:00,1135.0,20.6
2022-06-10 10:00:00,1158.0,21.0
2022-06-10 11:00:00,1119.0,21.4
2022-06-10 12:00:00,1009.0,22.3
2022-06-10 13:00:00,962.0,22.8
2022-06-10 14:00:00,979.0,22.6
2022-06-10 15:00:00,1082.0,23.1
2022-06-10 16:00:00,1187.0,23.0
2022-06-10 17:00:00,1203.0,22.6
2022-06-10 18:00:00,1151.0,21.9
2022-06-10 19:00:00,1104.0,21.6
2022-06-10 20:00:00,1120.0,21.2
2022-06-10 21:00:00,1092.0,21.2
2022-06-10 22:00:00,1070.0,21.2
2022-06-10 23:00:00,986.0,21.2
2022-06-11 00:00:00,1017.0,21.2
2022-06-11 01:00:00,958.0,21.2
2022-06-11 02:00:00,886.0,21.2
2022-06-11 03:00:00,874.0,21.2
2022-06-11 04:00:00,888.0,21.2
2022-06-11 05:00:00,891.0,21.2
2022-06-11 06:00:00,951.0,21.2
2022-06-11 07:00:00,1073.0,21.2
2022-06-11 08:00:00,1101.0,21.6
2022-06-11 09:00:00,1148.0,21.7
2022-06-11 10:00:00,1164.0,21.7
2022-06-11 11:00:00,1113.0,22.3
2022-06-11 12:00:00,1037.0,22.5
2022-06-11 13:00:00,1001.0,22.4
2022-06-11 14:00:00,1045.0,22.4
2022-06-11 15:00:00,1127.0,22.2
2022-06-11 16:00:00,1100.0,22.1
2022-06-11 17:00:00,1175.0,21.9
2022-06-11 18:00:00,1141.0,20.9
2022-06-11 19:00:00,1075.0,20.4
2022-06-11 20:00:00,1131.0,19.9
2022-06-11 21:00:00,1057.0,19.9
2022-06-11 22:00:00,1063.0,20.1
2022-06-11 23:00:00,1014.0,20.2
2022-06-12 00:00:00,997.0,20.3
2022-06-12 01:00:00,944.0,20.3
2022-06-12 02:00:00,960.0,19.8
2022-06-12 03:00:00,854.0,19.5
2022-06-12 04:00:00,838.0,19.3
2022-06-12 05:00:00,839.0,19.1
2022-06-12 06:00:00,898.0,19.0
2022-06-12 07:00:00,1040.0,19.0
2022-06-12 08:00:00,1059.0,19.2
2022-06-12 09:00:00,1094.0,19.4
2022-06-12 10:00:00,1173.0,19.5
2022-06-12 11:00:00,1018.0,20.1
2022-06-12 12:00:00,973.0,21.3
2022-06-12 13:00:00,938.0,22.1
2022-06-12 14:00:00,946.0,21.5
2022-06-12 15:00:00,1052.0,21.5
2022-06-12 16:00:00,1098.0,21.0
2022-06-12 17:00:00,1184.0,20.6
2022-06-12 18:00:00,1065.0,20.2
2022-06-12 19:00:00,1006.0,20.1
2022-06-12 20:00:00,1091.0,20.0
2022-06-12 21:00:00,1041.0,19.7
2022-06-12 22:00:00,997.0,19.7
2022-06-12 23:00:00,921.0,19.7
2022-06-13 00:00:00,914.0,19.7
2022-06-13 01:00:00,854.0,19.5
2022-06-13 02:00:00,871.0,19.4
2022-06-13 03:00:00,813.0,19.3
2022-06-13 04:00:00,796.0,19.2
2022-06-13 05:00:00,825.0,19.1
2022-06-13 06:00:00,925.0,19.1
2022-06-13 07:00:00,1044.0,19.4
2022-06-13 08:00:00,1015.0,19.6
2022-06-13 09:00:00,1072.0,20.2
2022-06-13 10:00:00,1090.0,20.8
2022-06-13 11:00:00,996.0,21.9
2022-06-13 12:00:00,943.0,23.2
2022-06-13 13:00:00,939.0,25.0
2022-06-13 14:00:00,969.0,25.5
2022-06-13 15:00:00,1037.0,27.0
2022-06-13 16:00:00,1067.0,26.2
2022-06-13 17:00:00,1119.0,26.1
2022-06-13 18:00:00,1171.0,26.1
2022-06-13 19:00:00,1139.0,24.7
2022-06-13 20:00:00,1220.0,23.5
2022-06-13 21:00:00,1214.0,22.8
2022-06-13 22:00:00,1176.0,22.4
2022-06-13 23:00:00,964.0,22.1
2022-06-14 00:00:00,955.0,21.4
2022-06-14 01:00:00,890.0,21.1
2022-06-14 02:00:00,873.0,20.8
2022-06-14 03:00:00,853.0,20.2
2022-06-14 04:00:00,819.0,19.8
2022-06-14 05:00:00,841.0,20.3
2022-06-14 06:00:00,967.0,20.2
2022-06-14 07:00:00,1087.0,20.7
2022-06-14 08:00:00,1063.0,20.9
2022-06-14 09:00:00,1060.0,21.8
2022-06-14 10:00:00,1097.0,22.8
2022-06-14 11:00:00,1103.0,23.8
2022-06-14 12:00:00,976.0,25.8
2022-06-14 13:00:00,926.0,27.8
2022-06-14 14:00:00,1027.0,29.2
2022-06-14 15:00:00,1122.0,29.6
2022-06-14 16:00:00,1143.0,30.4
2022-06-14 17:00:00,1226.0,30.8
2022-06-14 18:00:00,1166.0,30.4
2022-06-14 19:00:00,1089.0,29.9
2022-06-14 20:00:00,1199.0,25.4
2022-06-14 21:00:00,1192.0,24.5
2022-06-14 22:00:00,1067.0,23.5
2022-06-14 23:00:00,993.0,22.4
2022-06-15 00:00:00,983.0,22.3
2022-06-15 01:00:00,915.0,21.8
2022-06-15 02:00:00,886.0,21.4
2022-06-15 03:00:00,884.0,20.8
2022-06-15 04:00:00,883.0,20.4
2022-06-15 05:00:00,863.0,20.1
2022-06-15 06:00:00,1029.0,19.9
2022-06-15 07:00:00,1074.0,20.9
2022-06-15 08:00:00,1059.0,21.8
2022-06-15 09:00:00,1111.0,24.0
2022-06-15 10:00:00,1188.0,26.2
2022-06-15 11:00:00,1117.0,28.0
2022-06-15 12:00:00,990.0,29.6
2022-06-15 13:00:00,962.0,30.7
2022-06-15 14:00:00,1030.0,31.1
2022-06-15 15:00:00,1175.0,31.2
2022-06-15 16:00:00,1178.0,31.0
2022-06-15 17:00:00,1219.0,31.0
2022-06-15 18:00:00,1180.0,29.9
2022-06-15 19:00:00,1103.0,28.2
2022-06-15 20:00:00,1159.0,26.7
2022-06-15 21:00:00,1209.0,25.5
2022-06-15 22:00:00,1050.0,24.3
2022-06-15 23:00:00,1036.0,23.8
2022-06-16 00:00:00,1016.0,23.6
2022-06-16 01:00:00,939.0,23.4
2022-06-16 02:00:00,954.0,23.3
2022-06-16 03:00:00,892.0,23.1
2022-06-16 04:00:00,894.0,23.0
2022-06-16 05:00:00,883.0,22.5
2022-06-16 06:00:00,1000.0,22.1
2022-06-16 07:00:00,1092.0,22.2
2022-06-16 08:00:00,1072.0,23.0
2022-06-16 09:00:00,1113.0,23.5
2022-06-16 10:00:00,1117.0,24.5
2022-06-16 11:00:00,1120.0,26.0
2022-06-16 12:00:00,1052.0,26.6
2022-06-16 13:00:00,984.0,25.2
2022-06-16 14:00:00,969.0,25.5
2022-06-16 15:00:00,1105.0,25.7
2022-06-16 16:00:00,1130.0,24.9
2022-06-16 17:00:00,1173.0,24.4
2022-06-16 18:00:00,1105.0,24.1
2022-06-16 19:00:00,1092.0,23.9
2022-06-16 20:00:00,1177.0,23.2
2022-06-16 21:00:00,1180.0,22.3
2022-06-16 22:00:00,1040.0,21.8
2022-06-16 23:00:00,993.0,21.3
2022-06-17 00:00:00,998.0,20.8
2022-06-17 01:00:00,931.0,20.9
2022-06-17 02:00:00,945.0,20.9
2022-06-17 03:00:00,906.0,20.8
2022-06-17 04:00:00,866.0,20.7
2022-06-17 05:00:00,888.0,20.4
2022-06-17 06:00:00,1012.0,20.4
2022-06-17 07:00:00,1142.0,20.4
2022-06-17 08:00:00,1087.0,21.2
2022-06-17 09:00:00,1127.0,21.5
2022-06-17 10:00:00,1171.0,21.7
2022-06-17 11:00:00,1104.0,21.9
2022-06-17 12:00:00,1021.0,23.1
2022-06-17 13:00:00,960.0,23.5
2022-06-17 14:00:00,1033.0,23.0
2022-06-17 15:00:00,1101.0,24.1
2022-06-17 16:00:00,1119.0,24.2
2022-06-17 17:00:00,1157.0,24.4
2022-06-17 18:00:00,1168.0,23.7
2022-06-17 19:00:00,1107.0,22.7
2022-06-17 20:00:00,1148.0,22.0
2022-06-17 21:00:00,1156.0,22.0
2022-06-17 22:00:00,1044.0,22.0
2022-06-17 23:00:00,1001.0,22.0
2022-06-18 00:00:00,991.0,22.0
2022-06-18 01:00:00,896.0,21.9
2022-06-18 02:00:00,920.0,21.8
2022-06-18 03:00:00,896.0,21.7
2022-06-18 04:00:00,846.0,21.7
2022-06-18 05:00:00,848.0,21.7
2022-06-18 06:00:00,883.0,21.8
2022-06-18 07:00:00,1021.0,21.8
2022-06-18 08:00:00,1077.0,22.3
2022-06-18 09:00:00,1118.0,22.9
2022-06-18 10:00:00,1110.0,23.5
2022-06-18 11:00:00,1127.0,23.3
2022-06-18 12:00:00,1013.0,24.5
2022-06-18 13:00:00,994.0,25.9
2022-06-18 14:00:00,1052.0,26.3
2022-06-18 15:00:00,1148.0,26.7
2022-06-18 16:00:00,1103.0,27.4
2022-06-18 17:00:00,1243.0,27.1
2022-06-18 18:00:00,1160.0,26.2
2022-06-18 19:00:00,1065.0,25.5
2022-06-18 20:00:00,1112.0,24.9
2022-06-18 21:00:00,1158.0,24.4
2022-06-18 22:00:00,1065.0,24.3
2022-06-18 23:00:00,1031.0,24.1
2022-06-19 00:00:00,1016.0,24.0
2022-06-19 01:00:00,967.0,23.8
2022-06-19 02:00:00,945.0,23.7
2022-06-19 03:00:00,905.0,23.6
2022-06-19 04:00:00,912.0,23.6
2022-06-19 05:00:00,928.0,23.5
2022-06-19 06:00:00,950.0,23.5
2022-06-19 07:00:00,1049.0,23.6
2022-06-19 08:00:00,1059.0,23.7
2022-06-19 09:00:00,1120.0,24.1
2022-06-19 10:00:00,1150.0,24.2
2022-06-19 11:00:00,1119.0,24.3
2022-06-19 12:00:00,997.0,24.3
2022-06-19 13:00:00,979.0,22.9
2022-06-19 14:00:00,1079.0,22.4
2022-06-19 15:00:00,1021.0,22.5
2022-06-19 16:00:00,1084.0,23.1
2022-06-19 17:00:00,1175.0,23.6
2022-06-19 18:00:00,1132.0,24.1
2022-06-19 19:00:00,1041.0,24.1
2022-06-19 20:00:00,1181.0,23.7
2022-06-19 21:00:00,1123.0,23.1
2022-06-19 22:00:00,980.0,22.9
2022-06-19 23:00:00,993.0,23.0
2022-06-20 00:00:00,951.0,22.8
2022-06-20 01:00:00,879.0,22.7
2022-06-20 02:00:00,873.0,22.6
2022-06-20 03:00:00,830.0,22.5
2022-06-20 04:00:00,791.0,22.6
2022-06-20 05:00:00,838.0,22.6
2022-06-20 06:00:00,952.0,22.5
2022-06-20 07:00:00,1064.0,22.7
2022-06-20 08:00:00,1096.0,23.5
2022-06-20 09:00:00,1112.0,25.5
2022-06-20 10:00:00,1155.0,26.7
2022-06-20 11:00:00,1112.0,28.2
2022-06-20 12:00:00,1058.0,28.4
2022-06-20 13:00:00,997.0,29.2
2022-06-20 14:00:00,1137.0,29.4
2022-06-20 15:00:00,1144.0,30.1
2022-06-20 16:00:00,1211.0,31.6
2022-06-20 17:00:00,1303.0,27.7
2022-06-20 18:00:00,1188.0,26.1
2022-06-20 19:00:00,1195.0,27.0
2022-06-20 20:00:00,1224.0,26.3
2022-06-20 21:00:00,1187.0,25.4
2022-06-20 22:00:00,1055.0,24.7
2022-06-20 23:00:00,1004.0,24.2
2022-06-21 00:00:00,1043.0,24.0
2022-06-21 01:00:00,977.0,23.8
2022-06-21 02:00:00,941.0,23.8
2022-06-21 03:00:00,888.0,23.7
2022-06-21 04:00:00,906.0,23.9
2022-06-21 05:00:00,903.0,23.8
2022-06-21 06:00:00,1021.0,23.7
2022-06-21 07:00:00,1096.0,23.9
2022-06-21 08:00:00,1090.0,25.7
2022-06-21 09:00:00,1167.0,26.9
2022-06-21 10:00:00,1232.0,28.7
2022-06-21 11:00:00,1212.0,30.8
2022-06-21 12:00:00,1109.0,30.2
2022-06-21 13:00:00,1179.0,29.0
2022-06-21 14:00:00,1169.0,29.1
2022-06-21 15:00:00,1283.0,29.5
2022-06-21 16:00:00,1348.0,30.6
2022-06-21 17:00:00,1372.0,29.2
2022-06-21 18:00:00,1269.0,26.7
2022-06-21 19:00:00,1214.0,26.6
2022-06-21 20:00:00,1267.0,26.1
2022-06-21 21:00:00,1251.0,25.6
2022-06-21 22:00:00,1131.0,25.5
2022-06-21 23:00:00,1016.0,25.6
2022-06-22 00:00:00,1084.0,25.5
2022-06-22 01:00:00,1011.0,25.8
2022-06-22 02:00:00,953.0,24.8
2022-06-22 03:00:00,942.0,24.3
2022-06-22 04:00:00,926.0,24.1
2022-06-22 05:00:00,933.0,24.4
2022-06-22 06:00:00,1077.0,24.0
2022-06-22 07:00:00,1103.0,24.6
2022-06-22 08:00:00,1208.0,26.6
2022-06-22 09:00:00,1216.0,27.5
2022-06-22 10:00:00,1212.0,28.7
2022-06-22 11:00:00,1165.0,29.3
2022-06-22 12:00:00,1054.0,29.2
2022-06-22 13:00:00,1062.0,30.2
2022-06-22 14:00:00,1178.0,30.5
2022-06-22 15:00:00,1212.0,30.1
2022-06-22 16:00:00,1298.0,31.6
2022-06-22 17:00:00,1325.0,31.2
2022-06-22 18:00:00,1320.0,30.8
2022-06-22 19:00:00,1211.0,30.4
2022-06-22 20:00:00,1338.0,29.5
2022-06-22 21:00:00,1303.0,29.0
2022-06-22 22:00:00,1215.0,27.8
2022-06-22 23:00:00,1183.0,28.2
2022-06-23 00:00:00,1159.0,28.5
2022-06-23 01:00:00,1053.0,28.0
2022-06-23 02:00:00,1032.0,27.3
2022-06-23 03:00:00,985.0,27.2
2022-06-23 04:00:00,970.0,27.3
2022-06-23 05:00:00,980.0,27.0
2022-06-23 06:00:00,1111.0,27.1
2022-06-23 07:00:00,1164.0,27.3
2022-06-23 08:00:00,1190.0,27.4
2022-06-23 09:00:00,1291.0,29.3
2022-06-23 10:00:00,1307.0,29.5
2022-06-23 11:00:00,1320.0,29.7
2022-06-23 12:00:00,1171.0,29.6
2022-06-23 13:00:00,1140.0,31.0
2022-06-23 14:00:00,1244.0,32.4
2022-06-23 15:00:00,1331.0,32.6
2022-06-23 16:00:00,1379.0,32.8
2022-06-23 17:00:00,1359.0,32.8
2022-06-23 18:00:00,1343.0,32.9
2022-06-23 19:00:00,1327.0,30.9
2022-06-23 20:00:00,1351.0,30.6
2022-06-23 21:00:00,1387.0,29.4
2022-06-23 22:00:00,1255.0,27.6
2022-06-23 23:00:00,1191.0,29.2
2022-06-24 00:00:00,1223.0,29.2
2022-06-24 01:00:00,1133.0,28.9
2022-06-24 02:00:00,1113.0,28.4
2022-06-24 03:00:00,1055.0,28.1
2022-06-24 04:00:00,1067.0,27.8
2022-06-24 05:00:00,1050.0,27.7
2022-06-24 06:00:00,1132.0,27.5
2022-06-24 07:00:00,1206.0,27.6
2022-06-24 08:00:00,1215.0,28.0
2022-06-24 09:00:00,1300.0,29.6
2022-06-24 10:00:00,1374.0,30.4
2022-06-24 11:00:00,1316.0,30.3
2022-06-24 12:00:00,1229.0,31.1
2022-06-24 13:00:00,1195.0,31.7
2022-06-24 14:00:00,1322.0,32.4
2022-06-24 15:00:00,1407.0,32.9
2022-06-24 16:00:00,1384.0,32.6
2022-06-24 17:00:00,1473.0,32.1
2022-06-24 18:00:00,1319.0,32.0
2022-06-24 19:00:00,1331.0,30.9
2022-06-24 20:00:00,1372.0,30.3
2022-06-24 21:00:00,1373.0,29.4
2022-06-24 22:00:00,1319.0,27.9
2022-06-24 23:00:00,1203.0,27.9
2022-06-25 00:00:00,1272.0,27.8
2022-06-25 01:00:00,1175.0,27.5
2022-06-25 02:00:00,1105.0,27.8
2022-06-25 03:00:00,1103.0,27.6
2022-06-25 04:00:00,1008.0,27.2
2022-06-25 05:00:00,1038.0,27.2
2022-06-25 06:00:00,1141.0,27.2
2022-06-25 07:00:00,1158.0,27.4
2022-06-25 08:00:00,1180.0,27.9
2022-06-25 09:00:00,1263.0,29.3
2022-06-25 10:00:00,1321.0,31.0
2022-06-25 11:00:00,1303.0,31.3
2022-06-25 12:00:00,1259.0,31.9
2022-06-25 13:00:00,1185.0,33.2
2022-06-25 14:00:00,1241.0,32.9
2022-06-25 15:00:00,1396.0,33.4
2022-06-25 16:00:00,1371.0,33.4
2022-06-25 17:00:00,1465.0,33.3
2022-06-25 18:00:00,1349.0,32.6
2022-06-25 19:00:00,1326.0,31.8
2022-06-25 20:00:00,1430.0,30.9
2022-06-25 21:00:00,1426.0,30.9
2022-06-25 22:00:00,1368.0,30.3
2022-06-25 23:00:00,1263.0,29.5
2022-06-26 00:00:00,1300.0,29.1
2022-06-26 01:00:00,1230.0,29.0
2022-06-26 02:00:00,1183.0,27.8
2022-06-26 03:00:00,1093.0,28.1
2022-06-26 04:00:00,1063.0,27.7
2022-06-26 05:00:00,1033.0,27.4
2022-06-26 06:00:00,1102.0,27.0
2022-06-26 07:00:00,1170.0,27.6
2022-06-26 08:00:00,1194.0,29.2
2022-06-26 09:00:00,1247.0,30.2
2022-06-26 10:00:00,1304.0,31.4
2022-06-26 11:00:00,1246.0,31.6
2022-06-26 12:00:00,1317.0,32.3
2022-06-26 13:00:00,1227.0,33.6
2022-06-26 14:00:00,1355.0,32.9
2022-06-26 15:00:00,1335.0,33.2
2022-06-26 16:00:00,1375.0,33.9
2022-06-26 17:00:00,1439.0,33.1
2022-06-26 18:00:00,1348.0,32.4
2022-06-26 19:00:00,1269.0,32.2
2022-06-26 20:00:00,1433.0,31.2
2022-06-26 21:00:00,1470.0,28.6
2022-06-26 22:00:00,1408.0,29.3
2022-06-26 23:00:00,1329.0,29.7
2022-06-27 00:00:00,1285.0,29.3
2022-06-27 01:00:00,1229.0,28.1
2022-06-27 02:00:00,1141.0,28.6
2022-06-27 03:00:00,1121.0,28.3
2022-06-27 04:00:00,1091.0,28.0
2022-06-27 05:00:00,1067.0,28.0
2022-06-27 06:00:00,1167.0,28.0
2022-06-27 07:00:00,1208.0,27.8
2022-06-27 08:00:00,1188.0,28.4
2022-06-27 09:00:00,1312.0,29.6
2022-06-27 10:00:00,1338.0,29.5
2022-06-27 11:00:00,1323.0,30.3
2022-06-27 12:00:00,1248.0,30.5
2022-06-27 13:00:00,1265.0,30.9
2022-06-27 14:00:00,1298.0,31.7
2022-06-27 15:00:00,1311.0,30.9
2022-06-27 16:00:00,1346.0,31.5
2022-06-27 17:00:00,1450.0,30.6
2022-06-27 18:00:00,1285.0,30.4
2022-06-27 19:00:00,1320.0,29.9
2022-06-27 20:00:00,1437.0,29.5
2022-06-27 21:00:00,1396.0,29.0
2022-06-27 22:00:00,1325.0,28.9
2022-06-27 23:00:00,1257.0,28.3
2022-06-28 00:00:00,1272.0,27.2
2022-06-28 01:00:00,1183.0,25.4
2022-06-28 02:00:00,1164.0,24.9
2022-06-28 03:00:00,1076.0,25.1
2022-06-28 04:00:00,1116.0,25.2
2022-06-28 05:00:00,997.0,24.8
2022-06-28 06:00:00,1051.0,24.7
2022-06-28 07:00:00,1162.0,24.5
2022-06-28 08:00:00,1170.0,25.4
2022-06-28 09:00:00,1251.0,26.2
2022-06-28 10:00:00,1266.0,27.1
2022-06-28 11:00:00,1243.0,28.0
2022-06-28 12:00:00,1250.0,30.0
2022-06-28 13:00:00,1219.0,31.6
2022-06-28 14:00:00,1279.0,31.5
2022-06-28 15:00:00,1323.0,31.6
2022-06-28 16:00:00,1310.0,31.4
2022-06-28 17:00:00,1412.0,32.0
2022-06-28 18:00:00,1256.0,32.3
2022-06-28 19:00:00,1207.0,30.3
2022-06-28 20:00:00,1321.0,29.2
2022-06-28 21:00:00,1367.0,28.4
2022-06-28 22:00:00,1317.0,27.7
2022-06-28 23:00:00,1214.0,26.7
2022-06-29 00:00:00,1205.0,26.5
2022-06-29 01:00:00,1138.0,26.3
2022-06-29 02:00:00,1078.0,25.1
2022-06-29 03:00:00,1008.0,24.8
2022-06-29 04:00:00,986.0,24.7
2022-06-29 05:00:00,1016.0,24.5
2022-06-29 06:00:00,1045.0,24.3
2022-06-29 07:00:00,1060.0,24.6
2022-06-29 08:00:00,1145.0,26.2
2022-06-29 09:00:00,1252.0,27.6
2022-06-29 10:00:00,1261.0,29.6
2022-06-29 11:00:00,1285.0,31.2
2022-06-29 12:00:00,1297.0,32.5
2022-06-29 13:00:00,1288.0,33.8
2022-06-29 14:00:00,1327.0,34.8
2022-06-29 15:00:00,1392.0,35.0
2022-06-29 16:00:00,1389.0,33.2
2022-06-29 17:00:00,1426.0,31.5
2022-06-29 18:00:00,1287.0,30.6
2022-06-29 19:00:00,1237.0,29.9
2022-06-29 20:00:00,1319.0,28.8
2022-06-29 21:00:00,1364.0,27.8
2022-06-29 22:00:00,1293.0,27.0
2022-06-29 23:00:00,1257.0,26.7
2022-06-30 00:00:00,1254.0,26.2
2022-06-30 01:00:00,1207.0,25.8
2022-06-30 02:00:00,1125.0,25.6
2022-06-30 03:00:00,1065.0,26.1
2022-06-30 04:00:00,1067.0,25.9
2022-06-30 05:00:00,980.0,25.2
2022-06-30 06:00:00,1085.0,24.9
2022-06-30 07:00:00,1092.0,24.9
2022-06-30 08:00:00,1142.0,25.8
2022-06-30 09:00:00,1227.0,26.7
2022-06-30 10:00:00,1261.0,27.7
2022-06-30 11:00:00,1237.0,29.0
2022-06-30 12:00:00,1281.0,31.1
2022-06-30 13:00:00,1220.0,32.7
2022-06-30 14:00:00,1284.0,32.1
2022-06-30 15:00:00,1331.0,32.3
2022-06-30 16:00:00,1332.0,32.2
2022-06-30 17:00:00,1329.0,30.2
2022-06-30 18:00:00,1241.0,28.5
2022-06-30 19:00:00,1221.0,28.6
2022-06-30 20:00:00,1272.0,27.6
2022-06-30 21:00:00,1349.0,27.0
2022-06-30 22:00:00,1293.0,26.3
2022-06-30 23:00:00,1278.0,25.9
2022-07-01 00:00:00,1189.0,25.6
2022-07-01 01:00:00,1111.0,25.6
2022-07-01 02:00:00,1045.0,25.4
2022-07-01 03:00:00,997.0,25.2
2022-07-01 04:00:00,982.0,25.0
2022-07-01 05:00:00,923.0,24.6
2022-07-01 06:00:00,1012.0,24.5
2022-07-01 07:00:00,1061.0,25.7
2022-07-01 08:00:00,1079.0,27.4
2022-07-01 09:00:00,1204.0,28.8
2022-07-01 10:00:00,1221.0,29.6
2022-07-01 11:00:00,1304.0,32.1
2022-07-01 12:00:00,1260.0,33.1
2022-07-01 13:00:00,1272.0,34.7
2022-07-01 14:00:00,1399.0,32.3
2022-07-01 15:00:00,1238.0,28.3
2022-07-01 16:00:00,1213.0,27.4
2022-07-01 17:00:00,1259.0,25.5
2022-07-01 18:00:00,1115.0,25.5
2022-07-01 19:00:00,1153.0,24.5
2022-07-01 20:00:00,1199.0,24.1
2022-07-01 21:00:00,1177.0,23.7
2022-07-01 22:00:00,1160.0,23.5
2022-07-01 23:00:00,1082.0,23.5
2022-07-02 00:00:00,1074.0,23.4
2022-07-02 01:00:00,993.0,23.2
2022-07-02 02:00:00,965.0,23.4
2022-07-02 03:00:00,925.0,23.5
2022-07-02 04:00:00,891.0,23.5
2022-07-02 05:00:00,899.0,23.6
2022-07-02 06:00:00,989.0,23.5
2022-07-02 07:00:00,979.0,23.7
2022-07-02 08:00:00,995.0,24.3
2022-07-02 09:00:00,1187.0,25.1
2022-07-02 10:00:00,1166.0,26.2
2022-07-02 11:00:00,1172.0,29.3
2022-07-02 12:00:00,1231.0,30.6
2022-07-02 13:00:00,1241.0,31.9
2022-07-02 14:00:00,1206.0,32.0
2022-07-02 15:00:00,1331.0,31.9
2022-07-02 16:00:00,1285.0,30.8
2022-07-02 17:00:00,1354.0,27.7
2022-07-02 18:00:00,1153.0,26.8
2022-07-02 19:00:00,1279.0,26.3
2022-07-02 20:00:00,1264.0,25.6
2022-07-02 21:00:00,1251.0,25.1
2022-07-02 22:00:00,1153.0,24.7
2022-07-02 23:00:00,1117.0,24.2
2022-07-03 00:00:00,1070.0,24.1
2022-07-03 01:00:00,1005.0,24.1
2022-07-03 02:00:00,989.0,24.0
2022-07-03 03:00:00,955.0,23.7
2022-07-03 04:00:00,933.0,23.7
2022-07-03 05:00:00,863.0,23.5
2022-07-03 06:00:00,932.0,23.7
2022-07-03 07:00:00,1013.0,24.0
2022-07-03 08:00:00,1064.0,24.7
2022-07-03 09:00:00,1142.0,24.8
2022-07-03 10:00:00,1152.0,26.1
2022-07-03 11:00:00,1133.0,25.7
2022-07-03 12:00:00,1147.0,26.1
2022-07-03 13:00:00,1016.0,25.8
2022-07-03 14:00:00,1146.0,25.6
2022-07-03 15:00:00,1130.0,26.1
2022-07-03 16:00:00,1162.0,27.2
2022-07-03 17:00:00,1208.0,27.7
2022-07-03 18:00:00,1130.0,27.4
2022-07-03 19:00:00,1136.0,27.0
2022-07-03 20:00:00,1210.0,26.3
2022-07-03 21:00:00,1246.0,26.1
2022-07-03 22:00:00,1127.0,25.9
2022-07-03 23:00:00,1020.0,25.1
2022-07-04 00:00:00,1026.0,24.2
2022-07-04 01:00:00,921.0,23.9
2022-07-04 02:00:00,862.0,23.7
2022-07-04 03:00:00,829.0,23.8
2022-07-04 04:00:00,799.0,24.0
2022-07-04 05:00:00,769.0,23.8
2022-07-04 06:00:00,851.0,23.9
2022-07-04 07:00:00,951.0,24.0
2022-07-04 08:00:00,992.0,24.3
2022-07-04 09:00:00,1107.0,24.9
2022-07-04 10:00:00,1169.0,25.8
2022-07-04 11:00:00,1134.0,26.8
2022-07-04 12:00:00,1144.0,28.8
2022-07-04 13:00:00,1167.0,28.9
2022-07-04 14:00:00,1132.0,29.5
2022-07-04 15:00:00,1145.0,29.6
2022-07-04 16:00:00,1215.0,30.4
2022-07-04 17:00:00,1284.0,30.2
2022-07-04 18:00:00,1166.0,28.1
2022-07-04 19:00:00,1144.0,27.7
2022-07-04 20:00:00,1189.0,26.7
2022-07-04 21:00:00,1234.0,26.1
2022-07-04 22:00:00,1117.0,25.5
2022-07-04 23:00:00,1061.0,25.1
2022-07-05 00:00:00,1041.0,24.8
2022-07-05 01:00:00,984.0,24.4
2022-07-05 02:00:00,940.0,24.1
2022-07-05 03:00:00,904.0,24.2
2022-07-05 04:00:00,900.0,24.1
2022-07-05 05:00:00,867.0,23.9
2022-07-05 06:00:00,932.0,23.9
2022-07-05 07:00:00,1001.0,24.2
2022-07-05 08:00:00,1037.0,25.6
2022-07-05 09:00:00,1167.0,27.3
2022-07-05 10:00:00,1214.0,29.0
2022-07-05 11:00:00,1212.0,30.5
2022-07-05 12:00:00,1244.0,31.9
2022-07-05 13:00:00,1190.0,32.4
2022-07-05 14:00:00,1239.0,34.0
2022-07-05 15:00:00,1323.0,34.6
2022-07-05 16:00:00,1345.0,35.2
2022-07-05 17:00:00,1441.0,34.9
2022-07-05 18:00:00,1358.0,33.5
2022-07-05 19:00:00,1308.0,32.4
2022-07-05 20:00:00,1371.0,31.1
2022-07-05 21:00:00,1485.0,30.1
2022-07-05 22:00:00,1384.0,29.2
2022-07-05 23:00:00,1296.0,29.6
2022-07-06 00:00:00,1246.0,29.8
2022-07-06 01:00:00,1122.0,29.8
2022-07-06 02:00:00,1027.0,28.0
2022-07-06 03:00:00,945.0,22.8
2022-07-06 04:00:00,941.0,22.9
2022-07-06 05:00:00,855.0,23.0
2022-07-06 06:00:00,917.0,23.1
2022-07-06 07:00:00,982.0,23.2
2022-07-06 08:00:00,1028.0,23.8
2022-07-06 09:00:00,1139.0,24.7
2022-07-06 10:00:00,1141.0,25.9
2022-07-06 11:00:00,1158.0,27.5
2022-07-06 12:00:00,1188.0,29.3
2022-07-06 13:00:00,1148.0,30.4
2022-07-06 14:00:00,1214.0,31.6
2022-07-06 15:00:00,1282.0,32.3
2022-07-06 16:00:00,1305.0,32.1
2022-07-06 17:00:00,1364.0,30.7
2022-07-06 18:00:00,1299.0,29.5
2022-07-06 19:00:00,1237.0,29.6
2022-07-06 20:00:00,1270.0,28.1
2022-07-06 21:00:00,1354.0,27.0
2022-07-06 22:00:00,1295.0,26.6
2022-07-06 23:00:00,1201.0,25.8
2022-07-07 00:00:00,1141.0,25.3
2022-07-07 01:00:00,1026.0,25.0
2022-07-07 02:00:00,986.0,24.7
2022-07-07 03:00:00,942.0,24.5
2022-07-07 04:00:00,931.0,24.5
2022-07-07 05:00:00,876.0,24.6
2022-07-07 06:00:00,925.0,23.8
2022-07-07 07:00:00,1003.0,24.0
2022-07-07 08:00:00,1064.0,25.3
2022-07-07 09:00:00,1200.0,28.2
2022-07-07 10:00:00,1265.0,29.5
2022-07-07 11:00:00,1264.0,29.0
2022-07-07 12:00:00,1265.0,25.7
2022-07-07 13:00:00,1214.0,26.0
2022-07-07 14:00:00,1225.0,27.3
2022-07-07 15:00:00,1250.0,26.9
2022-07-07 16:00:00,1276.0,26.6
2022-07-07 17:00:00,1306.0,26.6
2022-07-07 18:00:00,1196.0,26.4
2022-07-07 19:00:00,1208.0,26.1
2022-07-07 20:00:00,1329.0,25.3
2022-07-07 21:00:00,1308.0,24.6
2022-07-07 22:00:00,1206.0,24.2
2022-07-07 23:00:00,1106.0,23.9
2022-07-08 00:00:00,1147.0,23.6
2022-07-08 01:00:00,1002.0,23.5
2022-07-08 02:00:00,960.0,23.7
2022-07-08 03:00:00,940.0,23.9
2022-07-08 04:00:00,940.0,24.0
2022-07-08 05:00:00,925.0,23.9
2022-07-08 06:00:00,978.0,23.9
2022-07-08 07:00:00,1027.0,24.3
2022-07-08 08:00:00,1096.0,25.4
2022-07-08 09:00:00,1216.0,27.6
2022-07-08 10:00:00,1232.0,27.6
2022-07-08 11:00:00,1234.0,28.9
2022-07-08 12:00:00,1195.0,31.9
2022-07-08 13:00:00,1250.0,31.6
2022-07-08 14:00:00,1265.0,33.0
2022-07-08 15:00:00,1396.0,32.6
2022-07-08 16:00:00,1348.0,32.6
2022-07-08 17:00:00,1408.0,33.2
2022-07-08 18:00:00,1292.0,33.0
2022-07-08 19:00:00,1267.0,32.2
2022-07-08 20:00:00,1297.0,31.1
2022-07-08 21:00:00,1414.0,28.9
2022-07-08 22:00:00,1333.0,28.2
2022-07-08 23:00:00,1248.0,26.7
2022-07-09 00:00:00,1216.0,27.7
2022-07-09 01:00:00,1109.0,27.9
2022-07-09 02:00:00,1095.0,27.6
2022-07-09 03:00:00,1048.0,27.4
2022-07-09 04:00:00,999.0,27.0
2022-07-09 05:00:00,983.0,26.6
2022-07-09 06:00:00,1041.0,26.3
2022-07-09 07:00:00,1077.0,26.3
2022-07-09 08:00:00,1101.0,27.1
2022-07-09 09:00:00,1196.0,29.1
2022-07-09 10:00:00,1183.0,30.7
2022-07-09 11:00:00,1217.0,31.6
2022-07-09 12:00:00,1279.0,32.4
2022-07-09 13:00:00,1232.0,33.3
2022-07-09 14:00:00,1217.0,33.8
2022-07-09 15:00:00,1367.0,34.1
2022-07-09 16:00:00,1359.0,34.3
2022-07-09 17:00:00,1447.0,33.2
2022-07-09 18:00:00,1310.0,33.1
2022-07-09 19:00:00,1307.0,33.1
2022-07-09 20:00:00,1341.0,30.9
2022-07-09 21:00:00,1428.0,29.6
2022-07-09 22:00:00,1403.0,28.3
2022-07-09 23:00:00,1310.0,27.9
2022-07-10 00:00:00,1279.0,27.7
2022-07-10 01:00:00,1184.0,27.2
2022-07-10 02:00:00,1116.0,27.5
2022-07-10 03:00:00,1079.0,28.0
2022-07-10 04:00:00,1038.0,27.7
2022-07-10 05:00:00,998.0,27.6
2022-07-10 06:00:00,1031.0,27.2
2022-07-10 07:00:00,1112.0,27.6
2022-07-10 08:00:00,1096.0,28.8
2022-07-10 09:00:00,1262.0,30.3
2022-07-10 10:00:00,1239.0,31.3
2022-07-10 11:00:00,1280.0,32.2
2022-07-10 12:00:00,1287.0,33.3
2022-07-10 13:00:00,1267.0,33.7
2022-07-10 14:00:00,1308.0,34.6
2022-07-10 15:00:00,1373.0,34.6
2022-07-10 16:00:00,1352.0,34.9
2022-07-10 17:00:00,1489.0,34.7
2022-07-10 18:00:00,1397.0,34.4
2022-07-10 19:00:00,1388.0,33.4
2022-07-10 20:00:00,1438.0,32.0
2022-07-10 21:00:00,1550.0,32.0
2022-07-10 22:00:00,1511.0,29.9
2022-07-10 23:00:00,1415.0,31.3
2022-07-11 00:00:00,1471.0,30.7
2022-07-11 01:00:00,1266.0,30.1
2022-07-11 02:00:00,1184.0,29.7
2022-07-11 03:00:00,1113.0,29.0
2022-07-11 04:00:00,1094.0,28.6
2022-07-11 05:00:00,1091.0,28.0
2022-07-11 06:00:00,1094.0,28.0
2022-07-11 07:00:00,1131.0,27.9
2022-07-11 08:00:00,1204.0,29.1
2022-07-11 09:00:00,1342.0,29.9
2022-07-11 10:00:00,1366.0,30.9
2022-07-11 11:00:00,1404.0,32.4
2022-07-11 12:00:00,1364.0,32.6
2022-07-11 13:00:00,1415.0,34.0
2022-07-11 14:00:00,1483.0,33.5
2022-07-11 15:00:00,1508.0,34.7
2022-07-11 16:00:00,1504.0,34.5
2022-07-11 17:00:00,1565.0,34.7
2022-07-11 18:00:00,1466.0,34.5
2022-07-11 19:00:00,1439.0,33.6
2022-07-11 20:00:00,1445.0,31.6
2022-07-11 21:00:00,1548.0,28.9
2022-07-11 22:00:00,1519.0,28.6
2022-07-11 23:00:00,1439.0,27.5
2022-07-12 00:00:00,1404.0,29.6
2022-07-12 01:00:00,1293.0,28.0
2022-07-12 02:00:00,1207.0,29.8
2022-07-12 03:00:00,1179.0,29.1
2022-07-12 04:00:00,1168.0,28.5
2022-07-12 05:00:00,1102.0,28.2
2022-07-12 06:00:00,1122.0,27.9
2022-07-12 07:00:00,1100.0,28.2
2022-07-12 08:00:00,1186.0,29.2
2022-07-12 09:00:00,1349.0,30.5
2022-07-12 10:00:00,1352.0,31.3
2022-07-12 11:00:00,1324.0,32.8
2022-07-12 12:00:00,1373.0,33.4
2022-07-12 13:00:00,1378.0,33.2
2022-07-12 14:00:00,1496.0,34.4
2022-07-12 15:00:00,1509.0,34.4
2022-07-12 16:00:00,1478.0,33.8
2022-07-12 17:00:00,1539.0,33.6
2022-07-12 18:00:00,1399.0,33.7
2022-07-12 19:00:00,1354.0,33.2
2022-07-12 20:00:00,1475.0,31.6
2022-07-12 21:00:00,1541.0,28.3
2022-07-12 22:00:00,1519.0,28.2
2022-07-12 23:00:00,1395.0,29.8
2022-07-13 00:00:00,1410.0,29.5
2022-07-13 01:00:00,1288.0,27.6
2022-07-13 02:00:00,1220.0,28.7
2022-07-13 03:00:00,1216.0,28.0
2022-07-13 04:00:00,1120.0,27.9
2022-07-13 05:00:00,1131.0,27.6
2022-07-13 06:00:00,1088.0,27.8
2022-07-13 07:00:00,1160.0,28.2
2022-07-13 08:00:00,1200.0,29.3
2022-07-13 09:00:00,1299.0,30.8
2022-07-13 10:00:00,1413.0,31.4
2022-07-13 11:00:00,1377.0,32.8
2022-07-13 12:00:00,1423.0,33.8
2022-07-13 13:00:00,1382.0,34.4
2022-07-13 14:00:00,1495.0,35.3
2022-07-13 15:00:00,1571.0,35.8
2022-07-13 16:00:00,1482.0,35.7
2022-07-13 17:00:00,1564.0,35.1
2022-07-13 18:00:00,1439.0,34.3
2022-07-13 19:00:00,1390.0,33.1
2022-07-13 20:00:00,1515.0,31.4
2022-07-13 21:00:00,1587.0,28.7
2022-07-13 22:00:00,1524.0,27.5
2022-07-13 23:00:00,1435.0,27.4
2022-07-14 00:00:00,1411.0,27.8
2022-07-14 01:00:00,1343.0,28.5
2022-07-14 02:00:00,1276.0,26.4
2022-07-14 03:00:00,1194.0,26.4
2022-07-14 04:00:00,1166.0,27.3
2022-07-14 05:00:00,1097.0,26.6
2022-07-14 06:00:00,1140.0,25.2
2022-07-14 07:00:00,1152.0,26.7
2022-07-14 08:00:00,1176.0,29.4
2022-07-14 09:00:00,1364.0,30.2
2022-07-14 10:00:00,1427.0,31.5
2022-07-14 11:00:00,1414.0,32.4
2022-07-14 12:00:00,1407.0,33.4
2022-07-14 13:00:00,1467.0,33.9
2022-07-14 14:00:00,1511.0,35.0
2022-07-14 15:00:00,1553.0,35.7
2022-07-14 16:00:00,1566.0,35.4
2022-07-14 17:00:00,1552.0,35.0
2022-07-14 18:00:00,1409.0,34.8
2022-07-14 19:00:00,1390.0,33.6
2022-07-14 20:00:00,1463.0,31.2
2022-07-14 21:00:00,1663.0,28.6
2022-07-14 22:00:00,1577.0,28.3
2022-07-14 23:00:00,1446.0,27.3
2022-07-15 00:00:00,1416.0,28.6
2022-07-15 01:00:00,1350.0,29.5
2022-07-15 02:00:00,1218.0,29.3
2022-07-15 03:00:00,1246.0,28.8
2022-07-15 04:00:00,1159.0,28.8
2022-07-15 05:00:00,1117.0,28.3
2022-07-15 06:00:00,1101.0,27.5
2022-07-15 07:00:00,1153.0,27.6
2022-07-15 08:00:00,1181.0,29.3
2022-07-15 09:00:00,1327.0,30.4
2022-07-15 10:00:00,1394.0,31.4
2022-07-15 11:00:00,1389.0,32.7
2022-07-15 12:00:00,1433.0,33.4
2022-07-15 13:00:00,1460.0,34.7
2022-07-15 14:00:00,1535.0,35.0
2022-07-15 15:00:00,1560.0,35.1
2022-07-15 16:00:00,1549.0,35.4
2022-07-15 17:00:00,1596.0,35.2
2022-07-15 18:00:00,1461.0,34.9
2022-07-15 19:00:00,1428.0,33.2
2022-07-15 20:00:00,1534.0,32.5
2022-07-15 21:00:00,1688.0,31.7
2022-07-15 22:00:00,1637.0,30.5
2022-07-15 23:00:00,1522.0,30.6
2022-07-16 00:00:00,1518.0,30.2
2022-07-16 01:00:00,1404.0,29.7
2022-07-16 02:00:00,1336.0,29.5
2022-07-16 03:00:00,1317.0,29.1
2022-07-16 04:00:00,1245.0,28.8
2022-07-16 05:00:00,1172.0,28.3
2022-07-16 06:00:00,1150.0,27.9
2022-07-16 07:00:00,1164.0,28.3
2022-07-16 08:00:00,1198.0,29.6
2022-07-16 09:00:00,1362.0,30.8
2022-07-16 10:00:00,1391.0,32.1
2022-07-16 11:00:00,1376.0,32.5
2022-07-16 12:00:00,1423.0,33.7
2022-07-16 13:00:00,1440.0,34.6
2022-07-16 14:00:00,1528.0,35.2
2022-07-16 15:00:00,1617.0,35.4
2022-07-16 16:00:00,1563.0,35.5
2022-07-16 17:00:00,1558.0,35.5
2022-07-16 18:00:00,1467.0,33.9
2022-07-16 19:00:00,1433.0,32.6
2022-07-16 20:00:00,1574.0,31.7
2022-07-16 21:00:00,1640.0,31.0
2022-07-16 22:00:00,1625.0,31.2
2022-07-16 23:00:00,1514.0,30.9
2022-07-17 00:00:00,1521.0,30.3
2022-07-17 01:00:00,1420.0,29.8
2022-07-17 02:00:00,1366.0,29.6
2022-07-17 03:00:00,1298.0,29.3
2022-07-17 04:00:00,1254.0,29.1
2022-07-17 05:00:00,1246.0,29.1
2022-07-17 06:00:00,1241.0,28.7
2022-07-17 07:00:00,1180.0,28.9
2022-07-17 08:00:00,1226.0,29.5
2022-07-17 09:00:00,1297.0,30.9
2022-07-17 10:00:00,1333.0,32.5
2022-07-17 11:00:00,1373.0,33.1
2022-07-17 12:00:00,1405.0,33.9
2022-07-17 13:00:00,1406.0,34.1
2022-07-17 14:00:00,1400.0,35.3
2022-07-17 15:00:00,1468.0,35.0
2022-07-17 16:00:00,1444.0,34.4
2022-07-17 17:00:00,1497.0,32.7
2022-07-17 18:00:00,1378.0,31.9
2022-07-17 19:00:00,1340.0,30.5
2022-07-17 20:00:00,1467.0,28.6
2022-07-17 21:00:00,1470.0,26.8
2022-07-17 22:00:00,1395.0,26.5
2022-07-17 23:00:00,1277.0,25.7
2022-07-18 00:00:00,1285.0,25.0
2022-07-18 01:00:00,1231.0,24.9
2022-07-18 02:00:00,1155.0,24.6
2022-07-18 03:00:00,1133.0,24.7
2022-07-18 04:00:00,1103.0,24.7
2022-07-18 05:00:00,1036.0,24.6
2022-07-18 06:00:00,1065.0,24.4
2022-07-18 07:00:00,1072.0,24.6
2022-07-18 08:00:00,1134.0,24.9
2022-07-18 09:00:00,1263.0,26.3
2022-07-18 10:00:00,1369.0,28.0
2022-07-18 11:00:00,1303.0,30.5
2022-07-18 12:00:00,1219.0,27.2
2022-07-18 13:00:00,1185.0,25.1
2022-07-18 14:00:00,1163.0,25.0
2022-07-18 15:00:00,1200.0,25.2
2022-07-18 16:00:00,1211.0,24.9
2022-07-18 17:00:00,1287.0,25.3
2022-07-18 18:00:00,1098.0,25.5
2022-07-18 19:00:00,1146.0,25.5
2022-07-18 20:00:00,1286.0,25.3
2022-07-18 21:00:00,1288.0,25.1
2022-07-18 22:00:00,1204.0,24.8
2022-07-18 23:00:00,1109.0,24.6
2022-07-19 00:00:00,1126.0,24.7
2022-07-19 01:00:00,1070.0,24.6
2022-07-19 02:00:00,1034.0,24.4
2022-07-19 03:00:00,991.0,24.4
2022-07-19 04:00:00,965.0,24.1
2022-07-19 05:00:00,974.0,24.1
2022-07-19 06:00:00,950.0,24.2
2022-07-19 07:00:00,1053.0,24.2
2022-07-19 08:00:00,1100.0,24.6
2022-07-19 09:00:00,1221.0,25.1
2022-07-19 10:00:00,1216.0,25.8
2022-07-19 11:00:00,1254.0,27.6
2022-07-19 12:00:00,1217.0,28.8
2022-07-19 13:00:00,1235.0,29.8
2022-07-19 14:00:00,1255.0,31.2
2022-07-19 15:00:00,1339.0,31.8
2022-07-19 16:00:00,1286.0,32.1
2022-07-19 17:00:00,1406.0,29.9
2022-07-19 18:00:00,1293.0,29.5
2022-07-19 19:00:00,1257.0,28.7
2022-07-19 20:00:00,1364.0,27.9
2022-07-19 21:00:00,1412.0,27.3
2022-07-19 22:00:00,1286.0,27.0
2022-07-19 23:00:00,1254.0,27.2
2022-07-20 00:00:00,1206.0,26.1
2022-07-20 01:00:00,1150.0,26.2
2022-07-20 02:00:00,1105.0,25.7
2022-07-20 03:00:00,1065.0,25.6
2022-07-20 04:00:00,1059.0,26.8
2022-07-20 05:00:00,993.0,27.4
2022-07-20 06:00:00,1055.0,27.4
2022-07-20 07:00:00,1099.0,27.9
2022-07-20 08:00:00,1120.0,28.3
2022-07-20 09:00:00,1243.0,30.0
2022-07-20 10:00:00,1345.0,30.2
2022-07-20 11:00:00,1320.0,31.1
2022-07-20 12:00:00,1274.0,31.7
2022-07-20 13:00:00,1298.0,32.6
2022-07-20 14:00:00,1360.0,32.3
2022-07-20 15:00:00,1419.0,32.7
2022-07-20 16:00:00,1427.0,33.4
2022-07-20 17:00:00,1470.0,32.1
2022-07-20 18:00:00,1349.0,32.1
2022-07-20 19:00:00,1292.0,31.0
2022-07-20 20:00:00,1372.0,29.9
2022-07-20 21:00:00,1500.0,28.3
2022-07-20 22:00:00,1439.0,27.1
2022-07-20 23:00:00,1306.0,27.2
2022-07-21 00:00:00,1299.0,27.9
2022-07-21 01:00:00,1217.0,28.0
2022-07-21 02:00:00,1165.0,27.5
2022-07-21 03:00:00,1085.0,27.8
2022-07-21 04:00:00,1073.0,27.6
2022-07-21 05:00:00,1019.0,27.0
2022-07-21 06:00:00,1084.0,26.6
2022-07-21 07:00:00,1143.0,27.1
2022-07-21 08:00:00,1142.0,28.4
2022-07-21 09:00:00,1276.0,28.5
2022-07-21 10:00:00,1311.0,30.6
2022-07-21 11:00:00,1331.0,31.5
2022-07-21 12:00:00,1311.0,32.4
2022-07-21 13:00:00,1373.0,33.3
2022-07-21 14:00:00,1411.0,32.6
2022-07-21 15:00:00,1417.0,33.0
2022-07-21 16:00:00,1444.0,33.6
2022-07-21 17:00:00,1498.0,33.8
2022-07-21 18:00:00,1391.0,33.2
2022-07-21 19:00:00,1338.0,32.5
2022-07-21 20:00:00,1439.0,30.6
2022-07-21 21:00:00,1492.0,31.1
2022-07-21 22:00:00,1465.0,28.0
2022-07-21 23:00:00,1368.0,29.0
2022-07-22 00:00:00,1326.0,29.3
2022-07-22 01:00:00,1232.0,28.1
2022-07-22 02:00:00,1208.0,26.5
2022-07-22 03:00:00,1126.0,26.4
2022-07-22 04:00:00,1098.0,26.7
2022-07-22 05:00:00,1059.0,28.0
2022-07-22 06:00:00,1089.0,27.4
2022-07-22 07:00:00,1132.0,27.2
2022-07-22 08:00:00,1154.0,28.3
2022-07-22 09:00:00,1332.0,30.0
2022-07-22 10:00:00,1328.0,30.5
2022-07-22 11:00:00,1341.0,31.6
2022-07-22 12:00:00,1328.0,32.3
2022-07-22 13:00:00,1353.0,33.3
2022-07-22 14:00:00,1359.0,34.0
2022-07-22 15:00:00,1398.0,34.3
2022-07-22 16:00:00,1447.0,34.1
2022-07-22 17:00:00,1525.0,33.8
2022-07-22 18:00:00,1356.0,33.6
2022-07-22 19:00:00,1337.0,31.6
2022-07-22 20:00:00,1442.0,30.7
2022-07-22 21:00:00,1522.0,29.0
2022-07-22 22:00:00,1498.0,30.7
2022-07-22 23:00:00,1344.0,29.4
2022-07-23 00:00:00,1379.0,29.8
2022-07-23 01:00:00,1270.0,29.1
2022-07-23 02:00:00,1210.0,28.9
2022-07-23 03:00:00,1140.0,28.4
2022-07-23 04:00:00,1140.0,28.2
2022-07-23 05:00:00,1100.0,28.1
2022-07-23 06:00:00,1105.0,27.3
2022-07-23 07:00:00,1173.0,27.7
2022-07-23 08:00:00,1168.0,28.7
2022-07-23 09:00:00,1290.0,30.0
2022-07-23 10:00:00,1327.0,31.4
2022-07-23 11:00:00,1306.0,32.6
2022-07-23 12:00:00,1305.0,33.4
2022-07-23 13:00:00,1351.0,34.3
2022-07-23 14:00:00,1432.0,35.0
2022-07-23 15:00:00,1436.0,35.5
2022-07-23 16:00:00,1515.0,35.7
2022-07-23 17:00:00,1550.0,36.0
2022-07-23 18:00:00,1371.0,35.6
2022-07-23 19:00:00,1401.0,33.5
2022-07-23 20:00:00,1448.0,33.1
2022-07-23 21:00:00,1613.0,29.6
2022-07-23 22:00:00,1576.0,28.6
2022-07-23 23:00:00,1467.0,28.0
2022-07-24 00:00:00,1439.0,29.8
2022-07-24 01:00:00,1344.0,29.9
2022-07-24 02:00:00,1297.0,28.8
2022-07-24 03:00:00,1181.0,28.9
2022-07-24 04:00:00,1164.0,27.0
2022-07-24 05:00:00,1091.0,25.9
2022-07-24 06:00:00,1101.0,25.4
2022-07-24 07:00:00,1118.0,26.4
2022-07-24 08:00:00,1156.0,29.1
2022-07-24 09:00:00,1300.0,30.9
2022-07-24 10:00:00,1324.0,32.2
2022-07-24 11:00:00,1334.0,32.7
2022-07-24 12:00:00,1328.0,34.3
2022-07-24 13:00:00,1393.0,34.5
2022-07-24 14:00:00,1452.0,35.2
2022-07-24 15:00:00,1517.0,36.2
2022-07-24 16:00:00,1529.0,36.1
2022-07-24 17:00:00,1542.0,36.5
2022-07-24 18:00:00,1504.0,35.2
2022-07-24 19:00:00,1411.0,33.6
2022-07-24 20:00:00,1533.0,30.7
2022-07-24 21:00:00,1661.0,29.1
2022-07-24 22:00:00,1562.0,27.9
2022-07-24 23:00:00,1484.0,27.3
2022-07-25 00:00:00,1467.0,27.2
2022-07-25 01:00:00,1377.0,27.2
2022-07-25 02:00:00,1297.0,27.7
2022-07-25 03:00:00,1226.0,28.9
2022-07-25 04:00:00,1164.0,27.0
2022-07-25 05:00:00,1155.0,27.2
2022-07-25 06:00:00,1142.0,27.0
2022-07-25 07:00:00,1178.0,27.7
2022-07-25 08:00:00,1242.0,29.7
2022-07-25 09:00:00,1390.0,30.8
2022-07-25 10:00:00,1488.0,32.1
2022-07-25 11:00:00,1488.0,33.4
2022-07-25 12:00:00,1431.0,34.2
2022-07-25 13:00:00,1515.0,34.8
2022-07-25 14:00:00,1550.0,35.9
2022-07-25 15:00:00,1604.0,36.7
2022-07-25 16:00:00,1597.0,36.9
2022-07-25 17:00:00,1679.0,36.8
2022-07-25 18:00:00,1499.0,36.7
2022-07-25 19:00:00,1392.0,34.3
2022-07-25 20:00:00,1519.0,32.8
2022-07-25 21:00:00,1646.0,31.6
2022-07-25 22:00:00,1634.0,29.1
2022-07-25 23:00:00,1525.0,30.2
2022-07-26 00:00:00,1559.0,30.0
2022-07-26 01:00:00,1434.0,29.1
2022-07-26 02:00:00,1363.0,29.7
2022-07-26 03:00:00,1298.0,29.5
2022-07-26 04:00:00,1228.0,29.2
2022-07-26 05:00:00,1192.0,29.0
2022-07-26 06:00:00,1203.0,28.4
2022-07-26 07:00:00,1212.0,28.7
2022-07-26 08:00:00,1254.0,30.3
2022-07-26 09:00:00,1403.0,31.6
2022-07-26 10:00:00,1474.0,32.9
2022-07-26 11:00:00,1435.0,34.0
2022-07-26 12:00:00,1438.0,34.5
2022-07-26 13:00:00,1589.0,35.6
2022-07-26 14:00:00,1585.0,36.8
2022-07-26 15:00:00,1617.0,37.4
2022-07-26 16:00:00,1660.0,37.7
2022-07-26 17:00:00,1683.0,37.7
2022-07-26 18:00:00,1561.0,36.3
2022-07-26 19:00:00,1450.0,34.6
2022-07-26 20:00:00,1596.0,33.3
2022-07-26 21:00:00,1692.0,29.9
2022-07-26 22:00:00,1671.0,28.4
2022-07-26 23:00:00,1551.0,29.3
2022-07-27 00:00:00,1551.0,29.3
2022-07-27 01:00:00,1448.0,29.8
2022-07-27 02:00:00,1382.0,29.7
2022-07-27 03:00:00,1294.0,29.6
2022-07-27 04:00:00,1252.0,29.5
2022-07-27 05:00:00,1190.0,29.2
2022-07-27 06:00:00,1196.0,28.5
2022-07-27 07:00:00,1199.0,28.5
2022-07-27 08:00:00,1267.0,30.0
2022-07-27 09:00:00,1428.0,31.4
2022-07-27 10:00:00,1440.0,32.4
2022-07-27 11:00:00,1492.0,33.6
2022-07-27 12:00:00,1404.0,34.4
2022-07-27 13:00:00,1500.0,35.8
2022-07-27 14:00:00,1645.0,36.4
2022-07-27 15:00:00,1609.0,36.7
2022-07-27 16:00:00,1622.0,37.2
2022-07-27 17:00:00,1693.0,36.6
2022-07-27 18:00:00,1549.0,34.2
2022-07-27 19:00:00,1431.0,32.6
2022-07-27 20:00:00,1527.0,29.7
2022-07-27 21:00:00,1596.0,28.4
2022-07-27 22:00:00,1554.0,26.4
2022-07-27 23:00:00,1437.0,25.5
2022-07-28 00:00:00,1399.0,25.0
2022-07-28 01:00:00,1362.0,24.7
2022-07-28 02:00:00,1260.0,24.4
2022-07-28 03:00:00,1186.0,24.3
2022-07-28 04:00:00,1136.0,23.9
2022-07-28 05:00:00,1095.0,23.5
2022-07-28 06:00:00,1106.0,23.5
2022-07-28 07:00:00,1148.0,24.1
2022-07-28 08:00:00,1147.0,25.1
2022-07-28 09:00:00,1313.0,26.5
2022-07-28 10:00:00,1341.0,29.1
2022-07-28 11:00:00,1372.0,28.7
2022-07-28 12:00:00,1351.0,29.0
2022-07-28 13:00:00,1388.0,29.1
2022-07-28 14:00:00,1470.0,30.9
2022-07-28 15:00:00,1478.0,30.7
2022-07-28 16:00:00,1468.0,31.9
2022-07-28 17:00:00,1517.0,30.2
2022-07-28 18:00:00,1345.0,29.1
2022-07-28 19:00:00,1336.0,28.3
2022-07-28 20:00:00,1446.0,27.6
2022-07-28 21:00:00,1481.0,26.8
2022-07-28 22:00:00,1440.0,26.4
2022-07-28 23:00:00,1317.0,25.9
2022-07-29 00:00:00,1284.0,25.6
2022-07-29 01:00:00,1227.0,25.5
2022-07-29 02:00:00,1178.0,25.4
2022-07-29 03:00:00,1115.0,25.3
2022-07-29 04:00:00,1063.0,25.2
2022-07-29 05:00:00,1042.0,24.8
2022-07-29 06:00:00,1018.0,24.8
2022-07-29 07:00:00,1074.0,24.9
2022-07-29 08:00:00,1096.0,23.3
2022-07-29 09:00:00,1223.0,25.3
2022-07-29 10:00:00,1278.0,26.8
2022-07-29 11:00:00,1293.0,28.2
2022-07-29 12:00:00,1243.0,29.9
2022-07-29 13:00:00,1278.0,29.6
2022-07-29 14:00:00,1376.0,30.9
2022-07-29 15:00:00,1353.0,32.4
2022-07-29 16:00:00,1394.0,32.9
2022-07-29 17:00:00,1445.0,32.3
2022-07-29 18:00:00,1329.0,31.3
2022-07-29 19:00:00,1344.0,30.3
2022-07-29 20:00:00,1419.0,28.5
2022-07-29 21:00:00,1443.0,26.8
2022-07-29 22:00:00,1382.0,25.6
2022-07-29 23:00:00,1234.0,24.7
2022-07-30 00:00:00,1250.0,23.9
2022-07-30 01:00:00,1152.0,23.1
2022-07-30 02:00:00,1113.0,22.9
2022-07-30 03:00:00,1037.0,22.5
2022-07-30 04:00:00,1026.0,22.4
2022-07-30 05:00:00,999.0,22.4
2022-07-30 06:00:00,1059.0,22.0
2022-07-30 07:00:00,1078.0,22.3
2022-07-30 08:00:00,1086.0,24.9
2022-07-30 09:00:00,1183.0,26.7
2022-07-30 10:00:00,1213.0,29.0
2022-07-30 11:00:00,1203.0,30.2
2022-07-30 12:00:00,1229.0,31.0
2022-07-30 13:00:00,1241.0,32.3
2022-07-30 14:00:00,1294.0,33.3
2022-07-30 15:00:00,1323.0,33.3
2022-07-30 16:00:00,1362.0,33.3
2022-07-30 17:00:00,1388.0,33.3
2022-07-30 18:00:00,1316.0,33.5
2022-07-30 19:00:00,1262.0,31.5
2022-07-30 20:00:00,1346.0,28.6
2022-07-30 21:00:00,1418.0,27.1
2022-07-30 22:00:00,1354.0,26.6
2022-07-30 23:00:00,1294.0,26.5
2022-07-31 00:00:00,1247.0,26.0
2022-07-31 01:00:00,1165.0,24.7
2022-07-31 02:00:00,1125.0,24.6
2022-07-31 03:00:00,1025.0,24.7
2022-07-31 04:00:00,1011.0,24.7
2022-07-31 05:00:00,1009.0,24.5
2022-07-31 06:00:00,1024.0,24.0
2022-07-31 07:00:00,1074.0,23.7
2022-07-31 08:00:00,1136.0,26.2
2022-07-31 09:00:00,1225.0,29.1
2022-07-31 10:00:00,1272.0,30.1
2022-07-31 11:00:00,1290.0,31.6
2022-07-31 12:00:00,1259.0,32.3
2022-07-31 13:00:00,1301.0,32.4
2022-07-31 14:00:00,1314.0,33.5
2022-07-31 15:00:00,1412.0,34.3
2022-07-31 16:00:00,1383.0,34.8
2022-07-31 17:00:00,1359.0,33.6
2022-07-31 18:00:00,1308.0,33.7
2022-07-31 19:00:00,1277.0,28.6
2022-07-31 20:00:00,1378.0,27.4
2022-07-31 21:00:00,1410.0,25.9
2022-07-31 22:00:00,1360.0,25.9
2022-07-31 23:00:00,1249.0,26.0
2022-08-01 00:00:00,1196.0,25.4
2022-08-01 01:00:00,1102.0,26.2
2022-08-01 02:00:00,1098.0,25.7
2022-08-01 03:00:00,1017.0,25.4
2022-08-01 04:00:00,1025.0,24.9
2022-08-01 05:00:00,981.0,24.4
2022-08-01 06:00:00,974.0,24.0
2022-08-01 07:00:00,1038.0,24.2
2022-08-01 08:00:00,1052.0,26.6
2022-08-01 09:00:00,1173.0,27.6
2022-08-01 10:00:00,1274.0,28.9
2022-08-01 11:00:00,1342.0,31.1
2022-08-01 12:00:00,1366.0,32.8
2022-08-01 13:00:00,1354.0,33.7
2022-08-01 14:00:00,1387.0,34.5
2022-08-01 15:00:00,1478.0,35.2
2022-08-01 16:00:00,1427.0,36.2
2022-08-01 17:00:00,1492.0,35.5
2022-08-01 18:00:00,1425.0,35.2
2022-08-01 19:00:00,1369.0,33.5
2022-08-01 20:00:00,1467.0,29.9
2022-08-01 21:00:00,1550.0,28.5
2022-08-01 22:00:00,1498.0,27.9
2022-08-01 23:00:00,1337.0,26.7
2022-08-02 00:00:00,1304.0,26.1
2022-08-02 01:00:00,1232.0,26.2
2022-08-02 02:00:00,1211.0,25.6
2022-08-02 03:00:00,1121.0,25.1
2022-08-02 04:00:00,1096.0,25.0
2022-08-02 05:00:00,1014.0,24.2
2022-08-02 06:00:00,1048.0,24.1
2022-08-02 07:00:00,1044.0,24.4
2022-08-02 08:00:00,1092.0,27.5
2022-08-02 09:00:00,1275.0,29.0
2022-08-02 10:00:00,1394.0,31.1
2022-08-02 11:00:00,1401.0,33.1
2022-08-02 12:00:00,1389.0,34.2
2022-08-02 13:00:00,1425.0,35.1
2022-08-02 14:00:00,1445.0,35.3
2022-08-02 15:00:00,1493.0,36.0
2022-08-02 16:00:00,1495.0,36.2
2022-08-02 17:00:00,1545.0,36.2
2022-08-02 18:00:00,1486.0,36.4
2022-08-02 19:00:00,1413.0,33.5
2022-08-02 20:00:00,1492.0,29.7
2022-08-02 21:00:00,1593.0,28.1
2022-08-02 22:00:00,1511.0,26.9
2022-08-02 23:00:00,1394.0,26.4
2022-08-03 00:00:00,1343.0,25.9
2022-08-03 01:00:00,1225.0,26.2
2022-08-03 02:00:00,1158.0,26.7
2022-08-03 03:00:00,1112.0,25.0
2022-08-03 04:00:00,1058.0,24.9
2022-08-03 05:00:00,1063.0,24.3
2022-08-03 06:00:00,1052.0,24.0
2022-08-03 07:00:00,1096.0,24.6
2022-08-03 08:00:00,1168.0,27.6
2022-08-03 09:00:00,1306.0,29.6
2022-08-03 10:00:00,1365.0,31.8
2022-08-03 11:00:00,1425.0,33.6
2022-08-03 12:00:00,1439.0,34.6
2022-08-03 13:00:00,1594.0,35.4
2022-08-03 14:00:00,1601.0,36.1
2022-08-03 15:00:00,1572.0,37.0
2022-08-03 16:00:00,1589.0,37.7
2022-08-03 17:00:00,1557.0,37.6
2022-08-03 18:00:00,1490.0,36.5
2022-08-03 19:00:00,1444.0,35.2
2022-08-03 20:00:00,1575.0,30.8
2022-08-03 21:00:00,1627.0,29.3
2022-08-03 22:00:00,1588.0,28.1
2022-08-03 23:00:00,1506.0,27.6
2022-08-04 00:00:00,1456.0,27.1
2022-08-04 01:00:00,1335.0,26.6
2022-08-04 02:00:00,1247.0,26.4
2022-08-04 03:00:00,1225.0,26.1
2022-08-04 04:00:00,1154.0,25.9
2022-08-04 05:00:00,1113.0,25.1
2022-08-04 06:00:00,1145.0,24.6
2022-08-04 07:00:00,1136.0,25.6
2022-08-04 08:00:00,1182.0,28.3
2022-08-04 09:00:00,1312.0,30.1
2022-08-04 10:00:00,1432.0,32.9
2022-08-04 11:00:00,1467.0,33.5
2022-08-04 12:00:00,1441.0,35.4
2022-08-04 13:00:00,1597.0,34.9
2022-08-04 14:00:00,1462.0,35.3
2022-08-04 15:00:00,1501.0,25.3
2022-08-04 16:00:00,1422.0,26.0
2022-08-04 17:00:00,1443.0,27.3
2022-08-04 18:00:00,1328.0,28.1
2022-08-04 19:00:00,1302.0,27.6
2022-08-04 20:00:00,1453.0,27.1
2022-08-04 21:00:00,1457.0,26.3
2022-08-04 22:00:00,1434.0,26.0
2022-08-04 23:00:00,1323.0,25.5
2022-08-05 00:00:00,1325.0,26.1
2022-08-05 01:00:00,1164.0,25.1
2022-08-05 02:00:00,1180.0,24.7
2022-08-05 03:00:00,1080.0,24.4
2022-08-05 04:00:00,1058.0,24.2
2022-08-05 05:00:00,1038.0,23.9
2022-08-05 06:00:00,1079.0,23.9
2022-08-05 07:00:00,1106.0,24.2
2022-08-05 08:00:00,1178.0,26.7
2022-08-05 09:00:00,1278.0,29.1
2022-08-05 10:00:00,1339.0,30.8
2022-08-05 11:00:00,1472.0,31.4
2022-08-05 12:00:00,1374.0,33.2
2022-08-05 13:00:00,1412.0,33.3
2022-08-05 14:00:00,1490.0,33.1
2022-08-05 15:00:00,1608.0,33.6
2022-08-05 16:00:00,1462.0,32.7
2022-08-05 17:00:00,1555.0,33.5
2022-08-05 18:00:00,1344.0,33.4
2022-08-05 19:00:00,1301.0,29.7
2022-08-05 20:00:00,1445.0,29.3
2022-08-05 21:00:00,1444.0,29.0
2022-08-05 22:00:00,1424.0,28.3
2022-08-05 23:00:00,1308.0,27.5
2022-08-06 00:00:00,1348.0,26.8
2022-08-06 01:00:00,1239.0,26.0
2022-08-06 02:00:00,1181.0,25.4
2022-08-06 03:00:00,1167.0,24.8
2022-08-06 04:00:00,1080.0,24.8
2022-08-06 05:00:00,1082.0,24.3
2022-08-06 06:00:00,1115.0,24.1
2022-08-06 07:00:00,1136.0,24.7
2022-08-06 08:00:00,1170.0,27.2
2022-08-06 09:00:00,1286.0,29.1
2022-08-06 10:00:00,1331.0,29.4
2022-08-06 11:00:00,1315.0,30.5
2022-08-06 12:00:00,1308.0,31.8
2022-08-06 13:00:00,1295.0,31.9
2022-08-06 14:00:00,1346.0,32.5
2022-08-06 15:00:00,1518.0,32.8
2022-08-06 16:00:00,1463.0,33.2
2022-08-06 17:00:00,1535.0,33.8
2022-08-06 18:00:00,1454.0,33.8
2022-08-06 19:00:00,1262.0,32.5
2022-08-06 20:00:00,1447.0,31.4
2022-08-06 21:00:00,1525.0,30.4
2022-08-06 22:00:00,1467.0,29.8
2022-08-06 23:00:00,1353.0,28.3
2022-08-07 00:00:00,1369.0,27.5
2022-08-07 01:00:00,1300.0,27.1
2022-08-07 02:00:00,1207.0,25.4
2022-08-07 03:00:00,1159.0,26.3
2022-08-07 04:00:00,1102.0,25.8
2022-08-07 05:00:00,1052.0,24.5
2022-08-07 06:00:00,1061.0,24.4
2022-08-07 07:00:00,1120.0,25.8
2022-08-07 08:00:00,1177.0,27.2
2022-08-07 09:00:00,1270.0,29.0
2022-08-07 10:00:00,1322.0,30.2
2022-08-07 11:00:00,1333.0,31.1
2022-08-07 12:00:00,1309.0,33.0
2022-08-07 13:00:00,1333.0,33.7
2022-08-07 14:00:00,1360.0,34.5
2022-08-07 15:00:00,1513.0,35.1
2022-08-07 16:00:00,1500.0,35.3
2022-08-07 17:00:00,1524.0,35.5
2022-08-07 18:00:00,1406.0,34.8
2022-08-07 19:00:00,1338.0,33.6
2022-08-07 20:00:00,1452.0,31.1
2022-08-07 21:00:00,1563.0,28.5
2022-08-07 22:00:00,1464.0,27.6
2022-08-07 23:00:00,1417.0,27.0
2022-08-08 00:00:00,1328.0,27.0
2022-08-08 01:00:00,1295.0,27.8
2022-08-08 02:00:00,1233.0,28.0
2022-08-08 03:00:00,1134.0,27.8
2022-08-08 04:00:00,1141.0,27.9
2022-08-08 05:00:00,1063.0,26.6
2022-08-08 06:00:00,1066.0,24.7
2022-08-08 07:00:00,1126.0,26.3
2022-08-08 08:00:00,1208.0,28.2
2022-08-08 09:00:00,1359.0,30.3
2022-08-08 10:00:00,1464.0,31.6
2022-08-08 11:00:00,1452.0,32.9
2022-08-08 12:00:00,1423.0,34.0
2022-08-08 13:00:00,1476.0,35.0
2022-08-08 14:00:00,1536.0,35.4
2022-08-08 15:00:00,1645.0,35.8
2022-08-08 16:00:00,1630.0,36.1
2022-08-08 17:00:00,1670.0,36.3
2022-08-08 18:00:00,1489.0,36.1
2022-08-08 19:00:00,1401.0,34.8
2022-08-08 20:00:00,1532.0,30.4
2022-08-08 21:00:00,1608.0,28.5
2022-08-08 22:00:00,1578.0,27.1
2022-08-08 23:00:00,1481.0,26.8
2022-08-09 00:00:00,1474.0,26.7
2022-08-09 01:00:00,1403.0,26.8
2022-08-09 02:00:00,1324.0,27.0
2022-08-09 03:00:00,1227.0,25.8
2022-08-09 04:00:00,1159.0,25.8
2022-08-09 05:00:00,1126.0,25.9
2022-08-09 06:00:00,1131.0,24.5
2022-08-09 07:00:00,1158.0,25.4
2022-08-09 08:00:00,1206.0,28.1
2022-08-09 09:00:00,1372.0,30.1
2022-08-09 10:00:00,1519.0,31.9
2022-08-09 11:00:00,1483.0,33.4
2022-08-09 12:00:00,1445.0,34.6
2022-08-09 13:00:00,1538.0,35.5
2022-08-09 14:00:00,1555.0,36.4
2022-08-09 15:00:00,1728.0,37.0
2022-08-09 16:00:00,1668.0,37.2
2022-08-09 17:00:00,1652.0,37.7
2022-08-09 18:00:00,1484.0,35.2
2022-08-09 19:00:00,1390.0,34.3
2022-08-09 20:00:00,1544.0,30.2
2022-08-09 21:00:00,1606.0,28.9
2022-08-09 22:00:00,1563.0,28.0
2022-08-09 23:00:00,1499.0,27.0
2022-08-10 00:00:00,1515.0,27.3
2022-08-10 01:00:00,1390.0,29.9
2022-08-10 02:00:00,1293.0,27.3
2022-08-10 03:00:00,1240.0,25.6
2022-08-10 04:00:00,1190.0,24.9
2022-08-10 05:00:00,1104.0,24.8
2022-08-10 06:00:00,1107.0,24.4
2022-08-10 07:00:00,1179.0,24.6
2022-08-10 08:00:00,1240.0,28.4
2022-08-10 09:00:00,1415.0,31.3
2022-08-10 10:00:00,1483.0,33.3
2022-08-10 11:00:00,1474.0,34.6
2022-08-10 12:00:00,1407.0,35.3
2022-08-10 13:00:00,1446.0,36.8
2022-08-10 14:00:00,1471.0,36.0
2022-08-10 15:00:00,1696.0,36.3
2022-08-10 16:00:00,1636.0,35.9
2022-08-10 17:00:00,1701.0,35.8
2022-08-10 18:00:00,1514.0,35.0
2022-08-10 19:00:00,1417.0,33.8
2022-08-10 20:00:00,1558.0,32.2
2022-08-10 21:00:00,1662.0,31.8
2022-08-10 22:00:00,1599.0,30.4
2022-08-10 23:00:00,1490.0,30.8
2022-08-11 00:00:00,1565.0,29.1
2022-08-11 01:00:00,1403.0,27.8
2022-08-11 02:00:00,1309.0,28.7
2022-08-11 03:00:00,1264.0,27.9
2022-08-11 04:00:00,1179.0,25.5
2022-08-11 05:00:00,1132.0,25.1
2022-08-11 06:00:00,1123.0,24.8
2022-08-11 07:00:00,1157.0,25.6
2022-08-11 08:00:00,1236.0,29.0
2022-08-11 09:00:00,1398.0,31.5
2022-08-11 10:00:00,1479.0,32.9
2022-08-11 11:00:00,1483.0,34.1
2022-08-11 12:00:00,1496.0,34.9
2022-08-11 13:00:00,1456.0,35.3
2022-08-11 14:00:00,1534.0,36.9
2022-08-11 15:00:00,1666.0,37.5
2022-08-11 16:00:00,1691.0,37.0
2022-08-11 17:00:00,1659.0,37.7
2022-08-11 18:00:00,1536.0,36.9
2022-08-11 19:00:00,1459.0,34.4
2022-08-11 20:00:00,1559.0,32.6
2022-08-11 21:00:00,1654.0,31.9
2022-08-11 22:00:00,1629.0,31.7
2022-08-11 23:00:00,1531.0,31.8
2022-08-12 00:00:00,1583.0,31.0
2022-08-12 01:00:00,1465.0,30.5
2022-08-12 02:00:00,1365.0,29.6
2022-08-12 03:00:00,1292.0,29.0
2022-08-12 04:00:00,1245.0,28.5
2022-08-12 05:00:00,1179.0,28.1
2022-08-12 06:00:00,1159.0,27.5
2022-08-12 07:00:00,1211.0,27.8
2022-08-12 08:00:00,1274.0,28.9
2022-08-12 09:00:00,1395.0,29.7
2022-08-12 10:00:00,1509.0,31.3
2022-08-12 11:00:00,1462.0,31.9
2022-08-12 12:00:00,1400.0,33.4
2022-08-12 13:00:00,1472.0,34.1
2022-08-12 14:00:00,1539.0,35.1
2022-08-12 15:00:00,1687.0,36.1
2022-08-12 16:00:00,1664.0,36.2
2022-08-12 17:00:00,1696.0,36.0
2022-08-12 18:00:00,1506.0,36.0
2022-08-12 19:00:00,1415.0,34.5
2022-08-12 20:00:00,1569.0,32.3
2022-08-12 21:00:00,1692.0,29.2
2022-08-12 22:00:00,1647.0,27.9
2022-08-12 23:00:00,1518.0,27.5
2022-08-13 00:00:00,1548.0,27.8
2022-08-13 01:00:00,1396.0,28.0
2022-08-13 02:00:00,1330.0,28.7
2022-08-13 03:00:00,1270.0,29.3
2022-08-13 04:00:00,1242.0,28.9
2022-08-13 05:00:00,1199.0,28.3
2022-08-13 06:00:00,1205.0,27.3
2022-08-13 07:00:00,1176.0,27.4
2022-08-13 08:00:00,1229.0,28.9
2022-08-13 09:00:00,1391.0,30.3
2022-08-13 10:00:00,1483.0,31.5
2022-08-13 11:00:00,1459.0,32.3
2022-08-13 12:00:00,1365.0,34.0
2022-08-13 13:00:00,1456.0,34.2
2022-08-13 14:00:00,1449.0,35.5
2022-08-13 15:00:00,1684.0,35.9
2022-08-13 16:00:00,1697.0,34.5
2022-08-13 17:00:00,1635.0,33.6
2022-08-13 18:00:00,1518.0,34.3
2022-08-13 19:00:00,1432.0,32.8
2022-08-13 20:00:00,1558.0,31.7
2022-08-13 21:00:00,1699.0,29.9
2022-08-13 22:00:00,1577.0,27.7
2022-08-13 23:00:00,1484.0,27.7
2022-08-14 00:00:00,1540.0,29.6
2022-08-14 01:00:00,1418.0,29.3
2022-08-14 02:00:00,1359.0,28.9
2022-08-14 03:00:00,1283.0,28.5
2022-08-14 04:00:00,1208.0,28.2
2022-08-14 05:00:00,1182.0,27.7
2022-08-14 06:00:00,1147.0,27.6
2022-08-14 07:00:00,1193.0,27.4
2022-08-14 08:00:00,1279.0,28.4
2022-08-14 09:00:00,1347.0,30.0
2022-08-14 10:00:00,1415.0,31.1
2022-08-14 11:00:00,1454.0,32.6
2022-08-14 12:00:00,1433.0,33.4
2022-08-14 13:00:00,1488.0,34.6
2022-08-14 14:00:00,1546.0,35.3
2022-08-14 15:00:00,1602.0,36.1
2022-08-14 16:00:00,1607.0,36.2
2022-08-14 17:00:00,1643.0,35.6
2022-08-14 18:00:00,1531.0,35.1
2022-08-14 19:00:00,1462.0,34.0
2022-08-14 20:00:00,1576.0,32.9
2022-08-14 21:00:00,1662.0,30.0
2022-08-14 22:00:00,1615.0,30.2
2022-08-14 23:00:00,1509.0,29.3
2022-08-15 00:00:00,1529.0,29.5
2022-08-15 01:00:00,1392.0,29.5
2022-08-15 02:00:00,1329.0,29.3
2022-08-15 03:00:00,1259.0,29.1
2022-08-15 04:00:00,1218.0,28.2
2022-08-15 05:00:00,1165.0,27.8
2022-08-15 06:00:00,1185.0,27.3
2022-08-15 07:00:00,1208.0,27.4
2022-08-15 08:00:00,1255.0,29.3
2022-08-15 09:00:00,1388.0,30.7
2022-08-15 10:00:00,1469.0,31.7
2022-08-15 11:00:00,1539.0,32.7
2022-08-15 12:00:00,1519.0,34.5
2022-08-15 13:00:00,1540.0,35.5
2022-08-15 14:00:00,1587.0,36.3
2022-08-15 15:00:00,1678.0,37.3
2022-08-15 16:00:00,1718.0,37.6
2022-08-15 17:00:00,1715.0,37.7
2022-08-15 18:00:00,1578.0,36.9
2022-08-15 19:00:00,1484.0,35.5
2022-08-15 20:00:00,1606.0,31.8
2022-08-15 21:00:00,1707.0,29.7
2022-08-15 22:00:00,1657.0,28.8
2022-08-15 23:00:00,1547.0,28.1
2022-08-16 00:00:00,1553.0,27.6
2022-08-16 01:00:00,1457.0,27.9
2022-08-16 02:00:00,1384.0,28.5
2022-08-16 03:00:00,1337.0,29.1
2022-08-16 04:00:00,1273.0,29.1
2022-08-16 05:00:00,1203.0,29.0
2022-08-16 06:00:00,1141.0,28.4
2022-08-16 07:00:00,1219.0,28.2
2022-08-16 08:00:00,1256.0,29.4
2022-08-16 09:00:00,1436.0,30.9
2022-08-16 10:00:00,1508.0,32.4
2022-08-16 11:00:00,1539.0,33.9
2022-08-16 12:00:00,1571.0,35.3
2022-08-16 13:00:00,1642.0,36.5
2022-08-16 14:00:00,1713.0,37.3
2022-08-16 15:00:00,1714.0,37.9
2022-08-16 16:00:00,1671.0,38.4
2022-08-16 17:00:00,1732.0,38.2
2022-08-16 18:00:00,1619.0,38.2
2022-08-16 19:00:00,1525.0,35.6
2022-08-16 20:00:00,1682.0,32.8
2022-08-16 21:00:00,1766.0,29.9
2022-08-16 22:00:00,1697.0,30.4
2022-08-16 23:00:00,1601.0,29.3
2022-08-17 00:00:00,1467.0,28.8
2022-08-17 01:00:00,1355.0,28.8
2022-08-17 02:00:00,1365.0,29.0
2022-08-17 03:00:00,1356.0,27.6
2022-08-17 04:00:00,1276.0,27.0
2022-08-17 05:00:00,1233.0,26.4
2022-08-17 06:00:00,1156.0,26.4
2022-08-17 07:00:00,1106.0,26.2
2022-08-17 08:00:00,1189.0,30.4
2022-08-17 09:00:00,1353.0,32.1
2022-08-17 10:00:00,1384.0,33.4
2022-08-17 11:00:00,1456.0,34.3
2022-08-17 12:00:00,1461.0,36.2
2022-08-17 13:00:00,1474.0,36.4
2022-08-17 14:00:00,1561.0,37.1
2022-08-17 15:00:00,1680.0,37.9
2022-08-17 16:00:00,1619.0,38.2
2022-08-17 17:00:00,1628.0,38.2
2022-08-17 18:00:00,1498.0,36.0
2022-08-17 19:00:00,1484.0,33.9
2022-08-17 20:00:00,1562.0,32.2
2022-08-17 21:00:00,1660.0,30.2
2022-08-17 22:00:00,1695.0,29.3
2022-08-17 23:00:00,1560.0,28.3
2022-08-18 00:00:00,1456.0,28.1
2022-08-18 01:00:00,1277.0,27.6
2022-08-18 02:00:00,1290.0,27.4
2022-08-18 03:00:00,1263.0,26.6
2022-08-18 04:00:00,1202.0,26.4
2022-08-18 05:00:00,1188.0,25.7
2022-08-18 06:00:00,1137.0,25.5
2022-08-18 07:00:00,1119.0,27.0
2022-08-18 08:00:00,1241.0,29.3
2022-08-18 09:00:00,1390.0,31.8
2022-08-18 10:00:00,1339.0,33.7
2022-08-18 11:00:00,1460.0,34.7
2022-08-18 12:00:00,1499.0,35.4
2022-08-18 13:00:00,1516.0,36.1
2022-08-18 14:00:00,1537.0,37.3
2022-08-18 15:00:00,1583.0,38.1
2022-08-18 16:00:00,1562.0,37.0
2022-08-18 17:00:00,1553.0,37.2
2022-08-18 18:00:00,1475.0,36.7
2022-08-18 19:00:00,1419.0,34.8
2022-08-18 20:00:00,1544.0,31.9
2022-08-18 21:00:00,1606.0,30.4
2022-08-18 22:00:00,1578.0,29.5
2022-08-18 23:00:00,1448.0,28.5
2022-08-19 00:00:00,1385.0,27.9
2022-08-19 01:00:00,1290.0,27.4
2022-08-19 02:00:00,1379.0,28.2
2022-08-19 03:00:00,1297.0,26.6
2022-08-19 04:00:00,1230.0,26.8
2022-08-19 05:00:00,1197.0,26.0
2022-08-19 06:00:00,1195.0,25.8
2022-08-19 07:00:00,1211.0,26.4
2022-08-19 08:00:00,1217.0,29.7
2022-08-19 09:00:00,1436.0,31.7
2022-08-19 10:00:00,1394.0,33.0
2022-08-19 11:00:00,1497.0,34.5
2022-08-19 12:00:00,1486.0,35.2
2022-08-19 13:00:00,1592.0,36.5
2022-08-19 14:00:00,1624.0,36.7
2022-08-19 15:00:00,1611.0,38.1
2022-08-19 16:00:00,1578.0,38.3
2022-08-19 17:00:00,1584.0,38.6
2022-08-19 18:00:00,1464.0,37.5
2022-08-19 19:00:00,1387.0,35.7
2022-08-19 20:00:00,1526.0,32.5
2022-08-19 21:00:00,1606.0,30.7
2022-08-19 22:00:00,1549.0,29.9
2022-08-19 23:00:00,1484.0,29.4
2022-08-20 00:00:00,1340.0,28.8
2022-08-20 01:00:00,1391.0,28.0
2022-08-20 02:00:00,1324.0,28.0
2022-08-20 03:00:00,1270.0,27.5
2022-08-20 04:00:00,1237.0,26.5
2022-08-20 05:00:00,1209.0,26.6
2022-08-20 06:00:00,1140.0,26.9
2022-08-20 07:00:00,1164.0,27.6
2022-08-20 08:00:00,1185.0,29.8
2022-08-20 09:00:00,1260.0,31.9
2022-08-20 10:00:00,1325.0,34.3
2022-08-20 11:00:00,1418.0,35.8
2022-08-20 12:00:00,1424.0,36.2
2022-08-20 13:00:00,1447.0,38.3
2022-08-20 14:00:00,1507.0,38.5
2022-08-20 15:00:00,1570.0,38.1
2022-08-20 16:00:00,1542.0,38.7
2022-08-20 17:00:00,1519.0,38.4
2022-08-20 18:00:00,1443.0,37.5
2022-08-20 19:00:00,1459.0,35.6
2022-08-20 20:00:00,1592.0,34.6
2022-08-20 21:00:00,1628.0,34.1
2022-08-20 22:00:00,1589.0,33.9
2022-08-20 23:00:00,1511.0,33.7
2022-08-21 00:00:00,1412.0,32.7
2022-08-21 01:00:00,1452.0,31.0
2022-08-21 02:00:00,1385.0,30.7
2022-08-21 03:00:00,1345.0,29.9
2022-08-21 04:00:00,1278.0,29.6
2022-08-21 05:00:00,1233.0,28.7
2022-08-21 06:00:00,1172.0,28.5
2022-08-21 07:00:00,1205.0,28.2
2022-08-21 08:00:00,1163.0,29.3
2022-08-21 09:00:00,1231.0,30.3
2022-08-21 10:00:00,1293.0,31.5
2022-08-21 11:00:00,1312.0,32.7
2022-08-21 12:00:00,1274.0,32.9
2022-08-21 13:00:00,1354.0,34.1
2022-08-21 14:00:00,1361.0,33.3
2022-08-21 15:00:00,1415.0,34.0
2022-08-21 16:00:00,1448.0,35.2
2022-08-21 17:00:00,1455.0,34.8
2022-08-21 18:00:00,1340.0,34.1
2022-08-21 19:00:00,1281.0,32.6
2022-08-21 20:00:00,1445.0,31.3
2022-08-21 21:00:00,1576.0,31.0
2022-08-21 22:00:00,1489.0,30.8
2022-08-21 23:00:00,1406.0,30.1
2022-08-22 00:00:00,1340.0,29.4
2022-08-22 01:00:00,1315.0,28.9
2022-08-22 02:00:00,1300.0,28.5
2022-08-22 03:00:00,1222.0,28.1
2022-08-22 04:00:00,1177.0,27.8
2022-08-22 05:00:00,1148.0,27.7
2022-08-22 06:00:00,1117.0,26.8
2022-08-22 07:00:00,1121.0,27.0
2022-08-22 08:00:00,1210.0,29.0
2022-08-22 09:00:00,1238.0,30.2
2022-08-22 10:00:00,1313.0,31.3
2022-08-22 11:00:00,1328.0,33.3
2022-08-22 12:00:00,1357.0,34.0
2022-08-22 13:00:00,1432.0,35.0
2022-08-22 14:00:00,1476.0,34.9
2022-08-22 15:00:00,1442.0,35.4
2022-08-22 16:00:00,1401.0,35.3
2022-08-22 17:00:00,1439.0,34.3
2022-08-22 18:00:00,1404.0,34.7
2022-08-22 19:00:00,1314.0,33.3
2022-08-22 20:00:00,1425.0,31.9
2022-08-22 21:00:00,1472.0,29.8
2022-08-22 22:00:00,1457.0,28.6
2022-08-22 23:00:00,1360.0,27.8
2022-08-23 00:00:00,1267.0,29.1
2022-08-23 01:00:00,1313.0,29.7
2022-08-23 02:00:00,1270.0,28.9
2022-08-23 03:00:00,1214.0,28.6
2022-08-23 04:00:00,1173.0,28.2
2022-08-23 05:00:00,1112.0,27.9
2022-08-23 06:00:00,1117.0,27.9
2022-08-23 07:00:00,1105.0,26.9
2022-08-23 08:00:00,1129.0,29.7
2022-08-23 09:00:00,1283.0,30.8
2022-08-23 10:00:00,1336.0,32.3
2022-08-23 11:00:00,1395.0,34.1
2022-08-23 12:00:00,1397.0,36.0
2022-08-23 13:00:00,1398.0,35.6
2022-08-23 14:00:00,1442.0,36.5
2022-08-23 15:00:00,1529.0,37.3
2022-08-23 16:00:00,1515.0,38.3
2022-08-23 17:00:00,1499.0,37.9
2022-08-23 18:00:00,1409.0,36.4
2022-08-23 19:00:00,1338.0,33.8
2022-08-23 20:00:00,1506.0,32.4
2022-08-23 21:00:00,1602.0,31.0
2022-08-23 22:00:00,1550.0,31.2
2022-08-23 23:00:00,1393.0,30.0
2022-08-24 00:00:00,1343.0,30.2
2022-08-24 01:00:00,1342.0,28.8
2022-08-24 02:00:00,1337.0,28.8
2022-08-24 03:00:00,1238.0,28.4
2022-08-24 04:00:00,1200.0,28.1
2022-08-24 05:00:00,1152.0,28.3
2022-08-24 06:00:00,1139.0,27.8
2022-08-24 07:00:00,1118.0,27.3
2022-08-24 08:00:00,1155.0,28.6
2022-08-24 09:00:00,1297.0,30.0
2022-08-24 10:00:00,1299.0,30.6
2022-08-24 11:00:00,1388.0,31.8
2022-08-24 12:00:00,1336.0,33.6
2022-08-24 13:00:00,1445.0,34.9
2022-08-24 14:00:00,1439.0,35.2
2022-08-24 15:00:00,1471.0,33.9
2022-08-24 16:00:00,1428.0,33.5
2022-08-24 17:00:00,1460.0,36.0
2022-08-24 18:00:00,1402.0,35.4
2022-08-24 19:00:00,1345.0,34.0
2022-08-24 20:00:00,1480.0,31.1
2022-08-24 21:00:00,1528.0,30.3
2022-08-24 22:00:00,1464.0,30.2
2022-08-24 23:00:00,1381.0,30.9
2022-08-25 00:00:00,1296.0,30.0
2022-08-25 01:00:00,1343.0,29.7
2022-08-25 02:00:00,1259.0,28.9
2022-08-25 03:00:00,1186.0,27.9
2022-08-25 04:00:00,1161.0,27.0
2022-08-25 05:00:00,1072.0,26.5
2022-08-25 06:00:00,1063.0,26.0
2022-08-25 07:00:00,1098.0,26.1
2022-08-25 08:00:00,1181.0,28.0
2022-08-25 09:00:00,1311.0,29.9
2022-08-25 10:00:00,1355.0,31.7
2022-08-25 11:00:00,1402.0,33.4
2022-08-25 12:00:00,1432.0,34.4
2022-08-25 13:00:00,1385.0,35.5
2022-08-25 14:00:00,1491.0,35.7
2022-08-25 15:00:00,1517.0,35.7
2022-08-25 16:00:00,1477.0,31.0
2022-08-25 17:00:00,1476.0,31.6
2022-08-25 18:00:00,1326.0,33.5
2022-08-25 19:00:00,1284.0,25.9
2022-08-25 20:00:00,1439.0,26.2
2022-08-25 21:00:00,1443.0,26.2
2022-08-25 22:00:00,1400.0,27.9
2022-08-25 23:00:00,1296.0,27.3
2022-08-26 00:00:00,1312.0,27.5
2022-08-26 01:00:00,1269.0,26.5
2022-08-26 02:00:00,1195.0,25.9
2022-08-26 03:00:00,1124.0,25.7
2022-08-26 04:00:00,1090.0,25.4
2022-08-26 05:00:00,1066.0,25.0
2022-08-26 06:00:00,1083.0,24.7
2022-08-26 07:00:00,1061.0,24.6
2022-08-26 08:00:00,1171.0,27.9
2022-08-26 09:00:00,1313.0,29.2
2022-08-26 10:00:00,1360.0,30.7
2022-08-26 11:00:00,1375.0,32.8
2022-08-26 12:00:00,1355.0,33.4
2022-08-26 13:00:00,1392.0,34.4
2022-08-26 14:00:00,1468.0,35.2
2022-08-26 15:00:00,1597.0,36.1
2022-08-26 16:00:00,1498.0,35.1
2022-08-26 17:00:00,1486.0,34.7
2022-08-26 18:00:00,1363.0,33.2
2022-08-26 19:00:00,1283.0,32.5
2022-08-26 20:00:00,1393.0,31.7
2022-08-26 21:00:00,1446.0,30.8
2022-08-26 22:00:00,1394.0,30.0
2022-08-26 23:00:00,1280.0,29.6
2022-08-27 00:00:00,1283.0,29.0
2022-08-27 01:00:00,1194.0,28.2
2022-08-27 02:00:00,1160.0,27.6
2022-08-27 03:00:00,1116.0,27.4
2022-08-27 04:00:00,1082.0,27.1
2022-08-27 05:00:00,1062.0,27.0
2022-08-27 06:00:00,1049.0,26.7
2022-08-27 07:00:00,1088.0,26.5
2022-08-27 08:00:00,1103.0,27.6
2022-08-27 09:00:00,1205.0,29.3
2022-08-27 10:00:00,1267.0,29.9
2022-08-27 11:00:00,1289.0,31.5
2022-08-27 12:00:00,1245.0,32.5
2022-08-27 13:00:00,1300.0,34.3
2022-08-27 14:00:00,1417.0,34.7
2022-08-27 15:00:00,1505.0,34.3
2022-08-27 16:00:00,1482.0,33.3
2022-08-27 17:00:00,1494.0,33.2
2022-08-27 18:00:00,1362.0,32.8
2022-08-27 19:00:00,1262.0,31.6
2022-08-27 20:00:00,1441.0,30.2
2022-08-27 21:00:00,1413.0,30.5
2022-08-27 22:00:00,1426.0,30.0
2022-08-27 23:00:00,1294.0,30.2
2022-08-28 00:00:00,1366.0,28.3
2022-08-28 01:00:00,1265.0,26.7
2022-08-28 02:00:00,1199.0,26.4
2022-08-28 03:00:00,1150.0,26.7
2022-08-28 04:00:00,1105.0,26.7
2022-08-28 05:00:00,1089.0,25.6
2022-08-28 06:00:00,1053.0,25.8
2022-08-28 07:00:00,1092.0,25.7
2022-08-28 08:00:00,1140.0,28.3
2022-08-28 09:00:00,1209.0,29.4
2022-08-28 10:00:00,1272.0,31.4
2022-08-28 11:00:00,1285.0,32.8
2022-08-28 12:00:00,1276.0,33.7
2022-08-28 13:00:00,1292.0,34.0
2022-08-28 14:00:00,1362.0,35.4
2022-08-28 15:00:00,1476.0,36.0
2022-08-28 16:00:00,1459.0,35.6
2022-08-28 17:00:00,1506.0,35.5
2022-08-28 18:00:00,1360.0,34.8
2022-08-28 19:00:00,1315.0,33.7
2022-08-28 20:00:00,1454.0,32.6
2022-08-28 21:00:00,1535.0,32.9
2022-08-28 22:00:00,1452.0,32.5
2022-08-28 23:00:00,1387.0,32.1
2022-08-29 00:00:00,1412.0,31.9
2022-08-29 01:00:00,1310.0,31.2
2022-08-29 02:00:00,1253.0,30.4
2022-08-29 03:00:00,1174.0,29.2
2022-08-29 04:00:00,1128.0,29.3
2022-08-29 05:00:00,1078.0,27.8
2022-08-29 06:00:00,1085.0,26.9
2022-08-29 07:00:00,1122.0,26.3
2022-08-29 08:00:00,1180.0,29.3
2022-08-29 09:00:00,1311.0,31.4
2022-08-29 10:00:00,1375.0,31.2
2022-08-29 11:00:00,1340.0,33.6
2022-08-29 12:00:00,1330.0,34.0
2022-08-29 13:00:00,1419.0,35.4
2022-08-29 14:00:00,1455.0,36.5
2022-08-29 15:00:00,1501.0,37.0
2022-08-29 16:00:00,1516.0,36.3
2022-08-29 17:00:00,1533.0,36.1
2022-08-29 18:00:00,1376.0,35.5
2022-08-29 19:00:00,1279.0,34.1
2022-08-29 20:00:00,1455.0,32.3
2022-08-29 21:00:00,1412.0,30.2
2022-08-29 22:00:00,1391.0,28.5
2022-08-29 23:00:00,1248.0,26.8
2022-08-30 00:00:00,1248.0,25.4
2022-08-30 01:00:00,1185.0,24.3
2022-08-30 02:00:00,1106.0,23.5
2022-08-30 03:00:00,1024.0,22.8
2022-08-30 04:00:00,1032.0,22.3
2022-08-30 05:00:00,982.0,21.9
2022-08-30 06:00:00,981.0,22.1
2022-08-30 07:00:00,973.0,22.3
2022-08-30 08:00:00,1038.0,22.5
2022-08-30 09:00:00,1108.0,23.7
2022-08-30 10:00:00,1175.0,25.6
2022-08-30 11:00:00,1107.0,28.1
2022-08-30 12:00:00,1139.0,30.0
2022-08-30 13:00:00,1185.0,31.2
2022-08-30 14:00:00,1201.0,31.6
2022-08-30 15:00:00,1337.0,32.5
2022-08-30 16:00:00,1274.0,31.9
2022-08-30 17:00:00,1296.0,29.9
2022-08-30 18:00:00,1165.0,26.6
2022-08-30 19:00:00,1074.0,24.8
2022-08-30 20:00:00,1141.0,23.2
2022-08-30 21:00:00,1098.0,22.6
2022-08-30 22:00:00,994.0,22.7
2022-08-30 23:00:00,908.0,22.3
2022-08-31 00:00:00,950.0,22.2
2022-08-31 01:00:00,891.0,22.0
2022-08-31 02:00:00,891.0,21.6
2022-08-31 03:00:00,874.0,21.5
2022-08-31 04:00:00,874.0,21.3
2022-08-31 05:00:00,870.0,21.1
2022-08-31 06:00:00,895.0,20.9
2022-08-31 07:00:00,992.0,20.8
2022-08-31 08:00:00,975.0,21.0
2022-08-31 09:00:00,1105.0,21.1
2022-08-31 10:00:00,1096.0,20.8
2022-08-31 11:00:00,948.0,21.1
2022-08-31 12:00:00,957.0,21.2
2022-08-31 13:00:00,965.0,21.8
2022-08-31 14:00:00,966.0,22.2
2022-08-31 15:00:00,1012.0,22.2
2022-08-31 16:00:00,1091.0,22.1
2022-08-31 17:00:00,1179.0,22.3
2022-08-31 18:00:00,1048.0,22.4
2022-08-31 19:00:00,1030.0,22.2
2022-08-31 20:00:00,1100.0,22.1
2022-08-31 21:00:00,1030.0,21.9
2022-08-31 22:00:00,914.0,21.6
2022-08-31 23:00:00,836.0,21.7
2022-09-01 00:00:00,895.0,21.7
2022-09-01 01:00:00,838.0,21.4
2022-09-01 02:00:00,814.0,21.2
2022-09-01 03:00:00,832.0,20.9
2022-09-01 04:00:00,805.0,21.0
2022-09-01 05:00:00,795.0,20.7
2022-09-01 06:00:00,904.0,20.3
2022-09-01 07:00:00,959.0,20.5
2022-09-01 08:00:00,977.0,21.4
2022-09-01 09:00:00,1057.0,23.7
2022-09-01 10:00:00,1102.0,24.7
2022-09-01 11:00:00,981.0,26.5
2022-09-01 12:00:00,967.0,28.1
2022-09-01 13:00:00,1015.0,28.9
2022-09-01 14:00:00,999.0,29.7
2022-09-01 15:00:00,1130.0,30.9
2022-09-01 16:00:00,1150.0,30.8
2022-09-01 17:00:00,1199.0,30.8
2022-09-01 18:00:00,1034.0,30.1
2022-09-01 19:00:00,1069.0,28.8
2022-09-01 20:00:00,1125.0,26.9
2022-09-01 21:00:00,1082.0,26.0
2022-09-01 22:00:00,973.0,25.3
2022-09-01 23:00:00,846.0,24.8
2022-09-02 00:00:00,938.0,23.4
2022-09-02 01:00:00,887.0,23.3
2022-09-02 02:00:00,896.0,23.2
2022-09-02 03:00:00,846.0,22.6
2022-09-02 04:00:00,846.0,22.2
2022-09-02 05:00:00,857.0,21.8
2022-09-02 06:00:00,886.0,21.5
2022-09-02 07:00:00,980.0,21.7
2022-09-02 08:00:00,976.0,21.8
2022-09-02 09:00:00,1073.0,23.7
2022-09-02 10:00:00,1095.0,26.7
2022-09-02 11:00:00,1041.0,26.9
2022-09-02 12:00:00,975.0,28.8
2022-09-02 13:00:00,1005.0,28.3
2022-09-02 14:00:00,995.0,30.1
2022-09-02 15:00:00,1104.0,30.8
2022-09-02 16:00:00,1125.0,30.4
2022-09-02 17:00:00,1150.0,30.3
2022-09-02 18:00:00,1104.0,29.8
2022-09-02 19:00:00,1051.0,28.2
2022-09-02 20:00:00,1165.0,25.6
2022-09-02 21:00:00,1050.0,23.9
2022-09-02 22:00:00,974.0,23.2
2022-09-02 23:00:00,879.0,23.5
2022-09-03 00:00:00,961.0,23.1
2022-09-03 01:00:00,878.0,23.8
2022-09-03 02:00:00,853.0,23.5
2022-09-03 03:00:00,867.0,23.1
2022-09-03 04:00:00,840.0,22.1
2022-09-03 05:00:00,836.0,22.0
2022-09-03 06:00:00,882.0,21.8
2022-09-03 07:00:00,972.0,21.8
2022-09-03 08:00:00,1002.0,22.3
2022-09-03 09:00:00,1084.0,24.4
2022-09-03 10:00:00,1119.0,27.7
2022-09-03 11:00:00,1096.0,28.2
2022-09-03 12:00:00,990.0,29.6
2022-09-03 13:00:00,998.0,30.2
2022-09-03 14:00:00,986.0,32.0
2022-09-03 15:00:00,1130.0,31.9
2022-09-03 16:00:00,1120.0,31.7
2022-09-03 17:00:00,1148.0,30.2
2022-09-03 18:00:00,1067.0,29.6
2022-09-03 19:00:00,1191.0,28.5
2022-09-03 20:00:00,1145.0,27.7
2022-09-03 21:00:00,1095.0,27.2
2022-09-03 22:00:00,985.0,26.1
2022-09-03 23:00:00,903.0,24.9
2022-09-04 00:00:00,986.0,24.2
2022-09-04 01:00:00,895.0,23.6
2022-09-04 02:00:00,897.0,22.8
2022-09-04 03:00:00,891.0,22.3
2022-09-04 04:00:00,845.0,20.7
2022-09-04 05:00:00,887.0,20.3
2022-09-04 06:00:00,858.0,19.3
2022-09-04 07:00:00,960.0,19.2
2022-09-04 08:00:00,1070.0,22.8
2022-09-04 09:00:00,1095.0,25.5
2022-09-04 10:00:00,1104.0,27.4
2022-09-04 11:00:00,1077.0,29.1
2022-09-04 12:00:00,1079.0,29.8
2022-09-04 13:00:00,1010.0,30.3
2022-09-04 14:00:00,1006.0,30.8
2022-09-04 15:00:00,1109.0,31.8
2022-09-04 16:00:00,1107.0,31.8
2022-09-04 17:00:00,1201.0,31.9
2022-09-04 18:00:00,1115.0,31.3
2022-09-04 19:00:00,1114.0,29.1
2022-09-04 20:00:00,1188.0,26.5
2022-09-04 21:00:00,1091.0,24.5
2022-09-04 22:00:00,990.0,22.7
2022-09-04 23:00:00,895.0,22.3
2022-09-05 00:00:00,964.0,21.1
2022-09-05 01:00:00,894.0,20.2
2022-09-05 02:00:00,851.0,19.5
2022-09-05 03:00:00,856.0,18.7
2022-09-05 04:00:00,835.0,18.7
2022-09-05 05:00:00,858.0,18.6
2022-09-05 06:00:00,930.0,17.9
2022-09-05 07:00:00,1004.0,18.3
2022-09-05 08:00:00,1019.0,21.2
2022-09-05 09:00:00,1131.0,24.9
2022-09-05 10:00:00,1127.0,27.2
2022-09-05 11:00:00,1119.0,30.9
2022-09-05 12:00:00,1044.0,31.4
2022-09-05 13:00:00,1043.0,33.3
2022-09-05 14:00:00,1060.0,34.3
2022-09-05 15:00:00,1163.0,34.7
2022-09-05 16:00:00,1143.0,35.5
2022-09-05 17:00:00,1241.0,35.2
2022-09-05 18:00:00,1127.0,34.0
2022-09-05 19:00:00,1108.0,31.0
2022-09-05 20:00:00,1168.0,27.4
2022-09-05 21:00:00,1121.0,25.2
2022-09-05 22:00:00,1028.0,24.0
2022-09-05 23:00:00,885.0,23.4
2022-09-06 00:00:00,1008.0,21.6
2022-09-06 01:00:00,951.0,21.5
2022-09-06 02:00:00,915.0,20.3
2022-09-06 03:00:00,894.0,19.2
2022-09-06 04:00:00,901.0,18.2
2022-09-06 05:00:00,877.0,17.6
2022-09-06 06:00:00,937.0,17.2
2022-09-06 07:00:00,1059.0,17.6
2022-09-06 08:00:00,1056.0,22.0
2022-09-06 09:00:00,1138.0,25.6
2022-09-06 10:00:00,1162.0,28.1
2022-09-06 11:00:00,1079.0,31.4
2022-09-06 12:00:00,1080.0,34.1
2022-09-06 13:00:00,1050.0,35.6
2022-09-06 14:00:00,1070.0,36.3
2022-09-06 15:00:00,1193.0,36.3
2022-09-06 16:00:00,1186.0,36.2
2022-09-06 17:00:00,1221.0,36.0
2022-09-06 18:00:00,1165.0,34.9
2022-09-06 19:00:00,1149.0,31.3
2022-09-06 20:00:00,1193.0,27.2
2022-09-06 21:00:00,1141.0,25.7
2022-09-06 22:00:00,1045.0,26.7
2022-09-06 23:00:00,907.0,26.6
2022-09-07 00:00:00,961.0,24.4
2022-09-07 01:00:00,937.0,22.6
2022-09-07 02:00:00,902.0,22.5
2022-09-07 03:00:00,871.0,20.6
2022-09-07 04:00:00,851.0,20.0
2022-09-07 05:00:00,852.0,19.4
2022-09-07 06:00:00,882.0,19.4
2022-09-07 07:00:00,1013.0,19.1
2022-09-07 08:00:00,1017.0,23.2
2022-09-07 09:00:00,1102.0,26.4
2022-09-07 10:00:00,1159.0,28.3
2022-09-07 11:00:00,1095.0,32.6
2022-09-07 12:00:00,1081.0,34.3
2022-09-07 13:00:00,1094.0,35.6
2022-09-07 14:00:00,1048.0,36.4
2022-09-07 15:00:00,1236.0,37.5
2022-09-07 16:00:00,1210.0,37.4
2022-09-07 17:00:00,1256.0,36.5
2022-09-07 18:00:00,1201.0,35.2
2022-09-07 19:00:00,1111.0,31.7
2022-09-07 20:00:00,1235.0,28.5
2022-09-07 21:00:00,1173.0,28.2
2022-09-07 22:00:00,1145.0,28.4
2022-09-07 23:00:00,1007.0,28.9
2022-09-08 00:00:00,1063.0,28.5
2022-09-08 01:00:00,1051.0,27.8
2022-09-08 02:00:00,1039.0,26.9
2022-09-08 03:00:00,1016.0,26.6
2022-09-08 04:00:00,953.0,26.0
2022-09-08 05:00:00,982.0,25.3
2022-09-08 06:00:00,999.0,25.0
2022-09-08 07:00:00,1093.0,24.8
2022-09-08 08:00:00,1110.0,25.7
2022-09-08 09:00:00,1226.0,28.2
2022-09-08 10:00:00,1220.0,30.4
2022-09-08 11:00:00,1192.0,32.6
2022-09-08 12:00:00,1145.0,34.1
2022-09-08 13:00:00,1190.0,35.2
2022-09-08 14:00:00,1189.0,35.6
2022-09-08 15:00:00,1302.0,35.0
2022-09-08 16:00:00,1286.0,34.8
2022-09-08 17:00:00,1292.0,34.4
2022-09-08 18:00:00,1205.0,33.0
2022-09-08 19:00:00,1205.0,31.6
2022-09-08 20:00:00,1296.0,29.0
2022-09-08 21:00:00,1269.0,28.7
2022-09-08 22:00:00,1265.0,29.4
2022-09-08 23:00:00,1118.0,29.1
2022-09-09 00:00:00,1211.0,26.3
2022-09-09 01:00:00,1096.0,26.1
2022-09-09 02:00:00,1080.0,26.2
2022-09-09 03:00:00,1035.0,24.3
2022-09-09 04:00:00,993.0,23.4
2022-09-09 05:00:00,976.0,22.8
2022-09-09 06:00:00,1045.0,21.8
2022-09-09 07:00:00,1061.0,21.6
2022-09-09 08:00:00,1100.0,24.4
2022-09-09 09:00:00,1208.0,27.5
2022-09-09 10:00:00,1252.0,30.6
2022-09-09 11:00:00,1229.0,31.6
2022-09-09 12:00:00,1146.0,33.9
2022-09-09 13:00:00,1256.0,34.6
2022-09-09 14:00:00,1144.0,35.3
2022-09-09 15:00:00,1300.0,36.1
2022-09-09 16:00:00,1324.0,36.6
2022-09-09 17:00:00,1330.0,34.0
2022-09-09 18:00:00,1187.0,33.2
2022-09-09 19:00:00,1219.0,31.6
2022-09-09 20:00:00,1297.0,30.0
2022-09-09 21:00:00,1300.0,29.7
2022-09-09 22:00:00,1284.0,29.2
2022-09-09 23:00:00,1154.0,27.8
2022-09-10 00:00:00,1251.0,27.7
2022-09-10 01:00:00,1125.0,26.5
2022-09-10 02:00:00,1097.0,25.4
2022-09-10 03:00:00,1019.0,23.6
2022-09-10 04:00:00,1000.0,24.1
2022-09-10 05:00:00,1003.0,23.8
2022-09-10 06:00:00,965.0,23.1
2022-09-10 07:00:00,1051.0,22.9
2022-09-10 08:00:00,1023.0,24.6
2022-09-10 09:00:00,1094.0,26.1
2022-09-10 10:00:00,1147.0,27.3
2022-09-10 11:00:00,1080.0,29.1
2022-09-10 12:00:00,1050.0,31.0
2022-09-10 13:00:00,1063.0,32.2
2022-09-10 14:00:00,1073.0,33.4
2022-09-10 15:00:00,1191.0,34.0
2022-09-10 16:00:00,1242.0,34.8
2022-09-10 17:00:00,1218.0,34.2
2022-09-10 18:00:00,1098.0,33.0
2022-09-10 19:00:00,1132.0,31.5
2022-09-10 20:00:00,1222.0,29.9
2022-09-10 21:00:00,1205.0,29.0
2022-09-10 22:00:00,1178.0,28.6
2022-09-10 23:00:00,1070.0,27.1
2022-09-11 00:00:00,1144.0,26.1
2022-09-11 01:00:00,1061.0,26.2
2022-09-11 02:00:00,1026.0,25.1
2022-09-11 03:00:00,1020.0,25.4
2022-09-11 04:00:00,969.0,24.4
2022-09-11 05:00:00,933.0,23.9
2022-09-11 06:00:00,935.0,23.1
2022-09-11 07:00:00,1030.0,23.5
2022-09-11 08:00:00,1066.0,24.6
2022-09-11 09:00:00,1118.0,27.3
2022-09-11 10:00:00,1191.0,30.0
2022-09-11 11:00:00,1196.0,32.0
2022-09-11 12:00:00,1151.0,32.6
2022-09-11 13:00:00,1193.0,34.0
2022-09-11 14:00:00,1203.0,34.4
2022-09-11 15:00:00,1332.0,33.9
2022-09-11 16:00:00,1324.0,33.3
2022-09-11 17:00:00,1356.0,33.3
2022-09-11 18:00:00,1239.0,31.9
2022-09-11 19:00:00,1257.0,29.9
2022-09-11 20:00:00,1325.0,29.6
2022-09-11 21:00:00,1261.0,28.5
2022-09-11 22:00:00,1182.0,26.4
2022-09-11 23:00:00,1118.0,25.0
2022-09-12 00:00:00,1168.0,23.7
2022-09-12 01:00:00,1100.0,22.8
2022-09-12 02:00:00,1075.0,23.2
2022-09-12 03:00:00,1017.0,22.0
2022-09-12 04:00:00,982.0,21.7
2022-09-12 05:00:00,961.0,21.5
2022-09-12 06:00:00,990.0,20.8
2022-09-12 07:00:00,1089.0,21.1
2022-09-12 08:00:00,1098.0,23.2
2022-09-12 09:00:00,1131.0,26.4
2022-09-12 10:00:00,1246.0,28.4
2022-09-12 11:00:00,1199.0,30.4
2022-09-12 12:00:00,1157.0,32.3
2022-09-12 13:00:00,1191.0,34.1
2022-09-12 14:00:00,1205.0,35.8
2022-09-12 15:00:00,1312.0,36.2
2022-09-12 16:00:00,1319.0,36.1
2022-09-12 17:00:00,1354.0,35.6
2022-09-12 18:00:00,1237.0,34.1
2022-09-12 19:00:00,1233.0,31.8
2022-09-12 20:00:00,1405.0,30.5
2022-09-12 21:00:00,1301.0,29.3
2022-09-12 22:00:00,1215.0,28.7
2022-09-12 23:00:00,1120.0,27.3
2022-09-13 00:00:00,1221.0,26.3
2022-09-13 01:00:00,1132.0,24.9
2022-09-13 02:00:00,1089.0,23.6
2022-09-13 03:00:00,1075.0,23.0
2022-09-13 04:00:00,1036.0,22.3
2022-09-13 05:00:00,1004.0,21.7
2022-09-13 06:00:00,1048.0,20.9
2022-09-13 07:00:00,1106.0,20.9
2022-09-13 08:00:00,1161.0,22.5
2022-09-13 09:00:00,1236.0,26.9
2022-09-13 10:00:00,1337.0,29.1
2022-09-13 11:00:00,1268.0,30.5
2022-09-13 12:00:00,1185.0,33.1
2022-09-13 13:00:00,1210.0,33.3
2022-09-13 14:00:00,1221.0,33.9
2022-09-13 15:00:00,1333.0,34.7
2022-09-13 16:00:00,1359.0,34.2
2022-09-13 17:00:00,1389.0,33.0
2022-09-13 18:00:00,1243.0,32.6
2022-09-13 19:00:00,1247.0,30.6
2022-09-13 20:00:00,1332.0,28.9
2022-09-13 21:00:00,1321.0,28.6
2022-09-13 22:00:00,1205.0,28.2
2022-09-13 23:00:00,1092.0,27.4
2022-09-14 00:00:00,1148.0,26.8
2022-09-14 01:00:00,1143.0,25.9
2022-09-14 02:00:00,1063.0,25.8
2022-09-14 03:00:00,1033.0,24.9
2022-09-14 04:00:00,1027.0,23.7
2022-09-14 05:00:00,1027.0,23.7
2022-09-14 06:00:00,1026.0,23.1
2022-09-14 07:00:00,1117.0,23.5
2022-09-14 08:00:00,1164.0,23.9
2022-09-14 09:00:00,1237.0,25.6
2022-09-14 10:00:00,1248.0,26.5
2022-09-14 11:00:00,1204.0,28.6
2022-09-14 12:00:00,1112.0,30.6
2022-09-14 13:00:00,1166.0,31.7
2022-09-14 14:00:00,1139.0,32.3
2022-09-14 15:00:00,1288.0,32.5
2022-09-14 16:00:00,1267.0,32.7
2022-09-14 17:00:00,1292.0,32.0
2022-09-14 18:00:00,1188.0,30.5
2022-09-14 19:00:00,1202.0,28.4
2022-09-14 20:00:00,1251.0,27.1
2022-09-14 21:00:00,1221.0,25.9
2022-09-14 22:00:00,1105.0,26.0
2022-09-14 23:00:00,1000.0,25.8
2022-09-15 00:00:00,1119.0,24.9
2022-09-15 01:00:00,1063.0,24.5
2022-09-15 02:00:00,1030.0,24.4
2022-09-15 03:00:00,1027.0,23.0
2022-09-15 04:00:00,985.0,23.2
2022-09-15 05:00:00,982.0,22.8
2022-09-15 06:00:00,1034.0,22.9
2022-09-15 07:00:00,1128.0,22.6
2022-09-15 08:00:00,1133.0,23.9
2022-09-15 09:00:00,1263.0,26.5
2022-09-15 10:00:00,1315.0,29.4
2022-09-15 11:00:00,1239.0,30.0
2022-09-15 12:00:00,1184.0,31.5
2022-09-15 13:00:00,1128.0,32.2
2022-09-15 14:00:00,1175.0,32.1
2022-09-15 15:00:00,1301.0,33.2
2022-09-15 16:00:00,1329.0,32.0
2022-09-15 17:00:00,1397.0,31.9
2022-09-15 18:00:00,1219.0,31.3
2022-09-15 19:00:00,1225.0,29.1
2022-09-15 20:00:00,1357.0,28.2
2022-09-15 21:00:00,1224.0,27.3
2022-09-15 22:00:00,1170.0,25.8
2022-09-15 23:00:00,1056.0,25.2
2022-09-16 00:00:00,1152.0,24.1
2022-09-16 01:00:00,1090.0,23.5
2022-09-16 02:00:00,1077.0,23.4
2022-09-16 03:00:00,1047.0,22.5
2022-09-16 04:00:00,1042.0,22.7
2022-09-16 05:00:00,996.0,22.9
2022-09-16 06:00:00,1072.0,22.5
2022-09-16 07:00:00,1168.0,22.7
2022-09-16 08:00:00,1188.0,23.1
2022-09-16 09:00:00,1285.0,25.5
2022-09-16 10:00:00,1342.0,28.5
2022-09-16 11:00:00,1207.0,29.9
2022-09-16 12:00:00,1168.0,30.8
2022-09-16 13:00:00,1170.0,33.1
2022-09-16 14:00:00,1204.0,32.3
2022-09-16 15:00:00,1327.0,34.1
2022-09-16 16:00:00,1363.0,33.6
2022-09-16 17:00:00,1385.0,34.0
2022-09-16 18:00:00,1285.0,32.2
2022-09-16 19:00:00,1269.0,30.3
2022-09-16 20:00:00,1373.0,28.7
2022-09-16 21:00:00,1293.0,27.4
2022-09-16 22:00:00,1200.0,25.6
2022-09-16 23:00:00,1103.0,24.9
2022-09-17 00:00:00,1198.0,25.1
2022-09-17 01:00:00,1148.0,25.1
2022-09-17 02:00:00,1097.0,23.9
2022-09-17 03:00:00,1054.0,23.2
2022-09-17 04:00:00,1024.0,22.9
2022-09-17 05:00:00,982.0,21.9
2022-09-17 06:00:00,1069.0,21.9
2022-09-17 07:00:00,1106.0,21.0
2022-09-17 08:00:00,1226.0,23.5
2022-09-17 09:00:00,1331.0,26.7
2022-09-17 10:00:00,1333.0,29.8
2022-09-17 11:00:00,1361.0,30.9
2022-09-17 12:00:00,1186.0,33.0
2022-09-17 13:00:00,1302.0,34.2
2022-09-17 14:00:00,1342.0,35.5
2022-09-17 15:00:00,1402.0,35.9
2022-09-17 16:00:00,1430.0,36.1
2022-09-17 17:00:00,1435.0,36.0
2022-09-17 18:00:00,1370.0,34.8
2022-09-17 19:00:00,1355.0,32.0
2022-09-17 20:00:00,1461.0,29.7
2022-09-17 21:00:00,1381.0,27.8
2022-09-17 22:00:00,1321.0,27.2
2022-09-17 23:00:00,1209.0,26.4
2022-09-18 00:00:00,1310.0,25.6
2022-09-18 01:00:00,1217.0,25.6
2022-09-18 02:00:00,1123.0,25.4
2022-09-18 03:00:00,1116.0,25.1
2022-09-18 04:00:00,1099.0,25.0
2022-09-18 05:00:00,1087.0,24.1
2022-09-18 06:00:00,1128.0,24.1
2022-09-18 07:00:00,1201.0,23.8
2022-09-18 08:00:00,1225.0,24.7
2022-09-18 09:00:00,1306.0,28.3
2022-09-18 10:00:00,1386.0,30.6
2022-09-18 11:00:00,1380.0,33.6
2022-09-18 12:00:00,1258.0,34.4
2022-09-18 13:00:00,1355.0,36.2
2022-09-18 14:00:00,1351.0,36.7
2022-09-18 15:00:00,1410.0,38.0
2022-09-18 16:00:00,1410.0,38.0
2022-09-18 17:00:00,1443.0,36.5
2022-09-18 18:00:00,1354.0,35.5
2022-09-18 19:00:00,1328.0,33.0
2022-09-18 20:00:00,1523.0,30.9
2022-09-18 21:00:00,1472.0,29.0
2022-09-18 22:00:00,1378.0,28.6
2022-09-18 23:00:00,1269.0,29.5
2022-09-19 00:00:00,1385.0,29.2
2022-09-19 01:00:00,1287.0,28.5
2022-09-19 02:00:00,1190.0,27.5
2022-09-19 03:00:00,1215.0,26.0
2022-09-19 04:00:00,1205.0,25.1
2022-09-19 05:00:00,1149.0,24.6
2022-09-19 06:00:00,1151.0,24.6
2022-09-19 07:00:00,1198.0,24.7
2022-09-19 08:00:00,1235.0,25.3
2022-09-19 09:00:00,1332.0,26.5
2022-09-19 10:00:00,1399.0,27.7
2022-09-19 11:00:00,1345.0,29.3
2022-09-19 12:00:00,1237.0,30.6
2022-09-19 13:00:00,1286.0,31.0
2022-09-19 14:00:00,1260.0,31.6
2022-09-19 15:00:00,1359.0,33.0
2022-09-19 16:00:00,1327.0,33.3
2022-09-19 17:00:00,1364.0,32.8
2022-09-19 18:00:00,1291.0,31.8
2022-09-19 19:00:00,1272.0,30.0
2022-09-19 20:00:00,1421.0,28.5
2022-09-19 21:00:00,1351.0,27.8
2022-09-19 22:00:00,1320.0,27.9
2022-09-19 23:00:00,1233.0,27.6
2022-09-20 00:00:00,1267.0,27.2
2022-09-20 01:00:00,1204.0,26.5
2022-09-20 02:00:00,1170.0,26.3
2022-09-20 03:00:00,1095.0,25.7
2022-09-20 04:00:00,1034.0,24.4
2022-09-20 05:00:00,1047.0,23.4
2022-09-20 06:00:00,1076.0,23.0
2022-09-20 07:00:00,1153.0,22.5
2022-09-20 08:00:00,1190.0,24.1
2022-09-20 09:00:00,1254.0,26.0
2022-09-20 10:00:00,1344.0,28.2
2022-09-20 11:00:00,1317.0,30.0
2022-09-20 12:00:00,1186.0,30.7
2022-09-20 13:00:00,1193.0,31.2
2022-09-20 14:00:00,1230.0,32.3
2022-09-20 15:00:00,1317.0,31.9
2022-09-20 16:00:00,1242.0,31.2
2022-09-20 17:00:00,1265.0,30.5
2022-09-20 18:00:00,1226.0,29.2
2022-09-20 19:00:00,1253.0,27.6
2022-09-20 20:00:00,1272.0,26.8
2022-09-20 21:00:00,1184.0,26.0
2022-09-20 22:00:00,1062.0,24.8
2022-09-20 23:00:00,927.0,24.2
2022-09-21 00:00:00,1038.0,23.3
2022-09-21 01:00:00,978.0,22.4
2022-09-21 02:00:00,911.0,22.1
2022-09-21 03:00:00,889.0,21.5
2022-09-21 04:00:00,858.0,20.9
2022-09-21 05:00:00,922.0,20.6
2022-09-21 06:00:00,944.0,20.5
2022-09-21 07:00:00,1074.0,19.9
2022-09-21 08:00:00,1041.0,20.4
2022-09-21 09:00:00,1125.0,21.6
2022-09-21 10:00:00,1129.0,22.2
2022-09-21 11:00:00,1066.0,23.9
2022-09-21 12:00:00,968.0,23.1
2022-09-21 13:00:00,980.0,24.2
2022-09-21 14:00:00,973.0,25.1
2022-09-21 15:00:00,1036.0,25.6
2022-09-21 16:00:00,1011.0,23.9
2022-09-21 17:00:00,1087.0,23.4
2022-09-21 18:00:00,1043.0,22.0
2022-09-21 19:00:00,1112.0,20.6
2022-09-21 20:00:00,1087.0,19.8
2022-09-21 21:00:00,1001.0,19.2
2022-09-21 22:00:00,907.0,18.8
2022-09-21 23:00:00,838.0,18.5
2022-09-22 00:00:00,905.0,18.2
2022-09-22 01:00:00,864.0,18.0
2022-09-22 02:00:00,829.0,17.7
2022-09-22 03:00:00,800.0,17.5
2022-09-22 04:00:00,796.0,17.4
2022-09-22 05:00:00,808.0,17.4
2022-09-22 06:00:00,847.0,17.4
2022-09-22 07:00:00,964.0,17.4
2022-09-22 08:00:00,988.0,17.7
2022-09-22 09:00:00,1046.0,18.3
2022-09-22 10:00:00,1085.0,18.3
2022-09-22 11:00:00,988.0,18.3
2022-09-22 12:00:00,898.0,20.2
2022-09-22 13:00:00,928.0,20.7
2022-09-22 14:00:00,906.0,22.0
2022-09-22 15:00:00,1005.0,21.5
2022-09-22 16:00:00,1000.0,21.1
2022-09-22 17:00:00,1052.0,20.5
2022-09-22 18:00:00,1029.0,19.8
2022-09-22 19:00:00,1080.0,19.1
2022-09-22 20:00:00,1116.0,18.9
2022-09-22 21:00:00,1010.0,18.7
2022-09-22 22:00:00,891.0,18.8
2022-09-22 23:00:00,761.0,18.6
2022-09-23 00:00:00,883.0,18.5
2022-09-23 01:00:00,866.0,18.5
2022-09-23 02:00:00,860.0,18.5
2022-09-23 03:00:00,816.0,18.5
2022-09-23 04:00:00,799.0,18.4
2022-09-23 05:00:00,804.0,18.4
2022-09-23 06:00:00,905.0,18.4
2022-09-23 07:00:00,1048.0,18.5
2022-09-23 08:00:00,1060.0,19.3
2022-09-23 09:00:00,1128.0,19.9
2022-09-23 10:00:00,1117.0,20.8
2022-09-23 11:00:00,1046.0,21.9
2022-09-23 12:00:00,956.0,22.1
2022-09-23 13:00:00,957.0,23.9
2022-09-23 14:00:00,932.0,25.2
2022-09-23 15:00:00,1064.0,25.2
2022-09-23 16:00:00,1068.0,23.8
2022-09-23 17:00:00,1113.0,22.6
2022-09-23 18:00:00,1083.0,22.1
2022-09-23 19:00:00,1131.0,21.7
2022-09-23 20:00:00,1152.0,21.4
2022-09-23 21:00:00,1089.0,21.5
2022-09-23 22:00:00,995.0,21.8
2022-09-23 23:00:00,893.0,21.7
2022-09-24 00:00:00,976.0,21.4
2022-09-24 01:00:00,930.0,20.8
2022-09-24 02:00:00,914.0,20.2
2022-09-24 03:00:00,909.0,20.3
2022-09-24 04:00:00,909.0,20.0
2022-09-24 05:00:00,895.0,19.4
2022-09-24 06:00:00,950.0,19.0
2022-09-24 07:00:00,1037.0,19.0
2022-09-24 08:00:00,1095.0,19.3
2022-09-24 09:00:00,1183.0,20.0
2022-09-24 10:00:00,1207.0,20.9
2022-09-24 11:00:00,1105.0,22.2
2022-09-24 12:00:00,992.0,22.7
2022-09-24 13:00:00,1001.0,23.6
2022-09-24 14:00:00,1010.0,23.7
2022-09-24 15:00:00,1140.0,23.8
2022-09-24 16:00:00,1119.0,23.2
2022-09-24 17:00:00,1212.0,22.2
2022-09-24 18:00:00,1086.0,21.2
2022-09-24 19:00:00,1167.0,20.4
2022-09-24 20:00:00,1163.0,20.1
2022-09-24 21:00:00,1049.0,20.0
2022-09-24 22:00:00,951.0,19.7
2022-09-24 23:00:00,898.0,19.3
2022-09-25 00:00:00,986.0,19.0
2022-09-25 01:00:00,952.0,18.6
2022-09-25 02:00:00,907.0,18.4
2022-09-25 03:00:00,867.0,18.2
2022-09-25 04:00:00,878.0,18.0
2022-09-25 05:00:00,862.0,17.8
2022-09-25 06:00:00,925.0,17.8
2022-09-25 07:00:00,1025.0,17.6
2022-09-25 08:00:00,1072.0,18.2
2022-09-25 09:00:00,1155.0,19.1
2022-09-25 10:00:00,1178.0,19.5
2022-09-25 11:00:00,1074.0,19.7
2022-09-25 12:00:00,942.0,21.0
2022-09-25 13:00:00,944.0,22.2
2022-09-25 14:00:00,991.0,21.8
2022-09-25 15:00:00,1139.0,23.0
2022-09-25 16:00:00,1126.0,23.0
2022-09-25 17:00:00,1174.0,22.5
2022-09-25 18:00:00,1108.0,22.1
2022-09-25 19:00:00,1198.0,21.4
2022-09-25 20:00:00,1177.0,20.8
2022-09-25 21:00:00,1076.0,20.1
2022-09-25 22:00:00,929.0,20.0
2022-09-25 23:00:00,862.0,19.5
2022-09-26 00:00:00,981.0,19.4
2022-09-26 01:00:00,903.0,19.2
2022-09-26 02:00:00,882.0,19.2
2022-09-26 03:00:00,863.0,18.9
2022-09-26 04:00:00,798.0,18.6
2022-09-26 05:00:00,845.0,18.2
2022-09-26 06:00:00,899.0,18.0
2022-09-26 07:00:00,1096.0,18.2
2022-09-26 08:00:00,1050.0,19.9
2022-09-26 09:00:00,1134.0,20.5
2022-09-26 10:00:00,1110.0,22.3
2022-09-26 11:00:00,1023.0,23.4
2022-09-26 12:00:00,939.0,26.0
2022-09-26 13:00:00,952.0,28.4
2022-09-26 14:00:00,966.0,28.7
2022-09-26 15:00:00,1080.0,28.4
2022-09-26 16:00:00,1128.0,28.7
2022-09-26 17:00:00,1145.0,28.7
2022-09-26 18:00:00,1084.0,27.4
2022-09-26 19:00:00,1129.0,26.4
2022-09-26 20:00:00,1162.0,25.3
2022-09-26 21:00:00,1066.0,24.6
2022-09-26 22:00:00,961.0,24.0
2022-09-26 23:00:00,868.0,23.1
2022-09-27 00:00:00,927.0,22.4
2022-09-27 01:00:00,892.0,21.5
2022-09-27 02:00:00,861.0,21.5
2022-09-27 03:00:00,844.0,21.1
2022-09-27 04:00:00,822.0,20.2
2022-09-27 05:00:00,801.0,20.0
2022-09-27 06:00:00,891.0,19.6
2022-09-27 07:00:00,995.0,19.5
2022-09-27 08:00:00,1007.0,22.1
2022-09-27 09:00:00,1130.0,24.5
2022-09-27 10:00:00,1150.0,27.2
2022-09-27 11:00:00,1033.0,28.7
2022-09-27 12:00:00,953.0,29.9
2022-09-27 13:00:00,965.0,31.8
2022-09-27 14:00:00,999.0,32.9
2022-09-27 15:00:00,1136.0,33.9
2022-09-27 16:00:00,1168.0,33.3
2022-09-27 17:00:00,1194.0,32.5
2022-09-27 18:00:00,1122.0,30.9
2022-09-27 19:00:00,1171.0,29.1
2022-09-27 20:00:00,1185.0,27.7
2022-09-27 21:00:00,1097.0,27.3
2022-09-27 22:00:00,980.0,25.9
2022-09-27 23:00:00,889.0,24.8
2022-09-28 00:00:00,968.0,23.4
2022-09-28 01:00:00,912.0,22.5
2022-09-28 02:00:00,931.0,21.8
2022-09-28 03:00:00,911.0,21.1
2022-09-28 04:00:00,908.0,20.0
2022-09-28 05:00:00,872.0,19.6
2022-09-28 06:00:00,984.0,19.0
2022-09-28 07:00:00,1097.0,19.3
2022-09-28 08:00:00,1110.0,20.2
2022-09-28 09:00:00,1212.0,21.6
2022-09-28 10:00:00,1207.0,23.4
2022-09-28 11:00:00,1076.0,24.9
2022-09-28 12:00:00,1028.0,26.9
2022-09-28 13:00:00,978.0,27.9
2022-09-28 14:00:00,1030.0,28.9
2022-09-28 15:00:00,1112.0,29.7
2022-09-28 16:00:00,1129.0,30.0
2022-09-28 17:00:00,1210.0,29.4
2022-09-28 18:00:00,1175.0,27.8
2022-09-28 19:00:00,1242.0,25.8
2022-09-28 20:00:00,1216.0,24.0
2022-09-28 21:00:00,1116.0,22.8
2022-09-28 22:00:00,988.0,21.4
2022-09-28 23:00:00,910.0,21.2
2022-09-29 00:00:00,992.0,21.2
2022-09-29 01:00:00,959.0,20.7
2022-09-29 02:00:00,921.0,19.4
2022-09-29 03:00:00,873.0,18.8
2022-09-29 04:00:00,879.0,18.1
2022-09-29 05:00:00,906.0,17.9
2022-09-29 06:00:00,943.0,18.0
2022-09-29 07:00:00,1106.0,17.5
2022-09-29 08:00:00,1098.0,19.4
2022-09-29 09:00:00,1162.0,23.5
2022-09-29 10:00:00,1170.0,25.6
2022-09-29 11:00:00,1107.0,27.8
2022-09-29 12:00:00,1076.0,30.2
2022-09-29 13:00:00,1043.0,32.0
2022-09-29 14:00:00,1058.0,33.0
2022-09-29 15:00:00,1225.0,34.0
2022-09-29 16:00:00,1230.0,33.9
2022-09-29 17:00:00,1268.0,33.1
2022-09-29 18:00:00,1240.0,31.9
2022-09-29 19:00:00,1264.0,29.3
2022-09-29 20:00:00,1267.0,27.4
2022-09-29 21:00:00,1171.0,25.1
2022-09-29 22:00:00,1092.0,24.7
2022-09-29 23:00:00,959.0,23.8
2022-09-30 00:00:00,1045.0,23.0
2022-09-30 01:00:00,961.0,22.7
2022-09-30 02:00:00,937.0,21.1
2022-09-30 03:00:00,898.0,21.5
2022-09-30 04:00:00,902.0,20.9
2022-09-30 05:00:00,892.0,20.3
2022-09-30 06:00:00,992.0,20.0
2022-09-30 07:00:00,1150.0,20.6
2022-09-30 08:00:00,1091.0,22.9
2022-09-30 09:00:00,1249.0,25.9
2022-09-30 10:00:00,1234.0,28.3
2022-09-30 11:00:00,1168.0,31.1
2022-09-30 12:00:00,1075.0,33.1
2022-09-30 13:00:00,1125.0,34.1
2022-09-30 14:00:00,1193.0,35.2
2022-09-30 15:00:00,1297.0,36.0
2022-09-30 16:00:00,1257.0,36.4
2022-09-30 17:00:00,1363.0,34.5
2022-09-30 18:00:00,1242.0,33.3
2022-09-30 19:00:00,1328.0,31.5
2022-09-30 20:00:00,1268.0,28.5
2022-09-30 21:00:00,1253.0,27.5
2022-09-30 22:00:00,1143.0,26.2
2022-09-30 23:00:00,1052.0,26.3
2022-10-01 00:00:00,1169.0,27.6
2022-10-01 01:00:00,1087.0,27.3
2022-10-01 02:00:00,1050.0,27.7
2022-10-01 03:00:00,975.0,25.2
2022-10-01 04:00:00,971.0,24.5
2022-10-01 05:00:00,934.0,24.2
2022-10-01 06:00:00,964.0,23.0
2022-10-01 07:00:00,1083.0,23.2
2022-10-01 08:00:00,1111.0,26.3
2022-10-01 09:00:00,1193.0,29.4
2022-10-01 10:00:00,1246.0,31.2
2022-10-01 11:00:00,1162.0,32.8
2022-10-01 12:00:00,1171.0,32.7
2022-10-01 13:00:00,1144.0,33.9
2022-10-01 14:00:00,1140.0,33.7
2022-10-01 15:00:00,1261.0,34.5
2022-10-01 16:00:00,1281.0,32.8
2022-10-01 17:00:00,1265.0,31.8
2022-10-01 18:00:00,1261.0,31.6
2022-10-01 19:00:00,1307.0,30.9
2022-10-01 20:00:00,1279.0,29.3
2022-10-01 21:00:00,1284.0,28.6
2022-10-01 22:00:00,1234.0,27.9
2022-10-01 23:00:00,1100.0,28.0
2022-10-02 00:00:00,1152.0,27.7
2022-10-02 01:00:00,1058.0,27.2
2022-10-02 02:00:00,997.0,26.7
2022-10-02 03:00:00,1030.0,26.1
2022-10-02 04:00:00,946.0,25.7
2022-10-02 05:00:00,967.0,25.9
2022-10-02 06:00:00,1018.0,26.1
2022-10-02 07:00:00,1066.0,25.1
2022-10-02 08:00:00,1138.0,27.7
2022-10-02 09:00:00,1220.0,28.7
2022-10-02 10:00:00,1279.0,30.0
2022-10-02 11:00:00,1219.0,31.1
2022-10-02 12:00:00,1180.0,31.3
2022-10-02 13:00:00,1195.0,32.0
2022-10-02 14:00:00,1216.0,34.0
2022-10-02 15:00:00,1336.0,34.2
2022-10-02 16:00:00,1334.0,34.0
2022-10-02 17:00:00,1358.0,33.4
2022-10-02 18:00:00,1273.0,32.3
2022-10-02 19:00:00,1345.0,31.0
2022-10-02 20:00:00,1353.0,29.3
2022-10-02 21:00:00,1316.0,27.1
2022-10-02 22:00:00,1182.0,26.5
2022-10-02 23:00:00,1130.0,26.1
2022-10-03 00:00:00,1188.0,26.7
2022-10-03 01:00:00,1123.0,27.1
2022-10-03 02:00:00,1060.0,26.0
2022-10-03 03:00:00,1048.0,26.3
2022-10-03 04:00:00,1035.0,26.1
2022-10-03 05:00:00,1014.0,24.4
2022-10-03 06:00:00,1010.0,24.4
2022-10-03 07:00:00,1137.0,23.1
2022-10-03 08:00:00,1152.0,26.8
2022-10-03 09:00:00,1299.0,29.4
2022-10-03 10:00:00,1291.0,30.5
2022-10-03 11:00:00,1295.0,32.4
2022-10-03 12:00:00,1244.0,33.8
2022-10-03 13:00:00,1199.0,35.0
2022-10-03 14:00:00,1281.0,35.6
2022-10-03 15:00:00,1411.0,36.4
2022-10-03 16:00:00,1416.0,36.5
2022-10-03 17:00:00,1452.0,36.0
2022-10-03 18:00:00,1321.0,34.7
2022-10-03 19:00:00,1383.0,33.3
2022-10-03 20:00:00,1438.0,28.8
2022-10-03 21:00:00,1368.0,27.7
2022-10-03 22:00:00,1264.0,27.2
2022-10-03 23:00:00,1220.0,26.7
2022-10-04 00:00:00,1232.0,27.0
2022-10-04 01:00:00,1187.0,27.0
2022-10-04 02:00:00,1125.0,25.9
2022-10-04 03:00:00,1074.0,25.0
2022-10-04 04:00:00,1011.0,24.6
2022-10-04 05:00:00,1014.0,23.3
2022-10-04 06:00:00,1044.0,22.8
2022-10-04 07:00:00,1112.0,23.3
2022-10-04 08:00:00,1120.0,26.8
2022-10-04 09:00:00,1261.0,29.1
2022-10-04 10:00:00,1290.0,31.4
2022-10-04 11:00:00,1251.0,33.2
2022-10-04 12:00:00,1199.0,33.6
2022-10-04 13:00:00,1227.0,34.7
2022-10-04 14:00:00,1235.0,33.5
2022-10-04 15:00:00,1390.0,32.6
2022-10-04 16:00:00,1387.0,30.7
2022-10-04 17:00:00,1364.0,29.0
2022-10-04 18:00:00,1266.0,25.3
2022-10-04 19:00:00,1248.0,22.4
2022-10-04 20:00:00,1226.0,20.5
2022-10-04 21:00:00,1117.0,19.8
2022-10-04 22:00:00,1022.0,19.5
2022-10-04 23:00:00,935.0,19.1
2022-10-05 00:00:00,1017.0,18.6
2022-10-05 01:00:00,969.0,17.8
2022-10-05 02:00:00,947.0,17.2
2022-10-05 03:00:00,931.0,16.5
2022-10-05 04:00:00,904.0,15.8
2022-10-05 05:00:00,880.0,15.2
2022-10-05 06:00:00,965.0,14.3
2022-10-05 07:00:00,1018.0,13.1
2022-10-05 08:00:00,1083.0,12.9
2022-10-05 09:00:00,1182.0,13.3
2022-10-05 10:00:00,1137.0,14.0
2022-10-05 11:00:00,1040.0,14.1
2022-10-05 12:00:00,962.0,14.3
2022-10-05 13:00:00,912.0,15.1
2022-10-05 14:00:00,981.0,16.2
2022-10-05 15:00:00,1079.0,17.1
2022-10-05 16:00:00,1097.0,17.2
2022-10-05 17:00:00,1133.0,17.9
2022-10-05 18:00:00,1090.0,16.3
2022-10-05 19:00:00,1147.0,14.8
2022-10-05 20:00:00,1170.0,14.3
2022-10-05 21:00:00,1063.0,14.0
2022-10-05 22:00:00,940.0,14.0
2022-10-05 23:00:00,855.0,13.7
2022-10-06 00:00:00,929.0,13.5
2022-10-06 01:00:00,916.0,13.1
2022-10-06 02:00:00,873.0,12.8
2022-10-06 03:00:00,843.0,12.5
2022-10-06 04:00:00,854.0,11.9
2022-10-06 05:00:00,832.0,11.6
2022-10-06 06:00:00,935.0,11.2
2022-10-06 07:00:00,1010.0,10.9
2022-10-06 08:00:00,1072.0,10.9
2022-10-06 09:00:00,1179.0,11.0
2022-10-06 10:00:00,1162.0,11.7
2022-10-06 11:00:00,1065.0,11.9
2022-10-06 12:00:00,1006.0,12.5
2022-10-06 13:00:00,1034.0,11.6
2022-10-06 14:00:00,1005.0,11.6
2022-10-06 15:00:00,1185.0,11.8
2022-10-06 16:00:00,1158.0,11.9
2022-10-06 17:00:00,1240.0,11.8
2022-10-06 18:00:00,1172.0,11.3
2022-10-06 19:00:00,1189.0,10.6
2022-10-06 20:00:00,1170.0,10.0
2022-10-06 21:00:00,1079.0,10.0
2022-10-06 22:00:00,975.0,10.0
2022-10-06 23:00:00,863.0,10.1
2022-10-07 00:00:00,930.0,9.9
2022-10-07 01:00:00,913.0,9.9
2022-10-07 02:00:00,862.0,9.9
2022-10-07 03:00:00,839.0,9.8
2022-10-07 04:00:00,817.0,9.8
2022-10-07 05:00:00,792.0,9.9
2022-10-07 06:00:00,893.0,9.8
2022-10-07 07:00:00,997.0,9.8
2022-10-07 08:00:00,1123.0,10.1
2022-10-07 09:00:00,1174.0,10.8
2022-10-07 10:00:00,1193.0,11.5
2022-10-07 11:00:00,1094.0,12.5
2022-10-07 12:00:00,1036.0,13.0
2022-10-07 13:00:00,1054.0,12.9
2022-10-07 14:00:00,1081.0,13.0
2022-10-07 15:00:00,1156.0,12.5
2022-10-07 16:00:00,1201.0,12.1
2022-10-07 17:00:00,1279.0,11.7
2022-10-07 18:00:00,1188.0,11.8
2022-10-07 19:00:00,1265.0,11.9
2022-10-07 20:00:00,1187.0,11.9
2022-10-07 21:00:00,1073.0,12.0
2022-10-07 22:00:00,968.0,11.8
2022-10-07 23:00:00,890.0,11.7
2022-10-08 00:00:00,932.0,11.6
2022-10-08 01:00:00,922.0,11.7
2022-10-08 02:00:00,864.0,11.7
2022-10-08 03:00:00,834.0,11.7
2022-10-08 04:00:00,838.0,11.7
2022-10-08 05:00:00,842.0,11.7
2022-10-08 06:00:00,913.0,11.7
2022-10-08 07:00:00,1128.0,11.7
2022-10-08 08:00:00,1133.0,12.0
2022-10-08 09:00:00,1209.0,12.5
2022-10-08 10:00:00,1153.0,13.8
2022-10-08 11:00:00,1102.0,14.6
2022-10-08 12:00:00,1048.0,16.6
2022-10-08 13:00:00,1000.0,16.9
2022-10-08 14:00:00,1009.0,16.6
2022-10-08 15:00:00,1138.0,16.4
2022-10-08 16:00:00,1142.0,16.2
2022-10-08 17:00:00,1247.0,16.0
2022-10-08 18:00:00,1210.0,15.6
2022-10-08 19:00:00,1245.0,15.1
2022-10-08 20:00:00,1196.0,13.7
2022-10-08 21:00:00,1115.0,13.3
2022-10-08 22:00:00,1009.0,13.1
2022-10-08 23:00:00,876.0,12.8
2022-10-09 00:00:00,983.0,12.8
2022-10-09 01:00:00,939.0,12.8
2022-10-09 02:00:00,913.0,12.8
2022-10-09 03:00:00,854.0,13.0
2022-10-09 04:00:00,862.0,13.0
2022-10-09 05:00:00,850.0,13.2
2022-10-09 06:00:00,909.0,13.2
2022-10-09 07:00:00,1057.0,13.2
2022-10-09 08:00:00,1149.0,13.3
2022-10-09 09:00:00,1217.0,13.6
2022-10-09 10:00:00,1234.0,14.2
2022-10-09 11:00:00,1114.0,15.4
2022-10-09 12:00:00,987.0,16.4
2022-10-09 13:00:00,990.0,17.1
2022-10-09 14:00:00,974.0,17.3
2022-10-09 15:00:00,1112.0,16.9
2022-10-09 16:00:00,1119.0,17.1
2022-10-09 17:00:00,1209.0,16.8
2022-10-09 18:00:00,1198.0,16.2
2022-10-09 19:00:00,1200.0,15.7
2022-10-09 20:00:00,1204.0,15.3
2022-10-09 21:00:00,1080.0,15.3
2022-10-09 22:00:00,1020.0,14.6
2022-10-09 23:00:00,869.0,14.3
2022-10-10 00:00:00,961.0,14.1
2022-10-10 01:00:00,911.0,14.0
2022-10-10 02:00:00,913.0,13.8
2022-10-10 03:00:00,870.0,13.2
2022-10-10 04:00:00,879.0,12.7
2022-10-10 05:00:00,839.0,12.7
2022-10-10 06:00:00,911.0,12.6
2022-10-10 07:00:00,1198.0,13.0
2022-10-10 08:00:00,1165.0,13.2
2022-10-10 09:00:00,1193.0,14.9
2022-10-10 10:00:00,1200.0,16.3
2022-10-10 11:00:00,1125.0,16.7
2022-10-10 12:00:00,975.0,17.1
2022-10-10 13:00:00,993.0,17.9
2022-10-10 14:00:00,927.0,18.7
2022-10-10 15:00:00,1089.0,19.0
2022-10-10 16:00:00,1085.0,18.7
2022-10-10 17:00:00,1193.0,18.1
2022-10-10 18:00:00,1151.0,17.2
2022-10-10 19:00:00,1235.0,16.1
2022-10-10 20:00:00,1204.0,15.4
2022-10-10 21:00:00,1108.0,14.7
2022-10-10 22:00:00,1014.0,13.6
2022-10-10 23:00:00,919.0,13.4
2022-10-11 00:00:00,996.0,13.2
2022-10-11 01:00:00,930.0,13.3
2022-10-11 02:00:00,912.0,12.8
2022-10-11 03:00:00,924.0,13.0
2022-10-11 04:00:00,880.0,13.1
2022-10-11 05:00:00,922.0,12.8
2022-10-11 06:00:00,951.0,12.5
2022-10-11 07:00:00,1176.0,12.4
2022-10-11 08:00:00,1188.0,13.2
2022-10-11 09:00:00,1222.0,15.3
2022-10-11 10:00:00,1214.0,18.0
2022-10-11 11:00:00,1125.0,20.1
2022-10-11 12:00:00,1045.0,21.2
2022-10-11 13:00:00,1009.0,22.5
2022-10-11 14:00:00,1001.0,23.7
2022-10-11 15:00:00,1149.0,24.6
2022-10-11 16:00:00,1164.0,24.3
2022-10-11 17:00:00,1211.0,24.2
2022-10-11 18:00:00,1133.0,22.0
2022-10-11 19:00:00,1257.0,18.9
2022-10-11 20:00:00,1201.0,18.9
2022-10-11 21:00:00,1105.0,16.4
2022-10-11 22:00:00,1030.0,15.1
2022-10-11 23:00:00,904.0,14.2
2022-10-12 00:00:00,1013.0,13.9
2022-10-12 01:00:00,967.0,12.4
2022-10-12 02:00:00,897.0,11.8
2022-10-12 03:00:00,876.0,10.9
2022-10-12 04:00:00,872.0,9.7
2022-10-12 05:00:00,897.0,8.9
2022-10-12 06:00:00,934.0,8.2
2022-10-12 07:00:00,1180.0,7.8
2022-10-12 08:00:00,1170.0,11.0
2022-10-12 09:00:00,1159.0,14.9
2022-10-12 10:00:00,1157.0,18.5
2022-10-12 11:00:00,1132.0,20.6
2022-10-12 12:00:00,1058.0,22.2
2022-10-12 13:00:00,1040.0,23.9
2022-10-12 14:00:00,1040.0,24.7
2022-10-12 15:00:00,1120.0,25.2
2022-10-12 16:00:00,1159.0,25.5
2022-10-12 17:00:00,1251.0,25.0
2022-10-12 18:00:00,1194.0,23.1
2022-10-12 19:00:00,1217.0,21.2
2022-10-12 20:00:00,1179.0,20.0
2022-10-12 21:00:00,1121.0,18.3
2022-10-12 22:00:00,1006.0,16.6
2022-10-12 23:00:00,954.0,16.2
2022-10-13 00:00:00,994.0,15.5
2022-10-13 01:00:00,952.0,15.4
2022-10-13 02:00:00,956.0,13.3
2022-10-13 03:00:00,934.0,13.1
2022-10-13 04:00:00,924.0,12.2
2022-10-13 05:00:00,936.0,10.6
2022-10-13 06:00:00,996.0,10.4
2022-10-13 07:00:00,1191.0,9.3
2022-10-13 08:00:00,1186.0,13.2
2022-10-13 09:00:00,1173.0,17.0
2022-10-13 10:00:00,1162.0,19.7
2022-10-13 11:00:00,1141.0,21.2
2022-10-13 12:00:00,1097.0,23.2
2022-10-13 13:00:00,1021.0,24.7
2022-10-13 14:00:00,1037.0,25.4
2022-10-13 15:00:00,1146.0,26.0
2022-10-13 16:00:00,1181.0,26.4
2022-10-13 17:00:00,1198.0,25.5
2022-10-13 18:00:00,1086.0,24.1
2022-10-13 19:00:00,1230.0,19.6
2022-10-13 20:00:00,1199.0,19.4
2022-10-13 21:00:00,1092.0,18.4
2022-10-13 22:00:00,997.0,16.4
2022-10-13 23:00:00,982.0,16.9
2022-10-14 00:00:00,1022.0,16.3
2022-10-14 01:00:00,938.0,15.0
2022-10-14 02:00:00,912.0,14.8
2022-10-14 03:00:00,883.0,12.7
2022-10-14 04:00:00,917.0,13.5
2022-10-14 05:00:00,951.0,13.0
2022-10-14 06:00:00,978.0,11.3
2022-10-14 07:00:00,1185.0,11.1
2022-10-14 08:00:00,1170.0,13.9
2022-10-14 09:00:00,1161.0,17.5
2022-10-14 10:00:00,1164.0,21.1
2022-10-14 11:00:00,1130.0,22.9
2022-10-14 12:00:00,1052.0,24.1
2022-10-14 13:00:00,1029.0,25.2
2022-10-14 14:00:00,976.0,26.5
2022-10-14 15:00:00,1103.0,26.8
2022-10-14 16:00:00,1178.0,26.4
2022-10-14 17:00:00,1169.0,26.4
2022-10-14 18:00:00,1148.0,24.8
2022-10-14 19:00:00,1228.0,21.1
2022-10-14 20:00:00,1170.0,20.7
2022-10-14 21:00:00,1092.0,17.9
2022-10-14 22:00:00,1005.0,16.8
2022-10-14 23:00:00,942.0,17.4
2022-10-15 00:00:00,973.0,17.4
2022-10-15 01:00:00,934.0,16.0
2022-10-15 02:00:00,881.0,16.9
2022-10-15 03:00:00,921.0,15.6
2022-10-15 04:00:00,881.0,15.1
2022-10-15 05:00:00,906.0,14.4
2022-10-15 06:00:00,957.0,14.2
2022-10-15 07:00:00,1099.0,13.7
2022-10-15 08:00:00,1140.0,16.0
2022-10-15 09:00:00,1198.0,19.4
2022-10-15 10:00:00,1207.0,22.4
2022-10-15 11:00:00,1134.0,23.7
2022-10-15 12:00:00,1098.0,25.3
2022-10-15 13:00:00,1008.0,26.3
2022-10-15 14:00:00,1034.0,27.3
2022-10-15 15:00:00,1104.0,27.6
2022-10-15 16:00:00,1119.0,27.5
2022-10-15 17:00:00,1221.0,27.1
2022-10-15 18:00:00,1139.0,25.6
2022-10-15 19:00:00,1221.0,22.0
2022-10-15 20:00:00,1172.0,20.5
2022-10-15 21:00:00,1120.0,18.8
2022-10-15 22:00:00,1012.0,18.7
2022-10-15 23:00:00,976.0,18.9
2022-10-16 00:00:00,1082.0,19.3
2022-10-16 01:00:00,992.0,19.4
2022-10-16 02:00:00,909.0,18.4
2022-10-16 03:00:00,952.0,17.2
2022-10-16 04:00:00,916.0,16.7
2022-10-16 05:00:00,905.0,16.7
2022-10-16 06:00:00,960.0,16.4
2022-10-16 07:00:00,1104.0,16.0
2022-10-16 08:00:00,1123.0,16.2
2022-10-16 09:00:00,1204.0,18.2
2022-10-16 10:00:00,1200.0,19.6
2022-10-16 11:00:00,1144.0,22.9
2022-10-16 12:00:00,1053.0,25.6
2022-10-16 13:00:00,1048.0,26.6
2022-10-16 14:00:00,1058.0,27.7
2022-10-16 15:00:00,1096.0,28.0
2022-10-16 16:00:00,1209.0,27.7
2022-10-16 17:00:00,1248.0,27.3
2022-10-16 18:00:00,1191.0,25.9
2022-10-16 19:00:00,1264.0,24.5
2022-10-16 20:00:00,1189.0,24.1
2022-10-16 21:00:00,1125.0,21.9
2022-10-16 22:00:00,1019.0,21.0
2022-10-16 23:00:00,969.0,19.8
2022-10-17 00:00:00,1018.0,19.3
2022-10-17 01:00:00,950.0,18.7
2022-10-17 02:00:00,949.0,18.1
2022-10-17 03:00:00,880.0,17.5
2022-10-17 04:00:00,900.0,17.0
2022-10-17 05:00:00,891.0,16.9
2022-10-17 06:00:00,946.0,16.9
2022-10-17 07:00:00,1195.0,16.2
2022-10-17 08:00:00,1167.0,17.9
2022-10-17 09:00:00,1229.0,20.5
2022-10-17 10:00:00,1172.0,23.1
2022-10-17 11:00:00,1140.0,24.1
2022-10-17 12:00:00,998.0,25.5
2022-10-17 13:00:00,940.0,26.6
2022-10-17 14:00:00,977.0,26.5
2022-10-17 15:00:00,1129.0,26.5
2022-10-17 16:00:00,1142.0,26.1
2022-10-17 17:00:00,1189.0,25.1
2022-10-17 18:00:00,1138.0,23.6
2022-10-17 19:00:00,1169.0,21.9
2022-10-17 20:00:00,1114.0,20.9
2022-10-17 21:00:00,1082.0,19.1
2022-10-17 22:00:00,992.0,19.9
2022-10-17 23:00:00,938.0,19.3
2022-10-18 00:00:00,981.0,17.9
2022-10-18 01:00:00,990.0,17.7
2022-10-18 02:00:00,929.0,17.3
2022-10-18 03:00:00,895.0,16.3
2022-10-18 04:00:00,881.0,15.2
2022-10-18 05:00:00,935.0,14.6
2022-10-18 06:00:00,983.0,14.6
2022-10-18 07:00:00,1143.0,13.5
2022-10-18 08:00:00,1127.0,14.9
2022-10-18 09:00:00,1150.0,18.0
2022-10-18 10:00:00,1168.0,19.4
2022-10-18 11:00:00,1044.0,20.5
2022-10-18 12:00:00,933.0,22.1
2022-10-18 13:00:00,881.0,23.3
2022-10-18 14:00:00,907.0,24.1
2022-10-18 15:00:00,996.0,24.6
2022-10-18 16:00:00,1107.0,24.0
2022-10-18 17:00:00,1098.0,23.6
2022-10-18 18:00:00,1076.0,21.8
2022-10-18 19:00:00,1192.0,19.7
2022-10-18 20:00:00,1127.0,17.7
2022-10-18 21:00:00,1078.0,17.2
2022-10-18 22:00:00,983.0,17.4
2022-10-18 23:00:00,944.0,17.4
2022-10-19 00:00:00,981.0,16.6
2022-10-19 01:00:00,938.0,13.1
2022-10-19 02:00:00,903.0,12.1
2022-10-19 03:00:00,908.0,11.9
2022-10-19 04:00:00,880.0,11.6
2022-10-19 05:00:00,888.0,11.3
2022-10-19 06:00:00,966.0,10.6
2022-10-19 07:00:00,1136.0,10.4
2022-10-19 08:00:00,1177.0,13.0
2022-10-19 09:00:00,1175.0,15.7
2022-10-19 10:00:00,1168.0,18.9
2022-10-19 11:00:00,1057.0,20.6
2022-10-19 12:00:00,946.0,23.0
2022-10-19 13:00:00,848.0,24.3
2022-10-19 14:00:00,924.0,25.6
2022-10-19 15:00:00,1100.0,26.3
2022-10-19 16:00:00,1095.0,26.2
2022-10-19 17:00:00,1136.0,25.7
2022-10-19 18:00:00,1113.0,23.8
2022-10-19 19:00:00,1208.0,21.7
2022-10-19 20:00:00,1163.0,20.6
2022-10-19 21:00:00,1069.0,18.1
2022-10-19 22:00:00,1004.0,16.1
2022-10-19 23:00:00,962.0,15.9
2022-10-20 00:00:00,985.0,15.7
2022-10-20 01:00:00,978.0,15.8
2022-10-20 02:00:00,928.0,15.1
2022-10-20 03:00:00,923.0,12.7
2022-10-20 04:00:00,891.0,12.6
2022-10-20 05:00:00,868.0,12.0
2022-10-20 06:00:00,987.0,13.1
2022-10-20 07:00:00,1092.0,12.4
2022-10-20 08:00:00,1149.0,12.6
2022-10-20 09:00:00,1181.0,15.7
2022-10-20 10:00:00,1171.0,18.8
2022-10-20 11:00:00,1116.0,22.2
2022-10-20 12:00:00,950.0,24.5
2022-10-20 13:00:00,930.0,25.3
2022-10-20 14:00:00,955.0,27.5
2022-10-20 15:00:00,1134.0,27.6
2022-10-20 16:00:00,1128.0,26.3
2022-10-20 17:00:00,1184.0,25.6
2022-10-20 18:00:00,1127.0,24.3
2022-10-20 19:00:00,1161.0,22.7
2022-10-20 20:00:00,1175.0,21.6
2022-10-20 21:00:00,1087.0,21.3
2022-10-20 22:00:00,986.0,21.3
2022-10-20 23:00:00,949.0,20.5
2022-10-21 00:00:00,969.0,19.9
2022-10-21 01:00:00,913.0,19.0
2022-10-21 02:00:00,925.0,18.3
2022-10-21 03:00:00,897.0,18.3
2022-10-21 04:00:00,894.0,17.9
2022-10-21 05:00:00,882.0,17.5
2022-10-21 06:00:00,968.0,16.3
2022-10-21 07:00:00,1075.0,15.1
2022-10-21 08:00:00,1141.0,15.4
2022-10-21 09:00:00,1128.0,16.3
2022-10-21 10:00:00,1121.0,18.2
2022-10-21 11:00:00,1021.0,19.4
2022-10-21 12:00:00,903.0,21.6
2022-10-21 13:00:00,895.0,22.1
2022-10-21 14:00:00,900.0,23.0
2022-10-21 15:00:00,1045.0,23.1
2022-10-21 16:00:00,1090.0,22.9
2022-10-21 17:00:00,1192.0,22.3
2022-10-21 18:00:00,1094.0,19.4
2022-10-21 19:00:00,1188.0,18.1
2022-10-21 20:00:00,1105.0,17.6
2022-10-21 21:00:00,980.0,16.8
2022-10-21 22:00:00,898.0,16.4
2022-10-21 23:00:00,918.0,15.9
2022-10-22 00:00:00,980.0,15.5
2022-10-22 01:00:00,932.0,15.5
2022-10-22 02:00:00,874.0,15.6
2022-10-22 03:00:00,854.0,16.2
2022-10-22 04:00:00,817.0,16.6
2022-10-22 05:00:00,857.0,16.9
2022-10-22 06:00:00,897.0,17.0
2022-10-22 07:00:00,995.0,17.1
2022-10-22 08:00:00,1134.0,17.9
2022-10-22 09:00:00,1119.0,19.4
2022-10-22 10:00:00,1087.0,22.3
2022-10-22 11:00:00,1062.0,24.7
2022-10-22 12:00:00,891.0,26.5
2022-10-22 13:00:00,924.0,28.6
2022-10-22 14:00:00,888.0,28.9
2022-10-22 15:00:00,1067.0,29.4
2022-10-22 16:00:00,1079.0,29.1
2022-10-22 17:00:00,1170.0,28.2
2022-10-22 18:00:00,1098.0,26.4
2022-10-22 19:00:00,1152.0,24.7
2022-10-22 20:00:00,1112.0,24.0
2022-10-22 21:00:00,1040.0,23.1
2022-10-22 22:00:00,919.0,23.9
2022-10-22 23:00:00,928.0,23.0
2022-10-23 00:00:00,946.0,21.3
2022-10-23 01:00:00,919.0,20.8
2022-10-23 02:00:00,899.0,19.9
2022-10-23 03:00:00,912.0,19.0
2022-10-23 04:00:00,856.0,18.7
2022-10-23 05:00:00,893.0,18.1
2022-10-23 06:00:00,918.0,17.7
2022-10-23 07:00:00,1027.0,17.7
2022-10-23 08:00:00,1113.0,18.4
2022-10-23 09:00:00,1149.0,20.0
2022-10-23 10:00:00,1152.0,22.2
2022-10-23 11:00:00,1036.0,26.0
2022-10-23 12:00:00,920.0,27.6
2022-10-23 13:00:00,896.0,28.6
2022-10-23 14:00:00,899.0,28.5
2022-10-23 15:00:00,1069.0,28.5
2022-10-23 16:00:00,1083.0,27.9
2022-10-23 17:00:00,1119.0,27.6
2022-10-23 18:00:00,1112.0,25.8
2022-10-23 19:00:00,1140.0,24.0
2022-10-23 20:00:00,1109.0,22.5
2022-10-23 21:00:00,1009.0,23.2
2022-10-23 22:00:00,895.0,22.9
2022-10-23 23:00:00,880.0,22.3
2022-10-24 00:00:00,934.0,20.3
2022-10-24 01:00:00,902.0,20.1
2022-10-24 02:00:00,844.0,18.0
2022-10-24 03:00:00,883.0,16.6
2022-10-24 04:00:00,866.0,16.3
2022-10-24 05:00:00,833.0,16.2
2022-10-24 06:00:00,895.0,15.8
2022-10-24 07:00:00,1048.0,16.3
2022-10-24 08:00:00,1082.0,16.9
2022-10-24 09:00:00,1103.0,20.2
2022-10-24 10:00:00,1089.0,22.8
2022-10-24 11:00:00,1025.0,24.5
2022-10-24 12:00:00,904.0,25.5
2022-10-24 13:00:00,845.0,27.5
2022-10-24 14:00:00,852.0,28.4
2022-10-24 15:00:00,1079.0,27.2
2022-10-24 16:00:00,1073.0,25.8
2022-10-24 17:00:00,1141.0,24.9
2022-10-24 18:00:00,1087.0,23.8
2022-10-24 19:00:00,1170.0,22.4
2022-10-24 20:00:00,1107.0,21.4
2022-10-24 21:00:00,1029.0,20.1
2022-10-24 22:00:00,932.0,19.0
2022-10-24 23:00:00,884.0,18.1
2022-10-25 00:00:00,958.0,16.4
2022-10-25 01:00:00,938.0,16.1
2022-10-25 02:00:00,872.0,15.9
2022-10-25 03:00:00,856.0,15.5
2022-10-25 04:00:00,847.0,14.6
2022-10-25 05:00:00,865.0,14.7
2022-10-25 06:00:00,912.0,13.6
2022-10-25 07:00:00,1054.0,13.2
2022-10-25 08:00:00,1101.0,14.7
2022-10-25 09:00:00,1120.0,17.8
2022-10-25 10:00:00,1096.0,20.0
2022-10-25 11:00:00,989.0,21.5
2022-10-25 12:00:00,856.0,23.2
2022-10-25 13:00:00,880.0,24.3
2022-10-25 14:00:00,881.0,26.1
2022-10-25 15:00:00,1053.0,26.9
2022-10-25 16:00:00,1041.0,27.5
2022-10-25 17:00:00,1117.0,26.9
2022-10-25 18:00:00,995.0,24.7
2022-10-25 19:00:00,1110.0,22.1
2022-10-25 20:00:00,1063.0,20.5
2022-10-25 21:00:00,979.0,20.1
2022-10-25 22:00:00,900.0,19.0
2022-10-25 23:00:00,844.0,17.8
2022-10-26 00:00:00,902.0,17.1
2022-10-26 01:00:00,870.0,15.6
2022-10-26 02:00:00,888.0,15.7
2022-10-26 03:00:00,857.0,14.8
2022-10-26 04:00:00,811.0,14.5
2022-10-26 05:00:00,849.0,14.3
2022-10-26 06:00:00,888.0,14.4
2022-10-26 07:00:00,1062.0,14.4
2022-10-26 08:00:00,1040.0,15.3
2022-10-26 09:00:00,1097.0,17.7
2022-10-26 10:00:00,1088.0,18.3
2022-10-26 11:00:00,1005.0,19.2
2022-10-26 12:00:00,929.0,19.8
2022-10-26 13:00:00,883.0,20.7
2022-10-26 14:00:00,916.0,20.8
2022-10-26 15:00:00,1076.0,20.0
2022-10-26 16:00:00,1090.0,20.5
2022-10-26 17:00:00,1156.0,19.1
2022-10-26 18:00:00,1068.0,17.8
2022-10-26 19:00:00,1104.0,17.4
2022-10-26 20:00:00,1075.0,17.0
2022-10-26 21:00:00,1010.0,16.6
2022-10-26 22:00:00,910.0,16.5
2022-10-26 23:00:00,839.0,16.3
2022-10-27 00:00:00,976.0,15.0
2022-10-27 01:00:00,917.0,14.6
2022-10-27 02:00:00,878.0,13.6
2022-10-27 03:00:00,842.0,13.2
2022-10-27 04:00:00,844.0,13.1
2022-10-27 05:00:00,872.0,13.0
2022-10-27 06:00:00,917.0,13.0
2022-10-27 07:00:00,1048.0,12.7
2022-10-27 08:00:00,1064.0,12.8
2022-10-27 09:00:00,1157.0,12.8
2022-10-27 10:00:00,1136.0,12.9
2022-10-27 11:00:00,1057.0,13.0
2022-10-27 12:00:00,932.0,13.2
2022-10-27 13:00:00,897.0,13.4
2022-10-27 14:00:00,934.0,13.5
2022-10-27 15:00:00,1075.0,13.5
2022-10-27 16:00:00,1031.0,13.5
2022-10-27 17:00:00,1243.0,13.5
2022-10-27 18:00:00,1147.0,13.4
2022-10-27 19:00:00,1118.0,13.4
2022-10-27 20:00:00,1071.0,13.4
2022-10-27 21:00:00,989.0,13.4
2022-10-27 22:00:00,895.0,13.3
2022-10-27 23:00:00,883.0,13.3
2022-10-28 00:00:00,920.0,13.3
2022-10-28 01:00:00,893.0,13.0
2022-10-28 02:00:00,878.0,12.9
2022-10-28 03:00:00,857.0,12.8
2022-10-28 04:00:00,884.0,12.6
2022-10-28 05:00:00,851.0,12.8
2022-10-28 06:00:00,888.0,12.8
2022-10-28 07:00:00,1046.0,12.8
2022-10-28 08:00:00,1127.0,13.1
2022-10-28 09:00:00,1129.0,13.9
2022-10-28 10:00:00,1081.0,14.7
2022-10-28 11:00:00,1039.0,15.2
2022-10-28 12:00:00,962.0,15.6
2022-10-28 13:00:00,915.0,15.7
2022-10-28 14:00:00,899.0,15.7
2022-10-28 15:00:00,1116.0,15.6
2022-10-28 16:00:00,1091.0,15.0
2022-10-28 17:00:00,1210.0,14.8
2022-10-28 18:00:00,1144.0,14.4
2022-10-28 19:00:00,1189.0,14.0
2022-10-28 20:00:00,1139.0,14.0
2022-10-28 21:00:00,1068.0,14.1
2022-10-28 22:00:00,955.0,14.0
2022-10-28 23:00:00,948.0,14.0
2022-10-29 00:00:00,970.0,14.0
2022-10-29 01:00:00,906.0,14.0
2022-10-29 02:00:00,894.0,13.9
2022-10-29 03:00:00,862.0,13.9
2022-10-29 04:00:00,861.0,13.8
2022-10-29 05:00:00,875.0,13.9
2022-10-29 06:00:00,853.0,13.9
2022-10-29 07:00:00,988.0,13.9
2022-10-29 08:00:00,1096.0,14.1
2022-10-29 09:00:00,1142.0,14.6
2022-10-29 10:00:00,1095.0,15.2
2022-10-29 11:00:00,1039.0,15.8
2022-10-29 12:00:00,1004.0,16.0
2022-10-29 13:00:00,973.0,16.2
2022-10-29 14:00:00,907.0,16.3
2022-10-29 15:00:00,1094.0,16.3
2022-10-29 16:00:00,1110.0,16.0
2022-10-29 17:00:00,1215.0,15.7
2022-10-29 18:00:00,1144.0,15.4
2022-10-29 19:00:00,1164.0,15.2
2022-10-29 20:00:00,1120.0,14.7
2022-10-29 21:00:00,998.0,14.8
2022-10-29 22:00:00,954.0,14.6
2022-10-29 23:00:00,913.0,14.7
2022-10-30 00:00:00,932.0,14.7
2022-10-30 01:00:00,871.0,14.7
2022-10-30 02:00:00,849.0,14.5
2022-10-30 03:00:00,835.0,14.4
2022-10-30 04:00:00,815.0,14.1
2022-10-30 05:00:00,813.0,13.8
2022-10-30 06:00:00,837.0,13.7
2022-10-30 07:00:00,956.0,13.8
2022-10-30 08:00:00,1079.0,13.8
2022-10-30 09:00:00,1147.0,14.2
2022-10-30 10:00:00,1134.0,14.6
2022-10-30 11:00:00,1078.0,15.1
2022-10-30 12:00:00,1028.0,15.3
2022-10-30 13:00:00,991.0,15.9
2022-10-30 14:00:00,947.0,16.5
2022-10-30 15:00:00,1115.0,16.5
2022-10-30 16:00:00,1095.0,16.4
2022-10-30 17:00:00,1225.0,16.2
2022-10-30 18:00:00,1203.0,16.0
2022-10-30 19:00:00,1216.0,15.8
2022-10-30 20:00:00,1120.0,15.2
2022-10-30 21:00:00,1096.0,14.2
2022-10-30 22:00:00,977.0,13.6
2022-10-30 23:00:00,957.0,13.5
2022-10-31 00:00:00,979.0,13.4
2022-10-31 01:00:00,892.0,13.4
2022-10-31 02:00:00,811.0,13.2
2022-10-31 03:00:00,856.0,12.8
2022-10-31 04:00:00,831.0,12.8
2022-10-31 05:00:00,892.0,12.5
2022-10-31 06:00:00,932.0,11.8
2022-10-31 07:00:00,1111.0,11.3
2022-10-31 08:00:00,1163.0,12.1
2022-10-31 09:00:00,1154.0,14.5
2022-10-31 10:00:00,1119.0,17.2
2022-10-31 11:00:00,1053.0,19.3
2022-10-31 12:00:00,938.0,20.3
2022-10-31 13:00:00,867.0,21.6
2022-10-31 14:00:00,855.0,22.1
2022-10-31 15:00:00,1018.0,21.8
2022-10-31 16:00:00,1068.0,21.8
2022-10-31 17:00:00,1179.0,21.7
2022-10-31 18:00:00,1186.0,20.4
2022-10-31 19:00:00,1213.0,17.6
2022-10-31 20:00:00,1142.0,15.4
2022-10-31 21:00:00,1099.0,14.4
2022-10-31 22:00:00,985.0,13.7
2022-10-31 23:00:00,978.0,13.5
2022-11-01 00:00:00,945.0,13.0
2022-11-01 01:00:00,952.0,12.3
2022-11-01 02:00:00,873.0,13.0
2022-11-01 03:00:00,891.0,12.2
2022-11-01 04:00:00,905.0,11.9
2022-11-01 05:00:00,868.0,11.1
2022-11-01 06:00:00,919.0,10.8
2022-11-01 07:00:00,1064.0,10.5
2022-11-01 08:00:00,1108.0,11.4
2022-11-01 09:00:00,1093.0,14.8
2022-11-01 10:00:00,1081.0,17.4
2022-11-01 11:00:00,1028.0,19.9
2022-11-01 12:00:00,894.0,21.3
2022-11-01 13:00:00,847.0,22.1
2022-11-01 14:00:00,885.0,22.5
2022-11-01 15:00:00,1028.0,23.4
2022-11-01 16:00:00,1098.0,23.0
2022-11-01 17:00:00,1157.0,22.0
2022-11-01 18:00:00,1137.0,20.4
2022-11-01 19:00:00,1161.0,18.8
2022-11-01 20:00:00,1092.0,17.2
2022-11-01 21:00:00,1058.0,15.0
2022-11-01 22:00:00,980.0,14.2
2022-11-01 23:00:00,935.0,14.4
2022-11-02 00:00:00,957.0,14.6
2022-11-02 01:00:00,861.0,14.4
2022-11-02 02:00:00,849.0,13.0
2022-11-02 03:00:00,865.0,12.4
2022-11-02 04:00:00,858.0,11.1
2022-11-02 05:00:00,892.0,10.4
2022-11-02 06:00:00,921.0,10.3
2022-11-02 07:00:00,1045.0,9.6
2022-11-02 08:00:00,1101.0,10.8
2022-11-02 09:00:00,1072.0,14.6
2022-11-02 10:00:00,1085.0,17.3
2022-11-02 11:00:00,1030.0,19.8
2022-11-02 12:00:00,903.0,21.9
2022-11-02 13:00:00,846.0,23.8
2022-11-02 14:00:00,858.0,24.2
2022-11-02 15:00:00,987.0,24.8
2022-11-02 16:00:00,1072.0,24.1
2022-11-02 17:00:00,1165.0,23.6
2022-11-02 18:00:00,1125.0,21.6
2022-11-02 19:00:00,1151.0,18.0
2022-11-02 20:00:00,1083.0,17.5
2022-11-02 21:00:00,1032.0,16.5
2022-11-02 22:00:00,972.0,14.7
2022-11-02 23:00:00,922.0,13.5
2022-11-03 00:00:00,966.0,13.0
2022-11-03 01:00:00,877.0,12.0
2022-11-03 02:00:00,882.0,12.8
2022-11-03 03:00:00,874.0,12.3
2022-11-03 04:00:00,857.0,11.8
2022-11-03 05:00:00,899.0,10.8
2022-11-03 06:00:00,923.0,10.9
2022-11-03 07:00:00,1069.0,10.5
2022-11-03 08:00:00,1116.0,11.7
2022-11-03 09:00:00,1124.0,15.1
2022-11-03 10:00:00,1122.0,18.4
2022-11-03 11:00:00,993.0,21.0
2022-11-03 12:00:00,906.0,22.9
2022-11-03 13:00:00,874.0,23.5
2022-11-03 14:00:00,893.0,24.9
2022-11-03 15:00:00,1039.0,25.5
2022-11-03 16:00:00,1093.0,24.5
2022-11-03 17:00:00,1164.0,23.7
2022-11-03 18:00:00,1107.0,22.6
2022-11-03 19:00:00,1164.0,21.6
2022-11-03 20:00:00,1098.0,21.2
2022-11-03 21:00:00,1057.0,20.2
2022-11-03 22:00:00,940.0,19.6
2022-11-03 23:00:00,900.0,19.7
2022-11-04 00:00:00,963.0,19.4
2022-11-04 01:00:00,890.0,18.1
2022-11-04 02:00:00,910.0,17.2
2022-11-04 03:00:00,886.0,15.1
2022-11-04 04:00:00,867.0,15.0
2022-11-04 05:00:00,876.0,13.2
2022-11-04 06:00:00,987.0,12.5
2022-11-04 07:00:00,1080.0,12.1
2022-11-04 08:00:00,1183.0,13.1
2022-11-04 09:00:00,1135.0,16.4
2022-11-04 10:00:00,1088.0,17.8
2022-11-04 11:00:00,1008.0,18.9
2022-11-04 12:00:00,916.0,20.3
2022-11-04 13:00:00,891.0,21.3
2022-11-04 14:00:00,911.0,21.9
2022-11-04 15:00:00,997.0,22.6
2022-11-04 16:00:00,1110.0,22.0
2022-11-04 17:00:00,1176.0,20.8
2022-11-04 18:00:00,1126.0,19.0
2022-11-04 19:00:00,1190.0,18.0
2022-11-04 20:00:00,1195.0,17.3
2022-11-04 21:00:00,1041.0,16.9
2022-11-04 22:00:00,968.0,16.4
2022-11-04 23:00:00,878.0,15.7
2022-11-05 00:00:00,954.0,15.1
2022-11-05 01:00:00,907.0,14.4
2022-11-05 02:00:00,873.0,13.0
2022-11-05 03:00:00,885.0,11.8
2022-11-05 04:00:00,858.0,11.1
2022-11-05 05:00:00,850.0,10.7
2022-11-05 06:00:00,886.0,10.2
2022-11-05 07:00:00,1055.0,10.1
2022-11-05 08:00:00,1208.0,10.9
2022-11-05 09:00:00,1136.0,13.3
2022-11-05 10:00:00,1138.0,14.9
2022-11-05 11:00:00,1072.0,15.5
2022-11-05 12:00:00,1020.0,17.0
2022-11-05 13:00:00,945.0,18.9
2022-11-05 14:00:00,994.0,19.6
2022-11-05 15:00:00,1149.0,18.9
2022-11-05 16:00:00,1162.0,18.6
2022-11-05 17:00:00,1223.0,17.9
2022-11-05 18:00:00,1180.0,17.0
2022-11-05 19:00:00,1240.0,15.9
2022-11-05 20:00:00,1159.0,14.6
2022-11-05 21:00:00,1103.0,14.1
2022-11-05 22:00:00,1003.0,13.4
2022-11-05 23:00:00,902.0,12.3
2022-11-06 00:00:00,974.0,12.0
2022-11-06 01:00:00,924.0,11.5
2022-11-06 02:00:00,932.0,11.1
2022-11-06 03:00:00,853.0,11.0
2022-11-06 04:00:00,877.0,10.6
2022-11-06 05:00:00,897.0,9.9
2022-11-06 06:00:00,933.0,9.9
2022-11-06 07:00:00,1036.0,10.0
2022-11-06 08:00:00,1198.0,10.9
2022-11-06 09:00:00,1166.0,13.4
2022-11-06 10:00:00,1155.0,15.9
2022-11-06 11:00:00,1090.0,18.2
2022-11-06 12:00:00,987.0,19.3
2022-11-06 13:00:00,964.0,21.2
2022-11-06 14:00:00,961.0,22.1
2022-11-06 15:00:00,1092.0,22.6
2022-11-06 16:00:00,1174.0,22.9
2022-11-06 17:00:00,1293.0,22.4
2022-11-06 18:00:00,1247.0,20.0
2022-11-06 19:00:00,1250.0,16.9
2022-11-06 20:00:00,1199.0,15.6
2022-11-06 21:00:00,1116.0,14.5
2022-11-06 22:00:00,986.0,13.8
2022-11-06 23:00:00,890.0,13.0
2022-11-07 00:00:00,987.0,12.5
2022-11-07 01:00:00,912.0,12.2
2022-11-07 02:00:00,951.0,11.4
2022-11-07 03:00:00,918.0,11.6
2022-11-07 04:00:00,902.0,10.5
2022-11-07 05:00:00,917.0,10.4
2022-11-07 06:00:00,991.0,10.0
2022-11-07 07:00:00,1140.0,10.0
2022-11-07 08:00:00,1173.0,10.9
2022-11-07 09:00:00,1175.0,13.9
2022-11-07 10:00:00,1154.0,16.8
2022-11-07 11:00:00,1093.0,18.9
2022-11-07 12:00:00,960.0,22.0
2022-11-07 13:00:00,951.0,24.2
2022-11-07 14:00:00,932.0,25.8
2022-11-07 15:00:00,1032.0,26.1
2022-11-07 16:00:00,1065.0,25.9
2022-11-07 17:00:00,1174.0,24.8
2022-11-07 18:00:00,1193.0,22.4
2022-11-07 19:00:00,1186.0,20.0
2022-11-07 20:00:00,1093.0,18.3
2022-11-07 21:00:00,1076.0,16.7
2022-11-07 22:00:00,991.0,16.7
2022-11-07 23:00:00,895.0,15.5
2022-11-08 00:00:00,1023.0,14.6
2022-11-08 01:00:00,954.0,14.5
2022-11-08 02:00:00,951.0,14.7
2022-11-08 03:00:00,914.0,14.2
2022-11-08 04:00:00,877.0,13.8
2022-11-08 05:00:00,930.0,13.6
2022-11-08 06:00:00,979.0,12.9
2022-11-08 07:00:00,1133.0,13.0
2022-11-08 08:00:00,1167.0,13.5
2022-11-08 09:00:00,1183.0,16.8
2022-11-08 10:00:00,1161.0,19.0
2022-11-08 11:00:00,1078.0,20.9
2022-11-08 12:00:00,924.0,23.4
2022-11-08 13:00:00,929.0,24.8
2022-11-08 14:00:00,955.0,25.5
2022-11-08 15:00:00,1052.0,26.5
2022-11-08 16:00:00,1113.0,26.2
2022-11-08 17:00:00,1225.0,26.2
2022-11-08 18:00:00,1175.0,22.8
2022-11-08 19:00:00,1214.0,21.0
2022-11-08 20:00:00,1135.0,19.3
2022-11-08 21:00:00,1107.0,18.1
2022-11-08 22:00:00,1016.0,16.7
2022-11-08 23:00:00,900.0,15.9
2022-11-09 00:00:00,1006.0,15.6
2022-11-09 01:00:00,925.0,15.2
2022-11-09 02:00:00,938.0,14.6
2022-11-09 03:00:00,929.0,14.4
2022-11-09 04:00:00,912.0,13.5
2022-11-09 05:00:00,874.0,12.9
2022-11-09 06:00:00,1006.0,12.4
2022-11-09 07:00:00,1162.0,12.4
2022-11-09 08:00:00,1224.0,13.5
2022-11-09 09:00:00,1152.0,17.0
2022-11-09 10:00:00,1138.0,19.5
2022-11-09 11:00:00,1063.0,21.8
2022-11-09 12:00:00,965.0,23.4
2022-11-09 13:00:00,995.0,25.6
2022-11-09 14:00:00,892.0,27.1
2022-11-09 15:00:00,1080.0,27.8
2022-11-09 16:00:00,1166.0,28.0
2022-11-09 17:00:00,1191.0,27.5
2022-11-09 18:00:00,1208.0,24.1
2022-11-09 19:00:00,1241.0,21.0
2022-11-09 20:00:00,1197.0,19.7
2022-11-09 21:00:00,1125.0,18.7
2022-11-09 22:00:00,1065.0,18.4
2022-11-09 23:00:00,951.0,17.9
2022-11-10 00:00:00,1032.0,18.0
2022-11-10 01:00:00,998.0,17.2
2022-11-10 02:00:00,929.0,16.4
2022-11-10 03:00:00,931.0,16.8
2022-11-10 04:00:00,943.0,15.9
2022-11-10 05:00:00,934.0,15.8
2022-11-10 06:00:00,994.0,15.4
2022-11-10 07:00:00,1101.0,15.5
2022-11-10 08:00:00,1141.0,16.4
2022-11-10 09:00:00,1146.0,20.2
2022-11-10 10:00:00,1139.0,22.4
2022-11-10 11:00:00,1096.0,25.9
2022-11-10 12:00:00,996.0,28.1
2022-11-10 13:00:00,973.0,28.9
2022-11-10 14:00:00,983.0,29.8
2022-11-10 15:00:00,1100.0,29.7
2022-11-10 16:00:00,1120.0,29.5
2022-11-10 17:00:00,1236.0,28.2
2022-11-10 18:00:00,1168.0,26.8
2022-11-10 19:00:00,1224.0,25.7
2022-11-10 20:00:00,1195.0,22.5
2022-11-10 21:00:00,1085.0,22.0
2022-11-10 22:00:00,1003.0,22.0
2022-11-10 23:00:00,934.0,21.4
2022-11-11 00:00:00,1017.0,21.1
2022-11-11 01:00:00,911.0,20.7
2022-11-11 02:00:00,885.0,19.8
2022-11-11 03:00:00,872.0,19.8
2022-11-11 04:00:00,870.0,19.6
2022-11-11 05:00:00,835.0,18.6
2022-11-11 06:00:00,957.0,18.3
2022-11-11 07:00:00,1088.0,17.6
2022-11-11 08:00:00,1154.0,18.3
2022-11-11 09:00:00,1127.0,21.8
2022-11-11 10:00:00,1091.0,25.0
2022-11-11 11:00:00,1010.0,27.7
2022-11-11 12:00:00,1016.0,28.5
2022-11-11 13:00:00,939.0,29.7
2022-11-11 14:00:00,955.0,29.9
2022-11-11 15:00:00,1107.0,30.6
2022-11-11 16:00:00,1133.0,31.0
2022-11-11 17:00:00,1202.0,29.5
2022-11-11 18:00:00,1210.0,28.3
2022-11-11 19:00:00,1191.0,27.9
2022-11-11 20:00:00,1150.0,27.3
2022-11-11 21:00:00,1057.0,26.3
2022-11-11 22:00:00,980.0,26.0
2022-11-11 23:00:00,903.0,23.9
2022-11-12 00:00:00,989.0,23.9
2022-11-12 01:00:00,965.0,24.4
2022-11-12 02:00:00,902.0,22.3
2022-11-12 03:00:00,896.0,21.1
2022-11-12 04:00:00,901.0,19.8
2022-11-12 05:00:00,917.0,18.7
2022-11-12 06:00:00,933.0,18.5
2022-11-12 07:00:00,1036.0,20.2
2022-11-12 08:00:00,1161.0,21.0
2022-11-12 09:00:00,1157.0,22.6
2022-11-12 10:00:00,1096.0,26.9
2022-11-12 11:00:00,1059.0,28.2
2022-11-12 12:00:00,1005.0,29.1
2022-11-12 13:00:00,965.0,29.2
2022-11-12 14:00:00,950.0,30.1
2022-11-12 15:00:00,1098.0,30.0
2022-11-12 16:00:00,1154.0,30.2
2022-11-12 17:00:00,1213.0,29.0
2022-11-12 18:00:00,1186.0,25.4
2022-11-12 19:00:00,1225.0,21.0
2022-11-12 20:00:00,1180.0,19.0
2022-11-12 21:00:00,1069.0,17.7
2022-11-12 22:00:00,968.0,17.0
2022-11-12 23:00:00,900.0,16.5
2022-11-13 00:00:00,968.0,15.9
2022-11-13 01:00:00,973.0,15.4
2022-11-13 02:00:00,908.0,15.0
2022-11-13 03:00:00,919.0,14.8
2022-11-13 04:00:00,868.0,14.5
2022-11-13 05:00:00,898.0,14.4
2022-11-13 06:00:00,922.0,14.2
2022-11-13 07:00:00,1054.0,14.1
2022-11-13 08:00:00,1165.0,13.9
2022-11-13 09:00:00,1223.0,14.1
2022-11-13 10:00:00,1176.0,14.2
2022-11-13 11:00:00,1097.0,14.4
2022-11-13 12:00:00,1006.0,14.6
2022-11-13 13:00:00,1005.0,14.8
2022-11-13 14:00:00,995.0,14.7
2022-11-13 15:00:00,1170.0,14.4
2022-11-13 16:00:00,1213.0,13.8
2022-11-13 17:00:00,1294.0,13.4
2022-11-13 18:00:00,1270.0,13.0
2022-11-13 19:00:00,1304.0,12.7
2022-11-13 20:00:00,1184.0,12.6
2022-11-13 21:00:00,1069.0,12.5
2022-11-13 22:00:00,1025.0,12.3
2022-11-13 23:00:00,916.0,12.1
2022-11-14 00:00:00,1001.0,11.8
2022-11-14 01:00:00,887.0,11.5
2022-11-14 02:00:00,933.0,11.4
2022-11-14 03:00:00,941.0,11.1
2022-11-14 04:00:00,910.0,10.9
2022-11-14 05:00:00,918.0,10.7
2022-11-14 06:00:00,954.0,10.5
2022-11-14 07:00:00,1121.0,10.3
2022-11-14 08:00:00,1194.0,10.1
2022-11-14 09:00:00,1253.0,10.1
2022-11-14 10:00:00,1236.0,10.4
2022-11-14 11:00:00,1138.0,10.8
2022-11-14 12:00:00,1055.0,11.1
2022-11-14 13:00:00,1062.0,12.1
2022-11-14 14:00:00,1024.0,12.3
2022-11-14 15:00:00,1114.0,12.3
2022-11-14 16:00:00,1236.0,12.3
2022-11-14 17:00:00,1343.0,11.6
2022-11-14 18:00:00,1328.0,11.5
2022-11-14 19:00:00,1270.0,11.4
2022-11-14 20:00:00,1204.0,11.1
2022-11-14 21:00:00,1128.0,11.2
2022-11-14 22:00:00,1056.0,11.1
2022-11-14 23:00:00,985.0,10.9
2022-11-15 00:00:00,1055.0,10.5
2022-11-15 01:00:00,1003.0,10.1
2022-11-15 02:00:00,963.0,10.2
2022-11-15 03:00:00,928.0,10.4
2022-11-15 04:00:00,922.0,10.6
2022-11-15 05:00:00,919.0,10.6
2022-11-15 06:00:00,987.0,10.8
2022-11-15 07:00:00,1123.0,10.8
2022-11-15 08:00:00,1181.0,11.0
2022-11-15 09:00:00,1265.0,11.6
2022-11-15 10:00:00,1243.0,12.2
2022-11-15 11:00:00,1134.0,12.9
2022-11-15 12:00:00,1039.0,13.4
2022-11-15 13:00:00,1051.0,14.2
2022-11-15 14:00:00,1044.0,14.5
2022-11-15 15:00:00,1214.0,14.6
2022-11-15 16:00:00,1198.0,14.2
2022-11-15 17:00:00,1246.0,14.0
2022-11-15 18:00:00,1306.0,13.7
2022-11-15 19:00:00,1297.0,13.4
2022-11-15 20:00:00,1222.0,13.3
2022-11-15 21:00:00,1164.0,13.2
2022-11-15 22:00:00,1060.0,13.1
2022-11-15 23:00:00,992.0,13.0
2022-11-16 00:00:00,1088.0,12.8
2022-11-16 01:00:00,996.0,12.7
2022-11-16 02:00:00,935.0,12.5
2022-11-16 03:00:00,952.0,12.5
2022-11-16 04:00:00,917.0,11.7
2022-11-16 05:00:00,896.0,11.4
2022-11-16 06:00:00,976.0,11.0
2022-11-16 07:00:00,1107.0,10.6
2022-11-16 08:00:00,1202.0,10.4
2022-11-16 09:00:00,1245.0,10.6
2022-11-16 10:00:00,1245.0,10.6
2022-11-16 11:00:00,1157.0,11.2
2022-11-16 12:00:00,1019.0,11.4
2022-11-16 13:00:00,1033.0,11.0
2022-11-16 14:00:00,1057.0,11.2
2022-11-16 15:00:00,1171.0,11.8
2022-11-16 16:00:00,1218.0,12.2
2022-11-16 17:00:00,1296.0,12.3
2022-11-16 18:00:00,1220.0,12.1
2022-11-16 19:00:00,1243.0,11.9
2022-11-16 20:00:00,1271.0,11.6
2022-11-16 21:00:00,1157.0,10.9
2022-11-16 22:00:00,1032.0,10.1
2022-11-16 23:00:00,943.0,9.5
2022-11-17 00:00:00,1059.0,9.0
2022-11-17 01:00:00,985.0,9.0
2022-11-17 02:00:00,936.0,9.1
2022-11-17 03:00:00,935.0,8.8
2022-11-17 04:00:00,947.0,9.2
2022-11-17 05:00:00,973.0,9.5
2022-11-17 06:00:00,1047.0,9.8
2022-11-17 07:00:00,1185.0,9.9
2022-11-17 08:00:00,1331.0,10.1
2022-11-17 09:00:00,1353.0,10.6
2022-11-17 10:00:00,1280.0,11.2
2022-11-17 11:00:00,1173.0,11.8
2022-11-17 12:00:00,1107.0,12.6
2022-11-17 13:00:00,1111.0,13.1
2022-11-17 14:00:00,1132.0,13.3
2022-11-17 15:00:00,1265.0,13.1
2022-11-17 16:00:00,1323.0,13.2
2022-11-17 17:00:00,1430.0,13.1
2022-11-17 18:00:00,1346.0,13.0
2022-11-17 19:00:00,1325.0,12.9
2022-11-17 20:00:00,1305.0,12.7
2022-11-17 21:00:00,1199.0,12.6
2022-11-17 22:00:00,1099.0,12.5
2022-11-17 23:00:00,977.0,12.5
2022-11-18 00:00:00,1036.0,12.5
2022-11-18 01:00:00,1008.0,12.5
2022-11-18 02:00:00,955.0,12.4
2022-11-18 03:00:00,946.0,12.3
2022-11-18 04:00:00,962.0,12.3
2022-11-18 05:00:00,939.0,12.1
2022-11-18 06:00:00,983.0,11.8
2022-11-18 07:00:00,1174.0,11.8
2022-11-18 08:00:00,1335.0,11.8
2022-11-18 09:00:00,1342.0,12.1
2022-11-18 10:00:00,1299.0,12.4
2022-11-18 11:00:00,1196.0,12.6
2022-11-18 12:00:00,1157.0,12.8
2022-11-18 13:00:00,1108.0,12.9
2022-11-18 14:00:00,1158.0,12.9
2022-11-18 15:00:00,1242.0,12.9
2022-11-18 16:00:00,1341.0,12.9
2022-11-18 17:00:00,1374.0,12.8
2022-11-18 18:00:00,1361.0,12.6
2022-11-18 19:00:00,1314.0,12.5
2022-11-18 20:00:00,1254.0,12.5
2022-11-18 21:00:00,1157.0,12.3
2022-11-18 22:00:00,1079.0,12.1
2022-11-18 23:00:00,980.0,12.0
2022-11-19 00:00:00,1075.0,12.0
2022-11-19 01:00:00,1015.0,12.0
2022-11-19 02:00:00,984.0,12.1
2022-11-19 03:00:00,970.0,12.1
2022-11-19 04:00:00,965.0,12.1
2022-11-19 05:00:00,978.0,12.1
2022-11-19 06:00:00,1009.0,12.1
2022-11-19 07:00:00,1111.0,12.0
2022-11-19 08:00:00,1293.0,12.2
2022-11-19 09:00:00,1336.0,12.9
2022-11-19 10:00:00,1353.0,13.7
2022-11-19 11:00:00,1207.0,14.2
2022-11-19 12:00:00,1164.0,15.0
2022-11-19 13:00:00,1083.0,15.3
2022-11-19 14:00:00,1145.0,16.1
2022-11-19 15:00:00,1212.0,16.4
2022-11-19 16:00:00,1248.0,16.0
2022-11-19 17:00:00,1382.0,15.7
2022-11-19 18:00:00,1340.0,15.1
2022-11-19 19:00:00,1380.0,14.5
2022-11-19 20:00:00,1253.0,14.1
2022-11-19 21:00:00,1208.0,14.0
2022-11-19 22:00:00,1111.0,13.9
2022-11-19 23:00:00,1008.0,13.7
2022-11-20 00:00:00,1091.0,13.7
2022-11-20 01:00:00,1015.0,13.9
2022-11-20 02:00:00,980.0,13.7
2022-11-20 03:00:00,997.0,13.3
2022-11-20 04:00:00,985.0,13.2
2022-11-20 05:00:00,990.0,13.2
2022-11-20 06:00:00,1028.0,13.0
2022-11-20 07:00:00,1096.0,13.0
2022-11-20 08:00:00,1273.0,13.3
2022-11-20 09:00:00,1312.0,14.3
2022-11-20 10:00:00,1348.0,15.4
2022-11-20 11:00:00,1245.0,16.9
2022-11-20 12:00:00,1098.0,18.8
2022-11-20 13:00:00,1049.0,19.7
2022-11-20 14:00:00,1083.0,19.8
2022-11-20 15:00:00,1160.0,20.3
2022-11-20 16:00:00,1204.0,20.0
2022-11-20 17:00:00,1300.0,18.9
2022-11-20 18:00:00,1310.0,17.9
2022-11-20 19:00:00,1306.0,17.5
2022-11-20 20:00:00,1249.0,17.3
2022-11-20 21:00:00,1155.0,17.0
2022-11-20 22:00:00,1002.0,16.2
2022-11-20 23:00:00,908.0,16.1
2022-11-21 00:00:00,991.0,16.2
2022-11-21 01:00:00,943.0,16.1
2022-11-21 02:00:00,907.0,16.0
2022-11-21 03:00:00,845.0,16.0
2022-11-21 04:00:00,856.0,15.8
2022-11-21 05:00:00,851.0,15.9
2022-11-21 06:00:00,948.0,15.7
2022-11-21 07:00:00,1074.0,15.7
2022-11-21 08:00:00,1159.0,15.8
2022-11-21 09:00:00,1211.0,16.0
2022-11-21 10:00:00,1192.0,16.8
2022-11-21 11:00:00,1065.0,17.5
2022-11-21 12:00:00,990.0,17.1
2022-11-21 13:00:00,989.0,18.1
2022-11-21 14:00:00,1021.0,19.1
2022-11-21 15:00:00,1184.0,18.2
2022-11-21 16:00:00,1165.0,18.2
2022-11-21 17:00:00,1236.0,17.2
2022-11-21 18:00:00,1237.0,16.9
2022-11-21 19:00:00,1286.0,16.5
2022-11-21 20:00:00,1196.0,16.3
2022-11-21 21:00:00,1145.0,16.3
2022-11-21 22:00:00,992.0,16.2
2022-11-21 23:00:00,885.0,16.1
2022-11-22 00:00:00,1019.0,15.9
2022-11-22 01:00:00,939.0,15.3
2022-11-22 02:00:00,892.0,14.9
2022-11-22 03:00:00,871.0,14.5
2022-11-22 04:00:00,844.0,14.2
2022-11-22 05:00:00,874.0,14.1
2022-11-22 06:00:00,950.0,14.0
2022-11-22 07:00:00,1200.0,13.9
2022-11-22 08:00:00,1171.0,14.0
2022-11-22 09:00:00,1226.0,13.9
2022-11-22 10:00:00,1215.0,14.2
2022-11-22 11:00:00,1130.0,14.2
2022-11-22 12:00:00,1096.0,14.4
2022-11-22 13:00:00,1055.0,14.3
2022-11-22 14:00:00,1056.0,13.9
2022-11-22 15:00:00,1174.0,13.8
2022-11-22 16:00:00,1183.0,13.6
2022-11-22 17:00:00,1292.0,13.3
2022-11-22 18:00:00,1267.0,13.1
2022-11-22 19:00:00,1263.0,13.1
2022-11-22 20:00:00,1195.0,12.9
2022-11-22 21:00:00,1125.0,12.8
2022-11-22 22:00:00,1037.0,12.8
2022-11-22 23:00:00,928.0,12.9
2022-11-23 00:00:00,1010.0,12.8
2022-11-23 01:00:00,946.0,12.8
2022-11-23 02:00:00,915.0,12.8
2022-11-23 03:00:00,911.0,12.7
2022-11-23 04:00:00,904.0,12.7
2022-11-23 05:00:00,904.0,12.6
2022-11-23 06:00:00,963.0,12.6
2022-11-23 07:00:00,1070.0,12.6
2022-11-23 08:00:00,1240.0,12.7
2022-11-23 09:00:00,1237.0,13.5
2022-11-23 10:00:00,1220.0,14.2
2022-11-23 11:00:00,1080.0,14.8
2022-11-23 12:00:00,1017.0,15.7
2022-11-23 13:00:00,1035.0,16.3
2022-11-23 14:00:00,1007.0,15.7
2022-11-23 15:00:00,1103.0,16.1
2022-11-23 16:00:00,1201.0,15.9
2022-11-23 17:00:00,1242.0,15.3
2022-11-23 18:00:00,1255.0,14.8
2022-11-23 19:00:00,1226.0,14.5
2022-11-23 20:00:00,1180.0,14.4
2022-11-23 21:00:00,1131.0,14.1
2022-11-23 22:00:00,999.0,14.0
2022-11-23 23:00:00,893.0,13.9
2022-11-24 00:00:00,1013.0,13.8
2022-11-24 01:00:00,936.0,13.6
2022-11-24 02:00:00,932.0,13.2
2022-11-24 03:00:00,858.0,12.8
2022-11-24 04:00:00,859.0,12.7
2022-11-24 05:00:00,840.0,12.7
2022-11-24 06:00:00,905.0,12.7
2022-11-24 07:00:00,1070.0,12.7
2022-11-24 08:00:00,1120.0,12.8
2022-11-24 09:00:00,1137.0,13.2
2022-11-24 10:00:00,1140.0,13.8
2022-11-24 11:00:00,1081.0,14.3
2022-11-24 12:00:00,963.0,15.0
2022-11-24 13:00:00,927.0,15.9
2022-11-24 14:00:00,935.0,16.1
2022-11-24 15:00:00,1074.0,16.2
2022-11-24 16:00:00,1106.0,16.1
2022-11-24 17:00:00,1209.0,15.6
2022-11-24 18:00:00,1163.0,14.9
2022-11-24 19:00:00,1192.0,14.7
2022-11-24 20:00:00,1134.0,14.7
2022-11-24 21:00:00,1050.0,14.7
2022-11-24 22:00:00,960.0,14.6
2022-11-24 23:00:00,889.0,14.5
2022-11-25 00:00:00,974.0,14.2
2022-11-25 01:00:00,891.0,14.3
2022-11-25 02:00:00,855.0,13.8
2022-11-25 03:00:00,847.0,13.2
2022-11-25 04:00:00,840.0,13.4
2022-11-25 05:00:00,846.0,13.1
2022-11-25 06:00:00,896.0,12.5
2022-11-25 07:00:00,1034.0,12.5
2022-11-25 08:00:00,1136.0,13.0
2022-11-25 09:00:00,1138.0,13.6
2022-11-25 10:00:00,1115.0,14.7
2022-11-25 11:00:00,1040.0,17.4
2022-11-25 12:00:00,955.0,18.8
2022-11-25 13:00:00,920.0,20.5
2022-11-25 14:00:00,936.0,22.0
2022-11-25 15:00:00,1070.0,22.7
2022-11-25 16:00:00,1119.0,23.0
2022-11-25 17:00:00,1210.0,22.4
2022-11-25 18:00:00,1164.0,19.9
2022-11-25 19:00:00,1192.0,17.7
2022-11-25 20:00:00,1137.0,16.5
2022-11-25 21:00:00,1053.0,15.8
2022-11-25 22:00:00,974.0,14.8
2022-11-25 23:00:00,878.0,14.3
2022-11-26 00:00:00,974.0,13.9
2022-11-26 01:00:00,920.0,13.7
2022-11-26 02:00:00,890.0,13.2
2022-11-26 03:00:00,876.0,12.7
2022-11-26 04:00:00,866.0,11.8
2022-11-26 05:00:00,882.0,11.9
2022-11-26 06:00:00,928.0,11.9
2022-11-26 07:00:00,1071.0,10.3
2022-11-26 08:00:00,1151.0,10.5
2022-11-26 09:00:00,1158.0,12.3
2022-11-26 10:00:00,1142.0,13.8
2022-11-26 11:00:00,1060.0,17.8
2022-11-26 12:00:00,973.0,20.9
2022-11-26 13:00:00,937.0,22.5
2022-11-26 14:00:00,948.0,24.0
2022-11-26 15:00:00,1080.0,25.6
2022-11-26 16:00:00,1122.0,25.4
2022-11-26 17:00:00,1215.0,24.5
2022-11-26 18:00:00,1181.0,23.0
2022-11-26 19:00:00,1212.0,20.2
2022-11-26 20:00:00,1149.0,18.6
2022-11-26 21:00:00,1079.0,17.6
2022-11-26 22:00:00,986.0,17.0
2022-11-26 23:00:00,912.0,17.6
2022-11-27 00:00:00,996.0,17.7
2022-11-27 01:00:00,931.0,16.5
2022-11-27 02:00:00,889.0,16.4
2022-11-27 03:00:00,883.0,16.2
2022-11-27 04:00:00,871.0,16.3
2022-11-27 05:00:00,880.0,16.2
2022-11-27 06:00:00,930.0,16.2
2022-11-27 07:00:00,1072.0,16.3
2022-11-27 08:00:00,1152.0,16.5
2022-11-27 09:00:00,1164.0,17.2
2022-11-27 10:00:00,1144.0,20.6
2022-11-27 11:00:00,1068.0,22.4
2022-11-27 12:00:00,974.0,23.3
2022-11-27 13:00:00,947.0,23.5
2022-11-27 14:00:00,958.0,24.2
2022-11-27 15:00:00,1089.0,25.7
2022-11-27 16:00:00,1128.0,26.1
2022-11-27 17:00:00,1216.0,24.3
2022-11-27 18:00:00,1182.0,22.7
2022-11-27 19:00:00,1214.0,24.0
2022-11-27 20:00:00,1160.0,25.5
2022-11-27 21:00:00,1081.0,25.6
2022-11-27 22:00:00,989.0,24.2
2022-11-27 23:00:00,914.0,21.2
2022-11-28 00:00:00,1052.0,19.1
2022-11-28 01:00:00,984.0,17.9
2022-11-28 02:00:00,965.0,17.2
2022-11-28 03:00:00,938.0,16.8
2022-11-28 04:00:00,912.0,16.6
2022-11-28 05:00:00,951.0,16.2
2022-11-28 06:00:00,993.0,15.8
2022-11-28 07:00:00,1075.0,16.0
2022-11-28 08:00:00,1170.0,16.4
2022-11-28 09:00:00,1190.0,16.9
2022-11-28 10:00:00,1219.0,17.6
2022-11-28 11:00:00,1005.0,21.2
2022-11-28 12:00:00,950.0,25.0
2022-11-28 13:00:00,911.0,26.9
2022-11-28 14:00:00,936.0,27.6
2022-11-28 15:00:00,1135.0,27.8
2022-11-28 16:00:00,974.0,25.3
2022-11-28 17:00:00,1224.0,20.7
2022-11-28 18:00:00,1175.0,18.7
2022-11-28 19:00:00,1181.0,17.9
2022-11-28 20:00:00,1094.0,17.2
2022-11-28 21:00:00,1050.0,15.9
2022-11-28 22:00:00,938.0,15.2
2022-11-28 23:00:00,911.0,14.6
2022-11-29 00:00:00,999.0,13.2
2022-11-29 01:00:00,935.0,12.7
2022-11-29 02:00:00,936.0,12.3
2022-11-29 03:00:00,895.0,12.0
2022-11-29 04:00:00,895.0,11.7
2022-11-29 05:00:00,904.0,10.8
2022-11-29 06:00:00,952.0,10.2
2022-11-29 07:00:00,1030.0,9.5
2022-11-29 08:00:00,1168.0,9.2
2022-11-29 09:00:00,1249.0,9.3
2022-11-29 10:00:00,1223.0,9.3
2022-11-29 11:00:00,1151.0,9.4
2022-11-29 12:00:00,1056.0,9.6
2022-11-29 13:00:00,1099.0,9.2
2022-11-29 14:00:00,1072.0,9.0
2022-11-29 15:00:00,1217.0,9.0
2022-11-29 16:00:00,1223.0,8.7
2022-11-29 17:00:00,1327.0,8.4
2022-11-29 18:00:00,1259.0,8.0
2022-11-29 19:00:00,1184.0,7.4
2022-11-29 20:00:00,1175.0,7.4
2022-11-29 21:00:00,1058.0,7.3
2022-11-29 22:00:00,984.0,6.7
2022-11-29 23:00:00,923.0,5.9
2022-11-30 00:00:00,1054.0,5.2
2022-11-30 01:00:00,979.0,4.0
2022-11-30 02:00:00,955.0,3.9
2022-11-30 03:00:00,983.0,3.7
2022-11-30 04:00:00,980.0,3.3
2022-11-30 05:00:00,944.0,2.9
2022-11-30 06:00:00,993.0,2.2
2022-11-30 07:00:00,1098.0,1.8
2022-11-30 08:00:00,1294.0,1.6
2022-11-30 09:00:00,1372.0,1.3
2022-11-30 10:00:00,1453.0,1.2
2022-11-30 11:00:00,1279.0,1.1
2022-11-30 12:00:00,1226.0,1.3
2022-11-30 13:00:00,1190.0,1.2
2022-11-30 14:00:00,1181.0,0.9
2022-11-30 15:00:00,1400.0,0.9
2022-11-30 16:00:00,1422.0,0.6
2022-11-30 17:00:00,1539.0,0.3
2022-11-30 18:00:00,1500.0,0.3
2022-11-30 19:00:00,1427.0,0.1
2022-11-30 20:00:00,1393.0,0.0
2022-11-30 21:00:00,1289.0,-0.1
2022-11-30 22:00:00,1171.0,-0.1
2022-11-30 23:00:00,1072.0,-0.2
2022-12-01 00:00:00,1147.0,-0.3
2022-12-01 01:00:00,1051.0,-0.3
2022-12-01 02:00:00,1065.0,-0.6
2022-12-01 03:00:00,1009.0,-1.0
2022-12-01 04:00:00,984.0,-1.2
2022-12-01 05:00:00,984.0,-1.1
2022-12-01 06:00:00,1002.0,-1.0
2022-12-01 07:00:00,1150.0,-1.0
2022-12-01 08:00:00,1312.0,-1.2
2022-12-01 09:00:00,1516.0,-1.1
2022-12-01 10:00:00,1515.0,-0.8
2022-12-01 11:00:00,1386.0,-0.4
2022-12-01 12:00:00,1348.0,-0.1
2022-12-01 13:00:00,1309.0,0.4
2022-12-01 14:00:00,1293.0,0.6
2022-12-01 15:00:00,1484.0,0.7
2022-12-01 16:00:00,1567.0,0.8
2022-12-01 17:00:00,1670.0,0.6
2022-12-01 18:00:00,1631.0,0.5
2022-12-01 19:00:00,1497.0,0.6
2022-12-01 20:00:00,1533.0,0.5
2022-12-01 21:00:00,1385.0,0.6
2022-12-01 22:00:00,1228.0,0.6
2022-12-01 23:00:00,1079.0,0.5
2022-12-02 00:00:00,1126.0,0.5
2022-12-02 01:00:00,1106.0,0.5
2022-12-02 02:00:00,1034.0,0.6
2022-12-02 03:00:00,1005.0,0.5
2022-12-02 04:00:00,1007.0,0.5
2022-12-02 05:00:00,1015.0,0.5
2022-12-02 06:00:00,1032.0,0.5
2022-12-02 07:00:00,1159.0,0.6
2022-12-02 08:00:00,1345.0,0.7
2022-12-02 09:00:00,1519.0,1.2
2022-12-02 10:00:00,1534.0,2.3
2022-12-02 11:00:00,1404.0,3.8
2022-12-02 12:00:00,1335.0,5.3
2022-12-02 13:00:00,1270.0,5.8
2022-12-02 14:00:00,1300.0,6.0
2022-12-02 15:00:00,1457.0,6.0
2022-12-02 16:00:00,1493.0,5.4
2022-12-02 17:00:00,1636.0,5.0
2022-12-02 18:00:00,1566.0,4.7
2022-12-02 19:00:00,1534.0,4.6
2022-12-02 20:00:00,1473.0,4.5
2022-12-02 21:00:00,1381.0,4.6
2022-12-02 22:00:00,1280.0,4.6
2022-12-02 23:00:00,1126.0,4.5
2022-12-03 00:00:00,1148.0,4.6
2022-12-03 01:00:00,1066.0,4.5
2022-12-03 02:00:00,1039.0,4.4
2022-12-03 03:00:00,977.0,4.3
2022-12-03 04:00:00,993.0,4.3
2022-12-03 05:00:00,952.0,4.2
2022-12-03 06:00:00,990.0,4.2
2022-12-03 07:00:00,1042.0,4.2
2022-12-03 08:00:00,1298.0,4.5
2022-12-03 09:00:00,1468.0,5.0
2022-12-03 10:00:00,1453.0,5.9
2022-12-03 11:00:00,1391.0,6.2
2022-12-03 12:00:00,1333.0,6.7
2022-12-03 13:00:00,1290.0,7.0
2022-12-03 14:00:00,1258.0,7.0
2022-12-03 15:00:00,1423.0,6.9
2022-12-03 16:00:00,1473.0,6.7
2022-12-03 17:00:00,1597.0,6.3
2022-12-03 18:00:00,1574.0,6.0
2022-12-03 19:00:00,1478.0,5.9
2022-12-03 20:00:00,1456.0,5.7
2022-12-03 21:00:00,1368.0,5.4
2022-12-03 22:00:00,1289.0,5.1
2022-12-03 23:00:00,1146.0,4.9
2022-12-04 00:00:00,1179.0,4.8
2022-12-04 01:00:00,1082.0,4.6
2022-12-04 02:00:00,1044.0,4.2
2022-12-04 03:00:00,1041.0,3.7
2022-12-04 04:00:00,985.0,3.5
2022-12-04 05:00:00,1009.0,3.3
2022-12-04 06:00:00,1014.0,3.3
2022-12-04 07:00:00,1096.0,3.0
2022-12-04 08:00:00,1339.0,3.2
2022-12-04 09:00:00,1523.0,3.6
2022-12-04 10:00:00,1514.0,4.4
2022-12-04 11:00:00,1525.0,5.3
2022-12-04 12:00:00,1449.0,5.4
2022-12-04 13:00:00,1407.0,5.8
2022-12-04 14:00:00,1382.0,6.0
2022-12-04 15:00:00,1577.0,6.4
2022-12-04 16:00:00,1597.0,6.1
2022-12-04 17:00:00,1654.0,5.9
2022-12-04 18:00:00,1604.0,5.6
2022-12-04 19:00:00,1577.0,5.4
2022-12-04 20:00:00,1547.0,5.3
2022-12-04 21:00:00,1423.0,5.1
2022-12-04 22:00:00,1304.0,5.0
2022-12-04 23:00:00,1119.0,4.9
2022-12-05 00:00:00,1173.0,4.8
2022-12-05 01:00:00,1031.0,4.6
2022-12-05 02:00:00,1025.0,4.4
2022-12-05 03:00:00,992.0,4.3
2022-12-05 04:00:00,1014.0,4.1
2022-12-05 05:00:00,983.0,3.8
2022-12-05 06:00:00,1023.0,3.7
2022-12-05 07:00:00,1177.0,3.7
2022-12-05 08:00:00,1432.0,3.7
2022-12-05 09:00:00,1578.0,4.4
2022-12-05 10:00:00,1512.0,5.5
2022-12-05 11:00:00,1411.0,6.5
2022-12-05 12:00:00,1357.0,7.4
2022-12-05 13:00:00,1312.0,8.9
2022-12-05 14:00:00,1270.0,9.0
2022-12-05 15:00:00,1472.0,9.3
2022-12-05 16:00:00,1508.0,9.3
2022-12-05 17:00:00,1577.0,8.7
2022-12-05 18:00:00,1433.0,8.0
2022-12-05 19:00:00,1581.0,7.5
2022-12-05 20:00:00,1474.0,6.6
2022-12-05 21:00:00,1447.0,6.6
2022-12-05 22:00:00,1332.0,5.1
2022-12-05 23:00:00,1148.0,3.1
2022-12-06 00:00:00,1178.0,3.5
2022-12-06 01:00:00,1052.0,1.7
2022-12-06 02:00:00,986.0,1.0
2022-12-06 03:00:00,954.0,1.1
2022-12-06 04:00:00,957.0,0.3
2022-12-06 05:00:00,985.0,-0.2
2022-12-06 06:00:00,1026.0,0.0
2022-12-06 07:00:00,1179.0,-0.4
2022-12-06 08:00:00,1438.0,0.1
2022-12-06 09:00:00,1585.0,2.6
2022-12-06 10:00:00,1517.0,4.2
2022-12-06 11:00:00,1463.0,5.5
2022-12-06 12:00:00,1342.0,6.2
2022-12-06 13:00:00,1359.0,7.0
2022-12-06 14:00:00,1331.0,8.2
2022-12-06 15:00:00,1544.0,8.1
2022-12-06 16:00:00,1538.0,8.0
2022-12-06 17:00:00,1702.0,7.6
2022-12-06 18:00:00,1538.0,7.2
2022-12-06 19:00:00,1549.0,7.0
2022-12-06 20:00:00,1495.0,6.7
2022-12-06 21:00:00,1380.0,6.5
2022-12-06 22:00:00,1281.0,6.3
2022-12-06 23:00:00,1119.0,6.3
2022-12-07 00:00:00,1156.0,6.2
2022-12-07 01:00:00,1107.0,6.1
2022-12-07 02:00:00,1069.0,6.3
2022-12-07 03:00:00,1027.0,6.1
2022-12-07 04:00:00,1020.0,6.1
2022-12-07 05:00:00,1009.0,5.9
2022-12-07 06:00:00,1080.0,5.6
2022-12-07 07:00:00,1198.0,5.6
2022-12-07 08:00:00,1390.0,5.6
2022-12-07 09:00:00,1543.0,6.2
2022-12-07 10:00:00,1530.0,7.1
2022-12-07 11:00:00,1406.0,7.8
2022-12-07 12:00:00,1389.0,8.4
2022-12-07 13:00:00,1364.0,8.7
2022-12-07 14:00:00,1326.0,9.2
2022-12-07 15:00:00,1504.0,9.1
2022-12-07 16:00:00,1555.0,8.8
2022-12-07 17:00:00,1610.0,8.4
2022-12-07 18:00:00,1497.0,8.0
2022-12-07 19:00:00,1524.0,7.7
2022-12-07 20:00:00,1492.0,7.6
2022-12-07 21:00:00,1392.0,7.4
2022-12-07 22:00:00,1252.0,7.2
2022-12-07 23:00:00,1122.0,7.1
2022-12-08 00:00:00,1202.0,7.0
2022-12-08 01:00:00,1079.0,6.9
2022-12-08 02:00:00,1080.0,6.9
2022-12-08 03:00:00,989.0,6.8
2022-12-08 04:00:00,999.0,6.7
2022-12-08 05:00:00,990.0,6.8
2022-12-08 06:00:00,1056.0,6.7
2022-12-08 07:00:00,1148.0,6.5
2022-12-08 08:00:00,1368.0,6.7
2022-12-08 09:00:00,1511.0,7.4
2022-12-08 10:00:00,1512.0,8.2
2022-12-08 11:00:00,1388.0,8.7
2022-12-08 12:00:00,1349.0,9.3
2022-12-08 13:00:00,1327.0,9.5
2022-12-08 14:00:00,1293.0,9.8
2022-12-08 15:00:00,1560.0,10.2
2022-12-08 16:00:00,1588.0,10.3
2022-12-08 17:00:00,1618.0,10.1
2022-12-08 18:00:00,1494.0,9.8
2022-12-08 19:00:00,1531.0,9.3
2022-12-08 20:00:00,1570.0,8.9
2022-12-08 21:00:00,1434.0,8.5
2022-12-08 22:00:00,1285.0,8.2
2022-12-08 23:00:00,1114.0,8.1
2022-12-09 00:00:00,1176.0,7.9
2022-12-09 01:00:00,1104.0,8.0
2022-12-09 02:00:00,1059.0,7.8
2022-12-09 03:00:00,1026.0,7.8
2022-12-09 04:00:00,1017.0,7.5
2022-12-09 05:00:00,1017.0,7.6
2022-12-09 06:00:00,1056.0,7.6
2022-12-09 07:00:00,1211.0,7.3
2022-12-09 08:00:00,1362.0,7.2
2022-12-09 09:00:00,1503.0,7.9
2022-12-09 10:00:00,1462.0,8.9
2022-12-09 11:00:00,1403.0,10.1
2022-12-09 12:00:00,1328.0,10.7
2022-12-09 13:00:00,1311.0,11.4
2022-12-09 14:00:00,1257.0,11.8
2022-12-09 15:00:00,1505.0,12.2
2022-12-09 16:00:00,1532.0,12.1
2022-12-09 17:00:00,1530.0,11.5
2022-12-09 18:00:00,1451.0,10.9
2022-12-09 19:00:00,1470.0,10.2
2022-12-09 20:00:00,1429.0,9.7
2022-12-09 21:00:00,1346.0,9.4
2022-12-09 22:00:00,1267.0,9.2
2022-12-09 23:00:00,1110.0,8.8
2022-12-10 00:00:00,1177.0,8.7
2022-12-10 01:00:00,1079.0,8.6
2022-12-10 02:00:00,1034.0,8.6
2022-12-10 03:00:00,1013.0,8.5
2022-12-10 04:00:00,982.0,8.6
2022-12-10 05:00:00,978.0,8.4
2022-12-10 06:00:00,1019.0,7.8
2022-12-10 07:00:00,1119.0,7.7
2022-12-10 08:00:00,1299.0,7.8
2022-12-10 09:00:00,1452.0,8.1
2022-12-10 10:00:00,1445.0,8.9
2022-12-10 11:00:00,1348.0,9.7
2022-12-10 12:00:00,1355.0,10.7
2022-12-10 13:00:00,1242.0,12.5
2022-12-10 14:00:00,1201.0,14.4
2022-12-10 15:00:00,1398.0,14.5
2022-12-10 16:00:00,1448.0,14.4
2022-12-10 17:00:00,1507.0,13.5
2022-12-10 18:00:00,1420.0,12.3
2022-12-10 19:00:00,1437.0,11.6
2022-12-10 20:00:00,1447.0,11.2
2022-12-10 21:00:00,1327.0,11.3
2022-12-10 22:00:00,1248.0,11.1
2022-12-10 23:00:00,1146.0,10.8
2022-12-11 00:00:00,1176.0,10.7
2022-12-11 01:00:00,1130.0,10.6
2022-12-11 02:00:00,1061.0,10.4
2022-12-11 03:00:00,1021.0,10.2
2022-12-11 04:00:00,1013.0,9.5
2022-12-11 05:00:00,1000.0,8.2
2022-12-11 06:00:00,1064.0,7.4
2022-12-11 07:00:00,1134.0,6.7
2022-12-11 08:00:00,1323.0,6.3
2022-12-11 09:00:00,1524.0,6.3
2022-12-11 10:00:00,1457.0,6.9
2022-12-11 11:00:00,1394.0,8.4
2022-12-11 12:00:00,1332.0,9.5
2022-12-11 13:00:00,1251.0,10.3
2022-12-11 14:00:00,1254.0,10.4
2022-12-11 15:00:00,1425.0,10.6
2022-12-11 16:00:00,1510.0,10.3
2022-12-11 17:00:00,1502.0,9.3
2022-12-11 18:00:00,1474.0,8.7
2022-12-11 19:00:00,1470.0,8.2
2022-12-11 20:00:00,1478.0,8.0
2022-12-11 21:00:00,1348.0,7.8
2022-12-11 22:00:00,1269.0,7.8
2022-12-11 23:00:00,1106.0,7.6
2022-12-12 00:00:00,1174.0,7.1
2022-12-12 01:00:00,1083.0,6.7
2022-12-12 02:00:00,1037.0,6.5
2022-12-12 03:00:00,1003.0,6.2
2022-12-12 04:00:00,999.0,5.7
2022-12-12 05:00:00,1009.0,5.5
2022-12-12 06:00:00,1083.0,4.9
2022-12-12 07:00:00,1258.0,4.7
2022-12-12 08:00:00,1447.0,4.1
2022-12-12 09:00:00,1555.0,5.7
2022-12-12 10:00:00,1491.0,7.8
2022-12-12 11:00:00,1386.0,8.8
2022-12-12 12:00:00,1236.0,9.8
2022-12-12 13:00:00,1243.0,11.5
2022-12-12 14:00:00,1214.0,12.8
2022-12-12 15:00:00,1391.0,13.1
2022-12-12 16:00:00,1507.0,13.0
2022-12-12 17:00:00,1517.0,12.0
2022-12-12 18:00:00,1467.0,9.8
2022-12-12 19:00:00,1516.0,7.2
2022-12-12 20:00:00,1464.0,7.0
2022-12-12 21:00:00,1394.0,4.6
2022-12-12 22:00:00,1300.0,4.6
2022-12-12 23:00:00,1154.0,3.6
2022-12-13 00:00:00,1239.0,2.9
2022-12-13 01:00:00,1117.0,3.3
2022-12-13 02:00:00,1090.0,2.8
2022-12-13 03:00:00,1042.0,1.7
2022-12-13 04:00:00,1046.0,0.4
2022-12-13 05:00:00,1043.0,0.7
2022-12-13 06:00:00,1150.0,1.2
2022-12-13 07:00:00,1279.0,-0.7
2022-12-13 08:00:00,1490.0,-0.8
2022-12-13 09:00:00,1650.0,2.4
2022-12-13 10:00:00,1580.0,6.6
2022-12-13 11:00:00,1374.0,9.2
2022-12-13 12:00:00,1319.0,11.2
2022-12-13 13:00:00,1308.0,12.3
2022-12-13 14:00:00,1289.0,13.2
2022-12-13 15:00:00,1413.0,14.2
2022-12-13 16:00:00,1504.0,14.3
2022-12-13 17:00:00,1595.0,13.3
2022-12-13 18:00:00,1511.0,11.3
2022-12-13 19:00:00,1518.0,10.1
2022-12-13 20:00:00,1514.0,8.3
2022-12-13 21:00:00,1416.0,7.2
2022-12-13 22:00:00,1336.0,5.8
2022-12-13 23:00:00,1208.0,7.1
2022-12-14 00:00:00,1254.0,7.2
2022-12-14 01:00:00,1127.0,6.8
2022-12-14 02:00:00,1077.0,6.7
2022-12-14 03:00:00,1052.0,5.6
2022-12-14 04:00:00,1073.0,4.6
2022-12-14 05:00:00,1066.0,3.8
2022-12-14 06:00:00,1118.0,4.2
2022-12-14 07:00:00,1275.0,2.9
2022-12-14 08:00:00,1505.0,2.5
2022-12-14 09:00:00,1652.0,4.6
2022-12-14 10:00:00,1514.0,8.1
2022-12-14 11:00:00,1401.0,10.5
2022-12-14 12:00:00,1340.0,13.0
2022-12-14 13:00:00,1259.0,12.6
2022-12-14 14:00:00,1215.0,13.7
2022-12-14 15:00:00,1452.0,13.2
2022-12-14 16:00:00,1554.0,13.2
2022-12-14 17:00:00,1584.0,11.2
2022-12-14 18:00:00,1552.0,9.8
2022-12-14 19:00:00,1504.0,8.7
2022-12-14 20:00:00,1538.0,6.5
2022-12-14 21:00:00,1386.0,5.4
2022-12-14 22:00:00,1303.0,4.3
2022-12-14 23:00:00,1143.0,4.9
2022-12-15 00:00:00,1206.0,4.9
2022-12-15 01:00:00,1110.0,5.3
2022-12-15 02:00:00,1070.0,5.3
2022-12-15 03:00:00,1018.0,4.9
2022-12-15 04:00:00,1016.0,4.8
2022-12-15 05:00:00,1031.0,5.2
2022-12-15 06:00:00,1090.0,5.5
2022-12-15 07:00:00,1222.0,5.6
2022-12-15 08:00:00,1432.0,5.7
2022-12-15 09:00:00,1565.0,6.6
2022-12-15 10:00:00,1516.0,7.5
2022-12-15 11:00:00,1423.0,8.7
2022-12-15 12:00:00,1386.0,10.3
2022-12-15 13:00:00,1317.0,11.2
2022-12-15 14:00:00,1283.0,11.3
2022-12-15 15:00:00,1504.0,11.3
2022-12-15 16:00:00,1544.0,11.0
2022-12-15 17:00:00,1627.0,10.3
2022-12-15 18:00:00,1553.0,9.5
2022-12-15 19:00:00,1541.0,8.9
2022-12-15 20:00:00,1521.0,8.8
2022-12-15 21:00:00,1407.0,8.5
2022-12-15 22:00:00,1244.0,8.5
2022-12-15 23:00:00,1134.0,8.4
2022-12-16 00:00:00,1208.0,8.2
2022-12-16 01:00:00,1108.0,8.1
2022-12-16 02:00:00,1093.0,7.9
2022-12-16 03:00:00,1043.0,8.2
2022-12-16 04:00:00,1042.0,8.1
2022-12-16 05:00:00,983.0,7.9
2022-12-16 06:00:00,1108.0,7.5
2022-12-16 07:00:00,1248.0,7.4
2022-12-16 08:00:00,1429.0,7.5
2022-12-16 09:00:00,1656.0,7.5
2022-12-16 10:00:00,1566.0,7.9
2022-12-16 11:00:00,1488.0,8.4
2022-12-16 12:00:00,1414.0,8.8
2022-12-16 13:00:00,1372.0,8.5
2022-12-16 14:00:00,1401.0,8.0
2022-12-16 15:00:00,1552.0,7.6
2022-12-16 16:00:00,1608.0,7.2
2022-12-16 17:00:00,1738.0,6.7
2022-12-16 18:00:00,1624.0,6.6
2022-12-16 19:00:00,1630.0,6.3
2022-12-16 20:00:00,1568.0,6.1
2022-12-16 21:00:00,1468.0,5.9
2022-12-16 22:00:00,1325.0,5.7
2022-12-16 23:00:00,1192.0,5.5
2022-12-17 00:00:00,1299.0,5.2
2022-12-17 01:00:00,1178.0,5.2
2022-12-17 02:00:00,1135.0,5.1
2022-12-17 03:00:00,1066.0,4.9
2022-12-17 04:00:00,1017.0,4.6
2022-12-17 05:00:00,1023.0,4.7
2022-12-17 06:00:00,1086.0,4.2
2022-12-17 07:00:00,1164.0,4.1
2022-12-17 08:00:00,1419.0,4.0
2022-12-17 09:00:00,1631.0,4.6
2022-12-17 10:00:00,1629.0,4.9
2022-12-17 11:00:00,1496.0,6.6
2022-12-17 12:00:00,1388.0,7.3
2022-12-17 13:00:00,1330.0,8.7
2022-12-17 14:00:00,1334.0,9.1
2022-12-17 15:00:00,1480.0,9.6
2022-12-17 16:00:00,1573.0,9.0
2022-12-17 17:00:00,1625.0,8.4
2022-12-17 18:00:00,1550.0,7.0
2022-12-17 19:00:00,1553.0,6.0
2022-12-17 20:00:00,1559.0,3.1
2022-12-17 21:00:00,1473.0,2.5
2022-12-17 22:00:00,1344.0,1.4
2022-12-17 23:00:00,1190.0,0.3
2022-12-18 00:00:00,1254.0,0.6
2022-12-18 01:00:00,1157.0,0.1
2022-12-18 02:00:00,1085.0,-0.6
2022-12-18 03:00:00,1069.0,-1.1
2022-12-18 04:00:00,1104.0,-1.0
2022-12-18 05:00:00,1055.0,-1.7
2022-12-18 06:00:00,1091.0,-2.5
2022-12-18 07:00:00,1182.0,-2.6
2022-12-18 08:00:00,1447.0,-2.7
2022-12-18 09:00:00,1650.0,0.3
2022-12-18 10:00:00,1606.0,3.2
2022-12-18 11:00:00,1486.0,5.4
2022-12-18 12:00:00,1350.0,7.7
2022-12-18 13:00:00,1315.0,9.7
2022-12-18 14:00:00,1364.0,10.1
2022-12-18 15:00:00,1554.0,10.4
2022-12-18 16:00:00,1590.0,10.5
2022-12-18 17:00:00,1651.0,9.8
2022-12-18 18:00:00,1549.0,8.9
2022-12-18 19:00:00,1630.0,8.2
2022-12-18 20:00:00,1561.0,7.2
2022-12-18 21:00:00,1455.0,7.4
2022-12-18 22:00:00,1291.0,6.8
2022-12-18 23:00:00,1193.0,6.6
2022-12-19 00:00:00,1231.0,6.1
2022-12-19 01:00:00,1160.0,6.0
2022-12-19 02:00:00,1079.0,5.2
2022-12-19 03:00:00,1072.0,3.4
2022-12-19 04:00:00,1063.0,2.7
2022-12-19 05:00:00,1039.0,2.9
2022-12-19 06:00:00,1049.0,2.0
2022-12-19 07:00:00,1242.0,0.7
2022-12-19 08:00:00,1485.0,0.4
2022-12-19 09:00:00,1665.0,3.3
2022-12-19 10:00:00,1651.0,7.7
2022-12-19 11:00:00,1458.0,10.5
2022-12-19 12:00:00,1342.0,12.7
2022-12-19 13:00:00,1322.0,14.2
2022-12-19 14:00:00,1268.0,14.9
2022-12-19 15:00:00,1467.0,15.6
2022-12-19 16:00:00,1578.0,16.0
2022-12-19 17:00:00,1618.0,15.1
2022-12-19 18:00:00,1570.0,13.1
2022-12-19 19:00:00,1600.0,10.7
2022-12-19 20:00:00,1468.0,8.5
2022-12-19 21:00:00,1381.0,7.7
2022-12-19 22:00:00,1276.0,6.5
2022-12-19 23:00:00,1140.0,5.9
2022-12-20 00:00:00,1190.0,6.5
2022-12-20 01:00:00,1125.0,6.9
2022-12-20 02:00:00,1090.0,6.9
2022-12-20 03:00:00,1037.0,7.2
2022-12-20 04:00:00,1040.0,7.1
2022-12-20 05:00:00,1029.0,7.1
2022-12-20 06:00:00,1075.0,6.8
2022-12-20 07:00:00,1135.0,6.9
2022-12-20 08:00:00,1365.0,6.9
2022-12-20 09:00:00,1591.0,7.6
2022-12-20 10:00:00,1635.0,8.4
2022-12-20 11:00:00,1497.0,9.8
2022-12-20 12:00:00,1445.0,10.2
2022-12-20 13:00:00,1357.0,12.1
2022-12-20 14:00:00,1380.0,11.2
2022-12-20 15:00:00,1567.0,10.3
2022-12-20 16:00:00,1587.0,10.4
2022-12-20 17:00:00,1643.0,10.0
2022-12-20 18:00:00,1528.0,9.3
2022-12-20 19:00:00,1536.0,8.8
2022-12-20 20:00:00,1470.0,8.5
2022-12-20 21:00:00,1375.0,7.5
2022-12-20 22:00:00,1221.0,6.9
2022-12-20 23:00:00,1103.0,5.4
2022-12-21 00:00:00,1160.0,5.2
2022-12-21 01:00:00,1085.0,4.1
2022-12-21 02:00:00,1048.0,2.2
2022-12-21 03:00:00,1031.0,1.7
2022-12-21 04:00:00,1073.0,1.2
2022-12-21 05:00:00,1008.0,0.5
2022-12-21 06:00:00,1048.0,0.2
2022-12-21 07:00:00,1142.0,-0.3
2022-12-21 08:00:00,1427.0,-0.2
2022-12-21 09:00:00,1701.0,2.3
2022-12-21 10:00:00,1598.0,7.3
2022-12-21 11:00:00,1422.0,11.0
2022-12-21 12:00:00,1336.0,12.9
2022-12-21 13:00:00,1280.0,13.8
2022-12-21 14:00:00,1284.0,14.9
2022-12-21 15:00:00,1389.0,16.1
2022-12-21 16:00:00,1492.0,15.4
2022-12-21 17:00:00,1524.0,14.7
2022-12-21 18:00:00,1495.0,11.9
2022-12-21 19:00:00,1521.0,8.9
2022-12-21 20:00:00,1500.0,7.3
2022-12-21 21:00:00,1349.0,6.0
2022-12-21 22:00:00,1200.0,5.4
2022-12-21 23:00:00,1074.0,3.8
2022-12-22 00:00:00,1132.0,4.3
2022-12-22 01:00:00,1051.0,3.2
2022-12-22 02:00:00,1067.0,3.5
2022-12-22 03:00:00,1033.0,3.7
2022-12-22 04:00:00,1026.0,2.3
2022-12-22 05:00:00,1012.0,2.5
2022-12-22 06:00:00,1025.0,2.6
2022-12-22 07:00:00,1064.0,1.0
2022-12-22 08:00:00,1383.0,1.2
2022-12-22 09:00:00,1631.0,4.3
2022-12-22 10:00:00,1638.0,7.9
2022-12-22 11:00:00,1365.0,10.9
2022-12-22 12:00:00,1271.0,13.4
2022-12-22 13:00:00,1302.0,14.5
2022-12-22 14:00:00,1291.0,14.2
2022-12-22 15:00:00,1437.0,14.2
2022-12-22 16:00:00,1453.0,14.0
2022-12-22 17:00:00,1594.0,13.5
2022-12-22 18:00:00,1484.0,12.8
2022-12-22 19:00:00,1536.0,12.2
2022-12-22 20:00:00,1415.0,11.7
2022-12-22 21:00:00,1355.0,11.2
2022-12-22 22:00:00,1178.0,10.4
2022-12-22 23:00:00,981.0,9.9
2022-12-23 00:00:00,1109.0,9.4
2022-12-23 01:00:00,1037.0,8.7
2022-12-23 02:00:00,1027.0,8.7
2022-12-23 03:00:00,1021.0,7.9
2022-12-23 04:00:00,1027.0,8.5
2022-12-23 05:00:00,994.0,8.1
2022-12-23 06:00:00,1030.0,8.0
2022-12-23 07:00:00,1046.0,7.1
2022-12-23 08:00:00,1297.0,6.5
2022-12-23 09:00:00,1559.0,7.8
2022-12-23 10:00:00,1593.0,9.1
2022-12-23 11:00:00,1416.0,10.5
2022-12-23 12:00:00,1357.0,12.0
2022-12-23 13:00:00,1317.0,13.3
2022-12-23 14:00:00,1263.0,13.4
2022-12-23 15:00:00,1393.0,13.0
2022-12-23 16:00:00,1493.0,12.8
2022-12-23 17:00:00,1521.0,12.4
2022-12-23 18:00:00,1483.0,11.4
2022-12-23 19:00:00,1511.0,10.6
2022-12-23 20:00:00,1409.0,9.9
2022-12-23 21:00:00,1278.0,8.5
2022-12-23 22:00:00,1143.0,8.4
2022-12-23 23:00:00,982.0,8.2
2022-12-24 00:00:00,1091.0,8.1
2022-12-24 01:00:00,1020.0,7.9
2022-12-24 02:00:00,996.0,7.8
2022-12-24 03:00:00,972.0,7.8
2022-12-24 04:00:00,947.0,7.5
2022-12-24 05:00:00,1003.0,5.8
2022-12-24 06:00:00,1014.0,5.3
2022-12-24 07:00:00,1080.0,5.1
2022-12-24 08:00:00,1306.0,5.0
2022-12-24 09:00:00,1547.0,6.2
2022-12-24 10:00:00,1577.0,8.5
2022-12-24 11:00:00,1333.0,11.0
2022-12-24 12:00:00,1224.0,13.6
2022-12-24 13:00:00,1249.0,14.6
2022-12-24 14:00:00,1157.0,16.4
2022-12-24 15:00:00,1308.0,16.8
2022-12-24 16:00:00,1408.0,16.8
2022-12-24 17:00:00,1492.0,15.4
2022-12-24 18:00:00,1345.0,13.5
2022-12-24 19:00:00,1453.0,11.0
2022-12-24 20:00:00,1343.0,10.8
2022-12-24 21:00:00,1236.0,8.8
2022-12-24 22:00:00,1103.0,7.8
2022-12-24 23:00:00,960.0,7.0
2022-12-25 00:00:00,1064.0,6.5
2022-12-25 01:00:00,991.0,5.9
2022-12-25 02:00:00,971.0,5.8
2022-12-25 03:00:00,963.0,6.0
2022-12-25 04:00:00,952.0,6.2
2022-12-25 05:00:00,995.0,6.4
2022-12-25 06:00:00,969.0,6.4
2022-12-25 07:00:00,1045.0,6.6
2022-12-25 08:00:00,1239.0,6.4
2022-12-25 09:00:00,1529.0,6.8
2022-12-25 10:00:00,1623.0,7.7
2022-12-25 11:00:00,1393.0,8.4
2022-12-25 12:00:00,1341.0,8.9
2022-12-25 13:00:00,1296.0,8.9
2022-12-25 14:00:00,1290.0,9.0
2022-12-25 15:00:00,1417.0,8.2
2022-12-25 16:00:00,1527.0,8.0
2022-12-25 17:00:00,1578.0,7.6
2022-12-25 18:00:00,1473.0,7.2
2022-12-25 19:00:00,1503.0,6.7
2022-12-25 20:00:00,1373.0,6.6
2022-12-25 21:00:00,1248.0,6.5
2022-12-25 22:00:00,1113.0,6.3
2022-12-25 23:00:00,979.0,6.2
2022-12-26 00:00:00,1073.0,5.9
2022-12-26 01:00:00,977.0,5.7
2022-12-26 02:00:00,936.0,5.5
2022-12-26 03:00:00,947.0,5.3
2022-12-26 04:00:00,968.0,5.2
2022-12-26 05:00:00,952.0,5.1
2022-12-26 06:00:00,981.0,4.9
2022-12-26 07:00:00,1045.0,4.9
2022-12-26 08:00:00,1252.0,4.8
2022-12-26 09:00:00,1561.0,5.1
2022-12-26 10:00:00,1588.0,5.9
2022-12-26 11:00:00,1447.0,6.7
2022-12-26 12:00:00,1414.0,7.3
2022-12-26 13:00:00,1377.0,7.7
2022-12-26 14:00:00,1326.0,8.4
2022-12-26 15:00:00,1402.0,7.9
2022-12-26 16:00:00,1507.0,8.1
2022-12-26 17:00:00,1562.0,7.9
2022-12-26 18:00:00,1523.0,7.3
2022-12-26 19:00:00,1476.0,6.9
2022-12-26 20:00:00,1351.0,6.6
2022-12-26 21:00:00,1247.0,6.3
2022-12-26 22:00:00,1118.0,6.2
2022-12-26 23:00:00,998.0,5.9
2022-12-27 00:00:00,1071.0,5.8
2022-12-27 01:00:00,960.0,5.7
2022-12-27 02:00:00,932.0,5.2
2022-12-27 03:00:00,923.0,5.0
2022-12-27 04:00:00,907.0,4.6
2022-12-27 05:00:00,946.0,3.3
2022-12-27 06:00:00,925.0,3.2
2022-12-27 07:00:00,972.0,3.2
2022-12-27 08:00:00,1179.0,3.2
2022-12-27 09:00:00,1471.0,3.3
2022-12-27 10:00:00,1612.0,3.6
2022-12-27 11:00:00,1479.0,3.6
2022-12-27 12:00:00,1421.0,3.6
2022-12-27 13:00:00,1400.0,3.5
2022-12-27 14:00:00,1399.0,3.4
2022-12-27 15:00:00,1496.0,3.2
2022-12-27 16:00:00,1587.0,3.0
2022-12-27 17:00:00,1704.0,2.7
2022-12-27 18:00:00,1558.0,2.2
2022-12-27 19:00:00,1578.0,2.0
2022-12-27 20:00:00,1516.0,1.9
2022-12-27 21:00:00,1420.0,2.3
2022-12-27 22:00:00,1301.0,2.2
2022-12-27 23:00:00,1160.0,2.2
2022-12-28 00:00:00,1200.0,2.2
2022-12-28 01:00:00,1144.0,2.2
2022-12-28 02:00:00,1109.0,1.8
2022-12-28 03:00:00,1083.0,1.5
2022-12-28 04:00:00,1080.0,1.0
2022-12-28 05:00:00,1077.0,0.3
2022-12-28 06:00:00,1107.0,0.5
2022-12-28 07:00:00,1198.0,0.5
2022-12-28 08:00:00,1432.0,0.1
2022-12-28 09:00:00,1645.0,0.0
2022-12-28 10:00:00,1639.0,0.3
2022-12-28 11:00:00,1509.0,0.5
2022-12-28 12:00:00,1438.0,1.4
2022-12-28 13:00:00,1404.0,1.5
2022-12-28 14:00:00,1377.0,2.0
2022-12-28 15:00:00,1530.0,2.3
2022-12-28 16:00:00,1597.0,2.6
2022-12-28 17:00:00,1673.0,2.7
2022-12-28 18:00:00,1590.0,2.6
2022-12-28 19:00:00,1605.0,2.5
2022-12-28 20:00:00,1539.0,2.4
2022-12-28 21:00:00,1435.0,2.4
2022-12-28 22:00:00,1313.0,2.4
2022-12-28 23:00:00,1163.0,2.5
2022-12-29 00:00:00,1040.0,2.4
2022-12-29 01:00:00,943.0,2.4
2022-12-29 02:00:00,964.0,2.3
2022-12-29 03:00:00,963.0,2.3
2022-12-29 04:00:00,919.0,2.2
2022-12-29 05:00:00,880.0,2.3
2022-12-29 06:00:00,902.0,2.3
2022-12-29 07:00:00,986.0,2.2
2022-12-29 08:00:00,1231.0,2.4
2022-12-29 09:00:00,1559.0,2.7
2022-12-29 10:00:00,1602.0,3.2
2022-12-29 11:00:00,1502.0,3.8
2022-12-29 12:00:00,1487.0,4.1
2022-12-29 13:00:00,1500.0,4.7
2022-12-29 14:00:00,1357.0,5.0
2022-12-29 15:00:00,1437.0,5.5
2022-12-29 16:00:00,1537.0,5.8
2022-12-29 17:00:00,1650.0,5.5
2022-12-29 18:00:00,1502.0,4.9
2022-12-29 19:00:00,1506.0,4.6
2022-12-29 20:00:00,1436.0,4.4
2022-12-29 21:00:00,1292.0,4.2
2022-12-29 22:00:00,1179.0,3.7
2022-12-29 23:00:00,1016.0,3.2
2022-12-30 00:00:00,1050.0,1.2
2022-12-30 01:00:00,944.0,0.6
2022-12-30 02:00:00,927.0,-0.1
2022-12-30 03:00:00,881.0,-0.4
2022-12-30 04:00:00,921.0,-1.1
2022-12-30 05:00:00,875.0,-1.8
2022-12-30 06:00:00,932.0,-1.5
2022-12-30 07:00:00,983.0,-1.4
2022-12-30 08:00:00,1266.0,-1.9
2022-12-30 09:00:00,1486.0,-0.2
2022-12-30 10:00:00,1649.0,1.6
2022-12-30 11:00:00,1622.0,4.2
2022-12-30 12:00:00,1365.0,7.4
2022-12-30 13:00:00,1329.0,9.5
2022-12-30 14:00:00,1301.0,9.4
2022-12-30 15:00:00,1381.0,10.5
2022-12-30 16:00:00,1456.0,10.8
2022-12-30 17:00:00,1565.0,10.2
2022-12-30 18:00:00,1423.0,8.0
2022-12-30 19:00:00,1471.0,5.6
2022-12-30 20:00:00,1430.0,3.3
2022-12-30 21:00:00,1286.0,2.2
2022-12-30 22:00:00,1197.0,2.3
2022-12-30 23:00:00,1044.0,1.9
2022-12-31 00:00:00,1118.0,1.6
2022-12-31 01:00:00,997.0,1.0
2022-12-31 02:00:00,967.0,0.6
2022-12-31 03:00:00,927.0,0.5
2022-12-31 04:00:00,883.0,-0.2
2022-12-31 05:00:00,943.0,0.5
2022-12-31 06:00:00,932.0,0.6
2022-12-31 07:00:00,1008.0,1.2
2022-12-31 08:00:00,1241.0,1.5
2022-12-31 09:00:00,1523.0,2.2
2022-12-31 10:00:00,1659.0,2.8
2022-12-31 11:00:00,1457.0,3.6
2022-12-31 12:00:00,1412.0,5.0
2022-12-31 13:00:00,1341.0,6.3
2022-12-31 14:00:00,1370.0,6.6
2022-12-31 15:00:00,1457.0,6.4
2022-12-31 16:00:00,1531.0,6.2
2022-12-31 17:00:00,1631.0,5.4
2022-12-31 18:00:00,1504.0,4.9
2022-12-31 19:00:00,1460.0,4.8
2022-12-31 20:00:00,1378.0,4.8
2022-12-31 21:00:00,1274.0,4.7
2022-12-31 22:00:00,1168.0,4.6
2022-12-31 23:00:00,1021.0,4.7
2023-01-01 00:00:00,1146.0,4.7
2023-01-01 01:00:00,1039.0,4.7
2023-01-01 02:00:00,1018.0,4.7
2023-01-01 03:00:00,896.0,4.6
2023-01-01 04:00:00,940.0,4.4
2023-01-01 05:00:00,949.0,4.4
2023-01-01 06:00:00,936.0,4.4
2023-01-01 07:00:00,1018.0,4.3
2023-01-01 08:00:00,1181.0,4.4
2023-01-01 09:00:00,1537.0,4.6
2023-01-01 10:00:00,1641.0,5.0
2023-01-01 11:00:00,1582.0,5.3
2023-01-01 12:00:00,1383.0,5.9
2023-01-01 13:00:00,1361.0,5.9
2023-01-01 14:00:00,1386.0,5.9
2023-01-01 15:00:00,1532.0,5.7
2023-01-01 16:00:00,1511.0,5.8
2023-01-01 17:00:00,1566.0,5.7
2023-01-01 18:00:00,1593.0,5.6
2023-01-01 19:00:00,1465.0,5.5
2023-01-01 20:00:00,1430.0,5.4
2023-01-01 21:00:00,1396.0,5.2
2023-01-01 22:00:00,1303.0,5.0
2023-01-01 23:00:00,1110.0,5.0
2023-01-02 00:00:00,1120.0,4.9
2023-01-02 01:00:00,1012.0,4.7
2023-01-02 02:00:00,1004.0,4.5
2023-01-02 03:00:00,937.0,4.4
2023-01-02 04:00:00,951.0,4.4
2023-01-02 05:00:00,965.0,4.4
2023-01-02 06:00:00,969.0,4.3
2023-01-02 07:00:00,984.0,4.2
2023-01-02 08:00:00,1162.0,4.2
2023-01-02 09:00:00,1468.0,4.3
2023-01-02 10:00:00,1715.0,4.3
2023-01-02 11:00:00,1655.0,4.5
2023-01-02 12:00:00,1416.0,4.9
2023-01-02 13:00:00,1416.0,4.9
2023-01-02 14:00:00,1441.0,5.1
2023-01-02 15:00:00,1541.0,5.2
2023-01-02 16:00:00,1582.0,5.4
2023-01-02 17:00:00,1727.0,5.4
2023-01-02 18:00:00,1555.0,5.2
2023-01-02 19:00:00,1562.0,5.1
2023-01-02 20:00:00,1481.0,4.9
2023-01-02 21:00:00,1407.0,4.8
2023-01-02 22:00:00,1266.0,4.8
2023-01-02 23:00:00,1178.0,4.8
2023-01-03 00:00:00,1134.0,4.8
2023-01-03 01:00:00,1084.0,4.7
2023-01-03 02:00:00,1017.0,4.6
2023-01-03 03:00:00,951.0,4.6
2023-01-03 04:00:00,952.0,4.5
2023-01-03 05:00:00,948.0,4.4
2023-01-03 06:00:00,968.0,4.1
2023-01-03 07:00:00,999.0,4.1
2023-01-03 08:00:00,1237.0,4.3
2023-01-03 09:00:00,1568.0,4.7
2023-01-03 10:00:00,1682.0,5.8
2023-01-03 11:00:00,1538.0,7.2
2023-01-03 12:00:00,1429.0,8.2
2023-01-03 13:00:00,1378.0,9.1
2023-01-03 14:00:00,1377.0,9.6
2023-01-03 15:00:00,1569.0,10.0
2023-01-03 16:00:00,1585.0,10.1
2023-01-03 17:00:00,1669.0,9.6
2023-01-03 18:00:00,1668.0,9.2
2023-01-03 19:00:00,1545.0,8.5
2023-01-03 20:00:00,1412.0,7.7
2023-01-03 21:00:00,1380.0,7.5
2023-01-03 22:00:00,1249.0,7.2
2023-01-03 23:00:00,1123.0,6.9
2023-01-04 00:00:00,1185.0,6.7
2023-01-04 01:00:00,1030.0,6.7
2023-01-04 02:00:00,969.0,6.6
2023-01-04 03:00:00,943.0,6.3
2023-01-04 04:00:00,939.0,6.3
2023-01-04 05:00:00,892.0,6.1
2023-01-04 06:00:00,979.0,6.1
2023-01-04 07:00:00,1037.0,6.0
2023-01-04 08:00:00,1201.0,5.9
2023-01-04 09:00:00,1537.0,6.4
2023-01-04 10:00:00,1634.0,7.7
2023-01-04 11:00:00,1481.0,8.9
2023-01-04 12:00:00,1354.0,9.9
2023-01-04 13:00:00,1358.0,10.1
2023-01-04 14:00:00,1307.0,10.2
2023-01-04 15:00:00,1481.0,10.9
2023-01-04 16:00:00,1546.0,10.9
2023-01-04 17:00:00,1566.0,10.3
2023-01-04 18:00:00,1455.0,9.7
2023-01-04 19:00:00,1518.0,9.4
2023-01-04 20:00:00,1371.0,8.5
2023-01-04 21:00:00,1346.0,8.4
2023-01-04 22:00:00,1198.0,8.2
2023-01-04 23:00:00,1050.0,8.1
2023-01-05 00:00:00,1124.0,7.9
2023-01-05 01:00:00,1014.0,8.0
2023-01-05 02:00:00,973.0,7.9
2023-01-05 03:00:00,927.0,8.0
2023-01-05 04:00:00,935.0,7.6
2023-01-05 05:00:00,915.0,7.4
2023-01-05 06:00:00,947.0,7.5
2023-01-05 07:00:00,1003.0,7.6
2023-01-05 08:00:00,1217.0,7.7
2023-01-05 09:00:00,1492.0,7.8
2023-01-05 10:00:00,1579.0,8.3
2023-01-05 11:00:00,1450.0,8.9
2023-01-05 12:00:00,1330.0,9.7
2023-01-05 13:00:00,1266.0,11.1
2023-01-05 14:00:00,1312.0,11.7
2023-01-05 15:00:00,1498.0,12.1
2023-01-05 16:00:00,1536.0,12.7
2023-01-05 17:00:00,1556.0,12.1
2023-01-05 18:00:00,1432.0,11.2
2023-01-05 19:00:00,1449.0,10.7
2023-01-05 20:00:00,1339.0,10.3
2023-01-05 21:00:00,1289.0,10.2
2023-01-05 22:00:00,1195.0,9.7
2023-01-05 23:00:00,1024.0,9.6
2023-01-06 00:00:00,1094.0,8.8
2023-01-06 01:00:00,1006.0,8.0
2023-01-06 02:00:00,983.0,6.4
2023-01-06 03:00:00,908.0,5.3
2023-01-06 04:00:00,904.0,4.6
2023-01-06 05:00:00,885.0,3.9
2023-01-06 06:00:00,953.0,3.4
2023-01-06 07:00:00,1040.0,3.1
2023-01-06 08:00:00,1311.0,3.0
2023-01-06 09:00:00,1550.0,4.8
2023-01-06 10:00:00,1573.0,7.5
2023-01-06 11:00:00,1329.0,10.5
2023-01-06 12:00:00,1214.0,13.1
2023-01-06 13:00:00,1239.0,14.4
2023-01-06 14:00:00,1145.0,15.9
2023-01-06 15:00:00,1399.0,16.6
2023-01-06 16:00:00,1442.0,16.7
2023-01-06 17:00:00,1435.0,16.3
2023-01-06 18:00:00,1292.0,14.6
2023-01-06 19:00:00,1426.0,11.0
2023-01-06 20:00:00,1328.0,9.5
2023-01-06 21:00:00,1297.0,8.1
2023-01-06 22:00:00,1162.0,7.1
2023-01-06 23:00:00,1062.0,6.5
2023-01-07 00:00:00,1078.0,5.9
2023-01-07 01:00:00,998.0,6.1
2023-01-07 02:00:00,951.0,5.0
2023-01-07 03:00:00,905.0,3.8
2023-01-07 04:00:00,932.0,3.5
2023-01-07 05:00:00,900.0,3.4
2023-01-07 06:00:00,916.0,3.8
2023-01-07 07:00:00,1007.0,3.4
2023-01-07 08:00:00,1245.0,3.1
2023-01-07 09:00:00,1487.0,4.6
2023-01-07 10:00:00,1543.0,7.7
2023-01-07 11:00:00,1321.0,10.4
2023-01-07 12:00:00,1240.0,12.9
2023-01-07 13:00:00,1118.0,16.2
2023-01-07 14:00:00,1161.0,18.3
2023-01-07 15:00:00,1307.0,18.9
2023-01-07 16:00:00,1375.0,20.1
2023-01-07 17:00:00,1428.0,19.7
2023-01-07 18:00:00,1310.0,17.5
2023-01-07 19:00:00,1394.0,13.0
2023-01-07 20:00:00,1324.0,10.8
2023-01-07 21:00:00,1253.0,9.5
2023-01-07 22:00:00,1175.0,8.2
2023-01-07 23:00:00,1008.0,7.1
2023-01-08 00:00:00,1091.0,6.5
2023-01-08 01:00:00,982.0,6.0
2023-01-08 02:00:00,941.0,5.9
2023-01-08 03:00:00,903.0,4.4
2023-01-08 04:00:00,898.0,4.1
2023-01-08 05:00:00,871.0,4.0
2023-01-08 06:00:00,879.0,3.0
2023-01-08 07:00:00,1004.0,2.7
2023-01-08 08:00:00,1216.0,2.8
2023-01-08 09:00:00,1514.0,4.9
2023-01-08 10:00:00,1458.0,8.3
2023-01-08 11:00:00,1266.0,11.4
2023-01-08 12:00:00,1142.0,14.4
2023-01-08 13:00:00,1147.0,17.3
2023-01-08 14:00:00,1088.0,19.4
2023-01-08 15:00:00,1279.0,21.1
2023-01-08 16:00:00,1345.0,21.8
2023-01-08 17:00:00,1375.0,21.2
2023-01-08 18:00:00,1304.0,18.4
2023-01-08 19:00:00,1378.0,14.4
2023-01-08 20:00:00,1295.0,11.8
2023-01-08 21:00:00,1223.0,11.1
2023-01-08 22:00:00,1187.0,9.9
2023-01-08 23:00:00,1006.0,8.7
2023-01-09 00:00:00,1030.0,8.8
2023-01-09 01:00:00,986.0,7.5
2023-01-09 02:00:00,876.0,6.5
2023-01-09 03:00:00,852.0,6.9
2023-01-09 04:00:00,868.0,5.7
2023-01-09 05:00:00,897.0,5.7
2023-01-09 06:00:00,913.0,4.5
2023-01-09 07:00:00,991.0,4.3
2023-01-09 08:00:00,1279.0,4.2
2023-01-09 09:00:00,1508.0,6.5
2023-01-09 10:00:00,1488.0,10.1
2023-01-09 11:00:00,1254.0,13.6
2023-01-09 12:00:00,1207.0,16.6
2023-01-09 13:00:00,1103.0,18.9
2023-01-09 14:00:00,1102.0,20.2
2023-01-09 15:00:00,1246.0,20.6
2023-01-09 16:00:00,1374.0,20.6
2023-01-09 17:00:00,1388.0,19.6
2023-01-09 18:00:00,1257.0,18.1
2023-01-09 19:00:00,1401.0,15.2
2023-01-09 20:00:00,1305.0,14.2
2023-01-09 21:00:00,1211.0,12.8
2023-01-09 22:00:00,1132.0,10.6
2023-01-09 23:00:00,1011.0,11.1
2023-01-10 00:00:00,1050.0,10.0
2023-01-10 01:00:00,939.0,9.8
2023-01-10 02:00:00,897.0,9.0
2023-01-10 03:00:00,888.0,8.1
2023-01-10 04:00:00,871.0,7.5
2023-01-10 05:00:00,874.0,6.9
2023-01-10 06:00:00,916.0,6.6
2023-01-10 07:00:00,950.0,5.5
2023-01-10 08:00:00,1251.0,5.6
2023-01-10 09:00:00,1499.0,6.4
2023-01-10 10:00:00,1459.0,9.2
2023-01-10 11:00:00,1238.0,11.7
2023-01-10 12:00:00,1160.0,13.3
2023-01-10 13:00:00,1140.0,14.8
2023-01-10 14:00:00,1070.0,16.1
2023-01-10 15:00:00,1283.0,16.3
2023-01-10 16:00:00,1409.0,16.1
2023-01-10 17:00:00,1391.0,15.4
2023-01-10 18:00:00,1263.0,14.1
2023-01-10 19:00:00,1332.0,11.0
2023-01-10 20:00:00,1327.0,9.4
2023-01-10 21:00:00,1240.0,9.0
2023-01-10 22:00:00,1136.0,8.4
2023-01-10 23:00:00,1013.0,7.2
2023-01-11 00:00:00,1059.0,6.3
2023-01-11 01:00:00,984.0,5.8
2023-01-11 02:00:00,914.0,5.1
2023-01-11 03:00:00,894.0,5.0
2023-01-11 04:00:00,884.0,5.2
2023-01-11 05:00:00,890.0,5.1
2023-01-11 06:00:00,915.0,5.3
2023-01-11 07:00:00,970.0,5.6
2023-01-11 08:00:00,1254.0,5.1
2023-01-11 09:00:00,1496.0,6.1
2023-01-11 10:00:00,1460.0,9.2
2023-01-11 11:00:00,1259.0,10.6
2023-01-11 12:00:00,1140.0,12.3
2023-01-11 13:00:00,1110.0,13.1
2023-01-11 14:00:00,1098.0,14.7
2023-01-11 15:00:00,1204.0,16.6
2023-01-11 16:00:00,1385.0,16.6
2023-01-11 17:00:00,1380.0,16.4
2023-01-11 18:00:00,1275.0,15.4
2023-01-11 19:00:00,1368.0,13.2
2023-01-11 20:00:00,1304.0,13.2
2023-01-11 21:00:00,1279.0,13.0
2023-01-11 22:00:00,1172.0,12.6
2023-01-11 23:00:00,976.0,12.4
2023-01-12 00:00:00,1034.0,12.2
2023-01-12 01:00:00,934.0,12.7
2023-01-12 02:00:00,868.0,13.1
2023-01-12 03:00:00,838.0,12.5
2023-01-12 04:00:00,843.0,12.4
2023-01-12 05:00:00,850.0,12.0
2023-01-12 06:00:00,861.0,10.9
2023-01-12 07:00:00,960.0,10.4
2023-01-12 08:00:00,1224.0,9.7
2023-01-12 09:00:00,1402.0,11.0
2023-01-12 10:00:00,1294.0,15.6
2023-01-12 11:00:00,1138.0,19.0
2023-01-12 12:00:00,1125.0,22.0
2023-01-12 13:00:00,1149.0,24.2
2023-01-12 14:00:00,1080.0,25.2
2023-01-12 15:00:00,1247.0,26.3
2023-01-12 16:00:00,1255.0,25.9
2023-01-12 17:00:00,1238.0,25.3
2023-01-12 18:00:00,1187.0,23.0
2023-01-12 19:00:00,1299.0,21.5
2023-01-12 20:00:00,1286.0,20.9
2023-01-12 21:00:00,1189.0,19.9
2023-01-12 22:00:00,1128.0,18.8
2023-01-12 23:00:00,940.0,18.9
2023-01-13 00:00:00,1028.0,18.8
2023-01-13 01:00:00,901.0,17.8
2023-01-13 02:00:00,799.0,17.8
2023-01-13 03:00:00,812.0,17.3
2023-01-13 04:00:00,792.0,15.7
2023-01-13 05:00:00,814.0,14.5
2023-01-13 06:00:00,817.0,15.2
2023-01-13 07:00:00,943.0,15.9
2023-01-13 08:00:00,1171.0,15.1
2023-01-13 09:00:00,1341.0,15.3
2023-01-13 10:00:00,1250.0,17.5
2023-01-13 11:00:00,1101.0,22.0
2023-01-13 12:00:00,1048.0,23.2
2023-01-13 13:00:00,1071.0,23.4
2023-01-13 14:00:00,986.0,23.5
2023-01-13 15:00:00,1218.0,23.1
2023-01-13 16:00:00,1286.0,19.8
2023-01-13 17:00:00,1296.0,19.7
2023-01-13 18:00:00,1206.0,17.8
2023-01-13 19:00:00,1313.0,15.2
2023-01-13 20:00:00,1294.0,13.4
2023-01-13 21:00:00,1218.0,12.0
2023-01-13 22:00:00,1091.0,11.0
2023-01-13 23:00:00,977.0,10.8
2023-01-14 00:00:00,1006.0,10.8
2023-01-14 01:00:00,901.0,10.5
2023-01-14 02:00:00,878.0,10.2
2023-01-14 03:00:00,791.0,9.6
2023-01-14 04:00:00,803.0,9.5
2023-01-14 05:00:00,796.0,9.4
2023-01-14 06:00:00,861.0,9.1
2023-01-14 07:00:00,912.0,8.9
2023-01-14 08:00:00,1118.0,9.0
2023-01-14 09:00:00,1423.0,7.7
2023-01-14 10:00:00,1419.0,7.4
2023-01-14 11:00:00,1290.0,7.0
2023-01-14 12:00:00,1272.0,6.7
2023-01-14 13:00:00,1246.0,6.4
2023-01-14 14:00:00,1247.0,6.1
2023-01-14 15:00:00,1389.0,5.6
2023-01-14 16:00:00,1497.0,5.2
2023-01-14 17:00:00,1545.0,4.6
2023-01-14 18:00:00,1372.0,4.0
2023-01-14 19:00:00,1440.0,3.8
2023-01-14 20:00:00,1396.0,3.6
2023-01-14 21:00:00,1302.0,2.9
2023-01-14 22:00:00,1216.0,2.7
2023-01-14 23:00:00,1078.0,2.5
2023-01-15 00:00:00,1164.0,2.2
2023-01-15 01:00:00,998.0,2.3
2023-01-15 02:00:00,966.0,2.3
2023-01-15 03:00:00,863.0,2.0
2023-01-15 04:00:00,917.0,1.9
2023-01-15 05:00:00,861.0,1.9
2023-01-15 06:00:00,916.0,1.5
2023-01-15 07:00:00,960.0,1.4
2023-01-15 08:00:00,1206.0,1.2
2023-01-15 09:00:00,1584.0,0.6
2023-01-15 10:00:00,1585.0,0.5
2023-01-15 11:00:00,1447.0,0.4
2023-01-15 12:00:00,1446.0,0.4
2023-01-15 13:00:00,1349.0,0.5
2023-01-15 14:00:00,1339.0,0.6
2023-01-15 15:00:00,1476.0,0.5
2023-01-15 16:00:00,1581.0,0.3
2023-01-15 17:00:00,1713.0,0.2
2023-01-15 18:00:00,1534.0,0.1
2023-01-15 19:00:00,1587.0,0.0
2023-01-15 20:00:00,1538.0,0.1
2023-01-15 21:00:00,1508.0,0.1
2023-01-15 22:00:00,1456.0,0.0
2023-01-15 23:00:00,1211.0,0.0
2023-01-16 00:00:00,1194.0,-0.3
2023-01-16 01:00:00,1040.0,-0.2
2023-01-16 02:00:00,957.0,-0.1
2023-01-16 03:00:00,929.0,-0.1
2023-01-16 04:00:00,917.0,-0.2
2023-01-16 05:00:00,843.0,-0.2
2023-01-16 06:00:00,843.0,-0.2
2023-01-16 07:00:00,895.0,-0.3
2023-01-16 08:00:00,1186.0,-0.3
2023-01-16 09:00:00,1634.0,0.0
2023-01-16 10:00:00,1681.0,0.6
2023-01-16 11:00:00,1501.0,1.6
2023-01-16 12:00:00,1389.0,2.2
2023-01-16 13:00:00,1478.0,2.5
2023-01-16 14:00:00,1364.0,2.8
2023-01-16 15:00:00,1489.0,3.2
2023-01-16 16:00:00,1637.0,3.0
2023-01-16 17:00:00,1626.0,2.7
2023-01-16 18:00:00,1589.0,2.4
2023-01-16 19:00:00,1621.0,2.2
2023-01-16 20:00:00,1561.0,2.0
2023-01-16 21:00:00,1550.0,1.9
2023-01-16 22:00:00,1430.0,1.7
2023-01-16 23:00:00,1260.0,1.5
2023-01-17 00:00:00,1140.0,1.4
2023-01-17 01:00:00,1013.0,1.2
2023-01-17 02:00:00,877.0,1.2
2023-01-17 03:00:00,848.0,1.1
2023-01-17 04:00:00,801.0,0.9
2023-01-17 05:00:00,798.0,0.8
2023-01-17 06:00:00,831.0,0.6
2023-01-17 07:00:00,921.0,0.6
2023-01-17 08:00:00,1229.0,0.6
2023-01-17 09:00:00,1589.0,1.4
2023-01-17 10:00:00,1584.0,2.3
2023-01-17 11:00:00,1545.0,3.4
2023-01-17 12:00:00,1389.0,4.2
2023-01-17 13:00:00,1404.0,4.6
2023-01-17 14:00:00,1323.0,4.7
2023-01-17 15:00:00,1431.0,5.0
2023-01-17 16:00:00,1466.0,5.1
2023-01-17 17:00:00,1556.0,5.0
2023-01-17 18:00:00,1495.0,4.6
2023-01-17 19:00:00,1562.0,4.3
2023-01-17 20:00:00,1528.0,3.9
2023-01-17 21:00:00,1485.0,3.6
2023-01-17 22:00:00,1460.0,3.2
2023-01-17 23:00:00,1232.0,3.0
2023-01-18 00:00:00,1116.0,3.0
2023-01-18 01:00:00,962.0,2.8
2023-01-18 02:00:00,870.0,2.7
2023-01-18 03:00:00,829.0,2.6
2023-01-18 04:00:00,796.0,2.7
2023-01-18 05:00:00,801.0,2.7
2023-01-18 06:00:00,825.0,2.4
2023-01-18 07:00:00,909.0,2.3
2023-01-18 08:00:00,1246.0,2.3
2023-01-18 09:00:00,1607.0,2.6
2023-01-18 10:00:00,1654.0,3.5
2023-01-18 11:00:00,1555.0,4.9
2023-01-18 12:00:00,1443.0,6.3
2023-01-18 13:00:00,1493.0,7.1
2023-01-18 14:00:00,1345.0,7.4
2023-01-18 15:00:00,1463.0,7.6
2023-01-18 16:00:00,1598.0,7.4
2023-01-18 17:00:00,1615.0,6.8
2023-01-18 18:00:00,1582.0,6.2
2023-01-18 19:00:00,1626.0,5.7
2023-01-18 20:00:00,1579.0,5.5
2023-01-18 21:00:00,1528.0,5.1
2023-01-18 22:00:00,1471.0,5.1
2023-01-18 23:00:00,1300.0,4.9
2023-01-19 00:00:00,1158.0,4.7
2023-01-19 01:00:00,1017.0,4.9
2023-01-19 02:00:00,892.0,4.4
2023-01-19 03:00:00,793.0,4.3
2023-01-19 04:00:00,805.0,4.3
2023-01-19 05:00:00,764.0,4.2
2023-01-19 06:00:00,789.0,4.3
2023-01-19 07:00:00,873.0,3.9
2023-01-19 08:00:00,1234.0,3.9
2023-01-19 09:00:00,1588.0,4.8
2023-01-19 10:00:00,1518.0,7.2
2023-01-19 11:00:00,1347.0,9.3
2023-01-19 12:00:00,1279.0,10.5
2023-01-19 13:00:00,1208.0,11.4
2023-01-19 14:00:00,1127.0,12.4
2023-01-19 15:00:00,1229.0,12.8
2023-01-19 16:00:00,1291.0,12.9
2023-01-19 17:00:00,1358.0,12.7
2023-01-19 18:00:00,1373.0,11.2
2023-01-19 19:00:00,1466.0,8.0
2023-01-19 20:00:00,1465.0,6.4
2023-01-19 21:00:00,1382.0,6.2
2023-01-19 22:00:00,1350.0,4.8
2023-01-19 23:00:00,1234.0,3.8
2023-01-20 00:00:00,1148.0,3.7
2023-01-20 01:00:00,952.0,2.1
2023-01-20 02:00:00,840.0,2.6
2023-01-20 03:00:00,802.0,3.6
2023-01-20 04:00:00,758.0,3.0
2023-01-20 05:00:00,748.0,3.9
2023-01-20 06:00:00,788.0,4.1
2023-01-20 07:00:00,834.0,4.0
2023-01-20 08:00:00,1141.0,4.0
2023-01-20 09:00:00,1486.0,4.2
2023-01-20 10:00:00,1521.0,5.0
2023-01-20 11:00:00,1411.0,5.6
2023-01-20 12:00:00,1367.0,6.9
2023-01-20 13:00:00,1302.0,8.3
2023-01-20 14:00:00,1247.0,8.2
2023-01-20 15:00:00,1455.0,8.5
2023-01-20 16:00:00,1430.0,8.1
2023-01-20 17:00:00,1480.0,7.8
2023-01-20 18:00:00,1429.0,7.2
2023-01-20 19:00:00,1476.0,6.8
2023-01-20 20:00:00,1485.0,6.5
2023-01-20 21:00:00,1396.0,6.4
2023-01-20 22:00:00,1381.0,6.2
2023-01-20 23:00:00,1199.0,5.9
2023-01-21 00:00:00,1077.0,5.8
2023-01-21 01:00:00,915.0,5.7
2023-01-21 02:00:00,759.0,5.5
2023-01-21 03:00:00,714.0,5.2
2023-01-21 04:00:00,705.0,5.2
2023-01-21 05:00:00,658.0,5.1
2023-01-21 06:00:00,707.0,4.7
2023-01-21 07:00:00,846.0,4.8
2023-01-21 08:00:00,1180.0,4.9
2023-01-21 09:00:00,1474.0,5.0
2023-01-21 10:00:00,1494.0,5.5
2023-01-21 11:00:00,1473.0,6.5
2023-01-21 12:00:00,1518.0,7.0
2023-01-21 13:00:00,1554.0,6.8
2023-01-21 14:00:00,1516.0,6.9
2023-01-21 15:00:00,1543.0,6.7
2023-01-21 16:00:00,1516.0,6.3
2023-01-21 17:00:00,1466.0,5.4
2023-01-21 18:00:00,1494.0,4.5
2023-01-21 19:00:00,1533.0,4.0
2023-01-21 20:00:00,1515.0,4.0
2023-01-21 21:00:00,1430.0,4.2
2023-01-21 22:00:00,1373.0,4.1
2023-01-21 23:00:00,1310.0,4.0
2023-01-22 00:00:00,1268.0,4.1
2023-01-22 01:00:00,1030.0,4.0
2023-01-22 02:00:00,823.0,4.1
2023-01-22 03:00:00,739.0,4.1
2023-01-22 04:00:00,700.0,4.1
2023-01-22 05:00:00,657.0,4.0
2023-01-22 06:00:00,685.0,4.0
2023-01-22 07:00:00,720.0,3.9
2023-01-22 08:00:00,944.0,4.0
2023-01-22 09:00:00,1176.0,4.1
2023-01-22 10:00:00,1296.0,4.3
2023-01-22 11:00:00,1205.0,4.5
2023-01-22 12:00:00,1140.0,4.5
2023-01-22 13:00:00,1089.0,4.6
2023-01-22 14:00:00,1058.0,4.8
2023-01-22 15:00:00,1133.0,5.1
2023-01-22 16:00:00,1172.0,5.5
2023-01-22 17:00:00,1179.0,5.6
2023-01-22 18:00:00,1191.0,5.6
2023-01-22 19:00:00,1213.0,5.3
2023-01-22 20:00:00,1208.0,5.3
2023-01-22 21:00:00,1204.0,5.2
2023-01-22 22:00:00,1163.0,5.3
2023-01-22 23:00:00,1084.0,5.4
2023-01-23 00:00:00,970.0,5.4
2023-01-23 01:00:00,869.0,5.3
2023-01-23 02:00:00,756.0,5.2
2023-01-23 03:00:00,709.0,4.9
2023-01-23 04:00:00,689.0,4.7
2023-01-23 05:00:00,697.0,4.7
2023-01-23 06:00:00,677.0,4.5
2023-01-23 07:00:00,731.0,4.1
2023-01-23 08:00:00,949.0,4.0
2023-01-23 09:00:00,1308.0,4.0
2023-01-23 10:00:00,1397.0,4.1
2023-01-23 11:00:00,1321.0,4.3
2023-01-23 12:00:00,1220.0,4.7
2023-01-23 13:00:00,1157.0,4.8
2023-01-23 14:00:00,1174.0,4.8
2023-01-23 15:00:00,1299.0,5.3
2023-01-23 16:00:00,1231.0,5.4
2023-01-23 17:00:00,1265.0,5.3
2023-01-23 18:00:00,1299.0,5.2
2023-01-23 19:00:00,1308.0,5.3
2023-01-23 20:00:00,1315.0,5.5
2023-01-23 21:00:00,1287.0,5.5
2023-01-23 22:00:00,1264.0,5.0
2023-01-23 23:00:00,1186.0,5.1
2023-01-24 00:00:00,1070.0,5.0
2023-01-24 01:00:00,924.0,4.8
2023-01-24 02:00:00,811.0,4.8
2023-01-24 03:00:00,738.0,4.6
2023-01-24 04:00:00,727.0,4.7
2023-01-24 05:00:00,699.0,3.8
2023-01-24 06:00:00,689.0,4.2
2023-01-24 07:00:00,770.0,3.9
2023-01-24 08:00:00,1045.0,3.6
2023-01-24 09:00:00,1377.0,4.3
2023-01-24 10:00:00,1412.0,5.6
2023-01-24 11:00:00,1241.0,6.4
2023-01-24 12:00:00,1171.0,7.3
2023-01-24 13:00:00,1059.0,8.5
2023-01-24 14:00:00,1019.0,8.8
2023-01-24 15:00:00,1133.0,9.6
2023-01-24 16:00:00,1212.0,9.4
2023-01-24 17:00:00,1219.0,8.6
2023-01-24 18:00:00,1257.0,7.1
2023-01-24 19:00:00,1346.0,5.3
2023-01-24 20:00:00,1387.0,4.3
2023-01-24 21:00:00,1333.0,2.8
2023-01-24 22:00:00,1368.0,2.4
2023-01-24 23:00:00,1238.0,1.4
2023-01-25 00:00:00,1164.0,1.1
2023-01-25 01:00:00,968.0,-0.2
2023-01-25 02:00:00,868.0,-0.9
2023-01-25 03:00:00,820.0,-1.4
2023-01-25 04:00:00,780.0,-1.5
2023-01-25 05:00:00,720.0,-2.2
2023-01-25 06:00:00,747.0,-3.0
2023-01-25 07:00:00,802.0,-3.1
2023-01-25 08:00:00,1108.0,-3.2
2023-01-25 09:00:00,1474.0,-1.1
2023-01-25 10:00:00,1460.0,1.8
2023-01-25 11:00:00,1348.0,1.7
2023-01-25 12:00:00,1311.0,2.2
2023-01-25 13:00:00,1313.0,3.6
2023-01-25 14:00:00,1265.0,4.1
2023-01-25 15:00:00,1343.0,5.0
2023-01-25 16:00:00,1388.0,5.1
2023-01-25 17:00:00,1398.0,5.5
2023-01-25 18:00:00,1422.0,5.0
2023-01-25 19:00:00,1484.0,4.5
2023-01-25 20:00:00,1470.0,4.2
2023-01-25 21:00:00,1412.0,3.9
2023-01-25 22:00:00,1375.0,3.8
2023-01-25 23:00:00,1219.0,3.6
2023-01-26 00:00:00,1158.0,3.6
2023-01-26 01:00:00,990.0,3.5
2023-01-26 02:00:00,888.0,3.2
2023-01-26 03:00:00,783.0,1.2
2023-01-26 04:00:00,758.0,0.6
2023-01-26 05:00:00,734.0,1.3
2023-01-26 06:00:00,749.0,1.6
2023-01-26 07:00:00,811.0,1.9
2023-01-26 08:00:00,1068.0,2.1
2023-01-26 09:00:00,1468.0,2.7
2023-01-26 10:00:00,1556.0,3.5
2023-01-26 11:00:00,1436.0,4.1
2023-01-26 12:00:00,1406.0,4.6
2023-01-26 13:00:00,1314.0,5.0
2023-01-26 14:00:00,1252.0,5.6
2023-01-26 15:00:00,1422.0,5.7
2023-01-26 16:00:00,1470.0,5.7
2023-01-26 17:00:00,1454.0,5.6
2023-01-26 18:00:00,1463.0,5.4
2023-01-26 19:00:00,1540.0,5.2
2023-01-26 20:00:00,1505.0,5.3
2023-01-26 21:00:00,1429.0,4.9
2023-01-26 22:00:00,1374.0,4.7
2023-01-26 23:00:00,1224.0,5.1
2023-01-27 00:00:00,1205.0,5.2
2023-01-27 01:00:00,977.0,5.0
2023-01-27 02:00:00,852.0,4.6
2023-01-27 03:00:00,814.0,4.4
2023-01-27 04:00:00,767.0,4.3
2023-01-27 05:00:00,758.0,4.1
2023-01-27 06:00:00,790.0,4.0
2023-01-27 07:00:00,807.0,3.9
2023-01-27 08:00:00,1101.0,3.3
2023-01-27 09:00:00,1486.0,3.7
2023-01-27 10:00:00,1525.0,4.9
2023-01-27 11:00:00,1464.0,6.1
2023-01-27 12:00:00,1325.0,7.4
2023-01-27 13:00:00,1223.0,9.3
2023-01-27 14:00:00,1165.0,11.0
2023-01-27 15:00:00,1278.0,10.8
2023-01-27 16:00:00,1335.0,11.0
2023-01-27 17:00:00,1404.0,10.4
2023-01-27 18:00:00,1365.0,8.9
2023-01-27 19:00:00,1484.0,6.3
2023-01-27 20:00:00,1496.0,4.6
2023-01-27 21:00:00,1487.0,3.3
2023-01-27 22:00:00,1401.0,2.6
2023-01-27 23:00:00,1272.0,1.3
2023-01-28 00:00:00,1173.0,0.2
2023-01-28 01:00:00,1003.0,0.0
2023-01-28 02:00:00,893.0,-0.5
2023-01-28 03:00:00,803.0,-0.3
2023-01-28 04:00:00,784.0,-1.1
2023-01-28 05:00:00,782.0,-1.8
2023-01-28 06:00:00,774.0,-1.6
2023-01-28 07:00:00,844.0,-2.3
2023-01-28 08:00:00,1160.0,-2.7
2023-01-28 09:00:00,1575.0,0.7
2023-01-28 10:00:00,1643.0,1.6
2023-01-28 11:00:00,1514.0,2.7
2023-01-28 12:00:00,1455.0,4.0
2023-01-28 13:00:00,1398.0,5.0
2023-01-28 14:00:00,1237.0,5.8
2023-01-28 15:00:00,1421.0,6.5
2023-01-28 16:00:00,1507.0,6.7
2023-01-28 17:00:00,1519.0,6.6
2023-01-28 18:00:00,1509.0,6.2
2023-01-28 19:00:00,1539.0,5.7
2023-01-28 20:00:00,1567.0,4.5
2023-01-28 21:00:00,1477.0,3.9
2023-01-28 22:00:00,1396.0,3.2
2023-01-28 23:00:00,1245.0,2.7
2023-01-29 00:00:00,1154.0,2.4
2023-01-29 01:00:00,972.0,1.2
2023-01-29 02:00:00,861.0,0.5
2023-01-29 03:00:00,802.0,-0.4
2023-01-29 04:00:00,779.0,-1.2
2023-01-29 05:00:00,779.0,-1.7
2023-01-29 06:00:00,783.0,-1.4
2023-01-29 07:00:00,887.0,-1.4
2023-01-29 08:00:00,1240.0,-1.0
2023-01-29 09:00:00,1605.0,0.5
2023-01-29 10:00:00,1583.0,3.9
2023-01-29 11:00:00,1497.0,7.3
2023-01-29 12:00:00,1401.0,9.9
2023-01-29 13:00:00,1237.0,12.0
2023-01-29 14:00:00,1211.0,14.5
2023-01-29 15:00:00,1234.0,15.2
2023-01-29 16:00:00,1400.0,15.6
2023-01-29 17:00:00,1422.0,15.8
2023-01-29 18:00:00,1392.0,14.5
2023-01-29 19:00:00,1449.0,9.7
2023-01-29 20:00:00,1505.0,8.3
2023-01-29 21:00:00,1456.0,6.7
2023-01-29 22:00:00,1337.0,5.9
2023-01-29 23:00:00,1224.0,4.7
2023-01-30 00:00:00,1083.0,3.8
2023-01-30 01:00:00,942.0,3.4
2023-01-30 02:00:00,855.0,2.1
2023-01-30 03:00:00,786.0,2.4
2023-01-30 04:00:00,760.0,0.8
2023-01-30 05:00:00,750.0,0.9
2023-01-30 06:00:00,770.0,0.6
2023-01-30 07:00:00,834.0,0.2
2023-01-30 08:00:00,1202.0,-0.3
2023-01-30 09:00:00,1560.0,2.3
2023-01-30 10:00:00,1570.0,5.8
2023-01-30 11:00:00,1426.0,9.4
2023-01-30 12:00:00,1334.0,12.2
2023-01-30 13:00:00,1203.0,15.6
2023-01-30 14:00:00,1084.0,17.3
2023-01-30 15:00:00,1262.0,18.5
2023-01-30 16:00:00,1292.0,19.9
2023-01-30 17:00:00,1313.0,19.8
2023-01-30 18:00:00,1354.0,18.5
2023-01-30 19:00:00,1456.0,12.6
2023-01-30 20:00:00,1422.0,10.7
2023-01-30 21:00:00,1431.0,9.9
2023-01-30 22:00:00,1317.0,7.6
2023-01-30 23:00:00,1147.0,7.7
2023-01-31 00:00:00,1048.0,6.1
2023-01-31 01:00:00,937.0,4.9
2023-01-31 02:00:00,812.0,4.6
2023-01-31 03:00:00,769.0,6.0
2023-01-31 04:00:00,811.0,4.6
2023-01-31 05:00:00,750.0,4.0
2023-01-31 06:00:00,761.0,2.5
2023-01-31 07:00:00,863.0,2.1
2023-01-31 08:00:00,1216.0,3.2
2023-01-31 09:00:00,1514.0,4.9
2023-01-31 10:00:00,1551.0,9.0
2023-01-31 11:00:00,1307.0,13.3
2023-01-31 12:00:00,1261.0,17.6
2023-01-31 13:00:00,1157.0,18.7
2023-01-31 14:00:00,1079.0,19.7
2023-01-31 15:00:00,1169.0,20.2
2023-01-31 16:00:00,1259.0,20.6
2023-01-31 17:00:00,1306.0,20.7
2023-01-31 18:00:00,1326.0,19.4
2023-01-31 19:00:00,1476.0,14.8
2023-01-31 20:00:00,1389.0,12.3
2023-01-31 21:00:00,1342.0,11.5
2023-01-31 22:00:00,1270.0,10.7
2023-01-31 23:00:00,1098.0,9.7
2023-02-01 00:00:00,1042.0,9.4
2023-02-01 01:00:00,910.0,8.8
2023-02-01 02:00:00,781.0,7.4
2023-02-01 03:00:00,755.0,7.5
2023-02-01 04:00:00,737.0,7.4
2023-02-01 05:00:00,756.0,7.3
2023-02-01 06:00:00,792.0,6.9
2023-02-01 07:00:00,812.0,5.7
2023-02-01 08:00:00,1117.0,6.1
2023-02-01 09:00:00,1460.0,7.1
2023-02-01 10:00:00,1473.0,8.0
2023-02-01 11:00:00,1414.0,8.8
2023-02-01 12:00:00,1356.0,9.5
2023-02-01 13:00:00,1258.0,10.5
2023-02-01 14:00:00,1252.0,10.7
2023-02-01 15:00:00,1410.0,10.9
2023-02-01 16:00:00,1450.0,10.8
2023-02-01 17:00:00,1471.0,10.3
2023-02-01 18:00:00,1434.0,10.1
2023-02-01 19:00:00,1454.0,10.0
2023-02-01 20:00:00,1407.0,9.8
2023-02-01 21:00:00,1363.0,10.9
2023-02-01 22:00:00,1269.0,11.3
2023-02-01 23:00:00,1111.0,11.2
2023-02-02 00:00:00,1032.0,10.8
2023-02-02 01:00:00,932.0,10.1
2023-02-02 02:00:00,831.0,9.6
2023-02-02 03:00:00,782.0,9.0
2023-02-02 04:00:00,768.0,7.4
2023-02-02 05:00:00,815.0,7.0
2023-02-02 06:00:00,818.0,6.0
2023-02-02 07:00:00,883.0,5.4
2023-02-02 08:00:00,1141.0,5.0
2023-02-02 09:00:00,1545.0,3.7
2023-02-02 10:00:00,1606.0,3.4
2023-02-02 11:00:00,1554.0,3.3
2023-02-02 12:00:00,1532.0,3.1
2023-02-02 13:00:00,1424.0,3.0
2023-02-02 14:00:00,1418.0,2.7
2023-02-02 15:00:00,1518.0,2.7
2023-02-02 16:00:00,1708.0,2.5
2023-02-02 17:00:00,1652.0,2.6
2023-02-02 18:00:00,1548.0,2.5
2023-02-02 19:00:00,1572.0,2.5
2023-02-02 20:00:00,1508.0,2.5
2023-02-02 21:00:00,1399.0,2.6
2023-02-02 22:00:00,1354.0,2.6
2023-02-02 23:00:00,1187.0,2.6
2023-02-03 00:00:00,1069.0,2.5
2023-02-03 01:00:00,945.0,2.5
2023-02-03 02:00:00,856.0,2.3
2023-02-03 03:00:00,826.0,2.1
2023-02-03 04:00:00,904.0,2.1
2023-02-03 05:00:00,816.0,1.7
2023-02-03 06:00:00,825.0,1.7
2023-02-03 07:00:00,906.0,1.9
2023-02-03 08:00:00,1168.0,2.0
2023-02-03 09:00:00,1611.0,2.1
2023-02-03 10:00:00,1665.0,2.4
2023-02-03 11:00:00,1626.0,2.7
2023-02-03 12:00:00,1585.0,2.8
2023-02-03 13:00:00,1502.0,3.2
2023-02-03 14:00:00,1412.0,3.3
2023-02-03 15:00:00,1521.0,2.9
2023-02-03 16:00:00,1588.0,2.7
2023-02-03 17:00:00,1673.0,2.6
2023-02-03 18:00:00,1611.0,2.7
2023-02-03 19:00:00,1629.0,2.5
2023-02-03 20:00:00,1531.0,2.6
2023-02-03 21:00:00,1492.0,2.7
2023-02-03 22:00:00,1388.0,2.8
2023-02-03 23:00:00,1217.0,2.7
2023-02-04 00:00:00,1145.0,2.6
2023-02-04 01:00:00,982.0,2.1
2023-02-04 02:00:00,869.0,2.1
2023-02-04 03:00:00,823.0,2.1
2023-02-04 04:00:00,782.0,2.1
2023-02-04 05:00:00,826.0,2.2
2023-02-04 06:00:00,864.0,2.3
2023-02-04 07:00:00,921.0,2.4
2023-02-04 08:00:00,1146.0,2.5
2023-02-04 09:00:00,1572.0,2.7
2023-02-04 10:00:00,1583.0,3.0
2023-02-04 11:00:00,1589.0,3.1
2023-02-04 12:00:00,1537.0,3.0
2023-02-04 13:00:00,1458.0,3.1
2023-02-04 14:00:00,1452.0,3.3
2023-02-04 15:00:00,1535.0,3.5
2023-02-04 16:00:00,1574.0,3.4
2023-02-04 17:00:00,1625.0,3.4
2023-02-04 18:00:00,1578.0,3.3
2023-02-04 19:00:00,1616.0,3.2
2023-02-04 20:00:00,1525.0,3.1
2023-02-04 21:00:00,1483.0,3.2
2023-02-04 22:00:00,1413.0,3.3
2023-02-04 23:00:00,1234.0,3.3
2023-02-05 00:00:00,1145.0,3.3
2023-02-05 01:00:00,986.0,3.1
2023-02-05 02:00:00,928.0,3.1
2023-02-05 03:00:00,868.0,3.1
2023-02-05 04:00:00,825.0,3.1
2023-02-05 05:00:00,821.0,3.0
2023-02-05 06:00:00,852.0,3.0
2023-02-05 07:00:00,921.0,3.0
2023-02-05 08:00:00,1148.0,3.1
2023-02-05 09:00:00,1576.0,3.2
2023-02-05 10:00:00,1650.0,3.6
2023-02-05 11:00:00,1559.0,3.8
2023-02-05 12:00:00,1577.0,4.1
2023-02-05 13:00:00,1446.0,4.3
2023-02-05 14:00:00,1456.0,4.7
2023-02-05 15:00:00,1522.0,5.1
2023-02-05 16:00:00,1620.0,4.9
2023-02-05 17:00:00,1601.0,4.7
2023-02-05 18:00:00,1527.0,4.7
2023-02-05 19:00:00,1591.0,4.6
2023-02-05 20:00:00,1456.0,4.7
2023-02-05 21:00:00,1470.0,4.8
2023-02-05 22:00:00,1428.0,4.8
2023-02-05 23:00:00,1222.0,4.9
2023-02-06 00:00:00,1136.0,4.9
2023-02-06 01:00:00,988.0,4.9
2023-02-06 02:00:00,900.0,4.9
2023-02-06 03:00:00,821.0,4.9
2023-02-06 04:00:00,834.0,4.8
2023-02-06 05:00:00,774.0,4.8
2023-02-06 06:00:00,814.0,4.8
2023-02-06 07:00:00,880.0,4.9
2023-02-06 08:00:00,1143.0,4.8
2023-02-06 09:00:00,1570.0,5.0
2023-02-06 10:00:00,1691.0,5.2
2023-02-06 11:00:00,1567.0,5.8
2023-02-06 12:00:00,1489.0,6.8
2023-02-06 13:00:00,1433.0,7.1
2023-02-06 14:00:00,1355.0,7.7
2023-02-06 15:00:00,1518.0,8.5
2023-02-06 16:00:00,1550.0,8.9
2023-02-06 17:00:00,1571.0,9.6
2023-02-06 18:00:00,1509.0,9.0
2023-02-06 19:00:00,1584.0,8.3
2023-02-06 20:00:00,1562.0,7.6
2023-02-06 21:00:00,1478.0,7.1
2023-02-06 22:00:00,1406.0,7.2
2023-02-06 23:00:00,1181.0,7.2
2023-02-07 00:00:00,1118.0,7.2
2023-02-07 01:00:00,1004.0,7.3
2023-02-07 02:00:00,927.0,7.2
2023-02-07 03:00:00,865.0,7.1
2023-02-07 04:00:00,846.0,7.1
2023-02-07 05:00:00,876.0,7.0
2023-02-07 06:00:00,798.0,7.0
2023-02-07 07:00:00,963.0,6.9
2023-02-07 08:00:00,1183.0,6.9
2023-02-07 09:00:00,1626.0,6.8
2023-02-07 10:00:00,1651.0,7.1
2023-02-07 11:00:00,1614.0,7.4
2023-02-07 12:00:00,1526.0,7.7
2023-02-07 13:00:00,1484.0,8.1
2023-02-07 14:00:00,1402.0,8.4
2023-02-07 15:00:00,1512.0,8.5
2023-02-07 16:00:00,1593.0,8.6
2023-02-07 17:00:00,1641.0,8.4
2023-02-07 18:00:00,1520.0,8.3
2023-02-07 19:00:00,1561.0,8.0
2023-02-07 20:00:00,1560.0,7.9
2023-02-07 21:00:00,1464.0,7.8
2023-02-07 22:00:00,1370.0,7.7
2023-02-07 23:00:00,1191.0,7.7
2023-02-08 00:00:00,1068.0,7.7
2023-02-08 01:00:00,926.0,7.5
2023-02-08 02:00:00,899.0,7.4
2023-02-08 03:00:00,893.0,7.3
2023-02-08 04:00:00,846.0,7.2
2023-02-08 05:00:00,877.0,7.0
2023-02-08 06:00:00,891.0,7.0
2023-02-08 07:00:00,1001.0,7.1
2023-02-08 08:00:00,1256.0,7.1
2023-02-08 09:00:00,1582.0,7.4
2023-02-08 10:00:00,1563.0,8.1
2023-02-08 11:00:00,1468.0,8.5
2023-02-08 12:00:00,1426.0,8.7
2023-02-08 13:00:00,1452.0,8.7
2023-02-08 14:00:00,1391.0,8.5
2023-02-08 15:00:00,1515.0,8.5
2023-02-08 16:00:00,1647.0,8.4
2023-02-08 17:00:00,1573.0,8.3
2023-02-08 18:00:00,1474.0,8.1
2023-02-08 19:00:00,1549.0,7.9
2023-02-08 20:00:00,1536.0,7.8
2023-02-08 21:00:00,1432.0,7.7
2023-02-08 22:00:00,1364.0,7.6
2023-02-08 23:00:00,1142.0,7.5
2023-02-09 00:00:00,1111.0,7.4
2023-02-09 01:00:00,974.0,7.3
2023-02-09 02:00:00,931.0,7.3
2023-02-09 03:00:00,931.0,7.3
2023-02-09 04:00:00,862.0,7.1
2023-02-09 05:00:00,874.0,7.2
2023-02-09 06:00:00,943.0,7.2
2023-02-09 07:00:00,1083.0,7.2
2023-02-09 08:00:00,1263.0,7.2
2023-02-09 09:00:00,1603.0,7.4
2023-02-09 10:00:00,1603.0,7.7
2023-02-09 11:00:00,1475.0,8.4
2023-02-09 12:00:00,1392.0,8.8
2023-02-09 13:00:00,1406.0,8.5
2023-02-09 14:00:00,1309.0,8.8
2023-02-09 15:00:00,1410.0,9.0
2023-02-09 16:00:00,1495.0,8.6
2023-02-09 17:00:00,1589.0,8.3
2023-02-09 18:00:00,1404.0,8.0
2023-02-09 19:00:00,1563.0,7.8
2023-02-09 20:00:00,1543.0,7.7
2023-02-09 21:00:00,1446.0,7.4
2023-02-09 22:00:00,1326.0,7.0
2023-02-09 23:00:00,1169.0,6.7
2023-02-10 00:00:00,1139.0,6.5
2023-02-10 01:00:00,1011.0,6.4
2023-02-10 02:00:00,927.0,6.4
2023-02-10 03:00:00,920.0,5.9
2023-02-10 04:00:00,888.0,5.7
2023-02-10 05:00:00,892.0,5.6
2023-02-10 06:00:00,949.0,5.4
2023-02-10 07:00:00,1111.0,5.4
2023-02-10 08:00:00,1305.0,5.4
2023-02-10 09:00:00,1595.0,5.5
2023-02-10 10:00:00,1638.0,5.8
2023-02-10 11:00:00,1482.0,6.1
2023-02-10 12:00:00,1468.0,6.2
2023-02-10 13:00:00,1360.0,5.9
2023-02-10 14:00:00,1315.0,6.1
2023-02-10 15:00:00,1475.0,5.9
2023-02-10 16:00:00,1576.0,6.1
2023-02-10 17:00:00,1608.0,6.0
2023-02-10 18:00:00,1518.0,5.7
2023-02-10 19:00:00,1536.0,5.4
2023-02-10 20:00:00,1537.0,5.4
2023-02-10 21:00:00,1407.0,5.3
2023-02-10 22:00:00,1359.0,5.3
2023-02-10 23:00:00,1207.0,5.3
2023-02-11 00:00:00,1146.0,5.1
2023-02-11 01:00:00,1011.0,5.1
2023-02-11 02:00:00,952.0,5.0
2023-02-11 03:00:00,902.0,5.0
2023-02-11 04:00:00,868.0,4.9
2023-02-11 05:00:00,891.0,4.8
2023-02-11 06:00:00,919.0,4.8
2023-02-11 07:00:00,968.0,4.8
2023-02-11 08:00:00,1187.0,4.9
2023-02-11 09:00:00,1542.0,5.2
2023-02-11 10:00:00,1610.0,5.5
2023-02-11 11:00:00,1513.0,5.8
2023-02-11 12:00:00,1464.0,6.2
2023-02-11 13:00:00,1434.0,6.2
2023-02-11 14:00:00,1378.0,6.1
2023-02-11 15:00:00,1500.0,6.0
2023-02-11 16:00:00,1594.0,6.1
2023-02-11 17:00:00,1645.0,6.0
2023-02-11 18:00:00,1510.0,5.8
2023-02-11 19:00:00,1605.0,5.4
2023-02-11 20:00:00,1562.0,5.2
2023-02-11 21:00:00,1451.0,5.2
2023-02-11 22:00:00,1363.0,5.1
2023-02-11 23:00:00,1197.0,5.1
2023-02-12 00:00:00,1124.0,5.2
2023-02-12 01:00:00,1032.0,5.2
2023-02-12 02:00:00,969.0,5.2
2023-02-12 03:00:00,922.0,5.2
2023-02-12 04:00:00,862.0,5.2
2023-02-12 05:00:00,911.0,5.3
2023-02-12 06:00:00,942.0,5.4
2023-02-12 07:00:00,939.0,5.4
2023-02-12 08:00:00,1204.0,5.5
2023-02-12 09:00:00,1560.0,5.6
2023-02-12 10:00:00,1610.0,5.9
2023-02-12 11:00:00,1533.0,6.2
2023-02-12 12:00:00,1515.0,6.6
2023-02-12 13:00:00,1465.0,6.8
2023-02-12 14:00:00,1454.0,6.8
2023-02-12 15:00:00,1516.0,6.9
2023-02-12 16:00:00,1589.0,6.8
2023-02-12 17:00:00,1710.0,6.8
2023-02-12 18:00:00,1611.0,6.6
2023-02-12 19:00:00,1664.0,6.4
2023-02-12 20:00:00,1641.0,6.2
2023-02-12 21:00:00,1526.0,6.1
2023-02-12 22:00:00,1374.0,6.0
2023-02-12 23:00:00,1136.0,5.9
2023-02-13 00:00:00,1117.0,5.7
2023-02-13 01:00:00,993.0,5.6
2023-02-13 02:00:00,926.0,5.6
2023-02-13 03:00:00,877.0,5.5
2023-02-13 04:00:00,876.0,5.6
2023-02-13 05:00:00,876.0,5.6
2023-02-13 06:00:00,922.0,5.5
2023-02-13 07:00:00,1137.0,5.4
2023-02-13 08:00:00,1377.0,5.4
2023-02-13 09:00:00,1649.0,5.5
2023-02-13 10:00:00,1626.0,5.8
2023-02-13 11:00:00,1581.0,6.1
2023-02-13 12:00:00,1476.0,6.1
2023-02-13 13:00:00,1429.0,5.6
2023-02-13 14:00:00,1418.0,5.6
2023-02-13 15:00:00,1490.0,5.2
2023-02-13 16:00:00,1704.0,4.9
2023-02-13 17:00:00,1612.0,4.6
2023-02-13 18:00:00,1573.0,4.6
2023-02-13 19:00:00,1632.0,4.6
2023-02-13 20:00:00,1554.0,4.5
2023-02-13 21:00:00,1557.0,4.5
2023-02-13 22:00:00,1432.0,4.5
2023-02-13 23:00:00,1224.0,4.5
2023-02-14 00:00:00,1135.0,4.6
2023-02-14 01:00:00,1056.0,4.3
2023-02-14 02:00:00,961.0,4.2
2023-02-14 03:00:00,940.0,4.0
2023-02-14 04:00:00,948.0,3.8
2023-02-14 05:00:00,946.0,3.4
2023-02-14 06:00:00,979.0,3.1
2023-02-14 07:00:00,1256.0,3.2
2023-02-14 08:00:00,1386.0,3.2
2023-02-14 09:00:00,1678.0,3.5
2023-02-14 10:00:00,1640.0,4.2
2023-02-14 11:00:00,1561.0,5.0
2023-02-14 12:00:00,1492.0,5.7
2023-02-14 13:00:00,1404.0,6.9
2023-02-14 14:00:00,1378.0,7.4
2023-02-14 15:00:00,1440.0,7.7
2023-02-14 16:00:00,1506.0,8.5
2023-02-14 17:00:00,1563.0,8.2
2023-02-14 18:00:00,1495.0,7.5
2023-02-14 19:00:00,1593.0,5.8
2023-02-14 20:00:00,1586.0,4.0
2023-02-14 21:00:00,1513.0,2.5
2023-02-14 22:00:00,1431.0,1.7
2023-02-14 23:00:00,1207.0,1.4
2023-02-15 00:00:00,1182.0,1.2
2023-02-15 01:00:00,1060.0,1.1
2023-02-15 02:00:00,963.0,0.4
2023-02-15 03:00:00,921.0,0.2
2023-02-15 04:00:00,949.0,-0.6
2023-02-15 05:00:00,933.0,-0.3
2023-02-15 06:00:00,968.0,-0.8
2023-02-15 07:00:00,1210.0,-0.9
2023-02-15 08:00:00,1455.0,-0.8
2023-02-15 09:00:00,1674.0,2.6
2023-02-15 10:00:00,1599.0,5.3
2023-02-15 11:00:00,1417.0,8.5
2023-02-15 12:00:00,1289.0,9.4
2023-02-15 13:00:00,1241.0,10.8
2023-02-15 14:00:00,1258.0,11.6
2023-02-15 15:00:00,1320.0,12.4
2023-02-15 16:00:00,1437.0,12.7
2023-02-15 17:00:00,1453.0,11.7
2023-02-15 18:00:00,1442.0,10.9
2023-02-15 19:00:00,1579.0,10.2
2023-02-15 20:00:00,1547.0,9.8
2023-02-15 21:00:00,1477.0,9.4
2023-02-15 22:00:00,1371.0,9.0
2023-02-15 23:00:00,1131.0,8.6
2023-02-16 00:00:00,1157.0,8.3
2023-02-16 01:00:00,1022.0,7.8
2023-02-16 02:00:00,971.0,7.5
2023-02-16 03:00:00,904.0,7.3
2023-02-16 04:00:00,900.0,7.2
2023-02-16 05:00:00,882.0,6.8
2023-02-16 06:00:00,918.0,6.4
2023-02-16 07:00:00,1130.0,6.4
2023-02-16 08:00:00,1321.0,6.2
2023-02-16 09:00:00,1547.0,6.2
2023-02-16 10:00:00,1552.0,6.7
2023-02-16 11:00:00,1476.0,7.6
2023-02-16 12:00:00,1368.0,8.6
2023-02-16 13:00:00,1347.0,9.2
2023-02-16 14:00:00,1274.0,10.1
2023-02-16 15:00:00,1398.0,10.3
2023-02-16 16:00:00,1530.0,9.8
2023-02-16 17:00:00,1514.0,9.0
2023-02-16 18:00:00,1456.0,8.3
2023-02-16 19:00:00,1552.0,8.0
2023-02-16 20:00:00,1466.0,7.8
2023-02-16 21:00:00,1422.0,7.6
2023-02-16 22:00:00,1282.0,7.4
2023-02-16 23:00:00,1120.0,7.3
2023-02-17 00:00:00,1081.0,7.1
2023-02-17 01:00:00,965.0,6.9
2023-02-17 02:00:00,925.0,6.9
2023-02-17 03:00:00,926.0,6.6
2023-02-17 04:00:00,891.0,6.6
2023-02-17 05:00:00,895.0,6.5
2023-02-17 06:00:00,925.0,6.5
2023-02-17 07:00:00,1156.0,6.4
2023-02-17 08:00:00,1291.0,6.5
2023-02-17 09:00:00,1523.0,6.9
2023-02-17 10:00:00,1472.0,7.6
2023-02-17 11:00:00,1400.0,8.3
2023-02-17 12:00:00,1324.0,9.1
2023-02-17 13:00:00,1258.0,9.7
2023-02-17 14:00:00,1341.0,10.7
2023-02-17 15:00:00,1310.0,11.1
2023-02-17 16:00:00,1459.0,11.8
2023-02-17 17:00:00,1448.0,11.9
2023-02-17 18:00:00,1382.0,11.5
2023-02-17 19:00:00,1495.0,11.0
2023-02-17 20:00:00,1489.0,10.5
2023-02-17 21:00:00,1376.0,10.1
2023-02-17 22:00:00,1322.0,10.0
2023-02-17 23:00:00,1114.0,9.8
2023-02-18 00:00:00,1106.0,9.7
2023-02-18 01:00:00,1003.0,9.8
2023-02-18 02:00:00,936.0,9.6
2023-02-18 03:00:00,938.0,9.4
2023-02-18 04:00:00,883.0,9.3
2023-02-18 05:00:00,895.0,9.3
2023-02-18 06:00:00,925.0,9.4
2023-02-18 07:00:00,1156.0,9.4
2023-02-18 08:00:00,1291.0,9.5
2023-02-18 09:00:00,1523.0,10.0
2023-02-18 10:00:00,1472.0,10.4
2023-02-18 11:00:00,1400.0,11.2
2023-02-18 12:00:00,1324.0,10.9
2023-02-18 13:00:00,1258.0,10.7
2023-02-18 14:00:00,1341.0,10.4
2023-02-18 15:00:00,1310.0,10.5
2023-02-18 16:00:00,1459.0,10.7
2023-02-18 17:00:00,1448.0,10.3
2023-02-18 18:00:00,1382.0,9.9
2023-02-18 19:00:00,1495.0,9.6
2023-02-18 20:00:00,1489.0,9.3
2023-02-18 21:00:00,1376.0,9.2
2023-02-18 22:00:00,1322.0,9.1
2023-02-18 23:00:00,1114.0,9.0
2023-02-19 00:00:00,1106.0,9.0
2023-02-19 01:00:00,1003.0,9.1
2023-02-19 02:00:00,937.0,8.9
2023-02-19 03:00:00,938.0,8.6
2023-02-19 04:00:00,915.0,8.3
2023-02-19 05:00:00,891.0,8.3
2023-02-19 06:00:00,924.0,8.2
2023-02-19 07:00:00,966.0,8.1
2023-02-19 08:00:00,1217.0,8.1
2023-02-19 09:00:00,1511.0,8.6
2023-02-19 10:00:00,1515.0,9.4
2023-02-19 11:00:00,1326.0,11.3
2023-02-19 12:00:00,1252.0,13.4
2023-02-19 13:00:00,1153.0,15.0
2023-02-19 14:00:00,1156.0,15.6
2023-02-19 15:00:00,1270.0,16.3
2023-02-19 16:00:00,1345.0,15.6
2023-02-19 17:00:00,1352.0,14.7
2023-02-19 18:00:00,1384.0,13.6
2023-02-19 19:00:00,1531.0,13.0
2023-02-19 20:00:00,1467.0,12.9
2023-02-19 21:00:00,1411.0,12.6
2023-02-19 22:00:00,1279.0,11.7
2023-02-19 23:00:00,1073.0,11.3
2023-02-20 00:00:00,1048.0,10.9
2023-02-20 01:00:00,952.0,10.4
2023-02-20 02:00:00,883.0,9.7
2023-02-20 03:00:00,870.0,9.3
2023-02-20 04:00:00,882.0,9.0
2023-02-20 05:00:00,887.0,8.6
2023-02-20 06:00:00,921.0,7.8
2023-02-20 07:00:00,1134.0,6.6
2023-02-20 08:00:00,1315.0,6.9
2023-02-20 09:00:00,1420.0,8.4
2023-02-20 10:00:00,1422.0,11.8
2023-02-20 11:00:00,1312.0,13.3
2023-02-20 12:00:00,1183.0,15.9
2023-02-20 13:00:00,1080.0,16.7
2023-02-20 14:00:00,1045.0,18.1
2023-02-20 15:00:00,1167.0,18.7
2023-02-20 16:00:00,1218.0,18.8
2023-02-20 17:00:00,1251.0,16.6
2023-02-20 18:00:00,1294.0,15.1
2023-02-20 19:00:00,1363.0,13.3
2023-02-20 20:00:00,1368.0,12.6
2023-02-20 21:00:00,1342.0,12.3
2023-02-20 22:00:00,1202.0,12.0
2023-02-20 23:00:00,1031.0,12.0
2023-02-21 00:00:00,1038.0,11.8
2023-02-21 01:00:00,947.0,11.5
2023-02-21 02:00:00,876.0,11.4
2023-02-21 03:00:00,888.0,11.0
2023-02-21 04:00:00,869.0,10.1
2023-02-21 05:00:00,882.0,10.4
2023-02-21 06:00:00,943.0,9.6
2023-02-21 07:00:00,1143.0,10.0
2023-02-21 08:00:00,1287.0,10.5
2023-02-21 09:00:00,1430.0,10.2
2023-02-21 10:00:00,1412.0,9.9
2023-02-21 11:00:00,1351.0,9.0
2023-02-21 12:00:00,1322.0,9.4
2023-02-21 13:00:00,1262.0,9.3
2023-02-21 14:00:00,1224.0,9.0
2023-02-21 15:00:00,1349.0,9.7
2023-02-21 16:00:00,1427.0,9.6
2023-02-21 17:00:00,1499.0,9.3
2023-02-21 18:00:00,1438.0,9.0
2023-02-21 19:00:00,1512.0,8.7
2023-02-21 20:00:00,1435.0,8.4
2023-02-21 21:00:00,1355.0,8.3
2023-02-21 22:00:00,1231.0,8.2
2023-02-21 23:00:00,1082.0,8.0
2023-02-22 00:00:00,1094.0,7.8
2023-02-22 01:00:00,990.0,7.1
2023-02-22 02:00:00,916.0,5.6
2023-02-22 03:00:00,895.0,5.4
2023-02-22 04:00:00,891.0,5.3
2023-02-22 05:00:00,882.0,4.9
2023-02-22 06:00:00,939.0,4.8
2023-02-22 07:00:00,1166.0,4.7
2023-02-22 08:00:00,1334.0,4.7
2023-02-22 09:00:00,1526.0,4.7
2023-02-22 10:00:00,1545.0,5.0
2023-02-22 11:00:00,1451.0,5.1
2023-02-22 12:00:00,1395.0,5.4
2023-02-22 13:00:00,1315.0,5.5
2023-02-22 14:00:00,1345.0,5.4
2023-02-22 15:00:00,1437.0,5.2
2023-02-22 16:00:00,1535.0,5.1
2023-02-22 17:00:00,1551.0,5.0
2023-02-22 18:00:00,1464.0,4.8
2023-02-22 19:00:00,1567.0,4.7
2023-02-22 20:00:00,1454.0,4.6
2023-02-22 21:00:00,1398.0,4.5
2023-02-22 22:00:00,1279.0,4.4
2023-02-22 23:00:00,1089.0,4.5
2023-02-23 00:00:00,1081.0,4.6
2023-02-23 01:00:00,976.0,4.5
2023-02-23 02:00:00,936.0,4.5
2023-02-23 03:00:00,903.0,4.4
2023-02-23 04:00:00,899.0,4.3
2023-02-23 05:00:00,894.0,4.2
2023-02-23 06:00:00,947.0,4.2
2023-02-23 07:00:00,1159.0,4.2
2023-02-23 08:00:00,1334.0,4.2
2023-02-23 09:00:00,1527.0,4.2
2023-02-23 10:00:00,1568.0,4.3
2023-02-23 11:00:00,1541.0,4.6
2023-02-23 12:00:00,1440.0,4.7
2023-02-23 13:00:00,1344.0,5.0
2023-02-23 14:00:00,1336.0,5.1
2023-02-23 15:00:00,1435.0,5.2
2023-02-23 16:00:00,1498.0,5.3
2023-02-23 17:00:00,1576.0,5.3
2023-02-23 18:00:00,1519.0,5.2
2023-02-23 19:00:00,1553.0,5.2
2023-02-23 20:00:00,1493.0,5.1
2023-02-23 21:00:00,1383.0,5.0
2023-02-23 22:00:00,1283.0,4.9
2023-02-23 23:00:00,1062.0,4.9
2023-02-24 00:00:00,1081.0,4.9
2023-02-24 01:00:00,959.0,4.8
2023-02-24 02:00:00,830.0,4.9
2023-02-24 03:00:00,856.0,4.9
2023-02-24 04:00:00,827.0,5.0
2023-02-24 05:00:00,849.0,4.9
2023-02-24 06:00:00,892.0,4.8
2023-02-24 07:00:00,1103.0,4.8
2023-02-24 08:00:00,1343.0,5.0
2023-02-24 09:00:00,1499.0,5.4
2023-02-24 10:00:00,1516.0,6.0
2023-02-24 11:00:00,1415.0,6.8
2023-02-24 12:00:00,1319.0,7.9
2023-02-24 13:00:00,1248.0,8.8
2023-02-24 14:00:00,1243.0,9.2
2023-02-24 15:00:00,1284.0,10.1
2023-02-24 16:00:00,1321.0,10.6
2023-02-24 17:00:00,1395.0,11.2
2023-02-24 18:00:00,1370.0,10.5
2023-02-24 19:00:00,1455.0,9.4
2023-02-24 20:00:00,1421.0,7.5
2023-02-24 21:00:00,1372.0,6.1
2023-02-24 22:00:00,1280.0,5.3
2023-02-24 23:00:00,1091.0,4.5
2023-02-25 00:00:00,1083.0,3.3
2023-02-25 01:00:00,961.0,3.6
2023-02-25 02:00:00,907.0,3.3
2023-02-25 03:00:00,846.0,2.7
2023-02-25 04:00:00,828.0,1.6
2023-02-25 05:00:00,855.0,2.4
2023-02-25 06:00:00,889.0,2.7
2023-02-25 07:00:00,993.0,3.8
2023-02-25 08:00:00,1245.0,4.0
2023-02-25 09:00:00,1479.0,4.7
2023-02-25 10:00:00,1453.0,7.0
2023-02-25 11:00:00,1318.0,9.8
2023-02-25 12:00:00,1220.0,11.9
2023-02-25 13:00:00,1157.0,13.0
2023-02-25 14:00:00,1149.0,14.0
2023-02-25 15:00:00,1154.0,14.2
2023-02-25 16:00:00,1277.0,13.9
2023-02-25 17:00:00,1311.0,13.6
2023-02-25 18:00:00,1303.0,12.5
2023-02-25 19:00:00,1366.0,11.3
2023-02-25 20:00:00,1390.0,10.5
2023-02-25 21:00:00,1284.0,9.5
2023-02-25 22:00:00,1238.0,8.9
2023-02-25 23:00:00,1041.0,8.8
2023-02-26 00:00:00,1029.0,8.4
2023-02-26 01:00:00,940.0,7.8
2023-02-26 02:00:00,823.0,7.4
2023-02-26 03:00:00,825.0,6.2
2023-02-26 04:00:00,860.0,4.4
2023-02-26 05:00:00,828.0,3.4
2023-02-26 06:00:00,861.0,3.0
2023-02-26 07:00:00,951.0,2.5
2023-02-26 08:00:00,1292.0,2.7
2023-02-26 09:00:00,1438.0,5.9
2023-02-26 10:00:00,1404.0,8.3
2023-02-26 11:00:00,1318.0,11.6
2023-02-26 12:00:00,1175.0,13.2
2023-02-26 13:00:00,1088.0,14.1
2023-02-26 14:00:00,1081.0,14.2
2023-02-26 15:00:00,1145.0,15.4
2023-02-26 16:00:00,1272.0,15.9
2023-02-26 17:00:00,1315.0,15.5
2023-02-26 18:00:00,1350.0,14.3
2023-02-26 19:00:00,1419.0,11.9
2023-02-26 20:00:00,1454.0,9.4
2023-02-26 21:00:00,1414.0,9.4
2023-02-26 22:00:00,1258.0,8.3
2023-02-26 23:00:00,1059.0,7.2
2023-02-27 00:00:00,1076.0,6.1
2023-02-27 01:00:00,945.0,6.1
2023-02-27 02:00:00,929.0,5.6
2023-02-27 03:00:00,900.0,4.6
2023-02-27 04:00:00,881.0,4.6
2023-02-27 05:00:00,864.0,3.9
2023-02-27 06:00:00,915.0,3.6
2023-02-27 07:00:00,1191.0,3.0
2023-02-27 08:00:00,1333.0,3.1
2023-02-27 09:00:00,1480.0,6.0
2023-02-27 10:00:00,1390.0,8.7
2023-02-27 11:00:00,1301.0,11.3
2023-02-27 12:00:00,1185.0,13.2
2023-02-27 13:00:00,1071.0,14.8
2023-02-27 14:00:00,1101.0,15.5
2023-02-27 15:00:00,1171.0,16.2
2023-02-27 16:00:00,1279.0,16.6
2023-02-27 17:00:00,1341.0,15.3
2023-02-27 18:00:00,1303.0,14.2
2023-02-27 19:00:00,1329.0,12.8
2023-02-27 20:00:00,1333.0,11.6
2023-02-27 21:00:00,1252.0,10.8
2023-02-27 22:00:00,1132.0,10.6
2023-02-27 23:00:00,931.0,9.1
2023-02-28 00:00:00,961.0,8.9
2023-02-28 01:00:00,896.0,8.4
2023-02-28 02:00:00,856.0,8.6
2023-02-28 03:00:00,850.0,8.2
2023-02-28 04:00:00,859.0,8.5
2023-02-28 05:00:00,828.0,8.4
2023-02-28 06:00:00,939.0,8.6
2023-02-28 07:00:00,1109.0,8.5
2023-02-28 08:00:00,1263.0,8.5
2023-02-28 09:00:00,1348.0,9.8
2023-02-28 10:00:00,1360.0,11.2
2023-02-28 11:00:00,1244.0,13.7
2023-02-28 12:00:00,1199.0,16.0
2023-02-28 13:00:00,1115.0,16.3
2023-02-28 14:00:00,1170.0,16.2
2023-02-28 15:00:00,1219.0,15.2
2023-02-28 16:00:00,1259.0,14.7
2023-02-28 17:00:00,1289.0,14.1
2023-02-28 18:00:00,1335.0,13.8
2023-02-28 19:00:00,1381.0,13.2
2023-02-28 20:00:00,1353.0,12.3
2023-02-28 21:00:00,1283.0,12.5
2023-02-28 22:00:00,1188.0,11.7
2023-02-28 23:00:00,1040.0,10.6
2023-03-01 00:00:00,1081.0,8.6
2023-03-01 01:00:00,960.0,7.6
2023-03-01 02:00:00,906.0,8.0
2023-03-01 03:00:00,881.0,8.4
2023-03-01 04:00:00,910.0,8.1
2023-03-01 05:00:00,858.0,8.9
2023-03-01 06:00:00,943.0,8.6
2023-03-01 07:00:00,1135.0,8.7
2023-03-01 08:00:00,1257.0,8.9
2023-03-01 09:00:00,1424.0,9.3
2023-03-01 10:00:00,1395.0,9.8
2023-03-01 11:00:00,1330.0,10.5
2023-03-01 12:00:00,1266.0,10.8
2023-03-01 13:00:00,1152.0,10.9
2023-03-01 14:00:00,1218.0,10.6
2023-03-01 15:00:00,1321.0,11.0
2023-03-01 16:00:00,1357.0,11.0
2023-03-01 17:00:00,1420.0,10.9
2023-03-01 18:00:00,1376.0,10.7
2023-03-01 19:00:00,1411.0,10.2
2023-03-01 20:00:00,1349.0,9.3
2023-03-01 21:00:00,1357.0,9.2
2023-03-01 22:00:00,1203.0,9.3
2023-03-01 23:00:00,1019.0,9.2
2023-03-02 00:00:00,1051.0,8.7
2023-03-02 01:00:00,915.0,8.3
2023-03-02 02:00:00,914.0,7.6
2023-03-02 03:00:00,908.0,6.8
2023-03-02 04:00:00,904.0,6.8
2023-03-02 05:00:00,913.0,6.3
2023-03-02 06:00:00,944.0,6.5
2023-03-02 07:00:00,1170.0,6.0
2023-03-02 08:00:00,1307.0,6.5
2023-03-02 09:00:00,1432.0,7.3
2023-03-02 10:00:00,1451.0,8.5
2023-03-02 11:00:00,1272.0,10.0
2023-03-02 12:00:00,1211.0,14.0
2023-03-02 13:00:00,1120.0,16.3
2023-03-02 14:00:00,1194.0,17.1
2023-03-02 15:00:00,1190.0,15.6
2023-03-02 16:00:00,1295.0,15.7
2023-03-02 17:00:00,1362.0,15.5
2023-03-02 18:00:00,1375.0,14.5
2023-03-02 19:00:00,1396.0,14.0
2023-03-02 20:00:00,1410.0,13.6
2023-03-02 21:00:00,1352.0,13.1
2023-03-02 22:00:00,1254.0,12.0
2023-03-02 23:00:00,1060.0,11.7
2023-03-03 00:00:00,1065.0,11.5
2023-03-03 01:00:00,977.0,10.8
2023-03-03 02:00:00,946.0,10.3
2023-03-03 03:00:00,939.0,9.7
2023-03-03 04:00:00,896.0,9.4
2023-03-03 05:00:00,891.0,9.0
2023-03-03 06:00:00,939.0,9.0
2023-03-03 07:00:00,1138.0,8.8
2023-03-03 08:00:00,1249.0,8.8
2023-03-03 09:00:00,1495.0,8.9
2023-03-03 10:00:00,1432.0,9.5
2023-03-03 11:00:00,1355.0,10.0
2023-03-03 12:00:00,1297.0,11.1
2023-03-03 13:00:00,1181.0,12.3
2023-03-03 14:00:00,1110.0,14.4
2023-03-03 15:00:00,1209.0,15.2
2023-03-03 16:00:00,1293.0,16.0
2023-03-03 17:00:00,1297.0,16.4
2023-03-03 18:00:00,1269.0,15.5
2023-03-03 19:00:00,1365.0,13.0
2023-03-03 20:00:00,1334.0,12.5
2023-03-03 21:00:00,1373.0,11.3
2023-03-03 22:00:00,1255.0,10.8
2023-03-03 23:00:00,1077.0,10.8
2023-03-04 00:00:00,1129.0,10.5
2023-03-04 01:00:00,1033.0,10.0
2023-03-04 02:00:00,977.0,9.3
2023-03-04 03:00:00,947.0,7.6
2023-03-04 04:00:00,908.0,6.9
2023-03-04 05:00:00,929.0,7.9
2023-03-04 06:00:00,946.0,6.9
2023-03-04 07:00:00,1084.0,7.5
2023-03-04 08:00:00,1289.0,7.9
2023-03-04 09:00:00,1501.0,7.8
2023-03-04 10:00:00,1470.0,8.0
2023-03-04 11:00:00,1419.0,9.2
2023-03-04 12:00:00,1271.0,11.9
2023-03-04 13:00:00,1103.0,16.0
2023-03-04 14:00:00,1127.0,18.4
2023-03-04 15:00:00,1173.0,20.9
2023-03-04 16:00:00,1239.0,21.5
2023-03-04 17:00:00,1327.0,21.5
2023-03-04 18:00:00,1319.0,20.6
2023-03-04 19:00:00,1389.0,17.0
2023-03-04 20:00:00,1349.0,14.4
2023-03-04 21:00:00,1366.0,13.0
2023-03-04 22:00:00,1257.0,11.2
2023-03-04 23:00:00,1100.0,10.8
2023-03-05 00:00:00,1128.0,10.9
2023-03-05 01:00:00,1009.0,10.3
2023-03-05 02:00:00,924.0,10.2
2023-03-05 03:00:00,921.0,9.0
2023-03-05 04:00:00,918.0,8.3
2023-03-05 05:00:00,926.0,7.5
2023-03-05 06:00:00,952.0,6.7
2023-03-05 07:00:00,1059.0,6.8
2023-03-05 08:00:00,1273.0,7.3
2023-03-05 09:00:00,1434.0,11.1
2023-03-05 10:00:00,1354.0,13.0
2023-03-05 11:00:00,1304.0,15.5
2023-03-05 12:00:00,1170.0,17.9
2023-03-05 13:00:00,1124.0,19.9
2023-03-05 14:00:00,1134.0,21.1
2023-03-05 15:00:00,1286.0,20.8
2023-03-05 16:00:00,1267.0,21.1
2023-03-05 17:00:00,1369.0,20.6
2023-03-05 18:00:00,1334.0,19.4
2023-03-05 19:00:00,1322.0,17.8
2023-03-05 20:00:00,1394.0,16.0
2023-03-05 21:00:00,1343.0,15.0
2023-03-05 22:00:00,1188.0,14.3
2023-03-05 23:00:00,1020.0,13.0
2023-03-06 00:00:00,1060.0,12.0
2023-03-06 01:00:00,948.0,11.1
2023-03-06 02:00:00,935.0,10.2
2023-03-06 03:00:00,902.0,9.9
2023-03-06 04:00:00,927.0,9.2
2023-03-06 05:00:00,903.0,8.8
2023-03-06 06:00:00,955.0,8.5
2023-03-06 07:00:00,1213.0,8.1
2023-03-06 08:00:00,1304.0,8.3
2023-03-06 09:00:00,1393.0,10.2
2023-03-06 10:00:00,1322.0,14.7
2023-03-06 11:00:00,1248.0,18.3
2023-03-06 12:00:00,1115.0,21.0
2023-03-06 13:00:00,1039.0,23.4
2023-03-06 14:00:00,1130.0,24.8
2023-03-06 15:00:00,1136.0,24.1
2023-03-06 16:00:00,1237.0,24.1
2023-03-06 17:00:00,1275.0,23.1
2023-03-06 18:00:00,1260.0,21.6
2023-03-06 19:00:00,1352.0,20.1
2023-03-06 20:00:00,1321.0,19.2
2023-03-06 21:00:00,1254.0,18.2
2023-03-06 22:00:00,1137.0,17.4
2023-03-06 23:00:00,1009.0,17.4
2023-03-07 00:00:00,1005.0,17.0
2023-03-07 01:00:00,988.0,16.6
2023-03-07 02:00:00,955.0,16.0
2023-03-07 03:00:00,878.0,16.2
2023-03-07 04:00:00,875.0,16.4
2023-03-07 05:00:00,907.0,16.1
2023-03-07 06:00:00,955.0,16.1
2023-03-07 07:00:00,1149.0,16.4
2023-03-07 08:00:00,1273.0,16.2
2023-03-07 09:00:00,1352.0,16.4
2023-03-07 10:00:00,1307.0,17.4
2023-03-07 11:00:00,1240.0,17.5
2023-03-07 12:00:00,1112.0,18.1
2023-03-07 13:00:00,1034.0,19.5
2023-03-07 14:00:00,1099.0,18.7
2023-03-07 15:00:00,1170.0,17.3
2023-03-07 16:00:00,1363.0,16.8
2023-03-07 17:00:00,1268.0,17.2
2023-03-07 18:00:00,1289.0,16.8
2023-03-07 19:00:00,1325.0,16.3
2023-03-07 20:00:00,1297.0,16.2
2023-03-07 21:00:00,1241.0,15.8
2023-03-07 22:00:00,1128.0,15.2
2023-03-07 23:00:00,977.0,14.7
2023-03-08 00:00:00,1011.0,14.4
2023-03-08 01:00:00,940.0,14.1
2023-03-08 02:00:00,926.0,14.1
2023-03-08 03:00:00,883.0,14.3
2023-03-08 04:00:00,875.0,14.1
2023-03-08 05:00:00,883.0,14.1
2023-03-08 06:00:00,930.0,14.1
2023-03-08 07:00:00,1092.0,14.1
2023-03-08 08:00:00,1237.0,14.2
2023-03-08 09:00:00,1342.0,14.4
2023-03-08 10:00:00,1327.0,14.7
2023-03-08 11:00:00,1217.0,16.0
2023-03-08 12:00:00,1138.0,16.8
2023-03-08 13:00:00,1058.0,17.2
2023-03-08 14:00:00,1092.0,18.0
2023-03-08 15:00:00,1157.0,18.4
2023-03-08 16:00:00,1274.0,18.5
2023-03-08 17:00:00,1208.0,19.7
2023-03-08 18:00:00,1205.0,19.2
2023-03-08 19:00:00,1256.0,16.9
2023-03-08 20:00:00,1281.0,16.4
2023-03-08 21:00:00,1263.0,15.7
2023-03-08 22:00:00,1169.0,14.7
2023-03-08 23:00:00,999.0,13.3
2023-03-09 00:00:00,1040.0,13.4
2023-03-09 01:00:00,987.0,12.0
2023-03-09 02:00:00,909.0,11.7
2023-03-09 03:00:00,879.0,12.9
2023-03-09 04:00:00,858.0,12.1
2023-03-09 05:00:00,838.0,12.3
2023-03-09 06:00:00,950.0,12.7
2023-03-09 07:00:00,1145.0,12.9
2023-03-09 08:00:00,1214.0,13.3
2023-03-09 09:00:00,1273.0,14.0
2023-03-09 10:00:00,1272.0,15.1
2023-03-09 11:00:00,1170.0,16.6
2023-03-09 12:00:00,1090.0,18.0
2023-03-09 13:00:00,981.0,20.2
2023-03-09 14:00:00,1052.0,22.6
2023-03-09 15:00:00,1067.0,24.1
2023-03-09 16:00:00,1093.0,25.8
2023-03-09 17:00:00,1201.0,25.6
2023-03-09 18:00:00,1169.0,25.0
2023-03-09 19:00:00,1247.0,22.0
2023-03-09 20:00:00,1306.0,18.4
2023-03-09 21:00:00,1263.0,17.1
2023-03-09 22:00:00,1158.0,15.3
2023-03-09 23:00:00,971.0,13.8
2023-03-10 00:00:00,1035.0,13.7
2023-03-10 01:00:00,907.0,13.4
2023-03-10 02:00:00,919.0,13.4
2023-03-10 03:00:00,924.0,11.8
2023-03-10 04:00:00,898.0,11.7
2023-03-10 05:00:00,908.0,12.0
2023-03-10 06:00:00,953.0,11.5
2023-03-10 07:00:00,1172.0,11.6
2023-03-10 08:00:00,1209.0,11.9
2023-03-10 09:00:00,1303.0,13.8
2023-03-10 10:00:00,1274.0,15.8
2023-03-10 11:00:00,1164.0,17.6
2023-03-10 12:00:00,1106.0,18.6
2023-03-10 13:00:00,1033.0,19.5
2023-03-10 14:00:00,1113.0,20.9
2023-03-10 15:00:00,1201.0,21.5
2023-03-10 16:00:00,1218.0,21.6
2023-03-10 17:00:00,1313.0,20.0
2023-03-10 18:00:00,1230.0,17.9
2023-03-10 19:00:00,1240.0,17.0
2023-03-10 20:00:00,1284.0,16.8
2023-03-10 21:00:00,1154.0,16.8
2023-03-10 22:00:00,1114.0,16.1
2023-03-10 23:00:00,1039.0,15.5
2023-03-11 00:00:00,1051.0,14.9
2023-03-11 01:00:00,979.0,14.7
2023-03-11 02:00:00,975.0,14.3
2023-03-11 03:00:00,951.0,13.8
2023-03-11 04:00:00,969.0,13.3
2023-03-11 05:00:00,930.0,13.3
2023-03-11 06:00:00,954.0,13.5
2023-03-11 07:00:00,1026.0,13.3
2023-03-11 08:00:00,1208.0,13.4
2023-03-11 09:00:00,1329.0,14.0
2023-03-11 10:00:00,1317.0,14.2
2023-03-11 11:00:00,1218.0,15.2
2023-03-11 12:00:00,1181.0,16.8
2023-03-11 13:00:00,1098.0,17.3
2023-03-11 14:00:00,1080.0,17.0
2023-03-11 15:00:00,1142.0,16.5
2023-03-11 16:00:00,1194.0,16.6
2023-03-11 17:00:00,1218.0,16.5
2023-03-11 18:00:00,1206.0,16.4
2023-03-11 19:00:00,1237.0,16.1
2023-03-11 20:00:00,1247.0,15.5
2023-03-11 21:00:00,1189.0,14.3
2023-03-11 22:00:00,1133.0,14.0
2023-03-11 23:00:00,983.0,13.6
2023-03-12 00:00:00,1046.0,13.6
2023-03-12 01:00:00,976.0,13.6
2023-03-12 02:00:00,962.0,13.8
2023-03-12 03:00:00,978.0,14.0
2023-03-12 04:00:00,925.0,15.3
2023-03-12 05:00:00,957.0,16.3
2023-03-12 06:00:00,983.0,16.2
2023-03-12 07:00:00,1054.0,15.7
2023-03-12 08:00:00,1206.0,15.4
2023-03-12 09:00:00,1367.0,15.6
2023-03-12 10:00:00,1324.0,16.1
2023-03-12 11:00:00,1204.0,16.6
2023-03-12 12:00:00,1157.0,17.4
2023-03-12 13:00:00,1122.0,18.5
2023-03-12 14:00:00,1126.0,18.1
2023-03-12 15:00:00,1102.0,18.8
2023-03-12 16:00:00,1285.0,18.8
2023-03-12 17:00:00,1298.0,16.8
2023-03-12 18:00:00,1307.0,16.0
2023-03-12 19:00:00,1368.0,14.1
2023-03-12 20:00:00,1341.0,11.9
2023-03-12 21:00:00,1295.0,11.0
2023-03-12 22:00:00,1159.0,10.2
2023-03-12 23:00:00,1014.0,9.2
2023-03-13 00:00:00,1074.0,9.1
2023-03-13 01:00:00,975.0,9.3
2023-03-13 02:00:00,959.0,9.1
2023-03-13 03:00:00,955.0,9.1
2023-03-13 04:00:00,901.0,8.8
2023-03-13 05:00:00,887.0,8.8
2023-03-13 06:00:00,1012.0,8.3
2023-03-13 07:00:00,1274.0,7.5
2023-03-13 08:00:00,1291.0,8.3
2023-03-13 09:00:00,1332.0,10.3
2023-03-13 10:00:00,1307.0,13.5
2023-03-13 11:00:00,1181.0,15.7
2023-03-13 12:00:00,1090.0,18.1
2023-03-13 13:00:00,1005.0,19.2
2023-03-13 14:00:00,1072.0,19.7
2023-03-13 15:00:00,1126.0,20.4
2023-03-13 16:00:00,1190.0,20.6
2023-03-13 17:00:00,1205.0,20.8
2023-03-13 18:00:00,1153.0,20.4
2023-03-13 19:00:00,1261.0,17.8
2023-03-13 20:00:00,1265.0,14.0
2023-03-13 21:00:00,1296.0,12.8
2023-03-13 22:00:00,1138.0,12.1
2023-03-13 23:00:00,991.0,11.2
2023-03-14 00:00:00,1063.0,11.8
2023-03-14 01:00:00,979.0,10.5
2023-03-14 02:00:00,925.0,10.5
2023-03-14 03:00:00,935.0,10.4
2023-03-14 04:00:00,907.0,9.1
2023-03-14 05:00:00,922.0,8.3
2023-03-14 06:00:00,973.0,8.4
2023-03-14 07:00:00,1199.0,8.8
2023-03-14 08:00:00,1259.0,9.8
2023-03-14 09:00:00,1272.0,12.5
2023-03-14 10:00:00,1253.0,16.1
2023-03-14 11:00:00,1154.0,19.1
2023-03-14 12:00:00,1054.0,20.0
2023-03-14 13:00:00,1010.0,20.4
2023-03-14 14:00:00,1025.0,21.8
2023-03-14 15:00:00,1097.0,23.7
2023-03-14 16:00:00,1153.0,24.0
2023-03-14 17:00:00,1232.0,23.9
2023-03-14 18:00:00,1207.0,22.5
2023-03-14 19:00:00,1282.0,21.8
2023-03-14 20:00:00,1256.0,20.3
2023-03-14 21:00:00,1219.0,19.0
2023-03-14 22:00:00,1123.0,18.1
2023-03-14 23:00:00,999.0,17.5
2023-03-15 00:00:00,1013.0,17.5
2023-03-15 01:00:00,958.0,17.2
2023-03-15 02:00:00,932.0,17.0
2023-03-15 03:00:00,938.0,16.6
2023-03-15 04:00:00,891.0,15.0
2023-03-15 05:00:00,879.0,13.3
2023-03-15 06:00:00,943.0,12.6
2023-03-15 07:00:00,1210.0,13.5
2023-03-15 08:00:00,1209.0,12.9
2023-03-15 09:00:00,1263.0,15.2
2023-03-15 10:00:00,1184.0,17.6
2023-03-15 11:00:00,1112.0,20.8
2023-03-15 12:00:00,1098.0,23.9
2023-03-15 13:00:00,992.0,24.8
2023-03-15 14:00:00,1006.0,26.6
2023-03-15 15:00:00,1089.0,26.2
2023-03-15 16:00:00,1178.0,26.7
2023-03-15 17:00:00,1209.0,26.9
2023-03-15 18:00:00,1199.0,25.6
2023-03-15 19:00:00,1268.0,24.3
2023-03-15 20:00:00,1302.0,21.6
2023-03-15 21:00:00,1244.0,20.9
2023-03-15 22:00:00,1136.0,21.0
2023-03-15 23:00:00,980.0,21.0
2023-03-16 00:00:00,1013.0,19.6
2023-03-16 01:00:00,989.0,19.1
2023-03-16 02:00:00,939.0,18.9
2023-03-16 03:00:00,920.0,18.4
2023-03-16 04:00:00,908.0,18.0
2023-03-16 05:00:00,894.0,16.4
2023-03-16 06:00:00,937.0,14.6
2023-03-16 07:00:00,1129.0,12.9
2023-03-16 08:00:00,1172.0,11.7
2023-03-16 09:00:00,1228.0,11.9
2023-03-16 10:00:00,1267.0,12.5
2023-03-16 11:00:00,1191.0,13.2
2023-03-16 12:00:00,1119.0,13.8
2023-03-16 13:00:00,1069.0,14.2
2023-03-16 14:00:00,1095.0,13.7
2023-03-16 15:00:00,1205.0,13.1
2023-03-16 16:00:00,1272.0,12.7
2023-03-16 17:00:00,1271.0,13.0
2023-03-16 18:00:00,1255.0,12.8
2023-03-16 19:00:00,1290.0,11.9
2023-03-16 20:00:00,1296.0,11.3
2023-03-16 21:00:00,1241.0,11.0
2023-03-16 22:00:00,1081.0,10.5
2023-03-16 23:00:00,965.0,8.2
2023-03-17 00:00:00,988.0,7.0
2023-03-17 01:00:00,955.0,6.7
2023-03-17 02:00:00,959.0,7.0
2023-03-17 03:00:00,912.0,6.4
2023-03-17 04:00:00,905.0,5.4
2023-03-17 05:00:00,917.0,5.3
2023-03-17 06:00:00,949.0,5.1
2023-03-17 07:00:00,1152.0,4.7
2023-03-17 08:00:00,1270.0,4.8
2023-03-17 09:00:00,1368.0,5.9
2023-03-17 10:00:00,1397.0,6.1
2023-03-17 11:00:00,1390.0,5.9
2023-03-17 12:00:00,1331.0,6.4
2023-03-17 13:00:00,1302.0,5.9
2023-03-17 14:00:00,1327.0,6.2
2023-03-17 15:00:00,1366.0,6.3
2023-03-17 16:00:00,1417.0,6.7
2023-03-17 17:00:00,1499.0,7.1
2023-03-17 18:00:00,1447.0,7.0
2023-03-17 19:00:00,1506.0,6.9
2023-03-17 20:00:00,1463.0,6.8
2023-03-17 21:00:00,1368.0,6.9
2023-03-17 22:00:00,1258.0,7.1
2023-03-17 23:00:00,1120.0,7.1
2023-03-18 00:00:00,1155.0,7.0
2023-03-18 01:00:00,1026.0,7.0
2023-03-18 02:00:00,1005.0,6.8
2023-03-18 03:00:00,1017.0,6.6
2023-03-18 04:00:00,980.0,6.6
2023-03-18 05:00:00,978.0,6.5
2023-03-18 06:00:00,998.0,6.6
2023-03-18 07:00:00,1088.0,6.4
2023-03-18 08:00:00,1358.0,6.4
2023-03-18 09:00:00,1551.0,6.4
2023-03-18 10:00:00,1512.0,6.3
2023-03-18 11:00:00,1507.0,6.3
2023-03-18 12:00:00,1388.0,6.4
2023-03-18 13:00:00,1357.0,6.6
2023-03-18 14:00:00,1424.0,6.7
2023-03-18 15:00:00,1460.0,6.8
2023-03-18 16:00:00,1537.0,7.0
2023-03-18 17:00:00,1599.0,6.8
2023-03-18 18:00:00,1538.0,6.4
2023-03-18 19:00:00,1578.0,6.1
2023-03-18 20:00:00,1488.0,6.0
2023-03-18 21:00:00,1430.0,6.2
2023-03-18 22:00:00,1296.0,6.1
2023-03-18 23:00:00,1168.0,6.0
2023-03-19 00:00:00,1183.0,5.7
2023-03-19 01:00:00,1062.0,5.7
2023-03-19 02:00:00,1040.0,5.7
2023-03-19 03:00:00,1014.0,5.5
2023-03-19 04:00:00,1001.0,5.2
2023-03-19 05:00:00,975.0,5.3
2023-03-19 06:00:00,972.0,5.4
2023-03-19 07:00:00,1063.0,5.3
2023-03-19 08:00:00,1295.0,5.4
2023-03-19 09:00:00,1492.0,5.4
2023-03-19 10:00:00,1546.0,5.5
2023-03-19 11:00:00,1495.0,5.9
2023-03-19 12:00:00,1466.0,6.4
2023-03-19 13:00:00,1419.0,6.7
2023-03-19 14:00:00,1421.0,6.6
2023-03-19 15:00:00,1450.0,6.8
2023-03-19 16:00:00,1569.0,6.6
2023-03-19 17:00:00,1581.0,6.7
2023-03-19 18:00:00,1575.0,6.6
2023-03-19 19:00:00,1583.0,6.5
2023-03-19 20:00:00,1578.0,6.4
2023-03-19 21:00:00,1485.0,6.5
2023-03-19 22:00:00,1325.0,6.6
2023-03-19 23:00:00,1131.0,6.6
2023-03-20 00:00:00,1132.0,6.5
2023-03-20 01:00:00,1006.0,6.4
2023-03-20 02:00:00,981.0,6.4
2023-03-20 03:00:00,966.0,6.4
2023-03-20 04:00:00,974.0,6.4
2023-03-20 05:00:00,977.0,6.4
2023-03-20 06:00:00,967.0,6.4
2023-03-20 07:00:00,1228.0,6.3
2023-03-20 08:00:00,1370.0,6.4
2023-03-20 09:00:00,1532.0,6.7
2023-03-20 10:00:00,1529.0,7.0
2023-03-20 11:00:00,1510.0,7.4
2023-03-20 12:00:00,1427.0,7.5
2023-03-20 13:00:00,1366.0,7.7
2023-03-20 14:00:00,1413.0,8.0
2023-03-20 15:00:00,1507.0,8.0
2023-03-20 16:00:00,1558.0,8.3
2023-03-20 17:00:00,1607.0,8.1
2023-03-20 18:00:00,1523.0,8.1
2023-03-20 19:00:00,1577.0,8.1
2023-03-20 20:00:00,1536.0,8.0
2023-03-20 21:00:00,1490.0,8.0
2023-03-20 22:00:00,1342.0,8.0
2023-03-20 23:00:00,1161.0,8.1
2023-03-21 00:00:00,1170.0,8.1
2023-03-21 01:00:00,1060.0,8.1
2023-03-21 02:00:00,1020.0,8.1
2023-03-21 03:00:00,983.0,8.1
2023-03-21 04:00:00,968.0,8.2
2023-03-21 05:00:00,979.0,8.2
2023-03-21 06:00:00,1057.0,8.2
2023-03-21 07:00:00,1299.0,8.3
2023-03-21 08:00:00,1409.0,8.4
2023-03-21 09:00:00,1509.0,8.7
2023-03-21 10:00:00,1545.0,9.3
2023-03-21 11:00:00,1465.0,9.6
2023-03-21 12:00:00,1389.0,9.9
2023-03-21 13:00:00,1332.0,10.4
2023-03-21 14:00:00,1315.0,10.5
2023-03-21 15:00:00,1413.0,10.4
2023-03-21 16:00:00,1461.0,10.3
2023-03-21 17:00:00,1516.0,10.2
2023-03-21 18:00:00,1497.0,10.1
2023-03-21 19:00:00,1547.0,9.9
2023-03-21 20:00:00,1513.0,9.9
2023-03-21 21:00:00,1454.0,9.9
2023-03-21 22:00:00,1343.0,10.0
2023-03-21 23:00:00,1141.0,10.0
2023-03-22 00:00:00,1119.0,10.1
2023-03-22 01:00:00,1044.0,10.0
2023-03-22 02:00:00,990.0,9.9
2023-03-22 03:00:00,954.0,9.8
2023-03-22 04:00:00,977.0,9.8
2023-03-22 05:00:00,991.0,9.7
2023-03-22 06:00:00,1067.0,9.5
2023-03-22 07:00:00,1292.0,9.6
2023-03-22 08:00:00,1355.0,9.7
2023-03-22 09:00:00,1468.0,10.0
2023-03-22 10:00:00,1503.0,10.4
2023-03-22 11:00:00,1470.0,11.2
2023-03-22 12:00:00,1442.0,11.9
2023-03-22 13:00:00,1288.0,12.0
2023-03-22 14:00:00,1313.0,12.0
2023-03-22 15:00:00,1392.0,12.1
2023-03-22 16:00:00,1373.0,12.0
2023-03-22 17:00:00,1497.0,12.0
2023-03-22 18:00:00,1402.0,11.9
2023-03-22 19:00:00,1523.0,11.8
2023-03-22 20:00:00,1479.0,11.8
2023-03-22 21:00:00,1463.0,11.7
2023-03-22 22:00:00,1287.0,11.4
2023-03-22 23:00:00,1129.0,11.5
2023-03-23 00:00:00,1125.0,11.4
2023-03-23 01:00:00,1046.0,11.4
2023-03-23 02:00:00,1004.0,11.9
2023-03-23 03:00:00,969.0,11.7
2023-03-23 04:00:00,920.0,11.9
2023-03-23 05:00:00,951.0,11.7
2023-03-23 06:00:00,998.0,11.6
2023-03-23 07:00:00,1201.0,11.8
2023-03-23 08:00:00,1324.0,12.1
2023-03-23 09:00:00,1369.0,12.7
2023-03-23 10:00:00,1428.0,13.0
2023-03-23 11:00:00,1377.0,14.0
2023-03-23 12:00:00,1300.0,14.7
2023-03-23 13:00:00,1247.0,15.0
2023-03-23 14:00:00,1250.0,14.9
2023-03-23 15:00:00,1366.0,14.6
2023-03-23 16:00:00,1389.0,14.1
2023-03-23 17:00:00,1467.0,13.7
2023-03-23 18:00:00,1384.0,13.2
2023-03-23 19:00:00,1469.0,12.9
2023-03-23 20:00:00,1416.0,12.7
2023-03-23 21:00:00,1385.0,12.6
2023-03-23 22:00:00,1249.0,13.0
2023-03-23 23:00:00,1136.0,12.3
2023-03-24 00:00:00,1069.0,12.3
2023-03-24 01:00:00,940.0,12.2
2023-03-24 02:00:00,943.0,12.1
2023-03-24 03:00:00,923.0,11.9
2023-03-24 04:00:00,956.0,11.4
2023-03-24 05:00:00,910.0,10.4
2023-03-24 06:00:00,945.0,10.0
2023-03-24 07:00:00,1227.0,9.8
2023-03-24 08:00:00,1354.0,9.4
2023-03-24 09:00:00,1450.0,9.5
2023-03-24 10:00:00,1480.0,9.7
2023-03-24 11:00:00,1362.0,10.2
2023-03-24 12:00:00,1284.0,10.4
2023-03-24 13:00:00,1280.0,10.0
2023-03-24 14:00:00,1297.0,9.4
2023-03-24 15:00:00,1387.0,9.0
2023-03-24 16:00:00,1439.0,8.8
2023-03-24 17:00:00,1507.0,8.4
2023-03-24 18:00:00,1496.0,8.3
2023-03-24 19:00:00,1470.0,8.3
2023-03-24 20:00:00,1431.0,8.2
2023-03-24 21:00:00,1379.0,8.0
2023-03-24 22:00:00,1297.0,8.0
2023-03-24 23:00:00,1123.0,8.0
2023-03-25 00:00:00,1118.0,7.9
2023-03-25 01:00:00,1006.0,7.3
2023-03-25 02:00:00,952.0,6.9
2023-03-25 03:00:00,914.0,7.0
2023-03-25 04:00:00,954.0,6.9
2023-03-25 05:00:00,908.0,6.9
2023-03-25 06:00:00,931.0,6.9
2023-03-25 07:00:00,1079.0,6.9
2023-03-25 08:00:00,1302.0,7.1
2023-03-25 09:00:00,1473.0,7.5
2023-03-25 10:00:00,1506.0,7.9
2023-03-25 11:00:00,1428.0,8.4
2023-03-25 12:00:00,1326.0,9.1
2023-03-25 13:00:00,1298.0,9.8
2023-03-25 14:00:00,1395.0,10.0
2023-03-25 15:00:00,1319.0,10.5
2023-03-25 16:00:00,1406.0,10.2
2023-03-25 17:00:00,1434.0,10.4
2023-03-25 18:00:00,1395.0,10.4
2023-03-25 19:00:00,1460.0,10.1
2023-03-25 20:00:00,1469.0,9.7
2023-03-25 21:00:00,1444.0,9.5
2023-03-25 22:00:00,1297.0,9.3
2023-03-25 23:00:00,1165.0,9.1
2023-03-26 00:00:00,1121.0,9.0
2023-03-26 01:00:00,990.0,8.8
2023-03-26 02:00:00,978.0,8.6
2023-03-26 03:00:00,904.0,8.2
2023-03-26 04:00:00,971.0,7.6
2023-03-26 05:00:00,952.0,7.1
2023-03-26 06:00:00,969.0,5.7
2023-03-26 07:00:00,1174.0,5.8
2023-03-26 08:00:00,1322.0,6.8
2023-03-26 09:00:00,1391.0,7.8
2023-03-26 10:00:00,1413.0,9.9
2023-03-26 11:00:00,1357.0,13.0
2023-03-26 12:00:00,1293.0,12.8
2023-03-26 13:00:00,1249.0,13.4
2023-03-26 14:00:00,1276.0,14.1
2023-03-26 15:00:00,1312.0,14.5
2023-03-26 16:00:00,1380.0,14.5
2023-03-26 17:00:00,1511.0,14.1
2023-03-26 18:00:00,1430.0,13.3
2023-03-26 19:00:00,1452.0,12.7
2023-03-26 20:00:00,1518.0,12.6
2023-03-26 21:00:00,1471.0,12.2
2023-03-26 22:00:00,1309.0,12.1
2023-03-26 23:00:00,1129.0,11.8
2023-03-27 00:00:00,1111.0,12.0
2023-03-27 01:00:00,1023.0,11.6
2023-03-27 02:00:00,960.0,10.0
2023-03-27 03:00:00,953.0,9.2
2023-03-27 04:00:00,960.0,8.9
2023-03-27 05:00:00,994.0,8.3
2023-03-27 06:00:00,978.0,8.3
2023-03-27 07:00:00,1296.0,8.3
2023-03-27 08:00:00,1385.0,8.5
2023-03-27 09:00:00,1450.0,8.8
2023-03-27 10:00:00,1518.0,9.1
2023-03-27 11:00:00,1413.0,9.6
2023-03-27 12:00:00,1345.0,10.1
2023-03-27 13:00:00,1253.0,10.9
2023-03-27 14:00:00,1216.0,11.4
2023-03-27 15:00:00,1361.0,12.1
2023-03-27 16:00:00,1413.0,11.9
2023-03-27 17:00:00,1455.0,11.8
2023-03-27 18:00:00,1392.0,11.2
2023-03-27 19:00:00,1428.0,11.0
2023-03-27 20:00:00,1460.0,10.3
2023-03-27 21:00:00,1404.0,9.7
2023-03-27 22:00:00,1301.0,9.4
2023-03-27 23:00:00,1126.0,9.3
2023-03-28 00:00:00,1131.0,8.6
2023-03-28 01:00:00,996.0,8.2
2023-03-28 02:00:00,992.0,8.3
2023-03-28 03:00:00,962.0,8.0
2023-03-28 04:00:00,983.0,8.1
2023-03-28 05:00:00,950.0,8.2
2023-03-28 06:00:00,1046.0,8.2
2023-03-28 07:00:00,1256.0,8.3
2023-03-28 08:00:00,1372.0,8.6
2023-03-28 09:00:00,1458.0,9.1
2023-03-28 10:00:00,1487.0,9.8
2023-03-28 11:00:00,1376.0,10.8
2023-03-28 12:00:00,1331.0,11.7
2023-03-28 13:00:00,1272.0,13.4
2023-03-28 14:00:00,1266.0,13.9
2023-03-28 15:00:00,1314.0,14.2
2023-03-28 16:00:00,1401.0,14.5
2023-03-28 17:00:00,1455.0,14.0
2023-03-28 18:00:00,1454.0,13.4
2023-03-28 19:00:00,1421.0,12.8
2023-03-28 20:00:00,1424.0,12.2
2023-03-28 21:00:00,1413.0,12.0
2023-03-28 22:00:00,1296.0,11.8
2023-03-28 23:00:00,1123.0,11.1
2023-03-29 00:00:00,1147.0,10.7
2023-03-29 01:00:00,1077.0,10.4
2023-03-29 02:00:00,980.0,10.4
2023-03-29 03:00:00,993.0,10.4
2023-03-29 04:00:00,970.0,10.4
2023-03-29 05:00:00,966.0,10.4
2023-03-29 06:00:00,1020.0,10.2
2023-03-29 07:00:00,1257.0,10.2
2023-03-29 08:00:00,1346.0,10.4
2023-03-29 09:00:00,1457.0,11.0
2023-03-29 10:00:00,1473.0,11.4
2023-03-29 11:00:00,1366.0,12.5
2023-03-29 12:00:00,1274.0,12.7
2023-03-29 13:00:00,1208.0,13.0
2023-03-29 14:00:00,1233.0,14.3
2023-03-29 15:00:00,1350.0,14.7
2023-03-29 16:00:00,1395.0,15.2
2023-03-29 17:00:00,1407.0,15.1
2023-03-29 18:00:00,1375.0,14.8
2023-03-29 19:00:00,1402.0,13.4
2023-03-29 20:00:00,1455.0,11.1
2023-03-29 21:00:00,1412.0,10.6
2023-03-29 22:00:00,1322.0,10.3
2023-03-29 23:00:00,1173.0,9.4
2023-03-30 00:00:00,1158.0,9.0
2023-03-30 01:00:00,1029.0,7.9
2023-03-30 02:00:00,1022.0,8.1
2023-03-30 03:00:00,910.0,7.6
2023-03-30 04:00:00,955.0,7.4
2023-03-30 05:00:00,992.0,6.5
2023-03-30 06:00:00,1070.0,5.8
2023-03-30 07:00:00,1353.0,6.3
2023-03-30 08:00:00,1389.0,8.2
2023-03-30 09:00:00,1438.0,11.6
2023-03-30 10:00:00,1383.0,15.0
2023-03-30 11:00:00,1290.0,17.4
2023-03-30 12:00:00,1196.0,19.0
2023-03-30 13:00:00,1098.0,19.9
2023-03-30 14:00:00,1135.0,21.6
2023-03-30 15:00:00,1196.0,22.1
2023-03-30 16:00:00,1238.0,22.7
2023-03-30 17:00:00,1254.0,22.4
2023-03-30 18:00:00,1280.0,20.5
2023-03-30 19:00:00,1356.0,19.3
2023-03-30 20:00:00,1391.0,17.6
2023-03-30 21:00:00,1380.0,15.5
2023-03-30 22:00:00,1230.0,14.3
2023-03-30 23:00:00,1108.0,13.4
2023-03-31 00:00:00,1084.0,13.1
2023-03-31 01:00:00,960.0,12.4
2023-03-31 02:00:00,907.0,11.5
2023-03-31 03:00:00,909.0,11.4
2023-03-31 04:00:00,873.0,10.3
2023-03-31 05:00:00,941.0,10.0
2023-03-31 06:00:00,1009.0,9.2
2023-03-31 07:00:00,1272.0,9.8
2023-03-31 08:00:00,1254.0,11.1
2023-03-31 09:00:00,1300.0,13.6
2023-03-31 10:00:00,1222.0,16.3
2023-03-31 11:00:00,1105.0,18.5
2023-03-31 12:00:00,1115.0,21.3
2023-03-31 13:00:00,1047.0,20.7
2023-03-31 14:00:00,1090.0,22.6
2023-03-31 15:00:00,1101.0,23.6
2023-03-31 16:00:00,1246.0,22.9
2023-03-31 17:00:00,1266.0,21.6
2023-03-31 18:00:00,1251.0,20.7
2023-03-31 19:00:00,1321.0,18.7
2023-03-31 20:00:00,1353.0,17.2
2023-03-31 21:00:00,1292.0,16.2
2023-03-31 22:00:00,1182.0,15.5
2023-03-31 23:00:00,1054.0,15.2
2023-04-01 00:00:00,1016.0,14.9
2023-04-01 01:00:00,914.0,14.7
2023-04-01 02:00:00,895.0,14.1
2023-04-01 03:00:00,904.0,13.7
2023-04-01 04:00:00,914.0,13.7
2023-04-01 05:00:00,875.0,13.5
2023-04-01 06:00:00,919.0,13.3
2023-04-01 07:00:00,1182.0,13.1
2023-04-01 08:00:00,1223.0,13.7
2023-04-01 09:00:00,1299.0,14.5
2023-04-01 10:00:00,1250.0,16.4
2023-04-01 11:00:00,1178.0,19.8
2023-04-01 12:00:00,1049.0,22.9
2023-04-01 13:00:00,1050.0,23.5
2023-04-01 14:00:00,1115.0,25.8
2023-04-01 15:00:00,1171.0,26.3
2023-04-01 16:00:00,1152.0,26.8
2023-04-01 17:00:00,1219.0,26.7
2023-04-01 18:00:00,1177.0,26.2
2023-04-01 19:00:00,1265.0,24.0
2023-04-01 20:00:00,1345.0,21.2
2023-04-01 21:00:00,1304.0,20.7
2023-04-01 22:00:00,1260.0,20.8
2023-04-01 23:00:00,1036.0,19.5
2023-04-02 00:00:00,1041.0,18.4
2023-04-02 01:00:00,983.0,19.1
2023-04-02 02:00:00,921.0,18.9
2023-04-02 03:00:00,944.0,18.7
2023-04-02 04:00:00,914.0,18.9
2023-04-02 05:00:00,904.0,18.7
2023-04-02 06:00:00,943.0,18.4
2023-04-02 07:00:00,1142.0,18.1
2023-04-02 08:00:00,1154.0,19.0
2023-04-02 09:00:00,1223.0,20.8
2023-04-02 10:00:00,1250.0,21.9
2023-04-02 11:00:00,1151.0,22.9
2023-04-02 12:00:00,1120.0,24.5
2023-04-02 13:00:00,1042.0,25.1
2023-04-02 14:00:00,1039.0,28.5
2023-04-02 15:00:00,1162.0,28.4
2023-04-02 16:00:00,1230.0,29.4
2023-04-02 17:00:00,1231.0,29.3
2023-04-02 18:00:00,1261.0,27.8
2023-04-02 19:00:00,1301.0,26.8
2023-04-02 20:00:00,1353.0,26.2
2023-04-02 21:00:00,1305.0,26.4
2023-04-02 22:00:00,1172.0,25.8
2023-04-02 23:00:00,1049.0,25.6
2023-04-03 00:00:00,994.0,24.7
2023-04-03 01:00:00,917.0,24.3
2023-04-03 02:00:00,882.0,23.4
2023-04-03 03:00:00,795.0,22.0
2023-04-03 04:00:00,844.0,24.8
2023-04-03 05:00:00,795.0,24.5
2023-04-03 06:00:00,836.0,25.0
2023-04-03 07:00:00,1071.0,25.4
2023-04-03 08:00:00,1136.0,26.0
2023-04-03 09:00:00,1154.0,27.5
2023-04-03 10:00:00,1119.0,28.9
2023-04-03 11:00:00,1119.0,30.0
2023-04-03 12:00:00,1060.0,31.0
2023-04-03 13:00:00,1003.0,32.2
2023-04-03 14:00:00,1132.0,31.5
2023-04-03 15:00:00,1101.0,32.3
2023-04-03 16:00:00,1142.0,31.8
2023-04-03 17:00:00,1214.0,31.3
2023-04-03 18:00:00,1189.0,30.3
2023-04-03 19:00:00,1180.0,29.0
2023-04-03 20:00:00,1224.0,27.7
2023-04-03 21:00:00,1216.0,23.8
2023-04-03 22:00:00,1128.0,22.8
2023-04-03 23:00:00,949.0,21.7
2023-04-04 00:00:00,1022.0,20.2
2023-04-04 01:00:00,916.0,19.4
2023-04-04 02:00:00,912.0,19.0
2023-04-04 03:00:00,912.0,19.0
2023-04-04 04:00:00,905.0,18.8
2023-04-04 05:00:00,816.0,18.8
2023-04-04 06:00:00,863.0,16.9
2023-04-04 07:00:00,1063.0,16.5
2023-04-04 08:00:00,1103.0,15.3
2023-04-04 09:00:00,1238.0,14.2
2023-04-04 10:00:00,1233.0,13.7
2023-04-04 11:00:00,1129.0,13.8
2023-04-04 12:00:00,1150.0,14.2
2023-04-04 13:00:00,1097.0,13.4
2023-04-04 14:00:00,1106.0,13.7
2023-04-04 15:00:00,1112.0,13.9
2023-04-04 16:00:00,1240.0,14.3
2023-04-04 17:00:00,1278.0,14.1
2023-04-04 18:00:00,1216.0,13.8
2023-04-04 19:00:00,1229.0,12.8
2023-04-04 20:00:00,1177.0,12.5
2023-04-04 21:00:00,1125.0,12.2
2023-04-04 22:00:00,997.0,12.0
2023-04-04 23:00:00,883.0,11.5
2023-04-05 00:00:00,939.0,12.0
2023-04-05 01:00:00,842.0,12.3
2023-04-05 02:00:00,831.0,12.2
2023-04-05 03:00:00,831.0,12.2
2023-04-05 04:00:00,810.0,12.2
2023-04-05 05:00:00,764.0,12.5
2023-04-05 06:00:00,814.0,12.7
2023-04-05 07:00:00,955.0,12.9
2023-04-05 08:00:00,1111.0,13.0
2023-04-05 09:00:00,1147.0,12.7
2023-04-05 10:00:00,1260.0,11.5
2023-04-05 11:00:00,1220.0,11.8
2023-04-05 12:00:00,1100.0,12.1
2023-04-05 13:00:00,1082.0,13.0
2023-04-05 14:00:00,1134.0,13.1
2023-04-05 15:00:00,1157.0,13.1
2023-04-05 16:00:00,1261.0,13.1
2023-04-05 17:00:00,1343.0,12.8
2023-04-05 18:00:00,1233.0,12.4
2023-04-05 19:00:00,1250.0,12.0
2023-04-05 20:00:00,1343.0,11.8
2023-04-05 21:00:00,1239.0,11.6
2023-04-05 22:00:00,1089.0,11.3
2023-04-05 23:00:00,913.0,11.4
2023-04-06 00:00:00,921.0,11.2
2023-04-06 01:00:00,880.0,11.0
2023-04-06 02:00:00,862.0,10.7
2023-04-06 03:00:00,888.0,10.4
2023-04-06 04:00:00,879.0,10.0
2023-04-06 05:00:00,887.0,10.0
2023-04-06 06:00:00,870.0,9.8
2023-04-06 07:00:00,1117.0,9.8
2023-04-06 08:00:00,1200.0,10.0
2023-04-06 09:00:00,1276.0,10.5
2023-04-06 10:00:00,1316.0,11.8
2023-04-06 11:00:00,1166.0,13.0
2023-04-06 12:00:00,1129.0,14.4
2023-04-06 13:00:00,1034.0,16.1
2023-04-06 14:00:00,1110.0,17.7
2023-04-06 15:00:00,1169.0,17.0
2023-04-06 16:00:00,1179.0,17.2
2023-04-06 17:00:00,1196.0,17.1
2023-04-06 18:00:00,1224.0,16.8
2023-04-06 19:00:00,1222.0,16.4
2023-04-06 20:00:00,1307.0,13.3
2023-04-06 21:00:00,1232.0,11.6
2023-04-06 22:00:00,1158.0,10.7
2023-04-06 23:00:00,997.0,10.5
2023-04-07 00:00:00,991.0,10.2
2023-04-07 01:00:00,867.0,9.6
2023-04-07 02:00:00,871.0,8.9
2023-04-07 03:00:00,877.0,8.7
2023-04-07 04:00:00,840.0,8.4
2023-04-07 05:00:00,816.0,8.8
2023-04-07 06:00:00,911.0,8.5
2023-04-07 07:00:00,1210.0,8.9
2023-04-07 08:00:00,1204.0,10.0
2023-04-07 09:00:00,1239.0,11.0
2023-04-07 10:00:00,1275.0,12.1
2023-04-07 11:00:00,1158.0,14.7
2023-04-07 12:00:00,1062.0,17.3
2023-04-07 13:00:00,1017.0,19.6
2023-04-07 14:00:00,1089.0,20.6
2023-04-07 15:00:00,1090.0,21.3
2023-04-07 16:00:00,1172.0,21.1
2023-04-07 17:00:00,1202.0,20.7
2023-04-07 18:00:00,1187.0,19.5
2023-04-07 19:00:00,1219.0,17.7
2023-04-07 20:00:00,1287.0,16.5
2023-04-07 21:00:00,1176.0,15.9
2023-04-07 22:00:00,1119.0,15.0
2023-04-07 23:00:00,951.0,14.9
2023-04-08 00:00:00,962.0,14.3
2023-04-08 01:00:00,898.0,14.5
2023-04-08 02:00:00,828.0,12.9
2023-04-08 03:00:00,812.0,12.5
2023-04-08 04:00:00,861.0,12.2
2023-04-08 05:00:00,865.0,12.3
2023-04-08 06:00:00,900.0,12.2
2023-04-08 07:00:00,1113.0,12.0
2023-04-08 08:00:00,1167.0,13.6
2023-04-08 09:00:00,1246.0,15.9
2023-04-08 10:00:00,1217.0,18.3
2023-04-08 11:00:00,1088.0,19.5
2023-04-08 12:00:00,1047.0,20.9
2023-04-08 13:00:00,958.0,22.2
2023-04-08 14:00:00,1063.0,22.2
2023-04-08 15:00:00,1143.0,23.3
2023-04-08 16:00:00,1180.0,23.7
2023-04-08 17:00:00,1111.0,23.6
2023-04-08 18:00:00,1144.0,22.5
2023-04-08 19:00:00,1135.0,20.5
2023-04-08 20:00:00,1250.0,17.6
2023-04-08 21:00:00,1200.0,17.5
2023-04-08 22:00:00,1170.0,15.3
2023-04-08 23:00:00,1004.0,13.9
2023-04-09 00:00:00,1027.0,13.6
2023-04-09 01:00:00,937.0,13.1
2023-04-09 02:00:00,890.0,12.4
2023-04-09 03:00:00,854.0,11.7
2023-04-09 04:00:00,855.0,10.9
2023-04-09 05:00:00,857.0,10.2
2023-04-09 06:00:00,902.0,10.1
2023-04-09 07:00:00,1111.0,10.2
2023-04-09 08:00:00,1195.0,11.4
2023-04-09 09:00:00,1225.0,12.9
2023-04-09 10:00:00,1249.0,15.2
2023-04-09 11:00:00,1103.0,17.3
2023-04-09 12:00:00,1078.0,20.6
2023-04-09 13:00:00,962.0,20.3
2023-04-09 14:00:00,1022.0,20.5
2023-04-09 15:00:00,1137.0,20.8
2023-04-09 16:00:00,1238.0,20.2
2023-04-09 17:00:00,1269.0,18.9
2023-04-09 18:00:00,1288.0,18.5
2023-04-09 19:00:00,1264.0,17.8
2023-04-09 20:00:00,1338.0,17.1
2023-04-09 21:00:00,1244.0,16.3
2023-04-09 22:00:00,1115.0,15.6
2023-04-09 23:00:00,983.0,15.7
2023-04-10 00:00:00,1061.0,15.5
2023-04-10 01:00:00,904.0,15.0
2023-04-10 02:00:00,862.0,14.3
2023-04-10 03:00:00,885.0,14.0
2023-04-10 04:00:00,875.0,13.7
2023-04-10 05:00:00,877.0,13.6
2023-04-10 06:00:00,955.0,13.8
2023-04-10 07:00:00,1206.0,14.1
2023-04-10 08:00:00,1179.0,15.5
2023-04-10 09:00:00,1222.0,17.9
2023-04-10 10:00:00,1181.0,19.6
2023-04-10 11:00:00,1144.0,20.6
2023-04-10 12:00:00,1075.0,22.9
2023-04-10 13:00:00,919.0,24.5
2023-04-10 14:00:00,1043.0,26.1
2023-04-10 15:00:00,1079.0,26.7
2023-04-10 16:00:00,1109.0,26.7
2023-04-10 17:00:00,1197.0,26.0
2023-04-10 18:00:00,1169.0,24.9
2023-04-10 19:00:00,1233.0,23.4
2023-04-10 20:00:00,1241.0,22.1
2023-04-10 21:00:00,1213.0,21.6
2023-04-10 22:00:00,1111.0,20.8
2023-04-10 23:00:00,910.0,20.2
2023-04-11 00:00:00,954.0,19.7
2023-04-11 01:00:00,933.0,19.0
2023-04-11 02:00:00,895.0,17.9
2023-04-11 03:00:00,848.0,17.5
2023-04-11 04:00:00,863.0,15.9
2023-04-11 05:00:00,879.0,15.4
2023-04-11 06:00:00,933.0,15.8
2023-04-11 07:00:00,1160.0,15.9
2023-04-11 08:00:00,1202.0,16.2
2023-04-11 09:00:00,1246.0,17.1
2023-04-11 10:00:00,1225.0,17.5
2023-04-11 11:00:00,1160.0,18.4
2023-04-11 12:00:00,1111.0,19.3
2023-04-11 13:00:00,1099.0,20.2
2023-04-11 14:00:00,971.0,21.2
2023-04-11 15:00:00,1149.0,21.6
2023-04-11 16:00:00,1197.0,21.7
2023-04-11 17:00:00,1234.0,22.5
2023-04-11 18:00:00,1237.0,22.0
2023-04-11 19:00:00,1262.0,20.5
2023-04-11 20:00:00,1227.0,20.3
2023-04-11 21:00:00,1181.0,19.9
2023-04-11 22:00:00,1096.0,19.9
2023-04-11 23:00:00,968.0,19.3
2023-04-12 00:00:00,1000.0,19.1
2023-04-12 01:00:00,925.0,18.8
2023-04-12 02:00:00,880.0,18.5
2023-04-12 03:00:00,888.0,18.4
2023-04-12 04:00:00,856.0,18.3
2023-04-12 05:00:00,872.0,18.1
2023-04-12 06:00:00,954.0,18.0
2023-04-12 07:00:00,1150.0,17.9
2023-04-12 08:00:00,1181.0,18.4
2023-04-12 09:00:00,1210.0,19.4
2023-04-12 10:00:00,1251.0,21.8
2023-04-12 11:00:00,1134.0,21.6
2023-04-12 12:00:00,1029.0,22.9
2023-04-12 13:00:00,1048.0,23.7
2023-04-12 14:00:00,1058.0,24.0
2023-04-12 15:00:00,1103.0,24.0
2023-04-12 16:00:00,1196.0,23.2
2023-04-12 17:00:00,1247.0,22.7
2023-04-12 18:00:00,1228.0,22.3
2023-04-12 19:00:00,1273.0,21.5
2023-04-12 20:00:00,1296.0,20.8
2023-04-12 21:00:00,1226.0,20.3
2023-04-12 22:00:00,1164.0,20.1
2023-04-12 23:00:00,1038.0,19.5
2023-04-13 00:00:00,1047.0,18.6
2023-04-13 01:00:00,990.0,17.9
2023-04-13 02:00:00,929.0,17.8
2023-04-13 03:00:00,947.0,18.0
2023-04-13 04:00:00,926.0,18.1
2023-04-13 05:00:00,888.0,18.0
2023-04-13 06:00:00,969.0,18.2
2023-04-13 07:00:00,1178.0,18.3
2023-04-13 08:00:00,1157.0,19.0
2023-04-13 09:00:00,1163.0,19.7
2023-04-13 10:00:00,1128.0,20.9
2023-04-13 11:00:00,1043.0,23.6
2023-04-13 12:00:00,1023.0,25.4
2023-04-13 13:00:00,974.0,27.9
2023-04-13 14:00:00,990.0,29.6
2023-04-13 15:00:00,1050.0,30.6
2023-04-13 16:00:00,1056.0,30.7
2023-04-13 17:00:00,1148.0,30.2
2023-04-13 18:00:00,1149.0,29.6
2023-04-13 19:00:00,1145.0,28.1
2023-04-13 20:00:00,1220.0,25.3
2023-04-13 21:00:00,1189.0,23.7
2023-04-13 22:00:00,1066.0,22.6
2023-04-13 23:00:00,948.0,21.9
2023-04-14 00:00:00,968.0,21.5
2023-04-14 01:00:00,950.0,21.5
2023-04-14 02:00:00,949.0,21.5
2023-04-14 03:00:00,929.0,21.3
2023-04-14 04:00:00,876.0,20.9
2023-04-14 05:00:00,884.0,20.4
2023-04-14 06:00:00,925.0,20.2
2023-04-14 07:00:00,1122.0,20.3
2023-04-14 08:00:00,1183.0,19.8
2023-04-14 09:00:00,1228.0,19.7
2023-04-14 10:00:00,1187.0,20.8
2023-04-14 11:00:00,1164.0,19.7
2023-04-14 12:00:00,1088.0,20.5
2023-04-14 13:00:00,1008.0,20.9
2023-04-14 14:00:00,1076.0,20.4
2023-04-14 15:00:00,1139.0,20.4
2023-04-14 16:00:00,1206.0,20.1
2023-04-14 17:00:00,1265.0,19.7
2023-04-14 18:00:00,1178.0,19.0
2023-04-14 19:00:00,1180.0,18.5
2023-04-14 20:00:00,1156.0,18.0
2023-04-14 21:00:00,1086.0,17.1
2023-04-14 22:00:00,1059.0,16.5
2023-04-14 23:00:00,968.0,16.2
2023-04-15 00:00:00,993.0,15.7
2023-04-15 01:00:00,942.0,15.3
2023-04-15 02:00:00,903.0,14.8
2023-04-15 03:00:00,890.0,14.3
2023-04-15 04:00:00,862.0,13.5
2023-04-15 05:00:00,856.0,13.8
2023-04-15 06:00:00,959.0,14.0
2023-04-15 07:00:00,1104.0,14.4
2023-04-15 08:00:00,1182.0,14.7
2023-04-15 09:00:00,1239.0,16.1
2023-04-15 10:00:00,1227.0,18.1
2023-04-15 11:00:00,1086.0,20.6
2023-04-15 12:00:00,1073.0,22.0
2023-04-15 13:00:00,935.0,24.8
2023-04-15 14:00:00,1094.0,25.8
2023-04-15 15:00:00,1084.0,26.4
2023-04-15 16:00:00,1166.0,27.4
2023-04-15 17:00:00,1223.0,27.5
2023-04-15 18:00:00,1152.0,26.6
2023-04-15 19:00:00,1175.0,24.3
2023-04-15 20:00:00,1333.0,19.9
2023-04-15 21:00:00,1235.0,18.4
2023-04-15 22:00:00,1153.0,17.6
2023-04-15 23:00:00,1014.0,16.7
2023-04-16 00:00:00,1099.0,16.3
2023-04-16 01:00:00,938.0,16.5
2023-04-16 02:00:00,954.0,16.0
2023-04-16 03:00:00,898.0,14.4
2023-04-16 04:00:00,877.0,14.4
2023-04-16 05:00:00,887.0,14.4
2023-04-16 06:00:00,973.0,13.9
2023-04-16 07:00:00,1113.0,13.9
2023-04-16 08:00:00,1072.0,16.1
2023-04-16 09:00:00,1144.0,20.1
2023-04-16 10:00:00,1055.0,23.8
2023-04-16 11:00:00,1005.0,26.1
2023-04-16 12:00:00,1040.0,28.8
2023-04-16 13:00:00,1006.0,29.9
2023-04-16 14:00:00,980.0,32.0
2023-04-16 15:00:00,1073.0,33.6
2023-04-16 16:00:00,1127.0,34.0
2023-04-16 17:00:00,1139.0,34.6
2023-04-16 18:00:00,1158.0,33.3
2023-04-16 19:00:00,1197.0,31.4
2023-04-16 20:00:00,1290.0,28.1
2023-04-16 21:00:00,1233.0,24.4
2023-04-16 22:00:00,1098.0,25.8
2023-04-16 23:00:00,981.0,26.9
2023-04-17 00:00:00,1099.0,26.8
2023-04-17 01:00:00,929.0,25.7
2023-04-17 02:00:00,895.0,25.0
2023-04-17 03:00:00,857.0,23.9
2023-04-17 04:00:00,836.0,23.7
2023-04-17 05:00:00,820.0,23.8
2023-04-17 06:00:00,940.0,23.6
2023-04-17 07:00:00,1115.0,23.6
2023-04-17 08:00:00,1112.0,24.2
2023-04-17 09:00:00,1100.0,26.2
2023-04-17 10:00:00,1169.0,27.4
2023-04-17 11:00:00,1117.0,28.8
2023-04-17 12:00:00,981.0,28.4
2023-04-17 13:00:00,988.0,27.7
2023-04-17 14:00:00,1082.0,27.2
2023-04-17 15:00:00,1110.0,27.1
2023-04-17 16:00:00,1237.0,26.6
2023-04-17 17:00:00,1212.0,26.5
2023-04-17 18:00:00,1205.0,26.1
2023-04-17 19:00:00,1184.0,25.5
2023-04-17 20:00:00,1297.0,24.9
2023-04-17 21:00:00,1184.0,24.8
2023-04-17 22:00:00,1051.0,24.8
2023-04-17 23:00:00,955.0,24.5
2023-04-18 00:00:00,1023.0,24.7
2023-04-18 01:00:00,967.0,24.7
2023-04-18 02:00:00,895.0,24.6
2023-04-18 03:00:00,921.0,24.4
2023-04-18 04:00:00,884.0,23.5
2023-04-18 05:00:00,880.0,22.0
2023-04-18 06:00:00,942.0,20.8
2023-04-18 07:00:00,1070.0,20.7
2023-04-18 08:00:00,1031.0,20.6
2023-04-18 09:00:00,1089.0,20.9
2023-04-18 10:00:00,1120.0,20.2
2023-04-18 11:00:00,1013.0,20.2
2023-04-18 12:00:00,1013.0,21.0
2023-04-18 13:00:00,965.0,22.8
2023-04-18 14:00:00,970.0,22.9
2023-04-18 15:00:00,1062.0,25.5
2023-04-18 16:00:00,1161.0,27.0
2023-04-18 17:00:00,1171.0,27.0
2023-04-18 18:00:00,1100.0,25.3
2023-04-18 19:00:00,1134.0,23.2
2023-04-18 20:00:00,1193.0,22.9
2023-04-18 21:00:00,1154.0,22.1
2023-04-18 22:00:00,1043.0,21.7
2023-04-18 23:00:00,914.0,21.3
2023-04-19 00:00:00,909.0,21.7
2023-04-19 01:00:00,886.0,21.0
2023-04-19 02:00:00,873.0,20.0
2023-04-19 03:00:00,803.0,19.8
2023-04-19 04:00:00,839.0,19.9
2023-04-19 05:00:00,799.0,19.8
2023-04-19 06:00:00,870.0,19.7
2023-04-19 07:00:00,1072.0,19.7
2023-04-19 08:00:00,1104.0,19.7
2023-04-19 09:00:00,1143.0,20.0
2023-04-19 10:00:00,1116.0,21.9
2023-04-19 11:00:00,1076.0,22.4
2023-04-19 12:00:00,975.0,23.9
2023-04-19 13:00:00,973.0,23.5
2023-04-19 14:00:00,936.0,23.1
2023-04-19 15:00:00,1011.0,24.1
2023-04-19 16:00:00,1116.0,23.8
2023-04-19 17:00:00,1074.0,23.8
2023-04-19 18:00:00,1085.0,23.0
2023-04-19 19:00:00,1074.0,22.2
2023-04-19 20:00:00,1185.0,21.6
2023-04-19 21:00:00,1142.0,20.7
2023-04-19 22:00:00,1039.0,20.3
2023-04-19 23:00:00,926.0,19.6
2023-04-20 00:00:00,956.0,19.6
2023-04-20 01:00:00,864.0,19.1
2023-04-20 02:00:00,901.0,17.9
2023-04-20 03:00:00,842.0,18.3
2023-04-20 04:00:00,857.0,18.6
2023-04-20 05:00:00,855.0,18.5
2023-04-20 06:00:00,924.0,18.8
2023-04-20 07:00:00,1064.0,18.8
2023-04-20 08:00:00,1118.0,19.6
2023-04-20 09:00:00,1160.0,20.3
2023-04-20 10:00:00,1179.0,21.1
2023-04-20 11:00:00,1024.0,23.7
2023-04-20 12:00:00,1016.0,24.8
2023-04-20 13:00:00,971.0,26.4
2023-04-20 14:00:00,1031.0,27.3
2023-04-20 15:00:00,1094.0,28.1
2023-04-20 16:00:00,1119.0,28.2
2023-04-20 17:00:00,1180.0,27.4
2023-04-20 18:00:00,1120.0,26.6
2023-04-20 19:00:00,1174.0,25.8
2023-04-20 20:00:00,1281.0,23.4
2023-04-20 21:00:00,1210.0,23.3
2023-04-20 22:00:00,1072.0,23.1
2023-04-20 23:00:00,951.0,21.9
2023-04-21 00:00:00,966.0,21.5
2023-04-21 01:00:00,884.0,21.0
2023-04-21 02:00:00,861.0,20.9
2023-04-21 03:00:00,842.0,20.7
2023-04-21 04:00:00,839.0,20.6
2023-04-21 05:00:00,855.0,20.4
2023-04-21 06:00:00,927.0,20.3
2023-04-21 07:00:00,1101.0,20.6
2023-04-21 08:00:00,1043.0,21.8
2023-04-21 09:00:00,1137.0,22.2
2023-04-21 10:00:00,1134.0,23.2
2023-04-21 11:00:00,1066.0,24.4
2023-04-21 12:00:00,959.0,26.4
2023-04-21 13:00:00,980.0,27.1
2023-04-21 14:00:00,989.0,27.4
2023-04-21 15:00:00,1076.0,28.1
2023-04-21 16:00:00,1128.0,27.3
2023-04-21 17:00:00,1167.0,26.1
2023-04-21 18:00:00,1148.0,25.1
2023-04-21 19:00:00,1149.0,23.3
2023-04-21 20:00:00,1188.0,21.4
2023-04-21 21:00:00,1103.0,20.4
2023-04-21 22:00:00,1057.0,19.5
2023-04-21 23:00:00,947.0,18.9
2023-04-22 00:00:00,1014.0,18.3
2023-04-22 01:00:00,907.0,18.2
2023-04-22 02:00:00,883.0,17.4
2023-04-22 03:00:00,897.0,16.8
2023-04-22 04:00:00,867.0,16.7
2023-04-22 05:00:00,884.0,15.8
2023-04-22 06:00:00,896.0,15.0
2023-04-22 07:00:00,1053.0,13.4
2023-04-22 08:00:00,1116.0,12.7
2023-04-22 09:00:00,1195.0,12.4
2023-04-22 10:00:00,1177.0,13.1
2023-04-22 11:00:00,1116.0,13.3
2023-04-22 12:00:00,1081.0,13.0
2023-04-22 13:00:00,1021.0,12.6
2023-04-22 14:00:00,1122.0,12.1
2023-04-22 15:00:00,1169.0,11.9
2023-04-22 16:00:00,1199.0,11.5
2023-04-22 17:00:00,1270.0,10.8
2023-04-22 18:00:00,1240.0,10.0
2023-04-22 19:00:00,1172.0,9.5
2023-04-22 20:00:00,1149.0,9.1
2023-04-22 21:00:00,1142.0,8.7
2023-04-22 22:00:00,1037.0,8.4
2023-04-22 23:00:00,891.0,8.3
2023-04-23 00:00:00,948.0,8.1
2023-04-23 01:00:00,887.0,8.0
2023-04-23 02:00:00,831.0,7.9
2023-04-23 03:00:00,828.0,7.7
2023-04-23 04:00:00,831.0,7.7
2023-04-23 05:00:00,858.0,7.5
2023-04-23 06:00:00,915.0,7.2
2023-04-23 07:00:00,1107.0,7.3
2023-04-23 08:00:00,1160.0,7.2
2023-04-23 09:00:00,1263.0,7.7
2023-04-23 10:00:00,1233.0,7.8
2023-04-23 11:00:00,1234.0,7.8
2023-04-23 12:00:00,1137.0,7.8
2023-04-23 13:00:00,1103.0,8.1
2023-04-23 14:00:00,1113.0,8.2
2023-04-23 15:00:00,1209.0,8.1
2023-04-23 16:00:00,1268.0,8.2
2023-04-23 17:00:00,1354.0,8.0
2023-04-23 18:00:00,1278.0,7.9
2023-04-23 19:00:00,1295.0,7.7
2023-04-23 20:00:00,1334.0,7.9
2023-04-23 21:00:00,1280.0,7.9
2023-04-23 22:00:00,1182.0,7.9
2023-04-23 23:00:00,1030.0,8.0
2023-04-24 00:00:00,948.0,7.9
2023-04-24 01:00:00,886.0,7.8
2023-04-24 02:00:00,846.0,7.6
2023-04-24 03:00:00,867.0,7.7
2023-04-24 04:00:00,824.0,7.7
2023-04-24 05:00:00,877.0,7.7
2023-04-24 06:00:00,951.0,7.8
2023-04-24 07:00:00,1149.0,7.9
2023-04-24 08:00:00,1192.0,8.3
2023-04-24 09:00:00,1306.0,8.6
2023-04-24 10:00:00,1307.0,9.2
2023-04-24 11:00:00,1218.0,10.1
2023-04-24 12:00:00,1172.0,10.4
2023-04-24 13:00:00,1141.0,10.6
2023-04-24 14:00:00,1157.0,10.9
2023-04-24 15:00:00,1169.0,11.0
2023-04-24 16:00:00,1282.0,10.9
2023-04-24 17:00:00,1339.0,10.6
2023-04-24 18:00:00,1305.0,10.3
2023-04-24 19:00:00,1314.0,10.2
2023-04-24 20:00:00,1334.0,10.1
2023-04-24 21:00:00,1298.0,9.8
2023-04-24 22:00:00,1131.0,9.8
2023-04-24 23:00:00,1008.0,10.0
2023-04-25 00:00:00,1007.0,9.7
2023-04-25 01:00:00,936.0,9.2
2023-04-25 02:00:00,880.0,9.2
2023-04-25 03:00:00,862.0,9.2
2023-04-25 04:00:00,857.0,9.3
2023-04-25 05:00:00,895.0,9.1
2023-04-25 06:00:00,980.0,9.1
2023-04-25 07:00:00,1197.0,9.3
2023-04-25 08:00:00,1157.0,9.9
2023-04-25 09:00:00,1239.0,11.3
2023-04-25 10:00:00,1210.0,12.8
2023-04-25 11:00:00,1183.0,13.8
2023-04-25 12:00:00,1056.0,14.8
2023-04-25 13:00:00,962.0,15.8
2023-04-25 14:00:00,1012.0,17.1
2023-04-25 15:00:00,1052.0,17.8
2023-04-25 16:00:00,1103.0,18.4
2023-04-25 17:00:00,1175.0,19.3
2023-04-25 18:00:00,1167.0,18.4
2023-04-25 19:00:00,1204.0,17.0
2023-04-25 20:00:00,1344.0,13.9
2023-04-25 21:00:00,1290.0,12.7
2023-04-25 22:00:00,1185.0,11.8
2023-04-25 23:00:00,1029.0,11.1
2023-04-26 00:00:00,1006.0,10.7
2023-04-26 01:00:00,912.0,9.8
2023-04-26 02:00:00,893.0,9.8
2023-04-26 03:00:00,851.0,9.3
2023-04-26 04:00:00,843.0,9.1
2023-04-26 05:00:00,847.0,9.5
2023-04-26 06:00:00,949.0,8.3
2023-04-26 07:00:00,1153.0,9.1
2023-04-26 08:00:00,1144.0,11.1
2023-04-26 09:00:00,1149.0,13.1
2023-04-26 10:00:00,1189.0,16.2
2023-04-26 11:00:00,1094.0,19.3
2023-04-26 12:00:00,1016.0,19.9
2023-04-26 13:00:00,930.0,21.7
2023-04-26 14:00:00,1070.0,23.5
2023-04-26 15:00:00,1083.0,24.1
2023-04-26 16:00:00,1116.0,24.2
2023-04-26 17:00:00,1171.0,25.0
2023-04-26 18:00:00,1153.0,24.2
2023-04-26 19:00:00,1187.0,21.9
2023-04-26 20:00:00,1296.0,19.1
2023-04-26 21:00:00,1217.0,17.2
2023-04-26 22:00:00,1102.0,16.2
2023-04-26 23:00:00,945.0,15.3
2023-04-27 00:00:00,972.0,14.7
2023-04-27 01:00:00,889.0,13.8
2023-04-27 02:00:00,855.0,14.1
2023-04-27 03:00:00,810.0,14.2
2023-04-27 04:00:00,786.0,13.2
2023-04-27 05:00:00,854.0,13.4
2023-04-27 06:00:00,960.0,13.3
2023-04-27 07:00:00,1149.0,13.4
2023-04-27 08:00:00,1155.0,14.4
2023-04-27 09:00:00,1177.0,15.1
2023-04-27 10:00:00,1200.0,15.7
2023-04-27 11:00:00,1159.0,16.5
2023-04-27 12:00:00,1096.0,16.9
2023-04-27 13:00:00,1034.0,17.7
2023-04-27 14:00:00,1034.0,19.8
2023-04-27 15:00:00,1067.0,21.8
2023-04-27 16:00:00,1276.0,21.8
2023-04-27 17:00:00,1258.0,21.2
2023-04-27 18:00:00,1191.0,20.8
2023-04-27 19:00:00,1221.0,19.7
2023-04-27 20:00:00,1330.0,19.0
2023-04-27 21:00:00,1286.0,18.8
2023-04-27 22:00:00,1129.0,18.4
2023-04-27 23:00:00,965.0,18.1
2023-04-28 00:00:00,977.0,17.9
2023-04-28 01:00:00,909.0,17.6
2023-04-28 02:00:00,873.0,17.3
2023-04-28 03:00:00,863.0,16.3
2023-04-28 04:00:00,850.0,16.0
2023-04-28 05:00:00,837.0,16.1
2023-04-28 06:00:00,934.0,16.1
2023-04-28 07:00:00,1096.0,16.1
2023-04-28 08:00:00,1132.0,16.2
2023-04-28 09:00:00,1236.0,16.2
2023-04-28 10:00:00,1222.0,16.5
2023-04-28 11:00:00,1133.0,16.4
2023-04-28 12:00:00,1073.0,16.5
2023-04-28 13:00:00,1080.0,16.8
2023-04-28 14:00:00,1059.0,16.7
2023-04-28 15:00:00,1149.0,16.8
2023-04-28 16:00:00,1245.0,17.0
2023-04-28 17:00:00,1280.0,17.0
2023-04-28 18:00:00,1236.0,17.0
2023-04-28 19:00:00,1191.0,16.8
2023-04-28 20:00:00,1204.0,16.7
2023-04-28 21:00:00,1159.0,16.7
2023-04-28 22:00:00,1057.0,17.1
2023-04-28 23:00:00,999.0,16.5
2023-04-29 00:00:00,985.0,15.9
2023-04-29 01:00:00,906.0,16.2
2023-04-29 02:00:00,862.0,14.8
2023-04-29 03:00:00,850.0,13.0
2023-04-29 04:00:00,820.0,13.1
2023-04-29 05:00:00,827.0,12.9
2023-04-29 06:00:00,919.0,12.8
2023-04-29 07:00:00,1044.0,12.8
2023-04-29 08:00:00,1104.0,13.5
2023-04-29 09:00:00,1179.0,14.5
2023-04-29 10:00:00,1194.0,16.5
2023-04-29 11:00:00,1122.0,18.8
2023-04-29 12:00:00,1022.0,20.2
2023-04-29 13:00:00,1020.0,21.0
2023-04-29 14:00:00,968.0,22.1
2023-04-29 15:00:00,1053.0,22.8
2023-04-29 16:00:00,1169.0,22.1
2023-04-29 17:00:00,1206.0,22.0
2023-04-29 18:00:00,1180.0,22.0
2023-04-29 19:00:00,1142.0,20.3
2023-04-29 20:00:00,1280.0,16.5
2023-04-29 21:00:00,1215.0,14.6
2023-04-29 22:00:00,1133.0,13.7
2023-04-29 23:00:00,983.0,13.2
2023-04-30 00:00:00,1007.0,12.8
2023-04-30 01:00:00,889.0,12.4
2023-04-30 02:00:00,871.0,11.3
2023-04-30 03:00:00,797.0,10.6
2023-04-30 04:00:00,793.0,10.1
2023-04-30 05:00:00,813.0,9.9
2023-04-30 06:00:00,901.0,10.1
2023-04-30 07:00:00,1091.0,11.0
2023-04-30 08:00:00,1068.0,13.1
2023-04-30 09:00:00,1177.0,15.8
2023-04-30 10:00:00,1058.0,19.1
2023-04-30 11:00:00,1047.0,21.9
2023-04-30 12:00:00,1000.0,24.3
2023-04-30 13:00:00,913.0,26.4
2023-04-30 14:00:00,1033.0,27.6
2023-04-30 15:00:00,1027.0,27.9
2023-04-30 16:00:00,1118.0,28.3
2023-04-30 17:00:00,1144.0,28.1
2023-04-30 18:00:00,1085.0,27.6
2023-04-30 19:00:00,1124.0,24.1
2023-04-30 20:00:00,1276.0,20.9
2023-04-30 21:00:00,1231.0,19.0
2023-04-30 22:00:00,1093.0,17.6
2023-04-30 23:00:00,988.0,17.5
2023-05-01 00:00:00,992.0,16.1
2023-05-01 01:00:00,895.0,15.7
2023-05-01 02:00:00,840.0,14.8
2023-05-01 03:00:00,813.0,14.4
2023-05-01 04:00:00,819.0,13.2
2023-05-01 05:00:00,804.0,11.9
2023-05-01 06:00:00,927.0,11.7
2023-05-01 07:00:00,1038.0,12.4
2023-05-01 08:00:00,1033.0,15.5
2023-05-01 09:00:00,1103.0,18.2
2023-05-01 10:00:00,1084.0,21.3
2023-05-01 11:00:00,972.0,23.6
2023-05-01 12:00:00,940.0,25.8
2023-05-01 13:00:00,963.0,27.3
2023-05-01 14:00:00,954.0,27.8
2023-05-01 15:00:00,1013.0,28.9
2023-05-01 16:00:00,1040.0,29.8
2023-05-01 17:00:00,1107.0,29.8
2023-05-01 18:00:00,1063.0,29.2
2023-05-01 19:00:00,1098.0,27.1
2023-05-01 20:00:00,1158.0,23.3
2023-05-01 21:00:00,1156.0,22.3
2023-05-01 22:00:00,1076.0,21.5
2023-05-01 23:00:00,950.0,19.8
2023-05-02 00:00:00,972.0,19.6
2023-05-02 01:00:00,863.0,19.5
2023-05-02 02:00:00,868.0,19.3
2023-05-02 03:00:00,810.0,19.2
2023-05-02 04:00:00,833.0,18.9
2023-05-02 05:00:00,826.0,17.5
2023-05-02 06:00:00,854.0,16.7
2023-05-02 07:00:00,1000.0,17.2
2023-05-02 08:00:00,1010.0,17.4
2023-05-02 09:00:00,1127.0,17.7
2023-05-02 10:00:00,1096.0,18.8
2023-05-02 11:00:00,1030.0,20.3
2023-05-02 12:00:00,1014.0,22.5
2023-05-02 13:00:00,1005.0,23.9
2023-05-02 14:00:00,1067.0,23.8
2023-05-02 15:00:00,1086.0,24.4
2023-05-02 16:00:00,1145.0,24.4
2023-05-02 17:00:00,1173.0,24.5
2023-05-02 18:00:00,1162.0,23.7
2023-05-02 19:00:00,1068.0,23.2
2023-05-02 20:00:00,1194.0,22.8
2023-05-02 21:00:00,1179.0,21.7
2023-05-02 22:00:00,1065.0,22.6
2023-05-02 23:00:00,925.0,21.4
2023-05-03 00:00:00,986.0,21.2
2023-05-03 01:00:00,962.0,21.2
2023-05-03 02:00:00,912.0,21.2
2023-05-03 03:00:00,872.0,21.2
2023-05-03 04:00:00,812.0,22.4
2023-05-03 05:00:00,843.0,23.3
2023-05-03 06:00:00,900.0,24.5
2023-05-03 07:00:00,1036.0,25.7
2023-05-03 08:00:00,1131.0,26.9
2023-05-03 09:00:00,1141.0,27.8
2023-05-03 10:00:00,1178.0,28.2
2023-05-03 11:00:00,1058.0,29.8
2023-05-03 12:00:00,1052.0,30.5
2023-05-03 13:00:00,978.0,32.0
2023-05-03 14:00:00,1094.0,31.0
2023-05-03 15:00:00,1069.0,30.6
2023-05-03 16:00:00,1121.0,30.8
2023-05-03 17:00:00,1172.0,31.0
2023-05-03 18:00:00,1188.0,30.6
2023-05-03 19:00:00,1102.0,29.2
2023-05-03 20:00:00,1350.0,28.7
2023-05-03 21:00:00,1296.0,28.2
2023-05-03 22:00:00,1131.0,28.0
2023-05-03 23:00:00,968.0,27.6
2023-05-04 00:00:00,1006.0,27.6
2023-05-04 01:00:00,984.0,27.6
2023-05-04 02:00:00,961.0,27.0
2023-05-04 03:00:00,905.0,26.8
2023-05-04 04:00:00,930.0,26.0
2023-05-04 05:00:00,891.0,25.5
2023-05-04 06:00:00,1034.0,25.7
2023-05-04 07:00:00,1119.0,25.6
2023-05-04 08:00:00,1077.0,26.5
2023-05-04 09:00:00,1147.0,28.0
2023-05-04 10:00:00,1168.0,29.4
2023-05-04 11:00:00,1172.0,30.0
2023-05-04 12:00:00,1081.0,31.6
2023-05-04 13:00:00,1080.0,32.0
2023-05-04 14:00:00,1183.0,33.1
2023-05-04 15:00:00,1215.0,33.6
2023-05-04 16:00:00,1288.0,33.8
2023-05-04 17:00:00,1227.0,33.1
2023-05-04 18:00:00,1203.0,32.3
2023-05-04 19:00:00,1212.0,31.2
2023-05-04 20:00:00,1312.0,29.7
2023-05-04 21:00:00,1248.0,28.8
2023-05-04 22:00:00,1145.0,28.0
2023-05-04 23:00:00,1003.0,27.7
2023-05-05 00:00:00,1036.0,26.5
2023-05-05 01:00:00,932.0,23.9
2023-05-05 02:00:00,934.0,23.5
2023-05-05 03:00:00,927.0,23.5
2023-05-05 04:00:00,910.0,23.1
2023-05-05 05:00:00,903.0,22.7
2023-05-05 06:00:00,992.0,22.3
2023-05-05 07:00:00,1153.0,22.2
2023-05-05 08:00:00,1093.0,22.3
2023-05-05 09:00:00,1190.0,23.1
2023-05-05 10:00:00,1247.0,23.8
2023-05-05 11:00:00,1130.0,24.1
2023-05-05 12:00:00,1053.0,22.9
2023-05-05 13:00:00,1045.0,21.7
2023-05-05 14:00:00,1103.0,20.9
2023-05-05 15:00:00,1096.0,20.4
2023-05-05 16:00:00,1190.0,20.5
2023-05-05 17:00:00,1213.0,20.6
2023-05-05 18:00:00,1123.0,21.0
2023-05-05 19:00:00,1115.0,20.8
2023-05-05 20:00:00,1201.0,20.5
2023-05-05 21:00:00,1160.0,20.4
2023-05-05 22:00:00,1044.0,20.2
2023-05-05 23:00:00,926.0,19.9
2023-05-06 00:00:00,964.0,19.9
2023-05-06 01:00:00,928.0,19.4
2023-05-06 02:00:00,909.0,19.4
2023-05-06 03:00:00,857.0,19.1
2023-05-06 04:00:00,800.0,19.0
2023-05-06 05:00:00,820.0,18.9
2023-05-06 06:00:00,926.0,18.8
2023-05-06 07:00:00,1105.0,18.8
2023-05-06 08:00:00,1092.0,19.1
2023-05-06 09:00:00,1128.0,19.0
2023-05-06 10:00:00,1194.0,19.2
2023-05-06 11:00:00,1175.0,19.7
2023-05-06 12:00:00,1067.0,20.5
2023-05-06 13:00:00,974.0,20.0
2023-05-06 14:00:00,1031.0,19.8
2023-05-06 15:00:00,1124.0,19.4
2023-05-06 16:00:00,1228.0,19.4
2023-05-06 17:00:00,1281.0,19.6
2023-05-06 18:00:00,1180.0,19.2
2023-05-06 19:00:00,1103.0,18.9
2023-05-06 20:00:00,1198.0,18.6
2023-05-06 21:00:00,1140.0,18.3
2023-05-06 22:00:00,1075.0,18.0
2023-05-06 23:00:00,954.0,17.6
2023-05-07 00:00:00,1024.0,17.3
2023-05-07 01:00:00,952.0,16.6
2023-05-07 02:00:00,930.0,15.9
2023-05-07 03:00:00,897.0,15.2
2023-05-07 04:00:00,886.0,14.9
2023-05-07 05:00:00,879.0,14.2
2023-05-07 06:00:00,976.0,14.1
2023-05-07 07:00:00,1048.0,14.1
2023-05-07 08:00:00,1088.0,13.9
2023-05-07 09:00:00,1163.0,13.3
2023-05-07 10:00:00,1257.0,13.1
2023-05-07 11:00:00,1265.0,13.5
2023-05-07 12:00:00,1117.0,13.6
2023-05-07 13:00:00,1090.0,14.0
2023-05-07 14:00:00,1174.0,14.9
2023-05-07 15:00:00,1174.0,15.2
2023-05-07 16:00:00,1250.0,14.7
2023-05-07 17:00:00,1272.0,14.4
2023-05-07 18:00:00,1166.0,14.3
2023-05-07 19:00:00,1174.0,14.2
2023-05-07 20:00:00,1182.0,14.2
2023-05-07 21:00:00,1188.0,14.2
2023-05-07 22:00:00,1119.0,14.2
2023-05-07 23:00:00,944.0,14.2
2023-05-08 00:00:00,981.0,14.2
2023-05-08 01:00:00,929.0,14.2
2023-05-08 02:00:00,929.0,14.2
2023-05-08 03:00:00,868.0,14.2
2023-05-08 04:00:00,873.0,14.1
2023-05-08 05:00:00,871.0,14.1
2023-05-08 06:00:00,959.0,14.1
2023-05-08 07:00:00,1129.0,14.4
2023-05-08 08:00:00,1112.0,14.8
2023-05-08 09:00:00,1160.0,16.6
2023-05-08 10:00:00,1100.0,16.9
2023-05-08 11:00:00,1067.0,18.1
2023-05-08 12:00:00,981.0,19.6
2023-05-08 13:00:00,905.0,19.9
2023-05-08 14:00:00,969.0,19.8
2023-05-08 15:00:00,1024.0,20.2
2023-05-08 16:00:00,1106.0,19.9
2023-05-08 17:00:00,1132.0,19.9
2023-05-08 18:00:00,1095.0,19.4
2023-05-08 19:00:00,1080.0,18.9
2023-05-08 20:00:00,1172.0,18.5
2023-05-08 21:00:00,1118.0,18.3
2023-05-08 22:00:00,997.0,18.2
2023-05-08 23:00:00,872.0,17.8
2023-05-09 00:00:00,905.0,17.4
2023-05-09 01:00:00,850.0,17.5
2023-05-09 02:00:00,831.0,17.0
2023-05-09 03:00:00,773.0,16.5
2023-05-09 04:00:00,781.0,15.8
2023-05-09 05:00:00,802.0,15.6
2023-05-09 06:00:00,924.0,15.5
2023-05-09 07:00:00,1062.0,15.2
2023-05-09 08:00:00,1060.0,15.2
2023-05-09 09:00:00,1129.0,15.2
2023-05-09 10:00:00,1161.0,15.7
2023-05-09 11:00:00,1081.0,16.1
2023-05-09 12:00:00,990.0,16.5
2023-05-09 13:00:00,929.0,16.7
2023-05-09 14:00:00,961.0,16.7
2023-05-09 15:00:00,1047.0,16.7
2023-05-09 16:00:00,1067.0,16.6
2023-05-09 17:00:00,1173.0,16.4
2023-05-09 18:00:00,1122.0,16.1
2023-05-09 19:00:00,1094.0,15.8
2023-05-09 20:00:00,1102.0,15.7
2023-05-09 21:00:00,1056.0,15.7
2023-05-09 22:00:00,980.0,15.7
2023-05-09 23:00:00,881.0,15.6
2023-05-10 00:00:00,868.0,15.4
2023-05-10 01:00:00,807.0,15.5
2023-05-10 02:00:00,791.0,15.3
2023-05-10 03:00:00,791.0,15.3
2023-05-10 04:00:00,779.0,15.4
2023-05-10 05:00:00,792.0,15.3
2023-05-10 06:00:00,867.0,14.7
2023-05-10 07:00:00,1054.0,14.3
2023-05-10 08:00:00,1072.0,14.4
2023-05-10 09:00:00,1127.0,14.7
2023-05-10 10:00:00,1169.0,14.9
2023-05-10 11:00:00,1047.0,15.2
2023-05-10 12:00:00,994.0,15.2
2023-05-10 13:00:00,935.0,15.1
2023-05-10 14:00:00,982.0,15.0
2023-05-10 15:00:00,1020.0,15.1
2023-05-10 16:00:00,1090.0,15.2
2023-05-10 17:00:00,1194.0,15.1
2023-05-10 18:00:00,1078.0,15.0
2023-05-10 19:00:00,1082.0,14.8
2023-05-10 20:00:00,1083.0,14.5
2023-05-10 21:00:00,1097.0,14.5
2023-05-10 22:00:00,999.0,14.5
2023-05-10 23:00:00,864.0,14.5
2023-05-11 00:00:00,879.0,14.4
2023-05-11 01:00:00,808.0,14.2
2023-05-11 02:00:00,807.0,14.3
2023-05-11 03:00:00,810.0,14.3
2023-05-11 04:00:00,746.0,14.3
2023-05-11 05:00:00,763.0,14.1
2023-05-11 06:00:00,851.0,14.0
2023-05-11 07:00:00,1103.0,14.0
2023-05-11 08:00:00,1084.0,14.1
2023-05-11 09:00:00,1156.0,14.6
2023-05-11 10:00:00,1138.0,14.9
2023-05-11 11:00:00,1039.0,15.2
2023-05-11 12:00:00,940.0,15.9
2023-05-11 13:00:00,890.0,17.3
2023-05-11 14:00:00,907.0,19.9
2023-05-11 15:00:00,987.0,20.5
2023-05-11 16:00:00,1072.0,21.4
2023-05-11 17:00:00,1075.0,21.8
2023-05-11 18:00:00,1038.0,21.8
2023-05-11 19:00:00,1084.0,20.2
2023-05-11 20:00:00,1131.0,17.9
2023-05-11 21:00:00,1159.0,16.7
2023-05-11 22:00:00,1047.0,16.2
2023-05-11 23:00:00,863.0,15.9
2023-05-12 00:00:00,846.0,14.7
2023-05-12 01:00:00,806.0,14.2
2023-05-12 02:00:00,779.0,14.0
2023-05-12 03:00:00,768.0,13.9
2023-05-12 04:00:00,752.0,13.3
2023-05-12 05:00:00,775.0,13.3
2023-05-12 06:00:00,920.0,13.6
2023-05-12 07:00:00,1050.0,13.8
2023-05-12 08:00:00,1028.0,15.2
2023-05-12 09:00:00,1094.0,16.2
2023-05-12 10:00:00,1074.0,17.2
2023-05-12 11:00:00,1068.0,18.6
2023-05-12 12:00:00,922.0,20.3
2023-05-12 13:00:00,851.0,22.1
2023-05-12 14:00:00,933.0,23.6
2023-05-12 15:00:00,985.0,25.1
2023-05-12 16:00:00,1050.0,25.6
2023-05-12 17:00:00,1104.0,25.7
2023-05-12 18:00:00,1090.0,25.8
2023-05-12 19:00:00,1110.0,23.5
2023-05-12 20:00:00,1201.0,20.1
2023-05-12 21:00:00,1158.0,18.5
2023-05-12 22:00:00,1086.0,17.3
2023-05-12 23:00:00,908.0,16.6
2023-05-13 00:00:00,891.0,15.9
2023-05-13 01:00:00,829.0,15.4
2023-05-13 02:00:00,784.0,15.9
2023-05-13 03:00:00,811.0,15.4
2023-05-13 04:00:00,794.0,15.6
2023-05-13 05:00:00,768.0,15.5
2023-05-13 06:00:00,888.0,15.6
2023-05-13 07:00:00,997.0,15.4
2023-05-13 08:00:00,1061.0,17.1
2023-05-13 09:00:00,1094.0,19.2
2023-05-13 10:00:00,1081.0,22.2
2023-05-13 11:00:00,1037.0,22.7
2023-05-13 12:00:00,1007.0,23.7
2023-05-13 13:00:00,1003.0,24.1
2023-05-13 14:00:00,1012.0,24.8
2023-05-13 15:00:00,998.0,25.8
2023-05-13 16:00:00,1166.0,25.7
2023-05-13 17:00:00,1146.0,25.4
2023-05-13 18:00:00,1171.0,24.5
2023-05-13 19:00:00,1142.0,23.3
2023-05-13 20:00:00,1172.0,21.6
2023-05-13 21:00:00,1130.0,20.7
2023-05-13 22:00:00,1049.0,20.0
2023-05-13 23:00:00,926.0,19.9
2023-05-14 00:00:00,927.0,19.4
2023-05-14 01:00:00,883.0,19.3
2023-05-14 02:00:00,837.0,18.5
2023-05-14 03:00:00,791.0,18.1
2023-05-14 04:00:00,693.0,17.9
2023-05-14 05:00:00,751.0,18.2
2023-05-14 06:00:00,908.0,18.5
2023-05-14 07:00:00,1029.0,18.7
2023-05-14 08:00:00,1048.0,19.6
2023-05-14 09:00:00,1077.0,20.6
2023-05-14 10:00:00,1070.0,22.5
2023-05-14 11:00:00,1107.0,24.3
2023-05-14 12:00:00,974.0,25.3
2023-05-14 13:00:00,928.0,26.6
2023-05-14 14:00:00,1064.0,27.4
2023-05-14 15:00:00,1044.0,28.1
2023-05-14 16:00:00,1137.0,27.9
2023-05-14 17:00:00,1159.0,27.6
2023-05-14 18:00:00,1144.0,27.1
2023-05-14 19:00:00,1141.0,25.3
2023-05-14 20:00:00,1214.0,23.2
2023-05-14 21:00:00,1183.0,21.6
2023-05-14 22:00:00,1069.0,21.5
2023-05-14 23:00:00,941.0,21.8
2023-05-15 00:00:00,957.0,21.4
2023-05-15 01:00:00,856.0,20.9
2023-05-15 02:00:00,855.0,20.6
2023-05-15 03:00:00,836.0,19.8
2023-05-15 04:00:00,801.0,20.0
2023-05-15 05:00:00,819.0,19.0
2023-05-15 06:00:00,982.0,19.3
2023-05-15 07:00:00,1113.0,18.9
2023-05-15 08:00:00,1073.0,21.0
2023-05-15 09:00:00,1129.0,22.6
2023-05-15 10:00:00,1131.0,24.5
2023-05-15 11:00:00,1040.0,25.7
2023-05-15 12:00:00,1008.0,26.3
2023-05-15 13:00:00,1010.0,25.7
2023-05-15 14:00:00,983.0,26.0
2023-05-15 15:00:00,1088.0,26.6
2023-05-15 16:00:00,1170.0,26.7
2023-05-15 17:00:00,1174.0,26.1
2023-05-15 18:00:00,1158.0,25.1
2023-05-15 19:00:00,1111.0,24.2
2023-05-15 20:00:00,1227.0,23.9
2023-05-15 21:00:00,1177.0,22.5
2023-05-15 22:00:00,1043.0,21.9
2023-05-15 23:00:00,887.0,21.5
2023-05-16 00:00:00,901.0,21.3
2023-05-16 01:00:00,874.0,21.1
2023-05-16 02:00:00,853.0,21.0
2023-05-16 03:00:00,828.0,20.4
2023-05-16 04:00:00,836.0,20.5
2023-05-16 05:00:00,820.0,20.5
2023-05-16 06:00:00,961.0,20.4
2023-05-16 07:00:00,1080.0,20.6
2023-05-16 08:00:00,1038.0,21.0
2023-05-16 09:00:00,1078.0,22.6
2023-05-16 10:00:00,1109.0,23.4
2023-05-16 11:00:00,1048.0,25.0
2023-05-16 12:00:00,983.0,27.1
2023-05-16 13:00:00,982.0,28.5
2023-05-16 14:00:00,957.0,30.3
2023-05-16 15:00:00,1031.0,30.8
2023-05-16 16:00:00,1053.0,29.9
2023-05-16 17:00:00,1164.0,29.6
2023-05-16 18:00:00,1131.0,29.0
2023-05-16 19:00:00,1162.0,24.8
2023-05-16 20:00:00,1191.0,23.1
2023-05-16 21:00:00,1108.0,22.9
2023-05-16 22:00:00,1016.0,22.6
2023-05-16 23:00:00,871.0,21.9
2023-05-17 00:00:00,936.0,21.6
2023-05-17 01:00:00,850.0,21.1
2023-05-17 02:00:00,821.0,20.9
2023-05-17 03:00:00,775.0,20.8
2023-05-17 04:00:00,783.0,20.6
2023-05-17 05:00:00,825.0,19.9
2023-05-17 06:00:00,918.0,19.3
2023-05-17 07:00:00,1032.0,20.0
2023-05-17 08:00:00,1028.0,21.7
2023-05-17 09:00:00,1059.0,23.1
2023-05-17 10:00:00,1102.0,25.8
2023-05-17 11:00:00,1024.0,27.2
2023-05-17 12:00:00,967.0,28.7
2023-05-17 13:00:00,970.0,30.4
2023-05-17 14:00:00,997.0,30.6
2023-05-17 15:00:00,1004.0,31.4
2023-05-17 16:00:00,1108.0,31.8
2023-05-17 17:00:00,1158.0,32.0
2023-05-17 18:00:00,1173.0,31.7
2023-05-17 19:00:00,1104.0,29.9
2023-05-17 20:00:00,1221.0,25.0
2023-05-17 21:00:00,1171.0,23.4
2023-05-17 22:00:00,1094.0,21.9
2023-05-17 23:00:00,930.0,21.8
2023-05-18 00:00:00,953.0,20.7
2023-05-18 01:00:00,879.0,19.7
2023-05-18 02:00:00,862.0,19.4
2023-05-18 03:00:00,862.0,18.4
2023-05-18 04:00:00,820.0,17.8
2023-05-18 05:00:00,846.0,17.8
2023-05-18 06:00:00,970.0,17.9
2023-05-18 07:00:00,1058.0,18.8
2023-05-18 08:00:00,1011.0,22.4
2023-05-18 09:00:00,1094.0,24.7
2023-05-18 10:00:00,1072.0,27.5
2023-05-18 11:00:00,1081.0,29.4
2023-05-18 12:00:00,992.0,31.0
2023-05-18 13:00:00,911.0,32.3
2023-05-18 14:00:00,983.0,32.4
2023-05-18 15:00:00,1064.0,33.1
2023-05-18 16:00:00,1190.0,32.3
2023-05-18 17:00:00,1150.0,31.0
2023-05-18 18:00:00,1070.0,30.0
2023-05-18 19:00:00,1180.0,28.9
2023-05-18 20:00:00,1238.0,27.4
2023-05-18 21:00:00,1219.0,26.7
2023-05-18 22:00:00,1089.0,26.3
2023-05-18 23:00:00,953.0,26.1
2023-05-19 00:00:00,982.0,23.6
2023-05-19 01:00:00,919.0,23.3
2023-05-19 02:00:00,872.0,23.2
2023-05-19 03:00:00,868.0,21.7
2023-05-19 04:00:00,866.0,21.5
2023-05-19 05:00:00,851.0,20.3
2023-05-19 06:00:00,1012.0,20.7
2023-05-19 07:00:00,1078.0,21.0
2023-05-19 08:00:00,1076.0,22.4
2023-05-19 09:00:00,1181.0,24.0
2023-05-19 10:00:00,1169.0,26.8
2023-05-19 11:00:00,1118.0,28.8
2023-05-19 12:00:00,1060.0,29.0
2023-05-19 13:00:00,1017.0,28.4
2023-05-19 14:00:00,1115.0,26.9
2023-05-19 15:00:00,1110.0,24.8
2023-05-19 16:00:00,1210.0,24.3
2023-05-19 17:00:00,1251.0,23.1
2023-05-19 18:00:00,1240.0,21.8
2023-05-19 19:00:00,1243.0,21.2
2023-05-19 20:00:00,1217.0,20.7
2023-05-19 21:00:00,1097.0,20.5
2023-05-19 22:00:00,1003.0,20.4
2023-05-19 23:00:00,911.0,20.3
2023-05-20 00:00:00,935.0,20.0
2023-05-20 01:00:00,918.0,19.8
2023-05-20 02:00:00,875.0,19.8
2023-05-20 03:00:00,845.0,19.6
2023-05-20 04:00:00,823.0,19.4
2023-05-20 05:00:00,842.0,19.1
2023-05-20 06:00:00,1003.0,19.2
2023-05-20 07:00:00,1084.0,19.5
2023-05-20 08:00:00,1066.0,20.7
2023-05-20 09:00:00,1160.0,20.7
2023-05-20 10:00:00,1167.0,20.1
2023-05-20 11:00:00,1091.0,19.7
2023-05-20 12:00:00,1026.0,19.6
2023-05-20 13:00:00,1019.0,19.7
2023-05-20 14:00:00,1023.0,19.9
2023-05-20 15:00:00,1058.0,20.9
2023-05-20 16:00:00,1141.0,21.7
2023-05-20 17:00:00,1176.0,22.7
2023-05-20 18:00:00,1096.0,22.4
2023-05-20 19:00:00,1085.0,21.8
2023-05-20 20:00:00,1116.0,21.4
2023-05-20 21:00:00,1124.0,21.3
2023-05-20 22:00:00,1009.0,21.2
2023-05-20 23:00:00,932.0,20.9
2023-05-21 00:00:00,951.0,20.6
2023-05-21 01:00:00,881.0,20.6
2023-05-21 02:00:00,894.0,20.6
2023-05-21 03:00:00,844.0,20.3
2023-05-21 04:00:00,823.0,20.3
2023-05-21 05:00:00,809.0,20.3
2023-05-21 06:00:00,920.0,20.3
2023-05-21 07:00:00,1041.0,20.7
2023-05-21 08:00:00,1017.0,21.7
2023-05-21 09:00:00,1074.0,23.4
2023-05-21 10:00:00,1089.0,25.2
2023-05-21 11:00:00,1060.0,26.9
2023-05-21 12:00:00,1018.0,24.6
2023-05-21 13:00:00,984.0,25.6
2023-05-21 14:00:00,1034.0,27.0
2023-05-21 15:00:00,1095.0,27.9
2023-05-21 16:00:00,1125.0,28.3
2023-05-21 17:00:00,1114.0,28.0
2023-05-21 18:00:00,1092.0,27.5
2023-05-21 19:00:00,1120.0,26.6
2023-05-21 20:00:00,1219.0,25.2
2023-05-21 21:00:00,1223.0,24.6
2023-05-21 22:00:00,981.0,24.4
2023-05-21 23:00:00,842.0,20.3
2023-05-22 00:00:00,944.0,19.2
2023-05-22 01:00:00,836.0,18.1
2023-05-22 02:00:00,805.0,17.6
2023-05-22 03:00:00,804.0,17.2
2023-05-22 04:00:00,764.0,16.9
2023-05-22 05:00:00,801.0,16.4
2023-05-22 06:00:00,889.0,15.8
2023-05-22 07:00:00,1061.0,13.7
2023-05-22 08:00:00,996.0,13.1
2023-05-22 09:00:00,1121.0,13.4
2023-05-22 10:00:00,1145.0,13.4
2023-05-22 11:00:00,1025.0,13.6
2023-05-22 12:00:00,1034.0,13.5
2023-05-22 13:00:00,956.0,13.4
2023-05-22 14:00:00,1046.0,14.3
2023-05-22 15:00:00,1041.0,14.6
2023-05-22 16:00:00,1068.0,15.3
2023-05-22 17:00:00,1097.0,15.4
2023-05-22 18:00:00,1070.0,15.2
2023-05-22 19:00:00,1008.0,15.1
2023-05-22 20:00:00,1039.0,14.8
2023-05-22 21:00:00,992.0,14.9
2023-05-22 22:00:00,938.0,14.8
2023-05-22 23:00:00,793.0,14.7
2023-05-23 00:00:00,866.0,14.7
2023-05-23 01:00:00,822.0,14.7
2023-05-23 02:00:00,765.0,14.6
2023-05-23 03:00:00,805.0,14.7
2023-05-23 04:00:00,772.0,14.5
2023-05-23 05:00:00,804.0,14.3
2023-05-23 06:00:00,882.0,14.3
2023-05-23 07:00:00,1070.0,14.5
2023-05-23 08:00:00,994.0,15.8
2023-05-23 09:00:00,1064.0,16.2
2023-05-23 10:00:00,1164.0,15.4
2023-05-23 11:00:00,1019.0,15.5
2023-05-23 12:00:00,944.0,17.8
2023-05-23 13:00:00,898.0,18.1
2023-05-23 14:00:00,1014.0,18.2
2023-05-23 15:00:00,1012.0,17.9
2023-05-23 16:00:00,1071.0,17.9
2023-05-23 17:00:00,1158.0,17.8
2023-05-23 18:00:00,1048.0,17.5
2023-05-23 19:00:00,1063.0,17.4
2023-05-23 20:00:00,1131.0,17.1
2023-05-23 21:00:00,1105.0,16.8
2023-05-23 22:00:00,980.0,16.6
2023-05-23 23:00:00,834.0,16.6
2023-05-24 00:00:00,882.0,16.5
2023-05-24 01:00:00,803.0,16.2
2023-05-24 02:00:00,833.0,15.2
2023-05-24 03:00:00,773.0,14.3
2023-05-24 04:00:00,750.0,14.1
2023-05-24 05:00:00,778.0,13.4
2023-05-24 06:00:00,928.0,13.0
2023-05-24 07:00:00,1025.0,14.1
2023-05-24 08:00:00,1032.0,14.7
2023-05-24 09:00:00,1053.0,17.1
2023-05-24 10:00:00,1050.0,19.5
2023-05-24 11:00:00,959.0,21.3
2023-05-24 12:00:00,942.0,23.1
2023-05-24 13:00:00,896.0,25.1
2023-05-24 14:00:00,903.0,25.1
2023-05-24 15:00:00,972.0,26.3
2023-05-24 16:00:00,1004.0,26.9
2023-05-24 17:00:00,1055.0,26.6
2023-05-24 18:00:00,1096.0,26.6
2023-05-24 19:00:00,1107.0,25.5
2023-05-24 20:00:00,1137.0,24.2
2023-05-24 21:00:00,1150.0,23.1
2023-05-24 22:00:00,1035.0,22.8
2023-05-24 23:00:00,907.0,22.5
2023-05-25 00:00:00,898.0,22.2
2023-05-25 01:00:00,847.0,22.1
2023-05-25 02:00:00,843.0,21.4
2023-05-25 03:00:00,794.0,21.4
2023-05-25 04:00:00,786.0,21.0
2023-05-25 05:00:00,774.0,20.7
2023-05-25 06:00:00,944.0,20.2
2023-05-25 07:00:00,1032.0,20.4
2023-05-25 08:00:00,1021.0,21.1
2023-05-25 09:00:00,1109.0,22.4
2023-05-25 10:00:00,1122.0,23.6
2023-05-25 11:00:00,995.0,25.1
2023-05-25 12:00:00,919.0,26.6
2023-05-25 13:00:00,972.0,28.5
2023-05-25 14:00:00,1012.0,30.4
2023-05-25 15:00:00,1033.0,29.2
2023-05-25 16:00:00,1141.0,28.1
2023-05-25 17:00:00,1155.0,27.6
2023-05-25 18:00:00,1116.0,27.2
2023-05-25 19:00:00,1101.0,25.7
2023-05-25 20:00:00,1184.0,24.8
2023-05-25 21:00:00,1158.0,24.0
2023-05-25 22:00:00,1037.0,23.5
2023-05-25 23:00:00,901.0,23.2
2023-05-26 00:00:00,956.0,22.7
2023-05-26 01:00:00,897.0,22.4
2023-05-26 02:00:00,888.0,22.1
2023-05-26 03:00:00,827.0,21.8
2023-05-26 04:00:00,876.0,21.9
2023-05-26 05:00:00,866.0,21.9
2023-05-26 06:00:00,952.0,22.1
2023-05-26 07:00:00,1080.0,22.1
2023-05-26 08:00:00,1091.0,23.7
2023-05-26 09:00:00,1154.0,26.8
2023-05-26 10:00:00,1162.0,28.5
2023-05-26 11:00:00,1114.0,30.2
2023-05-26 12:00:00,1137.0,31.5
2023-05-26 13:00:00,1063.0,32.3
2023-05-26 14:00:00,1071.0,33.3
2023-05-26 15:00:00,1181.0,33.5
2023-05-26 16:00:00,1215.0,32.4
2023-05-26 17:00:00,1252.0,32.7
2023-05-26 18:00:00,1133.0,32.2
2023-05-26 19:00:00,1199.0,30.9
2023-05-26 20:00:00,1211.0,30.6
2023-05-26 21:00:00,1229.0,30.1
2023-05-26 22:00:00,1157.0,28.7
2023-05-26 23:00:00,1019.0,28.4
2023-05-27 00:00:00,1041.0,25.1
2023-05-27 01:00:00,973.0,24.1
2023-05-27 02:00:00,918.0,23.1
2023-05-27 03:00:00,882.0,22.8
2023-05-27 04:00:00,860.0,22.4
2023-05-27 05:00:00,867.0,22.0
2023-05-27 06:00:00,953.0,22.1
2023-05-27 07:00:00,1047.0,22.7
2023-05-27 08:00:00,1105.0,26.3
2023-05-27 09:00:00,1134.0,29.3
2023-05-27 10:00:00,1143.0,30.7
2023-05-27 11:00:00,1152.0,32.2
2023-05-27 12:00:00,1089.0,32.7
2023-05-27 13:00:00,1081.0,33.5
2023-05-27 14:00:00,1181.0,33.3
2023-05-27 15:00:00,1223.0,33.8
2023-05-27 16:00:00,1250.0,33.2
2023-05-27 17:00:00,1312.0,33.2
2023-05-27 18:00:00,1241.0,32.7
2023-05-27 19:00:00,1193.0,31.7
2023-05-27 20:00:00,1231.0,30.5
2023-05-27 21:00:00,1278.0,30.3
2023-05-27 22:00:00,1185.0,29.5
2023-05-27 23:00:00,1065.0,28.8
2023-05-28 00:00:00,1055.0,28.4
2023-05-28 01:00:00,1082.0,28.5
2023-05-28 02:00:00,1001.0,27.4
2023-05-28 03:00:00,922.0,26.8
2023-05-28 04:00:00,898.0,25.9
2023-05-28 05:00:00,932.0,26.7
2023-05-28 06:00:00,992.0,25.7
2023-05-28 07:00:00,1090.0,26.3
2023-05-28 08:00:00,1137.0,27.6
2023-05-28 09:00:00,1181.0,29.1
2023-05-28 10:00:00,1216.0,31.0
2023-05-28 11:00:00,1194.0,31.8
2023-05-28 12:00:00,1118.0,33.3
2023-05-28 13:00:00,1185.0,33.9
2023-05-28 14:00:00,1206.0,33.7
2023-05-28 15:00:00,1274.0,33.8
2023-05-28 16:00:00,1322.0,34.1
2023-05-28 17:00:00,1368.0,33.3
2023-05-28 18:00:00,1247.0,33.2
2023-05-28 19:00:00,1289.0,32.1
2023-05-28 20:00:00,1353.0,31.0
2023-05-28 21:00:00,1380.0,30.9
2023-05-28 22:00:00,1299.0,27.7
2023-05-28 23:00:00,1126.0,29.2
2023-05-29 00:00:00,1173.0,26.7
2023-05-29 01:00:00,1061.0,25.7
2023-05-29 02:00:00,1021.0,26.1
2023-05-29 03:00:00,1013.0,24.5
2023-05-29 04:00:00,970.0,23.7
2023-05-29 05:00:00,943.0,23.4
2023-05-29 06:00:00,1074.0,23.2
2023-05-29 07:00:00,1143.0,24.9
2023-05-29 08:00:00,1132.0,28.6
2023-05-29 09:00:00,1240.0,30.3
2023-05-29 10:00:00,1287.0,31.1
2023-05-29 11:00:00,1241.0,32.8
2023-05-29 12:00:00,1261.0,33.2
2023-05-29 13:00:00,1237.0,34.3
2023-05-29 14:00:00,1308.0,35.1
2023-05-29 15:00:00,1371.0,35.5
2023-05-29 16:00:00,1396.0,35.7
2023-05-29 17:00:00,1466.0,35.6
2023-05-29 18:00:00,1330.0,34.9
2023-05-29 19:00:00,1290.0,33.6
2023-05-29 20:00:00,1434.0,30.8
2023-05-29 21:00:00,1498.0,28.9
2023-05-29 22:00:00,1415.0,27.7
2023-05-29 23:00:00,1302.0,27.2
2023-05-30 00:00:00,1325.0,26.5
2023-05-30 01:00:00,1242.0,26.3
2023-05-30 02:00:00,1139.0,25.6
2023-05-30 03:00:00,1127.0,24.7
2023-05-30 04:00:00,1070.0,24.3
2023-05-30 05:00:00,1051.0,24.3
2023-05-30 06:00:00,1128.0,24.6
2023-05-30 07:00:00,1186.0,25.4
2023-05-30 08:00:00,1163.0,27.7
2023-05-30 09:00:00,1242.0,28.3
2023-05-30 10:00:00,1350.0,27.8
2023-05-30 11:00:00,1353.0,28.5
2023-05-30 12:00:00,1294.0,30.6
2023-05-30 13:00:00,1334.0,31.8
2023-05-30 14:00:00,1312.0,33.0
2023-05-30 15:00:00,1453.0,33.8
2023-05-30 16:00:00,1465.0,33.3
2023-05-30 17:00:00,1460.0,32.5
2023-05-30 18:00:00,1367.0,31.5
2023-05-30 19:00:00,1324.0,28.2
2023-05-30 20:00:00,1404.0,26.3
2023-05-30 21:00:00,1425.0,25.0
2023-05-30 22:00:00,1330.0,24.3
2023-05-30 23:00:00,1150.0,23.7
2023-05-31 00:00:00,1201.0,23.4
2023-05-31 01:00:00,1139.0,23.2
2023-05-31 02:00:00,1132.0,22.5
2023-05-31 03:00:00,1050.0,22.4
2023-05-31 04:00:00,1016.0,22.3
2023-05-31 05:00:00,1013.0,22.4
2023-05-31 06:00:00,1109.0,22.5
2023-05-31 07:00:00,1144.0,22.5
2023-05-31 08:00:00,1116.0,23.3
2023-05-31 09:00:00,1212.0,23.9
2023-05-31 10:00:00,1224.0,24.4
2023-05-31 11:00:00,1154.0,25.0
2023-05-31 12:00:00,1121.0,25.7
2023-05-31 13:00:00,1105.0,26.4
2023-05-31 14:00:00,1147.0,28.0
2023-05-31 15:00:00,1255.0,27.4
2023-05-31 16:00:00,1289.0,27.8
2023-05-31 17:00:00,1295.0,28.7
2023-05-31 18:00:00,1247.0,28.2
2023-05-31 19:00:00,1216.0,26.7
2023-05-31 20:00:00,1349.0,26.1
2023-05-31 21:00:00,1326.0,25.4
2023-05-31 22:00:00,1259.0,25.2
2023-05-31 23:00:00,1125.0,25.0
2023-06-01 00:00:00,1134.0,24.3
2023-06-01 01:00:00,1064.0,24.3
2023-06-01 02:00:00,1006.0,23.6
2023-06-01 03:00:00,986.0,23.7
2023-06-01 04:00:00,930.0,23.2
2023-06-01 05:00:00,956.0,22.9
2023-06-01 06:00:00,1062.0,22.9
2023-06-01 07:00:00,1070.0,23.1
2023-06-01 08:00:00,1107.0,24.0
2023-06-01 09:00:00,1177.0,24.4
2023-06-01 10:00:00,1204.0,24.6
2023-06-01 11:00:00,1174.0,23.6
2023-06-01 12:00:00,1111.0,23.3
2023-06-01 13:00:00,1033.0,23.5
2023-06-01 14:00:00,1107.0,23.5
2023-06-01 15:00:00,1156.0,23.8
2023-06-01 16:00:00,1194.0,24.4
2023-06-01 17:00:00,1195.0,24.6
2023-06-01 18:00:00,1138.0,24.7
2023-06-01 19:00:00,1158.0,24.1
2023-06-01 20:00:00,1217.0,23.6
2023-06-01 21:00:00,1230.0,23.3
2023-06-01 22:00:00,1155.0,23.2
2023-06-01 23:00:00,1047.0,23.0
2023-06-02 00:00:00,1036.0,22.5
2023-06-02 01:00:00,1009.0,21.8
2023-06-02 02:00:00,921.0,21.7
2023-06-02 03:00:00,953.0,21.7
2023-06-02 04:00:00,889.0,21.7
2023-06-02 05:00:00,925.0,21.6
2023-06-02 06:00:00,999.0,21.4
2023-06-02 07:00:00,1077.0,21.3
2023-06-02 08:00:00,1088.0,21.4
2023-06-02 09:00:00,1156.0,22.1
2023-06-02 10:00:00,1155.0,23.0
2023-06-02 11:00:00,1124.0,23.9
2023-06-02 12:00:00,1099.0,24.1
2023-06-02 13:00:00,1009.0,24.9
2023-06-02 14:00:00,1123.0,25.3
2023-06-02 15:00:00,1145.0,25.4
2023-06-02 16:00:00,1195.0,26.7
2023-06-02 17:00:00,1205.0,25.0
2023-06-02 18:00:00,1148.0,24.2
2023-06-02 19:00:00,1173.0,23.8
2023-06-02 20:00:00,1203.0,23.5
2023-06-02 21:00:00,1229.0,23.5
2023-06-02 22:00:00,1119.0,23.6
2023-06-02 23:00:00,1038.0,23.5
2023-06-03 00:00:00,1008.0,23.4
2023-06-03 01:00:00,926.0,23.2
2023-06-03 02:00:00,913.0,23.2
2023-06-03 03:00:00,895.0,22.7
2023-06-03 04:00:00,849.0,22.3
2023-06-03 05:00:00,868.0,22.3
2023-06-03 06:00:00,973.0,21.6
2023-06-03 07:00:00,1023.0,21.3
2023-06-03 08:00:00,1034.0,21.6
2023-06-03 09:00:00,1140.0,23.6
2023-06-03 10:00:00,1135.0,24.2
2023-06-03 11:00:00,1051.0,24.2
2023-06-03 12:00:00,1077.0,24.5
2023-06-03 13:00:00,1036.0,26.4
2023-06-03 14:00:00,1052.0,27.1
2023-06-03 15:00:00,1160.0,27.9
2023-06-03 16:00:00,1181.0,28.2
2023-06-03 17:00:00,1182.0,27.9
2023-06-03 18:00:00,1130.0,26.9
2023-06-03 19:00:00,1149.0,25.1
2023-06-03 20:00:00,1215.0,23.9
2023-06-03 21:00:00,1229.0,23.1
2023-06-03 22:00:00,1126.0,22.4
2023-06-03 23:00:00,1036.0,21.4
2023-06-04 00:00:00,1046.0,21.2
2023-06-04 01:00:00,944.0,20.6
2023-06-04 02:00:00,905.0,20.3
2023-06-04 03:00:00,920.0,19.8
2023-06-04 04:00:00,856.0,19.6
2023-06-04 05:00:00,866.0,19.8
2023-06-04 06:00:00,954.0,19.5
2023-06-04 07:00:00,1056.0,20.2
2023-06-04 08:00:00,1083.0,22.2
2023-06-04 09:00:00,1107.0,23.2
2023-06-04 10:00:00,1119.0,25.1
2023-06-04 11:00:00,1122.0,26.3
2023-06-04 12:00:00,1046.0,27.4
2023-06-04 13:00:00,1051.0,28.8
2023-06-04 14:00:00,1111.0,29.6
2023-06-04 15:00:00,1154.0,31.4
2023-06-04 16:00:00,1223.0,32.9
2023-06-04 17:00:00,1253.0,31.7
2023-06-04 18:00:00,1219.0,30.0
2023-06-04 19:00:00,1196.0,28.6
2023-06-04 20:00:00,1294.0,26.8
2023-06-04 21:00:00,1327.0,25.5
2023-06-04 22:00:00,1223.0,24.2
2023-06-04 23:00:00,1043.0,23.0
2023-06-05 00:00:00,1086.0,22.2
2023-06-05 01:00:00,978.0,21.6
2023-06-05 02:00:00,947.0,21.3
2023-06-05 03:00:00,940.0,21.0
2023-06-05 04:00:00,874.0,20.8
2023-06-05 05:00:00,869.0,20.5
2023-06-05 06:00:00,950.0,20.2
2023-06-05 07:00:00,1075.0,19.9
2023-06-05 08:00:00,1048.0,19.5
2023-06-05 09:00:00,1127.0,18.8
2023-06-05 10:00:00,1136.0,18.7
2023-06-05 11:00:00,1025.0,19.2
2023-06-05 12:00:00,990.0,19.6
2023-06-05 13:00:00,936.0,19.5
2023-06-05 14:00:00,1078.0,19.4
2023-06-05 15:00:00,1110.0,19.0
2023-06-05 16:00:00,1141.0,19.1
2023-06-05 17:00:00,1126.0,19.2
2023-06-05 18:00:00,1026.0,19.2
2023-06-05 19:00:00,1009.0,19.3
2023-06-05 20:00:00,1066.0,19.1
2023-06-05 21:00:00,1062.0,19.1
2023-06-05 22:00:00,1014.0,19.0
2023-06-05 23:00:00,878.0,18.8
2023-06-06 00:00:00,948.0,18.7
2023-06-06 01:00:00,866.0,18.6
2023-06-06 02:00:00,835.0,18.6
2023-06-06 03:00:00,843.0,18.6
2023-06-06 04:00:00,828.0,18.5
2023-06-06 05:00:00,845.0,18.2
2023-06-06 06:00:00,979.0,18.1
2023-06-06 07:00:00,1088.0,18.1
2023-06-06 08:00:00,1055.0,18.5
2023-06-06 09:00:00,1105.0,19.2
2023-06-06 10:00:00,1154.0,20.4
2023-06-06 11:00:00,1066.0,21.2
2023-06-06 12:00:00,998.0,21.9
2023-06-06 13:00:00,957.0,23.2
2023-06-06 14:00:00,998.0,24.8
2023-06-06 15:00:00,1093.0,24.3
2023-06-06 16:00:00,1118.0,24.2
2023-06-06 17:00:00,1152.0,25.1
2023-06-06 18:00:00,1108.0,24.3
2023-06-06 19:00:00,1114.0,24.0
2023-06-06 20:00:00,1141.0,23.0
2023-06-06 21:00:00,1172.0,22.1
2023-06-06 22:00:00,1078.0,20.9
2023-06-06 23:00:00,955.0,20.9
2023-06-07 00:00:00,961.0,20.8
2023-06-07 01:00:00,885.0,20.3
2023-06-07 02:00:00,894.0,20.1
2023-06-07 03:00:00,862.0,19.5
2023-06-07 04:00:00,847.0,19.1
2023-06-07 05:00:00,833.0,19.1
2023-06-07 06:00:00,984.0,18.7
2023-06-07 07:00:00,1036.0,19.8
2023-06-07 08:00:00,1051.0,21.1
2023-06-07 09:00:00,1106.0,23.6
2023-06-07 10:00:00,1141.0,25.6
2023-06-07 11:00:00,1057.0,27.8
2023-06-07 12:00:00,1112.0,29.4
2023-06-07 13:00:00,1050.0,30.8
2023-06-07 14:00:00,1090.0,32.5
2023-06-07 15:00:00,1227.0,33.0
2023-06-07 16:00:00,1268.0,34.0
2023-06-07 17:00:00,1273.0,33.7
2023-06-07 18:00:00,1226.0,33.4
2023-06-07 19:00:00,1175.0,31.2
2023-06-07 20:00:00,1280.0,28.5
2023-06-07 21:00:00,1266.0,27.1
2023-06-07 22:00:00,1151.0,27.4
2023-06-07 23:00:00,1045.0,26.9
2023-06-08 00:00:00,1039.0,26.8
2023-06-08 01:00:00,963.0,26.3
2023-06-08 02:00:00,924.0,26.0
2023-06-08 03:00:00,917.0,25.7
2023-06-08 04:00:00,876.0,24.7
2023-06-08 05:00:00,870.0,24.2
2023-06-08 06:00:00,981.0,23.9
2023-06-08 07:00:00,1078.0,23.7
2023-06-08 08:00:00,1108.0,25.0
2023-06-08 09:00:00,1187.0,25.5
2023-06-08 10:00:00,1198.0,26.3
2023-06-08 11:00:00,1138.0,26.5
2023-06-08 12:00:00,1109.0,27.1
2023-06-08 13:00:00,1057.0,27.8
2023-06-08 14:00:00,1094.0,27.9
2023-06-08 15:00:00,1176.0,28.1
2023-06-08 16:00:00,1249.0,28.1
2023-06-08 17:00:00,1258.0,27.9
2023-06-08 18:00:00,1136.0,27.9
2023-06-08 19:00:00,1138.0,27.1
2023-06-08 20:00:00,1262.0,26.1
2023-06-08 21:00:00,1260.0,25.0
2023-06-08 22:00:00,1177.0,24.2
2023-06-08 23:00:00,996.0,23.9
2023-06-09 00:00:00,1060.0,23.6
2023-06-09 01:00:00,986.0,23.2
2023-06-09 02:00:00,935.0,23.0
2023-06-09 03:00:00,981.0,22.8
2023-06-09 04:00:00,925.0,22.8
2023-06-09 05:00:00,898.0,23.0
2023-06-09 06:00:00,1054.0,23.2
2023-06-09 07:00:00,1122.0,23.0
2023-06-09 08:00:00,1131.0,23.9
2023-06-09 09:00:00,1190.0,25.1
2023-06-09 10:00:00,1243.0,26.3
2023-06-09 11:00:00,1202.0,27.2
2023-06-09 12:00:00,1180.0,29.6
2023-06-09 13:00:00,1125.0,30.2
2023-06-09 14:00:00,1155.0,30.7
2023-06-09 15:00:00,1260.0,31.0
2023-06-09 16:00:00,1306.0,31.7
2023-06-09 17:00:00,1338.0,31.6
2023-06-09 18:00:00,1257.0,31.0
2023-06-09 19:00:00,1221.0,29.6
2023-06-09 20:00:00,1302.0,28.3
2023-06-09 21:00:00,1303.0,27.6
2023-06-09 22:00:00,1241.0,26.4
2023-06-09 23:00:00,1104.0,26.4
2023-06-10 00:00:00,1165.0,25.5
2023-06-10 01:00:00,1075.0,24.7
2023-06-10 02:00:00,1017.0,24.4
2023-06-10 03:00:00,916.0,24.1
2023-06-10 04:00:00,886.0,24.6
2023-06-10 05:00:00,861.0,24.3
2023-06-10 06:00:00,936.0,23.9
2023-06-10 07:00:00,1013.0,24.0
2023-06-10 08:00:00,1090.0,26.5
2023-06-10 09:00:00,1183.0,28.1
2023-06-10 10:00:00,1241.0,30.5
2023-06-10 11:00:00,1188.0,32.0
2023-06-10 12:00:00,1157.0,32.8
2023-06-10 13:00:00,1185.0,34.1
2023-06-10 14:00:00,1216.0,34.2
2023-06-10 15:00:00,1337.0,34.8
2023-06-10 16:00:00,1420.0,33.6
2023-06-10 17:00:00,1378.0,33.1
2023-06-10 18:00:00,1277.0,32.1
2023-06-10 19:00:00,1278.0,30.3
2023-06-10 20:00:00,1365.0,28.1
2023-06-10 21:00:00,1372.0,27.0
2023-06-10 22:00:00,1322.0,26.1
2023-06-10 23:00:00,1194.0,25.6
2023-06-11 00:00:00,1181.0,25.2
2023-06-11 01:00:00,1111.0,24.4
2023-06-11 02:00:00,1064.0,24.2
2023-06-11 03:00:00,991.0,23.8
2023-06-11 04:00:00,1006.0,23.3
2023-06-11 05:00:00,990.0,22.6
2023-06-11 06:00:00,1057.0,22.0
2023-06-11 07:00:00,1072.0,22.8
2023-06-11 08:00:00,1115.0,25.0
2023-06-11 09:00:00,1178.0,26.3
2023-06-11 10:00:00,1248.0,29.4
2023-06-11 11:00:00,1281.0,31.3
2023-06-11 12:00:00,1192.0,32.8
2023-06-11 13:00:00,1270.0,33.0
2023-06-11 14:00:00,1351.0,34.4
2023-06-11 15:00:00,1426.0,33.7
2023-06-11 16:00:00,1407.0,34.2
2023-06-11 17:00:00,1445.0,32.8
2023-06-11 18:00:00,1358.0,31.9
2023-06-11 19:00:00,1339.0,30.7
2023-06-11 20:00:00,1365.0,28.8
2023-06-11 21:00:00,1442.0,28.1
2023-06-11 22:00:00,1360.0,26.5
2023-06-11 23:00:00,1222.0,26.4
2023-06-12 00:00:00,1242.0,25.8
2023-06-12 01:00:00,1123.0,25.4
2023-06-12 02:00:00,1083.0,25.0
2023-06-12 03:00:00,1067.0,24.6
2023-06-12 04:00:00,1027.0,24.8
2023-06-12 05:00:00,1046.0,23.5
2023-06-12 06:00:00,1111.0,22.8
2023-06-12 07:00:00,1137.0,22.7
2023-06-12 08:00:00,1144.0,23.2
2023-06-12 09:00:00,1199.0,24.0
2023-06-12 10:00:00,1292.0,26.2
2023-06-12 11:00:00,1236.0,26.8
2023-06-12 12:00:00,1219.0,26.7
2023-06-12 13:00:00,1157.0,26.8
2023-06-12 14:00:00,1219.0,27.6
2023-06-12 15:00:00,1307.0,28.4
2023-06-12 16:00:00,1290.0,25.4
2023-06-12 17:00:00,1311.0,24.5
2023-06-12 18:00:00,1229.0,23.6
2023-06-12 19:00:00,1170.0,22.4
2023-06-12 20:00:00,1205.0,21.5
2023-06-12 21:00:00,1195.0,21.4
2023-06-12 22:00:00,1080.0,21.2
2023-06-12 23:00:00,976.0,21.2
2023-06-13 00:00:00,1029.0,21.1
2023-06-13 01:00:00,1006.0,20.9
2023-06-13 02:00:00,967.0,20.5
2023-06-13 03:00:00,898.0,20.6
2023-06-13 04:00:00,916.0,20.2
2023-06-13 05:00:00,928.0,20.1
2023-06-13 06:00:00,975.0,20.2
2023-06-13 07:00:00,1102.0,20.4
2023-06-13 08:00:00,1084.0,20.8
2023-06-13 09:00:00,1137.0,21.2
2023-06-13 10:00:00,1167.0,21.1
2023-06-13 11:00:00,1097.0,23.4
2023-06-13 12:00:00,1045.0,24.6
2023-06-13 13:00:00,1050.0,26.1
2023-06-13 14:00:00,1034.0,26.7
2023-06-13 15:00:00,1154.0,28.9
2023-06-13 16:00:00,1140.0,29.2
2023-06-13 17:00:00,1259.0,28.1
2023-06-13 18:00:00,1208.0,29.3
2023-06-13 19:00:00,1160.0,28.8
2023-06-13 20:00:00,1242.0,26.0
2023-06-13 21:00:00,1261.0,24.6
2023-06-13 22:00:00,1199.0,24.4
2023-06-13 23:00:00,1017.0,23.7
2023-06-14 00:00:00,1066.0,23.4
2023-06-14 01:00:00,1007.0,22.7
2023-06-14 02:00:00,958.0,22.1
2023-06-14 03:00:00,914.0,21.4
2023-06-14 04:00:00,923.0,21.2
2023-06-14 05:00:00,934.0,21.3
2023-06-14 06:00:00,1009.0,21.2
2023-06-14 07:00:00,1075.0,21.5
2023-06-14 08:00:00,1119.0,22.2
2023-06-14 09:00:00,1176.0,23.9
2023-06-14 10:00:00,1171.0,26.2
2023-06-14 11:00:00,1185.0,28.8
2023-06-14 12:00:00,1114.0,29.9
2023-06-14 13:00:00,1080.0,31.1
2023-06-14 14:00:00,1169.0,30.9
2023-06-14 15:00:00,1245.0,31.2
2023-06-14 16:00:00,1259.0,31.0
2023-06-14 17:00:00,1272.0,30.5
2023-06-14 18:00:00,1226.0,30.0
2023-06-14 19:00:00,1249.0,27.4
2023-06-14 20:00:00,1256.0,26.2
2023-06-14 21:00:00,1260.0,25.3
2023-06-14 22:00:00,1186.0,24.4
2023-06-14 23:00:00,1054.0,23.6
2023-06-15 00:00:00,1092.0,23.1
2023-06-15 01:00:00,1025.0,22.8
2023-06-15 02:00:00,996.0,22.7
2023-06-15 03:00:00,960.0,22.2
2023-06-15 04:00:00,914.0,22.0
2023-06-15 05:00:00,953.0,21.9
2023-06-15 06:00:00,1024.0,21.7
2023-06-15 07:00:00,1097.0,22.0
2023-06-15 08:00:00,1131.0,23.6
2023-06-15 09:00:00,1200.0,24.8
2023-06-15 10:00:00,1257.0,26.5
2023-06-15 11:00:00,1213.0,27.3
2023-06-15 12:00:00,1158.0,28.0
2023-06-15 13:00:00,1162.0,27.5
2023-06-15 14:00:00,1218.0,26.9
2023-06-15 15:00:00,1208.0,26.2
2023-06-15 16:00:00,1220.0,26.5
2023-06-15 17:00:00,1236.0,26.2
2023-06-15 18:00:00,1171.0,25.9
2023-06-15 19:00:00,1132.0,24.8
2023-06-15 20:00:00,1230.0,23.9
2023-06-15 21:00:00,1234.0,23.4
2023-06-15 22:00:00,1162.0,22.8
2023-06-15 23:00:00,1007.0,22.6
2023-06-16 00:00:00,1013.0,22.3
2023-06-16 01:00:00,977.0,21.9
2023-06-16 02:00:00,929.0,21.4
2023-06-16 03:00:00,886.0,21.0
2023-06-16 04:00:00,883.0,20.7
2023-06-16 05:00:00,911.0,20.4
2023-06-16 06:00:00,986.0,20.1
2023-06-16 07:00:00,1078.0,20.2
2023-06-16 08:00:00,1053.0,20.1
2023-06-16 09:00:00,1167.0,21.5
2023-06-16 10:00:00,1208.0,22.0
2023-06-16 11:00:00,1134.0,22.9
2023-06-16 12:00:00,1026.0,24.2
2023-06-16 13:00:00,1005.0,25.6
2023-06-16 14:00:00,1147.0,27.8
2023-06-16 15:00:00,1208.0,28.4
2023-06-16 16:00:00,1208.0,26.7
2023-06-16 17:00:00,1250.0,25.9
2023-06-16 18:00:00,1213.0,25.1
2023-06-16 19:00:00,1155.0,24.5
2023-06-16 20:00:00,1191.0,23.8
2023-06-16 21:00:00,1197.0,23.2
2023-06-16 22:00:00,1186.0,22.6
2023-06-16 23:00:00,998.0,22.0
2023-06-17 00:00:00,1004.0,21.9
2023-06-17 01:00:00,983.0,21.9
2023-06-17 02:00:00,991.0,21.6
2023-06-17 03:00:00,920.0,21.5
2023-06-17 04:00:00,900.0,21.4
2023-06-17 05:00:00,892.0,21.3
2023-06-17 06:00:00,982.0,21.4
2023-06-17 07:00:00,1053.0,21.6
2023-06-17 08:00:00,1052.0,23.2
2023-06-17 09:00:00,1180.0,25.0
2023-06-17 10:00:00,1201.0,27.2
2023-06-17 11:00:00,1212.0,29.6
2023-06-17 12:00:00,1175.0,32.6
2023-06-17 13:00:00,1171.0,31.7
2023-06-17 14:00:00,1300.0,32.1
2023-06-17 15:00:00,1326.0,32.2
2023-06-17 16:00:00,1348.0,31.7
2023-06-17 17:00:00,1402.0,31.4
2023-06-17 18:00:00,1286.0,32.0
2023-06-17 19:00:00,1237.0,31.4
2023-06-17 20:00:00,1321.0,30.0
2023-06-17 21:00:00,1366.0,30.3
2023-06-17 22:00:00,1309.0,29.5
2023-06-17 23:00:00,1198.0,29.3
2023-06-18 00:00:00,1190.0,28.6
2023-06-18 01:00:00,1080.0,27.4
2023-06-18 02:00:00,1056.0,27.2
2023-06-18 03:00:00,1023.0,26.9
2023-06-18 04:00:00,964.0,26.9
2023-06-18 05:00:00,961.0,27.1
2023-06-18 06:00:00,1060.0,27.2
2023-06-18 07:00:00,1123.0,27.4
2023-06-18 08:00:00,1174.0,28.1
2023-06-18 09:00:00,1241.0,30.1
2023-06-18 10:00:00,1269.0,30.5
2023-06-18 11:00:00,1272.0,31.2
2023-06-18 12:00:00,1169.0,31.6
2023-06-18 13:00:00,1208.0,31.3
2023-06-18 14:00:00,1275.0,31.5
2023-06-18 15:00:00,1351.0,32.0
2023-06-18 16:00:00,1389.0,33.7
2023-06-18 17:00:00,1395.0,34.0
2023-06-18 18:00:00,1358.0,33.4
2023-06-18 19:00:00,1328.0,31.9
2023-06-18 20:00:00,1438.0,30.5
2023-06-18 21:00:00,1518.0,30.7
2023-06-18 22:00:00,1352.0,30.7
2023-06-18 23:00:00,1234.0,30.2
2023-06-19 00:00:00,1230.0,27.2
2023-06-19 01:00:00,1164.0,25.3
2023-06-19 02:00:00,1089.0,24.9
2023-06-19 03:00:00,1031.0,24.9
2023-06-19 04:00:00,1007.0,25.1
2023-06-19 05:00:00,997.0,27.3
2023-06-19 06:00:00,1081.0,25.5
2023-06-19 07:00:00,1175.0,24.2
2023-06-19 08:00:00,1102.0,24.4
2023-06-19 09:00:00,1230.0,24.4
2023-06-19 10:00:00,1280.0,26.0
2023-06-19 11:00:00,1208.0,27.5
2023-06-19 12:00:00,1190.0,27.6
2023-06-19 13:00:00,1171.0,26.7
2023-06-19 14:00:00,1162.0,25.9
2023-06-19 15:00:00,1223.0,25.1
2023-06-19 16:00:00,1274.0,25.2
2023-06-19 17:00:00,1303.0,26.4
2023-06-19 18:00:00,1232.0,27.1
2023-06-19 19:00:00,1198.0,26.5
2023-06-19 20:00:00,1286.0,25.8
2023-06-19 21:00:00,1330.0,25.3
2023-06-19 22:00:00,1224.0,25.2
2023-06-19 23:00:00,1112.0,24.8
2023-06-20 00:00:00,1092.0,24.3
2023-06-20 01:00:00,1042.0,24.2
2023-06-20 02:00:00,1002.0,23.8
2023-06-20 03:00:00,986.0,23.8
2023-06-20 04:00:00,952.0,23.8
2023-06-20 05:00:00,919.0,23.7
2023-06-20 06:00:00,1024.0,23.4
2023-06-20 07:00:00,1127.0,23.6
2023-06-20 08:00:00,1089.0,24.4
2023-06-20 09:00:00,1184.0,25.4
2023-06-20 10:00:00,1229.0,26.1
2023-06-20 11:00:00,1212.0,27.5
2023-06-20 12:00:00,1160.0,29.5
2023-06-20 13:00:00,1192.0,31.2
2023-06-20 14:00:00,1287.0,31.8
2023-06-20 15:00:00,1323.0,32.2
2023-06-20 16:00:00,1373.0,33.0
2023-06-20 17:00:00,1356.0,34.0
2023-06-20 18:00:00,1330.0,33.2
2023-06-20 19:00:00,1254.0,31.1
2023-06-20 20:00:00,1358.0,29.5
2023-06-20 21:00:00,1382.0,28.7
2023-06-20 22:00:00,1364.0,26.4
2023-06-20 23:00:00,1170.0,26.7
2023-06-21 00:00:00,1215.0,25.0
2023-06-21 01:00:00,1145.0,24.8
2023-06-21 02:00:00,1059.0,24.7
2023-06-21 03:00:00,1059.0,24.5
2023-06-21 04:00:00,1003.0,24.3
2023-06-21 05:00:00,1006.0,24.3
2023-06-21 06:00:00,1072.0,24.1
2023-06-21 07:00:00,1154.0,24.4
2023-06-21 08:00:00,1110.0,25.3
2023-06-21 09:00:00,1255.0,24.8
2023-06-21 10:00:00,1280.0,24.9
2023-06-21 11:00:00,1187.0,25.1
2023-06-21 12:00:00,1188.0,24.6
2023-06-21 13:00:00,1088.0,24.0
2023-06-21 14:00:00,1095.0,23.7
2023-06-21 15:00:00,1245.0,24.5
2023-06-21 16:00:00,1196.0,24.9
2023-06-21 17:00:00,1228.0,25.0
2023-06-21 18:00:00,1128.0,25.4
2023-06-21 19:00:00,1107.0,25.1
2023-06-21 20:00:00,1184.0,23.9
2023-06-21 21:00:00,1138.0,23.5
2023-06-21 22:00:00,1081.0,23.1
2023-06-21 23:00:00,937.0,22.9
2023-06-22 00:00:00,990.0,22.6
2023-06-22 01:00:00,901.0,22.4
2023-06-22 02:00:00,877.0,21.7
2023-06-22 03:00:00,878.0,21.5
2023-06-22 04:00:00,792.0,21.5
2023-06-22 05:00:00,891.0,21.6
2023-06-22 06:00:00,855.0,21.2
2023-06-22 07:00:00,957.0,21.3
2023-06-22 08:00:00,930.0,21.4
2023-06-22 09:00:00,1021.0,21.6
2023-06-22 10:00:00,1091.0,21.9
2023-06-22 11:00:00,1002.0,22.4
2023-06-22 12:00:00,916.0,22.4
2023-06-22 13:00:00,890.0,22.0
2023-06-22 14:00:00,918.0,22.3
2023-06-22 15:00:00,978.0,22.2
2023-06-22 16:00:00,1188.0,22.4
2023-06-22 17:00:00,1002.0,22.0
2023-06-22 18:00:00,938.0,22.2
2023-06-22 19:00:00,959.0,21.9
2023-06-22 20:00:00,1066.0,21.6
2023-06-22 21:00:00,1038.0,21.3
2023-06-22 22:00:00,929.0,20.9
2023-06-22 23:00:00,851.0,21.0
2023-06-23 00:00:00,830.0,20.9
2023-06-23 01:00:00,840.0,20.7
2023-06-23 02:00:00,759.0,20.7
2023-06-23 03:00:00,779.0,20.6
2023-06-23 04:00:00,722.0,20.3
2023-06-23 05:00:00,779.0,20.1
2023-06-23 06:00:00,821.0,20.1
2023-06-23 07:00:00,908.0,20.4
2023-06-23 08:00:00,937.0,20.7
2023-06-23 09:00:00,1090.0,21.2
2023-06-23 10:00:00,1070.0,22.5
2023-06-23 11:00:00,1007.0,23.2
2023-06-23 12:00:00,924.0,23.4
2023-06-23 13:00:00,905.0,23.3
2023-06-23 14:00:00,982.0,24.2
2023-06-23 15:00:00,1006.0,23.1
2023-06-23 16:00:00,1082.0,23.2
2023-06-23 17:00:00,1096.0,21.9
2023-06-23 18:00:00,1050.0,21.4
2023-06-23 19:00:00,991.0,21.5
2023-06-23 20:00:00,1096.0,21.5
2023-06-23 21:00:00,1018.0,21.3
2023-06-23 22:00:00,972.0,21.3
2023-06-23 23:00:00,819.0,21.2
2023-06-24 00:00:00,895.0,20.9
2023-06-24 01:00:00,876.0,20.9
2023-06-24 02:00:00,825.0,20.8
2023-06-24 03:00:00,835.0,20.6
2023-06-24 04:00:00,771.0,20.5
2023-06-24 05:00:00,770.0,20.4
2023-06-24 06:00:00,892.0,20.2
2023-06-24 07:00:00,962.0,20.4
2023-06-24 08:00:00,1001.0,20.8
2023-06-24 09:00:00,1088.0,20.9
2023-06-24 10:00:00,1134.0,21.0
2023-06-24 11:00:00,1007.0,22.0
2023-06-24 12:00:00,1013.0,23.4
2023-06-24 13:00:00,955.0,24.0
2023-06-24 14:00:00,903.0,24.4
2023-06-24 15:00:00,1058.0,24.9
2023-06-24 16:00:00,1151.0,24.9
2023-06-24 17:00:00,1121.0,24.8
2023-06-24 18:00:00,1084.0,25.8
2023-06-24 19:00:00,1004.0,24.6
2023-06-24 20:00:00,1054.0,23.2
2023-06-24 21:00:00,1155.0,22.1
2023-06-24 22:00:00,1072.0,21.4
2023-06-24 23:00:00,885.0,20.6
2023-06-25 00:00:00,932.0,20.5
2023-06-25 01:00:00,886.0,20.4
2023-06-25 02:00:00,799.0,20.2
2023-06-25 03:00:00,824.0,19.9
2023-06-25 04:00:00,785.0,19.9
2023-06-25 05:00:00,780.0,19.8
2023-06-25 06:00:00,906.0,20.2
2023-06-25 07:00:00,1033.0,20.5
2023-06-25 08:00:00,1036.0,21.6
2023-06-25 09:00:00,1062.0,23.5
2023-06-25 10:00:00,1125.0,25.4
2023-06-25 11:00:00,1097.0,27.6
2023-06-25 12:00:00,1058.0,28.4
2023-06-25 13:00:00,1085.0,29.5
2023-06-25 14:00:00,1131.0,29.8
2023-06-25 15:00:00,1199.0,30.8
2023-06-25 16:00:00,1180.0,31.5
2023-06-25 17:00:00,1207.0,31.3
2023-06-25 18:00:00,1202.0,32.0
2023-06-25 19:00:00,1119.0,31.2
2023-06-25 20:00:00,1228.0,27.0
2023-06-25 21:00:00,1289.0,25.5
2023-06-25 22:00:00,1207.0,24.4
2023-06-25 23:00:00,1016.0,23.8
2023-06-26 00:00:00,1015.0,23.3
2023-06-26 01:00:00,962.0,23.1
2023-06-26 02:00:00,881.0,22.9
2023-06-26 03:00:00,907.0,22.2
2023-06-26 04:00:00,876.0,21.9
2023-06-26 05:00:00,903.0,22.3
2023-06-26 06:00:00,1011.0,21.7
2023-06-26 07:00:00,1121.0,23.4
2023-06-26 08:00:00,1114.0,25.1
2023-06-26 09:00:00,1259.0,26.8
2023-06-26 10:00:00,1203.0,28.5
2023-06-26 11:00:00,1208.0,29.9
2023-06-26 12:00:00,1166.0,30.8
2023-06-26 13:00:00,1123.0,32.5
2023-06-26 14:00:00,1189.0,32.8
2023-06-26 15:00:00,1364.0,33.5
2023-06-26 16:00:00,1355.0,34.0
2023-06-26 17:00:00,1367.0,34.3
2023-06-26 18:00:00,1288.0,33.3
2023-06-26 19:00:00,1258.0,31.6
2023-06-26 20:00:00,1333.0,30.0
2023-06-26 21:00:00,1421.0,29.0
2023-06-26 22:00:00,1249.0,27.6
2023-06-26 23:00:00,1152.0,27.0
2023-06-27 00:00:00,1132.0,26.6
2023-06-27 01:00:00,1069.0,25.9
2023-06-27 02:00:00,1008.0,25.4
2023-06-27 03:00:00,968.0,25.4
2023-06-27 04:00:00,1002.0,24.6
2023-06-27 05:00:00,967.0,25.1
2023-06-27 06:00:00,1118.0,24.7
2023-06-27 07:00:00,1162.0,25.1
2023-06-27 08:00:00,1152.0,26.4
2023-06-27 09:00:00,1261.0,28.1
2023-06-27 10:00:00,1297.0,28.9
2023-06-27 11:00:00,1267.0,30.2
2023-06-27 12:00:00,1250.0,30.6
2023-06-27 13:00:00,1250.0,32.6
2023-06-27 14:00:00,1304.0,32.7
2023-06-27 15:00:00,1423.0,33.4
2023-06-27 16:00:00,1458.0,32.7
2023-06-27 17:00:00,1460.0,32.2
2023-06-27 18:00:00,1286.0,31.2
2023-06-27 19:00:00,1309.0,30.0
2023-06-27 20:00:00,1324.0,29.7
2023-06-27 21:00:00,1443.0,29.1
2023-06-27 22:00:00,1363.0,28.7
2023-06-27 23:00:00,1181.0,28.5
2023-06-28 00:00:00,1226.0,27.7
2023-06-28 01:00:00,1139.0,27.4
2023-06-28 02:00:00,1086.0,27.0
2023-06-28 03:00:00,1045.0,27.1
2023-06-28 04:00:00,996.0,26.6
2023-06-28 05:00:00,985.0,26.6
2023-06-28 06:00:00,1076.0,26.2
2023-06-28 07:00:00,1154.0,26.5
2023-06-28 08:00:00,1183.0,28.2
2023-06-28 09:00:00,1292.0,29.2
2023-06-28 10:00:00,1402.0,30.8
2023-06-28 11:00:00,1394.0,30.9
2023-06-28 12:00:00,1348.0,31.7
2023-06-28 13:00:00,1363.0,32.5
2023-06-28 14:00:00,1359.0,32.1
2023-06-28 15:00:00,1429.0,31.7
2023-06-28 16:00:00,1462.0,31.5
2023-06-28 17:00:00,1431.0,31.3
2023-06-28 18:00:00,1357.0,31.3
2023-06-28 19:00:00,1302.0,30.7
2023-06-28 20:00:00,1444.0,30.2
2023-06-28 21:00:00,1491.0,30.1
2023-06-28 22:00:00,1457.0,29.6
2023-06-28 23:00:00,1301.0,29.0
2023-06-29 00:00:00,1275.0,28.1
2023-06-29 01:00:00,1202.0,28.1
2023-06-29 02:00:00,1146.0,27.8
2023-06-29 03:00:00,1081.0,27.7
2023-06-29 04:00:00,1075.0,27.4
2023-06-29 05:00:00,1078.0,27.3
2023-06-29 06:00:00,1140.0,28.0
2023-06-29 07:00:00,1156.0,28.0
2023-06-29 08:00:00,1223.0,28.3
2023-06-29 09:00:00,1306.0,29.4
2023-06-29 10:00:00,1389.0,29.6
2023-06-29 11:00:00,1339.0,30.6
2023-06-29 12:00:00,1319.0,31.4
2023-06-29 13:00:00,1315.0,32.0
2023-06-29 14:00:00,1371.0,32.4
2023-06-29 15:00:00,1539.0,32.2
2023-06-29 16:00:00,1542.0,31.8
2023-06-29 17:00:00,1454.0,31.4
2023-06-29 18:00:00,1360.0,31.0
2023-06-29 19:00:00,1365.0,30.6
2023-06-29 20:00:00,1471.0,30.6
2023-06-29 21:00:00,1520.0,30.1
2023-06-29 22:00:00,1491.0,29.8
2023-06-29 23:00:00,1325.0,28.8
2023-06-30 00:00:00,1357.0,29.1
2023-06-30 01:00:00,1279.0,28.5
2023-06-30 02:00:00,1209.0,28.3
2023-06-30 03:00:00,1159.0,28.0
2023-06-30 04:00:00,1102.0,28.0
2023-06-30 05:00:00,1141.0,27.4
2023-06-30 06:00:00,1173.0,27.0
2023-06-30 07:00:00,1170.0,27.1
2023-06-30 08:00:00,1263.0,27.5
2023-06-30 09:00:00,1335.0,28.4
2023-06-30 10:00:00,1377.0,29.7
2023-06-30 11:00:00,1298.0,30.3
2023-06-30 12:00:00,1298.0,30.5
2023-06-30 13:00:00,1330.0,30.9
2023-06-30 14:00:00,1278.0,30.6
2023-06-30 15:00:00,1431.0,30.2
2023-06-30 16:00:00,1473.0,30.6
2023-06-30 17:00:00,1414.0,30.2
2023-06-30 18:00:00,1294.0,29.5
2023-06-30 19:00:00,1314.0,28.2
2023-06-30 20:00:00,1357.0,27.0
2023-06-30 21:00:00,1480.0,26.4
2023-06-30 22:00:00,1333.0,26.0
2023-06-30 23:00:00,1217.0,25.7
2023-07-01 00:00:00,1293.0,25.5
2023-07-01 01:00:00,1194.0,25.1
2023-07-01 02:00:00,1141.0,25.0
2023-07-01 03:00:00,1119.0,24.8
2023-07-01 04:00:00,1052.0,24.8
2023-07-01 05:00:00,1118.0,24.6
2023-07-01 06:00:00,1087.0,24.1
2023-07-01 07:00:00,1147.0,24.6
2023-07-01 08:00:00,1151.0,26.4
2023-07-01 09:00:00,1269.0,27.7
2023-07-01 10:00:00,1358.0,30.8
2023-07-01 11:00:00,1321.0,31.5
2023-07-01 12:00:00,1292.0,32.2
2023-07-01 13:00:00,1341.0,33.6
2023-07-01 14:00:00,1353.0,33.2
2023-07-01 15:00:00,1447.0,34.2
2023-07-01 16:00:00,1492.0,34.8
2023-07-01 17:00:00,1490.0,34.6
2023-07-01 18:00:00,1416.0,34.0
2023-07-01 19:00:00,1404.0,33.5
2023-07-01 20:00:00,1492.0,33.0
2023-07-01 21:00:00,1637.0,31.6
2023-07-01 22:00:00,1530.0,29.8
2023-07-01 23:00:00,1426.0,30.3
2023-07-02 00:00:00,1429.0,28.5
2023-07-02 01:00:00,1346.0,29.4
2023-07-02 02:00:00,1300.0,30.2
2023-07-02 03:00:00,1219.0,29.6
2023-07-02 04:00:00,1167.0,28.9
2023-07-02 05:00:00,1169.0,26.7
2023-07-02 06:00:00,1198.0,26.1
2023-07-02 07:00:00,1203.0,27.0
2023-07-02 08:00:00,1281.0,30.9
2023-07-02 09:00:00,1348.0,31.9
2023-07-02 10:00:00,1385.0,32.5
2023-07-02 11:00:00,1356.0,33.5
2023-07-02 12:00:00,1435.0,33.9
2023-07-02 13:00:00,1406.0,34.5
2023-07-02 14:00:00,1556.0,35.5
2023-07-02 15:00:00,1507.0,35.6
2023-07-02 16:00:00,1617.0,35.1
2023-07-02 17:00:00,1555.0,35.1
2023-07-02 18:00:00,1451.0,34.1
2023-07-02 19:00:00,1438.0,33.5
2023-07-02 20:00:00,1553.0,32.5
2023-07-02 21:00:00,1678.0,29.9
2023-07-02 22:00:00,1657.0,29.5
2023-07-02 23:00:00,1494.0,27.9
2023-07-03 00:00:00,1525.0,27.6
2023-07-03 01:00:00,1437.0,28.5
2023-07-03 02:00:00,1369.0,28.7
2023-07-03 03:00:00,1318.0,29.0
2023-07-03 04:00:00,1259.0,29.3
2023-07-03 05:00:00,1206.0,29.0
2023-07-03 06:00:00,1227.0,28.9
2023-07-03 07:00:00,1253.0,29.0
2023-07-03 08:00:00,1297.0,29.7
2023-07-03 09:00:00,1461.0,30.3
2023-07-03 10:00:00,1570.0,32.2
2023-07-03 11:00:00,1485.0,33.7
2023-07-03 12:00:00,1537.0,33.5
2023-07-03 13:00:00,1567.0,34.0
2023-07-03 14:00:00,1671.0,34.3
2023-07-03 15:00:00,1657.0,34.8
2023-07-03 16:00:00,1663.0,33.6
2023-07-03 17:00:00,1659.0,34.2
2023-07-03 18:00:00,1485.0,33.8
2023-07-03 19:00:00,1506.0,33.5
2023-07-03 20:00:00,1563.0,32.5
2023-07-03 21:00:00,1710.0,29.5
2023-07-03 22:00:00,1682.0,28.9
2023-07-03 23:00:00,1541.0,30.9
2023-07-04 00:00:00,1608.0,30.5
2023-07-04 01:00:00,1482.0,29.7
2023-07-04 02:00:00,1452.0,29.8
2023-07-04 03:00:00,1419.0,29.7
2023-07-04 04:00:00,1350.0,29.6
2023-07-04 05:00:00,1337.0,29.2
2023-07-04 06:00:00,1273.0,28.8
2023-07-04 07:00:00,1326.0,29.0
2023-07-04 08:00:00,1339.0,29.1
2023-07-04 09:00:00,1532.0,29.4
2023-07-04 10:00:00,1511.0,30.0
2023-07-04 11:00:00,1468.0,31.3
2023-07-04 12:00:00,1506.0,30.7
2023-07-04 13:00:00,1453.0,31.6
2023-07-04 14:00:00,1495.0,31.8
2023-07-04 15:00:00,1548.0,31.2
2023-07-04 16:00:00,1460.0,26.8
2023-07-04 17:00:00,1501.0,25.6
2023-07-04 18:00:00,1288.0,25.6
2023-07-04 19:00:00,1302.0,25.5
2023-07-04 20:00:00,1353.0,25.5
2023-07-04 21:00:00,1443.0,25.4
2023-07-04 22:00:00,1337.0,25.4
2023-07-04 23:00:00,1245.0,25.3
2023-07-05 00:00:00,1323.0,25.2
2023-07-05 01:00:00,1234.0,25.1
2023-07-05 02:00:00,1174.0,25.1
2023-07-05 03:00:00,1126.0,24.9
2023-07-05 04:00:00,1100.0,24.4
2023-07-05 05:00:00,1104.0,24.3
2023-07-05 06:00:00,1116.0,23.9
2023-07-05 07:00:00,1188.0,23.4
2023-07-05 08:00:00,1213.0,24.1
2023-07-05 09:00:00,1341.0,25.7
2023-07-05 10:00:00,1328.0,25.2
2023-07-05 11:00:00,1307.0,27.9
2023-07-05 12:00:00,1241.0,28.3
2023-07-05 13:00:00,1387.0,29.9
2023-07-05 14:00:00,1403.0,31.2
2023-07-05 15:00:00,1480.0,31.8
2023-07-05 16:00:00,1620.0,32.0
2023-07-05 17:00:00,1522.0,32.0
2023-07-05 18:00:00,1393.0,32.1
2023-07-05 19:00:00,1351.0,31.6
2023-07-05 20:00:00,1464.0,31.0
2023-07-05 21:00:00,1526.0,30.4
2023-07-05 22:00:00,1485.0,30.2
2023-07-05 23:00:00,1355.0,30.3
2023-07-06 00:00:00,1419.0,29.2
2023-07-06 01:00:00,1319.0,28.6
2023-07-06 02:00:00,1258.0,28.5
2023-07-06 03:00:00,1201.0,28.2
2023-07-06 04:00:00,1180.0,27.6
2023-07-06 05:00:00,1155.0,27.9
2023-07-06 06:00:00,1215.0,27.6
2023-07-06 07:00:00,1208.0,28.4
2023-07-06 08:00:00,1305.0,29.4
2023-07-06 09:00:00,1427.0,29.8
2023-07-06 10:00:00,1486.0,31.3
2023-07-06 11:00:00,1462.0,32.0
2023-07-06 12:00:00,1412.0,33.6
2023-07-06 13:00:00,1533.0,33.4
2023-07-06 14:00:00,1548.0,33.9
2023-07-06 15:00:00,1655.0,34.3
2023-07-06 16:00:00,1622.0,34.2
2023-07-06 17:00:00,1639.0,33.6
2023-07-06 18:00:00,1506.0,33.3
2023-07-06 19:00:00,1467.0,32.2
2023-07-06 20:00:00,1489.0,31.8
2023-07-06 21:00:00,1699.0,31.8
2023-07-06 22:00:00,1581.0,31.3
2023-07-06 23:00:00,1482.0,30.9
2023-07-07 00:00:00,1544.0,30.5
2023-07-07 01:00:00,1467.0,30.0
2023-07-07 02:00:00,1410.0,29.7
2023-07-07 03:00:00,1349.0,29.5
2023-07-07 04:00:00,1293.0,29.2
2023-07-07 05:00:00,1267.0,29.2
2023-07-07 06:00:00,1284.0,29.2
2023-07-07 07:00:00,1323.0,29.5
2023-07-07 08:00:00,1367.0,30.0
2023-07-07 09:00:00,1535.0,31.3
2023-07-07 10:00:00,1537.0,31.7
2023-07-07 11:00:00,1457.0,32.7
2023-07-07 12:00:00,1526.0,33.9
2023-07-07 13:00:00,1488.0,34.6
2023-07-07 14:00:00,1663.0,33.7
2023-07-07 15:00:00,1693.0,33.6
2023-07-07 16:00:00,1622.0,33.2
2023-07-07 17:00:00,1666.0,33.1
2023-07-07 18:00:00,1533.0,32.8
2023-07-07 19:00:00,1485.0,32.1
2023-07-07 20:00:00,1549.0,31.6
2023-07-07 21:00:00,1682.0,31.2
2023-07-07 22:00:00,1629.0,30.7
2023-07-07 23:00:00,1571.0,30.4
2023-07-08 00:00:00,1613.0,30.1
2023-07-08 01:00:00,1517.0,29.8
2023-07-08 02:00:00,1424.0,29.5
2023-07-08 03:00:00,1364.0,29.3
2023-07-08 04:00:00,1323.0,29.3
2023-07-08 05:00:00,1318.0,29.2
2023-07-08 06:00:00,1297.0,29.2
2023-07-08 07:00:00,1314.0,29.4
2023-07-08 08:00:00,1330.0,29.7
2023-07-08 09:00:00,1468.0,30.4
2023-07-08 10:00:00,1488.0,31.1
2023-07-08 11:00:00,1483.0,31.0
2023-07-08 12:00:00,1441.0,31.2
2023-07-08 13:00:00,1515.0,31.7
2023-07-08 14:00:00,1491.0,32.5
2023-07-08 15:00:00,1557.0,32.4
2023-07-08 16:00:00,1575.0,32.4
2023-07-08 17:00:00,1590.0,32.9
2023-07-08 18:00:00,1429.0,32.8
2023-07-08 19:00:00,1449.0,31.9
2023-07-08 20:00:00,1537.0,30.7
2023-07-08 21:00:00,1644.0,30.1
2023-07-08 22:00:00,1585.0,30.1
2023-07-08 23:00:00,1441.0,27.8
2023-07-09 00:00:00,1559.0,29.5
2023-07-09 01:00:00,1450.0,29.6
2023-07-09 02:00:00,1362.0,29.1
2023-07-09 03:00:00,1326.0,29.1
2023-07-09 04:00:00,1289.0,28.6
2023-07-09 05:00:00,1267.0,28.8
2023-07-09 06:00:00,1255.0,28.8
2023-07-09 07:00:00,1292.0,29.0
2023-07-09 08:00:00,1296.0,29.5
2023-07-09 09:00:00,1431.0,30.4
2023-07-09 10:00:00,1472.0,31.6
2023-07-09 11:00:00,1428.0,32.0
2023-07-09 12:00:00,1478.0,33.4
2023-07-09 13:00:00,1438.0,33.9
2023-07-09 14:00:00,1576.0,33.7
2023-07-09 15:00:00,1573.0,33.1
2023-07-09 16:00:00,1611.0,29.8
2023-07-09 17:00:00,1505.0,28.6
2023-07-09 18:00:00,1382.0,28.3
2023-07-09 19:00:00,1351.0,28.0
2023-07-09 20:00:00,1395.0,26.5
2023-07-09 21:00:00,1544.0,26.1
2023-07-09 22:00:00,1486.0,25.8
2023-07-09 23:00:00,1396.0,25.8
2023-07-10 00:00:00,1443.0,26.5
2023-07-10 01:00:00,1322.0,26.7
2023-07-10 02:00:00,1231.0,28.8
2023-07-10 03:00:00,1215.0,28.5
2023-07-10 04:00:00,1223.0,28.2
2023-07-10 05:00:00,1163.0,28.1
2023-07-10 06:00:00,1199.0,27.8
2023-07-10 07:00:00,1248.0,28.4
2023-07-10 08:00:00,1317.0,30.3
2023-07-10 09:00:00,1466.0,31.0
2023-07-10 10:00:00,1483.0,31.0
2023-07-10 11:00:00,1478.0,33.1
2023-07-10 12:00:00,1488.0,33.8
2023-07-10 13:00:00,1495.0,32.6
2023-07-10 14:00:00,1520.0,33.9
2023-07-10 15:00:00,1695.0,34.3
2023-07-10 16:00:00,1690.0,34.5
2023-07-10 17:00:00,1672.0,34.5
2023-07-10 18:00:00,1482.0,34.3
2023-07-10 19:00:00,1478.0,33.3
2023-07-10 20:00:00,1487.0,32.3
2023-07-10 21:00:00,1675.0,31.9
2023-07-10 22:00:00,1486.0,31.4
2023-07-10 23:00:00,1396.0,31.3
2023-07-11 00:00:00,1591.0,30.8
2023-07-11 01:00:00,1497.0,30.1
2023-07-11 02:00:00,1408.0,30.1
2023-07-11 03:00:00,1346.0,30.0
2023-07-11 04:00:00,1281.0,29.8
2023-07-11 05:00:00,1238.0,29.9
2023-07-11 06:00:00,1215.0,29.9
2023-07-11 07:00:00,1231.0,29.8
2023-07-11 08:00:00,1298.0,30.2
2023-07-11 09:00:00,1427.0,31.0
2023-07-11 10:00:00,1516.0,32.6
2023-07-11 11:00:00,1479.0,32.9
2023-07-11 12:00:00,1524.0,34.1
2023-07-11 13:00:00,1556.0,34.5
2023-07-11 14:00:00,1579.0,34.6
2023-07-11 15:00:00,1738.0,35.3
2023-07-11 16:00:00,1795.0,35.1
2023-07-11 17:00:00,1803.0,35.1
2023-07-11 18:00:00,1580.0,34.8
2023-07-11 19:00:00,1492.0,33.6
2023-07-11 20:00:00,1554.0,33.0
2023-07-11 21:00:00,1716.0,32.5
2023-07-11 22:00:00,1665.0,32.1
2023-07-11 23:00:00,1535.0,32.0
2023-07-12 00:00:00,1629.0,31.3
2023-07-12 01:00:00,1521.0,30.8
2023-07-12 02:00:00,1470.0,30.3
2023-07-12 03:00:00,1434.0,30.0
2023-07-12 04:00:00,1381.0,30.0
2023-07-12 05:00:00,1275.0,30.0
2023-07-12 06:00:00,1255.0,29.5
2023-07-12 07:00:00,1290.0,29.5
2023-07-12 08:00:00,1303.0,30.4
2023-07-12 09:00:00,1476.0,31.5
2023-07-12 10:00:00,1584.0,32.4
2023-07-12 11:00:00,1539.0,33.4
2023-07-12 12:00:00,1529.0,34.7
2023-07-12 13:00:00,1561.0,34.8
2023-07-12 14:00:00,1643.0,35.1
2023-07-12 15:00:00,1736.0,35.4
2023-07-12 16:00:00,1756.0,34.9
2023-07-12 17:00:00,1745.0,34.6
2023-07-12 18:00:00,1532.0,34.3
2023-07-12 19:00:00,1501.0,33.3
2023-07-12 20:00:00,1524.0,32.5
2023-07-12 21:00:00,1748.0,31.8
2023-07-12 22:00:00,1677.0,32.3
2023-07-12 23:00:00,1604.0,31.7
2023-07-13 00:00:00,1640.0,31.2
2023-07-13 01:00:00,1533.0,30.7
2023-07-13 02:00:00,1512.0,30.3
2023-07-13 03:00:00,1436.0,30.0
2023-07-13 04:00:00,1379.0,29.8
2023-07-13 05:00:00,1309.0,29.7
2023-07-13 06:00:00,1283.0,29.4
2023-07-13 07:00:00,1307.0,29.6
2023-07-13 08:00:00,1361.0,30.6
2023-07-13 09:00:00,1532.0,31.4
2023-07-13 10:00:00,1557.0,32.5
2023-07-13 11:00:00,1491.0,32.8
2023-07-13 12:00:00,1486.0,34.3
2023-07-13 13:00:00,1597.0,34.7
2023-07-13 14:00:00,1708.0,35.7
2023-07-13 15:00:00,1760.0,36.1
2023-07-13 16:00:00,1826.0,35.2
2023-07-13 17:00:00,1807.0,35.2
2023-07-13 18:00:00,1579.0,34.5
2023-07-13 19:00:00,1489.0,33.6
2023-07-13 20:00:00,1625.0,31.8
2023-07-13 21:00:00,1757.0,31.2
2023-07-13 22:00:00,1728.0,29.0
2023-07-13 23:00:00,1570.0,30.1
2023-07-14 00:00:00,1638.0,29.2
2023-07-14 01:00:00,1561.0,29.0
2023-07-14 02:00:00,1499.0,29.3
2023-07-14 03:00:00,1429.0,29.1
2023-07-14 04:00:00,1358.0,29.0
2023-07-14 05:00:00,1337.0,28.6
2023-07-14 06:00:00,1267.0,28.5
2023-07-14 07:00:00,1295.0,28.7
2023-07-14 08:00:00,1322.0,29.6
2023-07-14 09:00:00,1501.0,29.8
2023-07-14 10:00:00,1563.0,31.0
2023-07-14 11:00:00,1558.0,32.3
2023-07-14 12:00:00,1506.0,33.5
2023-07-14 13:00:00,1542.0,34.4
2023-07-14 14:00:00,1676.0,35.6
2023-07-14 15:00:00,1679.0,35.8
2023-07-14 16:00:00,1768.0,35.5
2023-07-14 17:00:00,1672.0,30.9
2023-07-14 18:00:00,1403.0,27.5
2023-07-14 19:00:00,1357.0,26.7
2023-07-14 20:00:00,1449.0,26.7
2023-07-14 21:00:00,1537.0,26.7
2023-07-14 22:00:00,1490.0,26.8
2023-07-14 23:00:00,1369.0,26.2
2023-07-15 00:00:00,1431.0,25.8
2023-07-15 01:00:00,1371.0,25.5
2023-07-15 02:00:00,1302.0,25.3
2023-07-15 03:00:00,1233.0,25.3
2023-07-15 04:00:00,1206.0,24.8
2023-07-15 05:00:00,1182.0,24.7
2023-07-15 06:00:00,1145.0,24.6
2023-07-15 07:00:00,1170.0,24.9
2023-07-15 08:00:00,1163.0,25.7
2023-07-15 09:00:00,1274.0,26.2
2023-07-15 10:00:00,1313.0,27.9
2023-07-15 11:00:00,1232.0,28.5
2023-07-15 12:00:00,1264.0,29.4
2023-07-15 13:00:00,1323.0,30.3
2023-07-15 14:00:00,1352.0,30.1
2023-07-15 15:00:00,1459.0,30.6
2023-07-15 16:00:00,1464.0,29.7
2023-07-15 17:00:00,1424.0,30.5
2023-07-15 18:00:00,1323.0,31.4
2023-07-15 19:00:00,1306.0,30.6
2023-07-15 20:00:00,1369.0,28.6
2023-07-15 21:00:00,1500.0,26.7
2023-07-15 22:00:00,1374.0,25.9
2023-07-15 23:00:00,1301.0,25.1
2023-07-16 00:00:00,1401.0,24.8
2023-07-16 01:00:00,1308.0,24.5
2023-07-16 02:00:00,1240.0,24.0
2023-07-16 03:00:00,1164.0,23.9
2023-07-16 04:00:00,1131.0,23.5
2023-07-16 05:00:00,1143.0,23.5
2023-07-16 06:00:00,1181.0,23.6
2023-07-16 07:00:00,1182.0,23.9
2023-07-16 08:00:00,1239.0,27.9
2023-07-16 09:00:00,1373.0,29.3
2023-07-16 10:00:00,1387.0,31.0
2023-07-16 11:00:00,1327.0,31.8
2023-07-16 12:00:00,1331.0,32.9
2023-07-16 13:00:00,1440.0,34.2
2023-07-16 14:00:00,1477.0,34.0
2023-07-16 15:00:00,1494.0,34.1
2023-07-16 16:00:00,1570.0,32.7
2023-07-16 17:00:00,1460.0,30.8
2023-07-16 18:00:00,1349.0,32.6
2023-07-16 19:00:00,1365.0,31.5
2023-07-16 20:00:00,1423.0,29.7
2023-07-16 21:00:00,1511.0,28.9
2023-07-16 22:00:00,1434.0,26.4
2023-07-16 23:00:00,1267.0,25.4
2023-07-17 00:00:00,1376.0,24.9
2023-07-17 01:00:00,1268.0,23.8
2023-07-17 02:00:00,1133.0,24.0
2023-07-17 03:00:00,1144.0,23.7
2023-07-17 04:00:00,1095.0,23.1
2023-07-17 05:00:00,1110.0,22.9
2023-07-17 06:00:00,1097.0,23.0
2023-07-17 07:00:00,1142.0,24.6
2023-07-17 08:00:00,1235.0,26.3
2023-07-17 09:00:00,1323.0,28.2
2023-07-17 10:00:00,1400.0,29.7
2023-07-17 11:00:00,1328.0,31.0
2023-07-17 12:00:00,1304.0,31.7
2023-07-17 13:00:00,1342.0,31.5
2023-07-17 14:00:00,1381.0,33.2
2023-07-17 15:00:00,1445.0,32.7
2023-07-17 16:00:00,1507.0,31.4
2023-07-17 17:00:00,1392.0,30.3
2023-07-17 18:00:00,1258.0,28.8
2023-07-17 19:00:00,1210.0,27.6
2023-07-17 20:00:00,1264.0,26.7
2023-07-17 21:00:00,1376.0,26.2
2023-07-17 22:00:00,1246.0,26.0
2023-07-17 23:00:00,1174.0,25.0
2023-07-18 00:00:00,1235.0,25.1
2023-07-18 01:00:00,1177.0,24.5
2023-07-18 02:00:00,1128.0,24.7
2023-07-18 03:00:00,1072.0,25.0
2023-07-18 04:00:00,1049.0,24.6
2023-07-18 05:00:00,1058.0,24.5
2023-07-18 06:00:00,1091.0,24.4
2023-07-18 07:00:00,1155.0,24.5
2023-07-18 08:00:00,1192.0,25.5
2023-07-18 09:00:00,1213.0,26.9
2023-07-18 10:00:00,1286.0,27.0
2023-07-18 11:00:00,1259.0,27.1
2023-07-18 12:00:00,1223.0,26.9
2023-07-18 13:00:00,1212.0,25.9
2023-07-18 14:00:00,1188.0,25.5
2023-07-18 15:00:00,1265.0,25.6
2023-07-18 16:00:00,1368.0,25.8
2023-07-18 17:00:00,1324.0,25.9
2023-07-18 18:00:00,1208.0,25.5
2023-07-18 19:00:00,1166.0,25.3
2023-07-18 20:00:00,1275.0,25.1
2023-07-18 21:00:00,1231.0,25.0
2023-07-18 22:00:00,1185.0,24.9
2023-07-18 23:00:00,1037.0,24.7
2023-07-19 00:00:00,1113.0,24.9
2023-07-19 01:00:00,1069.0,24.8
2023-07-19 02:00:00,1032.0,24.5
2023-07-19 03:00:00,1000.0,24.3
2023-07-19 04:00:00,981.0,24.1
2023-07-19 05:00:00,953.0,23.8
2023-07-19 06:00:00,964.0,23.7
2023-07-19 07:00:00,1080.0,23.8
2023-07-19 08:00:00,1085.0,24.4
2023-07-19 09:00:00,1227.0,25.2
2023-07-19 10:00:00,1224.0,26.3
2023-07-19 11:00:00,1152.0,27.5
2023-07-19 12:00:00,1155.0,29.2
2023-07-19 13:00:00,1211.0,30.7
2023-07-19 14:00:00,1251.0,31.6
2023-07-19 15:00:00,1438.0,28.6
2023-07-19 16:00:00,1449.0,30.0
2023-07-19 17:00:00,1400.0,29.5
2023-07-19 18:00:00,1254.0,28.5
2023-07-19 19:00:00,1264.0,27.5
2023-07-19 20:00:00,1296.0,26.7
2023-07-19 21:00:00,1355.0,26.0
2023-07-19 22:00:00,1317.0,25.5
2023-07-19 23:00:00,1037.0,25.3
2023-07-20 00:00:00,1222.0,25.2
2023-07-20 01:00:00,1118.0,25.0
2023-07-20 02:00:00,1059.0,24.7
2023-07-20 03:00:00,1033.0,24.4
2023-07-20 04:00:00,992.0,24.4
2023-07-20 05:00:00,986.0,24.6
2023-07-20 06:00:00,1052.0,24.7
2023-07-20 07:00:00,1108.0,24.8
2023-07-20 08:00:00,1150.0,26.1
2023-07-20 09:00:00,1275.0,27.8
2023-07-20 10:00:00,1312.0,30.7
2023-07-20 11:00:00,1272.0,30.0
2023-07-20 12:00:00,1282.0,28.3
2023-07-20 13:00:00,1356.0,30.3
2023-07-20 14:00:00,1361.0,30.1
2023-07-20 15:00:00,1313.0,25.9
2023-07-20 16:00:00,1414.0,27.4
2023-07-20 17:00:00,1412.0,30.3
2023-07-20 18:00:00,1286.0,29.3
2023-07-20 19:00:00,1215.0,29.2
2023-07-20 20:00:00,1316.0,27.9
2023-07-20 21:00:00,1392.0,28.2
2023-07-20 22:00:00,1259.0,27.3
2023-07-20 23:00:00,1143.0,26.7
2023-07-21 00:00:00,1242.0,26.6
2023-07-21 01:00:00,1181.0,26.3
2023-07-21 02:00:00,1120.0,26.2
2023-07-21 03:00:00,1062.0,25.8
2023-07-21 04:00:00,1036.0,25.4
2023-07-21 05:00:00,1035.0,25.3
2023-07-21 06:00:00,1060.0,25.2
2023-07-21 07:00:00,1142.0,25.7
2023-07-21 08:00:00,1180.0,26.7
2023-07-21 09:00:00,1294.0,28.6
2023-07-21 10:00:00,1394.0,29.9
2023-07-21 11:00:00,1374.0,31.5
2023-07-21 12:00:00,1336.0,32.6
2023-07-21 13:00:00,1350.0,33.6
2023-07-21 14:00:00,1381.0,33.7
2023-07-21 15:00:00,1518.0,35.0
2023-07-21 16:00:00,1574.0,35.4
2023-07-21 17:00:00,1576.0,34.7
2023-07-21 18:00:00,1412.0,34.7
2023-07-21 19:00:00,1377.0,33.9
2023-07-21 20:00:00,1459.0,31.1
2023-07-21 21:00:00,1593.0,29.4
2023-07-21 22:00:00,1501.0,28.4
2023-07-21 23:00:00,1388.0,28.4
2023-07-22 00:00:00,1428.0,28.9
2023-07-22 01:00:00,1367.0,29.3
2023-07-22 02:00:00,1257.0,29.6
2023-07-22 03:00:00,1218.0,29.1
2023-07-22 04:00:00,1181.0,28.8
2023-07-22 05:00:00,1134.0,28.6
2023-07-22 06:00:00,1145.0,26.9
2023-07-22 07:00:00,1132.0,27.3
2023-07-22 08:00:00,1190.0,28.2
2023-07-22 09:00:00,1255.0,29.2
2023-07-22 10:00:00,1334.0,30.7
2023-07-22 11:00:00,1377.0,31.6
2023-07-22 12:00:00,1347.0,32.0
2023-07-22 13:00:00,1329.0,32.2
2023-07-22 14:00:00,1351.0,28.4
2023-07-22 15:00:00,1443.0,27.5
2023-07-22 16:00:00,1485.0,29.5
2023-07-22 17:00:00,1492.0,29.1
2023-07-22 18:00:00,1329.0,30.8
2023-07-22 19:00:00,1288.0,31.0
2023-07-22 20:00:00,1370.0,29.1
2023-07-22 21:00:00,1473.0,28.2
2023-07-22 22:00:00,1402.0,27.3
2023-07-22 23:00:00,1275.0,26.8
2023-07-23 00:00:00,1346.0,26.7
2023-07-23 01:00:00,1220.0,25.9
2023-07-23 02:00:00,1233.0,25.8
2023-07-23 03:00:00,1157.0,25.4
2023-07-23 04:00:00,1102.0,25.1
2023-07-23 05:00:00,1099.0,25.2
2023-07-23 06:00:00,1092.0,27.0
2023-07-23 07:00:00,1114.0,27.5
2023-07-23 08:00:00,1214.0,28.0
2023-07-23 09:00:00,1309.0,28.6
2023-07-23 10:00:00,1297.0,29.0
2023-07-23 11:00:00,1271.0,31.0
2023-07-23 12:00:00,1336.0,30.9
2023-07-23 13:00:00,1211.0,32.3
2023-07-23 14:00:00,1483.0,33.4
2023-07-23 15:00:00,1470.0,34.8
2023-07-23 16:00:00,1467.0,31.3
2023-07-23 17:00:00,1446.0,28.5
2023-07-23 18:00:00,1296.0,28.2
2023-07-23 19:00:00,1322.0,29.3
2023-07-23 20:00:00,1413.0,27.4
2023-07-23 21:00:00,1445.0,27.1
2023-07-23 22:00:00,1386.0,26.6
2023-07-23 23:00:00,1281.0,25.9
2023-07-24 00:00:00,1361.0,25.8
2023-07-24 01:00:00,1280.0,25.0
2023-07-24 02:00:00,1210.0,24.5
2023-07-24 03:00:00,1127.0,24.3
2023-07-24 04:00:00,1102.0,24.6
2023-07-24 05:00:00,1137.0,24.1
2023-07-24 06:00:00,1150.0,24.3
2023-07-24 07:00:00,1187.0,25.3
2023-07-24 08:00:00,1216.0,28.2
2023-07-24 09:00:00,1358.0,30.4
2023-07-24 10:00:00,1397.0,32.2
2023-07-24 11:00:00,1420.0,32.8
2023-07-24 12:00:00,1380.0,34.0
2023-07-24 13:00:00,1436.0,35.1
2023-07-24 14:00:00,1554.0,35.8
2023-07-24 15:00:00,1604.0,36.0
2023-07-24 16:00:00,1671.0,36.0
2023-07-24 17:00:00,1587.0,34.7
2023-07-24 18:00:00,1403.0,33.8
2023-07-24 19:00:00,1417.0,31.5
2023-07-24 20:00:00,1488.0,30.0
2023-07-24 21:00:00,1561.0,29.5
2023-07-24 22:00:00,1518.0,28.6
2023-07-24 23:00:00,1402.0,27.8
2023-07-25 00:00:00,1499.0,27.4
2023-07-25 01:00:00,1347.0,26.8
2023-07-25 02:00:00,1326.0,26.4
2023-07-25 03:00:00,1307.0,26.3
2023-07-25 04:00:00,1214.0,25.6
2023-07-25 05:00:00,1138.0,25.8
2023-07-25 06:00:00,1170.0,25.6
2023-07-25 07:00:00,1205.0,25.6
2023-07-25 08:00:00,1237.0,27.2
2023-07-25 09:00:00,1393.0,27.9
2023-07-25 10:00:00,1386.0,29.7
2023-07-25 11:00:00,1349.0,30.4
2023-07-25 12:00:00,1396.0,31.2
2023-07-25 13:00:00,1325.0,31.5
2023-07-25 14:00:00,1388.0,32.4
2023-07-25 15:00:00,1482.0,32.4
2023-07-25 16:00:00,1516.0,31.9
2023-07-25 17:00:00,1518.0,30.7
2023-07-25 18:00:00,1324.0,28.8
2023-07-25 19:00:00,1325.0,28.1
2023-07-25 20:00:00,1416.0,27.4
2023-07-25 21:00:00,1450.0,26.8
2023-07-25 22:00:00,1342.0,26.0
2023-07-25 23:00:00,1243.0,25.6
2023-07-26 00:00:00,1328.0,25.6
2023-07-26 01:00:00,1254.0,25.7
2023-07-26 02:00:00,1184.0,25.7
2023-07-26 03:00:00,1170.0,25.5
2023-07-26 04:00:00,1092.0,25.4
2023-07-26 05:00:00,1100.0,25.3
2023-07-26 06:00:00,1103.0,25.1
2023-07-26 07:00:00,1144.0,25.2
2023-07-26 08:00:00,1163.0,25.8
2023-07-26 09:00:00,1314.0,27.1
2023-07-26 10:00:00,1368.0,28.6
2023-07-26 11:00:00,1397.0,29.7
2023-07-26 12:00:00,1281.0,29.3
2023-07-26 13:00:00,1321.0,30.3
2023-07-26 14:00:00,1366.0,29.4
2023-07-26 15:00:00,1434.0,29.5
2023-07-26 16:00:00,1523.0,30.1
2023-07-26 17:00:00,1435.0,29.7
2023-07-26 18:00:00,1281.0,28.8
2023-07-26 19:00:00,1228.0,27.8
2023-07-26 20:00:00,1350.0,26.6
2023-07-26 21:00:00,1349.0,25.9
2023-07-26 22:00:00,1266.0,25.4
2023-07-26 23:00:00,1150.0,24.9
2023-07-27 00:00:00,1289.0,24.4
2023-07-27 01:00:00,1192.0,24.3
2023-07-27 02:00:00,1170.0,24.5
2023-07-27 03:00:00,1113.0,24.7
2023-07-27 04:00:00,1060.0,24.7
2023-07-27 05:00:00,1060.0,24.7
2023-07-27 06:00:00,1116.0,24.7
2023-07-27 07:00:00,1190.0,24.9
2023-07-27 08:00:00,1180.0,25.8
2023-07-27 09:00:00,1304.0,26.7
2023-07-27 10:00:00,1369.0,27.9
2023-07-27 11:00:00,1305.0,29.9
2023-07-27 12:00:00,1291.0,30.9
2023-07-27 13:00:00,1380.0,32.9
2023-07-27 14:00:00,1382.0,33.6
2023-07-27 15:00:00,1528.0,34.2
2023-07-27 16:00:00,1626.0,34.7
2023-07-27 17:00:00,1545.0,34.0
2023-07-27 18:00:00,1368.0,31.7
2023-07-27 19:00:00,1346.0,30.4
2023-07-27 20:00:00,1410.0,29.3
2023-07-27 21:00:00,1495.0,28.6
2023-07-27 22:00:00,1445.0,27.1
2023-07-27 23:00:00,1310.0,27.3
2023-07-28 00:00:00,1363.0,26.3
2023-07-28 01:00:00,1328.0,26.0
2023-07-28 02:00:00,1243.0,25.4
2023-07-28 03:00:00,1193.0,25.1
2023-07-28 04:00:00,1148.0,24.7
2023-07-28 05:00:00,1078.0,24.7
2023-07-28 06:00:00,1133.0,24.6
2023-07-28 07:00:00,1208.0,25.1
2023-07-28 08:00:00,1179.0,27.3
2023-07-28 09:00:00,1295.0,29.3
2023-07-28 10:00:00,1420.0,29.7
2023-07-28 11:00:00,1335.0,31.6
2023-07-28 12:00:00,1321.0,32.2
2023-07-28 13:00:00,1366.0,33.5
2023-07-28 14:00:00,1460.0,34.1
2023-07-28 15:00:00,1515.0,34.3
2023-07-28 16:00:00,1572.0,34.6
2023-07-28 17:00:00,1586.0,30.4
2023-07-28 18:00:00,1360.0,32.5
2023-07-28 19:00:00,1320.0,30.6
2023-07-28 20:00:00,1423.0,28.9
2023-07-28 21:00:00,1479.0,27.8
2023-07-28 22:00:00,1408.0,27.3
2023-07-28 23:00:00,1291.0,26.4
2023-07-29 00:00:00,1409.0,26.0
2023-07-29 01:00:00,1305.0,25.3
2023-07-29 02:00:00,1217.0,25.3
2023-07-29 03:00:00,1180.0,24.7
2023-07-29 04:00:00,1114.0,24.5
2023-07-29 05:00:00,1094.0,24.4
2023-07-29 06:00:00,1106.0,24.3
2023-07-29 07:00:00,1157.0,25.5
2023-07-29 08:00:00,1164.0,26.8
2023-07-29 09:00:00,1298.0,27.7
2023-07-29 10:00:00,1369.0,30.0
2023-07-29 11:00:00,1259.0,31.7
2023-07-29 12:00:00,1323.0,32.9
2023-07-29 13:00:00,1360.0,34.8
2023-07-29 14:00:00,1454.0,34.4
2023-07-29 15:00:00,1482.0,35.5
2023-07-29 16:00:00,1543.0,35.1
2023-07-29 17:00:00,1562.0,35.4
2023-07-29 18:00:00,1390.0,35.4
2023-07-29 19:00:00,1334.0,33.6
2023-07-29 20:00:00,1473.0,30.5
2023-07-29 21:00:00,1566.0,29.0
2023-07-29 22:00:00,1477.0,28.1
2023-07-29 23:00:00,1397.0,27.1
2023-07-30 00:00:00,1468.0,26.6
2023-07-30 01:00:00,1391.0,26.6
2023-07-30 02:00:00,1294.0,27.4
2023-07-30 03:00:00,1211.0,27.9
2023-07-30 04:00:00,1169.0,27.5
2023-07-30 05:00:00,1170.0,26.3
2023-07-30 06:00:00,1172.0,25.8
2023-07-30 07:00:00,1222.0,26.5
2023-07-30 08:00:00,1247.0,27.2
2023-07-30 09:00:00,1261.0,29.1
2023-07-30 10:00:00,1362.0,30.8
2023-07-30 11:00:00,1291.0,31.9
2023-07-30 12:00:00,1374.0,32.9
2023-07-30 13:00:00,1378.0,34.6
2023-07-30 14:00:00,1495.0,34.9
2023-07-30 15:00:00,1523.0,33.3
2023-07-30 16:00:00,1540.0,29.9
2023-07-30 17:00:00,1453.0,27.5
2023-07-30 18:00:00,1232.0,26.2
2023-07-30 19:00:00,1208.0,25.9
2023-07-30 20:00:00,1369.0,25.9
2023-07-30 21:00:00,1403.0,25.9
2023-07-30 22:00:00,1292.0,25.8
2023-07-30 23:00:00,1195.0,25.7
2023-07-31 00:00:00,1275.0,25.3
2023-07-31 01:00:00,1210.0,25.0
2023-07-31 02:00:00,1170.0,25.9
2023-07-31 03:00:00,1104.0,25.6
2023-07-31 04:00:00,1076.0,25.2
2023-07-31 05:00:00,1079.0,24.8
2023-07-31 06:00:00,1108.0,24.9
2023-07-31 07:00:00,1130.0,25.2
2023-07-31 08:00:00,1179.0,27.2
2023-07-31 09:00:00,1314.0,29.3
2023-07-31 10:00:00,1386.0,30.3
2023-07-31 11:00:00,1276.0,31.5
2023-07-31 12:00:00,1312.0,32.0
2023-07-31 13:00:00,1370.0,32.9
2023-07-31 14:00:00,1463.0,33.8
2023-07-31 15:00:00,1525.0,33.8
2023-07-31 16:00:00,1577.0,34.3
2023-07-31 17:00:00,1532.0,33.2
2023-07-31 18:00:00,1312.0,30.7
2023-07-31 19:00:00,1311.0,29.7
2023-07-31 20:00:00,1387.0,27.9
2023-07-31 21:00:00,1473.0,27.1
2023-07-31 22:00:00,1390.0,26.9
2023-07-31 23:00:00,1289.0,27.5
2023-08-01 00:00:00,1361.0,26.3
2023-08-01 01:00:00,1257.0,26.6
2023-08-01 02:00:00,1206.0,25.9
2023-08-01 03:00:00,1159.0,25.6
2023-08-01 04:00:00,1143.0,25.1
2023-08-01 05:00:00,1101.0,25.3
2023-08-01 06:00:00,1064.0,24.5
2023-08-01 07:00:00,1140.0,25.1
2023-08-01 08:00:00,1158.0,27.5
2023-08-01 09:00:00,1317.0,29.0
2023-08-01 10:00:00,1344.0,30.5
2023-08-01 11:00:00,1318.0,31.9
2023-08-01 12:00:00,1387.0,32.6
2023-08-01 13:00:00,1316.0,33.3
2023-08-01 14:00:00,1446.0,33.9
2023-08-01 15:00:00,1557.0,34.4
2023-08-01 16:00:00,1655.0,34.5
2023-08-01 17:00:00,1524.0,35.0
2023-08-01 18:00:00,1303.0,33.3
2023-08-01 19:00:00,1361.0,27.1
2023-08-01 20:00:00,1380.0,25.1
2023-08-01 21:00:00,1423.0,25.3
2023-08-01 22:00:00,1360.0,25.2
2023-08-01 23:00:00,1193.0,25.3
2023-08-02 00:00:00,1258.0,25.4
2023-08-02 01:00:00,1206.0,25.1
2023-08-02 02:00:00,1138.0,24.8
2023-08-02 03:00:00,1143.0,24.9
2023-08-02 04:00:00,1119.0,25.0
2023-08-02 05:00:00,1105.0,24.9
2023-08-02 06:00:00,1060.0,24.9
2023-08-02 07:00:00,1142.0,25.1
2023-08-02 08:00:00,1144.0,25.7
2023-08-02 09:00:00,1308.0,26.4
2023-08-02 10:00:00,1329.0,26.4
2023-08-02 11:00:00,1299.0,26.3
2023-08-02 12:00:00,1196.0,25.8
2023-08-02 13:00:00,1172.0,26.3
2023-08-02 14:00:00,1236.0,27.1
2023-08-02 15:00:00,1295.0,27.4
2023-08-02 16:00:00,1375.0,28.4
2023-08-02 17:00:00,1367.0,26.2
2023-08-02 18:00:00,1201.0,26.9
2023-08-02 19:00:00,1223.0,26.6
2023-08-02 20:00:00,1336.0,26.0
2023-08-02 21:00:00,1345.0,25.6
2023-08-02 22:00:00,1276.0,25.4
2023-08-02 23:00:00,1141.0,25.3
2023-08-03 00:00:00,1238.0,25.2
2023-08-03 01:00:00,1160.0,25.1
2023-08-03 02:00:00,1090.0,24.7
2023-08-03 03:00:00,1030.0,24.5
2023-08-03 04:00:00,993.0,24.4
2023-08-03 05:00:00,1030.0,24.4
2023-08-03 06:00:00,1037.0,24.5
2023-08-03 07:00:00,1147.0,24.8
2023-08-03 08:00:00,1141.0,26.3
2023-08-03 09:00:00,1253.0,27.0
2023-08-03 10:00:00,1344.0,30.3
2023-08-03 11:00:00,1335.0,31.1
2023-08-03 12:00:00,1328.0,31.8
2023-08-03 13:00:00,1383.0,34.0
2023-08-03 14:00:00,1399.0,34.6
2023-08-03 15:00:00,1457.0,34.7
2023-08-03 16:00:00,1543.0,35.0
2023-08-03 17:00:00,1485.0,32.6
2023-08-03 18:00:00,1369.0,31.3
2023-08-03 19:00:00,1299.0,31.2
2023-08-03 20:00:00,1426.0,29.4
2023-08-03 21:00:00,1477.0,28.6
2023-08-03 22:00:00,1372.0,27.4
2023-08-03 23:00:00,1295.0,26.7
2023-08-04 00:00:00,1336.0,26.4
2023-08-04 01:00:00,1243.0,26.0
2023-08-04 02:00:00,1162.0,25.7
2023-08-04 03:00:00,1179.0,25.5
2023-08-04 04:00:00,1084.0,25.3
2023-08-04 05:00:00,1098.0,25.1
2023-08-04 06:00:00,1096.0,24.8
2023-08-04 07:00:00,1169.0,25.2
2023-08-04 08:00:00,1181.0,27.8
2023-08-04 09:00:00,1328.0,29.4
2023-08-04 10:00:00,1326.0,31.8
2023-08-04 11:00:00,1346.0,33.0
2023-08-04 12:00:00,1469.0,34.6
2023-08-04 13:00:00,1438.0,36.1
2023-08-04 14:00:00,1628.0,36.2
2023-08-04 15:00:00,1560.0,37.0
2023-08-04 16:00:00,1660.0,35.9
2023-08-04 17:00:00,1626.0,30.8
2023-08-04 18:00:00,1453.0,32.4
2023-08-04 19:00:00,1448.0,32.2
2023-08-04 20:00:00,1505.0,29.7
2023-08-04 21:00:00,1670.0,28.2
2023-08-04 22:00:00,1585.0,27.6
2023-08-04 23:00:00,1476.0,27.6
2023-08-05 00:00:00,1465.0,27.2
2023-08-05 01:00:00,1369.0,26.6
2023-08-05 02:00:00,1278.0,26.5
2023-08-05 03:00:00,1231.0,26.2
2023-08-05 04:00:00,1179.0,26.0
2023-08-05 05:00:00,1135.0,25.9
2023-08-05 06:00:00,1110.0,25.7
2023-08-05 07:00:00,1179.0,26.0
2023-08-05 08:00:00,1169.0,28.5
2023-08-05 09:00:00,1318.0,31.0
2023-08-05 10:00:00,1425.0,32.1
2023-08-05 11:00:00,1360.0,33.1
2023-08-05 12:00:00,1481.0,34.3
2023-08-05 13:00:00,1420.0,36.2
2023-08-05 14:00:00,1662.0,37.0
2023-08-05 15:00:00,1608.0,37.3
2023-08-05 16:00:00,1650.0,35.1
2023-08-05 17:00:00,1634.0,36.0
2023-08-05 18:00:00,1481.0,34.5
2023-08-05 19:00:00,1444.0,32.9
2023-08-05 20:00:00,1589.0,31.5
2023-08-05 21:00:00,1671.0,30.3
2023-08-05 22:00:00,1588.0,29.6
2023-08-05 23:00:00,1444.0,29.2
2023-08-06 00:00:00,1538.0,28.2
2023-08-06 01:00:00,1436.0,27.9
2023-08-06 02:00:00,1369.0,27.9
2023-08-06 03:00:00,1315.0,27.7
2023-08-06 04:00:00,1279.0,27.2
2023-08-06 05:00:00,1225.0,26.7
2023-08-06 06:00:00,1184.0,26.3
2023-08-06 07:00:00,1205.0,27.0
2023-08-06 08:00:00,1220.0,29.3
2023-08-06 09:00:00,1396.0,30.7
2023-08-06 10:00:00,1407.0,31.8
2023-08-06 11:00:00,1439.0,32.7
2023-08-06 12:00:00,1404.0,34.4
2023-08-06 13:00:00,1459.0,36.0
2023-08-06 14:00:00,1659.0,35.4
2023-08-06 15:00:00,1665.0,36.0
2023-08-06 16:00:00,1712.0,28.0
2023-08-06 17:00:00,1633.0,27.6
2023-08-06 18:00:00,1457.0,27.9
2023-08-06 19:00:00,1374.0,27.7
2023-08-06 20:00:00,1532.0,27.4
2023-08-06 21:00:00,1626.0,27.2
2023-08-06 22:00:00,1498.0,27.1
2023-08-06 23:00:00,1416.0,26.7
2023-08-07 00:00:00,1444.0,26.5
2023-08-07 01:00:00,1370.0,26.1
2023-08-07 02:00:00,1381.0,25.7
2023-08-07 03:00:00,1303.0,25.8
2023-08-07 04:00:00,1233.0,25.7
2023-08-07 05:00:00,1259.0,25.4
2023-08-07 06:00:00,1214.0,25.2
2023-08-07 07:00:00,1251.0,25.2
2023-08-07 08:00:00,1287.0,26.6
2023-08-07 09:00:00,1412.0,29.2
2023-08-07 10:00:00,1467.0,29.4
2023-08-07 11:00:00,1445.0,31.2
2023-08-07 12:00:00,1425.0,30.2
2023-08-07 13:00:00,1526.0,30.1
2023-08-07 14:00:00,1530.0,28.0
2023-08-07 15:00:00,1538.0,27.4
2023-08-07 16:00:00,1643.0,27.7
2023-08-07 17:00:00,1544.0,28.0
2023-08-07 18:00:00,1366.0,27.8
2023-08-07 19:00:00,1416.0,27.3
2023-08-07 20:00:00,1468.0,26.6
2023-08-07 21:00:00,1542.0,26.2
2023-08-07 22:00:00,1437.0,26.1
2023-08-07 23:00:00,1352.0,26.0
2023-08-08 00:00:00,1420.0,26.0
2023-08-08 01:00:00,1330.0,26.2
2023-08-08 02:00:00,1280.0,26.3
2023-08-08 03:00:00,1227.0,25.8
2023-08-08 04:00:00,1197.0,25.9
2023-08-08 05:00:00,1155.0,25.7
2023-08-08 06:00:00,1223.0,25.7
2023-08-08 07:00:00,1237.0,25.7
2023-08-08 08:00:00,1269.0,27.0
2023-08-08 09:00:00,1369.0,28.4
2023-08-08 10:00:00,1456.0,29.8
2023-08-08 11:00:00,1458.0,30.4
2023-08-08 12:00:00,1401.0,30.4
2023-08-08 13:00:00,1377.0,28.5
2023-08-08 14:00:00,1414.0,27.1
2023-08-08 15:00:00,1541.0,28.9
2023-08-08 16:00:00,1606.0,31.7
2023-08-08 17:00:00,1533.0,29.3
2023-08-08 18:00:00,1392.0,28.6
2023-08-08 19:00:00,1380.0,28.2
2023-08-08 20:00:00,1491.0,27.4
2023-08-08 21:00:00,1543.0,26.8
2023-08-08 22:00:00,1463.0,26.3
2023-08-08 23:00:00,1321.0,26.1
2023-08-09 00:00:00,1419.0,25.6
2023-08-09 01:00:00,1349.0,25.5
2023-08-09 02:00:00,1308.0,25.3
2023-08-09 03:00:00,1255.0,25.0
2023-08-09 04:00:00,1182.0,24.8
2023-08-09 05:00:00,1176.0,24.8
2023-08-09 06:00:00,1151.0,24.7
2023-08-09 07:00:00,1261.0,25.0
2023-08-09 08:00:00,1253.0,26.4
2023-08-09 09:00:00,1416.0,28.8
2023-08-09 10:00:00,1485.0,30.4
2023-08-09 11:00:00,1420.0,31.4
2023-08-09 12:00:00,1435.0,33.4
2023-08-09 13:00:00,1436.0,28.6
2023-08-09 14:00:00,1459.0,31.5
2023-08-09 15:00:00,1567.0,32.7
2023-08-09 16:00:00,1619.0,33.5
2023-08-09 17:00:00,1676.0,33.8
2023-08-09 18:00:00,1438.0,33.4
2023-08-09 19:00:00,1395.0,26.5
2023-08-09 20:00:00,1495.0,25.0
2023-08-09 21:00:00,1515.0,24.9
2023-08-09 22:00:00,1491.0,24.9
2023-08-09 23:00:00,1284.0,24.7
2023-08-10 00:00:00,1375.0,24.5
2023-08-10 01:00:00,1297.0,24.4
2023-08-10 02:00:00,1236.0,24.2
2023-08-10 03:00:00,1217.0,24.0
2023-08-10 04:00:00,1167.0,23.8
2023-08-10 05:00:00,1127.0,23.8
2023-08-10 06:00:00,1097.0,23.5
2023-08-10 07:00:00,1168.0,23.7
2023-08-10 08:00:00,1254.0,25.2
2023-08-10 09:00:00,1380.0,28.0
2023-08-10 10:00:00,1467.0,28.4
2023-08-10 11:00:00,1357.0,30.1
2023-08-10 12:00:00,1382.0,32.0
2023-08-10 13:00:00,1385.0,32.6
2023-08-10 14:00:00,1508.0,33.7
2023-08-10 15:00:00,1598.0,34.1
2023-08-10 16:00:00,1645.0,34.0
2023-08-10 17:00:00,1661.0,34.0
2023-08-10 18:00:00,1465.0,33.2
2023-08-10 19:00:00,1479.0,31.8
2023-08-10 20:00:00,1548.0,30.1
2023-08-10 21:00:00,1633.0,28.4
2023-08-10 22:00:00,1550.0,27.8
2023-08-10 23:00:00,1380.0,26.4
2023-08-11 00:00:00,1424.0,25.9
2023-08-11 01:00:00,1341.0,25.6
2023-08-11 02:00:00,1303.0,25.2
2023-08-11 03:00:00,1259.0,25.1
2023-08-11 04:00:00,1192.0,24.9
2023-08-11 05:00:00,1179.0,24.6
2023-08-11 06:00:00,1167.0,24.2
2023-08-11 07:00:00,1262.0,24.3
2023-08-11 08:00:00,1259.0,26.8
2023-08-11 09:00:00,1392.0,28.1
2023-08-11 10:00:00,1434.0,30.6
2023-08-11 11:00:00,1476.0,31.0
2023-08-11 12:00:00,1433.0,32.6
2023-08-11 13:00:00,1504.0,33.3
2023-08-11 14:00:00,1606.0,34.1
2023-08-11 15:00:00,1647.0,34.6
2023-08-11 16:00:00,1695.0,33.5
2023-08-11 17:00:00,1683.0,33.6
2023-08-11 18:00:00,1494.0,33.1
2023-08-11 19:00:00,1423.0,32.3
2023-08-11 20:00:00,1569.0,28.8
2023-08-11 21:00:00,1632.0,27.1
2023-08-11 22:00:00,1522.0,26.1
2023-08-11 23:00:00,1413.0,25.6
2023-08-12 00:00:00,1468.0,25.4
2023-08-12 01:00:00,1378.0,25.5
2023-08-12 02:00:00,1300.0,24.9
2023-08-12 03:00:00,1278.0,24.7
2023-08-12 04:00:00,1238.0,23.8
2023-08-12 05:00:00,1173.0,23.7
2023-08-12 06:00:00,1191.0,23.2
2023-08-12 07:00:00,1227.0,23.8
2023-08-12 08:00:00,1224.0,25.9
2023-08-12 09:00:00,1330.0,28.3
2023-08-12 10:00:00,1444.0,30.6
2023-08-12 11:00:00,1432.0,32.6
2023-08-12 12:00:00,1416.0,33.5
2023-08-12 13:00:00,1467.0,34.3
2023-08-12 14:00:00,1577.0,35.2
2023-08-12 15:00:00,1599.0,36.3
2023-08-12 16:00:00,1592.0,36.4
2023-08-12 17:00:00,1742.0,36.7
2023-08-12 18:00:00,1539.0,35.8
2023-08-12 19:00:00,1529.0,33.5
2023-08-12 20:00:00,1596.0,29.6
2023-08-12 21:00:00,1644.0,27.9
2023-08-12 22:00:00,1544.0,26.9
2023-08-12 23:00:00,1404.0,26.0
2023-08-13 00:00:00,1541.0,26.1
2023-08-13 01:00:00,1386.0,25.0
2023-08-13 02:00:00,1352.0,25.1
2023-08-13 03:00:00,1275.0,24.4
2023-08-13 04:00:00,1270.0,24.5
2023-08-13 05:00:00,1227.0,24.4
2023-08-13 06:00:00,1186.0,24.0
2023-08-13 07:00:00,1291.0,24.4
2023-08-13 08:00:00,1293.0,26.6
2023-08-13 09:00:00,1289.0,28.5
2023-08-13 10:00:00,1400.0,27.6
2023-08-13 11:00:00,1402.0,27.4
2023-08-13 12:00:00,1341.0,28.1
2023-08-13 13:00:00,1395.0,30.3
2023-08-13 14:00:00,1417.0,28.9
2023-08-13 15:00:00,1536.0,28.7
2023-08-13 16:00:00,1603.0,29.7
2023-08-13 17:00:00,1531.0,29.6
2023-08-13 18:00:00,1376.0,29.1
2023-08-13 19:00:00,1326.0,28.4
2023-08-13 20:00:00,1518.0,27.8
2023-08-13 21:00:00,1514.0,27.7
2023-08-13 22:00:00,1377.0,26.7
2023-08-13 23:00:00,1284.0,25.6
2023-08-14 00:00:00,1340.0,25.3
2023-08-14 01:00:00,1289.0,24.0
2023-08-14 02:00:00,1209.0,23.8
2023-08-14 03:00:00,1131.0,23.7
2023-08-14 04:00:00,1104.0,23.7
2023-08-14 05:00:00,1003.0,23.7
2023-08-14 06:00:00,1124.0,23.6
2023-08-14 07:00:00,1173.0,23.5
2023-08-14 08:00:00,1191.0,23.7
2023-08-14 09:00:00,1326.0,24.4
2023-08-14 10:00:00,1373.0,26.1
2023-08-14 11:00:00,1345.0,27.5
2023-08-14 12:00:00,1324.0,28.6
2023-08-14 13:00:00,1313.0,29.7
2023-08-14 14:00:00,1463.0,30.1
2023-08-14 15:00:00,1460.0,30.2
2023-08-14 16:00:00,1551.0,29.7
2023-08-14 17:00:00,1587.0,31.1
2023-08-14 18:00:00,1383.0,30.9
2023-08-14 19:00:00,1382.0,29.5
2023-08-14 20:00:00,1517.0,27.8
2023-08-14 21:00:00,1498.0,26.4
2023-08-14 22:00:00,1372.0,25.8
2023-08-14 23:00:00,1269.0,25.2
2023-08-15 00:00:00,1353.0,24.8
2023-08-15 01:00:00,1257.0,24.7
2023-08-15 02:00:00,1209.0,24.6
2023-08-15 03:00:00,1176.0,24.4
2023-08-15 04:00:00,1150.0,24.3
2023-08-15 05:00:00,1140.0,24.3
2023-08-15 06:00:00,1130.0,24.2
2023-08-15 07:00:00,1183.0,24.4
2023-08-15 08:00:00,1215.0,26.0
2023-08-15 09:00:00,1359.0,28.2
2023-08-15 10:00:00,1461.0,30.3
2023-08-15 11:00:00,1436.0,31.5
2023-08-15 12:00:00,1422.0,30.9
2023-08-15 13:00:00,1406.0,33.2
2023-08-15 14:00:00,1468.0,29.9
2023-08-15 15:00:00,1450.0,30.7
2023-08-15 16:00:00,1545.0,30.6
2023-08-15 17:00:00,1551.0,30.5
2023-08-15 18:00:00,1416.0,29.1
2023-08-15 19:00:00,1388.0,28.6
2023-08-15 20:00:00,1478.0,28.0
2023-08-15 21:00:00,1546.0,27.3
2023-08-15 22:00:00,1470.0,26.4
2023-08-15 23:00:00,1307.0,25.8
2023-08-16 00:00:00,1363.0,25.1
2023-08-16 01:00:00,1278.0,25.3
2023-08-16 02:00:00,1218.0,25.0
2023-08-16 03:00:00,1213.0,24.7
2023-08-16 04:00:00,1114.0,24.7
2023-08-16 05:00:00,1151.0,24.8
2023-08-16 06:00:00,1140.0,24.7
2023-08-16 07:00:00,1194.0,24.8
2023-08-16 08:00:00,1249.0,25.8
2023-08-16 09:00:00,1425.0,27.2
2023-08-16 10:00:00,1466.0,28.9
2023-08-16 11:00:00,1389.0,30.2
2023-08-16 12:00:00,1454.0,31.5
2023-08-16 13:00:00,1515.0,32.7
2023-08-16 14:00:00,1508.0,32.4
2023-08-16 15:00:00,1618.0,34.3
2023-08-16 16:00:00,1687.0,34.5
2023-08-16 17:00:00,1660.0,35.3
2023-08-16 18:00:00,1509.0,34.0
2023-08-16 19:00:00,1428.0,32.3
2023-08-16 20:00:00,1614.0,30.0
2023-08-16 21:00:00,1620.0,28.7
2023-08-16 22:00:00,1557.0,27.7
2023-08-16 23:00:00,1392.0,27.3
2023-08-17 00:00:00,1475.0,26.8
2023-08-17 01:00:00,1385.0,26.5
2023-08-17 02:00:00,1357.0,26.1
2023-08-17 03:00:00,1279.0,25.6
2023-08-17 04:00:00,1225.0,25.7
2023-08-17 05:00:00,1181.0,25.7
2023-08-17 06:00:00,1212.0,25.6
2023-08-17 07:00:00,1244.0,25.8
2023-08-17 08:00:00,1298.0,27.4
2023-08-17 09:00:00,1488.0,30.4
2023-08-17 10:00:00,1545.0,31.0
2023-08-17 11:00:00,1568.0,32.2
2023-08-17 12:00:00,1530.0,34.0
2023-08-17 13:00:00,1590.0,33.1
2023-08-17 14:00:00,1621.0,35.9
2023-08-17 15:00:00,1737.0,35.2
2023-08-17 16:00:00,1764.0,35.8
2023-08-17 17:00:00,1730.0,33.5
2023-08-17 18:00:00,1531.0,31.9
2023-08-17 19:00:00,1509.0,31.4
2023-08-17 20:00:00,1619.0,30.2
2023-08-17 21:00:00,1709.0,29.0
2023-08-17 22:00:00,1652.0,28.0
2023-08-17 23:00:00,1492.0,27.9
2023-08-18 00:00:00,1577.0,27.2
2023-08-18 01:00:00,1458.0,27.1
2023-08-18 02:00:00,1373.0,26.7
2023-08-18 03:00:00,1354.0,26.7
2023-08-18 04:00:00,1316.0,26.2
2023-08-18 05:00:00,1212.0,25.8
2023-08-18 06:00:00,1253.0,25.3
2023-08-18 07:00:00,1257.0,25.8
2023-08-18 08:00:00,1320.0,27.0
2023-08-18 09:00:00,1466.0,29.8
2023-08-18 10:00:00,1539.0,31.8
2023-08-18 11:00:00,1539.0,33.2
2023-08-18 12:00:00,1530.0,34.3
2023-08-18 13:00:00,1532.0,35.3
2023-08-18 14:00:00,1698.0,36.3
2023-08-18 15:00:00,1729.0,36.3
2023-08-18 16:00:00,1834.0,36.7
2023-08-18 17:00:00,1764.0,36.6
2023-08-18 18:00:00,1561.0,35.4
2023-08-18 19:00:00,1538.0,33.7
2023-08-18 20:00:00,1620.0,30.7
2023-08-18 21:00:00,1709.0,29.1
2023-08-18 22:00:00,1702.0,28.3
2023-08-18 23:00:00,1492.0,27.3
2023-08-19 00:00:00,1591.0,27.4
2023-08-19 01:00:00,1474.0,26.8
2023-08-19 02:00:00,1415.0,26.3
2023-08-19 03:00:00,1342.0,26.3
2023-08-19 04:00:00,1308.0,25.6
2023-08-19 05:00:00,1258.0,24.6
2023-08-19 06:00:00,1230.0,24.6
2023-08-19 07:00:00,1265.0,24.8
2023-08-19 08:00:00,1277.0,27.2
2023-08-19 09:00:00,1392.0,29.0
2023-08-19 10:00:00,1538.0,32.0
2023-08-19 11:00:00,1463.0,33.3
2023-08-19 12:00:00,1512.0,34.6
2023-08-19 13:00:00,1480.0,35.1
2023-08-19 14:00:00,1595.0,35.1
2023-08-19 15:00:00,1672.0,36.3
2023-08-19 16:00:00,1723.0,36.2
2023-08-19 17:00:00,1712.0,35.7
2023-08-19 18:00:00,1485.0,35.0
2023-08-19 19:00:00,1520.0,33.1
2023-08-19 20:00:00,1641.0,31.4
2023-08-19 21:00:00,1702.0,29.9
2023-08-19 22:00:00,1646.0,29.3
2023-08-19 23:00:00,1546.0,28.7
2023-08-20 00:00:00,1635.0,28.5
2023-08-20 01:00:00,1516.0,28.2
2023-08-20 02:00:00,1443.0,28.2
2023-08-20 03:00:00,1396.0,27.2
2023-08-20 04:00:00,1352.0,26.7
2023-08-20 05:00:00,1295.0,26.7
2023-08-20 06:00:00,1262.0,26.4
2023-08-20 07:00:00,1309.0,26.4
2023-08-20 08:00:00,1261.0,27.1
2023-08-20 09:00:00,1379.0,28.4
2023-08-20 10:00:00,1446.0,29.5
2023-08-20 11:00:00,1407.0,30.6
2023-08-20 12:00:00,1483.0,31.1
2023-08-20 13:00:00,1559.0,32.9
2023-08-20 14:00:00,1574.0,33.6
2023-08-20 15:00:00,1622.0,34.0
2023-08-20 16:00:00,1669.0,32.4
2023-08-20 17:00:00,1508.0,27.4
2023-08-20 18:00:00,1378.0,24.5
2023-08-20 19:00:00,1460.0,24.4
2023-08-20 20:00:00,1510.0,24.3
2023-08-20 21:00:00,1541.0,24.2
2023-08-20 22:00:00,1427.0,24.3
2023-08-20 23:00:00,1325.0,24.2
2023-08-21 00:00:00,1392.0,24.2
2023-08-21 01:00:00,1336.0,24.3
2023-08-21 02:00:00,1244.0,24.4
2023-08-21 03:00:00,1239.0,24.5
2023-08-21 04:00:00,1186.0,24.5
2023-08-21 05:00:00,1160.0,24.6
2023-08-21 06:00:00,1157.0,24.6
2023-08-21 07:00:00,1211.0,24.7
2023-08-21 08:00:00,1276.0,25.5
2023-08-21 09:00:00,1418.0,26.9
2023-08-21 10:00:00,1426.0,28.6
2023-08-21 11:00:00,1379.0,28.6
2023-08-21 12:00:00,1382.0,30.3
2023-08-21 13:00:00,1428.0,30.1
2023-08-21 14:00:00,1411.0,31.2
2023-08-21 15:00:00,1489.0,31.0
2023-08-21 16:00:00,1455.0,24.3
2023-08-21 17:00:00,1474.0,24.5
2023-08-21 18:00:00,1286.0,24.4
2023-08-21 19:00:00,1232.0,24.7
2023-08-21 20:00:00,1301.0,24.5
2023-08-21 21:00:00,1318.0,24.7
2023-08-21 22:00:00,1247.0,24.7
2023-08-21 23:00:00,1171.0,24.5
2023-08-22 00:00:00,1265.0,24.2
2023-08-22 01:00:00,1160.0,24.0
2023-08-22 02:00:00,1140.0,24.0
2023-08-22 03:00:00,1087.0,23.7
2023-08-22 04:00:00,1041.0,23.9
2023-08-22 05:00:00,1095.0,23.9
2023-08-22 06:00:00,1052.0,24.0
2023-08-22 07:00:00,1160.0,24.0
2023-08-22 08:00:00,1229.0,24.5
2023-08-22 09:00:00,1329.0,25.1
2023-08-22 10:00:00,1358.0,26.5
2023-08-22 11:00:00,1342.0,28.4
2023-08-22 12:00:00,1367.0,30.0
2023-08-22 13:00:00,1360.0,31.2
2023-08-22 14:00:00,1388.0,33.0
2023-08-22 15:00:00,1545.0,33.6
2023-08-22 16:00:00,1591.0,34.4
2023-08-22 17:00:00,1622.0,34.1
2023-08-22 18:00:00,1384.0,33.2
2023-08-22 19:00:00,1385.0,30.9
2023-08-22 20:00:00,1561.0,29.4
2023-08-22 21:00:00,1519.0,28.7
2023-08-22 22:00:00,1433.0,28.3
2023-08-22 23:00:00,1319.0,27.6
2023-08-23 00:00:00,1403.0,26.8
2023-08-23 01:00:00,1282.0,26.6
2023-08-23 02:00:00,1244.0,25.7
2023-08-23 03:00:00,1184.0,25.0
2023-08-23 04:00:00,1164.0,24.9
2023-08-23 05:00:00,1149.0,24.5
2023-08-23 06:00:00,1110.0,24.4
2023-08-23 07:00:00,1254.0,24.4
2023-08-23 08:00:00,1226.0,26.8
2023-08-23 09:00:00,1406.0,28.9
2023-08-23 10:00:00,1431.0,30.6
2023-08-23 11:00:00,1438.0,31.2
2023-08-23 12:00:00,1430.0,32.6
2023-08-23 13:00:00,1435.0,33.5
2023-08-23 14:00:00,1530.0,34.1
2023-08-23 15:00:00,1596.0,33.8
2023-08-23 16:00:00,1565.0,34.4
2023-08-23 17:00:00,1594.0,27.5
2023-08-23 18:00:00,1363.0,25.2
2023-08-23 19:00:00,1258.0,26.1
2023-08-23 20:00:00,1418.0,24.8
2023-08-23 21:00:00,1388.0,24.5
2023-08-23 22:00:00,1336.0,25.8
2023-08-23 23:00:00,1239.0,25.5
2023-08-24 00:00:00,1307.0,25.1
2023-08-24 01:00:00,1250.0,24.9
2023-08-24 02:00:00,1160.0,24.2
2023-08-24 03:00:00,1145.0,23.4
2023-08-24 04:00:00,1079.0,23.3
2023-08-24 05:00:00,1144.0,23.1
2023-08-24 06:00:00,1106.0,23.0
2023-08-24 07:00:00,1191.0,23.1
2023-08-24 08:00:00,1197.0,24.3
2023-08-24 09:00:00,1275.0,25.4
2023-08-24 10:00:00,1366.0,26.6
2023-08-24 11:00:00,1296.0,28.0
2023-08-24 12:00:00,1293.0,28.1
2023-08-24 13:00:00,1344.0,27.9
2023-08-24 14:00:00,1392.0,28.4
2023-08-24 15:00:00,1411.0,29.4
2023-08-24 16:00:00,1443.0,29.7
2023-08-24 17:00:00,1440.0,29.3
2023-08-24 18:00:00,1291.0,28.9
2023-08-24 19:00:00,1314.0,28.1
2023-08-24 20:00:00,1474.0,27.0
2023-08-24 21:00:00,1406.0,26.3
2023-08-24 22:00:00,1348.0,25.8
2023-08-24 23:00:00,1180.0,26.0
2023-08-25 00:00:00,1270.0,25.6
2023-08-25 01:00:00,1227.0,25.1
2023-08-25 02:00:00,1178.0,24.7
2023-08-25 03:00:00,1125.0,24.4
2023-08-25 04:00:00,1087.0,24.2
2023-08-25 05:00:00,1051.0,24.1
2023-08-25 06:00:00,1116.0,23.9
2023-08-25 07:00:00,1222.0,23.7
2023-08-25 08:00:00,1204.0,25.4
2023-08-25 09:00:00,1361.0,27.5
2023-08-25 10:00:00,1430.0,28.4
2023-08-25 11:00:00,1330.0,28.6
2023-08-25 12:00:00,1311.0,30.5
2023-08-25 13:00:00,1345.0,31.6
2023-08-25 14:00:00,1393.0,31.7
2023-08-25 15:00:00,1502.0,30.1
2023-08-25 16:00:00,1556.0,30.5
2023-08-25 17:00:00,1591.0,30.6
2023-08-25 18:00:00,1334.0,28.7
2023-08-25 19:00:00,1343.0,28.0
2023-08-25 20:00:00,1443.0,26.8
2023-08-25 21:00:00,1465.0,26.3
2023-08-25 22:00:00,1276.0,26.1
2023-08-25 23:00:00,1200.0,25.9
2023-08-26 00:00:00,1279.0,25.7
2023-08-26 01:00:00,1233.0,25.4
2023-08-26 02:00:00,1191.0,25.2
2023-08-26 03:00:00,1133.0,25.0
2023-08-26 04:00:00,1108.0,24.9
2023-08-26 05:00:00,1116.0,24.8
2023-08-26 06:00:00,1091.0,24.6
2023-08-26 07:00:00,1181.0,24.8
2023-08-26 08:00:00,1201.0,25.5
2023-08-26 09:00:00,1258.0,26.8
2023-08-26 10:00:00,1398.0,27.9
2023-08-26 11:00:00,1258.0,29.5
2023-08-26 12:00:00,1343.0,30.6
2023-08-26 13:00:00,1357.0,30.8
2023-08-26 14:00:00,1463.0,31.7
2023-08-26 15:00:00,1479.0,31.9
2023-08-26 16:00:00,1560.0,33.0
2023-08-26 17:00:00,1526.0,32.7
2023-08-26 18:00:00,1392.0,31.3
2023-08-26 19:00:00,1406.0,30.4
2023-08-26 20:00:00,1547.0,30.1
2023-08-26 21:00:00,1507.0,29.8
2023-08-26 22:00:00,1444.0,28.5
2023-08-26 23:00:00,1319.0,29.1
2023-08-27 00:00:00,1385.0,27.9
2023-08-27 01:00:00,1315.0,27.0
2023-08-27 02:00:00,1249.0,27.9
2023-08-27 03:00:00,1232.0,27.9
2023-08-27 04:00:00,1192.0,27.7
2023-08-27 05:00:00,1179.0,27.8
2023-08-27 06:00:00,1155.0,27.7
2023-08-27 07:00:00,1222.0,27.5
2023-08-27 08:00:00,1188.0,27.7
2023-08-27 09:00:00,1285.0,27.5
2023-08-27 10:00:00,1332.0,27.0
2023-08-27 11:00:00,1259.0,25.4
2023-08-27 12:00:00,1184.0,25.1
2023-08-27 13:00:00,1130.0,24.7
2023-08-27 14:00:00,1226.0,25.0
2023-08-27 15:00:00,1242.0,25.3
2023-08-27 16:00:00,1321.0,25.2
2023-08-27 17:00:00,1320.0,25.0
2023-08-27 18:00:00,1190.0,24.3
2023-08-27 19:00:00,1153.0,21.1
2023-08-27 20:00:00,1178.0,20.6
2023-08-27 21:00:00,1121.0,20.9
2023-08-27 22:00:00,1033.0,21.1
2023-08-27 23:00:00,916.0,21.0
2023-08-28 00:00:00,1030.0,20.7
2023-08-28 01:00:00,983.0,20.4
2023-08-28 02:00:00,954.0,20.4
2023-08-28 03:00:00,921.0,20.2
2023-08-28 04:00:00,920.0,20.0
2023-08-28 05:00:00,896.0,20.0
2023-08-28 06:00:00,956.0,20.0
2023-08-28 07:00:00,1093.0,20.1
2023-08-28 08:00:00,1114.0,20.2
2023-08-28 09:00:00,1164.0,20.9
2023-08-28 10:00:00,1186.0,22.1
2023-08-28 11:00:00,1091.0,23.2
2023-08-28 12:00:00,1011.0,24.1
2023-08-28 13:00:00,1024.0,24.3
2023-08-28 14:00:00,981.0,25.4
2023-08-28 15:00:00,1166.0,25.7
2023-08-28 16:00:00,1238.0,25.4
2023-08-28 17:00:00,1151.0,25.5
2023-08-28 18:00:00,1036.0,25.1
2023-08-28 19:00:00,1051.0,24.1
2023-08-28 20:00:00,1187.0,22.7
2023-08-28 21:00:00,1136.0,21.7
2023-08-28 22:00:00,1015.0,21.4
2023-08-28 23:00:00,910.0,20.7
2023-08-29 00:00:00,1001.0,20.0
2023-08-29 01:00:00,992.0,19.9
2023-08-29 02:00:00,932.0,19.5
2023-08-29 03:00:00,927.0,19.3
2023-08-29 04:00:00,892.0,19.3
2023-08-29 05:00:00,917.0,18.5
2023-08-29 06:00:00,924.0,18.6
2023-08-29 07:00:00,1055.0,19.1
2023-08-29 08:00:00,1090.0,21.1
2023-08-29 09:00:00,1141.0,24.2
2023-08-29 10:00:00,1163.0,25.3
2023-08-29 11:00:00,1107.0,25.4
2023-08-29 12:00:00,1091.0,25.1
2023-08-29 13:00:00,994.0,26.0
2023-08-29 14:00:00,1126.0,27.4
2023-08-29 15:00:00,1188.0,27.4
2023-08-29 16:00:00,1247.0,27.0
2023-08-29 17:00:00,1250.0,26.6
2023-08-29 18:00:00,1085.0,26.1
2023-08-29 19:00:00,1063.0,25.3
2023-08-29 20:00:00,1239.0,23.4
2023-08-29 21:00:00,1150.0,22.1
2023-08-29 22:00:00,1016.0,21.0
2023-08-29 23:00:00,882.0,20.1
2023-08-30 00:00:00,1016.0,19.7
2023-08-30 01:00:00,970.0,19.4
2023-08-30 02:00:00,930.0,19.3
2023-08-30 03:00:00,918.0,18.8
2023-08-30 04:00:00,918.0,18.5
2023-08-30 05:00:00,875.0,18.6
2023-08-30 06:00:00,956.0,18.1
2023-08-30 07:00:00,1062.0,18.7
2023-08-30 08:00:00,1088.0,20.5
2023-08-30 09:00:00,1155.0,22.5
2023-08-30 10:00:00,1169.0,25.9
2023-08-30 11:00:00,1078.0,27.2
2023-08-30 12:00:00,1013.0,28.0
2023-08-30 13:00:00,1032.0,28.1
2023-08-30 14:00:00,1024.0,28.5
2023-08-30 15:00:00,1172.0,29.1
2023-08-30 16:00:00,1265.0,29.1
2023-08-30 17:00:00,1246.0,29.3
2023-08-30 18:00:00,1127.0,28.0
2023-08-30 19:00:00,1142.0,26.2
2023-08-30 20:00:00,1237.0,25.3
2023-08-30 21:00:00,1181.0,23.9
2023-08-30 22:00:00,1003.0,23.3
2023-08-30 23:00:00,930.0,21.9
2023-08-31 00:00:00,1012.0,21.3
2023-08-31 01:00:00,985.0,20.0
2023-08-31 02:00:00,914.0,20.1
2023-08-31 03:00:00,905.0,19.4
2023-08-31 04:00:00,876.0,19.2
2023-08-31 05:00:00,873.0,19.0
2023-08-31 06:00:00,931.0,18.9
2023-08-31 07:00:00,1107.0,19.2
2023-08-31 08:00:00,1138.0,21.7
2023-08-31 09:00:00,1160.0,23.6
2023-08-31 10:00:00,1147.0,26.3
2023-08-31 11:00:00,1102.0,27.4
2023-08-31 12:00:00,1047.0,28.7
2023-08-31 13:00:00,1079.0,29.4
2023-08-31 14:00:00,1125.0,30.3
2023-08-31 15:00:00,1208.0,30.9
2023-08-31 16:00:00,1346.0,31.1
2023-08-31 17:00:00,1257.0,31.0
2023-08-31 18:00:00,1140.0,29.8
2023-08-31 19:00:00,1189.0,28.6
2023-08-31 20:00:00,1270.0,26.9
2023-08-31 21:00:00,1222.0,25.1
2023-08-31 22:00:00,1053.0,23.9
2023-08-31 23:00:00,949.0,24.2
2023-09-01 00:00:00,1064.0,24.8
2023-09-01 01:00:00,1020.0,24.0
2023-09-01 02:00:00,954.0,22.2
2023-09-01 03:00:00,974.0,22.2
2023-09-01 04:00:00,922.0,21.7
2023-09-01 05:00:00,989.0,21.3
2023-09-01 06:00:00,980.0,21.3
2023-09-01 07:00:00,1130.0,21.3
2023-09-01 08:00:00,1119.0,23.7
2023-09-01 09:00:00,1192.0,26.2
2023-09-01 10:00:00,1195.0,27.1
2023-09-01 11:00:00,1105.0,28.4
2023-09-01 12:00:00,1100.0,29.7
2023-09-01 13:00:00,1108.0,30.3
2023-09-01 14:00:00,1141.0,31.4
2023-09-01 15:00:00,1311.0,31.2
2023-09-01 16:00:00,1388.0,31.5
2023-09-01 17:00:00,1387.0,31.6
2023-09-01 18:00:00,1240.0,31.0
2023-09-01 19:00:00,1210.0,29.6
2023-09-01 20:00:00,1333.0,28.5
2023-09-01 21:00:00,1267.0,27.8
2023-09-01 22:00:00,1148.0,25.6
2023-09-01 23:00:00,1066.0,24.5
2023-09-02 00:00:00,1117.0,23.8
2023-09-02 01:00:00,1038.0,23.9
2023-09-02 02:00:00,997.0,22.9
2023-09-02 03:00:00,976.0,22.2
2023-09-02 04:00:00,959.0,22.3
2023-09-02 05:00:00,928.0,22.2
2023-09-02 06:00:00,955.0,21.6
2023-09-02 07:00:00,1053.0,21.4
2023-09-02 08:00:00,1090.0,24.7
2023-09-02 09:00:00,1170.0,26.3
2023-09-02 10:00:00,1192.0,27.6
2023-09-02 11:00:00,1120.0,28.7
2023-09-02 12:00:00,1082.0,29.4
2023-09-02 13:00:00,1136.0,30.5
2023-09-02 14:00:00,1207.0,31.5
2023-09-02 15:00:00,1241.0,30.7
2023-09-02 16:00:00,1361.0,29.6
2023-09-02 17:00:00,1340.0,29.8
2023-09-02 18:00:00,1187.0,28.8
2023-09-02 19:00:00,1198.0,26.9
2023-09-02 20:00:00,1313.0,26.3
2023-09-02 21:00:00,1221.0,25.7
2023-09-02 22:00:00,1134.0,25.0
2023-09-02 23:00:00,990.0,24.4
2023-09-03 00:00:00,1120.0,24.3
2023-09-03 01:00:00,1035.0,24.6
2023-09-03 02:00:00,1029.0,23.5
2023-09-03 03:00:00,962.0,22.9
2023-09-03 04:00:00,952.0,22.5
2023-09-03 05:00:00,967.0,21.9
2023-09-03 06:00:00,938.0,21.4
2023-09-03 07:00:00,1090.0,21.0
2023-09-03 08:00:00,1086.0,21.2
2023-09-03 09:00:00,1112.0,21.3
2023-09-03 10:00:00,1145.0,20.9
2023-09-03 11:00:00,1019.0,20.4
2023-09-03 12:00:00,1070.0,20.8
2023-09-03 13:00:00,974.0,20.9
2023-09-03 14:00:00,1044.0,21.5
2023-09-03 15:00:00,1162.0,22.1
2023-09-03 16:00:00,1197.0,21.9
2023-09-03 17:00:00,1192.0,21.9
2023-09-03 18:00:00,1074.0,21.8
2023-09-03 19:00:00,1130.0,21.4
2023-09-03 20:00:00,1101.0,21.3
2023-09-03 21:00:00,1087.0,21.1
2023-09-03 22:00:00,962.0,21.1
2023-09-03 23:00:00,814.0,20.9
2023-09-04 00:00:00,910.0,20.8
2023-09-04 01:00:00,937.0,20.3
2023-09-04 02:00:00,881.0,19.9
2023-09-04 03:00:00,858.0,19.9
2023-09-04 04:00:00,836.0,19.9
2023-09-04 05:00:00,882.0,20.0
2023-09-04 06:00:00,909.0,20.1
2023-09-04 07:00:00,1090.0,20.1
2023-09-04 08:00:00,1091.0,20.6
2023-09-04 09:00:00,1084.0,22.0
2023-09-04 10:00:00,1120.0,22.7
2023-09-04 11:00:00,1022.0,23.6
2023-09-04 12:00:00,952.0,25.3
2023-09-04 13:00:00,951.0,27.1
2023-09-04 14:00:00,1048.0,28.1
2023-09-04 15:00:00,1092.0,28.2
2023-09-04 16:00:00,1196.0,28.9
2023-09-04 17:00:00,1281.0,29.0
2023-09-04 18:00:00,1082.0,27.8
2023-09-04 19:00:00,1173.0,27.1
2023-09-04 20:00:00,1289.0,25.4
2023-09-04 21:00:00,1167.0,24.5
2023-09-04 22:00:00,1045.0,23.3
2023-09-04 23:00:00,899.0,22.6
2023-09-05 00:00:00,988.0,22.7
2023-09-05 01:00:00,983.0,22.1
2023-09-05 02:00:00,931.0,22.5
2023-09-05 03:00:00,908.0,22.3
2023-09-05 04:00:00,908.0,22.6
2023-09-05 05:00:00,901.0,22.6
2023-09-05 06:00:00,930.0,22.2
2023-09-05 07:00:00,1131.0,22.5
2023-09-05 08:00:00,1105.0,24.7
2023-09-05 09:00:00,1174.0,26.9
2023-09-05 10:00:00,1205.0,27.9
2023-09-05 11:00:00,1084.0,29.2
2023-09-05 12:00:00,1045.0,30.3
2023-09-05 13:00:00,1073.0,30.9
2023-09-05 14:00:00,1167.0,31.8
2023-09-05 15:00:00,1174.0,32.1
2023-09-05 16:00:00,1297.0,32.5
2023-09-05 17:00:00,1289.0,32.1
2023-09-05 18:00:00,1171.0,31.3
2023-09-05 19:00:00,1221.0,29.2
2023-09-05 20:00:00,1286.0,27.2
2023-09-05 21:00:00,1213.0,25.7
2023-09-05 22:00:00,1092.0,26.5
2023-09-05 23:00:00,987.0,26.0
2023-09-06 00:00:00,1053.0,25.5
2023-09-06 01:00:00,1027.0,24.8
2023-09-06 02:00:00,976.0,24.8
2023-09-06 03:00:00,944.0,23.2
2023-09-06 04:00:00,924.0,22.7
2023-09-06 05:00:00,912.0,22.2
2023-09-06 06:00:00,991.0,22.0
2023-09-06 07:00:00,1134.0,22.2
2023-09-06 08:00:00,1104.0,22.5
2023-09-06 09:00:00,1181.0,23.6
2023-09-06 10:00:00,1224.0,24.8
2023-09-06 11:00:00,1105.0,25.6
2023-09-06 12:00:00,1062.0,26.5
2023-09-06 13:00:00,1009.0,28.0
2023-09-06 14:00:00,1134.0,29.0
2023-09-06 15:00:00,1182.0,29.8
2023-09-06 16:00:00,1303.0,30.1
2023-09-06 17:00:00,1264.0,29.9
2023-09-06 18:00:00,1193.0,29.2
2023-09-06 19:00:00,1268.0,27.9
2023-09-06 20:00:00,1282.0,26.8
2023-09-06 21:00:00,1229.0,26.9
2023-09-06 22:00:00,1099.0,26.9
2023-09-06 23:00:00,980.0,26.7
2023-09-07 00:00:00,1103.0,26.5
2023-09-07 01:00:00,1047.0,25.9
2023-09-07 02:00:00,1008.0,25.5
2023-09-07 03:00:00,1005.0,25.0
2023-09-07 04:00:00,979.0,24.8
2023-09-07 05:00:00,953.0,24.4
2023-09-07 06:00:00,979.0,24.3
2023-09-07 07:00:00,1125.0,24.3
2023-09-07 08:00:00,1118.0,25.6
2023-09-07 09:00:00,1214.0,26.8
2023-09-07 10:00:00,1296.0,26.9
2023-09-07 11:00:00,1216.0,28.3
2023-09-07 12:00:00,1137.0,29.1
2023-09-07 13:00:00,1150.0,30.4
2023-09-07 14:00:00,1203.0,31.1
2023-09-07 15:00:00,1251.0,31.0
2023-09-07 16:00:00,1322.0,31.4
2023-09-07 17:00:00,1367.0,31.9
2023-09-07 18:00:00,1237.0,31.1
2023-09-07 19:00:00,1239.0,29.4
2023-09-07 20:00:00,1322.0,27.6
2023-09-07 21:00:00,1295.0,26.1
2023-09-07 22:00:00,1180.0,26.2
2023-09-07 23:00:00,1070.0,25.9
2023-09-08 00:00:00,1136.0,25.2
2023-09-08 01:00:00,1092.0,25.0
2023-09-08 02:00:00,1032.0,24.8
2023-09-08 03:00:00,999.0,25.2
2023-09-08 04:00:00,999.0,25.4
2023-09-08 05:00:00,1033.0,25.0
2023-09-08 06:00:00,1019.0,24.7
2023-09-08 07:00:00,1163.0,24.6
2023-09-08 08:00:00,1190.0,25.0
2023-09-08 09:00:00,1307.0,27.1
2023-09-08 10:00:00,1327.0,28.9
2023-09-08 11:00:00,1268.0,29.9
2023-09-08 12:00:00,1200.0,30.9
2023-09-08 13:00:00,1249.0,31.8
2023-09-08 14:00:00,1199.0,31.9
2023-09-08 15:00:00,1277.0,32.1
2023-09-08 16:00:00,1398.0,30.9
2023-09-08 17:00:00,1365.0,32.4
2023-09-08 18:00:00,1244.0,31.5
2023-09-08 19:00:00,1316.0,29.9
2023-09-08 20:00:00,1429.0,28.3
2023-09-08 21:00:00,1361.0,27.5
2023-09-08 22:00:00,1229.0,26.5
2023-09-08 23:00:00,1140.0,26.7
2023-09-09 00:00:00,1201.0,25.7
2023-09-09 01:00:00,1149.0,24.7
2023-09-09 02:00:00,1094.0,24.2
2023-09-09 03:00:00,1039.0,24.1
2023-09-09 04:00:00,1030.0,23.6
2023-09-09 05:00:00,1033.0,23.2
2023-09-09 06:00:00,1038.0,23.3
2023-09-09 07:00:00,1139.0,23.4
2023-09-09 08:00:00,1160.0,26.0
2023-09-09 09:00:00,1259.0,28.4
2023-09-09 10:00:00,1312.0,30.8
2023-09-09 11:00:00,1212.0,31.9
2023-09-09 12:00:00,1234.0,32.3
2023-09-09 13:00:00,1275.0,33.8
2023-09-09 14:00:00,1348.0,33.6
2023-09-09 15:00:00,1388.0,34.8
2023-09-09 16:00:00,1454.0,35.4
2023-09-09 17:00:00,1540.0,32.7
2023-09-09 18:00:00,1374.0,32.7
2023-09-09 19:00:00,1346.0,31.4
2023-09-09 20:00:00,1425.0,28.4
2023-09-09 21:00:00,1376.0,28.2
2023-09-09 22:00:00,1293.0,28.0
2023-09-09 23:00:00,1234.0,26.3
2023-09-10 00:00:00,1285.0,26.0
2023-09-10 01:00:00,1205.0,25.4
2023-09-10 02:00:00,1133.0,25.3
2023-09-10 03:00:00,1108.0,24.7
2023-09-10 04:00:00,1047.0,23.9
2023-09-10 05:00:00,1065.0,23.9
2023-09-10 06:00:00,1057.0,23.2
2023-09-10 07:00:00,1166.0,23.5
2023-09-10 08:00:00,1181.0,26.5
2023-09-10 09:00:00,1282.0,28.8
2023-09-10 10:00:00,1337.0,31.0
2023-09-10 11:00:00,1295.0,32.4
2023-09-10 12:00:00,1291.0,33.5
2023-09-10 13:00:00,1297.0,35.1
2023-09-10 14:00:00,1354.0,36.0
2023-09-10 15:00:00,1524.0,35.3
2023-09-10 16:00:00,1468.0,35.6
2023-09-10 17:00:00,1507.0,34.7
2023-09-10 18:00:00,1354.0,34.3
2023-09-10 19:00:00,1441.0,32.0
2023-09-10 20:00:00,1498.0,29.3
2023-09-10 21:00:00,1491.0,27.8
2023-09-10 22:00:00,1381.0,28.7
2023-09-10 23:00:00,1237.0,27.7
2023-09-11 00:00:00,1355.0,27.0
2023-09-11 01:00:00,1242.0,26.96
2023-09-11 02:00:00,1198.0,26.92
2023-09-11 03:00:00,1161.0,26.88
2023-09-11 04:00:00,1110.0,26.84
2023-09-11 05:00:00,1100.0,26.8
2023-09-11 06:00:00,1149.0,26.76
2023-09-11 07:00:00,1211.0,26.72
2023-09-11 08:00:00,1220.0,26.68
2023-09-11 09:00:00,1324.0,26.64
2023-09-11 10:00:00,1429.0,26.6
2023-09-11 11:00:00,1370.0,26.56
2023-09-11 12:00:00,1364.0,26.52
2023-09-11 13:00:00,1357.0,26.48
2023-09-11 14:00:00,1391.0,26.44
2023-09-11 15:00:00,1433.0,26.4
2023-09-11 16:00:00,1463.0,26.36
2023-09-11 17:00:00,1461.0,26.32
2023-09-11 18:00:00,1316.0,26.28
2023-09-11 19:00:00,1410.0,26.24
2023-09-11 20:00:00,1456.0,26.2
2023-09-11 21:00:00,1486.0,26.16
2023-09-11 22:00:00,1375.0,26.12
2023-09-11 23:00:00,1251.0,26.08
2023-09-12 00:00:00,1290.0,25.7
2023-09-12 01:00:00,1181.0,25.66
2023-09-12 02:00:00,1159.0,25.62
2023-09-12 03:00:00,1099.0,25.58
2023-09-12 04:00:00,1088.0,25.54
2023-09-12 05:00:00,1060.0,25.5
2023-09-12 06:00:00,1069.0,25.46
2023-09-12 07:00:00,1136.0,25.42
2023-09-12 08:00:00,1148.0,25.38
2023-09-12 09:00:00,1260.0,25.4
2023-09-12 10:00:00,1320.0,26.12
2023-09-12 11:00:00,1242.0,26.84
2023-09-12 12:00:00,1226.0,27.56
2023-09-12 13:00:00,1169.0,28.28
2023-09-12 14:00:00,1208.0,29.0
2023-09-12 15:00:00,1267.0,29.6
2023-09-12 16:00:00,1346.0,29.0
2023-09-12 17:00:00,1326.0,28.4
2023-09-12 18:00:00,1249.0,26.5
2023-09-12 19:00:00,1281.0,25.8
2023-09-12 20:00:00,1293.0,25.1
2023-09-12 21:00:00,1198.0,24.1
2023-09-12 22:00:00,1062.0,21.7
2023-09-12 23:00:00,948.0,20.8
2023-09-13 00:00:00,1036.0,20.5
2023-09-13 01:00:00,968.0,20.0
2023-09-13 02:00:00,988.0,20.0
2023-09-13 03:00:00,906.0,19.8
2023-09-13 04:00:00,868.0,19.9
2023-09-13 05:00:00,859.0,19.7
2023-09-13 06:00:00,914.0,19.8
2023-09-13 07:00:00,1068.0,19.8
2023-09-13 08:00:00,1089.0,20.0
2023-09-13 09:00:00,1129.0,20.4
2023-09-13 10:00:00,1153.0,21.0
2023-09-13 11:00:00,1085.0,21.5
2023-09-13 12:00:00,1005.0,22.0
2023-09-13 13:00:00,1003.0,21.5
2023-09-13 14:00:00,1034.0,21.9
2023-09-13 15:00:00,1108.0,22.8
2023-09-13 16:00:00,1125.0,22.7
2023-09-13 17:00:00,1144.0,22.7
2023-09-13 18:00:00,1042.0,22.2
2023-09-13 19:00:00,1124.0,21.8
2023-09-13 20:00:00,1114.0,21.6
2023-09-13 21:00:00,1081.0,21.1
2023-09-13 22:00:00,963.0,20.7
2023-09-13 23:00:00,879.0,20.6
2023-09-14 00:00:00,972.0,20.4
2023-09-14 01:00:00,889.0,20.4
2023-09-14 02:00:00,838.0,20.1
2023-09-14 03:00:00,812.0,19.9
2023-09-14 04:00:00,809.0,19.8
2023-09-14 05:00:00,827.0,19.7
2023-09-14 06:00:00,892.0,19.8
2023-09-14 07:00:00,1014.0,19.8
2023-09-14 08:00:00,1051.0,20.5
2023-09-14 09:00:00,1130.0,21.9
2023-09-14 10:00:00,1136.0,24.9
2023-09-14 11:00:00,1091.0,25.7
2023-09-14 12:00:00,999.0,26.0
2023-09-14 13:00:00,968.0,26.8
2023-09-14 14:00:00,1042.0,26.3
2023-09-14 15:00:00,1093.0,26.3
2023-09-14 16:00:00,1140.0,26.6
2023-09-14 17:00:00,1181.0,27.0
2023-09-14 18:00:00,1079.0,26.1
2023-09-14 19:00:00,1131.0,24.9
2023-09-14 20:00:00,1177.0,24.1
2023-09-14 21:00:00,1114.0,22.4
2023-09-14 22:00:00,984.0,22.3
2023-09-14 23:00:00,883.0,20.8
2023-09-15 00:00:00,998.0,20.4
2023-09-15 01:00:00,977.0,19.55
2023-09-15 02:00:00,935.0,19.2
2023-09-15 03:00:00,898.0,18.9
2023-09-15 04:00:00,867.0,18.8
2023-09-15 05:00:00,895.0,18.7
2023-09-15 06:00:00,982.0,18.5
2023-09-15 07:00:00,1111.0,18.8
2023-09-15 08:00:00,1114.0,20.7
2023-09-15 09:00:00,1180.0,22.7
2023-09-15 10:00:00,1218.0,25.4
2023-09-15 11:00:00,1136.0,26.7
2023-09-15 12:00:00,1074.0,28.1
2023-09-15 13:00:00,1084.0,29.6
2023-09-15 14:00:00,1076.0,30.4
2023-09-15 15:00:00,1214.0,29.6
2023-09-15 16:00:00,1247.0,31.1
2023-09-15 17:00:00,1341.0,30.3
2023-09-15 18:00:00,1181.0,29.8
2023-09-15 19:00:00,1201.0,27.2
2023-09-15 20:00:00,1235.0,24.9
2023-09-15 21:00:00,1193.0,24.6
2023-09-15 22:00:00,1096.0,24.3
2023-09-15 23:00:00,958.0,22.4
2023-09-16 00:00:00,1067.0,22.6
2023-09-16 01:00:00,1004.0,21.8
2023-09-16 02:00:00,995.0,21.5
2023-09-16 03:00:00,938.0,20.9
2023-09-16 04:00:00,924.0,20.7
2023-09-16 05:00:00,893.0,20.5
2023-09-16 06:00:00,970.0,20.2
2023-09-16 07:00:00,1080.0,20.0
2023-09-16 08:00:00,1084.0,22.1
2023-09-16 09:00:00,1196.0,24.4
2023-09-16 10:00:00,1282.0,26.7
2023-09-16 11:00:00,1172.0,28.4
2023-09-16 12:00:00,1180.0,29.8
2023-09-16 13:00:00,1120.0,31.2
2023-09-16 14:00:00,1184.0,31.6
2023-09-16 15:00:00,1269.0,32.5
2023-09-16 16:00:00,1352.0,32.7
2023-09-16 17:00:00,1329.0,33.1
2023-09-16 18:00:00,1286.0,32.8
2023-09-16 19:00:00,1276.0,28.6
2023-09-16 20:00:00,1341.0,26.3
2023-09-16 21:00:00,1238.0,24.9
2023-09-16 22:00:00,1135.0,24.0
2023-09-16 23:00:00,1009.0,23.2
2023-09-17 00:00:00,1112.0,23.3
2023-09-17 01:00:00,1034.0,23.4
2023-09-17 02:00:00,1003.0,22.7
2023-09-17 03:00:00,980.0,22.9
2023-09-17 04:00:00,934.0,21.9
2023-09-17 05:00:00,949.0,21.1
2023-09-17 06:00:00,1020.0,20.9
2023-09-17 07:00:00,1124.0,21.1
2023-09-17 08:00:00,1146.0,23.7
2023-09-17 09:00:00,1208.0,26.2
2023-09-17 10:00:00,1284.0,29.2
2023-09-17 11:00:00,1255.0,31.45
2023-09-17 12:00:00,1246.0,32.5
2023-09-17 13:00:00,1179.0,33.2
2023-09-17 14:00:00,1274.0,34.0
2023-09-17 15:00:00,1413.0,35.0
2023-09-17 16:00:00,1376.0,34.9
2023-09-17 17:00:00,1441.0,35.3
2023-09-17 18:00:00,1300.0,34.7
2023-09-17 19:00:00,1365.0,30.7
2023-09-17 20:00:00,1413.0,28.6
2023-09-17 21:00:00,1369.0,27.5
2023-09-17 22:00:00,1252.0,26.9
2023-09-17 23:00:00,1151.0,25.6
2023-09-18 00:00:00,1206.0,26.1
2023-09-18 01:00:00,1157.0,25.7
2023-09-18 02:00:00,1073.0,25.6
2023-09-18 03:00:00,1057.0,24.4
2023-09-18 04:00:00,1077.0,25.3
2023-09-18 05:00:00,1063.0,25.2
2023-09-18 06:00:00,1074.0,25.5
2023-09-18 07:00:00,1178.0,24.2
2023-09-18 08:00:00,1237.0,27.0
2023-09-18 09:00:00,1383.0,30.3
2023-09-18 10:00:00,1377.0,31.18
2023-09-18 11:00:00,1380.0,32.06
2023-09-18 12:00:00,1333.0,33.1
2023-09-18 13:00:00,1321.0,34.2
2023-09-18 14:00:00,1392.0,35.5
2023-09-18 15:00:00,1503.0,34.15
2023-09-18 16:00:00,1518.0,34.3
2023-09-18 17:00:00,1517.0,33.9
2023-09-18 18:00:00,1344.0,33.16
2023-09-18 19:00:00,1447.0,31.88
2023-09-18 20:00:00,1460.0,30.6
2023-09-18 21:00:00,1465.0,29.1
2023-09-18 22:00:00,1327.0,27.3
2023-09-18 23:00:00,1222.0,27.7
2023-09-19 00:00:00,1333.0,27.4
2023-09-19 01:00:00,1256.0,26.9
2023-09-19 02:00:00,1169.0,26.4
2023-09-19 03:00:00,1173.0,26.4
2023-09-19 04:00:00,1129.0,24.7
2023-09-19 05:00:00,1115.0,26.0
2023-09-19 06:00:00,1119.0,24.5
2023-09-19 07:00:00,1222.0,24.6
2023-09-19 08:00:00,1255.0,27.3
2023-09-19 09:00:00,1391.0,28.46
2023-09-19 10:00:00,1411.0,29.62
2023-09-19 11:00:00,1399.0,30.78
2023-09-19 12:00:00,1283.0,31.9
2023-09-19 13:00:00,1296.0,32.0
2023-09-19 14:00:00,1373.0,31.96
2023-09-19 15:00:00,1398.0,31.92
2023-09-19 16:00:00,1403.0,31.88
2023-09-19 17:00:00,1423.0,31.84
2023-09-19 18:00:00,1337.0,31.9
2023-09-19 19:00:00,1386.0,31.1
2023-09-19 20:00:00,1455.0,30.1
2023-09-19 21:00:00,1433.0,29.6
2023-09-19 22:00:00,1353.0,28.8
2023-09-19 23:00:00,1274.0,28.7
2023-09-20 00:00:00,1360.0,28.1
2023-09-20 01:00:00,1298.0,27.3
2023-09-20 02:00:00,1220.0,27.2
2023-09-20 03:00:00,1122.0,27.0
2023-09-20 04:00:00,1144.0,26.5
2023-09-20 05:00:00,1149.0,26.4
2023-09-20 06:00:00,1137.0,26.1
2023-09-20 07:00:00,1223.0,26.1
2023-09-20 08:00:00,1229.0,25.9
2023-09-20 09:00:00,1343.0,26.7
2023-09-20 10:00:00,1389.0,28.7
2023-09-20 11:00:00,1316.0,29.9
2023-09-20 12:00:00,1309.0,30.0
2023-09-20 13:00:00,1207.0,30.4
2023-09-20 14:00:00,1302.0,30.8
2023-09-20 15:00:00,1360.0,25.8
2023-09-20 16:00:00,1373.0,25.8
2023-09-20 17:00:00,1356.0,25.7
2023-09-20 18:00:00,1137.0,24.4
2023-09-20 19:00:00,1241.0,22.4
2023-09-20 20:00:00,1245.0,22.1
2023-09-20 21:00:00,1153.0,21.8
2023-09-20 22:00:00,1082.0,21.7
2023-09-20 23:00:00,937.0,21.3
2023-09-21 00:00:00,1110.0,21.1
2023-09-21 01:00:00,1012.0,20.94
2023-09-21 02:00:00,970.0,20.7
2023-09-21 03:00:00,985.0,20.6
2023-09-21 04:00:00,973.0,20.3
2023-09-21 05:00:00,933.0,20.1
2023-09-21 06:00:00,985.0,19.7
2023-09-21 07:00:00,1177.0,19.3
2023-09-21 08:00:00,1106.0,19.0
2023-09-21 09:00:00,1142.0,18.9
2023-09-21 10:00:00,1145.0,19.1
2023-09-21 11:00:00,1055.0,19.4
2023-09-21 12:00:00,979.0,19.9
2023-09-21 13:00:00,931.0,19.7
2023-09-21 14:00:00,979.0,19.7
2023-09-21 15:00:00,1026.0,19.2
2023-09-21 16:00:00,1092.0,19.3
2023-09-21 17:00:00,1153.0,19.02
2023-09-21 18:00:00,1035.0,18.86
2023-09-21 19:00:00,1085.0,18.7
2023-09-21 20:00:00,1044.0,18.54
2023-09-21 21:00:00,1040.0,18.38
2023-09-21 22:00:00,961.0,18.22
2023-09-21 23:00:00,846.0,18.06
2023-09-22 00:00:00,973.0,17.9
2023-09-22 01:00:00,959.0,17.9
2023-09-22 02:00:00,918.0,17.7
2023-09-22 03:00:00,916.0,17.4
2023-09-22 04:00:00,912.0,17.3
2023-09-22 05:00:00,876.0,17.2
2023-09-22 06:00:00,974.0,17.1
2023-09-22 07:00:00,1119.0,17.07
2023-09-22 08:00:00,1133.0,17.1
2023-09-22 09:00:00,1170.0,17.35
2023-09-22 10:00:00,1175.0,17.7
2023-09-22 11:00:00,1041.0,18.2
2023-09-22 12:00:00,960.0,19.9
2023-09-22 13:00:00,929.0,19.7
2023-09-22 14:00:00,1016.0,19.7
2023-09-22 15:00:00,1054.0,19.2
2023-09-22 16:00:00,1116.0,19.3
2023-09-22 17:00:00,1151.0,19.02
2023-09-22 18:00:00,1097.0,18.86
2023-09-22 19:00:00,1151.0,18.7
2023-09-22 20:00:00,1140.0,18.54
2023-09-22 21:00:00,1068.0,18.38
2023-09-22 22:00:00,967.0,18.22
2023-09-22 23:00:00,880.0,18.06
2023-09-23 00:00:00,966.0,17.9
2023-09-23 01:00:00,932.0,17.9
2023-09-23 02:00:00,925.0,17.7
2023-09-23 03:00:00,854.0,17.4
2023-09-23 04:00:00,859.0,17.3
2023-09-23 05:00:00,851.0,17.2
2023-09-23 06:00:00,931.0,17.1
2023-09-23 07:00:00,1066.0,17.07
2023-09-23 08:00:00,1121.0,17.1
2023-09-23 09:00:00,1140.0,17.35
2023-09-23 10:00:00,1160.0,17.7
2023-09-23 11:00:00,993.0,18.2
2023-09-23 12:00:00,1009.0,19.9
2023-09-23 13:00:00,962.0,19.7
2023-09-23 14:00:00,974.0,19.7
2023-09-23 15:00:00,1040.0,19.2
2023-09-23 16:00:00,1125.0,19.3
2023-09-23 17:00:00,1115.0,19.02
2023-09-23 18:00:00,1024.0,18.86
2023-09-23 19:00:00,1180.0,18.7
2023-09-23 20:00:00,1135.0,18.54
2023-09-23 21:00:00,1113.0,18.38
2023-09-23 22:00:00,987.0,18.22
2023-09-23 23:00:00,878.0,18.06
2023-09-24 00:00:00,994.0,17.9
2023-09-24 01:00:00,913.0,17.9
2023-09-24 02:00:00,901.0,17.7
2023-09-24 03:00:00,874.0,17.4
2023-09-24 04:00:00,860.0,17.3
2023-09-24 05:00:00,911.0,17.2
2023-09-24 06:00:00,906.0,17.1
2023-09-24 07:00:00,1056.0,17.07
2023-09-24 08:00:00,1119.0,17.1
2023-09-24 09:00:00,1138.0,17.35
2023-09-24 10:00:00,1178.0,17.7
2023-09-24 11:00:00,1040.0,18.2
2023-09-24 12:00:00,1002.0,19.9
2023-09-24 13:00:00,951.0,19.7
2023-09-24 14:00:00,1076.0,19.7
2023-09-24 15:00:00,1132.0,19.2
2023-09-24 16:00:00,1141.0,19.3
2023-09-24 17:00:00,1205.0,19.02
2023-09-24 18:00:00,1116.0,18.86
2023-09-24 19:00:00,1188.0,18.7
2023-09-24 20:00:00,1157.0,18.54
2023-09-24 21:00:00,1148.0,18.38
2023-09-24 22:00:00,1003.0,18.22
2023-09-24 23:00:00,851.0,18.06
2023-09-25 00:00:00,1015.0,17.9
2023-09-25 01:00:00,947.0,17.9
2023-09-25 02:00:00,928.0,17.7
2023-09-25 03:00:00,920.0,17.4
2023-09-25 04:00:00,908.0,17.3
2023-09-25 05:00:00,900.0,19.3
2023-09-25 06:00:00,929.0,19.2
2023-09-25 07:00:00,1128.0,19.2
2023-09-25 08:00:00,1136.0,17.1
2023-09-25 09:00:00,1171.0,17.35
2023-09-25 10:00:00,1174.0,17.7
2023-09-25 11:00:00,994.0,18.2
2023-09-25 12:00:00,941.0,22.3
2023-09-25 13:00:00,991.0,19.7
2023-09-25 14:00:00,981.0,19.7
2023-09-25 15:00:00,1047.0,19.2
2023-09-25 16:00:00,1114.0,24.2
2023-09-25 17:00:00,1182.0,19.02
2023-09-25 18:00:00,1062.0,18.86
2023-09-25 19:00:00,1180.0,18.7
2023-09-25 20:00:00,1178.0,18.54
2023-09-25 21:00:00,1132.0,18.38
2023-09-25 22:00:00,1026.0,18.22
2023-09-25 23:00:00,865.0,18.06
2023-09-26 00:00:00,936.0,19.8
2023-09-26 01:00:00,927.0,19.8
2023-09-26 02:00:00,922.0,19.6
2023-09-26 03:00:00,911.0,19.6
2023-09-26 04:00:00,881.0,19.5
2023-09-26 05:00:00,894.0,19.46
2023-09-26 06:00:00,938.0,19.42
2023-09-26 07:00:00,1113.0,19.3
2023-09-26 08:00:00,1144.0,19.56
2023-09-26 09:00:00,1173.0,20.28
2023-09-26 10:00:00,1135.0,20.96
2023-09-26 11:00:00,995.0,21.6
2023-09-26 12:00:00,1016.0,22.2
2023-09-26 13:00:00,974.0,24.3
2023-09-26 14:00:00,986.0,25.9
2023-09-26 15:00:00,1097.0,27.02
2023-09-26 16:00:00,1184.0,28.1
2023-09-26 17:00:00,1179.0,26.9
2023-09-26 18:00:00,1126.0,25.7
2023-09-26 19:00:00,1222.0,24.6
2023-09-26 20:00:00,1205.0,23.6
2023-09-26 21:00:00,1113.0,22.78
2023-09-26 22:00:00,1026.0,22.14
2023-09-26 23:00:00,865.0,21.5
2023-09-27 00:00:00,1000.0,20.9
2023-09-27 01:00:00,968.0,20.94
2023-09-27 02:00:00,917.0,21.0
2023-09-27 03:00:00,908.0,21.1
2023-09-27 04:00:00,884.0,21.14
2023-09-27 05:00:00,910.0,21.18
2023-09-27 06:00:00,956.0,21.04
2023-09-27 07:00:00,1118.0,20.98
2023-09-27 08:00:00,1110.0,21.14
2023-09-27 09:00:00,1184.0,22.0
2023-09-27 10:00:00,1193.0,23.6
2023-09-27 11:00:00,1059.0,25.2
2023-09-27 12:00:00,1055.0,27.3
2023-09-27 13:00:00,1111.0,29.2
2023-09-27 14:00:00,1115.0,29.69
2023-09-27 15:00:00,1235.0,29.81
2023-09-27 16:00:00,1203.0,29.93
2023-09-27 17:00:00,1289.0,30.0
2023-09-27 18:00:00,1170.0,28.64
2023-09-27 19:00:00,1241.0,27.06
2023-09-27 20:00:00,1231.0,25.58
2023-09-27 21:00:00,1155.0,24.1
2023-09-27 22:00:00,1047.0,23.4
2023-09-27 23:00:00,865.0,22.9
2023-09-28 00:00:00,1038.0,22.59
2023-09-28 01:00:00,973.0,22.3
2023-09-28 02:00:00,940.0,21.82
2023-09-28 03:00:00,973.0,21.34
2023-09-28 04:00:00,913.0,21.1
2023-09-28 05:00:00,919.0,21.08
2023-09-28 06:00:00,989.0,21.04
2023-09-28 07:00:00,1120.0,21.36
2023-09-28 08:00:00,1143.0,22.3
2023-09-28 09:00:00,1213.0,24.5
2023-09-28 10:00:00,1212.0,26.1
2023-09-28 11:00:00,1181.0,28.8
2023-09-28 12:00:00,1143.0,29.4
2023-09-28 13:00:00,1168.0,30.0
2023-09-28 14:00:00,1178.0,30.6
2023-09-28 15:00:00,1289.0,31.2
2023-09-28 16:00:00,1326.0,31.2
2023-09-28 17:00:00,1312.0,30.43
2023-09-28 18:00:00,1169.0,29.35
2023-09-28 19:00:00,1295.0,28.0
2023-09-28 20:00:00,1267.0,26.8
2023-09-28 21:00:00,1211.0,25.6
2023-09-28 22:00:00,1047.0,24.56
2023-09-28 23:00:00,865.0,23.5
2023-09-29 00:00:00,1058.0,23.0
2023-09-29 01:00:00,985.0,22.4
2023-09-29 02:00:00,968.0,22.04
2023-09-29 03:00:00,952.0,21.74
2023-09-29 04:00:00,908.0,21.34
2023-09-29 05:00:00,916.0,21.34
2023-09-29 06:00:00,904.0,21.6
2023-09-29 07:00:00,1024.0,21.6
2023-09-29 08:00:00,1069.0,22.4
2023-09-29 09:00:00,1121.0,23.8
2023-09-29 10:00:00,1122.0,25.56
2023-09-29 11:00:00,1008.0,27.3
2023-09-29 12:00:00,1072.0,28.44
2023-09-29 13:00:00,998.0,29.9
2023-09-29 14:00:00,1024.0,30.34
2023-09-29 15:00:00,1263.0,30.78
2023-09-29 16:00:00,1268.0,31.22
2023-09-29 17:00:00,1194.0,31.04
2023-09-29 18:00:00,1075.0,30.1
2023-09-29 19:00:00,1150.0,28.64
2023-09-29 20:00:00,1172.0,26.9
2023-09-29 21:00:00,1175.0,26.0
2023-09-29 22:00:00,1047.0,25.3
2023-09-29 23:00:00,865.0,24.6
2023-09-30 00:00:00,1095.0,24.0
2023-09-30 01:00:00,977.0,23.28
2023-09-30 02:00:00,947.0,22.8
2023-09-30 03:00:00,923.0,22.54
2023-09-30 04:00:00,899.0,22.4
2023-09-30 05:00:00,911.0,22.38
2023-09-30 06:00:00,876.0,22.34
2023-09-30 07:00:00,998.0,22.3
2023-09-30 08:00:00,1074.0,22.62
2023-09-30 09:00:00,1133.0,22.9
2023-09-30 10:00:00,1104.0,23.18
2023-09-30 11:00:00,1049.0,23.46
2023-09-30 12:00:00,1089.0,23.72
2023-09-30 13:00:00,1046.0,23.96
2023-09-30 14:00:00,1004.0,24.04
2023-09-30 15:00:00,1127.0,23.8
2023-09-30 16:00:00,1172.0,23.6
2023-09-30 17:00:00,1190.0,22.8
2023-09-30 18:00:00,1100.0,21.9
2023-09-30 19:00:00,1174.0,21.3
2023-09-30 20:00:00,1148.0,21.0
2023-09-30 21:00:00,1094.0,20.9
2023-09-30 22:00:00,1000.0,20.7
2023-09-30 23:00:00,921.0,20.7
2023-10-01 00:00:00,953.0,20.6
2023-10-01 01:00:00,933.0,20.5
2023-10-01 02:00:00,895.0,20.3
2023-10-01 03:00:00,889.0,19.9
2023-10-01 04:00:00,845.0,19.6
2023-10-01 05:00:00,881.0,19.3
2023-10-01 06:00:00,894.0,19.0
2023-10-01 07:00:00,977.0,19.1
2023-10-01 08:00:00,1058.0,19.0
2023-10-01 09:00:00,1038.0,19.5
2023-10-01 10:00:00,1030.0,20.2
2023-10-01 11:00:00,980.0,20.6
2023-10-01 12:00:00,922.0,20.4
2023-10-01 13:00:00,942.0,20.7
2023-10-01 14:00:00,971.0,21.2
2023-10-01 15:00:00,1040.0,21.2
2023-10-01 16:00:00,1122.0,20.9
2023-10-01 17:00:00,1095.0,20.6
2023-10-01 18:00:00,1083.0,20.3
2023-10-01 19:00:00,1112.0,20.1
2023-10-01 20:00:00,1112.0,19.8
2023-10-01 21:00:00,1077.0,19.7
2023-10-01 22:00:00,944.0,19.8
2023-10-01 23:00:00,921.0,19.8
2023-10-02 00:00:00,980.0,19.7
2023-10-02 01:00:00,897.0,19.7
2023-10-02 02:00:00,860.0,19.7
2023-10-02 03:00:00,842.0,19.5
2023-10-02 04:00:00,813.0,19.4
2023-10-02 05:00:00,823.0,19.4
2023-10-02 06:00:00,847.0,19.3
2023-10-02 07:00:00,970.0,19.3
2023-10-02 08:00:00,1055.0,19.5
2023-10-02 09:00:00,1051.0,19.9
2023-10-02 10:00:00,1008.0,21.1
2023-10-02 11:00:00,1000.0,22.2
2023-10-02 12:00:00,974.0,21.8
2023-10-02 13:00:00,943.0,22.0
2023-10-02 14:00:00,952.0,22.1
2023-10-02 15:00:00,1116.0,22.5
2023-10-02 16:00:00,1133.0,22.6
2023-10-02 17:00:00,1196.0,22.2
2023-10-02 18:00:00,1096.0,21.6
2023-10-02 19:00:00,1187.0,20.9
2023-10-02 20:00:00,1109.0,20.4
2023-10-02 21:00:00,1135.0,20.0
2023-10-02 22:00:00,988.0,19.7
2023-10-02 23:00:00,872.0,19.2
2023-10-03 00:00:00,938.0,18.8
2023-10-03 01:00:00,895.0,18.5
2023-10-03 02:00:00,872.0,18.0
2023-10-03 03:00:00,852.0,17.7
2023-10-03 04:00:00,837.0,17.6
2023-10-03 05:00:00,878.0,17.5
2023-10-03 06:00:00,848.0,17.4
2023-10-03 07:00:00,981.0,17.4
2023-10-03 08:00:00,1100.0,17.6
2023-10-03 09:00:00,1130.0,17.7
2023-10-03 10:00:00,1036.0,18.0
2023-10-03 11:00:00,984.0,18.4
2023-10-03 12:00:00,1037.0,18.4
2023-10-03 13:00:00,965.0,18.1
2023-10-03 14:00:00,1011.0,18.5
2023-10-03 15:00:00,1109.0,18.7
2023-10-03 16:00:00,1162.0,18.5
2023-10-03 17:00:00,1146.0,18.2
2023-10-03 18:00:00,1063.0,17.8
2023-10-03 19:00:00,1157.0,17.5
2023-10-03 20:00:00,1096.0,17.5
2023-10-03 21:00:00,1065.0,17.4
2023-10-03 22:00:00,933.0,17.4
2023-10-03 23:00:00,849.0,17.2
2023-10-04 00:00:00,958.0,17.0
2023-10-04 01:00:00,906.0,17.05
2023-10-04 02:00:00,844.0,16.9
2023-10-04 03:00:00,854.0,16.8
2023-10-04 04:00:00,837.0,16.8
2023-10-04 05:00:00,839.0,16.7
2023-10-04 06:00:00,898.0,16.8
2023-10-04 07:00:00,1003.0,16.9
2023-10-04 08:00:00,1084.0,17.2
2023-10-04 09:00:00,1147.0,17.7
2023-10-04 10:00:00,1089.0,18.1
2023-10-04 11:00:00,1077.0,18.7
2023-10-04 12:00:00,991.0,19.5
2023-10-04 13:00:00,987.0,20.1
2023-10-04 14:00:00,1023.0,20.5
2023-10-04 15:00:00,1117.0,20.3
2023-10-04 16:00:00,1193.0,20.0
2023-10-04 17:00:00,1152.0,20.0
2023-10-04 18:00:00,1113.0,19.8
2023-10-04 19:00:00,1157.0,19.6
2023-10-04 20:00:00,1150.0,19.7
2023-10-04 21:00:00,1093.0,19.6
2023-10-04 22:00:00,972.0,19.5
2023-10-04 23:00:00,883.0,19.4
2023-10-05 00:00:00,984.0,19.3
2023-10-05 01:00:00,922.0,19.3
2023-10-05 02:00:00,918.0,19.3
2023-10-05 03:00:00,885.0,18.9
2023-10-05 04:00:00,829.0,18.7
2023-10-05 05:00:00,842.0,18.7
2023-10-05 06:00:00,882.0,18.8
2023-10-05 07:00:00,997.0,18.4
2023-10-05 08:00:00,1094.0,18.5
2023-10-05 09:00:00,1143.0,18.8
2023-10-05 10:00:00,1117.0,19.1
2023-10-05 11:00:00,1013.0,19.6
2023-10-05 12:00:00,980.0,20.1
2023-10-05 13:00:00,928.0,19.6
2023-10-05 14:00:00,1046.0,19.4
2023-10-05 15:00:00,1087.0,19.6
2023-10-05 16:00:00,1218.0,19.6
2023-10-05 17:00:00,1208.0,19.1
2023-10-05 18:00:00,1152.0,19.0
2023-10-05 19:00:00,1181.0,18.7
2023-10-05 20:00:00,1168.0,18.6
2023-10-05 21:00:00,1050.0,18.6
2023-10-05 22:00:00,1001.0,18.7
2023-10-05 23:00:00,883.0,18.6
2023-10-06 00:00:00,966.0,18.5
2023-10-06 01:00:00,947.0,18.3
2023-10-06 02:00:00,872.0,18.2
2023-10-06 03:00:00,895.0,18.1
2023-10-06 04:00:00,849.0,17.9
2023-10-06 05:00:00,866.0,17.9
2023-10-06 06:00:00,884.0,17.7
2023-10-06 07:00:00,1040.0,17.7
2023-10-06 08:00:00,1105.0,18.1
2023-10-06 09:00:00,1190.0,19.2
2023-10-06 10:00:00,1097.0,20.2
2023-10-06 11:00:00,1022.0,20.1
2023-10-06 12:00:00,1004.0,19.5
2023-10-06 13:00:00,975.0,18.9
2023-10-06 14:00:00,1009.0,18.0
2023-10-06 15:00:00,1169.0,17.4
2023-10-06 16:00:00,1277.0,16.7
2023-10-06 17:00:00,1315.0,16.1
2023-10-06 18:00:00,1136.0,15.6
2023-10-06 19:00:00,1254.0,15.5
2023-10-06 20:00:00,1168.0,15.3
2023-10-06 21:00:00,1098.0,15.0
2023-10-06 22:00:00,931.0,14.9
2023-10-06 23:00:00,803.0,14.8
2023-10-07 00:00:00,968.0,14.5
2023-10-07 01:00:00,913.0,13.9
2023-10-07 02:00:00,900.0,13.5
2023-10-07 03:00:00,891.0,13.1
2023-10-07 04:00:00,854.0,12.8
2023-10-07 05:00:00,889.0,12.7
2023-10-07 06:00:00,913.0,12.7
2023-10-07 07:00:00,1154.0,12.7
2023-10-07 08:00:00,1147.0,13.0
2023-10-07 09:00:00,1154.0,13.5
2023-10-07 10:00:00,1160.0,13.6
2023-10-07 11:00:00,1068.0,13.9
2023-10-07 12:00:00,1057.0,13.8
2023-10-07 13:00:00,951.0,14.1
2023-10-07 14:00:00,1057.0,14.4
2023-10-07 15:00:00,1185.0,14.8
2023-10-07 16:00:00,1211.0,15.0
2023-10-07 17:00:00,1231.0,14.5
2023-10-07 18:00:00,1178.0,14.5
2023-10-07 19:00:00,1185.0,14.4
2023-10-07 20:00:00,1243.0,14.3
2023-10-07 21:00:00,1108.0,14.3
2023-10-07 22:00:00,931.0,14.2
2023-10-07 23:00:00,803.0,14.1
2023-10-08 00:00:00,971.0,13.9
2023-10-08 01:00:00,898.0,13.9
2023-10-08 02:00:00,898.0,13.7
2023-10-08 03:00:00,861.0,13.6
2023-10-08 04:00:00,851.0,13.4
2023-10-08 05:00:00,912.0,13.0
2023-10-08 06:00:00,959.0,12.5
2023-10-08 07:00:00,1186.0,12.5
2023-10-08 08:00:00,1127.0,13.3
2023-10-08 09:00:00,1162.0,14.5
2023-10-08 10:00:00,1109.0,16.9
2023-10-08 11:00:00,1066.0,18.1
2023-10-08 12:00:00,960.0,18.7
2023-10-08 13:00:00,906.0,19.9
2023-10-08 14:00:00,1049.0,19.5
2023-10-08 15:00:00,1077.0,19.6
2023-10-08 16:00:00,1151.0,19.9
2023-10-08 17:00:00,1174.0,19.4
2023-10-08 18:00:00,1182.0,19.0
2023-10-08 19:00:00,1222.0,18.3
2023-10-08 20:00:00,1173.0,17.4
2023-10-08 21:00:00,1111.0,17.1
2023-10-08 22:00:00,1031.0,17.1
2023-10-08 23:00:00,881.0,17.0
2023-10-09 00:00:00,958.0,13.13
2023-10-09 01:00:00,887.0,13.13
2023-10-09 02:00:00,892.0,12.76
2023-10-09 03:00:00,835.0,12.57
2023-10-09 04:00:00,899.0,12.39
2023-10-09 05:00:00,874.0,12.2
2023-10-09 06:00:00,977.0,12.29
2023-10-09 07:00:00,1182.0,12.29
2023-10-09 08:00:00,1182.0,12.48
2023-10-09 09:00:00,1181.0,13.98
2023-10-09 10:00:00,1116.0,16.96
2023-10-09 11:00:00,1073.0,17.34
2023-10-09 12:00:00,994.0,17.81
2023-10-09 13:00:00,900.0,18.27
2023-10-09 14:00:00,1005.0,19.21
2023-10-09 15:00:00,1107.0,19.11
2023-10-09 16:00:00,1172.0,19.02
2023-10-09 17:00:00,1134.0,18.55
2023-10-09 18:00:00,1170.0,17.99
2023-10-09 19:00:00,1265.0,17.34
2023-10-09 20:00:00,1170.0,16.87
2023-10-09 21:00:00,1170.0,16.12
2023-10-09 22:00:00,980.0,15.66
2023-10-09 23:00:00,864.0,15.94
2023-10-10 00:00:00,963.0,18.18
2023-10-10 01:00:00,916.0,17.41
2023-10-10 02:00:00,886.0,16.79
2023-10-10 03:00:00,871.0,16.63
2023-10-10 04:00:00,853.0,16.71
2023-10-10 05:00:00,883.0,16.25
2023-10-10 06:00:00,935.0,15.86
2023-10-10 07:00:00,1156.0,15.86
2023-10-10 08:00:00,1145.0,16.17
2023-10-10 09:00:00,1189.0,16.63
2023-10-10 10:00:00,1132.0,17.18
2023-10-10 11:00:00,1135.0,18.1
2023-10-10 12:00:00,941.0,18.65
2023-10-10 13:00:00,922.0,18.41
2023-10-10 14:00:00,1035.0,17.41
2023-10-10 15:00:00,1115.0,17.25
2023-10-10 16:00:00,1122.0,16.56
2023-10-10 17:00:00,1208.0,16.48
2023-10-10 18:00:00,1049.0,16.17
2023-10-10 19:00:00,1172.0,16.09
2023-10-10 20:00:00,1169.0,15.86
2023-10-10 21:00:00,1103.0,15.63
2023-10-10 22:00:00,929.0,15.16
2023-10-10 23:00:00,875.0,14.78
2023-10-11 00:00:00,975.0,14.84
2023-10-11 01:00:00,913.0,14.66
2023-10-11 02:00:00,868.0,14.66
2023-10-11 03:00:00,898.0,14.57
2023-10-11 04:00:00,889.0,14.57
2023-10-11 05:00:00,918.0,14.39
2023-10-11 06:00:00,976.0,14.3
2023-10-11 07:00:00,1162.0,14.3
2023-10-11 08:00:00,1192.0,14.57
2023-10-11 09:00:00,1122.0,15.75
2023-10-11 10:00:00,1132.0,18.29
2023-10-11 11:00:00,1135.0,19.11
2023-10-11 12:00:00,941.0,20.38
2023-10-11 13:00:00,922.0,20.02
2023-10-11 14:00:00,1035.0,20.75
2023-10-11 15:00:00,1115.0,20.75
2023-10-11 16:00:00,1122.0,21.2
2023-10-11 17:00:00,1208.0,20.93
2023-10-11 18:00:00,1049.0,20.2
2023-10-11 19:00:00,1172.0,19.66
2023-10-11 20:00:00,1169.0,18.75
2023-10-11 21:00:00,1103.0,18.02
2023-10-11 22:00:00,929.0,18.57
2023-10-11 23:00:00,875.0,18.2
2023-10-12 00:00:00,1010.0,16.51
2023-10-12 01:00:00,980.0,16.12
2023-10-12 02:00:00,920.0,15.25
2023-10-12 03:00:00,914.0,15.06
2023-10-12 04:00:00,942.0,14.68
2023-10-12 05:00:00,934.0,14.39
2023-10-12 06:00:00,990.0,14.29
2023-10-12 07:00:00,1171.0,14.1
2023-10-12 08:00:00,1196.0,14.68
2023-10-12 09:00:00,1138.0,15.54
2023-10-12 10:00:00,1138.0,16.79
2023-10-12 11:00:00,1081.0,17.47
2023-10-12 12:00:00,985.0,17.66
2023-10-12 13:00:00,989.0,18.43
2023-10-12 14:00:00,995.0,18.62
2023-10-12 15:00:00,1103.0,18.14
2023-10-12 16:00:00,1160.0,17.56
2023-10-12 17:00:00,1268.0,17.08
2023-10-12 18:00:00,1128.0,16.51
2023-10-12 19:00:00,1244.0,15.93
2023-10-12 20:00:00,1163.0,15.45
2023-10-12 21:00:00,1157.0,15.16
2023-10-12 22:00:00,1008.0,14.87
2023-10-12 23:00:00,963.0,14.58
2023-10-13 00:00:00,1018.0,17.0
2023-10-13 01:00:00,990.0,16.8
2023-10-13 02:00:00,955.0,16.6
2023-10-13 03:00:00,930.0,16.4
2023-10-13 04:00:00,894.0,16.4
2023-10-13 05:00:00,941.0,16.0
2023-10-13 06:00:00,1030.0,15.7
2023-10-13 07:00:00,1195.0,15.2
2023-10-13 08:00:00,1204.0,14.9
2023-10-13 09:00:00,1236.0,15.0
2023-10-13 10:00:00,1157.0,15.8
2023-10-13 11:00:00,1124.0,16.5
2023-10-13 12:00:00,1013.0,17.4
2023-10-13 13:00:00,990.0,17.4
2023-10-13 14:00:00,1122.0,17.7
2023-10-13 15:00:00,1096.0,17.9
2023-10-13 16:00:00,1156.0,18.6
2023-10-13 17:00:00,1245.0,18.4
2023-10-13 18:00:00,1155.0,17.8
2023-10-13 19:00:00,1247.0,17.5
2023-10-13 20:00:00,1190.0,17.0
2023-10-13 21:00:00,1140.0,16.4
2023-10-13 22:00:00,1068.0,15.7
2023-10-13 23:00:00,976.0,15.5
2023-10-14 00:00:00,1038.0,15.3
2023-10-14 01:00:00,1007.0,15.4
2023-10-14 02:00:00,968.0,15.3
2023-10-14 03:00:00,971.0,15.2
2023-10-14 04:00:00,894.0,15.2
2023-10-14 05:00:00,939.0,15.2
2023-10-14 06:00:00,944.0,15.2
2023-10-14 07:00:00,1118.0,14.9
2023-10-14 08:00:00,1231.0,15.1
2023-10-14 09:00:00,1227.0,16.0
2023-10-14 10:00:00,1129.0,17.2
2023-10-14 11:00:00,1098.0,19.1
2023-10-14 12:00:00,1033.0,21.3
2023-10-14 13:00:00,917.0,21.9
2023-10-14 14:00:00,1022.0,24.0
2023-10-14 15:00:00,1127.0,24.6
2023-10-14 16:00:00,1181.0,25.1
2023-10-14 17:00:00,1223.0,24.8
2023-10-14 18:00:00,1138.0,23.2
2023-10-14 19:00:00,1232.0,19.0
2023-10-14 20:00:00,1187.0,17.8
2023-10-14 21:00:00,1136.0,16.5
2023-10-14 22:00:00,1057.0,15.5
2023-10-14 23:00:00,978.0,14.9
2023-10-15 00:00:00,1093.0,14.2
2023-10-15 01:00:00,1001.0,13.8
2023-10-15 02:00:00,957.0,13.5
2023-10-15 03:00:00,930.0,13.5
2023-10-15 04:00:00,880.0,13.0
2023-10-15 05:00:00,932.0,12.9
2023-10-15 06:00:00,968.0,12.8
2023-10-15 07:00:00,1144.0,12.1
2023-10-15 08:00:00,1194.0,13.8
2023-10-15 09:00:00,1155.0,15.8
2023-10-15 10:00:00,1135.0,18.4
2023-10-15 11:00:00,1081.0,22.3
2023-10-15 12:00:00,1064.0,23.8
2023-10-15 13:00:00,958.0,25.7
2023-10-15 14:00:00,1072.0,27.4
2023-10-15 15:00:00,1122.0,28.0
2023-10-15 16:00:00,1157.0,28.6
2023-10-15 17:00:00,1264.0,27.2
2023-10-15 18:00:00,1150.0,25.3
2023-10-15 19:00:00,1245.0,21.0
2023-10-15 20:00:00,1226.0,19.1
2023-10-15 21:00:00,1176.0,18.2
2023-10-15 22:00:00,1027.0,16.8
2023-10-15 23:00:00,957.0,16.4
2023-10-16 00:00:00,1072.0,15.98
2023-10-16 01:00:00,960.0,15.77
2023-10-16 02:00:00,943.0,15.28
2023-10-16 03:00:00,917.0,15.07
2023-10-16 04:00:00,945.0,14.73
2023-10-16 05:00:00,944.0,14.31
2023-10-16 06:00:00,1008.0,14.24
2023-10-16 07:00:00,1222.0,14.24
2023-10-16 08:00:00,1221.0,15.14
2023-10-16 09:00:00,1200.0,17.3
2023-10-16 10:00:00,1164.0,19.32
2023-10-16 11:00:00,1098.0,21.55
2023-10-16 12:00:00,1049.0,23.08
2023-10-16 13:00:00,1041.0,24.61
2023-10-16 14:00:00,1114.0,25.23
2023-10-16 15:00:00,1142.0,26.0
2023-10-16 16:00:00,1184.0,25.51
2023-10-16 17:00:00,1197.0,25.03
2023-10-16 18:00:00,1178.0,23.7
2023-10-16 19:00:00,1273.0,20.99
2023-10-16 20:00:00,1275.0,19.6
2023-10-16 21:00:00,1206.0,18.69
2023-10-16 22:00:00,1049.0,18.34
2023-10-16 23:00:00,946.0,17.79
2023-10-17 00:00:00,1044.0,16.06
2023-10-17 01:00:00,1060.0,14.96
2023-10-17 02:00:00,983.0,14.45
2023-10-17 03:00:00,998.0,13.78
2023-10-17 04:00:00,944.0,13.27
2023-10-17 05:00:00,956.0,12.42
2023-10-17 06:00:00,1029.0,12.51
2023-10-17 07:00:00,1237.0,12.17
2023-10-17 08:00:00,1211.0,14.37
2023-10-17 09:00:00,1199.0,16.99
2023-10-17 10:00:00,1175.0,19.61
2023-10-17 11:00:00,1117.0,21.73
2023-10-17 12:00:00,1005.0,22.82
2023-10-17 13:00:00,1062.0,24.43
2023-10-17 14:00:00,1054.0,25.53
2023-10-17 15:00:00,1112.0,26.17
2023-10-17 16:00:00,1217.0,26.29
2023-10-17 17:00:00,1230.0,26.38
2023-10-17 18:00:00,1129.0,23.59
2023-10-17 19:00:00,1243.0,20.46
2023-10-17 20:00:00,1230.0,18.34
2023-10-17 21:00:00,1150.0,17.5
2023-10-17 22:00:00,994.0,16.48
2023-10-17 23:00:00,940.0,16.48
2023-10-18 00:00:00,1011.0,17.9
2023-10-18 01:00:00,962.0,16.5
2023-10-18 02:00:00,948.0,16.0
2023-10-18 03:00:00,896.0,15.9
2023-10-18 04:00:00,908.0,15.9
2023-10-18 05:00:00,899.0,15.6
2023-10-18 06:00:00,997.0,15.2
2023-10-18 07:00:00,1197.0,14.9
2023-10-18 08:00:00,1197.0,16.7
2023-10-18 09:00:00,1200.0,20.0
2023-10-18 10:00:00,1105.0,22.9
2023-10-18 11:00:00,1015.0,26.1
2023-10-18 12:00:00,961.0,28.3
2023-10-18 13:00:00,925.0,30.3
2023-10-18 14:00:00,1034.0,31.1
2023-10-18 15:00:00,1105.0,31.0
2023-10-18 16:00:00,1169.0,31.4
2023-10-18 17:00:00,1231.0,31.4
2023-10-18 18:00:00,1136.0,28.8
2023-10-18 19:00:00,1187.0,25.3
2023-10-18 20:00:00,1200.0,24.1
2023-10-18 21:00:00,1177.0,22.9
2023-10-18 22:00:00,995.0,22.33
2023-10-18 23:00:00,911.0,21.6
2023-10-19 00:00:00,1034.0,20.6
2023-10-19 01:00:00,951.0,20.3
2023-10-19 02:00:00,936.0,19.4
2023-10-19 03:00:00,878.0,19.3
2023-10-19 04:00:00,884.0,18.8
2023-10-19 05:00:00,851.0,18.6
2023-10-19 06:00:00,958.0,18.6
2023-10-19 07:00:00,1139.0,17.6
2023-10-19 08:00:00,1140.0,19.9
2023-10-19 09:00:00,1178.0,21.6
2023-10-19 10:00:00,1157.0,23.6
2023-10-19 11:00:00,1115.0,24.9
2023-10-19 12:00:00,988.0,27.0
2023-10-19 13:00:00,1018.0,28.2
2023-10-19 14:00:00,1068.0,28.6
2023-10-19 15:00:00,1125.0,29.1
2023-10-19 16:00:00,1147.0,27.7
2023-10-19 17:00:00,1235.0,25.9
2023-10-19 18:00:00,1182.0,22.7
2023-10-19 19:00:00,1255.0,20.6
2023-10-19 20:00:00,1178.0,19.8
2023-10-19 21:00:00,1150.0,18.5
2023-10-19 22:00:00,1050.0,16.44
2023-10-19 23:00:00,911.0,15.4
2023-10-20 00:00:00,1028.0,15.3
2023-10-20 01:00:00,977.0,15.0
2023-10-20 02:00:00,926.0,15.0
2023-10-20 03:00:00,900.0,14.6
2023-10-20 04:00:00,888.0,14.4
2023-10-20 05:00:00,935.0,14.0
2023-10-20 06:00:00,960.0,13.8
2023-10-20 07:00:00,1180.0,13.7
2023-10-20 08:00:00,1230.0,14.0
2023-10-20 09:00:00,1142.0,15.3
2023-10-20 10:00:00,1124.0,17.8
2023-10-20 11:00:00,1103.0,19.5
2023-10-20 12:00:00,959.0,20.6
2023-10-20 13:00:00,980.0,21.5
2023-10-20 14:00:00,964.0,22.7
2023-10-20 15:00:00,1050.0,22.7
2023-10-20 16:00:00,1056.0,23.0
2023-10-20 17:00:00,1217.0,22.0
2023-10-20 18:00:00,1094.0,20.3
2023-10-20 19:00:00,1171.0,18.9
2023-10-20 20:00:00,1161.0,18.1
2023-10-20 21:00:00,1120.0,16.0
2023-10-20 22:00:00,1032.0,15.1
2023-10-20 23:00:00,946.0,14.1
2023-10-21 00:00:00,1033.0,13.7
2023-10-21 01:00:00,928.0,12.9
2023-10-21 02:00:00,924.0,12.1
2023-10-21 03:00:00,912.0,11.8
2023-10-21 04:00:00,927.0,14.4
2023-10-21 05:00:00,927.0,10.8
2023-10-21 06:00:00,932.0,10.1
2023-10-21 07:00:00,1090.0,10.4
2023-10-21 08:00:00,1220.0,12.6
2023-10-21 09:00:00,1158.0,15.7
2023-10-21 10:00:00,1119.0,18.6
2023-10-21 11:00:00,1074.0,20.8
2023-10-21 12:00:00,1017.0,22.1
2023-10-21 13:00:00,1017.0,22.7
2023-10-21 14:00:00,1034.0,23.6
2023-10-21 15:00:00,1152.0,24.2
2023-10-21 16:00:00,1122.0,24.3
2023-10-21 17:00:00,1201.0,23.5
2023-10-21 18:00:00,1153.0,21.8
2023-10-21 19:00:00,1269.0,19.0
2023-10-21 20:00:00,1187.0,18.3
2023-10-21 21:00:00,1142.0,17.4
2023-10-21 22:00:00,1048.0,16.6
2023-10-21 23:00:00,970.0,14.8
2023-10-22 00:00:00,1022.0,14.8
2023-10-22 01:00:00,1001.0,13.7
2023-10-22 02:00:00,972.0,13.3
2023-10-22 03:00:00,909.0,11.9
2023-10-22 04:00:00,956.0,12.6
2023-10-22 05:00:00,945.0,11.6
2023-10-22 06:00:00,953.0,10.9
2023-10-22 07:00:00,1178.0,10.7
2023-10-22 08:00:00,1174.0,12.3
2023-10-22 09:00:00,1178.0,16.9
2023-10-22 10:00:00,1188.0,19.0
2023-10-22 11:00:00,1091.0,21.2
2023-10-22 12:00:00,1064.0,22.8
2023-10-22 13:00:00,958.0,24.4
2023-10-22 14:00:00,1061.0,25.4
2023-10-22 15:00:00,1122.0,26.1
2023-10-22 16:00:00,1202.0,25.7
2023-10-22 17:00:00,1245.0,24.4
2023-10-22 18:00:00,1178.0,22.7
2023-10-22 19:00:00,1333.0,22.1
2023-10-22 20:00:00,1297.0,20.1
2023-10-22 21:00:00,1198.0,18.4
2023-10-22 22:00:00,1046.0,17.3
2023-10-22 23:00:00,948.0,15.2
2023-10-23 00:00:00,1070.0,14.7
2023-10-23 01:00:00,968.0,14.4
2023-10-23 02:00:00,981.0,14.0
2023-10-23 03:00:00,938.0,13.1
2023-10-23 04:00:00,902.0,12.6
2023-10-23 05:00:00,928.0,12.6
2023-10-23 06:00:00,1024.0,12.0
2023-10-23 07:00:00,1231.0,11.4
2023-10-23 08:00:00,1212.0,13.3
2023-10-23 09:00:00,1204.0,17.7
2023-10-23 10:00:00,1155.0,20.0
2023-10-23 11:00:00,1130.0,22.6
2023-10-23 12:00:00,953.0,25.0
2023-10-23 13:00:00,953.0,26.1
2023-10-23 14:00:00,1028.0,27.1
2023-10-23 15:00:00,1136.0,28.0
2023-10-23 16:00:00,1172.0,28.3
2023-10-23 17:00:00,1214.0,27.7
2023-10-23 18:00:00,1166.0,25.3
2023-10-23 19:00:00,1233.0,22.2
2023-10-23 20:00:00,1194.0,22.1
2023-10-23 21:00:00,1126.0,21.2
2023-10-23 22:00:00,1026.0,19.1
2023-10-23 23:00:00,935.0,19.1
2023-10-24 00:00:00,1044.0,18.9
2023-10-24 01:00:00,971.0,17.3
2023-10-24 02:00:00,1000.0,17.0
2023-10-24 03:00:00,949.0,17.0
2023-10-24 04:00:00,963.0,17.2
2023-10-24 05:00:00,964.0,16.4
2023-10-24 06:00:00,1012.0,16.3
2023-10-24 07:00:00,1199.0,16.3
2023-10-24 08:00:00,1195.0,16.8
2023-10-24 09:00:00,1206.0,18.7
2023-10-24 10:00:00,1197.0,21.0
2023-10-24 11:00:00,1174.0,23.75
2023-10-24 12:00:00,981.0,26.9
2023-10-24 13:00:00,975.0,27.5
2023-10-24 14:00:00,999.0,27.4
2023-10-24 15:00:00,1131.0,28.0
2023-10-24 16:00:00,1207.0,28.3
2023-10-24 17:00:00,1214.0,27.07
2023-10-24 18:00:00,1171.0,26.0
2023-10-24 19:00:00,1255.0,24.5
2023-10-24 20:00:00,1199.0,23.5
2023-10-24 21:00:00,1174.0,22.7
2023-10-24 22:00:00,1029.0,22.5
2023-10-24 23:00:00,943.0,21.7
2023-10-25 00:00:00,1091.0,21.4
2023-10-25 01:00:00,1045.0,21.2
2023-10-25 02:00:00,1039.0,21.4
2023-10-25 03:00:00,1010.0,20.3
2023-10-25 04:00:00,935.0,20.4
2023-10-25 05:00:00,913.0,19.6
2023-10-25 06:00:00,1012.0,19.4
2023-10-25 07:00:00,1216.0,19.0
2023-10-25 08:00:00,1286.0,19.8
2023-10-25 09:00:00,1195.0,21.0
2023-10-25 10:00:00,1240.0,22.0
2023-10-25 11:00:00,1193.0,23.1
2023-10-25 12:00:00,1040.0,23.3
2023-10-25 13:00:00,1018.0,24.3
2023-10-25 14:00:00,1029.0,25.3
2023-10-25 15:00:00,1157.0,26.5
2023-10-25 16:00:00,1211.0,25.3
2023-10-25 17:00:00,1249.0,23.8
2023-10-25 18:00:00,1187.0,21.8
2023-10-25 19:00:00,1295.0,20.3
2023-10-25 20:00:00,1193.0,19.8
2023-10-25 21:00:00,1135.0,19.3
2023-10-25 22:00:00,1017.0,19.1
2023-10-25 23:00:00,939.0,18.9
2023-10-26 00:00:00,1074.0,18.8
2023-10-26 01:00:00,995.0,18.7
2023-10-26 02:00:00,962.0,18.7
2023-10-26 03:00:00,954.0,18.7
2023-10-26 04:00:00,927.0,18.6
2023-10-26 05:00:00,965.0,18.5
2023-10-26 06:00:00,1014.0,18.5
2023-10-26 07:00:00,1203.0,18.3
2023-10-26 08:00:00,1203.0,18.5
2023-10-26 09:00:00,1203.0,18.8
2023-10-26 10:00:00,1184.0,18.88
2023-10-26 11:00:00,1186.0,18.96
2023-10-26 12:00:00,1011.0,19.04
2023-10-26 13:00:00,988.0,19.1
2023-10-26 14:00:00,1071.0,19.2
2023-10-26 15:00:00,1117.0,18.9
2023-10-26 16:00:00,1222.0,18.8
2023-10-26 17:00:00,1263.0,18.8
2023-10-26 18:00:00,1221.0,18.4
2023-10-26 19:00:00,1211.0,17.7
2023-10-26 20:00:00,1127.0,16.7
2023-10-26 21:00:00,1089.0,16.8
2023-10-26 22:00:00,1000.0,16.8
2023-10-26 23:00:00,927.0,16.9
2023-10-27 00:00:00,1007.0,16.9
2023-10-27 01:00:00,943.0,16.8
2023-10-27 02:00:00,901.0,16.7
2023-10-27 03:00:00,895.0,16.6
2023-10-27 04:00:00,884.0,16.6
2023-10-27 05:00:00,901.0,16.5
2023-10-27 06:00:00,961.0,16.4
2023-10-27 07:00:00,1158.0,16.1
2023-10-27 08:00:00,1193.0,15.8
2023-10-27 09:00:00,1156.0,15.9
2023-10-27 10:00:00,1133.0,16.2
2023-10-27 11:00:00,1092.0,16.2
2023-10-27 12:00:00,1042.0,16.3
2023-10-27 13:00:00,960.0,16.4
2023-10-27 14:00:00,1010.0,16.5
2023-10-27 15:00:00,1096.0,17.2
2023-10-27 16:00:00,1169.0,17.4
2023-10-27 17:00:00,1232.0,17.3
2023-10-27 18:00:00,1161.0,17.1
2023-10-27 19:00:00,1238.0,16.8
2023-10-27 20:00:00,1134.0,16.3
2023-10-27 21:00:00,1102.0,16.3
2023-10-27 22:00:00,1042.0,16.3
2023-10-27 23:00:00,924.0,16.2
2023-10-28 00:00:00,1077.0,16.2
2023-10-28 01:00:00,951.0,16.2
2023-10-28 02:00:00,917.0,16.1
2023-10-28 03:00:00,902.0,16.0
2023-10-28 04:00:00,893.0,15.5
2023-10-28 05:00:00,901.0,14.8
2023-10-28 06:00:00,912.0,14.0
2023-10-28 07:00:00,1087.0,13.9
2023-10-28 08:00:00,1180.0,14.4
2023-10-28 09:00:00,1181.0,16.4
2023-10-28 10:00:00,1163.0,18.7
2023-10-28 11:00:00,1042.0,19.9
2023-10-28 12:00:00,976.0,21.2
2023-10-28 13:00:00,1006.0,21.5
2023-10-28 14:00:00,1022.0,21.8
2023-10-28 15:00:00,1091.0,21.8
2023-10-28 16:00:00,1160.0,21.5
2023-10-28 17:00:00,1203.0,21.4
2023-10-28 18:00:00,1147.0,19.9
2023-10-28 19:00:00,1236.0,17.8
2023-10-28 20:00:00,1185.0,16.8
2023-10-28 21:00:00,1150.0,16.2
2023-10-28 22:00:00,1023.0,16.2
2023-10-28 23:00:00,952.0,14.9
2023-10-29 00:00:00,1021.0,15.2
2023-10-29 01:00:00,905.0,14.0
2023-10-29 02:00:00,886.0,13.6
2023-10-29 03:00:00,894.0,13.3
2023-10-29 04:00:00,894.0,13.4
2023-10-29 05:00:00,903.0,13.2
2023-10-29 06:00:00,955.0,12.8
2023-10-29 07:00:00,1086.0,13.0
2023-10-29 08:00:00,1215.0,14.1
2023-10-29 09:00:00,1198.0,15.6
2023-10-29 10:00:00,1191.0,17.6
2023-10-29 11:00:00,1100.0,19.7
2023-10-29 12:00:00,1015.0,22.5
2023-10-29 13:00:00,966.0,23.9
2023-10-29 14:00:00,1072.0,25.1
2023-10-29 15:00:00,1120.0,25.6
2023-10-29 16:00:00,1163.0,25.4
2023-10-29 17:00:00,1262.0,24.4
2023-10-29 18:00:00,1230.0,22.0
2023-10-29 19:00:00,1305.0,19.3
2023-10-29 20:00:00,1241.0,18.1
2023-10-29 21:00:00,1151.0,16.9
2023-10-29 22:00:00,1066.0,16.2
2023-10-29 23:00:00,926.0,15.3
2023-10-30 00:00:00,1016.0,15.1
2023-10-30 01:00:00,964.0,14.6
2023-10-30 02:00:00,927.0,14.2
2023-10-30 03:00:00,953.0,14.0
2023-10-30 04:00:00,937.0,13.6
2023-10-30 05:00:00,941.0,13.2
2023-10-30 06:00:00,1005.0,12.9
2023-10-30 07:00:00,1177.0,12.8
2023-10-30 08:00:00,1193.0,14.0
2023-10-30 09:00:00,1195.0,16.4
2023-10-30 10:00:00,1164.0,19.3
2023-10-30 11:00:00,1064.0,22.3
2023-10-30 12:00:00,967.0,24.0
2023-10-30 13:00:00,929.0,25.8
2023-10-30 14:00:00,1070.0,26.3
2023-10-30 15:00:00,1152.0,26.9
2023-10-30 16:00:00,1187.0,27.3
2023-10-30 17:00:00,1281.0,26.3
2023-10-30 18:00:00,1200.0,23.1
2023-10-30 19:00:00,1251.0,19.7
2023-10-30 20:00:00,1212.0,18.3
2023-10-30 21:00:00,1220.0,17.3
2023-10-30 22:00:00,1019.0,16.3
2023-10-30 23:00:00,940.0,15.8
2023-10-31 00:00:00,1065.0,14.8
2023-10-31 01:00:00,1001.0,14.3
2023-10-31 02:00:00,962.0,13.7
2023-10-31 03:00:00,919.0,13.8
2023-10-31 04:00:00,919.0,13.1
2023-10-31 05:00:00,950.0,12.6
2023-10-31 06:00:00,990.0,12.5
2023-10-31 07:00:00,1237.0,12.6
2023-10-31 08:00:00,1282.0,13.0
2023-10-31 09:00:00,1215.0,16.3
2023-10-31 10:00:00,1168.0,19.6
2023-10-31 11:00:00,1113.0,22.5
2023-10-31 12:00:00,978.0,24.2
2023-10-31 13:00:00,933.0,25.7
2023-10-31 14:00:00,1047.0,27.4
2023-10-31 15:00:00,1141.0,27.6
2023-10-31 16:00:00,1210.0,27.9
2023-10-31 17:00:00,1244.0,26.5
2023-10-31 18:00:00,1203.0,23.1
2023-10-31 19:00:00,1267.0,21.1
2023-10-31 20:00:00,1215.0,18.9
2023-10-31 21:00:00,1214.0,17.6
2023-10-31 22:00:00,1041.0,16.6
2023-10-31 23:00:00,983.0,16.1
2023-11-01 00:00:00,1044.0,15.5
2023-11-01 01:00:00,1012.0,14.6
2023-11-01 02:00:00,967.0,14.5
2023-11-01 03:00:00,957.0,13.7
2023-11-01 04:00:00,905.0,13.3
2023-11-01 05:00:00,934.0,14.1
2023-11-01 06:00:00,989.0,12.9
2023-11-01 07:00:00,1174.0,13.4
2023-11-01 08:00:00,1252.0,14.3
2023-11-01 09:00:00,1217.0,16.8
2023-11-01 10:00:00,1154.0,19.2
2023-11-01 11:00:00,1118.0,22.2
2023-11-01 12:00:00,999.0,24.5
2023-11-01 13:00:00,986.0,26.3
2023-11-01 14:00:00,1002.0,27.5
2023-11-01 15:00:00,1056.0,27.9
2023-11-01 16:00:00,1107.0,28.5
2023-11-01 17:00:00,1131.0,27.9
2023-11-01 18:00:00,1232.0,24.3
2023-11-01 19:00:00,1240.0,20.8
2023-11-01 20:00:00,1202.0,18.9
2023-11-01 21:00:00,1149.0,17.3
2023-11-01 22:00:00,1020.0,16.9
2023-11-01 23:00:00,981.0,16.6
2023-11-02 00:00:00,956.0,16.4
2023-11-02 01:00:00,886.0,16.3
2023-11-02 02:00:00,873.0,15.0
2023-11-02 03:00:00,848.0,14.8
2023-11-02 04:00:00,829.0,14.5
2023-11-02 05:00:00,877.0,14.4
2023-11-02 06:00:00,905.0,13.3
2023-11-02 07:00:00,1123.0,13.2
2023-11-02 08:00:00,1117.0,14.2
2023-11-02 09:00:00,1080.0,18.0
2023-11-02 10:00:00,1123.0,21.2
2023-11-02 11:00:00,1086.0,24.2
2023-11-02 12:00:00,999.0,25.7
2023-11-02 13:00:00,978.0,26.8
2023-11-02 14:00:00,1013.0,27.3
2023-11-02 15:00:00,1024.0,28.2
2023-11-02 16:00:00,1129.0,28.4
2023-11-02 17:00:00,1178.0,28.4
2023-11-02 18:00:00,1137.0,25.0
2023-11-02 19:00:00,1226.0,21.9
2023-11-02 20:00:00,1177.0,20.8
2023-11-02 21:00:00,1093.0,19.4
2023-11-02 22:00:00,1030.0,19.1
2023-11-02 23:00:00,945.0,18.4
2023-11-03 00:00:00,996.0,18.9
2023-11-03 01:00:00,933.0,18.2
2023-11-03 02:00:00,915.0,18.1
2023-11-03 03:00:00,831.0,17.2
2023-11-03 04:00:00,870.0,16.7
2023-11-03 05:00:00,846.0,16.5
2023-11-03 06:00:00,949.0,16.4
2023-11-03 07:00:00,1079.0,16.8
2023-11-03 08:00:00,1153.0,16.9
2023-11-03 09:00:00,1114.0,18.8
2023-11-03 10:00:00,1182.0,23.0
2023-11-03 11:00:00,1104.0,24.5
2023-11-03 12:00:00,1029.0,25.1
2023-11-03 13:00:00,903.0,26.1
2023-11-03 14:00:00,1047.0,25.7
2023-11-03 15:00:00,1039.0,26.1
2023-11-03 16:00:00,1142.0,25.9
2023-11-03 17:00:00,1202.0,25.3
2023-11-03 18:00:00,1151.0,23.8
2023-11-03 19:00:00,1244.0,23.4
2023-11-03 20:00:00,1212.0,23.4
2023-11-03 21:00:00,1100.0,22.2
2023-11-03 22:00:00,1081.0,20.6
2023-11-03 23:00:00,936.0,20.4
2023-11-04 00:00:00,1013.0,20.2
2023-11-04 01:00:00,911.0,18.0
2023-11-04 02:00:00,912.0,15.3
2023-11-04 03:00:00,838.0,13.8
2023-11-04 04:00:00,864.0,13.2
2023-11-04 05:00:00,888.0,13.1
2023-11-04 06:00:00,920.0,13.0
2023-11-04 07:00:00,1000.0,13.1
2023-11-04 08:00:00,1135.0,13.0
2023-11-04 09:00:00,1176.0,13.5
2023-11-04 10:00:00,1163.0,13.9
2023-11-04 11:00:00,1118.0,14.2
2023-11-04 12:00:00,1018.0,14.8
2023-11-04 13:00:00,969.0,15.2
2023-11-04 14:00:00,1065.0,15.8
2023-11-04 15:00:00,1092.0,16.0
2023-11-04 16:00:00,1159.0,15.9
2023-11-04 17:00:00,1160.0,15.6
2023-11-04 18:00:00,1181.0,15.0
2023-11-04 19:00:00,1200.0,14.3
2023-11-04 20:00:00,1173.0,13.9
2023-11-04 21:00:00,1105.0,14.1
2023-11-04 22:00:00,1029.0,14.3
2023-11-04 23:00:00,919.0,14.2
2023-11-05 00:00:00,1005.0,14.3
2023-11-05 01:00:00,905.0,14.1
2023-11-05 02:00:00,884.0,14.1
2023-11-05 03:00:00,888.0,13.9
2023-11-05 04:00:00,872.0,13.5
2023-11-05 05:00:00,834.0,13.3
2023-11-05 06:00:00,916.0,13.5
2023-11-05 07:00:00,997.0,14.0
2023-11-05 08:00:00,1133.0,14.6
2023-11-05 09:00:00,1116.0,16.4
2023-11-05 10:00:00,1139.0,18.6
2023-11-05 11:00:00,1076.0,20.6
2023-11-05 12:00:00,995.0,21.2
2023-11-05 13:00:00,1002.0,22.6
2023-11-05 14:00:00,1085.0,21.9
2023-11-05 15:00:00,1103.0,20.8
2023-11-05 16:00:00,1140.0,22.2
2023-11-05 17:00:00,1208.0,21.9
2023-11-05 18:00:00,1209.0,20.4
2023-11-05 19:00:00,1302.0,19.1
2023-11-05 20:00:00,1207.0,18.7
2023-11-05 21:00:00,1128.0,18.5
2023-11-05 22:00:00,1034.0,18.5
2023-11-05 23:00:00,941.0,18.0
2023-11-06 00:00:00,1002.0,17.7
2023-11-06 01:00:00,901.0,16.8
2023-11-06 02:00:00,870.0,16.6
2023-11-06 03:00:00,842.0,15.5
2023-11-06 04:00:00,863.0,14.5
2023-11-06 05:00:00,897.0,13.9
2023-11-06 06:00:00,950.0,13.4
2023-11-06 07:00:00,1125.0,12.6
2023-11-06 08:00:00,1209.0,13.5
2023-11-06 09:00:00,1158.0,16.2
2023-11-06 10:00:00,1141.0,16.8
2023-11-06 11:00:00,1098.0,17.8
2023-11-06 12:00:00,1031.0,19.9
2023-11-06 13:00:00,997.0,21.0
2023-11-06 14:00:00,1042.0,22.0
2023-11-06 15:00:00,1032.0,22.6
2023-11-06 16:00:00,1067.0,22.5
2023-11-06 17:00:00,1186.0,22.1
2023-11-06 18:00:00,1177.0,19.3
2023-11-06 19:00:00,1227.0,16.7
2023-11-06 20:00:00,1156.0,14.2
2023-11-06 21:00:00,1131.0,13.5
2023-11-06 22:00:00,1022.0,12.3
2023-11-06 23:00:00,911.0,11.3
2023-11-07 00:00:00,987.0,10.6
2023-11-07 01:00:00,924.0,10.4
2023-11-07 02:00:00,887.0,9.5
2023-11-07 03:00:00,907.0,9.5
2023-11-07 04:00:00,913.0,9.2
2023-11-07 05:00:00,886.0,8.7
2023-11-07 06:00:00,983.0,8.9
2023-11-07 07:00:00,1153.0,9.2
2023-11-07 08:00:00,1219.0,10.5
2023-11-07 09:00:00,1135.0,11.9
2023-11-07 10:00:00,1198.0,13.2
2023-11-07 11:00:00,1118.0,15.3
2023-11-07 12:00:00,1008.0,17.5
2023-11-07 13:00:00,1010.0,18.1
2023-11-07 14:00:00,983.0,19.0
2023-11-07 15:00:00,1061.0,19.3
2023-11-07 16:00:00,1133.0,19.1
2023-11-07 17:00:00,1219.0,18.9
2023-11-07 18:00:00,1266.0,17.9
2023-11-07 19:00:00,1245.0,17.0
2023-11-07 20:00:00,1192.0,16.2
2023-11-07 21:00:00,1139.0,16.4
2023-11-07 22:00:00,1006.0,16.4
2023-11-07 23:00:00,911.0,16.3
2023-11-08 00:00:00,987.0,16.0
2023-11-08 01:00:00,895.0,16.1
2023-11-08 02:00:00,905.0,14.6
2023-11-08 03:00:00,871.0,14.9
2023-11-08 04:00:00,826.0,14.7
2023-11-08 05:00:00,858.0,14.8
2023-11-08 06:00:00,924.0,14.7
2023-11-08 07:00:00,1127.0,14.7
2023-11-08 08:00:00,1140.0,15.0
2023-11-08 09:00:00,1167.0,15.8
2023-11-08 10:00:00,1144.0,16.9
2023-11-08 11:00:00,1106.0,18.7
2023-11-08 12:00:00,1033.0,18.9
2023-11-08 13:00:00,942.0,19.5
2023-11-08 14:00:00,966.0,20.9
2023-11-08 15:00:00,1035.0,20.5
2023-11-08 16:00:00,1169.0,20.5
2023-11-08 17:00:00,1219.0,20.2
2023-11-08 18:00:00,1235.0,19.3
2023-11-08 19:00:00,1236.0,18.7
2023-11-08 20:00:00,1185.0,18.2
2023-11-08 21:00:00,1134.0,17.9
2023-11-08 22:00:00,1069.0,17.6
2023-11-08 23:00:00,947.0,17.7
2023-11-09 00:00:00,967.0,17.3
2023-11-09 01:00:00,926.0,16.7
2023-11-09 02:00:00,883.0,16.1
2023-11-09 03:00:00,897.0,16.4
2023-11-09 04:00:00,845.0,16.3
2023-11-09 05:00:00,836.0,16.5
2023-11-09 06:00:00,915.0,16.6
2023-11-09 07:00:00,1055.0,16.7
2023-11-09 08:00:00,1148.0,16.9
2023-11-09 09:00:00,1132.0,17.0
2023-11-09 10:00:00,1186.0,17.5
2023-11-09 11:00:00,1134.0,18.2
2023-11-09 12:00:00,1057.0,18.8
2023-11-09 13:00:00,1001.0,19.1
2023-11-09 14:00:00,1018.0,19.2
2023-11-09 15:00:00,1095.0,19.0
2023-11-09 16:00:00,1154.0,19.4
2023-11-09 17:00:00,1197.0,19.4
2023-11-09 18:00:00,1152.0,19.0
2023-11-09 19:00:00,1185.0,18.5
2023-11-09 20:00:00,1105.0,18.5
2023-11-09 21:00:00,1112.0,18.0
2023-11-09 22:00:00,1012.0,17.7
2023-11-09 23:00:00,947.0,17.5
2023-11-10 00:00:00,991.0,16.6
2023-11-10 01:00:00,915.0,16.2
2023-11-10 02:00:00,869.0,16.3
2023-11-10 03:00:00,912.0,16.5
2023-11-10 04:00:00,807.0,16.6
2023-11-10 05:00:00,877.0,16.4
2023-11-10 06:00:00,933.0,15.6
2023-11-10 07:00:00,1070.0,15.0
2023-11-10 08:00:00,1224.0,14.9
2023-11-10 09:00:00,1136.0,15.0
2023-11-10 10:00:00,1265.0,15.1
2023-11-10 11:00:00,1193.0,14.7
2023-11-10 12:00:00,1039.0,14.7
2023-11-10 13:00:00,1015.0,14.0
2023-11-10 14:00:00,1031.0,13.7
2023-11-10 15:00:00,1092.0,13.6
2023-11-10 16:00:00,1246.0,13.3
2023-11-10 17:00:00,1288.0,13.3
2023-11-10 18:00:00,1224.0,13.1
2023-11-10 19:00:00,1253.0,12.5
2023-11-10 20:00:00,1211.0,12.3
2023-11-10 21:00:00,1148.0,11.6
2023-11-10 22:00:00,1029.0,11.5
2023-11-10 23:00:00,966.0,11.1
2023-11-11 00:00:00,992.0,10.8
2023-11-11 01:00:00,944.0,10.1
2023-11-11 02:00:00,908.0,10.0
2023-11-11 03:00:00,856.0,9.9
2023-11-11 04:00:00,892.0,9.8
2023-11-11 05:00:00,875.0,9.7
2023-11-11 06:00:00,895.0,9.5
2023-11-11 07:00:00,995.0,9.3
2023-11-11 08:00:00,1229.0,9.1
2023-11-11 09:00:00,1208.0,9.1
2023-11-11 10:00:00,1247.0,9.1
2023-11-11 11:00:00,1258.0,9.1
2023-11-11 12:00:00,1160.0,9.1
2023-11-11 13:00:00,1105.0,9.1
2023-11-11 14:00:00,1215.0,9.0
2023-11-11 15:00:00,1142.0,9.2
2023-11-11 16:00:00,1324.0,8.4
2023-11-11 17:00:00,1357.0,8.1
2023-11-11 18:00:00,1363.0,7.8
2023-11-11 19:00:00,1314.0,7.6
2023-11-11 20:00:00,1274.0,7.5
2023-11-11 21:00:00,1226.0,7.3
2023-11-11 22:00:00,1106.0,7.2
2023-11-11 23:00:00,1033.0,6.9
2023-11-12 00:00:00,1087.0,6.8
2023-11-12 01:00:00,999.0,6.7
2023-11-12 02:00:00,934.0,6.3
2023-11-12 03:00:00,939.0,6.5
2023-11-12 04:00:00,910.0,6.2
2023-11-12 05:00:00,913.0,6.0
2023-11-12 06:00:00,925.0,6.0
2023-11-12 07:00:00,1029.0,5.9
2023-11-12 08:00:00,1220.0,5.9
2023-11-12 09:00:00,1380.0,6.2
2023-11-12 10:00:00,1427.0,6.4
2023-11-12 11:00:00,1355.0,6.6
2023-11-12 12:00:00,1300.0,6.3
2023-11-12 13:00:00,1233.0,6.3
2023-11-12 14:00:00,1282.0,6.3
2023-11-12 15:00:00,1358.0,6.2
2023-11-12 16:00:00,1479.0,6.1
2023-11-12 17:00:00,1528.0,6.1
2023-11-12 18:00:00,1451.0,6.1
2023-11-12 19:00:00,1477.0,6.0
2023-11-12 20:00:00,1477.0,6.1
2023-11-12 21:00:00,1414.0,6.2
2023-11-12 22:00:00,1221.0,6.3
2023-11-12 23:00:00,1100.0,6.2
2023-11-13 00:00:00,1082.0,6.4
2023-11-13 01:00:00,1006.0,6.4
2023-11-13 02:00:00,928.0,6.3
2023-11-13 03:00:00,928.0,6.5
2023-11-13 04:00:00,868.0,6.6
2023-11-13 05:00:00,895.0,6.7
2023-11-13 06:00:00,909.0,6.4
2023-11-13 07:00:00,1144.0,6.1
2023-11-13 08:00:00,1321.0,6.0
2023-11-13 09:00:00,1401.0,6.0
2023-11-13 10:00:00,1464.0,6.3
2023-11-13 11:00:00,1410.0,7.2
2023-11-13 12:00:00,1312.0,8.2
2023-11-13 13:00:00,1269.0,9.6
2023-11-13 14:00:00,1326.0,10.0
2023-11-13 15:00:00,1308.0,10.0
2023-11-13 16:00:00,1359.0,10.1
2023-11-13 17:00:00,1450.0,9.8
2023-11-13 18:00:00,1426.0,9.1
2023-11-13 19:00:00,1507.0,8.8
2023-11-13 20:00:00,1460.0,8.5
2023-11-13 21:00:00,1413.0,8.3
2023-11-13 22:00:00,1247.0,8.2
2023-11-13 23:00:00,1109.0,7.9
2023-11-14 00:00:00,1148.0,7.7
2023-11-14 01:00:00,1015.0,6.4
2023-11-14 02:00:00,946.0,5.8
2023-11-14 03:00:00,954.0,6.2
2023-11-14 04:00:00,921.0,6.4
2023-11-14 05:00:00,927.0,6.3
2023-11-14 06:00:00,993.0,6.3
2023-11-14 07:00:00,1245.0,6.4
2023-11-14 08:00:00,1387.0,6.7
2023-11-14 09:00:00,1400.0,7.1
2023-11-14 10:00:00,1403.0,8.1
2023-11-14 11:00:00,1349.0,9.1
2023-11-14 12:00:00,1267.0,10.2
2023-11-14 13:00:00,1208.0,10.9
2023-11-14 14:00:00,1286.0,11.1
2023-11-14 15:00:00,1290.0,11.0
2023-11-14 16:00:00,1360.0,10.7
2023-11-14 17:00:00,1432.0,10.4
2023-11-14 18:00:00,1451.0,10.1
2023-11-14 19:00:00,1497.0,9.5
2023-11-14 20:00:00,1475.0,9.3
2023-11-14 21:00:00,1441.0,9.2
2023-11-14 22:00:00,1251.0,9.1
2023-11-14 23:00:00,1146.0,9.0
2023-11-15 00:00:00,1126.0,8.9
2023-11-15 01:00:00,1043.0,8.6
2023-11-15 02:00:00,1000.0,8.5
2023-11-15 03:00:00,930.0,8.6
2023-11-15 04:00:00,933.0,8.6
2023-11-15 05:00:00,936.0,8.7
2023-11-15 06:00:00,987.0,8.8
2023-11-15 07:00:00,1207.0,8.6
2023-11-15 08:00:00,1333.0,8.9
2023-11-15 09:00:00,1382.0,9.1
2023-11-15 10:00:00,1474.0,8.5
2023-11-15 11:00:00,1471.0,8.5
2023-11-15 12:00:00,1336.0,8.4
2023-11-15 13:00:00,1343.0,8.8
2023-11-15 14:00:00,1340.0,8.5
2023-11-15 15:00:00,1326.0,8.9
2023-11-15 16:00:00,1496.0,8.7
2023-11-15 17:00:00,1564.0,8.8
2023-11-15 18:00:00,1520.0,8.7
2023-11-15 19:00:00,1507.0,8.8
2023-11-15 20:00:00,1489.0,8.8
2023-11-15 21:00:00,1393.0,8.9
2023-11-15 22:00:00,1276.0,8.8
2023-11-15 23:00:00,1115.0,8.9
2023-11-16 00:00:00,1083.0,8.9
2023-11-16 01:00:00,1014.0,9.0
2023-11-16 02:00:00,986.0,9.2
2023-11-16 03:00:00,962.0,9.1
2023-11-16 04:00:00,947.0,9.1
2023-11-16 05:00:00,955.0,9.1
2023-11-16 06:00:00,1003.0,9.1
2023-11-16 07:00:00,1276.0,9.0
2023-11-16 08:00:00,1389.0,9.3
2023-11-16 09:00:00,1352.0,10.4
2023-11-16 10:00:00,1368.0,12.2
2023-11-16 11:00:00,1318.0,13.3
2023-11-16 12:00:00,1170.0,15.4
2023-11-16 13:00:00,1130.0,16.1
2023-11-16 14:00:00,1156.0,16.8
2023-11-16 15:00:00,1193.0,17.3
2023-11-16 16:00:00,1235.0,17.7
2023-11-16 17:00:00,1334.0,17.1
2023-11-16 18:00:00,1372.0,15.2
2023-11-16 19:00:00,1474.0,11.6
2023-11-16 20:00:00,1432.0,10.7
2023-11-16 21:00:00,1392.0,10.6
2023-11-16 22:00:00,1248.0,9.5
2023-11-16 23:00:00,1127.0,8.8
2023-11-17 00:00:00,1135.0,8.2
2023-11-17 01:00:00,1063.0,6.9
2023-11-17 02:00:00,957.0,6.9
2023-11-17 03:00:00,907.0,6.7
2023-11-17 04:00:00,902.0,6.8
2023-11-17 05:00:00,926.0,6.7
2023-11-17 06:00:00,1057.0,6.1
2023-11-17 07:00:00,1272.0,6.6
2023-11-17 08:00:00,1386.0,7.3
2023-11-17 09:00:00,1385.0,7.7
2023-11-17 10:00:00,1412.0,8.4
2023-11-17 11:00:00,1367.0,10.3
2023-11-17 12:00:00,1166.0,15.4
2023-11-17 13:00:00,1132.0,16.1
2023-11-17 14:00:00,1163.0,16.8
2023-11-17 15:00:00,1114.0,17.3
2023-11-17 16:00:00,1374.0,17.7
2023-11-17 17:00:00,1480.0,17.1
2023-11-17 18:00:00,1422.0,15.2
2023-11-17 19:00:00,1468.0,11.6
2023-11-17 20:00:00,1496.0,10.7
2023-11-17 21:00:00,1361.0,10.6
2023-11-17 22:00:00,1306.0,9.5
2023-11-17 23:00:00,1165.0,8.8
2023-11-18 00:00:00,1136.0,8.2
2023-11-18 01:00:00,1057.0,6.9
2023-11-18 02:00:00,1001.0,6.9
2023-11-18 03:00:00,969.0,6.7
2023-11-18 04:00:00,949.0,6.8
2023-11-18 05:00:00,966.0,6.7
2023-11-18 06:00:00,1017.0,6.1
2023-11-18 07:00:00,1150.0,6.6
2023-11-18 08:00:00,1344.0,7.3
2023-11-18 09:00:00,1374.0,7.7
2023-11-18 10:00:00,1326.0,8.4
2023-11-18 11:00:00,1302.0,10.3
2023-11-18 12:00:00,1245.0,15.4
2023-11-18 13:00:00,1154.0,16.1
2023-11-18 14:00:00,1242.0,16.8
2023-11-18 15:00:00,1170.0,17.3
2023-11-18 16:00:00,1332.0,17.7
2023-11-18 17:00:00,1463.0,17.1
2023-11-18 18:00:00,1426.0,15.2
2023-11-18 19:00:00,1429.0,11.6
2023-11-18 20:00:00,1408.0,10.7
2023-11-18 21:00:00,1349.0,10.6
2023-11-18 22:00:00,1238.0,9.5
2023-11-18 23:00:00,1115.0,8.8
2023-11-19 00:00:00,1109.0,8.2
2023-11-19 01:00:00,1002.0,6.9
2023-11-19 02:00:00,980.0,6.9
2023-11-19 03:00:00,961.0,6.7
2023-11-19 04:00:00,944.0,6.8
2023-11-19 05:00:00,914.0,6.7
2023-11-19 06:00:00,977.0,6.1
2023-11-19 07:00:00,1099.0,6.6
2023-11-19 08:00:00,1310.0,7.3
2023-11-19 09:00:00,1335.0,7.7
2023-11-19 10:00:00,1354.0,8.4
2023-11-19 11:00:00,1237.0,10.3
2023-11-19 12:00:00,1158.0,15.4
2023-11-19 13:00:00,1128.0,16.1
2023-11-19 14:00:00,1169.0,16.8
2023-11-19 15:00:00,1120.0,17.3
2023-11-19 16:00:00,1245.0,17.7
2023-11-19 17:00:00,1360.0,17.1
2023-11-19 18:00:00,1400.0,15.2
2023-11-19 19:00:00,1425.0,11.6
2023-11-19 20:00:00,1446.0,10.7
2023-11-19 21:00:00,1362.0,10.6
2023-11-19 22:00:00,1191.0,9.5
2023-11-19 23:00:00,1115.0,8.8
2023-11-20 00:00:00,1094.0,8.2
2023-11-20 01:00:00,996.0,6.9
2023-11-20 02:00:00,969.0,8.7
2023-11-20 03:00:00,997.0,8.5
2023-11-20 04:00:00,908.0,8.2
2023-11-20 05:00:00,963.0,7.0
2023-11-20 06:00:00,1015.0,7.1
2023-11-20 07:00:00,1225.0,6.9
2023-11-20 08:00:00,1350.0,7.7
2023-11-20 09:00:00,1325.0,10.4
2023-11-20 10:00:00,1356.0,14.2
2023-11-20 11:00:00,1271.0,17.0
2023-11-20 12:00:00,1090.0,19.3
2023-11-20 13:00:00,1053.0,21.2
2023-11-20 14:00:00,1095.0,22.2
2023-11-20 15:00:00,1174.0,23.4
2023-11-20 16:00:00,1223.0,24.0
2023-11-20 17:00:00,1255.0,22.6
2023-11-20 18:00:00,1376.0,18.1
2023-11-20 19:00:00,1382.0,16.0
2023-11-20 20:00:00,1332.0,14.4
2023-11-20 21:00:00,1303.0,12.5
2023-11-20 22:00:00,1211.0,12.3
2023-11-20 23:00:00,1065.0,11.0
2023-11-21 00:00:00,1075.0,10.86
2023-11-21 01:00:00,1014.0,11.1
2023-11-21 02:00:00,980.0,11.34
2023-11-21 03:00:00,950.0,11.58
2023-11-21 04:00:00,967.0,11.82
2023-11-21 05:00:00,952.0,12.06
2023-11-21 06:00:00,1050.0,12.3
2023-11-21 07:00:00,1250.0,12.54
2023-11-21 08:00:00,1377.0,12.78
2023-11-21 09:00:00,1321.0,13.02
2023-11-21 10:00:00,1348.0,13.26
2023-11-21 11:00:00,1312.0,13.5
2023-11-21 12:00:00,1142.0,13.74
2023-11-21 13:00:00,1060.0,13.98
2023-11-21 14:00:00,1145.0,14.22
2023-11-21 15:00:00,1080.0,14.46
2023-11-21 16:00:00,1248.0,14.7
2023-11-21 17:00:00,1301.0,14.94
2023-11-21 18:00:00,1332.0,15.18
2023-11-21 19:00:00,1383.0,15.42
2023-11-21 20:00:00,1394.0,15.0
2023-11-21 21:00:00,1299.0,13.7
2023-11-21 22:00:00,1205.0,13.7
2023-11-21 23:00:00,1088.0,13.4
2023-11-22 00:00:00,1106.0,12.5
2023-11-22 01:00:00,986.0,11.7
2023-11-22 02:00:00,960.0,11.8
2023-11-22 03:00:00,930.0,11.9
2023-11-22 04:00:00,917.0,13.1
2023-11-22 05:00:00,930.0,12.7
2023-11-22 06:00:00,1025.0,13.0
2023-11-22 07:00:00,1229.0,13.0
2023-11-22 08:00:00,1265.0,12.7
2023-11-22 09:00:00,1290.0,14.5
2023-11-22 10:00:00,1250.0,18.5
2023-11-22 11:00:00,1214.0,19.7
2023-11-22 12:00:00,1106.0,21.1
2023-11-22 13:00:00,1080.0,21.0
2023-11-22 14:00:00,1103.0,21.1
2023-11-22 15:00:00,1108.0,21.6
2023-11-22 16:00:00,1267.0,22.2
2023-11-22 17:00:00,1300.0,21.7
2023-11-22 18:00:00,1289.0,19.2
2023-11-22 19:00:00,1344.0,17.1
2023-11-22 20:00:00,1350.0,15.7
2023-11-22 21:00:00,1310.0,15.2
2023-11-22 22:00:00,1164.0,15.6
2023-11-22 23:00:00,1026.0,14.6
2023-11-23 00:00:00,1116.0,14.0
2023-11-23 01:00:00,1024.0,13.5
2023-11-23 02:00:00,969.0,13.1
2023-11-23 03:00:00,926.0,12.9
2023-11-23 04:00:00,919.0,12.8
2023-11-23 05:00:00,884.0,12.4
2023-11-23 06:00:00,985.0,12.8
2023-11-23 07:00:00,1230.0,13.0
2023-11-23 08:00:00,1274.0,13.2
2023-11-23 09:00:00,1226.0,14.0
2023-11-23 10:00:00,1287.0,15.2
2023-11-23 11:00:00,1185.0,16.4
2023-11-23 12:00:00,1040.0,18.7
2023-11-23 13:00:00,1031.0,19.5
2023-11-23 14:00:00,1095.0,18.6
2023-11-23 15:00:00,1130.0,19.0
2023-11-23 16:00:00,1255.0,18.9
2023-11-23 17:00:00,1294.0,18.4
2023-11-23 18:00:00,1287.0,17.7
2023-11-23 19:00:00,1294.0,16.7
2023-11-23 20:00:00,1272.0,15.6
2023-11-23 21:00:00,1221.0,14.9
2023-11-23 22:00:00,1138.0,14.4
2023-11-23 23:00:00,1012.0,13.9
2023-11-24 00:00:00,1068.0,14.6
2023-11-24 01:00:00,1029.0,14.5
2023-11-24 02:00:00,944.0,14.7
2023-11-24 03:00:00,898.0,13.2
2023-11-24 04:00:00,893.0,13.0
2023-11-24 05:00:00,915.0,12.7
2023-11-24 06:00:00,977.0,12.8
2023-11-24 07:00:00,1194.0,12.6
2023-11-24 08:00:00,1306.0,12.6
2023-11-24 09:00:00,1224.0,13.5
2023-11-24 10:00:00,1255.0,15.3
2023-11-24 11:00:00,1269.0,16.3
2023-11-24 12:00:00,1163.0,17.4
2023-11-24 13:00:00,1082.0,18.0
2023-11-24 14:00:00,1097.0,18.3
2023-11-24 15:00:00,1183.0,18.4
2023-11-24 16:00:00,1279.0,17.2
2023-11-24 17:00:00,1299.0,15.9
2023-11-24 18:00:00,1330.0,14.2
2023-11-24 19:00:00,1392.0,13.7
2023-11-24 20:00:00,1311.0,13.2
2023-11-24 21:00:00,1293.0,12.7
2023-11-24 22:00:00,1208.0,12.5
2023-11-24 23:00:00,1028.0,12.2
2023-11-25 00:00:00,1061.0,12.0
2023-11-25 01:00:00,980.0,11.9
2023-11-25 02:00:00,917.0,11.5
2023-11-25 03:00:00,905.0,10.9
2023-11-25 04:00:00,907.0,9.7
2023-11-25 05:00:00,921.0,9.2
2023-11-25 06:00:00,961.0,9.3
2023-11-25 07:00:00,1105.0,9.8
2023-11-25 08:00:00,1286.0,9.9
2023-11-25 09:00:00,1314.0,10.2
2023-11-25 10:00:00,1374.0,11.2
2023-11-25 11:00:00,1334.0,12.4
2023-11-25 12:00:00,1196.0,12.5
2023-11-25 13:00:00,1148.0,13.4
2023-11-25 14:00:00,1215.0,13.2
2023-11-25 15:00:00,1202.0,13.1
2023-11-25 16:00:00,1321.0,12.7
2023-11-25 17:00:00,1339.0,12.1
2023-11-25 18:00:00,1440.0,11.5
2023-11-25 19:00:00,1391.0,11.2
2023-11-25 20:00:00,1340.0,11.0
2023-11-25 21:00:00,1295.0,10.9
2023-11-25 22:00:00,1194.0,10.5
2023-11-25 23:00:00,1107.0,10.2
2023-11-26 00:00:00,1126.0,10.3
2023-11-26 01:00:00,998.0,10.2
2023-11-26 02:00:00,961.0,10.0
2023-11-26 03:00:00,935.0,9.7
2023-11-26 04:00:00,927.0,9.7
2023-11-26 05:00:00,952.0,9.6
2023-11-26 06:00:00,957.0,9.6
2023-11-26 07:00:00,1108.0,9.4
2023-11-26 08:00:00,1290.0,7.9
2023-11-26 09:00:00,1365.0,8.1
2023-11-26 10:00:00,1403.0,8.6
2023-11-26 11:00:00,1396.0,8.8
2023-11-26 12:00:00,1274.0,9.6
2023-11-26 13:00:00,1262.0,10.5
2023-11-26 14:00:00,1256.0,12.8
2023-11-26 15:00:00,1254.0,13.2
2023-11-26 16:00:00,1343.0,13.6
2023-11-26 17:00:00,1442.0,13.3
2023-11-26 18:00:00,1442.0,12.1
2023-11-26 19:00:00,1464.0,10.7
2023-11-26 20:00:00,1434.0,10.1
2023-11-26 21:00:00,1391.0,9.5
2023-11-26 22:00:00,1219.0,8.9
2023-11-26 23:00:00,1086.0,8.3
2023-11-27 00:00:00,1100.0,7.9
2023-11-27 01:00:00,1012.0,7.1
2023-11-27 02:00:00,959.0,7.2
2023-11-27 03:00:00,960.0,7.5
2023-11-27 04:00:00,953.0,6.3
2023-11-27 05:00:00,944.0,7.0
2023-11-27 06:00:00,1029.0,7.3
2023-11-27 07:00:00,1257.0,7.4
2023-11-27 08:00:00,1392.0,7.7
2023-11-27 09:00:00,1445.0,8.2
2023-11-27 10:00:00,1436.0,8.5
2023-11-27 11:00:00,1440.0,9.5
2023-11-27 12:00:00,1254.0,12.1
2023-11-27 13:00:00,1199.0,14.1
2023-11-27 14:00:00,1224.0,16.0
2023-11-27 15:00:00,1193.0,17.4
2023-11-27 16:00:00,1298.0,17.9
2023-11-27 17:00:00,1331.0,17.5
2023-11-27 18:00:00,1338.0,15.5
2023-11-27 19:00:00,1401.0,12.5
2023-11-27 20:00:00,1370.0,11.5
2023-11-27 21:00:00,1333.0,10.5
2023-11-27 22:00:00,1186.0,9.9
2023-11-27 23:00:00,1086.0,9.7
2023-11-28 00:00:00,1111.0,9.0
2023-11-28 01:00:00,1005.0,7.8
2023-11-28 02:00:00,959.0,7.5
2023-11-28 03:00:00,931.0,7.7
2023-11-28 04:00:00,909.0,8.2
2023-11-28 05:00:00,921.0,8.4
2023-11-28 06:00:00,981.0,8.7
2023-11-28 07:00:00,1184.0,8.9
2023-11-28 08:00:00,1402.0,9.2
2023-11-28 09:00:00,1425.0,9.9
2023-11-28 10:00:00,1498.0,10.5
2023-11-28 11:00:00,1392.0,10.5
2023-11-28 12:00:00,1268.0,11.0
2023-11-28 13:00:00,1147.0,12.4
2023-11-28 14:00:00,1194.0,13.3
2023-11-28 15:00:00,1195.0,15.4
2023-11-28 16:00:00,1329.0,16.3
2023-11-28 17:00:00,1305.0,15.9
2023-11-28 18:00:00,1380.0,13.8
2023-11-28 19:00:00,1456.0,11.8
2023-11-28 20:00:00,1471.0,10.8
2023-11-28 21:00:00,1367.0,10.0
2023-11-28 22:00:00,1236.0,10.1
2023-11-28 23:00:00,1086.0,8.1
2023-11-29 00:00:00,1130.0,8.6
2023-11-29 01:00:00,1043.0,8.0
2023-11-29 02:00:00,962.0,8.2
2023-11-29 03:00:00,983.0,8.3
2023-11-29 04:00:00,970.0,8.1
2023-11-29 05:00:00,994.0,8.1
2023-11-29 06:00:00,1026.0,8.0
2023-11-29 07:00:00,1268.0,8.1
2023-11-29 08:00:00,1409.0,7.9
2023-11-29 09:00:00,1382.0,8.1
2023-11-29 10:00:00,1418.0,9.5
2023-11-29 11:00:00,1496.0,11.0
2023-11-29 12:00:00,1268.0,12.9
2023-11-29 13:00:00,1209.0,14.4
2023-11-29 14:00:00,1212.0,15.6
2023-11-29 15:00:00,1209.0,15.2
2023-11-29 16:00:00,1349.0,15.0
2023-11-29 17:00:00,1393.0,14.1
2023-11-29 18:00:00,1461.0,13.6
2023-11-29 19:00:00,1479.0,13.2
2023-11-29 20:00:00,1473.0,12.6
2023-11-29 21:00:00,1385.0,11.8
2023-11-29 22:00:00,1282.0,11.1
2023-11-29 23:00:00,1110.0,10.6
2023-11-30 00:00:00,1118.0,10.5
2023-11-30 01:00:00,1039.0,10.3
2023-11-30 02:00:00,975.0,10.4
2023-11-30 03:00:00,922.0,10.4
2023-11-30 04:00:00,961.0,10.4
2023-11-30 05:00:00,937.0,10.2
2023-11-30 06:00:00,1021.0,10.3
2023-11-30 07:00:00,1262.0,10.3
2023-11-30 08:00:00,1418.0,10.0
2023-11-30 09:00:00,1406.0,10.0
2023-11-30 10:00:00,1428.0,9.9
2023-11-30 11:00:00,1389.0,10.5
2023-11-30 12:00:00,1302.0,10.5
2023-11-30 13:00:00,1313.0,10.3
2023-11-30 14:00:00,1324.0,10.0
2023-11-30 15:00:00,1399.0,9.4
2023-11-30 16:00:00,1468.0,8.8
2023-11-30 17:00:00,1598.0,8.4
2023-11-30 18:00:00,1555.0,8.0
2023-11-30 19:00:00,1564.0,7.7
2023-11-30 20:00:00,1506.0,7.5
2023-11-30 21:00:00,1448.0,7.2
2023-11-30 22:00:00,1330.0,7.0
2023-11-30 23:00:00,1161.0,6.6
2023-12-01 00:00:00,1190.0,6.0
2023-12-01 01:00:00,1069.0,5.5
2023-12-01 02:00:00,1034.0,5.2
2023-12-01 03:00:00,970.0,5.1
2023-12-01 04:00:00,960.0,5.1
2023-12-01 05:00:00,974.0,4.9
2023-12-01 06:00:00,1086.0,4.9
2023-12-01 07:00:00,1285.0,4.8
2023-12-01 08:00:00,1476.0,4.9
2023-12-01 09:00:00,1531.0,5.4
2023-12-01 10:00:00,1582.0,6.1
2023-12-01 11:00:00,1515.0,7.3
2023-12-01 12:00:00,1421.0,7.9
2023-12-01 13:00:00,1355.0,7.8
2023-12-01 14:00:00,1423.0,8.3
2023-12-01 15:00:00,1425.0,8.4
2023-12-01 16:00:00,1530.0,8.6
2023-12-01 17:00:00,1590.0,8.4
2023-12-01 18:00:00,1587.0,8.0
2023-12-01 19:00:00,1533.0,7.9
2023-12-01 20:00:00,1460.0,7.7
2023-12-01 21:00:00,1442.0,7.5
2023-12-01 22:00:00,1372.0,7.4
2023-12-01 23:00:00,1233.0,7.3
2023-12-02 00:00:00,1218.0,7.3
2023-12-02 01:00:00,1142.0,7.2
2023-12-02 02:00:00,1025.0,6.7
2023-12-02 03:00:00,1006.0,6.4
2023-12-02 04:00:00,999.0,5.7
2023-12-02 05:00:00,958.0,5.8
2023-12-02 06:00:00,1021.0,5.4
2023-12-02 07:00:00,1074.0,5.6
2023-12-02 08:00:00,1400.0,5.7
2023-12-02 09:00:00,1503.0,5.6
2023-12-02 10:00:00,1549.0,6.1
2023-12-02 11:00:00,1514.0,6.6
2023-12-02 12:00:00,1418.0,7.0
2023-12-02 13:00:00,1365.0,7.2
2023-12-02 14:00:00,1425.0,6.8
2023-12-02 15:00:00,1431.0,7.2
2023-12-02 16:00:00,1507.0,7.4
2023-12-02 17:00:00,1646.0,7.3
2023-12-02 18:00:00,1559.0,7.3
2023-12-02 19:00:00,1541.0,7.2
2023-12-02 20:00:00,1523.0,7.1
2023-12-02 21:00:00,1460.0,7.1
2023-12-02 22:00:00,1332.0,7.2
2023-12-02 23:00:00,1252.0,7.2
2023-12-03 00:00:00,1236.0,7.2
2023-12-03 01:00:00,1121.0,7.1
2023-12-03 02:00:00,1015.0,7.0
2023-12-03 03:00:00,977.0,6.9
2023-12-03 04:00:00,973.0,6.9
2023-12-03 05:00:00,923.0,7.0
2023-12-03 06:00:00,985.0,6.9
2023-12-03 07:00:00,1073.0,7.1
2023-12-03 08:00:00,1382.0,7.1
2023-12-03 09:00:00,1481.0,7.3
2023-12-03 10:00:00,1625.0,7.7
2023-12-03 11:00:00,1522.0,8.0
2023-12-03 12:00:00,1455.0,8.0
2023-12-03 13:00:00,1371.0,8.3
2023-12-03 14:00:00,1403.0,8.7
2023-12-03 15:00:00,1470.0,8.4
2023-12-03 16:00:00,1538.0,8.5
2023-12-03 17:00:00,1606.0,8.6
2023-12-03 18:00:00,1587.0,8.4
2023-12-03 19:00:00,1597.0,8.4
2023-12-03 20:00:00,1569.0,8.3
2023-12-03 21:00:00,1489.0,8.3
2023-12-03 22:00:00,1296.0,8.3
2023-12-03 23:00:00,1252.0,8.2
2023-12-04 00:00:00,1149.0,7.9
2023-12-04 01:00:00,1049.0,7.9
2023-12-04 02:00:00,986.0,7.9
2023-12-04 03:00:00,961.0,7.8
2023-12-04 04:00:00,938.0,7.6
2023-12-04 05:00:00,965.0,7.4
2023-12-04 06:00:00,1042.0,7.7
2023-12-04 07:00:00,1290.0,7.9
2023-12-04 08:00:00,1440.0,8.1
2023-12-04 09:00:00,1523.0,8.6
2023-12-04 10:00:00,1539.0,9.7
2023-12-04 11:00:00,1455.0,10.4
2023-12-04 12:00:00,1349.0,11.4
2023-12-04 13:00:00,1319.0,11.9
2023-12-04 14:00:00,1293.0,13.9
2023-12-04 15:00:00,1326.0,15.1
2023-12-04 16:00:00,1357.0,15.6
2023-12-04 17:00:00,1480.0,14.7
2023-12-04 18:00:00,1472.0,13.2
2023-12-04 19:00:00,1538.0,10.7
2023-12-04 20:00:00,1469.0,8.9
2023-12-04 21:00:00,1473.0,8.2
2023-12-04 22:00:00,1296.0,8.3
2023-12-04 23:00:00,1180.0,8.0
2023-12-05 00:00:00,1178.0,7.8
2023-12-05 01:00:00,1079.0,7.2
2023-12-05 02:00:00,1012.0,6.5
2023-12-05 03:00:00,984.0,6.3
2023-12-05 04:00:00,956.0,6.5
2023-12-05 05:00:00,949.0,5.3
2023-12-05 06:00:00,1050.0,5.1
2023-12-05 07:00:00,1283.0,5.0
2023-12-05 08:00:00,1463.0,5.7
2023-12-05 09:00:00,1546.0,6.5
2023-12-05 10:00:00,1585.0,8.7
2023-12-05 11:00:00,1537.0,12.6
2023-12-05 12:00:00,1322.0,15.1
2023-12-05 13:00:00,1279.0,16.6
2023-12-05 14:00:00,1302.0,18.4
2023-12-05 15:00:00,1297.0,19.1
2023-12-05 16:00:00,1421.0,17.2
2023-12-05 17:00:00,1469.0,16.4
2023-12-05 18:00:00,1491.0,15.7
2023-12-05 19:00:00,1468.0,15.7
2023-12-05 20:00:00,1454.0,14.6
2023-12-05 21:00:00,1425.0,14.1
2023-12-05 22:00:00,1283.0,13.6
2023-12-05 23:00:00,1157.0,13.2
2023-12-06 00:00:00,1157.0,12.8
2023-12-06 01:00:00,1057.0,12.1
2023-12-06 02:00:00,976.0,11.0
2023-12-06 03:00:00,963.0,11.2
2023-12-06 04:00:00,959.0,11.1
2023-12-06 05:00:00,946.0,10.8
2023-12-06 06:00:00,1017.0,10.6
2023-12-06 07:00:00,1276.0,10.1
2023-12-06 08:00:00,1421.0,9.5
2023-12-06 09:00:00,1449.0,11.5
2023-12-06 10:00:00,1428.0,15.1
2023-12-06 11:00:00,1367.0,17.8
2023-12-06 12:00:00,1232.0,19.9
2023-12-06 13:00:00,1116.0,20.9
2023-12-06 14:00:00,1182.0,22.1
2023-12-06 15:00:00,1260.0,22.5
2023-12-06 16:00:00,1332.0,22.1
2023-12-06 17:00:00,1420.0,20.0
2023-12-06 18:00:00,1421.0,18.1
2023-12-06 19:00:00,1471.0,14.2
2023-12-06 20:00:00,1450.0,12.2
2023-12-06 21:00:00,1410.0,11.4
2023-12-06 22:00:00,1279.0,10.6
2023-12-06 23:00:00,1137.0,9.8
2023-12-07 00:00:00,1132.0,9.5
2023-12-07 01:00:00,1018.0,9.4
2023-12-07 02:00:00,1013.0,9.1
2023-12-07 03:00:00,949.0,8.3
2023-12-07 04:00:00,922.0,7.1
2023-12-07 05:00:00,983.0,5.7
2023-12-07 06:00:00,1052.0,6.0
2023-12-07 07:00:00,1254.0,6.0
2023-12-07 08:00:00,1449.0,7.0
2023-12-07 09:00:00,1503.0,9.3
2023-12-07 10:00:00,1484.0,12.8
2023-12-07 11:00:00,1448.0,15.4
2023-12-07 12:00:00,1259.0,17.8
2023-12-07 13:00:00,1170.0,19.2
2023-12-07 14:00:00,1236.0,21.6
2023-12-07 15:00:00,1233.0,22.1
2023-12-07 16:00:00,1287.0,22.5
2023-12-07 17:00:00,1350.0,21.9
2023-12-07 18:00:00,1397.0,17.6
2023-12-07 19:00:00,1439.0,14.4
2023-12-07 20:00:00,1398.0,12.0
2023-12-07 21:00:00,1392.0,11.6
2023-12-07 22:00:00,1290.0,10.3
2023-12-07 23:00:00,1137.0,10.6
2023-12-08 00:00:00,1179.0,10.1
2023-12-08 01:00:00,1028.0,10.0
2023-12-08 02:00:00,990.0,9.3
2023-12-08 03:00:00,961.0,8.7
2023-12-08 04:00:00,908.0,7.7
2023-12-08 05:00:00,958.0,7.2
2023-12-08 06:00:00,1062.0,7.6
2023-12-08 07:00:00,1225.0,7.9
2023-12-08 08:00:00,1446.0,8.3
2023-12-08 09:00:00,1472.0,10.0
2023-12-08 10:00:00,1462.0,10.9
2023-12-08 11:00:00,1388.0,12.6
2023-12-08 12:00:00,1320.0,14.4
2023-12-08 13:00:00,1219.0,17.3
2023-12-08 14:00:00,1221.0,18.9
2023-12-08 15:00:00,1249.0,20.4
2023-12-08 16:00:00,1339.0,19.3
2023-12-08 17:00:00,1416.0,18.1
2023-12-08 18:00:00,1352.0,16.8
2023-12-08 19:00:00,1418.0,15.9
2023-12-08 20:00:00,1376.0,15.4
2023-12-08 21:00:00,1302.0,14.9
2023-12-08 22:00:00,1220.0,14.9
2023-12-08 23:00:00,1134.0,14.3
2023-12-09 00:00:00,1140.0,14.2
2023-12-09 01:00:00,1043.0,14.4
2023-12-09 02:00:00,978.0,14.1
2023-12-09 03:00:00,917.0,14.0
2023-12-09 04:00:00,957.0,13.8
2023-12-09 05:00:00,947.0,13.7
2023-12-09 06:00:00,1036.0,13.9
2023-12-09 07:00:00,1083.0,13.9
2023-12-09 08:00:00,1267.0,13.9
2023-12-09 09:00:00,1382.0,14.4
2023-12-09 10:00:00,1404.0,15.0
2023-12-09 11:00:00,1369.0,15.8
2023-12-09 12:00:00,1279.0,16.4
2023-12-09 13:00:00,1206.0,17.0
2023-12-09 14:00:00,1235.0,18.0
2023-12-09 15:00:00,1322.0,17.8
2023-12-09 16:00:00,1386.0,17.8
2023-12-09 17:00:00,1414.0,17.7
2023-12-09 18:00:00,1330.0,17.1
2023-12-09 19:00:00,1355.0,16.9
2023-12-09 20:00:00,1310.0,16.2
2023-12-09 21:00:00,1256.0,16.0
2023-12-09 22:00:00,1154.0,15.7
2023-12-09 23:00:00,1069.0,15.6
2023-12-10 00:00:00,1124.0,15.3
2023-12-10 01:00:00,1012.0,15.2
2023-12-10 02:00:00,967.0,15.1
2023-12-10 03:00:00,939.0,15.0
2023-12-10 04:00:00,899.0,14.6
2023-12-10 05:00:00,969.0,14.6
2023-12-10 06:00:00,951.0,14.6
2023-12-10 07:00:00,1013.0,14.6
2023-12-10 08:00:00,1230.0,14.5
2023-12-10 09:00:00,1319.0,14.6
2023-12-10 10:00:00,1355.0,14.7
2023-12-10 11:00:00,1278.0,14.9
2023-12-10 12:00:00,1171.0,15.2
2023-12-10 13:00:00,1198.0,15.3
2023-12-10 14:00:00,1224.0,15.6
2023-12-10 15:00:00,1285.0,15.9
2023-12-10 16:00:00,1392.0,15.8
2023-12-10 17:00:00,1423.0,15.2
2023-12-10 18:00:00,1384.0,14.8
2023-12-10 19:00:00,1399.0,14.5
2023-12-10 20:00:00,1335.0,13.2
2023-12-10 21:00:00,1263.0,12.2
2023-12-10 22:00:00,1197.0,11.2
2023-12-10 23:00:00,1069.0,10.6
2023-12-11 00:00:00,1083.0,10.1
2023-12-11 01:00:00,963.0,9.7
2023-12-11 02:00:00,924.0,9.4
2023-12-11 03:00:00,930.0,9.4
2023-12-11 04:00:00,907.0,9.0
2023-12-11 05:00:00,946.0,8.5
2023-12-11 06:00:00,1004.0,8.2
2023-12-11 07:00:00,1201.0,8.0
2023-12-11 08:00:00,1356.0,7.8
2023-12-11 09:00:00,1460.0,7.9
2023-12-11 10:00:00,1498.0,7.9
2023-12-11 11:00:00,1495.0,7.6
2023-12-11 12:00:00,1410.0,7.4
2023-12-11 13:00:00,1391.0,7.1
2023-12-11 14:00:00,1338.0,7.2
2023-12-11 15:00:00,1433.0,6.8
2023-12-11 16:00:00,1517.0,6.0
2023-12-11 17:00:00,1574.0,5.8
2023-12-11 18:00:00,1467.0,5.5
2023-12-11 19:00:00,1473.0,5.4
2023-12-11 20:00:00,1443.0,5.5
2023-12-11 21:00:00,1414.0,5.5
2023-12-11 22:00:00,1231.0,5.5
2023-12-11 23:00:00,1104.0,5.3
2023-12-12 00:00:00,1153.0,5.4
2023-12-12 01:00:00,1050.0,5.3
2023-12-12 02:00:00,997.0,5.3
2023-12-12 03:00:00,964.0,5.2
2023-12-12 04:00:00,962.0,5.2
2023-12-12 05:00:00,946.0,5.1
2023-12-12 06:00:00,1047.0,4.5
2023-12-12 07:00:00,1261.0,3.7
2023-12-12 08:00:00,1444.0,3.9
2023-12-12 09:00:00,1521.0,5.5
2023-12-12 10:00:00,1510.0,6.7
2023-12-12 11:00:00,1464.0,7.2
2023-12-12 12:00:00,1366.0,7.6
2023-12-12 13:00:00,1360.0,8.5
2023-12-12 14:00:00,1358.0,8.5
2023-12-12 15:00:00,1431.0,8.2
2023-12-12 16:00:00,1502.0,8.3
2023-12-12 17:00:00,1546.0,8.4
2023-12-12 18:00:00,1494.0,8.3
2023-12-12 19:00:00,1529.0,8.2
2023-12-12 20:00:00,1460.0,8.2
2023-12-12 21:00:00,1442.0,8.2
2023-12-12 22:00:00,1288.0,8.3
2023-12-12 23:00:00,1177.0,8.3
2023-12-13 00:00:00,1166.0,8.2
2023-12-13 01:00:00,1037.0,7.9
2023-12-13 02:00:00,1017.0,7.4
2023-12-13 03:00:00,958.0,7.0
2023-12-13 04:00:00,932.0,7.1
2023-12-13 05:00:00,949.0,6.9
2023-12-13 06:00:00,1020.0,6.7
2023-12-13 07:00:00,1279.0,6.7
2023-12-13 08:00:00,1423.0,6.8
2023-12-13 09:00:00,1507.0,7.0
2023-12-13 10:00:00,1562.0,7.2
2023-12-13 11:00:00,1509.0,7.4
2023-12-13 12:00:00,1415.0,7.6
2023-12-13 13:00:00,1419.0,7.8
2023-12-13 14:00:00,1393.0,8.5
2023-12-13 15:00:00,1397.0,9.0
2023-12-13 16:00:00,1475.0,9.0
2023-12-13 17:00:00,1512.0,8.7
2023-12-13 18:00:00,1475.0,8.2
2023-12-13 19:00:00,1553.0,7.4
2023-12-13 20:00:00,1489.0,7.1
2023-12-13 21:00:00,1426.0,7.1
2023-12-13 22:00:00,1273.0,6.9
2023-12-13 23:00:00,1213.0,6.9
2023-12-14 00:00:00,1162.0,7.0
2023-12-14 01:00:00,1024.0,6.9
2023-12-14 02:00:00,1007.0,6.9
2023-12-14 03:00:00,932.0,6.9
2023-12-14 04:00:00,959.0,7.0
2023-12-14 05:00:00,938.0,7.0
2023-12-14 06:00:00,1007.0,6.8
2023-12-14 07:00:00,1256.0,6.9
2023-12-14 08:00:00,1383.0,7.5
2023-12-14 09:00:00,1470.0,7.8
2023-12-14 10:00:00,1461.0,8.7
2023-12-14 11:00:00,1410.0,11.7
2023-12-14 12:00:00,1270.0,15.5
2023-12-14 13:00:00,1220.0,19.1
2023-12-14 14:00:00,1247.0,21.5
2023-12-14 15:00:00,1235.0,18.4
2023-12-14 16:00:00,1338.0,20.6
2023-12-14 17:00:00,1396.0,18.6
2023-12-14 18:00:00,1324.0,15.8
2023-12-14 19:00:00,1481.0,14.0
2023-12-14 20:00:00,1400.0,12.0
2023-12-14 21:00:00,1376.0,10.5
2023-12-14 22:00:00,1273.0,9.3
2023-12-14 23:00:00,1213.0,8.6
2023-12-15 00:00:00,1148.0,8.1
2023-12-15 01:00:00,1027.0,7.8
2023-12-15 02:00:00,978.0,7.6
2023-12-15 03:00:00,917.0,7.2
2023-12-15 04:00:00,925.0,6.4
2023-12-15 05:00:00,914.0,6.0
2023-12-15 06:00:00,1008.0,5.6
2023-12-15 07:00:00,1217.0,5.4
2023-12-15 08:00:00,1387.0,5.3
2023-12-15 09:00:00,1570.0,4.9
2023-12-15 10:00:00,1593.0,4.6
2023-12-15 11:00:00,1548.0,4.7
2023-12-15 12:00:00,1455.0,4.7
2023-12-15 13:00:00,1422.0,4.7
2023-12-15 14:00:00,1482.0,4.4
2023-12-15 15:00:00,1541.0,4.4
2023-12-15 16:00:00,1611.0,4.6
2023-12-15 17:00:00,1665.0,4.3
2023-12-15 18:00:00,1610.0,4.6
2023-12-15 19:00:00,1612.0,4.8
2023-12-15 20:00:00,1512.0,4.6
2023-12-15 21:00:00,1477.0,3.1
2023-12-15 22:00:00,1362.0,2.1
2023-12-15 23:00:00,1267.0,1.1
2023-12-16 00:00:00,1242.0,1.1
2023-12-16 01:00:00,1098.0,0.4
2023-12-16 02:00:00,1013.0,0.3
2023-12-16 03:00:00,984.0,0.5
2023-12-16 04:00:00,1013.0,0.7
2023-12-16 05:00:00,980.0,0.8
2023-12-16 06:00:00,993.0,0.7
2023-12-16 07:00:00,1140.0,0.8
2023-12-16 08:00:00,1416.0,0.8
2023-12-16 09:00:00,1632.0,1.2
2023-12-16 10:00:00,1696.0,1.7
2023-12-16 11:00:00,1688.0,2.5
2023-12-16 12:00:00,1588.0,2.9
2023-12-16 13:00:00,1559.0,2.6
2023-12-16 14:00:00,1506.0,2.6
2023-12-16 15:00:00,1572.0,2.4
2023-12-16 16:00:00,1648.0,2.6
2023-12-16 17:00:00,1772.0,2.5
2023-12-16 18:00:00,1645.0,2.2
2023-12-16 19:00:00,1705.0,2.1
2023-12-16 20:00:00,1611.0,2.0
2023-12-16 21:00:00,1563.0,1.9
2023-12-16 22:00:00,1452.0,1.8
2023-12-16 23:00:00,1267.0,1.7
2023-12-17 00:00:00,1318.0,1.5
2023-12-17 01:00:00,1135.0,1.3
2023-12-17 02:00:00,1060.0,0.9
2023-12-17 03:00:00,1032.0,0.4
2023-12-17 04:00:00,1052.0,0.2
2023-12-17 05:00:00,986.0,0.2
2023-12-17 06:00:00,1020.0,0.3
2023-12-17 07:00:00,1077.0,0.2
2023-12-17 08:00:00,1425.0,0.3
2023-12-17 09:00:00,1703.0,0.4
2023-12-17 10:00:00,1789.0,0.6
2023-12-17 11:00:00,1759.0,0.7
2023-12-17 12:00:00,1694.0,0.9
2023-12-17 13:00:00,1597.0,0.7
2023-12-17 14:00:00,1633.0,0.5
2023-12-17 15:00:00,1694.0,0.7
2023-12-17 16:00:00,1822.0,0.6
2023-12-17 17:00:00,1862.0,0.6
2023-12-17 18:00:00,1762.0,0.5
2023-12-17 19:00:00,1793.0,0.4
2023-12-17 20:00:00,1764.0,0.3
2023-12-17 21:00:00,1641.0,0.1
2023-12-17 22:00:00,1487.0,-0.5
2023-12-17 23:00:00,1350.0,-0.9
2023-12-18 00:00:00,1292.0,-0.9
2023-12-18 01:00:00,1144.0,-1.2
2023-12-18 02:00:00,1089.0,-1.2
2023-12-18 03:00:00,1024.0,-1.6
2023-12-18 04:00:00,1027.0,-1.7
2023-12-18 05:00:00,1028.0,-1.7
2023-12-18 06:00:00,1124.0,-1.7
2023-12-18 07:00:00,1326.0,-1.6
2023-12-18 08:00:00,1583.0,-1.7
2023-12-18 09:00:00,1809.0,-1.7
2023-12-18 10:00:00,1875.0,-1.4
2023-12-18 11:00:00,1809.0,-1.0
2023-12-18 12:00:00,1699.0,-0.7
2023-12-18 13:00:00,1666.0,-0.5
2023-12-18 14:00:00,1626.0,-0.2
2023-12-18 15:00:00,1633.0,-0.1
2023-12-18 16:00:00,1823.0,0.0
2023-12-18 17:00:00,1871.0,0.2
2023-12-18 18:00:00,1805.0,0.1
2023-12-18 19:00:00,1815.0,0.2
2023-12-18 20:00:00,1703.0,0.2
2023-12-18 21:00:00,1665.0,0.3
2023-12-18 22:00:00,1500.0,0.4
2023-12-18 23:00:00,1350.0,0.4
2023-12-19 00:00:00,1305.0,0.5
2023-12-19 01:00:00,1135.0,0.7
2023-12-19 02:00:00,1109.0,0.7
2023-12-19 03:00:00,1013.0,0.8
2023-12-19 04:00:00,997.0,0.8
2023-12-19 05:00:00,1045.0,0.8
2023-12-19 06:00:00,1075.0,0.8
2023-12-19 07:00:00,1338.0,0.7
2023-12-19 08:00:00,1566.0,0.9
2023-12-19 09:00:00,1799.0,1.4
2023-12-19 10:00:00,1806.0,1.8
2023-12-19 11:00:00,1737.0,2.6
2023-12-19 12:00:00,1702.0,3.3
2023-12-19 13:00:00,1555.0,3.8
2023-12-19 14:00:00,1541.0,5.2
2023-12-19 15:00:00,1532.0,5.7
2023-12-19 16:00:00,1666.0,5.5
2023-12-19 17:00:00,1719.0,5.2
2023-12-19 18:00:00,1707.0,4.6
2023-12-19 19:00:00,1779.0,4.4
2023-12-19 20:00:00,1772.0,3.7
2023-12-19 21:00:00,1721.0,3.2
2023-12-19 22:00:00,1561.0,2.5
2023-12-19 23:00:00,1404.0,1.5
2023-12-20 00:00:00,1285.0,1.6
2023-12-20 01:00:00,1161.0,1.0
2023-12-20 02:00:00,1095.0,0.6
2023-12-20 03:00:00,1024.0,0.3
2023-12-20 04:00:00,998.0,0.1
2023-12-20 05:00:00,1027.0,-0.3
2023-12-20 06:00:00,1055.0,-0.6
2023-12-20 07:00:00,1366.0,-1.0
2023-12-20 08:00:00,1589.0,-0.9
2023-12-20 09:00:00,1735.0,0.9
2023-12-20 10:00:00,1783.0,4.2
2023-12-20 11:00:00,1700.0,6.1
2023-12-20 12:00:00,1545.0,7.0
2023-12-20 13:00:00,1450.0,7.7
2023-12-20 14:00:00,1455.0,8.6
2023-12-20 15:00:00,1454.0,9.0
2023-12-20 16:00:00,1570.0,9.0
2023-12-20 17:00:00,1634.0,8.2
2023-12-20 18:00:00,1652.0,6.1
2023-12-20 19:00:00,1795.0,3.7
2023-12-20 20:00:00,1732.0,2.3
2023-12-20 21:00:00,1699.0,1.3
2023-12-20 22:00:00,1567.0,0.8
2023-12-20 23:00:00,1362.0,0.0
2023-12-21 00:00:00,1320.0,1.8
2023-12-21 01:00:00,1162.0,1.7
2023-12-21 02:00:00,1073.0,1.6
2023-12-21 03:00:00,1000.0,0.7
2023-12-21 04:00:00,991.0,0.3
2023-12-21 05:00:00,972.0,-0.1
2023-12-21 06:00:00,1096.0,-0.3
2023-12-21 07:00:00,1393.0,-0.6
2023-12-21 08:00:00,1643.0,-0.2
2023-12-21 09:00:00,1749.0,1.4
2023-12-21 10:00:00,1803.0,2.5
2023-12-21 11:00:00,1679.0,3.5
2023-12-21 12:00:00,1595.0,4.7
2023-12-21 13:00:00,1486.0,6.5
2023-12-21 14:00:00,1493.0,6.4
2023-12-21 15:00:00,1515.0,6.7
2023-12-21 16:00:00,1601.0,6.1
2023-12-21 17:00:00,1688.0,5.3
2023-12-21 18:00:00,1699.0,3.3
2023-12-21 19:00:00,1800.0,2.2
2023-12-21 20:00:00,1737.0,1.6
2023-12-21 21:00:00,1699.0,0.8
2023-12-21 22:00:00,1567.0,0.2
2023-12-21 23:00:00,1362.0,-0.6
2023-12-22 00:00:00,1291.0,-1.0
2023-12-22 01:00:00,1141.0,-1.0
2023-12-22 02:00:00,1095.0,-2.3
2023-12-22 03:00:00,1018.0,-3.0
2023-12-22 04:00:00,1008.0,-3.4
2023-12-22 05:00:00,1048.0,-3.6
2023-12-22 06:00:00,1088.0,-3.6
2023-12-22 07:00:00,1356.0,-4.0
2023-12-22 08:00:00,1615.0,-4.4
2023-12-22 09:00:00,1751.0,-1.9
2023-12-22 10:00:00,1795.0,1.3
2023-12-22 11:00:00,1743.0,2.6
2023-12-22 12:00:00,1650.0,4.4
2023-12-22 13:00:00,1496.0,5.2
2023-12-22 14:00:00,1543.0,6.3
2023-12-22 15:00:00,1498.0,7.2
2023-12-22 16:00:00,1637.0,7.1
2023-12-22 17:00:00,1734.0,6.2
2023-12-22 18:00:00,1720.0,4.4
2023-12-22 19:00:00,1800.0,3.0
2023-12-22 20:00:00,1737.0,2.2
2023-12-22 21:00:00,1699.0,2.5
2023-12-22 22:00:00,1567.0,1.8
2023-12-22 23:00:00,1362.0,-0.1
2023-12-23 00:00:00,1324.0,-0.1
2023-12-23 01:00:00,1196.0,-0.2
2023-12-23 02:00:00,1071.0,-0.2
2023-12-23 03:00:00,1030.0,-0.4
2023-12-23 04:00:00,1009.0,-0.7
2023-12-23 05:00:00,1006.0,-2.0
2023-12-23 06:00:00,1044.0,-2.7
2023-12-23 07:00:00,1154.0,-3.1
2023-12-23 08:00:00,1512.0,-3.0
2023-12-23 09:00:00,1733.0,-0.1
2023-12-23 10:00:00,1777.0,2.8
2023-12-23 11:00:00,1702.0,4.5
2023-12-23 12:00:00,1557.0,6.8
2023-12-23 13:00:00,1444.0,7.6
2023-12-23 14:00:00,1456.0,8.8
2023-12-23 15:00:00,1492.0,9.6
2023-12-23 16:00:00,1563.0,9.8
2023-12-23 17:00:00,1622.0,9.5
2023-12-23 18:00:00,1681.0,6.6
2023-12-23 19:00:00,1756.0,4.0
2023-12-23 20:00:00,1751.0,1.9
2023-12-23 21:00:00,1637.0,1.0
2023-12-23 22:00:00,1540.0,-0.6
2023-12-23 23:00:00,1407.0,-0.8
2023-12-24 00:00:00,1291.0,-0.5
2023-12-24 01:00:00,1174.0,-0.2
2023-12-24 02:00:00,1058.0,-0.4
2023-12-24 03:00:00,1039.0,-1.7
2023-12-24 04:00:00,982.0,-1.3
2023-12-24 05:00:00,986.0,-2.3
2023-12-24 06:00:00,983.0,-2.4
2023-12-24 07:00:00,1117.0,-3.0
2023-12-24 08:00:00,1453.0,-3.3
2023-12-24 09:00:00,1696.0,-0.4
2023-12-24 10:00:00,1684.0,3.3
2023-12-24 11:00:00,1647.0,5.8
2023-12-24 12:00:00,1572.0,8.2
2023-12-24 13:00:00,1414.0,10.3
2023-12-24 14:00:00,1468.0,10.7
2023-12-24 15:00:00,1512.0,11.4
2023-12-24 16:00:00,1583.0,11.8
2023-12-24 17:00:00,1649.0,10.8
2023-12-24 18:00:00,1665.0,8.6
2023-12-24 19:00:00,1772.0,5.5
2023-12-24 20:00:00,1763.0,3.5
2023-12-24 21:00:00,1721.0,2.5
2023-12-24 22:00:00,1526.0,1.6
2023-12-24 23:00:00,1360.0,1.7
2023-12-25 00:00:00,1217.0,0.7
2023-12-25 01:00:00,1105.0,-0.9
2023-12-25 02:00:00,1004.0,-1.2
2023-12-25 03:00:00,980.0,-2.0
2023-12-25 04:00:00,1000.0,-1.7
2023-12-25 05:00:00,966.0,-2.5
2023-12-25 06:00:00,1080.0,-2.6
2023-12-25 07:00:00,1331.0,-2.9
2023-12-25 08:00:00,1583.0,-3.0
2023-12-25 09:00:00,1752.0,-0.8
2023-12-25 10:00:00,1752.0,2.4
2023-12-25 11:00:00,1648.0,6.3
2023-12-25 12:00:00,1530.0,9.0
2023-12-25 13:00:00,1424.0,11.6
2023-12-25 14:00:00,1421.0,13.9
2023-12-25 15:00:00,1456.0,14.1
2023-12-25 16:00:00,1535.0,14.0
2023-12-25 17:00:00,1633.0,12.8
2023-12-25 18:00:00,1639.0,11.2
2023-12-25 19:00:00,1742.0,9.1
2023-12-25 20:00:00,1763.0,7.7
2023-12-25 21:00:00,1721.0,6.8
2023-12-25 22:00:00,1526.0,6.1
2023-12-25 23:00:00,1360.0,5.4
2023-12-26 00:00:00,1244.0,3.9
2023-12-26 01:00:00,1075.0,3.6
2023-12-26 02:00:00,1042.0,4.4
2023-12-26 03:00:00,1002.0,4.1
2023-12-26 04:00:00,956.0,4.8
2023-12-26 05:00:00,940.0,4.7
2023-12-26 06:00:00,1061.0,5.0
2023-12-26 07:00:00,1298.0,4.8
2023-12-26 08:00:00,1535.0,4.8
2023-12-26 09:00:00,1662.0,5.8
2023-12-26 10:00:00,1662.0,7.0
2023-12-26 11:00:00,1589.0,9.4
2023-12-26 12:00:00,1474.0,11.8
2023-12-26 13:00:00,1397.0,14.2
2023-12-26 14:00:00,1375.0,14.4
2023-12-26 15:00:00,1388.0,14.8
2023-12-26 16:00:00,1518.0,14.5
2023-12-26 17:00:00,1538.0,14.0
2023-12-26 18:00:00,1619.0,11.6
2023-12-26 19:00:00,1685.0,9.1
2023-12-26 20:00:00,1763.0,8.1
2023-12-26 21:00:00,1721.0,7.0
2023-12-26 22:00:00,1526.0,5.9
2023-12-26 23:00:00,1360.0,5.3
2023-12-27 00:00:00,1211.0,4.4
2023-12-27 01:00:00,1057.0,3.9
2023-12-27 02:00:00,978.0,3.4
2023-12-27 03:00:00,981.0,2.9
2023-12-27 04:00:00,974.0,2.4
2023-12-27 05:00:00,967.0,2.0
2023-12-27 06:00:00,1023.0,1.4
2023-12-27 07:00:00,1316.0,1.3
2023-12-27 08:00:00,1565.0,1.3
2023-12-27 09:00:00,1735.0,2.2
2023-12-27 10:00:00,1689.0,4.7
2023-12-27 11:00:00,1580.0,8.8
2023-12-27 12:00:00,1427.0,12.0
2023-12-27 13:00:00,1338.0,13.5
2023-12-27 14:00:00,1316.0,14.3
2023-12-27 15:00:00,1347.0,15.0
2023-12-27 16:00:00,1446.0,15.5
2023-12-27 17:00:00,1515.0,14.5
2023-12-27 18:00:00,1534.0,12.3
2023-12-27 19:00:00,1629.0,9.8
2023-12-27 20:00:00,1605.0,9.1
2023-12-27 21:00:00,1563.0,7.2
2023-12-27 22:00:00,1400.0,7.6
2023-12-27 23:00:00,1254.0,6.4
2023-12-28 00:00:00,1230.0,5.4
2023-12-28 01:00:00,1078.0,4.5
2023-12-28 02:00:00,1016.0,4.7
2023-12-28 03:00:00,979.0,5.0
2023-12-28 04:00:00,965.0,4.0
2023-12-28 05:00:00,976.0,3.8
2023-12-28 06:00:00,1079.0,3.6
2023-12-28 07:00:00,1313.0,3.2
2023-12-28 08:00:00,1530.0,3.1
2023-12-28 09:00:00,1609.0,5.2
2023-12-28 10:00:00,1652.0,6.9
2023-12-28 11:00:00,1475.0,9.8
2023-12-28 12:00:00,1395.0,11.5
2023-12-28 13:00:00,1301.0,12.8
2023-12-28 14:00:00,1353.0,14.2
2023-12-28 15:00:00,1298.0,15.5
2023-12-28 16:00:00,1439.0,15.4
2023-12-28 17:00:00,1525.0,14.5
2023-12-28 18:00:00,1481.0,12.4
2023-12-28 19:00:00,1577.0,10.9
2023-12-28 20:00:00,1552.0,8.8
2023-12-28 21:00:00,1525.0,8.2
2023-12-28 22:00:00,1382.0,8.6
2023-12-28 23:00:00,1215.0,8.1
2023-12-29 00:00:00,1181.0,7.7
2023-12-29 01:00:00,1051.0,8.2
2023-12-29 02:00:00,977.0,8.1
2023-12-29 03:00:00,940.0,7.8
2023-12-29 04:00:00,939.0,7.4
2023-12-29 05:00:00,922.0,7.2
2023-12-29 06:00:00,1005.0,7.2
2023-12-29 07:00:00,1255.0,7.3
2023-12-29 08:00:00,1446.0,7.3
2023-12-29 09:00:00,1547.0,7.8
2023-12-29 10:00:00,1619.0,8.6
2023-12-29 11:00:00,1497.0,9.7
2023-12-29 12:00:00,1419.0,10.3
2023-12-29 13:00:00,1398.0,11.1
2023-12-29 14:00:00,1384.0,11.2
2023-12-29 15:00:00,1421.0,10.5
2023-12-29 16:00:00,1503.0,10.7
2023-12-29 17:00:00,1569.0,9.9
2023-12-29 18:00:00,1563.0,9.4
2023-12-29 19:00:00,1592.0,9.0
2023-12-29 20:00:00,1520.0,8.8
2023-12-29 21:00:00,1507.0,8.4
2023-12-29 22:00:00,1367.0,7.2
2023-12-29 23:00:00,1248.0,7.2
2023-12-30 00:00:00,1202.0,7.1
2023-12-30 01:00:00,1083.0,7.1
2023-12-30 02:00:00,973.0,7.2
2023-12-30 03:00:00,934.0,7.2
2023-12-30 04:00:00,905.0,7.2
2023-12-30 05:00:00,955.0,7.4
2023-12-30 06:00:00,944.0,7.3
2023-12-30 07:00:00,1062.0,7.0
2023-12-30 08:00:00,1334.0,6.9
2023-12-30 09:00:00,1560.0,7.3
2023-12-30 10:00:00,1590.0,9.5
2023-12-30 11:00:00,1458.0,12.0
2023-12-30 12:00:00,1364.0,13.9
2023-12-30 13:00:00,1256.0,15.5
2023-12-30 14:00:00,1231.0,17.4
2023-12-30 15:00:00,1344.0,17.8
2023-12-30 16:00:00,1424.0,18.3
2023-12-30 17:00:00,1416.0,17.5
2023-12-30 18:00:00,1428.0,14.7
2023-12-30 19:00:00,1498.0,11.5
2023-12-30 20:00:00,1471.0,10.4
2023-12-30 21:00:00,1414.0,9.3
2023-12-30 22:00:00,1285.0,8.8
2023-12-30 23:00:00,1175.0,8.3
2023-12-31 00:00:00,1146.0,7.6
2023-12-31 01:00:00,1006.0,7.2
2023-12-31 02:00:00,930.0,7.2
2023-12-31 03:00:00,888.0,6.9
2023-12-31 04:00:00,893.0,6.0
2023-12-31 05:00:00,869.0,5.5
2023-12-31 06:00:00,913.0,4.7
2023-12-31 07:00:00,975.0,5.6
2023-12-31 08:00:00,1268.0,5.4
2023-12-31 09:00:00,1432.0,7.2
2023-12-31 10:00:00,1449.0,8.2
2023-12-31 11:00:00,1431.0,9.7
2023-12-31 12:00:00,1315.0,11.2
2023-12-31 13:00:00,1243.0,13.0
2023-12-31 14:00:00,1318.0,14.4
2023-12-31 15:00:00,1372.0,14.0
2023-12-31 16:00:00,1515.0,13.2
2023-12-31 17:00:00,1512.0,11.7
2023-12-31 18:00:00,1483.0,10.3
2023-12-31 19:00:00,1511.0,9.8
2023-12-31 20:00:00,1457.0,9.6
2023-12-31 21:00:00,1348.0,9.1
2023-12-31 22:00:00,1272.0,8.7
2023-12-31 23:00:00,1122.0,8.3
