Date,load,temp
2021-01-01 00:00:00,999.0,-0.3
2021-01-01 01:00:00,882.0,-1.0
2021-01-01 02:00:00,812.0,-1.0
2021-01-01 03:00:00,763.0,-1.2
2021-01-01 04:00:00,727.0,-1.4
2021-01-01 05:00:00,709.0,-1.7
2021-01-01 06:00:00,756.0,-1.8
2021-01-01 07:00:00,822.0,-1.8
2021-01-01 08:00:00,1071.0,-1.4
2021-01-01 09:00:00,1225.0,1.5
2021-01-01 10:00:00,1201.0,4.2
2021-01-01 11:00:00,1173.0,6.0
2021-01-01 12:00:00,1092.0,7.4
2021-01-01 13:00:00,1028.0,9.1
2021-01-01 14:00:00,999.0,9.8
2021-01-01 15:00:00,1003.0,9.9
2021-01-01 16:00:00,1071.0,10.1
2021-01-01 17:00:00,1190.0,9.5
2021-01-01 18:00:00,1225.0,8.0
2021-01-01 19:00:00,1310.0,6.5
2021-01-01 20:00:00,1326.0,4.8
2021-01-01 21:00:00,1289.0,4.1
2021-01-01 22:00:00,1180.0,3.3
2021-01-01 23:00:00,1077.0,2.4
2021-01-02 00:00:00,946.0,1.6
2021-01-02 01:00:00,843.0,1.3
2021-01-02 02:00:00,768.0,1.1
2021-01-02 03:00:00,727.0,0.8
2021-01-02 04:00:00,703.0,0.3
2021-01-02 05:00:00,710.0,-0.2
2021-01-02 06:00:00,760.0,-0.5
2021-01-02 07:00:00,836.0,-0.7
2021-01-02 08:00:00,1147.0,-0.2
2021-01-02 09:00:00,1265.0,3.2
2021-01-02 10:00:00,1236.0,5.8
2021-01-02 11:00:00,1233.0,7.5
2021-01-02 12:00:00,1127.0,9.5
2021-01-02 13:00:00,1080.0,10.5
2021-01-02 14:00:00,1074.0,11.0
2021-01-02 15:00:00,1086.0,11.5
2021-01-02 16:00:00,1180.0,10.5
2021-01-02 17:00:00,1304.0,10.2
2021-01-02 18:00:00,1299.0,9.6
2021-01-02 19:00:00,1363.0,9.1
2021-01-02 20:00:00,1339.0,8.8
2021-01-02 21:00:00,1279.0,8.6
2021-01-02 22:00:00,1168.0,8.2
2021-01-02 23:00:00,1067.0,7.6
2021-01-03 00:00:00,965.0,7.4
2021-01-03 01:00:00,857.0,7.4
2021-01-03 02:00:00,793.0,7.2
2021-01-03 03:00:00,754.0,6.6
2021-01-03 04:00:00,707.0,6.6
2021-01-03 05:00:00,727.0,6.9
2021-01-03 06:00:00,759.0,6.9
2021-01-03 07:00:00,852.0,6.7
2021-01-03 08:00:00,1097.0,6.7
2021-01-03 09:00:00,1318.0,6.8
2021-01-03 10:00:00,1336.0,7.1
2021-01-03 11:00:00,1372.0,7.5
2021-01-03 12:00:00,1305.0,8.1
2021-01-03 13:00:00,1274.0,8.3
2021-01-03 14:00:00,1242.0,8.9
2021-01-03 15:00:00,1216.0,9.2
2021-01-03 16:00:00,1254.0,9.3
2021-01-03 17:00:00,1368.0,8.8
2021-01-03 18:00:00,1353.0,8.5
2021-01-03 19:00:00,1403.0,8.1
2021-01-03 20:00:00,1395.0,7.8
2021-01-03 21:00:00,1317.0,6.7
2021-01-03 22:00:00,1206.0,5.1
2021-01-03 23:00:00,1087.0,4.3
2021-01-04 00:00:00,945.0,3.6
2021-01-04 01:00:00,862.0,3.1
2021-01-04 02:00:00,814.0,3.2
2021-01-04 03:00:00,776.0,2.9
2021-01-04 04:00:00,747.0,2.3
2021-01-04 05:00:00,759.0,2.7
2021-01-04 06:00:00,812.0,3.7
2021-01-04 07:00:00,973.0,3.8
2021-01-04 08:00:00,1216.0,4.1
2021-01-04 09:00:00,1361.0,5.4
2021-01-04 10:00:00,1342.0,6.5
2021-01-04 11:00:00,1367.0,7.5
2021-01-04 12:00:00,1251.0,8.4
2021-01-04 13:00:00,1233.0,9.1
2021-01-04 14:00:00,1223.0,9.5
2021-01-04 15:00:00,1237.0,9.4
2021-01-04 16:00:00,1284.0,8.9
2021-01-04 17:00:00,1385.0,8.6
2021-01-04 18:00:00,1391.0,8.2
2021-01-04 19:00:00,1419.0,7.8
2021-01-04 20:00:00,1385.0,7.5
2021-01-04 21:00:00,1307.0,7.3
2021-01-04 22:00:00,1182.0,6.9
2021-01-04 23:00:00,1083.0,6.5
2021-01-05 00:00:00,970.0,6.4
2021-01-05 01:00:00,874.0,6.3
2021-01-05 02:00:00,830.0,6.3
2021-01-05 03:00:00,792.0,6.2
2021-01-05 04:00:00,771.0,6.1
2021-01-05 05:00:00,773.0,6.0
2021-01-05 06:00:00,835.0,5.9
2021-01-05 07:00:00,1014.0,5.9
2021-01-05 08:00:00,1214.0,5.9
2021-01-05 09:00:00,1398.0,5.9
2021-01-05 10:00:00,1403.0,5.7
2021-01-05 11:00:00,1451.0,5.6
2021-01-05 12:00:00,1371.0,5.4
2021-01-05 13:00:00,1380.0,5.2
2021-01-05 14:00:00,1350.0,5.2
2021-01-05 15:00:00,1362.0,5.2
2021-01-05 16:00:00,1403.0,5.1
2021-01-05 17:00:00,1494.0,5.1
2021-01-05 18:00:00,1450.0,5.0
2021-01-05 19:00:00,1469.0,4.9
2021-01-05 20:00:00,1430.0,4.9
2021-01-05 21:00:00,1356.0,4.9
2021-01-05 22:00:00,1213.0,4.8
2021-01-05 23:00:00,1108.0,4.7
2021-01-06 00:00:00,1011.0,4.7
2021-01-06 01:00:00,919.0,4.5
2021-01-06 02:00:00,857.0,4.4
2021-01-06 03:00:00,830.0,4.3
2021-01-06 04:00:00,816.0,4.1
2021-01-06 05:00:00,793.0,4.0
2021-01-06 06:00:00,834.0,3.9
2021-01-06 07:00:00,1024.0,3.8
2021-01-06 08:00:00,1227.0,3.8
2021-01-06 09:00:00,1409.0,3.7
2021-01-06 10:00:00,1433.0,3.7
2021-01-06 11:00:00,1468.0,3.7
2021-01-06 12:00:00,1354.0,3.7
2021-01-06 13:00:00,1384.0,3.5
2021-01-06 14:00:00,1359.0,3.4
2021-01-06 15:00:00,1345.0,2.9
2021-01-06 16:00:00,1394.0,2.6
2021-01-06 17:00:00,1457.0,3.2
2021-01-06 18:00:00,1427.0,3.5
2021-01-06 19:00:00,1459.0,3.3
2021-01-06 20:00:00,1434.0,3.1
2021-01-06 21:00:00,1374.0,3.3
2021-01-06 22:00:00,1268.0,3.3
2021-01-06 23:00:00,1151.0,3.5
2021-01-07 00:00:00,1040.0,3.5
2021-01-07 01:00:00,938.0,3.4
2021-01-07 02:00:00,897.0,3.3
2021-01-07 03:00:00,854.0,3.1
2021-01-07 04:00:00,829.0,3.0
2021-01-07 05:00:00,821.0,2.8
2021-01-07 06:00:00,872.0,2.1
2021-01-07 07:00:00,1065.0,0.8
2021-01-07 08:00:00,1275.0,-0.8
2021-01-07 09:00:00,1471.0,-0.9
2021-01-07 10:00:00,1484.0,-0.9
2021-01-07 11:00:00,1514.0,-1.0
2021-01-07 12:00:00,1454.0,-0.9
2021-01-07 13:00:00,1443.0,-0.4
2021-01-07 14:00:00,1396.0,-0.5
2021-01-07 15:00:00,1403.0,-0.1
2021-01-07 16:00:00,1433.0,0.4
2021-01-07 17:00:00,1503.0,0.3
2021-01-07 18:00:00,1468.0,0.1
2021-01-07 19:00:00,1481.0,0.0
2021-01-07 20:00:00,1467.0,-0.2
2021-01-07 21:00:00,1427.0,-0.4
2021-01-07 22:00:00,1308.0,-0.5
2021-01-07 23:00:00,1194.0,-0.7
2021-01-08 00:00:00,1050.0,-0.8
2021-01-08 01:00:00,946.0,-0.9
2021-01-08 02:00:00,881.0,-0.9
2021-01-08 03:00:00,852.0,-0.8
2021-01-08 04:00:00,824.0,-0.9
2021-01-08 05:00:00,819.0,-1.0
2021-01-08 06:00:00,879.0,-1.5
2021-01-08 07:00:00,1028.0,-1.9
2021-01-08 08:00:00,1256.0,-1.6
2021-01-08 09:00:00,1379.0,-0.2
2021-01-08 10:00:00,1363.0,1.1
2021-01-08 11:00:00,1364.0,1.5
2021-01-08 12:00:00,1284.0,2.6
2021-01-08 13:00:00,1246.0,3.7
2021-01-08 14:00:00,1225.0,4.3
2021-01-08 15:00:00,1209.0,4.5
2021-01-08 16:00:00,1274.0,4.8
2021-01-08 17:00:00,1410.0,4.8
2021-01-08 18:00:00,1420.0,2.9
2021-01-08 19:00:00,1510.0,1.3
2021-01-08 20:00:00,1492.0,0.7
2021-01-08 21:00:00,1454.0,0.5
2021-01-08 22:00:00,1347.0,-0.7
2021-01-08 23:00:00,1227.0,-1.2
2021-01-09 00:00:00,1083.0,-2.2
2021-01-09 01:00:00,962.0,-2.1
2021-01-09 02:00:00,892.0,-2.6
2021-01-09 03:00:00,843.0,-3.0
2021-01-09 04:00:00,831.0,-3.2
2021-01-09 05:00:00,818.0,-3.0
2021-01-09 06:00:00,836.0,-3.3
2021-01-09 07:00:00,937.0,-3.8
2021-01-09 08:00:00,1185.0,-3.2
2021-01-09 09:00:00,1332.0,0.4
2021-01-09 10:00:00,1304.0,2.3
2021-01-09 11:00:00,1325.0,4.3
2021-01-09 12:00:00,1242.0,5.4
2021-01-09 13:00:00,1216.0,6.1
2021-01-09 14:00:00,1205.0,6.9
2021-01-09 15:00:00,1260.0,6.5
2021-01-09 16:00:00,1347.0,6.2
2021-01-09 17:00:00,1422.0,6.1
2021-01-09 18:00:00,1433.0,5.7
2021-01-09 19:00:00,1477.0,5.2
2021-01-09 20:00:00,1471.0,5.1
2021-01-09 21:00:00,1401.0,4.9
2021-01-09 22:00:00,1286.0,4.8
2021-01-09 23:00:00,1181.0,4.3
2021-01-10 00:00:00,1042.0,3.9
2021-01-10 01:00:00,943.0,4.0
2021-01-10 02:00:00,863.0,4.1
2021-01-10 03:00:00,826.0,3.9
2021-01-10 04:00:00,805.0,3.7
2021-01-10 05:00:00,786.0,3.5
2021-01-10 06:00:00,835.0,3.6
2021-01-10 07:00:00,912.0,3.4
2021-01-10 08:00:00,1148.0,3.5
2021-01-10 09:00:00,1353.0,4.0
2021-01-10 10:00:00,1397.0,4.6
2021-01-10 11:00:00,1439.0,4.9
2021-01-10 12:00:00,1350.0,5.4
2021-01-10 13:00:00,1324.0,6.1
2021-01-10 14:00:00,1327.0,6.7
2021-01-10 15:00:00,1315.0,6.7
2021-01-10 16:00:00,1337.0,7.3
2021-01-10 17:00:00,1437.0,7.1
2021-01-10 18:00:00,1447.0,6.6
2021-01-10 19:00:00,1486.0,6.0
2021-01-10 20:00:00,1485.0,5.9
2021-01-10 21:00:00,1389.0,5.7
2021-01-10 22:00:00,1263.0,5.4
2021-01-10 23:00:00,1127.0,5.2
2021-01-11 00:00:00,1012.0,5.0
2021-01-11 01:00:00,897.0,4.8
2021-01-11 02:00:00,828.0,4.6
2021-01-11 03:00:00,811.0,4.7
2021-01-11 04:00:00,792.0,4.2
2021-01-11 05:00:00,800.0,4.2
2021-01-11 06:00:00,861.0,3.8
2021-01-11 07:00:00,1046.0,3.1
2021-01-11 08:00:00,1275.0,2.9
2021-01-11 09:00:00,1417.0,3.7
2021-01-11 10:00:00,1384.0,5.1
2021-01-11 11:00:00,1369.0,6.8
2021-01-11 12:00:00,1252.0,7.5
2021-01-11 13:00:00,1223.0,8.0
2021-01-11 14:00:00,1186.0,8.6
2021-01-11 15:00:00,1183.0,8.6
2021-01-11 16:00:00,1237.0,8.8
2021-01-11 17:00:00,1338.0,8.4
2021-01-11 18:00:00,1352.0,7.2
2021-01-11 19:00:00,1443.0,5.9
2021-01-11 20:00:00,1432.0,5.0
2021-01-11 21:00:00,1376.0,5.0
2021-01-11 22:00:00,1260.0,3.2
2021-01-11 23:00:00,1116.0,2.8
2021-01-12 00:00:00,1004.0,2.2
2021-01-12 01:00:00,921.0,2.2
2021-01-12 02:00:00,852.0,3.0
2021-01-12 03:00:00,810.0,1.8
2021-01-12 04:00:00,793.0,2.5
2021-01-12 05:00:00,806.0,1.3
2021-01-12 06:00:00,859.0,0.4
2021-01-12 07:00:00,1063.0,-0.1
2021-01-12 08:00:00,1292.0,0.3
2021-01-12 09:00:00,1395.0,5.6
2021-01-12 10:00:00,1343.0,7.5
2021-01-12 11:00:00,1334.0,10.4
2021-01-12 12:00:00,1198.0,12.6
2021-01-12 13:00:00,1185.0,13.6
2021-01-12 14:00:00,1128.0,14.4
2021-01-12 15:00:00,1122.0,14.9
2021-01-12 16:00:00,1159.0,16.1
2021-01-12 17:00:00,1276.0,15.2
2021-01-12 18:00:00,1281.0,12.5
2021-01-12 19:00:00,1369.0,9.5
2021-01-12 20:00:00,1368.0,9.1
2021-01-12 21:00:00,1339.0,7.4
2021-01-12 22:00:00,1209.0,5.8
2021-01-12 23:00:00,1114.0,4.6
2021-01-13 00:00:00,971.0,4.1
2021-01-13 01:00:00,875.0,3.4
2021-01-13 02:00:00,824.0,2.8
2021-01-13 03:00:00,779.0,2.2
2021-01-13 04:00:00,771.0,1.8
2021-01-13 05:00:00,781.0,1.6
2021-01-13 06:00:00,849.0,1.3
2021-01-13 07:00:00,1044.0,1.3
2021-01-13 08:00:00,1271.0,1.6
2021-01-13 09:00:00,1368.0,5.9
2021-01-13 10:00:00,1342.0,9.5
2021-01-13 11:00:00,1319.0,12.7
2021-01-13 12:00:00,1170.0,15.6
2021-01-13 13:00:00,1143.0,17.6
2021-01-13 14:00:00,1118.0,19.0
2021-01-13 15:00:00,1081.0,18.8
2021-01-13 16:00:00,1132.0,18.65
2021-01-13 17:00:00,1249.0,18.5
2021-01-13 18:00:00,1286.0,15.7
2021-01-13 19:00:00,1367.0,11.6
2021-01-13 20:00:00,1348.0,9.9
2021-01-13 21:00:00,1292.0,8.8
2021-01-13 22:00:00,1160.0,8.0
2021-01-13 23:00:00,1080.0,7.3
2021-01-14 00:00:00,959.0,6.9
2021-01-14 01:00:00,872.0,7.1
2021-01-14 02:00:00,812.0,7.7
2021-01-14 03:00:00,784.0,7.3
2021-01-14 04:00:00,766.0,6.6
2021-01-14 05:00:00,766.0,5.9
2021-01-14 06:00:00,834.0,5.0
2021-01-14 07:00:00,1000.0,4.5
2021-01-14 08:00:00,1229.0,4.6
2021-01-14 09:00:00,1297.0,8.5
2021-01-14 10:00:00,1251.0,12.0
2021-01-14 11:00:00,1221.0,15.6
2021-01-14 12:00:00,1065.0,18.3
2021-01-14 13:00:00,1049.0,19.9
2021-01-14 14:00:00,1026.0,20.9
2021-01-14 15:00:00,1034.0,21.2
2021-01-14 16:00:00,1071.0,21.0
2021-01-14 17:00:00,1188.0,20.1
2021-01-14 18:00:00,1196.0,17.3
2021-01-14 19:00:00,1290.0,14.3
2021-01-14 20:00:00,1271.0,12.3
2021-01-14 21:00:00,1223.0,11.1
2021-01-14 22:00:00,1107.0,10.2
2021-01-14 23:00:00,1019.0,9.3
2021-01-15 00:00:00,910.0,8.4
2021-01-15 01:00:00,830.0,7.9
2021-01-15 02:00:00,783.0,7.3
2021-01-15 03:00:00,748.0,6.8
2021-01-15 04:00:00,721.0,6.6
2021-01-15 05:00:00,729.0,6.5
2021-01-15 06:00:00,805.0,6.0
2021-01-15 07:00:00,966.0,6.0
2021-01-15 08:00:00,1208.0,6.1
2021-01-15 09:00:00,1268.0,9.3
2021-01-15 10:00:00,1199.0,12.7
2021-01-15 11:00:00,1198.0,14.0
2021-01-15 12:00:00,1057.0,15.7
2021-01-15 13:00:00,1032.0,16.9
2021-01-15 14:00:00,1013.0,17.6
2021-01-15 15:00:00,1007.0,18.0
2021-01-15 16:00:00,1072.0,17.5
2021-01-15 17:00:00,1177.0,16.9
2021-01-15 18:00:00,1197.0,14.9
2021-01-15 19:00:00,1295.0,13.3
2021-01-15 20:00:00,1261.0,12.9
2021-01-15 21:00:00,1199.0,12.5
2021-01-15 22:00:00,1115.0,12.4
2021-01-15 23:00:00,1016.0,11.4
2021-01-16 00:00:00,900.0,10.9
2021-01-16 01:00:00,821.0,10.2
2021-01-16 02:00:00,759.0,9.0
2021-01-16 03:00:00,725.0,8.4
2021-01-16 04:00:00,717.0,7.9
2021-01-16 05:00:00,700.0,7.7
2021-01-16 06:00:00,747.0,7.8
2021-01-16 07:00:00,843.0,7.9
2021-01-16 08:00:00,1090.0,8.0
2021-01-16 09:00:00,1281.0,7.9
2021-01-16 10:00:00,1290.0,7.8
2021-01-16 11:00:00,1337.0,7.8
2021-01-16 12:00:00,1244.0,8.0
2021-01-16 13:00:00,1234.0,8.3
2021-01-16 14:00:00,1213.0,8.3
2021-01-16 15:00:00,1211.0,8.1
2021-01-16 16:00:00,1246.0,8.3
2021-01-16 17:00:00,1336.0,8.3
2021-01-16 18:00:00,1317.0,8.2
2021-01-16 19:00:00,1337.0,8.3
2021-01-16 20:00:00,1286.0,8.2
2021-01-16 21:00:00,1228.0,7.9
2021-01-16 22:00:00,1118.0,7.5
2021-01-16 23:00:00,1031.0,7.2
2021-01-17 00:00:00,928.0,6.8
2021-01-17 01:00:00,846.0,6.7
2021-01-17 02:00:00,781.0,6.5
2021-01-17 03:00:00,753.0,6.2
2021-01-17 04:00:00,726.0,5.8
2021-01-17 05:00:00,729.0,5.9
2021-01-17 06:00:00,766.0,5.7
2021-01-17 07:00:00,861.0,5.4
2021-01-17 08:00:00,1123.0,5.4
2021-01-17 09:00:00,1285.0,6.0
2021-01-17 10:00:00,1273.0,6.9
2021-01-17 11:00:00,1298.0,7.3
2021-01-17 12:00:00,1172.0,8.5
2021-01-17 13:00:00,1121.0,9.9
2021-01-17 14:00:00,1106.0,9.6
2021-01-17 15:00:00,1094.0,10.1
2021-01-17 16:00:00,1148.0,10.0
2021-01-17 17:00:00,1258.0,9.7
2021-01-17 18:00:00,1275.0,8.5
2021-01-17 19:00:00,1365.0,6.8
2021-01-17 20:00:00,1352.0,5.5
2021-01-17 21:00:00,1288.0,4.4
2021-01-17 22:00:00,1160.0,4.0
2021-01-17 23:00:00,1051.0,4.0
2021-01-18 00:00:00,925.0,4.0
2021-01-18 01:00:00,848.0,3.9
2021-01-18 02:00:00,789.0,4.0
2021-01-18 03:00:00,750.0,2.6
2021-01-18 04:00:00,731.0,2.0
2021-01-18 05:00:00,729.0,1.6
2021-01-18 06:00:00,799.0,1.1
2021-01-18 07:00:00,981.0,1.0
2021-01-18 08:00:00,1244.0,1.2
2021-01-18 09:00:00,1345.0,5.3
2021-01-18 10:00:00,1293.0,7.3
2021-01-18 11:00:00,1284.0,10.1
2021-01-18 12:00:00,1145.0,11.6
2021-01-18 13:00:00,1103.0,12.8
2021-01-18 14:00:00,1072.0,13.7
2021-01-18 15:00:00,1069.0,15.2
2021-01-18 16:00:00,1113.0,14.6
2021-01-18 17:00:00,1242.0,14.2
2021-01-18 18:00:00,1235.0,12.7
2021-01-18 19:00:00,1341.0,11.0
2021-01-18 20:00:00,1316.0,10.4
2021-01-18 21:00:00,1263.0,9.9
2021-01-18 22:00:00,1134.0,10.2
2021-01-18 23:00:00,1032.0,10.4
2021-01-19 00:00:00,919.0,9.7
2021-01-19 01:00:00,828.0,9.5
2021-01-19 02:00:00,787.0,6.0
2021-01-19 03:00:00,755.0,5.0
2021-01-19 04:00:00,726.0,4.1
2021-01-19 05:00:00,731.0,4.1
2021-01-19 06:00:00,805.0,3.7
2021-01-19 07:00:00,959.0,5.3
2021-01-19 08:00:00,1228.0,7.1
2021-01-19 09:00:00,1326.0,9.1
2021-01-19 10:00:00,1293.0,10.2
2021-01-19 11:00:00,1251.0,11.8
2021-01-19 12:00:00,1116.0,13.0
2021-01-19 13:00:00,1078.0,14.9
2021-01-19 14:00:00,1064.0,15.8
2021-01-19 15:00:00,1067.0,16.1
2021-01-19 16:00:00,1114.0,16.5
2021-01-19 17:00:00,1217.0,15.9
2021-01-19 18:00:00,1223.0,14.3
2021-01-19 19:00:00,1303.0,13.5
2021-01-19 20:00:00,1277.0,11.7
2021-01-19 21:00:00,1226.0,11.0
2021-01-19 22:00:00,1093.0,9.2
2021-01-19 23:00:00,1004.0,8.6
2021-01-20 00:00:00,890.0,10.5
2021-01-20 01:00:00,794.0,11.7
2021-01-20 02:00:00,751.0,11.6
2021-01-20 03:00:00,714.0,11.6
2021-01-20 04:00:00,705.0,11.6
2021-01-20 05:00:00,707.0,10.2
2021-01-20 06:00:00,769.0,9.2
2021-01-20 07:00:00,889.0,9.1
2021-01-20 08:00:00,1123.0,9.1
2021-01-20 09:00:00,1312.0,8.9
2021-01-20 10:00:00,1322.0,9.2
2021-01-20 11:00:00,1351.0,9.8
2021-01-20 12:00:00,1249.0,9.4
2021-01-20 13:00:00,1237.0,9.9
2021-01-20 14:00:00,1207.0,10.5
2021-01-20 15:00:00,1199.0,10.5
2021-01-20 16:00:00,1255.0,10.4
2021-01-20 17:00:00,1334.0,10.2
2021-01-20 18:00:00,1284.0,9.6
2021-01-20 19:00:00,1331.0,9.5
2021-01-20 20:00:00,1309.0,8.8
2021-01-20 21:00:00,1231.0,8.8
2021-01-20 22:00:00,1112.0,8.5
2021-01-20 23:00:00,1013.0,8.4
2021-01-21 00:00:00,894.0,8.1
2021-01-21 01:00:00,808.0,8.1
2021-01-21 02:00:00,759.0,8.0
2021-01-21 03:00:00,719.0,7.8
2021-01-21 04:00:00,698.0,7.9
2021-01-21 05:00:00,699.0,8.0
2021-01-21 06:00:00,746.0,7.9
2021-01-21 07:00:00,877.0,7.9
2021-01-21 08:00:00,1123.0,7.7
2021-01-21 09:00:00,1321.0,7.7
2021-01-21 10:00:00,1366.0,7.8
2021-01-21 11:00:00,1398.0,7.8
2021-01-21 12:00:00,1325.0,7.8
2021-01-21 13:00:00,1297.0,7.7
2021-01-21 14:00:00,1291.0,7.5
2021-01-21 15:00:00,1276.0,7.4
2021-01-21 16:00:00,1311.0,7.5
2021-01-21 17:00:00,1396.0,7.4
2021-01-21 18:00:00,1340.0,7.3
2021-01-21 19:00:00,1350.0,7.1
2021-01-21 20:00:00,1283.0,7.1
2021-01-21 21:00:00,1228.0,7.1
2021-01-21 22:00:00,1124.0,7.0
2021-01-21 23:00:00,1027.0,7.1
2021-01-22 00:00:00,900.0,7.1
2021-01-22 01:00:00,807.0,7.2
2021-01-22 02:00:00,756.0,7.1
2021-01-22 03:00:00,721.0,7.1
2021-01-22 04:00:00,701.0,7.2
2021-01-22 05:00:00,692.0,7.2
2021-01-22 06:00:00,745.0,7.3
2021-01-22 07:00:00,874.0,7.4
2021-01-22 08:00:00,1137.0,7.6
2021-01-22 09:00:00,1309.0,8.4
2021-01-22 10:00:00,1318.0,9.2
2021-01-22 11:00:00,1327.0,10.2
2021-01-22 12:00:00,1234.0,11.1
2021-01-22 13:00:00,1208.0,11.5
2021-01-22 14:00:00,1185.0,12.0
2021-01-22 15:00:00,1169.0,12.0
2021-01-22 16:00:00,1222.0,12.1
2021-01-22 17:00:00,1297.0,11.8
2021-01-22 18:00:00,1254.0,11.4
2021-01-22 19:00:00,1314.0,10.4
2021-01-22 20:00:00,1282.0,10.1
2021-01-22 21:00:00,1240.0,10.0
2021-01-22 22:00:00,1128.0,9.6
2021-01-22 23:00:00,1027.0,9.2
2021-01-23 00:00:00,887.0,8.9
2021-01-23 01:00:00,805.0,7.9
2021-01-23 02:00:00,734.0,7.5
2021-01-23 03:00:00,703.0,6.9
2021-01-23 04:00:00,686.0,6.2
2021-01-23 05:00:00,681.0,5.5
2021-01-23 06:00:00,724.0,4.9
2021-01-23 07:00:00,818.0,4.8
2021-01-23 08:00:00,1126.0,6.1
2021-01-23 09:00:00,1288.0,6.8
2021-01-23 10:00:00,1316.0,7.0
2021-01-23 11:00:00,1319.0,8.4
2021-01-23 12:00:00,1189.0,9.7
2021-01-23 13:00:00,1116.0,10.9
2021-01-23 14:00:00,1093.0,11.2
2021-01-23 15:00:00,1070.0,11.8
2021-01-23 16:00:00,1121.0,12.0
2021-01-23 17:00:00,1220.0,11.8
2021-01-23 18:00:00,1208.0,10.8
2021-01-23 19:00:00,1288.0,9.0
2021-01-23 20:00:00,1269.0,8.1
2021-01-23 21:00:00,1220.0,7.9
2021-01-23 22:00:00,1116.0,8.0
2021-01-23 23:00:00,1012.0,7.5
2021-01-24 00:00:00,894.0,7.4
2021-01-24 01:00:00,791.0,6.5
2021-01-24 02:00:00,712.0,6.0
2021-01-24 03:00:00,700.0,5.6
2021-01-24 04:00:00,673.0,5.9
2021-01-24 05:00:00,655.0,6.4
2021-01-24 06:00:00,711.0,6.4
2021-01-24 07:00:00,786.0,6.5
2021-01-24 08:00:00,1056.0,6.6
2021-01-24 09:00:00,1231.0,7.0
2021-01-24 10:00:00,1273.0,7.3
2021-01-24 11:00:00,1310.0,7.5
2021-01-24 12:00:00,1239.0,7.2
2021-01-24 13:00:00,1221.0,7.3
2021-01-24 14:00:00,1205.0,7.5
2021-01-24 15:00:00,1188.0,7.7
2021-01-24 16:00:00,1260.0,7.8
2021-01-24 17:00:00,1342.0,7.7
2021-01-24 18:00:00,1299.0,7.7
2021-01-24 19:00:00,1329.0,7.6
2021-01-24 20:00:00,1288.0,7.6
2021-01-24 21:00:00,1231.0,7.7
2021-01-24 22:00:00,1120.0,7.8
2021-01-24 23:00:00,990.0,7.7
2021-01-25 00:00:00,877.0,7.8
2021-01-25 01:00:00,766.0,7.8
2021-01-25 02:00:00,705.0,7.9
2021-01-25 03:00:00,668.0,7.9
2021-01-25 04:00:00,650.0,8.0
2021-01-25 05:00:00,646.0,7.9
2021-01-25 06:00:00,707.0,7.9
2021-01-25 07:00:00,801.0,7.5
2021-01-25 08:00:00,1058.0,7.2
2021-01-25 09:00:00,1342.0,6.8
2021-01-25 10:00:00,1409.0,6.6
2021-01-25 11:00:00,1451.0,6.4
2021-01-25 12:00:00,1400.0,6.1
2021-01-25 13:00:00,1373.0,6.0
2021-01-25 14:00:00,1325.0,5.9
2021-01-25 15:00:00,1296.0,5.8
2021-01-25 16:00:00,1334.0,5.9
2021-01-25 17:00:00,1393.0,6.1
2021-01-25 18:00:00,1343.0,6.1
2021-01-25 19:00:00,1353.0,6.2
2021-01-25 20:00:00,1321.0,6.2
2021-01-25 21:00:00,1262.0,6.2
2021-01-25 22:00:00,1147.0,6.0
2021-01-25 23:00:00,1022.0,6.0
2021-01-26 00:00:00,902.0,5.9
2021-01-26 01:00:00,793.0,5.8
2021-01-26 02:00:00,732.0,5.7
2021-01-26 03:00:00,686.0,5.6
2021-01-26 04:00:00,677.0,5.1
2021-01-26 05:00:00,660.0,4.9
2021-01-26 06:00:00,700.0,4.4
2021-01-26 07:00:00,793.0,4.1
2021-01-26 08:00:00,1124.0,3.9
2021-01-26 09:00:00,1335.0,4.7
2021-01-26 10:00:00,1350.0,4.9
2021-01-26 11:00:00,1385.0,5.7
2021-01-26 12:00:00,1313.0,7.0
2021-01-26 13:00:00,1271.0,8.1
2021-01-26 14:00:00,1243.0,8.6
2021-01-26 15:00:00,1229.0,9.1
2021-01-26 16:00:00,1246.0,9.0
2021-01-26 17:00:00,1325.0,8.6
2021-01-26 18:00:00,1297.0,8.2
2021-01-26 19:00:00,1351.0,7.7
2021-01-26 20:00:00,1335.0,7.3
2021-01-26 21:00:00,1285.0,7.1
2021-01-26 22:00:00,1185.0,7.0
2021-01-26 23:00:00,1046.0,6.9
2021-01-27 00:00:00,913.0,6.9
2021-01-27 01:00:00,804.0,6.8
2021-01-27 02:00:00,725.0,6.8
2021-01-27 03:00:00,693.0,6.7
2021-01-27 04:00:00,663.0,6.7
2021-01-27 05:00:00,670.0,6.6
2021-01-27 06:00:00,694.0,6.5
2021-01-27 07:00:00,787.0,6.4
2021-01-27 08:00:00,1069.0,6.5
2021-01-27 09:00:00,1339.0,6.5
2021-01-27 10:00:00,1383.0,6.5
2021-01-27 11:00:00,1434.0,6.5
2021-01-27 12:00:00,1381.0,6.4
2021-01-27 13:00:00,1321.0,6.5
2021-01-27 14:00:00,1310.0,6.6
2021-01-27 15:00:00,1286.0,6.6
2021-01-27 16:00:00,1320.0,6.6
2021-01-27 17:00:00,1391.0,6.7
2021-01-27 18:00:00,1339.0,7.0
2021-01-27 19:00:00,1372.0,7.1
2021-01-27 20:00:00,1335.0,7.2
2021-01-27 21:00:00,1271.0,7.0
2021-01-27 22:00:00,1159.0,6.9
2021-01-27 23:00:00,1042.0,6.7
2021-01-28 00:00:00,914.0,6.3
2021-01-28 01:00:00,791.0,6.2
2021-01-28 02:00:00,745.0,5.8
2021-01-28 03:00:00,701.0,4.8
2021-01-28 04:00:00,682.0,4.2
2021-01-28 05:00:00,675.0,4.3
2021-01-28 06:00:00,723.0,3.7
2021-01-28 07:00:00,814.0,3.1
2021-01-28 08:00:00,1109.0,2.0
2021-01-28 09:00:00,1352.0,3.5
2021-01-28 10:00:00,1390.0,4.3
2021-01-28 11:00:00,1418.0,6.2
2021-01-28 12:00:00,1291.0,7.8
2021-01-28 13:00:00,1209.0,10.0
2021-01-28 14:00:00,1159.0,11.4
2021-01-28 15:00:00,1139.0,12.2
2021-01-28 16:00:00,1166.0,12.2
2021-01-28 17:00:00,1263.0,11.8
2021-01-28 18:00:00,1263.0,10.7
2021-01-28 19:00:00,1337.0,8.3
2021-01-28 20:00:00,1343.0,6.9
2021-01-28 21:00:00,1287.0,6.1
2021-01-28 22:00:00,1186.0,5.5
2021-01-28 23:00:00,1067.0,5.3
2021-01-29 00:00:00,938.0,4.5
2021-01-29 01:00:00,807.0,4.0
2021-01-29 02:00:00,745.0,4.0
2021-01-29 03:00:00,711.0,3.5
2021-01-29 04:00:00,671.0,3.3
2021-01-29 05:00:00,671.0,3.1
2021-01-29 06:00:00,710.0,2.9
2021-01-29 07:00:00,830.0,2.6
2021-01-29 08:00:00,1162.0,2.8
2021-01-29 09:00:00,1335.0,5.5
2021-01-29 10:00:00,1325.0,8.4
2021-01-29 11:00:00,1326.0,11.0
2021-01-29 12:00:00,1231.0,12.1
2021-01-29 13:00:00,1169.0,13.4
2021-01-29 14:00:00,1144.0,13.8
2021-01-29 15:00:00,1129.0,13.8
2021-01-29 16:00:00,1162.0,13.3
2021-01-29 17:00:00,1260.0,13.1
2021-01-29 18:00:00,1241.0,12.1
2021-01-29 19:00:00,1320.0,11.0
2021-01-29 20:00:00,1295.0,11.2
2021-01-29 21:00:00,1253.0,10.5
2021-01-29 22:00:00,1146.0,10.2
2021-01-29 23:00:00,1028.0,9.9
2021-01-30 00:00:00,889.0,9.6
2021-01-30 01:00:00,788.0,9.3
2021-01-30 02:00:00,700.0,9.2
2021-01-30 03:00:00,663.0,9.0
2021-01-30 04:00:00,632.0,9.0
2021-01-30 05:00:00,651.0,9.0
2021-01-30 06:00:00,674.0,9.0
2021-01-30 07:00:00,758.0,8.8
2021-01-30 08:00:00,1037.0,8.8
2021-01-30 09:00:00,1212.0,9.3
2021-01-30 10:00:00,1247.0,10.3
2021-01-30 11:00:00,1272.0,11.0
2021-01-30 12:00:00,1197.0,11.2
2021-01-30 13:00:00,1155.0,11.4
2021-01-30 14:00:00,1145.0,11.5
2021-01-30 15:00:00,1129.0,11.5
2021-01-30 16:00:00,1186.0,11.5
2021-01-30 17:00:00,1268.0,11.3
2021-01-30 18:00:00,1232.0,11.0
2021-01-30 19:00:00,1275.0,10.7
2021-01-30 20:00:00,1275.0,10.3
2021-01-30 21:00:00,1222.0,10.1
2021-01-30 22:00:00,1128.0,9.9
2021-01-30 23:00:00,1000.0,10.0
2021-01-31 00:00:00,876.0,9.9
2021-01-31 01:00:00,765.0,9.7
2021-01-31 02:00:00,696.0,9.6
2021-01-31 03:00:00,664.0,9.5
2021-01-31 04:00:00,641.0,9.4
2021-01-31 05:00:00,639.0,9.5
2021-01-31 06:00:00,666.0,9.2
2021-01-31 07:00:00,740.0,9.2
2021-01-31 08:00:00,984.0,9.1
2021-01-31 09:00:00,1216.0,8.7
2021-01-31 10:00:00,1273.0,8.3
2021-01-31 11:00:00,1310.0,8.3
2021-01-31 12:00:00,1236.0,8.6
2021-01-31 13:00:00,1194.0,8.8
2021-01-31 14:00:00,1175.0,9.1
2021-01-31 15:00:00,1151.0,9.5
2021-01-31 16:00:00,1196.0,9.6
2021-01-31 17:00:00,1271.0,9.4
2021-01-31 18:00:00,1239.0,9.3
2021-01-31 19:00:00,1297.0,9.3
2021-01-31 20:00:00,1259.0,9.1
2021-01-31 21:00:00,1215.0,8.9
2021-01-31 22:00:00,1106.0,8.8
2021-01-31 23:00:00,1013.0,8.6
2021-02-01 00:00:00,886.0,8.3
2021-02-01 01:00:00,779.0,8.1
2021-02-01 02:00:00,695.0,8.0
2021-02-01 03:00:00,662.0,8.0
2021-02-01 04:00:00,646.0,8.0
2021-02-01 05:00:00,641.0,8.1
2021-02-01 06:00:00,665.0,8.1
2021-02-01 07:00:00,760.0,8.0
2021-02-01 08:00:00,1046.0,8.1
2021-02-01 09:00:00,1236.0,8.5
2021-02-01 10:00:00,1278.0,9.0
2021-02-01 11:00:00,1278.0,10.7
2021-02-01 12:00:00,1159.0,12.3
2021-02-01 13:00:00,1094.0,13.1
2021-02-01 14:00:00,1051.0,14.4
2021-02-01 15:00:00,1012.0,15.2
2021-02-01 16:00:00,1045.0,14.7
2021-02-01 17:00:00,1145.0,14.1
2021-02-01 18:00:00,1125.0,13.3
2021-02-01 19:00:00,1233.0,12.0
2021-02-01 20:00:00,1251.0,10.9
2021-02-01 21:00:00,1219.0,10.0
2021-02-01 22:00:00,1115.0,8.9
2021-02-01 23:00:00,985.0,8.3
2021-02-02 00:00:00,857.0,7.7
2021-02-02 01:00:00,731.0,7.2
2021-02-02 02:00:00,662.0,6.7
2021-02-02 03:00:00,615.0,6.2
2021-02-02 04:00:00,603.0,5.7
2021-02-02 05:00:00,617.0,5.3
2021-02-02 06:00:00,643.0,5.0
2021-02-02 07:00:00,730.0,4.9
2021-02-02 08:00:00,1032.0,4.9
2021-02-02 09:00:00,1186.0,4.8
2021-02-02 10:00:00,1210.0,7.7
2021-02-02 11:00:00,1236.0,9.8
2021-02-02 12:00:00,1157.0,11.6
2021-02-02 13:00:00,1122.0,11.5
2021-02-02 14:00:00,1107.0,11.2
2021-02-02 15:00:00,1109.0,11.0
2021-02-02 16:00:00,1177.0,10.7
2021-02-02 17:00:00,1262.0,10.3
2021-02-02 18:00:00,1234.0,9.4
2021-02-02 19:00:00,1290.0,9.4
2021-02-02 20:00:00,1281.0,9.4
2021-02-02 21:00:00,1227.0,9.2
2021-02-02 22:00:00,1106.0,8.9
2021-02-02 23:00:00,992.0,8.8
2021-02-03 00:00:00,877.0,8.8
2021-02-03 01:00:00,749.0,8.9
2021-02-03 02:00:00,688.0,8.8
2021-02-03 03:00:00,640.0,8.7
2021-02-03 04:00:00,625.0,8.7
2021-02-03 05:00:00,615.0,8.8
2021-02-03 06:00:00,642.0,8.8
2021-02-03 07:00:00,725.0,8.8
2021-02-03 08:00:00,1016.0,8.8
2021-02-03 09:00:00,1196.0,8.9
2021-02-03 10:00:00,1216.0,9.4
2021-02-03 11:00:00,1230.0,10.2
2021-02-03 12:00:00,1157.0,11.1
2021-02-03 13:00:00,1102.0,12.4
2021-02-03 14:00:00,1091.0,11.9
2021-02-03 15:00:00,1085.0,11.7
2021-02-03 16:00:00,1127.0,11.1
2021-02-03 17:00:00,1223.0,11.3
2021-02-03 18:00:00,1211.0,11.3
2021-02-03 19:00:00,1264.0,11.1
2021-02-03 20:00:00,1254.0,10.9
2021-02-03 21:00:00,1184.0,10.7
2021-02-03 22:00:00,1092.0,10.4
2021-02-03 23:00:00,976.0,10.1
2021-02-04 00:00:00,831.0,10.2
2021-02-04 01:00:00,723.0,10.2
2021-02-04 02:00:00,661.0,10.2
2021-02-04 03:00:00,614.0,10.2
2021-02-04 04:00:00,586.0,10.1
2021-02-04 05:00:00,594.0,10.1
2021-02-04 06:00:00,604.0,10.0
2021-02-04 07:00:00,678.0,9.9
2021-02-04 08:00:00,961.0,10.0
2021-02-04 09:00:00,1157.0,10.2
2021-02-04 10:00:00,1198.0,10.3
2021-02-04 11:00:00,1240.0,10.4
2021-02-04 12:00:00,1200.0,10.4
2021-02-04 13:00:00,1179.0,10.3
2021-02-04 14:00:00,1127.0,10.2
2021-02-04 15:00:00,1111.0,10.1
2021-02-04 16:00:00,1166.0,9.6
2021-02-04 17:00:00,1266.0,9.2
2021-02-04 18:00:00,1229.0,9.1
2021-02-04 19:00:00,1273.0,9.1
2021-02-04 20:00:00,1253.0,9.0
2021-02-04 21:00:00,1210.0,8.9
2021-02-04 22:00:00,1110.0,8.8
2021-02-04 23:00:00,967.0,8.7
2021-02-05 00:00:00,879.0,8.5
2021-02-05 01:00:00,747.0,8.2
2021-02-05 02:00:00,657.0,7.9
2021-02-05 03:00:00,636.0,7.6
2021-02-05 04:00:00,595.0,7.7
2021-02-05 05:00:00,592.0,7.6
2021-02-05 06:00:00,604.0,7.4
2021-02-05 07:00:00,678.0,7.1
2021-02-05 08:00:00,957.0,7.0
2021-02-05 09:00:00,1188.0,7.0
2021-02-05 10:00:00,1245.0,7.1
2021-02-05 11:00:00,1288.0,7.2
2021-02-05 12:00:00,1215.0,7.3
2021-02-05 13:00:00,1149.0,7.3
2021-02-05 14:00:00,1105.0,7.6
2021-02-05 15:00:00,1054.0,7.9
2021-02-05 16:00:00,1080.0,8.2
2021-02-05 17:00:00,1145.0,8.7
2021-02-05 18:00:00,1115.0,8.5
2021-02-05 19:00:00,1212.0,7.4
2021-02-05 20:00:00,1250.0,7.0
2021-02-05 21:00:00,1231.0,6.5
2021-02-05 22:00:00,1159.0,6.0
2021-02-05 23:00:00,1014.0,5.4
2021-02-06 00:00:00,854.0,5.4
2021-02-06 01:00:00,712.0,5.0
2021-02-06 02:00:00,626.0,4.8
2021-02-06 03:00:00,580.0,4.6
2021-02-06 04:00:00,556.0,4.2
2021-02-06 05:00:00,544.0,4.6
2021-02-06 06:00:00,575.0,5.3
2021-02-06 07:00:00,661.0,5.4
2021-02-06 08:00:00,969.0,5.8
2021-02-06 09:00:00,1148.0,6.4
2021-02-06 10:00:00,1176.0,7.4
2021-02-06 11:00:00,1212.0,8.4
2021-02-06 12:00:00,1133.0,10.0
2021-02-06 13:00:00,1038.0,13.0
2021-02-06 14:00:00,999.0,13.8
2021-02-06 15:00:00,945.0,14.7
2021-02-06 16:00:00,970.0,15.7
2021-02-06 17:00:00,1084.0,15.4
2021-02-06 18:00:00,1093.0,14.5
2021-02-06 19:00:00,1201.0,12.1
2021-02-06 20:00:00,1231.0,11.1
2021-02-06 21:00:00,1192.0,10.8
2021-02-06 22:00:00,1106.0,10.1
2021-02-06 23:00:00,949.0,10.0
2021-02-07 00:00:00,809.0,10.1
2021-02-07 01:00:00,673.0,9.9
2021-02-07 02:00:00,592.0,9.5
2021-02-07 03:00:00,559.0,9.7
2021-02-07 04:00:00,528.0,9.7
2021-02-07 05:00:00,513.0,8.8
2021-02-07 06:00:00,536.0,9.0
2021-02-07 07:00:00,622.0,9.3
2021-02-07 08:00:00,903.0,9.6
2021-02-07 09:00:00,1070.0,10.2
2021-02-07 10:00:00,1086.0,11.2
2021-02-07 11:00:00,1132.0,11.7
2021-02-07 12:00:00,1100.0,11.7
2021-02-07 13:00:00,1052.0,11.9
2021-02-07 14:00:00,1020.0,11.8
2021-02-07 15:00:00,1009.0,11.6
2021-02-07 16:00:00,1061.0,11.5
2021-02-07 17:00:00,1191.0,11.1
2021-02-07 18:00:00,1165.0,10.6
2021-02-07 19:00:00,1225.0,10.4
2021-02-07 20:00:00,1226.0,10.5
2021-02-07 21:00:00,1189.0,10.5
2021-02-07 22:00:00,1078.0,10.5
2021-02-07 23:00:00,930.0,10.4
2021-02-08 00:00:00,776.0,10.2
2021-02-08 01:00:00,638.0,10.1
2021-02-08 02:00:00,558.0,10.1
2021-02-08 03:00:00,526.0,10.0
2021-02-08 04:00:00,497.0,9.7
2021-02-08 05:00:00,478.0,9.8
2021-02-08 06:00:00,509.0,9.5
2021-02-08 07:00:00,583.0,9.1
2021-02-08 08:00:00,842.0,8.5
2021-02-08 09:00:00,1092.0,8.1
2021-02-08 10:00:00,1167.0,7.8
2021-02-08 11:00:00,1215.0,7.6
2021-02-08 12:00:00,1186.0,7.5
2021-02-08 13:00:00,1141.0,7.3
2021-02-08 14:00:00,1105.0,7.4
2021-02-08 15:00:00,1079.0,7.1
2021-02-08 16:00:00,1103.0,7.0
2021-02-08 17:00:00,1204.0,7.2
2021-02-08 18:00:00,1165.0,7.3
2021-02-08 19:00:00,1224.0,7.2
2021-02-08 20:00:00,1224.0,7.3
2021-02-08 21:00:00,1184.0,7.4
2021-02-08 22:00:00,1124.0,7.4
2021-02-08 23:00:00,959.0,7.5
2021-02-09 00:00:00,807.0,7.4
2021-02-09 01:00:00,665.0,7.3
2021-02-09 02:00:00,569.0,7.3
2021-02-09 03:00:00,515.0,7.4
2021-02-09 04:00:00,493.0,7.4
2021-02-09 05:00:00,477.0,7.4
2021-02-09 06:00:00,499.0,7.4
2021-02-09 07:00:00,581.0,7.4
2021-02-09 08:00:00,868.0,7.6
2021-02-09 09:00:00,1054.0,7.9
2021-02-09 10:00:00,1095.0,8.4
2021-02-09 11:00:00,1131.0,8.7
2021-02-09 12:00:00,1095.0,9.3
2021-02-09 13:00:00,1041.0,9.4
2021-02-09 14:00:00,998.0,9.3
2021-02-09 15:00:00,973.0,9.8
2021-02-09 16:00:00,1021.0,9.7
2021-02-09 17:00:00,1115.0,9.3
2021-02-09 18:00:00,1117.0,8.9
2021-02-09 19:00:00,1197.0,8.7
2021-02-09 20:00:00,1210.0,8.7
2021-02-09 21:00:00,1189.0,8.7
2021-02-09 22:00:00,1107.0,8.6
2021-02-09 23:00:00,964.0,8.5
2021-02-10 00:00:00,794.0,8.4
2021-02-10 01:00:00,647.0,8.3
2021-02-10 02:00:00,547.0,8.5
2021-02-10 03:00:00,488.0,8.4
2021-02-10 04:00:00,455.0,8.4
2021-02-10 05:00:00,454.0,8.4
2021-02-10 06:00:00,469.0,8.3
2021-02-10 07:00:00,537.0,8.2
2021-02-10 08:00:00,804.0,8.2
2021-02-10 09:00:00,1021.0,8.5
2021-02-10 10:00:00,1080.0,8.7
2021-02-10 11:00:00,1133.0,8.8
2021-02-10 12:00:00,1120.0,9.0
2021-02-10 13:00:00,1053.0,9.2
2021-02-10 14:00:00,1021.0,9.5
2021-02-10 15:00:00,1000.0,9.5
2021-02-10 16:00:00,1040.0,9.7
2021-02-10 17:00:00,1118.0,9.9
2021-02-10 18:00:00,1110.0,9.9
2021-02-10 19:00:00,1193.0,9.8
2021-02-10 20:00:00,1222.0,9.6
2021-02-10 21:00:00,1183.0,9.5
2021-02-10 22:00:00,1089.0,9.4
2021-02-10 23:00:00,929.0,9.4
2021-02-11 00:00:00,771.0,9.2
2021-02-11 01:00:00,609.0,9.4
2021-02-11 02:00:00,489.0,9.5
2021-02-11 03:00:00,432.0,9.5
2021-02-11 04:00:00,416.0,9.5
2021-02-11 05:00:00,429.0,9.4
2021-02-11 06:00:00,477.0,9.4
2021-02-11 07:00:00,586.0,9.3
2021-02-11 08:00:00,889.0,9.4
2021-02-11 09:00:00,1041.0,9.7
2021-02-11 10:00:00,1060.0,10.2
2021-02-11 11:00:00,1051.0,10.5
2021-02-11 12:00:00,1012.0,10.4
2021-02-11 13:00:00,963.0,11.0
2021-02-11 14:00:00,945.0,12.0
2021-02-11 15:00:00,924.0,12.9
2021-02-11 16:00:00,939.0,13.2
2021-02-11 17:00:00,998.0,13.0
2021-02-11 18:00:00,986.0,12.4
2021-02-11 19:00:00,1098.0,10.3
2021-02-11 20:00:00,1168.0,9.5
2021-02-11 21:00:00,1131.0,9.1
2021-02-11 22:00:00,1090.0,8.8
2021-02-11 23:00:00,1035.0,8.1
2021-02-12 00:00:00,954.0,7.7
2021-02-12 01:00:00,684.0,7.2
2021-02-12 02:00:00,497.0,6.7
2021-02-12 03:00:00,415.0,6.2
2021-02-12 04:00:00,389.0,6.4
2021-02-12 05:00:00,390.0,6.4
2021-02-12 06:00:00,415.0,6.3
2021-02-12 07:00:00,484.0,7.8
2021-02-12 08:00:00,746.0,8.9
2021-02-12 09:00:00,851.0,9.5
2021-02-12 10:00:00,833.0,10.2
2021-02-12 11:00:00,790.0,11.1
2021-02-12 12:00:00,717.0,11.8
2021-02-12 13:00:00,639.0,13.2
2021-02-12 14:00:00,585.0,14.6
2021-02-12 15:00:00,562.0,15.5
2021-02-12 16:00:00,589.0,15.7
2021-02-12 17:00:00,654.0,15.4
2021-02-12 18:00:00,696.0,14.4
2021-02-12 19:00:00,842.0,12.2
2021-02-12 20:00:00,913.0,11.0
2021-02-12 21:00:00,903.0,10.1
2021-02-12 22:00:00,857.0,9.5
2021-02-12 23:00:00,756.0,9.0
2021-02-13 00:00:00,648.0,8.8
2021-02-13 01:00:00,519.0,8.1
2021-02-13 02:00:00,423.0,8.1
2021-02-13 03:00:00,382.0,7.6
2021-02-13 04:00:00,361.0,7.7
2021-02-13 05:00:00,359.0,7.5
2021-02-13 06:00:00,371.0,7.3
2021-02-13 07:00:00,431.0,6.8
2021-02-13 08:00:00,742.0,6.9
2021-02-13 09:00:00,908.0,7.9
2021-02-13 10:00:00,900.0,9.9
2021-02-13 11:00:00,818.0,11.5
2021-02-13 12:00:00,701.0,13.0
2021-02-13 13:00:00,623.0,15.6
2021-02-13 14:00:00,591.0,17.4
2021-02-13 15:00:00,590.0,17.7
2021-02-13 16:00:00,622.0,17.5
2021-02-13 17:00:00,690.0,17.6
2021-02-13 18:00:00,711.0,16.8
2021-02-13 19:00:00,900.0,13.8
2021-02-13 20:00:00,991.0,12.3
2021-02-13 21:00:00,1010.0,12.0
2021-02-13 22:00:00,935.0,12.3
2021-02-13 23:00:00,830.0,12.4
2021-02-14 00:00:00,713.0,12.1
2021-02-14 01:00:00,568.0,10.8
2021-02-14 02:00:00,451.0,10.1
2021-02-14 03:00:00,385.0,9.5
2021-02-14 04:00:00,361.0,9.3
2021-02-14 05:00:00,361.0,8.8
2021-02-14 06:00:00,364.0,8.6
2021-02-14 07:00:00,444.0,8.1
2021-02-14 08:00:00,767.0,8.8
2021-02-14 09:00:00,892.0,11.4
2021-02-14 10:00:00,844.0,14.9
2021-02-14 11:00:00,794.0,17.3
2021-02-14 12:00:00,690.0,18.5
2021-02-14 13:00:00,622.0,19.8
2021-02-14 14:00:00,600.0,21.1
2021-02-14 15:00:00,592.0,22.0
2021-02-14 16:00:00,632.0,21.0
2021-02-14 17:00:00,713.0,20.7
2021-02-14 18:00:00,751.0,19.6
2021-02-14 19:00:00,917.0,17.5
2021-02-14 20:00:00,994.0,15.3
2021-02-14 21:00:00,976.0,14.0
2021-02-14 22:00:00,908.0,13.5
2021-02-14 23:00:00,806.0,12.8
2021-02-15 00:00:00,687.0,12.1
2021-02-15 01:00:00,547.0,11.6
2021-02-15 02:00:00,449.0,11.1
2021-02-15 03:00:00,403.0,10.7
2021-02-15 04:00:00,380.0,10.3
2021-02-15 05:00:00,377.0,10.1
2021-02-15 06:00:00,390.0,9.9
2021-02-15 07:00:00,473.0,9.8
2021-02-15 08:00:00,774.0,10.4
2021-02-15 09:00:00,872.0,12.3
2021-02-15 10:00:00,839.0,13.4
2021-02-15 11:00:00,791.0,16.8
2021-02-15 12:00:00,700.0,18.5
2021-02-15 13:00:00,656.0,19.6
2021-02-15 14:00:00,659.0,19.0
2021-02-15 15:00:00,673.0,17.9
2021-02-15 16:00:00,744.0,17.1
2021-02-15 17:00:00,840.0,16.6
2021-02-15 18:00:00,861.0,16.0
2021-02-15 19:00:00,977.0,14.8
2021-02-15 20:00:00,990.0,13.2
2021-02-15 21:00:00,931.0,12.8
2021-02-15 22:00:00,871.0,11.1
2021-02-15 23:00:00,780.0,9.0
2021-02-16 00:00:00,660.0,8.8
2021-02-16 01:00:00,552.0,8.6
2021-02-16 02:00:00,451.0,9.0
2021-02-16 03:00:00,414.0,9.2
2021-02-16 04:00:00,401.0,9.2
2021-02-16 05:00:00,395.0,9.5
2021-02-16 06:00:00,400.0,9.6
2021-02-16 07:00:00,467.0,9.7
2021-02-16 08:00:00,739.0,9.8
2021-02-16 09:00:00,917.0,10.1
2021-02-16 10:00:00,955.0,9.9
2021-02-16 11:00:00,962.0,10.2
2021-02-16 12:00:00,889.0,10.7
2021-02-16 13:00:00,830.0,11.2
2021-02-16 14:00:00,791.0,12.0
2021-02-16 15:00:00,797.0,12.3
2021-02-16 16:00:00,811.0,12.8
2021-02-16 17:00:00,864.0,13.2
2021-02-16 18:00:00,862.0,12.8
2021-02-16 19:00:00,1003.0,11.5
2021-02-16 20:00:00,1049.0,10.5
2021-02-16 21:00:00,1037.0,9.6
2021-02-16 22:00:00,953.0,8.8
2021-02-16 23:00:00,841.0,8.2
2021-02-17 00:00:00,721.0,7.7
2021-02-17 01:00:00,586.0,7.3
2021-02-17 02:00:00,495.0,6.9
2021-02-17 03:00:00,441.0,6.7
2021-02-17 04:00:00,422.0,6.6
2021-02-17 05:00:00,416.0,6.2
2021-02-17 06:00:00,434.0,5.9
2021-02-17 07:00:00,515.0,5.8
2021-02-17 08:00:00,809.0,6.8
2021-02-17 09:00:00,935.0,10.3
2021-02-17 10:00:00,918.0,12.7
2021-02-17 11:00:00,882.0,15.3
2021-02-17 12:00:00,805.0,16.6
2021-02-17 13:00:00,721.0,17.0
2021-02-17 14:00:00,692.0,17.6
2021-02-17 15:00:00,673.0,18.1
2021-02-17 16:00:00,718.0,18.2
2021-02-17 17:00:00,817.0,17.7
2021-02-17 18:00:00,837.0,16.9
2021-02-17 19:00:00,993.0,14.0
2021-02-17 20:00:00,1043.0,11.9
2021-02-17 21:00:00,1012.0,10.8
2021-02-17 22:00:00,922.0,10.4
2021-02-17 23:00:00,797.0,10.0
2021-02-18 00:00:00,683.0,9.3
2021-02-18 01:00:00,563.0,8.7
2021-02-18 02:00:00,478.0,8.7
2021-02-18 03:00:00,435.0,8.2
2021-02-18 04:00:00,417.0,8.1
2021-02-18 05:00:00,412.0,7.4
2021-02-18 06:00:00,433.0,7.2
2021-02-18 07:00:00,525.0,6.7
2021-02-18 08:00:00,833.0,7.5
2021-02-18 09:00:00,921.0,11.8
2021-02-18 10:00:00,899.0,13.6
2021-02-18 11:00:00,884.0,16.5
2021-02-18 12:00:00,813.0,17.6
2021-02-18 13:00:00,728.0,18.6
2021-02-18 14:00:00,694.0,19.7
2021-02-18 15:00:00,691.0,19.5
2021-02-18 16:00:00,751.0,19.0
2021-02-18 17:00:00,847.0,18.4
2021-02-18 18:00:00,858.0,18.0
2021-02-18 19:00:00,988.0,16.4
2021-02-18 20:00:00,1024.0,13.5
2021-02-18 21:00:00,989.0,12.1
2021-02-18 22:00:00,891.0,10.9
2021-02-18 23:00:00,772.0,10.5
2021-02-19 00:00:00,670.0,9.9
2021-02-19 01:00:00,549.0,9.6
2021-02-19 02:00:00,479.0,8.9
2021-02-19 03:00:00,444.0,8.7
2021-02-19 04:00:00,424.0,8.2
2021-02-19 05:00:00,421.0,7.8
2021-02-19 06:00:00,448.0,7.6
2021-02-19 07:00:00,558.0,7.3
2021-02-19 08:00:00,854.0,8.3
2021-02-19 09:00:00,951.0,12.5
2021-02-19 10:00:00,922.0,16.0
2021-02-19 11:00:00,923.0,19.1
2021-02-19 12:00:00,823.0,21.0
2021-02-19 13:00:00,748.0,22.2
2021-02-19 14:00:00,719.0,23.2
2021-02-19 15:00:00,706.0,23.7
2021-02-19 16:00:00,745.0,24.2
2021-02-19 17:00:00,840.0,23.3
2021-02-19 18:00:00,868.0,21.3
2021-02-19 19:00:00,991.0,18.5
2021-02-19 20:00:00,1018.0,18.5
2021-02-19 21:00:00,960.0,16.5
2021-02-19 22:00:00,875.0,16.1
2021-02-19 23:00:00,724.0,14.4
2021-02-20 00:00:00,654.0,14.0
2021-02-20 01:00:00,553.0,14.6
2021-02-20 02:00:00,492.0,12.8
2021-02-20 03:00:00,453.0,11.9
2021-02-20 04:00:00,440.0,10.8
2021-02-20 05:00:00,440.0,10.1
2021-02-20 06:00:00,459.0,9.7
2021-02-20 07:00:00,567.0,9.1
2021-02-20 08:00:00,858.0,10.1
2021-02-20 09:00:00,920.0,15.3
2021-02-20 10:00:00,903.0,16.7
2021-02-20 11:00:00,901.0,20.0
2021-02-20 12:00:00,817.0,22.0
2021-02-20 13:00:00,753.0,23.8
2021-02-20 14:00:00,680.0,24.7
2021-02-20 15:00:00,708.0,25.9
2021-02-20 16:00:00,747.0,25.4
2021-02-20 17:00:00,840.0,24.6
2021-02-20 18:00:00,875.0,23.3
2021-02-20 19:00:00,977.0,21.1
2021-02-20 20:00:00,974.0,20.9
2021-02-20 21:00:00,932.0,20.5
2021-02-20 22:00:00,848.0,18.6
2021-02-20 23:00:00,756.0,17.9
2021-02-21 00:00:00,638.0,18.4
2021-02-21 01:00:00,545.0,18.5
2021-02-21 02:00:00,489.0,17.8
2021-02-21 03:00:00,440.0,15.1
2021-02-21 04:00:00,422.0,13.8
2021-02-21 05:00:00,443.0,13.3
2021-02-21 06:00:00,460.0,12.8
2021-02-21 07:00:00,573.0,12.1
2021-02-21 08:00:00,824.0,12.5
2021-02-21 09:00:00,894.0,15.0
2021-02-21 10:00:00,864.0,19.8
2021-02-21 11:00:00,854.0,22.6
2021-02-21 12:00:00,794.0,24.3
2021-02-21 13:00:00,737.0,25.7
2021-02-21 14:00:00,692.0,27.3
2021-02-21 15:00:00,692.0,26.4
2021-02-21 16:00:00,748.0,26.3
2021-02-21 17:00:00,846.0,25.6
2021-02-21 18:00:00,872.0,24.7
2021-02-21 19:00:00,964.0,23.5
2021-02-21 20:00:00,959.0,23.4
2021-02-21 21:00:00,893.0,22.5
2021-02-21 22:00:00,816.0,21.4
2021-02-21 23:00:00,697.0,20.3
2021-02-22 00:00:00,616.0,20.1
2021-02-22 01:00:00,545.0,19.6
2021-02-22 02:00:00,511.0,18.9
2021-02-22 03:00:00,473.0,18.4
2021-02-22 04:00:00,453.0,17.8
2021-02-22 05:00:00,453.0,17.2
2021-02-22 06:00:00,495.0,16.9
2021-02-22 07:00:00,592.0,16.6
2021-02-22 08:00:00,829.0,16.3
2021-02-22 09:00:00,896.0,17.6
2021-02-22 10:00:00,869.0,20.6
2021-02-22 11:00:00,890.0,23.0
2021-02-22 12:00:00,812.0,25.1
2021-02-22 13:00:00,756.0,25.6
2021-02-22 14:00:00,732.0,26.4
2021-02-22 15:00:00,727.0,26.5
2021-02-22 16:00:00,768.0,26.6
2021-02-22 17:00:00,870.0,26.1
2021-02-22 18:00:00,882.0,25.2
2021-02-22 19:00:00,978.0,22.9
2021-02-22 20:00:00,947.0,21.3
2021-02-22 21:00:00,896.0,20.8
2021-02-22 22:00:00,797.0,19.8
2021-02-22 23:00:00,723.0,19.3
2021-02-23 00:00:00,652.0,18.6
2021-02-23 01:00:00,575.0,18.1
2021-02-23 02:00:00,533.0,17.4
2021-02-23 03:00:00,507.0,17.1
2021-02-23 04:00:00,496.0,18.1
2021-02-23 05:00:00,487.0,17.6
2021-02-23 06:00:00,523.0,16.8
2021-02-23 07:00:00,632.0,16.1
2021-02-23 08:00:00,854.0,15.7
2021-02-23 09:00:00,914.0,16.0
2021-02-23 10:00:00,873.0,16.6
2021-02-23 11:00:00,888.0,17.8
2021-02-23 12:00:00,835.0,19.0
2021-02-23 13:00:00,757.0,19.5
2021-02-23 14:00:00,738.0,20.4
2021-02-23 15:00:00,734.0,21.4
2021-02-23 16:00:00,758.0,20.8
2021-02-23 17:00:00,867.0,20.5
2021-02-23 18:00:00,863.0,19.3
2021-02-23 19:00:00,945.0,18.0
2021-02-23 20:00:00,920.0,17.0
2021-02-23 21:00:00,873.0,16.0
2021-02-23 22:00:00,789.0,15.4
2021-02-23 23:00:00,720.0,15.2
2021-02-24 00:00:00,664.0,15.2
2021-02-24 01:00:00,587.0,14.5
2021-02-24 02:00:00,539.0,13.6
2021-02-24 03:00:00,520.0,13.1
2021-02-24 04:00:00,504.0,12.9
2021-02-24 05:00:00,490.0,12.5
2021-02-24 06:00:00,528.0,12.3
2021-02-24 07:00:00,604.0,12.1
2021-02-24 08:00:00,837.0,12.3
2021-02-24 09:00:00,938.0,12.5
2021-02-24 10:00:00,932.0,13.2
2021-02-24 11:00:00,969.0,13.1
2021-02-24 12:00:00,905.0,13.6
2021-02-24 13:00:00,850.0,14.4
2021-02-24 14:00:00,830.0,14.7
2021-02-24 15:00:00,822.0,14.7
2021-02-24 16:00:00,842.0,14.5
2021-02-24 17:00:00,947.0,14.3
2021-02-24 18:00:00,945.0,14.0
2021-02-24 19:00:00,1002.0,13.5
2021-02-24 20:00:00,970.0,12.9
2021-02-24 21:00:00,923.0,12.1
2021-02-24 22:00:00,844.0,11.5
2021-02-24 23:00:00,769.0,10.7
2021-02-25 00:00:00,700.0,10.2
2021-02-25 01:00:00,631.0,9.9
2021-02-25 02:00:00,576.0,8.9
2021-02-25 03:00:00,551.0,8.5
2021-02-25 04:00:00,526.0,8.1
2021-02-25 05:00:00,520.0,7.7
2021-02-25 06:00:00,555.0,7.3
2021-02-25 07:00:00,622.0,7.3
2021-02-25 08:00:00,872.0,7.2
2021-02-25 09:00:00,1037.0,7.5
2021-02-25 10:00:00,1084.0,7.2
2021-02-25 11:00:00,1149.0,7.1
2021-02-25 12:00:00,1078.0,6.8
2021-02-25 13:00:00,1041.0,6.7
2021-02-25 14:00:00,1029.0,6.6
2021-02-25 15:00:00,1013.0,6.8
2021-02-25 16:00:00,1075.0,6.9
2021-02-25 17:00:00,1143.0,6.7
2021-02-25 18:00:00,1117.0,6.7
2021-02-25 19:00:00,1149.0,6.5
2021-02-25 20:00:00,1090.0,6.5
2021-02-25 21:00:00,1034.0,6.3
2021-02-25 22:00:00,929.0,6.3
2021-02-25 23:00:00,844.0,6.1
2021-02-26 00:00:00,743.0,5.8
2021-02-26 01:00:00,669.0,5.7
2021-02-26 02:00:00,601.0,5.6
2021-02-26 03:00:00,567.0,5.6
2021-02-26 04:00:00,549.0,5.4
2021-02-26 05:00:00,537.0,5.3
2021-02-26 06:00:00,568.0,5.1
2021-02-26 07:00:00,645.0,4.7
2021-02-26 08:00:00,902.0,4.3
2021-02-26 09:00:00,1106.0,4.4
2021-02-26 10:00:00,1147.0,4.7
2021-02-26 11:00:00,1192.0,4.9
2021-02-26 12:00:00,1121.0,5.4
2021-02-26 13:00:00,1065.0,5.7
2021-02-26 14:00:00,1031.0,5.8
2021-02-26 15:00:00,1027.0,5.9
2021-02-26 16:00:00,1054.0,6.0
2021-02-26 17:00:00,1112.0,6.0
2021-02-26 18:00:00,1082.0,5.9
2021-02-26 19:00:00,1198.0,5.8
2021-02-26 20:00:00,1207.0,5.7
2021-02-26 21:00:00,1152.0,5.6
2021-02-26 22:00:00,1039.0,5.7
2021-02-26 23:00:00,921.0,5.8
2021-02-27 00:00:00,792.0,5.9
2021-02-27 01:00:00,672.0,6.0
2021-02-27 02:00:00,611.0,6.0
2021-02-27 03:00:00,573.0,6.1
2021-02-27 04:00:00,552.0,6.2
2021-02-27 05:00:00,538.0,6.3
2021-02-27 06:00:00,576.0,6.3
2021-02-27 07:00:00,665.0,6.4
2021-02-27 08:00:00,933.0,6.5
2021-02-27 09:00:00,1105.0,6.7
2021-02-27 10:00:00,1148.0,6.9
2021-02-27 11:00:00,1199.0,7.7
2021-02-27 12:00:00,1127.0,7.6
2021-02-27 13:00:00,1078.0,8.1
2021-02-27 14:00:00,1048.0,8.3
2021-02-27 15:00:00,1041.0,8.7
2021-02-27 16:00:00,1082.0,8.6
2021-02-27 17:00:00,1173.0,8.6
2021-02-27 18:00:00,1154.0,8.6
2021-02-27 19:00:00,1212.0,8.5
2021-02-27 20:00:00,1202.0,8.5
2021-02-27 21:00:00,1146.0,8.3
2021-02-27 22:00:00,1041.0,8.0
2021-02-27 23:00:00,922.0,7.9
2021-02-28 00:00:00,789.0,7.8
2021-02-28 01:00:00,696.0,7.8
2021-02-28 02:00:00,630.0,7.9
2021-02-28 03:00:00,586.0,7.8
2021-02-28 04:00:00,564.0,7.7
2021-02-28 05:00:00,564.0,7.8
2021-02-28 06:00:00,586.0,7.8
2021-02-28 07:00:00,683.0,7.9
2021-02-28 08:00:00,938.0,8.0
2021-02-28 09:00:00,1080.0,8.2
2021-02-28 10:00:00,1120.0,8.5
2021-02-28 11:00:00,1176.0,8.8
2021-02-28 12:00:00,1122.0,8.7
2021-02-28 13:00:00,1083.0,8.9
2021-02-28 14:00:00,1052.0,9.0
2021-02-28 15:00:00,1032.0,9.2
2021-02-28 16:00:00,1083.0,9.1
2021-02-28 17:00:00,1173.0,9.2
2021-02-28 18:00:00,1131.0,9.2
2021-02-28 19:00:00,1174.0,9.1
2021-02-28 20:00:00,1157.0,9.2
2021-02-28 21:00:00,1092.0,9.2
2021-02-28 22:00:00,961.0,9.3
2021-02-28 23:00:00,864.0,9.3
2021-03-01 00:00:00,761.0,9.3
2021-03-01 01:00:00,673.0,9.4
2021-03-01 02:00:00,609.0,9.4
2021-03-01 03:00:00,578.0,9.4
2021-03-01 04:00:00,563.0,9.1
2021-03-01 05:00:00,566.0,8.8
2021-03-01 06:00:00,597.0,8.6
2021-03-01 07:00:00,764.0,8.6
2021-03-01 08:00:00,979.0,8.6
2021-03-01 09:00:00,1130.0,8.6
2021-03-01 10:00:00,1180.0,8.7
2021-03-01 11:00:00,1225.0,8.5
2021-03-01 12:00:00,1146.0,8.7
2021-03-01 13:00:00,1140.0,9.1
2021-03-01 14:00:00,1097.0,9.5
2021-03-01 15:00:00,1078.0,9.7
2021-03-01 16:00:00,1111.0,9.9
2021-03-01 17:00:00,1179.0,10.2
2021-03-01 18:00:00,1122.0,10.4
2021-03-01 19:00:00,1184.0,10.1
2021-03-01 20:00:00,1196.0,9.7
2021-03-01 21:00:00,1147.0,9.5
2021-03-01 22:00:00,1013.0,9.3
2021-03-01 23:00:00,892.0,9.1
2021-03-02 00:00:00,788.0,8.9
2021-03-02 01:00:00,702.0,8.3
2021-03-02 02:00:00,638.0,8.3
2021-03-02 03:00:00,603.0,7.5
2021-03-02 04:00:00,588.0,7.2
2021-03-02 05:00:00,588.0,6.4
2021-03-02 06:00:00,647.0,6.1
2021-03-02 07:00:00,837.0,6.3
2021-03-02 08:00:00,1041.0,6.8
2021-03-02 09:00:00,1156.0,7.2
2021-03-02 10:00:00,1157.0,7.8
2021-03-02 11:00:00,1192.0,8.7
2021-03-02 12:00:00,1085.0,9.9
2021-03-02 13:00:00,1057.0,9.8
2021-03-02 14:00:00,1021.0,10.4
2021-03-02 15:00:00,998.0,10.4
2021-03-02 16:00:00,1022.0,10.7
2021-03-02 17:00:00,1142.0,10.4
2021-03-02 18:00:00,1120.0,10.1
2021-03-02 19:00:00,1187.0,9.8
2021-03-02 20:00:00,1206.0,9.6
2021-03-02 21:00:00,1157.0,9.0
2021-03-02 22:00:00,1016.0,8.8
2021-03-02 23:00:00,897.0,9.0
2021-03-03 00:00:00,781.0,9.2
2021-03-03 01:00:00,705.0,8.9
2021-03-03 02:00:00,646.0,8.6
2021-03-03 03:00:00,611.0,8.3
2021-03-03 04:00:00,596.0,8.1
2021-03-03 05:00:00,597.0,7.8
2021-03-03 06:00:00,645.0,7.7
2021-03-03 07:00:00,844.0,7.7
2021-03-03 08:00:00,1028.0,7.9
2021-03-03 09:00:00,1164.0,8.1
2021-03-03 10:00:00,1165.0,8.9
2021-03-03 11:00:00,1184.0,10.1
2021-03-03 12:00:00,1084.0,10.8
2021-03-03 13:00:00,1046.0,11.6
2021-03-03 14:00:00,1026.0,11.8
2021-03-03 15:00:00,978.0,12.0
2021-03-03 16:00:00,998.0,12.7
2021-03-03 17:00:00,1096.0,12.3
2021-03-03 18:00:00,1064.0,12.0
2021-03-03 19:00:00,1147.0,11.2
2021-03-03 20:00:00,1180.0,11.0
2021-03-03 21:00:00,1139.0,10.6
2021-03-03 22:00:00,1005.0,10.5
2021-03-03 23:00:00,903.0,10.3
2021-03-04 00:00:00,794.0,9.4
2021-03-04 01:00:00,716.0,9.4
2021-03-04 02:00:00,670.0,8.3
2021-03-04 03:00:00,640.0,7.5
2021-03-04 04:00:00,615.0,7.3
2021-03-04 05:00:00,615.0,6.9
2021-03-04 06:00:00,675.0,6.5
2021-03-04 07:00:00,884.0,6.6
2021-03-04 08:00:00,1056.0,7.6
2021-03-04 09:00:00,1105.0,9.5
2021-03-04 10:00:00,1088.0,12.5
2021-03-04 11:00:00,1076.0,14.8
2021-03-04 12:00:00,979.0,15.3
2021-03-04 13:00:00,937.0,16.6
2021-03-04 14:00:00,934.0,16.6
2021-03-04 15:00:00,922.0,15.7
2021-03-04 16:00:00,973.0,14.8
2021-03-04 17:00:00,1081.0,14.1
2021-03-04 18:00:00,1060.0,13.6
2021-03-04 19:00:00,1114.0,13.2
2021-03-04 20:00:00,1134.0,12.8
2021-03-04 21:00:00,1082.0,12.7
2021-03-04 22:00:00,947.0,11.6
2021-03-04 23:00:00,855.0,11.3
2021-03-05 00:00:00,751.0,11.1
2021-03-05 01:00:00,683.0,10.9
2021-03-05 02:00:00,641.0,11.0
2021-03-05 03:00:00,607.0,10.9
2021-03-05 04:00:00,583.0,10.9
2021-03-05 05:00:00,589.0,10.8
2021-03-05 06:00:00,638.0,10.8
2021-03-05 07:00:00,804.0,10.8
2021-03-05 08:00:00,991.0,10.9
2021-03-05 09:00:00,1094.0,11.1
2021-03-05 10:00:00,1104.0,11.4
2021-03-05 11:00:00,1121.0,11.8
2021-03-05 12:00:00,1024.0,12.3
2021-03-05 13:00:00,1021.0,13.1
2021-03-05 14:00:00,1010.0,13.4
2021-03-05 15:00:00,998.0,13.1
2021-03-05 16:00:00,1037.0,13.0
2021-03-05 17:00:00,1100.0,12.6
2021-03-05 18:00:00,1042.0,12.5
2021-03-05 19:00:00,1087.0,12.5
2021-03-05 20:00:00,1091.0,12.5
2021-03-05 21:00:00,1052.0,12.5
2021-03-05 22:00:00,959.0,12.4
2021-03-05 23:00:00,895.0,12.3
2021-03-06 00:00:00,771.0,12.3
2021-03-06 01:00:00,700.0,12.1
2021-03-06 02:00:00,639.0,11.9
2021-03-06 03:00:00,621.0,12.0
2021-03-06 04:00:00,588.0,12.0
2021-03-06 05:00:00,596.0,12.0
2021-03-06 06:00:00,615.0,12.2
2021-03-06 07:00:00,711.0,12.2
2021-03-06 08:00:00,962.0,12.1
2021-03-06 09:00:00,1071.0,12.3
2021-03-06 10:00:00,1122.0,12.3
2021-03-06 11:00:00,1167.0,12.0
2021-03-06 12:00:00,1070.0,12.3
2021-03-06 13:00:00,1043.0,12.5
2021-03-06 14:00:00,1049.0,11.5
2021-03-06 15:00:00,1033.0,10.3
2021-03-06 16:00:00,1076.0,9.8
2021-03-06 17:00:00,1172.0,9.1
2021-03-06 18:00:00,1151.0,8.4
2021-03-06 19:00:00,1168.0,8.1
2021-03-06 20:00:00,1138.0,8.0
2021-03-06 21:00:00,1080.0,7.6
2021-03-06 22:00:00,969.0,7.3
2021-03-06 23:00:00,894.0,7.2
2021-03-07 00:00:00,797.0,7.0
2021-03-07 01:00:00,738.0,6.8
2021-03-07 02:00:00,676.0,6.5
2021-03-07 03:00:00,644.0,6.3
2021-03-07 04:00:00,639.0,6.0
2021-03-07 05:00:00,637.0,6.0
2021-03-07 06:00:00,634.0,6.1
2021-03-07 07:00:00,749.0,6.0
2021-03-07 08:00:00,979.0,6.1
2021-03-07 09:00:00,1137.0,6.0
2021-03-07 10:00:00,1194.0,6.1
2021-03-07 11:00:00,1251.0,6.2
2021-03-07 12:00:00,1168.0,6.6
2021-03-07 13:00:00,1123.0,6.7
2021-03-07 14:00:00,1110.0,6.5
2021-03-07 15:00:00,1112.0,6.5
2021-03-07 16:00:00,1139.0,6.4
2021-03-07 17:00:00,1214.0,6.4
2021-03-07 18:00:00,1167.0,6.3
2021-03-07 19:00:00,1218.0,6.5
2021-03-07 20:00:00,1232.0,6.7
2021-03-07 21:00:00,1165.0,6.9
2021-03-07 22:00:00,1044.0,6.9
2021-03-07 23:00:00,912.0,6.9
2021-03-08 00:00:00,806.0,7.0
2021-03-08 01:00:00,727.0,6.8
2021-03-08 02:00:00,674.0,6.6
2021-03-08 03:00:00,651.0,6.5
2021-03-08 04:00:00,615.0,6.5
2021-03-08 05:00:00,626.0,6.4
2021-03-08 06:00:00,691.0,6.5
2021-03-08 07:00:00,843.0,6.5
2021-03-08 08:00:00,1044.0,6.7
2021-03-08 09:00:00,1223.0,6.8
2021-03-08 10:00:00,1252.0,7.2
2021-03-08 11:00:00,1267.0,7.8
2021-03-08 12:00:00,1161.0,8.1
2021-03-08 13:00:00,1133.0,8.3
2021-03-08 14:00:00,1111.0,8.6
2021-03-08 15:00:00,1101.0,8.8
2021-03-08 16:00:00,1118.0,9.2
2021-03-08 17:00:00,1192.0,9.4
2021-03-08 18:00:00,1143.0,9.5
2021-03-08 19:00:00,1167.0,9.3
2021-03-08 20:00:00,1174.0,9.2
2021-03-08 21:00:00,1136.0,9.1
2021-03-08 22:00:00,1011.0,9.1
2021-03-08 23:00:00,915.0,9.0
2021-03-09 00:00:00,802.0,9.0
2021-03-09 01:00:00,738.0,9.1
2021-03-09 02:00:00,683.0,9.0
2021-03-09 03:00:00,659.0,8.9
2021-03-09 04:00:00,634.0,8.9
2021-03-09 05:00:00,634.0,8.8
2021-03-09 06:00:00,686.0,8.8
2021-03-09 07:00:00,872.0,8.9
2021-03-09 08:00:00,1060.0,9.1
2021-03-09 09:00:00,1166.0,9.3
2021-03-09 10:00:00,1199.0,9.2
2021-03-09 11:00:00,1237.0,9.4
2021-03-09 12:00:00,1128.0,9.8
2021-03-09 13:00:00,1106.0,10.3
2021-03-09 14:00:00,1101.0,10.5
2021-03-09 15:00:00,1072.0,10.4
2021-03-09 16:00:00,1110.0,10.4
2021-03-09 17:00:00,1195.0,10.2
2021-03-09 18:00:00,1145.0,10.0
2021-03-09 19:00:00,1207.0,9.9
2021-03-09 20:00:00,1214.0,9.7
2021-03-09 21:00:00,1152.0,9.7
2021-03-09 22:00:00,1015.0,9.5
2021-03-09 23:00:00,899.0,9.3
2021-03-10 00:00:00,786.0,9.3
2021-03-10 01:00:00,730.0,9.3
2021-03-10 02:00:00,682.0,9.3
2021-03-10 03:00:00,648.0,9.4
2021-03-10 04:00:00,631.0,9.3
2021-03-10 05:00:00,640.0,9.3
2021-03-10 06:00:00,687.0,9.3
2021-03-10 07:00:00,871.0,9.2
2021-03-10 08:00:00,1069.0,9.3
2021-03-10 09:00:00,1180.0,9.4
2021-03-10 10:00:00,1218.0,9.4
2021-03-10 11:00:00,1245.0,9.4
2021-03-10 12:00:00,1147.0,9.8
2021-03-10 13:00:00,1141.0,10.0
2021-03-10 14:00:00,1122.0,10.0
2021-03-10 15:00:00,1092.0,10.0
2021-03-10 16:00:00,1113.0,10.4
2021-03-10 17:00:00,1216.0,10.3
2021-03-10 18:00:00,1167.0,10.2
2021-03-10 19:00:00,1218.0,10.1
2021-03-10 20:00:00,1206.0,10.1
2021-03-10 21:00:00,1146.0,10.1
2021-03-10 22:00:00,1024.0,10.0
2021-03-10 23:00:00,896.0,10.0
2021-03-11 00:00:00,800.0,9.9
2021-03-11 01:00:00,739.0,9.8
2021-03-11 02:00:00,679.0,9.6
2021-03-11 03:00:00,639.0,9.6
2021-03-11 04:00:00,624.0,9.6
2021-03-11 05:00:00,624.0,9.6
2021-03-11 06:00:00,676.0,9.5
2021-03-11 07:00:00,868.0,9.5
2021-03-11 08:00:00,1053.0,9.5
2021-03-11 09:00:00,1130.0,10.0
2021-03-11 10:00:00,1149.0,11.1
2021-03-11 11:00:00,1167.0,11.1
2021-03-11 12:00:00,1057.0,11.6
2021-03-11 13:00:00,1043.0,12.2
2021-03-11 14:00:00,1023.0,12.8
2021-03-11 15:00:00,994.0,12.9
2021-03-11 16:00:00,982.0,13.9
2021-03-11 17:00:00,1092.0,14.0
2021-03-11 18:00:00,1065.0,13.7
2021-03-11 19:00:00,1122.0,13.2
2021-03-11 20:00:00,1170.0,11.5
2021-03-11 21:00:00,1133.0,10.7
2021-03-11 22:00:00,1021.0,9.9
2021-03-11 23:00:00,901.0,9.5
2021-03-12 00:00:00,785.0,9.1
2021-03-12 01:00:00,715.0,9.3
2021-03-12 02:00:00,662.0,9.1
2021-03-12 03:00:00,634.0,9.3
2021-03-12 04:00:00,618.0,9.4
2021-03-12 05:00:00,627.0,8.8
2021-03-12 06:00:00,687.0,8.4
2021-03-12 07:00:00,926.0,8.0
2021-03-12 08:00:00,1047.0,9.3
2021-03-12 09:00:00,1075.0,12.2
2021-03-12 10:00:00,1062.0,14.0
2021-03-12 11:00:00,1078.0,15.4
2021-03-12 12:00:00,950.0,16.1
2021-03-12 13:00:00,928.0,17.3
2021-03-12 14:00:00,892.0,18.2
2021-03-12 15:00:00,883.0,17.5
2021-03-12 16:00:00,924.0,17.8
2021-03-12 17:00:00,1026.0,17.7
2021-03-12 18:00:00,992.0,17.3
2021-03-12 19:00:00,1063.0,16.5
2021-03-12 20:00:00,1105.0,15.8
2021-03-12 21:00:00,1057.0,14.3
2021-03-12 22:00:00,964.0,13.8
2021-03-12 23:00:00,877.0,13.3
2021-03-13 00:00:00,789.0,13.5
2021-03-13 01:00:00,708.0,13.6
2021-03-13 02:00:00,658.0,13.3
2021-03-13 03:00:00,630.0,12.8
2021-03-13 04:00:00,608.0,12.1
2021-03-13 05:00:00,608.0,12.0
2021-03-13 06:00:00,661.0,12.4
2021-03-13 07:00:00,804.0,12.5
2021-03-13 08:00:00,983.0,13.1
2021-03-13 09:00:00,1058.0,13.7
2021-03-13 10:00:00,1071.0,14.6
2021-03-13 11:00:00,1111.0,15.3
2021-03-13 12:00:00,995.0,15.8
2021-03-13 13:00:00,957.0,17.7
2021-03-13 14:00:00,945.0,18.0
2021-03-13 15:00:00,918.0,17.4
2021-03-13 16:00:00,943.0,18.9
2021-03-13 17:00:00,1019.0,17.9
2021-03-13 18:00:00,998.0,17.3
2021-03-13 19:00:00,1038.0,16.7
2021-03-13 20:00:00,1087.0,15.8
2021-03-13 21:00:00,1039.0,14.6
2021-03-13 22:00:00,942.0,13.7
2021-03-13 23:00:00,884.0,13.0
2021-03-14 00:00:00,796.0,12.4
2021-03-14 01:00:00,710.0,12.3
2021-03-14 02:00:00,679.0,12.3
2021-03-14 03:00:00,642.0,11.7
2021-03-14 04:00:00,617.0,11.4
2021-03-14 05:00:00,619.0,11.5
2021-03-14 06:00:00,649.0,11.8
2021-03-14 07:00:00,815.0,12.4
2021-03-14 08:00:00,969.0,13.1
2021-03-14 09:00:00,1026.0,15.0
2021-03-14 10:00:00,1033.0,17.1
2021-03-14 11:00:00,1025.0,19.0
2021-03-14 12:00:00,920.0,20.9
2021-03-14 13:00:00,879.0,21.3
2021-03-14 14:00:00,865.0,21.2
2021-03-14 15:00:00,859.0,22.6
2021-03-14 16:00:00,883.0,21.9
2021-03-14 17:00:00,968.0,21.5
2021-03-14 18:00:00,960.0,21.0
2021-03-14 19:00:00,1011.0,20.1
2021-03-14 20:00:00,1058.0,18.9
2021-03-14 21:00:00,980.0,18.2
2021-03-14 22:00:00,860.0,19.2
2021-03-14 23:00:00,806.0,19.1
2021-03-15 00:00:00,740.0,17.6
2021-03-15 01:00:00,659.0,18.3
2021-03-15 02:00:00,625.0,18.3
2021-03-15 03:00:00,594.0,18.3
2021-03-15 04:00:00,570.0,18.1
2021-03-15 05:00:00,574.0,17.9
2021-03-15 06:00:00,643.0,17.6
2021-03-15 07:00:00,862.0,18.1
2021-03-15 08:00:00,956.0,17.5
2021-03-15 09:00:00,1005.0,17.9
2021-03-15 10:00:00,1007.0,18.5
2021-03-15 11:00:00,1016.0,19.3
2021-03-15 12:00:00,942.0,20.9
2021-03-15 13:00:00,898.0,22.4
2021-03-15 14:00:00,890.0,21.8
2021-03-15 15:00:00,887.0,21.5
2021-03-15 16:00:00,919.0,20.8
2021-03-15 17:00:00,1028.0,20.1
2021-03-15 18:00:00,989.0,19.5
2021-03-15 19:00:00,1034.0,19.2
2021-03-15 20:00:00,1020.0,18.8
2021-03-15 21:00:00,939.0,18.7
2021-03-15 22:00:00,837.0,18.6
2021-03-15 23:00:00,792.0,18.5
2021-03-16 00:00:00,722.0,18.4
2021-03-16 01:00:00,668.0,18.4
2021-03-16 02:00:00,643.0,18.4
2021-03-16 03:00:00,605.0,18.4
2021-03-16 04:00:00,593.0,18.1
2021-03-16 05:00:00,612.0,18.0
2021-03-16 06:00:00,668.0,17.8
2021-03-16 07:00:00,843.0,17.8
2021-03-16 08:00:00,961.0,17.9
2021-03-16 09:00:00,1003.0,17.9
2021-03-16 10:00:00,1030.0,17.9
2021-03-16 11:00:00,1044.0,17.8
2021-03-16 12:00:00,961.0,17.9
2021-03-16 13:00:00,930.0,18.0
2021-03-16 14:00:00,928.0,17.8
2021-03-16 15:00:00,914.0,17.4
2021-03-16 16:00:00,954.0,17.1
2021-03-16 17:00:00,1045.0,16.8
2021-03-16 18:00:00,1032.0,16.7
2021-03-16 19:00:00,1054.0,16.6
2021-03-16 20:00:00,1006.0,16.6
2021-03-16 21:00:00,935.0,16.3
2021-03-16 22:00:00,841.0,15.7
2021-03-16 23:00:00,808.0,13.9
2021-03-17 00:00:00,737.0,13.1
2021-03-17 01:00:00,685.0,12.6
2021-03-17 02:00:00,641.0,12.5
2021-03-17 03:00:00,633.0,12.3
2021-03-17 04:00:00,612.0,12.0
2021-03-17 05:00:00,618.0,12.1
2021-03-17 06:00:00,673.0,12.0
2021-03-17 07:00:00,836.0,11.8
2021-03-17 08:00:00,976.0,12.2
2021-03-17 09:00:00,1057.0,12.4
2021-03-17 10:00:00,1077.0,12.3
2021-03-17 11:00:00,1096.0,12.2
2021-03-17 12:00:00,1026.0,12.2
2021-03-17 13:00:00,1018.0,12.3
2021-03-17 14:00:00,1009.0,12.3
2021-03-17 15:00:00,1006.0,12.3
2021-03-17 16:00:00,1037.0,12.4
2021-03-17 17:00:00,1115.0,12.2
2021-03-17 18:00:00,1070.0,12.1
2021-03-17 19:00:00,1104.0,12.2
2021-03-17 20:00:00,1082.0,12.1
2021-03-17 21:00:00,1021.0,12.1
2021-03-17 22:00:00,904.0,12.1
2021-03-17 23:00:00,846.0,12.1
2021-03-18 00:00:00,764.0,12.1
2021-03-18 01:00:00,714.0,12.0
2021-03-18 02:00:00,655.0,12.1
2021-03-18 03:00:00,635.0,12.1
2021-03-18 04:00:00,614.0,12.1
2021-03-18 05:00:00,603.0,12.2
2021-03-18 06:00:00,664.0,12.2
2021-03-18 07:00:00,853.0,12.2
2021-03-18 08:00:00,989.0,12.3
2021-03-18 09:00:00,1080.0,12.4
2021-03-18 10:00:00,1113.0,12.5
2021-03-18 11:00:00,1151.0,12.6
2021-03-18 12:00:00,1040.0,12.7
2021-03-18 13:00:00,1020.0,12.9
2021-03-18 14:00:00,1039.0,12.7
2021-03-18 15:00:00,1011.0,12.4
2021-03-18 16:00:00,1060.0,12.1
2021-03-18 17:00:00,1148.0,11.6
2021-03-18 18:00:00,1115.0,10.9
2021-03-18 19:00:00,1161.0,10.5
2021-03-18 20:00:00,1139.0,10.3
2021-03-18 21:00:00,1060.0,10.2
2021-03-18 22:00:00,960.0,10.2
2021-03-18 23:00:00,887.0,10.2
2021-03-19 00:00:00,805.0,9.7
2021-03-19 01:00:00,743.0,9.7
2021-03-19 02:00:00,699.0,9.6
2021-03-19 03:00:00,675.0,9.5
2021-03-19 04:00:00,661.0,9.3
2021-03-19 05:00:00,662.0,9.1
2021-03-19 06:00:00,708.0,9.1
2021-03-19 07:00:00,898.0,8.9
2021-03-19 08:00:00,1082.0,8.6
2021-03-19 09:00:00,1192.0,8.3
2021-03-19 10:00:00,1207.0,8.0
2021-03-19 11:00:00,1267.0,7.7
2021-03-19 12:00:00,1155.0,7.8
2021-03-19 13:00:00,1151.0,7.8
2021-03-19 14:00:00,1128.0,7.8
2021-03-19 15:00:00,1114.0,7.7
2021-03-19 16:00:00,1156.0,7.8
2021-03-19 17:00:00,1242.0,7.9
2021-03-19 18:00:00,1188.0,7.9
2021-03-19 19:00:00,1229.0,7.8
2021-03-19 20:00:00,1183.0,7.9
2021-03-19 21:00:00,1128.0,7.9
2021-03-19 22:00:00,1037.0,7.9
2021-03-19 23:00:00,956.0,7.9
2021-03-20 00:00:00,852.0,8.1
2021-03-20 01:00:00,778.0,8.0
2021-03-20 02:00:00,724.0,8.0
2021-03-20 03:00:00,691.0,8.1
2021-03-20 04:00:00,654.0,8.3
2021-03-20 05:00:00,649.0,8.4
2021-03-20 06:00:00,665.0,8.5
2021-03-20 07:00:00,797.0,8.3
2021-03-20 08:00:00,996.0,8.2
2021-03-20 09:00:00,1111.0,8.2
2021-03-20 10:00:00,1158.0,8.5
2021-03-20 11:00:00,1237.0,8.9
2021-03-20 12:00:00,1175.0,9.2
2021-03-20 13:00:00,1141.0,9.3
2021-03-20 14:00:00,1146.0,9.3
2021-03-20 15:00:00,1111.0,9.4
2021-03-20 16:00:00,1133.0,9.5
2021-03-20 17:00:00,1207.0,9.7
2021-03-20 18:00:00,1165.0,9.8
2021-03-20 19:00:00,1190.0,9.8
2021-03-20 20:00:00,1192.0,9.8
2021-03-20 21:00:00,1126.0,9.8
2021-03-20 22:00:00,1034.0,9.8
2021-03-20 23:00:00,968.0,9.9
2021-03-21 00:00:00,879.0,10.0
2021-03-21 01:00:00,787.0,10.0
2021-03-21 02:00:00,733.0,9.8
2021-03-21 03:00:00,691.0,9.6
2021-03-21 04:00:00,684.0,9.3
2021-03-21 05:00:00,674.0,9.2
2021-03-21 06:00:00,712.0,9.1
2021-03-21 07:00:00,823.0,9.1
2021-03-21 08:00:00,1025.0,9.2
2021-03-21 09:00:00,1131.0,9.6
2021-03-21 10:00:00,1168.0,10.1
2021-03-21 11:00:00,1194.0,11.1
2021-03-21 12:00:00,1081.0,12.3
2021-03-21 13:00:00,1032.0,13.2
2021-03-21 14:00:00,1019.0,13.3
2021-03-21 15:00:00,1007.0,13.5
2021-03-21 16:00:00,1055.0,13.8
2021-03-21 17:00:00,1132.0,13.8
2021-03-21 18:00:00,1103.0,13.5
2021-03-21 19:00:00,1130.0,12.8
2021-03-21 20:00:00,1197.0,12.4
2021-03-21 21:00:00,1128.0,12.1
2021-03-21 22:00:00,992.0,11.4
2021-03-21 23:00:00,909.0,11.3
2021-03-22 00:00:00,813.0,11.5
2021-03-22 01:00:00,745.0,11.3
2021-03-22 02:00:00,690.0,11.4
2021-03-22 03:00:00,656.0,11.0
2021-03-22 04:00:00,647.0,10.9
2021-03-22 05:00:00,646.0,10.5
2021-03-22 06:00:00,705.0,9.7
2021-03-22 07:00:00,971.0,8.7
2021-03-22 08:00:00,1096.0,10.6
2021-03-22 09:00:00,1113.0,12.6
2021-03-22 10:00:00,1097.0,14.2
2021-03-22 11:00:00,1099.0,15.2
2021-03-22 12:00:00,958.0,15.6
2021-03-22 13:00:00,947.0,16.8
2021-03-22 14:00:00,929.0,17.4
2021-03-22 15:00:00,906.0,17.9
2021-03-22 16:00:00,931.0,17.7
2021-03-22 17:00:00,1023.0,17.5
2021-03-22 18:00:00,1032.0,16.8
2021-03-22 19:00:00,1085.0,15.2
2021-03-22 20:00:00,1151.0,13.0
2021-03-22 21:00:00,1093.0,11.9
2021-03-22 22:00:00,991.0,11.2
2021-03-22 23:00:00,910.0,11.6
2021-03-23 00:00:00,819.0,11.6
2021-03-23 01:00:00,733.0,11.0
2021-03-23 02:00:00,697.0,10.1
2021-03-23 03:00:00,679.0,9.9
2021-03-23 04:00:00,667.0,9.8
2021-03-23 05:00:00,688.0,9.6
2021-03-23 06:00:00,789.0,9.3
2021-03-23 07:00:00,988.0,9.9
2021-03-23 08:00:00,1057.0,10.9
2021-03-23 09:00:00,1103.0,12.6
2021-03-23 10:00:00,1112.0,13.2
2021-03-23 11:00:00,1151.0,13.6
2021-03-23 12:00:00,1052.0,14.3
2021-03-23 13:00:00,1036.0,14.4
2021-03-23 14:00:00,1012.0,15.2
2021-03-23 15:00:00,988.0,15.4
2021-03-23 16:00:00,972.0,16.7
2021-03-23 17:00:00,1044.0,16.9
2021-03-23 18:00:00,1012.0,16.4
2021-03-23 19:00:00,1087.0,14.9
2021-03-23 20:00:00,1161.0,14.4
2021-03-23 21:00:00,1093.0,14.0
2021-03-23 22:00:00,976.0,13.6
2021-03-23 23:00:00,903.0,13.1
2021-03-24 00:00:00,807.0,11.9
2021-03-24 01:00:00,750.0,10.8
2021-03-24 02:00:00,706.0,10.1
2021-03-24 03:00:00,691.0,9.6
2021-03-24 04:00:00,664.0,8.8
2021-03-24 05:00:00,662.0,8.4
2021-03-24 06:00:00,737.0,8.2
2021-03-24 07:00:00,1000.0,8.2
2021-03-24 08:00:00,1069.0,11.2
2021-03-24 09:00:00,1081.0,14.9
2021-03-24 10:00:00,1049.0,17.9
2021-03-24 11:00:00,1064.0,19.6
2021-03-24 12:00:00,913.0,21.1
2021-03-24 13:00:00,901.0,22.4
2021-03-24 14:00:00,889.0,22.8
2021-03-24 15:00:00,865.0,23.5
2021-03-24 16:00:00,886.0,24.2
2021-03-24 17:00:00,981.0,24.1
2021-03-24 18:00:00,989.0,23.1
2021-03-24 19:00:00,1066.0,21.2
2021-03-24 20:00:00,1128.0,20.1
2021-03-24 21:00:00,1057.0,20.0
2021-03-24 22:00:00,934.0,16.8
2021-03-24 23:00:00,857.0,15.6
2021-03-25 00:00:00,787.0,14.5
2021-03-25 01:00:00,749.0,13.9
2021-03-25 02:00:00,696.0,14.7
2021-03-25 03:00:00,655.0,14.7
2021-03-25 04:00:00,637.0,14.2
2021-03-25 05:00:00,649.0,16.0
2021-03-25 06:00:00,733.0,16.0
2021-03-25 07:00:00,970.0,15.5
2021-03-25 08:00:00,1027.0,17.0
2021-03-25 09:00:00,1023.0,18.4
2021-03-25 10:00:00,1005.0,20.9
2021-03-25 11:00:00,1018.0,22.3
2021-03-25 12:00:00,910.0,23.6
2021-03-25 13:00:00,894.0,25.1
2021-03-25 14:00:00,877.0,26.1
2021-03-25 15:00:00,868.0,26.8
2021-03-25 16:00:00,897.0,26.5
2021-03-25 17:00:00,984.0,26.2
2021-03-25 18:00:00,963.0,25.0
2021-03-25 19:00:00,1035.0,22.6
2021-03-25 20:00:00,1057.0,20.7
2021-03-25 21:00:00,989.0,20.2
2021-03-25 22:00:00,870.0,20.1
2021-03-25 23:00:00,840.0,21.0
2021-03-26 00:00:00,768.0,20.3
2021-03-26 01:00:00,723.0,19.6
2021-03-26 02:00:00,677.0,20.2
2021-03-26 03:00:00,640.0,19.6
2021-03-26 04:00:00,634.0,19.2
2021-03-26 05:00:00,644.0,18.5
2021-03-26 06:00:00,701.0,18.2
2021-03-26 07:00:00,911.0,18.4
2021-03-26 08:00:00,980.0,18.3
2021-03-26 09:00:00,1014.0,17.9
2021-03-26 10:00:00,1009.0,18.4
2021-03-26 11:00:00,1065.0,18.4
2021-03-26 12:00:00,929.0,19.7
2021-03-26 13:00:00,890.0,22.5
2021-03-26 14:00:00,874.0,25.4
2021-03-26 15:00:00,886.0,25.6
2021-03-26 16:00:00,919.0,24.6
2021-03-26 17:00:00,1009.0,23.2
2021-03-26 18:00:00,991.0,21.2
2021-03-26 19:00:00,1015.0,20.1
2021-03-26 20:00:00,1018.0,19.0
2021-03-26 21:00:00,945.0,17.7
2021-03-26 22:00:00,876.0,16.5
2021-03-26 23:00:00,833.0,16.3
2021-03-27 00:00:00,769.0,15.6
2021-03-27 01:00:00,710.0,15.2
2021-03-27 02:00:00,674.0,15.1
2021-03-27 03:00:00,647.0,15.1
2021-03-27 04:00:00,636.0,15.1
2021-03-27 05:00:00,626.0,15.1
2021-03-27 06:00:00,676.0,15.1
2021-03-27 07:00:00,832.0,15.1
2021-03-27 08:00:00,964.0,15.0
2021-03-27 09:00:00,1033.0,14.8
2021-03-27 10:00:00,1056.0,14.6
2021-03-27 11:00:00,1086.0,14.6
2021-03-27 12:00:00,966.0,14.9
2021-03-27 13:00:00,954.0,15.3
2021-03-27 14:00:00,936.0,15.5
2021-03-27 15:00:00,916.0,15.8
2021-03-27 16:00:00,956.0,16.1
2021-03-27 17:00:00,1019.0,16.0
2021-03-27 18:00:00,976.0,16.0
2021-03-27 19:00:00,977.0,15.8
2021-03-27 20:00:00,1000.0,15.5
2021-03-27 21:00:00,954.0,14.8
2021-03-27 22:00:00,890.0,14.3
2021-03-27 23:00:00,866.0,14.6
2021-03-28 00:00:00,792.0,14.0
2021-03-28 01:00:00,732.0,13.6
2021-03-28 02:00:00,683.0,13.0
2021-03-28 03:00:00,668.0,13.0
2021-03-28 04:00:00,651.0,12.6
2021-03-28 05:00:00,648.0,12.7
2021-03-28 06:00:00,687.0,12.6
2021-03-28 07:00:00,858.0,12.4
2021-03-28 08:00:00,975.0,13.0
2021-03-28 09:00:00,1000.0,13.5
2021-03-28 10:00:00,964.0,14.8
2021-03-28 11:00:00,986.0,17.0
2021-03-28 12:00:00,882.0,20.7
2021-03-28 13:00:00,847.0,23.4
2021-03-28 14:00:00,845.0,25.0
2021-03-28 15:00:00,828.0,26.2
2021-03-28 16:00:00,850.0,26.6
2021-03-28 17:00:00,945.0,26.2
2021-03-28 18:00:00,957.0,24.8
2021-03-28 19:00:00,999.0,23.2
2021-03-28 20:00:00,1042.0,22.3
2021-03-28 21:00:00,982.0,21.3
2021-03-28 22:00:00,858.0,21.6
2021-03-28 23:00:00,826.0,21.7
2021-03-29 00:00:00,755.0,20.4
2021-03-29 01:00:00,681.0,19.4
2021-03-29 02:00:00,648.0,18.6
2021-03-29 03:00:00,646.0,18.2
2021-03-29 04:00:00,612.0,18.7
2021-03-29 05:00:00,620.0,19.7
2021-03-29 06:00:00,697.0,21.3
2021-03-29 07:00:00,925.0,21.2
2021-03-29 08:00:00,986.0,20.7
2021-03-29 09:00:00,1008.0,21.3
2021-03-29 10:00:00,1020.0,21.8
2021-03-29 11:00:00,1028.0,23.1
2021-03-29 12:00:00,912.0,25.1
2021-03-29 13:00:00,877.0,27.1
2021-03-29 14:00:00,866.0,27.8
2021-03-29 15:00:00,862.0,28.8
2021-03-29 16:00:00,891.0,29.0
2021-03-29 17:00:00,982.0,29.2
2021-03-29 18:00:00,981.0,26.0
2021-03-29 19:00:00,1001.0,24.3
2021-03-29 20:00:00,1031.0,23.6
2021-03-29 21:00:00,945.0,23.1
2021-03-29 22:00:00,854.0,22.7
2021-03-29 23:00:00,823.0,21.4
2021-03-30 00:00:00,780.0,21.0
2021-03-30 01:00:00,725.0,20.6
2021-03-30 02:00:00,678.0,20.3
2021-03-30 03:00:00,656.0,20.0
2021-03-30 04:00:00,655.0,19.8
2021-03-30 05:00:00,637.0,19.5
2021-03-30 06:00:00,692.0,19.3
2021-03-30 07:00:00,886.0,19.2
2021-03-30 08:00:00,968.0,19.1
2021-03-30 09:00:00,1003.0,19.2
2021-03-30 10:00:00,1019.0,19.5
2021-03-30 11:00:00,1038.0,19.2
2021-03-30 12:00:00,948.0,18.8
2021-03-30 13:00:00,915.0,18.1
2021-03-30 14:00:00,914.0,17.4
2021-03-30 15:00:00,907.0,17.3
2021-03-30 16:00:00,941.0,17.0
2021-03-30 17:00:00,1026.0,16.7
2021-03-30 18:00:00,1008.0,16.0
2021-03-30 19:00:00,1008.0,15.2
2021-03-30 20:00:00,963.0,14.6
2021-03-30 21:00:00,898.0,14.4
2021-03-30 22:00:00,819.0,14.6
2021-03-30 23:00:00,812.0,14.6
2021-03-31 00:00:00,765.0,14.6
2021-03-31 01:00:00,710.0,14.6
2021-03-31 02:00:00,678.0,14.6
2021-03-31 03:00:00,658.0,14.7
2021-03-31 04:00:00,632.0,14.8
2021-03-31 05:00:00,648.0,14.7
2021-03-31 06:00:00,713.0,14.7
2021-03-31 07:00:00,919.0,14.6
2021-03-31 08:00:00,996.0,14.8
2021-03-31 09:00:00,1035.0,15.0
2021-03-31 10:00:00,1034.0,15.2
2021-03-31 11:00:00,1051.0,15.5
2021-03-31 12:00:00,954.0,15.4
2021-03-31 13:00:00,947.0,15.2
2021-03-31 14:00:00,941.0,15.2
2021-03-31 15:00:00,942.0,15.3
2021-03-31 16:00:00,966.0,15.1
2021-03-31 17:00:00,1057.0,14.9
2021-03-31 18:00:00,1052.0,14.7
2021-03-31 19:00:00,1067.0,14.5
2021-03-31 20:00:00,1048.0,14.2
2021-03-31 21:00:00,964.0,13.8
2021-03-31 22:00:00,872.0,13.6
2021-03-31 23:00:00,844.0,13.4
2021-04-01 00:00:00,781.0,13.4
2021-04-01 01:00:00,752.0,13.3
2021-04-01 02:00:00,695.0,13.3
2021-04-01 03:00:00,679.0,13.0
2021-04-01 04:00:00,646.0,12.9
2021-04-01 05:00:00,646.0,12.7
2021-04-01 06:00:00,696.0,12.7
2021-04-01 07:00:00,876.0,12.6
2021-04-01 08:00:00,986.0,12.5
2021-04-01 09:00:00,1090.0,12.6
2021-04-01 10:00:00,1104.0,12.7
2021-04-01 11:00:00,1135.0,12.8
2021-04-01 12:00:00,1041.0,12.8
2021-04-01 13:00:00,1017.0,12.8
2021-04-01 14:00:00,1018.0,13.0
2021-04-01 15:00:00,1003.0,12.8
2021-04-01 16:00:00,1032.0,12.7
2021-04-01 17:00:00,1108.0,12.5
2021-04-01 18:00:00,1062.0,12.4
2021-04-01 19:00:00,1092.0,12.3
2021-04-01 20:00:00,1073.0,12.3
2021-04-01 21:00:00,1013.0,12.3
2021-04-01 22:00:00,900.0,12.4
2021-04-01 23:00:00,877.0,12.5
2021-04-02 00:00:00,793.0,12.4
2021-04-02 01:00:00,745.0,12.5
2021-04-02 02:00:00,707.0,12.3
2021-04-02 03:00:00,683.0,12.2
2021-04-02 04:00:00,661.0,12.2
2021-04-02 05:00:00,670.0,12.2
2021-04-02 06:00:00,719.0,12.2
2021-04-02 07:00:00,900.0,12.3
2021-04-02 08:00:00,1027.0,12.2
2021-04-02 09:00:00,1120.0,12.3
2021-04-02 10:00:00,1125.0,12.4
2021-04-02 11:00:00,1150.0,12.5
2021-04-02 12:00:00,1054.0,12.8
2021-04-02 13:00:00,1035.0,12.9
2021-04-02 14:00:00,1017.0,13.1
2021-04-02 15:00:00,1008.0,13.1
2021-04-02 16:00:00,1038.0,13.2
2021-04-02 17:00:00,1115.0,13.0
2021-04-02 18:00:00,1083.0,12.8
2021-04-02 19:00:00,1103.0,12.7
2021-04-02 20:00:00,1100.0,12.7
2021-04-02 21:00:00,1050.0,12.7
2021-04-02 22:00:00,960.0,12.7
2021-04-02 23:00:00,928.0,12.7
2021-04-03 00:00:00,837.0,12.6
2021-04-03 01:00:00,757.0,12.5
2021-04-03 02:00:00,712.0,12.4
2021-04-03 03:00:00,695.0,12.1
2021-04-03 04:00:00,656.0,12.0
2021-04-03 05:00:00,659.0,11.9
2021-04-03 06:00:00,700.0,11.6
2021-04-03 07:00:00,850.0,11.4
2021-04-03 08:00:00,1027.0,11.4
2021-04-03 09:00:00,1109.0,11.3
2021-04-03 10:00:00,1111.0,11.5
2021-04-03 11:00:00,1137.0,12.1
2021-04-03 12:00:00,1039.0,12.6
2021-04-03 13:00:00,1021.0,12.7
2021-04-03 14:00:00,999.0,13.0
2021-04-03 15:00:00,969.0,13.2
2021-04-03 16:00:00,970.0,13.8
2021-04-03 17:00:00,1044.0,14.4
2021-04-03 18:00:00,1013.0,14.2
2021-04-03 19:00:00,1036.0,14.0
2021-04-03 20:00:00,1071.0,14.0
2021-04-03 21:00:00,1035.0,13.7
2021-04-03 22:00:00,946.0,13.6
2021-04-03 23:00:00,907.0,13.5
2021-04-04 00:00:00,815.0,13.3
2021-04-04 01:00:00,741.0,13.4
2021-04-04 02:00:00,683.0,13.1
2021-04-04 03:00:00,643.0,13.0
2021-04-04 04:00:00,625.0,12.8
2021-04-04 05:00:00,605.0,12.7
2021-04-04 06:00:00,661.0,12.5
2021-04-04 07:00:00,822.0,12.5
2021-04-04 08:00:00,911.0,12.5
2021-04-04 09:00:00,988.0,12.5
2021-04-04 10:00:00,985.0,12.9
2021-04-04 11:00:00,1035.0,12.9
2021-04-04 12:00:00,956.0,13.1
2021-04-04 13:00:00,927.0,13.1
2021-04-04 14:00:00,904.0,13.0
2021-04-04 15:00:00,916.0,12.8
2021-04-04 16:00:00,925.0,12.8
2021-04-04 17:00:00,1045.0,12.7
2021-04-04 18:00:00,1003.0,12.3
2021-04-04 19:00:00,1021.0,12.4
2021-04-04 20:00:00,1059.0,12.4
2021-04-04 21:00:00,1014.0,12.5
2021-04-04 22:00:00,909.0,11.9
2021-04-04 23:00:00,858.0,11.8
2021-04-05 00:00:00,786.0,11.7
2021-04-05 01:00:00,680.0,11.4
2021-04-05 02:00:00,646.0,11.4
2021-04-05 03:00:00,614.0,11.5
2021-04-05 04:00:00,591.0,11.5
2021-04-05 05:00:00,608.0,11.5
2021-04-05 06:00:00,658.0,11.7
2021-04-05 07:00:00,829.0,11.7
2021-04-05 08:00:00,1008.0,11.8
2021-04-05 09:00:00,1111.0,11.8
2021-04-05 10:00:00,1141.0,11.7
2021-04-05 11:00:00,1189.0,11.8
2021-04-05 12:00:00,1097.0,12.4
2021-04-05 13:00:00,1030.0,12.7
2021-04-05 14:00:00,1013.0,13.0
2021-04-05 15:00:00,964.0,13.5
2021-04-05 16:00:00,1013.0,14.0
2021-04-05 17:00:00,1102.0,14.0
2021-04-05 18:00:00,1073.0,13.9
2021-04-05 19:00:00,1094.0,13.4
2021-04-05 20:00:00,1142.0,13.2
2021-04-05 21:00:00,1085.0,13.2
2021-04-05 22:00:00,958.0,12.8
2021-04-05 23:00:00,885.0,12.6
2021-04-06 00:00:00,800.0,12.4
2021-04-06 01:00:00,727.0,12.3
2021-04-06 02:00:00,689.0,12.4
2021-04-06 03:00:00,671.0,12.4
2021-04-06 04:00:00,656.0,12.5
2021-04-06 05:00:00,652.0,12.4
2021-04-06 06:00:00,732.0,12.3
2021-04-06 07:00:00,941.0,12.3
2021-04-06 08:00:00,1035.0,12.8
2021-04-06 09:00:00,1083.0,13.6
2021-04-06 10:00:00,1112.0,14.6
2021-04-06 11:00:00,1130.0,15.1
2021-04-06 12:00:00,1053.0,14.7
2021-04-06 13:00:00,1032.0,15.0
2021-04-06 14:00:00,1029.0,14.7
2021-04-06 15:00:00,1014.0,14.8
2021-04-06 16:00:00,1034.0,14.5
2021-04-06 17:00:00,1125.0,14.9
2021-04-06 18:00:00,1095.0,14.4
2021-04-06 19:00:00,1140.0,14.1
2021-04-06 20:00:00,1109.0,13.7
2021-04-06 21:00:00,1038.0,13.6
2021-04-06 22:00:00,935.0,13.5
2021-04-06 23:00:00,886.0,13.5
2021-04-07 00:00:00,810.0,13.5
2021-04-07 01:00:00,751.0,13.5
2021-04-07 02:00:00,718.0,13.5
2021-04-07 03:00:00,702.0,13.4
2021-04-07 04:00:00,664.0,13.3
2021-04-07 05:00:00,668.0,13.3
2021-04-07 06:00:00,741.0,13.2
2021-04-07 07:00:00,955.0,13.2
2021-04-07 08:00:00,1084.0,13.0
2021-04-07 09:00:00,1147.0,13.1
2021-04-07 10:00:00,1171.0,13.3
2021-04-07 11:00:00,1183.0,13.5
2021-04-07 12:00:00,1092.0,13.4
2021-04-07 13:00:00,1063.0,13.5
2021-04-07 14:00:00,1042.0,13.5
2021-04-07 15:00:00,1026.0,13.6
2021-04-07 16:00:00,1061.0,13.8
2021-04-07 17:00:00,1147.0,13.3
2021-04-07 18:00:00,1098.0,13.3
2021-04-07 19:00:00,1106.0,13.2
2021-04-07 20:00:00,1115.0,13.3
2021-04-07 21:00:00,1060.0,13.3
2021-04-07 22:00:00,946.0,13.2
2021-04-07 23:00:00,913.0,13.0
2021-04-08 00:00:00,817.0,12.7
2021-04-08 01:00:00,773.0,12.6
2021-04-08 02:00:00,726.0,12.7
2021-04-08 03:00:00,682.0,12.3
2021-04-08 04:00:00,673.0,12.3
2021-04-08 05:00:00,671.0,12.2
2021-04-08 06:00:00,750.0,12.3
2021-04-08 07:00:00,976.0,12.4
2021-04-08 08:00:00,1074.0,12.6
2021-04-08 09:00:00,1108.0,12.9
2021-04-08 10:00:00,1111.0,13.6
2021-04-08 11:00:00,1132.0,13.7
2021-04-08 12:00:00,1035.0,13.7
2021-04-08 13:00:00,1010.0,14.5
2021-04-08 14:00:00,994.0,15.5
2021-04-08 15:00:00,1003.0,15.1
2021-04-08 16:00:00,1038.0,14.5
2021-04-08 17:00:00,1134.0,13.6
2021-04-08 18:00:00,1104.0,13.5
2021-04-08 19:00:00,1160.0,13.6
2021-04-08 20:00:00,1198.0,13.1
2021-04-08 21:00:00,1146.0,13.0
2021-04-08 22:00:00,1066.0,13.1
2021-04-08 23:00:00,904.0,13.0
2021-04-09 00:00:00,830.0,12.8
2021-04-09 01:00:00,765.0,12.8
2021-04-09 02:00:00,716.0,12.8
2021-04-09 03:00:00,692.0,12.8
2021-04-09 04:00:00,665.0,12.7
2021-04-09 05:00:00,664.0,12.5
2021-04-09 06:00:00,750.0,12.5
2021-04-09 07:00:00,963.0,12.6
2021-04-09 08:00:00,1074.0,13.5
2021-04-09 09:00:00,1048.0,15.7
2021-04-09 10:00:00,1045.0,17.4
2021-04-09 11:00:00,1027.0,18.1
2021-04-09 12:00:00,943.0,18.7
2021-04-09 13:00:00,882.0,19.5
2021-04-09 14:00:00,904.0,19.9
2021-04-09 15:00:00,883.0,20.2
2021-04-09 16:00:00,921.0,20.8
2021-04-09 17:00:00,1018.0,19.9
2021-04-09 18:00:00,1000.0,18.9
2021-04-09 19:00:00,1039.0,18.2
2021-04-09 20:00:00,1071.0,17.5
2021-04-09 21:00:00,1020.0,17.1
2021-04-09 22:00:00,922.0,16.5
2021-04-09 23:00:00,900.0,16.2
2021-04-10 00:00:00,815.0,16.0
2021-04-10 01:00:00,754.0,14.8
2021-04-10 02:00:00,713.0,14.6
2021-04-10 03:00:00,660.0,14.2
2021-04-10 04:00:00,648.0,13.6
2021-04-10 05:00:00,643.0,13.6
2021-04-10 06:00:00,724.0,13.8
2021-04-10 07:00:00,902.0,14.3
2021-04-10 08:00:00,1003.0,15.0
2021-04-10 09:00:00,1029.0,16.0
2021-04-10 10:00:00,1051.0,16.3
2021-04-10 11:00:00,1100.0,16.0
2021-04-10 12:00:00,1001.0,15.7
2021-04-10 13:00:00,965.0,15.1
2021-04-10 14:00:00,968.0,15.2
2021-04-10 15:00:00,954.0,15.3
2021-04-10 16:00:00,985.0,15.2
2021-04-10 17:00:00,1059.0,15.2
2021-04-10 18:00:00,1050.0,14.7
2021-04-10 19:00:00,1045.0,14.5
2021-04-10 20:00:00,1045.0,14.3
2021-04-10 21:00:00,994.0,14.3
2021-04-10 22:00:00,905.0,14.2
2021-04-10 23:00:00,881.0,14.1
2021-04-11 00:00:00,818.0,14.0
2021-04-11 01:00:00,740.0,13.9
2021-04-11 02:00:00,709.0,13.8
2021-04-11 03:00:00,672.0,13.7
2021-04-11 04:00:00,668.0,13.7
2021-04-11 05:00:00,659.0,13.7
2021-04-11 06:00:00,707.0,13.6
2021-04-11 07:00:00,841.0,13.5
2021-04-11 08:00:00,983.0,13.8
2021-04-11 09:00:00,1078.0,13.9
2021-04-11 10:00:00,1109.0,14.0
2021-04-11 11:00:00,1133.0,14.2
2021-04-11 12:00:00,1040.0,14.5
2021-04-11 13:00:00,1003.0,14.6
2021-04-11 14:00:00,993.0,14.6
2021-04-11 15:00:00,992.0,14.5
2021-04-11 16:00:00,1030.0,14.5
2021-04-11 17:00:00,1105.0,14.6
2021-04-11 18:00:00,1054.0,14.5
2021-04-11 19:00:00,1073.0,14.2
2021-04-11 20:00:00,1088.0,14.1
2021-04-11 21:00:00,996.0,14.2
2021-04-11 22:00:00,894.0,14.0
2021-04-11 23:00:00,839.0,13.9
2021-04-12 00:00:00,774.0,13.9
2021-04-12 01:00:00,710.0,13.9
2021-04-12 02:00:00,674.0,13.9
2021-04-12 03:00:00,657.0,13.7
2021-04-12 04:00:00,608.0,13.6
2021-04-12 05:00:00,624.0,13.6
2021-04-12 06:00:00,701.0,13.7
2021-04-12 07:00:00,916.0,13.7
2021-04-12 08:00:00,1028.0,13.8
2021-04-12 09:00:00,1078.0,14.0
2021-04-12 10:00:00,1078.0,14.5
2021-04-12 11:00:00,1115.0,15.0
2021-04-12 12:00:00,991.0,15.7
2021-04-12 13:00:00,951.0,16.4
2021-04-12 14:00:00,934.0,17.3
2021-04-12 15:00:00,918.0,17.5
2021-04-12 16:00:00,946.0,17.6
2021-04-12 17:00:00,1021.0,17.5
2021-04-12 18:00:00,994.0,17.1
2021-04-12 19:00:00,999.0,16.6
2021-04-12 20:00:00,1054.0,16.1
2021-04-12 21:00:00,1010.0,15.6
2021-04-12 22:00:00,903.0,15.0
2021-04-12 23:00:00,855.0,14.5
2021-04-13 00:00:00,802.0,14.1
2021-04-13 01:00:00,726.0,14.0
2021-04-13 02:00:00,690.0,13.7
2021-04-13 03:00:00,653.0,13.4
2021-04-13 04:00:00,622.0,13.2
2021-04-13 05:00:00,642.0,12.7
2021-04-13 06:00:00,724.0,13.2
2021-04-13 07:00:00,917.0,13.4
2021-04-13 08:00:00,992.0,14.9
2021-04-13 09:00:00,1014.0,15.1
2021-04-13 10:00:00,1056.0,15.5
2021-04-13 11:00:00,1079.0,16.1
2021-04-13 12:00:00,998.0,16.0
2021-04-13 13:00:00,967.0,16.2
2021-04-13 14:00:00,962.0,16.2
2021-04-13 15:00:00,951.0,15.8
2021-04-13 16:00:00,974.0,15.6
2021-04-13 17:00:00,1070.0,15.7
2021-04-13 18:00:00,1025.0,15.7
2021-04-13 19:00:00,1045.0,15.6
2021-04-13 20:00:00,1057.0,15.5
2021-04-13 21:00:00,987.0,15.5
2021-04-13 22:00:00,894.0,15.6
2021-04-13 23:00:00,845.0,15.6
2021-04-14 00:00:00,780.0,15.6
2021-04-14 01:00:00,731.0,15.6
2021-04-14 02:00:00,689.0,15.5
2021-04-14 03:00:00,670.0,15.5
2021-04-14 04:00:00,638.0,15.6
2021-04-14 05:00:00,651.0,15.8
2021-04-14 06:00:00,732.0,15.9
2021-04-14 07:00:00,900.0,16.0
2021-04-14 08:00:00,1001.0,15.9
2021-04-14 09:00:00,1090.0,15.6
2021-04-14 10:00:00,1093.0,15.1
2021-04-14 11:00:00,1115.0,15.1
2021-04-14 12:00:00,1027.0,14.9
2021-04-14 13:00:00,992.0,14.8
2021-04-14 14:00:00,969.0,14.5
2021-04-14 15:00:00,963.0,14.4
2021-04-14 16:00:00,982.0,14.2
2021-04-14 17:00:00,1065.0,13.9
2021-04-14 18:00:00,1025.0,13.8
2021-04-14 19:00:00,1049.0,13.8
2021-04-14 20:00:00,1066.0,13.8
2021-04-14 21:00:00,995.0,13.5
2021-04-14 22:00:00,894.0,13.3
2021-04-14 23:00:00,846.0,13.4
2021-04-15 00:00:00,780.0,13.3
2021-04-15 01:00:00,719.0,13.3
2021-04-15 02:00:00,692.0,13.4
2021-04-15 03:00:00,653.0,13.3
2021-04-15 04:00:00,645.0,13.4
2021-04-15 05:00:00,646.0,13.5
2021-04-15 06:00:00,743.0,13.5
2021-04-15 07:00:00,924.0,13.6
2021-04-15 08:00:00,985.0,14.0
2021-04-15 09:00:00,1034.0,14.6
2021-04-15 10:00:00,1016.0,15.5
2021-04-15 11:00:00,1045.0,17.7
2021-04-15 12:00:00,943.0,18.7
2021-04-15 13:00:00,869.0,19.5
2021-04-15 14:00:00,886.0,20.2
2021-04-15 15:00:00,877.0,19.8
2021-04-15 16:00:00,878.0,21.0
2021-04-15 17:00:00,963.0,20.8
2021-04-15 18:00:00,962.0,20.4
2021-04-15 19:00:00,980.0,19.2
2021-04-15 20:00:00,1044.0,18.8
2021-04-15 21:00:00,986.0,18.5
2021-04-15 22:00:00,900.0,17.8
2021-04-15 23:00:00,843.0,16.9
2021-04-16 00:00:00,753.0,16.7
2021-04-16 01:00:00,710.0,16.6
2021-04-16 02:00:00,679.0,16.0
2021-04-16 03:00:00,638.0,15.6
2021-04-16 04:00:00,638.0,15.6
2021-04-16 05:00:00,647.0,15.2
2021-04-16 06:00:00,753.0,14.6
2021-04-16 07:00:00,939.0,15.4
2021-04-16 08:00:00,984.0,17.0
2021-04-16 09:00:00,1026.0,17.3
2021-04-16 10:00:00,1049.0,17.5
2021-04-16 11:00:00,1078.0,17.8
2021-04-16 12:00:00,952.0,18.0
2021-04-16 13:00:00,922.0,18.1
2021-04-16 14:00:00,898.0,18.8
2021-04-16 15:00:00,906.0,18.5
2021-04-16 16:00:00,926.0,18.2
2021-04-16 17:00:00,982.0,18.5
2021-04-16 18:00:00,940.0,18.3
2021-04-16 19:00:00,943.0,17.8
2021-04-16 20:00:00,994.0,17.0
2021-04-16 21:00:00,963.0,16.2
2021-04-16 22:00:00,888.0,16.1
2021-04-16 23:00:00,861.0,15.6
2021-04-17 00:00:00,781.0,15.3
2021-04-17 01:00:00,742.0,15.1
2021-04-17 02:00:00,688.0,14.5
2021-04-17 03:00:00,679.0,14.3
2021-04-17 04:00:00,642.0,14.2
2021-04-17 05:00:00,660.0,13.9
2021-04-17 06:00:00,733.0,13.8
2021-04-17 07:00:00,910.0,13.9
2021-04-17 08:00:00,984.0,15.4
2021-04-17 09:00:00,1002.0,16.5
2021-04-17 10:00:00,986.0,19.4
2021-04-17 11:00:00,1043.0,19.3
2021-04-17 12:00:00,932.0,19.7
2021-04-17 13:00:00,893.0,19.9
2021-04-17 14:00:00,884.0,21.0
2021-04-17 15:00:00,892.0,21.6
2021-04-17 16:00:00,908.0,21.8
2021-04-17 17:00:00,982.0,22.1
2021-04-17 18:00:00,992.0,21.7
2021-04-17 19:00:00,1000.0,20.8
2021-04-17 20:00:00,1015.0,19.9
2021-04-17 21:00:00,964.0,19.8
2021-04-17 22:00:00,875.0,19.4
2021-04-17 23:00:00,850.0,19.0
2021-04-18 00:00:00,792.0,18.6
2021-04-18 01:00:00,732.0,18.1
2021-04-18 02:00:00,702.0,18.0
2021-04-18 03:00:00,660.0,17.3
2021-04-18 04:00:00,644.0,16.9
2021-04-18 05:00:00,632.0,17.0
2021-04-18 06:00:00,690.0,16.5
2021-04-18 07:00:00,846.0,16.1
2021-04-18 08:00:00,958.0,15.6
2021-04-18 09:00:00,1007.0,15.2
2021-04-18 10:00:00,1031.0,16.0
2021-04-18 11:00:00,1065.0,16.3
2021-04-18 12:00:00,971.0,16.3
2021-04-18 13:00:00,924.0,15.4
2021-04-18 14:00:00,925.0,15.2
2021-04-18 15:00:00,909.0,14.8
2021-04-18 16:00:00,933.0,14.6
2021-04-18 17:00:00,1027.0,14.3
2021-04-18 18:00:00,984.0,13.8
2021-04-18 19:00:00,988.0,13.7
2021-04-18 20:00:00,1000.0,13.6
2021-04-18 21:00:00,928.0,13.6
2021-04-18 22:00:00,826.0,13.7
2021-04-18 23:00:00,829.0,13.8
2021-04-19 00:00:00,762.0,13.8
2021-04-19 01:00:00,709.0,13.7
2021-04-19 02:00:00,657.0,13.8
2021-04-19 03:00:00,658.0,13.8
2021-04-19 04:00:00,617.0,13.8
2021-04-19 05:00:00,627.0,13.8
2021-04-19 06:00:00,745.0,13.8
2021-04-19 07:00:00,943.0,13.9
2021-04-19 08:00:00,966.0,14.8
2021-04-19 09:00:00,1005.0,16.2
2021-04-19 10:00:00,1014.0,17.7
2021-04-19 11:00:00,1054.0,18.1
2021-04-19 12:00:00,921.0,19.2
2021-04-19 13:00:00,889.0,19.2
2021-04-19 14:00:00,866.0,19.8
2021-04-19 15:00:00,861.0,19.9
2021-04-19 16:00:00,916.0,19.8
2021-04-19 17:00:00,984.0,19.3
2021-04-19 18:00:00,967.0,18.8
2021-04-19 19:00:00,988.0,18.1
2021-04-19 20:00:00,1037.0,17.7
2021-04-19 21:00:00,998.0,17.6
2021-04-19 22:00:00,875.0,17.4
2021-04-19 23:00:00,850.0,17.3
2021-04-20 00:00:00,778.0,17.3
2021-04-20 01:00:00,732.0,17.3
2021-04-20 02:00:00,678.0,17.3
2021-04-20 03:00:00,661.0,17.1
2021-04-20 04:00:00,650.0,17.2
2021-04-20 05:00:00,661.0,16.9
2021-04-20 06:00:00,755.0,17.0
2021-04-20 07:00:00,939.0,17.2
2021-04-20 08:00:00,991.0,17.4
2021-04-20 09:00:00,977.0,18.2
2021-04-20 10:00:00,997.0,19.1
2021-04-20 11:00:00,1025.0,20.8
2021-04-20 12:00:00,908.0,21.3
2021-04-20 13:00:00,883.0,21.3
2021-04-20 14:00:00,869.0,22.0
2021-04-20 15:00:00,869.0,22.4
2021-04-20 16:00:00,912.0,22.3
2021-04-20 17:00:00,977.0,22.4
2021-04-20 18:00:00,989.0,22.2
2021-04-20 19:00:00,1004.0,21.1
2021-04-20 20:00:00,1031.0,20.8
2021-04-20 21:00:00,970.0,20.2
2021-04-20 22:00:00,864.0,19.7
2021-04-20 23:00:00,849.0,19.4
2021-04-21 00:00:00,788.0,18.9
2021-04-21 01:00:00,728.0,18.7
2021-04-21 02:00:00,692.0,18.4
2021-04-21 03:00:00,659.0,18.1
2021-04-21 04:00:00,658.0,17.8
2021-04-21 05:00:00,659.0,17.5
2021-04-21 06:00:00,735.0,17.3
2021-04-21 07:00:00,930.0,17.3
2021-04-21 08:00:00,970.0,17.5
2021-04-21 09:00:00,1033.0,17.6
2021-04-21 10:00:00,1038.0,17.9
2021-04-21 11:00:00,1073.0,18.1
2021-04-21 12:00:00,969.0,18.3
2021-04-21 13:00:00,922.0,18.8
2021-04-21 14:00:00,929.0,18.7
2021-04-21 15:00:00,882.0,18.6
2021-04-21 16:00:00,945.0,18.4
2021-04-21 17:00:00,1024.0,18.0
2021-04-21 18:00:00,987.0,18.0
2021-04-21 19:00:00,1006.0,17.7
2021-04-21 20:00:00,998.0,17.3
2021-04-21 21:00:00,937.0,17.3
2021-04-21 22:00:00,864.0,17.2
2021-04-21 23:00:00,844.0,17.1
2021-04-22 00:00:00,772.0,17.1
2021-04-22 01:00:00,728.0,17.0
2021-04-22 02:00:00,689.0,16.9
2021-04-22 03:00:00,658.0,16.8
2021-04-22 04:00:00,667.0,16.6
2021-04-22 05:00:00,674.0,16.6
2021-04-22 06:00:00,769.0,16.5
2021-04-22 07:00:00,931.0,16.5
2021-04-22 08:00:00,990.0,16.6
2021-04-22 09:00:00,996.0,16.8
2021-04-22 10:00:00,995.0,17.4
2021-04-22 11:00:00,1013.0,18.9
2021-04-22 12:00:00,899.0,19.4
2021-04-22 13:00:00,879.0,19.8
2021-04-22 14:00:00,843.0,21.0
2021-04-22 15:00:00,833.0,21.4
2021-04-22 16:00:00,858.0,21.5
2021-04-22 17:00:00,943.0,21.3
2021-04-22 18:00:00,958.0,20.9
2021-04-22 19:00:00,954.0,20.2
2021-04-22 20:00:00,999.0,19.5
2021-04-22 21:00:00,970.0,18.7
2021-04-22 22:00:00,890.0,18.7
2021-04-22 23:00:00,852.0,18.4
2021-04-23 00:00:00,793.0,16.9
2021-04-23 01:00:00,716.0,16.3
2021-04-23 02:00:00,683.0,16.3
2021-04-23 03:00:00,669.0,16.2
2021-04-23 04:00:00,661.0,16.7
2021-04-23 05:00:00,673.0,17.1
2021-04-23 06:00:00,788.0,17.1
2021-04-23 07:00:00,949.0,17.5
2021-04-23 08:00:00,971.0,18.0
2021-04-23 09:00:00,976.0,18.5
2021-04-23 10:00:00,986.0,20.5
2021-04-23 11:00:00,1018.0,21.3
2021-04-23 12:00:00,889.0,21.7
2021-04-23 13:00:00,856.0,22.7
2021-04-23 14:00:00,856.0,22.4
2021-04-23 15:00:00,847.0,22.6
2021-04-23 16:00:00,865.0,22.3
2021-04-23 17:00:00,975.0,21.9
2021-04-23 18:00:00,957.0,21.9
2021-04-23 19:00:00,942.0,21.2
2021-04-23 20:00:00,988.0,20.6
2021-04-23 21:00:00,956.0,20.1
2021-04-23 22:00:00,883.0,20.1
2021-04-23 23:00:00,865.0,20.5
2021-04-24 00:00:00,771.0,20.4
2021-04-24 01:00:00,712.0,20.3
2021-04-24 02:00:00,692.0,20.1
2021-04-24 03:00:00,682.0,19.7
2021-04-24 04:00:00,661.0,19.6
2021-04-24 05:00:00,644.0,19.4
2021-04-24 06:00:00,710.0,19.2
2021-04-24 07:00:00,844.0,18.7
2021-04-24 08:00:00,957.0,18.6
2021-04-24 09:00:00,1026.0,18.3
2021-04-24 10:00:00,1031.0,17.7
2021-04-24 11:00:00,1069.0,17.5
2021-04-24 12:00:00,964.0,17.4
2021-04-24 13:00:00,929.0,16.4
2021-04-24 14:00:00,916.0,15.9
2021-04-24 15:00:00,924.0,15.5
2021-04-24 16:00:00,950.0,15.3
2021-04-24 17:00:00,1047.0,15.2
2021-04-24 18:00:00,1025.0,15.1
2021-04-24 19:00:00,1028.0,15.0
2021-04-24 20:00:00,1005.0,14.7
2021-04-24 21:00:00,954.0,14.6
2021-04-24 22:00:00,845.0,14.5
2021-04-24 23:00:00,823.0,14.4
2021-04-25 00:00:00,779.0,14.3
2021-04-25 01:00:00,736.0,14.2
2021-04-25 02:00:00,701.0,14.2
2021-04-25 03:00:00,673.0,14.2
2021-04-25 04:00:00,653.0,14.3
2021-04-25 05:00:00,662.0,14.1
2021-04-25 06:00:00,739.0,14.1
2021-04-25 07:00:00,910.0,14.2
2021-04-25 08:00:00,957.0,14.3
2021-04-25 09:00:00,998.0,14.6
2021-04-25 10:00:00,1030.0,14.9
2021-04-25 11:00:00,1052.0,15.2
2021-04-25 12:00:00,957.0,15.5
2021-04-25 13:00:00,913.0,16.0
2021-04-25 14:00:00,909.0,16.7
2021-04-25 15:00:00,877.0,17.0
2021-04-25 16:00:00,916.0,17.0
2021-04-25 17:00:00,1003.0,17.1
2021-04-25 18:00:00,955.0,17.1
2021-04-25 19:00:00,966.0,16.8
2021-04-25 20:00:00,993.0,16.7
2021-04-25 21:00:00,960.0,16.3
2021-04-25 22:00:00,857.0,16.1
2021-04-25 23:00:00,820.0,15.9
2021-04-26 00:00:00,769.0,15.7
2021-04-26 01:00:00,716.0,15.6
2021-04-26 02:00:00,678.0,15.4
2021-04-26 03:00:00,645.0,15.3
2021-04-26 04:00:00,658.0,15.1
2021-04-26 05:00:00,639.0,15.1
2021-04-26 06:00:00,753.0,15.2
2021-04-26 07:00:00,938.0,15.3
2021-04-26 08:00:00,1001.0,15.3
2021-04-26 09:00:00,1026.0,15.5
2021-04-26 10:00:00,1049.0,16.1
2021-04-26 11:00:00,1048.0,16.8
2021-04-26 12:00:00,947.0,16.7
2021-04-26 13:00:00,907.0,17.1
2021-04-26 14:00:00,900.0,16.8
2021-04-26 15:00:00,892.0,15.9
2021-04-26 16:00:00,919.0,15.7
2021-04-26 17:00:00,1006.0,15.7
2021-04-26 18:00:00,975.0,15.9
2021-04-26 19:00:00,983.0,15.8
2021-04-26 20:00:00,1032.0,15.7
2021-04-26 21:00:00,972.0,15.7
2021-04-26 22:00:00,900.0,15.4
2021-04-26 23:00:00,857.0,15.2
2021-04-27 00:00:00,782.0,15.0
2021-04-27 01:00:00,740.0,15.1
2021-04-27 02:00:00,701.0,15.0
2021-04-27 03:00:00,678.0,15.2
2021-04-27 04:00:00,657.0,15.3
2021-04-27 05:00:00,661.0,15.2
2021-04-27 06:00:00,777.0,15.0
2021-04-27 07:00:00,945.0,15.3
2021-04-27 08:00:00,986.0,16.1
2021-04-27 09:00:00,1023.0,16.4
2021-04-27 10:00:00,1029.0,16.7
2021-04-27 11:00:00,1077.0,17.0
2021-04-27 12:00:00,943.0,17.1
2021-04-27 13:00:00,884.0,18.1
2021-04-27 14:00:00,858.0,20.0
2021-04-27 15:00:00,835.0,20.4
2021-04-27 16:00:00,868.0,20.9
2021-04-27 17:00:00,963.0,20.8
2021-04-27 18:00:00,951.0,20.5
2021-04-27 19:00:00,961.0,19.4
2021-04-27 20:00:00,1036.0,18.5
2021-04-27 21:00:00,986.0,17.8
2021-04-27 22:00:00,905.0,17.7
2021-04-27 23:00:00,865.0,16.7
2021-04-28 00:00:00,805.0,15.9
2021-04-28 01:00:00,731.0,15.5
2021-04-28 02:00:00,708.0,15.5
2021-04-28 03:00:00,675.0,15.4
2021-04-28 04:00:00,648.0,15.3
2021-04-28 05:00:00,653.0,15.6
2021-04-28 06:00:00,779.0,15.7
2021-04-28 07:00:00,958.0,16.3
2021-04-28 08:00:00,989.0,17.0
2021-04-28 09:00:00,1018.0,17.5
2021-04-28 10:00:00,1026.0,18.2
2021-04-28 11:00:00,1042.0,19.2
2021-04-28 12:00:00,896.0,20.4
2021-04-28 13:00:00,876.0,21.5
2021-04-28 14:00:00,866.0,22.9
2021-04-28 15:00:00,873.0,23.0
2021-04-28 16:00:00,884.0,23.9
2021-04-28 17:00:00,974.0,24.0
2021-04-28 18:00:00,951.0,23.5
2021-04-28 19:00:00,946.0,21.5
2021-04-28 20:00:00,1016.0,19.8
2021-04-28 21:00:00,985.0,18.4
2021-04-28 22:00:00,882.0,17.5
2021-04-28 23:00:00,843.0,16.7
2021-04-29 00:00:00,787.0,16.3
2021-04-29 01:00:00,715.0,16.5
2021-04-29 02:00:00,708.0,15.7
2021-04-29 03:00:00,681.0,15.3
2021-04-29 04:00:00,659.0,15.1
2021-04-29 05:00:00,660.0,14.2
2021-04-29 06:00:00,823.0,14.1
2021-04-29 07:00:00,998.0,15.8
2021-04-29 08:00:00,995.0,19.1
2021-04-29 09:00:00,994.0,21.9
2021-04-29 10:00:00,983.0,24.4
2021-04-29 11:00:00,1008.0,26.0
2021-04-29 12:00:00,883.0,27.4
2021-04-29 13:00:00,858.0,28.6
2021-04-29 14:00:00,863.0,29.7
2021-04-29 15:00:00,852.0,29.5
2021-04-29 16:00:00,866.0,30.1
2021-04-29 17:00:00,963.0,29.8
2021-04-29 18:00:00,981.0,28.5
2021-04-29 19:00:00,968.0,26.6
2021-04-29 20:00:00,1052.0,25.2
2021-04-29 21:00:00,998.0,24.3
2021-04-29 22:00:00,909.0,23.5
2021-04-29 23:00:00,868.0,21.6
2021-04-30 00:00:00,796.0,21.2
2021-04-30 01:00:00,742.0,20.9
2021-04-30 02:00:00,706.0,19.4
2021-04-30 03:00:00,691.0,18.9
2021-04-30 04:00:00,668.0,18.0
2021-04-30 05:00:00,655.0,17.3
2021-04-30 06:00:00,838.0,16.7
2021-04-30 07:00:00,978.0,17.5
2021-04-30 08:00:00,983.0,21.4
2021-04-30 09:00:00,994.0,25.5
2021-04-30 10:00:00,989.0,28.3
2021-04-30 11:00:00,1019.0,30.4
2021-04-30 12:00:00,913.0,31.8
2021-04-30 13:00:00,865.0,33.4
2021-04-30 14:00:00,868.0,34.5
2021-04-30 15:00:00,851.0,34.6
2021-04-30 16:00:00,882.0,34.4
2021-04-30 17:00:00,944.0,34.2
2021-04-30 18:00:00,941.0,32.9
2021-04-30 19:00:00,949.0,30.6
2021-04-30 20:00:00,1047.0,28.7
2021-04-30 21:00:00,1010.0,28.2
2021-04-30 22:00:00,910.0,27.3
2021-04-30 23:00:00,848.0,26.8
2021-05-01 00:00:00,775.0,24.9
2021-05-01 01:00:00,730.0,23.1
2021-05-01 02:00:00,688.0,21.7
2021-05-01 03:00:00,660.0,20.6
2021-05-01 04:00:00,608.0,20.5
2021-05-01 05:00:00,624.0,19.6
2021-05-01 06:00:00,759.0,19.0
2021-05-01 07:00:00,850.0,20.3
2021-05-01 08:00:00,847.0,24.3
2021-05-01 09:00:00,832.0,27.0
2021-05-01 10:00:00,827.0,29.3
2021-05-01 11:00:00,859.0,30.5
2021-05-01 12:00:00,791.0,30.8
2021-05-01 13:00:00,737.0,31.2
2021-05-01 14:00:00,746.0,30.2
2021-05-01 15:00:00,735.0,29.6
2021-05-01 16:00:00,752.0,30.4
2021-05-01 17:00:00,824.0,30.0
2021-05-01 18:00:00,847.0,29.8
2021-05-01 19:00:00,891.0,28.6
2021-05-01 20:00:00,1002.0,26.9
2021-05-01 21:00:00,953.0,25.3
2021-05-01 22:00:00,882.0,24.2
2021-05-01 23:00:00,832.0,23.6
2021-05-02 00:00:00,753.0,22.8
2021-05-02 01:00:00,696.0,22.9
2021-05-02 02:00:00,645.0,22.3
2021-05-02 03:00:00,619.0,21.5
2021-05-02 04:00:00,580.0,21.1
2021-05-02 05:00:00,600.0,21.0
2021-05-02 06:00:00,727.0,20.8
2021-05-02 07:00:00,844.0,22.3
2021-05-02 08:00:00,897.0,24.6
2021-05-02 09:00:00,928.0,26.6
2021-05-02 10:00:00,915.0,27.5
2021-05-02 11:00:00,945.0,29.5
2021-05-02 12:00:00,925.0,30.0
2021-05-02 13:00:00,861.0,31.4
2021-05-02 14:00:00,858.0,31.7
2021-05-02 15:00:00,834.0,32.2
2021-05-02 16:00:00,868.0,32.5
2021-05-02 17:00:00,922.0,32.3
2021-05-02 18:00:00,953.0,31.1
2021-05-02 19:00:00,968.0,29.8
2021-05-02 20:00:00,1068.0,28.8
2021-05-02 21:00:00,1024.0,27.7
2021-05-02 22:00:00,949.0,26.9
2021-05-02 23:00:00,897.0,26.5
2021-05-03 00:00:00,828.0,26.1
2021-05-03 01:00:00,748.0,25.9
2021-05-03 02:00:00,691.0,25.1
2021-05-03 03:00:00,668.0,24.1
2021-05-03 04:00:00,645.0,23.6
2021-05-03 05:00:00,658.0,22.6
2021-05-03 06:00:00,740.0,22.2
2021-05-03 07:00:00,847.0,22.0
2021-05-03 08:00:00,893.0,22.1
2021-05-03 09:00:00,939.0,22.8
2021-05-03 10:00:00,951.0,24.0
2021-05-03 11:00:00,977.0,25.5
2021-05-03 12:00:00,890.0,22.0
2021-05-03 13:00:00,869.0,21.4
2021-05-03 14:00:00,873.0,19.5
2021-05-03 15:00:00,843.0,18.6
2021-05-03 16:00:00,866.0,17.6
2021-05-03 17:00:00,936.0,17.7
2021-05-03 18:00:00,913.0,17.7
2021-05-03 19:00:00,948.0,17.4
2021-05-03 20:00:00,933.0,17.2
2021-05-03 21:00:00,858.0,16.4
2021-05-03 22:00:00,791.0,16.5
2021-05-03 23:00:00,791.0,16.5
2021-05-04 00:00:00,732.0,16.4
2021-05-04 01:00:00,685.0,16.5
2021-05-04 02:00:00,658.0,16.6
2021-05-04 03:00:00,635.0,16.6
2021-05-04 04:00:00,627.0,16.6
2021-05-04 05:00:00,641.0,16.7
2021-05-04 06:00:00,742.0,16.8
2021-05-04 07:00:00,874.0,17.0
2021-05-04 08:00:00,931.0,18.0
2021-05-04 09:00:00,944.0,18.9
2021-05-04 10:00:00,932.0,20.5
2021-05-04 11:00:00,981.0,21.3
2021-05-04 12:00:00,908.0,23.2
2021-05-04 13:00:00,839.0,23.6
2021-05-04 14:00:00,844.0,24.4
2021-05-04 15:00:00,855.0,24.9
2021-05-04 16:00:00,853.0,25.4
2021-05-04 17:00:00,948.0,25.3
2021-05-04 18:00:00,932.0,24.7
2021-05-04 19:00:00,931.0,23.8
2021-05-04 20:00:00,1016.0,23.2
2021-05-04 21:00:00,963.0,22.6
2021-05-04 22:00:00,875.0,21.6
2021-05-04 23:00:00,857.0,20.7
2021-05-05 00:00:00,787.0,20.1
2021-05-05 01:00:00,712.0,19.7
2021-05-05 02:00:00,692.0,18.8
2021-05-05 03:00:00,654.0,18.4
2021-05-05 04:00:00,631.0,18.1
2021-05-05 05:00:00,648.0,17.6
2021-05-05 06:00:00,764.0,17.4
2021-05-05 07:00:00,908.0,19.4
2021-05-05 08:00:00,954.0,21.3
2021-05-05 09:00:00,988.0,22.5
2021-05-05 10:00:00,1002.0,24.3
2021-05-05 11:00:00,1013.0,25.1
2021-05-05 12:00:00,888.0,26.0
2021-05-05 13:00:00,883.0,26.6
2021-05-05 14:00:00,866.0,27.6
2021-05-05 15:00:00,873.0,28.0
2021-05-05 16:00:00,903.0,27.9
2021-05-05 17:00:00,997.0,26.9
2021-05-05 18:00:00,974.0,26.0
2021-05-05 19:00:00,976.0,25.3
2021-05-05 20:00:00,1035.0,24.7
2021-05-05 21:00:00,977.0,24.1
2021-05-05 22:00:00,886.0,23.2
2021-05-05 23:00:00,856.0,22.4
2021-05-06 00:00:00,794.0,21.7
2021-05-06 01:00:00,733.0,21.0
2021-05-06 02:00:00,708.0,21.4
2021-05-06 03:00:00,680.0,21.7
2021-05-06 04:00:00,671.0,21.7
2021-05-06 05:00:00,689.0,21.7
2021-05-06 06:00:00,795.0,21.2
2021-05-06 07:00:00,919.0,21.5
2021-05-06 08:00:00,977.0,21.0
2021-05-06 09:00:00,993.0,20.4
2021-05-06 10:00:00,1011.0,20.7
2021-05-06 11:00:00,1038.0,20.9
2021-05-06 12:00:00,914.0,20.6
2021-05-06 13:00:00,892.0,20.1
2021-05-06 14:00:00,902.0,19.5
2021-05-06 15:00:00,887.0,18.8
2021-05-06 16:00:00,933.0,18.6
2021-05-06 17:00:00,1018.0,18.6
2021-05-06 18:00:00,981.0,18.6
2021-05-06 19:00:00,913.0,18.8
2021-05-06 20:00:00,983.0,18.9
2021-05-06 21:00:00,923.0,19.0
2021-05-06 22:00:00,837.0,18.7
2021-05-06 23:00:00,817.0,18.6
2021-05-07 00:00:00,771.0,18.6
2021-05-07 01:00:00,743.0,18.8
2021-05-07 02:00:00,701.0,18.5
2021-05-07 03:00:00,693.0,18.5
2021-05-07 04:00:00,685.0,18.5
2021-05-07 05:00:00,686.0,18.5
2021-05-07 06:00:00,832.0,18.6
2021-05-07 07:00:00,969.0,19.6
2021-05-07 08:00:00,995.0,19.8
2021-05-07 09:00:00,1003.0,21.4
2021-05-07 10:00:00,1041.0,22.5
2021-05-07 11:00:00,1063.0,23.1
2021-05-07 12:00:00,946.0,23.2
2021-05-07 13:00:00,923.0,23.0
2021-05-07 14:00:00,916.0,21.9
2021-05-07 15:00:00,902.0,21.6
2021-05-07 16:00:00,929.0,21.5
2021-05-07 17:00:00,996.0,21.7
2021-05-07 18:00:00,977.0,21.6
2021-05-07 19:00:00,953.0,21.1
2021-05-07 20:00:00,1026.0,20.6
2021-05-07 21:00:00,979.0,20.4
2021-05-07 22:00:00,879.0,19.9
2021-05-07 23:00:00,847.0,19.9
2021-05-08 00:00:00,804.0,19.6
2021-05-08 01:00:00,737.0,19.4
2021-05-08 02:00:00,703.0,19.0
2021-05-08 03:00:00,707.0,18.8
2021-05-08 04:00:00,675.0,19.0
2021-05-08 05:00:00,698.0,19.4
2021-05-08 06:00:00,827.0,19.3
2021-05-08 07:00:00,963.0,20.3
2021-05-08 08:00:00,999.0,21.6
2021-05-08 09:00:00,1007.0,23.9
2021-05-08 10:00:00,1007.0,25.9
2021-05-08 11:00:00,1022.0,26.9
2021-05-08 12:00:00,934.0,28.4
2021-05-08 13:00:00,898.0,29.8
2021-05-08 14:00:00,903.0,31.0
2021-05-08 15:00:00,896.0,30.8
2021-05-08 16:00:00,925.0,31.4
2021-05-08 17:00:00,1011.0,30.6
2021-05-08 18:00:00,1000.0,29.7
2021-05-08 19:00:00,993.0,28.2
2021-05-08 20:00:00,1069.0,26.9
2021-05-08 21:00:00,1025.0,25.7
2021-05-08 22:00:00,937.0,24.8
2021-05-08 23:00:00,886.0,24.5
2021-05-09 00:00:00,838.0,23.9
2021-05-09 01:00:00,772.0,23.4
2021-05-09 02:00:00,725.0,23.2
2021-05-09 03:00:00,693.0,22.7
2021-05-09 04:00:00,708.0,22.1
2021-05-09 05:00:00,702.0,21.5
2021-05-09 06:00:00,860.0,21.3
2021-05-09 07:00:00,952.0,23.1
2021-05-09 08:00:00,1008.0,24.8
2021-05-09 09:00:00,1025.0,27.9
2021-05-09 10:00:00,1053.0,29.5
2021-05-09 11:00:00,1073.0,30.5
2021-05-09 12:00:00,970.0,31.8
2021-05-09 13:00:00,958.0,32.2
2021-05-09 14:00:00,970.0,32.8
2021-05-09 15:00:00,967.0,33.5
2021-05-09 16:00:00,1008.0,33.6
2021-05-09 17:00:00,1062.0,33.4
2021-05-09 18:00:00,1046.0,32.8
2021-05-09 19:00:00,1027.0,31.4
2021-05-09 20:00:00,1150.0,30.1
2021-05-09 21:00:00,1085.0,29.6
2021-05-09 22:00:00,957.0,29.0
2021-05-09 23:00:00,911.0,28.0
2021-05-10 00:00:00,863.0,27.4
2021-05-10 01:00:00,811.0,26.8
2021-05-10 02:00:00,778.0,26.5
2021-05-10 03:00:00,749.0,25.9
2021-05-10 04:00:00,723.0,25.6
2021-05-10 05:00:00,709.0,25.3
2021-05-10 06:00:00,857.0,25.3
2021-05-10 07:00:00,981.0,26.0
2021-05-10 08:00:00,1032.0,26.7
2021-05-10 09:00:00,1052.0,26.9
2021-05-10 10:00:00,1100.0,27.1
2021-05-10 11:00:00,1102.0,28.6
2021-05-10 12:00:00,996.0,26.5
2021-05-10 13:00:00,942.0,27.4
2021-05-10 14:00:00,975.0,27.3
2021-05-10 15:00:00,964.0,27.8
2021-05-10 16:00:00,995.0,28.9
2021-05-10 17:00:00,1084.0,28.8
2021-05-10 18:00:00,1039.0,28.1
2021-05-10 19:00:00,1051.0,26.8
2021-05-10 20:00:00,1118.0,26.3
2021-05-10 21:00:00,1040.0,26.1
2021-05-10 22:00:00,940.0,25.8
2021-05-10 23:00:00,867.0,24.5
2021-05-11 00:00:00,827.0,23.7
2021-05-11 01:00:00,786.0,23.5
2021-05-11 02:00:00,748.0,22.7
2021-05-11 03:00:00,706.0,22.8
2021-05-11 04:00:00,702.0,23.0
2021-05-11 05:00:00,711.0,23.3
2021-05-11 06:00:00,820.0,23.2
2021-05-11 07:00:00,941.0,23.2
2021-05-11 08:00:00,1006.0,23.4
2021-05-11 09:00:00,1044.0,23.2
2021-05-11 10:00:00,1055.0,23.3
2021-05-11 11:00:00,1065.0,23.4
2021-05-11 12:00:00,962.0,23.5
2021-05-11 13:00:00,920.0,23.9
2021-05-11 14:00:00,928.0,25.1
2021-05-11 15:00:00,915.0,26.1
2021-05-11 16:00:00,954.0,26.2
2021-05-11 17:00:00,1044.0,26.8
2021-05-11 18:00:00,994.0,26.0
2021-05-11 19:00:00,989.0,24.8
2021-05-11 20:00:00,1047.0,24.1
2021-05-11 21:00:00,996.0,23.2
2021-05-11 22:00:00,899.0,22.2
2021-05-11 23:00:00,873.0,21.9
2021-05-12 00:00:00,819.0,21.4
2021-05-12 01:00:00,762.0,21.0
2021-05-12 02:00:00,736.0,21.1
2021-05-12 03:00:00,707.0,20.9
2021-05-12 04:00:00,695.0,20.4
2021-05-12 05:00:00,707.0,20.8
2021-05-12 06:00:00,859.0,20.8
2021-05-12 07:00:00,976.0,21.1
2021-05-12 08:00:00,994.0,21.6
2021-05-12 09:00:00,1033.0,22.6
2021-05-12 10:00:00,1059.0,23.1
2021-05-12 11:00:00,1112.0,23.7
2021-05-12 12:00:00,986.0,23.6
2021-05-12 13:00:00,962.0,23.7
2021-05-12 14:00:00,952.0,24.3
2021-05-12 15:00:00,966.0,24.0
2021-05-12 16:00:00,969.0,23.9
2021-05-12 17:00:00,1046.0,24.1
2021-05-12 18:00:00,1012.0,24.1
2021-05-12 19:00:00,1000.0,23.7
2021-05-12 20:00:00,1077.0,23.4
2021-05-12 21:00:00,1014.0,22.4
2021-05-12 22:00:00,931.0,21.8
2021-05-12 23:00:00,878.0,21.5
2021-05-13 00:00:00,822.0,21.7
2021-05-13 01:00:00,781.0,21.4
2021-05-13 02:00:00,758.0,21.1
2021-05-13 03:00:00,719.0,21.1
2021-05-13 04:00:00,705.0,21.0
2021-05-13 05:00:00,730.0,21.2
2021-05-13 06:00:00,860.0,21.4
2021-05-13 07:00:00,969.0,21.7
2021-05-13 08:00:00,1032.0,22.0
2021-05-13 09:00:00,1064.0,22.2
2021-05-13 10:00:00,1058.0,22.0
2021-05-13 11:00:00,1077.0,22.7
2021-05-13 12:00:00,981.0,23.3
2021-05-13 13:00:00,942.0,23.5
2021-05-13 14:00:00,934.0,25.9
2021-05-13 15:00:00,938.0,26.0
2021-05-13 16:00:00,957.0,26.2
2021-05-13 17:00:00,1026.0,26.5
2021-05-13 18:00:00,1018.0,27.2
2021-05-13 19:00:00,998.0,26.2
2021-05-13 20:00:00,1074.0,25.5
2021-05-13 21:00:00,1009.0,25.2
2021-05-13 22:00:00,927.0,24.7
2021-05-13 23:00:00,866.0,24.4
2021-05-14 00:00:00,813.0,24.2
2021-05-14 01:00:00,766.0,24.0
2021-05-14 02:00:00,737.0,23.8
2021-05-14 03:00:00,698.0,24.0
2021-05-14 04:00:00,680.0,24.1
2021-05-14 05:00:00,718.0,24.2
2021-05-14 06:00:00,858.0,24.5
2021-05-14 07:00:00,957.0,24.9
2021-05-14 08:00:00,1028.0,26.6
2021-05-14 09:00:00,1052.0,27.7
2021-05-14 10:00:00,1126.0,29.7
2021-05-14 11:00:00,1127.0,32.0
2021-05-14 12:00:00,1028.0,33.1
2021-05-14 13:00:00,1010.0,33.7
2021-05-14 14:00:00,1032.0,34.8
2021-05-14 15:00:00,1027.0,33.9
2021-05-14 16:00:00,1076.0,33.7
2021-05-14 17:00:00,1138.0,32.8
2021-05-14 18:00:00,1075.0,32.8
2021-05-14 19:00:00,1093.0,31.7
2021-05-14 20:00:00,1180.0,31.0
2021-05-14 21:00:00,1116.0,30.6
2021-05-14 22:00:00,1041.0,30.6
2021-05-14 23:00:00,1011.0,29.7
2021-05-15 00:00:00,943.0,29.5
2021-05-15 01:00:00,855.0,28.7
2021-05-15 02:00:00,808.0,28.3
2021-05-15 03:00:00,792.0,27.9
2021-05-15 04:00:00,765.0,27.5
2021-05-15 05:00:00,771.0,27.0
2021-05-15 06:00:00,882.0,26.8
2021-05-15 07:00:00,950.0,27.4
2021-05-15 08:00:00,1048.0,29.1
2021-05-15 09:00:00,1098.0,30.9
2021-05-15 10:00:00,1139.0,32.4
2021-05-15 11:00:00,1206.0,33.6
2021-05-15 12:00:00,1109.0,34.0
2021-05-15 13:00:00,1079.0,35.4
2021-05-15 14:00:00,1103.0,36.2
2021-05-15 15:00:00,1103.0,34.6
2021-05-15 16:00:00,1138.0,35.4
2021-05-15 17:00:00,1216.0,34.6
2021-05-15 18:00:00,1160.0,33.3
2021-05-15 19:00:00,1185.0,32.7
2021-05-15 20:00:00,1089.0,29.4
2021-05-15 21:00:00,1055.0,26.3
2021-05-15 22:00:00,946.0,24.3
2021-05-15 23:00:00,877.0,23.5
2021-05-16 00:00:00,861.0,22.9
2021-05-16 01:00:00,783.0,23.1
2021-05-16 02:00:00,762.0,23.6
2021-05-16 03:00:00,741.0,23.6
2021-05-16 04:00:00,708.0,22.9
2021-05-16 05:00:00,698.0,22.6
2021-05-16 06:00:00,739.0,21.8
2021-05-16 07:00:00,837.0,21.4
2021-05-16 08:00:00,903.0,21.3
2021-05-16 09:00:00,945.0,20.7
2021-05-16 10:00:00,942.0,20.7
2021-05-16 11:00:00,998.0,20.8
2021-05-16 12:00:00,906.0,20.2
2021-05-16 13:00:00,874.0,20.4
2021-05-16 14:00:00,849.0,21.0
2021-05-16 15:00:00,833.0,21.6
2021-05-16 16:00:00,873.0,21.0
2021-05-16 17:00:00,946.0,20.4
2021-05-16 18:00:00,902.0,20.2
2021-05-16 19:00:00,898.0,20.1
2021-05-16 20:00:00,943.0,19.9
2021-05-16 21:00:00,893.0,19.9
2021-05-16 22:00:00,818.0,19.8
2021-05-16 23:00:00,803.0,19.2
2021-05-17 00:00:00,767.0,18.3
2021-05-17 01:00:00,719.0,17.9
2021-05-17 02:00:00,704.0,18.0
2021-05-17 03:00:00,684.0,17.7
2021-05-17 04:00:00,680.0,17.5
2021-05-17 05:00:00,682.0,17.0
2021-05-17 06:00:00,816.0,17.2
2021-05-17 07:00:00,915.0,17.7
2021-05-17 08:00:00,946.0,18.1
2021-05-17 09:00:00,947.0,19.0
2021-05-17 10:00:00,976.0,20.3
2021-05-17 11:00:00,979.0,19.7
2021-05-17 12:00:00,926.0,19.4
2021-05-17 13:00:00,901.0,17.6
2021-05-17 14:00:00,894.0,16.8
2021-05-17 15:00:00,906.0,16.9
2021-05-17 16:00:00,925.0,17.2
2021-05-17 17:00:00,999.0,16.9
2021-05-17 18:00:00,951.0,17.1
2021-05-17 19:00:00,932.0,17.0
2021-05-17 20:00:00,959.0,17.0
2021-05-17 21:00:00,919.0,17.0
2021-05-17 22:00:00,834.0,17.3
2021-05-17 23:00:00,803.0,17.3
2021-05-18 00:00:00,757.0,17.1
2021-05-18 01:00:00,726.0,17.1
2021-05-18 02:00:00,701.0,16.9
2021-05-18 03:00:00,679.0,16.8
2021-05-18 04:00:00,668.0,16.9
2021-05-18 05:00:00,672.0,16.8
2021-05-18 06:00:00,817.0,16.4
2021-05-18 07:00:00,942.0,17.3
2021-05-18 08:00:00,966.0,17.8
2021-05-18 09:00:00,1005.0,17.6
2021-05-18 10:00:00,1005.0,16.8
2021-05-18 11:00:00,1033.0,17.4
2021-05-18 12:00:00,933.0,17.2
2021-05-18 13:00:00,894.0,17.2
2021-05-18 14:00:00,892.0,17.5
2021-05-18 15:00:00,882.0,17.6
2021-05-18 16:00:00,893.0,18.0
2021-05-18 17:00:00,986.0,18.1
2021-05-18 18:00:00,930.0,18.2
2021-05-18 19:00:00,914.0,18.2
2021-05-18 20:00:00,979.0,18.0
2021-05-18 21:00:00,937.0,17.3
2021-05-18 22:00:00,827.0,16.9
2021-05-18 23:00:00,811.0,16.8
2021-05-19 00:00:00,774.0,16.3
2021-05-19 01:00:00,726.0,16.2
2021-05-19 02:00:00,706.0,16.5
2021-05-19 03:00:00,675.0,16.8
2021-05-19 04:00:00,664.0,17.0
2021-05-19 05:00:00,669.0,16.9
2021-05-19 06:00:00,765.0,16.7
2021-05-19 07:00:00,920.0,16.7
2021-05-19 08:00:00,988.0,16.8
2021-05-19 09:00:00,1033.0,16.7
2021-05-19 10:00:00,1046.0,16.1
2021-05-19 11:00:00,1055.0,16.9
2021-05-19 12:00:00,958.0,17.0
2021-05-19 13:00:00,936.0,16.7
2021-05-19 14:00:00,889.0,18.3
2021-05-19 15:00:00,878.0,18.4
2021-05-19 16:00:00,894.0,19.2
2021-05-19 17:00:00,968.0,19.7
2021-05-19 18:00:00,938.0,19.6
2021-05-19 19:00:00,928.0,19.5
2021-05-19 20:00:00,986.0,18.7
2021-05-19 21:00:00,944.0,17.7
2021-05-19 22:00:00,870.0,17.1
2021-05-19 23:00:00,823.0,16.9
2021-05-20 00:00:00,774.0,17.1
2021-05-20 01:00:00,722.0,16.9
2021-05-20 02:00:00,683.0,16.2
2021-05-20 03:00:00,663.0,15.9
2021-05-20 04:00:00,644.0,15.7
2021-05-20 05:00:00,677.0,16.1
2021-05-20 06:00:00,832.0,15.9
2021-05-20 07:00:00,932.0,16.7
2021-05-20 08:00:00,978.0,17.5
2021-05-20 09:00:00,1001.0,19.9
2021-05-20 10:00:00,998.0,20.9
2021-05-20 11:00:00,1011.0,22.6
2021-05-20 12:00:00,912.0,23.5
2021-05-20 13:00:00,871.0,23.2
2021-05-20 14:00:00,889.0,23.0
2021-05-20 15:00:00,850.0,22.7
2021-05-20 16:00:00,894.0,21.9
2021-05-20 17:00:00,969.0,21.2
2021-05-20 18:00:00,941.0,20.5
2021-05-20 19:00:00,933.0,19.3
2021-05-20 20:00:00,995.0,19.0
2021-05-20 21:00:00,929.0,18.8
2021-05-20 22:00:00,848.0,18.5
2021-05-20 23:00:00,792.0,18.4
2021-05-21 00:00:00,741.0,18.7
2021-05-21 01:00:00,697.0,18.5
2021-05-21 02:00:00,663.0,18.1
2021-05-21 03:00:00,640.0,17.8
2021-05-21 04:00:00,626.0,17.6
2021-05-21 05:00:00,649.0,17.3
2021-05-21 06:00:00,801.0,17.3
2021-05-21 07:00:00,892.0,17.6
2021-05-21 08:00:00,927.0,19.0
2021-05-21 09:00:00,952.0,19.4
2021-05-21 10:00:00,989.0,19.6
2021-05-21 11:00:00,1027.0,19.1
2021-05-21 12:00:00,942.0,18.0
2021-05-21 13:00:00,902.0,18.0
2021-05-21 14:00:00,903.0,18.1
2021-05-21 15:00:00,899.0,18.4
2021-05-21 16:00:00,906.0,18.7
2021-05-21 17:00:00,1009.0,18.8
2021-05-21 18:00:00,965.0,18.7
2021-05-21 19:00:00,953.0,18.6
2021-05-21 20:00:00,938.0,18.5
2021-05-21 21:00:00,884.0,18.4
2021-05-21 22:00:00,827.0,18.5
2021-05-21 23:00:00,800.0,18.5
2021-05-22 00:00:00,761.0,18.6
2021-05-22 01:00:00,723.0,18.5
2021-05-22 02:00:00,697.0,18.5
2021-05-22 03:00:00,675.0,18.6
2021-05-22 04:00:00,660.0,18.6
2021-05-22 05:00:00,665.0,18.6
2021-05-22 06:00:00,761.0,18.7
2021-05-22 07:00:00,895.0,18.8
2021-05-22 08:00:00,980.0,19.0
2021-05-22 09:00:00,1033.0,19.2
2021-05-22 10:00:00,1042.0,19.4
2021-05-22 11:00:00,1080.0,19.5
2021-05-22 12:00:00,963.0,19.1
2021-05-22 13:00:00,950.0,19.1
2021-05-22 14:00:00,938.0,19.2
2021-05-22 15:00:00,922.0,19.4
2021-05-22 16:00:00,954.0,19.4
2021-05-22 17:00:00,1044.0,19.2
2021-05-22 18:00:00,973.0,19.2
2021-05-22 19:00:00,952.0,19.1
2021-05-22 20:00:00,971.0,19.2
2021-05-22 21:00:00,909.0,19.2
2021-05-22 22:00:00,853.0,19.0
2021-05-22 23:00:00,829.0,19.0
2021-05-23 00:00:00,785.0,19.0
2021-05-23 01:00:00,738.0,19.0
2021-05-23 02:00:00,713.0,18.9
2021-05-23 03:00:00,675.0,18.9
2021-05-23 04:00:00,682.0,18.9
2021-05-23 05:00:00,684.0,18.8
2021-05-23 06:00:00,773.0,18.8
2021-05-23 07:00:00,875.0,18.9
2021-05-23 08:00:00,983.0,19.0
2021-05-23 09:00:00,1039.0,19.0
2021-05-23 10:00:00,1050.0,19.3
2021-05-23 11:00:00,1077.0,19.9
2021-05-23 12:00:00,972.0,20.1
2021-05-23 13:00:00,950.0,19.4
2021-05-23 14:00:00,918.0,19.4
2021-05-23 15:00:00,924.0,19.2
2021-05-23 16:00:00,968.0,18.9
2021-05-23 17:00:00,1063.0,18.7
2021-05-23 18:00:00,1014.0,18.1
2021-05-23 19:00:00,992.0,18.0
2021-05-23 20:00:00,1005.0,18.2
2021-05-23 21:00:00,928.0,18.3
2021-05-23 22:00:00,835.0,18.5
2021-05-23 23:00:00,815.0,18.7
2021-05-24 00:00:00,787.0,18.7
2021-05-24 01:00:00,735.0,18.7
2021-05-24 02:00:00,707.0,18.7
2021-05-24 03:00:00,686.0,18.6
2021-05-24 04:00:00,672.0,18.7
2021-05-24 05:00:00,682.0,18.5
2021-05-24 06:00:00,835.0,18.3
2021-05-24 07:00:00,958.0,18.6
2021-05-24 08:00:00,1006.0,19.8
2021-05-24 09:00:00,1000.0,20.9
2021-05-24 10:00:00,1017.0,22.5
2021-05-24 11:00:00,1038.0,24.2
2021-05-24 12:00:00,909.0,25.2
2021-05-24 13:00:00,910.0,25.6
2021-05-24 14:00:00,875.0,26.3
2021-05-24 15:00:00,883.0,26.4
2021-05-24 16:00:00,925.0,26.2
2021-05-24 17:00:00,976.0,25.4
2021-05-24 18:00:00,957.0,25.1
2021-05-24 19:00:00,973.0,24.5
2021-05-24 20:00:00,1050.0,22.9
2021-05-24 21:00:00,974.0,22.0
2021-05-24 22:00:00,891.0,21.5
2021-05-24 23:00:00,841.0,21.5
2021-05-25 00:00:00,792.0,21.7
2021-05-25 01:00:00,756.0,21.5
2021-05-25 02:00:00,729.0,21.1
2021-05-25 03:00:00,697.0,20.7
2021-05-25 04:00:00,687.0,20.6
2021-05-25 05:00:00,704.0,19.8
2021-05-25 06:00:00,833.0,19.4
2021-05-25 07:00:00,935.0,19.1
2021-05-25 08:00:00,980.0,19.4
2021-05-25 09:00:00,1011.0,19.4
2021-05-25 10:00:00,1030.0,20.3
2021-05-25 11:00:00,1051.0,21.0
2021-05-25 12:00:00,914.0,22.2
2021-05-25 13:00:00,891.0,22.7
2021-05-25 14:00:00,908.0,23.4
2021-05-25 15:00:00,895.0,24.2
2021-05-25 16:00:00,916.0,24.7
2021-05-25 17:00:00,992.0,24.1
2021-05-25 18:00:00,954.0,23.6
2021-05-25 19:00:00,961.0,23.1
2021-05-25 20:00:00,1004.0,23.0
2021-05-25 21:00:00,967.0,22.8
2021-05-25 22:00:00,888.0,22.6
2021-05-25 23:00:00,868.0,22.6
2021-05-26 00:00:00,817.0,22.3
2021-05-26 01:00:00,770.0,22.2
2021-05-26 02:00:00,718.0,21.9
2021-05-26 03:00:00,711.0,21.7
2021-05-26 04:00:00,674.0,21.6
2021-05-26 05:00:00,715.0,21.7
2021-05-26 06:00:00,851.0,21.6
2021-05-26 07:00:00,956.0,22.3
2021-05-26 08:00:00,1002.0,23.3
2021-05-26 09:00:00,1023.0,23.0
2021-05-26 10:00:00,1063.0,23.4
2021-05-26 11:00:00,1066.0,22.7
2021-05-26 12:00:00,981.0,20.4
2021-05-26 13:00:00,969.0,20.0
2021-05-26 14:00:00,954.0,20.0
2021-05-26 15:00:00,944.0,19.9
2021-05-26 16:00:00,960.0,19.7
2021-05-26 17:00:00,1039.0,20.1
2021-05-26 18:00:00,1000.0,20.1
2021-05-26 19:00:00,946.0,20.0
2021-05-26 20:00:00,987.0,19.9
2021-05-26 21:00:00,958.0,19.8
2021-05-26 22:00:00,849.0,19.4
2021-05-26 23:00:00,843.0,18.9
2021-05-27 00:00:00,804.0,18.8
2021-05-27 01:00:00,755.0,18.9
2021-05-27 02:00:00,731.0,18.9
2021-05-27 03:00:00,709.0,18.9
2021-05-27 04:00:00,688.0,18.8
2021-05-27 05:00:00,711.0,18.8
2021-05-27 06:00:00,867.0,18.8
2021-05-27 07:00:00,983.0,20.2
2021-05-27 08:00:00,984.0,22.2
2021-05-27 09:00:00,980.0,24.6
2021-05-27 10:00:00,1011.0,26.0
2021-05-27 11:00:00,1041.0,27.3
2021-05-27 12:00:00,905.0,28.1
2021-05-27 13:00:00,884.0,28.8
2021-05-27 14:00:00,908.0,29.8
2021-05-27 15:00:00,924.0,29.4
2021-05-27 16:00:00,961.0,28.1
2021-05-27 17:00:00,1024.0,26.9
2021-05-27 18:00:00,984.0,26.0
2021-05-27 19:00:00,989.0,25.0
2021-05-27 20:00:00,1035.0,24.3
2021-05-27 21:00:00,989.0,24.0
2021-05-27 22:00:00,883.0,23.3
2021-05-27 23:00:00,883.0,22.8
2021-05-28 00:00:00,830.0,22.5
2021-05-28 01:00:00,758.0,22.1
2021-05-28 02:00:00,738.0,21.7
2021-05-28 03:00:00,722.0,21.3
2021-05-28 04:00:00,687.0,21.3
2021-05-28 05:00:00,701.0,21.2
2021-05-28 06:00:00,839.0,21.5
2021-05-28 07:00:00,963.0,21.6
2021-05-28 08:00:00,975.0,22.5
2021-05-28 09:00:00,999.0,24.3
2021-05-28 10:00:00,1027.0,25.0
2021-05-28 11:00:00,1059.0,25.2
2021-05-28 12:00:00,960.0,25.1
2021-05-28 13:00:00,924.0,25.0
2021-05-28 14:00:00,936.0,25.4
2021-05-28 15:00:00,926.0,25.3
2021-05-28 16:00:00,963.0,24.9
2021-05-28 17:00:00,1020.0,24.4
2021-05-28 18:00:00,1013.0,22.9
2021-05-28 19:00:00,973.0,22.4
2021-05-28 20:00:00,1006.0,22.1
2021-05-28 21:00:00,953.0,21.7
2021-05-28 22:00:00,874.0,21.9
2021-05-28 23:00:00,852.0,21.8
2021-05-29 00:00:00,820.0,21.8
2021-05-29 01:00:00,759.0,21.8
2021-05-29 02:00:00,751.0,21.5
2021-05-29 03:00:00,715.0,21.2
2021-05-29 04:00:00,694.0,21.0
2021-05-29 05:00:00,700.0,20.8
2021-05-29 06:00:00,815.0,20.9
2021-05-29 07:00:00,930.0,21.2
2021-05-29 08:00:00,995.0,20.8
2021-05-29 09:00:00,1034.0,20.5
2021-05-29 10:00:00,1034.0,20.4
2021-05-29 11:00:00,1063.0,20.5
2021-05-29 12:00:00,965.0,19.9
2021-05-29 13:00:00,923.0,20.0
2021-05-29 14:00:00,909.0,20.5
2021-05-29 15:00:00,889.0,21.3
2021-05-29 16:00:00,940.0,21.4
2021-05-29 17:00:00,1007.0,21.2
2021-05-29 18:00:00,980.0,21.2
2021-05-29 19:00:00,906.0,20.9
2021-05-29 20:00:00,963.0,20.7
2021-05-29 21:00:00,938.0,20.6
2021-05-29 22:00:00,879.0,20.5
2021-05-29 23:00:00,850.0,20.2
2021-05-30 00:00:00,789.0,20.0
2021-05-30 01:00:00,746.0,19.8
2021-05-30 02:00:00,711.0,19.9
2021-05-30 03:00:00,672.0,19.7
2021-05-30 04:00:00,662.0,19.2
2021-05-30 05:00:00,668.0,19.1
2021-05-30 06:00:00,816.0,19.0
2021-05-30 07:00:00,889.0,19.2
2021-05-30 08:00:00,973.0,19.9
2021-05-30 09:00:00,962.0,21.6
2021-05-30 10:00:00,984.0,22.9
2021-05-30 11:00:00,1018.0,24.3
2021-05-30 12:00:00,926.0,26.1
2021-05-30 13:00:00,903.0,27.2
2021-05-30 14:00:00,883.0,27.2
2021-05-30 15:00:00,866.0,27.6
2021-05-30 16:00:00,893.0,27.2
2021-05-30 17:00:00,970.0,27.7
2021-05-30 18:00:00,951.0,27.1
2021-05-30 19:00:00,936.0,26.2
2021-05-30 20:00:00,1029.0,25.0
2021-05-30 21:00:00,1000.0,24.2
2021-05-30 22:00:00,897.0,23.4
2021-05-30 23:00:00,834.0,23.0
2021-05-31 00:00:00,806.0,22.7
2021-05-31 01:00:00,720.0,22.3
2021-05-31 02:00:00,709.0,21.5
2021-05-31 03:00:00,669.0,21.0
2021-05-31 04:00:00,681.0,20.8
2021-05-31 05:00:00,677.0,20.8
2021-05-31 06:00:00,847.0,20.6
2021-05-31 07:00:00,910.0,21.5
2021-05-31 08:00:00,973.0,24.2
2021-05-31 09:00:00,1020.0,25.7
2021-05-31 10:00:00,1022.0,27.3
2021-05-31 11:00:00,1049.0,28.2
2021-05-31 12:00:00,971.0,29.4
2021-05-31 13:00:00,930.0,29.2
2021-05-31 14:00:00,966.0,29.6
2021-05-31 15:00:00,935.0,29.6
2021-05-31 16:00:00,972.0,30.2
2021-05-31 17:00:00,1012.0,30.2
2021-05-31 18:00:00,1019.0,29.7
2021-05-31 19:00:00,969.0,28.7
2021-05-31 20:00:00,1070.0,27.9
2021-05-31 21:00:00,1024.0,27.0
2021-05-31 22:00:00,928.0,26.6
2021-05-31 23:00:00,891.0,26.1
2021-06-01 00:00:00,865.0,25.9
2021-06-01 01:00:00,812.0,25.6
2021-06-01 02:00:00,776.0,25.2
2021-06-01 03:00:00,739.0,24.6
2021-06-01 04:00:00,729.0,24.4
2021-06-01 05:00:00,731.0,24.2
2021-06-01 06:00:00,889.0,23.8
2021-06-01 07:00:00,931.0,24.4
2021-06-01 08:00:00,955.0,25.7
2021-06-01 09:00:00,996.0,28.4
2021-06-01 10:00:00,1046.0,30.4
2021-06-01 11:00:00,1109.0,30.6
2021-06-01 12:00:00,1000.0,30.6
2021-06-01 13:00:00,1012.0,30.9
2021-06-01 14:00:00,983.0,31.6
2021-06-01 15:00:00,997.0,31.6
2021-06-01 16:00:00,1007.0,31.3
2021-06-01 17:00:00,1079.0,31.3
2021-06-01 18:00:00,1058.0,30.5
2021-06-01 19:00:00,1029.0,30.2
2021-06-01 20:00:00,1129.0,29.6
2021-06-01 21:00:00,1099.0,29.2
2021-06-01 22:00:00,985.0,28.2
2021-06-01 23:00:00,976.0,27.2
2021-06-02 00:00:00,918.0,27.1
2021-06-02 01:00:00,868.0,26.2
2021-06-02 02:00:00,824.0,25.7
2021-06-02 03:00:00,791.0,25.6
2021-06-02 04:00:00,787.0,24.8
2021-06-02 05:00:00,792.0,24.3
2021-06-02 06:00:00,904.0,24.2
2021-06-02 07:00:00,989.0,24.5
2021-06-02 08:00:00,1045.0,25.1
2021-06-02 09:00:00,1066.0,26.1
2021-06-02 10:00:00,1083.0,27.7
2021-06-02 11:00:00,1139.0,29.1
2021-06-02 12:00:00,1060.0,29.2
2021-06-02 13:00:00,1064.0,30.4
2021-06-02 14:00:00,1081.0,30.2
2021-06-02 15:00:00,1091.0,30.8
2021-06-02 16:00:00,1079.0,31.7
2021-06-02 17:00:00,1167.0,30.8
2021-06-02 18:00:00,1121.0,30.5
2021-06-02 19:00:00,1109.0,30.0
2021-06-02 20:00:00,1194.0,29.4
2021-06-02 21:00:00,1171.0,28.9
2021-06-02 22:00:00,1070.0,28.6
2021-06-02 23:00:00,1033.0,28.5
2021-06-03 00:00:00,981.0,28.3
2021-06-03 01:00:00,916.0,27.7
2021-06-03 02:00:00,874.0,26.6
2021-06-03 03:00:00,829.0,26.2
2021-06-03 04:00:00,813.0,25.7
2021-06-03 05:00:00,813.0,25.0
2021-06-03 06:00:00,953.0,25.1
2021-06-03 07:00:00,1041.0,25.0
2021-06-03 08:00:00,1072.0,25.1
2021-06-03 09:00:00,1103.0,21.6
2021-06-03 10:00:00,1117.0,21.2
2021-06-03 11:00:00,1126.0,20.9
2021-06-03 12:00:00,1017.0,20.7
2021-06-03 13:00:00,983.0,21.6
2021-06-03 14:00:00,983.0,22.5
2021-06-03 15:00:00,974.0,22.8
2021-06-03 16:00:00,991.0,22.7
2021-06-03 17:00:00,1092.0,22.8
2021-06-03 18:00:00,1025.0,22.3
2021-06-03 19:00:00,1019.0,22.5
2021-06-03 20:00:00,1039.0,22.7
2021-06-03 21:00:00,1008.0,20.9
2021-06-03 22:00:00,919.0,19.4
2021-06-03 23:00:00,903.0,19.6
2021-06-04 00:00:00,884.0,19.4
2021-06-04 01:00:00,832.0,19.2
2021-06-04 02:00:00,805.0,19.0
2021-06-04 03:00:00,787.0,18.9
2021-06-04 04:00:00,770.0,18.7
2021-06-04 05:00:00,777.0,18.4
2021-06-04 06:00:00,938.0,18.5
2021-06-04 07:00:00,998.0,19.7
2021-06-04 08:00:00,1043.0,21.4
2021-06-04 09:00:00,1046.0,23.3
2021-06-04 10:00:00,1067.0,24.7
2021-06-04 11:00:00,1105.0,24.4
2021-06-04 12:00:00,938.0,25.3
2021-06-04 13:00:00,951.0,25.7
2021-06-04 14:00:00,941.0,26.5
2021-06-04 15:00:00,956.0,27.7
2021-06-04 16:00:00,975.0,28.2
2021-06-04 17:00:00,1024.0,28.3
2021-06-04 18:00:00,1017.0,27.3
2021-06-04 19:00:00,1025.0,26.0
2021-06-04 20:00:00,1096.0,24.6
2021-06-04 21:00:00,1071.0,23.5
2021-06-04 22:00:00,995.0,22.1
2021-06-04 23:00:00,936.0,21.6
2021-06-05 00:00:00,876.0,21.0
2021-06-05 01:00:00,828.0,21.3
2021-06-05 02:00:00,797.0,20.3
2021-06-05 03:00:00,762.0,19.8
2021-06-05 04:00:00,746.0,19.0
2021-06-05 05:00:00,773.0,18.6
2021-06-05 06:00:00,898.0,18.4
2021-06-05 07:00:00,975.0,21.3
2021-06-05 08:00:00,1015.0,24.3
2021-06-05 09:00:00,1053.0,26.4
2021-06-05 10:00:00,1063.0,27.8
2021-06-05 11:00:00,1105.0,29.2
2021-06-05 12:00:00,1003.0,30.6
2021-06-05 13:00:00,994.0,31.5
2021-06-05 14:00:00,973.0,32.1
2021-06-05 15:00:00,1014.0,32.4
2021-06-05 16:00:00,1016.0,32.3
2021-06-05 17:00:00,1056.0,31.9
2021-06-05 18:00:00,1058.0,31.1
2021-06-05 19:00:00,1020.0,29.9
2021-06-05 20:00:00,1104.0,28.7
2021-06-05 21:00:00,1081.0,28.2
2021-06-05 22:00:00,992.0,27.3
2021-06-05 23:00:00,969.0,25.8
2021-06-06 00:00:00,893.0,25.6
2021-06-06 01:00:00,865.0,24.8
2021-06-06 02:00:00,803.0,24.3
2021-06-06 03:00:00,794.0,22.8
2021-06-06 04:00:00,755.0,21.7
2021-06-06 05:00:00,776.0,21.3
2021-06-06 06:00:00,918.0,21.2
2021-06-06 07:00:00,981.0,24.5
2021-06-06 08:00:00,1014.0,27.0
2021-06-06 09:00:00,1029.0,28.8
2021-06-06 10:00:00,1071.0,30.2
2021-06-06 11:00:00,1111.0,31.2
2021-06-06 12:00:00,1013.0,32.1
2021-06-06 13:00:00,1026.0,33.3
2021-06-06 14:00:00,1031.0,34.0
2021-06-06 15:00:00,1028.0,34.4
2021-06-06 16:00:00,1037.0,34.7
2021-06-06 17:00:00,1121.0,33.6
2021-06-06 18:00:00,1078.0,32.7
2021-06-06 19:00:00,1061.0,31.2
2021-06-06 20:00:00,1142.0,28.7
2021-06-06 21:00:00,1119.0,28.5
2021-06-06 22:00:00,1019.0,27.1
2021-06-06 23:00:00,967.0,26.9
2021-06-07 00:00:00,924.0,25.1
2021-06-07 01:00:00,873.0,24.8
2021-06-07 02:00:00,839.0,24.0
2021-06-07 03:00:00,800.0,23.2
2021-06-07 04:00:00,786.0,24.0
2021-06-07 05:00:00,777.0,25.2
2021-06-07 06:00:00,930.0,25.5
2021-06-07 07:00:00,1014.0,26.2
2021-06-07 08:00:00,1059.0,27.2
2021-06-07 09:00:00,1112.0,28.7
2021-06-07 10:00:00,1162.0,29.6
2021-06-07 11:00:00,1193.0,31.2
2021-06-07 12:00:00,1102.0,33.0
2021-06-07 13:00:00,1092.0,33.6
2021-06-07 14:00:00,1118.0,34.2
2021-06-07 15:00:00,1130.0,33.9
2021-06-07 16:00:00,1117.0,33.3
2021-06-07 17:00:00,1149.0,33.7
2021-06-07 18:00:00,1119.0,32.5
2021-06-07 19:00:00,1101.0,31.0
2021-06-07 20:00:00,1184.0,29.6
2021-06-07 21:00:00,1181.0,28.4
2021-06-07 22:00:00,1092.0,27.8
2021-06-07 23:00:00,1040.0,27.1
2021-06-08 00:00:00,972.0,26.7
2021-06-08 01:00:00,904.0,26.3
2021-06-08 02:00:00,883.0,25.5
2021-06-08 03:00:00,863.0,24.9
2021-06-08 04:00:00,824.0,24.4
2021-06-08 05:00:00,830.0,23.9
2021-06-08 06:00:00,984.0,23.5
2021-06-08 07:00:00,1036.0,25.3
2021-06-08 08:00:00,1083.0,29.2
2021-06-08 09:00:00,1135.0,30.6
2021-06-08 10:00:00,1163.0,32.1
2021-06-08 11:00:00,1216.0,33.5
2021-06-08 12:00:00,1134.0,34.4
2021-06-08 13:00:00,1170.0,35.0
2021-06-08 14:00:00,1146.0,34.9
2021-06-08 15:00:00,1177.0,35.4
2021-06-08 16:00:00,1141.0,35.2
2021-06-08 17:00:00,1217.0,35.1
2021-06-08 18:00:00,1150.0,34.3
2021-06-08 19:00:00,1137.0,32.8
2021-06-08 20:00:00,1253.0,31.4
2021-06-08 21:00:00,1273.0,30.4
2021-06-08 22:00:00,1171.0,30.0
2021-06-08 23:00:00,1129.0,28.6
2021-06-09 00:00:00,1046.0,27.7
2021-06-09 01:00:00,1000.0,27.3
2021-06-09 02:00:00,953.0,27.2
2021-06-09 03:00:00,927.0,27.0
2021-06-09 04:00:00,883.0,26.9
2021-06-09 05:00:00,903.0,27.0
2021-06-09 06:00:00,1021.0,26.5
2021-06-09 07:00:00,1081.0,27.0
2021-06-09 08:00:00,1142.0,28.4
2021-06-09 09:00:00,1225.0,31.1
2021-06-09 10:00:00,1288.0,32.3
2021-06-09 11:00:00,1336.0,33.2
2021-06-09 12:00:00,1277.0,33.7
2021-06-09 13:00:00,1270.0,34.5
2021-06-09 14:00:00,1272.0,35.7
2021-06-09 15:00:00,1289.0,34.6
2021-06-09 16:00:00,1259.0,34.4
2021-06-09 17:00:00,1322.0,33.6
2021-06-09 18:00:00,1244.0,32.6
2021-06-09 19:00:00,1234.0,31.4
2021-06-09 20:00:00,1311.0,29.4
2021-06-09 21:00:00,1317.0,28.9
2021-06-09 22:00:00,1220.0,28.8
2021-06-09 23:00:00,1180.0,28.8
2021-06-10 00:00:00,1102.0,27.7
2021-06-10 01:00:00,1028.0,27.0
2021-06-10 02:00:00,992.0,26.5
2021-06-10 03:00:00,934.0,26.5
2021-06-10 04:00:00,898.0,26.2
2021-06-10 05:00:00,906.0,26.2
2021-06-10 06:00:00,966.0,25.2
2021-06-10 07:00:00,1051.0,25.2
2021-06-10 08:00:00,1063.0,25.2
2021-06-10 09:00:00,1106.0,24.6
2021-06-10 10:00:00,1124.0,24.2
2021-06-10 11:00:00,1185.0,24.4
2021-06-10 12:00:00,1057.0,24.6
2021-06-10 13:00:00,1044.0,24.9
2021-06-10 14:00:00,1012.0,24.8
2021-06-10 15:00:00,1027.0,24.6
2021-06-10 16:00:00,1040.0,24.6
2021-06-10 17:00:00,1111.0,24.6
2021-06-10 18:00:00,1059.0,24.3
2021-06-10 19:00:00,1014.0,24.3
2021-06-10 20:00:00,1086.0,24.1
2021-06-10 21:00:00,1059.0,24.0
2021-06-10 22:00:00,979.0,23.9
2021-06-10 23:00:00,982.0,24.1
2021-06-11 00:00:00,931.0,23.9
2021-06-11 01:00:00,859.0,23.9
2021-06-11 02:00:00,846.0,23.8
2021-06-11 03:00:00,837.0,23.6
2021-06-11 04:00:00,796.0,23.6
2021-06-11 05:00:00,823.0,23.7
2021-06-11 06:00:00,921.0,23.6
2021-06-11 07:00:00,1008.0,23.7
2021-06-11 08:00:00,1049.0,24.1
2021-06-11 09:00:00,1105.0,24.5
2021-06-11 10:00:00,1113.0,25.0
2021-06-11 11:00:00,1152.0,25.3
2021-06-11 12:00:00,1064.0,25.9
2021-06-11 13:00:00,1033.0,26.0
2021-06-11 14:00:00,1041.0,25.8
2021-06-11 15:00:00,1039.0,25.8
2021-06-11 16:00:00,1046.0,26.0
2021-06-11 17:00:00,1104.0,26.5
2021-06-11 18:00:00,1068.0,26.6
2021-06-11 19:00:00,1046.0,26.4
2021-06-11 20:00:00,1120.0,25.8
2021-06-11 21:00:00,1106.0,25.4
2021-06-11 22:00:00,1049.0,25.4
2021-06-11 23:00:00,1028.0,25.0
2021-06-12 00:00:00,968.0,24.8
2021-06-12 01:00:00,900.0,24.8
2021-06-12 02:00:00,853.0,24.6
2021-06-12 03:00:00,812.0,24.6
2021-06-12 04:00:00,815.0,24.5
2021-06-12 05:00:00,800.0,24.7
2021-06-12 06:00:00,927.0,24.9
2021-06-12 07:00:00,1019.0,25.3
2021-06-12 08:00:00,1057.0,25.9
2021-06-12 09:00:00,1103.0,27.5
2021-06-12 10:00:00,1153.0,29.0
2021-06-12 11:00:00,1218.0,29.7
2021-06-12 12:00:00,1141.0,30.6
2021-06-12 13:00:00,1154.0,32.0
2021-06-12 14:00:00,1160.0,33.0
2021-06-12 15:00:00,1176.0,33.1
2021-06-12 16:00:00,1180.0,33.3
2021-06-12 17:00:00,1205.0,33.5
2021-06-12 18:00:00,1189.0,33.5
2021-06-12 19:00:00,1168.0,32.7
2021-06-12 20:00:00,1250.0,30.4
2021-06-12 21:00:00,1301.0,29.5
2021-06-12 22:00:00,1230.0,29.0
2021-06-12 23:00:00,1181.0,28.7
2021-06-13 00:00:00,1104.0,28.5
2021-06-13 01:00:00,1028.0,28.1
2021-06-13 02:00:00,976.0,27.9
2021-06-13 03:00:00,914.0,27.4
2021-06-13 04:00:00,886.0,27.7
2021-06-13 05:00:00,872.0,27.5
2021-06-13 06:00:00,980.0,27.2
2021-06-13 07:00:00,1019.0,27.2
2021-06-13 08:00:00,1069.0,28.1
2021-06-13 09:00:00,1139.0,30.1
2021-06-13 10:00:00,1194.0,32.1
2021-06-13 11:00:00,1229.0,33.4
2021-06-13 12:00:00,1198.0,34.5
2021-06-13 13:00:00,1227.0,34.4
2021-06-13 14:00:00,1233.0,35.1
2021-06-13 15:00:00,1227.0,35.8
2021-06-13 16:00:00,1220.0,34.7
2021-06-13 17:00:00,1232.0,34.1
2021-06-13 18:00:00,1196.0,34.3
2021-06-13 19:00:00,1201.0,33.4
2021-06-13 20:00:00,1333.0,32.6
2021-06-13 21:00:00,1426.0,32.5
2021-06-13 22:00:00,1381.0,31.8
2021-06-13 23:00:00,1275.0,31.2
2021-06-14 00:00:00,1205.0,30.6
2021-06-14 01:00:00,1091.0,30.1
2021-06-14 02:00:00,1020.0,29.8
2021-06-14 03:00:00,975.0,29.2
2021-06-14 04:00:00,920.0,28.9
2021-06-14 05:00:00,888.0,28.5
2021-06-14 06:00:00,934.0,28.3
2021-06-14 07:00:00,953.0,28.4
2021-06-14 08:00:00,944.0,29.5
2021-06-14 09:00:00,943.0,30.1
2021-06-14 10:00:00,1006.0,32.0
2021-06-14 11:00:00,1051.0,33.3
2021-06-14 12:00:00,1032.0,34.4
2021-06-14 13:00:00,1076.0,35.0
2021-06-14 14:00:00,1103.0,35.1
2021-06-14 15:00:00,1098.0,35.4
2021-06-14 16:00:00,1109.0,35.7
2021-06-14 17:00:00,1126.0,35.2
2021-06-14 18:00:00,1092.0,34.3
2021-06-14 19:00:00,1119.0,33.2
2021-06-14 20:00:00,1302.0,32.4
2021-06-14 21:00:00,1446.0,32.1
2021-06-14 22:00:00,1390.0,31.7
2021-06-14 23:00:00,1300.0,31.0
2021-06-15 00:00:00,1200.0,30.9
2021-06-15 01:00:00,1116.0,30.4
2021-06-15 02:00:00,1054.0,30.1
2021-06-15 03:00:00,996.0,29.6
2021-06-15 04:00:00,955.0,29.9
2021-06-15 05:00:00,926.0,29.7
2021-06-15 06:00:00,991.0,29.7
2021-06-15 07:00:00,1033.0,29.5
2021-06-15 08:00:00,1142.0,29.9
2021-06-15 09:00:00,1230.0,31.1
2021-06-15 10:00:00,1290.0,33.1
2021-06-15 11:00:00,1382.0,33.4
2021-06-15 12:00:00,1319.0,34.9
2021-06-15 13:00:00,1388.0,35.4
2021-06-15 14:00:00,1370.0,35.9
2021-06-15 15:00:00,1387.0,35.5
2021-06-15 16:00:00,1359.0,35.5
2021-06-15 17:00:00,1400.0,34.4
2021-06-15 18:00:00,1318.0,34.2
2021-06-15 19:00:00,1349.0,33.7
2021-06-15 20:00:00,1498.0,32.9
2021-06-15 21:00:00,1649.0,32.5
2021-06-15 22:00:00,1577.0,31.9
2021-06-15 23:00:00,1522.0,31.6
2021-06-16 00:00:00,1395.0,31.3
2021-06-16 01:00:00,1298.0,30.9
2021-06-16 02:00:00,1235.0,30.4
2021-06-16 03:00:00,1149.0,30.0
2021-06-16 04:00:00,1104.0,29.6
2021-06-16 05:00:00,1052.0,29.3
2021-06-16 06:00:00,1104.0,29.2
2021-06-16 07:00:00,1119.0,29.6
2021-06-16 08:00:00,1195.0,31.4
2021-06-16 09:00:00,1274.0,32.2
2021-06-16 10:00:00,1368.0,32.6
2021-06-16 11:00:00,1443.0,32.3
2021-06-16 12:00:00,1368.0,32.1
2021-06-16 13:00:00,1414.0,34.6
2021-06-16 14:00:00,1434.0,35.5
2021-06-16 15:00:00,1400.0,36.2
2021-06-16 16:00:00,1381.0,36.2
2021-06-16 17:00:00,1445.0,36.1
2021-06-16 18:00:00,1394.0,35.7
2021-06-16 19:00:00,1435.0,34.4
2021-06-16 20:00:00,1613.0,33.4
2021-06-16 21:00:00,1714.0,33.2
2021-06-16 22:00:00,1655.0,33.0
2021-06-16 23:00:00,1573.0,32.5
2021-06-17 00:00:00,1459.0,32.1
2021-06-17 01:00:00,1374.0,31.8
2021-06-17 02:00:00,1297.0,31.4
2021-06-17 03:00:00,1238.0,31.1
2021-06-17 04:00:00,1155.0,30.8
2021-06-17 05:00:00,1111.0,30.6
2021-06-17 06:00:00,1157.0,30.2
2021-06-17 07:00:00,1201.0,30.4
2021-06-17 08:00:00,1234.0,30.7
2021-06-17 09:00:00,1352.0,31.7
2021-06-17 10:00:00,1432.0,31.0
2021-06-17 11:00:00,1426.0,30.4
2021-06-17 12:00:00,1413.0,33.0
2021-06-17 13:00:00,1440.0,33.2
2021-06-17 14:00:00,1414.0,33.9
2021-06-17 15:00:00,1411.0,33.9
2021-06-17 16:00:00,1352.0,32.3
2021-06-17 17:00:00,1309.0,27.4
2021-06-17 18:00:00,1195.0,26.6
2021-06-17 19:00:00,1180.0,25.6
2021-06-17 20:00:00,1230.0,25.0
2021-06-17 21:00:00,1173.0,24.9
2021-06-17 22:00:00,1091.0,24.6
2021-06-17 23:00:00,1049.0,24.4
2021-06-18 00:00:00,1007.0,24.0
2021-06-18 01:00:00,955.0,23.8
2021-06-18 02:00:00,915.0,23.4
2021-06-18 03:00:00,872.0,23.1
2021-06-18 04:00:00,853.0,23.0
2021-06-18 05:00:00,846.0,23.0
2021-06-18 06:00:00,919.0,22.3
2021-06-18 07:00:00,1004.0,22.8
2021-06-18 08:00:00,1051.0,23.1
2021-06-18 09:00:00,1081.0,23.3
2021-06-18 10:00:00,1112.0,23.7
2021-06-18 11:00:00,1124.0,24.0
2021-06-18 12:00:00,1029.0,24.9
2021-06-18 13:00:00,997.0,24.7
2021-06-18 14:00:00,992.0,24.9
2021-06-18 15:00:00,983.0,25.0
2021-06-18 16:00:00,1019.0,24.5
2021-06-18 17:00:00,1073.0,24.4
2021-06-18 18:00:00,1015.0,23.1
2021-06-18 19:00:00,992.0,22.0
2021-06-18 20:00:00,1015.0,22.3
2021-06-18 21:00:00,1004.0,22.6
2021-06-18 22:00:00,938.0,22.8
2021-06-18 23:00:00,907.0,22.7
2021-06-19 00:00:00,883.0,22.7
2021-06-19 01:00:00,829.0,22.7
2021-06-19 02:00:00,803.0,22.7
2021-06-19 03:00:00,792.0,22.6
2021-06-19 04:00:00,758.0,22.4
2021-06-19 05:00:00,785.0,22.4
2021-06-19 06:00:00,876.0,22.4
2021-06-19 07:00:00,943.0,22.5
2021-06-19 08:00:00,987.0,22.8
2021-06-19 09:00:00,1013.0,23.0
2021-06-19 10:00:00,1028.0,23.2
2021-06-19 11:00:00,1072.0,23.1
2021-06-19 12:00:00,970.0,22.5
2021-06-19 13:00:00,932.0,22.7
2021-06-19 14:00:00,928.0,22.7
2021-06-19 15:00:00,919.0,22.9
2021-06-19 16:00:00,937.0,22.7
2021-06-19 17:00:00,989.0,23.2
2021-06-19 18:00:00,962.0,23.0
2021-06-19 19:00:00,961.0,22.7
2021-06-19 20:00:00,977.0,22.5
2021-06-19 21:00:00,946.0,22.4
2021-06-19 22:00:00,860.0,22.2
2021-06-19 23:00:00,859.0,21.8
2021-06-20 00:00:00,832.0,21.0
2021-06-20 01:00:00,790.0,20.0
2021-06-20 02:00:00,762.0,19.9
2021-06-20 03:00:00,733.0,20.2
2021-06-20 04:00:00,729.0,20.0
2021-06-20 05:00:00,730.0,19.0
2021-06-20 06:00:00,826.0,18.9
2021-06-20 07:00:00,898.0,19.6
2021-06-20 08:00:00,954.0,20.4
2021-06-20 09:00:00,978.0,21.0
2021-06-20 10:00:00,985.0,22.2
2021-06-20 11:00:00,1016.0,23.1
2021-06-20 12:00:00,920.0,24.5
2021-06-20 13:00:00,864.0,26.1
2021-06-20 14:00:00,900.0,25.3
2021-06-20 15:00:00,911.0,25.1
2021-06-20 16:00:00,928.0,24.6
2021-06-20 17:00:00,992.0,24.5
2021-06-20 18:00:00,978.0,24.6
2021-06-20 19:00:00,952.0,24.4
2021-06-20 20:00:00,988.0,23.7
2021-06-20 21:00:00,972.0,23.2
2021-06-20 22:00:00,891.0,22.9
2021-06-20 23:00:00,871.0,22.8
2021-06-21 00:00:00,816.0,22.6
2021-06-21 01:00:00,768.0,21.7
2021-06-21 02:00:00,742.0,22.1
2021-06-21 03:00:00,715.0,21.9
2021-06-21 04:00:00,711.0,22.2
2021-06-21 05:00:00,737.0,21.8
2021-06-21 06:00:00,876.0,21.1
2021-06-21 07:00:00,963.0,22.3
2021-06-21 08:00:00,1002.0,23.9
2021-06-21 09:00:00,1060.0,24.4
2021-06-21 10:00:00,1056.0,26.9
2021-06-21 11:00:00,1099.0,27.6
2021-06-21 12:00:00,1005.0,28.6
2021-06-21 13:00:00,994.0,29.3
2021-06-21 14:00:00,1004.0,29.8
2021-06-21 15:00:00,1024.0,29.6
2021-06-21 16:00:00,1016.0,30.3
2021-06-21 17:00:00,1081.0,30.3
2021-06-21 18:00:00,1055.0,30.6
2021-06-21 19:00:00,1040.0,29.2
2021-06-21 20:00:00,1112.0,28.3
2021-06-21 21:00:00,1091.0,27.7
2021-06-21 22:00:00,991.0,27.0
2021-06-21 23:00:00,945.0,26.6
2021-06-22 00:00:00,894.0,25.7
2021-06-22 01:00:00,830.0,25.8
2021-06-22 02:00:00,807.0,25.9
2021-06-22 03:00:00,762.0,25.5
2021-06-22 04:00:00,777.0,25.1
2021-06-22 05:00:00,791.0,24.7
2021-06-22 06:00:00,909.0,24.4
2021-06-22 07:00:00,978.0,25.1
2021-06-22 08:00:00,1046.0,26.4
2021-06-22 09:00:00,1105.0,27.9
2021-06-22 10:00:00,1176.0,29.1
2021-06-22 11:00:00,1200.0,29.3
2021-06-22 12:00:00,1125.0,30.2
2021-06-22 13:00:00,1111.0,31.2
2021-06-22 14:00:00,1117.0,32.0
2021-06-22 15:00:00,1118.0,32.1
2021-06-22 16:00:00,1118.0,32.0
2021-06-22 17:00:00,1196.0,31.9
2021-06-22 18:00:00,1148.0,31.6
2021-06-22 19:00:00,1100.0,30.8
2021-06-22 20:00:00,1171.0,29.9
2021-06-22 21:00:00,1183.0,29.5
2021-06-22 22:00:00,1077.0,28.5
2021-06-22 23:00:00,1027.0,28.0
2021-06-23 00:00:00,962.0,27.7
2021-06-23 01:00:00,900.0,26.9
2021-06-23 02:00:00,867.0,26.0
2021-06-23 03:00:00,834.0,26.4
2021-06-23 04:00:00,808.0,26.1
2021-06-23 05:00:00,817.0,25.8
2021-06-23 06:00:00,952.0,25.7
2021-06-23 07:00:00,1001.0,25.7
2021-06-23 08:00:00,1083.0,26.9
2021-06-23 09:00:00,1172.0,27.8
2021-06-23 10:00:00,1215.0,29.3
2021-06-23 11:00:00,1247.0,30.4
2021-06-23 12:00:00,1192.0,30.3
2021-06-23 13:00:00,1179.0,30.9
2021-06-23 14:00:00,1177.0,31.3
2021-06-23 15:00:00,1197.0,32.4
2021-06-23 16:00:00,1187.0,32.6
2021-06-23 17:00:00,1236.0,32.7
2021-06-23 18:00:00,1174.0,32.0
2021-06-23 19:00:00,1161.0,31.3
2021-06-23 20:00:00,1245.0,30.5
2021-06-23 21:00:00,1256.0,29.5
2021-06-23 22:00:00,1164.0,28.1
2021-06-23 23:00:00,1108.0,27.5
2021-06-24 00:00:00,1018.0,27.1
2021-06-24 01:00:00,973.0,26.7
2021-06-24 02:00:00,908.0,26.5
2021-06-24 03:00:00,897.0,26.1
2021-06-24 04:00:00,870.0,25.5
2021-06-24 05:00:00,847.0,25.1
2021-06-24 06:00:00,988.0,24.9
2021-06-24 07:00:00,1032.0,26.3
2021-06-24 08:00:00,1089.0,28.2
2021-06-24 09:00:00,1179.0,30.1
2021-06-24 10:00:00,1236.0,30.9
2021-06-24 11:00:00,1293.0,31.5
2021-06-24 12:00:00,1249.0,32.6
2021-06-24 13:00:00,1264.0,32.4
2021-06-24 14:00:00,1264.0,32.5
2021-06-24 15:00:00,1254.0,33.0
2021-06-24 16:00:00,1264.0,33.4
2021-06-24 17:00:00,1302.0,33.3
2021-06-24 18:00:00,1243.0,32.9
2021-06-24 19:00:00,1211.0,32.3
2021-06-24 20:00:00,1333.0,31.5
2021-06-24 21:00:00,1400.0,30.8
2021-06-24 22:00:00,1318.0,29.0
2021-06-24 23:00:00,1249.0,28.6
2021-06-25 00:00:00,1143.0,28.2
2021-06-25 01:00:00,1098.0,28.7
2021-06-25 02:00:00,1028.0,28.0
2021-06-25 03:00:00,984.0,27.3
2021-06-25 04:00:00,953.0,27.1
2021-06-25 05:00:00,959.0,27.2
2021-06-25 06:00:00,1059.0,27.0
2021-06-25 07:00:00,1115.0,27.7
2021-06-25 08:00:00,1168.0,28.6
2021-06-25 09:00:00,1276.0,29.8
2021-06-25 10:00:00,1310.0,31.1
2021-06-25 11:00:00,1403.0,32.1
2021-06-25 12:00:00,1330.0,33.3
2021-06-25 13:00:00,1382.0,33.9
2021-06-25 14:00:00,1373.0,34.2
2021-06-25 15:00:00,1393.0,33.9
2021-06-25 16:00:00,1351.0,33.9
2021-06-25 17:00:00,1367.0,33.6
2021-06-25 18:00:00,1317.0,33.3
2021-06-25 19:00:00,1301.0,32.9
2021-06-25 20:00:00,1444.0,32.0
2021-06-25 21:00:00,1539.0,30.9
2021-06-25 22:00:00,1505.0,30.9
2021-06-25 23:00:00,1434.0,30.2
2021-06-26 00:00:00,1352.0,30.1
2021-06-26 01:00:00,1242.0,29.8
2021-06-26 02:00:00,1178.0,29.3
2021-06-26 03:00:00,1122.0,29.3
2021-06-26 04:00:00,1064.0,28.9
2021-06-26 05:00:00,1041.0,28.3
2021-06-26 06:00:00,1101.0,28.2
2021-06-26 07:00:00,1143.0,29.0
2021-06-26 08:00:00,1226.0,30.2
2021-06-26 09:00:00,1319.0,31.8
2021-06-26 10:00:00,1403.0,32.5
2021-06-26 11:00:00,1484.0,33.5
2021-06-26 12:00:00,1465.0,34.4
2021-06-26 13:00:00,1436.0,28.6
2021-06-26 14:00:00,1351.0,27.4
2021-06-26 15:00:00,1336.0,28.5
2021-06-26 16:00:00,1336.0,30.9
2021-06-26 17:00:00,1379.0,32.3
2021-06-26 18:00:00,1304.0,30.6
2021-06-26 19:00:00,1306.0,29.7
2021-06-26 20:00:00,1478.0,29.8
2021-06-26 21:00:00,1555.0,30.5
2021-06-26 22:00:00,1481.0,30.8
2021-06-26 23:00:00,1440.0,31.0
2021-06-27 00:00:00,1366.0,30.4
2021-06-27 01:00:00,1286.0,30.5
2021-06-27 02:00:00,1227.0,30.9
2021-06-27 03:00:00,1153.0,30.3
2021-06-27 04:00:00,1090.0,29.4
2021-06-27 05:00:00,1065.0,29.2
2021-06-27 06:00:00,1110.0,28.4
2021-06-27 07:00:00,1136.0,28.4
2021-06-27 08:00:00,1188.0,29.0
2021-06-27 09:00:00,1234.0,30.0
2021-06-27 10:00:00,1304.0,31.3
2021-06-27 11:00:00,1398.0,31.6
2021-06-27 12:00:00,1344.0,33.2
2021-06-27 13:00:00,1408.0,34.2
2021-06-27 14:00:00,1439.0,35.7
2021-06-27 15:00:00,1442.0,35.2
2021-06-27 16:00:00,1414.0,35.4
2021-06-27 17:00:00,1449.0,34.4
2021-06-27 18:00:00,1332.0,31.5
2021-06-27 19:00:00,1318.0,29.6
2021-06-27 20:00:00,1470.0,29.2
2021-06-27 21:00:00,1500.0,28.3
2021-06-27 22:00:00,1407.0,28.3
2021-06-27 23:00:00,1362.0,28.1
2021-06-28 00:00:00,1274.0,28.2
2021-06-28 01:00:00,1163.0,28.2
2021-06-28 02:00:00,1085.0,28.1
2021-06-28 03:00:00,1023.0,26.6
2021-06-28 04:00:00,957.0,26.4
2021-06-28 05:00:00,949.0,26.5
2021-06-28 06:00:00,994.0,26.7
2021-06-28 07:00:00,1062.0,26.8
2021-06-28 08:00:00,1122.0,27.3
2021-06-28 09:00:00,1204.0,27.3
2021-06-28 10:00:00,1226.0,27.7
2021-06-28 11:00:00,1290.0,27.8
2021-06-28 12:00:00,1210.0,27.6
2021-06-28 13:00:00,1214.0,28.2
2021-06-28 14:00:00,1201.0,29.2
2021-06-28 15:00:00,1186.0,30.8
2021-06-28 16:00:00,1208.0,30.7
2021-06-28 17:00:00,1238.0,29.7
2021-06-28 18:00:00,1192.0,28.1
2021-06-28 19:00:00,1180.0,28.2
2021-06-28 20:00:00,1297.0,27.8
2021-06-28 21:00:00,1309.0,27.6
2021-06-28 22:00:00,1209.0,27.3
2021-06-28 23:00:00,1187.0,27.1
2021-06-29 00:00:00,1116.0,27.0
2021-06-29 01:00:00,1065.0,27.1
2021-06-29 02:00:00,1007.0,27.2
2021-06-29 03:00:00,975.0,27.2
2021-06-29 04:00:00,961.0,27.2
2021-06-29 05:00:00,965.0,26.9
2021-06-29 06:00:00,1060.0,26.8
2021-06-29 07:00:00,1084.0,27.3
2021-06-29 08:00:00,1170.0,27.9
2021-06-29 09:00:00,1247.0,28.4
2021-06-29 10:00:00,1301.0,29.3
2021-06-29 11:00:00,1334.0,30.0
2021-06-29 12:00:00,1256.0,28.2
2021-06-29 13:00:00,1216.0,26.8
2021-06-29 14:00:00,1190.0,27.3
2021-06-29 15:00:00,1167.0,27.4
2021-06-29 16:00:00,1163.0,27.6
2021-06-29 17:00:00,1196.0,27.7
2021-06-29 18:00:00,1163.0,28.0
2021-06-29 19:00:00,1155.0,27.8
2021-06-29 20:00:00,1262.0,27.4
2021-06-29 21:00:00,1250.0,27.1
2021-06-29 22:00:00,1151.0,26.6
2021-06-29 23:00:00,1090.0,26.4
2021-06-30 00:00:00,1041.0,26.4
2021-06-30 01:00:00,976.0,26.3
2021-06-30 02:00:00,942.0,26.3
2021-06-30 03:00:00,917.0,26.4
2021-06-30 04:00:00,892.0,26.5
2021-06-30 05:00:00,891.0,26.3
2021-06-30 06:00:00,969.0,26.3
2021-06-30 07:00:00,1023.0,26.5
2021-06-30 08:00:00,1066.0,26.8
2021-06-30 09:00:00,1111.0,26.8
2021-06-30 10:00:00,1145.0,27.1
2021-06-30 11:00:00,1188.0,28.4
2021-06-30 12:00:00,1118.0,29.2
2021-06-30 13:00:00,1126.0,27.7
2021-06-30 14:00:00,1080.0,25.1
2021-06-30 15:00:00,1069.0,25.5
2021-06-30 16:00:00,1064.0,25.6
2021-06-30 17:00:00,1108.0,25.8
2021-06-30 18:00:00,1055.0,25.9
2021-06-30 19:00:00,1075.0,25.9
2021-06-30 20:00:00,1131.0,25.9
2021-06-30 21:00:00,1114.0,25.9
2021-06-30 22:00:00,1006.0,25.8
2021-06-30 23:00:00,975.0,25.8
2021-07-01 00:00:00,913.0,25.7
2021-07-01 01:00:00,888.0,25.8
2021-07-01 02:00:00,849.0,25.8
2021-07-01 03:00:00,808.0,25.9
2021-07-01 04:00:00,778.0,25.9
2021-07-01 05:00:00,790.0,26.0
2021-07-01 06:00:00,883.0,25.9
2021-07-01 07:00:00,933.0,26.1
2021-07-01 08:00:00,1034.0,26.4
2021-07-01 09:00:00,1093.0,27.2
2021-07-01 10:00:00,1107.0,27.4
2021-07-01 11:00:00,1153.0,27.6
2021-07-01 12:00:00,1055.0,27.9
2021-07-01 13:00:00,1042.0,28.1
2021-07-01 14:00:00,1022.0,27.6
2021-07-01 15:00:00,1033.0,27.6
2021-07-01 16:00:00,1036.0,28.0
2021-07-01 17:00:00,1097.0,29.3
2021-07-01 18:00:00,1084.0,28.9
2021-07-01 19:00:00,1063.0,28.4
2021-07-01 20:00:00,1161.0,27.7
2021-07-01 21:00:00,1158.0,27.3
2021-07-01 22:00:00,1066.0,27.1
2021-07-01 23:00:00,1019.0,27.2
2021-07-02 00:00:00,975.0,27.0
2021-07-02 01:00:00,928.0,26.7
2021-07-02 02:00:00,892.0,26.2
2021-07-02 03:00:00,846.0,26.1
2021-07-02 04:00:00,845.0,26.0
2021-07-02 05:00:00,839.0,26.0
2021-07-02 06:00:00,939.0,26.0
2021-07-02 07:00:00,1020.0,26.7
2021-07-02 08:00:00,1086.0,28.0
2021-07-02 09:00:00,1136.0,28.1
2021-07-02 10:00:00,1132.0,27.1
2021-07-02 11:00:00,1167.0,27.1
2021-07-02 12:00:00,1086.0,28.6
2021-07-02 13:00:00,1060.0,27.4
2021-07-02 14:00:00,1029.0,26.4
2021-07-02 15:00:00,1037.0,27.7
2021-07-02 16:00:00,1051.0,28.0
2021-07-02 17:00:00,1127.0,28.1
2021-07-02 18:00:00,1071.0,28.1
2021-07-02 19:00:00,1078.0,27.9
2021-07-02 20:00:00,1170.0,26.9
2021-07-02 21:00:00,1120.0,26.5
2021-07-02 22:00:00,1017.0,26.3
2021-07-02 23:00:00,999.0,26.3
2021-07-03 00:00:00,934.0,26.3
2021-07-03 01:00:00,907.0,25.9
2021-07-03 02:00:00,857.0,25.4
2021-07-03 03:00:00,826.0,25.1
2021-07-03 04:00:00,807.0,24.9
2021-07-03 05:00:00,795.0,24.8
2021-07-03 06:00:00,890.0,24.9
2021-07-03 07:00:00,958.0,25.0
2021-07-03 08:00:00,1017.0,25.0
2021-07-03 09:00:00,1060.0,25.1
2021-07-03 10:00:00,1071.0,25.0
2021-07-03 11:00:00,1102.0,25.1
2021-07-03 12:00:00,1024.0,25.0
2021-07-03 13:00:00,987.0,25.0
2021-07-03 14:00:00,979.0,25.1
2021-07-03 15:00:00,977.0,25.0
2021-07-03 16:00:00,986.0,25.1
2021-07-03 17:00:00,1058.0,25.1
2021-07-03 18:00:00,1021.0,25.0
2021-07-03 19:00:00,1020.0,25.1
2021-07-03 20:00:00,1070.0,25.1
2021-07-03 21:00:00,1046.0,25.1
2021-07-03 22:00:00,953.0,25.1
2021-07-03 23:00:00,921.0,24.9
2021-07-04 00:00:00,899.0,25.0
2021-07-04 01:00:00,859.0,24.9
2021-07-04 02:00:00,810.0,24.7
2021-07-04 03:00:00,790.0,24.6
2021-07-04 04:00:00,784.0,24.4
2021-07-04 05:00:00,795.0,24.4
2021-07-04 06:00:00,874.0,24.1
2021-07-04 07:00:00,951.0,24.2
2021-07-04 08:00:00,992.0,24.1
2021-07-04 09:00:00,1020.0,24.6
2021-07-04 10:00:00,1008.0,25.5
2021-07-04 11:00:00,1074.0,26.5
2021-07-04 12:00:00,997.0,26.9
2021-07-04 13:00:00,1000.0,27.0
2021-07-04 14:00:00,967.0,27.3
2021-07-04 15:00:00,955.0,28.5
2021-07-04 16:00:00,971.0,28.9
2021-07-04 17:00:00,1051.0,29.7
2021-07-04 18:00:00,1054.0,30.2
2021-07-04 19:00:00,1029.0,28.8
2021-07-04 20:00:00,1116.0,28.4
2021-07-04 21:00:00,1088.0,27.7
2021-07-04 22:00:00,1003.0,26.8
2021-07-04 23:00:00,933.0,26.4
2021-07-05 00:00:00,878.0,26.2
2021-07-05 01:00:00,827.0,26.0
2021-07-05 02:00:00,814.0,25.9
2021-07-05 03:00:00,764.0,26.0
2021-07-05 04:00:00,781.0,25.9
2021-07-05 05:00:00,766.0,26.0
2021-07-05 06:00:00,890.0,26.0
2021-07-05 07:00:00,950.0,26.5
2021-07-05 08:00:00,1044.0,27.4
2021-07-05 09:00:00,1138.0,28.1
2021-07-05 10:00:00,1189.0,29.7
2021-07-05 11:00:00,1266.0,30.3
2021-07-05 12:00:00,1188.0,31.4
2021-07-05 13:00:00,1227.0,33.0
2021-07-05 14:00:00,1221.0,34.5
2021-07-05 15:00:00,1197.0,28.9
2021-07-05 16:00:00,1177.0,29.9
2021-07-05 17:00:00,1226.0,32.3
2021-07-05 18:00:00,1172.0,32.3
2021-07-05 19:00:00,1158.0,29.3
2021-07-05 20:00:00,1256.0,28.6
2021-07-05 21:00:00,1261.0,28.2
2021-07-05 22:00:00,1163.0,28.1
2021-07-05 23:00:00,1131.0,28.1
2021-07-06 00:00:00,1066.0,28.1
2021-07-06 01:00:00,987.0,27.8
2021-07-06 02:00:00,945.0,27.7
2021-07-06 03:00:00,901.0,27.6
2021-07-06 04:00:00,873.0,26.9
2021-07-06 05:00:00,870.0,27.0
2021-07-06 06:00:00,958.0,27.3
2021-07-06 07:00:00,999.0,27.5
2021-07-06 08:00:00,1063.0,27.8
2021-07-06 09:00:00,1165.0,29.0
2021-07-06 10:00:00,1219.0,30.2
2021-07-06 11:00:00,1291.0,31.4
2021-07-06 12:00:00,1265.0,32.9
2021-07-06 13:00:00,1294.0,35.0
2021-07-06 14:00:00,1300.0,35.3
2021-07-06 15:00:00,1314.0,36.1
2021-07-06 16:00:00,1317.0,34.7
2021-07-06 17:00:00,1348.0,35.4
2021-07-06 18:00:00,1308.0,34.6
2021-07-06 19:00:00,1335.0,33.7
2021-07-06 20:00:00,1493.0,32.8
2021-07-06 21:00:00,1556.0,31.8
2021-07-06 22:00:00,1446.0,31.6
2021-07-06 23:00:00,1361.0,30.3
2021-07-07 00:00:00,1257.0,29.3
2021-07-07 01:00:00,1158.0,28.7
2021-07-07 02:00:00,1093.0,28.2
2021-07-07 03:00:00,1032.0,28.5
2021-07-07 04:00:00,994.0,28.0
2021-07-07 05:00:00,969.0,28.1
2021-07-07 06:00:00,1042.0,27.9
2021-07-07 07:00:00,1091.0,28.1
2021-07-07 08:00:00,1179.0,29.1
2021-07-07 09:00:00,1288.0,31.2
2021-07-07 10:00:00,1372.0,32.7
2021-07-07 11:00:00,1467.0,33.5
2021-07-07 12:00:00,1443.0,34.9
2021-07-07 13:00:00,1513.0,36.1
2021-07-07 14:00:00,1506.0,35.9
2021-07-07 15:00:00,1466.0,35.8
2021-07-07 16:00:00,1345.0,29.5
2021-07-07 17:00:00,1329.0,29.7
2021-07-07 18:00:00,1242.0,29.0
2021-07-07 19:00:00,1226.0,29.5
2021-07-07 20:00:00,1420.0,29.3
2021-07-07 21:00:00,1478.0,28.6
2021-07-07 22:00:00,1383.0,28.4
2021-07-07 23:00:00,1324.0,28.1
2021-07-08 00:00:00,1248.0,29.0
2021-07-08 01:00:00,1167.0,28.3
2021-07-08 02:00:00,1114.0,28.0
2021-07-08 03:00:00,1061.0,27.9
2021-07-08 04:00:00,1023.0,28.3
2021-07-08 05:00:00,1018.0,28.7
2021-07-08 06:00:00,1064.0,28.8
2021-07-08 07:00:00,1111.0,29.6
2021-07-08 08:00:00,1210.0,30.3
2021-07-08 09:00:00,1342.0,32.2
2021-07-08 10:00:00,1392.0,33.0
2021-07-08 11:00:00,1483.0,33.9
2021-07-08 12:00:00,1440.0,34.5
2021-07-08 13:00:00,1467.0,34.1
2021-07-08 14:00:00,1457.0,35.6
2021-07-08 15:00:00,1365.0,29.6
2021-07-08 16:00:00,1257.0,27.1
2021-07-08 17:00:00,1279.0,27.2
2021-07-08 18:00:00,1220.0,28.1
2021-07-08 19:00:00,1210.0,27.5
2021-07-08 20:00:00,1323.0,27.8
2021-07-08 21:00:00,1356.0,27.8
2021-07-08 22:00:00,1281.0,27.5
2021-07-08 23:00:00,1266.0,27.3
2021-07-09 00:00:00,1174.0,27.8
2021-07-09 01:00:00,1116.0,28.7
2021-07-09 02:00:00,1047.0,28.3
2021-07-09 03:00:00,1008.0,27.9
2021-07-09 04:00:00,983.0,27.4
2021-07-09 05:00:00,963.0,27.5
2021-07-09 06:00:00,1048.0,27.4
2021-07-09 07:00:00,1114.0,28.3
2021-07-09 08:00:00,1195.0,29.9
2021-07-09 09:00:00,1300.0,30.4
2021-07-09 10:00:00,1371.0,31.6
2021-07-09 11:00:00,1430.0,32.7
2021-07-09 12:00:00,1383.0,33.0
2021-07-09 13:00:00,1407.0,33.6
2021-07-09 14:00:00,1387.0,33.4
2021-07-09 15:00:00,1379.0,33.5
2021-07-09 16:00:00,1367.0,33.6
2021-07-09 17:00:00,1398.0,33.1
2021-07-09 18:00:00,1334.0,33.0
2021-07-09 19:00:00,1325.0,32.5
2021-07-09 20:00:00,1487.0,31.9
2021-07-09 21:00:00,1550.0,31.2
2021-07-09 22:00:00,1468.0,31.3
2021-07-09 23:00:00,1411.0,31.3
2021-07-10 00:00:00,1315.0,30.9
2021-07-10 01:00:00,1238.0,30.6
2021-07-10 02:00:00,1157.0,29.7
2021-07-10 03:00:00,1121.0,29.7
2021-07-10 04:00:00,1068.0,29.9
2021-07-10 05:00:00,1038.0,29.7
2021-07-10 06:00:00,1086.0,29.1
2021-07-10 07:00:00,1124.0,30.0
2021-07-10 08:00:00,1199.0,31.5
2021-07-10 09:00:00,1282.0,32.4
2021-07-10 10:00:00,1316.0,33.8
2021-07-10 11:00:00,1407.0,34.1
2021-07-10 12:00:00,1372.0,34.6
2021-07-10 13:00:00,1426.0,34.6
2021-07-10 14:00:00,1447.0,35.3
2021-07-10 15:00:00,1407.0,35.0
2021-07-10 16:00:00,1404.0,35.0
2021-07-10 17:00:00,1415.0,35.1
2021-07-10 18:00:00,1346.0,34.3
2021-07-10 19:00:00,1342.0,33.7
2021-07-10 20:00:00,1535.0,32.7
2021-07-10 21:00:00,1638.0,32.1
2021-07-10 22:00:00,1575.0,32.0
2021-07-10 23:00:00,1507.0,31.9
2021-07-11 00:00:00,1402.0,31.6
2021-07-11 01:00:00,1315.0,31.1
2021-07-11 02:00:00,1233.0,30.9
2021-07-11 03:00:00,1175.0,30.5
2021-07-11 04:00:00,1115.0,30.0
2021-07-11 05:00:00,1089.0,29.8
2021-07-11 06:00:00,1111.0,29.4
2021-07-11 07:00:00,1142.0,29.9
2021-07-11 08:00:00,1173.0,31.3
2021-07-11 09:00:00,1266.0,31.8
2021-07-11 10:00:00,1315.0,33.1
2021-07-11 11:00:00,1394.0,32.8
2021-07-11 12:00:00,1353.0,34.1
2021-07-11 13:00:00,1413.0,34.5
2021-07-11 14:00:00,1431.0,35.5
2021-07-11 15:00:00,1418.0,35.6
2021-07-11 16:00:00,1407.0,35.9
2021-07-11 17:00:00,1440.0,35.9
2021-07-11 18:00:00,1375.0,35.7
2021-07-11 19:00:00,1364.0,34.5
2021-07-11 20:00:00,1530.0,33.5
2021-07-11 21:00:00,1691.0,32.9
2021-07-11 22:00:00,1651.0,32.4
2021-07-11 23:00:00,1587.0,32.2
2021-07-12 00:00:00,1484.0,32.1
2021-07-12 01:00:00,1382.0,31.7
2021-07-12 02:00:00,1304.0,31.4
2021-07-12 03:00:00,1217.0,30.7
2021-07-12 04:00:00,1157.0,30.7
2021-07-12 05:00:00,1124.0,30.6
2021-07-12 06:00:00,1135.0,30.2
2021-07-12 07:00:00,1190.0,30.3
2021-07-12 08:00:00,1269.0,31.5
2021-07-12 09:00:00,1369.0,32.2
2021-07-12 10:00:00,1433.0,32.3
2021-07-12 11:00:00,1508.0,34.2
2021-07-12 12:00:00,1470.0,34.1
2021-07-12 13:00:00,1567.0,35.4
2021-07-12 14:00:00,1587.0,36.0
2021-07-12 15:00:00,1578.0,36.5
2021-07-12 16:00:00,1579.0,36.7
2021-07-12 17:00:00,1601.0,36.6
2021-07-12 18:00:00,1494.0,35.7
2021-07-12 19:00:00,1433.0,34.9
2021-07-12 20:00:00,1637.0,34.0
2021-07-12 21:00:00,1811.0,33.5
2021-07-12 22:00:00,1773.0,33.7
2021-07-12 23:00:00,1693.0,33.4
2021-07-13 00:00:00,1567.0,32.7
2021-07-13 01:00:00,1471.0,32.3
2021-07-13 02:00:00,1360.0,32.0
2021-07-13 03:00:00,1286.0,31.6
2021-07-13 04:00:00,1241.0,31.2
2021-07-13 05:00:00,1202.0,30.7
2021-07-13 06:00:00,1175.0,30.4
2021-07-13 07:00:00,1208.0,30.7
2021-07-13 08:00:00,1280.0,31.1
2021-07-13 09:00:00,1342.0,30.6
2021-07-13 10:00:00,1371.0,32.1
2021-07-13 11:00:00,1467.0,32.9
2021-07-13 12:00:00,1409.0,34.4
2021-07-13 13:00:00,1519.0,34.7
2021-07-13 14:00:00,1528.0,35.8
2021-07-13 15:00:00,1564.0,35.4
2021-07-13 16:00:00,1540.0,35.4
2021-07-13 17:00:00,1564.0,35.6
2021-07-13 18:00:00,1467.0,34.9
2021-07-13 19:00:00,1447.0,34.0
2021-07-13 20:00:00,1659.0,33.8
2021-07-13 21:00:00,1815.0,33.6
2021-07-13 22:00:00,1738.0,33.5
2021-07-13 23:00:00,1638.0,33.1
2021-07-14 00:00:00,1588.0,32.9
2021-07-14 01:00:00,1457.0,32.4
2021-07-14 02:00:00,1379.0,31.8
2021-07-14 03:00:00,1303.0,31.5
2021-07-14 04:00:00,1248.0,31.3
2021-07-14 05:00:00,1182.0,30.7
2021-07-14 06:00:00,1199.0,30.0
2021-07-14 07:00:00,1220.0,30.8
2021-07-14 08:00:00,1272.0,31.0
2021-07-14 09:00:00,1371.0,32.7
2021-07-14 10:00:00,1452.0,33.8
2021-07-14 11:00:00,1536.0,34.6
2021-07-14 12:00:00,1540.0,35.1
2021-07-14 13:00:00,1621.0,36.2
2021-07-14 14:00:00,1625.0,36.4
2021-07-14 15:00:00,1631.0,36.8
2021-07-14 16:00:00,1629.0,36.8
2021-07-14 17:00:00,1614.0,36.8
2021-07-14 18:00:00,1552.0,36.3
2021-07-14 19:00:00,1513.0,35.3
2021-07-14 20:00:00,1768.0,34.3
2021-07-14 21:00:00,1895.0,33.4
2021-07-14 22:00:00,1845.0,32.5
2021-07-14 23:00:00,1755.0,32.4
2021-07-15 00:00:00,1626.0,32.5
2021-07-15 01:00:00,1513.0,32.7
2021-07-15 02:00:00,1429.0,31.7
2021-07-15 03:00:00,1351.0,31.4
2021-07-15 04:00:00,1265.0,30.6
2021-07-15 05:00:00,1205.0,30.3
2021-07-15 06:00:00,1194.0,30.3
2021-07-15 07:00:00,1226.0,30.9
2021-07-15 08:00:00,1284.0,31.3
2021-07-15 09:00:00,1432.0,31.6
2021-07-15 10:00:00,1461.0,33.0
2021-07-15 11:00:00,1574.0,34.8
2021-07-15 12:00:00,1556.0,35.6
2021-07-15 13:00:00,1634.0,35.6
2021-07-15 14:00:00,1634.0,36.7
2021-07-15 15:00:00,1610.0,36.9
2021-07-15 16:00:00,1579.0,36.6
2021-07-15 17:00:00,1577.0,36.1
2021-07-15 18:00:00,1476.0,35.7
2021-07-15 19:00:00,1483.0,34.9
2021-07-15 20:00:00,1698.0,34.2
2021-07-15 21:00:00,1844.0,33.7
2021-07-15 22:00:00,1789.0,33.6
2021-07-15 23:00:00,1703.0,33.1
2021-07-16 00:00:00,1578.0,33.1
2021-07-16 01:00:00,1515.0,31.5
2021-07-16 02:00:00,1400.0,31.2
2021-07-16 03:00:00,1355.0,31.5
2021-07-16 04:00:00,1263.0,30.7
2021-07-16 05:00:00,1209.0,30.1
2021-07-16 06:00:00,1199.0,30.1
2021-07-16 07:00:00,1233.0,30.4
2021-07-16 08:00:00,1330.0,31.9
2021-07-16 09:00:00,1472.0,34.3
2021-07-16 10:00:00,1533.0,35.5
2021-07-16 11:00:00,1644.0,36.8
2021-07-16 12:00:00,1640.0,36.4
2021-07-16 13:00:00,1676.0,36.9
2021-07-16 14:00:00,1637.0,36.6
2021-07-16 15:00:00,1613.0,36.5
2021-07-16 16:00:00,1580.0,36.4
2021-07-16 17:00:00,1573.0,36.7
2021-07-16 18:00:00,1495.0,36.0
2021-07-16 19:00:00,1498.0,34.8
2021-07-16 20:00:00,1762.0,34.3
2021-07-16 21:00:00,1859.0,33.9
2021-07-16 22:00:00,1783.0,33.5
2021-07-16 23:00:00,1693.0,33.0
2021-07-17 00:00:00,1640.0,32.5
2021-07-17 01:00:00,1558.0,32.3
2021-07-17 02:00:00,1476.0,32.0
2021-07-17 03:00:00,1389.0,31.6
2021-07-17 04:00:00,1330.0,31.1
2021-07-17 05:00:00,1243.0,30.8
2021-07-17 06:00:00,1231.0,30.2
2021-07-17 07:00:00,1245.0,29.6
2021-07-17 08:00:00,1242.0,28.1
2021-07-17 09:00:00,1286.0,28.3
2021-07-17 10:00:00,1306.0,29.5
2021-07-17 11:00:00,1395.0,29.3
2021-07-17 12:00:00,1341.0,29.5
2021-07-17 13:00:00,1348.0,29.7
2021-07-17 14:00:00,1382.0,30.1
2021-07-17 15:00:00,1350.0,30.1
2021-07-17 16:00:00,1342.0,29.9
2021-07-17 17:00:00,1363.0,29.9
2021-07-17 18:00:00,1309.0,29.8
2021-07-17 19:00:00,1291.0,28.9
2021-07-17 20:00:00,1461.0,28.5
2021-07-17 21:00:00,1569.0,28.8
2021-07-17 22:00:00,1506.0,28.6
2021-07-17 23:00:00,1443.0,28.6
2021-07-18 00:00:00,1372.0,28.3
2021-07-18 01:00:00,1293.0,28.0
2021-07-18 02:00:00,1210.0,27.9
2021-07-18 03:00:00,1149.0,27.8
2021-07-18 04:00:00,1097.0,27.5
2021-07-18 05:00:00,1065.0,27.4
2021-07-18 06:00:00,1134.0,27.2
2021-07-18 07:00:00,1159.0,27.6
2021-07-18 08:00:00,1193.0,29.5
2021-07-18 09:00:00,1295.0,30.0
2021-07-18 10:00:00,1309.0,29.9
2021-07-18 11:00:00,1343.0,28.9
2021-07-18 12:00:00,1281.0,29.8
2021-07-18 13:00:00,1317.0,30.6
2021-07-18 14:00:00,1336.0,28.8
2021-07-18 15:00:00,1275.0,29.9
2021-07-18 16:00:00,1296.0,31.5
2021-07-18 17:00:00,1346.0,31.8
2021-07-18 18:00:00,1282.0,30.6
2021-07-18 19:00:00,1278.0,29.5
2021-07-18 20:00:00,1404.0,28.5
2021-07-18 21:00:00,1462.0,27.8
2021-07-18 22:00:00,1381.0,27.5
2021-07-18 23:00:00,1309.0,27.0
2021-07-19 00:00:00,1230.0,26.5
2021-07-19 01:00:00,1161.0,26.3
2021-07-19 02:00:00,1103.0,26.0
2021-07-19 03:00:00,1037.0,26.0
2021-07-19 04:00:00,1026.0,25.8
2021-07-19 05:00:00,998.0,25.8
2021-07-19 06:00:00,1042.0,26.0
2021-07-19 07:00:00,1117.0,26.3
2021-07-19 08:00:00,1189.0,27.4
2021-07-19 09:00:00,1300.0,29.2
2021-07-19 10:00:00,1369.0,30.6
2021-07-19 11:00:00,1413.0,31.5
2021-07-19 12:00:00,1371.0,31.4
2021-07-19 13:00:00,1420.0,31.7
2021-07-19 14:00:00,1404.0,31.8
2021-07-19 15:00:00,1323.0,32.2
2021-07-19 16:00:00,1292.0,27.7
2021-07-19 17:00:00,1306.0,28.1
2021-07-19 18:00:00,1219.0,28.0
2021-07-19 19:00:00,1180.0,27.8
2021-07-19 20:00:00,1322.0,27.4
2021-07-19 21:00:00,1353.0,27.3
2021-07-19 22:00:00,1266.0,27.1
2021-07-19 23:00:00,1227.0,27.0
2021-07-20 00:00:00,1153.0,26.8
2021-07-20 01:00:00,1076.0,26.5
2021-07-20 02:00:00,1039.0,26.6
2021-07-20 03:00:00,995.0,26.3
2021-07-20 04:00:00,972.0,26.1
2021-07-20 05:00:00,947.0,26.1
2021-07-20 06:00:00,1021.0,25.9
2021-07-20 07:00:00,1121.0,27.0
2021-07-20 08:00:00,1186.0,28.5
2021-07-20 09:00:00,1268.0,29.7
2021-07-20 10:00:00,1331.0,30.3
2021-07-20 11:00:00,1427.0,31.8
2021-07-20 12:00:00,1401.0,32.5
2021-07-20 13:00:00,1446.0,32.9
2021-07-20 14:00:00,1471.0,33.8
2021-07-20 15:00:00,1423.0,34.2
2021-07-20 16:00:00,1417.0,33.8
2021-07-20 17:00:00,1380.0,30.7
2021-07-20 18:00:00,1260.0,28.8
2021-07-20 19:00:00,1177.0,27.6
2021-07-20 20:00:00,1356.0,27.7
2021-07-20 21:00:00,1357.0,27.5
2021-07-20 22:00:00,1262.0,27.1
2021-07-20 23:00:00,1238.0,26.7
2021-07-21 00:00:00,1172.0,26.4
2021-07-21 01:00:00,1094.0,26.6
2021-07-21 02:00:00,1040.0,27.1
2021-07-21 03:00:00,1005.0,27.0
2021-07-21 04:00:00,978.0,26.6
2021-07-21 05:00:00,961.0,26.2
2021-07-21 06:00:00,1033.0,26.2
2021-07-21 07:00:00,1124.0,26.7
2021-07-21 08:00:00,1193.0,29.3
2021-07-21 09:00:00,1296.0,30.8
2021-07-21 10:00:00,1365.0,31.5
2021-07-21 11:00:00,1465.0,32.0
2021-07-21 12:00:00,1433.0,32.6
2021-07-21 13:00:00,1470.0,33.7
2021-07-21 14:00:00,1460.0,33.5
2021-07-21 15:00:00,1417.0,31.6
2021-07-21 16:00:00,1396.0,34.5
2021-07-21 17:00:00,1433.0,34.9
2021-07-21 18:00:00,1347.0,33.1
2021-07-21 19:00:00,1312.0,31.7
2021-07-21 20:00:00,1512.0,31.0
2021-07-21 21:00:00,1576.0,30.6
2021-07-21 22:00:00,1490.0,30.2
2021-07-21 23:00:00,1434.0,29.7
2021-07-22 00:00:00,1347.0,29.7
2021-07-22 01:00:00,1255.0,29.1
2021-07-22 02:00:00,1188.0,28.1
2021-07-22 03:00:00,1113.0,27.8
2021-07-22 04:00:00,1080.0,28.0
2021-07-22 05:00:00,1043.0,27.9
2021-07-22 06:00:00,1091.0,27.8
2021-07-22 07:00:00,1153.0,28.7
2021-07-22 08:00:00,1234.0,29.4
2021-07-22 09:00:00,1340.0,31.4
2021-07-22 10:00:00,1451.0,33.1
2021-07-22 11:00:00,1536.0,32.7
2021-07-22 12:00:00,1493.0,33.6
2021-07-22 13:00:00,1570.0,34.4
2021-07-22 14:00:00,1527.0,35.0
2021-07-22 15:00:00,1514.0,35.3
2021-07-22 16:00:00,1486.0,34.9
2021-07-22 17:00:00,1488.0,33.4
2021-07-22 18:00:00,1415.0,33.2
2021-07-22 19:00:00,1405.0,32.6
2021-07-22 20:00:00,1621.0,31.9
2021-07-22 21:00:00,1707.0,31.3
2021-07-22 22:00:00,1612.0,30.8
2021-07-22 23:00:00,1539.0,30.6
2021-07-23 00:00:00,1439.0,30.1
2021-07-23 01:00:00,1339.0,29.7
2021-07-23 02:00:00,1257.0,29.3
2021-07-23 03:00:00,1175.0,28.9
2021-07-23 04:00:00,1116.0,28.6
2021-07-23 05:00:00,1102.0,27.9
2021-07-23 06:00:00,1120.0,27.4
2021-07-23 07:00:00,1177.0,28.2
2021-07-23 08:00:00,1257.0,29.0
2021-07-23 09:00:00,1349.0,30.0
2021-07-23 10:00:00,1415.0,31.9
2021-07-23 11:00:00,1472.0,32.4
2021-07-23 12:00:00,1451.0,32.8
2021-07-23 13:00:00,1515.0,33.4
2021-07-23 14:00:00,1516.0,33.7
2021-07-23 15:00:00,1499.0,33.7
2021-07-23 16:00:00,1494.0,33.8
2021-07-23 17:00:00,1482.0,33.7
2021-07-23 18:00:00,1415.0,33.1
2021-07-23 19:00:00,1348.0,31.3
2021-07-23 20:00:00,1550.0,31.0
2021-07-23 21:00:00,1660.0,30.8
2021-07-23 22:00:00,1587.0,30.4
2021-07-23 23:00:00,1500.0,29.9
2021-07-24 00:00:00,1408.0,29.4
2021-07-24 01:00:00,1335.0,28.9
2021-07-24 02:00:00,1236.0,28.8
2021-07-24 03:00:00,1186.0,28.5
2021-07-24 04:00:00,1138.0,28.2
2021-07-24 05:00:00,1087.0,28.0
2021-07-24 06:00:00,1129.0,27.8
2021-07-24 07:00:00,1180.0,28.0
2021-07-24 08:00:00,1218.0,28.8
2021-07-24 09:00:00,1326.0,30.3
2021-07-24 10:00:00,1377.0,31.9
2021-07-24 11:00:00,1466.0,32.0
2021-07-24 12:00:00,1405.0,32.1
2021-07-24 13:00:00,1460.0,33.1
2021-07-24 14:00:00,1484.0,33.1
2021-07-24 15:00:00,1460.0,33.5
2021-07-24 16:00:00,1411.0,33.8
2021-07-24 17:00:00,1415.0,33.6
2021-07-24 18:00:00,1346.0,31.1
2021-07-24 19:00:00,1261.0,29.3
2021-07-24 20:00:00,1437.0,28.7
2021-07-24 21:00:00,1490.0,28.7
2021-07-24 22:00:00,1409.0,28.9
2021-07-24 23:00:00,1387.0,29.1
2021-07-25 00:00:00,1298.0,29.0
2021-07-25 01:00:00,1213.0,28.7
2021-07-25 02:00:00,1150.0,28.3
2021-07-25 03:00:00,1067.0,28.0
2021-07-25 04:00:00,1049.0,27.8
2021-07-25 05:00:00,1020.0,27.4
2021-07-25 06:00:00,1084.0,26.9
2021-07-25 07:00:00,1125.0,27.6
2021-07-25 08:00:00,1159.0,28.6
2021-07-25 09:00:00,1210.0,28.9
2021-07-25 10:00:00,1292.0,30.1
2021-07-25 11:00:00,1371.0,31.4
2021-07-25 12:00:00,1348.0,32.3
2021-07-25 13:00:00,1381.0,32.5
2021-07-25 14:00:00,1367.0,33.0
2021-07-25 15:00:00,1381.0,33.6
2021-07-25 16:00:00,1378.0,33.1
2021-07-25 17:00:00,1392.0,33.0
2021-07-25 18:00:00,1319.0,33.0
2021-07-25 19:00:00,1270.0,31.8
2021-07-25 20:00:00,1449.0,31.0
2021-07-25 21:00:00,1559.0,30.7
2021-07-25 22:00:00,1450.0,30.3
2021-07-25 23:00:00,1404.0,30.0
2021-07-26 00:00:00,1307.0,29.9
2021-07-26 01:00:00,1225.0,29.0
2021-07-26 02:00:00,1138.0,28.5
2021-07-26 03:00:00,1093.0,28.2
2021-07-26 04:00:00,1031.0,27.9
2021-07-26 05:00:00,1034.0,27.6
2021-07-26 06:00:00,1059.0,27.4
2021-07-26 07:00:00,1129.0,27.8
2021-07-26 08:00:00,1231.0,29.0
2021-07-26 09:00:00,1326.0,30.1
2021-07-26 10:00:00,1395.0,31.9
2021-07-26 11:00:00,1490.0,33.0
2021-07-26 12:00:00,1439.0,33.6
2021-07-26 13:00:00,1488.0,34.0
2021-07-26 14:00:00,1479.0,34.2
2021-07-26 15:00:00,1496.0,33.8
2021-07-26 16:00:00,1456.0,34.2
2021-07-26 17:00:00,1479.0,34.0
2021-07-26 18:00:00,1380.0,33.5
2021-07-26 19:00:00,1359.0,32.7
2021-07-26 20:00:00,1564.0,31.9
2021-07-26 21:00:00,1652.0,31.5
2021-07-26 22:00:00,1552.0,31.0
2021-07-26 23:00:00,1485.0,30.5
2021-07-27 00:00:00,1405.0,30.5
2021-07-27 01:00:00,1307.0,30.0
2021-07-27 02:00:00,1227.0,29.3
2021-07-27 03:00:00,1168.0,28.9
2021-07-27 04:00:00,1100.0,28.5
2021-07-27 05:00:00,1080.0,27.8
2021-07-27 06:00:00,1124.0,27.8
2021-07-27 07:00:00,1173.0,28.3
2021-07-27 08:00:00,1222.0,29.5
2021-07-27 09:00:00,1352.0,31.3
2021-07-27 10:00:00,1392.0,32.4
2021-07-27 11:00:00,1502.0,33.1
2021-07-27 12:00:00,1468.0,33.3
2021-07-27 13:00:00,1508.0,34.7
2021-07-27 14:00:00,1536.0,34.6
2021-07-27 15:00:00,1521.0,35.2
2021-07-27 16:00:00,1517.0,34.9
2021-07-27 17:00:00,1511.0,34.9
2021-07-27 18:00:00,1413.0,34.1
2021-07-27 19:00:00,1361.0,33.3
2021-07-27 20:00:00,1582.0,31.9
2021-07-27 21:00:00,1661.0,31.2
2021-07-27 22:00:00,1573.0,31.2
2021-07-27 23:00:00,1534.0,31.1
2021-07-28 00:00:00,1444.0,31.2
2021-07-28 01:00:00,1331.0,30.4
2021-07-28 02:00:00,1272.0,30.2
2021-07-28 03:00:00,1196.0,29.5
2021-07-28 04:00:00,1149.0,29.2
2021-07-28 05:00:00,1096.0,28.9
2021-07-28 06:00:00,1115.0,28.6
2021-07-28 07:00:00,1173.0,29.2
2021-07-28 08:00:00,1267.0,29.9
2021-07-28 09:00:00,1384.0,32.1
2021-07-28 10:00:00,1438.0,32.6
2021-07-28 11:00:00,1526.0,32.7
2021-07-28 12:00:00,1465.0,33.7
2021-07-28 13:00:00,1543.0,34.6
2021-07-28 14:00:00,1510.0,34.3
2021-07-28 15:00:00,1490.0,34.7
2021-07-28 16:00:00,1482.0,34.3
2021-07-28 17:00:00,1515.0,34.3
2021-07-28 18:00:00,1407.0,34.1
2021-07-28 19:00:00,1365.0,30.2
2021-07-28 20:00:00,1544.0,30.8
2021-07-28 21:00:00,1615.0,31.0
2021-07-28 22:00:00,1538.0,29.9
2021-07-28 23:00:00,1510.0,29.7
2021-07-29 00:00:00,1422.0,29.5
2021-07-29 01:00:00,1311.0,29.2
2021-07-29 02:00:00,1235.0,29.0
2021-07-29 03:00:00,1171.0,28.4
2021-07-29 04:00:00,1123.0,28.4
2021-07-29 05:00:00,1078.0,28.1
2021-07-29 06:00:00,1136.0,27.8
2021-07-29 07:00:00,1173.0,28.5
2021-07-29 08:00:00,1284.0,29.8
2021-07-29 09:00:00,1353.0,29.8
2021-07-29 10:00:00,1387.0,30.1
2021-07-29 11:00:00,1458.0,29.7
2021-07-29 12:00:00,1397.0,31.5
2021-07-29 13:00:00,1421.0,32.9
2021-07-29 14:00:00,1435.0,33.2
2021-07-29 15:00:00,1417.0,34.0
2021-07-29 16:00:00,1424.0,34.9
2021-07-29 17:00:00,1431.0,34.4
2021-07-29 18:00:00,1357.0,33.65
2021-07-29 19:00:00,1350.0,32.9
2021-07-29 20:00:00,1600.0,31.8
2021-07-29 21:00:00,1665.0,31.3
2021-07-29 22:00:00,1583.0,31.3
2021-07-29 23:00:00,1477.0,31.1
2021-07-30 00:00:00,1424.0,30.3
2021-07-30 01:00:00,1343.0,29.9
2021-07-30 02:00:00,1284.0,29.9
2021-07-30 03:00:00,1216.0,29.9
2021-07-30 04:00:00,1173.0,29.9
2021-07-30 05:00:00,1153.0,29.6
2021-07-30 06:00:00,1193.0,29.1
2021-07-30 07:00:00,1215.0,27.6
2021-07-30 08:00:00,1254.0,26.9
2021-07-30 09:00:00,1323.0,27.0
2021-07-30 10:00:00,1374.0,28.3
2021-07-30 11:00:00,1494.0,31.5
2021-07-30 12:00:00,1444.0,33.2
2021-07-30 13:00:00,1497.0,33.9
2021-07-30 14:00:00,1510.0,35.3
2021-07-30 15:00:00,1494.0,36.1
2021-07-30 16:00:00,1477.0,36.4
2021-07-30 17:00:00,1490.0,35.2
2021-07-30 18:00:00,1411.0,34.4
2021-07-30 19:00:00,1389.0,33.5
2021-07-30 20:00:00,1649.0,31.9
2021-07-30 21:00:00,1727.0,31.0
2021-07-30 22:00:00,1623.0,30.7
2021-07-30 23:00:00,1523.0,30.8
2021-07-31 00:00:00,1498.0,30.1
2021-07-31 01:00:00,1386.0,29.7
2021-07-31 02:00:00,1318.0,28.9
2021-07-31 03:00:00,1249.0,28.1
2021-07-31 04:00:00,1178.0,27.8
2021-07-31 05:00:00,1134.0,27.4
2021-07-31 06:00:00,1174.0,27.2
2021-07-31 07:00:00,1200.0,28.1
2021-07-31 08:00:00,1300.0,29.9
2021-07-31 09:00:00,1379.0,32.3
2021-07-31 10:00:00,1467.0,32.4
2021-07-31 11:00:00,1557.0,33.3
2021-07-31 12:00:00,1582.0,35.2
2021-07-31 13:00:00,1593.0,35.7
2021-07-31 14:00:00,1596.0,36.5
2021-07-31 15:00:00,1547.0,36.0
2021-07-31 16:00:00,1515.0,35.5
2021-07-31 17:00:00,1512.0,35.3
2021-07-31 18:00:00,1447.0,35.1
2021-07-31 19:00:00,1465.0,34.5
2021-07-31 20:00:00,1732.0,33.6
2021-07-31 21:00:00,1794.0,32.3
2021-07-31 22:00:00,1683.0,31.4
2021-07-31 23:00:00,1614.0,30.9
2021-08-01 00:00:00,1567.0,30.5
2021-08-01 01:00:00,1473.0,29.8
2021-08-01 02:00:00,1380.0,29.4
2021-08-01 03:00:00,1305.0,29.0
2021-08-01 04:00:00,1244.0,28.9
2021-08-01 05:00:00,1192.0,28.5
2021-08-01 06:00:00,1202.0,28.3
2021-08-01 07:00:00,1224.0,29.4
2021-08-01 08:00:00,1334.0,31.8
2021-08-01 09:00:00,1416.0,32.3
2021-08-01 10:00:00,1513.0,34.1
2021-08-01 11:00:00,1615.0,35.5
2021-08-01 12:00:00,1586.0,36.3
2021-08-01 13:00:00,1621.0,36.7
2021-08-01 14:00:00,1576.0,37.7
2021-08-01 15:00:00,1566.0,37.6
2021-08-01 16:00:00,1537.0,37.5
2021-08-01 17:00:00,1544.0,37.4
2021-08-01 18:00:00,1478.0,37.0
2021-08-01 19:00:00,1455.0,35.4
2021-08-01 20:00:00,1732.0,34.2
2021-08-01 21:00:00,1801.0,33.6
2021-08-01 22:00:00,1718.0,33.0
2021-08-01 23:00:00,1628.0,31.9
2021-08-02 00:00:00,1615.0,31.0
2021-08-02 01:00:00,1492.0,30.1
2021-08-02 02:00:00,1422.0,29.4
2021-08-02 03:00:00,1342.0,29.3
2021-08-02 04:00:00,1273.0,29.6
2021-08-02 05:00:00,1227.0,29.3
2021-08-02 06:00:00,1223.0,28.7
2021-08-02 07:00:00,1258.0,29.5
2021-08-02 08:00:00,1347.0,31.2
2021-08-02 09:00:00,1504.0,33.1
2021-08-02 10:00:00,1561.0,34.6
2021-08-02 11:00:00,1605.0,35.4
2021-08-02 12:00:00,1615.0,36.3
2021-08-02 13:00:00,1703.0,36.5
2021-08-02 14:00:00,1686.0,36.8
2021-08-02 15:00:00,1675.0,37.4
2021-08-02 16:00:00,1639.0,37.1
2021-08-02 17:00:00,1608.0,37.0
2021-08-02 18:00:00,1510.0,36.4
2021-08-02 19:00:00,1477.0,35.0
2021-08-02 20:00:00,1767.0,33.5
2021-08-02 21:00:00,1847.0,32.4
2021-08-02 22:00:00,1756.0,32.0
2021-08-02 23:00:00,1682.0,31.7
2021-08-03 00:00:00,1657.0,31.2
2021-08-03 01:00:00,1557.0,31.1
2021-08-03 02:00:00,1480.0,30.8
2021-08-03 03:00:00,1416.0,30.7
2021-08-03 04:00:00,1357.0,30.6
2021-08-03 05:00:00,1294.0,30.2
2021-08-03 06:00:00,1257.0,29.8
2021-08-03 07:00:00,1321.0,29.9
2021-08-03 08:00:00,1378.0,30.4
2021-08-03 09:00:00,1494.0,30.8
2021-08-03 10:00:00,1533.0,31.7
2021-08-03 11:00:00,1556.0,32.9
2021-08-03 12:00:00,1558.0,33.9
2021-08-03 13:00:00,1627.0,34.8
2021-08-03 14:00:00,1657.0,35.2
2021-08-03 15:00:00,1631.0,35.6
2021-08-03 16:00:00,1592.0,35.5
2021-08-03 17:00:00,1588.0,34.7
2021-08-03 18:00:00,1468.0,34.0
2021-08-03 19:00:00,1434.0,33.1
2021-08-03 20:00:00,1750.0,32.3
2021-08-03 21:00:00,1827.0,31.9
2021-08-03 22:00:00,1729.0,31.6
2021-08-03 23:00:00,1639.0,31.3
2021-08-04 00:00:00,1630.0,30.9
2021-08-04 01:00:00,1492.0,30.5
2021-08-04 02:00:00,1425.0,30.2
2021-08-04 03:00:00,1379.0,29.8
2021-08-04 04:00:00,1306.0,29.5
2021-08-04 05:00:00,1242.0,29.3
2021-08-04 06:00:00,1237.0,28.9
2021-08-04 07:00:00,1270.0,28.7
2021-08-04 08:00:00,1331.0,29.8
2021-08-04 09:00:00,1401.0,30.0
2021-08-04 10:00:00,1451.0,31.9
2021-08-04 11:00:00,1488.0,33.0
2021-08-04 12:00:00,1450.0,33.4
2021-08-04 13:00:00,1508.0,34.5
2021-08-04 14:00:00,1530.0,34.2
2021-08-04 15:00:00,1528.0,34.7
2021-08-04 16:00:00,1510.0,34.7
2021-08-04 17:00:00,1492.0,34.4
2021-08-04 18:00:00,1405.0,33.7
2021-08-04 19:00:00,1376.0,33.1
2021-08-04 20:00:00,1675.0,32.3
2021-08-04 21:00:00,1773.0,31.9
2021-08-04 22:00:00,1684.0,31.5
2021-08-04 23:00:00,1601.0,31.3
2021-08-05 00:00:00,1583.0,31.0
2021-08-05 01:00:00,1510.0,30.7
2021-08-05 02:00:00,1412.0,30.3
2021-08-05 03:00:00,1362.0,30.1
2021-08-05 04:00:00,1328.0,29.9
2021-08-05 05:00:00,1237.0,29.6
2021-08-05 06:00:00,1244.0,29.3
2021-08-05 07:00:00,1277.0,29.4
2021-08-05 08:00:00,1338.0,30.2
2021-08-05 09:00:00,1400.0,30.5
2021-08-05 10:00:00,1484.0,32.1
2021-08-05 11:00:00,1485.0,32.6
2021-08-05 12:00:00,1444.0,33.7
2021-08-05 13:00:00,1429.0,27.9
2021-08-05 14:00:00,1392.0,27.4
2021-08-05 15:00:00,1348.0,28.8
2021-08-05 16:00:00,1334.0,29.2
2021-08-05 17:00:00,1323.0,29.1
2021-08-05 18:00:00,1257.0,28.3
2021-08-05 19:00:00,1260.0,28.0
2021-08-05 20:00:00,1514.0,27.8
2021-08-05 21:00:00,1548.0,27.7
2021-08-05 22:00:00,1441.0,27.7
2021-08-05 23:00:00,1342.0,27.8
2021-08-06 00:00:00,1288.0,28.0
2021-08-06 01:00:00,1225.0,27.6
2021-08-06 02:00:00,1164.0,27.3
2021-08-06 03:00:00,1121.0,27.5
2021-08-06 04:00:00,1097.0,27.4
2021-08-06 05:00:00,1075.0,27.2
2021-08-06 06:00:00,1090.0,27.6
2021-08-06 07:00:00,1139.0,27.9
2021-08-06 08:00:00,1219.0,29.2
2021-08-06 09:00:00,1304.0,30.7
2021-08-06 10:00:00,1357.0,32.1
2021-08-06 11:00:00,1461.0,33.0
2021-08-06 12:00:00,1386.0,32.9
2021-08-06 13:00:00,1454.0,33.8
2021-08-06 14:00:00,1450.0,32.8
2021-08-06 15:00:00,1456.0,34.7
2021-08-06 16:00:00,1458.0,34.6
2021-08-06 17:00:00,1453.0,34.1
2021-08-06 18:00:00,1378.0,34.1
2021-08-06 19:00:00,1355.0,33.0
2021-08-06 20:00:00,1654.0,32.1
2021-08-06 21:00:00,1696.0,31.6
2021-08-06 22:00:00,1597.0,31.3
2021-08-06 23:00:00,1528.0,31.3
2021-08-07 00:00:00,1432.0,30.4
2021-08-07 01:00:00,1373.0,30.5
2021-08-07 02:00:00,1294.0,30.3
2021-08-07 03:00:00,1236.0,30.1
2021-08-07 04:00:00,1175.0,29.7
2021-08-07 05:00:00,1147.0,29.1
2021-08-07 06:00:00,1156.0,29.0
2021-08-07 07:00:00,1228.0,29.1
2021-08-07 08:00:00,1282.0,29.9
2021-08-07 09:00:00,1351.0,31.2
2021-08-07 10:00:00,1406.0,32.0
2021-08-07 11:00:00,1530.0,33.9
2021-08-07 12:00:00,1491.0,34.6
2021-08-07 13:00:00,1577.0,35.8
2021-08-07 14:00:00,1581.0,35.4
2021-08-07 15:00:00,1588.0,36.0
2021-08-07 16:00:00,1565.0,35.5
2021-08-07 17:00:00,1542.0,34.9
2021-08-07 18:00:00,1429.0,33.9
2021-08-07 19:00:00,1428.0,33.1
2021-08-07 20:00:00,1707.0,32.2
2021-08-07 21:00:00,1743.0,31.9
2021-08-07 22:00:00,1655.0,31.7
2021-08-07 23:00:00,1603.0,31.6
2021-08-08 00:00:00,1542.0,31.5
2021-08-08 01:00:00,1436.0,31.1
2021-08-08 02:00:00,1349.0,30.5
2021-08-08 03:00:00,1288.0,30.1
2021-08-08 04:00:00,1235.0,29.6
2021-08-08 05:00:00,1212.0,29.4
2021-08-08 06:00:00,1219.0,29.2
2021-08-08 07:00:00,1250.0,29.5
2021-08-08 08:00:00,1301.0,30.3
2021-08-08 09:00:00,1353.0,30.8
2021-08-08 10:00:00,1419.0,31.0
2021-08-08 11:00:00,1500.0,32.2
2021-08-08 12:00:00,1504.0,33.1
2021-08-08 13:00:00,1566.0,33.6
2021-08-08 14:00:00,1554.0,33.5
2021-08-08 15:00:00,1515.0,32.2
2021-08-08 16:00:00,1475.0,29.5
2021-08-08 17:00:00,1442.0,30.3
2021-08-08 18:00:00,1354.0,30.8
2021-08-08 19:00:00,1337.0,29.9
2021-08-08 20:00:00,1638.0,29.7
2021-08-08 21:00:00,1683.0,29.3
2021-08-08 22:00:00,1561.0,29.0
2021-08-08 23:00:00,1480.0,29.1
2021-08-09 00:00:00,1391.0,29.0
2021-08-09 01:00:00,1314.0,28.4
2021-08-09 02:00:00,1241.0,28.1
2021-08-09 03:00:00,1167.0,28.3
2021-08-09 04:00:00,1142.0,28.0
2021-08-09 05:00:00,1106.0,28.0
2021-08-09 06:00:00,1122.0,27.9
2021-08-09 07:00:00,1196.0,28.3
2021-08-09 08:00:00,1283.0,28.8
2021-08-09 09:00:00,1360.0,30.1
2021-08-09 10:00:00,1435.0,31.5
2021-08-09 11:00:00,1546.0,33.1
2021-08-09 12:00:00,1574.0,34.8
2021-08-09 13:00:00,1625.0,35.6
2021-08-09 14:00:00,1565.0,32.1
2021-08-09 15:00:00,1381.0,27.2
2021-08-09 16:00:00,1301.0,27.6
2021-08-09 17:00:00,1306.0,27.9
2021-08-09 18:00:00,1218.0,27.5
2021-08-09 19:00:00,1181.0,27.6
2021-08-09 20:00:00,1356.0,27.6
2021-08-09 21:00:00,1324.0,27.6
2021-08-09 22:00:00,1247.0,27.5
2021-08-09 23:00:00,1202.0,26.6
2021-08-10 00:00:00,1159.0,26.1
2021-08-10 01:00:00,1070.0,26.0
2021-08-10 02:00:00,1029.0,25.7
2021-08-10 03:00:00,1009.0,25.5
2021-08-10 04:00:00,955.0,25.2
2021-08-10 05:00:00,960.0,25.1
2021-08-10 06:00:00,997.0,25.2
2021-08-10 07:00:00,1062.0,25.4
2021-08-10 08:00:00,1089.0,25.7
2021-08-10 09:00:00,1146.0,25.8
2021-08-10 10:00:00,1131.0,25.9
2021-08-10 11:00:00,1178.0,25.8
2021-08-10 12:00:00,1080.0,26.2
2021-08-10 13:00:00,1055.0,26.1
2021-08-10 14:00:00,1059.0,26.2
2021-08-10 15:00:00,1054.0,26.4
2021-08-10 16:00:00,1084.0,27.5
2021-08-10 17:00:00,1143.0,27.2
2021-08-10 18:00:00,1089.0,26.5
2021-08-10 19:00:00,1071.0,26.3
2021-08-10 20:00:00,1174.0,26.2
2021-08-10 21:00:00,1115.0,26.3
2021-08-10 22:00:00,1064.0,26.4
2021-08-10 23:00:00,1057.0,26.4
2021-08-11 00:00:00,1032.0,26.5
2021-08-11 01:00:00,968.0,26.3
2021-08-11 02:00:00,937.0,26.0
2021-08-11 03:00:00,903.0,25.9
2021-08-11 04:00:00,896.0,25.8
2021-08-11 05:00:00,910.0,25.8
2021-08-11 06:00:00,948.0,26.0
2021-08-11 07:00:00,1072.0,26.0
2021-08-11 08:00:00,1125.0,25.8
2021-08-11 09:00:00,1164.0,25.7
2021-08-11 10:00:00,1173.0,25.7
2021-08-11 11:00:00,1208.0,26.0
2021-08-11 12:00:00,1102.0,27.0
2021-08-11 13:00:00,1120.0,28.9
2021-08-11 14:00:00,1137.0,29.7
2021-08-11 15:00:00,1172.0,30.1
2021-08-11 16:00:00,1190.0,30.2
2021-08-11 17:00:00,1217.0,29.8
2021-08-11 18:00:00,1157.0,29.6
2021-08-11 19:00:00,1125.0,29.5
2021-08-11 20:00:00,1308.0,28.8
2021-08-11 21:00:00,1238.0,28.3
2021-08-11 22:00:00,1132.0,27.9
2021-08-11 23:00:00,1118.0,27.9
2021-08-12 00:00:00,1073.0,27.8
2021-08-12 01:00:00,1002.0,27.6
2021-08-12 02:00:00,972.0,27.7
2021-08-12 03:00:00,939.0,27.7
2021-08-12 04:00:00,908.0,27.7
2021-08-12 05:00:00,924.0,27.3
2021-08-12 06:00:00,972.0,27.1
2021-08-12 07:00:00,1058.0,27.4
2021-08-12 08:00:00,1138.0,27.9
2021-08-12 09:00:00,1199.0,29.4
2021-08-12 10:00:00,1227.0,30.5
2021-08-12 11:00:00,1320.0,31.6
2021-08-12 12:00:00,1276.0,33.2
2021-08-12 13:00:00,1329.0,32.8
2021-08-12 14:00:00,1328.0,30.7
2021-08-12 15:00:00,1282.0,28.2
2021-08-12 16:00:00,1255.0,28.2
2021-08-12 17:00:00,1265.0,28.9
2021-08-12 18:00:00,1223.0,28.7
2021-08-12 19:00:00,1223.0,28.3
2021-08-12 20:00:00,1345.0,28.4
2021-08-12 21:00:00,1282.0,27.7
2021-08-12 22:00:00,1148.0,27.4
2021-08-12 23:00:00,1121.0,27.0
2021-08-13 00:00:00,1104.0,26.9
2021-08-13 01:00:00,990.0,26.9
2021-08-13 02:00:00,966.0,26.7
2021-08-13 03:00:00,931.0,26.7
2021-08-13 04:00:00,887.0,26.9
2021-08-13 05:00:00,898.0,26.8
2021-08-13 06:00:00,919.0,26.6
2021-08-13 07:00:00,1053.0,26.5
2021-08-13 08:00:00,1142.0,26.8
2021-08-13 09:00:00,1185.0,26.7
2021-08-13 10:00:00,1206.0,25.8
2021-08-13 11:00:00,1217.0,25.7
2021-08-13 12:00:00,1112.0,25.5
2021-08-13 13:00:00,1092.0,25.8
2021-08-13 14:00:00,1117.0,25.6
2021-08-13 15:00:00,1136.0,24.9
2021-08-13 16:00:00,1154.0,24.1
2021-08-13 17:00:00,1153.0,24.3
2021-08-13 18:00:00,1044.0,23.2
2021-08-13 19:00:00,1024.0,22.8
2021-08-13 20:00:00,1037.0,22.0
2021-08-13 21:00:00,962.0,21.7
2021-08-13 22:00:00,882.0,21.7
2021-08-13 23:00:00,894.0,21.8
2021-08-14 00:00:00,880.0,22.0
2021-08-14 01:00:00,835.0,22.0
2021-08-14 02:00:00,818.0,21.9
2021-08-14 03:00:00,790.0,21.9
2021-08-14 04:00:00,792.0,21.8
2021-08-14 05:00:00,796.0,21.9
2021-08-14 06:00:00,837.0,21.8
2021-08-14 07:00:00,935.0,22.0
2021-08-14 08:00:00,975.0,22.4
2021-08-14 09:00:00,1021.0,22.1
2021-08-14 10:00:00,1035.0,22.2
2021-08-14 11:00:00,1064.0,22.5
2021-08-14 12:00:00,930.0,23.3
2021-08-14 13:00:00,909.0,23.1
2021-08-14 14:00:00,909.0,23.0
2021-08-14 15:00:00,913.0,23.5
2021-08-14 16:00:00,924.0,24.4
2021-08-14 17:00:00,994.0,24.6
2021-08-14 18:00:00,937.0,24.2
2021-08-14 19:00:00,918.0,24.1
2021-08-14 20:00:00,983.0,23.9
2021-08-14 21:00:00,919.0,23.8
2021-08-14 22:00:00,850.0,23.8
2021-08-14 23:00:00,858.0,23.7
2021-08-15 00:00:00,832.0,23.6
2021-08-15 01:00:00,805.0,23.3
2021-08-15 02:00:00,750.0,23.2
2021-08-15 03:00:00,754.0,23.1
2021-08-15 04:00:00,739.0,23.2
2021-08-15 05:00:00,735.0,23.2
2021-08-15 06:00:00,770.0,23.3
2021-08-15 07:00:00,901.0,23.4
2021-08-15 08:00:00,945.0,23.5
2021-08-15 09:00:00,992.0,23.6
2021-08-15 10:00:00,992.0,23.9
2021-08-15 11:00:00,1029.0,24.3
2021-08-15 12:00:00,930.0,24.6
2021-08-15 13:00:00,909.0,24.9
2021-08-15 14:00:00,899.0,25.1
2021-08-15 15:00:00,906.0,25.1
2021-08-15 16:00:00,908.0,25.2
2021-08-15 17:00:00,984.0,25.8
2021-08-15 18:00:00,949.0,25.2
2021-08-15 19:00:00,920.0,25.0
2021-08-15 20:00:00,1008.0,24.8
2021-08-15 21:00:00,918.0,24.5
2021-08-15 22:00:00,824.0,24.4
2021-08-15 23:00:00,839.0,24.5
2021-08-16 00:00:00,816.0,24.5
2021-08-16 01:00:00,761.0,24.4
2021-08-16 02:00:00,729.0,24.4
2021-08-16 03:00:00,732.0,24.3
2021-08-16 04:00:00,730.0,24.4
2021-08-16 05:00:00,734.0,24.3
2021-08-16 06:00:00,797.0,24.3
2021-08-16 07:00:00,926.0,24.5
2021-08-16 08:00:00,978.0,24.9
2021-08-16 09:00:00,1036.0,25.9
2021-08-16 10:00:00,1078.0,26.2
2021-08-16 11:00:00,1104.0,27.2
2021-08-16 12:00:00,999.0,27.8
2021-08-16 13:00:00,993.0,28.8
2021-08-16 14:00:00,1023.0,29.4
2021-08-16 15:00:00,1034.0,30.1
2021-08-16 16:00:00,1053.0,30.0
2021-08-16 17:00:00,1109.0,30.0
2021-08-16 18:00:00,1076.0,29.1
2021-08-16 19:00:00,1033.0,28.0
2021-08-16 20:00:00,1147.0,27.6
2021-08-16 21:00:00,1037.0,27.2
2021-08-16 22:00:00,941.0,27.1
2021-08-16 23:00:00,931.0,26.7
2021-08-17 00:00:00,921.0,26.4
2021-08-17 01:00:00,850.0,26.3
2021-08-17 02:00:00,834.0,26.4
2021-08-17 03:00:00,813.0,26.3
2021-08-17 04:00:00,800.0,26.0
2021-08-17 05:00:00,807.0,25.7
2021-08-17 06:00:00,869.0,26.0
2021-08-17 07:00:00,973.0,26.2
2021-08-17 08:00:00,1021.0,26.6
2021-08-17 09:00:00,1081.0,27.1
2021-08-17 10:00:00,1112.0,27.6
2021-08-17 11:00:00,1147.0,28.5
2021-08-17 12:00:00,1065.0,30.1
2021-08-17 13:00:00,1071.0,31.7
2021-08-17 14:00:00,1082.0,32.6
2021-08-17 15:00:00,1102.0,31.4
2021-08-17 16:00:00,1115.0,31.2
2021-08-17 17:00:00,1145.0,28.8
2021-08-17 18:00:00,1077.0,28.5
2021-08-17 19:00:00,1090.0,27.7
2021-08-17 20:00:00,1157.0,26.2
2021-08-17 21:00:00,1084.0,25.5
2021-08-17 22:00:00,984.0,25.7
2021-08-17 23:00:00,958.0,25.6
2021-08-18 00:00:00,923.0,25.6
2021-08-18 01:00:00,854.0,25.6
2021-08-18 02:00:00,811.0,25.5
2021-08-18 03:00:00,816.0,25.5
2021-08-18 04:00:00,789.0,25.4
2021-08-18 05:00:00,789.0,25.5
2021-08-18 06:00:00,852.0,25.5
2021-08-18 07:00:00,962.0,25.7
2021-08-18 08:00:00,1029.0,26.1
2021-08-18 09:00:00,1105.0,27.5
2021-08-18 10:00:00,1158.0,30.1
2021-08-18 11:00:00,1182.0,29.4
2021-08-18 12:00:00,1110.0,29.7
2021-08-18 13:00:00,1105.0,31.0
2021-08-18 14:00:00,1128.0,32.7
2021-08-18 15:00:00,1156.0,32.9
2021-08-18 16:00:00,1166.0,32.8
2021-08-18 17:00:00,1197.0,33.3
2021-08-18 18:00:00,1122.0,32.7
2021-08-18 19:00:00,1146.0,31.4
2021-08-18 20:00:00,1321.0,30.6
2021-08-18 21:00:00,1252.0,30.3
2021-08-18 22:00:00,1121.0,29.7
2021-08-18 23:00:00,1052.0,28.0
2021-08-19 00:00:00,993.0,27.3
2021-08-19 01:00:00,944.0,26.7
2021-08-19 02:00:00,913.0,26.3
2021-08-19 03:00:00,868.0,26.4
2021-08-19 04:00:00,834.0,26.4
2021-08-19 05:00:00,830.0,26.4
2021-08-19 06:00:00,854.0,25.9
2021-08-19 07:00:00,976.0,26.3
2021-08-19 08:00:00,1058.0,26.7
2021-08-19 09:00:00,1156.0,28.5
2021-08-19 10:00:00,1211.0,30.1
2021-08-19 11:00:00,1264.0,31.2
2021-08-19 12:00:00,1192.0,32.0
2021-08-19 13:00:00,1255.0,33.5
2021-08-19 14:00:00,1247.0,34.4
2021-08-19 15:00:00,1279.0,33.3
2021-08-19 16:00:00,1264.0,33.3
2021-08-19 17:00:00,1290.0,33.2
2021-08-19 18:00:00,1230.0,33.2
2021-08-19 19:00:00,1214.0,32.4
2021-08-19 20:00:00,1440.0,31.7
2021-08-19 21:00:00,1401.0,31.2
2021-08-19 22:00:00,1286.0,30.8
2021-08-19 23:00:00,1253.0,30.2
2021-08-20 00:00:00,1165.0,30.0
2021-08-20 01:00:00,1091.0,29.2
2021-08-20 02:00:00,1009.0,28.9
2021-08-20 03:00:00,979.0,29.1
2021-08-20 04:00:00,937.0,28.6
2021-08-20 05:00:00,919.0,28.3
2021-08-20 06:00:00,953.0,28.0
2021-08-20 07:00:00,1069.0,28.2
2021-08-20 08:00:00,1141.0,30.3
2021-08-20 09:00:00,1257.0,31.6
2021-08-20 10:00:00,1323.0,33.4
2021-08-20 11:00:00,1420.0,33.8
2021-08-20 12:00:00,1357.0,35.0
2021-08-20 13:00:00,1436.0,35.5
2021-08-20 14:00:00,1460.0,36.1
2021-08-20 15:00:00,1487.0,36.0
2021-08-20 16:00:00,1496.0,36.3
2021-08-20 17:00:00,1482.0,36.7
2021-08-20 18:00:00,1398.0,35.4
2021-08-20 19:00:00,1424.0,34.3
2021-08-20 20:00:00,1633.0,33.6
2021-08-20 21:00:00,1571.0,33.1
2021-08-20 22:00:00,1435.0,32.5
2021-08-20 23:00:00,1300.0,27.1
2021-08-21 00:00:00,1242.0,26.8
2021-08-21 01:00:00,1172.0,26.4
2021-08-21 02:00:00,1101.0,26.7
2021-08-21 03:00:00,1051.0,27.1
2021-08-21 04:00:00,1006.0,27.0
2021-08-21 05:00:00,994.0,26.8
2021-08-21 06:00:00,1014.0,26.8
2021-08-21 07:00:00,1092.0,27.2
2021-08-21 08:00:00,1155.0,27.7
2021-08-21 09:00:00,1246.0,29.1
2021-08-21 10:00:00,1273.0,29.8
2021-08-21 11:00:00,1365.0,31.3
2021-08-21 12:00:00,1329.0,31.6
2021-08-21 13:00:00,1375.0,31.8
2021-08-21 14:00:00,1414.0,32.6
2021-08-21 15:00:00,1399.0,33.4
2021-08-21 16:00:00,1340.0,30.4
2021-08-21 17:00:00,1358.0,30.4
2021-08-21 18:00:00,1278.0,32.0
2021-08-21 19:00:00,1267.0,30.9
2021-08-21 20:00:00,1505.0,29.8
2021-08-21 21:00:00,1485.0,29.4
2021-08-21 22:00:00,1376.0,28.9
2021-08-21 23:00:00,1327.0,28.7
2021-08-22 00:00:00,1271.0,28.8
2021-08-22 01:00:00,1166.0,28.8
2021-08-22 02:00:00,1115.0,28.5
2021-08-22 03:00:00,1066.0,28.7
2021-08-22 04:00:00,1039.0,29.0
2021-08-22 05:00:00,1016.0,28.6
2021-08-22 06:00:00,1051.0,28.1
2021-08-22 07:00:00,1116.0,28.7
2021-08-22 08:00:00,1163.0,30.2
2021-08-22 09:00:00,1239.0,31.0
2021-08-22 10:00:00,1335.0,32.6
2021-08-22 11:00:00,1421.0,33.9
2021-08-22 12:00:00,1416.0,34.7
2021-08-22 13:00:00,1476.0,35.3
2021-08-22 14:00:00,1477.0,35.5
2021-08-22 15:00:00,1446.0,34.6
2021-08-22 16:00:00,1456.0,35.3
2021-08-22 17:00:00,1457.0,34.8
2021-08-22 18:00:00,1357.0,34.5
2021-08-22 19:00:00,1392.0,33.5
2021-08-22 20:00:00,1679.0,33.1
2021-08-22 21:00:00,1658.0,32.5
2021-08-22 22:00:00,1543.0,32.2
2021-08-22 23:00:00,1482.0,32.0
2021-08-23 00:00:00,1399.0,31.6
2021-08-23 01:00:00,1310.0,31.3
2021-08-23 02:00:00,1246.0,31.1
2021-08-23 03:00:00,1157.0,30.8
2021-08-23 04:00:00,1111.0,30.5
2021-08-23 05:00:00,1082.0,30.1
2021-08-23 06:00:00,1081.0,29.7
2021-08-23 07:00:00,1148.0,29.7
2021-08-23 08:00:00,1234.0,30.8
2021-08-23 09:00:00,1333.0,30.9
2021-08-23 10:00:00,1409.0,31.4
2021-08-23 11:00:00,1483.0,32.3
2021-08-23 12:00:00,1471.0,32.8
2021-08-23 13:00:00,1527.0,33.6
2021-08-23 14:00:00,1561.0,34.1
2021-08-23 15:00:00,1520.0,34.6
2021-08-23 16:00:00,1485.0,34.3
2021-08-23 17:00:00,1492.0,33.6
2021-08-23 18:00:00,1377.0,33.2
2021-08-23 19:00:00,1403.0,33.0
2021-08-23 20:00:00,1586.0,29.8
2021-08-23 21:00:00,1523.0,28.6
2021-08-23 22:00:00,1407.0,28.0
2021-08-23 23:00:00,1320.0,27.4
2021-08-24 00:00:00,1241.0,27.0
2021-08-24 01:00:00,1166.0,26.6
2021-08-24 02:00:00,1092.0,26.5
2021-08-24 03:00:00,1048.0,25.8
2021-08-24 04:00:00,1014.0,25.7
2021-08-24 05:00:00,977.0,25.5
2021-08-24 06:00:00,963.0,25.4
2021-08-24 07:00:00,1058.0,24.9
2021-08-24 08:00:00,1070.0,24.4
2021-08-24 09:00:00,1131.0,24.2
2021-08-24 10:00:00,1138.0,23.7
2021-08-24 11:00:00,1146.0,23.8
2021-08-24 12:00:00,1045.0,24.1
2021-08-24 13:00:00,1029.0,24.9
2021-08-24 14:00:00,1047.0,25.7
2021-08-24 15:00:00,1053.0,26.0
2021-08-24 16:00:00,1066.0,25.8
2021-08-24 17:00:00,1111.0,26.1
2021-08-24 18:00:00,1027.0,26.0
2021-08-24 19:00:00,1014.0,25.8
2021-08-24 20:00:00,1105.0,25.4
2021-08-24 21:00:00,1044.0,25.3
2021-08-24 22:00:00,964.0,25.7
2021-08-24 23:00:00,961.0,25.5
2021-08-25 00:00:00,957.0,25.2
2021-08-25 01:00:00,899.0,25.1
2021-08-25 02:00:00,870.0,25.1
2021-08-25 03:00:00,828.0,25.1
2021-08-25 04:00:00,828.0,24.1
2021-08-25 05:00:00,797.0,23.6
2021-08-25 06:00:00,846.0,23.5
2021-08-25 07:00:00,946.0,23.1
2021-08-25 08:00:00,1001.0,22.9
2021-08-25 09:00:00,1054.0,22.7
2021-08-25 10:00:00,1067.0,22.0
2021-08-25 11:00:00,1082.0,22.3
2021-08-25 12:00:00,996.0,21.8
2021-08-25 13:00:00,937.0,22.0
2021-08-25 14:00:00,939.0,22.2
2021-08-25 15:00:00,938.0,23.3
2021-08-25 16:00:00,923.0,23.8
2021-08-25 17:00:00,1008.0,23.6
2021-08-25 18:00:00,941.0,23.3
2021-08-25 19:00:00,937.0,22.4
2021-08-25 20:00:00,995.0,22.0
2021-08-25 21:00:00,944.0,21.9
2021-08-25 22:00:00,870.0,21.9
2021-08-25 23:00:00,867.0,21.7
2021-08-26 00:00:00,832.0,21.8
2021-08-26 01:00:00,812.0,22.0
2021-08-26 02:00:00,772.0,21.5
2021-08-26 03:00:00,761.0,21.8
2021-08-26 04:00:00,735.0,21.0
2021-08-26 05:00:00,760.0,21.2
2021-08-26 06:00:00,796.0,21.5
2021-08-26 07:00:00,927.0,21.6
2021-08-26 08:00:00,993.0,21.4
2021-08-26 09:00:00,1033.0,21.0
2021-08-26 10:00:00,1020.0,21.6
2021-08-26 11:00:00,1066.0,21.5
2021-08-26 12:00:00,933.0,21.6
2021-08-26 13:00:00,914.0,21.9
2021-08-26 14:00:00,904.0,22.1
2021-08-26 15:00:00,919.0,22.1
2021-08-26 16:00:00,934.0,22.5
2021-08-26 17:00:00,1002.0,22.3
2021-08-26 18:00:00,949.0,21.8
2021-08-26 19:00:00,960.0,21.6
2021-08-26 20:00:00,982.0,21.7
2021-08-26 21:00:00,919.0,21.7
2021-08-26 22:00:00,839.0,21.3
2021-08-26 23:00:00,840.0,21.0
2021-08-27 00:00:00,819.0,20.8
2021-08-27 01:00:00,762.0,20.5
2021-08-27 02:00:00,738.0,20.7
2021-08-27 03:00:00,719.0,21.0
2021-08-27 04:00:00,712.0,21.1
2021-08-27 05:00:00,714.0,21.1
2021-08-27 06:00:00,758.0,20.7
2021-08-27 07:00:00,883.0,20.8
2021-08-27 08:00:00,949.0,20.8
2021-08-27 09:00:00,978.0,21.1
2021-08-27 10:00:00,979.0,21.8
2021-08-27 11:00:00,1001.0,22.2
2021-08-27 12:00:00,885.0,23.1
2021-08-27 13:00:00,831.0,23.8
2021-08-27 14:00:00,864.0,24.0
2021-08-27 15:00:00,877.0,24.2
2021-08-27 16:00:00,902.0,24.1
2021-08-27 17:00:00,987.0,23.8
2021-08-27 18:00:00,931.0,23.7
2021-08-27 19:00:00,961.0,23.4
2021-08-27 20:00:00,968.0,23.2
2021-08-27 21:00:00,909.0,22.8
2021-08-27 22:00:00,842.0,23.0
2021-08-27 23:00:00,818.0,22.8
2021-08-28 00:00:00,794.0,22.4
2021-08-28 01:00:00,742.0,22.4
2021-08-28 02:00:00,727.0,22.4
2021-08-28 03:00:00,681.0,22.3
2021-08-28 04:00:00,697.0,21.9
2021-08-28 05:00:00,707.0,21.4
2021-08-28 06:00:00,761.0,21.2
2021-08-28 07:00:00,878.0,21.7
2021-08-28 08:00:00,920.0,23.2
2021-08-28 09:00:00,971.0,24.8
2021-08-28 10:00:00,996.0,26.8
2021-08-28 11:00:00,1058.0,27.1
2021-08-28 12:00:00,924.0,27.7
2021-08-28 13:00:00,914.0,28.5
2021-08-28 14:00:00,924.0,29.5
2021-08-28 15:00:00,947.0,29.7
2021-08-28 16:00:00,968.0,30.2
2021-08-28 17:00:00,1027.0,30.2
2021-08-28 18:00:00,1001.0,29.2
2021-08-28 19:00:00,1041.0,28.5
2021-08-28 20:00:00,1120.0,27.5
2021-08-28 21:00:00,1059.0,27.0
2021-08-28 22:00:00,947.0,26.6
2021-08-28 23:00:00,917.0,26.4
2021-08-29 00:00:00,900.0,25.7
2021-08-29 01:00:00,827.0,25.3
2021-08-29 02:00:00,791.0,25.4
2021-08-29 03:00:00,764.0,25.0
2021-08-29 04:00:00,746.0,25.0
2021-08-29 05:00:00,751.0,24.8
2021-08-29 06:00:00,818.0,24.8
2021-08-29 07:00:00,915.0,25.5
2021-08-29 08:00:00,984.0,27.0
2021-08-29 09:00:00,1048.0,28.2
2021-08-29 10:00:00,1073.0,29.3
2021-08-29 11:00:00,1166.0,30.9
2021-08-29 12:00:00,1075.0,32.5
2021-08-29 13:00:00,1079.0,33.3
2021-08-29 14:00:00,1099.0,33.9
2021-08-29 15:00:00,1114.0,33.9
2021-08-29 16:00:00,1122.0,34.2
2021-08-29 17:00:00,1180.0,33.5
2021-08-29 18:00:00,1121.0,33.1
2021-08-29 19:00:00,1138.0,31.5
2021-08-29 20:00:00,1259.0,30.0
2021-08-29 21:00:00,1202.0,29.6
2021-08-29 22:00:00,1082.0,29.2
2021-08-29 23:00:00,1073.0,28.4
2021-08-30 00:00:00,993.0,27.5
2021-08-30 01:00:00,937.0,26.9
2021-08-30 02:00:00,867.0,26.7
2021-08-30 03:00:00,852.0,26.4
2021-08-30 04:00:00,829.0,26.2
2021-08-30 05:00:00,806.0,26.5
2021-08-30 06:00:00,888.0,26.2
2021-08-30 07:00:00,997.0,26.7
2021-08-30 08:00:00,1078.0,29.3
2021-08-30 09:00:00,1174.0,30.9
2021-08-30 10:00:00,1221.0,32.6
2021-08-30 11:00:00,1298.0,33.7
2021-08-30 12:00:00,1241.0,34.3
2021-08-30 13:00:00,1286.0,35.0
2021-08-30 14:00:00,1289.0,35.6
2021-08-30 15:00:00,1328.0,35.6
2021-08-30 16:00:00,1315.0,35.9
2021-08-30 17:00:00,1344.0,35.6
2021-08-30 18:00:00,1261.0,35.0
2021-08-30 19:00:00,1275.0,33.8
2021-08-30 20:00:00,1448.0,32.8
2021-08-30 21:00:00,1428.0,31.9
2021-08-30 22:00:00,1301.0,31.0
2021-08-30 23:00:00,1242.0,30.5
2021-08-31 00:00:00,1193.0,29.5
2021-08-31 01:00:00,1093.0,28.5
2021-08-31 02:00:00,1021.0,28.0
2021-08-31 03:00:00,977.0,27.6
2021-08-31 04:00:00,938.0,27.2
2021-08-31 05:00:00,911.0,26.9
2021-08-31 06:00:00,965.0,26.9
2021-08-31 07:00:00,1053.0,28.0
2021-08-31 08:00:00,1117.0,30.5
2021-08-31 09:00:00,1225.0,31.6
2021-08-31 10:00:00,1283.0,33.5
2021-08-31 11:00:00,1389.0,34.6
2021-08-31 12:00:00,1372.0,35.5
2021-08-31 13:00:00,1395.0,36.4
2021-08-31 14:00:00,1415.0,37.1
2021-08-31 15:00:00,1408.0,37.0
2021-08-31 16:00:00,1420.0,37.0
2021-08-31 17:00:00,1441.0,37.4
2021-08-31 18:00:00,1338.0,36.0
2021-08-31 19:00:00,1364.0,34.4
2021-08-31 20:00:00,1611.0,33.4
2021-08-31 21:00:00,1598.0,32.7
2021-08-31 22:00:00,1469.0,31.9
2021-08-31 23:00:00,1402.0,31.4
2021-09-01 00:00:00,1328.0,31.0
2021-09-01 01:00:00,1213.0,30.3
2021-09-01 02:00:00,1160.0,30.0
2021-09-01 03:00:00,1101.0,29.8
2021-09-01 04:00:00,1039.0,29.2
2021-09-01 05:00:00,1007.0,28.8
2021-09-01 06:00:00,993.0,28.4
2021-09-01 07:00:00,1072.0,28.8
2021-09-01 08:00:00,1107.0,29.8
2021-09-01 09:00:00,1239.0,31.6
2021-09-01 10:00:00,1320.0,32.7
2021-09-01 11:00:00,1395.0,34.4
2021-09-01 12:00:00,1380.0,35.4
2021-09-01 13:00:00,1459.0,36.0
2021-09-01 14:00:00,1446.0,35.9
2021-09-01 15:00:00,1446.0,35.8
2021-09-01 16:00:00,1446.0,35.3
2021-09-01 17:00:00,1457.0,35.5
2021-09-01 18:00:00,1367.0,34.7
2021-09-01 19:00:00,1440.0,33.3
2021-09-01 20:00:00,1707.0,32.7
2021-09-01 21:00:00,1691.0,31.9
2021-09-01 22:00:00,1558.0,31.3
2021-09-01 23:00:00,1443.0,30.4
2021-09-02 00:00:00,1351.0,29.8
2021-09-02 01:00:00,1229.0,28.9
2021-09-02 02:00:00,1163.0,26.8
2021-09-02 03:00:00,1094.0,25.7
2021-09-02 04:00:00,1043.0,25.6
2021-09-02 05:00:00,1016.0,25.5
2021-09-02 06:00:00,1021.0,25.3
2021-09-02 07:00:00,1078.0,25.0
2021-09-02 08:00:00,1111.0,25.2
2021-09-02 09:00:00,1185.0,25.1
2021-09-02 10:00:00,1195.0,25.3
2021-09-02 11:00:00,1270.0,26.9
2021-09-02 12:00:00,1185.0,28.7
2021-09-02 13:00:00,1236.0,28.9
2021-09-02 14:00:00,1228.0,30.3
2021-09-02 15:00:00,1270.0,30.9
2021-09-02 16:00:00,1294.0,31.0
2021-09-02 17:00:00,1350.0,31.0
2021-09-02 18:00:00,1283.0,30.2
2021-09-02 19:00:00,1313.0,29.3
2021-09-02 20:00:00,1448.0,28.6
2021-09-02 21:00:00,1423.0,28.1
2021-09-02 22:00:00,1335.0,27.9
2021-09-02 23:00:00,1263.0,27.4
2021-09-03 00:00:00,1182.0,27.2
2021-09-03 01:00:00,1126.0,27.3
2021-09-03 02:00:00,1080.0,27.1
2021-09-03 03:00:00,1030.0,26.7
2021-09-03 04:00:00,1006.0,26.5
2021-09-03 05:00:00,986.0,26.5
2021-09-03 06:00:00,1040.0,26.5
2021-09-03 07:00:00,1110.0,26.7
2021-09-03 08:00:00,1182.0,27.0
2021-09-03 09:00:00,1271.0,27.6
2021-09-03 10:00:00,1315.0,29.1
2021-09-03 11:00:00,1375.0,30.2
2021-09-03 12:00:00,1313.0,32.1
2021-09-03 13:00:00,1393.0,33.0
2021-09-03 14:00:00,1400.0,34.1
2021-09-03 15:00:00,1398.0,35.0
2021-09-03 16:00:00,1422.0,35.3
2021-09-03 17:00:00,1436.0,34.2
2021-09-03 18:00:00,1233.0,25.7
2021-09-03 19:00:00,1254.0,26.4
2021-09-03 20:00:00,1413.0,26.4
2021-09-03 21:00:00,1380.0,26.5
2021-09-03 22:00:00,1269.0,26.7
2021-09-03 23:00:00,1248.0,26.8
2021-09-04 00:00:00,1196.0,26.6
2021-09-04 01:00:00,1135.0,26.3
2021-09-04 02:00:00,1069.0,26.9
2021-09-04 03:00:00,1053.0,28.7
2021-09-04 04:00:00,1009.0,29.0
2021-09-04 05:00:00,1003.0,28.8
2021-09-04 06:00:00,1052.0,28.4
2021-09-04 07:00:00,1114.0,28.3
2021-09-04 08:00:00,1189.0,30.1
2021-09-04 09:00:00,1267.0,31.1
2021-09-04 10:00:00,1348.0,32.5
2021-09-04 11:00:00,1441.0,34.3
2021-09-04 12:00:00,1429.0,35.1
2021-09-04 13:00:00,1515.0,36.1
2021-09-04 14:00:00,1524.0,36.7
2021-09-04 15:00:00,1525.0,37.1
2021-09-04 16:00:00,1500.0,36.7
2021-09-04 17:00:00,1521.0,37.0
2021-09-04 18:00:00,1444.0,36.1
2021-09-04 19:00:00,1506.0,34.5
2021-09-04 20:00:00,1695.0,33.4
2021-09-04 21:00:00,1698.0,32.8
2021-09-04 22:00:00,1599.0,31.8
2021-09-04 23:00:00,1543.0,31.2
2021-09-05 00:00:00,1450.0,31.1
2021-09-05 01:00:00,1334.0,31.2
2021-09-05 02:00:00,1265.0,31.2
2021-09-05 03:00:00,1207.0,31.1
2021-09-05 04:00:00,1149.0,30.9
2021-09-05 05:00:00,1105.0,30.0
2021-09-05 06:00:00,1093.0,29.0
2021-09-05 07:00:00,1139.0,28.0
2021-09-05 08:00:00,1160.0,27.0
2021-09-05 09:00:00,1201.0,26.3
2021-09-05 10:00:00,1221.0,26.4
2021-09-05 11:00:00,1253.0,26.2
2021-09-05 12:00:00,1174.0,26.4
2021-09-05 13:00:00,1176.0,26.3
2021-09-05 14:00:00,1166.0,26.6
2021-09-05 15:00:00,1168.0,28.4
2021-09-05 16:00:00,1182.0,28.9
2021-09-05 17:00:00,1220.0,28.1
2021-09-05 18:00:00,1131.0,27.4
2021-09-05 19:00:00,1163.0,27.5
2021-09-05 20:00:00,1263.0,27.4
2021-09-05 21:00:00,1223.0,27.4
2021-09-05 22:00:00,1135.0,27.4
2021-09-05 23:00:00,1108.0,27.1
2021-09-06 00:00:00,1059.0,27.1
2021-09-06 01:00:00,1029.0,27.1
2021-09-06 02:00:00,974.0,26.9
2021-09-06 03:00:00,963.0,27.0
2021-09-06 04:00:00,930.0,26.9
2021-09-06 05:00:00,936.0,26.8
2021-09-06 06:00:00,984.0,26.1
2021-09-06 07:00:00,1053.0,25.9
2021-09-06 08:00:00,1130.0,25.7
2021-09-06 09:00:00,1168.0,25.6
2021-09-06 10:00:00,1175.0,26.0
2021-09-06 11:00:00,1239.0,26.3
2021-09-06 12:00:00,1119.0,26.0
2021-09-06 13:00:00,1096.0,25.8
2021-09-06 14:00:00,1097.0,25.9
2021-09-06 15:00:00,1096.0,25.6
2021-09-06 16:00:00,1095.0,25.7
2021-09-06 17:00:00,1135.0,25.7
2021-09-06 18:00:00,1055.0,25.3
2021-09-06 19:00:00,1074.0,24.2
2021-09-06 20:00:00,1068.0,24.2
2021-09-06 21:00:00,1009.0,24.5
2021-09-06 22:00:00,956.0,24.8
2021-09-06 23:00:00,956.0,24.3
2021-09-07 00:00:00,905.0,24.0
2021-09-07 01:00:00,873.0,23.9
2021-09-07 02:00:00,864.0,24.1
2021-09-07 03:00:00,831.0,24.1
2021-09-07 04:00:00,807.0,23.9
2021-09-07 05:00:00,807.0,23.9
2021-09-07 06:00:00,886.0,24.0
2021-09-07 07:00:00,1030.0,24.2
2021-09-07 08:00:00,1062.0,24.4
2021-09-07 09:00:00,1117.0,25.1
2021-09-07 10:00:00,1133.0,25.8
2021-09-07 11:00:00,1180.0,26.6
2021-09-07 12:00:00,1063.0,27.2
2021-09-07 13:00:00,1053.0,26.4
2021-09-07 14:00:00,1038.0,26.2
2021-09-07 15:00:00,1028.0,28.2
2021-09-07 16:00:00,1072.0,27.9
2021-09-07 17:00:00,1107.0,26.8
2021-09-07 18:00:00,1034.0,26.6
2021-09-07 19:00:00,1070.0,26.0
2021-09-07 20:00:00,1076.0,25.4
2021-09-07 21:00:00,1014.0,25.5
2021-09-07 22:00:00,953.0,25.0
2021-09-07 23:00:00,920.0,24.4
2021-09-08 00:00:00,908.0,24.3
2021-09-08 01:00:00,858.0,23.9
2021-09-08 02:00:00,829.0,23.6
2021-09-08 03:00:00,826.0,23.3
2021-09-08 04:00:00,791.0,23.4
2021-09-08 05:00:00,804.0,23.3
2021-09-08 06:00:00,869.0,23.1
2021-09-08 07:00:00,1020.0,23.4
2021-09-08 08:00:00,1054.0,24.9
2021-09-08 09:00:00,1120.0,25.9
2021-09-08 10:00:00,1135.0,27.2
2021-09-08 11:00:00,1183.0,28.5
2021-09-08 12:00:00,1083.0,29.0
2021-09-08 13:00:00,1105.0,29.0
2021-09-08 14:00:00,1117.0,30.3
2021-09-08 15:00:00,1107.0,30.4
2021-09-08 16:00:00,1141.0,29.9
2021-09-08 17:00:00,1190.0,29.8
2021-09-08 18:00:00,1118.0,29.4
2021-09-08 19:00:00,1141.0,28.4
2021-09-08 20:00:00,1153.0,28.1
2021-09-08 21:00:00,1108.0,27.7
2021-09-08 22:00:00,1002.0,26.7
2021-09-08 23:00:00,1004.0,25.8
2021-09-09 00:00:00,955.0,25.2
2021-09-09 01:00:00,905.0,24.7
2021-09-09 02:00:00,868.0,24.5
2021-09-09 03:00:00,836.0,24.2
2021-09-09 04:00:00,829.0,24.1
2021-09-09 05:00:00,844.0,23.9
2021-09-09 06:00:00,913.0,23.7
2021-09-09 07:00:00,1059.0,24.1
2021-09-09 08:00:00,1106.0,26.0
2021-09-09 09:00:00,1178.0,28.4
2021-09-09 10:00:00,1217.0,30.2
2021-09-09 11:00:00,1262.0,30.9
2021-09-09 12:00:00,1218.0,31.7
2021-09-09 13:00:00,1207.0,32.3
2021-09-09 14:00:00,1208.0,33.1
2021-09-09 15:00:00,1203.0,32.6
2021-09-09 16:00:00,1229.0,33.2
2021-09-09 17:00:00,1253.0,32.4
2021-09-09 18:00:00,1196.0,31.7
2021-09-09 19:00:00,1220.0,30.4
2021-09-09 20:00:00,1288.0,29.8
2021-09-09 21:00:00,1245.0,29.2
2021-09-09 22:00:00,1151.0,28.0
2021-09-09 23:00:00,1096.0,27.3
2021-09-10 00:00:00,1069.0,26.8
2021-09-10 01:00:00,1003.0,26.4
2021-09-10 02:00:00,966.0,26.1
2021-09-10 03:00:00,934.0,26.3
2021-09-10 04:00:00,910.0,26.0
2021-09-10 05:00:00,906.0,26.1
2021-09-10 06:00:00,955.0,26.0
2021-09-10 07:00:00,1087.0,26.5
2021-09-10 08:00:00,1142.0,27.9
2021-09-10 09:00:00,1268.0,29.4
2021-09-10 10:00:00,1308.0,31.5
2021-09-10 11:00:00,1379.0,32.2
2021-09-10 12:00:00,1298.0,32.5
2021-09-10 13:00:00,1339.0,33.4
2021-09-10 14:00:00,1354.0,33.9
2021-09-10 15:00:00,1370.0,34.1
2021-09-10 16:00:00,1359.0,33.9
2021-09-10 17:00:00,1397.0,33.4
2021-09-10 18:00:00,1290.0,32.5
2021-09-10 19:00:00,1326.0,31.1
2021-09-10 20:00:00,1409.0,30.3
2021-09-10 21:00:00,1346.0,28.8
2021-09-10 22:00:00,1294.0,28.7
2021-09-10 23:00:00,1221.0,27.5
2021-09-11 00:00:00,1170.0,26.8
2021-09-11 01:00:00,1086.0,26.1
2021-09-11 02:00:00,1045.0,25.8
2021-09-11 03:00:00,998.0,25.4
2021-09-11 04:00:00,960.0,25.1
2021-09-11 05:00:00,952.0,24.9
2021-09-11 06:00:00,979.0,25.5
2021-09-11 07:00:00,1088.0,26.0
2021-09-11 08:00:00,1164.0,27.7
2021-09-11 09:00:00,1226.0,29.0
2021-09-11 10:00:00,1287.0,30.3
2021-09-11 11:00:00,1349.0,31.9
2021-09-11 12:00:00,1265.0,32.3
2021-09-11 13:00:00,1286.0,33.3
2021-09-11 14:00:00,1307.0,33.5
2021-09-11 15:00:00,1292.0,33.0
2021-09-11 16:00:00,1303.0,33.1
2021-09-11 17:00:00,1337.0,32.6
2021-09-11 18:00:00,1250.0,31.7
2021-09-11 19:00:00,1296.0,30.8
2021-09-11 20:00:00,1370.0,30.2
2021-09-11 21:00:00,1328.0,29.8
2021-09-11 22:00:00,1300.0,29.1
2021-09-11 23:00:00,1225.0,28.6
2021-09-12 00:00:00,1169.0,28.2
2021-09-12 01:00:00,1104.0,27.4
2021-09-12 02:00:00,1046.0,27.0
2021-09-12 03:00:00,1013.0,26.7
2021-09-12 04:00:00,965.0,26.5
2021-09-12 05:00:00,966.0,26.4
2021-09-12 06:00:00,997.0,26.0
2021-09-12 07:00:00,1107.0,26.0
2021-09-12 08:00:00,1139.0,26.9
2021-09-12 09:00:00,1215.0,28.3
2021-09-12 10:00:00,1245.0,30.0
2021-09-12 11:00:00,1335.0,30.9
2021-09-12 12:00:00,1271.0,32.3
2021-09-12 13:00:00,1339.0,32.5
2021-09-12 14:00:00,1333.0,33.2
2021-09-12 15:00:00,1296.0,33.2
2021-09-12 16:00:00,1288.0,33.3
2021-09-12 17:00:00,1327.0,33.1
2021-09-12 18:00:00,1219.0,31.8
2021-09-12 19:00:00,1302.0,31.1
2021-09-12 20:00:00,1390.0,30.5
2021-09-12 21:00:00,1351.0,30.2
2021-09-12 22:00:00,1267.0,30.0
2021-09-12 23:00:00,1222.0,29.6
2021-09-13 00:00:00,1171.0,29.7
2021-09-13 01:00:00,1104.0,29.1
2021-09-13 02:00:00,1058.0,28.4
2021-09-13 03:00:00,1007.0,28.0
2021-09-13 04:00:00,964.0,27.4
2021-09-13 05:00:00,956.0,27.0
2021-09-13 06:00:00,1011.0,26.2
2021-09-13 07:00:00,1114.0,26.0
2021-09-13 08:00:00,1153.0,26.3
2021-09-13 09:00:00,1226.0,27.7
2021-09-13 10:00:00,1286.0,28.6
2021-09-13 11:00:00,1341.0,29.1
2021-09-13 12:00:00,1264.0,30.2
2021-09-13 13:00:00,1292.0,31.0
2021-09-13 14:00:00,1251.0,31.6
2021-09-13 15:00:00,1235.0,31.3
2021-09-13 16:00:00,1282.0,31.1
2021-09-13 17:00:00,1291.0,30.8
2021-09-13 18:00:00,1183.0,30.2
2021-09-13 19:00:00,1253.0,29.1
2021-09-13 20:00:00,1307.0,28.3
2021-09-13 21:00:00,1253.0,28.0
2021-09-13 22:00:00,1177.0,27.5
2021-09-13 23:00:00,1108.0,26.9
2021-09-14 00:00:00,1080.0,27.2
2021-09-14 01:00:00,1014.0,27.0
2021-09-14 02:00:00,967.0,25.5
2021-09-14 03:00:00,931.0,25.7
2021-09-14 04:00:00,911.0,25.3
2021-09-14 05:00:00,906.0,25.1
2021-09-14 06:00:00,938.0,24.9
2021-09-14 07:00:00,1090.0,24.7
2021-09-14 08:00:00,1099.0,25.6
2021-09-14 09:00:00,1193.0,26.3
2021-09-14 10:00:00,1235.0,27.4
2021-09-14 11:00:00,1302.0,28.6
2021-09-14 12:00:00,1195.0,29.6
2021-09-14 13:00:00,1227.0,30.9
2021-09-14 14:00:00,1241.0,31.2
2021-09-14 15:00:00,1240.0,31.8
2021-09-14 16:00:00,1248.0,31.9
2021-09-14 17:00:00,1287.0,31.5
2021-09-14 18:00:00,1217.0,30.7
2021-09-14 19:00:00,1286.0,29.8
2021-09-14 20:00:00,1304.0,29.3
2021-09-14 21:00:00,1267.0,28.8
2021-09-14 22:00:00,1164.0,28.1
2021-09-14 23:00:00,1127.0,27.8
2021-09-15 00:00:00,1077.0,27.4
2021-09-15 01:00:00,1005.0,26.3
2021-09-15 02:00:00,964.0,25.9
2021-09-15 03:00:00,921.0,25.8
2021-09-15 04:00:00,901.0,25.7
2021-09-15 05:00:00,887.0,25.2
2021-09-15 06:00:00,960.0,25.0
2021-09-15 07:00:00,1063.0,25.2
2021-09-15 08:00:00,1131.0,26.0
2021-09-15 09:00:00,1198.0,27.4
2021-09-15 10:00:00,1314.0,28.5
2021-09-15 11:00:00,1352.0,29.4
2021-09-15 12:00:00,1208.0,30.5
2021-09-15 13:00:00,1260.0,31.2
2021-09-15 14:00:00,1258.0,32.1
2021-09-15 15:00:00,1252.0,32.1
2021-09-15 16:00:00,1250.0,31.5
2021-09-15 17:00:00,1278.0,31.4
2021-09-15 18:00:00,1221.0,30.6
2021-09-15 19:00:00,1300.0,29.8
2021-09-15 20:00:00,1348.0,29.3
2021-09-15 21:00:00,1294.0,29.1
2021-09-15 22:00:00,1213.0,28.8
2021-09-15 23:00:00,1207.0,28.1
2021-09-16 00:00:00,1093.0,27.4
2021-09-16 01:00:00,1044.0,26.3
2021-09-16 02:00:00,1006.0,25.8
2021-09-16 03:00:00,940.0,25.6
2021-09-16 04:00:00,942.0,25.7
2021-09-16 05:00:00,936.0,26.1
2021-09-16 06:00:00,999.0,25.7
2021-09-16 07:00:00,1091.0,25.8
2021-09-16 08:00:00,1166.0,27.0
2021-09-16 09:00:00,1248.0,28.5
2021-09-16 10:00:00,1291.0,29.6
2021-09-16 11:00:00,1320.0,31.4
2021-09-16 12:00:00,1203.0,31.0
2021-09-16 13:00:00,1238.0,31.5
2021-09-16 14:00:00,1210.0,32.1
2021-09-16 15:00:00,1235.0,31.9
2021-09-16 16:00:00,1239.0,31.9
2021-09-16 17:00:00,1263.0,31.9
2021-09-16 18:00:00,1179.0,30.9
2021-09-16 19:00:00,1260.0,29.9
2021-09-16 20:00:00,1300.0,29.4
2021-09-16 21:00:00,1280.0,29.0
2021-09-16 22:00:00,1191.0,28.9
2021-09-16 23:00:00,1141.0,28.3
2021-09-17 00:00:00,1109.0,27.7
2021-09-17 01:00:00,1030.0,26.9
2021-09-17 02:00:00,978.0,26.6
2021-09-17 03:00:00,980.0,26.3
2021-09-17 04:00:00,949.0,26.0
2021-09-17 05:00:00,948.0,25.3
2021-09-17 06:00:00,996.0,24.9
2021-09-17 07:00:00,1099.0,25.2
2021-09-17 08:00:00,1148.0,27.2
2021-09-17 09:00:00,1221.0,29.3
2021-09-17 10:00:00,1205.0,30.4
2021-09-17 11:00:00,1231.0,31.8
2021-09-17 12:00:00,1173.0,32.3
2021-09-17 13:00:00,1213.0,33.1
2021-09-17 14:00:00,1234.0,32.8
2021-09-17 15:00:00,1203.0,33.4
2021-09-17 16:00:00,1226.0,33.3
2021-09-17 17:00:00,1262.0,32.5
2021-09-17 18:00:00,1182.0,31.3
2021-09-17 19:00:00,1294.0,30.1
2021-09-17 20:00:00,1326.0,29.4
2021-09-17 21:00:00,1255.0,29.0
2021-09-17 22:00:00,1208.0,28.8
2021-09-17 23:00:00,1171.0,28.5
2021-09-18 00:00:00,1134.0,27.8
2021-09-18 01:00:00,1082.0,27.6
2021-09-18 02:00:00,1019.0,27.5
2021-09-18 03:00:00,997.0,27.8
2021-09-18 04:00:00,976.0,27.4
2021-09-18 05:00:00,973.0,27.0
2021-09-18 06:00:00,1012.0,27.3
2021-09-18 07:00:00,1108.0,27.4
2021-09-18 08:00:00,1148.0,28.2
2021-09-18 09:00:00,1204.0,28.0
2021-09-18 10:00:00,1201.0,29.1
2021-09-18 11:00:00,1250.0,31.1
2021-09-18 12:00:00,1197.0,32.5
2021-09-18 13:00:00,1222.0,33.8
2021-09-18 14:00:00,1241.0,34.9
2021-09-18 15:00:00,1249.0,35.4
2021-09-18 16:00:00,1262.0,35.7
2021-09-18 17:00:00,1318.0,34.7
2021-09-18 18:00:00,1217.0,33.3
2021-09-18 19:00:00,1351.0,32.1
2021-09-18 20:00:00,1425.0,31.4
2021-09-18 21:00:00,1407.0,30.9
2021-09-18 22:00:00,1353.0,30.3
2021-09-18 23:00:00,1335.0,29.4
2021-09-19 00:00:00,1264.0,29.3
2021-09-19 01:00:00,1196.0,29.5
2021-09-19 02:00:00,1136.0,29.5
2021-09-19 03:00:00,1099.0,29.4
2021-09-19 04:00:00,1059.0,28.8
2021-09-19 05:00:00,1028.0,28.3
2021-09-19 06:00:00,1058.0,28.5
2021-09-19 07:00:00,1159.0,29.0
2021-09-19 08:00:00,1200.0,30.3
2021-09-19 09:00:00,1290.0,31.8
2021-09-19 10:00:00,1346.0,32.4
2021-09-19 11:00:00,1431.0,33.0
2021-09-19 12:00:00,1389.0,35.0
2021-09-19 13:00:00,1429.0,35.8
2021-09-19 14:00:00,1466.0,36.8
2021-09-19 15:00:00,1467.0,36.7
2021-09-19 16:00:00,1437.0,36.2
2021-09-19 17:00:00,1449.0,35.6
2021-09-19 18:00:00,1307.0,30.7
2021-09-19 19:00:00,1360.0,28.7
2021-09-19 20:00:00,1354.0,28.0
2021-09-19 21:00:00,1271.0,23.8
2021-09-19 22:00:00,1108.0,22.0
2021-09-19 23:00:00,1052.0,21.7
2021-09-20 00:00:00,1012.0,21.6
2021-09-20 01:00:00,969.0,21.5
2021-09-20 02:00:00,909.0,21.2
2021-09-20 03:00:00,883.0,21.0
2021-09-20 04:00:00,843.0,21.1
2021-09-20 05:00:00,842.0,21.1
2021-09-20 06:00:00,867.0,21.1
2021-09-20 07:00:00,992.0,21.1
2021-09-20 08:00:00,1030.0,21.9
2021-09-20 09:00:00,1021.0,22.5
2021-09-20 10:00:00,1013.0,22.5
2021-09-20 11:00:00,1030.0,24.0
2021-09-20 12:00:00,968.0,25.4
2021-09-20 13:00:00,1034.0,27.4
2021-09-20 14:00:00,1052.0,28.3
2021-09-20 15:00:00,1027.0,29.0
2021-09-20 16:00:00,1061.0,29.1
2021-09-20 17:00:00,1101.0,29.1
2021-09-20 18:00:00,1037.0,28.3
2021-09-20 19:00:00,1126.0,26.7
2021-09-20 20:00:00,1120.0,26.1
2021-09-20 21:00:00,1070.0,25.3
2021-09-20 22:00:00,985.0,25.4
2021-09-20 23:00:00,951.0,24.5
2021-09-21 00:00:00,911.0,23.8
2021-09-21 01:00:00,825.0,23.8
2021-09-21 02:00:00,803.0,23.2
2021-09-21 03:00:00,770.0,22.8
2021-09-21 04:00:00,739.0,22.7
2021-09-21 05:00:00,717.0,22.5
2021-09-21 06:00:00,761.0,22.1
2021-09-21 07:00:00,883.0,22.5
2021-09-21 08:00:00,866.0,25.5
2021-09-21 09:00:00,859.0,27.4
2021-09-21 10:00:00,905.0,30.0
2021-09-21 11:00:00,945.0,31.7
2021-09-21 12:00:00,928.0,33.2
2021-09-21 13:00:00,939.0,34.3
2021-09-21 14:00:00,962.0,35.3
2021-09-21 15:00:00,971.0,35.7
2021-09-21 16:00:00,1010.0,35.5
2021-09-21 17:00:00,1050.0,34.8
2021-09-21 18:00:00,990.0,33.1
2021-09-21 19:00:00,1125.0,30.3
2021-09-21 20:00:00,1183.0,30.0
2021-09-21 21:00:00,1132.0,29.1
2021-09-21 22:00:00,1010.0,30.2
2021-09-21 23:00:00,941.0,29.3
2021-09-22 00:00:00,898.0,27.6
2021-09-22 01:00:00,850.0,26.5
2021-09-22 02:00:00,809.0,26.8
2021-09-22 03:00:00,782.0,26.1
2021-09-22 04:00:00,764.0,24.6
2021-09-22 05:00:00,769.0,23.8
2021-09-22 06:00:00,828.0,23.5
2021-09-22 07:00:00,956.0,23.7
2021-09-22 08:00:00,1011.0,27.6
2021-09-22 09:00:00,1098.0,30.2
2021-09-22 10:00:00,1095.0,31.5
2021-09-22 11:00:00,1172.0,32.7
2021-09-22 12:00:00,1117.0,34.0
2021-09-22 13:00:00,1169.0,34.6
2021-09-22 14:00:00,1152.0,35.2
2021-09-22 15:00:00,1150.0,34.9
2021-09-22 16:00:00,1148.0,35.0
2021-09-22 17:00:00,1189.0,34.6
2021-09-22 18:00:00,1127.0,33.3
2021-09-22 19:00:00,1225.0,31.6
2021-09-22 20:00:00,1236.0,29.7
2021-09-22 21:00:00,1163.0,29.3
2021-09-22 22:00:00,1108.0,28.5
2021-09-22 23:00:00,1104.0,27.8
2021-09-23 00:00:00,1049.0,27.2
2021-09-23 01:00:00,982.0,27.0
2021-09-23 02:00:00,936.0,28.1
2021-09-23 03:00:00,895.0,27.8
2021-09-23 04:00:00,879.0,28.0
2021-09-23 05:00:00,882.0,27.5
2021-09-23 06:00:00,965.0,27.3
2021-09-23 07:00:00,1055.0,27.5
2021-09-23 08:00:00,1084.0,28.6
2021-09-23 09:00:00,1140.0,30.1
2021-09-23 10:00:00,1176.0,30.7
2021-09-23 11:00:00,1246.0,31.9
2021-09-23 12:00:00,1151.0,33.8
2021-09-23 13:00:00,1203.0,34.8
2021-09-23 14:00:00,1218.0,35.2
2021-09-23 15:00:00,1216.0,35.5
2021-09-23 16:00:00,1222.0,35.8
2021-09-23 17:00:00,1275.0,35.9
2021-09-23 18:00:00,1218.0,34.4
2021-09-23 19:00:00,1371.0,33.5
2021-09-23 20:00:00,1398.0,32.4
2021-09-23 21:00:00,1341.0,32.1
2021-09-23 22:00:00,1254.0,31.3
2021-09-23 23:00:00,1160.0,31.5
2021-09-24 00:00:00,1086.0,30.8
2021-09-24 01:00:00,1011.0,31.1
2021-09-24 02:00:00,953.0,30.8
2021-09-24 03:00:00,910.0,30.2
2021-09-24 04:00:00,871.0,29.6
2021-09-24 05:00:00,850.0,28.9
2021-09-24 06:00:00,894.0,28.4
2021-09-24 07:00:00,981.0,28.5
2021-09-24 08:00:00,1041.0,29.6
2021-09-24 09:00:00,1120.0,31.4
2021-09-24 10:00:00,1185.0,32.5
2021-09-24 11:00:00,1252.0,34.1
2021-09-24 12:00:00,1151.0,34.9
2021-09-24 13:00:00,1208.0,35.9
2021-09-24 14:00:00,1268.0,36.5
2021-09-24 15:00:00,1252.0,36.6
2021-09-24 16:00:00,1248.0,37.4
2021-09-24 17:00:00,1272.0,36.3
2021-09-24 18:00:00,1230.0,35.4
2021-09-24 19:00:00,1379.0,33.9
2021-09-24 20:00:00,1464.0,33.0
2021-09-24 21:00:00,1415.0,33.1
2021-09-24 22:00:00,1332.0,32.9
2021-09-24 23:00:00,1242.0,31.3
2021-09-25 00:00:00,1166.0,31.7
2021-09-25 01:00:00,1087.0,31.2
2021-09-25 02:00:00,1018.0,30.8
2021-09-25 03:00:00,970.0,30.1
2021-09-25 04:00:00,919.0,28.7
2021-09-25 05:00:00,894.0,27.8
2021-09-25 06:00:00,903.0,27.5
2021-09-25 07:00:00,991.0,27.7
2021-09-25 08:00:00,1047.0,29.9
2021-09-25 09:00:00,1116.0,31.9
2021-09-25 10:00:00,1195.0,33.2
2021-09-25 11:00:00,1290.0,34.2
2021-09-25 12:00:00,1257.0,35.1
2021-09-25 13:00:00,1325.0,36.3
2021-09-25 14:00:00,1351.0,36.8
2021-09-25 15:00:00,1353.0,36.8
2021-09-25 16:00:00,1340.0,37.1
2021-09-25 17:00:00,1350.0,36.6
2021-09-25 18:00:00,1279.0,35.5
2021-09-25 19:00:00,1439.0,34.3
2021-09-25 20:00:00,1521.0,33.2
2021-09-25 21:00:00,1490.0,32.9
2021-09-25 22:00:00,1392.0,32.9
2021-09-25 23:00:00,1280.0,32.7
2021-09-26 00:00:00,1189.0,31.1
2021-09-26 01:00:00,1107.0,30.0
2021-09-26 02:00:00,1046.0,29.6
2021-09-26 03:00:00,989.0,29.5
2021-09-26 04:00:00,938.0,28.6
2021-09-26 05:00:00,916.0,27.7
2021-09-26 06:00:00,947.0,27.2
2021-09-26 07:00:00,1004.0,28.1
2021-09-26 08:00:00,1051.0,30.9
2021-09-26 09:00:00,1156.0,31.8
2021-09-26 10:00:00,1220.0,33.7
2021-09-26 11:00:00,1292.0,34.3
2021-09-26 12:00:00,1267.0,35.6
2021-09-26 13:00:00,1333.0,35.6
2021-09-26 14:00:00,1339.0,36.2
2021-09-26 15:00:00,1321.0,36.2
2021-09-26 16:00:00,1320.0,36.2
2021-09-26 17:00:00,1346.0,35.7
2021-09-26 18:00:00,1284.0,34.7
2021-09-26 19:00:00,1480.0,33.2
2021-09-26 20:00:00,1570.0,32.8
2021-09-26 21:00:00,1532.0,32.4
2021-09-26 22:00:00,1429.0,31.5
2021-09-26 23:00:00,1312.0,31.0
2021-09-27 00:00:00,1205.0,30.9
2021-09-27 01:00:00,1124.0,30.3
2021-09-27 02:00:00,1039.0,26.9
2021-09-27 03:00:00,968.0,25.7
2021-09-27 04:00:00,910.0,25.0
2021-09-27 05:00:00,886.0,24.7
2021-09-27 06:00:00,907.0,24.4
2021-09-27 07:00:00,954.0,24.4
2021-09-27 08:00:00,977.0,24.2
2021-09-27 09:00:00,1008.0,24.2
2021-09-27 10:00:00,1013.0,24.4
2021-09-27 11:00:00,1043.0,25.0
2021-09-27 12:00:00,962.0,25.8
2021-09-27 13:00:00,954.0,26.3
2021-09-27 14:00:00,954.0,26.3
2021-09-27 15:00:00,950.0,26.6
2021-09-27 16:00:00,972.0,26.5
2021-09-27 17:00:00,1024.0,26.5
2021-09-27 18:00:00,989.0,26.3
2021-09-27 19:00:00,1109.0,26.1
2021-09-27 20:00:00,1076.0,25.9
2021-09-27 21:00:00,1009.0,25.6
2021-09-27 22:00:00,938.0,25.7
2021-09-27 23:00:00,869.0,25.5
2021-09-28 00:00:00,834.0,25.2
2021-09-28 01:00:00,792.0,24.9
2021-09-28 02:00:00,765.0,24.7
2021-09-28 03:00:00,733.0,24.7
2021-09-28 04:00:00,729.0,24.6
2021-09-28 05:00:00,731.0,24.5
2021-09-28 06:00:00,794.0,24.6
2021-09-28 07:00:00,928.0,24.7
2021-09-28 08:00:00,985.0,25.7
2021-09-28 09:00:00,1025.0,26.9
2021-09-28 10:00:00,1052.0,28.2
2021-09-28 11:00:00,1110.0,29.5
2021-09-28 12:00:00,1058.0,31.2
2021-09-28 13:00:00,1114.0,31.6
2021-09-28 14:00:00,1132.0,33.8
2021-09-28 15:00:00,1152.0,34.8
2021-09-28 16:00:00,1163.0,34.6
2021-09-28 17:00:00,1212.0,34.7
2021-09-28 18:00:00,1170.0,33.5
2021-09-28 19:00:00,1323.0,31.5
2021-09-28 20:00:00,1334.0,30.0
2021-09-28 21:00:00,1191.0,29.7
2021-09-28 22:00:00,1042.0,27.1
2021-09-28 23:00:00,929.0,25.3
2021-09-29 00:00:00,837.0,24.0
2021-09-29 01:00:00,779.0,22.9
2021-09-29 02:00:00,732.0,22.5
2021-09-29 03:00:00,691.0,22.1
2021-09-29 04:00:00,672.0,21.7
2021-09-29 05:00:00,674.0,21.7
2021-09-29 06:00:00,704.0,21.3
2021-09-29 07:00:00,806.0,21.4
2021-09-29 08:00:00,857.0,21.2
2021-09-29 09:00:00,879.0,21.6
2021-09-29 10:00:00,892.0,21.7
2021-09-29 11:00:00,918.0,23.7
2021-09-29 12:00:00,855.0,25.2
2021-09-29 13:00:00,848.0,25.7
2021-09-29 14:00:00,847.0,26.5
2021-09-29 15:00:00,867.0,27.9
2021-09-29 16:00:00,881.0,27.4
2021-09-29 17:00:00,945.0,27.8
2021-09-29 18:00:00,918.0,26.7
2021-09-29 19:00:00,1009.0,25.3
2021-09-29 20:00:00,979.0,24.3
2021-09-29 21:00:00,897.0,23.2
2021-09-29 22:00:00,813.0,22.7
2021-09-29 23:00:00,748.0,22.3
2021-09-30 00:00:00,711.0,21.9
2021-09-30 01:00:00,679.0,22.0
2021-09-30 02:00:00,668.0,22.0
2021-09-30 03:00:00,631.0,21.6
2021-09-30 04:00:00,619.0,21.5
2021-09-30 05:00:00,633.0,21.3
2021-09-30 06:00:00,701.0,21.3
2021-09-30 07:00:00,839.0,21.1
2021-09-30 08:00:00,868.0,22.7
2021-09-30 09:00:00,897.0,24.3
2021-09-30 10:00:00,930.0,25.5
2021-09-30 11:00:00,958.0,26.8
2021-09-30 12:00:00,892.0,28.3
2021-09-30 13:00:00,892.0,29.2
2021-09-30 14:00:00,898.0,29.6
2021-09-30 15:00:00,911.0,30.7
2021-09-30 16:00:00,956.0,31.8
2021-09-30 17:00:00,1005.0,29.9
2021-09-30 18:00:00,948.0,28.4
2021-09-30 19:00:00,1052.0,27.3
2021-09-30 20:00:00,1024.0,26.6
2021-09-30 21:00:00,955.0,25.8
2021-09-30 22:00:00,873.0,25.6
2021-09-30 23:00:00,808.0,24.6
2021-10-01 00:00:00,793.0,24.0
2021-10-01 01:00:00,745.0,23.6
2021-10-01 02:00:00,697.0,23.4
2021-10-01 03:00:00,670.0,23.6
2021-10-01 04:00:00,651.0,23.3
2021-10-01 05:00:00,647.0,23.3
2021-10-01 06:00:00,697.0,23.0
2021-10-01 07:00:00,806.0,22.5
2021-10-01 08:00:00,787.0,25.0
2021-10-01 09:00:00,814.0,27.1
2021-10-01 10:00:00,852.0,29.0
2021-10-01 11:00:00,919.0,30.6
2021-10-01 12:00:00,896.0,32.5
2021-10-01 13:00:00,918.0,33.6
2021-10-01 14:00:00,924.0,33.3
2021-10-01 15:00:00,932.0,32.8
2021-10-01 16:00:00,953.0,33.2
2021-10-01 17:00:00,1007.0,31.8
2021-10-01 18:00:00,967.0,30.6
2021-10-01 19:00:00,1102.0,29.7
2021-10-01 20:00:00,1112.0,29.3
2021-10-01 21:00:00,1039.0,28.2
2021-10-01 22:00:00,948.0,27.0
2021-10-01 23:00:00,896.0,26.5
2021-10-02 00:00:00,857.0,25.9
2021-10-02 01:00:00,815.0,25.4
2021-10-02 02:00:00,766.0,25.2
2021-10-02 03:00:00,744.0,24.9
2021-10-02 04:00:00,719.0,25.5
2021-10-02 05:00:00,705.0,25.1
2021-10-02 06:00:00,737.0,24.5
2021-10-02 07:00:00,863.0,24.4
2021-10-02 08:00:00,896.0,26.6
2021-10-02 09:00:00,907.0,29.1
2021-10-02 10:00:00,941.0,30.7
2021-10-02 11:00:00,1012.0,32.0
2021-10-02 12:00:00,1002.0,33.5
2021-10-02 13:00:00,1040.0,34.6
2021-10-02 14:00:00,1080.0,35.6
2021-10-02 15:00:00,1086.0,35.9
2021-10-02 16:00:00,1112.0,36.1
2021-10-02 17:00:00,1162.0,36.0
2021-10-02 18:00:00,1090.0,34.1
2021-10-02 19:00:00,1250.0,32.6
2021-10-02 20:00:00,1280.0,31.6
2021-10-02 21:00:00,1231.0,30.8
2021-10-02 22:00:00,1147.0,30.3
2021-10-02 23:00:00,1078.0,30.8
2021-10-03 00:00:00,1043.0,29.9
2021-10-03 01:00:00,972.0,29.6
2021-10-03 02:00:00,910.0,29.5
2021-10-03 03:00:00,867.0,29.2
2021-10-03 04:00:00,827.0,29.1
2021-10-03 05:00:00,822.0,28.6
2021-10-03 06:00:00,843.0,28.8
2021-10-03 07:00:00,930.0,28.9
2021-10-03 08:00:00,971.0,29.8
2021-10-03 09:00:00,1029.0,31.1
2021-10-03 10:00:00,1084.0,33.1
2021-10-03 11:00:00,1178.0,33.9
2021-10-03 12:00:00,1168.0,34.8
2021-10-03 13:00:00,1238.0,35.6
2021-10-03 14:00:00,1272.0,36.5
2021-10-03 15:00:00,1266.0,36.5
2021-10-03 16:00:00,1262.0,37.3
2021-10-03 17:00:00,1268.0,36.1
2021-10-03 18:00:00,1188.0,34.7
2021-10-03 19:00:00,1354.0,33.7
2021-10-03 20:00:00,1406.0,32.9
2021-10-03 21:00:00,1358.0,32.4
2021-10-03 22:00:00,1291.0,31.9
2021-10-03 23:00:00,1220.0,32.3
2021-10-04 00:00:00,1168.0,31.6
2021-10-04 01:00:00,1099.0,30.4
2021-10-04 02:00:00,1040.0,29.1
2021-10-04 03:00:00,979.0,28.6
2021-10-04 04:00:00,943.0,28.7
2021-10-04 05:00:00,894.0,28.2
2021-10-04 06:00:00,916.0,27.8
2021-10-04 07:00:00,966.0,27.5
2021-10-04 08:00:00,1010.0,29.2
2021-10-04 09:00:00,1068.0,31.3
2021-10-04 10:00:00,1132.0,32.7
2021-10-04 11:00:00,1219.0,34.5
2021-10-04 12:00:00,1191.0,35.2
2021-10-04 13:00:00,1281.0,35.9
2021-10-04 14:00:00,1326.0,36.8
2021-10-04 15:00:00,1327.0,36.5
2021-10-04 16:00:00,1321.0,36.4
2021-10-04 17:00:00,1328.0,35.8
2021-10-04 18:00:00,1248.0,34.7
2021-10-04 19:00:00,1431.0,33.4
2021-10-04 20:00:00,1485.0,32.0
2021-10-04 21:00:00,1450.0,32.1
2021-10-04 22:00:00,1374.0,30.8
2021-10-04 23:00:00,1283.0,31.1
2021-10-05 00:00:00,1228.0,31.3
2021-10-05 01:00:00,1171.0,30.6
2021-10-05 02:00:00,1079.0,30.1
2021-10-05 03:00:00,1040.0,29.7
2021-10-05 04:00:00,969.0,29.5
2021-10-05 05:00:00,945.0,28.6
2021-10-05 06:00:00,968.0,28.7
2021-10-05 07:00:00,1015.0,29.2
2021-10-05 08:00:00,1036.0,30.1
2021-10-05 09:00:00,1110.0,31.5
2021-10-05 10:00:00,1169.0,32.9
2021-10-05 11:00:00,1248.0,33.6
2021-10-05 12:00:00,1225.0,33.6
2021-10-05 13:00:00,1261.0,33.9
2021-10-05 14:00:00,1287.0,34.2
2021-10-05 15:00:00,1274.0,33.8
2021-10-05 16:00:00,1260.0,32.4
2021-10-05 17:00:00,1260.0,31.6
2021-10-05 18:00:00,1148.0,29.8
2021-10-05 19:00:00,1229.0,28.4
2021-10-05 20:00:00,1200.0,27.7
2021-10-05 21:00:00,1113.0,26.7
2021-10-05 22:00:00,1021.0,25.9
2021-10-05 23:00:00,930.0,24.8
2021-10-06 00:00:00,897.0,23.8
2021-10-06 01:00:00,847.0,22.3
2021-10-06 02:00:00,801.0,21.5
2021-10-06 03:00:00,749.0,20.5
2021-10-06 04:00:00,732.0,20.2
2021-10-06 05:00:00,728.0,19.6
2021-10-06 06:00:00,754.0,19.3
2021-10-06 07:00:00,838.0,19.2
2021-10-06 08:00:00,877.0,19.0
2021-10-06 09:00:00,904.0,18.7
2021-10-06 10:00:00,889.0,19.0
2021-10-06 11:00:00,937.0,19.5
2021-10-06 12:00:00,858.0,19.1
2021-10-06 13:00:00,818.0,19.3
2021-10-06 14:00:00,830.0,19.7
2021-10-06 15:00:00,823.0,19.7
2021-10-06 16:00:00,845.0,19.9
2021-10-06 17:00:00,929.0,19.7
2021-10-06 18:00:00,889.0,19.6
2021-10-06 19:00:00,949.0,19.3
2021-10-06 20:00:00,899.0,19.3
2021-10-06 21:00:00,830.0,19.2
2021-10-06 22:00:00,759.0,18.3
2021-10-06 23:00:00,744.0,18.0
2021-10-07 00:00:00,747.0,17.2
2021-10-07 01:00:00,712.0,17.1
2021-10-07 02:00:00,700.0,16.8
2021-10-07 03:00:00,687.0,16.5
2021-10-07 04:00:00,672.0,16.4
2021-10-07 05:00:00,688.0,16.3
2021-10-07 06:00:00,746.0,16.2
2021-10-07 07:00:00,885.0,16.0
2021-10-07 08:00:00,976.0,15.9
2021-10-07 09:00:00,989.0,16.0
2021-10-07 10:00:00,1018.0,16.2
2021-10-07 11:00:00,1046.0,16.7
2021-10-07 12:00:00,938.0,17.2
2021-10-07 13:00:00,889.0,17.7
2021-10-07 14:00:00,894.0,17.9
2021-10-07 15:00:00,900.0,18.3
2021-10-07 16:00:00,914.0,18.2
2021-10-07 17:00:00,1011.0,18.3
2021-10-07 18:00:00,969.0,18.3
2021-10-07 19:00:00,1024.0,18.1
2021-10-07 20:00:00,972.0,18.4
2021-10-07 21:00:00,889.0,18.5
2021-10-07 22:00:00,805.0,18.6
2021-10-07 23:00:00,792.0,18.6
2021-10-08 00:00:00,801.0,18.8
2021-10-08 01:00:00,755.0,18.8
2021-10-08 02:00:00,741.0,18.6
2021-10-08 03:00:00,730.0,18.4
2021-10-08 04:00:00,688.0,18.3
2021-10-08 05:00:00,710.0,18.0
2021-10-08 06:00:00,765.0,17.7
2021-10-08 07:00:00,943.0,17.6
2021-10-08 08:00:00,997.0,17.7
2021-10-08 09:00:00,1030.0,18.1
2021-10-08 10:00:00,1036.0,18.5
2021-10-08 11:00:00,1036.0,18.5
2021-10-08 12:00:00,933.0,18.7
2021-10-08 13:00:00,881.0,19.3
2021-10-08 14:00:00,896.0,19.7
2021-10-08 15:00:00,907.0,19.9
2021-10-08 16:00:00,933.0,19.9
2021-10-08 17:00:00,1027.0,20.0
2021-10-08 18:00:00,994.0,19.9
2021-10-08 19:00:00,1057.0,19.9
2021-10-08 20:00:00,977.0,19.9
2021-10-08 21:00:00,913.0,19.9
2021-10-08 22:00:00,820.0,19.8
2021-10-08 23:00:00,811.0,19.8
2021-10-09 00:00:00,807.0,19.7
2021-10-09 01:00:00,763.0,19.6
2021-10-09 02:00:00,750.0,19.5
2021-10-09 03:00:00,720.0,19.3
2021-10-09 04:00:00,695.0,19.3
2021-10-09 05:00:00,700.0,19.1
2021-10-09 06:00:00,769.0,18.3
2021-10-09 07:00:00,929.0,17.7
2021-10-09 08:00:00,1010.0,17.6
2021-10-09 09:00:00,1031.0,17.6
2021-10-09 10:00:00,1056.0,17.7
2021-10-09 11:00:00,1053.0,17.7
2021-10-09 12:00:00,967.0,17.6
2021-10-09 13:00:00,949.0,17.8
2021-10-09 14:00:00,936.0,17.9
2021-10-09 15:00:00,934.0,18.2
2021-10-09 16:00:00,950.0,18.3
2021-10-09 17:00:00,1028.0,18.4
2021-10-09 18:00:00,1004.0,18.3
2021-10-09 19:00:00,1041.0,18.3
2021-10-09 20:00:00,969.0,18.3
2021-10-09 21:00:00,919.0,18.4
2021-10-09 22:00:00,862.0,18.7
2021-10-09 23:00:00,826.0,18.7
2021-10-10 00:00:00,828.0,18.7
2021-10-10 01:00:00,801.0,18.8
2021-10-10 02:00:00,745.0,18.7
2021-10-10 03:00:00,726.0,18.8
2021-10-10 04:00:00,720.0,18.8
2021-10-10 05:00:00,722.0,18.9
2021-10-10 06:00:00,765.0,18.9
2021-10-10 07:00:00,898.0,18.8
2021-10-10 08:00:00,964.0,18.6
2021-10-10 09:00:00,1024.0,18.4
2021-10-10 10:00:00,1035.0,18.5
2021-10-10 11:00:00,1056.0,18.6
2021-10-10 12:00:00,940.0,18.5
2021-10-10 13:00:00,932.0,18.3
2021-10-10 14:00:00,921.0,17.8
2021-10-10 15:00:00,922.0,17.6
2021-10-10 16:00:00,966.0,17.3
2021-10-10 17:00:00,1058.0,16.6
2021-10-10 18:00:00,1014.0,16.1
2021-10-10 19:00:00,1033.0,15.7
2021-10-10 20:00:00,956.0,15.3
2021-10-10 21:00:00,903.0,15.1
2021-10-10 22:00:00,822.0,14.5
2021-10-10 23:00:00,815.0,14.2
2021-10-11 00:00:00,797.0,14.1
2021-10-11 01:00:00,782.0,13.9
2021-10-11 02:00:00,728.0,13.3
2021-10-11 03:00:00,684.0,13.9
2021-10-11 04:00:00,691.0,14.7
2021-10-11 05:00:00,713.0,14.8
2021-10-11 06:00:00,757.0,14.8
2021-10-11 07:00:00,961.0,14.8
2021-10-11 08:00:00,1032.0,14.9
2021-10-11 09:00:00,1056.0,14.9
2021-10-11 10:00:00,1057.0,15.1
2021-10-11 11:00:00,1053.0,15.4
2021-10-11 12:00:00,936.0,15.7
2021-10-11 13:00:00,902.0,15.9
2021-10-11 14:00:00,920.0,16.1
2021-10-11 15:00:00,909.0,16.1
2021-10-11 16:00:00,950.0,16.2
2021-10-11 17:00:00,1034.0,16.1
2021-10-11 18:00:00,1008.0,15.9
2021-10-11 19:00:00,1046.0,15.9
2021-10-11 20:00:00,990.0,15.9
2021-10-11 21:00:00,937.0,15.9
2021-10-11 22:00:00,865.0,15.9
2021-10-11 23:00:00,826.0,15.9
2021-10-12 00:00:00,817.0,15.8
2021-10-12 01:00:00,773.0,15.9
2021-10-12 02:00:00,748.0,15.9
2021-10-12 03:00:00,727.0,15.9
2021-10-12 04:00:00,717.0,15.8
2021-10-12 05:00:00,721.0,15.8
2021-10-12 06:00:00,798.0,15.8
2021-10-12 07:00:00,994.0,15.8
2021-10-12 08:00:00,1032.0,15.9
2021-10-12 09:00:00,1060.0,16.2
2021-10-12 10:00:00,1052.0,17.0
2021-10-12 11:00:00,1059.0,18.5
2021-10-12 12:00:00,892.0,19.9
2021-10-12 13:00:00,888.0,20.7
2021-10-12 14:00:00,897.0,21.3
2021-10-12 15:00:00,899.0,21.8
2021-10-12 16:00:00,930.0,21.8
2021-10-12 17:00:00,1021.0,21.4
2021-10-12 18:00:00,1009.0,21.0
2021-10-12 19:00:00,1072.0,20.5
2021-10-12 20:00:00,1034.0,20.4
2021-10-12 21:00:00,962.0,20.2
2021-10-12 22:00:00,869.0,20.0
2021-10-12 23:00:00,832.0,19.2
2021-10-13 00:00:00,836.0,18.8
2021-10-13 01:00:00,781.0,18.4
2021-10-13 02:00:00,754.0,18.2
2021-10-13 03:00:00,732.0,18.1
2021-10-13 04:00:00,702.0,18.0
2021-10-13 05:00:00,692.0,17.6
2021-10-13 06:00:00,765.0,17.0
2021-10-13 07:00:00,969.0,17.1
2021-10-13 08:00:00,1036.0,17.2
2021-10-13 09:00:00,1054.0,16.1
2021-10-13 10:00:00,1057.0,15.5
2021-10-13 11:00:00,1090.0,15.8
2021-10-13 12:00:00,957.0,16.3
2021-10-13 13:00:00,935.0,16.8
2021-10-13 14:00:00,933.0,17.6
2021-10-13 15:00:00,938.0,18.2
2021-10-13 16:00:00,979.0,18.5
2021-10-13 17:00:00,1065.0,18.6
2021-10-13 18:00:00,1029.0,18.1
2021-10-13 19:00:00,1057.0,18.1
2021-10-13 20:00:00,1024.0,18.0
2021-10-13 21:00:00,945.0,18.1
2021-10-13 22:00:00,868.0,18.3
2021-10-13 23:00:00,823.0,18.5
2021-10-14 00:00:00,817.0,18.5
2021-10-14 01:00:00,758.0,19.2
2021-10-14 02:00:00,728.0,19.2
2021-10-14 03:00:00,698.0,19.2
2021-10-14 04:00:00,685.0,19.2
2021-10-14 05:00:00,703.0,19.6
2021-10-14 06:00:00,766.0,19.4
2021-10-14 07:00:00,962.0,18.7
2021-10-14 08:00:00,1019.0,19.2
2021-10-14 09:00:00,1021.0,18.8
2021-10-14 10:00:00,1022.0,19.2
2021-10-14 11:00:00,1050.0,18.6
2021-10-14 12:00:00,948.0,18.0
2021-10-14 13:00:00,934.0,17.7
2021-10-14 14:00:00,947.0,17.4
2021-10-14 15:00:00,948.0,16.9
2021-10-14 16:00:00,983.0,16.7
2021-10-14 17:00:00,1070.0,16.4
2021-10-14 18:00:00,1051.0,16.4
2021-10-14 19:00:00,1064.0,16.4
2021-10-14 20:00:00,1029.0,16.5
2021-10-14 21:00:00,944.0,16.6
2021-10-14 22:00:00,879.0,16.6
2021-10-14 23:00:00,844.0,16.6
2021-10-15 00:00:00,818.0,16.7
2021-10-15 01:00:00,776.0,16.6
2021-10-15 02:00:00,739.0,16.9
2021-10-15 03:00:00,702.0,16.9
2021-10-15 04:00:00,717.0,17.0
2021-10-15 05:00:00,720.0,16.8
2021-10-15 06:00:00,792.0,16.7
2021-10-15 07:00:00,960.0,16.6
2021-10-15 08:00:00,1018.0,16.3
2021-10-15 09:00:00,1066.0,16.4
2021-10-15 10:00:00,1071.0,16.5
2021-10-15 11:00:00,1058.0,16.5
2021-10-15 12:00:00,965.0,16.5
2021-10-15 13:00:00,955.0,16.3
2021-10-15 14:00:00,948.0,16.0
2021-10-15 15:00:00,951.0,15.8
2021-10-15 16:00:00,1001.0,15.8
2021-10-15 17:00:00,1083.0,15.4
2021-10-15 18:00:00,1057.0,15.2
2021-10-15 19:00:00,1066.0,15.1
2021-10-15 20:00:00,1011.0,15.0
2021-10-15 21:00:00,923.0,14.8
2021-10-15 22:00:00,864.0,14.7
2021-10-15 23:00:00,842.0,14.7
2021-10-16 00:00:00,816.0,14.5
2021-10-16 01:00:00,764.0,14.5
2021-10-16 02:00:00,727.0,14.1
2021-10-16 03:00:00,698.0,14.0
2021-10-16 04:00:00,692.0,13.7
2021-10-16 05:00:00,696.0,13.6
2021-10-16 06:00:00,717.0,13.5
2021-10-16 07:00:00,848.0,13.6
2021-10-16 08:00:00,988.0,13.9
2021-10-16 09:00:00,1068.0,14.1
2021-10-16 10:00:00,1074.0,14.3
2021-10-16 11:00:00,1121.0,14.4
2021-10-16 12:00:00,982.0,14.5
2021-10-16 13:00:00,971.0,14.6
2021-10-16 14:00:00,971.0,14.6
2021-10-16 15:00:00,968.0,14.7
2021-10-16 16:00:00,1014.0,14.7
2021-10-16 17:00:00,1104.0,14.7
2021-10-16 18:00:00,1090.0,14.3
2021-10-16 19:00:00,1067.0,14.0
2021-10-16 20:00:00,996.0,14.0
2021-10-16 21:00:00,939.0,14.1
2021-10-16 22:00:00,866.0,13.6
2021-10-16 23:00:00,848.0,13.3
2021-10-17 00:00:00,809.0,13.2
2021-10-17 01:00:00,764.0,13.2
2021-10-17 02:00:00,740.0,13.2
2021-10-17 03:00:00,702.0,13.1
2021-10-17 04:00:00,690.0,13.0
2021-10-17 05:00:00,694.0,12.8
2021-10-17 06:00:00,716.0,12.6
2021-10-17 07:00:00,868.0,12.6
2021-10-17 08:00:00,1012.0,12.6
2021-10-17 09:00:00,1080.0,12.5
2021-10-17 10:00:00,1081.0,12.3
2021-10-17 11:00:00,1102.0,13.0
2021-10-17 12:00:00,983.0,13.8
2021-10-17 13:00:00,924.0,14.4
2021-10-17 14:00:00,936.0,14.6
2021-10-17 15:00:00,954.0,14.2
2021-10-17 16:00:00,1001.0,13.6
2021-10-17 17:00:00,1110.0,12.9
2021-10-17 18:00:00,1089.0,12.6
2021-10-17 19:00:00,1136.0,12.1
2021-10-17 20:00:00,1065.0,11.9
2021-10-17 21:00:00,990.0,12.0
2021-10-17 22:00:00,879.0,11.8
2021-10-17 23:00:00,827.0,11.5
2021-10-18 00:00:00,775.0,11.3
2021-10-18 01:00:00,753.0,11.3
2021-10-18 02:00:00,698.0,11.3
2021-10-18 03:00:00,664.0,11.3
2021-10-18 04:00:00,667.0,11.3
2021-10-18 05:00:00,688.0,11.4
2021-10-18 06:00:00,748.0,11.5
2021-10-18 07:00:00,979.0,11.4
2021-10-18 08:00:00,1053.0,11.7
2021-10-18 09:00:00,1036.0,12.5
2021-10-18 10:00:00,1030.0,13.5
2021-10-18 11:00:00,1063.0,14.3
2021-10-18 12:00:00,937.0,15.2
2021-10-18 13:00:00,923.0,16.5
2021-10-18 14:00:00,921.0,16.9
2021-10-18 15:00:00,922.0,17.2
2021-10-18 16:00:00,961.0,17.1
2021-10-18 17:00:00,1029.0,16.4
2021-10-18 18:00:00,1024.0,15.8
2021-10-18 19:00:00,1099.0,15.4
2021-10-18 20:00:00,1053.0,15.1
2021-10-18 21:00:00,997.0,14.9
2021-10-18 22:00:00,916.0,14.8
2021-10-18 23:00:00,853.0,14.8
2021-10-19 00:00:00,817.0,14.8
2021-10-19 01:00:00,762.0,14.6
2021-10-19 02:00:00,729.0,14.6
2021-10-19 03:00:00,708.0,14.6
2021-10-19 04:00:00,702.0,14.5
2021-10-19 05:00:00,708.0,14.4
2021-10-19 06:00:00,774.0,14.3
2021-10-19 07:00:00,977.0,14.4
2021-10-19 08:00:00,983.0,14.4
2021-10-19 09:00:00,988.0,14.8
2021-10-19 10:00:00,994.0,15.0
2021-10-19 11:00:00,1044.0,15.3
2021-10-19 12:00:00,924.0,14.9
2021-10-19 13:00:00,904.0,14.7
2021-10-19 14:00:00,897.0,14.6
2021-10-19 15:00:00,882.0,14.6
2021-10-19 16:00:00,933.0,14.5
2021-10-19 17:00:00,1028.0,14.1
2021-10-19 18:00:00,1035.0,13.4
2021-10-19 19:00:00,1050.0,13.5
2021-10-19 20:00:00,1006.0,13.2
2021-10-19 21:00:00,941.0,13.4
2021-10-19 22:00:00,861.0,13.7
2021-10-19 23:00:00,787.0,13.8
2021-10-20 00:00:00,782.0,13.0
2021-10-20 01:00:00,786.0,12.5
2021-10-20 02:00:00,759.0,12.4
2021-10-20 03:00:00,730.0,12.5
2021-10-20 04:00:00,727.0,12.6
2021-10-20 05:00:00,740.0,12.7
2021-10-20 06:00:00,796.0,12.9
2021-10-20 07:00:00,961.0,12.9
2021-10-20 08:00:00,987.0,13.0
2021-10-20 09:00:00,1014.0,13.0
2021-10-20 10:00:00,1033.0,13.0
2021-10-20 11:00:00,1053.0,12.9
2021-10-20 12:00:00,972.0,12.9
2021-10-20 13:00:00,959.0,12.5
2021-10-20 14:00:00,941.0,12.3
2021-10-20 15:00:00,938.0,12.2
2021-10-20 16:00:00,985.0,12.1
2021-10-20 17:00:00,1057.0,12.1
2021-10-20 18:00:00,1061.0,12.1
2021-10-20 19:00:00,1082.0,12.1
2021-10-20 20:00:00,1042.0,12.0
2021-10-20 21:00:00,973.0,12.0
2021-10-20 22:00:00,877.0,11.9
2021-10-20 23:00:00,807.0,11.8
2021-10-21 00:00:00,811.0,11.8
2021-10-21 01:00:00,804.0,11.6
2021-10-21 02:00:00,757.0,11.7
2021-10-21 03:00:00,755.0,11.6
2021-10-21 04:00:00,720.0,11.5
2021-10-21 05:00:00,733.0,11.4
2021-10-21 06:00:00,801.0,11.4
2021-10-21 07:00:00,978.0,11.6
2021-10-21 08:00:00,993.0,11.7
2021-10-21 09:00:00,1040.0,12.0
2021-10-21 10:00:00,1030.0,12.4
2021-10-21 11:00:00,1065.0,13.1
2021-10-21 12:00:00,944.0,13.4
2021-10-21 13:00:00,931.0,14.2
2021-10-21 14:00:00,912.0,14.4
2021-10-21 15:00:00,899.0,14.7
2021-10-21 16:00:00,934.0,14.7
2021-10-21 17:00:00,1039.0,14.6
2021-10-21 18:00:00,1035.0,14.2
2021-10-21 19:00:00,1088.0,13.6
2021-10-21 20:00:00,1048.0,13.3
2021-10-21 21:00:00,976.0,13.2
2021-10-21 22:00:00,879.0,13.0
2021-10-21 23:00:00,808.0,13.0
2021-10-22 00:00:00,831.0,13.2
2021-10-22 01:00:00,798.0,13.1
2021-10-22 02:00:00,765.0,13.0
2021-10-22 03:00:00,740.0,13.2
2021-10-22 04:00:00,697.0,13.3
2021-10-22 05:00:00,717.0,13.3
2021-10-22 06:00:00,803.0,13.3
2021-10-22 07:00:00,1007.0,12.9
2021-10-22 08:00:00,1055.0,13.2
2021-10-22 09:00:00,1078.0,14.4
2021-10-22 10:00:00,1028.0,15.4
2021-10-22 11:00:00,1014.0,16.5
2021-10-22 12:00:00,911.0,17.0
2021-10-22 13:00:00,882.0,17.5
2021-10-22 14:00:00,883.0,17.6
2021-10-22 15:00:00,879.0,17.3
2021-10-22 16:00:00,909.0,17.3
2021-10-22 17:00:00,1010.0,17.0
2021-10-22 18:00:00,1021.0,16.5
2021-10-22 19:00:00,1065.0,16.1
2021-10-22 20:00:00,1012.0,15.5
2021-10-22 21:00:00,941.0,15.0
2021-10-22 22:00:00,891.0,14.8
2021-10-22 23:00:00,857.0,14.4
2021-10-23 00:00:00,828.0,14.2
2021-10-23 01:00:00,755.0,14.1
2021-10-23 02:00:00,754.0,14.0
2021-10-23 03:00:00,731.0,13.9
2021-10-23 04:00:00,701.0,13.5
2021-10-23 05:00:00,692.0,12.8
2021-10-23 06:00:00,779.0,12.5
2021-10-23 07:00:00,942.0,12.4
2021-10-23 08:00:00,1069.0,12.9
2021-10-23 09:00:00,1040.0,14.1
2021-10-23 10:00:00,978.0,15.2
2021-10-23 11:00:00,1014.0,16.6
2021-10-23 12:00:00,889.0,17.7
2021-10-23 13:00:00,862.0,18.6
2021-10-23 14:00:00,875.0,19.5
2021-10-23 15:00:00,864.0,19.5
2021-10-23 16:00:00,908.0,19.0
2021-10-23 17:00:00,1011.0,18.7
2021-10-23 18:00:00,1012.0,18.1
2021-10-23 19:00:00,1050.0,17.3
2021-10-23 20:00:00,995.0,16.7
2021-10-23 21:00:00,933.0,15.4
2021-10-23 22:00:00,886.0,14.6
2021-10-23 23:00:00,853.0,13.8
2021-10-24 00:00:00,804.0,13.2
2021-10-24 01:00:00,772.0,12.8
2021-10-24 02:00:00,741.0,12.9
2021-10-24 03:00:00,719.0,12.7
2021-10-24 04:00:00,704.0,12.6
2021-10-24 05:00:00,704.0,12.4
2021-10-24 06:00:00,783.0,12.2
2021-10-24 07:00:00,968.0,11.9
2021-10-24 08:00:00,1052.0,12.8
2021-10-24 09:00:00,1018.0,14.5
2021-10-24 10:00:00,988.0,16.1
2021-10-24 11:00:00,1016.0,17.7
2021-10-24 12:00:00,926.0,19.1
2021-10-24 13:00:00,897.0,19.7
2021-10-24 14:00:00,900.0,20.4
2021-10-24 15:00:00,891.0,20.8
2021-10-24 16:00:00,937.0,20.5
2021-10-24 17:00:00,1034.0,19.9
2021-10-24 18:00:00,1030.0,17.6
2021-10-24 19:00:00,1117.0,15.6
2021-10-24 20:00:00,1074.0,14.4
2021-10-24 21:00:00,989.0,13.8
2021-10-24 22:00:00,899.0,13.0
2021-10-24 23:00:00,846.0,12.6
2021-10-25 00:00:00,806.0,12.7
2021-10-25 01:00:00,751.0,12.9
2021-10-25 02:00:00,735.0,12.5
2021-10-25 03:00:00,696.0,12.5
2021-10-25 04:00:00,692.0,12.1
2021-10-25 05:00:00,714.0,12.7
2021-10-25 06:00:00,792.0,13.1
2021-10-25 07:00:00,1013.0,11.8
2021-10-25 08:00:00,1070.0,13.6
2021-10-25 09:00:00,1060.0,16.4
2021-10-25 10:00:00,1013.0,18.0
2021-10-25 11:00:00,986.0,19.2
2021-10-25 12:00:00,883.0,20.1
2021-10-25 13:00:00,866.0,20.7
2021-10-25 14:00:00,891.0,22.0
2021-10-25 15:00:00,909.0,21.9
2021-10-25 16:00:00,933.0,21.8
2021-10-25 17:00:00,1014.0,20.7
2021-10-25 18:00:00,1031.0,19.5
2021-10-25 19:00:00,1075.0,18.5
2021-10-25 20:00:00,1039.0,17.7
2021-10-25 21:00:00,973.0,16.1
2021-10-25 22:00:00,909.0,15.2
2021-10-25 23:00:00,841.0,15.3
2021-10-26 00:00:00,809.0,15.4
2021-10-26 01:00:00,769.0,15.3
2021-10-26 02:00:00,733.0,15.2
2021-10-26 03:00:00,707.0,15.2
2021-10-26 04:00:00,704.0,15.2
2021-10-26 05:00:00,721.0,15.1
2021-10-26 06:00:00,790.0,14.8
2021-10-26 07:00:00,982.0,14.9
2021-10-26 08:00:00,1029.0,15.6
2021-10-26 09:00:00,1061.0,17.5
2021-10-26 10:00:00,1003.0,18.4
2021-10-26 11:00:00,1015.0,19.8
2021-10-26 12:00:00,894.0,21.3
2021-10-26 13:00:00,893.0,21.7
2021-10-26 14:00:00,914.0,21.3
2021-10-26 15:00:00,920.0,21.1
2021-10-26 16:00:00,938.0,20.5
2021-10-26 17:00:00,1029.0,20.2
2021-10-26 18:00:00,1050.0,19.6
2021-10-26 19:00:00,1098.0,19.2
2021-10-26 20:00:00,1041.0,18.6
2021-10-26 21:00:00,985.0,18.4
2021-10-26 22:00:00,900.0,18.3
2021-10-26 23:00:00,865.0,18.2
2021-10-27 00:00:00,818.0,17.9
2021-10-27 01:00:00,791.0,17.5
2021-10-27 02:00:00,762.0,16.7
2021-10-27 03:00:00,723.0,16.7
2021-10-27 04:00:00,719.0,16.6
2021-10-27 05:00:00,731.0,16.6
2021-10-27 06:00:00,809.0,16.1
2021-10-27 07:00:00,991.0,16.0
2021-10-27 08:00:00,1048.0,16.8
2021-10-27 09:00:00,1067.0,17.3
2021-10-27 10:00:00,1056.0,17.9
2021-10-27 11:00:00,1037.0,19.3
2021-10-27 12:00:00,913.0,20.7
2021-10-27 13:00:00,899.0,21.7
2021-10-27 14:00:00,893.0,22.3
2021-10-27 15:00:00,904.0,22.8
2021-10-27 16:00:00,956.0,22.5
2021-10-27 17:00:00,1046.0,21.7
2021-10-27 18:00:00,1042.0,20.4
2021-10-27 19:00:00,1100.0,18.7
2021-10-27 20:00:00,1058.0,18.1
2021-10-27 21:00:00,983.0,18.1
2021-10-27 22:00:00,906.0,17.4
2021-10-27 23:00:00,861.0,17.7
2021-10-28 00:00:00,843.0,17.5
2021-10-28 01:00:00,778.0,17.5
2021-10-28 02:00:00,748.0,17.1
2021-10-28 03:00:00,725.0,16.9
2021-10-28 04:00:00,711.0,16.8
2021-10-28 05:00:00,722.0,16.6
2021-10-28 06:00:00,794.0,15.9
2021-10-28 07:00:00,968.0,16.3
2021-10-28 08:00:00,1049.0,16.9
2021-10-28 09:00:00,1033.0,17.3
2021-10-28 10:00:00,1020.0,18.3
2021-10-28 11:00:00,1046.0,19.3
2021-10-28 12:00:00,936.0,21.3
2021-10-28 13:00:00,930.0,21.8
2021-10-28 14:00:00,958.0,22.8
2021-10-28 15:00:00,958.0,22.3
2021-10-28 16:00:00,999.0,21.6
2021-10-28 17:00:00,1085.0,20.9
2021-10-28 18:00:00,1075.0,20.4
2021-10-28 19:00:00,1104.0,20.2
2021-10-28 20:00:00,1063.0,18.5
2021-10-28 21:00:00,965.0,18.1
2021-10-28 22:00:00,894.0,17.6
2021-10-28 23:00:00,844.0,16.9
2021-10-29 00:00:00,831.0,16.9
2021-10-29 01:00:00,786.0,16.6
2021-10-29 02:00:00,760.0,16.5
2021-10-29 03:00:00,727.0,16.3
2021-10-29 04:00:00,724.0,16.4
2021-10-29 05:00:00,744.0,16.6
2021-10-29 06:00:00,809.0,16.6
2021-10-29 07:00:00,977.0,16.4
2021-10-29 08:00:00,1065.0,16.8
2021-10-29 09:00:00,1090.0,16.7
2021-10-29 10:00:00,1058.0,17.1
2021-10-29 11:00:00,1098.0,17.3
2021-10-29 12:00:00,1009.0,17.1
2021-10-29 13:00:00,995.0,16.9
2021-10-29 14:00:00,982.0,16.8
2021-10-29 15:00:00,965.0,16.5
2021-10-29 16:00:00,1007.0,16.6
2021-10-29 17:00:00,1075.0,16.7
2021-10-29 18:00:00,1055.0,16.7
2021-10-29 19:00:00,1067.0,16.6
2021-10-29 20:00:00,1016.0,16.5
2021-10-29 21:00:00,973.0,16.4
2021-10-29 22:00:00,896.0,16.3
2021-10-29 23:00:00,871.0,16.4
2021-10-30 00:00:00,855.0,16.3
2021-10-30 01:00:00,778.0,16.2
2021-10-30 02:00:00,765.0,16.3
2021-10-30 03:00:00,758.0,16.3
2021-10-30 04:00:00,736.0,16.1
2021-10-30 05:00:00,732.0,16.0
2021-10-30 06:00:00,768.0,15.9
2021-10-30 07:00:00,943.0,15.4
2021-10-30 08:00:00,1052.0,16.1
2021-10-30 09:00:00,1052.0,17.3
2021-10-30 10:00:00,1012.0,18.8
2021-10-30 11:00:00,1049.0,20.1
2021-10-30 12:00:00,920.0,21.0
2021-10-30 13:00:00,925.0,21.7
2021-10-30 14:00:00,932.0,21.6
2021-10-30 15:00:00,907.0,22.5
2021-10-30 16:00:00,951.0,22.4
2021-10-30 17:00:00,1059.0,21.7
2021-10-30 18:00:00,1045.0,19.3
2021-10-30 19:00:00,1070.0,18.0
2021-10-30 20:00:00,1017.0,17.8
2021-10-30 21:00:00,958.0,17.0
2021-10-30 22:00:00,880.0,16.4
2021-10-30 23:00:00,900.0,16.1
2021-10-31 00:00:00,857.0,15.8
2021-10-31 01:00:00,758.0,15.9
2021-10-31 02:00:00,761.0,15.9
2021-10-31 03:00:00,734.0,15.8
2021-10-31 04:00:00,702.0,15.6
2021-10-31 05:00:00,708.0,15.9
2021-10-31 06:00:00,767.0,15.9
2021-10-31 07:00:00,879.0,16.1
2021-10-31 08:00:00,990.0,16.6
2021-10-31 09:00:00,1017.0,17.3
2021-10-31 10:00:00,1037.0,17.4
2021-10-31 11:00:00,1051.0,17.6
2021-10-31 12:00:00,971.0,18.2
2021-10-31 13:00:00,911.0,18.3
2021-10-31 14:00:00,918.0,18.3
2021-10-31 15:00:00,929.0,18.1
2021-10-31 16:00:00,958.0,17.4
2021-10-31 17:00:00,1038.0,17.4
2021-10-31 18:00:00,1032.0,17.1
2021-10-31 19:00:00,1046.0,17.0
2021-10-31 20:00:00,1002.0,16.8
2021-10-31 21:00:00,905.0,16.7
2021-10-31 22:00:00,815.0,16.4
2021-10-31 23:00:00,818.0,16.2
2021-11-01 00:00:00,803.0,16.1
2021-11-01 01:00:00,736.0,16.0
2021-11-01 02:00:00,718.0,16.1
2021-11-01 03:00:00,669.0,16.1
2021-11-01 04:00:00,677.0,16.1
2021-11-01 05:00:00,676.0,16.0
2021-11-01 06:00:00,748.0,15.9
2021-11-01 07:00:00,925.0,15.9
2021-11-01 08:00:00,992.0,16.1
2021-11-01 09:00:00,1006.0,17.0
2021-11-01 10:00:00,1018.0,17.6
2021-11-01 11:00:00,1040.0,18.4
2021-11-01 12:00:00,939.0,18.2
2021-11-01 13:00:00,913.0,18.3
2021-11-01 14:00:00,912.0,18.3
2021-11-01 15:00:00,885.0,18.3
2021-11-01 16:00:00,935.0,18.5
2021-11-01 17:00:00,1041.0,18.3
2021-11-01 18:00:00,1031.0,18.1
2021-11-01 19:00:00,1039.0,17.9
2021-11-01 20:00:00,1003.0,17.5
2021-11-01 21:00:00,923.0,17.3
2021-11-01 22:00:00,858.0,17.2
2021-11-01 23:00:00,814.0,17.2
2021-11-02 00:00:00,822.0,17.2
2021-11-02 01:00:00,757.0,16.9
2021-11-02 02:00:00,742.0,16.8
2021-11-02 03:00:00,707.0,16.8
2021-11-02 04:00:00,715.0,16.7
2021-11-02 05:00:00,725.0,16.6
2021-11-02 06:00:00,764.0,16.4
2021-11-02 07:00:00,971.0,16.2
2021-11-02 08:00:00,1038.0,16.4
2021-11-02 09:00:00,1035.0,17.1
2021-11-02 10:00:00,1023.0,18.3
2021-11-02 11:00:00,1036.0,19.1
2021-11-02 12:00:00,926.0,19.9
2021-11-02 13:00:00,897.0,21.1
2021-11-02 14:00:00,901.0,21.7
2021-11-02 15:00:00,905.0,21.7
2021-11-02 16:00:00,961.0,21.9
2021-11-02 17:00:00,1035.0,21.3
2021-11-02 18:00:00,1037.0,18.9
2021-11-02 19:00:00,1065.0,17.8
2021-11-02 20:00:00,1016.0,17.0
2021-11-02 21:00:00,941.0,16.9
2021-11-02 22:00:00,854.0,16.7
2021-11-02 23:00:00,834.0,16.4
2021-11-03 00:00:00,801.0,16.4
2021-11-03 01:00:00,768.0,15.8
2021-11-03 02:00:00,749.0,15.5
2021-11-03 03:00:00,695.0,15.5
2021-11-03 04:00:00,698.0,15.1
2021-11-03 05:00:00,712.0,15.1
2021-11-03 06:00:00,777.0,15.3
2021-11-03 07:00:00,954.0,15.4
2021-11-03 08:00:00,1008.0,15.8
2021-11-03 09:00:00,1014.0,17.1
2021-11-03 10:00:00,1011.0,18.2
2021-11-03 11:00:00,1017.0,20.3
2021-11-03 12:00:00,917.0,20.9
2021-11-03 13:00:00,909.0,21.0
2021-11-03 14:00:00,900.0,21.3
2021-11-03 15:00:00,912.0,21.2
2021-11-03 16:00:00,948.0,20.9
2021-11-03 17:00:00,1048.0,20.6
2021-11-03 18:00:00,1043.0,20.1
2021-11-03 19:00:00,1047.0,19.8
2021-11-03 20:00:00,999.0,19.3
2021-11-03 21:00:00,947.0,19.0
2021-11-03 22:00:00,855.0,18.6
2021-11-03 23:00:00,831.0,18.5
2021-11-04 00:00:00,783.0,18.1
2021-11-04 01:00:00,734.0,17.9
2021-11-04 02:00:00,719.0,17.5
2021-11-04 03:00:00,706.0,17.4
2021-11-04 04:00:00,688.0,17.2
2021-11-04 05:00:00,694.0,16.9
2021-11-04 06:00:00,748.0,17.0
2021-11-04 07:00:00,951.0,17.0
2021-11-04 08:00:00,1020.0,17.2
2021-11-04 09:00:00,1075.0,17.2
2021-11-04 10:00:00,1059.0,17.7
2021-11-04 11:00:00,1056.0,18.4
2021-11-04 12:00:00,972.0,18.3
2021-11-04 13:00:00,955.0,18.6
2021-11-04 14:00:00,948.0,18.9
2021-11-04 15:00:00,927.0,18.7
2021-11-04 16:00:00,983.0,18.6
2021-11-04 17:00:00,1066.0,18.4
2021-11-04 18:00:00,1044.0,18.3
2021-11-04 19:00:00,1039.0,18.2
2021-11-04 20:00:00,979.0,18.2
2021-11-04 21:00:00,922.0,18.1
2021-11-04 22:00:00,848.0,18.2
2021-11-04 23:00:00,842.0,18.0
2021-11-05 00:00:00,812.0,18.0
2021-11-05 01:00:00,779.0,18.0
2021-11-05 02:00:00,744.0,17.9
2021-11-05 03:00:00,719.0,18.0
2021-11-05 04:00:00,715.0,17.9
2021-11-05 05:00:00,725.0,17.9
2021-11-05 06:00:00,773.0,18.0
2021-11-05 07:00:00,939.0,18.0
2021-11-05 08:00:00,1045.0,17.8
2021-11-05 09:00:00,1079.0,17.8
2021-11-05 10:00:00,1079.0,17.9
2021-11-05 11:00:00,1117.0,18.0
2021-11-05 12:00:00,987.0,18.1
2021-11-05 13:00:00,980.0,18.2
2021-11-05 14:00:00,952.0,18.1
2021-11-05 15:00:00,947.0,18.2
2021-11-05 16:00:00,1014.0,17.9
2021-11-05 17:00:00,1088.0,17.9
2021-11-05 18:00:00,1064.0,17.8
2021-11-05 19:00:00,1056.0,17.8
2021-11-05 20:00:00,983.0,17.9
2021-11-05 21:00:00,929.0,18.0
2021-11-05 22:00:00,864.0,17.9
2021-11-05 23:00:00,862.0,17.9
2021-11-06 00:00:00,836.0,17.9
2021-11-06 01:00:00,795.0,17.9
2021-11-06 02:00:00,753.0,17.9
2021-11-06 03:00:00,724.0,17.8
2021-11-06 04:00:00,712.0,17.7
2021-11-06 05:00:00,709.0,17.7
2021-11-06 06:00:00,769.0,17.7
2021-11-06 07:00:00,896.0,17.6
2021-11-06 08:00:00,1035.0,17.7
2021-11-06 09:00:00,1087.0,17.8
2021-11-06 10:00:00,1096.0,18.0
2021-11-06 11:00:00,1118.0,18.3
2021-11-06 12:00:00,1023.0,18.3
2021-11-06 13:00:00,1000.0,18.2
2021-11-06 14:00:00,992.0,18.1
2021-11-06 15:00:00,986.0,18.0
2021-11-06 16:00:00,1029.0,18.0
2021-11-06 17:00:00,1107.0,18.1
2021-11-06 18:00:00,1073.0,18.1
2021-11-06 19:00:00,1060.0,18.2
2021-11-06 20:00:00,959.0,18.3
2021-11-06 21:00:00,908.0,18.3
2021-11-06 22:00:00,860.0,18.4
2021-11-06 23:00:00,843.0,18.4
2021-11-07 00:00:00,833.0,18.4
2021-11-07 01:00:00,748.0,18.1
2021-11-07 02:00:00,729.0,17.7
2021-11-07 03:00:00,692.0,17.3
2021-11-07 04:00:00,675.0,14.5
2021-11-07 05:00:00,673.0,12.4
2021-11-07 06:00:00,709.0,10.8
2021-11-07 07:00:00,805.0,10.1
2021-11-07 08:00:00,989.0,9.5
2021-11-07 09:00:00,1061.0,8.9
2021-11-07 10:00:00,1097.0,8.3
2021-11-07 11:00:00,1137.0,8.3
2021-11-07 12:00:00,1073.0,7.8
2021-11-07 13:00:00,1067.0,7.4
2021-11-07 14:00:00,1059.0,7.0
2021-11-07 15:00:00,1053.0,7.6
2021-11-07 16:00:00,1096.0,7.8
2021-11-07 17:00:00,1182.0,8.0
2021-11-07 18:00:00,1186.0,8.0
2021-11-07 19:00:00,1163.0,8.2
2021-11-07 20:00:00,1080.0,8.2
2021-11-07 21:00:00,994.0,8.2
2021-11-07 22:00:00,887.0,8.2
2021-11-07 23:00:00,862.0,8.1
2021-11-08 00:00:00,818.0,8.2
2021-11-08 01:00:00,769.0,7.8
2021-11-08 02:00:00,747.0,7.5
2021-11-08 03:00:00,717.0,6.6
2021-11-08 04:00:00,693.0,6.1
2021-11-08 05:00:00,695.0,6.2
2021-11-08 06:00:00,768.0,5.8
2021-11-08 07:00:00,995.0,5.2
2021-11-08 08:00:00,1106.0,7.0
2021-11-08 09:00:00,1147.0,8.3
2021-11-08 10:00:00,1113.0,10.0
2021-11-08 11:00:00,1115.0,10.6
2021-11-08 12:00:00,1012.0,11.4
2021-11-08 13:00:00,994.0,12.6
2021-11-08 14:00:00,976.0,13.1
2021-11-08 15:00:00,970.0,13.2
2021-11-08 16:00:00,1024.0,13.2
2021-11-08 17:00:00,1136.0,12.5
2021-11-08 18:00:00,1161.0,10.9
2021-11-08 19:00:00,1204.0,9.3
2021-11-08 20:00:00,1146.0,8.5
2021-11-08 21:00:00,1085.0,8.3
2021-11-08 22:00:00,970.0,8.6
2021-11-08 23:00:00,900.0,8.9
2021-11-09 00:00:00,840.0,8.8
2021-11-09 01:00:00,812.0,8.4
2021-11-09 02:00:00,760.0,8.6
2021-11-09 03:00:00,735.0,7.2
2021-11-09 04:00:00,736.0,7.3
2021-11-09 05:00:00,743.0,7.6
2021-11-09 06:00:00,817.0,6.6
2021-11-09 07:00:00,1073.0,6.2
2021-11-09 08:00:00,1114.0,8.1
2021-11-09 09:00:00,1158.0,11.7
2021-11-09 10:00:00,1126.0,14.0
2021-11-09 11:00:00,1110.0,14.6
2021-11-09 12:00:00,1024.0,16.0
2021-11-09 13:00:00,1018.0,15.8
2021-11-09 14:00:00,1020.0,15.7
2021-11-09 15:00:00,1031.0,15.7
2021-11-09 16:00:00,1050.0,15.5
2021-11-09 17:00:00,1154.0,14.7
2021-11-09 18:00:00,1151.0,13.6
2021-11-09 19:00:00,1197.0,13.4
2021-11-09 20:00:00,1142.0,12.6
2021-11-09 21:00:00,1057.0,11.9
2021-11-09 22:00:00,968.0,10.6
2021-11-09 23:00:00,911.0,9.6
2021-11-10 00:00:00,844.0,8.8
2021-11-10 01:00:00,807.0,8.6
2021-11-10 02:00:00,757.0,8.0
2021-11-10 03:00:00,757.0,7.8
2021-11-10 04:00:00,716.0,7.3
2021-11-10 05:00:00,741.0,7.0
2021-11-10 06:00:00,818.0,6.9
2021-11-10 07:00:00,1041.0,6.6
2021-11-10 08:00:00,1134.0,8.3
2021-11-10 09:00:00,1128.0,12.8
2021-11-10 10:00:00,1089.0,14.8
2021-11-10 11:00:00,1082.0,16.5
2021-11-10 12:00:00,967.0,18.1
2021-11-10 13:00:00,956.0,18.9
2021-11-10 14:00:00,957.0,19.8
2021-11-10 15:00:00,937.0,19.9
2021-11-10 16:00:00,989.0,19.9
2021-11-10 17:00:00,1093.0,19.2
2021-11-10 18:00:00,1124.0,15.6
2021-11-10 19:00:00,1189.0,13.1
2021-11-10 20:00:00,1137.0,12.1
2021-11-10 21:00:00,1066.0,11.3
2021-11-10 22:00:00,954.0,11.0
2021-11-10 23:00:00,897.0,11.3
2021-11-11 00:00:00,852.0,11.1
2021-11-11 01:00:00,805.0,11.0
2021-11-11 02:00:00,769.0,10.8
2021-11-11 03:00:00,741.0,10.0
2021-11-11 04:00:00,736.0,8.9
2021-11-11 05:00:00,751.0,8.8
2021-11-11 06:00:00,836.0,8.3
2021-11-11 07:00:00,1036.0,8.1
2021-11-11 08:00:00,1132.0,10.2
2021-11-11 09:00:00,1131.0,14.3
2021-11-11 10:00:00,1099.0,15.0
2021-11-11 11:00:00,1123.0,16.8
2021-11-11 12:00:00,994.0,17.7
2021-11-11 13:00:00,974.0,18.4
2021-11-11 14:00:00,942.0,18.7
2021-11-11 15:00:00,966.0,18.6
2021-11-11 16:00:00,1003.0,19.0
2021-11-11 17:00:00,1099.0,17.9
2021-11-11 18:00:00,1092.0,17.3
2021-11-11 19:00:00,1125.0,16.5
2021-11-11 20:00:00,1067.0,16.2
2021-11-11 21:00:00,995.0,15.8
2021-11-11 22:00:00,911.0,15.3
2021-11-11 23:00:00,881.0,14.8
2021-11-12 00:00:00,826.0,13.8
2021-11-12 01:00:00,790.0,14.5
2021-11-12 02:00:00,747.0,13.7
2021-11-12 03:00:00,733.0,13.3
2021-11-12 04:00:00,712.0,12.1
2021-11-12 05:00:00,706.0,11.2
2021-11-12 06:00:00,805.0,10.2
2021-11-12 07:00:00,1041.0,10.0
2021-11-12 08:00:00,1112.0,12.2
2021-11-12 09:00:00,1087.0,14.2
2021-11-12 10:00:00,1054.0,15.8
2021-11-12 11:00:00,1063.0,18.2
2021-11-12 12:00:00,940.0,17.9
2021-11-12 13:00:00,922.0,18.9
2021-11-12 14:00:00,949.0,19.0
2021-11-12 15:00:00,966.0,18.2
2021-11-12 16:00:00,1032.0,17.3
2021-11-12 17:00:00,1112.0,16.9
2021-11-12 18:00:00,1101.0,16.2
2021-11-12 19:00:00,1112.0,16.0
2021-11-12 20:00:00,1062.0,15.3
2021-11-12 21:00:00,986.0,15.2
2021-11-12 22:00:00,925.0,14.4
2021-11-12 23:00:00,894.0,13.7
2021-11-13 00:00:00,847.0,13.1
2021-11-13 01:00:00,787.0,12.1
2021-11-13 02:00:00,759.0,11.1
2021-11-13 03:00:00,732.0,10.6
2021-11-13 04:00:00,698.0,10.0
2021-11-13 05:00:00,735.0,9.5
2021-11-13 06:00:00,785.0,9.3
2021-11-13 07:00:00,962.0,9.0
2021-11-13 08:00:00,1104.0,11.0
2021-11-13 09:00:00,1083.0,14.8
2021-11-13 10:00:00,1058.0,16.8
2021-11-13 11:00:00,1062.0,17.6
2021-11-13 12:00:00,974.0,17.8
2021-11-13 13:00:00,921.0,19.4
2021-11-13 14:00:00,912.0,20.0
2021-11-13 15:00:00,941.0,19.9
2021-11-13 16:00:00,1003.0,20.2
2021-11-13 17:00:00,1107.0,19.0
2021-11-13 18:00:00,1094.0,16.9
2021-11-13 19:00:00,1108.0,15.7
2021-11-13 20:00:00,1047.0,14.7
2021-11-13 21:00:00,979.0,14.2
2021-11-13 22:00:00,886.0,13.6
2021-11-13 23:00:00,885.0,13.2
2021-11-14 00:00:00,821.0,12.7
2021-11-14 01:00:00,782.0,12.0
2021-11-14 02:00:00,734.0,11.5
2021-11-14 03:00:00,707.0,11.4
2021-11-14 04:00:00,694.0,10.4
2021-11-14 05:00:00,714.0,9.9
2021-11-14 06:00:00,778.0,9.6
2021-11-14 07:00:00,939.0,9.3
2021-11-14 08:00:00,1061.0,10.8
2021-11-14 09:00:00,1047.0,15.2
2021-11-14 10:00:00,1024.0,18.0
2021-11-14 11:00:00,1035.0,19.2
2021-11-14 12:00:00,925.0,20.1
2021-11-14 13:00:00,895.0,21.1
2021-11-14 14:00:00,900.0,21.6
2021-11-14 15:00:00,898.0,21.6
2021-11-14 16:00:00,952.0,21.6
2021-11-14 17:00:00,1054.0,20.6
2021-11-14 18:00:00,1067.0,16.9
2021-11-14 19:00:00,1079.0,15.1
2021-11-14 20:00:00,1020.0,14.1
2021-11-14 21:00:00,948.0,13.7
2021-11-14 22:00:00,858.0,12.3
2021-11-14 23:00:00,847.0,11.7
2021-11-15 00:00:00,793.0,12.4
2021-11-15 01:00:00,755.0,13.0
2021-11-15 02:00:00,734.0,12.5
2021-11-15 03:00:00,694.0,11.5
2021-11-15 04:00:00,677.0,11.3
2021-11-15 05:00:00,715.0,11.4
2021-11-15 06:00:00,767.0,11.5
2021-11-15 07:00:00,1022.0,10.8
2021-11-15 08:00:00,1083.0,12.3
2021-11-15 09:00:00,1091.0,16.8
2021-11-15 10:00:00,1074.0,19.3
2021-11-15 11:00:00,1072.0,19.8
2021-11-15 12:00:00,957.0,20.8
2021-11-15 13:00:00,971.0,20.7
2021-11-15 14:00:00,974.0,19.7
2021-11-15 15:00:00,973.0,19.4
2021-11-15 16:00:00,1016.0,19.3
2021-11-15 17:00:00,1096.0,18.9
2021-11-15 18:00:00,1108.0,17.8
2021-11-15 19:00:00,1088.0,17.0
2021-11-15 20:00:00,1034.0,16.7
2021-11-15 21:00:00,959.0,16.3
2021-11-15 22:00:00,876.0,16.3
2021-11-15 23:00:00,871.0,16.2
2021-11-16 00:00:00,853.0,15.8
2021-11-16 01:00:00,811.0,15.7
2021-11-16 02:00:00,782.0,15.5
2021-11-16 03:00:00,761.0,15.3
2021-11-16 04:00:00,737.0,13.6
2021-11-16 05:00:00,731.0,13.2
2021-11-16 06:00:00,823.0,12.8
2021-11-16 07:00:00,999.0,12.5
2021-11-16 08:00:00,1109.0,13.4
2021-11-16 09:00:00,1071.0,14.7
2021-11-16 10:00:00,1064.0,16.2
2021-11-16 11:00:00,1080.0,16.9
2021-11-16 12:00:00,980.0,17.7
2021-11-16 13:00:00,961.0,18.3
2021-11-16 14:00:00,959.0,18.4
2021-11-16 15:00:00,955.0,18.5
2021-11-16 16:00:00,1005.0,19.2
2021-11-16 17:00:00,1121.0,18.3
2021-11-16 18:00:00,1133.0,17.6
2021-11-16 19:00:00,1090.0,17.1
2021-11-16 20:00:00,1035.0,16.7
2021-11-16 21:00:00,973.0,16.4
2021-11-16 22:00:00,887.0,16.2
2021-11-16 23:00:00,860.0,16.3
2021-11-17 00:00:00,837.0,15.9
2021-11-17 01:00:00,790.0,15.7
2021-11-17 02:00:00,745.0,15.4
2021-11-17 03:00:00,739.0,15.1
2021-11-17 04:00:00,723.0,14.9
2021-11-17 05:00:00,717.0,14.6
2021-11-17 06:00:00,812.0,14.0
2021-11-17 07:00:00,977.0,13.9
2021-11-17 08:00:00,1110.0,13.9
2021-11-17 09:00:00,1152.0,13.7
2021-11-17 10:00:00,1132.0,14.3
2021-11-17 11:00:00,1124.0,15.2
2021-11-17 12:00:00,1030.0,16.0
2021-11-17 13:00:00,1014.0,15.7
2021-11-17 14:00:00,1008.0,16.6
2021-11-17 15:00:00,981.0,17.0
2021-11-17 16:00:00,1036.0,17.8
2021-11-17 17:00:00,1130.0,17.4
2021-11-17 18:00:00,1142.0,16.3
2021-11-17 19:00:00,1109.0,15.9
2021-11-17 20:00:00,1073.0,16.1
2021-11-17 21:00:00,996.0,15.2
2021-11-17 22:00:00,906.0,15.0
2021-11-17 23:00:00,873.0,14.8
2021-11-18 00:00:00,848.0,14.9
2021-11-18 01:00:00,800.0,14.7
2021-11-18 02:00:00,767.0,13.6
2021-11-18 03:00:00,741.0,12.6
2021-11-18 04:00:00,720.0,12.1
2021-11-18 05:00:00,741.0,11.5
2021-11-18 06:00:00,805.0,11.1
2021-11-18 07:00:00,1025.0,10.7
2021-11-18 08:00:00,1098.0,12.0
2021-11-18 09:00:00,1105.0,15.7
2021-11-18 10:00:00,1064.0,17.1
2021-11-18 11:00:00,1074.0,18.5
2021-11-18 12:00:00,948.0,19.6
2021-11-18 13:00:00,931.0,20.7
2021-11-18 14:00:00,912.0,21.1
2021-11-18 15:00:00,929.0,21.2
2021-11-18 16:00:00,994.0,21.1
2021-11-18 17:00:00,1086.0,20.2
2021-11-18 18:00:00,1102.0,18.7
2021-11-18 19:00:00,1080.0,17.2
2021-11-18 20:00:00,1022.0,17.5
2021-11-18 21:00:00,986.0,16.7
2021-11-18 22:00:00,871.0,16.8
2021-11-18 23:00:00,885.0,17.1
2021-11-19 00:00:00,842.0,16.2
2021-11-19 01:00:00,804.0,14.6
2021-11-19 02:00:00,751.0,14.4
2021-11-19 03:00:00,723.0,13.3
2021-11-19 04:00:00,709.0,13.7
2021-11-19 05:00:00,724.0,13.4
2021-11-19 06:00:00,824.0,13.4
2021-11-19 07:00:00,1009.0,13.2
2021-11-19 08:00:00,1119.0,13.7
2021-11-19 09:00:00,1102.0,15.4
2021-11-19 10:00:00,1080.0,16.2
2021-11-19 11:00:00,1081.0,17.6
2021-11-19 12:00:00,969.0,19.5
2021-11-19 13:00:00,957.0,20.1
2021-11-19 14:00:00,953.0,21.2
2021-11-19 15:00:00,959.0,21.3
2021-11-19 16:00:00,1001.0,21.1
2021-11-19 17:00:00,1103.0,20.2
2021-11-19 18:00:00,1086.0,19.1
2021-11-19 19:00:00,1084.0,19.1
2021-11-19 20:00:00,1006.0,18.8
2021-11-19 21:00:00,965.0,18.4
2021-11-19 22:00:00,875.0,18.1
2021-11-19 23:00:00,864.0,18.0
2021-11-20 00:00:00,833.0,17.5
2021-11-20 01:00:00,774.0,17.2
2021-11-20 02:00:00,730.0,17.0
2021-11-20 03:00:00,709.0,17.0
2021-11-20 04:00:00,692.0,16.8
2021-11-20 05:00:00,702.0,16.6
2021-11-20 06:00:00,747.0,16.6
2021-11-20 07:00:00,857.0,16.6
2021-11-20 08:00:00,1034.0,16.2
2021-11-20 09:00:00,1072.0,15.8
2021-11-20 10:00:00,1034.0,15.8
2021-11-20 11:00:00,1065.0,16.5
2021-11-20 12:00:00,994.0,16.5
2021-11-20 13:00:00,979.0,16.1
2021-11-20 14:00:00,962.0,15.6
2021-11-20 15:00:00,935.0,15.6
2021-11-20 16:00:00,977.0,15.5
2021-11-20 17:00:00,1062.0,15.3
2021-11-20 18:00:00,1073.0,15.3
2021-11-20 19:00:00,1027.0,15.3
2021-11-20 20:00:00,977.0,15.3
2021-11-20 21:00:00,919.0,15.2
2021-11-20 22:00:00,842.0,15.2
2021-11-20 23:00:00,844.0,15.3
2021-11-21 00:00:00,824.0,15.2
2021-11-21 01:00:00,784.0,14.6
2021-11-21 02:00:00,750.0,14.4
2021-11-21 03:00:00,725.0,14.2
2021-11-21 04:00:00,700.0,14.0
2021-11-21 05:00:00,702.0,13.8
2021-11-21 06:00:00,747.0,13.3
2021-11-21 07:00:00,848.0,13.3
2021-11-21 08:00:00,1027.0,13.2
2021-11-21 09:00:00,1098.0,13.2
2021-11-21 10:00:00,1101.0,13.4
2021-11-21 11:00:00,1146.0,13.5
2021-11-21 12:00:00,1047.0,13.6
2021-11-21 13:00:00,1013.0,13.6
2021-11-21 14:00:00,997.0,13.5
2021-11-21 15:00:00,1021.0,13.5
2021-11-21 16:00:00,1080.0,12.9
2021-11-21 17:00:00,1166.0,12.1
2021-11-21 18:00:00,1166.0,11.3
2021-11-21 19:00:00,1155.0,10.7
2021-11-21 20:00:00,1075.0,10.2
2021-11-21 21:00:00,988.0,10.0
2021-11-21 22:00:00,878.0,9.9
2021-11-21 23:00:00,859.0,10.1
2021-11-22 00:00:00,829.0,9.8
2021-11-22 01:00:00,784.0,9.9
2021-11-22 02:00:00,734.0,10.4
2021-11-22 03:00:00,730.0,10.4
2021-11-22 04:00:00,705.0,10.5
2021-11-22 05:00:00,725.0,10.6
2021-11-22 06:00:00,781.0,10.8
2021-11-22 07:00:00,955.0,10.7
2021-11-22 08:00:00,1127.0,10.6
2021-11-22 09:00:00,1135.0,11.6
2021-11-22 10:00:00,1117.0,12.3
2021-11-22 11:00:00,1098.0,12.4
2021-11-22 12:00:00,988.0,12.8
2021-11-22 13:00:00,984.0,12.2
2021-11-22 14:00:00,974.0,13.1
2021-11-22 15:00:00,945.0,12.7
2021-11-22 16:00:00,1011.0,12.2
2021-11-22 17:00:00,1129.0,11.3
2021-11-22 18:00:00,1143.0,10.5
2021-11-22 19:00:00,1165.0,9.7
2021-11-22 20:00:00,1115.0,9.0
2021-11-22 21:00:00,1048.0,9.0
2021-11-22 22:00:00,941.0,8.1
2021-11-22 23:00:00,900.0,8.4
2021-11-23 00:00:00,870.0,8.4
2021-11-23 01:00:00,810.0,8.3
2021-11-23 02:00:00,769.0,8.4
2021-11-23 03:00:00,744.0,8.0
2021-11-23 04:00:00,734.0,8.0
2021-11-23 05:00:00,748.0,8.1
2021-11-23 06:00:00,816.0,8.1
2021-11-23 07:00:00,1027.0,7.7
2021-11-23 08:00:00,1137.0,7.6
2021-11-23 09:00:00,1177.0,8.8
2021-11-23 10:00:00,1161.0,10.3
2021-11-23 11:00:00,1141.0,12.5
2021-11-23 12:00:00,995.0,13.3
2021-11-23 13:00:00,968.0,14.4
2021-11-23 14:00:00,935.0,14.6
2021-11-23 15:00:00,958.0,15.0
2021-11-23 16:00:00,994.0,15.3
2021-11-23 17:00:00,1121.0,14.3
2021-11-23 18:00:00,1162.0,11.6
2021-11-23 19:00:00,1187.0,10.1
2021-11-23 20:00:00,1167.0,9.0
2021-11-23 21:00:00,1093.0,8.6
2021-11-23 22:00:00,963.0,8.8
2021-11-23 23:00:00,915.0,7.6
2021-11-24 00:00:00,873.0,7.3
2021-11-24 01:00:00,803.0,7.5
2021-11-24 02:00:00,775.0,7.1
2021-11-24 03:00:00,731.0,6.8
2021-11-24 04:00:00,725.0,5.8
2021-11-24 05:00:00,730.0,5.5
2021-11-24 06:00:00,833.0,5.1
2021-11-24 07:00:00,1036.0,4.9
2021-11-24 08:00:00,1174.0,5.7
2021-11-24 09:00:00,1177.0,7.7
2021-11-24 10:00:00,1141.0,12.2
2021-11-24 11:00:00,1120.0,15.9
2021-11-24 12:00:00,998.0,17.1
2021-11-24 13:00:00,975.0,18.2
2021-11-24 14:00:00,955.0,19.5
2021-11-24 15:00:00,958.0,19.8
2021-11-24 16:00:00,1003.0,19.2
2021-11-24 17:00:00,1134.0,17.9
2021-11-24 18:00:00,1160.0,15.4
2021-11-24 19:00:00,1164.0,15.4
2021-11-24 20:00:00,1121.0,15.2
2021-11-24 21:00:00,1051.0,14.6
2021-11-24 22:00:00,949.0,14.0
2021-11-24 23:00:00,895.0,13.5
2021-11-25 00:00:00,851.0,12.8
2021-11-25 01:00:00,802.0,12.3
2021-11-25 02:00:00,755.0,11.2
2021-11-25 03:00:00,740.0,10.6
2021-11-25 04:00:00,717.0,10.2
2021-11-25 05:00:00,748.0,9.0
2021-11-25 06:00:00,820.0,8.1
2021-11-25 07:00:00,1007.0,7.5
2021-11-25 08:00:00,1132.0,8.8
2021-11-25 09:00:00,1119.0,12.5
2021-11-25 10:00:00,1080.0,15.2
2021-11-25 11:00:00,1070.0,17.6
2021-11-25 12:00:00,936.0,19.0
2021-11-25 13:00:00,890.0,19.9
2021-11-25 14:00:00,876.0,20.7
2021-11-25 15:00:00,894.0,20.5
2021-11-25 16:00:00,955.0,20.9
2021-11-25 17:00:00,1061.0,19.9
2021-11-25 18:00:00,1098.0,15.5
2021-11-25 19:00:00,1140.0,13.4
2021-11-25 20:00:00,1085.0,12.1
2021-11-25 21:00:00,1034.0,11.4
2021-11-25 22:00:00,903.0,10.5
2021-11-25 23:00:00,852.0,9.9
2021-11-26 00:00:00,845.0,9.7
2021-11-26 01:00:00,795.0,9.0
2021-11-26 02:00:00,769.0,8.5
2021-11-26 03:00:00,743.0,8.4
2021-11-26 04:00:00,715.0,8.3
2021-11-26 05:00:00,735.0,9.1
2021-11-26 06:00:00,807.0,8.9
2021-11-26 07:00:00,1010.0,8.8
2021-11-26 08:00:00,1133.0,9.7
2021-11-26 09:00:00,1132.0,12.4
2021-11-26 10:00:00,1096.0,14.1
2021-11-26 11:00:00,1070.0,16.2
2021-11-26 12:00:00,934.0,18.1
2021-11-26 13:00:00,895.0,19.3
2021-11-26 14:00:00,897.0,19.8
2021-11-26 15:00:00,916.0,20.2
2021-11-26 16:00:00,968.0,20.0
2021-11-26 17:00:00,1074.0,19.4
2021-11-26 18:00:00,1103.0,16.2
2021-11-26 19:00:00,1129.0,15.7
2021-11-26 20:00:00,1078.0,15.0
2021-11-26 21:00:00,1010.0,14.3
2021-11-26 22:00:00,919.0,14.3
2021-11-26 23:00:00,849.0,13.6
2021-11-27 00:00:00,845.0,12.1
2021-11-27 01:00:00,776.0,11.8
2021-11-27 02:00:00,733.0,11.5
2021-11-27 03:00:00,704.0,11.4
2021-11-27 04:00:00,694.0,11.0
2021-11-27 05:00:00,712.0,10.8
2021-11-27 06:00:00,750.0,10.4
2021-11-27 07:00:00,900.0,10.1
2021-11-27 08:00:00,1110.0,10.4
2021-11-27 09:00:00,1125.0,11.3
2021-11-27 10:00:00,1083.0,12.9
2021-11-27 11:00:00,1075.0,14.4
2021-11-27 12:00:00,953.0,15.8
2021-11-27 13:00:00,920.0,17.5
2021-11-27 14:00:00,916.0,18.6
2021-11-27 15:00:00,917.0,18.7
2021-11-27 16:00:00,984.0,17.9
2021-11-27 17:00:00,1084.0,17.2
2021-11-27 18:00:00,1098.0,15.4
2021-11-27 19:00:00,1107.0,13.2
2021-11-27 20:00:00,1080.0,12.6
2021-11-27 21:00:00,1011.0,12.5
2021-11-27 22:00:00,921.0,11.4
2021-11-27 23:00:00,855.0,11.1
2021-11-28 00:00:00,844.0,11.4
2021-11-28 01:00:00,765.0,10.8
2021-11-28 02:00:00,751.0,10.9
2021-11-28 03:00:00,697.0,10.4
2021-11-28 04:00:00,677.0,10.2
2021-11-28 05:00:00,687.0,9.5
2021-11-28 06:00:00,746.0,9.4
2021-11-28 07:00:00,873.0,9.9
2021-11-28 08:00:00,1091.0,10.4
2021-11-28 09:00:00,1113.0,11.6
2021-11-28 10:00:00,1100.0,12.6
2021-11-28 11:00:00,1054.0,13.6
2021-11-28 12:00:00,963.0,14.7
2021-11-28 13:00:00,945.0,15.5
2021-11-28 14:00:00,924.0,16.5
2021-11-28 15:00:00,980.0,16.0
2021-11-28 16:00:00,1020.0,15.3
2021-11-28 17:00:00,1125.0,14.4
2021-11-28 18:00:00,1129.0,13.8
2021-11-28 19:00:00,1142.0,13.3
2021-11-28 20:00:00,1089.0,11.7
2021-11-28 21:00:00,1000.0,11.0
2021-11-28 22:00:00,895.0,10.8
2021-11-28 23:00:00,825.0,10.4
2021-11-29 00:00:00,812.0,10.1
2021-11-29 01:00:00,767.0,9.6
2021-11-29 02:00:00,724.0,10.0
2021-11-29 03:00:00,704.0,10.4
2021-11-29 04:00:00,693.0,10.1
2021-11-29 05:00:00,712.0,9.9
2021-11-29 06:00:00,781.0,9.8
2021-11-29 07:00:00,964.0,9.7
2021-11-29 08:00:00,1109.0,10.1
2021-11-29 09:00:00,1144.0,11.4
2021-11-29 10:00:00,1112.0,12.5
2021-11-29 11:00:00,1089.0,13.9
2021-11-29 12:00:00,1000.0,15.5
2021-11-29 13:00:00,975.0,16.6
2021-11-29 14:00:00,974.0,15.9
2021-11-29 15:00:00,986.0,14.7
2021-11-29 16:00:00,1066.0,14.4
2021-11-29 17:00:00,1149.0,14.3
2021-11-29 18:00:00,1158.0,14.3
2021-11-29 19:00:00,1143.0,14.3
2021-11-29 20:00:00,1098.0,14.3
2021-11-29 21:00:00,1024.0,13.7
2021-11-29 22:00:00,908.0,13.4
2021-11-29 23:00:00,854.0,13.0
2021-11-30 00:00:00,860.0,12.6
2021-11-30 01:00:00,809.0,12.1
2021-11-30 02:00:00,773.0,12.4
2021-11-30 03:00:00,726.0,11.8
2021-11-30 04:00:00,723.0,10.9
2021-11-30 05:00:00,733.0,10.0
2021-11-30 06:00:00,812.0,8.6
2021-11-30 07:00:00,1005.0,8.6
2021-11-30 08:00:00,1139.0,8.7
2021-11-30 09:00:00,1136.0,10.7
2021-11-30 10:00:00,1129.0,12.1
2021-11-30 11:00:00,1086.0,13.6
2021-11-30 12:00:00,964.0,14.2
2021-11-30 13:00:00,924.0,15.3
2021-11-30 14:00:00,918.0,15.7
2021-11-30 15:00:00,930.0,15.7
2021-11-30 16:00:00,997.0,15.4
2021-11-30 17:00:00,1098.0,14.8
2021-11-30 18:00:00,1121.0,12.8
2021-11-30 19:00:00,1165.0,11.9
2021-11-30 20:00:00,1108.0,9.8
2021-11-30 21:00:00,1054.0,9.3
2021-11-30 22:00:00,944.0,8.4
2021-11-30 23:00:00,857.0,7.8
2021-12-01 00:00:00,835.0,7.0
2021-12-01 01:00:00,773.0,6.3
2021-12-01 02:00:00,741.0,6.1
2021-12-01 03:00:00,704.0,5.8
2021-12-01 04:00:00,692.0,5.5
2021-12-01 05:00:00,702.0,5.3
2021-12-01 06:00:00,783.0,5.0
2021-12-01 07:00:00,980.0,5.3
2021-12-01 08:00:00,1159.0,6.4
2021-12-01 09:00:00,1177.0,8.8
2021-12-01 10:00:00,1147.0,10.8
2021-12-01 11:00:00,1106.0,12.3
2021-12-01 12:00:00,983.0,13.4
2021-12-01 13:00:00,932.0,13.9
2021-12-01 14:00:00,938.0,14.6
2021-12-01 15:00:00,974.0,14.4
2021-12-01 16:00:00,1013.0,14.6
2021-12-01 17:00:00,1133.0,13.9
2021-12-01 18:00:00,1149.0,11.9
2021-12-01 19:00:00,1175.0,10.4
2021-12-01 20:00:00,1120.0,9.4
2021-12-01 21:00:00,1062.0,8.7
2021-12-01 22:00:00,931.0,9.5
2021-12-01 23:00:00,857.0,8.4
2021-12-02 00:00:00,850.0,7.1
2021-12-02 01:00:00,785.0,6.8
2021-12-02 02:00:00,751.0,6.0
2021-12-02 03:00:00,718.0,6.1
2021-12-02 04:00:00,715.0,4.8
2021-12-02 05:00:00,720.0,4.4
2021-12-02 06:00:00,827.0,4.4
2021-12-02 07:00:00,979.0,4.4
2021-12-02 08:00:00,1175.0,5.3
2021-12-02 09:00:00,1194.0,9.6
2021-12-02 10:00:00,1169.0,12.0
2021-12-02 11:00:00,1125.0,13.3
2021-12-02 12:00:00,982.0,14.6
2021-12-02 13:00:00,948.0,15.3
2021-12-02 14:00:00,957.0,16.3
2021-12-02 15:00:00,968.0,16.4
2021-12-02 16:00:00,1016.0,16.5
2021-12-02 17:00:00,1123.0,15.4
2021-12-02 18:00:00,1141.0,13.4
2021-12-02 19:00:00,1151.0,11.7
2021-12-02 20:00:00,1121.0,10.1
2021-12-02 21:00:00,1051.0,9.5
2021-12-02 22:00:00,942.0,8.7
2021-12-02 23:00:00,874.0,8.3
2021-12-03 00:00:00,858.0,8.0
2021-12-03 01:00:00,796.0,7.5
2021-12-03 02:00:00,762.0,7.1
2021-12-03 03:00:00,738.0,6.5
2021-12-03 04:00:00,721.0,6.2
2021-12-03 05:00:00,749.0,5.8
2021-12-03 06:00:00,828.0,5.5
2021-12-03 07:00:00,1007.0,5.5
2021-12-03 08:00:00,1191.0,6.3
2021-12-03 09:00:00,1198.0,10.3
2021-12-03 10:00:00,1141.0,12.8
2021-12-03 11:00:00,1100.0,14.2
2021-12-03 12:00:00,973.0,16.0
2021-12-03 13:00:00,938.0,17.1
2021-12-03 14:00:00,946.0,18.0
2021-12-03 15:00:00,955.0,17.6
2021-12-03 16:00:00,1023.0,16.9
2021-12-03 17:00:00,1105.0,16.3
2021-12-03 18:00:00,1130.0,13.4
2021-12-03 19:00:00,1134.0,11.8
2021-12-03 20:00:00,1103.0,11.0
2021-12-03 21:00:00,1027.0,10.5
2021-12-03 22:00:00,934.0,10.3
2021-12-03 23:00:00,889.0,9.3
2021-12-04 00:00:00,882.0,8.5
2021-12-04 01:00:00,820.0,7.9
2021-12-04 02:00:00,779.0,7.2
2021-12-04 03:00:00,745.0,6.8
2021-12-04 04:00:00,740.0,6.1
2021-12-04 05:00:00,753.0,6.1
2021-12-04 06:00:00,807.0,5.9
2021-12-04 07:00:00,929.0,5.5
2021-12-04 08:00:00,1184.0,6.2
2021-12-04 09:00:00,1225.0,9.6
2021-12-04 10:00:00,1191.0,12.3
2021-12-04 11:00:00,1110.0,14.4
2021-12-04 12:00:00,982.0,15.7
2021-12-04 13:00:00,949.0,17.0
2021-12-04 14:00:00,947.0,17.5
2021-12-04 15:00:00,980.0,17.3
2021-12-04 16:00:00,1042.0,17.2
2021-12-04 17:00:00,1130.0,16.4
2021-12-04 18:00:00,1125.0,13.9
2021-12-04 19:00:00,1120.0,12.6
2021-12-04 20:00:00,1090.0,12.0
2021-12-04 21:00:00,1018.0,11.3
2021-12-04 22:00:00,910.0,10.5
2021-12-04 23:00:00,872.0,10.0
2021-12-05 00:00:00,870.0,9.9
2021-12-05 01:00:00,815.0,8.7
2021-12-05 02:00:00,750.0,8.9
2021-12-05 03:00:00,743.0,9.7
2021-12-05 04:00:00,727.0,9.2
2021-12-05 05:00:00,735.0,8.7
2021-12-05 06:00:00,776.0,7.4
2021-12-05 07:00:00,906.0,6.6
2021-12-05 08:00:00,1137.0,7.3
2021-12-05 09:00:00,1176.0,11.4
2021-12-05 10:00:00,1140.0,13.5
2021-12-05 11:00:00,1068.0,15.1
2021-12-05 12:00:00,962.0,16.7
2021-12-05 13:00:00,917.0,17.7
2021-12-05 14:00:00,933.0,18.5
2021-12-05 15:00:00,962.0,18.6
2021-12-05 16:00:00,1002.0,18.3
2021-12-05 17:00:00,1119.0,17.2
2021-12-05 18:00:00,1107.0,14.1
2021-12-05 19:00:00,1129.0,12.3
2021-12-05 20:00:00,1103.0,11.0
2021-12-05 21:00:00,1013.0,10.3
2021-12-05 22:00:00,878.0,9.4
2021-12-05 23:00:00,841.0,8.8
2021-12-06 00:00:00,842.0,8.4
2021-12-06 01:00:00,771.0,7.7
2021-12-06 02:00:00,733.0,7.4
2021-12-06 03:00:00,722.0,7.2
2021-12-06 04:00:00,702.0,7.2
2021-12-06 05:00:00,710.0,6.5
2021-12-06 06:00:00,797.0,6.0
2021-12-06 07:00:00,1004.0,6.3
2021-12-06 08:00:00,1150.0,6.7
2021-12-06 09:00:00,1211.0,10.5
2021-12-06 10:00:00,1154.0,13.5
2021-12-06 11:00:00,1111.0,15.0
2021-12-06 12:00:00,956.0,17.0
2021-12-06 13:00:00,919.0,18.1
2021-12-06 14:00:00,933.0,18.6
2021-12-06 15:00:00,955.0,18.9
2021-12-06 16:00:00,1014.0,18.8
2021-12-06 17:00:00,1111.0,17.8
2021-12-06 18:00:00,1111.0,14.3
2021-12-06 19:00:00,1137.0,13.1
2021-12-06 20:00:00,1111.0,13.6
2021-12-06 21:00:00,1042.0,12.1
2021-12-06 22:00:00,919.0,11.1
2021-12-06 23:00:00,886.0,11.7
2021-12-07 00:00:00,864.0,11.0
2021-12-07 01:00:00,813.0,10.6
2021-12-07 02:00:00,762.0,10.5
2021-12-07 03:00:00,760.0,10.1
2021-12-07 04:00:00,755.0,9.9
2021-12-07 05:00:00,757.0,9.7
2021-12-07 06:00:00,822.0,8.9
2021-12-07 07:00:00,1001.0,8.4
2021-12-07 08:00:00,1182.0,8.1
2021-12-07 09:00:00,1218.0,9.1
2021-12-07 10:00:00,1187.0,10.0
2021-12-07 11:00:00,1162.0,11.1
2021-12-07 12:00:00,1021.0,12.4
2021-12-07 13:00:00,991.0,12.3
2021-12-07 14:00:00,998.0,13.0
2021-12-07 15:00:00,1023.0,12.8
2021-12-07 16:00:00,1066.0,13.0
2021-12-07 17:00:00,1167.0,12.4
2021-12-07 18:00:00,1182.0,11.6
2021-12-07 19:00:00,1189.0,11.3
2021-12-07 20:00:00,1150.0,10.9
2021-12-07 21:00:00,1069.0,10.9
2021-12-07 22:00:00,939.0,10.7
2021-12-07 23:00:00,888.0,10.5
2021-12-08 00:00:00,843.0,10.3
2021-12-08 01:00:00,813.0,10.1
2021-12-08 02:00:00,771.0,9.9
2021-12-08 03:00:00,731.0,9.7
2021-12-08 04:00:00,702.0,9.5
2021-12-08 05:00:00,731.0,9.5
2021-12-08 06:00:00,790.0,9.5
2021-12-08 07:00:00,981.0,9.5
2021-12-08 08:00:00,1169.0,9.5
2021-12-08 09:00:00,1215.0,9.8
2021-12-08 10:00:00,1211.0,10.5
2021-12-08 11:00:00,1186.0,11.2
2021-12-08 12:00:00,1075.0,11.5
2021-12-08 13:00:00,1067.0,11.3
2021-12-08 14:00:00,1055.0,11.7
2021-12-08 15:00:00,1076.0,12.2
2021-12-08 16:00:00,1102.0,12.3
2021-12-08 17:00:00,1240.0,12.1
2021-12-08 18:00:00,1197.0,11.8
2021-12-08 19:00:00,1207.0,11.7
2021-12-08 20:00:00,1164.0,11.6
2021-12-08 21:00:00,1078.0,11.5
2021-12-08 22:00:00,935.0,11.2
2021-12-08 23:00:00,879.0,10.9
2021-12-09 00:00:00,876.0,10.7
2021-12-09 01:00:00,819.0,10.6
2021-12-09 02:00:00,795.0,10.4
2021-12-09 03:00:00,755.0,10.0
2021-12-09 04:00:00,730.0,9.6
2021-12-09 05:00:00,747.0,9.4
2021-12-09 06:00:00,834.0,8.5
2021-12-09 07:00:00,1018.0,7.9
2021-12-09 08:00:00,1183.0,8.3
2021-12-09 09:00:00,1213.0,9.8
2021-12-09 10:00:00,1198.0,11.1
2021-12-09 11:00:00,1146.0,12.9
2021-12-09 12:00:00,1006.0,13.7
2021-12-09 13:00:00,972.0,15.0
2021-12-09 14:00:00,974.0,15.5
2021-12-09 15:00:00,988.0,15.6
2021-12-09 16:00:00,1068.0,15.3
2021-12-09 17:00:00,1161.0,14.6
2021-12-09 18:00:00,1147.0,13.0
2021-12-09 19:00:00,1188.0,11.5
2021-12-09 20:00:00,1141.0,10.4
2021-12-09 21:00:00,1074.0,9.8
2021-12-09 22:00:00,945.0,9.2
2021-12-09 23:00:00,894.0,9.1
2021-12-10 00:00:00,883.0,8.7
2021-12-10 01:00:00,827.0,8.3
2021-12-10 02:00:00,788.0,8.0
2021-12-10 03:00:00,783.0,7.9
2021-12-10 04:00:00,754.0,7.6
2021-12-10 05:00:00,773.0,7.7
2021-12-10 06:00:00,842.0,7.7
2021-12-10 07:00:00,995.0,7.4
2021-12-10 08:00:00,1197.0,8.0
2021-12-10 09:00:00,1262.0,10.3
2021-12-10 10:00:00,1254.0,11.6
2021-12-10 11:00:00,1190.0,12.7
2021-12-10 12:00:00,1028.0,13.7
2021-12-10 13:00:00,1017.0,14.7
2021-12-10 14:00:00,1010.0,15.5
2021-12-10 15:00:00,1009.0,16.2
2021-12-10 16:00:00,1086.0,16.0
2021-12-10 17:00:00,1174.0,15.5
2021-12-10 18:00:00,1155.0,14.9
2021-12-10 19:00:00,1167.0,14.6
2021-12-10 20:00:00,1132.0,14.0
2021-12-10 21:00:00,1060.0,14.0
2021-12-10 22:00:00,968.0,13.5
2021-12-10 23:00:00,910.0,13.0
2021-12-11 00:00:00,860.0,12.7
2021-12-11 01:00:00,812.0,12.5
2021-12-11 02:00:00,764.0,12.3
2021-12-11 03:00:00,727.0,12.0
2021-12-11 04:00:00,729.0,11.5
2021-12-11 05:00:00,714.0,11.1
2021-12-11 06:00:00,786.0,10.9
2021-12-11 07:00:00,839.0,10.8
2021-12-11 08:00:00,1109.0,10.8
2021-12-11 09:00:00,1196.0,10.9
2021-12-11 10:00:00,1216.0,11.2
2021-12-11 11:00:00,1163.0,11.4
2021-12-11 12:00:00,1055.0,11.7
2021-12-11 13:00:00,1045.0,11.6
2021-12-11 14:00:00,1057.0,11.3
2021-12-11 15:00:00,1087.0,10.7
2021-12-11 16:00:00,1140.0,10.5
2021-12-11 17:00:00,1241.0,10.2
2021-12-11 18:00:00,1195.0,10.1
2021-12-11 19:00:00,1182.0,10.1
2021-12-11 20:00:00,1133.0,9.9
2021-12-11 21:00:00,1048.0,9.6
2021-12-11 22:00:00,952.0,9.4
2021-12-11 23:00:00,929.0,9.4
2021-12-12 00:00:00,893.0,9.3
2021-12-12 01:00:00,823.0,9.1
2021-12-12 02:00:00,757.0,9.0
2021-12-12 03:00:00,738.0,9.1
2021-12-12 04:00:00,727.0,9.1
2021-12-12 05:00:00,732.0,9.1
2021-12-12 06:00:00,780.0,9.0
2021-12-12 07:00:00,855.0,9.0
2021-12-12 08:00:00,1086.0,9.1
2021-12-12 09:00:00,1182.0,9.3
2021-12-12 10:00:00,1219.0,9.3
2021-12-12 11:00:00,1229.0,10.0
2021-12-12 12:00:00,1104.0,10.4
2021-12-12 13:00:00,1060.0,11.0
2021-12-12 14:00:00,1067.0,11.7
2021-12-12 15:00:00,1083.0,11.8
2021-12-12 16:00:00,1104.0,11.8
2021-12-12 17:00:00,1205.0,11.4
2021-12-12 18:00:00,1193.0,11.0
2021-12-12 19:00:00,1200.0,11.0
2021-12-12 20:00:00,1182.0,10.9
2021-12-12 21:00:00,1089.0,10.5
2021-12-12 22:00:00,956.0,9.6
2021-12-12 23:00:00,886.0,9.2
2021-12-13 00:00:00,864.0,8.6
2021-12-13 01:00:00,783.0,8.2
2021-12-13 02:00:00,750.0,7.6
2021-12-13 03:00:00,715.0,7.5
2021-12-13 04:00:00,691.0,7.3
2021-12-13 05:00:00,720.0,7.2
2021-12-13 06:00:00,782.0,7.2
2021-12-13 07:00:00,942.0,7.1
2021-12-13 08:00:00,1147.0,7.2
2021-12-13 09:00:00,1230.0,7.3
2021-12-13 10:00:00,1254.0,7.6
2021-12-13 11:00:00,1275.0,8.2
2021-12-13 12:00:00,1126.0,8.7
2021-12-13 13:00:00,1093.0,9.4
2021-12-13 14:00:00,1067.0,10.7
2021-12-13 15:00:00,1040.0,10.9
2021-12-13 16:00:00,1092.0,10.4
2021-12-13 17:00:00,1179.0,10.1
2021-12-13 18:00:00,1184.0,9.4
2021-12-13 19:00:00,1205.0,8.4
2021-12-13 20:00:00,1153.0,8.0
2021-12-13 21:00:00,1076.0,7.7
2021-12-13 22:00:00,943.0,7.1
2021-12-13 23:00:00,847.0,6.6
2021-12-14 00:00:00,858.0,7.4
2021-12-14 01:00:00,792.0,8.0
2021-12-14 02:00:00,762.0,8.4
2021-12-14 03:00:00,726.0,8.6
2021-12-14 04:00:00,715.0,8.8
2021-12-14 05:00:00,720.0,9.4
2021-12-14 06:00:00,797.0,9.6
2021-12-14 07:00:00,960.0,9.8
2021-12-14 08:00:00,1151.0,9.9
2021-12-14 09:00:00,1240.0,10.3
2021-12-14 10:00:00,1215.0,10.8
2021-12-14 11:00:00,1258.0,12.0
2021-12-14 12:00:00,1109.0,12.7
2021-12-14 13:00:00,1121.0,13.2
2021-12-14 14:00:00,1092.0,13.4
2021-12-14 15:00:00,1092.0,13.9
2021-12-14 16:00:00,1142.0,13.5
2021-12-14 17:00:00,1223.0,12.8
2021-12-14 18:00:00,1218.0,12.4
2021-12-14 19:00:00,1226.0,12.2
2021-12-14 20:00:00,1195.0,12.0
2021-12-14 21:00:00,1115.0,12.0
2021-12-14 22:00:00,987.0,11.9
2021-12-14 23:00:00,879.0,11.7
2021-12-15 00:00:00,893.0,11.4
2021-12-15 01:00:00,804.0,11.2
2021-12-15 02:00:00,758.0,11.0
2021-12-15 03:00:00,736.0,11.1
2021-12-15 04:00:00,724.0,11.1
2021-12-15 05:00:00,740.0,11.1
2021-12-15 06:00:00,812.0,11.4
2021-12-15 07:00:00,961.0,11.1
2021-12-15 08:00:00,1149.0,11.3
2021-12-15 09:00:00,1220.0,12.0
2021-12-15 10:00:00,1229.0,12.6
2021-12-15 11:00:00,1222.0,12.8
2021-12-15 12:00:00,1089.0,13.1
2021-12-15 13:00:00,1072.0,13.6
2021-12-15 14:00:00,1070.0,13.8
2021-12-15 15:00:00,1078.0,13.7
2021-12-15 16:00:00,1120.0,14.0
2021-12-15 17:00:00,1214.0,13.7
2021-12-15 18:00:00,1198.0,13.1
2021-12-15 19:00:00,1202.0,12.7
2021-12-15 20:00:00,1178.0,12.4
2021-12-15 21:00:00,1096.0,12.3
2021-12-15 22:00:00,964.0,11.9
2021-12-15 23:00:00,891.0,11.7
2021-12-16 00:00:00,879.0,11.5
2021-12-16 01:00:00,801.0,11.4
2021-12-16 02:00:00,761.0,11.1
2021-12-16 03:00:00,731.0,10.9
2021-12-16 04:00:00,725.0,10.7
2021-12-16 05:00:00,718.0,10.8
2021-12-16 06:00:00,808.0,10.7
2021-12-16 07:00:00,927.0,10.8
2021-12-16 08:00:00,1152.0,10.9
2021-12-16 09:00:00,1276.0,11.2
2021-12-16 10:00:00,1270.0,11.3
2021-12-16 11:00:00,1240.0,11.5
2021-12-16 12:00:00,1123.0,11.7
2021-12-16 13:00:00,1107.0,11.9
2021-12-16 14:00:00,1094.0,12.3
2021-12-16 15:00:00,1113.0,12.2
2021-12-16 16:00:00,1150.0,12.0
2021-12-16 17:00:00,1246.0,11.5
2021-12-16 18:00:00,1217.0,11.3
2021-12-16 19:00:00,1214.0,11.4
2021-12-16 20:00:00,1179.0,11.4
2021-12-16 21:00:00,1105.0,11.4
2021-12-16 22:00:00,968.0,11.2
2021-12-16 23:00:00,873.0,11.2
2021-12-17 00:00:00,882.0,11.2
2021-12-17 01:00:00,828.0,11.0
2021-12-17 02:00:00,780.0,10.9
2021-12-17 03:00:00,754.0,10.6
2021-12-17 04:00:00,754.0,10.2
2021-12-17 05:00:00,753.0,9.9
2021-12-17 06:00:00,826.0,9.7
2021-12-17 07:00:00,992.0,9.4
2021-12-17 08:00:00,1221.0,9.1
2021-12-17 09:00:00,1288.0,9.4
2021-12-17 10:00:00,1283.0,10.0
2021-12-17 11:00:00,1249.0,10.4
2021-12-17 12:00:00,1115.0,10.9
2021-12-17 13:00:00,1075.0,11.1
2021-12-17 14:00:00,1067.0,11.1
2021-12-17 15:00:00,1085.0,11.8
2021-12-17 16:00:00,1126.0,11.8
2021-12-17 17:00:00,1212.0,11.2
2021-12-17 18:00:00,1204.0,10.0
2021-12-17 19:00:00,1230.0,9.2
2021-12-17 20:00:00,1196.0,8.8
2021-12-17 21:00:00,1134.0,8.4
2021-12-17 22:00:00,1029.0,7.9
2021-12-17 23:00:00,944.0,7.2
2021-12-18 00:00:00,931.0,6.6
2021-12-18 01:00:00,837.0,6.2
2021-12-18 02:00:00,789.0,5.7
2021-12-18 03:00:00,739.0,5.1
2021-12-18 04:00:00,733.0,4.7
2021-12-18 05:00:00,737.0,4.8
2021-12-18 06:00:00,797.0,4.0
2021-12-18 07:00:00,917.0,4.1
2021-12-18 08:00:00,1202.0,4.3
2021-12-18 09:00:00,1287.0,5.0
2021-12-18 10:00:00,1255.0,6.4
2021-12-18 11:00:00,1187.0,8.3
2021-12-18 12:00:00,1065.0,9.9
2021-12-18 13:00:00,1027.0,10.8
2021-12-18 14:00:00,1020.0,11.6
2021-12-18 15:00:00,1046.0,11.9
2021-12-18 16:00:00,1109.0,11.4
2021-12-18 17:00:00,1200.0,10.9
2021-12-18 18:00:00,1192.0,9.5
2021-12-18 19:00:00,1216.0,8.4
2021-12-18 20:00:00,1189.0,7.8
2021-12-18 21:00:00,1120.0,7.7
2021-12-18 22:00:00,1014.0,7.7
2021-12-18 23:00:00,928.0,7.4
2021-12-19 00:00:00,922.0,7.2
2021-12-19 01:00:00,805.0,7.1
2021-12-19 02:00:00,782.0,7.0
2021-12-19 03:00:00,741.0,6.85
2021-12-19 04:00:00,734.0,6.7
2021-12-19 05:00:00,736.0,6.6
2021-12-19 06:00:00,786.0,5.9
2021-12-19 07:00:00,871.0,4.8
2021-12-19 08:00:00,1143.0,4.8
2021-12-19 09:00:00,1203.0,8.5
2021-12-19 10:00:00,1182.0,10.6
2021-12-19 11:00:00,1133.0,12.1
2021-12-19 12:00:00,998.0,13.2
2021-12-19 13:00:00,974.0,14.8
2021-12-19 14:00:00,965.0,16.0
2021-12-19 15:00:00,994.0,16.0
2021-12-19 16:00:00,1072.0,15.3
2021-12-19 17:00:00,1137.0,14.3
2021-12-19 18:00:00,1166.0,12.8
2021-12-19 19:00:00,1188.0,10.7
2021-12-19 20:00:00,1171.0,9.2
2021-12-19 21:00:00,1093.0,8.2
2021-12-19 22:00:00,944.0,7.6
2021-12-19 23:00:00,845.0,7.1
2021-12-20 00:00:00,859.0,6.5
2021-12-20 01:00:00,777.0,6.0
2021-12-20 02:00:00,739.0,5.6
2021-12-20 03:00:00,710.0,5.5
2021-12-20 04:00:00,683.0,6.2
2021-12-20 05:00:00,709.0,6.5
2021-12-20 06:00:00,778.0,6.2
2021-12-20 07:00:00,970.0,5.2
2021-12-20 08:00:00,1189.0,5.3
2021-12-20 09:00:00,1256.0,9.0
2021-12-20 10:00:00,1233.0,11.4
2021-12-20 11:00:00,1172.0,13.0
2021-12-20 12:00:00,1063.0,14.6
2021-12-20 13:00:00,1041.0,15.4
2021-12-20 14:00:00,1036.0,15.8
2021-12-20 15:00:00,1037.0,16.8
2021-12-20 16:00:00,1092.0,17.1
2021-12-20 17:00:00,1155.0,15.8
2021-12-20 18:00:00,1155.0,14.5
2021-12-20 19:00:00,1186.0,14.2
2021-12-20 20:00:00,1153.0,13.2
2021-12-20 21:00:00,1083.0,11.2
2021-12-20 22:00:00,962.0,10.8
2021-12-20 23:00:00,862.0,10.7
2021-12-21 00:00:00,882.0,10.2
2021-12-21 01:00:00,810.0,9.3
2021-12-21 02:00:00,756.0,8.5
2021-12-21 03:00:00,720.0,7.9
2021-12-21 04:00:00,710.0,7.5
2021-12-21 05:00:00,737.0,7.0
2021-12-21 06:00:00,813.0,6.6
2021-12-21 07:00:00,995.0,6.2
2021-12-21 08:00:00,1201.0,6.5
2021-12-21 09:00:00,1258.0,9.9
2021-12-21 10:00:00,1210.0,12.8
2021-12-21 11:00:00,1153.0,15.3
2021-12-21 12:00:00,993.0,16.1
2021-12-21 13:00:00,970.0,17.6
2021-12-21 14:00:00,951.0,18.5
2021-12-21 15:00:00,974.0,18.6
2021-12-21 16:00:00,1027.0,18.4
2021-12-21 17:00:00,1120.0,17.3
2021-12-21 18:00:00,1110.0,14.8
2021-12-21 19:00:00,1163.0,12.8
2021-12-21 20:00:00,1143.0,11.2
2021-12-21 21:00:00,1075.0,10.2
2021-12-21 22:00:00,947.0,9.4
2021-12-21 23:00:00,877.0,8.9
2021-12-22 00:00:00,875.0,8.4
2021-12-22 01:00:00,795.0,8.1
2021-12-22 02:00:00,758.0,7.5
2021-12-22 03:00:00,727.0,7.8
2021-12-22 04:00:00,695.0,7.4
2021-12-22 05:00:00,701.0,6.8
2021-12-22 06:00:00,758.0,6.5
2021-12-22 07:00:00,968.0,6.2
2021-12-22 08:00:00,1191.0,6.3
2021-12-22 09:00:00,1221.0,9.8
2021-12-22 10:00:00,1186.0,13.1
2021-12-22 11:00:00,1144.0,15.1
2021-12-22 12:00:00,1005.0,16.5
2021-12-22 13:00:00,955.0,17.3
2021-12-22 14:00:00,952.0,18.3
2021-12-22 15:00:00,977.0,18.6
2021-12-22 16:00:00,1012.0,18.6
2021-12-22 17:00:00,1124.0,17.8
2021-12-22 18:00:00,1129.0,14.9
2021-12-22 19:00:00,1174.0,12.4
2021-12-22 20:00:00,1145.0,10.8
2021-12-22 21:00:00,1091.0,10.1
2021-12-22 22:00:00,950.0,9.4
2021-12-22 23:00:00,864.0,8.9
2021-12-23 00:00:00,875.0,8.4
2021-12-23 01:00:00,788.0,7.9
2021-12-23 02:00:00,747.0,7.5
2021-12-23 03:00:00,727.0,7.6
2021-12-23 04:00:00,716.0,7.0
2021-12-23 05:00:00,723.0,6.9
2021-12-23 06:00:00,802.0,6.5
2021-12-23 07:00:00,970.0,5.9
2021-12-23 08:00:00,1211.0,6.1
2021-12-23 09:00:00,1251.0,9.9
2021-12-23 10:00:00,1204.0,12.2
2021-12-23 11:00:00,1159.0,14.3
2021-12-23 12:00:00,976.0,16.5
2021-12-23 13:00:00,979.0,17.3
2021-12-23 14:00:00,974.0,18.1
2021-12-23 15:00:00,991.0,18.7
2021-12-23 16:00:00,1041.0,18.5
2021-12-23 17:00:00,1145.0,17.6
2021-12-23 18:00:00,1137.0,15.2
2021-12-23 19:00:00,1168.0,13.4
2021-12-23 20:00:00,1138.0,12.9
2021-12-23 21:00:00,1065.0,12.2
2021-12-23 22:00:00,943.0,11.3
2021-12-23 23:00:00,863.0,10.9
2021-12-24 00:00:00,876.0,11.6
2021-12-24 01:00:00,798.0,12.1
2021-12-24 02:00:00,754.0,12.4
2021-12-24 03:00:00,728.0,12.2
2021-12-24 04:00:00,726.0,12.5
2021-12-24 05:00:00,710.0,12.1
2021-12-24 06:00:00,813.0,11.4
2021-12-24 07:00:00,964.0,10.9
2021-12-24 08:00:00,1154.0,10.8
2021-12-24 09:00:00,1269.0,9.5
2021-12-24 10:00:00,1290.0,9.2
2021-12-24 11:00:00,1277.0,9.1
2021-12-24 12:00:00,1155.0,8.8
2021-12-24 13:00:00,1168.0,8.5
2021-12-24 14:00:00,1159.0,8.4
2021-12-24 15:00:00,1170.0,8.2
2021-12-24 16:00:00,1211.0,8.2
2021-12-24 17:00:00,1306.0,7.9
2021-12-24 18:00:00,1245.0,8.0
2021-12-24 19:00:00,1234.0,7.6
2021-12-24 20:00:00,1174.0,7.2
2021-12-24 21:00:00,1092.0,7.4
2021-12-24 22:00:00,999.0,6.7
2021-12-24 23:00:00,917.0,6.1
2021-12-25 00:00:00,925.0,5.4
2021-12-25 01:00:00,849.0,4.8
2021-12-25 02:00:00,815.0,4.5
2021-12-25 03:00:00,760.0,4.0
2021-12-25 04:00:00,748.0,3.5
2021-12-25 05:00:00,755.0,3.1
2021-12-25 06:00:00,795.0,3.0
2021-12-25 07:00:00,876.0,2.6
2021-12-25 08:00:00,1128.0,3.0
2021-12-25 09:00:00,1343.0,2.9
2021-12-25 10:00:00,1397.0,2.9
2021-12-25 11:00:00,1414.0,2.7
2021-12-25 12:00:00,1316.0,2.6
2021-12-25 13:00:00,1293.0,2.2
2021-12-25 14:00:00,1266.0,2.1
2021-12-25 15:00:00,1291.0,2.2
2021-12-25 16:00:00,1326.0,2.1
2021-12-25 17:00:00,1411.0,1.7
2021-12-25 18:00:00,1383.0,1.4
2021-12-25 19:00:00,1358.0,1.4
2021-12-25 20:00:00,1308.0,1.2
2021-12-25 21:00:00,1209.0,1.0
2021-12-25 22:00:00,1066.0,0.6
2021-12-25 23:00:00,969.0,0.6
2021-12-26 00:00:00,987.0,0.3
2021-12-26 01:00:00,892.0,-0.5
2021-12-26 02:00:00,832.0,-0.8
2021-12-26 03:00:00,811.0,-1.3
2021-12-26 04:00:00,787.0,-1.6
2021-12-26 05:00:00,789.0,-1.6
2021-12-26 06:00:00,813.0,-1.7
2021-12-26 07:00:00,846.0,-1.9
2021-12-26 08:00:00,1130.0,-2.0
2021-12-26 09:00:00,1380.0,-2.1
2021-12-26 10:00:00,1476.0,-2.0
2021-12-26 11:00:00,1458.0,-1.7
2021-12-26 12:00:00,1370.0,-1.9
2021-12-26 13:00:00,1334.0,-2.3
2021-12-26 14:00:00,1305.0,-2.1
2021-12-26 15:00:00,1298.0,-2.2
2021-12-26 16:00:00,1311.0,-2.3
2021-12-26 17:00:00,1398.0,-2.3
2021-12-26 18:00:00,1453.0,-2.2
2021-12-26 19:00:00,1404.0,-2.5
2021-12-26 20:00:00,1340.0,-2.4
2021-12-26 21:00:00,1250.0,-2.2
2021-12-26 22:00:00,1105.0,-2.0
2021-12-26 23:00:00,970.0,-1.9
2021-12-27 00:00:00,923.0,-1.8
2021-12-27 01:00:00,842.0,-2.1
2021-12-27 02:00:00,806.0,-2.1
2021-12-27 03:00:00,759.0,-1.8
2021-12-27 04:00:00,748.0,-1.5
2021-12-27 05:00:00,753.0,-1.6
2021-12-27 06:00:00,761.0,-1.5
2021-12-27 07:00:00,860.0,-1.4
2021-12-27 08:00:00,1108.0,-1.2
2021-12-27 09:00:00,1383.0,-0.7
2021-12-27 10:00:00,1467.0,-0.2
2021-12-27 11:00:00,1490.0,0.8
2021-12-27 12:00:00,1421.0,0.5
2021-12-27 13:00:00,1377.0,0.5
2021-12-27 14:00:00,1349.0,0.8
2021-12-27 15:00:00,1364.0,0.9
2021-12-27 16:00:00,1410.0,0.9
2021-12-27 17:00:00,1502.0,0.8
2021-12-27 18:00:00,1469.0,0.6
2021-12-27 19:00:00,1474.0,0.5
2021-12-27 20:00:00,1423.0,0.4
2021-12-27 21:00:00,1320.0,0.4
2021-12-27 22:00:00,1175.0,0.3
2021-12-27 23:00:00,1045.0,0.3
2021-12-28 00:00:00,997.0,0.4
2021-12-28 01:00:00,906.0,0.2
2021-12-28 02:00:00,828.0,0.1
2021-12-28 03:00:00,827.0,0.1
2021-12-28 04:00:00,803.0,0.0
2021-12-28 05:00:00,820.0,0.1
2021-12-28 06:00:00,826.0,0.0
2021-12-28 07:00:00,918.0,0.1
2021-12-28 08:00:00,1210.0,0.2
2021-12-28 09:00:00,1494.0,0.8
2021-12-28 10:00:00,1540.0,1.5
2021-12-28 11:00:00,1562.0,2.3
2021-12-28 12:00:00,1441.0,3.8
2021-12-28 13:00:00,1400.0,4.4
2021-12-28 14:00:00,1373.0,4.7
2021-12-28 15:00:00,1405.0,4.6
2021-12-28 16:00:00,1447.0,4.4
2021-12-28 17:00:00,1517.0,4.0
2021-12-28 18:00:00,1456.0,3.8
2021-12-28 19:00:00,1475.0,3.5
2021-12-28 20:00:00,1444.0,3.3
2021-12-28 21:00:00,1347.0,3.2
2021-12-28 22:00:00,1190.0,3.1
2021-12-28 23:00:00,1048.0,3.0
2021-12-29 00:00:00,1015.0,3.0
2021-12-29 01:00:00,904.0,3.0
2021-12-29 02:00:00,852.0,2.9
2021-12-29 03:00:00,807.0,2.9
2021-12-29 04:00:00,800.0,3.0
2021-12-29 05:00:00,806.0,3.0
2021-12-29 06:00:00,866.0,2.9
2021-12-29 07:00:00,1021.0,2.9
2021-12-29 08:00:00,1288.0,3.1
2021-12-29 09:00:00,1475.0,4.0
2021-12-29 10:00:00,1480.0,5.3
2021-12-29 11:00:00,1461.0,6.4
2021-12-29 12:00:00,1336.0,7.4
2021-12-29 13:00:00,1298.0,8.8
2021-12-29 14:00:00,1224.0,9.8
2021-12-29 15:00:00,1245.0,10.8
2021-12-29 16:00:00,1265.0,10.9
2021-12-29 17:00:00,1357.0,10.9
2021-12-29 18:00:00,1365.0,7.3
2021-12-29 19:00:00,1413.0,5.6
2021-12-29 20:00:00,1394.0,4.9
2021-12-29 21:00:00,1323.0,4.0
2021-12-29 22:00:00,1180.0,3.7
2021-12-29 23:00:00,1053.0,3.7
2021-12-30 00:00:00,1015.0,3.4
2021-12-30 01:00:00,912.0,3.45
2021-12-30 02:00:00,846.0,3.5
2021-12-30 03:00:00,819.0,2.7
2021-12-30 04:00:00,810.0,2.1
2021-12-30 05:00:00,813.0,1.7
2021-12-30 06:00:00,879.0,1.3
2021-12-30 07:00:00,1048.0,1.2
2021-12-30 08:00:00,1297.0,1.6
2021-12-30 09:00:00,1428.0,3.6
2021-12-30 10:00:00,1408.0,6.0
2021-12-30 11:00:00,1354.0,7.4
2021-12-30 12:00:00,1215.0,9.2
2021-12-30 13:00:00,1182.0,10.7
2021-12-30 14:00:00,1164.0,11.2
2021-12-30 15:00:00,1166.0,11.8
2021-12-30 16:00:00,1221.0,12.0
2021-12-30 17:00:00,1309.0,11.1
2021-12-30 18:00:00,1300.0,8.9
2021-12-30 19:00:00,1366.0,6.9
2021-12-30 20:00:00,1350.0,5.6
2021-12-30 21:00:00,1285.0,5.0
2021-12-30 22:00:00,1147.0,4.3
2021-12-30 23:00:00,1019.0,3.7
2021-12-31 00:00:00,1006.0,3.6
2021-12-31 01:00:00,913.0,2.9
2021-12-31 02:00:00,865.0,3.4
2021-12-31 03:00:00,824.0,3.2
2021-12-31 04:00:00,801.0,2.8
2021-12-31 05:00:00,816.0,3.2
2021-12-31 06:00:00,873.0,2.7
2021-12-31 07:00:00,1068.0,2.8
2021-12-31 08:00:00,1324.0,3.1
2021-12-31 09:00:00,1407.0,5.3
2021-12-31 10:00:00,1398.0,6.5
2021-12-31 11:00:00,1362.0,7.0
2021-12-31 12:00:00,1269.0,7.5
2021-12-31 13:00:00,1229.0,8.4
2021-12-31 14:00:00,1195.0,9.9
2021-12-31 15:00:00,1202.0,10.1
2021-12-31 16:00:00,1217.0,10.3
2021-12-31 17:00:00,1296.0,10.2
2021-12-31 18:00:00,1275.0,8.2
2021-12-31 19:00:00,1334.0,7.4
2021-12-31 20:00:00,1313.0,6.0
2021-12-31 21:00:00,1245.0,5.3
2021-12-31 22:00:00,1160.0,4.5
2021-12-31 23:00:00,1043.0,4.1
2022-01-01 00:00:00,1014.0,3.7
2022-01-01 01:00:00,897.0,3.5
2022-01-01 02:00:00,813.0,4.3
2022-01-01 03:00:00,767.0,5.3
2022-01-01 04:00:00,738.0,5.8
2022-01-01 05:00:00,708.0,5.7
2022-01-01 06:00:00,732.0,6.0
2022-01-01 07:00:00,801.0,6.1
2022-01-01 08:00:00,1089.0,6.2
2022-01-01 09:00:00,1288.0,6.8
2022-01-01 10:00:00,1289.0,7.9
2022-01-01 11:00:00,1256.0,9.4
2022-01-01 12:00:00,1137.0,10.9
2022-01-01 13:00:00,1072.0,11.7
2022-01-01 14:00:00,1027.0,12.5
2022-01-01 15:00:00,1025.0,13.3
2022-01-01 16:00:00,1077.0,12.8
2022-01-01 17:00:00,1181.0,12.0
2022-01-01 18:00:00,1193.0,10.4
2022-01-01 19:00:00,1233.0,8.2
2022-01-01 20:00:00,1217.0,7.4
2022-01-01 21:00:00,1161.0,6.2
2022-01-01 22:00:00,1050.0,5.2
2022-01-01 23:00:00,934.0,4.7
2022-01-02 00:00:00,911.0,4.2
2022-01-02 01:00:00,791.0,3.9
2022-01-02 02:00:00,757.0,3.5
2022-01-02 03:00:00,708.0,3.4
2022-01-02 04:00:00,706.0,3.1
2022-01-02 05:00:00,688.0,3.0
2022-01-02 06:00:00,754.0,2.5
2022-01-02 07:00:00,836.0,2.4
2022-01-02 08:00:00,1154.0,3.0
2022-01-02 09:00:00,1333.0,5.6
2022-01-02 10:00:00,1320.0,7.5
2022-01-02 11:00:00,1268.0,10.3
2022-01-02 12:00:00,1136.0,11.9
2022-01-02 13:00:00,1087.0,13.1
2022-01-02 14:00:00,1075.0,13.8
2022-01-02 15:00:00,1088.0,14.0
2022-01-02 16:00:00,1190.0,13.7
2022-01-02 17:00:00,1272.0,13.2
2022-01-02 18:00:00,1220.0,12.3
2022-01-02 19:00:00,1250.0,10.7
2022-01-02 20:00:00,1262.0,10.6
2022-01-02 21:00:00,1182.0,10.4
2022-01-02 22:00:00,1059.0,10.0
2022-01-02 23:00:00,943.0,9.8
2022-01-03 00:00:00,935.0,9.7
2022-01-03 01:00:00,828.0,9.2
2022-01-03 02:00:00,764.0,8.9
2022-01-03 03:00:00,738.0,7.8
2022-01-03 04:00:00,725.0,6.6
2022-01-03 05:00:00,733.0,6.1
2022-01-03 06:00:00,768.0,5.7
2022-01-03 07:00:00,869.0,5.4
2022-01-03 08:00:00,1171.0,6.0
2022-01-03 09:00:00,1299.0,7.8
2022-01-03 10:00:00,1299.0,10.7
2022-01-03 11:00:00,1308.0,11.9
2022-01-03 12:00:00,1204.0,12.3
2022-01-03 13:00:00,1175.0,12.8
2022-01-03 14:00:00,1194.0,12.7
2022-01-03 15:00:00,1224.0,12.7
2022-01-03 16:00:00,1284.0,12.6
2022-01-03 17:00:00,1344.0,12.2
2022-01-03 18:00:00,1291.0,11.5
2022-01-03 19:00:00,1326.0,11.5
2022-01-03 20:00:00,1285.0,11.0
2022-01-03 21:00:00,1207.0,10.8
2022-01-03 22:00:00,1029.0,10.6
2022-01-03 23:00:00,943.0,10.5
2022-01-04 00:00:00,935.0,10.3
2022-01-04 01:00:00,838.0,10.1
2022-01-04 02:00:00,799.0,10.0
2022-01-04 03:00:00,774.0,9.9
2022-01-04 04:00:00,750.0,9.8
2022-01-04 05:00:00,762.0,9.5
2022-01-04 06:00:00,814.0,9.5
2022-01-04 07:00:00,969.0,9.5
2022-01-04 08:00:00,1212.0,9.5
2022-01-04 09:00:00,1384.0,9.7
2022-01-04 10:00:00,1385.0,9.9
2022-01-04 11:00:00,1382.0,9.9
2022-01-04 12:00:00,1291.0,10.0
2022-01-04 13:00:00,1272.0,10.0
2022-01-04 14:00:00,1248.0,9.8
2022-01-04 15:00:00,1247.0,9.8
2022-01-04 16:00:00,1315.0,9.1
2022-01-04 17:00:00,1379.0,8.9
2022-01-04 18:00:00,1310.0,8.8
2022-01-04 19:00:00,1301.0,8.3
2022-01-04 20:00:00,1253.0,8.2
2022-01-04 21:00:00,1182.0,7.9
2022-01-04 22:00:00,1052.0,7.7
2022-01-04 23:00:00,935.0,7.5
2022-01-05 00:00:00,927.0,7.4
2022-01-05 01:00:00,805.0,7.1
2022-01-05 02:00:00,791.0,6.4
2022-01-05 03:00:00,737.0,6.2
2022-01-05 04:00:00,744.0,6.2
2022-01-05 05:00:00,757.0,6.0
2022-01-05 06:00:00,827.0,5.9
2022-01-05 07:00:00,993.0,5.8
2022-01-05 08:00:00,1227.0,5.7
2022-01-05 09:00:00,1425.0,5.7
2022-01-05 10:00:00,1463.0,5.8
2022-01-05 11:00:00,1447.0,6.0
2022-01-05 12:00:00,1317.0,6.2
2022-01-05 13:00:00,1292.0,6.5
2022-01-05 14:00:00,1304.0,6.7
2022-01-05 15:00:00,1300.0,6.4
2022-01-05 16:00:00,1336.0,6.2
2022-01-05 17:00:00,1422.0,6.1
2022-01-05 18:00:00,1382.0,6.0
2022-01-05 19:00:00,1371.0,6.1
2022-01-05 20:00:00,1330.0,6.1
2022-01-05 21:00:00,1260.0,6.2
2022-01-05 22:00:00,1131.0,6.3
2022-01-05 23:00:00,997.0,6.3
2022-01-06 00:00:00,972.0,6.3
2022-01-06 01:00:00,878.0,6.0
2022-01-06 02:00:00,815.0,5.9
2022-01-06 03:00:00,776.0,5.8
2022-01-06 04:00:00,772.0,5.7
2022-01-06 05:00:00,767.0,5.6
2022-01-06 06:00:00,838.0,5.4
2022-01-06 07:00:00,989.0,5.4
2022-01-06 08:00:00,1243.0,5.2
2022-01-06 09:00:00,1448.0,5.3
2022-01-06 10:00:00,1455.0,5.5
2022-01-06 11:00:00,1451.0,5.5
2022-01-06 12:00:00,1366.0,5.6
2022-01-06 13:00:00,1346.0,5.3
2022-01-06 14:00:00,1337.0,5.4
2022-01-06 15:00:00,1346.0,5.3
2022-01-06 16:00:00,1386.0,5.4
2022-01-06 17:00:00,1449.0,5.3
2022-01-06 18:00:00,1420.0,5.4
2022-01-06 19:00:00,1402.0,5.5
2022-01-06 20:00:00,1366.0,5.5
2022-01-06 21:00:00,1276.0,5.5
2022-01-06 22:00:00,1111.0,5.5
2022-01-06 23:00:00,1004.0,5.4
2022-01-07 00:00:00,984.0,5.4
2022-01-07 01:00:00,910.0,5.3
2022-01-07 02:00:00,831.0,5.2
2022-01-07 03:00:00,809.0,5.2
2022-01-07 04:00:00,802.0,5.2
2022-01-07 05:00:00,797.0,5.3
2022-01-07 06:00:00,852.0,5.3
2022-01-07 07:00:00,1014.0,5.3
2022-01-07 08:00:00,1267.0,5.3
2022-01-07 09:00:00,1472.0,5.4
2022-01-07 10:00:00,1496.0,5.7
2022-01-07 11:00:00,1481.0,6.0
2022-01-07 12:00:00,1358.0,6.2
2022-01-07 13:00:00,1343.0,6.5
2022-01-07 14:00:00,1324.0,6.4
2022-01-07 15:00:00,1329.0,6.4
2022-01-07 16:00:00,1386.0,6.6
2022-01-07 17:00:00,1434.0,6.6
2022-01-07 18:00:00,1402.0,6.6
2022-01-07 19:00:00,1396.0,6.6
2022-01-07 20:00:00,1356.0,6.4
2022-01-07 21:00:00,1280.0,6.2
2022-01-07 22:00:00,1156.0,6.1
2022-01-07 23:00:00,1050.0,6.0
2022-01-08 00:00:00,1012.0,6.0
2022-01-08 01:00:00,906.0,5.8
2022-01-08 02:00:00,840.0,5.8
2022-01-08 03:00:00,806.0,5.7
2022-01-08 04:00:00,790.0,5.7
2022-01-08 05:00:00,789.0,5.7
2022-01-08 06:00:00,833.0,5.7
2022-01-08 07:00:00,900.0,5.7
2022-01-08 08:00:00,1190.0,5.8
2022-01-08 09:00:00,1443.0,5.9
2022-01-08 10:00:00,1504.0,5.8
2022-01-08 11:00:00,1495.0,5.9
2022-01-08 12:00:00,1371.0,5.8
2022-01-08 13:00:00,1351.0,5.8
2022-01-08 14:00:00,1328.0,5.8
2022-01-08 15:00:00,1338.0,5.9
2022-01-08 16:00:00,1368.0,5.9
2022-01-08 17:00:00,1438.0,5.9
2022-01-08 18:00:00,1377.0,5.8
2022-01-08 19:00:00,1369.0,5.8
2022-01-08 20:00:00,1331.0,5.7
2022-01-08 21:00:00,1256.0,5.6
2022-01-08 22:00:00,1126.0,5.6
2022-01-08 23:00:00,1023.0,5.4
2022-01-09 00:00:00,1006.0,5.4
2022-01-09 01:00:00,877.0,5.4
2022-01-09 02:00:00,831.0,5.5
2022-01-09 03:00:00,795.0,5.5
2022-01-09 04:00:00,766.0,5.5
2022-01-09 05:00:00,775.0,5.6
2022-01-09 06:00:00,805.0,5.6
2022-01-09 07:00:00,897.0,5.6
2022-01-09 08:00:00,1182.0,5.7
2022-01-09 09:00:00,1383.0,6.2
2022-01-09 10:00:00,1410.0,6.7
2022-01-09 11:00:00,1386.0,7.1
2022-01-09 12:00:00,1280.0,8.2
2022-01-09 13:00:00,1245.0,8.9
2022-01-09 14:00:00,1218.0,10.0
2022-01-09 15:00:00,1229.0,9.6
2022-01-09 16:00:00,1268.0,9.7
2022-01-09 17:00:00,1364.0,9.3
2022-01-09 18:00:00,1295.0,8.3
2022-01-09 19:00:00,1334.0,7.4
2022-01-09 20:00:00,1324.0,7.0
2022-01-09 21:00:00,1255.0,6.3
2022-01-09 22:00:00,1108.0,6.5
2022-01-09 23:00:00,993.0,6.8
2022-01-10 00:00:00,992.0,6.9
2022-01-10 01:00:00,880.0,6.8
2022-01-10 02:00:00,828.0,7.0
2022-01-10 03:00:00,792.0,6.9
2022-01-10 04:00:00,777.0,6.8
2022-01-10 05:00:00,764.0,6.7
2022-01-10 06:00:00,843.0,6.7
2022-01-10 07:00:00,995.0,6.9
2022-01-10 08:00:00,1258.0,7.2
2022-01-10 09:00:00,1433.0,7.7
2022-01-10 10:00:00,1459.0,7.9
2022-01-10 11:00:00,1460.0,7.8
2022-01-10 12:00:00,1341.0,8.0
2022-01-10 13:00:00,1344.0,8.1
2022-01-10 14:00:00,1298.0,8.4
2022-01-10 15:00:00,1302.0,9.0
2022-01-10 16:00:00,1315.0,9.2
2022-01-10 17:00:00,1393.0,9.3
2022-01-10 18:00:00,1328.0,8.9
2022-01-10 19:00:00,1345.0,8.7
2022-01-10 20:00:00,1305.0,8.5
2022-01-10 21:00:00,1242.0,7.3
2022-01-10 22:00:00,1122.0,6.3
2022-01-10 23:00:00,1010.0,5.9
2022-01-11 00:00:00,1002.0,5.7
2022-01-11 01:00:00,911.0,5.3
2022-01-11 02:00:00,845.0,5.0
2022-01-11 03:00:00,803.0,5.1
2022-01-11 04:00:00,787.0,5.3
2022-01-11 05:00:00,772.0,5.2
2022-01-11 06:00:00,836.0,5.3
2022-01-11 07:00:00,1003.0,5.0
2022-01-11 08:00:00,1284.0,4.9
2022-01-11 09:00:00,1482.0,4.6
2022-01-11 10:00:00,1496.0,5.0
2022-01-11 11:00:00,1493.0,5.5
2022-01-11 12:00:00,1364.0,6.3
2022-01-11 13:00:00,1332.0,7.4
2022-01-11 14:00:00,1280.0,8.3
2022-01-11 15:00:00,1263.0,8.9
2022-01-11 16:00:00,1298.0,9.1
2022-01-11 17:00:00,1385.0,8.6
2022-01-11 18:00:00,1335.0,7.5
2022-01-11 19:00:00,1383.0,6.3
2022-01-11 20:00:00,1377.0,5.4
2022-01-11 21:00:00,1319.0,4.8
2022-01-11 22:00:00,1192.0,4.3
2022-01-11 23:00:00,1080.0,4.1
2022-01-12 00:00:00,1035.0,3.8
2022-01-12 01:00:00,899.0,3.3
2022-01-12 02:00:00,862.0,3.0
2022-01-12 03:00:00,825.0,2.9
2022-01-12 04:00:00,801.0,2.5
2022-01-12 05:00:00,814.0,1.8
2022-01-12 06:00:00,864.0,1.5
2022-01-12 07:00:00,989.0,1.2
2022-01-12 08:00:00,1284.0,1.6
2022-01-12 09:00:00,1477.0,2.4
2022-01-12 10:00:00,1492.0,3.4
2022-01-12 11:00:00,1463.0,6.5
2022-01-12 12:00:00,1340.0,9.5
2022-01-12 13:00:00,1296.0,10.8
2022-01-12 14:00:00,1277.0,11.0
2022-01-12 15:00:00,1265.0,11.3
2022-01-12 16:00:00,1296.0,11.2
2022-01-12 17:00:00,1411.0,11.0
2022-01-12 18:00:00,1352.0,10.3
2022-01-12 19:00:00,1387.0,9.6
2022-01-12 20:00:00,1359.0,9.1
2022-01-12 21:00:00,1284.0,8.5
2022-01-12 22:00:00,1125.0,8.2
2022-01-12 23:00:00,1023.0,7.4
2022-01-13 00:00:00,1002.0,6.8
2022-01-13 01:00:00,908.0,6.3
2022-01-13 02:00:00,829.0,6.0
2022-01-13 03:00:00,760.0,5.9
2022-01-13 04:00:00,789.0,5.5
2022-01-13 05:00:00,787.0,5.3
2022-01-13 06:00:00,812.0,5.2
2022-01-13 07:00:00,917.0,5.3
2022-01-13 08:00:00,1251.0,5.1
2022-01-13 09:00:00,1446.0,5.4
2022-01-13 10:00:00,1455.0,6.3
2022-01-13 11:00:00,1448.0,7.4
2022-01-13 12:00:00,1317.0,8.5
2022-01-13 13:00:00,1267.0,9.3
2022-01-13 14:00:00,1234.0,9.7
2022-01-13 15:00:00,1255.0,10.2
2022-01-13 16:00:00,1290.0,10.4
2022-01-13 17:00:00,1383.0,9.5
2022-01-13 18:00:00,1347.0,9.0
2022-01-13 19:00:00,1350.0,8.6
2022-01-13 20:00:00,1336.0,8.2
2022-01-13 21:00:00,1272.0,7.9
2022-01-13 22:00:00,1159.0,7.6
2022-01-13 23:00:00,1043.0,7.4
2022-01-14 00:00:00,1000.0,7.1
2022-01-14 01:00:00,898.0,7.0
2022-01-14 02:00:00,847.0,6.9
2022-01-14 03:00:00,793.0,6.8
2022-01-14 04:00:00,794.0,6.8
2022-01-14 05:00:00,784.0,6.5
2022-01-14 06:00:00,825.0,6.1
2022-01-14 07:00:00,906.0,5.5
2022-01-14 08:00:00,1188.0,5.5
2022-01-14 09:00:00,1435.0,5.7
2022-01-14 10:00:00,1502.0,5.6
2022-01-14 11:00:00,1540.0,5.7
2022-01-14 12:00:00,1412.0,5.7
2022-01-14 13:00:00,1403.0,5.6
2022-01-14 14:00:00,1351.0,5.7
2022-01-14 15:00:00,1374.0,5.8
2022-01-14 16:00:00,1406.0,6.0
2022-01-14 17:00:00,1450.0,6.0
2022-01-14 18:00:00,1398.0,5.4
2022-01-14 19:00:00,1399.0,4.8
2022-01-14 20:00:00,1365.0,5.4
2022-01-14 21:00:00,1312.0,5.1
2022-01-14 22:00:00,1195.0,5.0
2022-01-14 23:00:00,1091.0,5.2
2022-01-15 00:00:00,1053.0,5.4
2022-01-15 01:00:00,932.0,5.3
2022-01-15 02:00:00,850.0,5.1
2022-01-15 03:00:00,817.0,5.0
2022-01-15 04:00:00,790.0,5.1
2022-01-15 05:00:00,789.0,5.0
2022-01-15 06:00:00,811.0,4.8
2022-01-15 07:00:00,894.0,5.0
2022-01-15 08:00:00,1211.0,5.0
2022-01-15 09:00:00,1424.0,5.3
2022-01-15 10:00:00,1437.0,5.9
2022-01-15 11:00:00,1450.0,6.6
2022-01-15 12:00:00,1348.0,7.2
2022-01-15 13:00:00,1324.0,7.3
2022-01-15 14:00:00,1308.0,7.3
2022-01-15 15:00:00,1315.0,7.3
2022-01-15 16:00:00,1363.0,7.3
2022-01-15 17:00:00,1440.0,7.3
2022-01-15 18:00:00,1392.0,7.1
2022-01-15 19:00:00,1387.0,7.0
2022-01-15 20:00:00,1366.0,7.0
2022-01-15 21:00:00,1326.0,6.9
2022-01-15 22:00:00,1186.0,6.8
2022-01-15 23:00:00,1077.0,6.7
2022-01-16 00:00:00,1037.0,6.7
2022-01-16 01:00:00,918.0,6.7
2022-01-16 02:00:00,846.0,6.7
2022-01-16 03:00:00,804.0,6.5
2022-01-16 04:00:00,780.0,6.4
2022-01-16 05:00:00,775.0,6.3
2022-01-16 06:00:00,793.0,6.3
2022-01-16 07:00:00,884.0,6.2
2022-01-16 08:00:00,1165.0,6.3
2022-01-16 09:00:00,1354.0,6.5
2022-01-16 10:00:00,1420.0,6.9
2022-01-16 11:00:00,1437.0,7.1
2022-01-16 12:00:00,1319.0,7.5
2022-01-16 13:00:00,1292.0,7.8
2022-01-16 14:00:00,1263.0,8.1
2022-01-16 15:00:00,1271.0,8.2
2022-01-16 16:00:00,1319.0,8.1
2022-01-16 17:00:00,1441.0,7.9
2022-01-16 18:00:00,1363.0,7.6
2022-01-16 19:00:00,1379.0,7.5
2022-01-16 20:00:00,1349.0,7.5
2022-01-16 21:00:00,1280.0,7.2
2022-01-16 22:00:00,1156.0,7.1
2022-01-16 23:00:00,1033.0,7.1
2022-01-17 00:00:00,1011.0,7.2
2022-01-17 01:00:00,891.0,7.1
2022-01-17 02:00:00,819.0,7.1
2022-01-17 03:00:00,771.0,7.0
2022-01-17 04:00:00,746.0,7.0
2022-01-17 05:00:00,759.0,7.0
2022-01-17 06:00:00,795.0,7.1
2022-01-17 07:00:00,899.0,7.0
2022-01-17 08:00:00,1215.0,7.1
2022-01-17 09:00:00,1443.0,7.4
2022-01-17 10:00:00,1484.0,7.9
2022-01-17 11:00:00,1453.0,9.3
2022-01-17 12:00:00,1322.0,9.7
2022-01-17 13:00:00,1330.0,10.0
2022-01-17 14:00:00,1301.0,9.7
2022-01-17 15:00:00,1288.0,9.7
2022-01-17 16:00:00,1346.0,9.7
2022-01-17 17:00:00,1431.0,9.8
2022-01-17 18:00:00,1338.0,9.4
2022-01-17 19:00:00,1403.0,9.1
2022-01-17 20:00:00,1357.0,9.1
2022-01-17 21:00:00,1313.0,8.9
2022-01-17 22:00:00,1193.0,9.1
2022-01-17 23:00:00,1070.0,9.0
2022-01-18 00:00:00,1034.0,8.5
2022-01-18 01:00:00,917.0,8.1
2022-01-18 02:00:00,852.0,7.6
2022-01-18 03:00:00,805.0,7.4
2022-01-18 04:00:00,793.0,6.8
2022-01-18 05:00:00,782.0,6.3
2022-01-18 06:00:00,815.0,6.0
2022-01-18 07:00:00,934.0,5.5
2022-01-18 08:00:00,1241.0,5.3
2022-01-18 09:00:00,1444.0,5.4
2022-01-18 10:00:00,1473.0,5.9
2022-01-18 11:00:00,1469.0,7.1
2022-01-18 12:00:00,1304.0,8.3
2022-01-18 13:00:00,1234.0,10.0
2022-01-18 14:00:00,1208.0,12.1
2022-01-18 15:00:00,1208.0,12.8
2022-01-18 16:00:00,1233.0,13.2
2022-01-18 17:00:00,1337.0,12.1
2022-01-18 18:00:00,1290.0,10.8
2022-01-18 19:00:00,1363.0,9.6
2022-01-18 20:00:00,1355.0,8.9
2022-01-18 21:00:00,1302.0,8.5
2022-01-18 22:00:00,1193.0,7.7
2022-01-18 23:00:00,1061.0,7.2
2022-01-19 00:00:00,1041.0,8.0
2022-01-19 01:00:00,907.0,7.4
2022-01-19 02:00:00,827.0,6.0
2022-01-19 03:00:00,790.0,5.3
2022-01-19 04:00:00,788.0,4.9
2022-01-19 05:00:00,790.0,4.5
2022-01-19 06:00:00,823.0,4.2
2022-01-19 07:00:00,934.0,4.1
2022-01-19 08:00:00,1287.0,4.0
2022-01-19 09:00:00,1480.0,6.1
2022-01-19 10:00:00,1473.0,7.0
2022-01-19 11:00:00,1429.0,9.6
2022-01-19 12:00:00,1284.0,10.7
2022-01-19 13:00:00,1231.0,11.8
2022-01-19 14:00:00,1207.0,13.4
2022-01-19 15:00:00,1181.0,14.1
2022-01-19 16:00:00,1228.0,14.7
2022-01-19 17:00:00,1336.0,13.7
2022-01-19 18:00:00,1282.0,12.9
2022-01-19 19:00:00,1382.0,11.9
2022-01-19 20:00:00,1359.0,10.3
2022-01-19 21:00:00,1307.0,8.9
2022-01-19 22:00:00,1190.0,8.3
2022-01-19 23:00:00,1085.0,8.5
2022-01-20 00:00:00,1029.0,8.5
2022-01-20 01:00:00,889.0,8.1
2022-01-20 02:00:00,822.0,7.8
2022-01-20 03:00:00,797.0,7.8
2022-01-20 04:00:00,768.0,7.1
2022-01-20 05:00:00,778.0,6.9
2022-01-20 06:00:00,794.0,7.1
2022-01-20 07:00:00,881.0,7.3
2022-01-20 08:00:00,1194.0,7.4
2022-01-20 09:00:00,1413.0,7.3
2022-01-20 10:00:00,1435.0,7.2
2022-01-20 11:00:00,1470.0,6.8
2022-01-20 12:00:00,1372.0,7.0
2022-01-20 13:00:00,1331.0,7.1
2022-01-20 14:00:00,1299.0,7.5
2022-01-20 15:00:00,1284.0,7.8
2022-01-20 16:00:00,1352.0,8.0
2022-01-20 17:00:00,1424.0,7.9
2022-01-20 18:00:00,1350.0,7.8
2022-01-20 19:00:00,1386.0,7.6
2022-01-20 20:00:00,1380.0,7.3
2022-01-20 21:00:00,1319.0,7.3
2022-01-20 22:00:00,1184.0,7.3
2022-01-20 23:00:00,1062.0,7.4
2022-01-21 00:00:00,1015.0,7.5
2022-01-21 01:00:00,888.0,7.4
2022-01-21 02:00:00,799.0,7.4
2022-01-21 03:00:00,789.0,7.4
2022-01-21 04:00:00,761.0,7.4
2022-01-21 05:00:00,731.0,7.2
2022-01-21 06:00:00,768.0,7.1
2022-01-21 07:00:00,862.0,6.9
2022-01-21 08:00:00,1156.0,6.5
2022-01-21 09:00:00,1412.0,6.4
2022-01-21 10:00:00,1467.0,6.6
2022-01-21 11:00:00,1505.0,6.5
2022-01-21 12:00:00,1406.0,6.2
2022-01-21 13:00:00,1376.0,5.9
2022-01-21 14:00:00,1350.0,5.7
2022-01-21 15:00:00,1360.0,5.7
2022-01-21 16:00:00,1398.0,5.7
2022-01-21 17:00:00,1478.0,5.6
2022-01-21 18:00:00,1421.0,5.4
2022-01-21 19:00:00,1447.0,5.3
2022-01-21 20:00:00,1401.0,5.0
2022-01-21 21:00:00,1341.0,4.9
2022-01-21 22:00:00,1218.0,4.8
2022-01-21 23:00:00,1107.0,4.8
2022-01-22 00:00:00,1049.0,4.5
2022-01-22 01:00:00,906.0,4.4
2022-01-22 02:00:00,830.0,4.2
2022-01-22 03:00:00,775.0,4.2
2022-01-22 04:00:00,775.0,4.0
2022-01-22 05:00:00,755.0,3.8
2022-01-22 06:00:00,794.0,3.6
2022-01-22 07:00:00,860.0,3.5
2022-01-22 08:00:00,1134.0,3.7
2022-01-22 09:00:00,1392.0,3.7
2022-01-22 10:00:00,1472.0,3.7
2022-01-22 11:00:00,1493.0,3.6
2022-01-22 12:00:00,1403.0,3.7
2022-01-22 13:00:00,1384.0,3.8
2022-01-22 14:00:00,1364.0,3.5
2022-01-22 15:00:00,1364.0,3.5
2022-01-22 16:00:00,1399.0,3.3
2022-01-22 17:00:00,1501.0,3.4
2022-01-22 18:00:00,1454.0,3.4
2022-01-22 19:00:00,1471.0,3.3
2022-01-22 20:00:00,1443.0,3.3
2022-01-22 21:00:00,1372.0,3.4
2022-01-22 22:00:00,1255.0,3.5
2022-01-22 23:00:00,1119.0,3.3
2022-01-23 00:00:00,1054.0,3.3
2022-01-23 01:00:00,909.0,3.2
2022-01-23 02:00:00,853.0,3.1
2022-01-23 03:00:00,789.0,3.1
2022-01-23 04:00:00,779.0,2.8
2022-01-23 05:00:00,779.0,2.7
2022-01-23 06:00:00,768.0,2.7
2022-01-23 07:00:00,843.0,2.8
2022-01-23 08:00:00,1126.0,2.9
2022-01-23 09:00:00,1428.0,2.9
2022-01-23 10:00:00,1495.0,3.0
2022-01-23 11:00:00,1556.0,3.2
2022-01-23 12:00:00,1483.0,3.2
2022-01-23 13:00:00,1433.0,3.2
2022-01-23 14:00:00,1387.0,3.2
2022-01-23 15:00:00,1373.0,3.4
2022-01-23 16:00:00,1411.0,3.4
2022-01-23 17:00:00,1496.0,3.4
2022-01-23 18:00:00,1452.0,3.4
2022-01-23 19:00:00,1487.0,3.4
2022-01-23 20:00:00,1470.0,3.5
2022-01-23 21:00:00,1423.0,3.6
2022-01-23 22:00:00,1296.0,3.4
2022-01-23 23:00:00,1159.0,3.3
2022-01-24 00:00:00,1057.0,3.2
2022-01-24 01:00:00,904.0,3.1
2022-01-24 02:00:00,814.0,3.0
2022-01-24 03:00:00,777.0,2.8
2022-01-24 04:00:00,733.0,2.8
2022-01-24 05:00:00,736.0,2.8
2022-01-24 06:00:00,740.0,2.8
2022-01-24 07:00:00,835.0,2.8
2022-01-24 08:00:00,1143.0,2.9
2022-01-24 09:00:00,1458.0,3.0
2022-01-24 10:00:00,1516.0,3.1
2022-01-24 11:00:00,1568.0,3.1
2022-01-24 12:00:00,1488.0,3.1
2022-01-24 13:00:00,1464.0,3.2
2022-01-24 14:00:00,1427.0,3.3
2022-01-24 15:00:00,1421.0,3.3
2022-01-24 16:00:00,1449.0,3.4
2022-01-24 17:00:00,1539.0,3.5
2022-01-24 18:00:00,1494.0,3.6
2022-01-24 19:00:00,1508.0,3.6
2022-01-24 20:00:00,1493.0,3.6
2022-01-24 21:00:00,1464.0,3.7
2022-01-24 22:00:00,1344.0,3.7
2022-01-24 23:00:00,1189.0,3.7
2022-01-25 00:00:00,1074.0,3.8
2022-01-25 01:00:00,912.0,3.7
2022-01-25 02:00:00,815.0,3.7
2022-01-25 03:00:00,759.0,3.7
2022-01-25 04:00:00,728.0,3.7
2022-01-25 05:00:00,710.0,3.7
2022-01-25 06:00:00,723.0,3.6
2022-01-25 07:00:00,813.0,3.4
2022-01-25 08:00:00,1097.0,3.4
2022-01-25 09:00:00,1410.0,3.6
2022-01-25 10:00:00,1508.0,3.9
2022-01-25 11:00:00,1532.0,3.9
2022-01-25 12:00:00,1459.0,4.0
2022-01-25 13:00:00,1413.0,3.9
2022-01-25 14:00:00,1377.0,4.0
2022-01-25 15:00:00,1370.0,3.8
2022-01-25 16:00:00,1414.0,3.7
2022-01-25 17:00:00,1511.0,3.5
2022-01-25 18:00:00,1478.0,3.5
2022-01-25 19:00:00,1518.0,3.3
2022-01-25 20:00:00,1517.0,3.3
2022-01-25 21:00:00,1465.0,3.3
2022-01-25 22:00:00,1355.0,3.3
2022-01-25 23:00:00,1195.0,3.3
2022-01-26 00:00:00,1036.0,3.3
2022-01-26 01:00:00,868.0,3.2
2022-01-26 02:00:00,761.0,3.3
2022-01-26 03:00:00,703.0,3.3
2022-01-26 04:00:00,675.0,3.2
2022-01-26 05:00:00,668.0,3.3
2022-01-26 06:00:00,668.0,3.4
2022-01-26 07:00:00,733.0,3.5
2022-01-26 08:00:00,1047.0,3.5
2022-01-26 09:00:00,1361.0,3.7
2022-01-26 10:00:00,1454.0,3.9
2022-01-26 11:00:00,1517.0,4.1
2022-01-26 12:00:00,1429.0,4.2
2022-01-26 13:00:00,1357.0,4.3
2022-01-26 14:00:00,1324.0,4.0
2022-01-26 15:00:00,1314.0,3.9
2022-01-26 16:00:00,1358.0,3.9
2022-01-26 17:00:00,1425.0,4.1
2022-01-26 18:00:00,1417.0,4.1
2022-01-26 19:00:00,1480.0,4.1
2022-01-26 20:00:00,1487.0,4.1
2022-01-26 21:00:00,1460.0,4.1
2022-01-26 22:00:00,1362.0,4.0
2022-01-26 23:00:00,1195.0,4.1
2022-01-27 00:00:00,1022.0,4.0
2022-01-27 01:00:00,841.0,4.0
2022-01-27 02:00:00,732.0,3.9
2022-01-27 03:00:00,670.0,3.7
2022-01-27 04:00:00,636.0,3.6
2022-01-27 05:00:00,634.0,3.6
2022-01-27 06:00:00,637.0,3.6
2022-01-27 07:00:00,720.0,3.5
2022-01-27 08:00:00,1025.0,3.5
2022-01-27 09:00:00,1353.0,3.4
2022-01-27 10:00:00,1424.0,3.3
2022-01-27 11:00:00,1500.0,3.4
2022-01-27 12:00:00,1471.0,3.4
2022-01-27 13:00:00,1416.0,3.4
2022-01-27 14:00:00,1365.0,3.3
2022-01-27 15:00:00,1363.0,3.3
2022-01-27 16:00:00,1407.0,3.2
2022-01-27 17:00:00,1485.0,3.2
2022-01-27 18:00:00,1484.0,3.3
2022-01-27 19:00:00,1527.0,3.3
2022-01-27 20:00:00,1547.0,3.2
2022-01-27 21:00:00,1514.0,3.1
2022-01-27 22:00:00,1406.0,3.0
2022-01-27 23:00:00,1246.0,3.0
2022-01-28 00:00:00,1068.0,3.1
2022-01-28 01:00:00,888.0,3.0
2022-01-28 02:00:00,764.0,2.8
2022-01-28 03:00:00,693.0,2.6
2022-01-28 04:00:00,658.0,2.5
2022-01-28 05:00:00,640.0,2.3
2022-01-28 06:00:00,671.0,2.3
2022-01-28 07:00:00,737.0,2.2
2022-01-28 08:00:00,1046.0,1.9
2022-01-28 09:00:00,1391.0,1.9
2022-01-28 10:00:00,1485.0,1.9
2022-01-28 11:00:00,1535.0,2.0
2022-01-28 12:00:00,1475.0,2.1
2022-01-28 13:00:00,1426.0,2.1
2022-01-28 14:00:00,1386.0,1.9
2022-01-28 15:00:00,1364.0,1.8
2022-01-28 16:00:00,1406.0,2.0
2022-01-28 17:00:00,1512.0,2.0
2022-01-28 18:00:00,1503.0,1.8
2022-01-28 19:00:00,1574.0,1.4
2022-01-28 20:00:00,1591.0,1.0
2022-01-28 21:00:00,1554.0,0.9
2022-01-28 22:00:00,1457.0,1.1
2022-01-28 23:00:00,1287.0,1.4
2022-01-29 00:00:00,1097.0,1.5
2022-01-29 01:00:00,899.0,1.7
2022-01-29 02:00:00,771.0,1.6
2022-01-29 03:00:00,700.0,0.5
2022-01-29 04:00:00,640.0,0.4
2022-01-29 05:00:00,618.0,0.5
2022-01-29 06:00:00,636.0,0.5
2022-01-29 07:00:00,671.0,0.5
2022-01-29 08:00:00,988.0,0.5
2022-01-29 09:00:00,1296.0,0.7
2022-01-29 10:00:00,1413.0,0.9
2022-01-29 11:00:00,1487.0,1.1
2022-01-29 12:00:00,1477.0,1.4
2022-01-29 13:00:00,1417.0,1.5
2022-01-29 14:00:00,1358.0,1.7
2022-01-29 15:00:00,1334.0,1.7
2022-01-29 16:00:00,1373.0,1.9
2022-01-29 17:00:00,1474.0,2.1
2022-01-29 18:00:00,1471.0,2.1
2022-01-29 19:00:00,1536.0,2.1
2022-01-29 20:00:00,1578.0,2.2
2022-01-29 21:00:00,1564.0,2.1
2022-01-29 22:00:00,1493.0,2.0
2022-01-29 23:00:00,1325.0,1.5
2022-01-30 00:00:00,1118.0,1.0
2022-01-30 01:00:00,904.0,1.5
2022-01-30 02:00:00,760.0,1.7
2022-01-30 03:00:00,681.0,1.8
2022-01-30 04:00:00,640.0,1.6
2022-01-30 05:00:00,617.0,1.2
2022-01-30 06:00:00,622.0,1.1
2022-01-30 07:00:00,685.0,1.1
2022-01-30 08:00:00,1053.0,0.9
2022-01-30 09:00:00,1313.0,1.6
2022-01-30 10:00:00,1380.0,2.6
2022-01-30 11:00:00,1415.0,3.6
2022-01-30 12:00:00,1386.0,4.3
2022-01-30 13:00:00,1267.0,5.5
2022-01-30 14:00:00,1231.0,5.7
2022-01-30 15:00:00,1242.0,5.6
2022-01-30 16:00:00,1314.0,5.5
2022-01-30 17:00:00,1413.0,5.4
2022-01-30 18:00:00,1415.0,5.2
2022-01-30 19:00:00,1517.0,4.9
2022-01-30 20:00:00,1554.0,4.5
2022-01-30 21:00:00,1568.0,4.3
2022-01-30 22:00:00,1502.0,4.1
2022-01-30 23:00:00,1336.0,4.1
2022-01-31 00:00:00,1120.0,4.2
2022-01-31 01:00:00,882.0,4.2
2022-01-31 02:00:00,729.0,3.9
2022-01-31 03:00:00,634.0,3.4
2022-01-31 04:00:00,589.0,3.5
2022-01-31 05:00:00,602.0,3.6
2022-01-31 06:00:00,660.0,3.5
2022-01-31 07:00:00,754.0,3.5
2022-01-31 08:00:00,1077.0,3.1
2022-01-31 09:00:00,1383.0,2.8
2022-01-31 10:00:00,1488.0,2.0
2022-01-31 11:00:00,1498.0,1.6
2022-01-31 12:00:00,1420.0,2.1
2022-01-31 13:00:00,1369.0,3.0
2022-01-31 14:00:00,1366.0,3.2
2022-01-31 15:00:00,1374.0,3.8
2022-01-31 16:00:00,1391.0,4.2
2022-01-31 17:00:00,1442.0,4.2
2022-01-31 18:00:00,1432.0,4.1
2022-01-31 19:00:00,1527.0,4.1
2022-01-31 20:00:00,1588.0,4.1
2022-01-31 21:00:00,1561.0,4.1
2022-01-31 22:00:00,1511.0,4.1
2022-01-31 23:00:00,1450.0,4.1
2022-02-01 00:00:00,1355.0,4.0
2022-02-01 01:00:00,1006.0,3.9
2022-02-01 02:00:00,740.0,3.7
2022-02-01 03:00:00,631.0,3.6
2022-02-01 04:00:00,586.0,3.5
2022-02-01 05:00:00,575.0,3.6
2022-02-01 06:00:00,594.0,3.6
2022-02-01 07:00:00,653.0,3.8
2022-02-01 08:00:00,913.0,3.8
2022-02-01 09:00:00,1132.0,4.1
2022-02-01 10:00:00,1158.0,4.7
2022-02-01 11:00:00,1124.0,4.9
2022-02-01 12:00:00,1048.0,5.6
2022-02-01 13:00:00,1007.0,5.9
2022-02-01 14:00:00,989.0,5.7
2022-02-01 15:00:00,996.0,5.7
2022-02-01 16:00:00,1045.0,5.5
2022-02-01 17:00:00,1102.0,5.4
2022-02-01 18:00:00,1126.0,5.4
2022-02-01 19:00:00,1228.0,5.2
2022-02-01 20:00:00,1279.0,5.1
2022-02-01 21:00:00,1271.0,5.2
2022-02-01 22:00:00,1218.0,5.0
2022-02-01 23:00:00,1092.0,4.6
2022-02-02 00:00:00,942.0,4.4
2022-02-02 01:00:00,792.0,3.8
2022-02-02 02:00:00,655.0,3.0
2022-02-02 03:00:00,598.0,2.8
2022-02-02 04:00:00,565.0,1.9
2022-02-02 05:00:00,548.0,1.6
2022-02-02 06:00:00,556.0,1.7
2022-02-02 07:00:00,608.0,1.6
2022-02-02 08:00:00,890.0,1.1
2022-02-02 09:00:00,1228.0,0.9
2022-02-02 10:00:00,1348.0,1.1
2022-02-02 11:00:00,1321.0,1.0
2022-02-02 12:00:00,1198.0,1.3
2022-02-02 13:00:00,1114.0,1.5
2022-02-02 14:00:00,1112.0,1.9
2022-02-02 15:00:00,1106.0,2.0
2022-02-02 16:00:00,1149.0,1.9
2022-02-02 17:00:00,1182.0,2.4
2022-02-02 18:00:00,1174.0,2.7
2022-02-02 19:00:00,1312.0,2.6
2022-02-02 20:00:00,1404.0,2.4
2022-02-02 21:00:00,1433.0,2.4
2022-02-02 22:00:00,1389.0,1.8
2022-02-02 23:00:00,1262.0,1.4
2022-02-03 00:00:00,1107.0,1.4
2022-02-03 01:00:00,896.0,1.2
2022-02-03 02:00:00,717.0,1.4
2022-02-03 03:00:00,622.0,1.7
2022-02-03 04:00:00,581.0,2.0
2022-02-03 05:00:00,567.0,2.0
2022-02-03 06:00:00,578.0,2.0
2022-02-03 07:00:00,614.0,2.0
2022-02-03 08:00:00,934.0,2.2
2022-02-03 09:00:00,1236.0,2.8
2022-02-03 10:00:00,1322.0,3.7
2022-02-03 11:00:00,1301.0,4.5
2022-02-03 12:00:00,1159.0,5.3
2022-02-03 13:00:00,1042.0,6.3
2022-02-03 14:00:00,1019.0,7.1
2022-02-03 15:00:00,1013.0,7.2
2022-02-03 16:00:00,1041.0,7.5
2022-02-03 17:00:00,1114.0,7.3
2022-02-03 18:00:00,1143.0,6.7
2022-02-03 19:00:00,1329.0,4.8
2022-02-03 20:00:00,1425.0,3.4
2022-02-03 21:00:00,1447.0,2.5
2022-02-03 22:00:00,1389.0,2.1
2022-02-03 23:00:00,1251.0,1.7
2022-02-04 00:00:00,1090.0,1.2
2022-02-04 01:00:00,867.0,1.2
2022-02-04 02:00:00,699.0,0.5
2022-02-04 03:00:00,618.0,0.3
2022-02-04 04:00:00,581.0,0.5
2022-02-04 05:00:00,564.0,0.1
2022-02-04 06:00:00,575.0,0.1
2022-02-04 07:00:00,635.0,-0.4
2022-02-04 08:00:00,976.0,0.1
2022-02-04 09:00:00,1215.0,2.6
2022-02-04 10:00:00,1231.0,4.7
2022-02-04 11:00:00,1174.0,6.5
2022-02-04 12:00:00,1037.0,7.9
2022-02-04 13:00:00,949.0,8.3
2022-02-04 14:00:00,918.0,9.3
2022-02-04 15:00:00,918.0,9.1
2022-02-04 16:00:00,964.0,9.3
2022-02-04 17:00:00,1061.0,9.2
2022-02-04 18:00:00,1105.0,8.4
2022-02-04 19:00:00,1297.0,5.7
2022-02-04 20:00:00,1384.0,4.5
2022-02-04 21:00:00,1384.0,3.6
2022-02-04 22:00:00,1313.0,3.0
2022-02-04 23:00:00,1198.0,2.6
2022-02-05 00:00:00,1031.0,2.1
2022-02-05 01:00:00,809.0,1.6
2022-02-05 02:00:00,662.0,1.3
2022-02-05 03:00:00,576.0,1.4
2022-02-05 04:00:00,550.0,1.0
2022-02-05 05:00:00,546.0,0.6
2022-02-05 06:00:00,550.0,0.3
2022-02-05 07:00:00,611.0,0.1
2022-02-05 08:00:00,947.0,0.6
2022-02-05 09:00:00,1164.0,3.3
2022-02-05 10:00:00,1189.0,5.2
2022-02-05 11:00:00,1132.0,8.1
2022-02-05 12:00:00,1030.0,9.0
2022-02-05 13:00:00,941.0,9.5
2022-02-05 14:00:00,930.0,10.1
2022-02-05 15:00:00,928.0,9.8
2022-02-05 16:00:00,994.0,9.8
2022-02-05 17:00:00,1073.0,9.7
2022-02-05 18:00:00,1117.0,9.4
2022-02-05 19:00:00,1273.0,8.4
2022-02-05 20:00:00,1322.0,8.0
2022-02-05 21:00:00,1316.0,7.6
2022-02-05 22:00:00,1240.0,7.6
2022-02-05 23:00:00,1091.0,8.0
2022-02-06 00:00:00,938.0,8.0
2022-02-06 01:00:00,745.0,7.5
2022-02-06 02:00:00,620.0,7.2
2022-02-06 03:00:00,547.0,6.9
2022-02-06 04:00:00,515.0,6.6
2022-02-06 05:00:00,510.0,6.4
2022-02-06 06:00:00,524.0,6.1
2022-02-06 07:00:00,570.0,5.6
2022-02-06 08:00:00,843.0,5.2
2022-02-06 09:00:00,1121.0,5.3
2022-02-06 10:00:00,1223.0,5.5
2022-02-06 11:00:00,1248.0,5.8
2022-02-06 12:00:00,1177.0,5.9
2022-02-06 13:00:00,1138.0,6.0
2022-02-06 14:00:00,1115.0,5.8
2022-02-06 15:00:00,1118.0,5.7
2022-02-06 16:00:00,1163.0,5.3
2022-02-06 17:00:00,1252.0,5.0
2022-02-06 18:00:00,1259.0,4.8
2022-02-06 19:00:00,1341.0,4.8
2022-02-06 20:00:00,1353.0,4.6
2022-02-06 21:00:00,1336.0,4.2
2022-02-06 22:00:00,1244.0,3.1
2022-02-06 23:00:00,1098.0,2.5
2022-02-07 00:00:00,960.0,2.0
2022-02-07 01:00:00,787.0,1.2
2022-02-07 02:00:00,656.0,0.9
2022-02-07 03:00:00,576.0,0.3
2022-02-07 04:00:00,519.0,0.3
2022-02-07 05:00:00,489.0,0.4
2022-02-07 06:00:00,491.0,0.4
2022-02-07 07:00:00,540.0,0.5
2022-02-07 08:00:00,783.0,0.5
2022-02-07 09:00:00,1074.0,0.7
2022-02-07 10:00:00,1196.0,0.8
2022-02-07 11:00:00,1258.0,1.0
2022-02-07 12:00:00,1241.0,1.1
2022-02-07 13:00:00,1210.0,1.4
2022-02-07 14:00:00,1189.0,1.5
2022-02-07 15:00:00,1181.0,1.9
2022-02-07 16:00:00,1229.0,1.9
2022-02-07 17:00:00,1332.0,1.9
2022-02-07 18:00:00,1335.0,1.8
2022-02-07 19:00:00,1435.0,1.7
2022-02-07 20:00:00,1433.0,1.8
2022-02-07 21:00:00,1388.0,1.7
2022-02-07 22:00:00,1305.0,1.7
2022-02-07 23:00:00,1129.0,1.8
2022-02-08 00:00:00,971.0,2.0
2022-02-08 01:00:00,807.0,1.8
2022-02-08 02:00:00,659.0,1.7
2022-02-08 03:00:00,582.0,1.7
2022-02-08 04:00:00,584.0,1.8
2022-02-08 05:00:00,583.0,1.6
2022-02-08 06:00:00,597.0,1.6
2022-02-08 07:00:00,634.0,1.7
2022-02-08 08:00:00,991.0,1.8
2022-02-08 09:00:00,1333.0,2.1
2022-02-08 10:00:00,1448.0,2.5
2022-02-08 11:00:00,1498.0,2.5
2022-02-08 12:00:00,1419.0,2.2
2022-02-08 13:00:00,1368.0,2.7
2022-02-08 14:00:00,1336.0,2.9
2022-02-08 15:00:00,1331.0,2.5
2022-02-08 16:00:00,1354.0,2.3
2022-02-08 17:00:00,1448.0,1.8
2022-02-08 18:00:00,1424.0,1.5
2022-02-08 19:00:00,1491.0,1.4
2022-02-08 20:00:00,1508.0,1.1
2022-02-08 21:00:00,1436.0,0.6
2022-02-08 22:00:00,1329.0,0.7
2022-02-08 23:00:00,1162.0,0.5
2022-02-09 00:00:00,1025.0,0.6
2022-02-09 01:00:00,836.0,0.4
2022-02-09 02:00:00,716.0,0.3
2022-02-09 03:00:00,657.0,0.4
2022-02-09 04:00:00,610.0,0.4
2022-02-09 05:00:00,595.0,0.6
2022-02-09 06:00:00,614.0,0.6
2022-02-09 07:00:00,675.0,0.7
2022-02-09 08:00:00,948.0,0.9
2022-02-09 09:00:00,1285.0,1.1
2022-02-09 10:00:00,1401.0,1.6
2022-02-09 11:00:00,1485.0,2.1
2022-02-09 12:00:00,1437.0,2.9
2022-02-09 13:00:00,1376.0,3.5
2022-02-09 14:00:00,1326.0,4.4
2022-02-09 15:00:00,1309.0,4.2
2022-02-09 16:00:00,1342.0,4.5
2022-02-09 17:00:00,1419.0,4.3
2022-02-09 18:00:00,1403.0,3.5
2022-02-09 19:00:00,1489.0,3.2
2022-02-09 20:00:00,1489.0,3.0
2022-02-09 21:00:00,1463.0,2.4
2022-02-09 22:00:00,1335.0,1.1
2022-02-09 23:00:00,1180.0,0.8
2022-02-10 00:00:00,1030.0,0.3
2022-02-10 01:00:00,879.0,0.1
2022-02-10 02:00:00,793.0,-0.1
2022-02-10 03:00:00,702.0,0.1
2022-02-10 04:00:00,691.0,0.9
2022-02-10 05:00:00,675.0,1.3
2022-02-10 06:00:00,696.0,1.5
2022-02-10 07:00:00,764.0,1.7
2022-02-10 08:00:00,1089.0,2.0
2022-02-10 09:00:00,1386.0,2.6
2022-02-10 10:00:00,1472.0,3.5
2022-02-10 11:00:00,1506.0,4.6
2022-02-10 12:00:00,1439.0,5.2
2022-02-10 13:00:00,1399.0,5.1
2022-02-10 14:00:00,1370.0,4.9
2022-02-10 15:00:00,1351.0,5.3
2022-02-10 16:00:00,1387.0,5.4
2022-02-10 17:00:00,1477.0,5.2
2022-02-10 18:00:00,1408.0,5.2
2022-02-10 19:00:00,1483.0,5.0
2022-02-10 20:00:00,1467.0,4.8
2022-02-10 21:00:00,1415.0,4.5
2022-02-10 22:00:00,1302.0,4.4
2022-02-10 23:00:00,1176.0,4.3
2022-02-11 00:00:00,1026.0,4.3
2022-02-11 01:00:00,882.0,4.1
2022-02-11 02:00:00,766.0,4.1
2022-02-11 03:00:00,732.0,4.0
2022-02-11 04:00:00,671.0,3.9
2022-02-11 05:00:00,671.0,3.9
2022-02-11 06:00:00,703.0,3.9
2022-02-11 07:00:00,761.0,3.9
2022-02-11 08:00:00,1058.0,4.0
2022-02-11 09:00:00,1400.0,4.2
2022-02-11 10:00:00,1473.0,4.6
2022-02-11 11:00:00,1514.0,5.0
2022-02-11 12:00:00,1427.0,5.8
2022-02-11 13:00:00,1373.0,6.5
2022-02-11 14:00:00,1344.0,6.8
2022-02-11 15:00:00,1326.0,6.8
2022-02-11 16:00:00,1354.0,6.7
2022-02-11 17:00:00,1430.0,6.5
2022-02-11 18:00:00,1370.0,6.4
2022-02-11 19:00:00,1426.0,6.2
2022-02-11 20:00:00,1420.0,6.0
2022-02-11 21:00:00,1381.0,6.0
2022-02-11 22:00:00,1284.0,5.8
2022-02-11 23:00:00,1153.0,5.3
2022-02-12 00:00:00,1041.0,4.9
2022-02-12 01:00:00,867.0,4.3
2022-02-12 02:00:00,773.0,3.7
2022-02-12 03:00:00,719.0,3.9
2022-02-12 04:00:00,694.0,4.3
2022-02-12 05:00:00,683.0,4.9
2022-02-12 06:00:00,711.0,5.1
2022-02-12 07:00:00,760.0,5.0
2022-02-12 08:00:00,1041.0,5.0
2022-02-12 09:00:00,1316.0,5.0
2022-02-12 10:00:00,1399.0,5.2
2022-02-12 11:00:00,1444.0,5.7
2022-02-12 12:00:00,1366.0,6.5
2022-02-12 13:00:00,1300.0,7.0
2022-02-12 14:00:00,1291.0,7.1
2022-02-12 15:00:00,1267.0,7.2
2022-02-12 16:00:00,1300.0,7.3
2022-02-12 17:00:00,1375.0,7.4
2022-02-12 18:00:00,1341.0,7.2
2022-02-12 19:00:00,1385.0,6.9
2022-02-12 20:00:00,1390.0,6.6
2022-02-12 21:00:00,1359.0,6.3
2022-02-12 22:00:00,1247.0,6.2
2022-02-12 23:00:00,1133.0,5.9
2022-02-13 00:00:00,1022.0,6.0
2022-02-13 01:00:00,876.0,5.9
2022-02-13 02:00:00,761.0,5.7
2022-02-13 03:00:00,726.0,5.6
2022-02-13 04:00:00,690.0,5.3
2022-02-13 05:00:00,670.0,5.1
2022-02-13 06:00:00,708.0,5.0
2022-02-13 07:00:00,743.0,4.9
2022-02-13 08:00:00,1039.0,5.0
2022-02-13 09:00:00,1272.0,5.6
2022-02-13 10:00:00,1353.0,6.2
2022-02-13 11:00:00,1379.0,6.7
2022-02-13 12:00:00,1291.0,7.2
2022-02-13 13:00:00,1232.0,7.9
2022-02-13 14:00:00,1211.0,8.7
2022-02-13 15:00:00,1185.0,9.0
2022-02-13 16:00:00,1216.0,8.9
2022-02-13 17:00:00,1279.0,8.8
2022-02-13 18:00:00,1270.0,8.4
2022-02-13 19:00:00,1343.0,7.6
2022-02-13 20:00:00,1360.0,6.4
2022-02-13 21:00:00,1328.0,4.9
2022-02-13 22:00:00,1226.0,4.2
2022-02-13 23:00:00,1118.0,3.5
2022-02-14 00:00:00,993.0,3.1
2022-02-14 01:00:00,843.0,2.8
2022-02-14 02:00:00,738.0,2.5
2022-02-14 03:00:00,705.0,2.1
2022-02-14 04:00:00,656.0,1.9
2022-02-14 05:00:00,650.0,1.7
2022-02-14 06:00:00,687.0,1.2
2022-02-14 07:00:00,770.0,0.7
2022-02-14 08:00:00,1130.0,1.1
2022-02-14 09:00:00,1373.0,3.8
2022-02-14 10:00:00,1382.0,5.8
2022-02-14 11:00:00,1385.0,8.6
2022-02-14 12:00:00,1271.0,9.3
2022-02-14 13:00:00,1199.0,9.9
2022-02-14 14:00:00,1160.0,11.5
2022-02-14 15:00:00,1140.0,11.3
2022-02-14 16:00:00,1162.0,10.8
2022-02-14 17:00:00,1256.0,10.7
2022-02-14 18:00:00,1217.0,9.5
2022-02-14 19:00:00,1323.0,8.6
2022-02-14 20:00:00,1313.0,7.2
2022-02-14 21:00:00,1276.0,5.8
2022-02-14 22:00:00,1166.0,5.8
2022-02-14 23:00:00,1056.0,7.0
2022-02-15 00:00:00,984.0,7.1
2022-02-15 01:00:00,827.0,7.2
2022-02-15 02:00:00,735.0,7.1
2022-02-15 03:00:00,670.0,7.2
2022-02-15 04:00:00,643.0,6.9
2022-02-15 05:00:00,642.0,6.8
2022-02-15 06:00:00,648.0,6.6
2022-02-15 07:00:00,727.0,6.3
2022-02-15 08:00:00,997.0,6.5
2022-02-15 09:00:00,1235.0,6.9
2022-02-15 10:00:00,1295.0,7.1
2022-02-15 11:00:00,1321.0,7.4
2022-02-15 12:00:00,1226.0,7.8
2022-02-15 13:00:00,1138.0,8.5
2022-02-15 14:00:00,1121.0,9.1
2022-02-15 15:00:00,1101.0,9.3
2022-02-15 16:00:00,1152.0,9.5
2022-02-15 17:00:00,1208.0,9.5
2022-02-15 18:00:00,1154.0,9.2
2022-02-15 19:00:00,1286.0,8.0
2022-02-15 20:00:00,1334.0,6.8
2022-02-15 21:00:00,1311.0,5.9
2022-02-15 22:00:00,1203.0,5.5
2022-02-15 23:00:00,1096.0,6.0
2022-02-16 00:00:00,970.0,6.4
2022-02-16 01:00:00,804.0,6.4
2022-02-16 02:00:00,722.0,6.6
2022-02-16 03:00:00,662.0,6.7
2022-02-16 04:00:00,640.0,7.1
2022-02-16 05:00:00,628.0,7.2
2022-02-16 06:00:00,668.0,7.2
2022-02-16 07:00:00,780.0,7.0
2022-02-16 08:00:00,1067.0,7.0
2022-02-16 09:00:00,1296.0,7.3
2022-02-16 10:00:00,1362.0,7.6
2022-02-16 11:00:00,1382.0,8.0
2022-02-16 12:00:00,1320.0,8.3
2022-02-16 13:00:00,1299.0,8.5
2022-02-16 14:00:00,1273.0,8.5
2022-02-16 15:00:00,1270.0,8.0
2022-02-16 16:00:00,1293.0,8.3
2022-02-16 17:00:00,1395.0,8.1
2022-02-16 18:00:00,1329.0,7.9
2022-02-16 19:00:00,1385.0,7.8
2022-02-16 20:00:00,1371.0,7.5
2022-02-16 21:00:00,1313.0,7.2
2022-02-16 22:00:00,1181.0,7.0
2022-02-16 23:00:00,1046.0,7.0
2022-02-17 00:00:00,949.0,7.1
2022-02-17 01:00:00,828.0,6.8
2022-02-17 02:00:00,781.0,6.7
2022-02-17 03:00:00,729.0,6.5
2022-02-17 04:00:00,678.0,6.3
2022-02-17 05:00:00,698.0,6.1
2022-02-17 06:00:00,725.0,5.9
2022-02-17 07:00:00,833.0,5.7
2022-02-17 08:00:00,1150.0,5.4
2022-02-17 09:00:00,1412.0,5.3
2022-02-17 10:00:00,1463.0,5.2
2022-02-17 11:00:00,1522.0,5.2
2022-02-17 12:00:00,1439.0,4.6
2022-02-17 13:00:00,1425.0,4.2
2022-02-17 14:00:00,1389.0,4.2
2022-02-17 15:00:00,1381.0,3.7
2022-02-17 16:00:00,1404.0,3.6
2022-02-17 17:00:00,1494.0,3.6
2022-02-17 18:00:00,1456.0,3.6
2022-02-17 19:00:00,1475.0,3.6
2022-02-17 20:00:00,1441.0,3.7
2022-02-17 21:00:00,1360.0,3.4
2022-02-17 22:00:00,1214.0,3.4
2022-02-17 23:00:00,1057.0,3.3
2022-02-18 00:00:00,1005.0,2.9
2022-02-18 01:00:00,874.0,2.7
2022-02-18 02:00:00,813.0,1.9
2022-02-18 03:00:00,778.0,1.3
2022-02-18 04:00:00,757.0,1.0
2022-02-18 05:00:00,735.0,0.8
2022-02-18 06:00:00,785.0,0.6
2022-02-18 07:00:00,945.0,0.7
2022-02-18 08:00:00,1204.0,0.7
2022-02-18 09:00:00,1488.0,0.6
2022-02-18 10:00:00,1544.0,0.8
2022-02-18 11:00:00,1578.0,0.9
2022-02-18 12:00:00,1495.0,0.9
2022-02-18 13:00:00,1456.0,1.0
2022-02-18 14:00:00,1407.0,1.1
2022-02-18 15:00:00,1399.0,1.4
2022-02-18 16:00:00,1428.0,1.5
2022-02-18 17:00:00,1517.0,1.6
2022-02-18 18:00:00,1459.0,1.6
2022-02-18 19:00:00,1470.0,1.7
2022-02-18 20:00:00,1448.0,1.9
2022-02-18 21:00:00,1383.0,1.9
2022-02-18 22:00:00,1295.0,2.0
2022-02-18 23:00:00,1141.0,2.1
2022-02-19 00:00:00,1073.0,2.2
2022-02-19 01:00:00,941.0,2.2
2022-02-19 02:00:00,870.0,2.3
2022-02-19 03:00:00,813.0,2.3
2022-02-19 04:00:00,769.0,2.3
2022-02-19 05:00:00,770.0,2.4
2022-02-19 06:00:00,785.0,2.3
2022-02-19 07:00:00,874.0,2.1
2022-02-19 08:00:00,1133.0,2.0
2022-02-19 09:00:00,1406.0,2.3
2022-02-19 10:00:00,1492.0,2.5
2022-02-19 11:00:00,1520.0,3.0
2022-02-19 12:00:00,1451.0,3.3
2022-02-19 13:00:00,1381.0,3.9
2022-02-19 14:00:00,1345.0,4.3
2022-02-19 15:00:00,1340.0,4.7
2022-02-19 16:00:00,1367.0,5.0
2022-02-19 17:00:00,1459.0,5.0
2022-02-19 18:00:00,1403.0,5.0
2022-02-19 19:00:00,1441.0,4.8
2022-02-19 20:00:00,1421.0,4.5
2022-02-19 21:00:00,1378.0,4.3
2022-02-19 22:00:00,1269.0,4.2
2022-02-19 23:00:00,1150.0,3.8
2022-02-20 00:00:00,1059.0,3.4
2022-02-20 01:00:00,946.0,3.1
2022-02-20 02:00:00,840.0,2.9
2022-02-20 03:00:00,775.0,2.7
2022-02-20 04:00:00,763.0,2.6
2022-02-20 05:00:00,732.0,2.5
2022-02-20 06:00:00,786.0,2.5
2022-02-20 07:00:00,832.0,2.5
2022-02-20 08:00:00,1099.0,2.5
2022-02-20 09:00:00,1365.0,2.6
2022-02-20 10:00:00,1445.0,2.9
2022-02-20 11:00:00,1522.0,3.2
2022-02-20 12:00:00,1432.0,3.2
2022-02-20 13:00:00,1382.0,3.6
2022-02-20 14:00:00,1344.0,3.7
2022-02-20 15:00:00,1340.0,3.9
2022-02-20 16:00:00,1372.0,4.0
2022-02-20 17:00:00,1454.0,4.1
2022-02-20 18:00:00,1422.0,4.1
2022-02-20 19:00:00,1458.0,3.9
2022-02-20 20:00:00,1482.0,3.8
2022-02-20 21:00:00,1407.0,3.5
2022-02-20 22:00:00,1249.0,3.5
2022-02-20 23:00:00,1075.0,3.1
2022-02-21 00:00:00,1004.0,3.3
2022-02-21 01:00:00,880.0,3.1
2022-02-21 02:00:00,825.0,3.1
2022-02-21 03:00:00,765.0,3.1
2022-02-21 04:00:00,747.0,2.9
2022-02-21 05:00:00,752.0,2.8
2022-02-21 06:00:00,797.0,3.1
2022-02-21 07:00:00,979.0,3.1
2022-02-21 08:00:00,1232.0,3.4
2022-02-21 09:00:00,1435.0,3.9
2022-02-21 10:00:00,1467.0,4.2
2022-02-21 11:00:00,1498.0,5.0
2022-02-21 12:00:00,1394.0,5.9
2022-02-21 13:00:00,1375.0,6.3
2022-02-21 14:00:00,1330.0,6.4
2022-02-21 15:00:00,1309.0,6.6
2022-02-21 16:00:00,1347.0,6.7
2022-02-21 17:00:00,1449.0,6.4
2022-02-21 18:00:00,1388.0,6.0
2022-02-21 19:00:00,1462.0,4.8
2022-02-21 20:00:00,1465.0,4.2
2022-02-21 21:00:00,1401.0,4.1
2022-02-21 22:00:00,1264.0,3.9
2022-02-21 23:00:00,1115.0,3.7
2022-02-22 00:00:00,1037.0,2.9
2022-02-22 01:00:00,923.0,2.7
2022-02-22 02:00:00,850.0,1.4
2022-02-22 03:00:00,801.0,0.8
2022-02-22 04:00:00,776.0,0.6
2022-02-22 05:00:00,769.0,0.5
2022-02-22 06:00:00,792.0,0.9
2022-02-22 07:00:00,897.0,1.1
2022-02-22 08:00:00,1175.0,1.3
2022-02-22 09:00:00,1448.0,2.1
2022-02-22 10:00:00,1515.0,2.3
2022-02-22 11:00:00,1556.0,3.0
2022-02-22 12:00:00,1464.0,3.3
2022-02-22 13:00:00,1453.0,3.9
2022-02-22 14:00:00,1402.0,4.2
2022-02-22 15:00:00,1409.0,3.7
2022-02-22 16:00:00,1416.0,3.8
2022-02-22 17:00:00,1501.0,3.4
2022-02-22 18:00:00,1487.0,3.2
2022-02-22 19:00:00,1494.0,3.2
2022-02-22 20:00:00,1455.0,3.0
2022-02-22 21:00:00,1365.0,3.0
2022-02-22 22:00:00,1220.0,3.1
2022-02-22 23:00:00,1086.0,3.4
2022-02-23 00:00:00,994.0,3.4
2022-02-23 01:00:00,882.0,3.3
2022-02-23 02:00:00,828.0,3.3
2022-02-23 03:00:00,775.0,3.3
2022-02-23 04:00:00,751.0,3.3
2022-02-23 05:00:00,758.0,3.3
2022-02-23 06:00:00,774.0,3.0
2022-02-23 07:00:00,962.0,3.3
2022-02-23 08:00:00,1211.0,3.6
2022-02-23 09:00:00,1432.0,4.1
2022-02-23 10:00:00,1477.0,4.9
2022-02-23 11:00:00,1468.0,6.1
2022-02-23 12:00:00,1335.0,7.0
2022-02-23 13:00:00,1276.0,8.0
2022-02-23 14:00:00,1196.0,8.5
2022-02-23 15:00:00,1206.0,9.2
2022-02-23 16:00:00,1286.0,8.7
2022-02-23 17:00:00,1377.0,8.5
2022-02-23 18:00:00,1323.0,8.3
2022-02-23 19:00:00,1406.0,7.6
2022-02-23 20:00:00,1426.0,6.7
2022-02-23 21:00:00,1390.0,5.0
2022-02-23 22:00:00,1237.0,4.0
2022-02-23 23:00:00,1094.0,3.6
2022-02-24 00:00:00,987.0,3.2
2022-02-24 01:00:00,870.0,2.9
2022-02-24 02:00:00,811.0,2.5
2022-02-24 03:00:00,755.0,2.7
2022-02-24 04:00:00,743.0,3.2
2022-02-24 05:00:00,743.0,2.5
2022-02-24 06:00:00,782.0,2.2
2022-02-24 07:00:00,1007.0,1.5
2022-02-24 08:00:00,1267.0,2.5
2022-02-24 09:00:00,1410.0,5.1
2022-02-24 10:00:00,1371.0,6.8
2022-02-24 11:00:00,1346.0,8.2
2022-02-24 12:00:00,1227.0,9.3
2022-02-24 13:00:00,1199.0,10.0
2022-02-24 14:00:00,1151.0,10.5
2022-02-24 15:00:00,1154.0,11.4
2022-02-24 16:00:00,1183.0,10.7
2022-02-24 17:00:00,1282.0,10.5
2022-02-24 18:00:00,1255.0,9.9
2022-02-24 19:00:00,1376.0,7.8
2022-02-24 20:00:00,1398.0,6.8
2022-02-24 21:00:00,1347.0,6.4
2022-02-24 22:00:00,1198.0,6.3
2022-02-24 23:00:00,1066.0,5.8
2022-02-25 00:00:00,953.0,4.9
2022-02-25 01:00:00,829.0,3.9
2022-02-25 02:00:00,788.0,3.4
2022-02-25 03:00:00,763.0,2.6
2022-02-25 04:00:00,725.0,2.2
2022-02-25 05:00:00,741.0,1.9
2022-02-25 06:00:00,781.0,1.8
2022-02-25 07:00:00,1020.0,1.6
2022-02-25 08:00:00,1242.0,2.7
2022-02-25 09:00:00,1357.0,6.9
2022-02-25 10:00:00,1300.0,9.2
2022-02-25 11:00:00,1269.0,10.5
2022-02-25 12:00:00,1156.0,11.8
2022-02-25 13:00:00,1130.0,12.8
2022-02-25 14:00:00,1074.0,13.7
2022-02-25 15:00:00,1062.0,13.5
2022-02-25 16:00:00,1102.0,13.5
2022-02-25 17:00:00,1211.0,13.2
2022-02-25 18:00:00,1203.0,12.3
2022-02-25 19:00:00,1302.0,11.3
2022-02-25 20:00:00,1321.0,10.4
2022-02-25 21:00:00,1268.0,9.9
2022-02-25 22:00:00,1153.0,9.5
2022-02-25 23:00:00,1038.0,9.3
2022-02-26 00:00:00,945.0,9.2
2022-02-26 01:00:00,828.0,8.6
2022-02-26 02:00:00,741.0,8.8
2022-02-26 03:00:00,724.0,8.5
2022-02-26 04:00:00,677.0,8.5
2022-02-26 05:00:00,687.0,8.2
2022-02-26 06:00:00,716.0,8.3
2022-02-26 07:00:00,847.0,8.0
2022-02-26 08:00:00,1120.0,8.2
2022-02-26 09:00:00,1231.0,10.1
2022-02-26 10:00:00,1215.0,12.5
2022-02-26 11:00:00,1205.0,14.1
2022-02-26 12:00:00,1085.0,15.5
2022-02-26 13:00:00,1064.0,15.9
2022-02-26 14:00:00,1058.0,16.6
2022-02-26 15:00:00,1032.0,16.2
2022-02-26 16:00:00,1106.0,15.8
2022-02-26 17:00:00,1181.0,15.7
2022-02-26 18:00:00,1131.0,15.0
2022-02-26 19:00:00,1210.0,13.1
2022-02-26 20:00:00,1214.0,11.9
2022-02-26 21:00:00,1176.0,11.2
2022-02-26 22:00:00,1055.0,10.0
2022-02-26 23:00:00,970.0,8.7
2022-02-27 00:00:00,889.0,8.2
2022-02-27 01:00:00,798.0,7.2
2022-02-27 02:00:00,747.0,6.8
2022-02-27 03:00:00,702.0,6.4
2022-02-27 04:00:00,676.0,6.0
2022-02-27 05:00:00,666.0,5.7
2022-02-27 06:00:00,698.0,5.5
2022-02-27 07:00:00,824.0,5.2
2022-02-27 08:00:00,1070.0,6.3
2022-02-27 09:00:00,1167.0,9.9
2022-02-27 10:00:00,1131.0,13.6
2022-02-27 11:00:00,1125.0,16.4
2022-02-27 12:00:00,989.0,17.5
2022-02-27 13:00:00,958.0,18.7
2022-02-27 14:00:00,918.0,19.6
2022-02-27 15:00:00,920.0,20.0
2022-02-27 16:00:00,978.0,20.3
2022-02-27 17:00:00,1071.0,19.8
2022-02-27 18:00:00,1053.0,18.7
2022-02-27 19:00:00,1130.0,17.1
2022-02-27 20:00:00,1172.0,14.9
2022-02-27 21:00:00,1109.0,14.3
2022-02-27 22:00:00,963.0,14.2
2022-02-27 23:00:00,861.0,14.0
2022-02-28 00:00:00,792.0,13.1
2022-02-28 01:00:00,698.0,11.7
2022-02-28 02:00:00,640.0,10.7
2022-02-28 03:00:00,616.0,10.3
2022-02-28 04:00:00,587.0,10.0
2022-02-28 05:00:00,612.0,9.6
2022-02-28 06:00:00,658.0,9.3
2022-02-28 07:00:00,873.0,9.4
2022-02-28 08:00:00,1050.0,10.3
2022-02-28 09:00:00,1127.0,12.0
2022-02-28 10:00:00,1122.0,13.6
2022-02-28 11:00:00,1118.0,16.1
2022-02-28 12:00:00,971.0,17.7
2022-02-28 13:00:00,947.0,19.4
2022-02-28 14:00:00,962.0,19.6
2022-02-28 15:00:00,956.0,18.2
2022-02-28 16:00:00,982.0,18.0
2022-02-28 17:00:00,1061.0,17.9
2022-02-28 18:00:00,1048.0,17.0
2022-02-28 19:00:00,1122.0,16.1
2022-02-28 20:00:00,1122.0,15.8
2022-02-28 21:00:00,1069.0,14.9
2022-02-28 22:00:00,941.0,14.4
2022-02-28 23:00:00,858.0,14.1
2022-03-01 00:00:00,772.0,13.8
2022-03-01 01:00:00,690.0,13.4
2022-03-01 02:00:00,634.0,12.9
2022-03-01 03:00:00,607.0,12.8
2022-03-01 04:00:00,582.0,12.7
2022-03-01 05:00:00,593.0,12.9
2022-03-01 06:00:00,657.0,13.0
2022-03-01 07:00:00,818.0,13.0
2022-03-01 08:00:00,999.0,12.5
2022-03-01 09:00:00,1121.0,12.4
2022-03-01 10:00:00,1143.0,12.6
2022-03-01 11:00:00,1168.0,13.9
2022-03-01 12:00:00,1035.0,14.6
2022-03-01 13:00:00,1028.0,15.0
2022-03-01 14:00:00,1016.0,14.6
2022-03-01 15:00:00,996.0,15.8
2022-03-01 16:00:00,1019.0,15.8
2022-03-01 17:00:00,1138.0,15.2
2022-03-01 18:00:00,1063.0,14.6
2022-03-01 19:00:00,1121.0,13.6
2022-03-01 20:00:00,1138.0,13.3
2022-03-01 21:00:00,1097.0,12.2
2022-03-01 22:00:00,976.0,10.6
2022-03-01 23:00:00,883.0,10.0
2022-03-02 00:00:00,827.0,9.0
2022-03-02 01:00:00,767.0,8.4
2022-03-02 02:00:00,727.0,8.0
2022-03-02 03:00:00,691.0,7.3
2022-03-02 04:00:00,678.0,7.2
2022-03-02 05:00:00,681.0,6.6
2022-03-02 06:00:00,742.0,6.3
2022-03-02 07:00:00,964.0,5.8
2022-03-02 08:00:00,1152.0,7.5
2022-03-02 09:00:00,1179.0,10.7
2022-03-02 10:00:00,1137.0,13.9
2022-03-02 11:00:00,1119.0,15.4
2022-03-02 12:00:00,967.0,16.4
2022-03-02 13:00:00,952.0,17.3
2022-03-02 14:00:00,927.0,18.2
2022-03-02 15:00:00,940.0,18.9
2022-03-02 16:00:00,979.0,19.3
2022-03-02 17:00:00,1111.0,18.8
2022-03-02 18:00:00,1085.0,18.1
2022-03-02 19:00:00,1133.0,16.9
2022-03-02 20:00:00,1141.0,15.3
2022-03-02 21:00:00,1079.0,15.0
2022-03-02 22:00:00,953.0,14.9
2022-03-02 23:00:00,866.0,14.8
2022-03-03 00:00:00,823.0,14.4
2022-03-03 01:00:00,767.0,14.6
2022-03-03 02:00:00,688.0,14.1
2022-03-03 03:00:00,684.0,12.9
2022-03-03 04:00:00,640.0,11.7
2022-03-03 05:00:00,648.0,11.2
2022-03-03 06:00:00,707.0,11.2
2022-03-03 07:00:00,918.0,11.4
2022-03-03 08:00:00,1059.0,12.1
2022-03-03 09:00:00,1128.0,12.9
2022-03-03 10:00:00,1140.0,13.7
2022-03-03 11:00:00,1163.0,14.5
2022-03-03 12:00:00,1038.0,14.7
2022-03-03 13:00:00,979.0,15.0
2022-03-03 14:00:00,980.0,15.2
2022-03-03 15:00:00,955.0,16.3
2022-03-03 16:00:00,1017.0,17.2
2022-03-03 17:00:00,1095.0,16.7
2022-03-03 18:00:00,1044.0,15.6
2022-03-03 19:00:00,1094.0,15.1
2022-03-03 20:00:00,1113.0,14.7
2022-03-03 21:00:00,1060.0,14.4
2022-03-03 22:00:00,929.0,14.2
2022-03-03 23:00:00,870.0,13.9
2022-03-04 00:00:00,817.0,13.6
2022-03-04 01:00:00,757.0,13.4
2022-03-04 02:00:00,681.0,12.9
2022-03-04 03:00:00,679.0,12.6
2022-03-04 04:00:00,664.0,12.2
2022-03-04 05:00:00,670.0,12.2
2022-03-04 06:00:00,730.0,11.9
2022-03-04 07:00:00,919.0,11.9
2022-03-04 08:00:00,1080.0,12.8
2022-03-04 09:00:00,1140.0,13.7
2022-03-04 10:00:00,1134.0,14.3
2022-03-04 11:00:00,1149.0,14.9
2022-03-04 12:00:00,1027.0,15.1
2022-03-04 13:00:00,1017.0,15.8
2022-03-04 14:00:00,1010.0,16.5
2022-03-04 15:00:00,1007.0,15.3
2022-03-04 16:00:00,1069.0,13.7
2022-03-04 17:00:00,1159.0,13.1
2022-03-04 18:00:00,1096.0,12.9
2022-03-04 19:00:00,1140.0,12.8
2022-03-04 20:00:00,1117.0,13.0
2022-03-04 21:00:00,1045.0,13.0
2022-03-04 22:00:00,963.0,13.2
2022-03-04 23:00:00,897.0,13.5
2022-03-05 00:00:00,852.0,13.4
2022-03-05 01:00:00,787.0,13.5
2022-03-05 02:00:00,742.0,13.4
2022-03-05 03:00:00,709.0,13.0
2022-03-05 04:00:00,690.0,13.0
2022-03-05 05:00:00,681.0,12.6
2022-03-05 06:00:00,694.0,12.1
2022-03-05 07:00:00,804.0,12.3
2022-03-05 08:00:00,1010.0,12.5
2022-03-05 09:00:00,1144.0,13.0
2022-03-05 10:00:00,1129.0,13.8
2022-03-05 11:00:00,1154.0,14.1
2022-03-05 12:00:00,1072.0,14.0
2022-03-05 13:00:00,1054.0,13.5
2022-03-05 14:00:00,1042.0,14.0
2022-03-05 15:00:00,1022.0,13.9
2022-03-05 16:00:00,1089.0,13.6
2022-03-05 17:00:00,1160.0,13.5
2022-03-05 18:00:00,1139.0,13.4
2022-03-05 19:00:00,1123.0,13.2
2022-03-05 20:00:00,1081.0,13.3
2022-03-05 21:00:00,1011.0,13.5
2022-03-05 22:00:00,911.0,13.5
2022-03-05 23:00:00,878.0,13.3
2022-03-06 00:00:00,834.0,13.4
2022-03-06 01:00:00,748.0,13.5
2022-03-06 02:00:00,693.0,13.5
2022-03-06 03:00:00,682.0,13.2
2022-03-06 04:00:00,616.0,12.8
2022-03-06 05:00:00,612.0,12.9
2022-03-06 06:00:00,684.0,12.8
2022-03-06 07:00:00,755.0,12.8
2022-03-06 08:00:00,958.0,12.8
2022-03-06 09:00:00,1111.0,12.8
2022-03-06 10:00:00,1162.0,12.7
2022-03-06 11:00:00,1191.0,12.9
2022-03-06 12:00:00,1100.0,12.6
2022-03-06 13:00:00,1081.0,12.4
2022-03-06 14:00:00,1072.0,11.9
2022-03-06 15:00:00,1039.0,11.4
2022-03-06 16:00:00,1071.0,11.1
2022-03-06 17:00:00,1141.0,11.0
2022-03-06 18:00:00,1077.0,10.8
2022-03-06 19:00:00,1109.0,10.4
2022-03-06 20:00:00,1079.0,10.3
2022-03-06 21:00:00,1020.0,10.3
2022-03-06 22:00:00,877.0,10.2
2022-03-06 23:00:00,788.0,10.2
2022-03-07 00:00:00,760.0,10.1
2022-03-07 01:00:00,710.0,9.7
2022-03-07 02:00:00,671.0,9.0
2022-03-07 03:00:00,656.0,9.7
2022-03-07 04:00:00,607.0,9.7
2022-03-07 05:00:00,587.0,9.7
2022-03-07 06:00:00,646.0,9.7
2022-03-07 07:00:00,892.0,9.6
2022-03-07 08:00:00,1040.0,10.1
2022-03-07 09:00:00,1090.0,11.2
2022-03-07 10:00:00,1085.0,12.2
2022-03-07 11:00:00,1070.0,14.0
2022-03-07 12:00:00,965.0,15.7
2022-03-07 13:00:00,913.0,16.9
2022-03-07 14:00:00,921.0,17.5
2022-03-07 15:00:00,915.0,18.1
2022-03-07 16:00:00,954.0,18.7
2022-03-07 17:00:00,1050.0,18.7
2022-03-07 18:00:00,1065.0,17.7
2022-03-07 19:00:00,1098.0,16.1
2022-03-07 20:00:00,1125.0,15.1
2022-03-07 21:00:00,1090.0,14.7
2022-03-07 22:00:00,935.0,14.8
2022-03-07 23:00:00,831.0,12.5
2022-03-08 00:00:00,805.0,13.9
2022-03-08 01:00:00,724.0,13.8
2022-03-08 02:00:00,662.0,13.4
2022-03-08 03:00:00,626.0,12.9
2022-03-08 04:00:00,583.0,12.2
2022-03-08 05:00:00,614.0,11.5
2022-03-08 06:00:00,628.0,11.4
2022-03-08 07:00:00,887.0,10.8
2022-03-08 08:00:00,1017.0,12.4
2022-03-08 09:00:00,1029.0,14.5
2022-03-08 10:00:00,1016.0,16.6
2022-03-08 11:00:00,1024.0,18.4
2022-03-08 12:00:00,907.0,19.5
2022-03-08 13:00:00,873.0,20.8
2022-03-08 14:00:00,855.0,22.5
2022-03-08 15:00:00,859.0,23.0
2022-03-08 16:00:00,898.0,23.6
2022-03-08 17:00:00,990.0,23.3
2022-03-08 18:00:00,977.0,21.9
2022-03-08 19:00:00,1065.0,20.2
2022-03-08 20:00:00,1085.0,19.5
2022-03-08 21:00:00,1047.0,19.0
2022-03-08 22:00:00,943.0,18.7
2022-03-08 23:00:00,885.0,16.3
2022-03-09 00:00:00,822.0,15.0
2022-03-09 01:00:00,748.0,14.5
2022-03-09 02:00:00,718.0,15.6
2022-03-09 03:00:00,667.0,15.1
2022-03-09 04:00:00,676.0,15.6
2022-03-09 05:00:00,685.0,15.3
2022-03-09 06:00:00,754.0,15.1
2022-03-09 07:00:00,993.0,15.1
2022-03-09 08:00:00,1095.0,16.3
2022-03-09 09:00:00,1104.0,17.7
2022-03-09 10:00:00,1072.0,19.6
2022-03-09 11:00:00,1064.0,21.3
2022-03-09 12:00:00,925.0,23.1
2022-03-09 13:00:00,906.0,24.2
2022-03-09 14:00:00,882.0,25.2
2022-03-09 15:00:00,883.0,25.7
2022-03-09 16:00:00,951.0,25.6
2022-03-09 17:00:00,1039.0,25.6
2022-03-09 18:00:00,1019.0,24.2
2022-03-09 19:00:00,1084.0,22.6
2022-03-09 20:00:00,1084.0,21.3
2022-03-09 21:00:00,999.0,20.6
2022-03-09 22:00:00,890.0,20.8
2022-03-09 23:00:00,834.0,19.4
2022-03-10 00:00:00,813.0,18.1
2022-03-10 01:00:00,757.0,17.8
2022-03-10 02:00:00,722.0,17.8
2022-03-10 03:00:00,688.0,17.7
2022-03-10 04:00:00,662.0,17.4
2022-03-10 05:00:00,651.0,16.9
2022-03-10 06:00:00,744.0,15.9
2022-03-10 07:00:00,964.0,15.0
2022-03-10 08:00:00,1055.0,16.5
2022-03-10 09:00:00,1078.0,20.4
2022-03-10 10:00:00,1063.0,21.7
2022-03-10 11:00:00,1048.0,21.4
2022-03-10 12:00:00,896.0,21.9
2022-03-10 13:00:00,871.0,24.5
2022-03-10 14:00:00,817.0,25.2
2022-03-10 15:00:00,845.0,25.8
2022-03-10 16:00:00,878.0,26.2
2022-03-10 17:00:00,1009.0,26.1
2022-03-10 18:00:00,1008.0,25.0
2022-03-10 19:00:00,1030.0,23.3
2022-03-10 20:00:00,1042.0,22.4
2022-03-10 21:00:00,983.0,21.6
2022-03-10 22:00:00,867.0,20.9
2022-03-10 23:00:00,803.0,20.5
2022-03-11 00:00:00,792.0,19.2
2022-03-11 01:00:00,747.0,18.0
2022-03-11 02:00:00,721.0,17.0
2022-03-11 03:00:00,691.0,16.7
2022-03-11 04:00:00,665.0,16.2
2022-03-11 05:00:00,686.0,16.1
2022-03-11 06:00:00,745.0,15.8
2022-03-11 07:00:00,971.0,15.3
2022-03-11 08:00:00,1058.0,16.6
2022-03-11 09:00:00,1068.0,21.0
2022-03-11 10:00:00,1063.0,22.8
2022-03-11 11:00:00,1036.0,24.1
2022-03-11 12:00:00,899.0,25.3
2022-03-11 13:00:00,871.0,26.1
2022-03-11 14:00:00,876.0,26.9
2022-03-11 15:00:00,874.0,28.1
2022-03-11 16:00:00,922.0,28.4
2022-03-11 17:00:00,1010.0,28.1
2022-03-11 18:00:00,998.0,27.0
2022-03-11 19:00:00,1022.0,25.1
2022-03-11 20:00:00,1019.0,24.3
2022-03-11 21:00:00,969.0,23.8
2022-03-11 22:00:00,884.0,23.4
2022-03-11 23:00:00,825.0,22.9
2022-03-12 00:00:00,848.0,23.1
2022-03-12 01:00:00,784.0,23.1
2022-03-12 02:00:00,735.0,22.7
2022-03-12 03:00:00,722.0,22.1
2022-03-12 04:00:00,686.0,22.3
2022-03-12 05:00:00,687.0,22.2
2022-03-12 06:00:00,741.0,22.1
2022-03-12 07:00:00,877.0,21.7
2022-03-12 08:00:00,1024.0,21.6
2022-03-12 09:00:00,1042.0,22.2
2022-03-12 10:00:00,1023.0,23.7
2022-03-12 11:00:00,1024.0,26.0
2022-03-12 12:00:00,947.0,26.1
2022-03-12 13:00:00,875.0,26.6
2022-03-12 14:00:00,886.0,27.0
2022-03-12 15:00:00,881.0,27.9
2022-03-12 16:00:00,902.0,27.3
2022-03-12 17:00:00,1002.0,27.1
2022-03-12 18:00:00,971.0,26.6
2022-03-12 19:00:00,1017.0,25.8
2022-03-12 20:00:00,995.0,25.0
2022-03-12 21:00:00,927.0,24.1
2022-03-12 22:00:00,856.0,23.1
2022-03-12 23:00:00,817.0,22.2
2022-03-13 00:00:00,817.0,21.1
2022-03-13 01:00:00,762.0,21.3
2022-03-13 02:00:00,735.0,20.4
2022-03-13 03:00:00,684.0,19.8
2022-03-13 04:00:00,682.0,19.6
2022-03-13 05:00:00,691.0,20.0
2022-03-13 06:00:00,717.0,19.7
2022-03-13 07:00:00,889.0,19.3
2022-03-13 08:00:00,1005.0,20.2
2022-03-13 09:00:00,1016.0,22.1
2022-03-13 10:00:00,1005.0,24.7
2022-03-13 11:00:00,1018.0,26.6
2022-03-13 12:00:00,893.0,28.1
2022-03-13 13:00:00,867.0,29.2
2022-03-13 14:00:00,840.0,30.3
2022-03-13 15:00:00,864.0,31.2
2022-03-13 16:00:00,880.0,31.1
2022-03-13 17:00:00,943.0,30.5
2022-03-13 18:00:00,953.0,29.5
2022-03-13 19:00:00,992.0,28.2
2022-03-13 20:00:00,1003.0,26.6
2022-03-13 21:00:00,925.0,26.1
2022-03-13 22:00:00,822.0,25.5
2022-03-13 23:00:00,782.0,25.6
2022-03-14 00:00:00,798.0,25.0
2022-03-14 01:00:00,740.0,24.1
2022-03-14 02:00:00,711.0,23.8
2022-03-14 03:00:00,677.0,23.5
2022-03-14 04:00:00,675.0,23.0
2022-03-14 05:00:00,689.0,22.6
2022-03-14 06:00:00,746.0,22.1
2022-03-14 07:00:00,954.0,21.8
2022-03-14 08:00:00,1035.0,22.3
2022-03-14 09:00:00,1049.0,24.7
2022-03-14 10:00:00,1053.0,25.9
2022-03-14 11:00:00,1053.0,27.0
2022-03-14 12:00:00,936.0,27.3
2022-03-14 13:00:00,931.0,27.7
2022-03-14 14:00:00,887.0,28.4
2022-03-14 15:00:00,917.0,28.8
2022-03-14 16:00:00,936.0,27.9
2022-03-14 17:00:00,1027.0,26.5
2022-03-14 18:00:00,994.0,25.3
2022-03-14 19:00:00,1046.0,24.3
2022-03-14 20:00:00,1011.0,23.4
2022-03-14 21:00:00,951.0,22.6
2022-03-14 22:00:00,852.0,22.2
2022-03-14 23:00:00,813.0,21.7
2022-03-15 00:00:00,825.0,20.9
2022-03-15 01:00:00,752.0,20.4
2022-03-15 02:00:00,721.0,20.0
2022-03-15 03:00:00,706.0,20.1
2022-03-15 04:00:00,707.0,20.2
2022-03-15 05:00:00,706.0,19.9
2022-03-15 06:00:00,766.0,20.1
2022-03-15 07:00:00,943.0,20.1
2022-03-15 08:00:00,1043.0,20.3
2022-03-15 09:00:00,1057.0,22.2
2022-03-15 10:00:00,1031.0,23.3
2022-03-15 11:00:00,1020.0,24.1
2022-03-15 12:00:00,915.0,25.3
2022-03-15 13:00:00,889.0,25.7
2022-03-15 14:00:00,894.0,27.6
2022-03-15 15:00:00,892.0,27.6
2022-03-15 16:00:00,922.0,28.4
2022-03-15 17:00:00,1005.0,28.7
2022-03-15 18:00:00,996.0,28.1
2022-03-15 19:00:00,1041.0,27.0
2022-03-15 20:00:00,1045.0,26.0
2022-03-15 21:00:00,975.0,25.3
2022-03-15 22:00:00,865.0,25.0
2022-03-15 23:00:00,811.0,25.4
2022-03-16 00:00:00,818.0,25.0
2022-03-16 01:00:00,783.0,23.4
2022-03-16 02:00:00,741.0,22.8
2022-03-16 03:00:00,711.0,22.9
2022-03-16 04:00:00,691.0,22.1
2022-03-16 05:00:00,720.0,22.1
2022-03-16 06:00:00,769.0,23.4
2022-03-16 07:00:00,949.0,23.2
2022-03-16 08:00:00,1041.0,23.0
2022-03-16 09:00:00,1070.0,23.6
2022-03-16 10:00:00,1055.0,24.8
2022-03-16 11:00:00,1058.0,26.0
2022-03-16 12:00:00,986.0,26.3
2022-03-16 13:00:00,935.0,27.5
2022-03-16 14:00:00,930.0,27.0
2022-03-16 15:00:00,946.0,27.1
2022-03-16 16:00:00,979.0,26.9
2022-03-16 17:00:00,1047.0,26.2
2022-03-16 18:00:00,998.0,25.4
2022-03-16 19:00:00,1023.0,24.7
2022-03-16 20:00:00,997.0,25.6
2022-03-16 21:00:00,930.0,24.6
2022-03-16 22:00:00,830.0,25.0
2022-03-16 23:00:00,794.0,25.0
2022-03-17 00:00:00,806.0,20.8
2022-03-17 01:00:00,780.0,18.9
2022-03-17 02:00:00,741.0,19.3
2022-03-17 03:00:00,720.0,16.5
2022-03-17 04:00:00,704.0,15.5
2022-03-17 05:00:00,700.0,15.0
2022-03-17 06:00:00,750.0,14.7
2022-03-17 07:00:00,933.0,14.4
2022-03-17 08:00:00,1037.0,14.3
2022-03-17 09:00:00,1056.0,14.6
2022-03-17 10:00:00,1060.0,14.5
2022-03-17 11:00:00,1058.0,14.1
2022-03-17 12:00:00,977.0,13.8
2022-03-17 13:00:00,960.0,13.1
2022-03-17 14:00:00,952.0,12.8
2022-03-17 15:00:00,946.0,12.2
2022-03-17 16:00:00,966.0,12.0
2022-03-17 17:00:00,1049.0,12.0
2022-03-17 18:00:00,1006.0,11.5
2022-03-17 19:00:00,1006.0,11.1
2022-03-17 20:00:00,974.0,10.9
2022-03-17 21:00:00,911.0,10.8
2022-03-17 22:00:00,817.0,10.4
2022-03-17 23:00:00,782.0,10.4
2022-03-18 00:00:00,842.0,10.1
2022-03-18 01:00:00,778.0,10.0
2022-03-18 02:00:00,758.0,9.7
2022-03-18 03:00:00,747.0,9.6
2022-03-18 04:00:00,707.0,9.5
2022-03-18 05:00:00,727.0,9.1
2022-03-18 06:00:00,800.0,9.0
2022-03-18 07:00:00,994.0,9.0
2022-03-18 08:00:00,1092.0,9.3
2022-03-18 09:00:00,1133.0,9.6
2022-03-18 10:00:00,1130.0,9.7
2022-03-18 11:00:00,1127.0,10.4
2022-03-18 12:00:00,1017.0,11.8
2022-03-18 13:00:00,987.0,12.1
2022-03-18 14:00:00,957.0,13.2
2022-03-18 15:00:00,928.0,14.6
2022-03-18 16:00:00,948.0,15.7
2022-03-18 17:00:00,1037.0,15.5
2022-03-18 18:00:00,996.0,15.2
2022-03-18 19:00:00,1046.0,14.6
2022-03-18 20:00:00,1054.0,13.6
2022-03-18 21:00:00,994.0,13.2
2022-03-18 22:00:00,905.0,13.0
2022-03-18 23:00:00,858.0,12.6
2022-03-19 00:00:00,871.0,12.6
2022-03-19 01:00:00,804.0,12.2
2022-03-19 02:00:00,747.0,11.7
2022-03-19 03:00:00,727.0,11.8
2022-03-19 04:00:00,714.0,11.6
2022-03-19 05:00:00,707.0,11.4
2022-03-19 06:00:00,751.0,11.4
2022-03-19 07:00:00,935.0,11.1
2022-03-19 08:00:00,1070.0,12.7
2022-03-19 09:00:00,1084.0,14.0
2022-03-19 10:00:00,1080.0,15.6
2022-03-19 11:00:00,1086.0,16.6
2022-03-19 12:00:00,970.0,17.4
2022-03-19 13:00:00,955.0,17.6
2022-03-19 14:00:00,969.0,16.8
2022-03-19 15:00:00,958.0,15.9
2022-03-19 16:00:00,978.0,15.6
2022-03-19 17:00:00,1105.0,15.1
2022-03-19 18:00:00,1052.0,14.5
2022-03-19 19:00:00,1075.0,13.9
2022-03-19 20:00:00,1030.0,13.1
2022-03-19 21:00:00,949.0,12.1
2022-03-19 22:00:00,863.0,11.6
2022-03-19 23:00:00,832.0,11.1
2022-03-20 00:00:00,826.0,10.4
2022-03-20 01:00:00,781.0,9.7
2022-03-20 02:00:00,722.0,9.3
2022-03-20 03:00:00,708.0,9.1
2022-03-20 04:00:00,693.0,8.2
2022-03-20 05:00:00,703.0,7.8
2022-03-20 06:00:00,733.0,7.5
2022-03-20 07:00:00,845.0,7.5
2022-03-20 08:00:00,1056.0,7.5
2022-03-20 09:00:00,1183.0,7.5
2022-03-20 10:00:00,1205.0,7.5
2022-03-20 11:00:00,1240.0,7.3
2022-03-20 12:00:00,1164.0,7.3
2022-03-20 13:00:00,1138.0,7.2
2022-03-20 14:00:00,1130.0,7.1
2022-03-20 15:00:00,1136.0,7.0
2022-03-20 16:00:00,1163.0,7.0
2022-03-20 17:00:00,1255.0,6.9
2022-03-20 18:00:00,1207.0,6.9
2022-03-20 19:00:00,1201.0,6.7
2022-03-20 20:00:00,1162.0,6.6
2022-03-20 21:00:00,1046.0,6.6
2022-03-20 22:00:00,908.0,6.6
2022-03-20 23:00:00,848.0,6.6
2022-03-21 00:00:00,846.0,6.5
2022-03-21 01:00:00,799.0,6.4
2022-03-21 02:00:00,765.0,6.3
2022-03-21 03:00:00,729.0,6.2
2022-03-21 04:00:00,707.0,6.3
2022-03-21 05:00:00,726.0,6.3
2022-03-21 06:00:00,770.0,6.3
2022-03-21 07:00:00,977.0,6.3
2022-03-21 08:00:00,1138.0,6.6
2022-03-21 09:00:00,1283.0,6.7
2022-03-21 10:00:00,1304.0,6.7
2022-03-21 11:00:00,1346.0,6.9
2022-03-21 12:00:00,1236.0,6.9
2022-03-21 13:00:00,1234.0,7.0
2022-03-21 14:00:00,1217.0,7.0
2022-03-21 15:00:00,1228.0,7.1
2022-03-21 16:00:00,1236.0,7.0
2022-03-21 17:00:00,1298.0,6.9
2022-03-21 18:00:00,1274.0,7.0
2022-03-21 19:00:00,1277.0,7.1
2022-03-21 20:00:00,1218.0,7.2
2022-03-21 21:00:00,1109.0,7.3
2022-03-21 22:00:00,973.0,7.5
2022-03-21 23:00:00,917.0,7.6
2022-03-22 00:00:00,894.0,7.4
2022-03-22 01:00:00,851.0,7.5
2022-03-22 02:00:00,808.0,7.6
2022-03-22 03:00:00,777.0,7.6
2022-03-22 04:00:00,747.0,7.4
2022-03-22 05:00:00,771.0,7.3
2022-03-22 06:00:00,817.0,7.3
2022-03-22 07:00:00,984.0,7.4
2022-03-22 08:00:00,1174.0,7.4
2022-03-22 09:00:00,1328.0,7.5
2022-03-22 10:00:00,1322.0,7.7
2022-03-22 11:00:00,1327.0,7.8
2022-03-22 12:00:00,1230.0,7.9
2022-03-22 13:00:00,1226.0,7.9
2022-03-22 14:00:00,1192.0,7.9
2022-03-22 15:00:00,1187.0,8.3
2022-03-22 16:00:00,1223.0,8.1
2022-03-22 17:00:00,1283.0,7.9
2022-03-22 18:00:00,1227.0,7.9
2022-03-22 19:00:00,1234.0,8.0
2022-03-22 20:00:00,1226.0,8.0
2022-03-22 21:00:00,1148.0,8.0
2022-03-22 22:00:00,993.0,7.9
2022-03-22 23:00:00,892.0,7.9
2022-03-23 00:00:00,882.0,7.8
2022-03-23 01:00:00,808.0,7.5
2022-03-23 02:00:00,761.0,7.5
2022-03-23 03:00:00,727.0,7.4
2022-03-23 04:00:00,716.0,7.3
2022-03-23 05:00:00,722.0,7.2
2022-03-23 06:00:00,783.0,7.2
2022-03-23 07:00:00,1016.0,7.3
2022-03-23 08:00:00,1158.0,7.6
2022-03-23 09:00:00,1252.0,8.3
2022-03-23 10:00:00,1229.0,8.8
2022-03-23 11:00:00,1251.0,9.5
2022-03-23 12:00:00,1136.0,10.6
2022-03-23 13:00:00,1121.0,10.5
2022-03-23 14:00:00,1095.0,11.7
2022-03-23 15:00:00,1069.0,12.4
2022-03-23 16:00:00,1065.0,12.3
2022-03-23 17:00:00,1161.0,12.0
2022-03-23 18:00:00,1121.0,11.7
2022-03-23 19:00:00,1174.0,10.7
2022-03-23 20:00:00,1243.0,10.2
2022-03-23 21:00:00,1189.0,9.9
2022-03-23 22:00:00,1023.0,9.9
2022-03-23 23:00:00,905.0,9.4
2022-03-24 00:00:00,905.0,9.2
2022-03-24 01:00:00,809.0,9.0
2022-03-24 02:00:00,784.0,9.0
2022-03-24 03:00:00,746.0,8.2
2022-03-24 04:00:00,735.0,8.3
2022-03-24 05:00:00,711.0,8.6
2022-03-24 06:00:00,783.0,8.4
2022-03-24 07:00:00,1025.0,9.2
2022-03-24 08:00:00,1145.0,10.1
2022-03-24 09:00:00,1206.0,10.7
2022-03-24 10:00:00,1203.0,11.8
2022-03-24 11:00:00,1204.0,12.3
2022-03-24 12:00:00,1126.0,13.4
2022-03-24 13:00:00,1121.0,12.9
2022-03-24 14:00:00,1134.0,12.0
2022-03-24 15:00:00,1123.0,12.6
2022-03-24 16:00:00,1134.0,13.1
2022-03-24 17:00:00,1239.0,13.0
2022-03-24 18:00:00,1173.0,12.9
2022-03-24 19:00:00,1192.0,12.9
2022-03-24 20:00:00,1178.0,13.1
2022-03-24 21:00:00,1106.0,13.1
2022-03-24 22:00:00,961.0,13.2
2022-03-24 23:00:00,871.0,13.0
2022-03-25 00:00:00,881.0,13.0
2022-03-25 01:00:00,801.0,13.2
2022-03-25 02:00:00,756.0,13.3
2022-03-25 03:00:00,733.0,13.5
2022-03-25 04:00:00,716.0,13.3
2022-03-25 05:00:00,719.0,13.0
2022-03-25 06:00:00,761.0,13.0
2022-03-25 07:00:00,990.0,13.1
2022-03-25 08:00:00,1108.0,12.8
2022-03-25 09:00:00,1177.0,13.2
2022-03-25 10:00:00,1205.0,13.8
2022-03-25 11:00:00,1232.0,13.6
2022-03-25 12:00:00,1144.0,13.2
2022-03-25 13:00:00,1125.0,12.8
2022-03-25 14:00:00,1125.0,12.8
2022-03-25 15:00:00,1135.0,12.6
2022-03-25 16:00:00,1161.0,12.4
2022-03-25 17:00:00,1209.0,12.6
2022-03-25 18:00:00,1149.0,12.6
2022-03-25 19:00:00,1177.0,12.7
2022-03-25 20:00:00,1155.0,12.7
2022-03-25 21:00:00,1053.0,12.8
2022-03-25 22:00:00,952.0,13.0
2022-03-25 23:00:00,901.0,13.1
2022-03-26 00:00:00,890.0,13.2
2022-03-26 01:00:00,852.0,13.2
2022-03-26 02:00:00,762.0,13.0
2022-03-26 03:00:00,723.0,12.8
2022-03-26 04:00:00,738.0,12.7
2022-03-26 05:00:00,733.0,12.3
2022-03-26 06:00:00,768.0,12.2
2022-03-26 07:00:00,886.0,12.1
2022-03-26 08:00:00,1098.0,12.1
2022-03-26 09:00:00,1182.0,12.2
2022-03-26 10:00:00,1203.0,12.5
2022-03-26 11:00:00,1235.0,12.5
2022-03-26 12:00:00,1125.0,12.2
2022-03-26 13:00:00,1094.0,12.4
2022-03-26 14:00:00,1056.0,12.9
2022-03-26 15:00:00,1047.0,13.4
2022-03-26 16:00:00,1073.0,13.5
2022-03-26 17:00:00,1139.0,13.1
2022-03-26 18:00:00,1080.0,13.1
2022-03-26 19:00:00,1072.0,12.9
2022-03-26 20:00:00,1125.0,12.6
2022-03-26 21:00:00,1048.0,12.5
2022-03-26 22:00:00,959.0,12.4
2022-03-26 23:00:00,867.0,12.3
2022-03-27 00:00:00,842.0,12.3
2022-03-27 01:00:00,785.0,12.3
2022-03-27 02:00:00,735.0,12.0
2022-03-27 03:00:00,714.0,11.9
2022-03-27 04:00:00,682.0,11.5
2022-03-27 05:00:00,706.0,11.1
2022-03-27 06:00:00,722.0,10.8
2022-03-27 07:00:00,901.0,11.0
2022-03-27 08:00:00,1046.0,11.4
2022-03-27 09:00:00,1126.0,12.7
2022-03-27 10:00:00,1129.0,13.0
2022-03-27 11:00:00,1134.0,14.6
2022-03-27 12:00:00,1025.0,16.3
2022-03-27 13:00:00,997.0,16.3
2022-03-27 14:00:00,965.0,16.5
2022-03-27 15:00:00,968.0,17.0
2022-03-27 16:00:00,995.0,16.8
2022-03-27 17:00:00,1079.0,17.0
2022-03-27 18:00:00,1068.0,16.2
2022-03-27 19:00:00,1066.0,15.0
2022-03-27 20:00:00,1125.0,14.0
2022-03-27 21:00:00,1051.0,13.2
2022-03-27 22:00:00,893.0,12.1
2022-03-27 23:00:00,810.0,11.4
2022-03-28 00:00:00,814.0,10.6
2022-03-28 01:00:00,750.0,9.9
2022-03-28 02:00:00,723.0,9.5
2022-03-28 03:00:00,685.0,9.1
2022-03-28 04:00:00,663.0,8.7
2022-03-28 05:00:00,690.0,8.2
2022-03-28 06:00:00,777.0,8.3
2022-03-28 07:00:00,1051.0,8.2
2022-03-28 08:00:00,1137.0,10.4
2022-03-28 09:00:00,1141.0,13.5
2022-03-28 10:00:00,1116.0,16.8
2022-03-28 11:00:00,1095.0,18.4
2022-03-28 12:00:00,950.0,19.4
2022-03-28 13:00:00,915.0,20.0
2022-03-28 14:00:00,906.0,21.0
2022-03-28 15:00:00,913.0,21.5
2022-03-28 16:00:00,941.0,21.3
2022-03-28 17:00:00,1027.0,21.7
2022-03-28 18:00:00,1028.0,20.8
2022-03-28 19:00:00,1050.0,18.8
2022-03-28 20:00:00,1112.0,16.9
2022-03-28 21:00:00,1041.0,16.3
2022-03-28 22:00:00,901.0,15.4
2022-03-28 23:00:00,826.0,16.6
2022-03-29 00:00:00,833.0,16.4
2022-03-29 01:00:00,777.0,15.8
2022-03-29 02:00:00,753.0,15.0
2022-03-29 03:00:00,713.0,14.4
2022-03-29 04:00:00,705.0,14.2
2022-03-29 05:00:00,706.0,13.7
2022-03-29 06:00:00,790.0,13.5
2022-03-29 07:00:00,1024.0,13.6
2022-03-29 08:00:00,1090.0,14.4
2022-03-29 09:00:00,1090.0,16.0
2022-03-29 10:00:00,1085.0,17.4
2022-03-29 11:00:00,1082.0,19.5
2022-03-29 12:00:00,931.0,20.3
2022-03-29 13:00:00,866.0,22.2
2022-03-29 14:00:00,876.0,22.9
2022-03-29 15:00:00,928.0,23.3
2022-03-29 16:00:00,976.0,22.9
2022-03-29 17:00:00,1079.0,21.2
2022-03-29 18:00:00,1014.0,18.9
2022-03-29 19:00:00,1032.0,18.0
2022-03-29 20:00:00,1054.0,17.2
2022-03-29 21:00:00,965.0,17.0
2022-03-29 22:00:00,835.0,16.9
2022-03-29 23:00:00,795.0,16.6
2022-03-30 00:00:00,806.0,16.6
2022-03-30 01:00:00,744.0,16.6
2022-03-30 02:00:00,703.0,16.5
2022-03-30 03:00:00,698.0,16.3
2022-03-30 04:00:00,677.0,16.3
2022-03-30 05:00:00,711.0,16.4
2022-03-30 06:00:00,759.0,16.4
2022-03-30 07:00:00,975.0,16.4
2022-03-30 08:00:00,1053.0,16.5
2022-03-30 09:00:00,1075.0,16.8
2022-03-30 10:00:00,1071.0,17.0
2022-03-30 11:00:00,1086.0,17.1
2022-03-30 12:00:00,975.0,17.2
2022-03-30 13:00:00,950.0,17.5
2022-03-30 14:00:00,937.0,17.4
2022-03-30 15:00:00,962.0,17.1
2022-03-30 16:00:00,987.0,17.2
2022-03-30 17:00:00,1077.0,17.1
2022-03-30 18:00:00,1007.0,17.1
2022-03-30 19:00:00,1031.0,17.1
2022-03-30 20:00:00,1014.0,17.0
2022-03-30 21:00:00,931.0,16.9
2022-03-30 22:00:00,819.0,16.6
2022-03-30 23:00:00,783.0,16.5
2022-03-31 00:00:00,806.0,16.2
2022-03-31 01:00:00,758.0,16.2
2022-03-31 02:00:00,703.0,16.2
2022-03-31 03:00:00,676.0,16.4
2022-03-31 04:00:00,671.0,16.0
2022-03-31 05:00:00,685.0,15.6
2022-03-31 06:00:00,732.0,15.5
2022-03-31 07:00:00,888.0,15.3
2022-03-31 08:00:00,1005.0,15.0
2022-03-31 09:00:00,1085.0,15.0
2022-03-31 10:00:00,1094.0,15.2
2022-03-31 11:00:00,1153.0,14.7
2022-03-31 12:00:00,1037.0,14.4
2022-03-31 13:00:00,999.0,14.0
2022-03-31 14:00:00,981.0,14.2
2022-03-31 15:00:00,978.0,14.0
2022-03-31 16:00:00,1012.0,14.5
2022-03-31 17:00:00,1106.0,14.8
2022-03-31 18:00:00,1017.0,14.9
2022-03-31 19:00:00,1032.0,14.7
2022-03-31 20:00:00,1044.0,14.0
2022-03-31 21:00:00,975.0,14.0
2022-03-31 22:00:00,877.0,14.1
2022-03-31 23:00:00,832.0,14.0
2022-04-01 00:00:00,825.0,13.7
2022-04-01 01:00:00,736.0,13.4
2022-04-01 02:00:00,751.0,13.1
2022-04-01 03:00:00,751.0,12.9
2022-04-01 04:00:00,762.0,12.9
2022-04-01 05:00:00,759.0,12.7
2022-04-01 06:00:00,843.0,12.7
2022-04-01 07:00:00,958.0,12.4
2022-04-01 08:00:00,966.0,12.3
2022-04-01 09:00:00,977.0,12.2
2022-04-01 10:00:00,1006.0,12.0
2022-04-01 11:00:00,1011.0,12.0
2022-04-01 12:00:00,931.0,12.6
2022-04-01 13:00:00,915.0,13.0
2022-04-01 14:00:00,914.0,13.3
2022-04-01 15:00:00,926.0,14.2
2022-04-01 16:00:00,961.0,14.1
2022-04-01 17:00:00,996.0,14.3
2022-04-01 18:00:00,915.0,13.9
2022-04-01 19:00:00,958.0,13.5
2022-04-01 20:00:00,999.0,13.4
2022-04-01 21:00:00,916.0,13.3
2022-04-01 22:00:00,824.0,13.2
2022-04-01 23:00:00,779.0,12.6
2022-04-02 00:00:00,827.0,12.2
2022-04-02 01:00:00,764.0,11.7
2022-04-02 02:00:00,725.0,11.5
2022-04-02 03:00:00,699.0,11.4
2022-04-02 04:00:00,705.0,11.7
2022-04-02 05:00:00,692.0,11.7
2022-04-02 06:00:00,760.0,11.4
2022-04-02 07:00:00,938.0,11.1
2022-04-02 08:00:00,1010.0,12.1
2022-04-02 09:00:00,1025.0,13.5
2022-04-02 10:00:00,1029.0,15.0
2022-04-02 11:00:00,1028.0,16.9
2022-04-02 12:00:00,880.0,18.1
2022-04-02 13:00:00,824.0,19.2
2022-04-02 14:00:00,832.0,19.9
2022-04-02 15:00:00,847.0,20.8
2022-04-02 16:00:00,883.0,21.1
2022-04-02 17:00:00,1014.0,20.3
2022-04-02 18:00:00,978.0,19.7
2022-04-02 19:00:00,1005.0,18.0
2022-04-02 20:00:00,1070.0,16.4
2022-04-02 21:00:00,1002.0,15.6
2022-04-02 22:00:00,912.0,13.6
2022-04-02 23:00:00,842.0,12.5
2022-04-03 00:00:00,809.0,11.7
2022-04-03 01:00:00,733.0,11.1
2022-04-03 02:00:00,686.0,11.0
2022-04-03 03:00:00,675.0,10.3
2022-04-03 04:00:00,658.0,10.0
2022-04-03 05:00:00,677.0,9.8
2022-04-03 06:00:00,739.0,9.3
2022-04-03 07:00:00,968.0,9.4
2022-04-03 08:00:00,1007.0,13.2
2022-04-03 09:00:00,1004.0,16.7
2022-04-03 10:00:00,978.0,19.4
2022-04-03 11:00:00,977.0,20.7
2022-04-03 12:00:00,826.0,21.8
2022-04-03 13:00:00,780.0,22.7
2022-04-03 14:00:00,791.0,23.2
2022-04-03 15:00:00,796.0,23.8
2022-04-03 16:00:00,832.0,23.7
2022-04-03 17:00:00,924.0,23.6
2022-04-03 18:00:00,898.0,23.1
2022-04-03 19:00:00,955.0,21.0
2022-04-03 20:00:00,1012.0,18.0
2022-04-03 21:00:00,951.0,17.2
2022-04-03 22:00:00,829.0,15.9
2022-04-03 23:00:00,770.0,16.9
2022-04-04 00:00:00,761.0,18.0
2022-04-04 01:00:00,702.0,17.8
2022-04-04 02:00:00,663.0,17.0
2022-04-04 03:00:00,637.0,16.3
2022-04-04 04:00:00,634.0,15.7
2022-04-04 05:00:00,634.0,16.4
2022-04-04 06:00:00,696.0,16.0
2022-04-04 07:00:00,888.0,16.1
2022-04-04 08:00:00,953.0,17.8
2022-04-04 09:00:00,955.0,19.2
2022-04-04 10:00:00,927.0,19.8
2022-04-04 11:00:00,932.0,20.9
2022-04-04 12:00:00,817.0,22.6
2022-04-04 13:00:00,775.0,23.3
2022-04-04 14:00:00,780.0,23.8
2022-04-04 15:00:00,808.0,23.3
2022-04-04 16:00:00,804.0,23.4
2022-04-04 17:00:00,915.0,22.5
2022-04-04 18:00:00,880.0,21.4
2022-04-04 19:00:00,930.0,20.4
2022-04-04 20:00:00,957.0,19.9
2022-04-04 21:00:00,879.0,19.5
2022-04-04 22:00:00,773.0,19.0
2022-04-04 23:00:00,731.0,18.7
2022-04-05 00:00:00,726.0,18.3
2022-04-05 01:00:00,660.0,18.1
2022-04-05 02:00:00,627.0,17.1
2022-04-05 03:00:00,584.0,16.9
2022-04-05 04:00:00,577.0,16.2
2022-04-05 05:00:00,603.0,15.5
2022-04-05 06:00:00,655.0,15.1
2022-04-05 07:00:00,851.0,14.7
2022-04-05 08:00:00,913.0,16.0
2022-04-05 09:00:00,903.0,16.4
2022-04-05 10:00:00,892.0,17.9
2022-04-05 11:00:00,851.0,19.0
2022-04-05 12:00:00,741.0,21.6
2022-04-05 13:00:00,699.0,21.7
2022-04-05 14:00:00,680.0,23.5
2022-04-05 15:00:00,685.0,23.7
2022-04-05 16:00:00,733.0,24.4
2022-04-05 17:00:00,864.0,23.8
2022-04-05 18:00:00,844.0,22.8
2022-04-05 19:00:00,896.0,21.4
2022-04-05 20:00:00,967.0,20.0
2022-04-05 21:00:00,891.0,18.5
2022-04-05 22:00:00,756.0,17.8
2022-04-05 23:00:00,695.0,17.0
2022-04-06 00:00:00,696.0,16.4
2022-04-06 01:00:00,613.0,16.2
2022-04-06 02:00:00,594.0,15.9
2022-04-06 03:00:00,587.0,15.5
2022-04-06 04:00:00,582.0,15.2
2022-04-06 05:00:00,589.0,14.8
2022-04-06 06:00:00,702.0,14.5
2022-04-06 07:00:00,910.0,14.7
2022-04-06 08:00:00,998.0,16.8
2022-04-06 09:00:00,1008.0,19.6
2022-04-06 10:00:00,1019.0,22.1
2022-04-06 11:00:00,994.0,23.9
2022-04-06 12:00:00,868.0,25.3
2022-04-06 13:00:00,820.0,25.9
2022-04-06 14:00:00,822.0,26.3
2022-04-06 15:00:00,833.0,26.8
2022-04-06 16:00:00,875.0,26.2
2022-04-06 17:00:00,968.0,25.8
2022-04-06 18:00:00,934.0,25.2
2022-04-06 19:00:00,996.0,23.8
2022-04-06 20:00:00,1018.0,22.0
2022-04-06 21:00:00,941.0,20.9
2022-04-06 22:00:00,813.0,19.7
2022-04-06 23:00:00,751.0,18.3
2022-04-07 00:00:00,773.0,17.5
2022-04-07 01:00:00,711.0,16.8
2022-04-07 02:00:00,691.0,16.0
2022-04-07 03:00:00,662.0,15.3
2022-04-07 04:00:00,656.0,15.3
2022-04-07 05:00:00,676.0,14.6
2022-04-07 06:00:00,744.0,14.1
2022-04-07 07:00:00,973.0,14.6
2022-04-07 08:00:00,1014.0,18.6
2022-04-07 09:00:00,1022.0,21.7
2022-04-07 10:00:00,1013.0,24.3
2022-04-07 11:00:00,982.0,27.5
2022-04-07 12:00:00,842.0,28.4
2022-04-07 13:00:00,816.0,29.5
2022-04-07 14:00:00,825.0,30.4
2022-04-07 15:00:00,844.0,30.4
2022-04-07 16:00:00,849.0,30.0
2022-04-07 17:00:00,959.0,29.7
2022-04-07 18:00:00,927.0,28.8
2022-04-07 19:00:00,978.0,26.3
2022-04-07 20:00:00,1038.0,23.5
2022-04-07 21:00:00,962.0,21.7
2022-04-07 22:00:00,827.0,21.6
2022-04-07 23:00:00,780.0,19.7
2022-04-08 00:00:00,787.0,18.9
2022-04-08 01:00:00,756.0,19.1
2022-04-08 02:00:00,713.0,17.6
2022-04-08 03:00:00,686.0,20.8
2022-04-08 04:00:00,678.0,18.3
2022-04-08 05:00:00,694.0,16.7
2022-04-08 06:00:00,792.0,15.9
2022-04-08 07:00:00,996.0,16.2
2022-04-08 08:00:00,1018.0,20.4
2022-04-08 09:00:00,1003.0,24.0
2022-04-08 10:00:00,1024.0,25.9
2022-04-08 11:00:00,1037.0,29.4
2022-04-08 12:00:00,901.0,30.5
2022-04-08 13:00:00,840.0,31.0
2022-04-08 14:00:00,871.0,31.7
2022-04-08 15:00:00,877.0,31.6
2022-04-08 16:00:00,886.0,31.4
2022-04-08 17:00:00,959.0,31.1
2022-04-08 18:00:00,944.0,29.9
2022-04-08 19:00:00,985.0,27.7
2022-04-08 20:00:00,1021.0,26.4
2022-04-08 21:00:00,943.0,26.2
2022-04-08 22:00:00,841.0,26.2
2022-04-08 23:00:00,801.0,25.6
2022-04-09 00:00:00,801.0,24.1
2022-04-09 01:00:00,749.0,22.5
2022-04-09 02:00:00,708.0,21.1
2022-04-09 03:00:00,694.0,19.5
2022-04-09 04:00:00,671.0,18.5
2022-04-09 05:00:00,686.0,17.4
2022-04-09 06:00:00,745.0,17.6
2022-04-09 07:00:00,932.0,18.0
2022-04-09 08:00:00,1007.0,22.6
2022-04-09 09:00:00,1034.0,24.5
2022-04-09 10:00:00,1024.0,27.4
2022-04-09 11:00:00,1024.0,29.1
2022-04-09 12:00:00,896.0,30.5
2022-04-09 13:00:00,867.0,31.8
2022-04-09 14:00:00,852.0,32.6
2022-04-09 15:00:00,874.0,33.1
2022-04-09 16:00:00,910.0,33.0
2022-04-09 17:00:00,974.0,31.6
2022-04-09 18:00:00,931.0,30.7
2022-04-09 19:00:00,967.0,28.6
2022-04-09 20:00:00,1010.0,27.5
2022-04-09 21:00:00,924.0,27.8
2022-04-09 22:00:00,844.0,27.3
2022-04-09 23:00:00,794.0,25.5
2022-04-10 00:00:00,798.0,24.9
2022-04-10 01:00:00,733.0,24.8
2022-04-10 02:00:00,695.0,24.0
2022-04-10 03:00:00,688.0,23.8
2022-04-10 04:00:00,682.0,22.9
2022-04-10 05:00:00,683.0,22.4
2022-04-10 06:00:00,759.0,21.9
2022-04-10 07:00:00,918.0,21.9
2022-04-10 08:00:00,986.0,23.0
2022-04-10 09:00:00,1036.0,23.9
2022-04-10 10:00:00,1010.0,26.8
2022-04-10 11:00:00,1022.0,28.7
2022-04-10 12:00:00,899.0,30.6
2022-04-10 13:00:00,856.0,31.9
2022-04-10 14:00:00,885.0,32.1
2022-04-10 15:00:00,910.0,31.5
2022-04-10 16:00:00,905.0,31.3
2022-04-10 17:00:00,1005.0,31.2
2022-04-10 18:00:00,941.0,30.2
2022-04-10 19:00:00,961.0,28.8
2022-04-10 20:00:00,1037.0,28.0
2022-04-10 21:00:00,951.0,27.1
2022-04-10 22:00:00,840.0,26.8
2022-04-10 23:00:00,806.0,26.0
2022-04-11 00:00:00,794.0,25.6
2022-04-11 01:00:00,747.0,25.0
2022-04-11 02:00:00,707.0,24.7
2022-04-11 03:00:00,698.0,24.1
2022-04-11 04:00:00,678.0,23.5
2022-04-11 05:00:00,704.0,21.7
2022-04-11 06:00:00,815.0,21.1
2022-04-11 07:00:00,976.0,21.0
2022-04-11 08:00:00,1024.0,23.3
2022-04-11 09:00:00,1073.0,25.2
2022-04-11 10:00:00,1105.0,28.3
2022-04-11 11:00:00,1039.0,29.7
2022-04-11 12:00:00,915.0,31.2
2022-04-11 13:00:00,895.0,31.6
2022-04-11 14:00:00,908.0,32.6
2022-04-11 15:00:00,951.0,32.9
2022-04-11 16:00:00,978.0,33.0
2022-04-11 17:00:00,1032.0,32.3
2022-04-11 18:00:00,992.0,31.5
2022-04-11 19:00:00,999.0,30.1
2022-04-11 20:00:00,1065.0,29.1
2022-04-11 21:00:00,987.0,28.5
2022-04-11 22:00:00,879.0,27.8
2022-04-11 23:00:00,845.0,27.9
2022-04-12 00:00:00,853.0,25.4
2022-04-12 01:00:00,802.0,24.5
2022-04-12 02:00:00,767.0,23.5
2022-04-12 03:00:00,764.0,23.1
2022-04-12 04:00:00,725.0,24.4
2022-04-12 05:00:00,747.0,24.4
2022-04-12 06:00:00,853.0,23.5
2022-04-12 07:00:00,1001.0,24.0
2022-04-12 08:00:00,1040.0,24.9
2022-04-12 09:00:00,1087.0,26.4
2022-04-12 10:00:00,1082.0,28.6
2022-04-12 11:00:00,1065.0,29.5
2022-04-12 12:00:00,947.0,30.6
2022-04-12 13:00:00,921.0,31.0
2022-04-12 14:00:00,943.0,30.5
2022-04-12 15:00:00,985.0,29.7
2022-04-12 16:00:00,962.0,20.6
2022-04-12 17:00:00,1025.0,19.3
2022-04-12 18:00:00,968.0,19.1
2022-04-12 19:00:00,986.0,18.6
2022-04-12 20:00:00,946.0,17.2
2022-04-12 21:00:00,851.0,16.6
2022-04-12 22:00:00,755.0,16.2
2022-04-12 23:00:00,748.0,16.2
2022-04-13 00:00:00,776.0,15.8
2022-04-13 01:00:00,734.0,15.6
2022-04-13 02:00:00,686.0,15.2
2022-04-13 03:00:00,680.0,15.2
2022-04-13 04:00:00,671.0,15.0
2022-04-13 05:00:00,685.0,14.9
2022-04-13 06:00:00,746.0,15.0
2022-04-13 07:00:00,917.0,15.0
2022-04-13 08:00:00,987.0,13.7
2022-04-13 09:00:00,999.0,14.7
2022-04-13 10:00:00,1015.0,15.8
2022-04-13 11:00:00,1015.0,16.4
2022-04-13 12:00:00,903.0,16.3
2022-04-13 13:00:00,852.0,16.9
2022-04-13 14:00:00,855.0,17.6
2022-04-13 15:00:00,825.0,18.2
2022-04-13 16:00:00,852.0,18.2
2022-04-13 17:00:00,931.0,18.1
2022-04-13 18:00:00,867.0,18.3
2022-04-13 19:00:00,852.0,18.2
2022-04-13 20:00:00,870.0,18.1
2022-04-13 21:00:00,816.0,18.0
2022-04-13 22:00:00,729.0,17.8
2022-04-13 23:00:00,726.0,17.4
2022-04-14 00:00:00,742.0,17.3
2022-04-14 01:00:00,673.0,16.9
2022-04-14 02:00:00,645.0,15.9
2022-04-14 03:00:00,630.0,16.1
2022-04-14 04:00:00,623.0,16.6
2022-04-14 05:00:00,629.0,16.0
2022-04-14 06:00:00,733.0,15.8
2022-04-14 07:00:00,890.0,15.6
2022-04-14 08:00:00,958.0,15.9
2022-04-14 09:00:00,971.0,16.1
2022-04-14 10:00:00,991.0,16.6
2022-04-14 11:00:00,984.0,17.0
2022-04-14 12:00:00,831.0,18.3
2022-04-14 13:00:00,820.0,18.4
2022-04-14 14:00:00,819.0,17.7
2022-04-14 15:00:00,886.0,16.8
2022-04-14 16:00:00,956.0,15.6
2022-04-14 17:00:00,1055.0,14.5
2022-04-14 18:00:00,987.0,12.6
2022-04-14 19:00:00,986.0,12.8
2022-04-14 20:00:00,953.0,12.4
2022-04-14 21:00:00,859.0,12.1
2022-04-14 22:00:00,749.0,12.2
2022-04-14 23:00:00,748.0,12.1
2022-04-15 00:00:00,772.0,11.9
2022-04-15 01:00:00,716.0,11.3
2022-04-15 02:00:00,683.0,11.3
2022-04-15 03:00:00,681.0,11.5
2022-04-15 04:00:00,648.0,11.5
2022-04-15 05:00:00,678.0,11.7
2022-04-15 06:00:00,727.0,11.6
2022-04-15 07:00:00,913.0,11.6
2022-04-15 08:00:00,1005.0,11.7
2022-04-15 09:00:00,1078.0,11.8
2022-04-15 10:00:00,1070.0,11.9
2022-04-15 11:00:00,1124.0,11.9
2022-04-15 12:00:00,995.0,11.9
2022-04-15 13:00:00,970.0,11.9
2022-04-15 14:00:00,954.0,12.0
2022-04-15 15:00:00,964.0,11.8
2022-04-15 16:00:00,1015.0,11.9
2022-04-15 17:00:00,1107.0,12.0
2022-04-15 18:00:00,1058.0,11.5
2022-04-15 19:00:00,1016.0,11.1
2022-04-15 20:00:00,991.0,11.4
2022-04-15 21:00:00,910.0,11.7
2022-04-15 22:00:00,820.0,11.7
2022-04-15 23:00:00,806.0,11.8
2022-04-16 00:00:00,809.0,11.8
2022-04-16 01:00:00,731.0,11.9
2022-04-16 02:00:00,698.0,11.1
2022-04-16 03:00:00,670.0,11.1
2022-04-16 04:00:00,658.0,10.7
2022-04-16 05:00:00,662.0,10.6
2022-04-16 06:00:00,700.0,10.9
2022-04-16 07:00:00,835.0,10.8
2022-04-16 08:00:00,996.0,10.6
2022-04-16 09:00:00,1102.0,10.6
2022-04-16 10:00:00,1141.0,10.6
2022-04-16 11:00:00,1134.0,10.8
2022-04-16 12:00:00,1022.0,10.8
2022-04-16 13:00:00,997.0,10.9
2022-04-16 14:00:00,989.0,11.0
2022-04-16 15:00:00,983.0,11.2
2022-04-16 16:00:00,1023.0,11.4
2022-04-16 17:00:00,1087.0,11.4
2022-04-16 18:00:00,982.0,11.7
2022-04-16 19:00:00,965.0,11.7
2022-04-16 20:00:00,1025.0,11.8
2022-04-16 21:00:00,952.0,11.7
2022-04-16 22:00:00,838.0,11.7
2022-04-16 23:00:00,838.0,11.7
2022-04-17 00:00:00,792.0,11.5
2022-04-17 01:00:00,726.0,11.4
2022-04-17 02:00:00,685.0,11.5
2022-04-17 03:00:00,664.0,11.4
2022-04-17 04:00:00,639.0,11.3
2022-04-17 05:00:00,661.0,11.3
2022-04-17 06:00:00,693.0,11.1
2022-04-17 07:00:00,851.0,11.4
2022-04-17 08:00:00,985.0,11.4
2022-04-17 09:00:00,1055.0,11.4
2022-04-17 10:00:00,1102.0,11.4
2022-04-17 11:00:00,1121.0,11.5
2022-04-17 12:00:00,998.0,11.7
2022-04-17 13:00:00,963.0,11.9
2022-04-17 14:00:00,946.0,12.4
2022-04-17 15:00:00,958.0,12.7
2022-04-17 16:00:00,990.0,12.9
2022-04-17 17:00:00,1059.0,13.1
2022-04-17 18:00:00,1002.0,13.2
2022-04-17 19:00:00,997.0,12.8
2022-04-17 20:00:00,1060.0,12.6
2022-04-17 21:00:00,979.0,12.6
2022-04-17 22:00:00,841.0,12.5
2022-04-17 23:00:00,773.0,12.3
2022-04-18 00:00:00,783.0,12.0
2022-04-18 01:00:00,715.0,11.7
2022-04-18 02:00:00,671.0,11.2
2022-04-18 03:00:00,652.0,11.6
2022-04-18 04:00:00,640.0,11.7
2022-04-18 05:00:00,657.0,11.7
2022-04-18 06:00:00,760.0,11.5
2022-04-18 07:00:00,972.0,11.7
2022-04-18 08:00:00,1041.0,12.3
2022-04-18 09:00:00,1017.0,13.9
2022-04-18 10:00:00,1017.0,16.8
2022-04-18 11:00:00,1004.0,18.4
2022-04-18 12:00:00,880.0,19.2
2022-04-18 13:00:00,851.0,20.3
2022-04-18 14:00:00,836.0,20.8
2022-04-18 15:00:00,869.0,21.3
2022-04-18 16:00:00,892.0,21.4
2022-04-18 17:00:00,985.0,21.1
2022-04-18 18:00:00,957.0,20.4
2022-04-18 19:00:00,975.0,18.5
2022-04-18 20:00:00,1068.0,15.9
2022-04-18 21:00:00,1003.0,14.6
2022-04-18 22:00:00,880.0,13.8
2022-04-18 23:00:00,842.0,13.5
2022-04-19 00:00:00,840.0,13.2
2022-04-19 01:00:00,776.0,13.2
2022-04-19 02:00:00,705.0,13.2
2022-04-19 03:00:00,688.0,13.4
2022-04-19 04:00:00,678.0,13.6
2022-04-19 05:00:00,692.0,13.7
2022-04-19 06:00:00,800.0,13.6
2022-04-19 07:00:00,985.0,13.8
2022-04-19 08:00:00,1008.0,15.2
2022-04-19 09:00:00,1012.0,18.0
2022-04-19 10:00:00,1023.0,20.4
2022-04-19 11:00:00,999.0,20.9
2022-04-19 12:00:00,849.0,22.2
2022-04-19 13:00:00,827.0,22.9
2022-04-19 14:00:00,823.0,23.6
2022-04-19 15:00:00,859.0,23.8
2022-04-19 16:00:00,877.0,24.1
2022-04-19 17:00:00,983.0,24.0
2022-04-19 18:00:00,938.0,23.3
2022-04-19 19:00:00,960.0,21.8
2022-04-19 20:00:00,1049.0,19.0
2022-04-19 21:00:00,985.0,17.6
2022-04-19 22:00:00,877.0,16.8
2022-04-19 23:00:00,820.0,16.4
2022-04-20 00:00:00,796.0,15.9
2022-04-20 01:00:00,753.0,15.3
2022-04-20 02:00:00,713.0,14.7
2022-04-20 03:00:00,692.0,14.0
2022-04-20 04:00:00,678.0,13.6
2022-04-20 05:00:00,711.0,13.3
2022-04-20 06:00:00,820.0,13.0
2022-04-20 07:00:00,1003.0,14.6
2022-04-20 08:00:00,1021.0,17.4
2022-04-20 09:00:00,1038.0,21.0
2022-04-20 10:00:00,1046.0,22.7
2022-04-20 11:00:00,1030.0,23.2
2022-04-20 12:00:00,929.0,23.2
2022-04-20 13:00:00,883.0,23.1
2022-04-20 14:00:00,861.0,22.6
2022-04-20 15:00:00,871.0,22.5
2022-04-20 16:00:00,872.0,24.1
2022-04-20 17:00:00,973.0,24.1
2022-04-20 18:00:00,946.0,23.8
2022-04-20 19:00:00,970.0,22.5
2022-04-20 20:00:00,1034.0,18.6
2022-04-20 21:00:00,946.0,18.0
2022-04-20 22:00:00,858.0,18.2
2022-04-20 23:00:00,790.0,18.4
2022-04-21 00:00:00,803.0,18.9
2022-04-21 01:00:00,744.0,18.4
2022-04-21 02:00:00,708.0,18.3
2022-04-21 03:00:00,677.0,17.9
2022-04-21 04:00:00,692.0,16.9
2022-04-21 05:00:00,684.0,15.5
2022-04-21 06:00:00,842.0,14.5
2022-04-21 07:00:00,1003.0,15.1
2022-04-21 08:00:00,1019.0,19.5
2022-04-21 09:00:00,1039.0,22.5
2022-04-21 10:00:00,1017.0,24.3
2022-04-21 11:00:00,996.0,26.9
2022-04-21 12:00:00,888.0,28.2
2022-04-21 13:00:00,840.0,28.9
2022-04-21 14:00:00,855.0,29.9
2022-04-21 15:00:00,879.0,29.7
2022-04-21 16:00:00,901.0,29.4
2022-04-21 17:00:00,1001.0,28.4
2022-04-21 18:00:00,955.0,27.5
2022-04-21 19:00:00,946.0,26.2
2022-04-21 20:00:00,1032.0,25.5
2022-04-21 21:00:00,961.0,24.4
2022-04-21 22:00:00,875.0,22.5
2022-04-21 23:00:00,819.0,21.3
2022-04-22 00:00:00,810.0,20.9
2022-04-22 01:00:00,752.0,20.8
2022-04-22 02:00:00,710.0,20.9
2022-04-22 03:00:00,691.0,22.5
2022-04-22 04:00:00,664.0,22.8
2022-04-22 05:00:00,695.0,22.3
2022-04-22 06:00:00,796.0,22.6
2022-04-22 07:00:00,954.0,23.0
2022-04-22 08:00:00,969.0,24.0
2022-04-22 09:00:00,1014.0,24.2
2022-04-22 10:00:00,1033.0,24.6
2022-04-22 11:00:00,1063.0,23.2
2022-04-22 12:00:00,919.0,22.3
2022-04-22 13:00:00,881.0,21.8
2022-04-22 14:00:00,885.0,21.7
2022-04-22 15:00:00,898.0,22.1
2022-04-22 16:00:00,915.0,23.0
2022-04-22 17:00:00,1016.0,23.0
2022-04-22 18:00:00,952.0,22.9
2022-04-22 19:00:00,952.0,22.3
2022-04-22 20:00:00,962.0,22.1
2022-04-22 21:00:00,891.0,21.7
2022-04-22 22:00:00,807.0,21.3
2022-04-22 23:00:00,791.0,21.3
2022-04-23 00:00:00,808.0,20.9
2022-04-23 01:00:00,763.0,20.5
2022-04-23 02:00:00,718.0,20.4
2022-04-23 03:00:00,706.0,20.2
2022-04-23 04:00:00,712.0,20.4
2022-04-23 05:00:00,725.0,20.7
2022-04-23 06:00:00,812.0,20.6
2022-04-23 07:00:00,948.0,20.8
2022-04-23 08:00:00,1025.0,21.1
2022-04-23 09:00:00,1066.0,21.8
2022-04-23 10:00:00,1060.0,21.8
2022-04-23 11:00:00,1056.0,23.0
2022-04-23 12:00:00,911.0,25.4
2022-04-23 13:00:00,882.0,26.0
2022-04-23 14:00:00,894.0,25.4
2022-04-23 15:00:00,895.0,26.8
2022-04-23 16:00:00,925.0,27.0
2022-04-23 17:00:00,1033.0,27.1
2022-04-23 18:00:00,969.0,26.2
2022-04-23 19:00:00,964.0,25.0
2022-04-23 20:00:00,1036.0,23.3
2022-04-23 21:00:00,953.0,22.4
2022-04-23 22:00:00,850.0,21.9
2022-04-23 23:00:00,809.0,21.6
2022-04-24 00:00:00,817.0,21.5
2022-04-24 01:00:00,751.0,22.0
2022-04-24 02:00:00,728.0,21.4
2022-04-24 03:00:00,689.0,20.8
2022-04-24 04:00:00,703.0,20.4
2022-04-24 05:00:00,715.0,21.5
2022-04-24 06:00:00,808.0,21.9
2022-04-24 07:00:00,967.0,22.6
2022-04-24 08:00:00,1017.0,23.9
2022-04-24 09:00:00,1028.0,25.7
2022-04-24 10:00:00,1034.0,27.2
2022-04-24 11:00:00,1019.0,28.7
2022-04-24 12:00:00,924.0,30.0
2022-04-24 13:00:00,897.0,30.2
2022-04-24 14:00:00,913.0,30.6
2022-04-24 15:00:00,932.0,31.1
2022-04-24 16:00:00,975.0,31.0
2022-04-24 17:00:00,1041.0,28.8
2022-04-24 18:00:00,974.0,28.8
2022-04-24 19:00:00,969.0,27.8
2022-04-24 20:00:00,1030.0,27.4
2022-04-24 21:00:00,938.0,26.6
2022-04-24 22:00:00,829.0,25.6
2022-04-24 23:00:00,813.0,25.2
2022-04-25 00:00:00,814.0,25.2
2022-04-25 01:00:00,763.0,24.9
2022-04-25 02:00:00,729.0,24.7
2022-04-25 03:00:00,703.0,24.9
2022-04-25 04:00:00,714.0,25.0
2022-04-25 05:00:00,701.0,25.3
2022-04-25 06:00:00,812.0,24.8
2022-04-25 07:00:00,961.0,24.7
2022-04-25 08:00:00,991.0,26.5
2022-04-25 09:00:00,1062.0,26.9
2022-04-25 10:00:00,1089.0,27.9
2022-04-25 11:00:00,1101.0,27.5
2022-04-25 12:00:00,935.0,28.5
2022-04-25 13:00:00,934.0,28.2
2022-04-25 14:00:00,941.0,28.1
2022-04-25 15:00:00,927.0,28.6
2022-04-25 16:00:00,973.0,29.3
2022-04-25 17:00:00,1059.0,28.8
2022-04-25 18:00:00,1003.0,27.5
2022-04-25 19:00:00,1014.0,26.7
2022-04-25 20:00:00,1036.0,23.9
2022-04-25 21:00:00,938.0,23.9
2022-04-25 22:00:00,834.0,23.6
2022-04-25 23:00:00,821.0,23.5
2022-04-26 00:00:00,812.0,23.5
2022-04-26 01:00:00,783.0,23.4
2022-04-26 02:00:00,747.0,22.8
2022-04-26 03:00:00,708.0,22.6
2022-04-26 04:00:00,713.0,22.6
2022-04-26 05:00:00,731.0,22.6
2022-04-26 06:00:00,864.0,22.3
2022-04-26 07:00:00,994.0,22.6
2022-04-26 08:00:00,1027.0,23.3
2022-04-26 09:00:00,1032.0,24.2
2022-04-26 10:00:00,1077.0,25.0
2022-04-26 11:00:00,1065.0,26.0
2022-04-26 12:00:00,943.0,26.8
2022-04-26 13:00:00,932.0,27.8
2022-04-26 14:00:00,935.0,28.6
2022-04-26 15:00:00,938.0,28.8
2022-04-26 16:00:00,967.0,28.8
2022-04-26 17:00:00,1052.0,27.8
2022-04-26 18:00:00,1009.0,27.4
2022-04-26 19:00:00,986.0,26.8
2022-04-26 20:00:00,1042.0,26.4
2022-04-26 21:00:00,950.0,25.7
2022-04-26 22:00:00,851.0,24.6
2022-04-26 23:00:00,831.0,24.0
2022-04-27 00:00:00,865.0,23.4
2022-04-27 01:00:00,799.0,23.3
2022-04-27 02:00:00,760.0,23.4
2022-04-27 03:00:00,736.0,23.3
2022-04-27 04:00:00,749.0,22.8
2022-04-27 05:00:00,735.0,22.4
2022-04-27 06:00:00,881.0,22.1
2022-04-27 07:00:00,980.0,22.9
2022-04-27 08:00:00,1038.0,23.1
2022-04-27 09:00:00,1060.0,24.2
2022-04-27 10:00:00,1054.0,26.2
2022-04-27 11:00:00,1069.0,27.8
2022-04-27 12:00:00,953.0,27.5
2022-04-27 13:00:00,938.0,27.5
2022-04-27 14:00:00,928.0,27.8
2022-04-27 15:00:00,966.0,28.4
2022-04-27 16:00:00,1005.0,27.8
2022-04-27 17:00:00,1063.0,27.8
2022-04-27 18:00:00,992.0,27.0
2022-04-27 19:00:00,1020.0,26.2
2022-04-27 20:00:00,1044.0,25.9
2022-04-27 21:00:00,951.0,25.1
2022-04-27 22:00:00,853.0,24.4
2022-04-27 23:00:00,848.0,24.0
2022-04-28 00:00:00,859.0,23.9
2022-04-28 01:00:00,795.0,23.9
2022-04-28 02:00:00,743.0,23.8
2022-04-28 03:00:00,747.0,23.7
2022-04-28 04:00:00,715.0,23.6
2022-04-28 05:00:00,732.0,23.5
2022-04-28 06:00:00,842.0,23.4
2022-04-28 07:00:00,982.0,23.5
2022-04-28 08:00:00,1040.0,23.7
2022-04-28 09:00:00,1076.0,23.9
2022-04-28 10:00:00,1072.0,24.2
2022-04-28 11:00:00,1079.0,24.4
2022-04-28 12:00:00,948.0,25.1
2022-04-28 13:00:00,910.0,26.3
2022-04-28 14:00:00,882.0,17.4
2022-04-28 15:00:00,905.0,16.4
2022-04-28 16:00:00,931.0,15.9
2022-04-28 17:00:00,1012.0,15.6
2022-04-28 18:00:00,977.0,15.5
2022-04-28 19:00:00,946.0,14.6
2022-04-28 20:00:00,931.0,14.2
2022-04-28 21:00:00,864.0,14.5
2022-04-28 22:00:00,780.0,14.5
2022-04-28 23:00:00,776.0,13.9
2022-04-29 00:00:00,788.0,13.4
2022-04-29 01:00:00,743.0,13.1
2022-04-29 02:00:00,707.0,12.8
2022-04-29 03:00:00,672.0,12.9
2022-04-29 04:00:00,680.0,12.6
2022-04-29 05:00:00,689.0,12.5
2022-04-29 06:00:00,780.0,12.5
2022-04-29 07:00:00,950.0,12.4
2022-04-29 08:00:00,996.0,12.6
2022-04-29 09:00:00,1050.0,12.7
2022-04-29 10:00:00,1036.0,13.6
2022-04-29 11:00:00,1038.0,13.8
2022-04-29 12:00:00,904.0,14.0
2022-04-29 13:00:00,856.0,15.0
2022-04-29 14:00:00,841.0,15.5
2022-04-29 15:00:00,865.0,15.5
2022-04-29 16:00:00,908.0,15.5
2022-04-29 17:00:00,1004.0,15.4
2022-04-29 18:00:00,933.0,15.2
2022-04-29 19:00:00,930.0,15.0
2022-04-29 20:00:00,982.0,14.9
2022-04-29 21:00:00,922.0,14.6
2022-04-29 22:00:00,844.0,14.2
2022-04-29 23:00:00,829.0,14.1
2022-04-30 00:00:00,832.0,14.2
2022-04-30 01:00:00,755.0,14.3
2022-04-30 02:00:00,700.0,14.2
2022-04-30 03:00:00,685.0,14.2
2022-04-30 04:00:00,675.0,14.3
2022-04-30 05:00:00,683.0,14.2
2022-04-30 06:00:00,735.0,14.3
2022-04-30 07:00:00,852.0,14.5
2022-04-30 08:00:00,952.0,14.3
2022-04-30 09:00:00,1031.0,13.9
2022-04-30 10:00:00,1044.0,14.3
2022-04-30 11:00:00,1044.0,14.5
2022-04-30 12:00:00,938.0,14.5
2022-04-30 13:00:00,887.0,14.5
2022-04-30 14:00:00,855.0,14.7
2022-04-30 15:00:00,858.0,15.0
2022-04-30 16:00:00,885.0,15.2
2022-04-30 17:00:00,983.0,15.3
2022-04-30 18:00:00,897.0,15.3
2022-04-30 19:00:00,880.0,15.2
2022-04-30 20:00:00,926.0,15.2
2022-04-30 21:00:00,891.0,15.1
2022-04-30 22:00:00,832.0,15.1
2022-04-30 23:00:00,760.0,15.1
2022-05-01 00:00:00,759.0,15.2
2022-05-01 01:00:00,670.0,14.8
2022-05-01 02:00:00,625.0,14.4
2022-05-01 03:00:00,596.0,14.3
2022-05-01 04:00:00,595.0,14.1
2022-05-01 05:00:00,573.0,14.1
2022-05-01 06:00:00,670.0,14.5
2022-05-01 07:00:00,778.0,14.6
2022-05-01 08:00:00,856.0,14.7
2022-05-01 09:00:00,878.0,14.8
2022-05-01 10:00:00,874.0,15.5
2022-05-01 11:00:00,840.0,16.3
2022-05-01 12:00:00,733.0,17.5
2022-05-01 13:00:00,714.0,18.0
2022-05-01 14:00:00,675.0,18.2
2022-05-01 15:00:00,667.0,18.4
2022-05-01 16:00:00,689.0,19.5
2022-05-01 17:00:00,829.0,18.9
2022-05-01 18:00:00,799.0,18.4
2022-05-01 19:00:00,807.0,17.5
2022-05-01 20:00:00,917.0,16.3
2022-05-01 21:00:00,904.0,15.6
2022-05-01 22:00:00,782.0,14.2
2022-05-01 23:00:00,754.0,13.8
2022-05-02 00:00:00,713.0,13.8
2022-05-02 01:00:00,621.0,13.8
2022-05-02 02:00:00,563.0,13.9
2022-05-02 03:00:00,553.0,13.2
2022-05-02 04:00:00,536.0,13.0
2022-05-02 05:00:00,552.0,12.8
2022-05-02 06:00:00,663.0,12.6
2022-05-02 07:00:00,793.0,13.7
2022-05-02 08:00:00,872.0,15.5
2022-05-02 09:00:00,897.0,17.8
2022-05-02 10:00:00,872.0,20.0
2022-05-02 11:00:00,822.0,21.3
2022-05-02 12:00:00,711.0,22.8
2022-05-02 13:00:00,655.0,24.3
2022-05-02 14:00:00,664.0,24.8
2022-05-02 15:00:00,665.0,25.6
2022-05-02 16:00:00,697.0,25.3
2022-05-02 17:00:00,834.0,25.0
2022-05-02 18:00:00,822.0,24.4
2022-05-02 19:00:00,845.0,23.0
2022-05-02 20:00:00,955.0,19.7
2022-05-02 21:00:00,916.0,18.2
2022-05-02 22:00:00,800.0,17.5
2022-05-02 23:00:00,744.0,16.1
2022-05-03 00:00:00,719.0,15.6
2022-05-03 01:00:00,639.0,14.7
2022-05-03 02:00:00,595.0,14.0
2022-05-03 03:00:00,577.0,13.6
2022-05-03 04:00:00,574.0,13.4
2022-05-03 05:00:00,566.0,13.0
2022-05-03 06:00:00,711.0,12.9
2022-05-03 07:00:00,866.0,15.0
2022-05-03 08:00:00,892.0,18.8
2022-05-03 09:00:00,892.0,20.4
2022-05-03 10:00:00,889.0,22.8
2022-05-03 11:00:00,880.0,24.5
2022-05-03 12:00:00,774.0,26.0
2022-05-03 13:00:00,719.0,26.9
2022-05-03 14:00:00,713.0,27.3
2022-05-03 15:00:00,736.0,27.9
2022-05-03 16:00:00,768.0,27.9
2022-05-03 17:00:00,879.0,27.9
2022-05-03 18:00:00,850.0,27.5
2022-05-03 19:00:00,872.0,25.5
2022-05-03 20:00:00,997.0,21.7
2022-05-03 21:00:00,934.0,20.1
2022-05-03 22:00:00,813.0,18.8
2022-05-03 23:00:00,774.0,18.2
2022-05-04 00:00:00,746.0,19.3
2022-05-04 01:00:00,685.0,19.2
2022-05-04 02:00:00,649.0,17.5
2022-05-04 03:00:00,634.0,17.1
2022-05-04 04:00:00,615.0,16.5
2022-05-04 05:00:00,645.0,16.5
2022-05-04 06:00:00,761.0,15.8
2022-05-04 07:00:00,880.0,16.7
2022-05-04 08:00:00,907.0,19.5
2022-05-04 09:00:00,965.0,23.0
2022-05-04 10:00:00,931.0,25.8
2022-05-04 11:00:00,913.0,27.3
2022-05-04 12:00:00,790.0,28.3
2022-05-04 13:00:00,735.0,29.2
2022-05-04 14:00:00,768.0,29.8
2022-05-04 15:00:00,800.0,30.2
2022-05-04 16:00:00,840.0,29.7
2022-05-04 17:00:00,921.0,29.8
2022-05-04 18:00:00,898.0,29.2
2022-05-04 19:00:00,891.0,26.9
2022-05-04 20:00:00,1010.0,25.5
2022-05-04 21:00:00,944.0,23.8
2022-05-04 22:00:00,795.0,22.4
2022-05-04 23:00:00,762.0,21.1
2022-05-05 00:00:00,761.0,19.9
2022-05-05 01:00:00,710.0,22.7
2022-05-05 02:00:00,662.0,20.9
2022-05-05 03:00:00,635.0,18.8
2022-05-05 04:00:00,631.0,17.9
2022-05-05 05:00:00,657.0,17.2
2022-05-05 06:00:00,811.0,16.7
2022-05-05 07:00:00,925.0,18.4
2022-05-05 08:00:00,949.0,22.4
2022-05-05 09:00:00,980.0,25.2
2022-05-05 10:00:00,970.0,27.4
2022-05-05 11:00:00,958.0,28.7
2022-05-05 12:00:00,816.0,30.0
2022-05-05 13:00:00,757.0,31.0
2022-05-05 14:00:00,778.0,31.6
2022-05-05 15:00:00,805.0,31.8
2022-05-05 16:00:00,868.0,31.8
2022-05-05 17:00:00,950.0,31.3
2022-05-05 18:00:00,929.0,30.6
2022-05-05 19:00:00,924.0,28.7
2022-05-05 20:00:00,1052.0,26.4
2022-05-05 21:00:00,986.0,25.5
2022-05-05 22:00:00,850.0,25.6
2022-05-05 23:00:00,814.0,25.0
2022-05-06 00:00:00,816.0,24.7
2022-05-06 01:00:00,755.0,23.0
2022-05-06 02:00:00,727.0,22.8
2022-05-06 03:00:00,709.0,22.8
2022-05-06 04:00:00,703.0,22.7
2022-05-06 05:00:00,690.0,20.8
2022-05-06 06:00:00,858.0,19.6
2022-05-06 07:00:00,973.0,20.2
2022-05-06 08:00:00,983.0,24.6
2022-05-06 09:00:00,1011.0,27.0
2022-05-06 10:00:00,999.0,28.9
2022-05-06 11:00:00,1007.0,30.6
2022-05-06 12:00:00,870.0,32.0
2022-05-06 13:00:00,856.0,32.9
2022-05-06 14:00:00,858.0,33.1
2022-05-06 15:00:00,906.0,33.3
2022-05-06 16:00:00,929.0,33.1
2022-05-06 17:00:00,1026.0,32.6
2022-05-06 18:00:00,993.0,31.5
2022-05-06 19:00:00,994.0,30.5
2022-05-06 20:00:00,1099.0,29.5
2022-05-06 21:00:00,1024.0,28.8
2022-05-06 22:00:00,911.0,27.7
2022-05-06 23:00:00,850.0,26.7
2022-05-07 00:00:00,860.0,26.1
2022-05-07 01:00:00,811.0,25.3
2022-05-07 02:00:00,765.0,25.7
2022-05-07 03:00:00,751.0,25.1
2022-05-07 04:00:00,730.0,25.1
2022-05-07 05:00:00,741.0,24.9
2022-05-07 06:00:00,861.0,24.1
2022-05-07 07:00:00,984.0,24.1
2022-05-07 08:00:00,1030.0,24.0
2022-05-07 09:00:00,1070.0,24.8
2022-05-07 10:00:00,1067.0,24.8
2022-05-07 11:00:00,1051.0,24.9
2022-05-07 12:00:00,952.0,26.0
2022-05-07 13:00:00,915.0,26.0
2022-05-07 14:00:00,937.0,26.4
2022-05-07 15:00:00,944.0,27.1
2022-05-07 16:00:00,972.0,27.4
2022-05-07 17:00:00,1040.0,26.7
2022-05-07 18:00:00,998.0,25.9
2022-05-07 19:00:00,951.0,25.4
2022-05-07 20:00:00,1029.0,24.9
2022-05-07 21:00:00,954.0,24.5
2022-05-07 22:00:00,888.0,24.4
2022-05-07 23:00:00,859.0,23.7
2022-05-08 00:00:00,878.0,23.1
2022-05-08 01:00:00,818.0,23.0
2022-05-08 02:00:00,775.0,23.2
2022-05-08 03:00:00,757.0,22.9
2022-05-08 04:00:00,744.0,22.7
2022-05-08 05:00:00,747.0,22.4
2022-05-08 06:00:00,874.0,22.3
2022-05-08 07:00:00,947.0,21.9
2022-05-08 08:00:00,1000.0,21.8
2022-05-08 09:00:00,1043.0,22.3
2022-05-08 10:00:00,1064.0,22.7
2022-05-08 11:00:00,1061.0,22.8
2022-05-08 12:00:00,942.0,22.9
2022-05-08 13:00:00,888.0,22.7
2022-05-08 14:00:00,886.0,22.6
2022-05-08 15:00:00,921.0,22.7
2022-05-08 16:00:00,951.0,22.7
2022-05-08 17:00:00,1031.0,22.6
2022-05-08 18:00:00,952.0,22.8
2022-05-08 19:00:00,922.0,22.5
2022-05-08 20:00:00,974.0,22.4
2022-05-08 21:00:00,932.0,22.2
2022-05-08 22:00:00,822.0,22.1
2022-05-08 23:00:00,805.0,21.8
2022-05-09 00:00:00,819.0,21.6
2022-05-09 01:00:00,748.0,21.5
2022-05-09 02:00:00,729.0,21.4
2022-05-09 03:00:00,707.0,21.2
2022-05-09 04:00:00,695.0,20.9
2022-05-09 05:00:00,715.0,20.8
2022-05-09 06:00:00,830.0,20.9
2022-05-09 07:00:00,984.0,21.0
2022-05-09 08:00:00,1028.0,21.2
2022-05-09 09:00:00,1073.0,21.1
2022-05-09 10:00:00,1057.0,21.1
2022-05-09 11:00:00,1049.0,21.9
2022-05-09 12:00:00,918.0,22.0
2022-05-09 13:00:00,912.0,22.0
2022-05-09 14:00:00,897.0,21.2
2022-05-09 15:00:00,929.0,19.9
2022-05-09 16:00:00,939.0,19.3
2022-05-09 17:00:00,1038.0,19.2
2022-05-09 18:00:00,971.0,19.3
2022-05-09 19:00:00,970.0,19.2
2022-05-09 20:00:00,968.0,18.4
2022-05-09 21:00:00,886.0,17.6
2022-05-09 22:00:00,805.0,17.0
2022-05-09 23:00:00,759.0,16.7
2022-05-10 00:00:00,799.0,16.4
2022-05-10 01:00:00,758.0,16.0
2022-05-10 02:00:00,712.0,15.6
2022-05-10 03:00:00,707.0,15.2
2022-05-10 04:00:00,676.0,14.9
2022-05-10 05:00:00,700.0,14.7
2022-05-10 06:00:00,790.0,14.4
2022-05-10 07:00:00,917.0,14.2
2022-05-10 08:00:00,1002.0,14.0
2022-05-10 09:00:00,1041.0,14.0
2022-05-10 10:00:00,1035.0,14.1
2022-05-10 11:00:00,1030.0,14.4
2022-05-10 12:00:00,919.0,14.7
2022-05-10 13:00:00,907.0,15.2
2022-05-10 14:00:00,926.0,16.0
2022-05-10 15:00:00,878.0,16.4
2022-05-10 16:00:00,950.0,17.1
2022-05-10 17:00:00,1056.0,17.5
2022-05-10 18:00:00,944.0,17.8
2022-05-10 19:00:00,894.0,17.7
2022-05-10 20:00:00,964.0,17.2
2022-05-10 21:00:00,920.0,17.1
2022-05-10 22:00:00,821.0,17.1
2022-05-10 23:00:00,770.0,17.1
2022-05-11 00:00:00,833.0,16.2
2022-05-11 01:00:00,754.0,16.3
2022-05-11 02:00:00,713.0,16.5
2022-05-11 03:00:00,675.0,17.0
2022-05-11 04:00:00,695.0,17.2
2022-05-11 05:00:00,688.0,17.2
2022-05-11 06:00:00,839.0,17.3
2022-05-11 07:00:00,948.0,17.6
2022-05-11 08:00:00,1009.0,17.9
2022-05-11 09:00:00,1021.0,18.4
2022-05-11 10:00:00,1036.0,18.8
2022-05-11 11:00:00,1017.0,19.3
2022-05-11 12:00:00,895.0,19.5
2022-05-11 13:00:00,845.0,20.2
2022-05-11 14:00:00,859.0,20.8
2022-05-11 15:00:00,887.0,20.8
2022-05-11 16:00:00,930.0,21.0
2022-05-11 17:00:00,1031.0,21.1
2022-05-11 18:00:00,975.0,21.2
2022-05-11 19:00:00,976.0,20.8
2022-05-11 20:00:00,1013.0,20.3
2022-05-11 21:00:00,935.0,19.5
2022-05-11 22:00:00,827.0,19.4
2022-05-11 23:00:00,764.0,19.2
2022-05-12 00:00:00,794.0,19.2
2022-05-12 01:00:00,735.0,18.5
2022-05-12 02:00:00,743.0,18.3
2022-05-12 03:00:00,691.0,18.3
2022-05-12 04:00:00,692.0,18.3
2022-05-12 05:00:00,699.0,18.3
2022-05-12 06:00:00,822.0,18.4
2022-05-12 07:00:00,964.0,18.5
2022-05-12 08:00:00,1001.0,18.8
2022-05-12 09:00:00,1052.0,19.1
2022-05-12 10:00:00,1058.0,19.4
2022-05-12 11:00:00,1040.0,20.1
2022-05-12 12:00:00,901.0,20.5
2022-05-12 13:00:00,863.0,21.2
2022-05-12 14:00:00,868.0,21.6
2022-05-12 15:00:00,895.0,21.6
2022-05-12 16:00:00,915.0,21.9
2022-05-12 17:00:00,1007.0,22.0
2022-05-12 18:00:00,943.0,22.0
2022-05-12 19:00:00,935.0,21.4
2022-05-12 20:00:00,994.0,20.3
2022-05-12 21:00:00,935.0,19.8
2022-05-12 22:00:00,822.0,19.5
2022-05-12 23:00:00,788.0,19.3
2022-05-13 00:00:00,805.0,19.0
2022-05-13 01:00:00,767.0,18.7
2022-05-13 02:00:00,713.0,18.8
2022-05-13 03:00:00,713.0,18.8
2022-05-13 04:00:00,704.0,19.0
2022-05-13 05:00:00,709.0,18.9
2022-05-13 06:00:00,840.0,19.1
2022-05-13 07:00:00,962.0,19.2
2022-05-13 08:00:00,1027.0,19.7
2022-05-13 09:00:00,1055.0,20.0
2022-05-13 10:00:00,1073.0,20.5
2022-05-13 11:00:00,1067.0,20.4
2022-05-13 12:00:00,920.0,19.3
2022-05-13 13:00:00,894.0,18.4
2022-05-13 14:00:00,874.0,19.6
2022-05-13 15:00:00,891.0,20.6
2022-05-13 16:00:00,923.0,20.7
2022-05-13 17:00:00,1019.0,20.4
2022-05-13 18:00:00,953.0,20.3
2022-05-13 19:00:00,922.0,20.2
2022-05-13 20:00:00,985.0,20.0
2022-05-13 21:00:00,930.0,19.9
2022-05-13 22:00:00,850.0,20.0
2022-05-13 23:00:00,801.0,19.8
2022-05-14 00:00:00,856.0,20.0
2022-05-14 01:00:00,777.0,19.9
2022-05-14 02:00:00,724.0,19.4
2022-05-14 03:00:00,709.0,18.1
2022-05-14 04:00:00,712.0,18.5
2022-05-14 05:00:00,709.0,18.1
2022-05-14 06:00:00,812.0,18.2
2022-05-14 07:00:00,910.0,18.4
2022-05-14 08:00:00,998.0,18.6
2022-05-14 09:00:00,1032.0,18.7
2022-05-14 10:00:00,1035.0,18.7
2022-05-14 11:00:00,1028.0,19.1
2022-05-14 12:00:00,916.0,18.8
2022-05-14 13:00:00,884.0,18.3
2022-05-14 14:00:00,903.0,17.2
2022-05-14 15:00:00,886.0,16.2
2022-05-14 16:00:00,934.0,15.7
2022-05-14 17:00:00,1022.0,15.2
2022-05-14 18:00:00,985.0,15.4
2022-05-14 19:00:00,926.0,15.1
2022-05-14 20:00:00,929.0,15.2
2022-05-14 21:00:00,856.0,15.1
2022-05-14 22:00:00,772.0,14.4
2022-05-14 23:00:00,763.0,13.5
2022-05-15 00:00:00,788.0,12.8
2022-05-15 01:00:00,707.0,12.6
2022-05-15 02:00:00,690.0,13.0
2022-05-15 03:00:00,670.0,13.0
2022-05-15 04:00:00,676.0,12.7
2022-05-15 05:00:00,673.0,12.7
2022-05-15 06:00:00,774.0,12.9
2022-05-15 07:00:00,874.0,13.4
2022-05-15 08:00:00,958.0,13.5
2022-05-15 09:00:00,1032.0,13.6
2022-05-15 10:00:00,1035.0,14.3
2022-05-15 11:00:00,1043.0,14.7
2022-05-15 12:00:00,921.0,15.0
2022-05-15 13:00:00,893.0,15.1
2022-05-15 14:00:00,844.0,15.5
2022-05-15 15:00:00,869.0,16.1
2022-05-15 16:00:00,888.0,16.4
2022-05-15 17:00:00,972.0,16.5
2022-05-15 18:00:00,921.0,16.4
2022-05-15 19:00:00,905.0,15.9
2022-05-15 20:00:00,973.0,15.5
2022-05-15 21:00:00,914.0,15.2
2022-05-15 22:00:00,790.0,15.1
2022-05-15 23:00:00,737.0,15.0
2022-05-16 00:00:00,783.0,15.0
2022-05-16 01:00:00,723.0,14.8
2022-05-16 02:00:00,674.0,14.3
2022-05-16 03:00:00,653.0,14.4
2022-05-16 04:00:00,659.0,14.0
2022-05-16 05:00:00,689.0,14.0
2022-05-16 06:00:00,828.0,13.7
2022-05-16 07:00:00,960.0,14.3
2022-05-16 08:00:00,1001.0,15.8
2022-05-16 09:00:00,1018.0,17.6
2022-05-16 10:00:00,1011.0,19.4
2022-05-16 11:00:00,1005.0,21.4
2022-05-16 12:00:00,824.0,22.2
2022-05-16 13:00:00,835.0,23.3
2022-05-16 14:00:00,833.0,23.7
2022-05-16 15:00:00,862.0,24.5
2022-05-16 16:00:00,866.0,24.3
2022-05-16 17:00:00,952.0,24.7
2022-05-16 18:00:00,930.0,24.4
2022-05-16 19:00:00,939.0,22.6
2022-05-16 20:00:00,1043.0,19.3
2022-05-16 21:00:00,980.0,17.5
2022-05-16 22:00:00,854.0,16.5
2022-05-16 23:00:00,779.0,15.8
2022-05-17 00:00:00,811.0,15.3
2022-05-17 01:00:00,769.0,14.7
2022-05-17 02:00:00,723.0,14.3
2022-05-17 03:00:00,708.0,14.2
2022-05-17 04:00:00,701.0,13.9
2022-05-17 05:00:00,710.0,13.5
2022-05-17 06:00:00,883.0,13.7
2022-05-17 07:00:00,1017.0,14.5
2022-05-17 08:00:00,1008.0,16.6
2022-05-17 09:00:00,1004.0,21.1
2022-05-17 10:00:00,998.0,23.7
2022-05-17 11:00:00,998.0,25.5
2022-05-17 12:00:00,847.0,26.3
2022-05-17 13:00:00,827.0,26.9
2022-05-17 14:00:00,822.0,27.7
2022-05-17 15:00:00,845.0,27.9
2022-05-17 16:00:00,878.0,27.1
2022-05-17 17:00:00,982.0,25.8
2022-05-17 18:00:00,936.0,25.0
2022-05-17 19:00:00,935.0,24.0
2022-05-17 20:00:00,1021.0,23.0
2022-05-17 21:00:00,946.0,22.2
2022-05-17 22:00:00,839.0,22.2
2022-05-17 23:00:00,786.0,21.2
2022-05-18 00:00:00,817.0,20.2
2022-05-18 01:00:00,755.0,20.1
2022-05-18 02:00:00,740.0,19.5
2022-05-18 03:00:00,706.0,19.1
2022-05-18 04:00:00,693.0,18.7
2022-05-18 05:00:00,720.0,18.7
2022-05-18 06:00:00,855.0,19.0
2022-05-18 07:00:00,974.0,18.9
2022-05-18 08:00:00,1008.0,19.8
2022-05-18 09:00:00,1039.0,21.4
2022-05-18 10:00:00,1063.0,22.0
2022-05-18 11:00:00,1017.0,22.3
2022-05-18 12:00:00,915.0,22.9
2022-05-18 13:00:00,863.0,22.8
2022-05-18 14:00:00,853.0,22.9
2022-05-18 15:00:00,880.0,22.5
2022-05-18 16:00:00,896.0,21.2
2022-05-18 17:00:00,999.0,20.4
2022-05-18 18:00:00,940.0,20.2
2022-05-18 19:00:00,923.0,19.7
2022-05-18 20:00:00,979.0,19.6
2022-05-18 21:00:00,920.0,19.1
2022-05-18 22:00:00,810.0,18.6
2022-05-18 23:00:00,719.0,18.1
2022-05-19 00:00:00,799.0,17.4
2022-05-19 01:00:00,747.0,17.1
2022-05-19 02:00:00,724.0,17.2
2022-05-19 03:00:00,677.0,16.9
2022-05-19 04:00:00,720.0,16.8
2022-05-19 05:00:00,742.0,16.5
2022-05-19 06:00:00,874.0,16.6
2022-05-19 07:00:00,997.0,16.7
2022-05-19 08:00:00,1037.0,16.9
2022-05-19 09:00:00,1036.0,17.1
2022-05-19 10:00:00,1055.0,17.3
2022-05-19 11:00:00,1034.0,17.6
2022-05-19 12:00:00,916.0,17.6
2022-05-19 13:00:00,888.0,17.4
2022-05-19 14:00:00,894.0,17.4
2022-05-19 15:00:00,896.0,17.3
2022-05-19 16:00:00,950.0,17.2
2022-05-19 17:00:00,1045.0,17.0
2022-05-19 18:00:00,989.0,17.1
2022-05-19 19:00:00,972.0,17.2
2022-05-19 20:00:00,976.0,17.1
2022-05-19 21:00:00,907.0,17.1
2022-05-19 22:00:00,810.0,17.1
2022-05-19 23:00:00,771.0,17.0
2022-05-20 00:00:00,805.0,16.9
2022-05-20 01:00:00,765.0,16.7
2022-05-20 02:00:00,745.0,16.7
2022-05-20 03:00:00,722.0,16.7
2022-05-20 04:00:00,709.0,16.6
2022-05-20 05:00:00,724.0,16.6
2022-05-20 06:00:00,866.0,16.5
2022-05-20 07:00:00,1006.0,17.0
2022-05-20 08:00:00,995.0,18.5
2022-05-20 09:00:00,1023.0,19.5
2022-05-20 10:00:00,1032.0,20.5
2022-05-20 11:00:00,1034.0,21.7
2022-05-20 12:00:00,887.0,22.4
2022-05-20 13:00:00,856.0,22.0
2022-05-20 14:00:00,840.0,23.0
2022-05-20 15:00:00,863.0,22.8
2022-05-20 16:00:00,901.0,23.3
2022-05-20 17:00:00,967.0,23.4
2022-05-20 18:00:00,951.0,23.2
2022-05-20 19:00:00,951.0,22.2
2022-05-20 20:00:00,1020.0,20.6
2022-05-20 21:00:00,976.0,19.4
2022-05-20 22:00:00,877.0,18.8
2022-05-20 23:00:00,830.0,18.3
2022-05-21 00:00:00,849.0,17.8
2022-05-21 01:00:00,773.0,17.3
2022-05-21 02:00:00,737.0,17.2
2022-05-21 03:00:00,709.0,17.0
2022-05-21 04:00:00,698.0,16.7
2022-05-21 05:00:00,699.0,16.4
2022-05-21 06:00:00,833.0,16.5
2022-05-21 07:00:00,920.0,17.8
2022-05-21 08:00:00,997.0,19.7
2022-05-21 09:00:00,999.0,21.4
2022-05-21 10:00:00,997.0,23.5
2022-05-21 11:00:00,1030.0,24.0
2022-05-21 12:00:00,897.0,24.7
2022-05-21 13:00:00,858.0,25.2
2022-05-21 14:00:00,878.0,25.0
2022-05-21 15:00:00,879.0,24.6
2022-05-21 16:00:00,887.0,25.1
2022-05-21 17:00:00,993.0,24.8
2022-05-21 18:00:00,944.0,24.5
2022-05-21 19:00:00,932.0,23.8
2022-05-21 20:00:00,1005.0,22.4
2022-05-21 21:00:00,948.0,22.1
2022-05-21 22:00:00,851.0,21.4
2022-05-21 23:00:00,807.0,20.5
2022-05-22 00:00:00,824.0,20.1
2022-05-22 01:00:00,912.0,19.9
2022-05-22 02:00:00,884.0,19.7
2022-05-22 03:00:00,849.0,19.2
2022-05-22 04:00:00,725.0,19.3
2022-05-22 05:00:00,736.0,19.1
2022-05-22 06:00:00,850.0,19.1
2022-05-22 07:00:00,900.0,19.6
2022-05-22 08:00:00,977.0,20.8
2022-05-22 09:00:00,1010.0,22.2
2022-05-22 10:00:00,1017.0,23.0
2022-05-22 11:00:00,1028.0,23.6
2022-05-22 12:00:00,918.0,23.7
2022-05-22 13:00:00,854.0,23.8
2022-05-22 14:00:00,867.0,23.8
2022-05-22 15:00:00,859.0,23.3
2022-05-22 16:00:00,900.0,23.0
2022-05-22 17:00:00,992.0,22.5
2022-05-22 18:00:00,928.0,22.0
2022-05-22 19:00:00,929.0,21.7
2022-05-22 20:00:00,978.0,21.3
2022-05-22 21:00:00,919.0,20.9
2022-05-22 22:00:00,794.0,20.6
2022-05-22 23:00:00,755.0,20.2
2022-05-23 00:00:00,808.0,20.1
2022-05-23 01:00:00,740.0,19.9
2022-05-23 02:00:00,714.0,19.6
2022-05-23 03:00:00,688.0,19.2
2022-05-23 04:00:00,683.0,18.7
2022-05-23 05:00:00,702.0,18.5
2022-05-23 06:00:00,880.0,18.3
2022-05-23 07:00:00,964.0,19.1
2022-05-23 08:00:00,1003.0,20.9
2022-05-23 09:00:00,1041.0,22.6
2022-05-23 10:00:00,1032.0,24.1
2022-05-23 11:00:00,1023.0,25.2
2022-05-23 12:00:00,895.0,26.5
2022-05-23 13:00:00,858.0,27.1
2022-05-23 14:00:00,867.0,26.8
2022-05-23 15:00:00,876.0,26.9
2022-05-23 16:00:00,907.0,27.4
2022-05-23 17:00:00,996.0,27.6
2022-05-23 18:00:00,959.0,26.9
2022-05-23 19:00:00,946.0,25.9
2022-05-23 20:00:00,1028.0,24.8
2022-05-23 21:00:00,975.0,24.1
2022-05-23 22:00:00,854.0,23.3
2022-05-23 23:00:00,815.0,22.9
2022-05-24 00:00:00,844.0,22.4
2022-05-24 01:00:00,758.0,22.2
2022-05-24 02:00:00,742.0,22.2
2022-05-24 03:00:00,708.0,22.2
2022-05-24 04:00:00,720.0,22.1
2022-05-24 05:00:00,750.0,21.9
2022-05-24 06:00:00,902.0,22.0
2022-05-24 07:00:00,1010.0,22.3
2022-05-24 08:00:00,1037.0,23.0
2022-05-24 09:00:00,1070.0,23.6
2022-05-24 10:00:00,1069.0,24.9
2022-05-24 11:00:00,1076.0,25.5
2022-05-24 12:00:00,923.0,25.5
2022-05-24 13:00:00,874.0,25.3
2022-05-24 14:00:00,878.0,26.5
2022-05-24 15:00:00,908.0,26.6
2022-05-24 16:00:00,948.0,27.1
2022-05-24 17:00:00,1001.0,27.1
2022-05-24 18:00:00,981.0,26.3
2022-05-24 19:00:00,967.0,25.5
2022-05-24 20:00:00,1057.0,24.6
2022-05-24 21:00:00,1007.0,23.8
2022-05-24 22:00:00,883.0,23.3
2022-05-24 23:00:00,841.0,22.9
2022-05-25 00:00:00,849.0,22.4
2022-05-25 01:00:00,774.0,22.2
2022-05-25 02:00:00,754.0,21.9
2022-05-25 03:00:00,734.0,21.9
2022-05-25 04:00:00,730.0,21.9
2022-05-25 05:00:00,753.0,21.8
2022-05-25 06:00:00,913.0,21.8
2022-05-25 07:00:00,1005.0,22.1
2022-05-25 08:00:00,1039.0,23.0
2022-05-25 09:00:00,1071.0,24.4
2022-05-25 10:00:00,1074.0,26.2
2022-05-25 11:00:00,1058.0,27.3
2022-05-25 12:00:00,949.0,29.0
2022-05-25 13:00:00,913.0,28.8
2022-05-25 14:00:00,924.0,28.2
2022-05-25 15:00:00,939.0,28.6
2022-05-25 16:00:00,964.0,28.1
2022-05-25 17:00:00,1034.0,28.3
2022-05-25 18:00:00,1003.0,27.3
2022-05-25 19:00:00,1002.0,26.8
2022-05-25 20:00:00,1070.0,26.3
2022-05-25 21:00:00,1004.0,26.1
2022-05-25 22:00:00,891.0,25.9
2022-05-25 23:00:00,833.0,25.4
2022-05-26 00:00:00,860.0,22.6
2022-05-26 01:00:00,790.0,20.5
2022-05-26 02:00:00,764.0,20.5
2022-05-26 03:00:00,740.0,20.5
2022-05-26 04:00:00,728.0,20.5
2022-05-26 05:00:00,746.0,19.7
2022-05-26 06:00:00,851.0,19.0
2022-05-26 07:00:00,965.0,19.3
2022-05-26 08:00:00,1021.0,19.9
2022-05-26 09:00:00,1027.0,20.5
2022-05-26 10:00:00,1048.0,21.0
2022-05-26 11:00:00,1025.0,21.4
2022-05-26 12:00:00,920.0,22.0
2022-05-26 13:00:00,893.0,21.7
2022-05-26 14:00:00,868.0,21.2
2022-05-26 15:00:00,873.0,20.8
2022-05-26 16:00:00,891.0,20.7
2022-05-26 17:00:00,961.0,20.9
2022-05-26 18:00:00,897.0,21.1
2022-05-26 19:00:00,872.0,21.0
2022-05-26 20:00:00,941.0,20.7
2022-05-26 21:00:00,910.0,20.6
2022-05-26 22:00:00,815.0,20.4
2022-05-26 23:00:00,773.0,20.4
2022-05-27 00:00:00,833.0,20.4
2022-05-27 01:00:00,783.0,20.5
2022-05-27 02:00:00,754.0,20.5
2022-05-27 03:00:00,727.0,20.4
2022-05-27 04:00:00,722.0,20.4
2022-05-27 05:00:00,739.0,20.4
2022-05-27 06:00:00,869.0,20.4
2022-05-27 07:00:00,975.0,20.6
2022-05-27 08:00:00,1025.0,21.2
2022-05-27 09:00:00,1044.0,21.6
2022-05-27 10:00:00,1068.0,21.5
2022-05-27 11:00:00,1041.0,21.8
2022-05-27 12:00:00,912.0,22.0
2022-05-27 13:00:00,867.0,22.4
2022-05-27 14:00:00,875.0,22.7
2022-05-27 15:00:00,896.0,22.5
2022-05-27 16:00:00,929.0,21.5
2022-05-27 17:00:00,1001.0,20.9
2022-05-27 18:00:00,958.0,20.9
2022-05-27 19:00:00,964.0,20.4
2022-05-27 20:00:00,972.0,20.2
2022-05-27 21:00:00,897.0,19.9
2022-05-27 22:00:00,821.0,19.9
2022-05-27 23:00:00,775.0,20.0
2022-05-28 00:00:00,829.0,19.7
2022-05-28 01:00:00,744.0,19.7
2022-05-28 02:00:00,733.0,19.6
2022-05-28 03:00:00,709.0,19.6
2022-05-28 04:00:00,711.0,19.6
2022-05-28 05:00:00,720.0,19.7
2022-05-28 06:00:00,829.0,19.6
2022-05-28 07:00:00,929.0,19.9
2022-05-28 08:00:00,981.0,20.6
2022-05-28 09:00:00,1033.0,21.0
2022-05-28 10:00:00,1027.0,21.2
2022-05-28 11:00:00,1021.0,22.0
2022-05-28 12:00:00,895.0,21.9
2022-05-28 13:00:00,859.0,22.3
2022-05-28 14:00:00,873.0,22.1
2022-05-28 15:00:00,892.0,21.8
2022-05-28 16:00:00,923.0,21.8
2022-05-28 17:00:00,990.0,21.7
2022-05-28 18:00:00,923.0,21.8
2022-05-28 19:00:00,903.0,21.6
2022-05-28 20:00:00,958.0,21.4
2022-05-28 21:00:00,919.0,21.3
2022-05-28 22:00:00,821.0,21.1
2022-05-28 23:00:00,793.0,21.2
2022-05-29 00:00:00,812.0,21.1
2022-05-29 01:00:00,760.0,21.1
2022-05-29 02:00:00,729.0,21.1
2022-05-29 03:00:00,713.0,21.0
2022-05-29 04:00:00,710.0,21.1
2022-05-29 05:00:00,717.0,21.1
2022-05-29 06:00:00,831.0,21.2
2022-05-29 07:00:00,909.0,21.5
2022-05-29 08:00:00,989.0,22.3
2022-05-29 09:00:00,1004.0,23.0
2022-05-29 10:00:00,988.0,24.0
2022-05-29 11:00:00,980.0,26.4
2022-05-29 12:00:00,881.0,28.4
2022-05-29 13:00:00,871.0,29.3
2022-05-29 14:00:00,860.0,28.8
2022-05-29 15:00:00,874.0,30.0
2022-05-29 16:00:00,917.0,28.4
2022-05-29 17:00:00,1021.0,28.7
2022-05-29 18:00:00,996.0,28.7
2022-05-29 19:00:00,1010.0,28.0
2022-05-29 20:00:00,1080.0,27.4
2022-05-29 21:00:00,1005.0,26.7
2022-05-29 22:00:00,869.0,25.6
2022-05-29 23:00:00,782.0,24.5
2022-05-30 00:00:00,818.0,24.2
2022-05-30 01:00:00,747.0,24.1
2022-05-30 02:00:00,736.0,23.7
2022-05-30 03:00:00,724.0,23.7
2022-05-30 04:00:00,704.0,23.7
2022-05-30 05:00:00,728.0,23.6
2022-05-30 06:00:00,871.0,23.5
2022-05-30 07:00:00,987.0,24.0
2022-05-30 08:00:00,1006.0,24.4
2022-05-30 09:00:00,1079.0,25.8
2022-05-30 10:00:00,1106.0,27.7
2022-05-30 11:00:00,1104.0,28.3
2022-05-30 12:00:00,998.0,27.6
2022-05-30 13:00:00,955.0,27.2
2022-05-30 14:00:00,947.0,27.1
2022-05-30 15:00:00,966.0,26.7
2022-05-30 16:00:00,981.0,27.0
2022-05-30 17:00:00,1049.0,27.5
2022-05-30 18:00:00,1029.0,27.6
2022-05-30 19:00:00,1024.0,27.1
2022-05-30 20:00:00,1101.0,25.9
2022-05-30 21:00:00,1047.0,25.4
2022-05-30 22:00:00,929.0,25.1
2022-05-30 23:00:00,866.0,24.7
2022-05-31 00:00:00,900.0,24.5
2022-05-31 01:00:00,837.0,24.2
2022-05-31 02:00:00,807.0,23.8
2022-05-31 03:00:00,774.0,23.7
2022-05-31 04:00:00,761.0,23.7
2022-05-31 05:00:00,797.0,23.6
2022-05-31 06:00:00,926.0,23.5
2022-05-31 07:00:00,1026.0,24.0
2022-05-31 08:00:00,1038.0,24.5
2022-05-31 09:00:00,1096.0,25.3
2022-05-31 10:00:00,1110.0,26.2
2022-05-31 11:00:00,1110.0,27.6
2022-05-31 12:00:00,1009.0,28.6
2022-05-31 13:00:00,996.0,28.3
2022-05-31 14:00:00,977.0,27.7
2022-05-31 15:00:00,985.0,27.9
2022-05-31 16:00:00,1018.0,28.6
2022-05-31 17:00:00,1073.0,29.0
2022-05-31 18:00:00,1039.0,28.5
2022-05-31 19:00:00,1032.0,27.2
2022-05-31 20:00:00,1115.0,26.0
2022-05-31 21:00:00,1083.0,25.5
2022-05-31 22:00:00,971.0,25.3
2022-05-31 23:00:00,908.0,25.1
2022-06-01 00:00:00,916.0,24.7
2022-06-01 01:00:00,848.0,24.4
2022-06-01 02:00:00,808.0,24.1
2022-06-01 03:00:00,767.0,24.0
2022-06-01 04:00:00,760.0,23.8
2022-06-01 05:00:00,781.0,23.8
2022-06-01 06:00:00,923.0,23.9
2022-06-01 07:00:00,998.0,24.3
2022-06-01 08:00:00,1030.0,25.1
2022-06-01 09:00:00,1092.0,26.1
2022-06-01 10:00:00,1126.0,25.8
2022-06-01 11:00:00,1100.0,27.6
2022-06-01 12:00:00,1026.0,29.3
2022-06-01 13:00:00,1018.0,29.3
2022-06-01 14:00:00,1002.0,30.4
2022-06-01 15:00:00,1028.0,30.3
2022-06-01 16:00:00,1066.0,29.1
2022-06-01 17:00:00,1153.0,28.4
2022-06-01 18:00:00,1081.0,27.6
2022-06-01 19:00:00,1073.0,27.0
2022-06-01 20:00:00,1131.0,26.6
2022-06-01 21:00:00,1084.0,26.4
2022-06-01 22:00:00,985.0,25.9
2022-06-01 23:00:00,932.0,25.5
2022-06-02 00:00:00,938.0,25.8
2022-06-02 01:00:00,855.0,25.7
2022-06-02 02:00:00,820.0,25.7
2022-06-02 03:00:00,769.0,25.4
2022-06-02 04:00:00,777.0,25.3
2022-06-02 05:00:00,793.0,25.1
2022-06-02 06:00:00,899.0,25.1
2022-06-02 07:00:00,997.0,25.2
2022-06-02 08:00:00,1027.0,25.4
2022-06-02 09:00:00,1106.0,25.4
2022-06-02 10:00:00,1119.0,26.0
2022-06-02 11:00:00,1106.0,26.9
2022-06-02 12:00:00,1017.0,27.9
2022-06-02 13:00:00,1002.0,28.6
2022-06-02 14:00:00,995.0,29.3
2022-06-02 15:00:00,989.0,30.3
2022-06-02 16:00:00,1007.0,31.1
2022-06-02 17:00:00,1095.0,30.5
2022-06-02 18:00:00,1054.0,30.1
2022-06-02 19:00:00,1060.0,29.7
2022-06-02 20:00:00,1149.0,29.1
2022-06-02 21:00:00,1089.0,28.2
2022-06-02 22:00:00,972.0,27.8
2022-06-02 23:00:00,914.0,27.0
2022-06-03 00:00:00,892.0,26.7
2022-06-03 01:00:00,826.0,25.4
2022-06-03 02:00:00,753.0,25.1
2022-06-03 03:00:00,721.0,24.6
2022-06-03 04:00:00,692.0,24.7
2022-06-03 05:00:00,693.0,24.7
2022-06-03 06:00:00,770.0,24.7
2022-06-03 07:00:00,867.0,24.8
2022-06-03 08:00:00,860.0,25.3
2022-06-03 09:00:00,863.0,25.7
2022-06-03 10:00:00,876.0,25.8
2022-06-03 11:00:00,869.0,26.5
2022-06-03 12:00:00,793.0,27.3
2022-06-03 13:00:00,781.0,28.2
2022-06-03 14:00:00,754.0,29.0
2022-06-03 15:00:00,783.0,29.3
2022-06-03 16:00:00,813.0,30.1
2022-06-03 17:00:00,908.0,29.8
2022-06-03 18:00:00,878.0,29.4
2022-06-03 19:00:00,936.0,27.9
2022-06-03 20:00:00,1064.0,26.8
2022-06-03 21:00:00,1035.0,26.4
2022-06-03 22:00:00,924.0,26.0
2022-06-03 23:00:00,829.0,25.8
2022-06-04 00:00:00,818.0,25.9
2022-06-04 01:00:00,760.0,25.6
2022-06-04 02:00:00,696.0,25.4
2022-06-04 03:00:00,674.0,25.0
2022-06-04 04:00:00,653.0,25.0
2022-06-04 05:00:00,670.0,24.9
2022-06-04 06:00:00,750.0,24.9
2022-06-04 07:00:00,872.0,25.0
2022-06-04 08:00:00,908.0,25.5
2022-06-04 09:00:00,982.0,26.7
2022-06-04 10:00:00,1014.0,27.5
2022-06-04 11:00:00,1054.0,28.7
2022-06-04 12:00:00,964.0,30.0
2022-06-04 13:00:00,968.0,31.1
2022-06-04 14:00:00,958.0,31.1
2022-06-04 15:00:00,963.0,29.7
2022-06-04 16:00:00,988.0,28.9
2022-06-04 17:00:00,1050.0,28.9
2022-06-04 18:00:00,1047.0,29.0
2022-06-04 19:00:00,1066.0,29.0
2022-06-04 20:00:00,1192.0,28.6
2022-06-04 21:00:00,1136.0,27.8
2022-06-04 22:00:00,1036.0,27.8
2022-06-04 23:00:00,955.0,27.6
2022-06-05 00:00:00,938.0,26.7
2022-06-05 01:00:00,850.0,26.7
2022-06-05 02:00:00,816.0,26.4
2022-06-05 03:00:00,783.0,26.1
2022-06-05 04:00:00,738.0,25.6
2022-06-05 05:00:00,647.0,24.6
2022-06-05 06:00:00,730.0,24.7
2022-06-05 07:00:00,910.0,25.0
2022-06-05 08:00:00,972.0,25.2
2022-06-05 09:00:00,1023.0,24.4
2022-06-05 10:00:00,1056.0,24.4
2022-06-05 11:00:00,1032.0,25.9
2022-06-05 12:00:00,949.0,26.0
2022-06-05 13:00:00,924.0,26.7
2022-06-05 14:00:00,909.0,28.4
2022-06-05 15:00:00,934.0,28.4
2022-06-05 16:00:00,961.0,28.1
2022-06-05 17:00:00,1000.0,28.3
2022-06-05 18:00:00,1005.0,28.4
2022-06-05 19:00:00,1010.0,27.9
2022-06-05 20:00:00,1100.0,27.6
2022-06-05 21:00:00,1086.0,27.2
2022-06-05 22:00:00,973.0,26.8
2022-06-05 23:00:00,889.0,26.3
2022-06-06 00:00:00,905.0,26.3
2022-06-06 01:00:00,827.0,25.9
2022-06-06 02:00:00,804.0,25.7
2022-06-06 03:00:00,779.0,25.5
2022-06-06 04:00:00,764.0,25.2
2022-06-06 05:00:00,760.0,24.8
2022-06-06 06:00:00,917.0,24.5
2022-06-06 07:00:00,993.0,25.3
2022-06-06 08:00:00,1042.0,26.3
2022-06-06 09:00:00,1089.0,27.3
2022-06-06 10:00:00,1123.0,28.1
2022-06-06 11:00:00,1168.0,29.7
2022-06-06 12:00:00,1057.0,30.1
2022-06-06 13:00:00,1041.0,31.0
2022-06-06 14:00:00,1050.0,32.1
2022-06-06 15:00:00,1055.0,32.1
2022-06-06 16:00:00,1075.0,31.8
2022-06-06 17:00:00,1134.0,31.2
2022-06-06 18:00:00,1089.0,31.1
2022-06-06 19:00:00,1104.0,30.4
2022-06-06 20:00:00,1213.0,29.7
2022-06-06 21:00:00,1179.0,29.0
2022-06-06 22:00:00,1065.0,28.8
2022-06-06 23:00:00,982.0,27.8
2022-06-07 00:00:00,999.0,27.4
2022-06-07 01:00:00,929.0,27.0
2022-06-07 02:00:00,883.0,26.6
2022-06-07 03:00:00,856.0,26.6
2022-06-07 04:00:00,846.0,26.6
2022-06-07 05:00:00,852.0,25.9
2022-06-07 06:00:00,1002.0,26.3
2022-06-07 07:00:00,1063.0,27.0
2022-06-07 08:00:00,1127.0,27.9
2022-06-07 09:00:00,1192.0,30.2
2022-06-07 10:00:00,1221.0,31.1
2022-06-07 11:00:00,1266.0,31.7
2022-06-07 12:00:00,1143.0,31.8
2022-06-07 13:00:00,1153.0,32.7
2022-06-07 14:00:00,1138.0,33.1
2022-06-07 15:00:00,1143.0,33.3
2022-06-07 16:00:00,1156.0,33.4
2022-06-07 17:00:00,1204.0,33.1
2022-06-07 18:00:00,1166.0,32.9
2022-06-07 19:00:00,1155.0,32.1
2022-06-07 20:00:00,1282.0,29.8
2022-06-07 21:00:00,1289.0,28.6
2022-06-07 22:00:00,1165.0,27.8
2022-06-07 23:00:00,1062.0,27.1
2022-06-08 00:00:00,1070.0,26.9
2022-06-08 01:00:00,998.0,26.9
2022-06-08 02:00:00,942.0,26.1
2022-06-08 03:00:00,918.0,26.3
2022-06-08 04:00:00,876.0,26.0
2022-06-08 05:00:00,880.0,25.7
2022-06-08 06:00:00,1035.0,26.1
2022-06-08 07:00:00,1090.0,27.0
2022-06-08 08:00:00,1131.0,27.7
2022-06-08 09:00:00,1200.0,29.9
2022-06-08 10:00:00,1263.0,31.0
2022-06-08 11:00:00,1306.0,31.7
2022-06-08 12:00:00,1191.0,32.7
2022-06-08 13:00:00,1223.0,33.3
2022-06-08 14:00:00,1203.0,34.0
2022-06-08 15:00:00,1194.0,34.6
2022-06-08 16:00:00,1210.0,34.1
2022-06-08 17:00:00,1238.0,34.3
2022-06-08 18:00:00,1191.0,32.7
2022-06-08 19:00:00,1185.0,32.1
2022-06-08 20:00:00,1327.0,31.1
2022-06-08 21:00:00,1323.0,30.8
2022-06-08 22:00:00,1227.0,30.3
2022-06-08 23:00:00,1137.0,29.5
2022-06-09 00:00:00,1141.0,29.3
2022-06-09 01:00:00,1042.0,28.8
2022-06-09 02:00:00,988.0,28.4
2022-06-09 03:00:00,937.0,28.2
2022-06-09 04:00:00,943.0,27.7
2022-06-09 05:00:00,913.0,27.0
2022-06-09 06:00:00,1051.0,27.1
2022-06-09 07:00:00,1089.0,27.3
2022-06-09 08:00:00,1135.0,28.3
2022-06-09 09:00:00,1200.0,28.6
2022-06-09 10:00:00,1232.0,29.7
2022-06-09 11:00:00,1254.0,30.9
2022-06-09 12:00:00,1187.0,31.5
2022-06-09 13:00:00,1191.0,32.1
2022-06-09 14:00:00,1195.0,32.1
2022-06-09 15:00:00,1189.0,32.3
2022-06-09 16:00:00,1181.0,32.2
2022-06-09 17:00:00,1229.0,31.5
2022-06-09 18:00:00,1163.0,31.2
2022-06-09 19:00:00,1171.0,30.7
2022-06-09 20:00:00,1301.0,30.1
2022-06-09 21:00:00,1285.0,29.5
2022-06-09 22:00:00,1187.0,28.9
2022-06-09 23:00:00,1101.0,28.7
2022-06-10 00:00:00,1095.0,27.7
2022-06-10 01:00:00,1031.0,26.5
2022-06-10 02:00:00,966.0,26.2
2022-06-10 03:00:00,942.0,26.1
2022-06-10 04:00:00,930.0,25.9
2022-06-10 05:00:00,913.0,25.8
2022-06-10 06:00:00,1025.0,26.0
2022-06-10 07:00:00,1094.0,26.4
2022-06-10 08:00:00,1137.0,27.0
2022-06-10 09:00:00,1201.0,28.1
2022-06-10 10:00:00,1231.0,29.1
2022-06-10 11:00:00,1264.0,29.5
2022-06-10 12:00:00,1168.0,30.4
2022-06-10 13:00:00,1166.0,30.7
2022-06-10 14:00:00,1160.0,31.2
2022-06-10 15:00:00,1169.0,30.8
2022-06-10 16:00:00,1162.0,30.8
2022-06-10 17:00:00,1203.0,29.8
2022-06-10 18:00:00,1138.0,29.1
2022-06-10 19:00:00,1137.0,27.8
2022-06-10 20:00:00,1231.0,27.2
2022-06-10 21:00:00,1189.0,27.1
2022-06-10 22:00:00,1100.0,26.4
2022-06-10 23:00:00,1046.0,25.6
2022-06-11 00:00:00,1076.0,25.4
2022-06-11 01:00:00,997.0,25.2
2022-06-11 02:00:00,946.0,25.0
2022-06-11 03:00:00,913.0,24.6
2022-06-11 04:00:00,888.0,24.6
2022-06-11 05:00:00,866.0,24.5
2022-06-11 06:00:00,996.0,24.5
2022-06-11 07:00:00,1054.0,24.7
2022-06-11 08:00:00,1094.0,25.5
2022-06-11 09:00:00,1148.0,26.2
2022-06-11 10:00:00,1169.0,26.8
2022-06-11 11:00:00,1187.0,27.4
2022-06-11 12:00:00,1093.0,27.6
2022-06-11 13:00:00,1073.0,28.1
2022-06-11 14:00:00,1087.0,28.3
2022-06-11 15:00:00,1068.0,28.0
2022-06-11 16:00:00,1072.0,28.0
2022-06-11 17:00:00,1120.0,28.0
2022-06-11 18:00:00,1088.0,27.7
2022-06-11 19:00:00,1082.0,27.6
2022-06-11 20:00:00,1133.0,27.3
2022-06-11 21:00:00,1086.0,25.9
2022-06-11 22:00:00,986.0,25.2
2022-06-11 23:00:00,927.0,24.8
2022-06-12 00:00:00,959.0,24.7
2022-06-12 01:00:00,890.0,24.7
2022-06-12 02:00:00,836.0,24.6
2022-06-12 03:00:00,827.0,23.8
2022-06-12 04:00:00,795.0,22.2
2022-06-12 05:00:00,812.0,21.3
2022-06-12 06:00:00,904.0,21.1
2022-06-12 07:00:00,979.0,21.2
2022-06-12 08:00:00,1022.0,21.3
2022-06-12 09:00:00,1040.0,21.5
2022-06-12 10:00:00,1039.0,21.5
2022-06-12 11:00:00,1070.0,21.5
2022-06-12 12:00:00,944.0,21.7
2022-06-12 13:00:00,932.0,21.9
2022-06-12 14:00:00,896.0,21.8
2022-06-12 15:00:00,898.0,21.9
2022-06-12 16:00:00,930.0,21.9
2022-06-12 17:00:00,1014.0,21.7
2022-06-12 18:00:00,956.0,21.6
2022-06-12 19:00:00,949.0,21.5
2022-06-12 20:00:00,954.0,21.3
2022-06-12 21:00:00,907.0,21.5
2022-06-12 22:00:00,813.0,21.3
2022-06-12 23:00:00,770.0,21.3
2022-06-13 00:00:00,811.0,21.0
2022-06-13 01:00:00,756.0,21.0
2022-06-13 02:00:00,736.0,20.7
2022-06-13 03:00:00,721.0,20.7
2022-06-13 04:00:00,696.0,20.7
2022-06-13 05:00:00,734.0,20.7
2022-06-13 06:00:00,880.0,20.8
2022-06-13 07:00:00,975.0,20.9
2022-06-13 08:00:00,1026.0,21.0
2022-06-13 09:00:00,1046.0,21.5
2022-06-13 10:00:00,1059.0,22.4
2022-06-13 11:00:00,1065.0,23.1
2022-06-13 12:00:00,944.0,24.3
2022-06-13 13:00:00,939.0,26.5
2022-06-13 14:00:00,916.0,26.6
2022-06-13 15:00:00,950.0,27.7
2022-06-13 16:00:00,983.0,27.9
2022-06-13 17:00:00,1052.0,27.1
2022-06-13 18:00:00,1019.0,26.5
2022-06-13 19:00:00,1009.0,25.5
2022-06-13 20:00:00,1084.0,24.9
2022-06-13 21:00:00,1042.0,24.2
2022-06-13 22:00:00,925.0,23.3
2022-06-13 23:00:00,873.0,22.8
2022-06-14 00:00:00,885.0,22.4
2022-06-14 01:00:00,806.0,22.1
2022-06-14 02:00:00,775.0,21.9
2022-06-14 03:00:00,733.0,21.6
2022-06-14 04:00:00,748.0,21.2
2022-06-14 05:00:00,746.0,20.9
2022-06-14 06:00:00,915.0,21.0
2022-06-14 07:00:00,1000.0,23.5
2022-06-14 08:00:00,1019.0,25.6
2022-06-14 09:00:00,1082.0,27.3
2022-06-14 10:00:00,1078.0,28.1
2022-06-14 11:00:00,1150.0,29.1
2022-06-14 12:00:00,1005.0,30.5
2022-06-14 13:00:00,999.0,31.2
2022-06-14 14:00:00,1002.0,31.6
2022-06-14 15:00:00,1022.0,32.4
2022-06-14 16:00:00,1061.0,32.6
2022-06-14 17:00:00,1118.0,32.0
2022-06-14 18:00:00,1068.0,31.0
2022-06-14 19:00:00,1065.0,29.9
2022-06-14 20:00:00,1157.0,29.1
2022-06-14 21:00:00,1142.0,27.9
2022-06-14 22:00:00,1027.0,27.2
2022-06-14 23:00:00,942.0,27.0
2022-06-15 00:00:00,948.0,26.6
2022-06-15 01:00:00,892.0,26.1
2022-06-15 02:00:00,841.0,25.6
2022-06-15 03:00:00,817.0,24.9
2022-06-15 04:00:00,800.0,24.6
2022-06-15 05:00:00,799.0,23.9
2022-06-15 06:00:00,950.0,23.7
2022-06-15 07:00:00,1022.0,24.1
2022-06-15 08:00:00,1061.0,25.9
2022-06-15 09:00:00,1140.0,27.9
2022-06-15 10:00:00,1168.0,29.8
2022-06-15 11:00:00,1208.0,31.5
2022-06-15 12:00:00,1090.0,32.0
2022-06-15 13:00:00,1111.0,33.0
2022-06-15 14:00:00,1096.0,34.6
2022-06-15 15:00:00,1120.0,34.9
2022-06-15 16:00:00,1132.0,34.4
2022-06-15 17:00:00,1184.0,33.6
2022-06-15 18:00:00,1115.0,33.0
2022-06-15 19:00:00,1117.0,31.7
2022-06-15 20:00:00,1217.0,30.8
2022-06-15 21:00:00,1223.0,29.4
2022-06-15 22:00:00,1112.0,29.6
2022-06-15 23:00:00,1052.0,29.4
2022-06-16 00:00:00,1058.0,28.6
2022-06-16 01:00:00,960.0,28.2
2022-06-16 02:00:00,923.0,28.0
2022-06-16 03:00:00,882.0,27.4
2022-06-16 04:00:00,863.0,26.9
2022-06-16 05:00:00,869.0,26.6
2022-06-16 06:00:00,978.0,26.5
2022-06-16 07:00:00,1041.0,26.7
2022-06-16 08:00:00,1088.0,28.7
2022-06-16 09:00:00,1182.0,29.2
2022-06-16 10:00:00,1204.0,29.3
2022-06-16 11:00:00,1249.0,30.2
2022-06-16 12:00:00,1149.0,30.8
2022-06-16 13:00:00,1143.0,31.0
2022-06-16 14:00:00,1136.0,32.5
2022-06-16 15:00:00,1135.0,32.0
2022-06-16 16:00:00,1156.0,33.0
2022-06-16 17:00:00,1192.0,32.4
2022-06-16 18:00:00,1133.0,30.5
2022-06-16 19:00:00,1130.0,29.0
2022-06-16 20:00:00,1226.0,28.0
2022-06-16 21:00:00,1229.0,27.5
2022-06-16 22:00:00,1098.0,27.0
2022-06-16 23:00:00,1029.0,26.7
2022-06-17 00:00:00,1027.0,26.1
2022-06-17 01:00:00,951.0,24.9
2022-06-17 02:00:00,894.0,25.5
2022-06-17 03:00:00,866.0,25.3
2022-06-17 04:00:00,849.0,25.1
2022-06-17 05:00:00,862.0,25.0
2022-06-17 06:00:00,975.0,25.0
2022-06-17 07:00:00,1012.0,25.1
2022-06-17 08:00:00,1062.0,26.1
2022-06-17 09:00:00,1132.0,24.8
2022-06-17 10:00:00,1149.0,26.1
2022-06-17 11:00:00,1185.0,27.0
2022-06-17 12:00:00,1064.0,26.7
2022-06-17 13:00:00,1028.0,24.8
2022-06-17 14:00:00,1016.0,25.2
2022-06-17 15:00:00,1042.0,26.2
2022-06-17 16:00:00,1042.0,26.3
2022-06-17 17:00:00,1108.0,26.7
2022-06-17 18:00:00,1052.0,26.9
2022-06-17 19:00:00,1047.0,26.4
2022-06-17 20:00:00,1132.0,26.0
2022-06-17 21:00:00,1111.0,25.8
2022-06-17 22:00:00,1040.0,25.6
2022-06-17 23:00:00,974.0,25.3
2022-06-18 00:00:00,963.0,25.2
2022-06-18 01:00:00,874.0,25.0
2022-06-18 02:00:00,868.0,25.0
2022-06-18 03:00:00,822.0,24.9
2022-06-18 04:00:00,806.0,24.9
2022-06-18 05:00:00,815.0,24.9
2022-06-18 06:00:00,913.0,24.8
2022-06-18 07:00:00,999.0,25.0
2022-06-18 08:00:00,1070.0,25.2
2022-06-18 09:00:00,1109.0,26.5
2022-06-18 10:00:00,1135.0,26.9
2022-06-18 11:00:00,1150.0,27.7
2022-06-18 12:00:00,1052.0,27.7
2022-06-18 13:00:00,1037.0,28.3
2022-06-18 14:00:00,1027.0,27.2
2022-06-18 15:00:00,1033.0,27.3
2022-06-18 16:00:00,1054.0,27.3
2022-06-18 17:00:00,1132.0,27.4
2022-06-18 18:00:00,1046.0,27.1
2022-06-18 19:00:00,1044.0,26.8
2022-06-18 20:00:00,1130.0,26.6
2022-06-18 21:00:00,1089.0,26.5
2022-06-18 22:00:00,996.0,26.5
2022-06-18 23:00:00,934.0,26.6
2022-06-19 00:00:00,958.0,25.8
2022-06-19 01:00:00,894.0,25.5
2022-06-19 02:00:00,845.0,25.5
2022-06-19 03:00:00,832.0,25.4
2022-06-19 04:00:00,810.0,25.6
2022-06-19 05:00:00,817.0,25.6
2022-06-19 06:00:00,913.0,25.6
2022-06-19 07:00:00,988.0,26.0
2022-06-19 08:00:00,1046.0,26.5
2022-06-19 09:00:00,1119.0,27.6
2022-06-19 10:00:00,1116.0,27.7
2022-06-19 11:00:00,1154.0,28.0
2022-06-19 12:00:00,1055.0,28.4
2022-06-19 13:00:00,1036.0,29.1
2022-06-19 14:00:00,1028.0,29.8
2022-06-19 15:00:00,1041.0,29.2
2022-06-19 16:00:00,1065.0,29.2
2022-06-19 17:00:00,1118.0,28.7
2022-06-19 18:00:00,1092.0,28.5
2022-06-19 19:00:00,1086.0,28.2
2022-06-19 20:00:00,1185.0,27.8
2022-06-19 21:00:00,1146.0,27.6
2022-06-19 22:00:00,1019.0,27.1
2022-06-19 23:00:00,945.0,26.9
2022-06-20 00:00:00,935.0,26.8
2022-06-20 01:00:00,860.0,26.7
2022-06-20 02:00:00,825.0,26.2
2022-06-20 03:00:00,803.0,26.2
2022-06-20 04:00:00,781.0,25.9
2022-06-20 05:00:00,799.0,25.7
2022-06-20 06:00:00,930.0,25.6
2022-06-20 07:00:00,1033.0,26.5
2022-06-20 08:00:00,1097.0,27.5
2022-06-20 09:00:00,1176.0,28.2
2022-06-20 10:00:00,1211.0,29.1
2022-06-20 11:00:00,1240.0,30.1
2022-06-20 12:00:00,1181.0,30.7
2022-06-20 13:00:00,1146.0,30.9
2022-06-20 14:00:00,1129.0,30.6
2022-06-20 15:00:00,1136.0,31.8
2022-06-20 16:00:00,1166.0,30.6
2022-06-20 17:00:00,1210.0,30.1
2022-06-20 18:00:00,1146.0,28.6
2022-06-20 19:00:00,1141.0,28.3
2022-06-20 20:00:00,1226.0,26.8
2022-06-20 21:00:00,1202.0,26.5
2022-06-20 22:00:00,1070.0,26.6
2022-06-20 23:00:00,997.0,26.6
2022-06-21 00:00:00,990.0,26.3
2022-06-21 01:00:00,916.0,26.0
2022-06-21 02:00:00,892.0,26.0
2022-06-21 03:00:00,844.0,25.9
2022-06-21 04:00:00,825.0,25.8
2022-06-21 05:00:00,826.0,25.7
2022-06-21 06:00:00,933.0,25.8
2022-06-21 07:00:00,999.0,26.4
2022-06-21 08:00:00,1103.0,27.3
2022-06-21 09:00:00,1191.0,29.0
2022-06-21 10:00:00,1218.0,29.8
2022-06-21 11:00:00,1266.0,30.1
2022-06-21 12:00:00,1174.0,31.3
2022-06-21 13:00:00,1199.0,31.6
2022-06-21 14:00:00,1162.0,28.9
2022-06-21 15:00:00,1187.0,28.5
2022-06-21 16:00:00,1207.0,29.6
2022-06-21 17:00:00,1255.0,29.8
2022-06-21 18:00:00,1191.0,29.6
2022-06-21 19:00:00,1179.0,29.2
2022-06-21 20:00:00,1266.0,28.8
2022-06-21 21:00:00,1257.0,28.5
2022-06-21 22:00:00,1122.0,28.0
2022-06-21 23:00:00,1049.0,27.5
2022-06-22 00:00:00,1049.0,27.1
2022-06-22 01:00:00,955.0,27.0
2022-06-22 02:00:00,915.0,27.0
2022-06-22 03:00:00,887.0,26.8
2022-06-22 04:00:00,862.0,26.9
2022-06-22 05:00:00,851.0,26.6
2022-06-22 06:00:00,952.0,26.8
2022-06-22 07:00:00,1050.0,26.7
2022-06-22 08:00:00,1097.0,28.6
2022-06-22 09:00:00,1196.0,29.9
2022-06-22 10:00:00,1262.0,29.2
2022-06-22 11:00:00,1249.0,29.8
2022-06-22 12:00:00,1164.0,31.6
2022-06-22 13:00:00,1185.0,32.6
2022-06-22 14:00:00,1179.0,33.1
2022-06-22 15:00:00,1208.0,33.0
2022-06-22 16:00:00,1241.0,32.2
2022-06-22 17:00:00,1286.0,32.2
2022-06-22 18:00:00,1198.0,31.9
2022-06-22 19:00:00,1192.0,30.9
2022-06-22 20:00:00,1301.0,29.7
2022-06-22 21:00:00,1322.0,29.1
2022-06-22 22:00:00,1223.0,29.0
2022-06-22 23:00:00,1120.0,28.6
2022-06-23 00:00:00,1114.0,28.5
2022-06-23 01:00:00,1018.0,28.9
2022-06-23 02:00:00,950.0,28.9
2022-06-23 03:00:00,921.0,28.9
2022-06-23 04:00:00,895.0,28.9
2022-06-23 05:00:00,889.0,28.7
2022-06-23 06:00:00,1001.0,28.8
2022-06-23 07:00:00,1070.0,28.8
2022-06-23 08:00:00,1150.0,29.5
2022-06-23 09:00:00,1222.0,31.1
2022-06-23 10:00:00,1286.0,32.4
2022-06-23 11:00:00,1332.0,33.0
2022-06-23 12:00:00,1295.0,32.8
2022-06-23 13:00:00,1273.0,34.0
2022-06-23 14:00:00,1318.0,34.0
2022-06-23 15:00:00,1310.0,35.0
2022-06-23 16:00:00,1323.0,35.5
2022-06-23 17:00:00,1377.0,34.4
2022-06-23 18:00:00,1314.0,34.0
2022-06-23 19:00:00,1323.0,33.1
2022-06-23 20:00:00,1461.0,32.6
2022-06-23 21:00:00,1506.0,32.3
2022-06-23 22:00:00,1413.0,31.9
2022-06-23 23:00:00,1315.0,31.8
2022-06-24 00:00:00,1262.0,31.7
2022-06-24 01:00:00,1184.0,31.3
2022-06-24 02:00:00,1123.0,31.0
2022-06-24 03:00:00,1079.0,30.8
2022-06-24 04:00:00,1022.0,30.6
2022-06-24 05:00:00,1029.0,29.7
2022-06-24 06:00:00,1092.0,29.6
2022-06-24 07:00:00,1146.0,29.7
2022-06-24 08:00:00,1218.0,30.1
2022-06-24 09:00:00,1319.0,30.9
2022-06-24 10:00:00,1354.0,31.3
2022-06-24 11:00:00,1376.0,31.6
2022-06-24 12:00:00,1295.0,32.3
2022-06-24 13:00:00,1326.0,33.0
2022-06-24 14:00:00,1310.0,33.8
2022-06-24 15:00:00,1321.0,33.7
2022-06-24 16:00:00,1328.0,32.7
2022-06-24 17:00:00,1359.0,32.3
2022-06-24 18:00:00,1292.0,31.8
2022-06-24 19:00:00,1303.0,31.8
2022-06-24 20:00:00,1429.0,31.7
2022-06-24 21:00:00,1494.0,30.6
2022-06-24 22:00:00,1405.0,31.1
2022-06-24 23:00:00,1333.0,31.3
2022-06-25 00:00:00,1296.0,30.3
2022-06-25 01:00:00,1188.0,30.1
2022-06-25 02:00:00,1122.0,29.7
2022-06-25 03:00:00,1079.0,29.6
2022-06-25 04:00:00,1015.0,29.0
2022-06-25 05:00:00,1008.0,28.9
2022-06-25 06:00:00,1085.0,28.9
2022-06-25 07:00:00,1112.0,29.0
2022-06-25 08:00:00,1172.0,30.0
2022-06-25 09:00:00,1223.0,31.2
2022-06-25 10:00:00,1277.0,32.7
2022-06-25 11:00:00,1362.0,34.0
2022-06-25 12:00:00,1309.0,34.8
2022-06-25 13:00:00,1388.0,35.2
2022-06-25 14:00:00,1389.0,35.5
2022-06-25 15:00:00,1400.0,35.3
2022-06-25 16:00:00,1387.0,35.7
2022-06-25 17:00:00,1436.0,35.7
2022-06-25 18:00:00,1350.0,35.0
2022-06-25 19:00:00,1341.0,34.0
2022-06-25 20:00:00,1491.0,33.3
2022-06-25 21:00:00,1593.0,32.8
2022-06-25 22:00:00,1550.0,32.4
2022-06-25 23:00:00,1455.0,32.0
2022-06-26 00:00:00,1408.0,31.8
2022-06-26 01:00:00,1304.0,31.4
2022-06-26 02:00:00,1209.0,30.9
2022-06-26 03:00:00,1158.0,30.4
2022-06-26 04:00:00,1092.0,29.8
2022-06-26 05:00:00,1073.0,29.4
2022-06-26 06:00:00,1105.0,29.3
2022-06-26 07:00:00,1141.0,29.8
2022-06-26 08:00:00,1201.0,30.4
2022-06-26 09:00:00,1275.0,31.5
2022-06-26 10:00:00,1302.0,32.7
2022-06-26 11:00:00,1371.0,34.2
2022-06-26 12:00:00,1305.0,34.8
2022-06-26 13:00:00,1398.0,35.2
2022-06-26 14:00:00,1414.0,35.1
2022-06-26 15:00:00,1427.0,35.4
2022-06-26 16:00:00,1411.0,35.4
2022-06-26 17:00:00,1432.0,35.2
2022-06-26 18:00:00,1358.0,34.4
2022-06-26 19:00:00,1339.0,33.6
2022-06-26 20:00:00,1526.0,33.0
2022-06-26 21:00:00,1665.0,32.7
2022-06-26 22:00:00,1579.0,32.6
2022-06-26 23:00:00,1466.0,31.9
2022-06-27 00:00:00,1434.0,31.4
2022-06-27 01:00:00,1308.0,31.6
2022-06-27 02:00:00,1257.0,31.4
2022-06-27 03:00:00,1193.0,30.8
2022-06-27 04:00:00,1135.0,30.5
2022-06-27 05:00:00,1113.0,30.2
2022-06-27 06:00:00,1175.0,30.1
2022-06-27 07:00:00,1157.0,30.1
2022-06-27 08:00:00,1242.0,31.2
2022-06-27 09:00:00,1350.0,31.3
2022-06-27 10:00:00,1397.0,31.9
2022-06-27 11:00:00,1446.0,33.1
2022-06-27 12:00:00,1406.0,34.1
2022-06-27 13:00:00,1459.0,34.8
2022-06-27 14:00:00,1450.0,34.3
2022-06-27 15:00:00,1460.0,34.9
2022-06-27 16:00:00,1417.0,35.2
2022-06-27 17:00:00,1442.0,34.8
2022-06-27 18:00:00,1368.0,33.9
2022-06-27 19:00:00,1386.0,33.3
2022-06-27 20:00:00,1572.0,32.7
2022-06-27 21:00:00,1676.0,32.4
2022-06-27 22:00:00,1589.0,32.0
2022-06-27 23:00:00,1507.0,31.8
2022-06-28 00:00:00,1462.0,31.2
2022-06-28 01:00:00,1354.0,30.5
2022-06-28 02:00:00,1275.0,29.5
2022-06-28 03:00:00,1199.0,29.6
2022-06-28 04:00:00,1142.0,29.9
2022-06-28 05:00:00,1107.0,27.4
2022-06-28 06:00:00,1124.0,26.9
2022-06-28 07:00:00,1160.0,27.5
2022-06-28 08:00:00,1229.0,28.6
2022-06-28 09:00:00,1337.0,28.5
2022-06-28 10:00:00,1388.0,29.8
2022-06-28 11:00:00,1403.0,31.1
2022-06-28 12:00:00,1396.0,31.7
2022-06-28 13:00:00,1398.0,31.7
2022-06-28 14:00:00,1425.0,33.1
2022-06-28 15:00:00,1436.0,33.7
2022-06-28 16:00:00,1418.0,34.1
2022-06-28 17:00:00,1499.0,33.2
2022-06-28 18:00:00,1401.0,33.0
2022-06-28 19:00:00,1406.0,32.0
2022-06-28 20:00:00,1549.0,30.9
2022-06-28 21:00:00,1692.0,30.4
2022-06-28 22:00:00,1611.0,30.1
2022-06-28 23:00:00,1510.0,29.8
2022-06-29 00:00:00,1454.0,29.5
2022-06-29 01:00:00,1308.0,28.9
2022-06-29 02:00:00,1236.0,28.3
2022-06-29 03:00:00,1161.0,28.1
2022-06-29 04:00:00,1127.0,27.6
2022-06-29 05:00:00,1099.0,27.6
2022-06-29 06:00:00,1171.0,27.6
2022-06-29 07:00:00,1183.0,28.8
2022-06-29 08:00:00,1253.0,29.7
2022-06-29 09:00:00,1354.0,30.8
2022-06-29 10:00:00,1423.0,31.7
2022-06-29 11:00:00,1483.0,33.4
2022-06-29 12:00:00,1428.0,34.7
2022-06-29 13:00:00,1508.0,34.5
2022-06-29 14:00:00,1502.0,35.2
2022-06-29 15:00:00,1499.0,34.0
2022-06-29 16:00:00,1494.0,34.1
2022-06-29 17:00:00,1514.0,34.2
2022-06-29 18:00:00,1436.0,32.4
2022-06-29 19:00:00,1416.0,31.0
2022-06-29 20:00:00,1528.0,30.1
2022-06-29 21:00:00,1660.0,29.3
2022-06-29 22:00:00,1563.0,28.9
2022-06-29 23:00:00,1462.0,28.9
2022-06-30 00:00:00,1388.0,28.8
2022-06-30 01:00:00,1288.0,28.5
2022-06-30 02:00:00,1199.0,28.0
2022-06-30 03:00:00,1164.0,27.9
2022-06-30 04:00:00,1126.0,27.8
2022-06-30 05:00:00,1084.0,27.6
2022-06-30 06:00:00,1140.0,27.3
2022-06-30 07:00:00,1185.0,27.6
2022-06-30 08:00:00,1245.0,28.1
2022-06-30 09:00:00,1353.0,29.3
2022-06-30 10:00:00,1419.0,29.4
2022-06-30 11:00:00,1442.0,29.8
2022-06-30 12:00:00,1437.0,31.2
2022-06-30 13:00:00,1483.0,33.5
2022-06-30 14:00:00,1489.0,34.3
2022-06-30 15:00:00,1490.0,34.5
2022-06-30 16:00:00,1465.0,34.2
2022-06-30 17:00:00,1509.0,33.5
2022-06-30 18:00:00,1418.0,33.2
2022-06-30 19:00:00,1429.0,32.6
2022-06-30 20:00:00,1607.0,31.8
2022-06-30 21:00:00,1744.0,31.5
2022-06-30 22:00:00,1638.0,31.4
2022-06-30 23:00:00,1520.0,31.0
2022-07-01 00:00:00,1475.0,30.6
2022-07-01 01:00:00,1359.0,30.6
2022-07-01 02:00:00,1280.0,30.2
2022-07-01 03:00:00,1225.0,29.4
2022-07-01 04:00:00,1171.0,29.1
2022-07-01 05:00:00,1148.0,29.2
2022-07-01 06:00:00,1204.0,28.8
2022-07-01 07:00:00,1246.0,29.5
2022-07-01 08:00:00,1330.0,31.1
2022-07-01 09:00:00,1426.0,31.7
2022-07-01 10:00:00,1497.0,32.8
2022-07-01 11:00:00,1541.0,33.2
2022-07-01 12:00:00,1491.0,34.2
2022-07-01 13:00:00,1556.0,34.1
2022-07-01 14:00:00,1535.0,34.3
2022-07-01 15:00:00,1517.0,35.1
2022-07-01 16:00:00,1492.0,34.7
2022-07-01 17:00:00,1504.0,34.2
2022-07-01 18:00:00,1317.0,27.6
2022-07-01 19:00:00,1244.0,26.1
2022-07-01 20:00:00,1389.0,26.7
2022-07-01 21:00:00,1451.0,27.0
2022-07-01 22:00:00,1376.0,27.0
2022-07-01 23:00:00,1304.0,27.2
2022-07-02 00:00:00,1291.0,27.0
2022-07-02 01:00:00,1204.0,27.3
2022-07-02 02:00:00,1136.0,26.9
2022-07-02 03:00:00,1082.0,26.7
2022-07-02 04:00:00,1039.0,26.4
2022-07-02 05:00:00,1022.0,26.4
2022-07-02 06:00:00,1093.0,26.2
2022-07-02 07:00:00,1131.0,27.5
2022-07-02 08:00:00,1176.0,29.8
2022-07-02 09:00:00,1282.0,30.0
2022-07-02 10:00:00,1348.0,30.7
2022-07-02 11:00:00,1400.0,32.3
2022-07-02 12:00:00,1380.0,32.8
2022-07-02 13:00:00,1415.0,33.4
2022-07-02 14:00:00,1444.0,34.3
2022-07-02 15:00:00,1443.0,34.5
2022-07-02 16:00:00,1379.0,30.0
2022-07-02 17:00:00,1285.0,26.8
2022-07-02 18:00:00,1167.0,27.5
2022-07-02 19:00:00,1170.0,27.5
2022-07-02 20:00:00,1320.0,27.4
2022-07-02 21:00:00,1356.0,27.7
2022-07-02 22:00:00,1269.0,27.5
2022-07-02 23:00:00,1212.0,27.7
2022-07-03 00:00:00,1212.0,27.1
2022-07-03 01:00:00,1132.0,27.1
2022-07-03 02:00:00,1066.0,27.1
2022-07-03 03:00:00,1022.0,27.1
2022-07-03 04:00:00,1008.0,27.2
2022-07-03 05:00:00,984.0,27.1
2022-07-03 06:00:00,1049.0,27.0
2022-07-03 07:00:00,1095.0,27.2
2022-07-03 08:00:00,1152.0,28.1
2022-07-03 09:00:00,1204.0,29.1
2022-07-03 10:00:00,1248.0,28.9
2022-07-03 11:00:00,1245.0,28.8
2022-07-03 12:00:00,1168.0,30.0
2022-07-03 13:00:00,1183.0,29.2
2022-07-03 14:00:00,1154.0,30.1
2022-07-03 15:00:00,1165.0,30.8
2022-07-03 16:00:00,1167.0,29.7
2022-07-03 17:00:00,1219.0,28.6
2022-07-03 18:00:00,1135.0,28.7
2022-07-03 19:00:00,1143.0,28.1
2022-07-03 20:00:00,1299.0,27.6
2022-07-03 21:00:00,1269.0,27.0
2022-07-03 22:00:00,1165.0,27.2
2022-07-03 23:00:00,1087.0,27.0
2022-07-04 00:00:00,1104.0,26.9
2022-07-04 01:00:00,1009.0,26.9
2022-07-04 02:00:00,977.0,26.2
2022-07-04 03:00:00,932.0,25.3
2022-07-04 04:00:00,907.0,25.5
2022-07-04 05:00:00,887.0,25.9
2022-07-04 06:00:00,972.0,26.0
2022-07-04 07:00:00,1059.0,26.0
2022-07-04 08:00:00,1083.0,26.4
2022-07-04 09:00:00,1201.0,27.2
2022-07-04 10:00:00,1251.0,28.0
2022-07-04 11:00:00,1274.0,28.2
2022-07-04 12:00:00,1159.0,27.7
2022-07-04 13:00:00,1152.0,28.2
2022-07-04 14:00:00,1153.0,26.9
2022-07-04 15:00:00,1116.0,27.2
2022-07-04 16:00:00,1132.0,27.4
2022-07-04 17:00:00,1181.0,25.8
2022-07-04 18:00:00,1120.0,25.8
2022-07-04 19:00:00,1148.0,25.1
2022-07-04 20:00:00,1172.0,25.1
2022-07-04 21:00:00,1121.0,25.3
2022-07-04 22:00:00,1044.0,25.6
2022-07-04 23:00:00,1014.0,25.4
2022-07-05 00:00:00,1047.0,25.2
2022-07-05 01:00:00,987.0,25.3
2022-07-05 02:00:00,952.0,25.4
2022-07-05 03:00:00,935.0,25.4
2022-07-05 04:00:00,936.0,25.2
2022-07-05 05:00:00,927.0,25.1
2022-07-05 06:00:00,1007.0,25.3
2022-07-05 07:00:00,1117.0,25.6
2022-07-05 08:00:00,1180.0,26.1
2022-07-05 09:00:00,1267.0,26.9
2022-07-05 10:00:00,1293.0,28.8
2022-07-05 11:00:00,1318.0,29.5
2022-07-05 12:00:00,1268.0,30.9
2022-07-05 13:00:00,1278.0,32.5
2022-07-05 14:00:00,1289.0,33.1
2022-07-05 15:00:00,1296.0,33.7
2022-07-05 16:00:00,1333.0,32.4
2022-07-05 17:00:00,1379.0,32.0
2022-07-05 18:00:00,1308.0,32.4
2022-07-05 19:00:00,1321.0,31.6
2022-07-05 20:00:00,1462.0,30.3
2022-07-05 21:00:00,1514.0,29.6
2022-07-05 22:00:00,1415.0,29.5
2022-07-05 23:00:00,1337.0,29.2
2022-07-06 00:00:00,1299.0,29.2
2022-07-06 01:00:00,1201.0,28.6
2022-07-06 02:00:00,1024.0,24.3
2022-07-06 03:00:00,969.0,24.0
2022-07-06 04:00:00,940.0,23.9
2022-07-06 05:00:00,933.0,23.9
2022-07-06 06:00:00,1009.0,24.1
2022-07-06 07:00:00,1101.0,25.3
2022-07-06 08:00:00,1162.0,26.0
2022-07-06 09:00:00,1236.0,27.2
2022-07-06 10:00:00,1271.0,28.5
2022-07-06 11:00:00,1308.0,30.4
2022-07-06 12:00:00,1249.0,31.2
2022-07-06 13:00:00,1297.0,31.9
2022-07-06 14:00:00,1309.0,31.9
2022-07-06 15:00:00,1319.0,31.6
2022-07-06 16:00:00,1305.0,32.5
2022-07-06 17:00:00,1355.0,32.9
2022-07-06 18:00:00,1280.0,32.0
2022-07-06 19:00:00,1272.0,31.4
2022-07-06 20:00:00,1404.0,30.6
2022-07-06 21:00:00,1475.0,30.2
2022-07-06 22:00:00,1382.0,29.8
2022-07-06 23:00:00,1281.0,29.4
2022-07-07 00:00:00,1244.0,28.9
2022-07-07 01:00:00,1160.0,28.8
2022-07-07 02:00:00,1091.0,28.6
2022-07-07 03:00:00,1044.0,28.5
2022-07-07 04:00:00,1017.0,28.3
2022-07-07 05:00:00,1000.0,27.7
2022-07-07 06:00:00,1072.0,27.2
2022-07-07 07:00:00,1130.0,27.1
2022-07-07 08:00:00,1170.0,28.3
2022-07-07 09:00:00,1297.0,29.0
2022-07-07 10:00:00,1339.0,31.1
2022-07-07 11:00:00,1378.0,31.6
2022-07-07 12:00:00,1311.0,32.6
2022-07-07 13:00:00,1355.0,32.7
2022-07-07 14:00:00,1319.0,31.6
2022-07-07 15:00:00,1299.0,31.7
2022-07-07 16:00:00,1326.0,32.7
2022-07-07 17:00:00,1327.0,28.9
2022-07-07 18:00:00,1236.0,27.9
2022-07-07 19:00:00,1200.0,27.1
2022-07-07 20:00:00,1315.0,27.1
2022-07-07 21:00:00,1309.0,27.4
2022-07-07 22:00:00,1213.0,27.4
2022-07-07 23:00:00,1143.0,27.3
2022-07-08 00:00:00,1153.0,27.4
2022-07-08 01:00:00,1066.0,27.4
2022-07-08 02:00:00,1006.0,27.3
2022-07-08 03:00:00,975.0,27.2
2022-07-08 04:00:00,940.0,27.2
2022-07-08 05:00:00,941.0,27.2
2022-07-08 06:00:00,995.0,27.2
2022-07-08 07:00:00,1073.0,27.9
2022-07-08 08:00:00,1157.0,29.1
2022-07-08 09:00:00,1262.0,30.5
2022-07-08 10:00:00,1313.0,31.4
2022-07-08 11:00:00,1362.0,32.2
2022-07-08 12:00:00,1310.0,33.6
2022-07-08 13:00:00,1366.0,34.3
2022-07-08 14:00:00,1365.0,33.7
2022-07-08 15:00:00,1371.0,34.2
2022-07-08 16:00:00,1379.0,34.8
2022-07-08 17:00:00,1424.0,35.2
2022-07-08 18:00:00,1317.0,33.8
2022-07-08 19:00:00,1306.0,33.1
2022-07-08 20:00:00,1455.0,32.4
2022-07-08 21:00:00,1539.0,31.0
2022-07-08 22:00:00,1448.0,30.4
2022-07-08 23:00:00,1340.0,30.4
2022-07-09 00:00:00,1317.0,30.1
2022-07-09 01:00:00,1194.0,29.8
2022-07-09 02:00:00,1142.0,29.7
2022-07-09 03:00:00,1090.0,29.7
2022-07-09 04:00:00,1034.0,29.5
2022-07-09 05:00:00,1032.0,29.0
2022-07-09 06:00:00,1093.0,28.7
2022-07-09 07:00:00,1118.0,29.8
2022-07-09 08:00:00,1185.0,31.4
2022-07-09 09:00:00,1251.0,32.5
2022-07-09 10:00:00,1322.0,33.5
2022-07-09 11:00:00,1402.0,34.4
2022-07-09 12:00:00,1379.0,35.5
2022-07-09 13:00:00,1451.0,36.3
2022-07-09 14:00:00,1493.0,35.7
2022-07-09 15:00:00,1483.0,36.0
2022-07-09 16:00:00,1459.0,36.2
2022-07-09 17:00:00,1484.0,36.2
2022-07-09 18:00:00,1400.0,35.7
2022-07-09 19:00:00,1399.0,34.6
2022-07-09 20:00:00,1597.0,33.7
2022-07-09 21:00:00,1731.0,33.2
2022-07-09 22:00:00,1666.0,32.8
2022-07-09 23:00:00,1580.0,32.1
2022-07-10 00:00:00,1525.0,31.9
2022-07-10 01:00:00,1393.0,31.4
2022-07-10 02:00:00,1298.0,30.9
2022-07-10 03:00:00,1218.0,31.2
2022-07-10 04:00:00,1171.0,31.0
2022-07-10 05:00:00,1126.0,30.7
2022-07-10 06:00:00,1156.0,30.1
2022-07-10 07:00:00,1158.0,30.7
2022-07-10 08:00:00,1200.0,31.9
2022-07-10 09:00:00,1291.0,33.1
2022-07-10 10:00:00,1366.0,33.8
2022-07-10 11:00:00,1467.0,34.9
2022-07-10 12:00:00,1434.0,35.7
2022-07-10 13:00:00,1518.0,36.1
2022-07-10 14:00:00,1554.0,36.8
2022-07-10 15:00:00,1552.0,36.6
2022-07-10 16:00:00,1524.0,36.7
2022-07-10 17:00:00,1537.0,36.8
2022-07-10 18:00:00,1461.0,36.1
2022-07-10 19:00:00,1445.0,35.1
2022-07-10 20:00:00,1641.0,34.3
2022-07-10 21:00:00,1829.0,33.4
2022-07-10 22:00:00,1772.0,33.1
2022-07-10 23:00:00,1658.0,32.6
2022-07-11 00:00:00,1622.0,32.6
2022-07-11 01:00:00,1468.0,32.1
2022-07-11 02:00:00,1393.0,31.3
2022-07-11 03:00:00,1303.0,31.6
2022-07-11 04:00:00,1250.0,31.2
2022-07-11 05:00:00,1216.0,31.1
2022-07-11 06:00:00,1210.0,30.3
2022-07-11 07:00:00,1221.0,31.2
2022-07-11 08:00:00,1328.0,32.0
2022-07-11 09:00:00,1421.0,33.0
2022-07-11 10:00:00,1488.0,34.1
2022-07-11 11:00:00,1599.0,35.1
2022-07-11 12:00:00,1563.0,35.9
2022-07-11 13:00:00,1665.0,36.3
2022-07-11 14:00:00,1694.0,36.8
2022-07-11 15:00:00,1696.0,36.5
2022-07-11 16:00:00,1662.0,36.7
2022-07-11 17:00:00,1684.0,36.7
2022-07-11 18:00:00,1556.0,36.2
2022-07-11 19:00:00,1534.0,35.2
2022-07-11 20:00:00,1742.0,34.1
2022-07-11 21:00:00,1926.0,33.9
2022-07-11 22:00:00,1893.0,33.3
2022-07-11 23:00:00,1781.0,32.9
2022-07-12 00:00:00,1726.0,32.5
2022-07-12 01:00:00,1572.0,32.3
2022-07-12 02:00:00,1483.0,32.0
2022-07-12 03:00:00,1386.0,31.5
2022-07-12 04:00:00,1333.0,31.0
2022-07-12 05:00:00,1261.0,30.8
2022-07-12 06:00:00,1263.0,30.3
2022-07-12 07:00:00,1267.0,30.9
2022-07-12 08:00:00,1350.0,32.0
2022-07-12 09:00:00,1478.0,33.0
2022-07-12 10:00:00,1552.0,34.2
2022-07-12 11:00:00,1656.0,34.9
2022-07-12 12:00:00,1637.0,35.6
2022-07-12 13:00:00,1724.0,35.8
2022-07-12 14:00:00,1758.0,36.4
2022-07-12 15:00:00,1752.0,36.9
2022-07-12 16:00:00,1721.0,37.1
2022-07-12 17:00:00,1715.0,36.6
2022-07-12 18:00:00,1600.0,35.9
2022-07-12 19:00:00,1586.0,35.1
2022-07-12 20:00:00,1798.0,34.1
2022-07-12 21:00:00,1983.0,33.6
2022-07-12 22:00:00,1934.0,33.4
2022-07-12 23:00:00,1822.0,33.1
2022-07-13 00:00:00,1750.0,32.7
2022-07-13 01:00:00,1616.0,32.4
2022-07-13 02:00:00,1522.0,32.3
2022-07-13 03:00:00,1429.0,31.9
2022-07-13 04:00:00,1335.0,31.6
2022-07-13 05:00:00,1271.0,31.1
2022-07-13 06:00:00,1298.0,31.0
2022-07-13 07:00:00,1291.0,31.1
2022-07-13 08:00:00,1369.0,32.0
2022-07-13 09:00:00,1506.0,33.0
2022-07-13 10:00:00,1570.0,34.2
2022-07-13 11:00:00,1652.0,35.1
2022-07-13 12:00:00,1660.0,36.4
2022-07-13 13:00:00,1762.0,36.7
2022-07-13 14:00:00,1785.0,37.2
2022-07-13 15:00:00,1778.0,37.1
2022-07-13 16:00:00,1757.0,37.3
2022-07-13 17:00:00,1748.0,37.0
2022-07-13 18:00:00,1603.0,36.4
2022-07-13 19:00:00,1569.0,35.3
2022-07-13 20:00:00,1817.0,34.3
2022-07-13 21:00:00,2004.0,33.8
2022-07-13 22:00:00,1948.0,33.2
2022-07-13 23:00:00,1843.0,32.8
2022-07-14 00:00:00,1772.0,32.2
2022-07-14 01:00:00,1644.0,32.3
2022-07-14 02:00:00,1522.0,31.7
2022-07-14 03:00:00,1436.0,31.2
2022-07-14 04:00:00,1377.0,31.1
2022-07-14 05:00:00,1304.0,31.1
2022-07-14 06:00:00,1298.0,30.8
2022-07-14 07:00:00,1317.0,31.2
2022-07-14 08:00:00,1397.0,31.8
2022-07-14 09:00:00,1524.0,33.3
2022-07-14 10:00:00,1611.0,34.2
2022-07-14 11:00:00,1711.0,35.6
2022-07-14 12:00:00,1718.0,36.3
2022-07-14 13:00:00,1796.0,37.0
2022-07-14 14:00:00,1831.0,36.9
2022-07-14 15:00:00,1809.0,37.2
2022-07-14 16:00:00,1783.0,37.3
2022-07-14 17:00:00,1745.0,36.8
2022-07-14 18:00:00,1634.0,36.2
2022-07-14 19:00:00,1608.0,35.4
2022-07-14 20:00:00,1834.0,34.5
2022-07-14 21:00:00,2019.0,33.9
2022-07-14 22:00:00,1970.0,33.7
2022-07-14 23:00:00,1853.0,33.0
2022-07-15 00:00:00,1800.0,33.1
2022-07-15 01:00:00,1656.0,32.6
2022-07-15 02:00:00,1551.0,32.3
2022-07-15 03:00:00,1473.0,31.9
2022-07-15 04:00:00,1394.0,31.8
2022-07-15 05:00:00,1325.0,31.5
2022-07-15 06:00:00,1315.0,31.5
2022-07-15 07:00:00,1325.0,30.9
2022-07-15 08:00:00,1390.0,31.0
2022-07-15 09:00:00,1506.0,32.8
2022-07-15 10:00:00,1607.0,34.3
2022-07-15 11:00:00,1706.0,35.2
2022-07-15 12:00:00,1698.0,36.4
2022-07-15 13:00:00,1797.0,36.7
2022-07-15 14:00:00,1829.0,38.0
2022-07-15 15:00:00,1826.0,37.4
2022-07-15 16:00:00,1762.0,37.8
2022-07-15 17:00:00,1766.0,37.8
2022-07-15 18:00:00,1617.0,37.2
2022-07-15 19:00:00,1601.0,35.4
2022-07-15 20:00:00,1836.0,34.6
2022-07-15 21:00:00,2035.0,34.0
2022-07-15 22:00:00,1967.0,33.5
2022-07-15 23:00:00,1840.0,33.0
2022-07-16 00:00:00,1794.0,32.7
2022-07-16 01:00:00,1662.0,32.6
2022-07-16 02:00:00,1564.0,32.0
2022-07-16 03:00:00,1472.0,31.8
2022-07-16 04:00:00,1408.0,31.3
2022-07-16 05:00:00,1340.0,30.9
2022-07-16 06:00:00,1307.0,30.3
2022-07-16 07:00:00,1305.0,30.6
2022-07-16 08:00:00,1343.0,31.8
2022-07-16 09:00:00,1436.0,33.3
2022-07-16 10:00:00,1533.0,34.3
2022-07-16 11:00:00,1636.0,35.5
2022-07-16 12:00:00,1642.0,36.7
2022-07-16 13:00:00,1734.0,36.9
2022-07-16 14:00:00,1759.0,36.9
2022-07-16 15:00:00,1757.0,36.4
2022-07-16 16:00:00,1711.0,37.2
2022-07-16 17:00:00,1711.0,36.7
2022-07-16 18:00:00,1610.0,35.8
2022-07-16 19:00:00,1595.0,35.1
2022-07-16 20:00:00,1856.0,34.5
2022-07-16 21:00:00,2029.0,34.0
2022-07-16 22:00:00,1982.0,33.7
2022-07-16 23:00:00,1865.0,33.1
2022-07-17 00:00:00,1791.0,32.5
2022-07-17 01:00:00,1653.0,31.9
2022-07-17 02:00:00,1538.0,31.7
2022-07-17 03:00:00,1447.0,31.1
2022-07-17 04:00:00,1385.0,30.8
2022-07-17 05:00:00,1337.0,30.4
2022-07-17 06:00:00,1297.0,30.4
2022-07-17 07:00:00,1290.0,30.4
2022-07-17 08:00:00,1308.0,30.4
2022-07-17 09:00:00,1380.0,30.8
2022-07-17 10:00:00,1409.0,30.8
2022-07-17 11:00:00,1429.0,31.6
2022-07-17 12:00:00,1378.0,30.8
2022-07-17 13:00:00,1364.0,29.4
2022-07-17 14:00:00,1330.0,29.3
2022-07-17 15:00:00,1331.0,30.0
2022-07-17 16:00:00,1327.0,30.6
2022-07-17 17:00:00,1353.0,30.4
2022-07-17 18:00:00,1320.0,30.3
2022-07-17 19:00:00,1358.0,30.1
2022-07-17 20:00:00,1575.0,29.5
2022-07-17 21:00:00,1624.0,29.2
2022-07-17 22:00:00,1517.0,29.0
2022-07-17 23:00:00,1400.0,29.2
2022-07-18 00:00:00,1380.0,29.1
2022-07-18 01:00:00,1271.0,28.8
2022-07-18 02:00:00,1197.0,28.8
2022-07-18 03:00:00,1145.0,28.3
2022-07-18 04:00:00,1131.0,28.0
2022-07-18 05:00:00,1098.0,28.1
2022-07-18 06:00:00,1148.0,28.0
2022-07-18 07:00:00,1186.0,28.8
2022-07-18 08:00:00,1291.0,29.9
2022-07-18 09:00:00,1402.0,30.6
2022-07-18 10:00:00,1477.0,31.3
2022-07-18 11:00:00,1532.0,32.8
2022-07-18 12:00:00,1503.0,33.1
2022-07-18 13:00:00,1589.0,34.0
2022-07-18 14:00:00,1579.0,33.0
2022-07-18 15:00:00,1546.0,33.8
2022-07-18 16:00:00,1517.0,33.3
2022-07-18 17:00:00,1518.0,33.1
2022-07-18 18:00:00,1433.0,32.7
2022-07-18 19:00:00,1435.0,31.5
2022-07-18 20:00:00,1642.0,30.6
2022-07-18 21:00:00,1727.0,30.5
2022-07-18 22:00:00,1626.0,29.5
2022-07-18 23:00:00,1514.0,29.0
2022-07-19 00:00:00,1474.0,28.9
2022-07-19 01:00:00,1372.0,28.6
2022-07-19 02:00:00,1262.0,28.5
2022-07-19 03:00:00,1199.0,28.3
2022-07-19 04:00:00,1170.0,28.2
2022-07-19 05:00:00,1126.0,27.4
2022-07-19 06:00:00,1154.0,27.3
2022-07-19 07:00:00,1178.0,27.6
2022-07-19 08:00:00,1261.0,28.6
2022-07-19 09:00:00,1358.0,29.8
2022-07-19 10:00:00,1450.0,30.6
2022-07-19 11:00:00,1435.0,27.8
2022-07-19 12:00:00,1369.0,30.0
2022-07-19 13:00:00,1421.0,29.9
2022-07-19 14:00:00,1405.0,30.9
2022-07-19 15:00:00,1417.0,32.2
2022-07-19 16:00:00,1425.0,33.5
2022-07-19 17:00:00,1470.0,33.7
2022-07-19 18:00:00,1366.0,33.1
2022-07-19 19:00:00,1394.0,32.1
2022-07-19 20:00:00,1611.0,31.5
2022-07-19 21:00:00,1704.0,31.1
2022-07-19 22:00:00,1610.0,30.8
2022-07-19 23:00:00,1492.0,30.6
2022-07-20 00:00:00,1456.0,30.2
2022-07-20 01:00:00,1340.0,29.9
2022-07-20 02:00:00,1269.0,29.5
2022-07-20 03:00:00,1231.0,29.5
2022-07-20 04:00:00,1165.0,29.4
2022-07-20 05:00:00,1129.0,29.3
2022-07-20 06:00:00,1182.0,29.3
2022-07-20 07:00:00,1234.0,29.7
2022-07-20 08:00:00,1326.0,31.7
2022-07-20 09:00:00,1450.0,32.5
2022-07-20 10:00:00,1528.0,34.2
2022-07-20 11:00:00,1618.0,34.4
2022-07-20 12:00:00,1544.0,34.9
2022-07-20 13:00:00,1604.0,34.9
2022-07-20 14:00:00,1607.0,36.0
2022-07-20 15:00:00,1562.0,36.5
2022-07-20 16:00:00,1491.0,34.9
2022-07-20 17:00:00,1413.0,28.6
2022-07-20 18:00:00,1269.0,26.1
2022-07-20 19:00:00,1287.0,26.4
2022-07-20 20:00:00,1424.0,26.8
2022-07-20 21:00:00,1446.0,26.7
2022-07-20 22:00:00,1376.0,26.8
2022-07-20 23:00:00,1310.0,26.9
2022-07-21 00:00:00,1298.0,26.8
2022-07-21 01:00:00,1191.0,27.0
2022-07-21 02:00:00,1146.0,27.0
2022-07-21 03:00:00,1106.0,27.0
2022-07-21 04:00:00,1076.0,26.6
2022-07-21 05:00:00,1044.0,27.1
2022-07-21 06:00:00,1101.0,26.7
2022-07-21 07:00:00,1148.0,27.1
2022-07-21 08:00:00,1210.0,27.9
2022-07-21 09:00:00,1337.0,29.5
2022-07-21 10:00:00,1399.0,30.3
2022-07-21 11:00:00,1456.0,31.2
2022-07-21 12:00:00,1412.0,32.0
2022-07-21 13:00:00,1495.0,33.8
2022-07-21 14:00:00,1539.0,34.9
2022-07-21 15:00:00,1507.0,35.8
2022-07-21 16:00:00,1475.0,31.6
2022-07-21 17:00:00,1465.0,31.5
2022-07-21 18:00:00,1371.0,31.7
2022-07-21 19:00:00,1359.0,30.3
2022-07-21 20:00:00,1551.0,29.6
2022-07-21 21:00:00,1615.0,29.6
2022-07-21 22:00:00,1522.0,30.8
2022-07-21 23:00:00,1446.0,30.9
2022-07-22 00:00:00,1420.0,31.0
2022-07-22 01:00:00,1302.0,31.2
2022-07-22 02:00:00,1227.0,30.8
2022-07-22 03:00:00,1187.0,30.3
2022-07-22 04:00:00,1142.0,30.1
2022-07-22 05:00:00,1116.0,29.1
2022-07-22 06:00:00,1151.0,29.1
2022-07-22 07:00:00,1213.0,30.6
2022-07-22 08:00:00,1297.0,31.6
2022-07-22 09:00:00,1419.0,32.8
2022-07-22 10:00:00,1494.0,33.8
2022-07-22 11:00:00,1566.0,35.2
2022-07-22 12:00:00,1549.0,35.1
2022-07-22 13:00:00,1593.0,36.1
2022-07-22 14:00:00,1640.0,36.4
2022-07-22 15:00:00,1656.0,37.0
2022-07-22 16:00:00,1619.0,36.7
2022-07-22 17:00:00,1608.0,36.8
2022-07-22 18:00:00,1523.0,35.6
2022-07-22 19:00:00,1515.0,34.3
2022-07-22 20:00:00,1748.0,33.3
2022-07-22 21:00:00,1866.0,33.1
2022-07-22 22:00:00,1795.0,32.9
2022-07-22 23:00:00,1669.0,32.7
2022-07-23 00:00:00,1635.0,32.2
2022-07-23 01:00:00,1487.0,32.0
2022-07-23 02:00:00,1387.0,30.8
2022-07-23 03:00:00,1310.0,30.4
2022-07-23 04:00:00,1259.0,29.7
2022-07-23 05:00:00,1213.0,29.1
2022-07-23 06:00:00,1230.0,28.7
2022-07-23 07:00:00,1245.0,30.1
2022-07-23 08:00:00,1305.0,31.2
2022-07-23 09:00:00,1400.0,33.3
2022-07-23 10:00:00,1432.0,33.8
2022-07-23 11:00:00,1478.0,33.1
2022-07-23 12:00:00,1450.0,33.0
2022-07-23 13:00:00,1500.0,33.1
2022-07-23 14:00:00,1506.0,33.4
2022-07-23 15:00:00,1494.0,33.5
2022-07-23 16:00:00,1491.0,33.8
2022-07-23 17:00:00,1501.0,33.1
2022-07-23 18:00:00,1424.0,32.1
2022-07-23 19:00:00,1397.0,30.5
2022-07-23 20:00:00,1592.0,29.6
2022-07-23 21:00:00,1683.0,29.4
2022-07-23 22:00:00,1607.0,29.3
2022-07-23 23:00:00,1507.0,29.2
2022-07-24 00:00:00,1471.0,28.9
2022-07-24 01:00:00,1345.0,28.9
2022-07-24 02:00:00,1259.0,28.4
2022-07-24 03:00:00,1209.0,28.4
2022-07-24 04:00:00,1159.0,28.3
2022-07-24 05:00:00,1130.0,27.9
2022-07-24 06:00:00,1146.0,27.4
2022-07-24 07:00:00,1198.0,28.1
2022-07-24 08:00:00,1236.0,29.1
2022-07-24 09:00:00,1340.0,30.6
2022-07-24 10:00:00,1401.0,32.2
2022-07-24 11:00:00,1504.0,33.6
2022-07-24 12:00:00,1482.0,33.7
2022-07-24 13:00:00,1587.0,34.5
2022-07-24 14:00:00,1616.0,35.1
2022-07-24 15:00:00,1571.0,34.2
2022-07-24 16:00:00,1539.0,31.4
2022-07-24 17:00:00,1584.0,34.3
2022-07-24 18:00:00,1509.0,34.4
2022-07-24 19:00:00,1532.0,33.9
2022-07-24 20:00:00,1762.0,33.5
2022-07-24 21:00:00,1743.0,31.0
2022-07-24 22:00:00,1568.0,29.6
2022-07-24 23:00:00,1480.0,29.8
2022-07-25 00:00:00,1453.0,30.0
2022-07-25 01:00:00,1326.0,29.0
2022-07-25 02:00:00,1239.0,28.4
2022-07-25 03:00:00,1180.0,28.2
2022-07-25 04:00:00,1136.0,27.8
2022-07-25 05:00:00,1109.0,27.0
2022-07-25 06:00:00,1130.0,26.8
2022-07-25 07:00:00,1194.0,27.6
2022-07-25 08:00:00,1298.0,30.3
2022-07-25 09:00:00,1441.0,32.4
2022-07-25 10:00:00,1536.0,33.7
2022-07-25 11:00:00,1624.0,35.4
2022-07-25 12:00:00,1641.0,36.5
2022-07-25 13:00:00,1739.0,37.3
2022-07-25 14:00:00,1772.0,37.9
2022-07-25 15:00:00,1769.0,38.3
2022-07-25 16:00:00,1743.0,38.0
2022-07-25 17:00:00,1744.0,37.7
2022-07-25 18:00:00,1654.0,37.0
2022-07-25 19:00:00,1647.0,35.9
2022-07-25 20:00:00,1887.0,35.1
2022-07-25 21:00:00,2020.0,34.5
2022-07-25 22:00:00,1951.0,33.9
2022-07-25 23:00:00,1832.0,33.3
2022-07-26 00:00:00,1773.0,33.0
2022-07-26 01:00:00,1638.0,32.9
2022-07-26 02:00:00,1539.0,32.6
2022-07-26 03:00:00,1452.0,32.2
2022-07-26 04:00:00,1369.0,31.4
2022-07-26 05:00:00,1316.0,30.7
2022-07-26 06:00:00,1288.0,30.2
2022-07-26 07:00:00,1319.0,31.0
2022-07-26 08:00:00,1419.0,32.5
2022-07-26 09:00:00,1547.0,34.1
2022-07-26 10:00:00,1627.0,34.7
2022-07-26 11:00:00,1723.0,35.9
2022-07-26 12:00:00,1715.0,36.6
2022-07-26 13:00:00,1837.0,37.6
2022-07-26 14:00:00,1843.0,38.4
2022-07-26 15:00:00,1847.0,38.3
2022-07-26 16:00:00,1831.0,38.8
2022-07-26 17:00:00,1816.0,38.3
2022-07-26 18:00:00,1704.0,37.8
2022-07-26 19:00:00,1671.0,36.3
2022-07-26 20:00:00,1920.0,35.4
2022-07-26 21:00:00,2067.0,34.8
2022-07-26 22:00:00,2012.0,34.4
2022-07-26 23:00:00,1890.0,34.0
2022-07-27 00:00:00,1840.0,33.3
2022-07-27 01:00:00,1697.0,32.9
2022-07-27 02:00:00,1556.0,32.5
2022-07-27 03:00:00,1489.0,31.4
2022-07-27 04:00:00,1395.0,30.4
2022-07-27 05:00:00,1339.0,29.8
2022-07-27 06:00:00,1315.0,29.0
2022-07-27 07:00:00,1328.0,29.3
2022-07-27 08:00:00,1390.0,31.6
2022-07-27 09:00:00,1541.0,32.2
2022-07-27 10:00:00,1634.0,33.8
2022-07-27 11:00:00,1749.0,35.4
2022-07-27 12:00:00,1761.0,36.5
2022-07-27 13:00:00,1877.0,37.6
2022-07-27 14:00:00,1883.0,38.2
2022-07-27 15:00:00,1864.0,38.5
2022-07-27 16:00:00,1840.0,38.4
2022-07-27 17:00:00,1825.0,38.0
2022-07-27 18:00:00,1712.0,37.5
2022-07-27 19:00:00,1676.0,36.1
2022-07-27 20:00:00,1935.0,35.5
2022-07-27 21:00:00,2042.0,34.6
2022-07-27 22:00:00,1988.0,34.4
2022-07-27 23:00:00,1871.0,33.5
2022-07-28 00:00:00,1762.0,31.3
2022-07-28 01:00:00,1618.0,30.0
2022-07-28 02:00:00,1482.0,29.2
2022-07-28 03:00:00,1411.0,28.5
2022-07-28 04:00:00,1335.0,28.6
2022-07-28 05:00:00,1278.0,28.4
2022-07-28 06:00:00,1267.0,28.0
2022-07-28 07:00:00,1302.0,28.2
2022-07-28 08:00:00,1363.0,29.5
2022-07-28 09:00:00,1496.0,32.2
2022-07-28 10:00:00,1539.0,32.3
2022-07-28 11:00:00,1637.0,33.4
2022-07-28 12:00:00,1608.0,33.7
2022-07-28 13:00:00,1657.0,34.0
2022-07-28 14:00:00,1640.0,33.3
2022-07-28 15:00:00,1553.0,30.6
2022-07-28 16:00:00,1524.0,29.3
2022-07-28 17:00:00,1484.0,28.5
2022-07-28 18:00:00,1378.0,30.0
2022-07-28 19:00:00,1362.0,30.2
2022-07-28 20:00:00,1607.0,29.5
2022-07-28 21:00:00,1675.0,28.6
2022-07-28 22:00:00,1591.0,28.4
2022-07-28 23:00:00,1516.0,28.3
2022-07-29 00:00:00,1469.0,28.2
2022-07-29 01:00:00,1370.0,28.5
2022-07-29 02:00:00,1279.0,27.8
2022-07-29 03:00:00,1227.0,28.6
2022-07-29 04:00:00,1198.0,28.7
2022-07-29 05:00:00,1162.0,28.2
2022-07-29 06:00:00,1203.0,27.8
2022-07-29 07:00:00,1246.0,28.6
2022-07-29 08:00:00,1273.0,29.6
2022-07-29 09:00:00,1404.0,30.0
2022-07-29 10:00:00,1432.0,31.4
2022-07-29 11:00:00,1513.0,31.2
2022-07-29 12:00:00,1435.0,31.0
2022-07-29 13:00:00,1446.0,31.6
2022-07-29 14:00:00,1428.0,31.0
2022-07-29 15:00:00,1365.0,29.4
2022-07-29 16:00:00,1351.0,29.2
2022-07-29 17:00:00,1366.0,29.4
2022-07-29 18:00:00,1294.0,30.1
2022-07-29 19:00:00,1266.0,29.9
2022-07-29 20:00:00,1452.0,29.0
2022-07-29 21:00:00,1478.0,28.4
2022-07-29 22:00:00,1406.0,28.0
2022-07-29 23:00:00,1353.0,28.0
2022-07-30 00:00:00,1332.0,27.9
2022-07-30 01:00:00,1228.0,28.0
2022-07-30 02:00:00,1133.0,27.6
2022-07-30 03:00:00,1110.0,27.4
2022-07-30 04:00:00,1059.0,27.1
2022-07-30 05:00:00,1046.0,27.3
2022-07-30 06:00:00,1109.0,27.3
2022-07-30 07:00:00,1145.0,27.1
2022-07-30 08:00:00,1196.0,28.7
2022-07-30 09:00:00,1284.0,31.1
2022-07-30 10:00:00,1340.0,31.6
2022-07-30 11:00:00,1421.0,32.5
2022-07-30 12:00:00,1377.0,32.9
2022-07-30 13:00:00,1432.0,33.0
2022-07-30 14:00:00,1413.0,33.5
2022-07-30 15:00:00,1422.0,33.7
2022-07-30 16:00:00,1420.0,34.2
2022-07-30 17:00:00,1425.0,34.0
2022-07-30 18:00:00,1347.0,33.5
2022-07-30 19:00:00,1304.0,32.3
2022-07-30 20:00:00,1526.0,31.5
2022-07-30 21:00:00,1580.0,31.2
2022-07-30 22:00:00,1525.0,30.0
2022-07-30 23:00:00,1421.0,29.3
2022-07-31 00:00:00,1372.0,28.9
2022-07-31 01:00:00,1246.0,28.7
2022-07-31 02:00:00,1178.0,29.0
2022-07-31 03:00:00,1105.0,28.6
2022-07-31 04:00:00,1064.0,28.5
2022-07-31 05:00:00,1050.0,27.7
2022-07-31 06:00:00,1083.0,27.4
2022-07-31 07:00:00,1116.0,27.7
2022-07-31 08:00:00,1174.0,29.1
2022-07-31 09:00:00,1262.0,31.4
2022-07-31 10:00:00,1313.0,32.1
2022-07-31 11:00:00,1424.0,33.3
2022-07-31 12:00:00,1394.0,33.5
2022-07-31 13:00:00,1448.0,32.8
2022-07-31 14:00:00,1393.0,31.0
2022-07-31 15:00:00,1387.0,32.2
2022-07-31 16:00:00,1352.0,30.9
2022-07-31 17:00:00,1364.0,32.4
2022-07-31 18:00:00,1300.0,32.3
2022-07-31 19:00:00,1320.0,31.0
2022-07-31 20:00:00,1538.0,30.1
2022-07-31 21:00:00,1598.0,30.6
2022-07-31 22:00:00,1520.0,29.6
2022-07-31 23:00:00,1420.0,29.4
2022-08-01 00:00:00,1369.0,28.8
2022-08-01 01:00:00,1223.0,28.5
2022-08-01 02:00:00,1168.0,28.6
2022-08-01 03:00:00,1129.0,28.5
2022-08-01 04:00:00,1064.0,28.5
2022-08-01 05:00:00,1063.0,27.7
2022-08-01 06:00:00,1096.0,27.8
2022-08-01 07:00:00,1150.0,28.2
2022-08-01 08:00:00,1240.0,29.3
2022-08-01 09:00:00,1379.0,32.1
2022-08-01 10:00:00,1465.0,33.0
2022-08-01 11:00:00,1534.0,34.2
2022-08-01 12:00:00,1516.0,35.3
2022-08-01 13:00:00,1614.0,36.0
2022-08-01 14:00:00,1628.0,37.0
2022-08-01 15:00:00,1619.0,37.6
2022-08-01 16:00:00,1609.0,37.5
2022-08-01 17:00:00,1616.0,36.8
2022-08-01 18:00:00,1488.0,36.2
2022-08-01 19:00:00,1480.0,35.2
2022-08-01 20:00:00,1753.0,33.9
2022-08-01 21:00:00,1839.0,32.9
2022-08-01 22:00:00,1749.0,32.7
2022-08-01 23:00:00,1662.0,32.2
2022-08-02 00:00:00,1606.0,31.8
2022-08-02 01:00:00,1480.0,31.8
2022-08-02 02:00:00,1367.0,30.6
2022-08-02 03:00:00,1292.0,29.7
2022-08-02 04:00:00,1238.0,29.5
2022-08-02 05:00:00,1213.0,29.4
2022-08-02 06:00:00,1212.0,29.4
2022-08-02 07:00:00,1268.0,30.2
2022-08-02 08:00:00,1353.0,31.6
2022-08-02 09:00:00,1488.0,32.6
2022-08-02 10:00:00,1546.0,34.1
2022-08-02 11:00:00,1636.0,35.6
2022-08-02 12:00:00,1664.0,36.6
2022-08-02 13:00:00,1731.0,36.1
2022-08-02 14:00:00,1658.0,30.1
2022-08-02 15:00:00,1526.0,26.4
2022-08-02 16:00:00,1529.0,30.9
2022-08-02 17:00:00,1559.0,34.4
2022-08-02 18:00:00,1459.0,34.6
2022-08-02 19:00:00,1489.0,33.2
2022-08-02 20:00:00,1763.0,31.4
2022-08-02 21:00:00,1832.0,30.4
2022-08-02 22:00:00,1748.0,30.2
2022-08-02 23:00:00,1659.0,30.0
2022-08-03 00:00:00,1620.0,29.4
2022-08-03 01:00:00,1486.0,29.3
2022-08-03 02:00:00,1410.0,29.3
2022-08-03 03:00:00,1317.0,29.0
2022-08-03 04:00:00,1271.0,28.9
2022-08-03 05:00:00,1249.0,28.5
2022-08-03 06:00:00,1238.0,28.3
2022-08-03 07:00:00,1277.0,29.0
2022-08-03 08:00:00,1375.0,30.6
2022-08-03 09:00:00,1500.0,33.1
2022-08-03 10:00:00,1597.0,33.9
2022-08-03 11:00:00,1697.0,35.0
2022-08-03 12:00:00,1712.0,36.5
2022-08-03 13:00:00,1788.0,36.6
2022-08-03 14:00:00,1786.0,37.0
2022-08-03 15:00:00,1792.0,37.5
2022-08-03 16:00:00,1759.0,37.4
2022-08-03 17:00:00,1761.0,37.1
2022-08-03 18:00:00,1639.0,36.7
2022-08-03 19:00:00,1612.0,36.0
2022-08-03 20:00:00,1904.0,34.1
2022-08-03 21:00:00,1991.0,33.0
2022-08-03 22:00:00,1905.0,32.3
2022-08-03 23:00:00,1797.0,32.0
2022-08-04 00:00:00,1743.0,31.7
2022-08-04 01:00:00,1599.0,31.3
2022-08-04 02:00:00,1508.0,30.3
2022-08-04 03:00:00,1425.0,30.0
2022-08-04 04:00:00,1352.0,30.5
2022-08-04 05:00:00,1302.0,30.1
2022-08-04 06:00:00,1279.0,29.8
2022-08-04 07:00:00,1333.0,30.0
2022-08-04 08:00:00,1410.0,31.3
2022-08-04 09:00:00,1523.0,32.0
2022-08-04 10:00:00,1604.0,33.0
2022-08-04 11:00:00,1716.0,33.9
2022-08-04 12:00:00,1711.0,35.1
2022-08-04 13:00:00,1802.0,36.3
2022-08-04 14:00:00,1811.0,36.5
2022-08-04 15:00:00,1774.0,36.9
2022-08-04 16:00:00,1756.0,36.7
2022-08-04 17:00:00,1733.0,35.0
2022-08-04 18:00:00,1612.0,36.0
2022-08-04 19:00:00,1602.0,35.2
2022-08-04 20:00:00,1884.0,34.3
2022-08-04 21:00:00,1977.0,33.6
2022-08-04 22:00:00,1910.0,33.1
2022-08-04 23:00:00,1824.0,32.7
2022-08-05 00:00:00,1793.0,32.1
2022-08-05 01:00:00,1623.0,31.0
2022-08-05 02:00:00,1521.0,30.6
2022-08-05 03:00:00,1461.0,30.4
2022-08-05 04:00:00,1383.0,30.8
2022-08-05 05:00:00,1345.0,30.5
2022-08-05 06:00:00,1311.0,30.0
2022-08-05 07:00:00,1358.0,30.3
2022-08-05 08:00:00,1413.0,31.5
2022-08-05 09:00:00,1507.0,32.4
2022-08-05 10:00:00,1579.0,33.1
2022-08-05 11:00:00,1681.0,34.3
2022-08-05 12:00:00,1689.0,35.0
2022-08-05 13:00:00,1739.0,35.0
2022-08-05 14:00:00,1764.0,36.4
2022-08-05 15:00:00,1756.0,36.8
2022-08-05 16:00:00,1730.0,36.0
2022-08-05 17:00:00,1722.0,36.2
2022-08-05 18:00:00,1586.0,35.7
2022-08-05 19:00:00,1569.0,34.8
2022-08-05 20:00:00,1858.0,33.8
2022-08-05 21:00:00,1964.0,33.3
2022-08-05 22:00:00,1901.0,32.8
2022-08-05 23:00:00,1820.0,32.2
2022-08-06 00:00:00,1794.0,31.3
2022-08-06 01:00:00,1625.0,30.7
2022-08-06 02:00:00,1504.0,30.1
2022-08-06 03:00:00,1420.0,29.7
2022-08-06 04:00:00,1350.0,29.3
2022-08-06 05:00:00,1299.0,29.2
2022-08-06 06:00:00,1286.0,28.9
2022-08-06 07:00:00,1299.0,29.1
2022-08-06 08:00:00,1335.0,30.2
2022-08-06 09:00:00,1406.0,31.4
2022-08-06 10:00:00,1469.0,32.4
2022-08-06 11:00:00,1553.0,33.7
2022-08-06 12:00:00,1546.0,34.6
2022-08-06 13:00:00,1642.0,35.3
2022-08-06 14:00:00,1707.0,35.6
2022-08-06 15:00:00,1692.0,36.2
2022-08-06 16:00:00,1634.0,36.8
2022-08-06 17:00:00,1652.0,36.3
2022-08-06 18:00:00,1535.0,35.8
2022-08-06 19:00:00,1503.0,34.3
2022-08-06 20:00:00,1787.0,33.6
2022-08-06 21:00:00,1925.0,33.1
2022-08-06 22:00:00,1858.0,32.6
2022-08-06 23:00:00,1792.0,32.2
2022-08-07 00:00:00,1736.0,31.7
2022-08-07 01:00:00,1589.0,31.2
2022-08-07 02:00:00,1510.0,31.2
2022-08-07 03:00:00,1401.0,30.9
2022-08-07 04:00:00,1347.0,30.8
2022-08-07 05:00:00,1285.0,30.3
2022-08-07 06:00:00,1281.0,29.1
2022-08-07 07:00:00,1296.0,29.8
2022-08-07 08:00:00,1348.0,31.4
2022-08-07 09:00:00,1452.0,32.9
2022-08-07 10:00:00,1526.0,34.5
2022-08-07 11:00:00,1611.0,35.8
2022-08-07 12:00:00,1605.0,36.4
2022-08-07 13:00:00,1721.0,37.0
2022-08-07 14:00:00,1748.0,37.7
2022-08-07 15:00:00,1771.0,36.9
2022-08-07 16:00:00,1731.0,37.9
2022-08-07 17:00:00,1733.0,37.3
2022-08-07 18:00:00,1628.0,36.6
2022-08-07 19:00:00,1596.0,35.5
2022-08-07 20:00:00,1900.0,34.8
2022-08-07 21:00:00,2035.0,34.5
2022-08-07 22:00:00,1973.0,33.8
2022-08-07 23:00:00,1873.0,33.3
2022-08-08 00:00:00,1831.0,33.0
2022-08-08 01:00:00,1690.0,32.9
2022-08-08 02:00:00,1587.0,32.3
2022-08-08 03:00:00,1509.0,32.0
2022-08-08 04:00:00,1429.0,31.4
2022-08-08 05:00:00,1361.0,31.0
2022-08-08 06:00:00,1351.0,30.6
2022-08-08 07:00:00,1385.0,30.7
2022-08-08 08:00:00,1472.0,32.2
2022-08-08 09:00:00,1608.0,33.8
2022-08-08 10:00:00,1674.0,35.6
2022-08-08 11:00:00,1787.0,36.6
2022-08-08 12:00:00,1760.0,37.6
2022-08-08 13:00:00,1910.0,38.3
2022-08-08 14:00:00,1920.0,38.5
2022-08-08 15:00:00,1924.0,38.6
2022-08-08 16:00:00,1879.0,39.0
2022-08-08 17:00:00,1851.0,38.8
2022-08-08 18:00:00,1724.0,37.8
2022-08-08 19:00:00,1678.0,36.6
2022-08-08 20:00:00,1991.0,35.8
2022-08-08 21:00:00,2114.0,35.4
2022-08-08 22:00:00,2075.0,34.4
2022-08-08 23:00:00,1988.0,33.8
2022-08-09 00:00:00,1940.0,32.9
2022-08-09 01:00:00,1782.0,32.4
2022-08-09 02:00:00,1679.0,32.0
2022-08-09 03:00:00,1578.0,31.6
2022-08-09 04:00:00,1498.0,31.1
2022-08-09 05:00:00,1429.0,30.1
2022-08-09 06:00:00,1382.0,29.5
2022-08-09 07:00:00,1390.0,29.7
2022-08-09 08:00:00,1462.0,31.1
2022-08-09 09:00:00,1570.0,32.3
2022-08-09 10:00:00,1663.0,33.9
2022-08-09 11:00:00,1738.0,35.2
2022-08-09 12:00:00,1741.0,36.7
2022-08-09 13:00:00,1880.0,37.5
2022-08-09 14:00:00,1916.0,37.6
2022-08-09 15:00:00,1918.0,38.4
2022-08-09 16:00:00,1884.0,38.3
2022-08-09 17:00:00,1866.0,38.0
2022-08-09 18:00:00,1722.0,37.2
2022-08-09 19:00:00,1689.0,36.3
2022-08-09 20:00:00,1986.0,35.0
2022-08-09 21:00:00,2093.0,34.2
2022-08-09 22:00:00,2033.0,34.4
2022-08-09 23:00:00,1942.0,34.2
2022-08-10 00:00:00,1913.0,33.6
2022-08-10 01:00:00,1748.0,32.9
2022-08-10 02:00:00,1654.0,32.3
2022-08-10 03:00:00,1559.0,31.6
2022-08-10 04:00:00,1486.0,30.9
2022-08-10 05:00:00,1417.0,30.5
2022-08-10 06:00:00,1395.0,29.6
2022-08-10 07:00:00,1419.0,30.4
2022-08-10 08:00:00,1492.0,32.0
2022-08-10 09:00:00,1608.0,33.0
2022-08-10 10:00:00,1665.0,34.0
2022-08-10 11:00:00,1755.0,35.4
2022-08-10 12:00:00,1769.0,36.3
2022-08-10 13:00:00,1885.0,36.9
2022-08-10 14:00:00,1885.0,36.6
2022-08-10 15:00:00,1898.0,37.6
2022-08-10 16:00:00,1849.0,37.7
2022-08-10 17:00:00,1848.0,36.4
2022-08-10 18:00:00,1683.0,36.4
2022-08-10 19:00:00,1656.0,35.1
2022-08-10 20:00:00,1966.0,34.0
2022-08-10 21:00:00,2057.0,33.5
2022-08-10 22:00:00,1996.0,33.2
2022-08-10 23:00:00,1926.0,33.2
2022-08-11 00:00:00,1899.0,32.5
2022-08-11 01:00:00,1722.0,32.0
2022-08-11 02:00:00,1643.0,31.2
2022-08-11 03:00:00,1544.0,31.0
2022-08-11 04:00:00,1460.0,30.8
2022-08-11 05:00:00,1380.0,30.4
2022-08-11 06:00:00,1396.0,30.0
2022-08-11 07:00:00,1427.0,30.3
2022-08-11 08:00:00,1453.0,31.2
2022-08-11 09:00:00,1567.0,33.2
2022-08-11 10:00:00,1648.0,34.0
2022-08-11 11:00:00,1733.0,34.8
2022-08-11 12:00:00,1761.0,35.6
2022-08-11 13:00:00,1855.0,36.9
2022-08-11 14:00:00,1890.0,37.3
2022-08-11 15:00:00,1879.0,38.0
2022-08-11 16:00:00,1861.0,38.2
2022-08-11 17:00:00,1841.0,37.4
2022-08-11 18:00:00,1688.0,36.6
2022-08-11 19:00:00,1650.0,35.5
2022-08-11 20:00:00,1961.0,34.6
2022-08-11 21:00:00,2083.0,33.9
2022-08-11 22:00:00,2022.0,33.7
2022-08-11 23:00:00,1950.0,32.8
2022-08-12 00:00:00,1915.0,32.4
2022-08-12 01:00:00,1748.0,32.0
2022-08-12 02:00:00,1650.0,31.6
2022-08-12 03:00:00,1562.0,31.6
2022-08-12 04:00:00,1481.0,31.0
2022-08-12 05:00:00,1428.0,30.3
2022-08-12 06:00:00,1400.0,30.0
2022-08-12 07:00:00,1425.0,30.3
2022-08-12 08:00:00,1482.0,31.3
2022-08-12 09:00:00,1607.0,33.4
2022-08-12 10:00:00,1686.0,34.5
2022-08-12 11:00:00,1779.0,35.7
2022-08-12 12:00:00,1808.0,36.6
2022-08-12 13:00:00,1909.0,37.4
2022-08-12 14:00:00,1940.0,37.8
2022-08-12 15:00:00,1917.0,38.4
2022-08-12 16:00:00,1891.0,38.5
2022-08-12 17:00:00,1880.0,37.9
2022-08-12 18:00:00,1726.0,37.2
2022-08-12 19:00:00,1667.0,35.8
2022-08-12 20:00:00,1959.0,34.8
2022-08-12 21:00:00,2088.0,34.3
2022-08-12 22:00:00,2042.0,33.9
2022-08-12 23:00:00,1970.0,33.0
2022-08-13 00:00:00,1924.0,33.1
2022-08-13 01:00:00,1753.0,32.9
2022-08-13 02:00:00,1652.0,32.5
2022-08-13 03:00:00,1568.0,32.0
2022-08-13 04:00:00,1475.0,31.5
2022-08-13 05:00:00,1428.0,31.1
2022-08-13 06:00:00,1380.0,30.4
2022-08-13 07:00:00,1389.0,30.9
2022-08-13 08:00:00,1438.0,31.8
2022-08-13 09:00:00,1497.0,32.8
2022-08-13 10:00:00,1581.0,34.2
2022-08-13 11:00:00,1687.0,35.1
2022-08-13 12:00:00,1686.0,35.7
2022-08-13 13:00:00,1819.0,36.9
2022-08-13 14:00:00,1838.0,37.5
2022-08-13 15:00:00,1850.0,37.3
2022-08-13 16:00:00,1818.0,37.4
2022-08-13 17:00:00,1807.0,37.0
2022-08-13 18:00:00,1676.0,36.3
2022-08-13 19:00:00,1611.0,35.2
2022-08-13 20:00:00,1896.0,34.2
2022-08-13 21:00:00,2030.0,33.4
2022-08-13 22:00:00,1984.0,33.2
2022-08-13 23:00:00,1916.0,33.0
2022-08-14 00:00:00,1898.0,32.4
2022-08-14 01:00:00,1716.0,32.0
2022-08-14 02:00:00,1620.0,31.6
2022-08-14 03:00:00,1515.0,31.3
2022-08-14 04:00:00,1467.0,30.6
2022-08-14 05:00:00,1404.0,30.1
2022-08-14 06:00:00,1345.0,29.8
2022-08-14 07:00:00,1355.0,30.5
2022-08-14 08:00:00,1389.0,30.9
2022-08-14 09:00:00,1449.0,32.4
2022-08-14 10:00:00,1531.0,34.5
2022-08-14 11:00:00,1648.0,35.6
2022-08-14 12:00:00,1634.0,36.9
2022-08-14 13:00:00,1722.0,37.3
2022-08-14 14:00:00,1736.0,37.8
2022-08-14 15:00:00,1720.0,38.0
2022-08-14 16:00:00,1687.0,38.5
2022-08-14 17:00:00,1687.0,37.9
2022-08-14 18:00:00,1585.0,37.0
2022-08-14 19:00:00,1569.0,36.1
2022-08-14 20:00:00,1826.0,35.3
2022-08-14 21:00:00,1923.0,34.7
2022-08-14 22:00:00,1848.0,34.2
2022-08-14 23:00:00,1755.0,33.8
2022-08-15 00:00:00,1736.0,33.6
2022-08-15 01:00:00,1572.0,33.0
2022-08-15 02:00:00,1497.0,32.9
2022-08-15 03:00:00,1437.0,32.7
2022-08-15 04:00:00,1392.0,32.2
2022-08-15 05:00:00,1362.0,31.7
2022-08-15 06:00:00,1386.0,31.2
2022-08-15 07:00:00,1434.0,31.6
2022-08-15 08:00:00,1515.0,32.9
2022-08-15 09:00:00,1642.0,33.9
2022-08-15 10:00:00,1721.0,35.4
2022-08-15 11:00:00,1814.0,36.9
2022-08-15 12:00:00,1865.0,38.1
2022-08-15 13:00:00,1990.0,38.1
2022-08-15 14:00:00,2021.0,38.2
2022-08-15 15:00:00,2003.0,38.9
2022-08-15 16:00:00,1970.0,38.9
2022-08-15 17:00:00,1946.0,38.9
2022-08-15 18:00:00,1819.0,38.3
2022-08-15 19:00:00,1774.0,37.2
2022-08-15 20:00:00,2076.0,36.4
2022-08-15 21:00:00,2190.0,35.6
2022-08-15 22:00:00,2130.0,35.1
2022-08-15 23:00:00,2062.0,34.7
2022-08-16 00:00:00,2008.0,33.6
2022-08-16 01:00:00,1876.0,32.7
2022-08-16 02:00:00,1785.0,33.5
2022-08-16 03:00:00,1684.0,33.1
2022-08-16 04:00:00,1608.0,33.3
2022-08-16 05:00:00,1532.0,32.5
2022-08-16 06:00:00,1494.0,31.5
2022-08-16 07:00:00,1485.0,31.9
2022-08-16 08:00:00,1568.0,33.2
2022-08-16 09:00:00,1694.0,34.8
2022-08-16 10:00:00,1821.0,37.0
2022-08-16 11:00:00,1923.0,37.9
2022-08-16 12:00:00,1971.0,39.0
2022-08-16 13:00:00,2045.0,37.8
2022-08-16 14:00:00,2029.0,37.8
2022-08-16 15:00:00,1964.0,38.8
2022-08-16 16:00:00,1926.0,39.2
2022-08-16 17:00:00,1920.0,38.9
2022-08-16 18:00:00,1817.0,37.8
2022-08-16 19:00:00,1812.0,36.9
2022-08-16 20:00:00,2126.0,36.3
2022-08-16 21:00:00,2179.0,35.7
2022-08-16 22:00:00,2116.0,35.7
2022-08-16 23:00:00,2025.0,35.1
2022-08-17 00:00:00,1957.0,34.4
2022-08-17 01:00:00,1843.0,33.4
2022-08-17 02:00:00,1785.0,32.8
2022-08-17 03:00:00,1707.0,32.2
2022-08-17 04:00:00,1622.0,32.0
2022-08-17 05:00:00,1558.0,32.0
2022-08-17 06:00:00,1509.0,32.0
2022-08-17 07:00:00,1529.0,32.2
2022-08-17 08:00:00,1578.0,33.8
2022-08-17 09:00:00,1733.0,35.1
2022-08-17 10:00:00,1797.0,36.6
2022-08-17 11:00:00,1924.0,37.9
2022-08-17 12:00:00,1959.0,39.0
2022-08-17 13:00:00,1991.0,31.4
2022-08-17 14:00:00,1960.0,35.1
2022-08-17 15:00:00,1920.0,37.8
2022-08-17 16:00:00,1903.0,38.8
2022-08-17 17:00:00,1891.0,37.8
2022-08-17 18:00:00,1799.0,37.5
2022-08-17 19:00:00,1829.0,36.7
2022-08-17 20:00:00,2136.0,35.9
2022-08-17 21:00:00,2202.0,35.4
2022-08-17 22:00:00,2130.0,35.1
2022-08-17 23:00:00,1997.0,34.9
2022-08-18 00:00:00,1920.0,34.2
2022-08-18 01:00:00,1837.0,33.8
2022-08-18 02:00:00,1802.0,33.6
2022-08-18 03:00:00,1705.0,33.5
2022-08-18 04:00:00,1623.0,32.2
2022-08-18 05:00:00,1555.0,31.7
2022-08-18 06:00:00,1511.0,31.5
2022-08-18 07:00:00,1500.0,31.9
2022-08-18 08:00:00,1584.0,33.6
2022-08-18 09:00:00,1681.0,35.2
2022-08-18 10:00:00,1757.0,36.7
2022-08-18 11:00:00,1861.0,38.3
2022-08-18 12:00:00,1882.0,39.0
2022-08-18 13:00:00,1960.0,40.0
2022-08-18 14:00:00,1976.0,39.9
2022-08-18 15:00:00,1947.0,40.1
2022-08-18 16:00:00,1918.0,40.5
2022-08-18 17:00:00,1900.0,39.9
2022-08-18 18:00:00,1796.0,39.1
2022-08-18 19:00:00,1770.0,37.9
2022-08-18 20:00:00,2061.0,36.9
2022-08-18 21:00:00,2156.0,36.3
2022-08-18 22:00:00,2101.0,35.6
2022-08-18 23:00:00,1965.0,34.8
2022-08-19 00:00:00,1891.0,33.8
2022-08-19 01:00:00,1854.0,33.1
2022-08-19 02:00:00,1800.0,32.7
2022-08-19 03:00:00,1714.0,32.1
2022-08-19 04:00:00,1623.0,32.4
2022-08-19 05:00:00,1568.0,32.0
2022-08-19 06:00:00,1516.0,31.8
2022-08-19 07:00:00,1526.0,32.2
2022-08-19 08:00:00,1574.0,33.9
2022-08-19 09:00:00,1691.0,34.7
2022-08-19 10:00:00,1740.0,36.5
2022-08-19 11:00:00,1856.0,38.0
2022-08-19 12:00:00,1865.0,38.6
2022-08-19 13:00:00,1949.0,39.1
2022-08-19 14:00:00,1979.0,39.6
2022-08-19 15:00:00,1948.0,40.1
2022-08-19 16:00:00,1896.0,39.9
2022-08-19 17:00:00,1878.0,39.2
2022-08-19 18:00:00,1774.0,38.7
2022-08-19 19:00:00,1754.0,37.5
2022-08-19 20:00:00,2050.0,36.7
2022-08-19 21:00:00,2133.0,36.1
2022-08-19 22:00:00,2082.0,35.3
2022-08-19 23:00:00,1966.0,35.2
2022-08-20 00:00:00,1903.0,34.8
2022-08-20 01:00:00,1927.0,34.0
2022-08-20 02:00:00,1820.0,33.4
2022-08-20 03:00:00,1722.0,33.7
2022-08-20 04:00:00,1637.0,33.3
2022-08-20 05:00:00,1565.0,32.8
2022-08-20 06:00:00,1503.0,32.2
2022-08-20 07:00:00,1512.0,32.3
2022-08-20 08:00:00,1544.0,33.4
2022-08-20 09:00:00,1646.0,34.9
2022-08-20 10:00:00,1730.0,36.4
2022-08-20 11:00:00,1843.0,37.5
2022-08-20 12:00:00,1842.0,38.5
2022-08-20 13:00:00,1953.0,39.1
2022-08-20 14:00:00,1974.0,39.5
2022-08-20 15:00:00,1954.0,40.0
2022-08-20 16:00:00,1927.0,40.2
2022-08-20 17:00:00,1899.0,39.5
2022-08-20 18:00:00,1803.0,38.6
2022-08-20 19:00:00,1793.0,37.6
2022-08-20 20:00:00,2102.0,36.5
2022-08-20 21:00:00,2208.0,35.8
2022-08-20 22:00:00,2145.0,35.4
2022-08-20 23:00:00,2053.0,35.1
2022-08-21 00:00:00,1982.0,34.8
2022-08-21 01:00:00,1931.0,33.5
2022-08-21 02:00:00,1826.0,33.0
2022-08-21 03:00:00,1747.0,32.1
2022-08-21 04:00:00,1655.0,31.6
2022-08-21 05:00:00,1565.0,31.1
2022-08-21 06:00:00,1495.0,30.5
2022-08-21 07:00:00,1473.0,30.5
2022-08-21 08:00:00,1474.0,31.7
2022-08-21 09:00:00,1522.0,32.4
2022-08-21 10:00:00,1586.0,33.8
2022-08-21 11:00:00,1687.0,35.2
2022-08-21 12:00:00,1693.0,36.1
2022-08-21 13:00:00,1812.0,36.8
2022-08-21 14:00:00,1869.0,38.0
2022-08-21 15:00:00,1862.0,37.8
2022-08-21 16:00:00,1821.0,37.8
2022-08-21 17:00:00,1805.0,37.5
2022-08-21 18:00:00,1695.0,36.7
2022-08-21 19:00:00,1650.0,35.5
2022-08-21 20:00:00,1951.0,34.9
2022-08-21 21:00:00,2071.0,34.1
2022-08-21 22:00:00,2040.0,33.6
2022-08-21 23:00:00,1944.0,33.5
2022-08-22 00:00:00,1911.0,32.8
2022-08-22 01:00:00,1787.0,32.2
2022-08-22 02:00:00,1690.0,31.3
2022-08-22 03:00:00,1593.0,31.2
2022-08-22 04:00:00,1528.0,30.5
2022-08-22 05:00:00,1454.0,30.2
2022-08-22 06:00:00,1419.0,29.8
2022-08-22 07:00:00,1425.0,30.3
2022-08-22 08:00:00,1475.0,31.8
2022-08-22 09:00:00,1572.0,33.3
2022-08-22 10:00:00,1654.0,34.6
2022-08-22 11:00:00,1749.0,36.0
2022-08-22 12:00:00,1739.0,36.8
2022-08-22 13:00:00,1859.0,38.8
2022-08-22 14:00:00,1882.0,39.0
2022-08-22 15:00:00,1869.0,39.4
2022-08-22 16:00:00,1829.0,39.5
2022-08-22 17:00:00,1819.0,39.2
2022-08-22 18:00:00,1714.0,38.2
2022-08-22 19:00:00,1675.0,36.7
2022-08-22 20:00:00,1992.0,35.8
2022-08-22 21:00:00,2078.0,35.4
2022-08-22 22:00:00,2014.0,35.0
2022-08-22 23:00:00,1910.0,34.4
2022-08-23 00:00:00,1862.0,33.7
2022-08-23 01:00:00,1846.0,32.9
2022-08-23 02:00:00,1749.0,33.0
2022-08-23 03:00:00,1625.0,32.2
2022-08-23 04:00:00,1554.0,31.7
2022-08-23 05:00:00,1500.0,30.9
2022-08-23 06:00:00,1439.0,30.6
2022-08-23 07:00:00,1444.0,31.5
2022-08-23 08:00:00,1516.0,32.9
2022-08-23 09:00:00,1615.0,34.3
2022-08-23 10:00:00,1731.0,35.2
2022-08-23 11:00:00,1843.0,36.3
2022-08-23 12:00:00,1839.0,37.5
2022-08-23 13:00:00,1903.0,38.1
2022-08-23 14:00:00,1917.0,38.5
2022-08-23 15:00:00,1901.0,37.9
2022-08-23 16:00:00,1837.0,37.8
2022-08-23 17:00:00,1829.0,37.6
2022-08-23 18:00:00,1717.0,37.3
2022-08-23 19:00:00,1706.0,35.3
2022-08-23 20:00:00,2042.0,34.1
2022-08-23 21:00:00,2133.0,33.3
2022-08-23 22:00:00,2060.0,33.0
2022-08-23 23:00:00,1920.0,32.4
2022-08-24 00:00:00,1860.0,31.2
2022-08-24 01:00:00,1814.0,30.4
2022-08-24 02:00:00,1687.0,29.5
2022-08-24 03:00:00,1571.0,28.8
2022-08-24 04:00:00,1467.0,27.9
2022-08-24 05:00:00,1395.0,27.2
2022-08-24 06:00:00,1333.0,26.7
2022-08-24 07:00:00,1305.0,26.7
2022-08-24 08:00:00,1315.0,26.5
2022-08-24 09:00:00,1333.0,26.5
2022-08-24 10:00:00,1349.0,27.0
2022-08-24 11:00:00,1369.0,28.2
2022-08-24 12:00:00,1340.0,30.6
2022-08-24 13:00:00,1430.0,32.1
2022-08-24 14:00:00,1496.0,33.2
2022-08-24 15:00:00,1528.0,33.1
2022-08-24 16:00:00,1542.0,32.5
2022-08-24 17:00:00,1559.0,32.2
2022-08-24 18:00:00,1473.0,32.1
2022-08-24 19:00:00,1431.0,31.6
2022-08-24 20:00:00,1724.0,31.3
2022-08-24 21:00:00,1756.0,30.7
2022-08-24 22:00:00,1673.0,30.1
2022-08-24 23:00:00,1581.0,29.8
2022-08-25 00:00:00,1536.0,29.7
2022-08-25 01:00:00,1486.0,29.6
2022-08-25 02:00:00,1428.0,29.5
2022-08-25 03:00:00,1344.0,29.3
2022-08-25 04:00:00,1311.0,28.9
2022-08-25 05:00:00,1254.0,28.6
2022-08-25 06:00:00,1248.0,28.3
2022-08-25 07:00:00,1283.0,28.2
2022-08-25 08:00:00,1352.0,29.4
2022-08-25 09:00:00,1433.0,29.7
2022-08-25 10:00:00,1472.0,30.4
2022-08-25 11:00:00,1533.0,30.7
2022-08-25 12:00:00,1507.0,32.3
2022-08-25 13:00:00,1604.0,33.8
2022-08-25 14:00:00,1638.0,34.2
2022-08-25 15:00:00,1633.0,34.8
2022-08-25 16:00:00,1663.0,34.8
2022-08-25 17:00:00,1664.0,34.3
2022-08-25 18:00:00,1543.0,33.6
2022-08-25 19:00:00,1510.0,32.8
2022-08-25 20:00:00,1781.0,31.2
2022-08-25 21:00:00,1809.0,30.9
2022-08-25 22:00:00,1707.0,30.7
2022-08-25 23:00:00,1570.0,28.4
2022-08-26 00:00:00,1551.0,28.1
2022-08-26 01:00:00,1429.0,27.6
2022-08-26 02:00:00,1361.0,27.3
2022-08-26 03:00:00,1298.0,27.6
2022-08-26 04:00:00,1243.0,27.6
2022-08-26 05:00:00,1225.0,27.3
2022-08-26 06:00:00,1228.0,26.9
2022-08-26 07:00:00,1271.0,27.6
2022-08-26 08:00:00,1355.0,28.9
2022-08-26 09:00:00,1462.0,30.4
2022-08-26 10:00:00,1521.0,32.0
2022-08-26 11:00:00,1590.0,33.2
2022-08-26 12:00:00,1585.0,34.6
2022-08-26 13:00:00,1678.0,36.3
2022-08-26 14:00:00,1690.0,36.5
2022-08-26 15:00:00,1703.0,36.2
2022-08-26 16:00:00,1699.0,35.7
2022-08-26 17:00:00,1709.0,35.9
2022-08-26 18:00:00,1563.0,35.9
2022-08-26 19:00:00,1564.0,34.4
2022-08-26 20:00:00,1849.0,33.9
2022-08-26 21:00:00,1893.0,33.4
2022-08-26 22:00:00,1804.0,33.3
2022-08-26 23:00:00,1710.0,32.7
2022-08-27 00:00:00,1682.0,32.7
2022-08-27 01:00:00,1572.0,32.3
2022-08-27 02:00:00,1496.0,32.1
2022-08-27 03:00:00,1435.0,31.8
2022-08-27 04:00:00,1358.0,30.9
2022-08-27 05:00:00,1320.0,30.5
2022-08-27 06:00:00,1301.0,30.4
2022-08-27 07:00:00,1307.0,30.6
2022-08-27 08:00:00,1357.0,30.4
2022-08-27 09:00:00,1434.0,32.4
2022-08-27 10:00:00,1556.0,34.2
2022-08-27 11:00:00,1620.0,35.7
2022-08-27 12:00:00,1624.0,36.7
2022-08-27 13:00:00,1735.0,35.6
2022-08-27 14:00:00,1751.0,36.0
2022-08-27 15:00:00,1766.0,36.9
2022-08-27 16:00:00,1742.0,36.3
2022-08-27 17:00:00,1744.0,35.6
2022-08-27 18:00:00,1618.0,35.7
2022-08-27 19:00:00,1588.0,34.4
2022-08-27 20:00:00,1831.0,33.5
2022-08-27 21:00:00,1858.0,31.4
2022-08-27 22:00:00,1752.0,30.1
2022-08-27 23:00:00,1639.0,28.9
2022-08-28 00:00:00,1626.0,28.2
2022-08-28 01:00:00,1439.0,27.3
2022-08-28 02:00:00,1341.0,26.5
2022-08-28 03:00:00,1265.0,26.2
2022-08-28 04:00:00,1200.0,24.9
2022-08-28 05:00:00,1158.0,24.1
2022-08-28 06:00:00,1152.0,23.7
2022-08-28 07:00:00,1174.0,23.5
2022-08-28 08:00:00,1175.0,23.9
2022-08-28 09:00:00,1170.0,24.0
2022-08-28 10:00:00,1175.0,25.5
2022-08-28 11:00:00,1223.0,27.2
2022-08-28 12:00:00,1185.0,28.6
2022-08-28 13:00:00,1241.0,30.1
2022-08-28 14:00:00,1306.0,31.1
2022-08-28 15:00:00,1332.0,30.2
2022-08-28 16:00:00,1343.0,31.1
2022-08-28 17:00:00,1394.0,30.9
2022-08-28 18:00:00,1308.0,30.5
2022-08-28 19:00:00,1304.0,29.8
2022-08-28 20:00:00,1474.0,29.0
2022-08-28 21:00:00,1462.0,28.9
2022-08-28 22:00:00,1366.0,29.0
2022-08-28 23:00:00,1280.0,27.8
2022-08-29 00:00:00,1291.0,26.4
2022-08-29 01:00:00,1158.0,25.4
2022-08-29 02:00:00,1098.0,25.1
2022-08-29 03:00:00,1045.0,24.5
2022-08-29 04:00:00,1008.0,23.9
2022-08-29 05:00:00,998.0,23.7
2022-08-29 06:00:00,1021.0,23.3
2022-08-29 07:00:00,1072.0,22.9
2022-08-29 08:00:00,1125.0,22.6
2022-08-29 09:00:00,1165.0,23.1
2022-08-29 10:00:00,1165.0,22.8
2022-08-29 11:00:00,1173.0,23.2
2022-08-29 12:00:00,1060.0,24.0
2022-08-29 13:00:00,1041.0,24.6
2022-08-29 14:00:00,1035.0,24.4
2022-08-29 15:00:00,1067.0,25.2
2022-08-29 16:00:00,1073.0,24.5
2022-08-29 17:00:00,1126.0,24.3
2022-08-29 18:00:00,1035.0,24.3
2022-08-29 19:00:00,1031.0,24.1
2022-08-29 20:00:00,1065.0,23.7
2022-08-29 21:00:00,995.0,23.7
2022-08-29 22:00:00,914.0,23.3
2022-08-29 23:00:00,896.0,23.4
2022-08-30 00:00:00,928.0,22.9
2022-08-30 01:00:00,892.0,22.5
2022-08-30 02:00:00,872.0,22.0
2022-08-30 03:00:00,832.0,22.0
2022-08-30 04:00:00,824.0,22.4
2022-08-30 05:00:00,854.0,22.1
2022-08-30 06:00:00,901.0,21.6
2022-08-30 07:00:00,983.0,21.7
2022-08-30 08:00:00,1052.0,22.0
2022-08-30 09:00:00,1072.0,21.6
2022-08-30 10:00:00,1070.0,22.2
2022-08-30 11:00:00,1092.0,22.5
2022-08-30 12:00:00,965.0,22.9
2022-08-30 13:00:00,940.0,22.7
2022-08-30 14:00:00,938.0,22.8
2022-08-30 15:00:00,943.0,22.7
2022-08-30 16:00:00,968.0,22.3
2022-08-30 17:00:00,1035.0,22.1
2022-08-30 18:00:00,959.0,22.4
2022-08-30 19:00:00,980.0,22.4
2022-08-30 20:00:00,1005.0,22.7
2022-08-30 21:00:00,923.0,22.9
2022-08-30 22:00:00,837.0,22.8
2022-08-30 23:00:00,799.0,22.5
2022-08-31 00:00:00,851.0,22.3
2022-08-31 01:00:00,816.0,22.1
2022-08-31 02:00:00,794.0,21.9
2022-08-31 03:00:00,778.0,21.8
2022-08-31 04:00:00,761.0,21.7
2022-08-31 05:00:00,782.0,21.4
2022-08-31 06:00:00,837.0,21.4
2022-08-31 07:00:00,951.0,21.6
2022-08-31 08:00:00,980.0,22.0
2022-08-31 09:00:00,987.0,22.3
2022-08-31 10:00:00,1005.0,23.4
2022-08-31 11:00:00,1028.0,24.1
2022-08-31 12:00:00,910.0,24.7
2022-08-31 13:00:00,890.0,26.0
2022-08-31 14:00:00,894.0,25.9
2022-08-31 15:00:00,931.0,25.7
2022-08-31 16:00:00,936.0,24.8
2022-08-31 17:00:00,982.0,24.9
2022-08-31 18:00:00,937.0,24.6
2022-08-31 19:00:00,941.0,24.3
2022-08-31 20:00:00,1000.0,24.1
2022-08-31 21:00:00,925.0,23.9
2022-08-31 22:00:00,813.0,23.9
2022-08-31 23:00:00,777.0,23.9
2022-09-01 00:00:00,825.0,23.7
2022-09-01 01:00:00,736.0,23.3
2022-09-01 02:00:00,751.0,23.0
2022-09-01 03:00:00,748.0,22.9
2022-09-01 04:00:00,761.0,22.6
2022-09-01 05:00:00,758.0,22.3
2022-09-01 06:00:00,844.0,22.4
2022-09-01 07:00:00,959.0,22.6
2022-09-01 08:00:00,965.0,22.7
2022-09-01 09:00:00,980.0,24.1
2022-09-01 10:00:00,1005.0,26.4
2022-09-01 11:00:00,1012.0,27.8
2022-09-01 12:00:00,930.0,28.2
2022-09-01 13:00:00,915.0,27.7
2022-09-01 14:00:00,914.0,27.6
2022-09-01 15:00:00,929.0,27.6
2022-09-01 16:00:00,960.0,26.6
2022-09-01 17:00:00,996.0,26.3
2022-09-01 18:00:00,915.0,25.6
2022-09-01 19:00:00,958.0,25.1
2022-09-01 20:00:00,999.0,24.6
2022-09-01 21:00:00,916.0,24.4
2022-09-01 22:00:00,824.0,24.4
2022-09-01 23:00:00,779.0,24.3
2022-09-02 00:00:00,845.0,24.4
2022-09-02 01:00:00,793.0,24.2
2022-09-02 02:00:00,762.0,24.0
2022-09-02 03:00:00,735.0,23.8
2022-09-02 04:00:00,751.0,23.6
2022-09-02 05:00:00,761.0,23.2
2022-09-02 06:00:00,851.0,23.1
2022-09-02 07:00:00,971.0,23.1
2022-09-02 08:00:00,988.0,23.6
2022-09-02 09:00:00,1021.0,24.8
2022-09-02 10:00:00,1030.0,26.8
2022-09-02 11:00:00,1071.0,28.2
2022-09-02 12:00:00,954.0,29.3
2022-09-02 13:00:00,954.0,29.7
2022-09-02 14:00:00,953.0,30.5
2022-09-02 15:00:00,963.0,30.8
2022-09-02 16:00:00,1008.0,30.3
2022-09-02 17:00:00,1057.0,29.9
2022-09-02 18:00:00,999.0,29.1
2022-09-02 19:00:00,991.0,28.0
2022-09-02 20:00:00,1048.0,27.3
2022-09-02 21:00:00,969.0,26.7
2022-09-02 22:00:00,874.0,26.6
2022-09-02 23:00:00,839.0,26.0
2022-09-03 00:00:00,882.0,26.1
2022-09-03 01:00:00,823.0,24.9
2022-09-03 02:00:00,789.0,24.4
2022-09-03 03:00:00,770.0,24.0
2022-09-03 04:00:00,772.0,23.7
2022-09-03 05:00:00,776.0,22.8
2022-09-03 06:00:00,862.0,22.3
2022-09-03 07:00:00,955.0,22.2
2022-09-03 08:00:00,983.0,23.4
2022-09-03 09:00:00,1007.0,25.1
2022-09-03 10:00:00,1026.0,26.8
2022-09-03 11:00:00,1037.0,27.9
2022-09-03 12:00:00,946.0,29.3
2022-09-03 13:00:00,923.0,29.9
2022-09-03 14:00:00,928.0,30.1
2022-09-03 15:00:00,942.0,30.5
2022-09-03 16:00:00,953.0,30.2
2022-09-03 17:00:00,1019.0,30.0
2022-09-03 18:00:00,960.0,29.4
2022-09-03 19:00:00,968.0,28.1
2022-09-03 20:00:00,1007.0,27.2
2022-09-03 21:00:00,941.0,26.6
2022-09-03 22:00:00,869.0,26.6
2022-09-03 23:00:00,826.0,26.2
2022-09-04 00:00:00,872.0,25.6
2022-09-04 01:00:00,803.0,25.4
2022-09-04 02:00:00,798.0,25.5
2022-09-04 03:00:00,773.0,25.3
2022-09-04 04:00:00,748.0,24.9
2022-09-04 05:00:00,758.0,24.8
2022-09-04 06:00:00,815.0,25.0
2022-09-04 07:00:00,939.0,24.6
2022-09-04 08:00:00,987.0,24.9
2022-09-04 09:00:00,1002.0,26.2
2022-09-04 10:00:00,1024.0,27.9
2022-09-04 11:00:00,1035.0,28.5
2022-09-04 12:00:00,947.0,29.4
2022-09-04 13:00:00,949.0,30.9
2022-09-04 14:00:00,951.0,32.0
2022-09-04 15:00:00,953.0,31.5
2022-09-04 16:00:00,969.0,31.2
2022-09-04 17:00:00,1044.0,30.5
2022-09-04 18:00:00,992.0,29.9
2022-09-04 19:00:00,1019.0,28.9
2022-09-04 20:00:00,1073.0,28.0
2022-09-04 21:00:00,983.0,27.5
2022-09-04 22:00:00,882.0,26.8
2022-09-04 23:00:00,859.0,25.8
2022-09-05 00:00:00,877.0,25.2
2022-09-05 01:00:00,801.0,24.5
2022-09-05 02:00:00,797.0,25.1
2022-09-05 03:00:00,775.0,24.9
2022-09-05 04:00:00,770.0,24.8
2022-09-05 05:00:00,784.0,24.5
2022-09-05 06:00:00,858.0,24.3
2022-09-05 07:00:00,1006.0,24.6
2022-09-05 08:00:00,1033.0,26.1
2022-09-05 09:00:00,1100.0,27.5
2022-09-05 10:00:00,1117.0,29.9
2022-09-05 11:00:00,1136.0,30.7
2022-09-05 12:00:00,1039.0,31.9
2022-09-05 13:00:00,1035.0,33.4
2022-09-05 14:00:00,1060.0,33.9
2022-09-05 15:00:00,1080.0,34.0
2022-09-05 16:00:00,1120.0,33.6
2022-09-05 17:00:00,1163.0,33.5
2022-09-05 18:00:00,1095.0,32.5
2022-09-05 19:00:00,1096.0,31.1
2022-09-05 20:00:00,1149.0,29.2
2022-09-05 21:00:00,1071.0,27.5
2022-09-05 22:00:00,974.0,26.6
2022-09-05 23:00:00,917.0,25.9
2022-09-06 00:00:00,947.0,24.9
2022-09-06 01:00:00,885.0,24.5
2022-09-06 02:00:00,855.0,24.8
2022-09-06 03:00:00,815.0,24.3
2022-09-06 04:00:00,822.0,23.5
2022-09-06 05:00:00,841.0,23.4
2022-09-06 06:00:00,939.0,23.6
2022-09-06 07:00:00,1036.0,23.5
2022-09-06 08:00:00,1071.0,26.8
2022-09-06 09:00:00,1120.0,29.0
2022-09-06 10:00:00,1149.0,30.5
2022-09-06 11:00:00,1187.0,32.4
2022-09-06 12:00:00,1086.0,33.4
2022-09-06 13:00:00,1130.0,34.2
2022-09-06 14:00:00,1117.0,34.6
2022-09-06 15:00:00,1161.0,35.5
2022-09-06 16:00:00,1178.0,35.8
2022-09-06 17:00:00,1213.0,35.5
2022-09-06 18:00:00,1126.0,34.7
2022-09-06 19:00:00,1142.0,32.0
2022-09-06 20:00:00,1205.0,30.0
2022-09-06 21:00:00,1150.0,28.8
2022-09-06 22:00:00,1051.0,27.2
2022-09-06 23:00:00,999.0,26.7
2022-09-07 00:00:00,1036.0,25.9
2022-09-07 01:00:00,958.0,25.3
2022-09-07 02:00:00,919.0,24.9
2022-09-07 03:00:00,889.0,24.6
2022-09-07 04:00:00,864.0,24.3
2022-09-07 05:00:00,888.0,25.1
2022-09-07 06:00:00,955.0,24.9
2022-09-07 07:00:00,1058.0,26.1
2022-09-07 08:00:00,1116.0,26.5
2022-09-07 09:00:00,1165.0,28.7
2022-09-07 10:00:00,1202.0,30.3
2022-09-07 11:00:00,1253.0,32.4
2022-09-07 12:00:00,1167.0,34.0
2022-09-07 13:00:00,1186.0,35.1
2022-09-07 14:00:00,1187.0,35.1
2022-09-07 15:00:00,1220.0,35.4
2022-09-07 16:00:00,1240.0,35.3
2022-09-07 17:00:00,1288.0,35.1
2022-09-07 18:00:00,1206.0,33.8
2022-09-07 19:00:00,1232.0,32.8
2022-09-07 20:00:00,1317.0,32.6
2022-09-07 21:00:00,1271.0,32.0
2022-09-07 22:00:00,1192.0,31.6
2022-09-07 23:00:00,1150.0,31.7
2022-09-08 00:00:00,1140.0,31.3
2022-09-08 01:00:00,1090.0,30.7
2022-09-08 02:00:00,1058.0,29.8
2022-09-08 03:00:00,992.0,28.5
2022-09-08 04:00:00,997.0,28.1
2022-09-08 05:00:00,996.0,27.9
2022-09-08 06:00:00,1047.0,27.8
2022-09-08 07:00:00,1151.0,28.3
2022-09-08 08:00:00,1182.0,28.8
2022-09-08 09:00:00,1281.0,29.4
2022-09-08 10:00:00,1291.0,30.1
2022-09-08 11:00:00,1317.0,32.3
2022-09-08 12:00:00,1206.0,34.3
2022-09-08 13:00:00,1250.0,35.1
2022-09-08 14:00:00,1245.0,34.1
2022-09-08 15:00:00,1266.0,33.8
2022-09-08 16:00:00,1275.0,33.8
2022-09-08 17:00:00,1307.0,32.9
2022-09-08 18:00:00,1223.0,32.2
2022-09-08 19:00:00,1268.0,31.4
2022-09-08 20:00:00,1333.0,30.9
2022-09-08 21:00:00,1310.0,30.5
2022-09-08 22:00:00,1224.0,30.1
2022-09-08 23:00:00,1177.0,30.0
2022-09-09 00:00:00,1196.0,29.6
2022-09-09 01:00:00,1102.0,29.5
2022-09-09 02:00:00,1041.0,29.5
2022-09-09 03:00:00,1029.0,28.6
2022-09-09 04:00:00,997.0,28.0
2022-09-09 05:00:00,991.0,27.3
2022-09-09 06:00:00,1045.0,26.9
2022-09-09 07:00:00,1126.0,26.8
2022-09-09 08:00:00,1135.0,27.0
2022-09-09 09:00:00,1189.0,27.6
2022-09-09 10:00:00,1219.0,28.8
2022-09-09 11:00:00,1232.0,30.7
2022-09-09 12:00:00,1172.0,31.8
2022-09-09 13:00:00,1210.0,33.3
2022-09-09 14:00:00,1225.0,33.8
2022-09-09 15:00:00,1235.0,34.0
2022-09-09 16:00:00,1220.0,33.1
2022-09-09 17:00:00,1272.0,32.5
2022-09-09 18:00:00,1159.0,31.7
2022-09-09 19:00:00,1169.0,30.6
2022-09-09 20:00:00,1247.0,29.8
2022-09-09 21:00:00,1212.0,29.4
2022-09-09 22:00:00,1140.0,28.9
2022-09-09 23:00:00,1119.0,28.4
2022-09-10 00:00:00,1132.0,28.1
2022-09-10 01:00:00,1023.0,26.6
2022-09-10 02:00:00,974.0,26.4
2022-09-10 03:00:00,912.0,26.5
2022-09-10 04:00:00,886.0,26.4
2022-09-10 05:00:00,872.0,26.3
2022-09-10 06:00:00,900.0,26.0
2022-09-10 07:00:00,944.0,26.1
2022-09-10 08:00:00,899.0,26.6
2022-09-10 09:00:00,884.0,28.1
2022-09-10 10:00:00,908.0,29.6
2022-09-10 11:00:00,926.0,31.1
2022-09-10 12:00:00,884.0,32.5
2022-09-10 13:00:00,913.0,32.6
2022-09-10 14:00:00,928.0,33.3
2022-09-10 15:00:00,927.0,33.1
2022-09-10 16:00:00,956.0,33.6
2022-09-10 17:00:00,1004.0,32.9
2022-09-10 18:00:00,968.0,31.7
2022-09-10 19:00:00,1038.0,30.9
2022-09-10 20:00:00,1163.0,30.1
2022-09-10 21:00:00,1149.0,29.1
2022-09-10 22:00:00,1074.0,28.2
2022-09-10 23:00:00,1011.0,28.7
2022-09-11 00:00:00,1022.0,28.4
2022-09-11 01:00:00,921.0,27.9
2022-09-11 02:00:00,873.0,28.1
2022-09-11 03:00:00,832.0,27.6
2022-09-11 04:00:00,807.0,26.1
2022-09-11 05:00:00,802.0,26.4
2022-09-11 06:00:00,835.0,25.9
2022-09-11 07:00:00,951.0,25.6
2022-09-11 08:00:00,992.0,26.7
2022-09-11 09:00:00,1016.0,28.4
2022-09-11 10:00:00,1073.0,29.9
2022-09-11 11:00:00,1136.0,31.0
2022-09-11 12:00:00,1078.0,32.7
2022-09-11 13:00:00,1100.0,33.3
2022-09-11 14:00:00,1135.0,34.2
2022-09-11 15:00:00,1145.0,33.4
2022-09-11 16:00:00,1153.0,33.8
2022-09-11 17:00:00,1206.0,33.0
2022-09-11 18:00:00,1139.0,32.2
2022-09-11 19:00:00,1189.0,31.2
2022-09-11 20:00:00,1270.0,30.6
2022-09-11 21:00:00,1234.0,30.3
2022-09-11 22:00:00,1141.0,29.4
2022-09-11 23:00:00,1116.0,28.8
2022-09-12 00:00:00,1140.0,28.1
2022-09-12 01:00:00,1031.0,27.8
2022-09-12 02:00:00,990.0,28.1
2022-09-12 03:00:00,958.0,27.7
2022-09-12 04:00:00,935.0,27.1
2022-09-12 05:00:00,921.0,26.7
2022-09-12 06:00:00,973.0,25.9
2022-09-12 07:00:00,1062.0,26.1
2022-09-12 08:00:00,1104.0,26.7
2022-09-12 09:00:00,1138.0,28.0
2022-09-12 10:00:00,1167.0,29.2
2022-09-12 11:00:00,1236.0,30.8
2022-09-12 12:00:00,1160.0,32.3
2022-09-12 13:00:00,1189.0,32.6
2022-09-12 14:00:00,1193.0,33.1
2022-09-12 15:00:00,1211.0,33.2
2022-09-12 16:00:00,1239.0,33.4
2022-09-12 17:00:00,1270.0,32.9
2022-09-12 18:00:00,1174.0,31.9
2022-09-12 19:00:00,1225.0,31.0
2022-09-12 20:00:00,1293.0,30.2
2022-09-12 21:00:00,1246.0,29.2
2022-09-12 22:00:00,1133.0,28.5
2022-09-12 23:00:00,1113.0,28.0
2022-09-13 00:00:00,1120.0,27.8
2022-09-13 01:00:00,1012.0,27.5
2022-09-13 02:00:00,976.0,27.5
2022-09-13 03:00:00,929.0,26.5
2022-09-13 04:00:00,920.0,25.5
2022-09-13 05:00:00,935.0,25.2
2022-09-13 06:00:00,990.0,25.1
2022-09-13 07:00:00,1080.0,25.0
2022-09-13 08:00:00,1122.0,25.5
2022-09-13 09:00:00,1194.0,26.9
2022-09-13 10:00:00,1222.0,29.0
2022-09-13 11:00:00,1268.0,30.1
2022-09-13 12:00:00,1157.0,31.5
2022-09-13 13:00:00,1175.0,32.1
2022-09-13 14:00:00,1192.0,32.1
2022-09-13 15:00:00,1200.0,32.4
2022-09-13 16:00:00,1199.0,32.4
2022-09-13 17:00:00,1238.0,31.6
2022-09-13 18:00:00,1140.0,30.7
2022-09-13 19:00:00,1174.0,29.5
2022-09-13 20:00:00,1213.0,28.7
2022-09-13 21:00:00,1157.0,28.0
2022-09-13 22:00:00,1071.0,27.8
2022-09-13 23:00:00,1039.0,27.7
2022-09-14 00:00:00,1048.0,27.1
2022-09-14 01:00:00,986.0,26.7
2022-09-14 02:00:00,956.0,26.1
2022-09-14 03:00:00,922.0,25.6
2022-09-14 04:00:00,917.0,25.2
2022-09-14 05:00:00,896.0,24.9
2022-09-14 06:00:00,957.0,24.6
2022-09-14 07:00:00,1058.0,24.4
2022-09-14 08:00:00,1075.0,25.1
2022-09-14 09:00:00,1134.0,27.2
2022-09-14 10:00:00,1152.0,27.9
2022-09-14 11:00:00,1202.0,29.7
2022-09-14 12:00:00,1096.0,30.5
2022-09-14 13:00:00,1127.0,31.1
2022-09-14 14:00:00,1130.0,31.8
2022-09-14 15:00:00,1126.0,31.4
2022-09-14 16:00:00,1157.0,31.3
2022-09-14 17:00:00,1186.0,31.0
2022-09-14 18:00:00,1114.0,30.2
2022-09-14 19:00:00,1162.0,29.1
2022-09-14 20:00:00,1192.0,28.4
2022-09-14 21:00:00,1128.0,28.0
2022-09-14 22:00:00,1048.0,27.4
2022-09-14 23:00:00,1001.0,26.9
2022-09-15 00:00:00,1031.0,26.6
2022-09-15 01:00:00,966.0,26.5
2022-09-15 02:00:00,944.0,25.9
2022-09-15 03:00:00,905.0,25.7
2022-09-15 04:00:00,887.0,25.2
2022-09-15 05:00:00,894.0,24.9
2022-09-15 06:00:00,957.0,24.1
2022-09-15 07:00:00,1064.0,24.1
2022-09-15 08:00:00,1100.0,24.9
2022-09-15 09:00:00,1160.0,26.0
2022-09-15 10:00:00,1180.0,26.7
2022-09-15 11:00:00,1190.0,27.0
2022-09-15 12:00:00,1041.0,29.0
2022-09-15 13:00:00,1097.0,28.9
2022-09-15 14:00:00,1075.0,30.5
2022-09-15 15:00:00,1101.0,31.2
2022-09-15 16:00:00,1116.0,31.3
2022-09-15 17:00:00,1163.0,30.4
2022-09-15 18:00:00,1089.0,29.4
2022-09-15 19:00:00,1132.0,28.2
2022-09-15 20:00:00,1145.0,27.1
2022-09-15 21:00:00,1066.0,26.6
2022-09-15 22:00:00,982.0,26.4
2022-09-15 23:00:00,953.0,24.6
2022-09-16 00:00:00,997.0,23.7
2022-09-16 01:00:00,901.0,23.2
2022-09-16 02:00:00,887.0,22.9
2022-09-16 03:00:00,830.0,22.9
2022-09-16 04:00:00,840.0,23.1
2022-09-16 05:00:00,847.0,23.7
2022-09-16 06:00:00,937.0,23.6
2022-09-16 07:00:00,1053.0,23.8
2022-09-16 08:00:00,1085.0,24.8
2022-09-16 09:00:00,1116.0,27.1
2022-09-16 10:00:00,1165.0,29.1
2022-09-16 11:00:00,1190.0,29.6
2022-09-16 12:00:00,1098.0,30.5
2022-09-16 13:00:00,1092.0,30.8
2022-09-16 14:00:00,1098.0,32.3
2022-09-16 15:00:00,1121.0,32.2
2022-09-16 16:00:00,1142.0,32.0
2022-09-16 17:00:00,1215.0,31.8
2022-09-16 18:00:00,1113.0,30.8
2022-09-16 19:00:00,1178.0,29.8
2022-09-16 20:00:00,1164.0,29.5
2022-09-16 21:00:00,1108.0,29.0
2022-09-16 22:00:00,1038.0,28.3
2022-09-16 23:00:00,997.0,27.1
2022-09-17 00:00:00,1042.0,26.7
2022-09-17 01:00:00,960.0,25.8
2022-09-17 02:00:00,917.0,25.1
2022-09-17 03:00:00,887.0,25.0
2022-09-17 04:00:00,899.0,25.3
2022-09-17 05:00:00,873.0,25.1
2022-09-17 06:00:00,933.0,24.7
2022-09-17 07:00:00,1018.0,24.6
2022-09-17 08:00:00,1073.0,26.9
2022-09-17 09:00:00,1116.0,29.5
2022-09-17 10:00:00,1161.0,30.4
2022-09-17 11:00:00,1201.0,31.7
2022-09-17 12:00:00,1098.0,32.9
2022-09-17 13:00:00,1097.0,33.3
2022-09-17 14:00:00,1144.0,33.9
2022-09-17 15:00:00,1138.0,34.1
2022-09-17 16:00:00,1151.0,33.7
2022-09-17 17:00:00,1181.0,33.1
2022-09-17 18:00:00,1095.0,32.4
2022-09-17 19:00:00,1153.0,31.7
2022-09-17 20:00:00,1149.0,30.9
2022-09-17 21:00:00,1113.0,30.1
2022-09-17 22:00:00,1045.0,29.2
2022-09-17 23:00:00,1021.0,28.7
2022-09-18 00:00:00,1046.0,28.8
2022-09-18 01:00:00,1005.0,27.6
2022-09-18 02:00:00,965.0,27.2
2022-09-18 03:00:00,929.0,27.4
2022-09-18 04:00:00,921.0,27.5
2022-09-18 05:00:00,899.0,28.0
2022-09-18 06:00:00,957.0,27.5
2022-09-18 07:00:00,1078.0,27.8
2022-09-18 08:00:00,1127.0,28.6
2022-09-18 09:00:00,1151.0,29.3
2022-09-18 10:00:00,1153.0,31.2
2022-09-18 11:00:00,1153.0,32.5
2022-09-18 12:00:00,1096.0,33.6
2022-09-18 13:00:00,1118.0,33.6
2022-09-18 14:00:00,1155.0,33.9
2022-09-18 15:00:00,1186.0,33.9
2022-09-18 16:00:00,1137.0,33.2
2022-09-18 17:00:00,1168.0,32.5
2022-09-18 18:00:00,1087.0,32.1
2022-09-18 19:00:00,1175.0,31.2
2022-09-18 20:00:00,1233.0,30.7
2022-09-18 21:00:00,1177.0,29.7
2022-09-18 22:00:00,1103.0,29.6
2022-09-18 23:00:00,1071.0,29.3
2022-09-19 00:00:00,1091.0,28.5
2022-09-19 01:00:00,975.0,28.8
2022-09-19 02:00:00,970.0,28.5
2022-09-19 03:00:00,928.0,28.1
2022-09-19 04:00:00,918.0,27.0
2022-09-19 05:00:00,929.0,26.3
2022-09-19 06:00:00,986.0,25.7
2022-09-19 07:00:00,1079.0,25.5
2022-09-19 08:00:00,1114.0,26.7
2022-09-19 09:00:00,1156.0,28.1
2022-09-19 10:00:00,1180.0,29.3
2022-09-19 11:00:00,1181.0,30.7
2022-09-19 12:00:00,1151.0,32.1
2022-09-19 13:00:00,1204.0,32.0
2022-09-19 14:00:00,1199.0,31.9
2022-09-19 15:00:00,1198.0,33.1
2022-09-19 16:00:00,1231.0,32.7
2022-09-19 17:00:00,1254.0,32.6
2022-09-19 18:00:00,1160.0,31.5
2022-09-19 19:00:00,1189.0,30.6
2022-09-19 20:00:00,1210.0,29.7
2022-09-19 21:00:00,1174.0,28.9
2022-09-19 22:00:00,1108.0,28.7
2022-09-19 23:00:00,1079.0,29.1
2022-09-20 00:00:00,1135.0,29.2
2022-09-20 01:00:00,1050.0,28.3
2022-09-20 02:00:00,977.0,27.9
2022-09-20 03:00:00,966.0,27.5
2022-09-20 04:00:00,945.0,27.1
2022-09-20 05:00:00,937.0,26.8
2022-09-20 06:00:00,982.0,26.6
2022-09-20 07:00:00,1053.0,26.1
2022-09-20 08:00:00,1068.0,25.6
2022-09-20 09:00:00,1126.0,25.8
2022-09-20 10:00:00,1108.0,26.1
2022-09-20 11:00:00,1122.0,27.9
2022-09-20 12:00:00,1037.0,29.0
2022-09-20 13:00:00,1007.0,30.3
2022-09-20 14:00:00,1014.0,28.9
2022-09-20 15:00:00,1054.0,28.9
2022-09-20 16:00:00,1068.0,27.8
2022-09-20 17:00:00,1094.0,27.3
2022-09-20 18:00:00,1001.0,26.4
2022-09-20 19:00:00,1061.0,25.4
2022-09-20 20:00:00,1028.0,24.6
2022-09-20 21:00:00,949.0,23.8
2022-09-20 22:00:00,875.0,23.3
2022-09-20 23:00:00,886.0,23.0
2022-09-21 00:00:00,916.0,22.7
2022-09-21 01:00:00,857.0,22.0
2022-09-21 02:00:00,833.0,21.4
2022-09-21 03:00:00,801.0,21.2
2022-09-21 04:00:00,799.0,21.0
2022-09-21 05:00:00,832.0,21.1
2022-09-21 06:00:00,869.0,20.8
2022-09-21 07:00:00,996.0,20.8
2022-09-21 08:00:00,1023.0,20.4
2022-09-21 09:00:00,1030.0,21.2
2022-09-21 10:00:00,1046.0,21.5
2022-09-21 11:00:00,1030.0,22.1
2022-09-21 12:00:00,892.0,21.2
2022-09-21 13:00:00,859.0,21.7
2022-09-21 14:00:00,885.0,21.7
2022-09-21 15:00:00,918.0,21.2
2022-09-21 16:00:00,956.0,20.3
2022-09-21 17:00:00,1016.0,19.2
2022-09-21 18:00:00,923.0,18.9
2022-09-21 19:00:00,988.0,18.0
2022-09-21 20:00:00,937.0,18.0
2022-09-21 21:00:00,861.0,17.8
2022-09-21 22:00:00,773.0,17.9
2022-09-21 23:00:00,769.0,18.1
2022-09-22 00:00:00,827.0,18.1
2022-09-22 01:00:00,787.0,17.7
2022-09-22 02:00:00,758.0,17.5
2022-09-22 03:00:00,735.0,17.7
2022-09-22 04:00:00,733.0,17.7
2022-09-22 05:00:00,766.0,17.3
2022-09-22 06:00:00,833.0,17.2
2022-09-22 07:00:00,978.0,17.5
2022-09-22 08:00:00,999.0,17.6
2022-09-22 09:00:00,1007.0,17.9
2022-09-22 10:00:00,998.0,18.4
2022-09-22 11:00:00,1007.0,18.9
2022-09-22 12:00:00,872.0,19.1
2022-09-22 13:00:00,845.0,19.4
2022-09-22 14:00:00,849.0,20.0
2022-09-22 15:00:00,908.0,20.3
2022-09-22 16:00:00,894.0,20.3
2022-09-22 17:00:00,982.0,20.6
2022-09-22 18:00:00,905.0,20.5
2022-09-22 19:00:00,959.0,20.4
2022-09-22 20:00:00,942.0,20.4
2022-09-22 21:00:00,864.0,20.3
2022-09-22 22:00:00,785.0,20.2
2022-09-22 23:00:00,779.0,20.1
2022-09-23 00:00:00,843.0,20.1
2022-09-23 01:00:00,782.0,20.2
2022-09-23 02:00:00,755.0,20.2
2022-09-23 03:00:00,749.0,20.2
2022-09-23 04:00:00,730.0,20.3
2022-09-23 05:00:00,751.0,20.4
2022-09-23 06:00:00,828.0,20.5
2022-09-23 07:00:00,988.0,20.5
2022-09-23 08:00:00,1024.0,21.2
2022-09-23 09:00:00,1058.0,21.6
2022-09-23 10:00:00,1063.0,21.8
2022-09-23 11:00:00,1039.0,22.4
2022-09-23 12:00:00,886.0,23.4
2022-09-23 13:00:00,857.0,24.3
2022-09-23 14:00:00,872.0,25.0
2022-09-23 15:00:00,946.0,25.0
2022-09-23 16:00:00,966.0,24.5
2022-09-23 17:00:00,1031.0,24.5
2022-09-23 18:00:00,944.0,24.3
2022-09-23 19:00:00,1006.0,23.9
2022-09-23 20:00:00,963.0,23.7
2022-09-23 21:00:00,893.0,23.4
2022-09-23 22:00:00,807.0,23.3
2022-09-23 23:00:00,818.0,23.0
2022-09-24 00:00:00,879.0,22.7
2022-09-24 01:00:00,805.0,22.7
2022-09-24 02:00:00,784.0,21.8
2022-09-24 03:00:00,750.0,21.2
2022-09-24 04:00:00,755.0,20.4
2022-09-24 05:00:00,792.0,19.9
2022-09-24 06:00:00,825.0,19.7
2022-09-24 07:00:00,936.0,19.8
2022-09-24 08:00:00,1005.0,20.1
2022-09-24 09:00:00,1031.0,21.0
2022-09-24 10:00:00,1037.0,21.5
2022-09-24 11:00:00,1041.0,23.3
2022-09-24 12:00:00,893.0,23.8
2022-09-24 13:00:00,857.0,23.6
2022-09-24 14:00:00,885.0,24.7
2022-09-24 15:00:00,921.0,24.5
2022-09-24 16:00:00,949.0,24.3
2022-09-24 17:00:00,1025.0,22.9
2022-09-24 18:00:00,922.0,22.3
2022-09-24 19:00:00,987.0,21.6
2022-09-24 20:00:00,948.0,21.1
2022-09-24 21:00:00,869.0,20.6
2022-09-24 22:00:00,785.0,19.6
2022-09-24 23:00:00,788.0,19.5
2022-09-25 00:00:00,858.0,19.2
2022-09-25 01:00:00,744.0,19.2
2022-09-25 02:00:00,765.0,19.2
2022-09-25 03:00:00,738.0,18.9
2022-09-25 04:00:00,716.0,18.9
2022-09-25 05:00:00,741.0,19.0
2022-09-25 06:00:00,781.0,18.9
2022-09-25 07:00:00,919.0,19.1
2022-09-25 08:00:00,978.0,19.6
2022-09-25 09:00:00,1012.0,20.3
2022-09-25 10:00:00,1002.0,21.8
2022-09-25 11:00:00,996.0,22.9
2022-09-25 12:00:00,877.0,23.3
2022-09-25 13:00:00,840.0,23.0
2022-09-25 14:00:00,840.0,24.2
2022-09-25 15:00:00,849.0,25.3
2022-09-25 16:00:00,907.0,25.2
2022-09-25 17:00:00,998.0,24.2
2022-09-25 18:00:00,912.0,23.8
2022-09-25 19:00:00,999.0,23.2
2022-09-25 20:00:00,974.0,22.7
2022-09-25 21:00:00,874.0,22.7
2022-09-25 22:00:00,778.0,22.6
2022-09-25 23:00:00,760.0,22.5
2022-09-26 00:00:00,845.0,22.3
2022-09-26 01:00:00,759.0,22.3
2022-09-26 02:00:00,760.0,22.1
2022-09-26 03:00:00,748.0,21.7
2022-09-26 04:00:00,774.0,21.8
2022-09-26 05:00:00,765.0,21.6
2022-09-26 06:00:00,835.0,21.5
2022-09-26 07:00:00,1001.0,21.5
2022-09-26 08:00:00,1038.0,22.1
2022-09-26 09:00:00,1054.0,23.1
2022-09-26 10:00:00,1061.0,24.9
2022-09-26 11:00:00,1049.0,26.0
2022-09-26 12:00:00,897.0,27.0
2022-09-26 13:00:00,886.0,28.3
2022-09-26 14:00:00,902.0,29.5
2022-09-26 15:00:00,961.0,29.3
2022-09-26 16:00:00,997.0,29.1
2022-09-26 17:00:00,1070.0,28.8
2022-09-26 18:00:00,974.0,27.6
2022-09-26 19:00:00,1056.0,26.6
2022-09-26 20:00:00,1005.0,25.4
2022-09-26 21:00:00,924.0,25.4
2022-09-26 22:00:00,825.0,25.4
2022-09-26 23:00:00,797.0,25.0
2022-09-27 00:00:00,858.0,24.8
2022-09-27 01:00:00,797.0,24.3
2022-09-27 02:00:00,794.0,23.7
2022-09-27 03:00:00,786.0,23.3
2022-09-27 04:00:00,763.0,22.9
2022-09-27 05:00:00,779.0,22.8
2022-09-27 06:00:00,883.0,21.8
2022-09-27 07:00:00,1023.0,21.9
2022-09-27 08:00:00,1038.0,23.0
2022-09-27 09:00:00,1048.0,24.3
2022-09-27 10:00:00,1064.0,26.7
2022-09-27 11:00:00,1037.0,27.9
2022-09-27 12:00:00,917.0,28.9
2022-09-27 13:00:00,927.0,29.7
2022-09-27 14:00:00,918.0,30.9
2022-09-27 15:00:00,987.0,30.7
2022-09-27 16:00:00,1003.0,30.6
2022-09-27 17:00:00,1062.0,29.8
2022-09-27 18:00:00,1004.0,29.0
2022-09-27 19:00:00,1080.0,27.9
2022-09-27 20:00:00,1041.0,26.9
2022-09-27 21:00:00,952.0,25.7
2022-09-27 22:00:00,853.0,24.7
2022-09-27 23:00:00,827.0,24.0
2022-09-28 00:00:00,884.0,23.4
2022-09-28 01:00:00,813.0,22.9
2022-09-28 02:00:00,786.0,22.2
2022-09-28 03:00:00,763.0,21.6
2022-09-28 04:00:00,766.0,21.5
2022-09-28 05:00:00,783.0,21.5
2022-09-28 06:00:00,872.0,21.7
2022-09-28 07:00:00,1006.0,21.4
2022-09-28 08:00:00,1017.0,21.7
2022-09-28 09:00:00,1055.0,22.1
2022-09-28 10:00:00,1045.0,23.4
2022-09-28 11:00:00,1028.0,25.3
2022-09-28 12:00:00,912.0,25.7
2022-09-28 13:00:00,896.0,27.4
2022-09-28 14:00:00,896.0,27.2
2022-09-28 15:00:00,942.0,27.9
2022-09-28 16:00:00,962.0,27.7
2022-09-28 17:00:00,1033.0,27.1
2022-09-28 18:00:00,968.0,25.5
2022-09-28 19:00:00,1046.0,24.3
2022-09-28 20:00:00,1001.0,23.7
2022-09-28 21:00:00,934.0,23.3
2022-09-28 22:00:00,836.0,22.7
2022-09-28 23:00:00,824.0,22.3
2022-09-29 00:00:00,875.0,21.6
2022-09-29 01:00:00,802.0,21.7
2022-09-29 02:00:00,796.0,21.6
2022-09-29 03:00:00,767.0,21.5
2022-09-29 04:00:00,769.0,21.0
2022-09-29 05:00:00,779.0,20.0
2022-09-29 06:00:00,879.0,19.8
2022-09-29 07:00:00,1031.0,20.0
2022-09-29 08:00:00,1040.0,22.1
2022-09-29 09:00:00,1043.0,24.5
2022-09-29 10:00:00,1031.0,26.6
2022-09-29 11:00:00,1008.0,28.2
2022-09-29 12:00:00,902.0,28.7
2022-09-29 13:00:00,902.0,29.8
2022-09-29 14:00:00,908.0,30.3
2022-09-29 15:00:00,956.0,31.1
2022-09-29 16:00:00,980.0,30.8
2022-09-29 17:00:00,1058.0,30.1
2022-09-29 18:00:00,1006.0,29.2
2022-09-29 19:00:00,1080.0,28.1
2022-09-29 20:00:00,1029.0,27.3
2022-09-29 21:00:00,967.0,26.3
2022-09-29 22:00:00,885.0,25.6
2022-09-29 23:00:00,867.0,24.6
2022-09-30 00:00:00,890.0,24.3
2022-09-30 01:00:00,849.0,23.5
2022-09-30 02:00:00,811.0,22.9
2022-09-30 03:00:00,789.0,22.6
2022-09-30 04:00:00,790.0,22.6
2022-09-30 05:00:00,801.0,22.3
2022-09-30 06:00:00,870.0,22.1
2022-09-30 07:00:00,1029.0,22.8
2022-09-30 08:00:00,1017.0,24.8
2022-09-30 09:00:00,1056.0,27.1
2022-09-30 10:00:00,1061.0,28.7
2022-09-30 11:00:00,1073.0,30.9
2022-09-30 12:00:00,975.0,32.2
2022-09-30 13:00:00,1007.0,33.2
2022-09-30 14:00:00,1008.0,34.3
2022-09-30 15:00:00,1058.0,35.3
2022-09-30 16:00:00,1069.0,34.9
2022-09-30 17:00:00,1130.0,34.5
2022-09-30 18:00:00,1054.0,33.7
2022-09-30 19:00:00,1145.0,32.3
2022-09-30 20:00:00,1113.0,31.2
2022-09-30 21:00:00,1052.0,30.3
2022-09-30 22:00:00,996.0,29.2
2022-09-30 23:00:00,977.0,28.6
2022-10-01 00:00:00,1006.0,28.2
2022-10-01 01:00:00,911.0,27.0
2022-10-01 02:00:00,880.0,26.8
2022-10-01 03:00:00,854.0,26.8
2022-10-01 04:00:00,820.0,26.7
2022-10-01 05:00:00,820.0,28.1
2022-10-01 06:00:00,851.0,27.6
2022-10-01 07:00:00,949.0,27.8
2022-10-01 08:00:00,934.0,30.5
2022-10-01 09:00:00,946.0,32.0
2022-10-01 10:00:00,966.0,34.2
2022-10-01 11:00:00,1015.0,34.7
2022-10-01 12:00:00,994.0,36.2
2022-10-01 13:00:00,1003.0,36.5
2022-10-01 14:00:00,1049.0,37.7
2022-10-01 15:00:00,1095.0,38.0
2022-10-01 16:00:00,1118.0,37.3
2022-10-01 17:00:00,1155.0,37.1
2022-10-01 18:00:00,1095.0,35.6
2022-10-01 19:00:00,1211.0,34.3
2022-10-01 20:00:00,1251.0,33.9
2022-10-01 21:00:00,1253.0,33.2
2022-10-01 22:00:00,1199.0,32.2
2022-10-01 23:00:00,1176.0,31.8
2022-10-02 00:00:00,1191.0,31.7
2022-10-02 01:00:00,1053.0,30.8
2022-10-02 02:00:00,988.0,30.2
2022-10-02 03:00:00,963.0,30.2
2022-10-02 04:00:00,926.0,29.6
2022-10-02 05:00:00,918.0,29.2
2022-10-02 06:00:00,936.0,29.1
2022-10-02 07:00:00,1016.0,28.9
2022-10-02 08:00:00,1028.0,31.0
2022-10-02 09:00:00,1101.0,32.4
2022-10-02 10:00:00,1113.0,33.7
2022-10-02 11:00:00,1159.0,35.6
2022-10-02 12:00:00,1134.0,36.0
2022-10-02 13:00:00,1202.0,36.9
2022-10-02 14:00:00,1244.0,37.0
2022-10-02 15:00:00,1273.0,37.6
2022-10-02 16:00:00,1245.0,37.2
2022-10-02 17:00:00,1276.0,36.3
2022-10-02 18:00:00,1202.0,35.3
2022-10-02 19:00:00,1350.0,34.3
2022-10-02 20:00:00,1444.0,34.0
2022-10-02 21:00:00,1437.0,33.5
2022-10-02 22:00:00,1371.0,32.6
2022-10-02 23:00:00,1335.0,32.6
2022-10-03 00:00:00,1322.0,32.1
2022-10-03 01:00:00,1204.0,31.9
2022-10-03 02:00:00,1162.0,31.5
2022-10-03 03:00:00,1105.0,30.8
2022-10-03 04:00:00,1052.0,30.3
2022-10-03 05:00:00,1044.0,29.2
2022-10-03 06:00:00,1050.0,29.2
2022-10-03 07:00:00,1131.0,29.2
2022-10-03 08:00:00,1140.0,30.9
2022-10-03 09:00:00,1170.0,32.6
2022-10-03 10:00:00,1209.0,34.2
2022-10-03 11:00:00,1265.0,35.4
2022-10-03 12:00:00,1244.0,36.5
2022-10-03 13:00:00,1339.0,38.3
2022-10-03 14:00:00,1397.0,39.5
2022-10-03 15:00:00,1420.0,39.5
2022-10-03 16:00:00,1411.0,39.0
2022-10-03 17:00:00,1415.0,38.4
2022-10-03 18:00:00,1312.0,36.8
2022-10-03 19:00:00,1513.0,35.6
2022-10-03 20:00:00,1616.0,34.8
2022-10-03 21:00:00,1635.0,34.4
2022-10-03 22:00:00,1573.0,33.2
2022-10-03 23:00:00,1493.0,33.2
2022-10-04 00:00:00,1500.0,32.4
2022-10-04 01:00:00,1374.0,31.1
2022-10-04 02:00:00,1265.0,30.2
2022-10-04 03:00:00,1171.0,28.1
2022-10-04 04:00:00,1093.0,26.4
2022-10-04 05:00:00,1039.0,25.6
2022-10-04 06:00:00,1035.0,24.6
2022-10-04 07:00:00,1049.0,24.1
2022-10-04 08:00:00,1052.0,23.9
2022-10-04 09:00:00,1037.0,23.8
2022-10-04 10:00:00,1050.0,23.5
2022-10-04 11:00:00,1062.0,22.8
2022-10-04 12:00:00,929.0,22.7
2022-10-04 13:00:00,899.0,22.2
2022-10-04 14:00:00,885.0,21.9
2022-10-04 15:00:00,895.0,21.1
2022-10-04 16:00:00,901.0,20.8
2022-10-04 17:00:00,963.0,20.3
2022-10-04 18:00:00,928.0,20.0
2022-10-04 19:00:00,982.0,18.9
2022-10-04 20:00:00,923.0,18.2
2022-10-04 21:00:00,861.0,17.2
2022-10-04 22:00:00,781.0,16.7
2022-10-04 23:00:00,774.0,16.1
2022-10-05 00:00:00,794.0,15.8
2022-10-05 01:00:00,758.0,14.6
2022-10-05 02:00:00,745.0,14.2
2022-10-05 03:00:00,717.0,13.5
2022-10-05 04:00:00,690.0,12.9
2022-10-05 05:00:00,697.0,12.3
2022-10-05 06:00:00,751.0,12.0
2022-10-05 07:00:00,899.0,11.6
2022-10-05 08:00:00,985.0,11.9
2022-10-05 09:00:00,1012.0,12.0
2022-10-05 10:00:00,1023.0,12.0
2022-10-05 11:00:00,1018.0,11.9
2022-10-05 12:00:00,884.0,12.1
2022-10-05 13:00:00,869.0,12.1
2022-10-05 14:00:00,844.0,12.4
2022-10-05 15:00:00,856.0,12.5
2022-10-05 16:00:00,869.0,12.2
2022-10-05 17:00:00,956.0,12.3
2022-10-05 18:00:00,917.0,12.1
2022-10-05 19:00:00,961.0,12.1
2022-10-05 20:00:00,937.0,12.3
2022-10-05 21:00:00,865.0,12.2
2022-10-05 22:00:00,812.0,12.0
2022-10-05 23:00:00,807.0,11.6
2022-10-06 00:00:00,842.0,11.3
2022-10-06 01:00:00,797.0,11.1
2022-10-06 02:00:00,713.0,11.1
2022-10-06 03:00:00,706.0,11.0
2022-10-06 04:00:00,713.0,11.1
2022-10-06 05:00:00,689.0,11.0
2022-10-06 06:00:00,764.0,10.9
2022-10-06 07:00:00,873.0,10.7
2022-10-06 08:00:00,991.0,10.7
2022-10-06 09:00:00,1030.0,11.1
2022-10-06 10:00:00,1052.0,11.1
2022-10-06 11:00:00,1041.0,11.0
2022-10-06 12:00:00,940.0,11.1
2022-10-06 13:00:00,921.0,11.1
2022-10-06 14:00:00,889.0,11.1
2022-10-06 15:00:00,922.0,11.2
2022-10-06 16:00:00,959.0,11.0
2022-10-06 17:00:00,1041.0,11.0
2022-10-06 18:00:00,1024.0,10.9
2022-10-06 19:00:00,1054.0,10.8
2022-10-06 20:00:00,998.0,10.8
2022-10-06 21:00:00,902.0,10.8
2022-10-06 22:00:00,814.0,11.1
2022-10-06 23:00:00,807.0,11.2
2022-10-07 00:00:00,843.0,11.1
2022-10-07 01:00:00,758.0,11.1
2022-10-07 02:00:00,743.0,11.0
2022-10-07 03:00:00,727.0,10.9
2022-10-07 04:00:00,710.0,11.0
2022-10-07 05:00:00,702.0,11.1
2022-10-07 06:00:00,758.0,11.0
2022-10-07 07:00:00,882.0,11.1
2022-10-07 08:00:00,1018.0,11.3
2022-10-07 09:00:00,1069.0,11.5
2022-10-07 10:00:00,1080.0,11.8
2022-10-07 11:00:00,1072.0,12.1
2022-10-07 12:00:00,957.0,12.3
2022-10-07 13:00:00,973.0,12.3
2022-10-07 14:00:00,932.0,12.4
2022-10-07 15:00:00,948.0,12.3
2022-10-07 16:00:00,973.0,12.2
2022-10-07 17:00:00,1081.0,12.1
2022-10-07 18:00:00,1058.0,12.2
2022-10-07 19:00:00,1090.0,12.2
2022-10-07 20:00:00,1022.0,12.2
2022-10-07 21:00:00,929.0,12.2
2022-10-07 22:00:00,828.0,12.3
2022-10-07 23:00:00,784.0,12.3
2022-10-08 00:00:00,822.0,12.3
2022-10-08 01:00:00,764.0,12.4
2022-10-08 02:00:00,743.0,12.4
2022-10-08 03:00:00,709.0,12.5
2022-10-08 04:00:00,706.0,12.4
2022-10-08 05:00:00,687.0,12.5
2022-10-08 06:00:00,784.0,12.6
2022-10-08 07:00:00,968.0,12.7
2022-10-08 08:00:00,1041.0,13.0
2022-10-08 09:00:00,1061.0,13.3
2022-10-08 10:00:00,1064.0,13.6
2022-10-08 11:00:00,1037.0,13.7
2022-10-08 12:00:00,952.0,14.3
2022-10-08 13:00:00,924.0,14.5
2022-10-08 14:00:00,927.0,13.9
2022-10-08 15:00:00,946.0,14.0
2022-10-08 16:00:00,942.0,14.3
2022-10-08 17:00:00,1053.0,14.3
2022-10-08 18:00:00,1026.0,14.1
2022-10-08 19:00:00,1076.0,14.1
2022-10-08 20:00:00,1014.0,14.0
2022-10-08 21:00:00,957.0,13.8
2022-10-08 22:00:00,844.0,13.6
2022-10-08 23:00:00,797.0,13.5
2022-10-09 00:00:00,856.0,13.5
2022-10-09 01:00:00,784.0,13.6
2022-10-09 02:00:00,778.0,13.7
2022-10-09 03:00:00,743.0,13.7
2022-10-09 04:00:00,724.0,13.7
2022-10-09 05:00:00,731.0,13.8
2022-10-09 06:00:00,793.0,13.8
2022-10-09 07:00:00,988.0,13.8
2022-10-09 08:00:00,1030.0,14.1
2022-10-09 09:00:00,1007.0,14.6
2022-10-09 10:00:00,1035.0,15.2
2022-10-09 11:00:00,1053.0,15.9
2022-10-09 12:00:00,893.0,16.9
2022-10-09 13:00:00,844.0,18.3
2022-10-09 14:00:00,857.0,18.8
2022-10-09 15:00:00,902.0,17.9
2022-10-09 16:00:00,933.0,18.0
2022-10-09 17:00:00,1048.0,17.7
2022-10-09 18:00:00,1011.0,17.1
2022-10-09 19:00:00,1079.0,16.5
2022-10-09 20:00:00,1009.0,16.0
2022-10-09 21:00:00,941.0,15.7
2022-10-09 22:00:00,831.0,15.4
2022-10-09 23:00:00,788.0,15.0
2022-10-10 00:00:00,832.0,14.8
2022-10-10 01:00:00,766.0,14.7
2022-10-10 02:00:00,743.0,14.0
2022-10-10 03:00:00,717.0,12.8
2022-10-10 04:00:00,720.0,12.0
2022-10-10 05:00:00,737.0,12.6
2022-10-10 06:00:00,809.0,12.2
2022-10-10 07:00:00,1014.0,12.3
2022-10-10 08:00:00,1017.0,14.1
2022-10-10 09:00:00,1005.0,15.5
2022-10-10 10:00:00,1014.0,16.2
2022-10-10 11:00:00,1006.0,16.8
2022-10-10 12:00:00,829.0,18.1
2022-10-10 13:00:00,846.0,18.8
2022-10-10 14:00:00,801.0,19.2
2022-10-10 15:00:00,854.0,19.1
2022-10-10 16:00:00,881.0,19.3
2022-10-10 17:00:00,986.0,18.9
2022-10-10 18:00:00,974.0,18.1
2022-10-10 19:00:00,1069.0,17.4
2022-10-10 20:00:00,1012.0,16.9
2022-10-10 21:00:00,948.0,16.7
2022-10-10 22:00:00,849.0,16.1
2022-10-10 23:00:00,790.0,15.8
2022-10-11 00:00:00,840.0,15.7
2022-10-11 01:00:00,786.0,15.4
2022-10-11 02:00:00,755.0,14.7
2022-10-11 03:00:00,763.0,14.4
2022-10-11 04:00:00,742.0,14.3
2022-10-11 05:00:00,743.0,13.9
2022-10-11 06:00:00,820.0,14.1
2022-10-11 07:00:00,1033.0,14.3
2022-10-11 08:00:00,1025.0,15.2
2022-10-11 09:00:00,1014.0,16.6
2022-10-11 10:00:00,1003.0,18.6
2022-10-11 11:00:00,1017.0,19.8
2022-10-11 12:00:00,868.0,20.6
2022-10-11 13:00:00,832.0,21.1
2022-10-11 14:00:00,814.0,22.1
2022-10-11 15:00:00,849.0,22.7
2022-10-11 16:00:00,880.0,22.7
2022-10-11 17:00:00,989.0,21.9
2022-10-11 18:00:00,967.0,20.6
2022-10-11 19:00:00,1079.0,18.1
2022-10-11 20:00:00,1019.0,18.1
2022-10-11 21:00:00,965.0,17.4
2022-10-11 22:00:00,863.0,16.1
2022-10-11 23:00:00,792.0,15.7
2022-10-12 00:00:00,834.0,15.5
2022-10-12 01:00:00,759.0,15.2
2022-10-12 02:00:00,772.0,14.4
2022-10-12 03:00:00,724.0,13.4
2022-10-12 04:00:00,728.0,11.9
2022-10-12 05:00:00,746.0,12.3
2022-10-12 06:00:00,810.0,12.6
2022-10-12 07:00:00,1036.0,12.8
2022-10-12 08:00:00,1062.0,14.4
2022-10-12 09:00:00,1038.0,15.5
2022-10-12 10:00:00,1021.0,17.4
2022-10-12 11:00:00,994.0,20.4
2022-10-12 12:00:00,829.0,22.0
2022-10-12 13:00:00,813.0,23.4
2022-10-12 14:00:00,809.0,22.9
2022-10-12 15:00:00,859.0,23.6
2022-10-12 16:00:00,894.0,23.9
2022-10-12 17:00:00,980.0,23.3
2022-10-12 18:00:00,970.0,21.6
2022-10-12 19:00:00,1057.0,19.2
2022-10-12 20:00:00,1015.0,17.7
2022-10-12 21:00:00,935.0,18.0
2022-10-12 22:00:00,830.0,17.6
2022-10-12 23:00:00,787.0,17.5
2022-10-13 00:00:00,841.0,16.5
2022-10-13 01:00:00,780.0,15.7
2022-10-13 02:00:00,735.0,15.8
2022-10-13 03:00:00,729.0,15.6
2022-10-13 04:00:00,736.0,15.2
2022-10-13 05:00:00,753.0,14.9
2022-10-13 06:00:00,815.0,14.4
2022-10-13 07:00:00,1041.0,14.2
2022-10-13 08:00:00,1054.0,15.5
2022-10-13 09:00:00,1026.0,16.7
2022-10-13 10:00:00,1012.0,18.5
2022-10-13 11:00:00,995.0,21.1
2022-10-13 12:00:00,830.0,22.4
2022-10-13 13:00:00,822.0,23.4
2022-10-13 14:00:00,844.0,24.7
2022-10-13 15:00:00,868.0,24.6
2022-10-13 16:00:00,908.0,24.5
2022-10-13 17:00:00,996.0,24.4
2022-10-13 18:00:00,983.0,22.7
2022-10-13 19:00:00,1063.0,20.5
2022-10-13 20:00:00,990.0,19.6
2022-10-13 21:00:00,920.0,18.1
2022-10-13 22:00:00,820.0,17.5
2022-10-13 23:00:00,785.0,18.1
2022-10-14 00:00:00,821.0,18.9
2022-10-14 01:00:00,787.0,17.1
2022-10-14 02:00:00,760.0,16.7
2022-10-14 03:00:00,724.0,16.9
2022-10-14 04:00:00,735.0,16.2
2022-10-14 05:00:00,741.0,15.5
2022-10-14 06:00:00,831.0,15.3
2022-10-14 07:00:00,1034.0,15.0
2022-10-14 08:00:00,1029.0,16.0
2022-10-14 09:00:00,1028.0,17.5
2022-10-14 10:00:00,1005.0,20.5
2022-10-14 11:00:00,997.0,21.3
2022-10-14 12:00:00,819.0,23.1
2022-10-14 13:00:00,812.0,24.3
2022-10-14 14:00:00,791.0,25.5
2022-10-14 15:00:00,833.0,25.2
2022-10-14 16:00:00,870.0,25.2
2022-10-14 17:00:00,985.0,24.4
2022-10-14 18:00:00,975.0,22.9
2022-10-14 19:00:00,1040.0,21.4
2022-10-14 20:00:00,970.0,20.4
2022-10-14 21:00:00,896.0,20.0
2022-10-14 22:00:00,813.0,19.4
2022-10-14 23:00:00,783.0,18.5
2022-10-15 00:00:00,841.0,17.1
2022-10-15 01:00:00,751.0,17.5
2022-10-15 02:00:00,731.0,17.0
2022-10-15 03:00:00,693.0,17.3
2022-10-15 04:00:00,704.0,17.1
2022-10-15 05:00:00,721.0,16.8
2022-10-15 06:00:00,759.0,16.5
2022-10-15 07:00:00,932.0,16.3
2022-10-15 08:00:00,991.0,17.4
2022-10-15 09:00:00,997.0,19.3
2022-10-15 10:00:00,996.0,22.0
2022-10-15 11:00:00,978.0,23.3
2022-10-15 12:00:00,853.0,24.5
2022-10-15 13:00:00,836.0,25.4
2022-10-15 14:00:00,836.0,26.2
2022-10-15 15:00:00,847.0,26.5
2022-10-15 16:00:00,883.0,26.6
2022-10-15 17:00:00,971.0,25.8
2022-10-15 18:00:00,964.0,24.3
2022-10-15 19:00:00,1013.0,23.2
2022-10-15 20:00:00,945.0,22.0
2022-10-15 21:00:00,877.0,21.1
2022-10-15 22:00:00,784.0,20.5
2022-10-15 23:00:00,755.0,20.4
2022-10-16 00:00:00,805.0,19.6
2022-10-16 01:00:00,737.0,19.3
2022-10-16 02:00:00,716.0,19.1
2022-10-16 03:00:00,691.0,19.1
2022-10-16 04:00:00,704.0,18.7
2022-10-16 05:00:00,692.0,18.3
2022-10-16 06:00:00,779.0,18.0
2022-10-16 07:00:00,933.0,17.8
2022-10-16 08:00:00,987.0,18.9
2022-10-16 09:00:00,952.0,20.8
2022-10-16 10:00:00,946.0,23.0
2022-10-16 11:00:00,955.0,24.8
2022-10-16 12:00:00,822.0,25.9
2022-10-16 13:00:00,799.0,26.8
2022-10-16 14:00:00,788.0,27.4
2022-10-16 15:00:00,813.0,27.7
2022-10-16 16:00:00,868.0,27.3
2022-10-16 17:00:00,939.0,26.8
2022-10-16 18:00:00,937.0,25.5
2022-10-16 19:00:00,980.0,23.8
2022-10-16 20:00:00,918.0,23.1
2022-10-16 21:00:00,825.0,22.7
2022-10-16 22:00:00,768.0,21.8
2022-10-16 23:00:00,746.0,22.0
2022-10-17 00:00:00,796.0,21.7
2022-10-17 01:00:00,721.0,21.4
2022-10-17 02:00:00,692.0,20.8
2022-10-17 03:00:00,687.0,20.5
2022-10-17 04:00:00,662.0,20.5
2022-10-17 05:00:00,682.0,20.4
2022-10-17 06:00:00,759.0,19.3
2022-10-17 07:00:00,960.0,19.3
2022-10-17 08:00:00,1044.0,20.3
2022-10-17 09:00:00,1083.0,21.4
2022-10-17 10:00:00,1074.0,22.2
2022-10-17 11:00:00,1040.0,23.3
2022-10-17 12:00:00,844.0,24.1
2022-10-17 13:00:00,814.0,24.9
2022-10-17 14:00:00,819.0,24.6
2022-10-17 15:00:00,845.0,25.0
2022-10-17 16:00:00,884.0,24.6
2022-10-17 17:00:00,969.0,24.1
2022-10-17 18:00:00,962.0,22.6
2022-10-17 19:00:00,1018.0,21.5
2022-10-17 20:00:00,970.0,20.7
2022-10-17 21:00:00,900.0,20.1
2022-10-17 22:00:00,799.0,19.5
2022-10-17 23:00:00,751.0,18.8
2022-10-18 00:00:00,771.0,18.1
2022-10-18 01:00:00,733.0,17.6
2022-10-18 02:00:00,710.0,17.0
2022-10-18 03:00:00,690.0,16.5
2022-10-18 04:00:00,692.0,15.8
2022-10-18 05:00:00,706.0,15.5
2022-10-18 06:00:00,799.0,15.4
2022-10-18 07:00:00,1012.0,14.9
2022-10-18 08:00:00,1022.0,15.8
2022-10-18 09:00:00,1020.0,17.5
2022-10-18 10:00:00,1005.0,19.7
2022-10-18 11:00:00,987.0,20.8
2022-10-18 12:00:00,865.0,22.1
2022-10-18 13:00:00,831.0,22.9
2022-10-18 14:00:00,838.0,23.3
2022-10-18 15:00:00,870.0,23.6
2022-10-18 16:00:00,912.0,23.0
2022-10-18 17:00:00,1027.0,22.3
2022-10-18 18:00:00,998.0,20.8
2022-10-18 19:00:00,1059.0,19.5
2022-10-18 20:00:00,985.0,18.9
2022-10-18 21:00:00,901.0,18.2
2022-10-18 22:00:00,809.0,17.7
2022-10-18 23:00:00,753.0,16.8
2022-10-19 00:00:00,805.0,16.9
2022-10-19 01:00:00,735.0,16.1
2022-10-19 02:00:00,716.0,15.7
2022-10-19 03:00:00,696.0,15.6
2022-10-19 04:00:00,695.0,14.3
2022-10-19 05:00:00,716.0,13.7
2022-10-19 06:00:00,792.0,12.9
2022-10-19 07:00:00,998.0,13.0
2022-10-19 08:00:00,1002.0,15.4
2022-10-19 09:00:00,1042.0,16.5
2022-10-19 10:00:00,1015.0,18.9
2022-10-19 11:00:00,986.0,21.0
2022-10-19 12:00:00,833.0,22.5
2022-10-19 13:00:00,832.0,23.2
2022-10-19 14:00:00,844.0,23.8
2022-10-19 15:00:00,858.0,24.6
2022-10-19 16:00:00,905.0,24.4
2022-10-19 17:00:00,1002.0,24.0
2022-10-19 18:00:00,990.0,22.1
2022-10-19 19:00:00,1064.0,19.1
2022-10-19 20:00:00,985.0,17.5
2022-10-19 21:00:00,921.0,17.8
2022-10-19 22:00:00,817.0,18.0
2022-10-19 23:00:00,787.0,16.8
2022-10-20 00:00:00,826.0,15.5
2022-10-20 01:00:00,758.0,14.7
2022-10-20 02:00:00,747.0,14.3
2022-10-20 03:00:00,725.0,14.1
2022-10-20 04:00:00,715.0,14.4
2022-10-20 05:00:00,721.0,14.1
2022-10-20 06:00:00,795.0,14.3
2022-10-20 07:00:00,1000.0,14.0
2022-10-20 08:00:00,1039.0,14.7
2022-10-20 09:00:00,1027.0,19.0
2022-10-20 10:00:00,1010.0,21.3
2022-10-20 11:00:00,960.0,23.5
2022-10-20 12:00:00,833.0,24.1
2022-10-20 13:00:00,822.0,25.6
2022-10-20 14:00:00,857.0,25.8
2022-10-20 15:00:00,885.0,26.4
2022-10-20 16:00:00,939.0,26.2
2022-10-20 17:00:00,1040.0,25.7
2022-10-20 18:00:00,1022.0,24.3
2022-10-20 19:00:00,1053.0,22.8
2022-10-20 20:00:00,993.0,21.4
2022-10-20 21:00:00,922.0,20.6
2022-10-20 22:00:00,822.0,20.4
2022-10-20 23:00:00,781.0,20.2
2022-10-21 00:00:00,850.0,20.0
2022-10-21 01:00:00,766.0,19.8
2022-10-21 02:00:00,746.0,19.7
2022-10-21 03:00:00,714.0,19.9
2022-10-21 04:00:00,719.0,19.6
2022-10-21 05:00:00,727.0,19.6
2022-10-21 06:00:00,789.0,19.1
2022-10-21 07:00:00,1003.0,19.1
2022-10-21 08:00:00,1062.0,19.2
2022-10-21 09:00:00,1076.0,19.3
2022-10-21 10:00:00,1065.0,19.7
2022-10-21 11:00:00,1055.0,19.6
2022-10-21 12:00:00,882.0,20.4
2022-10-21 13:00:00,858.0,22.2
2022-10-21 14:00:00,865.0,22.6
2022-10-21 15:00:00,901.0,23.2
2022-10-21 16:00:00,906.0,23.2
2022-10-21 17:00:00,999.0,23.0
2022-10-21 18:00:00,968.0,22.3
2022-10-21 19:00:00,1015.0,21.8
2022-10-21 20:00:00,958.0,21.2
2022-10-21 21:00:00,899.0,20.5
2022-10-21 22:00:00,822.0,20.3
2022-10-21 23:00:00,804.0,19.8
2022-10-22 00:00:00,910.0,19.5
2022-10-22 01:00:00,833.0,20.2
2022-10-22 02:00:00,785.0,20.3
2022-10-22 03:00:00,744.0,20.2
2022-10-22 04:00:00,732.0,20.1
2022-10-22 05:00:00,742.0,20.0
2022-10-22 06:00:00,803.0,19.5
2022-10-22 07:00:00,970.0,19.4
2022-10-22 08:00:00,1008.0,20.5
2022-10-22 09:00:00,1028.0,21.7
2022-10-22 10:00:00,1005.0,23.6
2022-10-22 11:00:00,1013.0,25.1
2022-10-22 12:00:00,893.0,26.0
2022-10-22 13:00:00,859.0,26.5
2022-10-22 14:00:00,864.0,27.7
2022-10-22 15:00:00,903.0,27.8
2022-10-22 16:00:00,936.0,27.3
2022-10-22 17:00:00,1032.0,26.6
2022-10-22 18:00:00,978.0,25.2
2022-10-22 19:00:00,1033.0,24.5
2022-10-22 20:00:00,978.0,23.8
2022-10-22 21:00:00,923.0,23.2
2022-10-22 22:00:00,833.0,22.4
2022-10-22 23:00:00,830.0,22.3
2022-10-23 00:00:00,892.0,22.2
2022-10-23 01:00:00,803.0,21.6
2022-10-23 02:00:00,790.0,21.1
2022-10-23 03:00:00,747.0,20.5
2022-10-23 04:00:00,724.0,20.2
2022-10-23 05:00:00,741.0,19.7
2022-10-23 06:00:00,808.0,19.8
2022-10-23 07:00:00,941.0,19.7
2022-10-23 08:00:00,1027.0,19.9
2022-10-23 09:00:00,1070.0,21.6
2022-10-23 10:00:00,995.0,23.6
2022-10-23 11:00:00,978.0,25.5
2022-10-23 12:00:00,852.0,26.1
2022-10-23 13:00:00,834.0,26.8
2022-10-23 14:00:00,828.0,27.7
2022-10-23 15:00:00,845.0,28.0
2022-10-23 16:00:00,885.0,27.2
2022-10-23 17:00:00,1004.0,27.0
2022-10-23 18:00:00,994.0,25.1
2022-10-23 19:00:00,1034.0,24.2
2022-10-23 20:00:00,987.0,23.6
2022-10-23 21:00:00,983.0,23.2
2022-10-23 22:00:00,844.0,22.8
2022-10-23 23:00:00,749.0,22.3
2022-10-24 00:00:00,815.0,21.6
2022-10-24 01:00:00,755.0,21.0
2022-10-24 02:00:00,744.0,20.7
2022-10-24 03:00:00,715.0,20.1
2022-10-24 04:00:00,692.0,20.2
2022-10-24 05:00:00,733.0,19.5
2022-10-24 06:00:00,802.0,18.7
2022-10-24 07:00:00,968.0,18.8
2022-10-24 08:00:00,1026.0,19.5
2022-10-24 09:00:00,999.0,20.2
2022-10-24 10:00:00,1015.0,21.2
2022-10-24 11:00:00,1016.0,22.6
2022-10-24 12:00:00,878.0,23.7
2022-10-24 13:00:00,875.0,25.6
2022-10-24 14:00:00,897.0,25.8
2022-10-24 15:00:00,930.0,25.1
2022-10-24 16:00:00,966.0,24.6
2022-10-24 17:00:00,1048.0,23.3
2022-10-24 18:00:00,1026.0,22.4
2022-10-24 19:00:00,1050.0,20.9
2022-10-24 20:00:00,972.0,20.0
2022-10-24 21:00:00,900.0,20.3
2022-10-24 22:00:00,826.0,19.9
2022-10-24 23:00:00,778.0,19.7
2022-10-25 00:00:00,836.0,19.3
2022-10-25 01:00:00,792.0,19.0
2022-10-25 02:00:00,765.0,18.9
2022-10-25 03:00:00,740.0,18.5
2022-10-25 04:00:00,733.0,18.5
2022-10-25 05:00:00,738.0,18.2
2022-10-25 06:00:00,821.0,18.0
2022-10-25 07:00:00,972.0,17.8
2022-10-25 08:00:00,994.0,18.3
2022-10-25 09:00:00,999.0,19.2
2022-10-25 10:00:00,982.0,20.6
2022-10-25 11:00:00,981.0,22.3
2022-10-25 12:00:00,850.0,24.1
2022-10-25 13:00:00,841.0,24.5
2022-10-25 14:00:00,828.0,24.7
2022-10-25 15:00:00,871.0,24.8
2022-10-25 16:00:00,915.0,24.9
2022-10-25 17:00:00,1024.0,24.1
2022-10-25 18:00:00,1024.0,22.4
2022-10-25 19:00:00,1077.0,21.0
2022-10-25 20:00:00,987.0,19.8
2022-10-25 21:00:00,909.0,19.2
2022-10-25 22:00:00,811.0,19.0
2022-10-25 23:00:00,780.0,18.8
2022-10-26 00:00:00,834.0,18.4
2022-10-26 01:00:00,795.0,17.5
2022-10-26 02:00:00,741.0,17.5
2022-10-26 03:00:00,727.0,17.4
2022-10-26 04:00:00,729.0,16.8
2022-10-26 05:00:00,749.0,16.4
2022-10-26 06:00:00,824.0,16.1
2022-10-26 07:00:00,988.0,16.1
2022-10-26 08:00:00,1053.0,16.9
2022-10-26 09:00:00,1075.0,17.4
2022-10-26 10:00:00,1065.0,17.8
2022-10-26 11:00:00,1061.0,18.6
2022-10-26 12:00:00,913.0,19.1
2022-10-26 13:00:00,918.0,18.3
2022-10-26 14:00:00,895.0,18.8
2022-10-26 15:00:00,921.0,18.4
2022-10-26 16:00:00,989.0,18.3
2022-10-26 17:00:00,1066.0,17.8
2022-10-26 18:00:00,1028.0,17.3
2022-10-26 19:00:00,1067.0,17.1
2022-10-26 20:00:00,995.0,17.1
2022-10-26 21:00:00,914.0,16.9
2022-10-26 22:00:00,826.0,16.1
2022-10-26 23:00:00,794.0,15.9
2022-10-27 00:00:00,870.0,15.6
2022-10-27 01:00:00,793.0,15.5
2022-10-27 02:00:00,796.0,15.4
2022-10-27 03:00:00,766.0,15.2
2022-10-27 04:00:00,744.0,14.8
2022-10-27 05:00:00,765.0,14.6
2022-10-27 06:00:00,838.0,14.6
2022-10-27 07:00:00,975.0,14.3
2022-10-27 08:00:00,1051.0,14.5
2022-10-27 09:00:00,1062.0,14.6
2022-10-27 10:00:00,1061.0,14.7
2022-10-27 11:00:00,1076.0,14.6
2022-10-27 12:00:00,971.0,14.6
2022-10-27 13:00:00,916.0,14.6
2022-10-27 14:00:00,921.0,14.7
2022-10-27 15:00:00,949.0,14.9
2022-10-27 16:00:00,982.0,14.9
2022-10-27 17:00:00,1067.0,15.0
2022-10-27 18:00:00,1028.0,15.1
2022-10-27 19:00:00,1030.0,14.7
2022-10-27 20:00:00,967.0,14.8
2022-10-27 21:00:00,906.0,14.9
2022-10-27 22:00:00,835.0,14.9
2022-10-27 23:00:00,789.0,14.9
2022-10-28 00:00:00,835.0,15.0
2022-10-28 01:00:00,759.0,14.9
2022-10-28 02:00:00,755.0,14.9
2022-10-28 03:00:00,729.0,15.0
2022-10-28 04:00:00,746.0,14.9
2022-10-28 05:00:00,756.0,14.9
2022-10-28 06:00:00,817.0,14.9
2022-10-28 07:00:00,972.0,15.1
2022-10-28 08:00:00,1064.0,15.2
2022-10-28 09:00:00,1095.0,15.2
2022-10-28 10:00:00,1095.0,15.6
2022-10-28 11:00:00,1081.0,16.3
2022-10-28 12:00:00,955.0,16.5
2022-10-28 13:00:00,940.0,16.4
2022-10-28 14:00:00,940.0,16.2
2022-10-28 15:00:00,945.0,16.4
2022-10-28 16:00:00,996.0,16.1
2022-10-28 17:00:00,1071.0,16.0
2022-10-28 18:00:00,1041.0,15.7
2022-10-28 19:00:00,1064.0,15.8
2022-10-28 20:00:00,993.0,15.9
2022-10-28 21:00:00,944.0,15.8
2022-10-28 22:00:00,849.0,15.7
2022-10-28 23:00:00,818.0,15.8
2022-10-29 00:00:00,863.0,15.9
2022-10-29 01:00:00,804.0,16.0
2022-10-29 02:00:00,779.0,16.0
2022-10-29 03:00:00,760.0,16.0
2022-10-29 04:00:00,738.0,16.1
2022-10-29 05:00:00,753.0,16.2
2022-10-29 06:00:00,795.0,16.3
2022-10-29 07:00:00,940.0,16.2
2022-10-29 08:00:00,1060.0,16.2
2022-10-29 09:00:00,1118.0,16.1
2022-10-29 10:00:00,1106.0,16.3
2022-10-29 11:00:00,1086.0,16.5
2022-10-29 12:00:00,932.0,16.6
2022-10-29 13:00:00,918.0,16.8
2022-10-29 14:00:00,920.0,17.0
2022-10-29 15:00:00,941.0,17.1
2022-10-29 16:00:00,977.0,16.9
2022-10-29 17:00:00,1080.0,16.5
2022-10-29 18:00:00,1035.0,16.4
2022-10-29 19:00:00,1036.0,16.3
2022-10-29 20:00:00,975.0,16.3
2022-10-29 21:00:00,915.0,16.2
2022-10-29 22:00:00,825.0,16.2
2022-10-29 23:00:00,796.0,16.1
2022-10-30 00:00:00,867.0,16.0
2022-10-30 01:00:00,793.0,16.0
2022-10-30 02:00:00,774.0,16.0
2022-10-30 03:00:00,745.0,15.9
2022-10-30 04:00:00,754.0,15.9
2022-10-30 05:00:00,756.0,15.9
2022-10-30 06:00:00,792.0,15.8
2022-10-30 07:00:00,913.0,15.8
2022-10-30 08:00:00,1026.0,16.0
2022-10-30 09:00:00,1055.0,16.2
2022-10-30 10:00:00,1017.0,16.6
2022-10-30 11:00:00,1034.0,17.1
2022-10-30 12:00:00,916.0,17.2
2022-10-30 13:00:00,876.0,17.8
2022-10-30 14:00:00,859.0,18.8
2022-10-30 15:00:00,865.0,19.8
2022-10-30 16:00:00,907.0,19.8
2022-10-30 17:00:00,1015.0,18.9
2022-10-30 18:00:00,1018.0,17.9
2022-10-30 19:00:00,1054.0,17.3
2022-10-30 20:00:00,1021.0,16.9
2022-10-30 21:00:00,925.0,16.6
2022-10-30 22:00:00,820.0,16.3
2022-10-30 23:00:00,774.0,16.2
2022-10-31 00:00:00,838.0,16.2
2022-10-31 01:00:00,760.0,15.7
2022-10-31 02:00:00,754.0,15.5
2022-10-31 03:00:00,709.0,15.1
2022-10-31 04:00:00,734.0,14.8
2022-10-31 05:00:00,728.0,14.4
2022-10-31 06:00:00,822.0,14.1
2022-10-31 07:00:00,1048.0,14.2
2022-10-31 08:00:00,1084.0,15.0
2022-10-31 09:00:00,1080.0,16.3
2022-10-31 10:00:00,1036.0,18.5
2022-10-31 11:00:00,996.0,19.9
2022-10-31 12:00:00,854.0,21.3
2022-10-31 13:00:00,833.0,21.5
2022-10-31 14:00:00,817.0,22.4
2022-10-31 15:00:00,843.0,22.5
2022-10-31 16:00:00,899.0,22.8
2022-10-31 17:00:00,1002.0,21.9
2022-10-31 18:00:00,992.0,20.3
2022-10-31 19:00:00,1049.0,19.0
2022-10-31 20:00:00,995.0,18.2
2022-10-31 21:00:00,933.0,18.0
2022-10-31 22:00:00,820.0,17.6
2022-10-31 23:00:00,779.0,17.2
2022-11-01 00:00:00,827.0,17.0
2022-11-01 01:00:00,773.0,16.1
2022-11-01 02:00:00,732.0,16.0
2022-11-01 03:00:00,713.0,16.2
2022-11-01 04:00:00,724.0,15.6
2022-11-01 05:00:00,746.0,15.3
2022-11-01 06:00:00,804.0,14.8
2022-11-01 07:00:00,1012.0,14.6
2022-11-01 08:00:00,1038.0,15.2
2022-11-01 09:00:00,1009.0,16.9
2022-11-01 10:00:00,965.0,18.4
2022-11-01 11:00:00,928.0,20.4
2022-11-01 12:00:00,802.0,21.7
2022-11-01 13:00:00,789.0,23.0
2022-11-01 14:00:00,762.0,23.8
2022-11-01 15:00:00,800.0,23.8
2022-11-01 16:00:00,861.0,23.4
2022-11-01 17:00:00,962.0,22.7
2022-11-01 18:00:00,970.0,21.2
2022-11-01 19:00:00,1014.0,20.2
2022-11-01 20:00:00,976.0,19.1
2022-11-01 21:00:00,909.0,18.9
2022-11-01 22:00:00,806.0,18.3
2022-11-01 23:00:00,767.0,17.9
2022-11-02 00:00:00,794.0,17.7
2022-11-02 01:00:00,731.0,17.1
2022-11-02 02:00:00,712.0,16.1
2022-11-02 03:00:00,717.0,16.0
2022-11-02 04:00:00,678.0,15.6
2022-11-02 05:00:00,713.0,15.2
2022-11-02 06:00:00,795.0,14.9
2022-11-02 07:00:00,1014.0,14.7
2022-11-02 08:00:00,1049.0,15.4
2022-11-02 09:00:00,1024.0,16.8
2022-11-02 10:00:00,1001.0,18.5
2022-11-02 11:00:00,992.0,20.5
2022-11-02 12:00:00,827.0,22.1
2022-11-02 13:00:00,800.0,23.7
2022-11-02 14:00:00,803.0,24.6
2022-11-02 15:00:00,820.0,24.3
2022-11-02 16:00:00,883.0,24.1
2022-11-02 17:00:00,991.0,23.3
2022-11-02 18:00:00,1002.0,21.8
2022-11-02 19:00:00,1049.0,19.9
2022-11-02 20:00:00,995.0,18.7
2022-11-02 21:00:00,929.0,17.4
2022-11-02 22:00:00,828.0,16.4
2022-11-02 23:00:00,787.0,15.8
2022-11-03 00:00:00,837.0,15.4
2022-11-03 01:00:00,764.0,15.7
2022-11-03 02:00:00,755.0,15.8
2022-11-03 03:00:00,728.0,15.7
2022-11-03 04:00:00,733.0,15.9
2022-11-03 05:00:00,748.0,15.5
2022-11-03 06:00:00,817.0,15.4
2022-11-03 07:00:00,1023.0,15.2
2022-11-03 08:00:00,1091.0,15.9
2022-11-03 09:00:00,1071.0,16.8
2022-11-03 10:00:00,1036.0,19.0
2022-11-03 11:00:00,1010.0,21.3
2022-11-03 12:00:00,850.0,22.6
2022-11-03 13:00:00,832.0,23.9
2022-11-03 14:00:00,846.0,24.9
2022-11-03 15:00:00,898.0,25.0
2022-11-03 16:00:00,942.0,24.9
2022-11-03 17:00:00,1017.0,24.0
2022-11-03 18:00:00,1011.0,22.4
2022-11-03 19:00:00,1057.0,20.8
2022-11-03 20:00:00,1001.0,20.1
2022-11-03 21:00:00,933.0,19.4
2022-11-03 22:00:00,831.0,19.2
2022-11-03 23:00:00,805.0,18.7
2022-11-04 00:00:00,867.0,18.1
2022-11-04 01:00:00,794.0,17.4
2022-11-04 02:00:00,775.0,17.0
2022-11-04 03:00:00,745.0,16.7
2022-11-04 04:00:00,743.0,16.0
2022-11-04 05:00:00,753.0,15.3
2022-11-04 06:00:00,839.0,14.7
2022-11-04 07:00:00,1035.0,14.3
2022-11-04 08:00:00,1086.0,14.3
2022-11-04 09:00:00,1069.0,15.5
2022-11-04 10:00:00,1059.0,16.5
2022-11-04 11:00:00,1031.0,17.9
2022-11-04 12:00:00,883.0,18.9
2022-11-04 13:00:00,859.0,19.4
2022-11-04 14:00:00,877.0,20.6
2022-11-04 15:00:00,922.0,20.8
2022-11-04 16:00:00,964.0,20.3
2022-11-04 17:00:00,1042.0,19.6
2022-11-04 18:00:00,1059.0,18.8
2022-11-04 19:00:00,1069.0,17.8
2022-11-04 20:00:00,1009.0,17.4
2022-11-04 21:00:00,941.0,17.0
2022-11-04 22:00:00,856.0,16.1
2022-11-04 23:00:00,812.0,15.5
2022-11-05 00:00:00,865.0,15.0
2022-11-05 01:00:00,790.0,14.5
2022-11-05 02:00:00,767.0,14.1
2022-11-05 03:00:00,751.0,13.9
2022-11-05 04:00:00,740.0,13.8
2022-11-05 05:00:00,730.0,13.7
2022-11-05 06:00:00,784.0,13.5
2022-11-05 07:00:00,953.0,13.7
2022-11-05 08:00:00,1067.0,14.0
2022-11-05 09:00:00,1054.0,14.5
2022-11-05 10:00:00,1056.0,15.1
2022-11-05 11:00:00,1027.0,16.8
2022-11-05 12:00:00,894.0,17.2
2022-11-05 13:00:00,871.0,18.3
2022-11-05 14:00:00,876.0,18.3
2022-11-05 15:00:00,904.0,18.3
2022-11-05 16:00:00,939.0,18.3
2022-11-05 17:00:00,1027.0,18.0
2022-11-05 18:00:00,1022.0,17.6
2022-11-05 19:00:00,1051.0,17.3
2022-11-05 20:00:00,995.0,17.1
2022-11-05 21:00:00,922.0,16.0
2022-11-05 22:00:00,832.0,15.4
2022-11-05 23:00:00,803.0,15.1
2022-11-06 00:00:00,843.0,15.3
2022-11-06 01:00:00,770.0,15.5
2022-11-06 02:00:00,744.0,15.1
2022-11-06 03:00:00,719.0,14.3
2022-11-06 04:00:00,697.0,13.9
2022-11-06 05:00:00,717.0,13.6
2022-11-06 06:00:00,768.0,12.7
2022-11-06 07:00:00,946.0,12.4
2022-11-06 08:00:00,1041.0,13.9
2022-11-06 09:00:00,1065.0,16.3
2022-11-06 10:00:00,996.0,18.6
2022-11-06 11:00:00,980.0,20.7
2022-11-06 12:00:00,839.0,21.7
2022-11-06 13:00:00,819.0,22.7
2022-11-06 14:00:00,802.0,23.6
2022-11-06 15:00:00,844.0,23.8
2022-11-06 16:00:00,902.0,23.8
2022-11-06 17:00:00,1019.0,23.0
2022-11-06 18:00:00,1008.0,21.2
2022-11-06 19:00:00,1040.0,19.5
2022-11-06 20:00:00,996.0,18.4
2022-11-06 21:00:00,912.0,17.9
2022-11-06 22:00:00,800.0,18.6
2022-11-06 23:00:00,750.0,17.7
2022-11-07 00:00:00,810.0,17.3
2022-11-07 01:00:00,746.0,17.8
2022-11-07 02:00:00,723.0,16.2
2022-11-07 03:00:00,707.0,16.2
2022-11-07 04:00:00,702.0,16.8
2022-11-07 05:00:00,720.0,16.5
2022-11-07 06:00:00,799.0,16.2
2022-11-07 07:00:00,1020.0,15.4
2022-11-07 08:00:00,1046.0,16.0
2022-11-07 09:00:00,1053.0,18.9
2022-11-07 10:00:00,1036.0,20.9
2022-11-07 11:00:00,1007.0,22.5
2022-11-07 12:00:00,857.0,23.9
2022-11-07 13:00:00,830.0,25.1
2022-11-07 14:00:00,853.0,25.9
2022-11-07 15:00:00,894.0,25.6
2022-11-07 16:00:00,946.0,25.1
2022-11-07 17:00:00,1044.0,24.6
2022-11-07 18:00:00,1027.0,22.7
2022-11-07 19:00:00,1049.0,20.9
2022-11-07 20:00:00,988.0,20.7
2022-11-07 21:00:00,934.0,19.7
2022-11-07 22:00:00,827.0,19.2
2022-11-07 23:00:00,798.0,18.6
2022-11-08 00:00:00,856.0,18.1
2022-11-08 01:00:00,793.0,17.4
2022-11-08 02:00:00,763.0,17.3
2022-11-08 03:00:00,724.0,17.5
2022-11-08 04:00:00,738.0,16.8
2022-11-08 05:00:00,765.0,16.7
2022-11-08 06:00:00,828.0,16.6
2022-11-08 07:00:00,1023.0,16.2
2022-11-08 08:00:00,1082.0,16.5
2022-11-08 09:00:00,1067.0,17.8
2022-11-08 10:00:00,1036.0,19.4
2022-11-08 11:00:00,1014.0,21.0
2022-11-08 12:00:00,864.0,23.1
2022-11-08 13:00:00,846.0,24.6
2022-11-08 14:00:00,852.0,25.2
2022-11-08 15:00:00,893.0,25.0
2022-11-08 16:00:00,946.0,25.0
2022-11-08 17:00:00,1039.0,24.2
2022-11-08 18:00:00,1036.0,22.7
2022-11-08 19:00:00,1051.0,21.1
2022-11-08 20:00:00,966.0,19.8
2022-11-08 21:00:00,903.0,18.9
2022-11-08 22:00:00,807.0,18.2
2022-11-08 23:00:00,780.0,17.5
2022-11-09 00:00:00,854.0,17.1
2022-11-09 01:00:00,769.0,16.6
2022-11-09 02:00:00,780.0,16.3
2022-11-09 03:00:00,730.0,16.1
2022-11-09 04:00:00,749.0,15.9
2022-11-09 05:00:00,753.0,15.7
2022-11-09 06:00:00,825.0,15.1
2022-11-09 07:00:00,997.0,15.1
2022-11-09 08:00:00,1057.0,17.1
2022-11-09 09:00:00,1060.0,19.1
2022-11-09 10:00:00,1019.0,21.0
2022-11-09 11:00:00,1024.0,23.6
2022-11-09 12:00:00,870.0,25.1
2022-11-09 13:00:00,844.0,26.3
2022-11-09 14:00:00,865.0,27.8
2022-11-09 15:00:00,900.0,28.0
2022-11-09 16:00:00,954.0,28.0
2022-11-09 17:00:00,1043.0,26.9
2022-11-09 18:00:00,1042.0,24.7
2022-11-09 19:00:00,1047.0,22.3
2022-11-09 20:00:00,993.0,21.5
2022-11-09 21:00:00,921.0,20.4
2022-11-09 22:00:00,819.0,19.6
2022-11-09 23:00:00,787.0,19.4
2022-11-10 00:00:00,838.0,18.8
2022-11-10 01:00:00,787.0,18.6
2022-11-10 02:00:00,775.0,18.3
2022-11-10 03:00:00,723.0,17.9
2022-11-10 04:00:00,752.0,17.9
2022-11-10 05:00:00,764.0,18.1
2022-11-10 06:00:00,843.0,17.5
2022-11-10 07:00:00,1040.0,17.2
2022-11-10 08:00:00,1095.0,18.4
2022-11-10 09:00:00,1090.0,20.8
2022-11-10 10:00:00,1064.0,23.4
2022-11-10 11:00:00,1014.0,26.2
2022-11-10 12:00:00,866.0,27.4
2022-11-10 13:00:00,865.0,29.1
2022-11-10 14:00:00,909.0,29.7
2022-11-10 15:00:00,942.0,28.3
2022-11-10 16:00:00,983.0,27.7
2022-11-10 17:00:00,1060.0,27.3
2022-11-10 18:00:00,1045.0,26.0
2022-11-10 19:00:00,1052.0,24.8
2022-11-10 20:00:00,978.0,24.5
2022-11-10 21:00:00,914.0,23.8
2022-11-10 22:00:00,815.0,22.9
2022-11-10 23:00:00,790.0,23.0
2022-11-11 00:00:00,856.0,22.5
2022-11-11 01:00:00,810.0,22.4
2022-11-11 02:00:00,784.0,22.3
2022-11-11 03:00:00,760.0,21.8
2022-11-11 04:00:00,773.0,20.8
2022-11-11 05:00:00,769.0,20.0
2022-11-11 06:00:00,847.0,20.4
2022-11-11 07:00:00,1033.0,19.7
2022-11-11 08:00:00,1076.0,20.8
2022-11-11 09:00:00,1070.0,23.2
2022-11-11 10:00:00,1084.0,23.9
2022-11-11 11:00:00,1005.0,26.1
2022-11-11 12:00:00,863.0,28.8
2022-11-11 13:00:00,876.0,29.7
2022-11-11 14:00:00,880.0,30.2
2022-11-11 15:00:00,917.0,30.1
2022-11-11 16:00:00,973.0,29.8
2022-11-11 17:00:00,1062.0,28.5
2022-11-11 18:00:00,1048.0,26.9
2022-11-11 19:00:00,1050.0,25.7
2022-11-11 20:00:00,982.0,25.1
2022-11-11 21:00:00,929.0,24.4
2022-11-11 22:00:00,853.0,23.8
2022-11-11 23:00:00,817.0,23.7
2022-11-12 00:00:00,885.0,23.8
2022-11-12 01:00:00,810.0,23.0
2022-11-12 02:00:00,801.0,22.4
2022-11-12 03:00:00,762.0,21.8
2022-11-12 04:00:00,769.0,21.3
2022-11-12 05:00:00,777.0,20.8
2022-11-12 06:00:00,802.0,20.5
2022-11-12 07:00:00,966.0,20.2
2022-11-12 08:00:00,1069.0,20.1
2022-11-12 09:00:00,1059.0,20.6
2022-11-12 10:00:00,1059.0,21.0
2022-11-12 11:00:00,1061.0,21.2
2022-11-12 12:00:00,937.0,20.9
2022-11-12 13:00:00,923.0,21.0
2022-11-12 14:00:00,918.0,20.5
2022-11-12 15:00:00,942.0,20.0
2022-11-12 16:00:00,990.0,18.7
2022-11-12 17:00:00,1058.0,18.4
2022-11-12 18:00:00,1033.0,17.7
2022-11-12 19:00:00,1009.0,17.2
2022-11-12 20:00:00,952.0,16.7
2022-11-12 21:00:00,878.0,16.5
2022-11-12 22:00:00,818.0,16.2
2022-11-12 23:00:00,786.0,15.9
2022-11-13 00:00:00,846.0,15.4
2022-11-13 01:00:00,794.0,15.1
2022-11-13 02:00:00,764.0,14.7
2022-11-13 03:00:00,745.0,14.3
2022-11-13 04:00:00,739.0,14.2
2022-11-13 05:00:00,743.0,13.9
2022-11-13 06:00:00,793.0,13.7
2022-11-13 07:00:00,924.0,13.6
2022-11-13 08:00:00,1059.0,13.7
2022-11-13 09:00:00,1058.0,13.9
2022-11-13 10:00:00,1057.0,14.1
2022-11-13 11:00:00,1067.0,14.1
2022-11-13 12:00:00,925.0,14.4
2022-11-13 13:00:00,897.0,14.4
2022-11-13 14:00:00,899.0,14.2
2022-11-13 15:00:00,914.0,13.9
2022-11-13 16:00:00,944.0,13.6
2022-11-13 17:00:00,1032.0,13.2
2022-11-13 18:00:00,1033.0,12.7
2022-11-13 19:00:00,1040.0,12.7
2022-11-13 20:00:00,976.0,12.2
2022-11-13 21:00:00,895.0,12.2
2022-11-13 22:00:00,797.0,12.2
2022-11-13 23:00:00,749.0,12.1
2022-11-14 00:00:00,811.0,11.7
2022-11-14 01:00:00,764.0,11.2
2022-11-14 02:00:00,740.0,10.9
2022-11-14 03:00:00,735.0,10.6
2022-11-14 04:00:00,724.0,10.4
2022-11-14 05:00:00,731.0,10.3
2022-11-14 06:00:00,812.0,10.2
2022-11-14 07:00:00,995.0,10.0
2022-11-14 08:00:00,1104.0,9.9
2022-11-14 09:00:00,1146.0,10.0
2022-11-14 10:00:00,1151.0,10.2
2022-11-14 11:00:00,1141.0,10.5
2022-11-14 12:00:00,997.0,10.5
2022-11-14 13:00:00,995.0,10.6
2022-11-14 14:00:00,1003.0,10.8
2022-11-14 15:00:00,1010.0,10.9
2022-11-14 16:00:00,1043.0,11.1
2022-11-14 17:00:00,1134.0,11.4
2022-11-14 18:00:00,1127.0,11.3
2022-11-14 19:00:00,1109.0,11.2
2022-11-14 20:00:00,1051.0,11.2
2022-11-14 21:00:00,980.0,11.3
2022-11-14 22:00:00,887.0,10.6
2022-11-14 23:00:00,811.0,10.6
2022-11-15 00:00:00,869.0,10.3
2022-11-15 01:00:00,808.0,10.3
2022-11-15 02:00:00,789.0,9.5
2022-11-15 03:00:00,744.0,9.7
2022-11-15 04:00:00,753.0,9.3
2022-11-15 05:00:00,763.0,9.3
2022-11-15 06:00:00,825.0,9.3
2022-11-15 07:00:00,1039.0,9.0
2022-11-15 08:00:00,1154.0,10.1
2022-11-15 09:00:00,1146.0,11.1
2022-11-15 10:00:00,1124.0,12.0
2022-11-15 11:00:00,1098.0,12.8
2022-11-15 12:00:00,972.0,12.8
2022-11-15 13:00:00,952.0,12.8
2022-11-15 14:00:00,954.0,13.4
2022-11-15 15:00:00,985.0,13.5
2022-11-15 16:00:00,1011.0,14.3
2022-11-15 17:00:00,1117.0,13.8
2022-11-15 18:00:00,1100.0,13.6
2022-11-15 19:00:00,1107.0,13.5
2022-11-15 20:00:00,1059.0,13.6
2022-11-15 21:00:00,993.0,13.6
2022-11-15 22:00:00,880.0,13.4
2022-11-15 23:00:00,805.0,13.4
2022-11-16 00:00:00,884.0,13.4
2022-11-16 01:00:00,791.0,13.3
2022-11-16 02:00:00,778.0,13.3
2022-11-16 03:00:00,743.0,13.4
2022-11-16 04:00:00,750.0,13.2
2022-11-16 05:00:00,760.0,13.4
2022-11-16 06:00:00,831.0,13.4
2022-11-16 07:00:00,981.0,12.0
2022-11-16 08:00:00,1109.0,11.7
2022-11-16 09:00:00,1154.0,11.7
2022-11-16 10:00:00,1165.0,11.9
2022-11-16 11:00:00,1120.0,11.7
2022-11-16 12:00:00,1008.0,11.9
2022-11-16 13:00:00,983.0,12.2
2022-11-16 14:00:00,976.0,12.8
2022-11-16 15:00:00,1003.0,13.0
2022-11-16 16:00:00,1035.0,13.1
2022-11-16 17:00:00,1131.0,13.2
2022-11-16 18:00:00,1101.0,13.2
2022-11-16 19:00:00,1098.0,13.1
2022-11-16 20:00:00,1053.0,12.8
2022-11-16 21:00:00,1000.0,12.8
2022-11-16 22:00:00,882.0,12.8
2022-11-16 23:00:00,827.0,12.7
2022-11-17 00:00:00,867.0,12.0
2022-11-17 01:00:00,817.0,11.8
2022-11-17 02:00:00,794.0,11.9
2022-11-17 03:00:00,760.0,12.0
2022-11-17 04:00:00,767.0,11.6
2022-11-17 05:00:00,794.0,11.0
2022-11-17 06:00:00,842.0,10.9
2022-11-17 07:00:00,1037.0,10.8
2022-11-17 08:00:00,1153.0,11.4
2022-11-17 09:00:00,1132.0,12.7
2022-11-17 10:00:00,1126.0,14.7
2022-11-17 11:00:00,1081.0,15.7
2022-11-17 12:00:00,955.0,16.9
2022-11-17 13:00:00,950.0,16.4
2022-11-17 14:00:00,932.0,16.6
2022-11-17 15:00:00,948.0,17.5
2022-11-17 16:00:00,988.0,17.0
2022-11-17 17:00:00,1099.0,16.6
2022-11-17 18:00:00,1094.0,16.1
2022-11-17 19:00:00,1107.0,15.8
2022-11-17 20:00:00,1065.0,15.9
2022-11-17 21:00:00,1004.0,15.8
2022-11-17 22:00:00,891.0,15.0
2022-11-17 23:00:00,828.0,14.6
2022-11-18 00:00:00,885.0,14.6
2022-11-18 01:00:00,835.0,14.5
2022-11-18 02:00:00,796.0,14.5
2022-11-18 03:00:00,740.0,14.4
2022-11-18 04:00:00,736.0,14.3
2022-11-18 05:00:00,748.0,13.6
2022-11-18 06:00:00,822.0,13.4
2022-11-18 07:00:00,995.0,13.4
2022-11-18 08:00:00,1132.0,13.4
2022-11-18 09:00:00,1144.0,13.4
2022-11-18 10:00:00,1166.0,13.4
2022-11-18 11:00:00,1164.0,13.2
2022-11-18 12:00:00,1011.0,13.6
2022-11-18 13:00:00,1011.0,13.8
2022-11-18 14:00:00,993.0,13.9
2022-11-18 15:00:00,996.0,14.2
2022-11-18 16:00:00,1029.0,14.1
2022-11-18 17:00:00,1127.0,14.1
2022-11-18 18:00:00,1093.0,14.3
2022-11-18 19:00:00,1085.0,14.5
2022-11-18 20:00:00,1031.0,14.5
2022-11-18 21:00:00,962.0,14.4
2022-11-18 22:00:00,883.0,14.4
2022-11-18 23:00:00,844.0,14.2
2022-11-19 00:00:00,882.0,14.4
2022-11-19 01:00:00,817.0,14.4
2022-11-19 02:00:00,788.0,14.4
2022-11-19 03:00:00,748.0,14.3
2022-11-19 04:00:00,736.0,14.3
2022-11-19 05:00:00,769.0,14.4
2022-11-19 06:00:00,786.0,14.4
2022-11-19 07:00:00,943.0,14.4
2022-11-19 08:00:00,1107.0,14.5
2022-11-19 09:00:00,1112.0,14.9
2022-11-19 10:00:00,1077.0,15.9
2022-11-19 11:00:00,1083.0,16.5
2022-11-19 12:00:00,915.0,17.8
2022-11-19 13:00:00,950.0,17.5
2022-11-19 14:00:00,921.0,18.1
2022-11-19 15:00:00,944.0,17.9
2022-11-19 16:00:00,975.0,17.7
2022-11-19 17:00:00,1081.0,17.5
2022-11-19 18:00:00,1077.0,16.7
2022-11-19 19:00:00,1071.0,16.3
2022-11-19 20:00:00,1025.0,16.3
2022-11-19 21:00:00,970.0,14.7
2022-11-19 22:00:00,878.0,13.9
2022-11-19 23:00:00,844.0,13.5
2022-11-20 00:00:00,864.0,13.0
2022-11-20 01:00:00,798.0,13.5
2022-11-20 02:00:00,765.0,12.7
2022-11-20 03:00:00,744.0,12.4
2022-11-20 04:00:00,716.0,12.3
2022-11-20 05:00:00,736.0,12.0
2022-11-20 06:00:00,797.0,11.9
2022-11-20 07:00:00,923.0,11.6
2022-11-20 08:00:00,1086.0,12.3
2022-11-20 09:00:00,1077.0,14.7
2022-11-20 10:00:00,1059.0,17.1
2022-11-20 11:00:00,1048.0,18.8
2022-11-20 12:00:00,888.0,20.1
2022-11-20 13:00:00,857.0,21.1
2022-11-20 14:00:00,844.0,21.7
2022-11-20 15:00:00,886.0,22.1
2022-11-20 16:00:00,954.0,22.3
2022-11-20 17:00:00,1054.0,21.6
2022-11-20 18:00:00,1048.0,20.1
2022-11-20 19:00:00,1051.0,19.5
2022-11-20 20:00:00,1010.0,19.6
2022-11-20 21:00:00,937.0,19.5
2022-11-20 22:00:00,820.0,19.3
2022-11-20 23:00:00,746.0,18.7
2022-11-21 00:00:00,841.0,18.4
2022-11-21 01:00:00,758.0,18.5
2022-11-21 02:00:00,737.0,18.0
2022-11-21 03:00:00,717.0,18.0
2022-11-21 04:00:00,705.0,17.7
2022-11-21 05:00:00,708.0,17.4
2022-11-21 06:00:00,793.0,16.9
2022-11-21 07:00:00,945.0,16.9
2022-11-21 08:00:00,1068.0,17.1
2022-11-21 09:00:00,1107.0,17.8
2022-11-21 10:00:00,1095.0,18.4
2022-11-21 11:00:00,1085.0,18.9
2022-11-21 12:00:00,946.0,19.2
2022-11-21 13:00:00,932.0,19.4
2022-11-21 14:00:00,947.0,19.3
2022-11-21 15:00:00,969.0,18.8
2022-11-21 16:00:00,1009.0,18.2
2022-11-21 17:00:00,1083.0,17.8
2022-11-21 18:00:00,1083.0,17.5
2022-11-21 19:00:00,1041.0,17.1
2022-11-21 20:00:00,987.0,16.6
2022-11-21 21:00:00,918.0,16.2
2022-11-21 22:00:00,835.0,16.1
2022-11-21 23:00:00,784.0,15.9
2022-11-22 00:00:00,835.0,15.7
2022-11-22 01:00:00,780.0,15.7
2022-11-22 02:00:00,763.0,15.1
2022-11-22 03:00:00,749.0,14.9
2022-11-22 04:00:00,760.0,14.8
2022-11-22 05:00:00,759.0,14.9
2022-11-22 06:00:00,809.0,14.8
2022-11-22 07:00:00,972.0,14.8
2022-11-22 08:00:00,1099.0,14.8
2022-11-22 09:00:00,1123.0,14.9
2022-11-22 10:00:00,1120.0,15.2
2022-11-22 11:00:00,1106.0,15.5
2022-11-22 12:00:00,985.0,15.6
2022-11-22 13:00:00,964.0,15.7
2022-11-22 14:00:00,940.0,16.2
2022-11-22 15:00:00,946.0,16.4
2022-11-22 16:00:00,996.0,16.1
2022-11-22 17:00:00,1029.0,15.7
2022-11-22 18:00:00,1066.0,15.4
2022-11-22 19:00:00,1063.0,15.2
2022-11-22 20:00:00,1024.0,15.1
2022-11-22 21:00:00,963.0,15.1
2022-11-22 22:00:00,861.0,15.0
2022-11-22 23:00:00,790.0,15.0
2022-11-23 00:00:00,860.0,14.9
2022-11-23 01:00:00,801.0,14.9
2022-11-23 02:00:00,769.0,14.8
2022-11-23 03:00:00,743.0,14.7
2022-11-23 04:00:00,739.0,14.5
2022-11-23 05:00:00,738.0,14.2
2022-11-23 06:00:00,800.0,14.1
2022-11-23 07:00:00,977.0,14.0
2022-11-23 08:00:00,1089.0,13.8
2022-11-23 09:00:00,1119.0,13.7
2022-11-23 10:00:00,1108.0,14.5
2022-11-23 11:00:00,1115.0,14.4
2022-11-23 12:00:00,984.0,14.5
2022-11-23 13:00:00,955.0,14.4
2022-11-23 14:00:00,962.0,15.1
2022-11-23 15:00:00,987.0,15.1
2022-11-23 16:00:00,1011.0,15.2
2022-11-23 17:00:00,1118.0,15.0
2022-11-23 18:00:00,1099.0,14.9
2022-11-23 19:00:00,1082.0,15.1
2022-11-23 20:00:00,1041.0,15.1
2022-11-23 21:00:00,986.0,15.2
2022-11-23 22:00:00,868.0,15.1
2022-11-23 23:00:00,812.0,15.2
2022-11-24 00:00:00,888.0,14.9
2022-11-24 01:00:00,799.0,14.6
2022-11-24 02:00:00,795.0,14.3
2022-11-24 03:00:00,769.0,14.3
2022-11-24 04:00:00,755.0,14.2
2022-11-24 05:00:00,779.0,14.2
2022-11-24 06:00:00,849.0,14.3
2022-11-24 07:00:00,999.0,14.3
2022-11-24 08:00:00,1117.0,14.4
2022-11-24 09:00:00,1151.0,14.5
2022-11-24 10:00:00,1149.0,14.8
2022-11-24 11:00:00,1145.0,15.1
2022-11-24 12:00:00,989.0,15.9
2022-11-24 13:00:00,982.0,16.3
2022-11-24 14:00:00,979.0,17.2
2022-11-24 15:00:00,1005.0,17.2
2022-11-24 16:00:00,1049.0,16.9
2022-11-24 17:00:00,1145.0,16.5
2022-11-24 18:00:00,1130.0,16.0
2022-11-24 19:00:00,1136.0,15.5
2022-11-24 20:00:00,1082.0,15.1
2022-11-24 21:00:00,1017.0,14.7
2022-11-24 22:00:00,918.0,14.9
2022-11-24 23:00:00,875.0,15.1
2022-11-25 00:00:00,946.0,15.1
2022-11-25 01:00:00,863.0,15.0
2022-11-25 02:00:00,843.0,14.3
2022-11-25 03:00:00,809.0,13.8
2022-11-25 04:00:00,815.0,13.4
2022-11-25 05:00:00,824.0,13.1
2022-11-25 06:00:00,889.0,13.2
2022-11-25 07:00:00,1068.0,12.9
2022-11-25 08:00:00,1156.0,13.6
2022-11-25 09:00:00,1165.0,16.1
2022-11-25 10:00:00,1141.0,18.5
2022-11-25 11:00:00,1120.0,20.5
2022-11-25 12:00:00,980.0,21.4
2022-11-25 13:00:00,967.0,21.7
2022-11-25 14:00:00,967.0,22.8
2022-11-25 15:00:00,997.0,21.9
2022-11-25 16:00:00,1040.0,21.8
2022-11-25 17:00:00,1134.0,21.2
2022-11-25 18:00:00,1126.0,19.8
2022-11-25 19:00:00,1136.0,18.9
2022-11-25 20:00:00,1080.0,18.5
2022-11-25 21:00:00,1014.0,18.4
2022-11-25 22:00:00,915.0,17.3
2022-11-25 23:00:00,872.0,16.1
2022-11-26 00:00:00,946.0,15.6
2022-11-26 01:00:00,898.0,14.9
2022-11-26 02:00:00,880.0,14.6
2022-11-26 03:00:00,849.0,14.3
2022-11-26 04:00:00,850.0,13.9
2022-11-26 05:00:00,865.0,13.7
2022-11-26 06:00:00,926.0,13.6
2022-11-26 07:00:00,1108.0,13.8
2022-11-26 08:00:00,1181.0,14.2
2022-11-26 09:00:00,1180.0,14.7
2022-11-26 10:00:00,1155.0,17.5
2022-11-26 11:00:00,1137.0,19.5
2022-11-26 12:00:00,990.0,20.3
2022-11-26 13:00:00,977.0,20.5
2022-11-26 14:00:00,982.0,20.4
2022-11-26 15:00:00,1013.0,18.8
2022-11-26 16:00:00,1062.0,18.4
2022-11-26 17:00:00,1156.0,18.1
2022-11-26 18:00:00,1150.0,17.4
2022-11-26 19:00:00,1164.0,17.1
2022-11-26 20:00:00,1106.0,17.0
2022-11-26 21:00:00,1038.0,16.7
2022-11-26 22:00:00,943.0,17.6
2022-11-26 23:00:00,908.0,17.5
2022-11-27 00:00:00,980.0,17.4
2022-11-27 01:00:00,902.0,17.2
2022-11-27 02:00:00,884.0,16.4
2022-11-27 03:00:00,850.0,16.3
2022-11-27 04:00:00,854.0,16.3
2022-11-27 05:00:00,867.0,16.3
2022-11-27 06:00:00,926.0,16.1
2022-11-27 07:00:00,1105.0,16.1
2022-11-27 08:00:00,1181.0,16.3
2022-11-27 09:00:00,1181.0,16.8
2022-11-27 10:00:00,1158.0,17.3
2022-11-27 11:00:00,1138.0,18.2
2022-11-27 12:00:00,994.0,20.3
2022-11-27 13:00:00,982.0,21.6
2022-11-27 14:00:00,986.0,21.1
2022-11-27 15:00:00,1019.0,21.6
2022-11-27 16:00:00,1067.0,21.2
2022-11-27 17:00:00,1159.0,20.9
2022-11-27 18:00:00,1152.0,20.8
2022-11-27 19:00:00,1163.0,20.6
2022-11-27 20:00:00,1105.0,20.4
2022-11-27 21:00:00,1036.0,20.2
2022-11-27 22:00:00,943.0,20.0
2022-11-27 23:00:00,907.0,20.1
2022-11-28 00:00:00,813.0,20.2
2022-11-28 01:00:00,766.0,19.8
2022-11-28 02:00:00,747.0,20.2
2022-11-28 03:00:00,730.0,20.3
2022-11-28 04:00:00,714.0,20.4
2022-11-28 05:00:00,731.0,19.5
2022-11-28 06:00:00,792.0,18.8
2022-11-28 07:00:00,939.0,19.0
2022-11-28 08:00:00,1063.0,19.2
2022-11-28 09:00:00,1117.0,18.6
2022-11-28 10:00:00,1099.0,18.4
2022-11-28 11:00:00,1084.0,16.9
2022-11-28 12:00:00,982.0,16.3
2022-11-28 13:00:00,961.0,15.8
2022-11-28 14:00:00,978.0,15.4
2022-11-28 15:00:00,1008.0,15.2
2022-11-28 16:00:00,967.0,15.0
2022-11-28 17:00:00,1155.0,14.3
2022-11-28 18:00:00,1100.0,14.2
2022-11-28 19:00:00,1066.0,14.2
2022-11-28 20:00:00,1013.0,13.7
2022-11-28 21:00:00,948.0,13.5
2022-11-28 22:00:00,845.0,13.1
2022-11-28 23:00:00,789.0,12.9
2022-11-29 00:00:00,859.0,13.5
2022-11-29 01:00:00,818.0,12.8
2022-11-29 02:00:00,789.0,11.9
2022-11-29 03:00:00,742.0,11.5
2022-11-29 04:00:00,761.0,10.8
2022-11-29 05:00:00,751.0,11.1
2022-11-29 06:00:00,820.0,11.3
2022-11-29 07:00:00,983.0,11.3
2022-11-29 08:00:00,1120.0,11.5
2022-11-29 09:00:00,1196.0,11.6
2022-11-29 10:00:00,1214.0,11.4
2022-11-29 11:00:00,1236.0,10.1
2022-11-29 12:00:00,1123.0,9.1
2022-11-29 13:00:00,1069.0,8.9
2022-11-29 14:00:00,1062.0,8.5
2022-11-29 15:00:00,1092.0,8.5
2022-11-29 16:00:00,1144.0,8.4
2022-11-29 17:00:00,1240.0,8.1
2022-11-29 18:00:00,1213.0,8.0
2022-11-29 19:00:00,1184.0,7.1
2022-11-29 20:00:00,1139.0,5.8
2022-11-29 21:00:00,1062.0,5.2
2022-11-29 22:00:00,954.0,4.6
2022-11-29 23:00:00,889.0,4.4
2022-11-30 00:00:00,936.0,4.0
2022-11-30 01:00:00,869.0,3.1
2022-11-30 02:00:00,803.0,2.6
2022-11-30 03:00:00,777.0,2.6
2022-11-30 04:00:00,782.0,2.7
2022-11-30 05:00:00,783.0,2.8
2022-11-30 06:00:00,825.0,2.5
2022-11-30 07:00:00,993.0,2.5
2022-11-30 08:00:00,1214.0,1.4
2022-11-30 09:00:00,1391.0,1.4
2022-11-30 10:00:00,1440.0,1.0
2022-11-30 11:00:00,1408.0,0.9
2022-11-30 12:00:00,1308.0,0.9
2022-11-30 13:00:00,1294.0,0.9
2022-11-30 14:00:00,1263.0,1.1
2022-11-30 15:00:00,1270.0,1.3
2022-11-30 16:00:00,1305.0,1.7
2022-11-30 17:00:00,1434.0,1.8
2022-11-30 18:00:00,1396.0,1.8
2022-11-30 19:00:00,1370.0,1.8
2022-11-30 20:00:00,1324.0,1.4
2022-11-30 21:00:00,1241.0,0.7
2022-11-30 22:00:00,1103.0,0.9
2022-11-30 23:00:00,1008.0,1.1
2022-12-01 00:00:00,988.0,0.4
2022-12-01 01:00:00,922.0,0.5
2022-12-01 02:00:00,879.0,0.7
2022-12-01 03:00:00,856.0,0.2
2022-12-01 04:00:00,834.0,0.3
2022-12-01 05:00:00,830.0,-0.5
2022-12-01 06:00:00,880.0,-0.9
2022-12-01 07:00:00,1021.0,-0.8
2022-12-01 08:00:00,1269.0,-1.0
2022-12-01 09:00:00,1450.0,-0.8
2022-12-01 10:00:00,1466.0,-0.6
2022-12-01 11:00:00,1479.0,0.1
2022-12-01 12:00:00,1389.0,0.8
2022-12-01 13:00:00,1359.0,1.2
2022-12-01 14:00:00,1323.0,1.5
2022-12-01 15:00:00,1334.0,1.7
2022-12-01 16:00:00,1364.0,1.7
2022-12-01 17:00:00,1482.0,1.6
2022-12-01 18:00:00,1472.0,1.6
2022-12-01 19:00:00,1452.0,1.6
2022-12-01 20:00:00,1402.0,1.8
2022-12-01 21:00:00,1319.0,1.9
2022-12-01 22:00:00,1168.0,1.8
2022-12-01 23:00:00,1051.0,1.8
2022-12-02 00:00:00,1034.0,1.8
2022-12-02 01:00:00,927.0,1.8
2022-12-02 02:00:00,891.0,1.8
2022-12-02 03:00:00,836.0,1.6
2022-12-02 04:00:00,822.0,1.3
2022-12-02 05:00:00,824.0,0.9
2022-12-02 06:00:00,892.0,0.6
2022-12-02 07:00:00,1087.0,0.9
2022-12-02 08:00:00,1307.0,1.7
2022-12-02 09:00:00,1452.0,2.1
2022-12-02 10:00:00,1465.0,2.4
2022-12-02 11:00:00,1467.0,3.2
2022-12-02 12:00:00,1380.0,3.8
2022-12-02 13:00:00,1357.0,3.7
2022-12-02 14:00:00,1338.0,3.9
2022-12-02 15:00:00,1346.0,4.3
2022-12-02 16:00:00,1387.0,4.1
2022-12-02 17:00:00,1492.0,4.1
2022-12-02 18:00:00,1470.0,3.9
2022-12-02 19:00:00,1477.0,3.8
2022-12-02 20:00:00,1423.0,3.8
2022-12-02 21:00:00,1335.0,3.7
2022-12-02 22:00:00,1214.0,3.9
2022-12-02 23:00:00,1128.0,4.0
2022-12-03 00:00:00,1095.0,3.8
2022-12-03 01:00:00,970.0,4.0
2022-12-03 02:00:00,907.0,4.0
2022-12-03 03:00:00,869.0,4.2
2022-12-03 04:00:00,862.0,4.3
2022-12-03 05:00:00,842.0,4.4
2022-12-03 06:00:00,891.0,4.5
2022-12-03 07:00:00,1000.0,4.7
2022-12-03 08:00:00,1223.0,4.9
2022-12-03 09:00:00,1394.0,5.3
2022-12-03 10:00:00,1434.0,6.0
2022-12-03 11:00:00,1448.0,6.3
2022-12-03 12:00:00,1331.0,6.9
2022-12-03 13:00:00,1294.0,7.1
2022-12-03 14:00:00,1289.0,7.2
2022-12-03 15:00:00,1300.0,7.2
2022-12-03 16:00:00,1334.0,7.1
2022-12-03 17:00:00,1417.0,7.0
2022-12-03 18:00:00,1401.0,6.8
2022-12-03 19:00:00,1403.0,6.5
2022-12-03 20:00:00,1359.0,6.5
2022-12-03 21:00:00,1279.0,6.6
2022-12-03 22:00:00,1151.0,6.6
2022-12-03 23:00:00,1084.0,6.5
2022-12-04 00:00:00,1063.0,6.4
2022-12-04 01:00:00,941.0,6.3
2022-12-04 02:00:00,883.0,6.0
2022-12-04 03:00:00,832.0,5.4
2022-12-04 04:00:00,825.0,4.9
2022-12-04 05:00:00,840.0,4.7
2022-12-04 06:00:00,870.0,4.6
2022-12-04 07:00:00,933.0,5.0
2022-12-04 08:00:00,1197.0,5.4
2022-12-04 09:00:00,1393.0,5.7
2022-12-04 10:00:00,1450.0,6.0
2022-12-04 11:00:00,1481.0,5.4
2022-12-04 12:00:00,1361.0,5.9
2022-12-04 13:00:00,1342.0,5.8
2022-12-04 14:00:00,1321.0,5.1
2022-12-04 15:00:00,1347.0,5.2
2022-12-04 16:00:00,1383.0,4.8
2022-12-04 17:00:00,1475.0,4.7
2022-12-04 18:00:00,1450.0,4.8
2022-12-04 19:00:00,1465.0,4.7
2022-12-04 20:00:00,1418.0,4.7
2022-12-04 21:00:00,1322.0,4.6
2022-12-04 22:00:00,1155.0,3.9
2022-12-04 23:00:00,1031.0,3.8
2022-12-05 00:00:00,1022.0,3.9
2022-12-05 01:00:00,919.0,3.7
2022-12-05 02:00:00,855.0,3.6
2022-12-05 03:00:00,817.0,3.6
2022-12-05 04:00:00,836.0,3.6
2022-12-05 05:00:00,842.0,3.6
2022-12-05 06:00:00,903.0,3.5
2022-12-05 07:00:00,1092.0,3.4
2022-12-05 08:00:00,1320.0,3.5
2022-12-05 09:00:00,1475.0,3.5
2022-12-05 10:00:00,1514.0,3.5
2022-12-05 11:00:00,1526.0,3.9
2022-12-05 12:00:00,1417.0,4.1
2022-12-05 13:00:00,1394.0,4.8
2022-12-05 14:00:00,1362.0,4.9
2022-12-05 15:00:00,1366.0,5.2
2022-12-05 16:00:00,1382.0,5.2
2022-12-05 17:00:00,1480.0,5.3
2022-12-05 18:00:00,1450.0,5.1
2022-12-05 19:00:00,1471.0,5.1
2022-12-05 20:00:00,1430.0,5.0
2022-12-05 21:00:00,1356.0,4.8
2022-12-05 22:00:00,1210.0,4.5
2022-12-05 23:00:00,1104.0,3.4
2022-12-06 00:00:00,1085.0,2.9
2022-12-06 01:00:00,953.0,2.9
2022-12-06 02:00:00,925.0,3.1
2022-12-06 03:00:00,867.0,3.2
2022-12-06 04:00:00,860.0,3.3
2022-12-06 05:00:00,847.0,3.5
2022-12-06 06:00:00,933.0,3.7
2022-12-06 07:00:00,1095.0,3.8
2022-12-06 08:00:00,1351.0,4.0
2022-12-06 09:00:00,1502.0,4.3
2022-12-06 10:00:00,1511.0,4.8
2022-12-06 11:00:00,1538.0,5.4
2022-12-06 12:00:00,1399.0,5.7
2022-12-06 13:00:00,1368.0,6.1
2022-12-06 14:00:00,1348.0,6.5
2022-12-06 15:00:00,1354.0,6.6
2022-12-06 16:00:00,1389.0,6.6
2022-12-06 17:00:00,1486.0,6.4
2022-12-06 18:00:00,1457.0,6.3
2022-12-06 19:00:00,1462.0,6.1
2022-12-06 20:00:00,1419.0,6.1
2022-12-06 21:00:00,1342.0,6.2
2022-12-06 22:00:00,1196.0,6.2
2022-12-06 23:00:00,1097.0,6.1
2022-12-07 00:00:00,1064.0,5.9
2022-12-07 01:00:00,969.0,5.9
2022-12-07 02:00:00,918.0,6.1
2022-12-07 03:00:00,882.0,6.1
2022-12-07 04:00:00,871.0,6.1
2022-12-07 05:00:00,863.0,6.0
2022-12-07 06:00:00,926.0,6.0
2022-12-07 07:00:00,1098.0,5.9
2022-12-07 08:00:00,1325.0,6.2
2022-12-07 09:00:00,1447.0,6.8
2022-12-07 10:00:00,1461.0,7.6
2022-12-07 11:00:00,1460.0,8.2
2022-12-07 12:00:00,1311.0,8.6
2022-12-07 13:00:00,1297.0,9.1
2022-12-07 14:00:00,1295.0,9.1
2022-12-07 15:00:00,1314.0,9.3
2022-12-07 16:00:00,1350.0,9.2
2022-12-07 17:00:00,1451.0,8.8
2022-12-07 18:00:00,1429.0,8.6
2022-12-07 19:00:00,1453.0,8.4
2022-12-07 20:00:00,1411.0,8.3
2022-12-07 21:00:00,1335.0,8.0
2022-12-07 22:00:00,1192.0,7.8
2022-12-07 23:00:00,1073.0,7.8
2022-12-08 00:00:00,1059.0,7.7
2022-12-08 01:00:00,957.0,7.7
2022-12-08 02:00:00,885.0,7.6
2022-12-08 03:00:00,844.0,7.2
2022-12-08 04:00:00,851.0,6.8
2022-12-08 05:00:00,868.0,6.4
2022-12-08 06:00:00,940.0,6.4
2022-12-08 07:00:00,1114.0,6.1
2022-12-08 08:00:00,1318.0,5.9
2022-12-08 09:00:00,1407.0,7.6
2022-12-08 10:00:00,1400.0,9.0
2022-12-08 11:00:00,1381.0,9.8
2022-12-08 12:00:00,1206.0,11.4
2022-12-08 13:00:00,1192.0,11.3
2022-12-08 14:00:00,1202.0,11.9
2022-12-08 15:00:00,1255.0,11.6
2022-12-08 16:00:00,1304.0,11.1
2022-12-08 17:00:00,1420.0,10.8
2022-12-08 18:00:00,1378.0,10.6
2022-12-08 19:00:00,1386.0,10.4
2022-12-08 20:00:00,1347.0,10.1
2022-12-08 21:00:00,1273.0,10.0
2022-12-08 22:00:00,1136.0,9.8
2022-12-08 23:00:00,1043.0,9.7
2022-12-09 00:00:00,1014.0,9.5
2022-12-09 01:00:00,916.0,9.4
2022-12-09 02:00:00,890.0,9.3
2022-12-09 03:00:00,830.0,9.1
2022-12-09 04:00:00,847.0,9.1
2022-12-09 05:00:00,840.0,9.0
2022-12-09 06:00:00,938.0,9.0
2022-12-09 07:00:00,1061.0,8.9
2022-12-09 08:00:00,1267.0,8.9
2022-12-09 09:00:00,1385.0,9.5
2022-12-09 10:00:00,1381.0,10.1
2022-12-09 11:00:00,1332.0,11.3
2022-12-09 12:00:00,1167.0,12.5
2022-12-09 13:00:00,1139.0,12.8
2022-12-09 14:00:00,1136.0,13.1
2022-12-09 15:00:00,1164.0,13.0
2022-12-09 16:00:00,1210.0,13.1
2022-12-09 17:00:00,1311.0,12.7
2022-12-09 18:00:00,1312.0,11.7
2022-12-09 19:00:00,1339.0,10.7
2022-12-09 20:00:00,1304.0,10.1
2022-12-09 21:00:00,1234.0,10.4
2022-12-09 22:00:00,1134.0,10.5
2022-12-09 23:00:00,1034.0,9.8
2022-12-10 00:00:00,1008.0,9.2
2022-12-10 01:00:00,924.0,8.7
2022-12-10 02:00:00,885.0,7.9
2022-12-10 03:00:00,828.0,7.1
2022-12-10 04:00:00,801.0,7.1
2022-12-10 05:00:00,813.0,7.7
2022-12-10 06:00:00,862.0,8.0
2022-12-10 07:00:00,973.0,8.1
2022-12-10 08:00:00,1205.0,8.6
2022-12-10 09:00:00,1318.0,9.5
2022-12-10 10:00:00,1297.0,10.5
2022-12-10 11:00:00,1319.0,11.2
2022-12-10 12:00:00,1186.0,12.3
2022-12-10 13:00:00,1128.0,13.1
2022-12-10 14:00:00,1118.0,13.6
2022-12-10 15:00:00,1148.0,13.4
2022-12-10 16:00:00,1200.0,13.0
2022-12-10 17:00:00,1279.0,12.4
2022-12-10 18:00:00,1273.0,11.4
2022-12-10 19:00:00,1305.0,10.9
2022-12-10 20:00:00,1285.0,10.6
2022-12-10 21:00:00,1219.0,9.9
2022-12-10 22:00:00,1117.0,9.8
2022-12-10 23:00:00,1048.0,9.3
2022-12-11 00:00:00,1042.0,8.1
2022-12-11 01:00:00,913.0,7.6
2022-12-11 02:00:00,834.0,7.5
2022-12-11 03:00:00,816.0,6.9
2022-12-11 04:00:00,814.0,6.2
2022-12-11 05:00:00,814.0,5.9
2022-12-11 06:00:00,867.0,5.6
2022-12-11 07:00:00,953.0,5.0
2022-12-11 08:00:00,1199.0,4.3
2022-12-11 09:00:00,1274.0,4.7
2022-12-11 10:00:00,1240.0,5.6
2022-12-11 11:00:00,1226.0,6.3
2022-12-11 12:00:00,1100.0,7.3
2022-12-11 13:00:00,1067.0,8.1
2022-12-11 14:00:00,1073.0,8.5
2022-12-11 15:00:00,1091.0,9.3
2022-12-11 16:00:00,1167.0,9.1
2022-12-11 17:00:00,1294.0,8.2
2022-12-11 18:00:00,1325.0,7.2
2022-12-11 19:00:00,1372.0,6.4
2022-12-11 20:00:00,1341.0,5.7
2022-12-11 21:00:00,1259.0,5.5
2022-12-11 22:00:00,1093.0,4.9
2022-12-11 23:00:00,1000.0,4.9
2022-12-12 00:00:00,984.0,4.7
2022-12-12 01:00:00,874.0,4.4
2022-12-12 02:00:00,814.0,4.4
2022-12-12 03:00:00,798.0,4.0
2022-12-12 04:00:00,786.0,3.6
2022-12-12 05:00:00,790.0,3.2
2022-12-12 06:00:00,868.0,3.2
2022-12-12 07:00:00,1067.0,3.5
2022-12-12 08:00:00,1294.0,3.5
2022-12-12 09:00:00,1370.0,4.3
2022-12-12 10:00:00,1320.0,5.5
2022-12-12 11:00:00,1278.0,7.3
2022-12-12 12:00:00,1162.0,9.3
2022-12-12 13:00:00,1119.0,10.6
2022-12-12 14:00:00,1091.0,10.7
2022-12-12 15:00:00,1117.0,11.1
2022-12-12 16:00:00,1196.0,11.0
2022-12-12 17:00:00,1325.0,10.2
2022-12-12 18:00:00,1324.0,8.7
2022-12-12 19:00:00,1378.0,6.9
2022-12-12 20:00:00,1351.0,5.9
2022-12-12 21:00:00,1287.0,5.0
2022-12-12 22:00:00,1145.0,5.0
2022-12-12 23:00:00,1035.0,4.2
2022-12-13 00:00:00,1015.0,3.4
2022-12-13 01:00:00,926.0,4.1
2022-12-13 02:00:00,895.0,3.2
2022-12-13 03:00:00,849.0,2.2
2022-12-13 04:00:00,832.0,2.9
2022-12-13 05:00:00,845.0,2.2
2022-12-13 06:00:00,921.0,1.5
2022-12-13 07:00:00,1116.0,1.4
2022-12-13 08:00:00,1345.0,2.0
2022-12-13 09:00:00,1403.0,5.6
2022-12-13 10:00:00,1358.0,7.1
2022-12-13 11:00:00,1308.0,8.6
2022-12-13 12:00:00,1154.0,10.4
2022-12-13 13:00:00,1113.0,11.5
2022-12-13 14:00:00,1109.0,12.3
2022-12-13 15:00:00,1147.0,12.7
2022-12-13 16:00:00,1207.0,12.5
2022-12-13 17:00:00,1323.0,11.8
2022-12-13 18:00:00,1348.0,10.4
2022-12-13 19:00:00,1420.0,9.6
2022-12-13 20:00:00,1378.0,8.8
2022-12-13 21:00:00,1320.0,7.9
2022-12-13 22:00:00,1152.0,8.1
2022-12-13 23:00:00,1059.0,7.7
2022-12-14 00:00:00,1016.0,6.7
2022-12-14 01:00:00,937.0,6.1
2022-12-14 02:00:00,900.0,5.5
2022-12-14 03:00:00,859.0,5.7
2022-12-14 04:00:00,864.0,5.5
2022-12-14 05:00:00,855.0,5.2
2022-12-14 06:00:00,946.0,4.8
2022-12-14 07:00:00,1126.0,4.1
2022-12-14 08:00:00,1339.0,4.4
2022-12-14 09:00:00,1367.0,6.4
2022-12-14 10:00:00,1326.0,7.8
2022-12-14 11:00:00,1293.0,9.2
2022-12-14 12:00:00,1144.0,11.1
2022-12-14 13:00:00,1102.0,12.7
2022-12-14 14:00:00,1097.0,13.6
2022-12-14 15:00:00,1146.0,13.8
2022-12-14 16:00:00,1199.0,13.3
2022-12-14 17:00:00,1334.0,12.5
2022-12-14 18:00:00,1346.0,10.5
2022-12-14 19:00:00,1408.0,8.3
2022-12-14 20:00:00,1370.0,6.9
2022-12-14 21:00:00,1293.0,5.9
2022-12-14 22:00:00,1145.0,5.2
2022-12-14 23:00:00,1031.0,4.7
2022-12-15 00:00:00,1003.0,4.4
2022-12-15 01:00:00,926.0,4.9
2022-12-15 02:00:00,866.0,4.5
2022-12-15 03:00:00,866.0,4.1
2022-12-15 04:00:00,843.0,3.9
2022-12-15 05:00:00,842.0,3.4
2022-12-15 06:00:00,919.0,3.5
2022-12-15 07:00:00,1091.0,7.2
2022-12-15 08:00:00,1315.0,8.7
2022-12-15 09:00:00,1395.0,9.5
2022-12-15 10:00:00,1417.0,9.9
2022-12-15 11:00:00,1406.0,10.0
2022-12-15 12:00:00,1300.0,10.2
2022-12-15 13:00:00,1264.0,10.7
2022-12-15 14:00:00,1264.0,11.4
2022-12-15 15:00:00,1283.0,11.5
2022-12-15 16:00:00,1324.0,11.6
2022-12-15 17:00:00,1435.0,11.1
2022-12-15 18:00:00,1401.0,10.5
2022-12-15 19:00:00,1429.0,9.9
2022-12-15 20:00:00,1386.0,9.8
2022-12-15 21:00:00,1290.0,9.7
2022-12-15 22:00:00,1147.0,9.5
2022-12-15 23:00:00,1021.0,9.4
2022-12-16 00:00:00,1010.0,8.7
2022-12-16 01:00:00,919.0,8.9
2022-12-16 02:00:00,865.0,9.1
2022-12-16 03:00:00,824.0,8.8
2022-12-16 04:00:00,836.0,8.5
2022-12-16 05:00:00,853.0,8.2
2022-12-16 06:00:00,901.0,7.8
2022-12-16 07:00:00,1069.0,7.4
2022-12-16 08:00:00,1309.0,7.0
2022-12-16 09:00:00,1479.0,6.7
2022-12-16 10:00:00,1510.0,5.9
2022-12-16 11:00:00,1516.0,5.9
2022-12-16 12:00:00,1414.0,6.2
2022-12-16 13:00:00,1368.0,6.2
2022-12-16 14:00:00,1367.0,5.8
2022-12-16 15:00:00,1396.0,5.4
2022-12-16 16:00:00,1425.0,5.4
2022-12-16 17:00:00,1521.0,5.2
2022-12-16 18:00:00,1486.0,5.1
2022-12-16 19:00:00,1481.0,5.1
2022-12-16 20:00:00,1438.0,5.1
2022-12-16 21:00:00,1326.0,5.0
2022-12-16 22:00:00,1184.0,4.9
2022-12-16 23:00:00,1102.0,4.7
2022-12-17 00:00:00,1081.0,4.5
2022-12-17 01:00:00,963.0,4.5
2022-12-17 02:00:00,897.0,4.7
2022-12-17 03:00:00,889.0,4.6
2022-12-17 04:00:00,866.0,4.5
2022-12-17 05:00:00,836.0,4.3
2022-12-17 06:00:00,914.0,4.2
2022-12-17 07:00:00,989.0,4.1
2022-12-17 08:00:00,1269.0,4.1
2022-12-17 09:00:00,1432.0,4.4
2022-12-17 10:00:00,1422.0,5.5
2022-12-17 11:00:00,1391.0,6.5
2022-12-17 12:00:00,1269.0,7.3
2022-12-17 13:00:00,1191.0,7.8
2022-12-17 14:00:00,1175.0,8.1
2022-12-17 15:00:00,1201.0,7.8
2022-12-17 16:00:00,1293.0,7.5
2022-12-17 17:00:00,1400.0,7.0
2022-12-17 18:00:00,1437.0,6.0
2022-12-17 19:00:00,1449.0,5.1
2022-12-17 20:00:00,1417.0,3.6
2022-12-17 21:00:00,1326.0,2.8
2022-12-17 22:00:00,1161.0,2.4
2022-12-17 23:00:00,1050.0,1.7
2022-12-18 00:00:00,1027.0,1.3
2022-12-18 01:00:00,929.0,0.6
2022-12-18 02:00:00,883.0,0.1
2022-12-18 03:00:00,842.0,-0.5
2022-12-18 04:00:00,831.0,-0.8
2022-12-18 05:00:00,798.0,-0.9
2022-12-18 06:00:00,847.0,-1.5
2022-12-18 07:00:00,952.0,-1.7
2022-12-18 08:00:00,1252.0,-1.3
2022-12-18 09:00:00,1365.0,2.3
2022-12-18 10:00:00,1346.0,5.8
2022-12-18 11:00:00,1326.0,7.6
2022-12-18 12:00:00,1211.0,9.5
2022-12-18 13:00:00,1147.0,10.4
2022-12-18 14:00:00,1140.0,10.7
2022-12-18 15:00:00,1187.0,11.3
2022-12-18 16:00:00,1258.0,11.0
2022-12-18 17:00:00,1391.0,10.1
2022-12-18 18:00:00,1400.0,8.1
2022-12-18 19:00:00,1459.0,7.1
2022-12-18 20:00:00,1397.0,7.0
2022-12-18 21:00:00,1278.0,7.5
2022-12-18 22:00:00,1117.0,6.9
2022-12-18 23:00:00,1011.0,7.4
2022-12-19 00:00:00,999.0,7.8
2022-12-19 01:00:00,885.0,6.9
2022-12-19 02:00:00,851.0,6.3
2022-12-19 03:00:00,832.0,5.0
2022-12-19 04:00:00,804.0,4.9
2022-12-19 05:00:00,804.0,3.7
2022-12-19 06:00:00,872.0,3.1
2022-12-19 07:00:00,1012.0,2.6
2022-12-19 08:00:00,1318.0,4.5
2022-12-19 09:00:00,1438.0,7.2
2022-12-19 10:00:00,1400.0,9.4
2022-12-19 11:00:00,1325.0,11.0
2022-12-19 12:00:00,1169.0,13.3
2022-12-19 13:00:00,1126.0,14.5
2022-12-19 14:00:00,1108.0,15.0
2022-12-19 15:00:00,1148.0,15.1
2022-12-19 16:00:00,1237.0,15.1
2022-12-19 17:00:00,1351.0,13.5
2022-12-19 18:00:00,1373.0,11.4
2022-12-19 19:00:00,1422.0,10.8
2022-12-19 20:00:00,1351.0,9.3
2022-12-19 21:00:00,1275.0,8.1
2022-12-19 22:00:00,1143.0,6.9
2022-12-19 23:00:00,1060.0,7.4
2022-12-20 00:00:00,951.0,10.0
2022-12-20 01:00:00,872.0,10.4
2022-12-20 02:00:00,813.0,10.3
2022-12-20 03:00:00,794.0,9.9
2022-12-20 04:00:00,799.0,9.3
2022-12-20 05:00:00,767.0,8.4
2022-12-20 06:00:00,828.0,8.6
2022-12-20 07:00:00,932.0,8.0
2022-12-20 08:00:00,1224.0,7.6
2022-12-20 09:00:00,1406.0,8.1
2022-12-20 10:00:00,1409.0,9.3
2022-12-20 11:00:00,1430.0,10.1
2022-12-20 12:00:00,1318.0,10.2
2022-12-20 13:00:00,1288.0,10.6
2022-12-20 14:00:00,1244.0,10.5
2022-12-20 15:00:00,1282.0,9.7
2022-12-20 16:00:00,1358.0,9.1
2022-12-20 17:00:00,1450.0,9.1
2022-12-20 18:00:00,1425.0,8.7
2022-12-20 19:00:00,1429.0,8.5
2022-12-20 20:00:00,1353.0,7.6
2022-12-20 21:00:00,1220.0,7.2
2022-12-20 22:00:00,1064.0,7.6
2022-12-20 23:00:00,976.0,7.2
2022-12-21 00:00:00,964.0,7.2
2022-12-21 01:00:00,873.0,6.3
2022-12-21 02:00:00,829.0,5.1
2022-12-21 03:00:00,835.0,3.9
2022-12-21 04:00:00,787.0,3.5
2022-12-21 05:00:00,801.0,3.3
2022-12-21 06:00:00,846.0,2.6
2022-12-21 07:00:00,934.0,2.5
2022-12-21 08:00:00,1259.0,2.6
2022-12-21 09:00:00,1383.0,6.6
2022-12-21 10:00:00,1345.0,9.1
2022-12-21 11:00:00,1297.0,12.0
2022-12-21 12:00:00,1183.0,14.0
2022-12-21 13:00:00,1126.0,15.7
2022-12-21 14:00:00,1088.0,17.6
2022-12-21 15:00:00,1135.0,17.8
2022-12-21 16:00:00,1200.0,18.0
2022-12-21 17:00:00,1324.0,16.6
2022-12-21 18:00:00,1349.0,12.4
2022-12-21 19:00:00,1384.0,10.8
2022-12-21 20:00:00,1315.0,9.8
2022-12-21 21:00:00,1197.0,9.3
2022-12-21 22:00:00,1037.0,8.7
2022-12-21 23:00:00,924.0,7.6
2022-12-22 00:00:00,909.0,6.7
2022-12-22 01:00:00,834.0,5.9
2022-12-22 02:00:00,793.0,5.0
2022-12-22 03:00:00,773.0,4.5
2022-12-22 04:00:00,754.0,4.2
2022-12-22 05:00:00,761.0,3.8
2022-12-22 06:00:00,811.0,3.6
2022-12-22 07:00:00,901.0,3.6
2022-12-22 08:00:00,1205.0,3.9
2022-12-22 09:00:00,1353.0,8.3
2022-12-22 10:00:00,1317.0,9.5
2022-12-22 11:00:00,1264.0,10.1
2022-12-22 12:00:00,1168.0,11.7
2022-12-22 13:00:00,1105.0,13.4
2022-12-22 14:00:00,1075.0,13.8
2022-12-22 15:00:00,1112.0,13.9
2022-12-22 16:00:00,1188.0,13.1
2022-12-22 17:00:00,1308.0,12.3
2022-12-22 18:00:00,1351.0,10.6
2022-12-22 19:00:00,1346.0,9.9
2022-12-22 20:00:00,1269.0,9.4
2022-12-22 21:00:00,1144.0,8.8
2022-12-22 22:00:00,988.0,8.6
2022-12-22 23:00:00,910.0,8.7
2022-12-23 00:00:00,912.0,8.3
2022-12-23 01:00:00,833.0,8.0
2022-12-23 02:00:00,793.0,7.6
2022-12-23 03:00:00,754.0,7.1
2022-12-23 04:00:00,739.0,6.2
2022-12-23 05:00:00,743.0,5.9
2022-12-23 06:00:00,803.0,5.7
2022-12-23 07:00:00,899.0,4.9
2022-12-23 08:00:00,1175.0,4.4
2022-12-23 09:00:00,1334.0,6.4
2022-12-23 10:00:00,1291.0,8.4
2022-12-23 11:00:00,1254.0,10.7
2022-12-23 12:00:00,1164.0,12.2
2022-12-23 13:00:00,1089.0,12.9
2022-12-23 14:00:00,1046.0,14.3
2022-12-23 15:00:00,1092.0,15.0
2022-12-23 16:00:00,1142.0,14.5
2022-12-23 17:00:00,1281.0,13.5
2022-12-23 18:00:00,1306.0,11.5
2022-12-23 19:00:00,1325.0,10.3
2022-12-23 20:00:00,1229.0,10.3
2022-12-23 21:00:00,1102.0,10.2
2022-12-23 22:00:00,947.0,10.0
2022-12-23 23:00:00,859.0,9.7
2022-12-24 00:00:00,891.0,8.9
2022-12-24 01:00:00,821.0,7.2
2022-12-24 02:00:00,781.0,6.5
2022-12-24 03:00:00,782.0,5.8
2022-12-24 04:00:00,754.0,5.8
2022-12-24 05:00:00,747.0,5.6
2022-12-24 06:00:00,785.0,4.5
2022-12-24 07:00:00,874.0,3.9
2022-12-24 08:00:00,1166.0,4.3
2022-12-24 09:00:00,1283.0,7.1
2022-12-24 10:00:00,1229.0,8.2
2022-12-24 11:00:00,1183.0,9.8
2022-12-24 12:00:00,1090.0,11.5
2022-12-24 13:00:00,1019.0,13.0
2022-12-24 14:00:00,987.0,13.8
2022-12-24 15:00:00,988.0,13.9
2022-12-24 16:00:00,1087.0,13.8
2022-12-24 17:00:00,1195.0,13.3
2022-12-24 18:00:00,1270.0,11.6
2022-12-24 19:00:00,1281.0,9.7
2022-12-24 20:00:00,1206.0,8.6
2022-12-24 21:00:00,1084.0,9.0
2022-12-24 22:00:00,943.0,7.9
2022-12-24 23:00:00,862.0,7.0
2022-12-25 00:00:00,852.0,7.1
2022-12-25 01:00:00,799.0,5.7
2022-12-25 02:00:00,768.0,5.0
2022-12-25 03:00:00,742.0,5.6
2022-12-25 04:00:00,743.0,5.3
2022-12-25 05:00:00,735.0,5.7
2022-12-25 06:00:00,779.0,5.9
2022-12-25 07:00:00,832.0,5.9
2022-12-25 08:00:00,1088.0,5.8
2022-12-25 09:00:00,1298.0,6.0
2022-12-25 10:00:00,1319.0,6.8
2022-12-25 11:00:00,1335.0,7.2
2022-12-25 12:00:00,1214.0,7.9
2022-12-25 13:00:00,1171.0,8.4
2022-12-25 14:00:00,1149.0,8.7
2022-12-25 15:00:00,1176.0,8.6
2022-12-25 16:00:00,1245.0,8.1
2022-12-25 17:00:00,1359.0,7.7
2022-12-25 18:00:00,1366.0,7.4
2022-12-25 19:00:00,1343.0,7.1
2022-12-25 20:00:00,1246.0,6.8
2022-12-25 21:00:00,1139.0,6.8
2022-12-25 22:00:00,973.0,6.7
2022-12-25 23:00:00,902.0,6.5
2022-12-26 00:00:00,894.0,5.8
2022-12-26 01:00:00,822.0,5.3
2022-12-26 02:00:00,794.0,4.9
2022-12-26 03:00:00,760.0,4.8
2022-12-26 04:00:00,748.0,4.6
2022-12-26 05:00:00,744.0,4.6
2022-12-26 06:00:00,782.0,4.5
2022-12-26 07:00:00,855.0,4.5
2022-12-26 08:00:00,1128.0,4.5
2022-12-26 09:00:00,1413.0,4.6
2022-12-26 10:00:00,1466.0,4.9
2022-12-26 11:00:00,1459.0,5.1
2022-12-26 12:00:00,1353.0,5.4
2022-12-26 13:00:00,1303.0,5.8
2022-12-26 14:00:00,1287.0,6.2
2022-12-26 15:00:00,1302.0,6.4
2022-12-26 16:00:00,1328.0,6.6
2022-12-26 17:00:00,1415.0,6.5
2022-12-26 18:00:00,1415.0,6.2
2022-12-26 19:00:00,1396.0,6.1
2022-12-26 20:00:00,1307.0,6.0
2022-12-26 21:00:00,1178.0,5.9
2022-12-26 22:00:00,1022.0,6.0
2022-12-26 23:00:00,943.0,5.9
2022-12-27 00:00:00,912.0,6.0
2022-12-27 01:00:00,826.0,6.1
2022-12-27 02:00:00,810.0,5.8
2022-12-27 03:00:00,787.0,5.9
2022-12-27 04:00:00,770.0,5.8
2022-12-27 05:00:00,757.0,5.8
2022-12-27 06:00:00,792.0,5.8
2022-12-27 07:00:00,851.0,5.7
2022-12-27 08:00:00,1089.0,5.1
2022-12-27 09:00:00,1404.0,4.7
2022-12-27 10:00:00,1480.0,4.9
2022-12-27 11:00:00,1487.0,4.7
2022-12-27 12:00:00,1420.0,4.7
2022-12-27 13:00:00,1372.0,4.5
2022-12-27 14:00:00,1347.0,4.5
2022-12-27 15:00:00,1353.0,4.3
2022-12-27 16:00:00,1385.0,3.9
2022-12-27 17:00:00,1476.0,3.8
2022-12-27 18:00:00,1475.0,3.5
2022-12-27 19:00:00,1492.0,3.4
2022-12-27 20:00:00,1437.0,3.4
2022-12-27 21:00:00,1340.0,3.5
2022-12-27 22:00:00,1189.0,3.6
2022-12-27 23:00:00,1091.0,3.6
2022-12-28 00:00:00,1056.0,3.8
2022-12-28 01:00:00,992.0,3.8
2022-12-28 02:00:00,945.0,4.0
2022-12-28 03:00:00,917.0,3.9
2022-12-28 04:00:00,903.0,3.9
2022-12-28 05:00:00,896.0,3.6
2022-12-28 06:00:00,959.0,3.3
2022-12-28 07:00:00,1081.0,3.1
2022-12-28 08:00:00,1340.0,2.8
2022-12-28 09:00:00,1463.0,2.9
2022-12-28 10:00:00,1451.0,3.3
2022-12-28 11:00:00,1442.0,3.8
2022-12-28 12:00:00,1319.0,4.2
2022-12-28 13:00:00,1274.0,4.4
2022-12-28 14:00:00,1258.0,4.9
2022-12-28 15:00:00,1287.0,5.3
2022-12-28 16:00:00,1347.0,5.2
2022-12-28 17:00:00,1460.0,5.0
2022-12-28 18:00:00,1463.0,4.8
2022-12-28 19:00:00,1490.0,4.5
2022-12-28 20:00:00,1439.0,4.3
2022-12-28 21:00:00,1347.0,4.4
2022-12-28 22:00:00,1194.0,4.6
2022-12-28 23:00:00,1094.0,4.5
2022-12-29 00:00:00,943.0,4.4
2022-12-29 01:00:00,848.0,4.1
2022-12-29 02:00:00,820.0,4.2
2022-12-29 03:00:00,791.0,4.1
2022-12-29 04:00:00,788.0,4.0
2022-12-29 05:00:00,762.0,3.8
2022-12-29 06:00:00,808.0,3.6
2022-12-29 07:00:00,834.0,3.7
2022-12-29 08:00:00,1164.0,3.8
2022-12-29 09:00:00,1432.0,4.4
2022-12-29 10:00:00,1484.0,5.1
2022-12-29 11:00:00,1527.0,5.4
2022-12-29 12:00:00,1455.0,5.7
2022-12-29 13:00:00,1392.0,5.8
2022-12-29 14:00:00,1365.0,6.2
2022-12-29 15:00:00,1346.0,6.6
2022-12-29 16:00:00,1380.0,6.7
2022-12-29 17:00:00,1479.0,6.6
2022-12-29 18:00:00,1496.0,6.2
2022-12-29 19:00:00,1460.0,5.9
2022-12-29 20:00:00,1398.0,5.9
2022-12-29 21:00:00,1269.0,5.6
2022-12-29 22:00:00,1120.0,5.9
2022-12-29 23:00:00,1023.0,5.6
2022-12-30 00:00:00,964.0,5.4
2022-12-30 01:00:00,856.0,5.2
2022-12-30 02:00:00,825.0,5.4
2022-12-30 03:00:00,794.0,5.1
2022-12-30 04:00:00,782.0,4.2
2022-12-30 05:00:00,753.0,4.8
2022-12-30 06:00:00,807.0,5.2
2022-12-30 07:00:00,886.0,3.5
2022-12-30 08:00:00,1215.0,3.0
2022-12-30 09:00:00,1387.0,5.1
2022-12-30 10:00:00,1385.0,6.7
2022-12-30 11:00:00,1352.0,7.9
2022-12-30 12:00:00,1240.0,9.0
2022-12-30 13:00:00,1162.0,9.8
2022-12-30 14:00:00,1156.0,10.2
2022-12-30 15:00:00,1172.0,10.2
2022-12-30 16:00:00,1234.0,10.3
2022-12-30 17:00:00,1346.0,9.5
2022-12-30 18:00:00,1375.0,8.3
2022-12-30 19:00:00,1394.0,7.5
2022-12-30 20:00:00,1328.0,7.1
2022-12-30 21:00:00,1230.0,6.4
2022-12-30 22:00:00,1099.0,5.5
2022-12-30 23:00:00,971.0,4.6
2022-12-31 00:00:00,967.0,3.9
2022-12-31 01:00:00,860.0,3.5
2022-12-31 02:00:00,812.0,2.9
2022-12-31 03:00:00,780.0,2.6
2022-12-31 04:00:00,756.0,2.1
2022-12-31 05:00:00,776.0,1.9
2022-12-31 06:00:00,801.0,1.7
2022-12-31 07:00:00,864.0,1.9
2022-12-31 08:00:00,1153.0,2.2
2022-12-31 09:00:00,1337.0,4.4
2022-12-31 10:00:00,1351.0,7.1
2022-12-31 11:00:00,1351.0,8.5
2022-12-31 12:00:00,1295.0,9.7
2022-12-31 13:00:00,1264.0,9.4
2022-12-31 14:00:00,1278.0,8.4
2022-12-31 15:00:00,1236.0,7.8
2022-12-31 16:00:00,1288.0,7.7
2022-12-31 17:00:00,1383.0,7.6
2022-12-31 18:00:00,1395.0,7.4
2022-12-31 19:00:00,1401.0,7.1
2022-12-31 20:00:00,1330.0,6.7
2022-12-31 21:00:00,1234.0,6.2
2022-12-31 22:00:00,1098.0,6.1
2022-12-31 23:00:00,986.0,6.2
2023-01-01 00:00:00,966.0,6.2
2023-01-01 01:00:00,850.0,6.2
2023-01-01 02:00:00,785.0,6.0
2023-01-01 03:00:00,738.0,5.7
2023-01-01 04:00:00,718.0,5.7
2023-01-01 05:00:00,687.0,5.9
2023-01-01 06:00:00,729.0,5.9
2023-01-01 07:00:00,786.0,6.1
2023-01-01 08:00:00,1008.0,6.2
2023-01-01 09:00:00,1232.0,6.6
2023-01-01 10:00:00,1291.0,6.8
2023-01-01 11:00:00,1337.0,7.0
2023-01-01 12:00:00,1292.0,6.9
2023-01-01 13:00:00,1207.0,7.1
2023-01-01 14:00:00,1196.0,7.3
2023-01-01 15:00:00,1188.0,7.4
2023-01-01 16:00:00,1217.0,7.4
2023-01-01 17:00:00,1335.0,6.9
2023-01-01 18:00:00,1322.0,6.9
2023-01-01 19:00:00,1333.0,7.0
2023-01-01 20:00:00,1304.0,7.1
2023-01-01 21:00:00,1244.0,7.1
2023-01-01 22:00:00,1141.0,7.1
2023-01-01 23:00:00,955.0,7.0
2023-01-02 00:00:00,906.0,6.8
2023-01-02 01:00:00,796.0,6.8
2023-01-02 02:00:00,774.0,6.6
2023-01-02 03:00:00,742.0,6.4
2023-01-02 04:00:00,703.0,6.3
2023-01-02 05:00:00,721.0,6.3
2023-01-02 06:00:00,757.0,6.2
2023-01-02 07:00:00,808.0,6.2
2023-01-02 08:00:00,1052.0,6.1
2023-01-02 09:00:00,1317.0,6.4
2023-01-02 10:00:00,1386.0,6.6
2023-01-02 11:00:00,1450.0,6.7
2023-01-02 12:00:00,1375.0,7.2
2023-01-02 13:00:00,1296.0,7.4
2023-01-02 14:00:00,1270.0,7.5
2023-01-02 15:00:00,1278.0,7.6
2023-01-02 16:00:00,1309.0,7.7
2023-01-02 17:00:00,1421.0,7.8
2023-01-02 18:00:00,1423.0,7.6
2023-01-02 19:00:00,1440.0,7.6
2023-01-02 20:00:00,1389.0,7.5
2023-01-02 21:00:00,1314.0,7.5
2023-01-02 22:00:00,1149.0,7.4
2023-01-02 23:00:00,1087.0,7.3
2023-01-03 00:00:00,969.0,7.3
2023-01-03 01:00:00,868.0,7.2
2023-01-03 02:00:00,823.0,7.1
2023-01-03 03:00:00,774.0,7.0
2023-01-03 04:00:00,775.0,7.0
2023-01-03 05:00:00,781.0,6.9
2023-01-03 06:00:00,790.0,6.9
2023-01-03 07:00:00,863.0,6.9
2023-01-03 08:00:00,1170.0,6.8
2023-01-03 09:00:00,1364.0,7.2
2023-01-03 10:00:00,1428.0,8.3
2023-01-03 11:00:00,1404.0,10.0
2023-01-03 12:00:00,1313.0,10.9
2023-01-03 13:00:00,1239.0,11.6
2023-01-03 14:00:00,1240.0,12.1
2023-01-03 15:00:00,1243.0,12.1
2023-01-03 16:00:00,1295.0,12.1
2023-01-03 17:00:00,1397.0,11.3
2023-01-03 18:00:00,1386.0,10.2
2023-01-03 19:00:00,1408.0,10.3
2023-01-03 20:00:00,1356.0,9.8
2023-01-03 21:00:00,1281.0,9.1
2023-01-03 22:00:00,1172.0,8.6
2023-01-03 23:00:00,1023.0,8.4
2023-01-04 00:00:00,989.0,8.3
2023-01-04 01:00:00,876.0,8.2
2023-01-04 02:00:00,829.0,7.9
2023-01-04 03:00:00,807.0,6.7
2023-01-04 04:00:00,791.0,7.1
2023-01-04 05:00:00,780.0,7.0
2023-01-04 06:00:00,832.0,6.8
2023-01-04 07:00:00,909.0,7.0
2023-01-04 08:00:00,1151.0,6.8
2023-01-04 09:00:00,1391.0,8.6
2023-01-04 10:00:00,1429.0,9.5
2023-01-04 11:00:00,1452.0,10.0
2023-01-04 12:00:00,1355.0,11.1
2023-01-04 13:00:00,1296.0,11.9
2023-01-04 14:00:00,1290.0,12.1
2023-01-04 15:00:00,1257.0,12.3
2023-01-04 16:00:00,1316.0,12.0
2023-01-04 17:00:00,1437.0,11.5
2023-01-04 18:00:00,1396.0,11.0
2023-01-04 19:00:00,1404.0,10.3
2023-01-04 20:00:00,1358.0,9.4
2023-01-04 21:00:00,1265.0,9.1
2023-01-04 22:00:00,1136.0,8.9
2023-01-04 23:00:00,1011.0,8.8
2023-01-05 00:00:00,971.0,8.8
2023-01-05 01:00:00,880.0,8.9
2023-01-05 02:00:00,844.0,8.5
2023-01-05 03:00:00,802.0,8.3
2023-01-05 04:00:00,776.0,7.9
2023-01-05 05:00:00,774.0,7.9
2023-01-05 06:00:00,814.0,7.9
2023-01-05 07:00:00,889.0,7.8
2023-01-05 08:00:00,1200.0,7.8
2023-01-05 09:00:00,1376.0,8.4
2023-01-05 10:00:00,1365.0,9.5
2023-01-05 11:00:00,1360.0,10.6
2023-01-05 12:00:00,1262.0,11.8
2023-01-05 13:00:00,1243.0,12.6
2023-01-05 14:00:00,1248.0,12.5
2023-01-05 15:00:00,1240.0,13.2
2023-01-05 16:00:00,1319.0,12.5
2023-01-05 17:00:00,1419.0,11.6
2023-01-05 18:00:00,1397.0,11.0
2023-01-05 19:00:00,1381.0,10.8
2023-01-05 20:00:00,1334.0,10.6
2023-01-05 21:00:00,1248.0,10.5
2023-01-05 22:00:00,1122.0,10.4
2023-01-05 23:00:00,1018.0,10.2
2023-01-06 00:00:00,981.0,9.9
2023-01-06 01:00:00,850.0,9.9
2023-01-06 02:00:00,804.0,9.7
2023-01-06 03:00:00,778.0,8.8
2023-01-06 04:00:00,768.0,8.2
2023-01-06 05:00:00,767.0,7.7
2023-01-06 06:00:00,803.0,6.8
2023-01-06 07:00:00,916.0,5.9
2023-01-06 08:00:00,1222.0,5.4
2023-01-06 09:00:00,1369.0,7.6
2023-01-06 10:00:00,1316.0,10.5
2023-01-06 11:00:00,1292.0,12.6
2023-01-06 12:00:00,1171.0,14.5
2023-01-06 13:00:00,1107.0,16.1
2023-01-06 14:00:00,1124.0,16.7
2023-01-06 15:00:00,1114.0,17.6
2023-01-06 16:00:00,1184.0,17.3
2023-01-06 17:00:00,1283.0,16.5
2023-01-06 18:00:00,1269.0,14.0
2023-01-06 19:00:00,1342.0,11.6
2023-01-06 20:00:00,1297.0,10.5
2023-01-06 21:00:00,1212.0,10.7
2023-01-06 22:00:00,1097.0,8.8
2023-01-06 23:00:00,1009.0,7.8
2023-01-07 00:00:00,964.0,7.4
2023-01-07 01:00:00,844.0,7.1
2023-01-07 02:00:00,819.0,6.6
2023-01-07 03:00:00,772.0,6.2
2023-01-07 04:00:00,761.0,6.0
2023-01-07 05:00:00,752.0,5.6
2023-01-07 06:00:00,816.0,5.0
2023-01-07 07:00:00,896.0,4.7
2023-01-07 08:00:00,1201.0,4.7
2023-01-07 09:00:00,1310.0,8.0
2023-01-07 10:00:00,1258.0,11.4
2023-01-07 11:00:00,1216.0,14.7
2023-01-07 12:00:00,1090.0,17.6
2023-01-07 13:00:00,1021.0,18.6
2023-01-07 14:00:00,1022.0,20.1
2023-01-07 15:00:00,1062.0,20.5
2023-01-07 16:00:00,1118.0,20.5
2023-01-07 17:00:00,1231.0,19.5
2023-01-07 18:00:00,1217.0,17.4
2023-01-07 19:00:00,1282.0,16.4
2023-01-07 20:00:00,1250.0,15.8
2023-01-07 21:00:00,1173.0,15.8
2023-01-07 22:00:00,1055.0,14.3
2023-01-07 23:00:00,964.0,12.4
2023-01-08 00:00:00,938.0,10.6
2023-01-08 01:00:00,836.0,9.8
2023-01-08 02:00:00,776.0,8.4
2023-01-08 03:00:00,731.0,7.8
2023-01-08 04:00:00,723.0,7.7
2023-01-08 05:00:00,734.0,7.5
2023-01-08 06:00:00,792.0,10.6
2023-01-08 07:00:00,886.0,10.5
2023-01-08 08:00:00,1204.0,11.1
2023-01-08 09:00:00,1261.0,12.9
2023-01-08 10:00:00,1208.0,15.1
2023-01-08 11:00:00,1193.0,17.1
2023-01-08 12:00:00,1055.0,18.7
2023-01-08 13:00:00,987.0,20.6
2023-01-08 14:00:00,970.0,21.6
2023-01-08 15:00:00,998.0,21.4
2023-01-08 16:00:00,1073.0,21.5
2023-01-08 17:00:00,1188.0,20.8
2023-01-08 18:00:00,1183.0,18.8
2023-01-08 19:00:00,1244.0,17.1
2023-01-08 20:00:00,1217.0,14.8
2023-01-08 21:00:00,1140.0,14.2
2023-01-08 22:00:00,1033.0,14.5
2023-01-08 23:00:00,930.0,13.7
2023-01-09 00:00:00,901.0,12.2
2023-01-09 01:00:00,825.0,11.6
2023-01-09 02:00:00,763.0,10.5
2023-01-09 03:00:00,743.0,9.6
2023-01-09 04:00:00,716.0,9.2
2023-01-09 05:00:00,732.0,8.8
2023-01-09 06:00:00,775.0,8.3
2023-01-09 07:00:00,903.0,7.7
2023-01-09 08:00:00,1206.0,7.7
2023-01-09 09:00:00,1305.0,10.1
2023-01-09 10:00:00,1266.0,11.8
2023-01-09 11:00:00,1230.0,12.9
2023-01-09 12:00:00,1078.0,14.3
2023-01-09 13:00:00,1026.0,15.9
2023-01-09 14:00:00,1027.0,16.4
2023-01-09 15:00:00,1029.0,17.3
2023-01-09 16:00:00,1099.0,17.7
2023-01-09 17:00:00,1218.0,17.2
2023-01-09 18:00:00,1212.0,15.6
2023-01-09 19:00:00,1261.0,14.7
2023-01-09 20:00:00,1224.0,14.0
2023-01-09 21:00:00,1150.0,12.9
2023-01-09 22:00:00,1032.0,12.9
2023-01-09 23:00:00,929.0,12.2
2023-01-10 00:00:00,887.0,11.2
2023-01-10 01:00:00,812.0,10.2
2023-01-10 02:00:00,748.0,9.5
2023-01-10 03:00:00,711.0,9.0
2023-01-10 04:00:00,698.0,8.5
2023-01-10 05:00:00,710.0,7.9
2023-01-10 06:00:00,758.0,7.7
2023-01-10 07:00:00,848.0,7.6
2023-01-10 08:00:00,1165.0,7.5
2023-01-10 09:00:00,1324.0,7.8
2023-01-10 10:00:00,1291.0,8.5
2023-01-10 11:00:00,1287.0,9.5
2023-01-10 12:00:00,1194.0,10.8
2023-01-10 13:00:00,1111.0,11.4
2023-01-10 14:00:00,1077.0,12.9
2023-01-10 15:00:00,1099.0,13.4
2023-01-10 16:00:00,1178.0,13.4
2023-01-10 17:00:00,1259.0,12.5
2023-01-10 18:00:00,1261.0,11.6
2023-01-10 19:00:00,1324.0,10.2
2023-01-10 20:00:00,1279.0,9.4
2023-01-10 21:00:00,1204.0,8.8
2023-01-10 22:00:00,1088.0,8.2
2023-01-10 23:00:00,985.0,7.4
2023-01-11 00:00:00,938.0,6.9
2023-01-11 01:00:00,818.0,6.2
2023-01-11 02:00:00,773.0,5.9
2023-01-11 03:00:00,726.0,5.7
2023-01-11 04:00:00,719.0,5.4
2023-01-11 05:00:00,702.0,5.4
2023-01-11 06:00:00,777.0,5.0
2023-01-11 07:00:00,897.0,5.2
2023-01-11 08:00:00,1182.0,5.0
2023-01-11 09:00:00,1324.0,6.8
2023-01-11 10:00:00,1326.0,9.0
2023-01-11 11:00:00,1303.0,9.7
2023-01-11 12:00:00,1168.0,12.1
2023-01-11 13:00:00,1092.0,13.6
2023-01-11 14:00:00,1083.0,15.2
2023-01-11 15:00:00,1073.0,16.3
2023-01-11 16:00:00,1144.0,16.2
2023-01-11 17:00:00,1264.0,15.4
2023-01-11 18:00:00,1232.0,14.4
2023-01-11 19:00:00,1277.0,14.0
2023-01-11 20:00:00,1250.0,14.3
2023-01-11 21:00:00,1189.0,14.5
2023-01-11 22:00:00,1058.0,15.1
2023-01-11 23:00:00,951.0,14.4
2023-01-12 00:00:00,901.0,15.7
2023-01-12 01:00:00,786.0,15.3
2023-01-12 02:00:00,722.0,14.2
2023-01-12 03:00:00,703.0,13.6
2023-01-12 04:00:00,682.0,13.1
2023-01-12 05:00:00,653.0,13.0
2023-01-12 06:00:00,694.0,12.9
2023-01-12 07:00:00,765.0,13.2
2023-01-12 08:00:00,1054.0,13.4
2023-01-12 09:00:00,1177.0,14.2
2023-01-12 10:00:00,1124.0,16.5
2023-01-12 11:00:00,1106.0,18.2
2023-01-12 12:00:00,1010.0,19.7
2023-01-12 13:00:00,949.0,20.2
2023-01-12 14:00:00,947.0,21.0
2023-01-12 15:00:00,981.0,20.3
2023-01-12 16:00:00,1020.0,20.0
2023-01-12 17:00:00,1129.0,19.7
2023-01-12 18:00:00,1148.0,18.6
2023-01-12 19:00:00,1197.0,17.9
2023-01-12 20:00:00,1179.0,17.6
2023-01-12 21:00:00,1101.0,17.2
2023-01-12 22:00:00,1002.0,16.8
2023-01-12 23:00:00,911.0,16.5
2023-01-13 00:00:00,817.0,16.2
2023-01-13 01:00:00,721.0,16.2
2023-01-13 02:00:00,647.0,15.9
2023-01-13 03:00:00,615.0,15.8
2023-01-13 04:00:00,583.0,14.7
2023-01-13 05:00:00,586.0,13.6
2023-01-13 06:00:00,632.0,13.3
2023-01-13 07:00:00,710.0,12.8
2023-01-13 08:00:00,996.0,12.6
2023-01-13 09:00:00,1150.0,12.5
2023-01-13 10:00:00,1164.0,12.4
2023-01-13 11:00:00,1193.0,12.5
2023-01-13 12:00:00,1119.0,12.3
2023-01-13 13:00:00,1085.0,12.2
2023-01-13 14:00:00,1084.0,11.8
2023-01-13 15:00:00,1095.0,11.2
2023-01-13 16:00:00,1156.0,10.7
2023-01-13 17:00:00,1281.0,10.4
2023-01-13 18:00:00,1261.0,10.4
2023-01-13 19:00:00,1260.0,10.3
2023-01-13 20:00:00,1228.0,9.3
2023-01-13 21:00:00,1156.0,9.0
2023-01-13 22:00:00,1044.0,8.8
2023-01-13 23:00:00,916.0,8.8
2023-01-14 00:00:00,850.0,8.8
2023-01-14 01:00:00,736.0,8.8
2023-01-14 02:00:00,675.0,8.5
2023-01-14 03:00:00,634.0,8.4
2023-01-14 04:00:00,623.0,8.3
2023-01-14 05:00:00,618.0,8.5
2023-01-14 06:00:00,645.0,8.4
2023-01-14 07:00:00,714.0,8.2
2023-01-14 08:00:00,993.0,8.0
2023-01-14 09:00:00,1237.0,8.1
2023-01-14 10:00:00,1290.0,8.1
2023-01-14 11:00:00,1330.0,7.7
2023-01-14 12:00:00,1273.0,7.4
2023-01-14 13:00:00,1236.0,7.5
2023-01-14 14:00:00,1218.0,6.8
2023-01-14 15:00:00,1228.0,6.3
2023-01-14 16:00:00,1294.0,5.3
2023-01-14 17:00:00,1409.0,4.8
2023-01-14 18:00:00,1397.0,4.2
2023-01-14 19:00:00,1397.0,3.7
2023-01-14 20:00:00,1370.0,3.0
2023-01-14 21:00:00,1299.0,2.2
2023-01-14 22:00:00,1190.0,1.6
2023-01-14 23:00:00,1050.0,1.3
2023-01-15 00:00:00,951.0,1.2
2023-01-15 01:00:00,819.0,1.0
2023-01-15 02:00:00,747.0,0.6
2023-01-15 03:00:00,705.0,0.4
2023-01-15 04:00:00,678.0,0.5
2023-01-15 05:00:00,674.0,0.3
2023-01-15 06:00:00,702.0,0.1
2023-01-15 07:00:00,767.0,0.1
2023-01-15 08:00:00,1058.0,0.2
2023-01-15 09:00:00,1367.0,0.3
2023-01-15 10:00:00,1457.0,0.5
2023-01-15 11:00:00,1496.0,0.9
2023-01-15 12:00:00,1415.0,1.0
2023-01-15 13:00:00,1330.0,1.1
2023-01-15 14:00:00,1300.0,1.2
2023-01-15 15:00:00,1288.0,1.2
2023-01-15 16:00:00,1313.0,1.2
2023-01-15 17:00:00,1426.0,1.1
2023-01-15 18:00:00,1409.0,0.9
2023-01-15 19:00:00,1454.0,0.7
2023-01-15 20:00:00,1457.0,0.6
2023-01-15 21:00:00,1425.0,0.6
2023-01-15 22:00:00,1321.0,0.7
2023-01-15 23:00:00,1131.0,0.7
2023-01-16 00:00:00,1022.0,0.4
2023-01-16 01:00:00,838.0,0.2
2023-01-16 02:00:00,738.0,0.2
2023-01-16 03:00:00,688.0,0.3
2023-01-16 04:00:00,674.0,0.0
2023-01-16 05:00:00,663.0,-0.2
2023-01-16 06:00:00,700.0,-0.3
2023-01-16 07:00:00,773.0,0.1
2023-01-16 08:00:00,1132.0,0.2
2023-01-16 09:00:00,1399.0,0.9
2023-01-16 10:00:00,1454.0,1.3
2023-01-16 11:00:00,1505.0,1.6
2023-01-16 12:00:00,1465.0,1.9
2023-01-16 13:00:00,1426.0,2.3
2023-01-16 14:00:00,1355.0,2.3
2023-01-16 15:00:00,1363.0,2.5
2023-01-16 16:00:00,1391.0,2.2
2023-01-16 17:00:00,1495.0,2.2
2023-01-16 18:00:00,1521.0,2.0
2023-01-16 19:00:00,1557.0,1.8
2023-01-16 20:00:00,1560.0,1.8
2023-01-16 21:00:00,1526.0,1.8
2023-01-16 22:00:00,1409.0,1.8
2023-01-16 23:00:00,1232.0,1.8
2023-01-17 00:00:00,1062.0,1.8
2023-01-17 01:00:00,890.0,1.9
2023-01-17 02:00:00,778.0,1.9
2023-01-17 03:00:00,709.0,1.9
2023-01-17 04:00:00,681.0,1.9
2023-01-17 05:00:00,671.0,1.8
2023-01-17 06:00:00,711.0,1.8
2023-01-17 07:00:00,790.0,1.7
2023-01-17 08:00:00,1133.0,1.8
2023-01-17 09:00:00,1390.0,2.4
2023-01-17 10:00:00,1398.0,3.3
2023-01-17 11:00:00,1420.0,4.1
2023-01-17 12:00:00,1308.0,4.6
2023-01-17 13:00:00,1209.0,6.1
2023-01-17 14:00:00,1142.0,7.0
2023-01-17 15:00:00,1168.0,6.6
2023-01-17 16:00:00,1227.0,7.0
2023-01-17 17:00:00,1376.0,6.8
2023-01-17 18:00:00,1402.0,5.7
2023-01-17 19:00:00,1490.0,4.6
2023-01-17 20:00:00,1506.0,3.6
2023-01-17 21:00:00,1472.0,2.9
2023-01-17 22:00:00,1382.0,1.9
2023-01-17 23:00:00,1200.0,1.0
2023-01-18 00:00:00,1040.0,0.8
2023-01-18 01:00:00,863.0,0.3
2023-01-18 02:00:00,748.0,0.1
2023-01-18 03:00:00,683.0,-0.5
2023-01-18 04:00:00,661.0,-0.7
2023-01-18 05:00:00,647.0,-1.0
2023-01-18 06:00:00,676.0,-0.1
2023-01-18 07:00:00,759.0,-0.4
2023-01-18 08:00:00,1127.0,-0.7
2023-01-18 09:00:00,1308.0,2.2
2023-01-18 10:00:00,1275.0,4.9
2023-01-18 11:00:00,1264.0,6.7
2023-01-18 12:00:00,1192.0,8.1
2023-01-18 13:00:00,1100.0,8.2
2023-01-18 14:00:00,1062.0,9.2
2023-01-18 15:00:00,1088.0,10.3
2023-01-18 16:00:00,1175.0,9.0
2023-01-18 17:00:00,1329.0,8.6
2023-01-18 18:00:00,1354.0,8.1
2023-01-18 19:00:00,1431.0,7.7
2023-01-18 20:00:00,1440.0,7.4
2023-01-18 21:00:00,1411.0,6.8
2023-01-18 22:00:00,1324.0,6.6
2023-01-18 23:00:00,1149.0,6.3
2023-01-19 00:00:00,986.0,6.0
2023-01-19 01:00:00,804.0,6.0
2023-01-19 02:00:00,688.0,6.0
2023-01-19 03:00:00,633.0,5.7
2023-01-19 04:00:00,603.0,5.6
2023-01-19 05:00:00,600.0,5.7
2023-01-19 06:00:00,615.0,5.6
2023-01-19 07:00:00,689.0,5.4
2023-01-19 08:00:00,1018.0,5.3
2023-01-19 09:00:00,1227.0,6.1
2023-01-19 10:00:00,1231.0,7.8
2023-01-19 11:00:00,1234.0,9.0
2023-01-19 12:00:00,1184.0,9.8
2023-01-19 13:00:00,1033.0,11.5
2023-01-19 14:00:00,966.0,12.4
2023-01-19 15:00:00,965.0,12.5
2023-01-19 16:00:00,1019.0,12.0
2023-01-19 17:00:00,1172.0,11.7
2023-01-19 18:00:00,1224.0,10.2
2023-01-19 19:00:00,1334.0,8.1
2023-01-19 20:00:00,1362.0,7.3
2023-01-19 21:00:00,1353.0,5.9
2023-01-19 22:00:00,1279.0,4.9
2023-01-19 23:00:00,1117.0,4.3
2023-01-20 00:00:00,944.0,3.4
2023-01-20 01:00:00,758.0,3.1
2023-01-20 02:00:00,640.0,2.6
2023-01-20 03:00:00,578.0,2.4
2023-01-20 04:00:00,552.0,2.1
2023-01-20 05:00:00,545.0,1.5
2023-01-20 06:00:00,587.0,1.6
2023-01-20 07:00:00,649.0,1.4
2023-01-20 08:00:00,1009.0,1.5
2023-01-20 09:00:00,1213.0,4.3
2023-01-20 10:00:00,1248.0,5.8
2023-01-20 11:00:00,1296.0,7.0
2023-01-20 12:00:00,1278.0,7.5
2023-01-20 13:00:00,1203.0,8.1
2023-01-20 14:00:00,1169.0,8.6
2023-01-20 15:00:00,1191.0,8.1
2023-01-20 16:00:00,1248.0,8.0
2023-01-20 17:00:00,1341.0,7.8
2023-01-20 18:00:00,1343.0,7.4
2023-01-20 19:00:00,1430.0,7.4
2023-01-20 20:00:00,1451.0,7.4
2023-01-20 21:00:00,1444.0,7.3
2023-01-20 22:00:00,1363.0,7.4
2023-01-20 23:00:00,1172.0,7.4
2023-01-21 00:00:00,972.0,7.3
2023-01-21 01:00:00,770.0,7.2
2023-01-21 02:00:00,626.0,7.3
2023-01-21 03:00:00,569.0,7.3
2023-01-21 04:00:00,551.0,7.1
2023-01-21 05:00:00,572.0,7.1
2023-01-21 06:00:00,640.0,6.8
2023-01-21 07:00:00,736.0,6.7
2023-01-21 08:00:00,1047.0,6.8
2023-01-21 09:00:00,1279.0,7.0
2023-01-21 10:00:00,1340.0,7.3
2023-01-21 11:00:00,1321.0,7.8
2023-01-21 12:00:00,1275.0,7.9
2023-01-21 13:00:00,1231.0,8.0
2023-01-21 14:00:00,1247.0,7.9
2023-01-21 15:00:00,1264.0,7.9
2023-01-21 16:00:00,1321.0,7.9
2023-01-21 17:00:00,1374.0,7.7
2023-01-21 18:00:00,1371.0,7.3
2023-01-21 19:00:00,1433.0,7.2
2023-01-21 20:00:00,1467.0,6.9
2023-01-21 21:00:00,1418.0,6.7
2023-01-21 22:00:00,1370.0,6.3
2023-01-21 23:00:00,1305.0,6.0
2023-01-22 00:00:00,1197.0,5.6
2023-01-22 01:00:00,872.0,5.6
2023-01-22 02:00:00,654.0,5.4
2023-01-22 03:00:00,572.0,5.3
2023-01-22 04:00:00,533.0,5.3
2023-01-22 05:00:00,530.0,5.1
2023-01-22 06:00:00,561.0,5.0
2023-01-22 07:00:00,630.0,5.1
2023-01-22 08:00:00,891.0,5.1
2023-01-22 09:00:00,1101.0,5.2
2023-01-22 10:00:00,1106.0,5.2
2023-01-22 11:00:00,1086.0,5.4
2023-01-22 12:00:00,1033.0,5.6
2023-01-22 13:00:00,977.0,5.8
2023-01-22 14:00:00,955.0,5.8
2023-01-22 15:00:00,950.0,6.0
2023-01-22 16:00:00,992.0,5.9
2023-01-22 17:00:00,1077.0,5.7
2023-01-22 18:00:00,1098.0,5.6
2023-01-22 19:00:00,1184.0,5.7
2023-01-22 20:00:00,1198.0,5.8
2023-01-22 21:00:00,1192.0,5.8
2023-01-22 22:00:00,1143.0,5.8
2023-01-22 23:00:00,1024.0,5.9
2023-01-23 00:00:00,884.0,6.0
2023-01-23 01:00:00,712.0,5.9
2023-01-23 02:00:00,592.0,5.9
2023-01-23 03:00:00,534.0,5.8
2023-01-23 04:00:00,513.0,5.8
2023-01-23 05:00:00,499.0,5.8
2023-01-23 06:00:00,516.0,5.8
2023-01-23 07:00:00,567.0,5.8
2023-01-23 08:00:00,855.0,5.9
2023-01-23 09:00:00,1155.0,6.0
2023-01-23 10:00:00,1231.0,6.1
2023-01-23 11:00:00,1186.0,6.0
2023-01-23 12:00:00,1065.0,6.4
2023-01-23 13:00:00,1007.0,6.6
2023-01-23 14:00:00,1006.0,6.9
2023-01-23 15:00:00,1002.0,7.1
2023-01-23 16:00:00,1040.0,7.4
2023-01-23 17:00:00,1105.0,7.4
2023-01-23 18:00:00,1126.0,7.4
2023-01-23 19:00:00,1237.0,7.4
2023-01-23 20:00:00,1306.0,7.6
2023-01-23 21:00:00,1315.0,7.5
2023-01-23 22:00:00,1275.0,7.4
2023-01-23 23:00:00,1150.0,7.6
2023-01-24 00:00:00,1008.0,7.4
2023-01-24 01:00:00,802.0,7.3
2023-01-24 02:00:00,656.0,6.7
2023-01-24 03:00:00,584.0,5.6
2023-01-24 04:00:00,558.0,4.8
2023-01-24 05:00:00,535.0,4.0
2023-01-24 06:00:00,556.0,3.4
2023-01-24 07:00:00,610.0,2.6
2023-01-24 08:00:00,960.0,2.4
2023-01-24 09:00:00,1184.0,3.3
2023-01-24 10:00:00,1172.0,4.3
2023-01-24 11:00:00,1120.0,4.9
2023-01-24 12:00:00,981.0,5.6
2023-01-24 13:00:00,910.0,5.8
2023-01-24 14:00:00,899.0,6.1
2023-01-24 15:00:00,909.0,6.2
2023-01-24 16:00:00,986.0,5.8
2023-01-24 17:00:00,1115.0,5.2
2023-01-24 18:00:00,1174.0,4.1
2023-01-24 19:00:00,1339.0,3.1
2023-01-24 20:00:00,1421.0,2.4
2023-01-24 21:00:00,1407.0,2.0
2023-01-24 22:00:00,1333.0,1.5
2023-01-24 23:00:00,1193.0,0.9
2023-01-25 00:00:00,1039.0,0.6
2023-01-25 01:00:00,837.0,0.5
2023-01-25 02:00:00,692.0,0.5
2023-01-25 03:00:00,618.0,-0.1
2023-01-25 04:00:00,579.0,-1.1
2023-01-25 05:00:00,566.0,-1.9
2023-01-25 06:00:00,585.0,-1.9
2023-01-25 07:00:00,645.0,-2.4
2023-01-25 08:00:00,978.0,-2.3
2023-01-25 09:00:00,1166.0,0.7
2023-01-25 10:00:00,1157.0,2.6
2023-01-25 11:00:00,1117.0,4.1
2023-01-25 12:00:00,1031.0,5.5
2023-01-25 13:00:00,935.0,6.3
2023-01-25 14:00:00,932.0,7.2
2023-01-25 15:00:00,988.0,8.0
2023-01-25 16:00:00,1092.0,7.7
2023-01-25 17:00:00,1204.0,7.4
2023-01-25 18:00:00,1221.0,6.9
2023-01-25 19:00:00,1349.0,6.5
2023-01-25 20:00:00,1402.0,6.4
2023-01-25 21:00:00,1372.0,6.3
2023-01-25 22:00:00,1293.0,6.2
2023-01-25 23:00:00,1137.0,6.1
2023-01-26 00:00:00,984.0,6.2
2023-01-26 01:00:00,788.0,5.7
2023-01-26 02:00:00,657.0,5.4
2023-01-26 03:00:00,582.0,5.2
2023-01-26 04:00:00,552.0,5.2
2023-01-26 05:00:00,536.0,5.1
2023-01-26 06:00:00,556.0,4.9
2023-01-26 07:00:00,608.0,4.8
2023-01-26 08:00:00,902.0,5.1
2023-01-26 09:00:00,1159.0,5.4
2023-01-26 10:00:00,1244.0,5.8
2023-01-26 11:00:00,1261.0,6.0
2023-01-26 12:00:00,1178.0,6.6
2023-01-26 13:00:00,1122.0,6.9
2023-01-26 14:00:00,1098.0,7.0
2023-01-26 15:00:00,1117.0,7.0
2023-01-26 16:00:00,1176.0,6.7
2023-01-26 17:00:00,1249.0,6.5
2023-01-26 18:00:00,1251.0,6.4
2023-01-26 19:00:00,1352.0,6.4
2023-01-26 20:00:00,1392.0,6.2
2023-01-26 21:00:00,1354.0,5.9
2023-01-26 22:00:00,1266.0,5.8
2023-01-26 23:00:00,1113.0,5.5
2023-01-27 00:00:00,965.0,5.2
2023-01-27 01:00:00,779.0,5.2
2023-01-27 02:00:00,664.0,5.2
2023-01-27 03:00:00,591.0,5.1
2023-01-27 04:00:00,580.0,4.9
2023-01-27 05:00:00,557.0,4.0
2023-01-27 06:00:00,586.0,3.4
2023-01-27 07:00:00,647.0,3.1
2023-01-27 08:00:00,981.0,2.8
2023-01-27 09:00:00,1166.0,4.2
2023-01-27 10:00:00,1151.0,5.3
2023-01-27 11:00:00,1107.0,6.8
2023-01-27 12:00:00,989.0,8.3
2023-01-27 13:00:00,942.0,9.1
2023-01-27 14:00:00,935.0,9.0
2023-01-27 15:00:00,950.0,9.2
2023-01-27 16:00:00,1028.0,8.7
2023-01-27 17:00:00,1161.0,8.1
2023-01-27 18:00:00,1219.0,7.0
2023-01-27 19:00:00,1340.0,6.1
2023-01-27 20:00:00,1379.0,5.4
2023-01-27 21:00:00,1332.0,4.7
2023-01-27 22:00:00,1259.0,4.3
2023-01-27 23:00:00,1089.0,3.3
2023-01-28 00:00:00,945.0,2.7
2023-01-28 01:00:00,771.0,1.4
2023-01-28 02:00:00,655.0,0.7
2023-01-28 03:00:00,591.0,0.5
2023-01-28 04:00:00,571.0,0.4
2023-01-28 05:00:00,565.0,0.1
2023-01-28 06:00:00,595.0,0.0
2023-01-28 07:00:00,647.0,-0.7
2023-01-28 08:00:00,1001.0,-0.3
2023-01-28 09:00:00,1241.0,3.3
2023-01-28 10:00:00,1227.0,6.5
2023-01-28 11:00:00,1188.0,7.8
2023-01-28 12:00:00,1089.0,8.8
2023-01-28 13:00:00,1006.0,10.3
2023-01-28 14:00:00,943.0,10.8
2023-01-28 15:00:00,964.0,10.8
2023-01-28 16:00:00,1031.0,10.7
2023-01-28 17:00:00,1171.0,10.3
2023-01-28 18:00:00,1212.0,9.2
2023-01-28 19:00:00,1337.0,7.3
2023-01-28 20:00:00,1362.0,5.4
2023-01-28 21:00:00,1322.0,4.1
2023-01-28 22:00:00,1231.0,3.2
2023-01-28 23:00:00,1060.0,2.5
2023-01-29 00:00:00,936.0,1.9
2023-01-29 01:00:00,759.0,1.4
2023-01-29 02:00:00,652.0,1.3
2023-01-29 03:00:00,608.0,0.7
2023-01-29 04:00:00,585.0,0.5
2023-01-29 05:00:00,589.0,0.0
2023-01-29 06:00:00,628.0,-0.1
2023-01-29 07:00:00,704.0,-0.4
2023-01-29 08:00:00,1040.0,-0.2
2023-01-29 09:00:00,1257.0,3.2
2023-01-29 10:00:00,1232.0,6.8
2023-01-29 11:00:00,1180.0,10.3
2023-01-29 12:00:00,1067.0,12.2
2023-01-29 13:00:00,988.0,13.6
2023-01-29 14:00:00,945.0,15.0
2023-01-29 15:00:00,957.0,15.3
2023-01-29 16:00:00,1022.0,15.4
2023-01-29 17:00:00,1137.0,14.6
2023-01-29 18:00:00,1172.0,12.9
2023-01-29 19:00:00,1296.0,9.3
2023-01-29 20:00:00,1317.0,7.7
2023-01-29 21:00:00,1266.0,6.7
2023-01-29 22:00:00,1164.0,6.4
2023-01-29 23:00:00,1038.0,5.8
2023-01-30 00:00:00,930.0,5.2
2023-01-30 01:00:00,782.0,4.0
2023-01-30 02:00:00,689.0,3.7
2023-01-30 03:00:00,646.0,3.1
2023-01-30 04:00:00,618.0,2.3
2023-01-30 05:00:00,624.0,2.1
2023-01-30 06:00:00,651.0,1.6
2023-01-30 07:00:00,718.0,1.0
2023-01-30 08:00:00,1060.0,1.8
2023-01-30 09:00:00,1262.0,6.4
2023-01-30 10:00:00,1225.0,9.8
2023-01-30 11:00:00,1190.0,13.4
2023-01-30 12:00:00,1070.0,15.3
2023-01-30 13:00:00,954.0,17.5
2023-01-30 14:00:00,941.0,18.9
2023-01-30 15:00:00,942.0,19.2
2023-01-30 16:00:00,987.0,19.3
2023-01-30 17:00:00,1108.0,18.7
2023-01-30 18:00:00,1145.0,17.0
2023-01-30 19:00:00,1260.0,15.7
2023-01-30 20:00:00,1300.0,15.1
2023-01-30 21:00:00,1232.0,14.5
2023-01-30 22:00:00,1120.0,14.1
2023-01-30 23:00:00,997.0,11.4
2023-01-31 00:00:00,912.0,9.6
2023-01-31 01:00:00,770.0,8.8
2023-01-31 02:00:00,695.0,8.5
2023-01-31 03:00:00,638.0,7.1
2023-01-31 04:00:00,604.0,8.3
2023-01-31 05:00:00,617.0,8.1
2023-01-31 06:00:00,663.0,8.3
2023-01-31 07:00:00,734.0,7.8
2023-01-31 08:00:00,1075.0,6.8
2023-01-31 09:00:00,1243.0,10.8
2023-01-31 10:00:00,1155.0,14.0
2023-01-31 11:00:00,1143.0,18.0
2023-01-31 12:00:00,1009.0,19.5
2023-01-31 13:00:00,915.0,20.8
2023-01-31 14:00:00,910.0,21.5
2023-01-31 15:00:00,913.0,22.3
2023-01-31 16:00:00,974.0,21.9
2023-01-31 17:00:00,1091.0,21.3
2023-01-31 18:00:00,1100.0,19.2
2023-01-31 19:00:00,1201.0,18.2
2023-01-31 20:00:00,1201.0,18.0
2023-01-31 21:00:00,1143.0,14.5
2023-01-31 22:00:00,1062.0,13.0
2023-01-31 23:00:00,943.0,12.8
2023-02-01 00:00:00,855.0,11.9
2023-02-01 01:00:00,750.0,11.7
2023-02-01 02:00:00,668.0,11.3
2023-02-01 03:00:00,624.0,11.0
2023-02-01 04:00:00,620.0,10.2
2023-02-01 05:00:00,617.0,10.9
2023-02-01 06:00:00,629.0,10.3
2023-02-01 07:00:00,741.0,10.2
2023-02-01 08:00:00,1038.0,10.3
2023-02-01 09:00:00,1217.0,11.1
2023-02-01 10:00:00,1216.0,11.7
2023-02-01 11:00:00,1261.0,12.2
2023-02-01 12:00:00,1178.0,12.6
2023-02-01 13:00:00,1124.0,13.0
2023-02-01 14:00:00,1103.0,13.1
2023-02-01 15:00:00,1127.0,13.2
2023-02-01 16:00:00,1178.0,13.0
2023-02-01 17:00:00,1253.0,12.8
2023-02-01 18:00:00,1220.0,12.6
2023-02-01 19:00:00,1267.0,12.6
2023-02-01 20:00:00,1256.0,12.5
2023-02-01 21:00:00,1196.0,12.2
2023-02-01 22:00:00,1094.0,11.8
2023-02-01 23:00:00,978.0,11.4
2023-02-02 00:00:00,924.0,11.0
2023-02-02 01:00:00,777.0,10.5
2023-02-02 02:00:00,728.0,10.1
2023-02-02 03:00:00,689.0,9.6
2023-02-02 04:00:00,675.0,9.1
2023-02-02 05:00:00,674.0,8.6
2023-02-02 06:00:00,717.0,8.3
2023-02-02 07:00:00,776.0,7.7
2023-02-02 08:00:00,1057.0,7.2
2023-02-02 09:00:00,1317.0,7.0
2023-02-02 10:00:00,1364.0,6.6
2023-02-02 11:00:00,1420.0,5.8
2023-02-02 12:00:00,1353.0,5.5
2023-02-02 13:00:00,1312.0,3.6
2023-02-02 14:00:00,1308.0,3.0
2023-02-02 15:00:00,1315.0,2.9
2023-02-02 16:00:00,1354.0,2.6
2023-02-02 17:00:00,1428.0,2.6
2023-02-02 18:00:00,1385.0,2.8
2023-02-02 19:00:00,1394.0,3.0
2023-02-02 20:00:00,1338.0,3.7
2023-02-02 21:00:00,1273.0,4.3
2023-02-02 22:00:00,1156.0,3.8
2023-02-02 23:00:00,1043.0,3.7
2023-02-03 00:00:00,970.0,3.7
2023-02-03 01:00:00,849.0,3.6
2023-02-03 02:00:00,769.0,3.8
2023-02-03 03:00:00,731.0,3.9
2023-02-03 04:00:00,726.0,3.7
2023-02-03 05:00:00,722.0,3.6
2023-02-03 06:00:00,736.0,3.6
2023-02-03 07:00:00,819.0,3.3
2023-02-03 08:00:00,1119.0,3.4
2023-02-03 09:00:00,1395.0,3.5
2023-02-03 10:00:00,1454.0,3.6
2023-02-03 11:00:00,1530.0,3.4
2023-02-03 12:00:00,1456.0,3.2
2023-02-03 13:00:00,1402.0,2.4
2023-02-03 14:00:00,1380.0,2.1
2023-02-03 15:00:00,1362.0,2.1
2023-02-03 16:00:00,1390.0,2.3
2023-02-03 17:00:00,1460.0,2.5
2023-02-03 18:00:00,1412.0,2.7
2023-02-03 19:00:00,1432.0,2.7
2023-02-03 20:00:00,1398.0,2.7
2023-02-03 21:00:00,1332.0,2.9
2023-02-03 22:00:00,1219.0,2.9
2023-02-03 23:00:00,1085.0,3.0
2023-02-04 00:00:00,1006.0,3.0
2023-02-04 01:00:00,897.0,3.1
2023-02-04 02:00:00,818.0,3.3
2023-02-04 03:00:00,753.0,3.3
2023-02-04 04:00:00,735.0,3.3
2023-02-04 05:00:00,717.0,3.3
2023-02-04 06:00:00,761.0,3.2
2023-02-04 07:00:00,805.0,3.1
2023-02-04 08:00:00,1100.0,3.2
2023-02-04 09:00:00,1360.0,3.5
2023-02-04 10:00:00,1420.0,4.1
2023-02-04 11:00:00,1479.0,4.6
2023-02-04 12:00:00,1410.0,4.8
2023-02-04 13:00:00,1347.0,5.1
2023-02-04 14:00:00,1316.0,5.1
2023-02-04 15:00:00,1329.0,5.0
2023-02-04 16:00:00,1370.0,4.9
2023-02-04 17:00:00,1438.0,4.8
2023-02-04 18:00:00,1396.0,4.7
2023-02-04 19:00:00,1425.0,4.6
2023-02-04 20:00:00,1394.0,4.6
2023-02-04 21:00:00,1313.0,4.8
2023-02-04 22:00:00,1217.0,4.9
2023-02-04 23:00:00,1101.0,5.0
2023-02-05 00:00:00,1041.0,5.0
2023-02-05 01:00:00,883.0,5.1
2023-02-05 02:00:00,816.0,5.1
2023-02-05 03:00:00,747.0,5.2
2023-02-05 04:00:00,717.0,5.2
2023-02-05 05:00:00,725.0,5.3
2023-02-05 06:00:00,750.0,5.3
2023-02-05 07:00:00,785.0,5.4
2023-02-05 08:00:00,1028.0,5.1
2023-02-05 09:00:00,1284.0,5.4
2023-02-05 10:00:00,1339.0,5.9
2023-02-05 11:00:00,1366.0,6.4
2023-02-05 12:00:00,1283.0,6.9
2023-02-05 13:00:00,1208.0,7.1
2023-02-05 14:00:00,1185.0,7.1
2023-02-05 15:00:00,1186.0,7.2
2023-02-05 16:00:00,1256.0,7.2
2023-02-05 17:00:00,1296.0,7.1
2023-02-05 18:00:00,1273.0,7.0
2023-02-05 19:00:00,1392.0,6.7
2023-02-05 20:00:00,1394.0,6.8
2023-02-05 21:00:00,1350.0,6.8
2023-02-05 22:00:00,1245.0,6.7
2023-02-05 23:00:00,1102.0,6.6
2023-02-06 00:00:00,994.0,6.5
2023-02-06 01:00:00,835.0,6.5
2023-02-06 02:00:00,759.0,6.5
2023-02-06 03:00:00,702.0,6.5
2023-02-06 04:00:00,688.0,6.4
2023-02-06 05:00:00,699.0,6.4
2023-02-06 06:00:00,735.0,6.5
2023-02-06 07:00:00,856.0,6.6
2023-02-06 08:00:00,1183.0,6.6
2023-02-06 09:00:00,1414.0,6.6
2023-02-06 10:00:00,1422.0,7.1
2023-02-06 11:00:00,1491.0,7.7
2023-02-06 12:00:00,1388.0,7.8
2023-02-06 13:00:00,1370.0,7.8
2023-02-06 14:00:00,1321.0,7.7
2023-02-06 15:00:00,1354.0,7.7
2023-02-06 16:00:00,1382.0,7.6
2023-02-06 17:00:00,1453.0,7.6
2023-02-06 18:00:00,1401.0,7.5
2023-02-06 19:00:00,1405.0,7.5
2023-02-06 20:00:00,1387.0,7.4
2023-02-06 21:00:00,1331.0,7.6
2023-02-06 22:00:00,1168.0,7.6
2023-02-06 23:00:00,1034.0,7.6
2023-02-07 00:00:00,994.0,7.7
2023-02-07 01:00:00,863.0,7.7
2023-02-07 02:00:00,801.0,7.7
2023-02-07 03:00:00,765.0,7.6
2023-02-07 04:00:00,752.0,7.6
2023-02-07 05:00:00,739.0,7.6
2023-02-07 06:00:00,783.0,7.6
2023-02-07 07:00:00,943.0,7.7
2023-02-07 08:00:00,1203.0,7.8
2023-02-07 09:00:00,1396.0,8.2
2023-02-07 10:00:00,1436.0,8.3
2023-02-07 11:00:00,1477.0,8.2
2023-02-07 12:00:00,1370.0,8.4
2023-02-07 13:00:00,1309.0,8.7
2023-02-07 14:00:00,1284.0,8.9
2023-02-07 15:00:00,1269.0,9.4
2023-02-07 16:00:00,1287.0,10.1
2023-02-07 17:00:00,1385.0,10.2
2023-02-07 18:00:00,1333.0,10.1
2023-02-07 19:00:00,1375.0,9.7
2023-02-07 20:00:00,1369.0,9.5
2023-02-07 21:00:00,1297.0,9.6
2023-02-07 22:00:00,1168.0,9.4
2023-02-07 23:00:00,1040.0,9.3
2023-02-08 00:00:00,978.0,9.1
2023-02-08 01:00:00,865.0,9.0
2023-02-08 02:00:00,800.0,8.9
2023-02-08 03:00:00,770.0,8.9
2023-02-08 04:00:00,744.0,8.8
2023-02-08 05:00:00,734.0,8.7
2023-02-08 06:00:00,820.0,8.6
2023-02-08 07:00:00,935.0,8.7
2023-02-08 08:00:00,1183.0,8.7
2023-02-08 09:00:00,1392.0,8.9
2023-02-08 10:00:00,1440.0,8.9
2023-02-08 11:00:00,1447.0,9.0
2023-02-08 12:00:00,1360.0,9.3
2023-02-08 13:00:00,1303.0,9.2
2023-02-08 14:00:00,1296.0,9.4
2023-02-08 15:00:00,1319.0,9.4
2023-02-08 16:00:00,1348.0,9.3
2023-02-08 17:00:00,1427.0,9.3
2023-02-08 18:00:00,1362.0,9.2
2023-02-08 19:00:00,1371.0,9.1
2023-02-08 20:00:00,1340.0,9.1
2023-02-08 21:00:00,1260.0,9.1
2023-02-08 22:00:00,1126.0,9.1
2023-02-08 23:00:00,1003.0,9.0
2023-02-09 00:00:00,971.0,9.0
2023-02-09 01:00:00,852.0,9.1
2023-02-09 02:00:00,808.0,9.1
2023-02-09 03:00:00,745.0,8.9
2023-02-09 04:00:00,745.0,8.5
2023-02-09 05:00:00,770.0,8.0
2023-02-09 06:00:00,815.0,7.5
2023-02-09 07:00:00,951.0,7.5
2023-02-09 08:00:00,1210.0,7.1
2023-02-09 09:00:00,1425.0,6.8
2023-02-09 10:00:00,1486.0,6.6
2023-02-09 11:00:00,1485.0,6.5
2023-02-09 12:00:00,1391.0,6.6
2023-02-09 13:00:00,1327.0,6.6
2023-02-09 14:00:00,1315.0,6.9
2023-02-09 15:00:00,1315.0,7.2
2023-02-09 16:00:00,1322.0,7.4
2023-02-09 17:00:00,1407.0,7.4
2023-02-09 18:00:00,1362.0,7.5
2023-02-09 19:00:00,1392.0,7.5
2023-02-09 20:00:00,1380.0,7.4
2023-02-09 21:00:00,1309.0,7.5
2023-02-09 22:00:00,1178.0,7.6
2023-02-09 23:00:00,1039.0,7.4
2023-02-10 00:00:00,996.0,7.2
2023-02-10 01:00:00,887.0,7.0
2023-02-10 02:00:00,816.0,6.8
2023-02-10 03:00:00,788.0,6.7
2023-02-10 04:00:00,772.0,6.5
2023-02-10 05:00:00,784.0,6.3
2023-02-10 06:00:00,826.0,6.1
2023-02-10 07:00:00,989.0,6.1
2023-02-10 08:00:00,1212.0,6.1
2023-02-10 09:00:00,1420.0,6.2
2023-02-10 10:00:00,1447.0,6.3
2023-02-10 11:00:00,1442.0,6.5
2023-02-10 12:00:00,1337.0,6.9
2023-02-10 13:00:00,1311.0,7.0
2023-02-10 14:00:00,1295.0,7.0
2023-02-10 15:00:00,1282.0,7.0
2023-02-10 16:00:00,1325.0,7.1
2023-02-10 17:00:00,1443.0,6.9
2023-02-10 18:00:00,1413.0,6.5
2023-02-10 19:00:00,1405.0,6.3
2023-02-10 20:00:00,1369.0,6.1
2023-02-10 21:00:00,1298.0,6.2
2023-02-10 22:00:00,1205.0,6.1
2023-02-10 23:00:00,1100.0,5.8
2023-02-11 00:00:00,1046.0,5.8
2023-02-11 01:00:00,938.0,5.9
2023-02-11 02:00:00,837.0,5.9
2023-02-11 03:00:00,809.0,5.9
2023-02-11 04:00:00,779.0,5.9
2023-02-11 05:00:00,781.0,5.8
2023-02-11 06:00:00,806.0,5.9
2023-02-11 07:00:00,899.0,6.0
2023-02-11 08:00:00,1136.0,6.1
2023-02-11 09:00:00,1386.0,6.2
2023-02-11 10:00:00,1427.0,6.5
2023-02-11 11:00:00,1442.0,6.9
2023-02-11 12:00:00,1347.0,7.1
2023-02-11 13:00:00,1311.0,7.0
2023-02-11 14:00:00,1292.0,7.1
2023-02-11 15:00:00,1303.0,7.1
2023-02-11 16:00:00,1333.0,7.2
2023-02-11 17:00:00,1415.0,7.2
2023-02-11 18:00:00,1366.0,7.2
2023-02-11 19:00:00,1370.0,7.2
2023-02-11 20:00:00,1328.0,7.3
2023-02-11 21:00:00,1273.0,7.3
2023-02-11 22:00:00,1167.0,7.3
2023-02-11 23:00:00,1075.0,7.4
2023-02-12 00:00:00,1044.0,7.3
2023-02-12 01:00:00,896.0,7.2
2023-02-12 02:00:00,848.0,7.1
2023-02-12 03:00:00,795.0,7.1
2023-02-12 04:00:00,772.0,7.1
2023-02-12 05:00:00,769.0,7.1
2023-02-12 06:00:00,811.0,7.1
2023-02-12 07:00:00,872.0,7.1
2023-02-12 08:00:00,1110.0,7.2
2023-02-12 09:00:00,1340.0,7.3
2023-02-12 10:00:00,1422.0,7.4
2023-02-12 11:00:00,1456.0,7.5
2023-02-12 12:00:00,1385.0,7.6
2023-02-12 13:00:00,1326.0,7.5
2023-02-12 14:00:00,1318.0,7.6
2023-02-12 15:00:00,1328.0,7.6
2023-02-12 16:00:00,1362.0,7.4
2023-02-12 17:00:00,1440.0,7.3
2023-02-12 18:00:00,1402.0,7.2
2023-02-12 19:00:00,1407.0,7.1
2023-02-12 20:00:00,1395.0,7.0
2023-02-12 21:00:00,1309.0,7.0
2023-02-12 22:00:00,1147.0,6.9
2023-02-12 23:00:00,1034.0,6.8
2023-02-13 00:00:00,1001.0,6.8
2023-02-13 01:00:00,905.0,6.7
2023-02-13 02:00:00,843.0,6.7
2023-02-13 03:00:00,793.0,6.3
2023-02-13 04:00:00,794.0,6.2
2023-02-13 05:00:00,797.0,5.9
2023-02-13 06:00:00,850.0,5.6
2023-02-13 07:00:00,1016.0,5.5
2023-02-13 08:00:00,1248.0,5.4
2023-02-13 09:00:00,1471.0,5.3
2023-02-13 10:00:00,1522.0,5.4
2023-02-13 11:00:00,1550.0,5.3
2023-02-13 12:00:00,1457.0,5.1
2023-02-13 13:00:00,1420.0,5.2
2023-02-13 14:00:00,1401.0,4.8
2023-02-13 15:00:00,1398.0,4.7
2023-02-13 16:00:00,1420.0,4.8
2023-02-13 17:00:00,1490.0,4.9
2023-02-13 18:00:00,1437.0,5.0
2023-02-13 19:00:00,1453.0,4.9
2023-02-13 20:00:00,1408.0,5.0
2023-02-13 21:00:00,1334.0,4.9
2023-02-13 22:00:00,1208.0,4.9
2023-02-13 23:00:00,1087.0,4.8
2023-02-14 00:00:00,1035.0,4.6
2023-02-14 01:00:00,939.0,4.4
2023-02-14 02:00:00,870.0,4.3
2023-02-14 03:00:00,842.0,4.2
2023-02-14 04:00:00,823.0,4.2
2023-02-14 05:00:00,815.0,4.0
2023-02-14 06:00:00,874.0,3.9
2023-02-14 07:00:00,1068.0,3.8
2023-02-14 08:00:00,1311.0,3.9
2023-02-14 09:00:00,1489.0,4.1
2023-02-14 10:00:00,1497.0,4.9
2023-02-14 11:00:00,1470.0,5.8
2023-02-14 12:00:00,1329.0,5.9
2023-02-14 13:00:00,1331.0,6.0
2023-02-14 14:00:00,1334.0,5.9
2023-02-14 15:00:00,1338.0,5.9
2023-02-14 16:00:00,1341.0,6.3
2023-02-14 17:00:00,1380.0,6.5
2023-02-14 18:00:00,1376.0,5.7
2023-02-14 19:00:00,1453.0,4.8
2023-02-14 20:00:00,1448.0,4.4
2023-02-14 21:00:00,1400.0,3.1
2023-02-14 22:00:00,1271.0,2.6
2023-02-14 23:00:00,1127.0,2.1
2023-02-15 00:00:00,1088.0,1.8
2023-02-15 01:00:00,982.0,1.4
2023-02-15 02:00:00,906.0,0.9
2023-02-15 03:00:00,864.0,1.0
2023-02-15 04:00:00,851.0,1.1
2023-02-15 05:00:00,848.0,0.6
2023-02-15 06:00:00,910.0,-0.1
2023-02-15 07:00:00,1104.0,-0.2
2023-02-15 08:00:00,1374.0,0.9
2023-02-15 09:00:00,1482.0,3.4
2023-02-15 10:00:00,1423.0,5.9
2023-02-15 11:00:00,1317.0,7.4
2023-02-15 12:00:00,1172.0,8.3
2023-02-15 13:00:00,1144.0,9.3
2023-02-15 14:00:00,1118.0,9.8
2023-02-15 15:00:00,1136.0,10.4
2023-02-15 16:00:00,1205.0,10.4
2023-02-15 17:00:00,1324.0,10.1
2023-02-15 18:00:00,1334.0,9.2
2023-02-15 19:00:00,1425.0,8.0
2023-02-15 20:00:00,1435.0,6.2
2023-02-15 21:00:00,1360.0,6.3
2023-02-15 22:00:00,1213.0,7.1
2023-02-15 23:00:00,1070.0,6.8
2023-02-16 00:00:00,1025.0,6.7
2023-02-16 01:00:00,944.0,6.5
2023-02-16 02:00:00,872.0,6.5
2023-02-16 03:00:00,852.0,6.4
2023-02-16 04:00:00,823.0,6.2
2023-02-16 05:00:00,834.0,6.2
2023-02-16 06:00:00,885.0,6.2
2023-02-16 07:00:00,1058.0,6.3
2023-02-16 08:00:00,1305.0,6.8
2023-02-16 09:00:00,1448.0,7.6
2023-02-16 10:00:00,1458.0,7.8
2023-02-16 11:00:00,1459.0,7.9
2023-02-16 12:00:00,1350.0,8.0
2023-02-16 13:00:00,1313.0,8.8
2023-02-16 14:00:00,1285.0,8.8
2023-02-16 15:00:00,1286.0,8.8
2023-02-16 16:00:00,1326.0,8.7
2023-02-16 17:00:00,1427.0,8.7
2023-02-16 18:00:00,1358.0,8.5
2023-02-16 19:00:00,1415.0,8.4
2023-02-16 20:00:00,1387.0,8.3
2023-02-16 21:00:00,1330.0,8.2
2023-02-16 22:00:00,1200.0,7.9
2023-02-16 23:00:00,1052.0,7.8
2023-02-17 00:00:00,1032.0,7.7
2023-02-17 01:00:00,934.0,7.8
2023-02-17 02:00:00,886.0,7.6
2023-02-17 03:00:00,840.0,7.8
2023-02-17 04:00:00,840.0,7.7
2023-02-17 05:00:00,837.0,7.6
2023-02-17 06:00:00,903.0,7.6
2023-02-17 07:00:00,1076.0,7.6
2023-02-17 08:00:00,1333.0,7.8
2023-02-17 09:00:00,1462.0,8.1
2023-02-17 10:00:00,1458.0,8.6
2023-02-17 11:00:00,1407.0,9.5
2023-02-17 12:00:00,1321.0,10.8
2023-02-17 13:00:00,1271.0,12.1
2023-02-17 14:00:00,1266.0,13.0
2023-02-17 15:00:00,1241.0,13.4
2023-02-17 16:00:00,1230.0,13.3
2023-02-17 17:00:00,1341.0,13.2
2023-02-17 18:00:00,1289.0,12.7
2023-02-17 19:00:00,1337.0,12.4
2023-02-17 20:00:00,1316.0,12.3
2023-02-17 21:00:00,1249.0,12.1
2023-02-17 22:00:00,1156.0,11.8
2023-02-17 23:00:00,1050.0,11.4
2023-02-18 00:00:00,1017.0,11.2
2023-02-18 01:00:00,914.0,11.0
2023-02-18 02:00:00,861.0,10.9
2023-02-18 03:00:00,822.0,10.8
2023-02-18 04:00:00,801.0,10.8
2023-02-18 05:00:00,837.0,10.8
2023-02-18 06:00:00,903.0,10.7
2023-02-18 07:00:00,1076.0,10.5
2023-02-18 08:00:00,1333.0,10.6
2023-02-18 09:00:00,1462.0,11.6
2023-02-18 10:00:00,1458.0,12.1
2023-02-18 11:00:00,1407.0,12.8
2023-02-18 12:00:00,1321.0,13.4
2023-02-18 13:00:00,1271.0,13.2
2023-02-18 14:00:00,1266.0,12.3
2023-02-18 15:00:00,1241.0,11.9
2023-02-18 16:00:00,1230.0,11.7
2023-02-18 17:00:00,1341.0,11.3
2023-02-18 18:00:00,1289.0,10.5
2023-02-18 19:00:00,1337.0,10.1
2023-02-18 20:00:00,1316.0,10.0
2023-02-18 21:00:00,1249.0,9.9
2023-02-18 22:00:00,1156.0,9.7
2023-02-18 23:00:00,1050.0,9.7
2023-02-19 00:00:00,1017.0,9.8
2023-02-19 01:00:00,914.0,10.0
2023-02-19 02:00:00,841.0,9.9
2023-02-19 03:00:00,822.0,10.1
2023-02-19 04:00:00,776.0,10.0
2023-02-19 05:00:00,764.0,10.2
2023-02-19 06:00:00,832.0,10.2
2023-02-19 07:00:00,921.0,10.2
2023-02-19 08:00:00,1192.0,10.3
2023-02-19 09:00:00,1302.0,11.1
2023-02-19 10:00:00,1287.0,11.9
2023-02-19 11:00:00,1262.0,12.9
2023-02-19 12:00:00,1044.0,14.4
2023-02-19 13:00:00,1028.0,14.9
2023-02-19 14:00:00,985.0,15.4
2023-02-19 15:00:00,1020.0,15.9
2023-02-19 16:00:00,1055.0,15.5
2023-02-19 17:00:00,1168.0,15.1
2023-02-19 18:00:00,1177.0,14.0
2023-02-19 19:00:00,1267.0,12.5
2023-02-19 20:00:00,1293.0,12.2
2023-02-19 21:00:00,1240.0,11.7
2023-02-19 22:00:00,1086.0,11.9
2023-02-19 23:00:00,957.0,11.7
2023-02-20 00:00:00,957.0,11.3
2023-02-20 01:00:00,860.0,11.2
2023-02-20 02:00:00,805.0,11.2
2023-02-20 03:00:00,759.0,10.9
2023-02-20 04:00:00,766.0,10.3
2023-02-20 05:00:00,784.0,8.7
2023-02-20 06:00:00,853.0,8.1
2023-02-20 07:00:00,1051.0,7.4
2023-02-20 08:00:00,1300.0,8.6
2023-02-20 09:00:00,1331.0,11.1
2023-02-20 10:00:00,1260.0,12.1
2023-02-20 11:00:00,1197.0,14.1
2023-02-20 12:00:00,1041.0,15.6
2023-02-20 13:00:00,999.0,16.3
2023-02-20 14:00:00,969.0,16.7
2023-02-20 15:00:00,988.0,17.5
2023-02-20 16:00:00,1049.0,17.3
2023-02-20 17:00:00,1169.0,16.8
2023-02-20 18:00:00,1194.0,15.2
2023-02-20 19:00:00,1252.0,14.3
2023-02-20 20:00:00,1252.0,14.1
2023-02-20 21:00:00,1208.0,13.8
2023-02-20 22:00:00,1053.0,13.5
2023-02-20 23:00:00,954.0,13.1
2023-02-21 00:00:00,955.0,12.6
2023-02-21 01:00:00,866.0,12.0
2023-02-21 02:00:00,834.0,11.5
2023-02-21 03:00:00,786.0,11.1
2023-02-21 04:00:00,782.0,11.0
2023-02-21 05:00:00,786.0,10.3
2023-02-21 06:00:00,840.0,9.9
2023-02-21 07:00:00,1049.0,9.7
2023-02-21 08:00:00,1270.0,10.5
2023-02-21 09:00:00,1299.0,10.8
2023-02-21 10:00:00,1276.0,12.3
2023-02-21 11:00:00,1249.0,12.9
2023-02-21 12:00:00,1143.0,13.6
2023-02-21 13:00:00,1148.0,13.1
2023-02-21 14:00:00,1182.0,12.4
2023-02-21 15:00:00,1199.0,11.6
2023-02-21 16:00:00,1207.0,11.3
2023-02-21 17:00:00,1339.0,11.0
2023-02-21 18:00:00,1296.0,10.9
2023-02-21 19:00:00,1303.0,10.6
2023-02-21 20:00:00,1273.0,10.2
2023-02-21 21:00:00,1211.0,9.9
2023-02-21 22:00:00,1075.0,9.7
2023-02-21 23:00:00,986.0,9.7
2023-02-22 00:00:00,984.0,9.5
2023-02-22 01:00:00,888.0,9.4
2023-02-22 02:00:00,864.0,9.3
2023-02-22 03:00:00,827.0,9.3
2023-02-22 04:00:00,827.0,9.2
2023-02-22 05:00:00,806.0,8.7
2023-02-22 06:00:00,885.0,7.8
2023-02-22 07:00:00,1065.0,7.6
2023-02-22 08:00:00,1285.0,7.4
2023-02-22 09:00:00,1450.0,6.9
2023-02-22 10:00:00,1446.0,6.9
2023-02-22 11:00:00,1417.0,7.0
2023-02-22 12:00:00,1346.0,7.1
2023-02-22 13:00:00,1320.0,6.8
2023-02-22 14:00:00,1276.0,6.6
2023-02-22 15:00:00,1270.0,6.4
2023-02-22 16:00:00,1282.0,6.5
2023-02-22 17:00:00,1365.0,6.3
2023-02-22 18:00:00,1330.0,6.1
2023-02-22 19:00:00,1369.0,5.9
2023-02-22 20:00:00,1339.0,6.0
2023-02-22 21:00:00,1259.0,6.0
2023-02-22 22:00:00,1130.0,5.9
2023-02-22 23:00:00,1016.0,5.8
2023-02-23 00:00:00,1011.0,5.8
2023-02-23 01:00:00,936.0,5.8
2023-02-23 02:00:00,878.0,5.8
2023-02-23 03:00:00,851.0,5.7
2023-02-23 04:00:00,834.0,5.7
2023-02-23 05:00:00,829.0,5.7
2023-02-23 06:00:00,904.0,5.7
2023-02-23 07:00:00,1086.0,5.7
2023-02-23 08:00:00,1308.0,5.8
2023-02-23 09:00:00,1484.0,5.8
2023-02-23 10:00:00,1504.0,5.9
2023-02-23 11:00:00,1458.0,6.0
2023-02-23 12:00:00,1365.0,5.9
2023-02-23 13:00:00,1346.0,5.7
2023-02-23 14:00:00,1331.0,5.7
2023-02-23 15:00:00,1336.0,5.6
2023-02-23 16:00:00,1369.0,5.7
2023-02-23 17:00:00,1468.0,5.7
2023-02-23 18:00:00,1386.0,5.8
2023-02-23 19:00:00,1403.0,5.8
2023-02-23 20:00:00,1365.0,6.0
2023-02-23 21:00:00,1287.0,6.1
2023-02-23 22:00:00,1161.0,6.1
2023-02-23 23:00:00,1051.0,6.2
2023-02-24 00:00:00,1029.0,6.2
2023-02-24 01:00:00,945.0,6.2
2023-02-24 02:00:00,884.0,6.1
2023-02-24 03:00:00,859.0,6.0
2023-02-24 04:00:00,862.0,6.0
2023-02-24 05:00:00,858.0,6.1
2023-02-24 06:00:00,916.0,6.1
2023-02-24 07:00:00,1124.0,6.0
2023-02-24 08:00:00,1340.0,6.2
2023-02-24 09:00:00,1450.0,6.9
2023-02-24 10:00:00,1397.0,7.7
2023-02-24 11:00:00,1362.0,8.8
2023-02-24 12:00:00,1208.0,9.8
2023-02-24 13:00:00,1173.0,11.2
2023-02-24 14:00:00,1143.0,11.6
2023-02-24 15:00:00,1143.0,11.5
2023-02-24 16:00:00,1174.0,11.8
2023-02-24 17:00:00,1295.0,11.3
2023-02-24 18:00:00,1291.0,10.5
2023-02-24 19:00:00,1334.0,9.6
2023-02-24 20:00:00,1345.0,8.8
2023-02-24 21:00:00,1298.0,8.0
2023-02-24 22:00:00,1204.0,7.8
2023-02-24 23:00:00,1073.0,6.5
2023-02-25 00:00:00,1044.0,6.4
2023-02-25 01:00:00,972.0,6.0
2023-02-25 02:00:00,912.0,5.9
2023-02-25 03:00:00,871.0,5.6
2023-02-25 04:00:00,847.0,5.1
2023-02-25 05:00:00,857.0,4.5
2023-02-25 06:00:00,881.0,5.0
2023-02-25 07:00:00,1057.0,5.2
2023-02-25 08:00:00,1315.0,6.1
2023-02-25 09:00:00,1362.0,7.7
2023-02-25 10:00:00,1304.0,9.3
2023-02-25 11:00:00,1268.0,10.1
2023-02-25 12:00:00,1149.0,11.2
2023-02-25 13:00:00,1104.0,12.0
2023-02-25 14:00:00,1090.0,12.5
2023-02-25 15:00:00,1107.0,12.9
2023-02-25 16:00:00,1157.0,12.7
2023-02-25 17:00:00,1282.0,12.5
2023-02-25 18:00:00,1257.0,11.7
2023-02-25 19:00:00,1294.0,10.7
2023-02-25 20:00:00,1287.0,9.9
2023-02-25 21:00:00,1255.0,9.8
2023-02-25 22:00:00,1137.0,9.0
2023-02-25 23:00:00,1037.0,8.9
2023-02-26 00:00:00,1019.0,8.7
2023-02-26 01:00:00,922.0,8.3
2023-02-26 02:00:00,871.0,8.2
2023-02-26 03:00:00,848.0,7.7
2023-02-26 04:00:00,825.0,7.6
2023-02-26 05:00:00,827.0,7.0
2023-02-26 06:00:00,878.0,6.9
2023-02-26 07:00:00,981.0,6.2
2023-02-26 08:00:00,1229.0,6.5
2023-02-26 09:00:00,1303.0,7.9
2023-02-26 10:00:00,1256.0,9.4
2023-02-26 11:00:00,1198.0,10.9
2023-02-26 12:00:00,1074.0,12.6
2023-02-26 13:00:00,1057.0,13.5
2023-02-26 14:00:00,1025.0,14.2
2023-02-26 15:00:00,1027.0,14.5
2023-02-26 16:00:00,1077.0,14.5
2023-02-26 17:00:00,1194.0,14.4
2023-02-26 18:00:00,1194.0,13.4
2023-02-26 19:00:00,1275.0,11.9
2023-02-26 20:00:00,1299.0,10.5
2023-02-26 21:00:00,1236.0,9.4
2023-02-26 22:00:00,1073.0,8.0
2023-02-26 23:00:00,961.0,7.1
2023-02-27 00:00:00,952.0,6.7
2023-02-27 01:00:00,898.0,6.2
2023-02-27 02:00:00,850.0,5.7
2023-02-27 03:00:00,818.0,5.6
2023-02-27 04:00:00,805.0,4.8
2023-02-27 05:00:00,787.0,4.8
2023-02-27 06:00:00,861.0,4.3
2023-02-27 07:00:00,1101.0,4.2
2023-02-27 08:00:00,1326.0,5.2
2023-02-27 09:00:00,1344.0,9.3
2023-02-27 10:00:00,1284.0,12.3
2023-02-27 11:00:00,1198.0,13.6
2023-02-27 12:00:00,1046.0,15.4
2023-02-27 13:00:00,1013.0,16.1
2023-02-27 14:00:00,989.0,17.2
2023-02-27 15:00:00,1006.0,17.4
2023-02-27 16:00:00,1069.0,18.0
2023-02-27 17:00:00,1187.0,17.5
2023-02-27 18:00:00,1172.0,16.6
2023-02-27 19:00:00,1225.0,15.6
2023-02-27 20:00:00,1234.0,15.0
2023-02-27 21:00:00,1173.0,14.0
2023-02-27 22:00:00,1050.0,12.9
2023-02-27 23:00:00,949.0,12.2
2023-02-28 00:00:00,959.0,13.0
2023-02-28 01:00:00,870.0,13.1
2023-02-28 02:00:00,851.0,11.9
2023-02-28 03:00:00,814.0,11.5
2023-02-28 04:00:00,803.0,10.9
2023-02-28 05:00:00,798.0,10.7
2023-02-28 06:00:00,877.0,10.8
2023-02-28 07:00:00,1037.0,11.6
2023-02-28 08:00:00,1232.0,11.7
2023-02-28 09:00:00,1319.0,12.0
2023-02-28 10:00:00,1318.0,12.8
2023-02-28 11:00:00,1285.0,13.4
2023-02-28 12:00:00,1133.0,13.9
2023-02-28 13:00:00,1091.0,15.2
2023-02-28 14:00:00,1017.0,16.6
2023-02-28 15:00:00,1092.0,16.4
2023-02-28 16:00:00,1145.0,16.0
2023-02-28 17:00:00,1256.0,15.2
2023-02-28 18:00:00,1198.0,14.8
2023-02-28 19:00:00,1216.0,14.1
2023-02-28 20:00:00,1209.0,13.3
2023-02-28 21:00:00,1149.0,12.9
2023-02-28 22:00:00,1038.0,12.6
2023-02-28 23:00:00,951.0,12.4
2023-03-01 00:00:00,927.0,12.2
2023-03-01 01:00:00,880.0,12.0
2023-03-01 02:00:00,818.0,11.8
2023-03-01 03:00:00,799.0,11.9
2023-03-01 04:00:00,774.0,11.8
2023-03-01 05:00:00,792.0,11.8
2023-03-01 06:00:00,832.0,11.6
2023-03-01 07:00:00,1065.0,10.6
2023-03-01 08:00:00,1241.0,11.7
2023-03-01 09:00:00,1254.0,12.8
2023-03-01 10:00:00,1224.0,13.6
2023-03-01 11:00:00,1139.0,14.7
2023-03-01 12:00:00,1071.0,15.3
2023-03-01 13:00:00,1087.0,14.8
2023-03-01 14:00:00,1090.0,14.6
2023-03-01 15:00:00,1106.0,14.5
2023-03-01 16:00:00,1150.0,14.4
2023-03-01 17:00:00,1252.0,13.9
2023-03-01 18:00:00,1171.0,13.7
2023-03-01 19:00:00,1238.0,13.5
2023-03-01 20:00:00,1231.0,13.3
2023-03-01 21:00:00,1161.0,13.1
2023-03-01 22:00:00,1035.0,12.9
2023-03-01 23:00:00,932.0,13.1
2023-03-02 00:00:00,949.0,13.0
2023-03-02 01:00:00,871.0,12.8
2023-03-02 02:00:00,845.0,12.8
2023-03-02 03:00:00,812.0,12.5
2023-03-02 04:00:00,789.0,11.5
2023-03-02 05:00:00,803.0,10.5
2023-03-02 06:00:00,854.0,10.1
2023-03-02 07:00:00,1064.0,9.9
2023-03-02 08:00:00,1251.0,10.8
2023-03-02 09:00:00,1303.0,12.4
2023-03-02 10:00:00,1249.0,13.6
2023-03-02 11:00:00,1165.0,15.1
2023-03-02 12:00:00,1033.0,17.2
2023-03-02 13:00:00,967.0,18.3
2023-03-02 14:00:00,948.0,19.1
2023-03-02 15:00:00,980.0,19.2
2023-03-02 16:00:00,1041.0,19.4
2023-03-02 17:00:00,1185.0,18.6
2023-03-02 18:00:00,1127.0,17.8
2023-03-02 19:00:00,1183.0,16.9
2023-03-02 20:00:00,1185.0,16.4
2023-03-02 21:00:00,1125.0,16.0
2023-03-02 22:00:00,1012.0,15.4
2023-03-02 23:00:00,923.0,15.0
2023-03-03 00:00:00,928.0,15.0
2023-03-03 01:00:00,869.0,14.6
2023-03-03 02:00:00,835.0,14.1
2023-03-03 03:00:00,803.0,13.9
2023-03-03 04:00:00,786.0,13.5
2023-03-03 05:00:00,788.0,13.6
2023-03-03 06:00:00,853.0,13.4
2023-03-03 07:00:00,1048.0,13.3
2023-03-03 08:00:00,1220.0,13.5
2023-03-03 09:00:00,1305.0,13.5
2023-03-03 10:00:00,1295.0,14.6
2023-03-03 11:00:00,1231.0,15.1
2023-03-03 12:00:00,1108.0,15.7
2023-03-03 13:00:00,1032.0,16.7
2023-03-03 14:00:00,979.0,18.2
2023-03-03 15:00:00,958.0,18.8
2023-03-03 16:00:00,1001.0,19.3
2023-03-03 17:00:00,1144.0,18.5
2023-03-03 18:00:00,1090.0,17.1
2023-03-03 19:00:00,1151.0,15.7
2023-03-03 20:00:00,1161.0,14.4
2023-03-03 21:00:00,1112.0,13.7
2023-03-03 22:00:00,1016.0,12.8
2023-03-03 23:00:00,947.0,11.8
2023-03-04 00:00:00,981.0,11.3
2023-03-04 01:00:00,899.0,10.5
2023-03-04 02:00:00,846.0,9.9
2023-03-04 03:00:00,816.0,9.6
2023-03-04 04:00:00,787.0,9.4
2023-03-04 05:00:00,800.0,9.1
2023-03-04 06:00:00,828.0,9.3
2023-03-04 07:00:00,982.0,9.3
2023-03-04 08:00:00,1200.0,9.6
2023-03-04 09:00:00,1275.0,10.3
2023-03-04 10:00:00,1236.0,11.6
2023-03-04 11:00:00,1132.0,14.9
2023-03-04 12:00:00,949.0,16.5
2023-03-04 13:00:00,899.0,18.7
2023-03-04 14:00:00,892.0,20.6
2023-03-04 15:00:00,907.0,21.7
2023-03-04 16:00:00,950.0,22.0
2023-03-04 17:00:00,1094.0,21.6
2023-03-04 18:00:00,1061.0,20.6
2023-03-04 19:00:00,1112.0,18.6
2023-03-04 20:00:00,1137.0,18.1
2023-03-04 21:00:00,1081.0,17.2
2023-03-04 22:00:00,1001.0,15.2
2023-03-04 23:00:00,894.0,14.2
2023-03-05 00:00:00,924.0,13.1
2023-03-05 01:00:00,851.0,12.5
2023-03-05 02:00:00,804.0,11.6
2023-03-05 03:00:00,788.0,11.0
2023-03-05 04:00:00,749.0,10.3
2023-03-05 05:00:00,764.0,10.0
2023-03-05 06:00:00,802.0,9.8
2023-03-05 07:00:00,962.0,9.4
2023-03-05 08:00:00,1174.0,11.1
2023-03-05 09:00:00,1175.0,15.8
2023-03-05 10:00:00,1105.0,19.2
2023-03-05 11:00:00,1054.0,21.6
2023-03-05 12:00:00,891.0,22.6
2023-03-05 13:00:00,830.0,23.7
2023-03-05 14:00:00,863.0,24.8
2023-03-05 15:00:00,873.0,25.1
2023-03-05 16:00:00,921.0,24.8
2023-03-05 17:00:00,1022.0,24.1
2023-03-05 18:00:00,1017.0,23.0
2023-03-05 19:00:00,1085.0,21.4
2023-03-05 20:00:00,1109.0,19.4
2023-03-05 21:00:00,1040.0,19.2
2023-03-05 22:00:00,903.0,19.4
2023-03-05 23:00:00,827.0,18.9
2023-03-06 00:00:00,888.0,17.8
2023-03-06 01:00:00,809.0,14.6
2023-03-06 02:00:00,774.0,13.6
2023-03-06 03:00:00,750.0,13.2
2023-03-06 04:00:00,732.0,12.6
2023-03-06 05:00:00,725.0,13.9
2023-03-06 06:00:00,818.0,16.4
2023-03-06 07:00:00,1054.0,16.1
2023-03-06 08:00:00,1195.0,16.9
2023-03-06 09:00:00,1174.0,18.4
2023-03-06 10:00:00,1106.0,20.4
2023-03-06 11:00:00,1055.0,22.3
2023-03-06 12:00:00,874.0,24.1
2023-03-06 13:00:00,835.0,25.4
2023-03-06 14:00:00,853.0,27.2
2023-03-06 15:00:00,889.0,27.4
2023-03-06 16:00:00,945.0,27.3
2023-03-06 17:00:00,1079.0,26.7
2023-03-06 18:00:00,1046.0,25.5
2023-03-06 19:00:00,1081.0,23.7
2023-03-06 20:00:00,1079.0,22.9
2023-03-06 21:00:00,1013.0,22.9
2023-03-06 22:00:00,906.0,21.6
2023-03-06 23:00:00,826.0,20.6
2023-03-07 00:00:00,900.0,20.8
2023-03-07 01:00:00,839.0,19.7
2023-03-07 02:00:00,796.0,19.8
2023-03-07 03:00:00,766.0,18.7
2023-03-07 04:00:00,758.0,19.2
2023-03-07 05:00:00,785.0,17.9
2023-03-07 06:00:00,831.0,17.2
2023-03-07 07:00:00,1026.0,16.0
2023-03-07 08:00:00,1160.0,16.5
2023-03-07 09:00:00,1179.0,18.5
2023-03-07 10:00:00,1132.0,19.8
2023-03-07 11:00:00,1072.0,21.1
2023-03-07 12:00:00,906.0,23.4
2023-03-07 13:00:00,889.0,24.3
2023-03-07 14:00:00,909.0,25.1
2023-03-07 15:00:00,914.0,24.8
2023-03-07 16:00:00,958.0,24.9
2023-03-07 17:00:00,1095.0,24.1
2023-03-07 18:00:00,1044.0,23.6
2023-03-07 19:00:00,1075.0,23.1
2023-03-07 20:00:00,1059.0,22.5
2023-03-07 21:00:00,1003.0,22.1
2023-03-07 22:00:00,891.0,19.9
2023-03-07 23:00:00,836.0,19.0
2023-03-08 00:00:00,868.0,17.8
2023-03-08 01:00:00,841.0,17.5
2023-03-08 02:00:00,789.0,17.2
2023-03-08 03:00:00,763.0,17.1
2023-03-08 04:00:00,758.0,17.2
2023-03-08 05:00:00,738.0,17.2
2023-03-08 06:00:00,821.0,17.0
2023-03-08 07:00:00,994.0,17.0
2023-03-08 08:00:00,1133.0,17.2
2023-03-08 09:00:00,1152.0,17.7
2023-03-08 10:00:00,1117.0,18.7
2023-03-08 11:00:00,1104.0,19.6
2023-03-08 12:00:00,951.0,19.8
2023-03-08 13:00:00,910.0,20.4
2023-03-08 14:00:00,929.0,20.6
2023-03-08 15:00:00,932.0,20.9
2023-03-08 16:00:00,945.0,21.2
2023-03-08 17:00:00,1053.0,21.5
2023-03-08 18:00:00,1010.0,20.1
2023-03-08 19:00:00,1043.0,19.3
2023-03-08 20:00:00,1067.0,18.8
2023-03-08 21:00:00,1002.0,18.1
2023-03-08 22:00:00,891.0,17.5
2023-03-08 23:00:00,829.0,16.7
2023-03-09 00:00:00,864.0,16.0
2023-03-09 01:00:00,817.0,15.5
2023-03-09 02:00:00,785.0,15.1
2023-03-09 03:00:00,761.0,14.2
2023-03-09 04:00:00,754.0,14.1
2023-03-09 05:00:00,779.0,14.1
2023-03-09 06:00:00,818.0,14.2
2023-03-09 07:00:00,1046.0,14.6
2023-03-09 08:00:00,1185.0,14.6
2023-03-09 09:00:00,1206.0,14.9
2023-03-09 10:00:00,1171.0,15.4
2023-03-09 11:00:00,1117.0,16.4
2023-03-09 12:00:00,943.0,18.7
2023-03-09 13:00:00,873.0,20.8
2023-03-09 14:00:00,838.0,21.8
2023-03-09 15:00:00,861.0,22.7
2023-03-09 16:00:00,922.0,23.4
2023-03-09 17:00:00,1036.0,23.5
2023-03-09 18:00:00,1034.0,22.6
2023-03-09 19:00:00,1068.0,21.1
2023-03-09 20:00:00,1080.0,20.4
2023-03-09 21:00:00,1002.0,19.4
2023-03-09 22:00:00,904.0,17.3
2023-03-09 23:00:00,845.0,16.4
2023-03-10 00:00:00,902.0,16.1
2023-03-10 01:00:00,837.0,15.5
2023-03-10 02:00:00,805.0,15.1
2023-03-10 03:00:00,788.0,14.8
2023-03-10 04:00:00,775.0,14.7
2023-03-10 05:00:00,772.0,16.9
2023-03-10 06:00:00,846.0,17.6
2023-03-10 07:00:00,1050.0,14.7
2023-03-10 08:00:00,1146.0,17.8
2023-03-10 09:00:00,1133.0,19.5
2023-03-10 10:00:00,1075.0,21.1
2023-03-10 11:00:00,1045.0,22.1
2023-03-10 12:00:00,962.0,23.1
2023-03-10 13:00:00,904.0,23.1
2023-03-10 14:00:00,922.0,23.8
2023-03-10 15:00:00,923.0,24.0
2023-03-10 16:00:00,986.0,23.5
2023-03-10 17:00:00,1084.0,23.1
2023-03-10 18:00:00,1048.0,21.9
2023-03-10 19:00:00,1069.0,21.1
2023-03-10 20:00:00,1042.0,19.5
2023-03-10 21:00:00,963.0,18.0
2023-03-10 22:00:00,882.0,17.5
2023-03-10 23:00:00,836.0,17.8
2023-03-11 00:00:00,912.0,17.7
2023-03-11 01:00:00,843.0,17.7
2023-03-11 02:00:00,811.0,17.3
2023-03-11 03:00:00,771.0,16.5
2023-03-11 04:00:00,775.0,15.4
2023-03-11 05:00:00,784.0,15.4
2023-03-11 06:00:00,825.0,15.4
2023-03-11 07:00:00,926.0,15.4
2023-03-11 08:00:00,1114.0,15.6
2023-03-11 09:00:00,1126.0,16.6
2023-03-11 10:00:00,1078.0,18.3
2023-03-11 11:00:00,1064.0,19.5
2023-03-11 12:00:00,885.0,20.7
2023-03-11 13:00:00,833.0,21.8
2023-03-11 14:00:00,839.0,22.9
2023-03-11 15:00:00,875.0,23.0
2023-03-11 16:00:00,899.0,22.8
2023-03-11 17:00:00,1013.0,23.2
2023-03-11 18:00:00,999.0,22.0
2023-03-11 19:00:00,1039.0,21.1
2023-03-11 20:00:00,1038.0,20.3
2023-03-11 21:00:00,973.0,19.7
2023-03-11 22:00:00,878.0,19.1
2023-03-11 23:00:00,828.0,19.1
2023-03-12 00:00:00,903.0,18.9
2023-03-12 01:00:00,827.0,19.0
2023-03-12 02:00:00,789.0,17.6
2023-03-12 03:00:00,770.0,16.8
2023-03-12 04:00:00,753.0,16.0
2023-03-12 05:00:00,739.0,15.5
2023-03-12 06:00:00,789.0,15.2
2023-03-12 07:00:00,907.0,14.9
2023-03-12 08:00:00,1076.0,15.0
2023-03-12 09:00:00,1118.0,15.4
2023-03-12 10:00:00,1113.0,15.6
2023-03-12 11:00:00,1075.0,16.6
2023-03-12 12:00:00,930.0,17.8
2023-03-12 13:00:00,907.0,17.2
2023-03-12 14:00:00,889.0,17.3
2023-03-12 15:00:00,936.0,16.3
2023-03-12 16:00:00,972.0,16.2
2023-03-12 17:00:00,1064.0,16.5
2023-03-12 18:00:00,1053.0,16.2
2023-03-12 19:00:00,1063.0,15.7
2023-03-12 20:00:00,1057.0,15.3
2023-03-12 21:00:00,980.0,15.1
2023-03-12 22:00:00,853.0,14.6
2023-03-12 23:00:00,797.0,14.4
2023-03-13 00:00:00,881.0,14.0
2023-03-13 01:00:00,812.0,13.5
2023-03-13 02:00:00,770.0,13.2
2023-03-13 03:00:00,750.0,12.4
2023-03-13 04:00:00,745.0,11.7
2023-03-13 05:00:00,738.0,11.7
2023-03-13 06:00:00,837.0,11.2
2023-03-13 07:00:00,1058.0,10.4
2023-03-13 08:00:00,1168.0,11.2
2023-03-13 09:00:00,1112.0,13.0
2023-03-13 10:00:00,1028.0,14.9
2023-03-13 11:00:00,1038.0,16.0
2023-03-13 12:00:00,860.0,17.6
2023-03-13 13:00:00,804.0,18.4
2023-03-13 14:00:00,807.0,19.3
2023-03-13 15:00:00,831.0,19.9
2023-03-13 16:00:00,894.0,20.1
2023-03-13 17:00:00,1021.0,19.9
2023-03-13 18:00:00,1042.0,19.3
2023-03-13 19:00:00,1077.0,17.7
2023-03-13 20:00:00,1087.0,16.9
2023-03-13 21:00:00,1032.0,16.9
2023-03-13 22:00:00,910.0,15.5
2023-03-13 23:00:00,849.0,15.9
2023-03-14 00:00:00,894.0,16.4
2023-03-14 01:00:00,842.0,16.1
2023-03-14 02:00:00,812.0,15.4
2023-03-14 03:00:00,784.0,14.8
2023-03-14 04:00:00,785.0,14.4
2023-03-14 05:00:00,783.0,14.5
2023-03-14 06:00:00,853.0,14.5
2023-03-14 07:00:00,1095.0,14.1
2023-03-14 08:00:00,1147.0,15.5
2023-03-14 09:00:00,1110.0,18.1
2023-03-14 10:00:00,1054.0,19.6
2023-03-14 11:00:00,994.0,21.3
2023-03-14 12:00:00,841.0,22.8
2023-03-14 13:00:00,790.0,24.1
2023-03-14 14:00:00,809.0,25.4
2023-03-14 15:00:00,857.0,25.4
2023-03-14 16:00:00,958.0,25.0
2023-03-14 17:00:00,1062.0,24.4
2023-03-14 18:00:00,1057.0,23.9
2023-03-14 19:00:00,1083.0,23.1
2023-03-14 20:00:00,1071.0,22.3
2023-03-14 21:00:00,1001.0,21.2
2023-03-14 22:00:00,884.0,20.7
2023-03-14 23:00:00,812.0,17.4
2023-03-15 00:00:00,883.0,18.7
2023-03-15 01:00:00,820.0,17.7
2023-03-15 02:00:00,796.0,16.4
2023-03-15 03:00:00,766.0,15.4
2023-03-15 04:00:00,754.0,15.6
2023-03-15 05:00:00,760.0,15.2
2023-03-15 06:00:00,832.0,14.3
2023-03-15 07:00:00,1054.0,14.7
2023-03-15 08:00:00,1098.0,16.1
2023-03-15 09:00:00,1087.0,18.7
2023-03-15 10:00:00,1010.0,21.0
2023-03-15 11:00:00,969.0,22.8
2023-03-15 12:00:00,833.0,24.2
2023-03-15 13:00:00,778.0,24.9
2023-03-15 14:00:00,800.0,25.4
2023-03-15 15:00:00,831.0,25.2
2023-03-15 16:00:00,889.0,24.8
2023-03-15 17:00:00,1018.0,24.6
2023-03-15 18:00:00,1008.0,24.1
2023-03-15 19:00:00,1057.0,22.0
2023-03-15 20:00:00,1061.0,21.0
2023-03-15 21:00:00,992.0,19.8
2023-03-15 22:00:00,879.0,18.8
2023-03-15 23:00:00,807.0,18.1
2023-03-16 00:00:00,897.0,17.8
2023-03-16 01:00:00,836.0,16.7
2023-03-16 02:00:00,792.0,16.2
2023-03-16 03:00:00,771.0,15.3
2023-03-16 04:00:00,758.0,15.0
2023-03-16 05:00:00,756.0,14.9
2023-03-16 06:00:00,851.0,14.7
2023-03-16 07:00:00,1011.0,14.1
2023-03-16 08:00:00,1130.0,14.2
2023-03-16 09:00:00,1149.0,14.1
2023-03-16 10:00:00,1130.0,14.3
2023-03-16 11:00:00,1113.0,14.4
2023-03-16 12:00:00,981.0,14.4
2023-03-16 13:00:00,957.0,13.8
2023-03-16 14:00:00,950.0,12.0
2023-03-16 15:00:00,966.0,13.0
2023-03-16 16:00:00,1025.0,12.2
2023-03-16 17:00:00,1146.0,10.9
2023-03-16 18:00:00,1151.0,9.9
2023-03-16 19:00:00,1131.0,8.8
2023-03-16 20:00:00,1080.0,8.5
2023-03-16 21:00:00,1021.0,8.1
2023-03-16 22:00:00,906.0,7.3
2023-03-16 23:00:00,836.0,6.5
2023-03-17 00:00:00,905.0,6.2
2023-03-17 01:00:00,829.0,6.4
2023-03-17 02:00:00,796.0,5.7
2023-03-17 03:00:00,774.0,5.2
2023-03-17 04:00:00,776.0,5.4
2023-03-17 05:00:00,767.0,5.6
2023-03-17 06:00:00,830.0,5.4
2023-03-17 07:00:00,1044.0,5.5
2023-03-17 08:00:00,1209.0,5.6
2023-03-17 09:00:00,1307.0,5.7
2023-03-17 10:00:00,1319.0,6.1
2023-03-17 11:00:00,1315.0,6.2
2023-03-17 12:00:00,1173.0,6.3
2023-03-17 13:00:00,1138.0,6.6
2023-03-17 14:00:00,1130.0,6.7
2023-03-17 15:00:00,1124.0,7.0
2023-03-17 16:00:00,1162.0,7.4
2023-03-17 17:00:00,1240.0,7.7
2023-03-17 18:00:00,1203.0,7.9
2023-03-17 19:00:00,1179.0,8.0
2023-03-17 20:00:00,1174.0,8.0
2023-03-17 21:00:00,1100.0,8.1
2023-03-17 22:00:00,985.0,8.1
2023-03-17 23:00:00,926.0,8.0
2023-03-18 00:00:00,963.0,8.0
2023-03-18 01:00:00,873.0,8.0
2023-03-18 02:00:00,822.0,7.9
2023-03-18 03:00:00,786.0,7.7
2023-03-18 04:00:00,793.0,7.6
2023-03-18 05:00:00,778.0,7.4
2023-03-18 06:00:00,822.0,7.2
2023-03-18 07:00:00,991.0,7.4
2023-03-18 08:00:00,1197.0,7.7
2023-03-18 09:00:00,1294.0,8.0
2023-03-18 10:00:00,1313.0,8.3
2023-03-18 11:00:00,1339.0,8.5
2023-03-18 12:00:00,1219.0,7.9
2023-03-18 13:00:00,1201.0,7.3
2023-03-18 14:00:00,1195.0,6.8
2023-03-18 15:00:00,1225.0,6.5
2023-03-18 16:00:00,1254.0,6.2
2023-03-18 17:00:00,1324.0,6.3
2023-03-18 18:00:00,1297.0,6.3
2023-03-18 19:00:00,1278.0,6.1
2023-03-18 20:00:00,1233.0,6.1
2023-03-18 21:00:00,1143.0,6.2
2023-03-18 22:00:00,1028.0,6.3
2023-03-18 23:00:00,953.0,6.3
2023-03-19 00:00:00,988.0,6.4
2023-03-19 01:00:00,871.0,6.4
2023-03-19 02:00:00,841.0,6.5
2023-03-19 03:00:00,809.0,6.6
2023-03-19 04:00:00,774.0,6.6
2023-03-19 05:00:00,780.0,6.7
2023-03-19 06:00:00,820.0,6.8
2023-03-19 07:00:00,918.0,7.0
2023-03-19 08:00:00,1136.0,7.1
2023-03-19 09:00:00,1310.0,7.5
2023-03-19 10:00:00,1327.0,7.5
2023-03-19 11:00:00,1339.0,7.8
2023-03-19 12:00:00,1219.0,7.8
2023-03-19 13:00:00,1199.0,7.9
2023-03-19 14:00:00,1193.0,7.9
2023-03-19 15:00:00,1206.0,7.9
2023-03-19 16:00:00,1219.0,8.1
2023-03-19 17:00:00,1308.0,8.0
2023-03-19 18:00:00,1254.0,8.0
2023-03-19 19:00:00,1272.0,7.9
2023-03-19 20:00:00,1258.0,7.9
2023-03-19 21:00:00,1166.0,7.9
2023-03-19 22:00:00,997.0,8.0
2023-03-19 23:00:00,891.0,8.0
2023-03-20 00:00:00,940.0,8.0
2023-03-20 01:00:00,846.0,8.0
2023-03-20 02:00:00,800.0,8.0
2023-03-20 03:00:00,794.0,7.9
2023-03-20 04:00:00,763.0,8.0
2023-03-20 05:00:00,794.0,8.0
2023-03-20 06:00:00,830.0,8.0
2023-03-20 07:00:00,1049.0,8.1
2023-03-20 08:00:00,1204.0,8.2
2023-03-20 09:00:00,1351.0,8.6
2023-03-20 10:00:00,1343.0,8.9
2023-03-20 11:00:00,1301.0,9.6
2023-03-20 12:00:00,1197.0,10.1
2023-03-20 13:00:00,1163.0,10.2
2023-03-20 14:00:00,1181.0,10.0
2023-03-20 15:00:00,1179.0,10.0
2023-03-20 16:00:00,1219.0,9.9
2023-03-20 17:00:00,1321.0,9.9
2023-03-20 18:00:00,1232.0,10.0
2023-03-20 19:00:00,1258.0,10.0
2023-03-20 20:00:00,1255.0,10.1
2023-03-20 21:00:00,1189.0,10.1
2023-03-20 22:00:00,1049.0,9.8
2023-03-20 23:00:00,950.0,9.9
2023-03-21 00:00:00,977.0,9.8
2023-03-21 01:00:00,899.0,9.7
2023-03-21 02:00:00,841.0,9.6
2023-03-21 03:00:00,812.0,9.6
2023-03-21 04:00:00,812.0,9.6
2023-03-21 05:00:00,813.0,9.6
2023-03-21 06:00:00,869.0,9.6
2023-03-21 07:00:00,1084.0,9.6
2023-03-21 08:00:00,1252.0,9.7
2023-03-21 09:00:00,1354.0,9.8
2023-03-21 10:00:00,1360.0,10.0
2023-03-21 11:00:00,1337.0,10.2
2023-03-21 12:00:00,1183.0,10.5
2023-03-21 13:00:00,1152.0,11.0
2023-03-21 14:00:00,1155.0,11.6
2023-03-21 15:00:00,1142.0,11.7
2023-03-21 16:00:00,1203.0,12.2
2023-03-21 17:00:00,1281.0,12.0
2023-03-21 18:00:00,1223.0,11.7
2023-03-21 19:00:00,1239.0,11.5
2023-03-21 20:00:00,1247.0,11.3
2023-03-21 21:00:00,1184.0,11.3
2023-03-21 22:00:00,1047.0,11.3
2023-03-21 23:00:00,955.0,11.2
2023-03-22 00:00:00,982.0,10.8
2023-03-22 01:00:00,882.0,10.7
2023-03-22 02:00:00,846.0,10.7
2023-03-22 03:00:00,807.0,10.7
2023-03-22 04:00:00,811.0,10.7
2023-03-22 05:00:00,805.0,10.8
2023-03-22 06:00:00,832.0,10.9
2023-03-22 07:00:00,1093.0,11.0
2023-03-22 08:00:00,1221.0,11.3
2023-03-22 09:00:00,1346.0,11.5
2023-03-22 10:00:00,1356.0,11.7
2023-03-22 11:00:00,1314.0,12.0
2023-03-22 12:00:00,1162.0,12.8
2023-03-22 13:00:00,1127.0,13.5
2023-03-22 14:00:00,1102.0,14.4
2023-03-22 15:00:00,1070.0,15.6
2023-03-22 16:00:00,1108.0,16.0
2023-03-22 17:00:00,1207.0,15.8
2023-03-22 18:00:00,1194.0,15.5
2023-03-22 19:00:00,1189.0,14.8
2023-03-22 20:00:00,1214.0,14.7
2023-03-22 21:00:00,1156.0,14.6
2023-03-22 22:00:00,1032.0,14.2
2023-03-22 23:00:00,946.0,14.3
2023-03-23 00:00:00,976.0,14.1
2023-03-23 01:00:00,895.0,13.8
2023-03-23 02:00:00,837.0,13.8
2023-03-23 03:00:00,807.0,13.7
2023-03-23 04:00:00,807.0,13.7
2023-03-23 05:00:00,795.0,13.4
2023-03-23 06:00:00,867.0,13.1
2023-03-23 07:00:00,1069.0,13.0
2023-03-23 08:00:00,1209.0,13.2
2023-03-23 09:00:00,1288.0,13.5
2023-03-23 10:00:00,1278.0,13.8
2023-03-23 11:00:00,1261.0,14.3
2023-03-23 12:00:00,1142.0,14.4
2023-03-23 13:00:00,1093.0,14.6
2023-03-23 14:00:00,1095.0,15.0
2023-03-23 15:00:00,1105.0,14.8
2023-03-23 16:00:00,1157.0,14.8
2023-03-23 17:00:00,1253.0,14.0
2023-03-23 18:00:00,1176.0,13.9
2023-03-23 19:00:00,1195.0,13.9
2023-03-23 20:00:00,1173.0,14.0
2023-03-23 21:00:00,1097.0,13.8
2023-03-23 22:00:00,993.0,13.9
2023-03-23 23:00:00,917.0,12.4
2023-03-24 00:00:00,935.0,11.3
2023-03-24 01:00:00,875.0,10.5
2023-03-24 02:00:00,835.0,10.0
2023-03-24 03:00:00,828.0,9.7
2023-03-24 04:00:00,805.0,9.2
2023-03-24 05:00:00,810.0,8.8
2023-03-24 06:00:00,863.0,8.9
2023-03-24 07:00:00,1072.0,8.9
2023-03-24 08:00:00,1250.0,8.8
2023-03-24 09:00:00,1361.0,8.8
2023-03-24 10:00:00,1358.0,9.0
2023-03-24 11:00:00,1338.0,9.0
2023-03-24 12:00:00,1217.0,9.3
2023-03-24 13:00:00,1188.0,9.4
2023-03-24 14:00:00,1192.0,9.4
2023-03-24 15:00:00,1187.0,9.7
2023-03-24 16:00:00,1210.0,9.6
2023-03-24 17:00:00,1300.0,9.4
2023-03-24 18:00:00,1223.0,10.0
2023-03-24 19:00:00,1225.0,10.2
2023-03-24 20:00:00,1212.0,10.3
2023-03-24 21:00:00,1155.0,10.4
2023-03-24 22:00:00,1044.0,10.5
2023-03-24 23:00:00,966.0,10.4
2023-03-25 00:00:00,979.0,10.3
2023-03-25 01:00:00,897.0,9.9
2023-03-25 02:00:00,857.0,9.7
2023-03-25 03:00:00,816.0,9.6
2023-03-25 04:00:00,808.0,9.5
2023-03-25 05:00:00,812.0,9.5
2023-03-25 06:00:00,858.0,9.5
2023-03-25 07:00:00,998.0,9.4
2023-03-25 08:00:00,1186.0,9.4
2023-03-25 09:00:00,1282.0,9.7
2023-03-25 10:00:00,1287.0,10.0
2023-03-25 11:00:00,1246.0,11.1
2023-03-25 12:00:00,1113.0,11.9
2023-03-25 13:00:00,1053.0,12.3
2023-03-25 14:00:00,1060.0,12.7
2023-03-25 15:00:00,1048.0,12.5
2023-03-25 16:00:00,1093.0,12.8
2023-03-25 17:00:00,1193.0,12.4
2023-03-25 18:00:00,1144.0,12.0
2023-03-25 19:00:00,1179.0,11.6
2023-03-25 20:00:00,1216.0,11.2
2023-03-25 21:00:00,1162.0,10.7
2023-03-25 22:00:00,1053.0,10.3
2023-03-25 23:00:00,965.0,9.2
2023-03-26 00:00:00,984.0,8.8
2023-03-26 01:00:00,898.0,8.4
2023-03-26 02:00:00,844.0,8.0
2023-03-26 03:00:00,808.0,7.3
2023-03-26 04:00:00,785.0,6.7
2023-03-26 05:00:00,805.0,6.4
2023-03-26 06:00:00,844.0,6.8
2023-03-26 07:00:00,1062.0,7.4
2023-03-26 08:00:00,1175.0,9.1
2023-03-26 09:00:00,1176.0,11.2
2023-03-26 10:00:00,1113.0,13.2
2023-03-26 11:00:00,1092.0,14.2
2023-03-26 12:00:00,942.0,14.9
2023-03-26 13:00:00,953.0,15.6
2023-03-26 14:00:00,1003.0,15.5
2023-03-26 15:00:00,1009.0,15.7
2023-03-26 16:00:00,1077.0,15.6
2023-03-26 17:00:00,1199.0,15.3
2023-03-26 18:00:00,1148.0,14.9
2023-03-26 19:00:00,1186.0,14.4
2023-03-26 20:00:00,1231.0,14.2
2023-03-26 21:00:00,1125.0,13.7
2023-03-26 22:00:00,977.0,13.5
2023-03-26 23:00:00,884.0,13.4
2023-03-27 00:00:00,912.0,13.1
2023-03-27 01:00:00,836.0,12.7
2023-03-27 02:00:00,812.0,12.8
2023-03-27 03:00:00,742.0,12.6
2023-03-27 04:00:00,755.0,12.4
2023-03-27 05:00:00,758.0,12.4
2023-03-27 06:00:00,849.0,12.1
2023-03-27 07:00:00,1086.0,12.0
2023-03-27 08:00:00,1167.0,12.2
2023-03-27 09:00:00,1227.0,12.8
2023-03-27 10:00:00,1207.0,13.2
2023-03-27 11:00:00,1200.0,13.8
2023-03-27 12:00:00,1079.0,14.8
2023-03-27 13:00:00,1070.0,14.9
2023-03-27 14:00:00,1081.0,15.1
2023-03-27 15:00:00,1093.0,15.0
2023-03-27 16:00:00,1123.0,15.1
2023-03-27 17:00:00,1213.0,14.9
2023-03-27 18:00:00,1127.0,14.5
2023-03-27 19:00:00,1152.0,13.7
2023-03-27 20:00:00,1170.0,13.6
2023-03-27 21:00:00,1103.0,13.5
2023-03-27 22:00:00,995.0,12.9
2023-03-27 23:00:00,888.0,12.6
2023-03-28 00:00:00,918.0,12.3
2023-03-28 01:00:00,832.0,12.2
2023-03-28 02:00:00,799.0,12.0
2023-03-28 03:00:00,780.0,12.0
2023-03-28 04:00:00,762.0,12.0
2023-03-28 05:00:00,775.0,11.7
2023-03-28 06:00:00,832.0,11.3
2023-03-28 07:00:00,1082.0,11.3
2023-03-28 08:00:00,1182.0,11.5
2023-03-28 09:00:00,1245.0,12.0
2023-03-28 10:00:00,1253.0,12.4
2023-03-28 11:00:00,1226.0,13.1
2023-03-28 12:00:00,1052.0,14.4
2023-03-28 13:00:00,1041.0,14.8
2023-03-28 14:00:00,1041.0,15.8
2023-03-28 15:00:00,1043.0,16.0
2023-03-28 16:00:00,1064.0,15.5
2023-03-28 17:00:00,1180.0,15.1
2023-03-28 18:00:00,1130.0,14.7
2023-03-28 19:00:00,1162.0,14.3
2023-03-28 20:00:00,1195.0,14.0
2023-03-28 21:00:00,1127.0,13.7
2023-03-28 22:00:00,999.0,13.3
2023-03-28 23:00:00,893.0,13.0
2023-03-29 00:00:00,950.0,12.8
2023-03-29 01:00:00,871.0,12.5
2023-03-29 02:00:00,824.0,12.0
2023-03-29 03:00:00,791.0,11.7
2023-03-29 04:00:00,768.0,11.6
2023-03-29 05:00:00,775.0,11.6
2023-03-29 06:00:00,851.0,11.3
2023-03-29 07:00:00,1097.0,11.2
2023-03-29 08:00:00,1195.0,11.5
2023-03-29 09:00:00,1256.0,11.8
2023-03-29 10:00:00,1253.0,12.6
2023-03-29 11:00:00,1246.0,12.8
2023-03-29 12:00:00,1124.0,13.0
2023-03-29 13:00:00,1093.0,13.4
2023-03-29 14:00:00,1089.0,13.3
2023-03-29 15:00:00,1101.0,12.5
2023-03-29 16:00:00,1128.0,12.7
2023-03-29 17:00:00,1221.0,12.8
2023-03-29 18:00:00,1147.0,12.7
2023-03-29 19:00:00,1172.0,12.5
2023-03-29 20:00:00,1213.0,12.3
2023-03-29 21:00:00,1135.0,12.2
2023-03-29 22:00:00,993.0,12.1
2023-03-29 23:00:00,881.0,12.0
2023-03-30 00:00:00,937.0,12.2
2023-03-30 01:00:00,849.0,12.0
2023-03-30 02:00:00,822.0,12.1
2023-03-30 03:00:00,786.0,11.8
2023-03-30 04:00:00,771.0,11.3
2023-03-30 05:00:00,777.0,10.9
2023-03-30 06:00:00,845.0,10.6
2023-03-30 07:00:00,1101.0,10.9
2023-03-30 08:00:00,1142.0,12.6
2023-03-30 09:00:00,1129.0,14.4
2023-03-30 10:00:00,1088.0,16.1
2023-03-30 11:00:00,1054.0,17.2
2023-03-30 12:00:00,915.0,18.8
2023-03-30 13:00:00,898.0,19.7
2023-03-30 14:00:00,938.0,19.2
2023-03-30 15:00:00,956.0,19.2
2023-03-30 16:00:00,986.0,19.9
2023-03-30 17:00:00,1091.0,19.7
2023-03-30 18:00:00,1067.0,19.0
2023-03-30 19:00:00,1112.0,17.9
2023-03-30 20:00:00,1159.0,16.1
2023-03-30 21:00:00,1103.0,14.9
2023-03-30 22:00:00,973.0,13.9
2023-03-30 23:00:00,892.0,13.3
2023-03-31 00:00:00,925.0,12.8
2023-03-31 01:00:00,837.0,12.4
2023-03-31 02:00:00,814.0,11.9
2023-03-31 03:00:00,789.0,11.8
2023-03-31 04:00:00,786.0,11.7
2023-03-31 05:00:00,783.0,11.8
2023-03-31 06:00:00,873.0,11.3
2023-03-31 07:00:00,1135.0,11.1
2023-03-31 08:00:00,1156.0,13.5
2023-03-31 09:00:00,1097.0,17.5
2023-03-31 10:00:00,1053.0,19.1
2023-03-31 11:00:00,1014.0,20.6
2023-03-31 12:00:00,864.0,21.7
2023-03-31 13:00:00,824.0,23.2
2023-03-31 14:00:00,824.0,22.9
2023-03-31 15:00:00,872.0,23.3
2023-03-31 16:00:00,918.0,23.5
2023-03-31 17:00:00,1065.0,23.4
2023-03-31 18:00:00,1047.0,22.6
2023-03-31 19:00:00,1072.0,21.6
2023-03-31 20:00:00,1111.0,19.4
2023-03-31 21:00:00,1033.0,18.8
2023-03-31 22:00:00,943.0,18.5
2023-03-31 23:00:00,873.0,18.2
2023-04-01 00:00:00,894.0,17.6
2023-04-01 01:00:00,824.0,17.0
2023-04-01 02:00:00,769.0,16.2
2023-04-01 03:00:00,759.0,15.8
2023-04-01 04:00:00,752.0,15.9
2023-04-01 05:00:00,733.0,16.0
2023-04-01 06:00:00,786.0,16.2
2023-04-01 07:00:00,984.0,17.0
2023-04-01 08:00:00,1094.0,18.1
2023-04-01 09:00:00,1085.0,18.7
2023-04-01 10:00:00,989.0,21.1
2023-04-01 11:00:00,960.0,23.9
2023-04-01 12:00:00,817.0,25.2
2023-04-01 13:00:00,753.0,26.4
2023-04-01 14:00:00,772.0,27.2
2023-04-01 15:00:00,797.0,27.7
2023-04-01 16:00:00,859.0,27.7
2023-04-01 17:00:00,991.0,27.6
2023-04-01 18:00:00,1006.0,26.8
2023-04-01 19:00:00,997.0,25.4
2023-04-01 20:00:00,1027.0,23.9
2023-04-01 21:00:00,973.0,23.7
2023-04-01 22:00:00,883.0,22.8
2023-04-01 23:00:00,774.0,22.6
2023-04-02 00:00:00,842.0,21.5
2023-04-02 01:00:00,818.0,21.4
2023-04-02 02:00:00,747.0,20.4
2023-04-02 03:00:00,731.0,20.3
2023-04-02 04:00:00,705.0,19.8
2023-04-02 05:00:00,690.0,19.8
2023-04-02 06:00:00,753.0,19.7
2023-04-02 07:00:00,945.0,19.7
2023-04-02 08:00:00,1038.0,19.0
2023-04-02 09:00:00,1041.0,19.9
2023-04-02 10:00:00,946.0,21.9
2023-04-02 11:00:00,978.0,22.9
2023-04-02 12:00:00,786.0,25.4
2023-04-02 13:00:00,799.0,25.4
2023-04-02 14:00:00,841.0,25.7
2023-04-02 15:00:00,888.0,25.7
2023-04-02 16:00:00,931.0,25.8
2023-04-02 17:00:00,1003.0,25.6
2023-04-02 18:00:00,989.0,25.2
2023-04-02 19:00:00,999.0,24.0
2023-04-02 20:00:00,1038.0,23.3
2023-04-02 21:00:00,971.0,22.7
2023-04-02 22:00:00,875.0,22.4
2023-04-02 23:00:00,770.0,22.1
2023-04-03 00:00:00,842.0,22.1
2023-04-03 01:00:00,794.0,22.0
2023-04-03 02:00:00,774.0,22.1
2023-04-03 03:00:00,717.0,19.7
2023-04-03 04:00:00,687.0,19.3
2023-04-03 05:00:00,640.0,18.9
2023-04-03 06:00:00,749.0,18.8
2023-04-03 07:00:00,935.0,19.0
2023-04-03 08:00:00,976.0,20.7
2023-04-03 09:00:00,972.0,23.2
2023-04-03 10:00:00,937.0,24.5
2023-04-03 11:00:00,959.0,27.1
2023-04-03 12:00:00,833.0,29.7
2023-04-03 13:00:00,810.0,29.6
2023-04-03 14:00:00,828.0,28.9
2023-04-03 15:00:00,864.0,26.3
2023-04-03 16:00:00,926.0,24.8
2023-04-03 17:00:00,1039.0,24.5
2023-04-03 18:00:00,991.0,22.5
2023-04-03 19:00:00,1014.0,23.2
2023-04-03 20:00:00,979.0,23.4
2023-04-03 21:00:00,896.0,20.8
2023-04-03 22:00:00,803.0,20.0
2023-04-03 23:00:00,716.0,16.5
2023-04-04 00:00:00,818.0,16.1
2023-04-04 01:00:00,790.0,16.1
2023-04-04 02:00:00,694.0,16.1
2023-04-04 03:00:00,643.0,15.3
2023-04-04 04:00:00,630.0,14.6
2023-04-04 05:00:00,662.0,14.3
2023-04-04 06:00:00,699.0,13.7
2023-04-04 07:00:00,863.0,13.2
2023-04-04 08:00:00,978.0,13.3
2023-04-04 09:00:00,992.0,13.5
2023-04-04 10:00:00,1005.0,13.8
2023-04-04 11:00:00,1014.0,13.2
2023-04-04 12:00:00,898.0,13.4
2023-04-04 13:00:00,880.0,13.3
2023-04-04 14:00:00,837.0,13.6
2023-04-04 15:00:00,818.0,13.8
2023-04-04 16:00:00,882.0,13.8
2023-04-04 17:00:00,982.0,13.2
2023-04-04 18:00:00,934.0,13.2
2023-04-04 19:00:00,937.0,13.2
2023-04-04 20:00:00,918.0,13.0
2023-04-04 21:00:00,869.0,13.2
2023-04-04 22:00:00,765.0,13.4
2023-04-04 23:00:00,705.0,13.6
2023-04-05 00:00:00,786.0,13.6
2023-04-05 01:00:00,762.0,13.6
2023-04-05 02:00:00,669.0,13.6
2023-04-05 03:00:00,645.0,13.7
2023-04-05 04:00:00,661.0,13.6
2023-04-05 05:00:00,605.0,13.5
2023-04-05 06:00:00,687.0,13.4
2023-04-05 07:00:00,893.0,13.3
2023-04-05 08:00:00,944.0,13.2
2023-04-05 09:00:00,990.0,13.2
2023-04-05 10:00:00,905.0,13.8
2023-04-05 11:00:00,915.0,14.4
2023-04-05 12:00:00,863.0,14.3
2023-04-05 13:00:00,885.0,14.1
2023-04-05 14:00:00,868.0,13.4
2023-04-05 15:00:00,884.0,12.3
2023-04-05 16:00:00,888.0,12.0
2023-04-05 17:00:00,961.0,12.3
2023-04-05 18:00:00,931.0,12.3
2023-04-05 19:00:00,998.0,11.9
2023-04-05 20:00:00,991.0,11.9
2023-04-05 21:00:00,912.0,11.6
2023-04-05 22:00:00,818.0,11.6
2023-04-05 23:00:00,692.0,11.8
2023-04-06 00:00:00,748.0,12.0
2023-04-06 01:00:00,687.0,11.9
2023-04-06 02:00:00,669.0,12.0
2023-04-06 03:00:00,648.0,12.0
2023-04-06 04:00:00,648.0,12.2
2023-04-06 05:00:00,648.0,12.0
2023-04-06 06:00:00,723.0,11.7
2023-04-06 07:00:00,922.0,11.5
2023-04-06 08:00:00,1034.0,11.5
2023-04-06 09:00:00,1082.0,11.9
2023-04-06 10:00:00,1084.0,12.5
2023-04-06 11:00:00,1074.0,13.7
2023-04-06 12:00:00,952.0,15.0
2023-04-06 13:00:00,925.0,14.9
2023-04-06 14:00:00,882.0,15.9
2023-04-06 15:00:00,897.0,16.7
2023-04-06 16:00:00,896.0,16.7
2023-04-06 17:00:00,992.0,16.2
2023-04-06 18:00:00,990.0,16.1
2023-04-06 19:00:00,1020.0,14.7
2023-04-06 20:00:00,1101.0,13.6
2023-04-06 21:00:00,1042.0,12.5
2023-04-06 22:00:00,923.0,12.2
2023-04-06 23:00:00,833.0,11.9
2023-04-07 00:00:00,893.0,11.5
2023-04-07 01:00:00,816.0,10.9
2023-04-07 02:00:00,780.0,10.6
2023-04-07 03:00:00,738.0,10.4
2023-04-07 04:00:00,739.0,10.0
2023-04-07 05:00:00,761.0,9.8
2023-04-07 06:00:00,830.0,9.6
2023-04-07 07:00:00,1074.0,10.0
2023-04-07 08:00:00,1066.0,12.3
2023-04-07 09:00:00,1048.0,14.8
2023-04-07 10:00:00,1020.0,17.1
2023-04-07 11:00:00,970.0,18.1
2023-04-07 12:00:00,831.0,18.8
2023-04-07 13:00:00,815.0,19.5
2023-04-07 14:00:00,813.0,20.1
2023-04-07 15:00:00,850.0,20.2
2023-04-07 16:00:00,919.0,20.1
2023-04-07 17:00:00,1020.0,20.2
2023-04-07 18:00:00,1036.0,19.4
2023-04-07 19:00:00,1055.0,18.3
2023-04-07 20:00:00,1105.0,17.3
2023-04-07 21:00:00,1041.0,16.6
2023-04-07 22:00:00,941.0,16.6
2023-04-07 23:00:00,875.0,16.5
2023-04-08 00:00:00,925.0,15.6
2023-04-08 01:00:00,853.0,14.3
2023-04-08 02:00:00,809.0,14.2
2023-04-08 03:00:00,807.0,14.5
2023-04-08 04:00:00,765.0,14.9
2023-04-08 05:00:00,780.0,14.9
2023-04-08 06:00:00,859.0,14.8
2023-04-08 07:00:00,996.0,14.8
2023-04-08 08:00:00,1068.0,15.9
2023-04-08 09:00:00,1052.0,16.9
2023-04-08 10:00:00,1003.0,18.8
2023-04-08 11:00:00,978.0,19.9
2023-04-08 12:00:00,813.0,20.9
2023-04-08 13:00:00,787.0,22.1
2023-04-08 14:00:00,807.0,22.7
2023-04-08 15:00:00,834.0,23.1
2023-04-08 16:00:00,872.0,22.8
2023-04-08 17:00:00,987.0,22.4
2023-04-08 18:00:00,1008.0,21.8
2023-04-08 19:00:00,1027.0,20.4
2023-04-08 20:00:00,1081.0,17.7
2023-04-08 21:00:00,1022.0,16.3
2023-04-08 22:00:00,929.0,15.1
2023-04-08 23:00:00,851.0,14.4
2023-04-09 00:00:00,913.0,13.9
2023-04-09 01:00:00,821.0,13.7
2023-04-09 02:00:00,812.0,13.0
2023-04-09 03:00:00,760.0,12.4
2023-04-09 04:00:00,743.0,12.1
2023-04-09 05:00:00,732.0,12.0
2023-04-09 06:00:00,823.0,11.7
2023-04-09 07:00:00,1010.0,12.1
2023-04-09 08:00:00,1030.0,14.8
2023-04-09 09:00:00,1013.0,18.6
2023-04-09 10:00:00,957.0,21.4
2023-04-09 11:00:00,935.0,23.4
2023-04-09 12:00:00,801.0,24.4
2023-04-09 13:00:00,763.0,25.6
2023-04-09 14:00:00,765.0,26.1
2023-04-09 15:00:00,823.0,26.2
2023-04-09 16:00:00,879.0,26.4
2023-04-09 17:00:00,999.0,25.9
2023-04-09 18:00:00,1017.0,25.0
2023-04-09 19:00:00,1035.0,24.1
2023-04-09 20:00:00,1084.0,23.4
2023-04-09 21:00:00,997.0,22.7
2023-04-09 22:00:00,860.0,22.3
2023-04-09 23:00:00,781.0,21.9
2023-04-10 00:00:00,868.0,20.2
2023-04-10 01:00:00,788.0,19.4
2023-04-10 02:00:00,766.0,19.2
2023-04-10 03:00:00,739.0,18.9
2023-04-10 04:00:00,717.0,18.8
2023-04-10 05:00:00,747.0,18.6
2023-04-10 06:00:00,849.0,18.7
2023-04-10 07:00:00,1045.0,19.0
2023-04-10 08:00:00,1052.0,20.9
2023-04-10 09:00:00,1041.0,22.3
2023-04-10 10:00:00,1018.0,24.1
2023-04-10 11:00:00,989.0,23.8
2023-04-10 12:00:00,867.0,24.4
2023-04-10 13:00:00,840.0,24.1
2023-04-10 14:00:00,848.0,24.6
2023-04-10 15:00:00,836.0,26.2
2023-04-10 16:00:00,889.0,26.5
2023-04-10 17:00:00,992.0,25.6
2023-04-10 18:00:00,1003.0,25.0
2023-04-10 19:00:00,1029.0,23.9
2023-04-10 20:00:00,1074.0,23.1
2023-04-10 21:00:00,1001.0,22.6
2023-04-10 22:00:00,887.0,22.0
2023-04-10 23:00:00,814.0,21.3
2023-04-11 00:00:00,886.0,20.6
2023-04-11 01:00:00,826.0,20.0
2023-04-11 02:00:00,768.0,20.4
2023-04-11 03:00:00,779.0,19.7
2023-04-11 04:00:00,757.0,19.3
2023-04-11 05:00:00,757.0,19.2
2023-04-11 06:00:00,866.0,18.4
2023-04-11 07:00:00,1062.0,19.2
2023-04-11 08:00:00,1030.0,21.0
2023-04-11 09:00:00,1014.0,23.1
2023-04-11 10:00:00,984.0,25.4
2023-04-11 11:00:00,976.0,26.9
2023-04-11 12:00:00,884.0,26.5
2023-04-11 13:00:00,878.0,27.6
2023-04-11 14:00:00,942.0,26.6
2023-04-11 15:00:00,957.0,26.1
2023-04-11 16:00:00,994.0,25.9
2023-04-11 17:00:00,1083.0,25.3
2023-04-11 18:00:00,1054.0,24.0
2023-04-11 19:00:00,1054.0,23.5
2023-04-11 20:00:00,1043.0,23.1
2023-04-11 21:00:00,974.0,22.7
2023-04-11 22:00:00,868.0,22.4
2023-04-11 23:00:00,808.0,22.0
2023-04-12 00:00:00,885.0,21.9
2023-04-12 01:00:00,831.0,21.4
2023-04-12 02:00:00,810.0,21.1
2023-04-12 03:00:00,788.0,21.1
2023-04-12 04:00:00,761.0,20.9
2023-04-12 05:00:00,762.0,20.7
2023-04-12 06:00:00,853.0,20.1
2023-04-12 07:00:00,1067.0,19.9
2023-04-12 08:00:00,1058.0,20.3
2023-04-12 09:00:00,1031.0,21.4
2023-04-12 10:00:00,1000.0,22.7
2023-04-12 11:00:00,944.0,23.6
2023-04-12 12:00:00,839.0,25.3
2023-04-12 13:00:00,782.0,26.8
2023-04-12 14:00:00,819.0,27.4
2023-04-12 15:00:00,864.0,27.5
2023-04-12 16:00:00,918.0,28.0
2023-04-12 17:00:00,1018.0,27.8
2023-04-12 18:00:00,1032.0,26.9
2023-04-12 19:00:00,1054.0,26.4
2023-04-12 20:00:00,1067.0,25.8
2023-04-12 21:00:00,992.0,25.1
2023-04-12 22:00:00,876.0,24.6
2023-04-12 23:00:00,808.0,24.3
2023-04-13 00:00:00,878.0,24.1
2023-04-13 01:00:00,802.0,23.8
2023-04-13 02:00:00,793.0,23.0
2023-04-13 03:00:00,768.0,22.9
2023-04-13 04:00:00,760.0,23.1
2023-04-13 05:00:00,780.0,23.1
2023-04-13 06:00:00,861.0,22.6
2023-04-13 07:00:00,1034.0,22.3
2023-04-13 08:00:00,1032.0,23.5
2023-04-13 09:00:00,1052.0,24.7
2023-04-13 10:00:00,1023.0,26.6
2023-04-13 11:00:00,1020.0,27.9
2023-04-13 12:00:00,925.0,27.4
2023-04-13 13:00:00,894.0,29.1
2023-04-13 14:00:00,876.0,29.2
2023-04-13 15:00:00,903.0,29.5
2023-04-13 16:00:00,961.0,29.7
2023-04-13 17:00:00,1062.0,29.2
2023-04-13 18:00:00,1050.0,29.1
2023-04-13 19:00:00,1082.0,28.1
2023-04-13 20:00:00,1087.0,27.3
2023-04-13 21:00:00,1009.0,26.0
2023-04-13 22:00:00,895.0,24.9
2023-04-13 23:00:00,825.0,23.8
2023-04-14 00:00:00,888.0,23.2
2023-04-14 01:00:00,840.0,22.8
2023-04-14 02:00:00,801.0,22.3
2023-04-14 03:00:00,795.0,21.8
2023-04-14 04:00:00,782.0,21.7
2023-04-14 05:00:00,773.0,21.5
2023-04-14 06:00:00,829.0,21.5
2023-04-14 07:00:00,1011.0,21.7
2023-04-14 08:00:00,1043.0,22.4
2023-04-14 09:00:00,1075.0,22.1
2023-04-14 10:00:00,1079.0,21.8
2023-04-14 11:00:00,1074.0,21.9
2023-04-14 12:00:00,969.0,21.6
2023-04-14 13:00:00,914.0,21.5
2023-04-14 14:00:00,941.0,21.7
2023-04-14 15:00:00,935.0,21.1
2023-04-14 16:00:00,963.0,21.7
2023-04-14 17:00:00,1065.0,20.3
2023-04-14 18:00:00,999.0,18.0
2023-04-14 19:00:00,965.0,18.2
2023-04-14 20:00:00,985.0,18.3
2023-04-14 21:00:00,924.0,18.3
2023-04-14 22:00:00,850.0,18.4
2023-04-14 23:00:00,807.0,18.5
2023-04-15 00:00:00,856.0,18.6
2023-04-15 01:00:00,801.0,18.1
2023-04-15 02:00:00,767.0,18.0
2023-04-15 03:00:00,753.0,17.9
2023-04-15 04:00:00,732.0,17.7
2023-04-15 05:00:00,745.0,17.5
2023-04-15 06:00:00,839.0,17.8
2023-04-15 07:00:00,986.0,17.8
2023-04-15 08:00:00,1022.0,18.5
2023-04-15 09:00:00,1018.0,19.5
2023-04-15 10:00:00,987.0,20.9
2023-04-15 11:00:00,1003.0,22.4
2023-04-15 12:00:00,907.0,23.0
2023-04-15 13:00:00,835.0,23.6
2023-04-15 14:00:00,801.0,25.3
2023-04-15 15:00:00,805.0,27.5
2023-04-15 16:00:00,840.0,28.1
2023-04-15 17:00:00,959.0,27.8
2023-04-15 18:00:00,966.0,27.3
2023-04-15 19:00:00,989.0,24.5
2023-04-15 20:00:00,1044.0,21.7
2023-04-15 21:00:00,979.0,21.4
2023-04-15 22:00:00,883.0,21.8
2023-04-15 23:00:00,810.0,21.7
2023-04-16 00:00:00,861.0,20.0
2023-04-16 01:00:00,817.0,21.1
2023-04-16 02:00:00,764.0,18.4
2023-04-16 03:00:00,744.0,17.6
2023-04-16 04:00:00,730.0,17.2
2023-04-16 05:00:00,751.0,16.6
2023-04-16 06:00:00,829.0,16.3
2023-04-16 07:00:00,977.0,16.7
2023-04-16 08:00:00,978.0,20.1
2023-04-16 09:00:00,963.0,23.9
2023-04-16 10:00:00,915.0,27.1
2023-04-16 11:00:00,901.0,29.4
2023-04-16 12:00:00,799.0,31.0
2023-04-16 13:00:00,761.0,32.1
2023-04-16 14:00:00,770.0,32.6
2023-04-16 15:00:00,813.0,33.0
2023-04-16 16:00:00,859.0,33.1
2023-04-16 17:00:00,966.0,32.8
2023-04-16 18:00:00,979.0,32.0
2023-04-16 19:00:00,1011.0,30.1
2023-04-16 20:00:00,1103.0,29.2
2023-04-16 21:00:00,1019.0,28.0
2023-04-16 22:00:00,896.0,27.5
2023-04-16 23:00:00,813.0,27.0
2023-04-17 00:00:00,861.0,27.2
2023-04-17 01:00:00,808.0,26.6
2023-04-17 02:00:00,775.0,26.4
2023-04-17 03:00:00,749.0,25.2
2023-04-17 04:00:00,740.0,25.2
2023-04-17 05:00:00,770.0,24.2
2023-04-17 06:00:00,906.0,23.1
2023-04-17 07:00:00,1044.0,23.7
2023-04-17 08:00:00,1034.0,25.5
2023-04-17 09:00:00,1023.0,26.3
2023-04-17 10:00:00,993.0,28.4
2023-04-17 11:00:00,981.0,30.8
2023-04-17 12:00:00,853.0,32.3
2023-04-17 13:00:00,851.0,33.5
2023-04-17 14:00:00,878.0,34.1
2023-04-17 15:00:00,914.0,34.1
2023-04-17 16:00:00,980.0,33.9
2023-04-17 17:00:00,1078.0,33.2
2023-04-17 18:00:00,1049.0,32.3
2023-04-17 19:00:00,1078.0,31.3
2023-04-17 20:00:00,1127.0,30.7
2023-04-17 21:00:00,1049.0,30.3
2023-04-17 22:00:00,929.0,30.1
2023-04-17 23:00:00,879.0,28.9
2023-04-18 00:00:00,931.0,28.6
2023-04-18 01:00:00,864.0,28.0
2023-04-18 02:00:00,870.0,23.8
2023-04-18 03:00:00,836.0,22.8
2023-04-18 04:00:00,806.0,22.4
2023-04-18 05:00:00,817.0,21.7
2023-04-18 06:00:00,881.0,21.7
2023-04-18 07:00:00,1012.0,21.3
2023-04-18 08:00:00,1026.0,21.1
2023-04-18 09:00:00,1084.0,21.0
2023-04-18 10:00:00,1078.0,21.1
2023-04-18 11:00:00,1067.0,21.3
2023-04-18 12:00:00,974.0,21.3
2023-04-18 13:00:00,920.0,21.4
2023-04-18 14:00:00,909.0,21.9
2023-04-18 15:00:00,918.0,22.2
2023-04-18 16:00:00,929.0,22.4
2023-04-18 17:00:00,1037.0,22.9
2023-04-18 18:00:00,1016.0,22.7
2023-04-18 19:00:00,998.0,22.4
2023-04-18 20:00:00,1008.0,22.2
2023-04-18 21:00:00,950.0,22.2
2023-04-18 22:00:00,865.0,22.1
2023-04-18 23:00:00,812.0,21.9
2023-04-19 00:00:00,884.0,21.8
2023-04-19 01:00:00,809.0,21.6
2023-04-19 02:00:00,796.0,21.5
2023-04-19 03:00:00,762.0,21.4
2023-04-19 04:00:00,783.0,21.3
2023-04-19 05:00:00,767.0,21.2
2023-04-19 06:00:00,875.0,21.2
2023-04-19 07:00:00,1039.0,21.4
2023-04-19 08:00:00,1052.0,21.7
2023-04-19 09:00:00,1087.0,21.8
2023-04-19 10:00:00,1099.0,22.3
2023-04-19 11:00:00,1038.0,23.5
2023-04-19 12:00:00,924.0,24.4
2023-04-19 13:00:00,871.0,25.3
2023-04-19 14:00:00,855.0,26.3
2023-04-19 15:00:00,928.0,27.1
2023-04-19 16:00:00,971.0,26.4
2023-04-19 17:00:00,1041.0,26.2
2023-04-19 18:00:00,1012.0,26.0
2023-04-19 19:00:00,1041.0,25.5
2023-04-19 20:00:00,1094.0,25.0
2023-04-19 21:00:00,1028.0,24.1
2023-04-19 22:00:00,918.0,23.0
2023-04-19 23:00:00,843.0,22.3
2023-04-20 00:00:00,910.0,21.9
2023-04-20 01:00:00,868.0,21.6
2023-04-20 02:00:00,834.0,21.5
2023-04-20 03:00:00,800.0,21.8
2023-04-20 04:00:00,807.0,22.2
2023-04-20 05:00:00,817.0,22.2
2023-04-20 06:00:00,925.0,22.1
2023-04-20 07:00:00,1076.0,21.9
2023-04-20 08:00:00,1069.0,22.7
2023-04-20 09:00:00,1088.0,23.9
2023-04-20 10:00:00,1086.0,25.7
2023-04-20 11:00:00,1075.0,26.4
2023-04-20 12:00:00,946.0,27.1
2023-04-20 13:00:00,950.0,28.3
2023-04-20 14:00:00,915.0,28.4
2023-04-20 15:00:00,935.0,28.9
2023-04-20 16:00:00,995.0,29.4
2023-04-20 17:00:00,1080.0,28.6
2023-04-20 18:00:00,1078.0,28.6
2023-04-20 19:00:00,1081.0,27.6
2023-04-20 20:00:00,1140.0,25.3
2023-04-20 21:00:00,1064.0,24.4
2023-04-20 22:00:00,968.0,23.8
2023-04-20 23:00:00,901.0,23.3
2023-04-21 00:00:00,961.0,22.9
2023-04-21 01:00:00,907.0,22.7
2023-04-21 02:00:00,885.0,22.7
2023-04-21 03:00:00,864.0,22.4
2023-04-21 04:00:00,838.0,22.4
2023-04-21 05:00:00,853.0,23.0
2023-04-21 06:00:00,963.0,22.2
2023-04-21 07:00:00,1090.0,22.4
2023-04-21 08:00:00,1081.0,24.9
2023-04-21 09:00:00,1077.0,26.1
2023-04-21 10:00:00,1070.0,27.6
2023-04-21 11:00:00,1068.0,27.3
2023-04-21 12:00:00,970.0,27.2
2023-04-21 13:00:00,991.0,26.9
2023-04-21 14:00:00,1016.0,26.6
2023-04-21 15:00:00,1032.0,25.7
2023-04-21 16:00:00,1045.0,24.4
2023-04-21 17:00:00,1134.0,23.9
2023-04-21 18:00:00,1082.0,23.1
2023-04-21 19:00:00,1047.0,22.0
2023-04-21 20:00:00,1028.0,21.0
2023-04-21 21:00:00,957.0,20.5
2023-04-21 22:00:00,876.0,20.1
2023-04-21 23:00:00,832.0,19.1
2023-04-22 00:00:00,900.0,17.7
2023-04-22 01:00:00,854.0,16.9
2023-04-22 02:00:00,824.0,15.8
2023-04-22 03:00:00,786.0,15.2
2023-04-22 04:00:00,779.0,14.6
2023-04-22 05:00:00,792.0,13.7
2023-04-22 06:00:00,848.0,13.2
2023-04-22 07:00:00,985.0,12.4
2023-04-22 08:00:00,1043.0,11.9
2023-04-22 09:00:00,1094.0,11.6
2023-04-22 10:00:00,1110.0,11.4
2023-04-22 11:00:00,1107.0,11.3
2023-04-22 12:00:00,1027.0,11.4
2023-04-22 13:00:00,994.0,11.1
2023-04-22 14:00:00,990.0,10.6
2023-04-22 15:00:00,1017.0,10.2
2023-04-22 16:00:00,1037.0,10.1
2023-04-22 17:00:00,1134.0,10.0
2023-04-22 18:00:00,1083.0,9.7
2023-04-22 19:00:00,1047.0,9.8
2023-04-22 20:00:00,1027.0,9.7
2023-04-22 21:00:00,952.0,9.7
2023-04-22 22:00:00,849.0,9.6
2023-04-22 23:00:00,812.0,9.7
2023-04-23 00:00:00,865.0,9.3
2023-04-23 01:00:00,825.0,9.0
2023-04-23 02:00:00,798.0,9.0
2023-04-23 03:00:00,773.0,8.8
2023-04-23 04:00:00,768.0,8.7
2023-04-23 05:00:00,751.0,8.7
2023-04-23 06:00:00,856.0,8.6
2023-04-23 07:00:00,997.0,8.8
2023-04-23 08:00:00,1096.0,8.9
2023-04-23 09:00:00,1164.0,9.0
2023-04-23 10:00:00,1169.0,9.0
2023-04-23 11:00:00,1199.0,9.0
2023-04-23 12:00:00,1102.0,9.1
2023-04-23 13:00:00,1034.0,9.1
2023-04-23 14:00:00,1035.0,9.4
2023-04-23 15:00:00,1058.0,9.3
2023-04-23 16:00:00,1088.0,9.4
2023-04-23 17:00:00,1179.0,9.2
2023-04-23 18:00:00,1137.0,9.2
2023-04-23 19:00:00,1150.0,9.1
2023-04-23 20:00:00,1175.0,9.2
2023-04-23 21:00:00,1105.0,9.2
2023-04-23 22:00:00,1003.0,9.3
2023-04-23 23:00:00,928.0,9.4
2023-04-24 00:00:00,866.0,9.7
2023-04-24 01:00:00,828.0,9.6
2023-04-24 02:00:00,816.0,9.6
2023-04-24 03:00:00,776.0,9.5
2023-04-24 04:00:00,772.0,9.5
2023-04-24 05:00:00,775.0,9.6
2023-04-24 06:00:00,762.0,9.5
2023-04-24 07:00:00,868.0,9.6
2023-04-24 08:00:00,1104.0,9.6
2023-04-24 09:00:00,1204.0,9.8
2023-04-24 10:00:00,1237.0,10.0
2023-04-24 11:00:00,1232.0,10.2
2023-04-24 12:00:00,1106.0,10.4
2023-04-24 13:00:00,1077.0,10.8
2023-04-24 14:00:00,1064.0,11.0
2023-04-24 15:00:00,1106.0,11.1
2023-04-24 16:00:00,1138.0,10.9
2023-04-24 17:00:00,1230.0,10.9
2023-04-24 18:00:00,1147.0,11.2
2023-04-24 19:00:00,1140.0,11.3
2023-04-24 20:00:00,1152.0,11.3
2023-04-24 21:00:00,1083.0,11.4
2023-04-24 22:00:00,977.0,11.2
2023-04-24 23:00:00,887.0,10.9
2023-04-25 00:00:00,936.0,10.9
2023-04-25 01:00:00,866.0,10.7
2023-04-25 02:00:00,817.0,10.5
2023-04-25 03:00:00,783.0,10.5
2023-04-25 04:00:00,764.0,10.5
2023-04-25 05:00:00,780.0,10.4
2023-04-25 06:00:00,887.0,10.3
2023-04-25 07:00:00,1045.0,10.4
2023-04-25 08:00:00,1106.0,10.7
2023-04-25 09:00:00,1165.0,11.4
2023-04-25 10:00:00,1142.0,12.0
2023-04-25 11:00:00,1099.0,13.1
2023-04-25 12:00:00,894.0,14.6
2023-04-25 13:00:00,857.0,15.8
2023-04-25 14:00:00,829.0,17.1
2023-04-25 15:00:00,852.0,18.8
2023-04-25 16:00:00,891.0,19.4
2023-04-25 17:00:00,1019.0,18.9
2023-04-25 18:00:00,1030.0,18.6
2023-04-25 19:00:00,1062.0,16.8
2023-04-25 20:00:00,1180.0,15.3
2023-04-25 21:00:00,1118.0,14.7
2023-04-25 22:00:00,989.0,14.4
2023-04-25 23:00:00,891.0,13.7
2023-04-26 00:00:00,937.0,12.8
2023-04-26 01:00:00,853.0,12.4
2023-04-26 02:00:00,822.0,11.7
2023-04-26 03:00:00,790.0,10.7
2023-04-26 04:00:00,776.0,10.3
2023-04-26 05:00:00,805.0,10.1
2023-04-26 06:00:00,800.0,9.8
2023-04-26 07:00:00,1062.0,10.8
2023-04-26 08:00:00,1037.0,14.5
2023-04-26 09:00:00,982.0,17.3
2023-04-26 10:00:00,965.0,19.6
2023-04-26 11:00:00,936.0,20.9
2023-04-26 12:00:00,805.0,22.4
2023-04-26 13:00:00,761.0,23.2
2023-04-26 14:00:00,779.0,23.7
2023-04-26 15:00:00,822.0,24.3
2023-04-26 16:00:00,888.0,24.0
2023-04-26 17:00:00,1018.0,24.2
2023-04-26 18:00:00,1002.0,23.1
2023-04-26 19:00:00,1026.0,21.5
2023-04-26 20:00:00,1112.0,19.8
2023-04-26 21:00:00,1057.0,18.6
2023-04-26 22:00:00,928.0,18.2
2023-04-26 23:00:00,855.0,17.1
2023-04-27 00:00:00,911.0,16.0
2023-04-27 01:00:00,852.0,18.2
2023-04-27 02:00:00,803.0,17.5
2023-04-27 03:00:00,784.0,17.3
2023-04-27 04:00:00,765.0,17.1
2023-04-27 05:00:00,799.0,17.3
2023-04-27 06:00:00,923.0,17.3
2023-04-27 07:00:00,1044.0,17.2
2023-04-27 08:00:00,1061.0,17.6
2023-04-27 09:00:00,1067.0,17.3
2023-04-27 10:00:00,977.0,19.4
2023-04-27 11:00:00,978.0,21.8
2023-04-27 12:00:00,847.0,22.0
2023-04-27 13:00:00,837.0,22.3
2023-04-27 14:00:00,874.0,23.8
2023-04-27 15:00:00,872.0,22.3
2023-04-27 16:00:00,923.0,22.2
2023-04-27 17:00:00,1076.0,22.1
2023-04-27 18:00:00,1065.0,21.1
2023-04-27 19:00:00,1021.0,20.5
2023-04-27 20:00:00,1095.0,19.9
2023-04-27 21:00:00,1035.0,19.8
2023-04-27 22:00:00,941.0,19.8
2023-04-27 23:00:00,829.0,19.6
2023-04-28 00:00:00,890.0,19.3
2023-04-28 01:00:00,837.0,19.0
2023-04-28 02:00:00,802.0,18.8
2023-04-28 03:00:00,772.0,18.9
2023-04-28 04:00:00,745.0,18.8
2023-04-28 05:00:00,767.0,18.7
2023-04-28 06:00:00,873.0,18.8
2023-04-28 07:00:00,999.0,18.7
2023-04-28 08:00:00,1126.0,17.9
2023-04-28 09:00:00,1096.0,17.7
2023-04-28 10:00:00,1098.0,18.1
2023-04-28 11:00:00,1099.0,18.6
2023-04-28 12:00:00,969.0,18.3
2023-04-28 13:00:00,931.0,18.7
2023-04-28 14:00:00,928.0,18.9
2023-04-28 15:00:00,955.0,19.2
2023-04-28 16:00:00,962.0,19.2
2023-04-28 17:00:00,1087.0,18.9
2023-04-28 18:00:00,1024.0,18.7
2023-04-28 19:00:00,1029.0,18.6
2023-04-28 20:00:00,1052.0,17.2
2023-04-28 21:00:00,971.0,17.0
2023-04-28 22:00:00,922.0,17.1
2023-04-28 23:00:00,869.0,16.7
2023-04-29 00:00:00,976.0,16.4
2023-04-29 01:00:00,828.0,15.6
2023-04-29 02:00:00,795.0,15.5
2023-04-29 03:00:00,785.0,15.6
2023-04-29 04:00:00,769.0,15.7
2023-04-29 05:00:00,706.0,16.0
2023-04-29 06:00:00,856.0,16.5
2023-04-29 07:00:00,968.0,16.5
2023-04-29 08:00:00,1066.0,16.1
2023-04-29 09:00:00,1040.0,17.0
2023-04-29 10:00:00,1015.0,19.5
2023-04-29 11:00:00,988.0,20.7
2023-04-29 12:00:00,876.0,21.1
2023-04-29 13:00:00,868.0,21.8
2023-04-29 14:00:00,824.0,22.6
2023-04-29 15:00:00,828.0,22.6
2023-04-29 16:00:00,879.0,22.3
2023-04-29 17:00:00,973.0,22.3
2023-04-29 18:00:00,985.0,21.4
2023-04-29 19:00:00,1000.0,19.7
2023-04-29 20:00:00,1096.0,17.2
2023-04-29 21:00:00,1064.0,16.0
2023-04-29 22:00:00,968.0,14.5
2023-04-29 23:00:00,905.0,14.0
2023-04-30 00:00:00,913.0,13.1
2023-04-30 01:00:00,808.0,12.6
2023-04-30 02:00:00,785.0,12.1
2023-04-30 03:00:00,731.0,11.7
2023-04-30 04:00:00,696.0,11.5
2023-04-30 05:00:00,721.0,11.4
2023-04-30 06:00:00,851.0,11.1
2023-04-30 07:00:00,971.0,12.6
2023-04-30 08:00:00,973.0,15.9
2023-04-30 09:00:00,926.0,18.4
2023-04-30 10:00:00,902.0,21.1
2023-04-30 11:00:00,853.0,23.3
2023-04-30 12:00:00,750.0,24.9
2023-04-30 13:00:00,784.0,25.2
2023-04-30 14:00:00,726.0,26.3
2023-04-30 15:00:00,767.0,27.1
2023-04-30 16:00:00,801.0,27.4
2023-04-30 17:00:00,880.0,27.4
2023-04-30 18:00:00,919.0,26.9
2023-04-30 19:00:00,941.0,24.4
2023-04-30 20:00:00,1027.0,22.5
2023-04-30 21:00:00,986.0,21.5
2023-04-30 22:00:00,906.0,21.8
2023-04-30 23:00:00,763.0,19.9
2023-05-01 00:00:00,814.0,17.5
2023-05-01 01:00:00,725.0,16.0
2023-05-01 02:00:00,708.0,15.0
2023-05-01 03:00:00,647.0,15.1
2023-05-01 04:00:00,629.0,14.7
2023-05-01 05:00:00,627.0,14.2
2023-05-01 06:00:00,771.0,14.4
2023-05-01 07:00:00,844.0,18.0
2023-05-01 08:00:00,833.0,20.4
2023-05-01 09:00:00,800.0,22.5
2023-05-01 10:00:00,721.0,23.8
2023-05-01 11:00:00,699.0,25.6
2023-05-01 12:00:00,625.0,26.9
2023-05-01 13:00:00,663.0,28.2
2023-05-01 14:00:00,599.0,28.3
2023-05-01 15:00:00,625.0,28.9
2023-05-01 16:00:00,659.0,29.2
2023-05-01 17:00:00,798.0,28.9
2023-05-01 18:00:00,830.0,28.2
2023-05-01 19:00:00,857.0,26.3
2023-05-01 20:00:00,964.0,24.6
2023-05-01 21:00:00,1004.0,23.9
2023-05-01 22:00:00,827.0,22.6
2023-05-01 23:00:00,729.0,22.9
2023-05-02 00:00:00,785.0,22.1
2023-05-02 01:00:00,743.0,21.5
2023-05-02 02:00:00,668.0,23.1
2023-05-02 03:00:00,584.0,22.7
2023-05-02 04:00:00,615.0,22.7
2023-05-02 05:00:00,714.0,22.4
2023-05-02 06:00:00,723.0,22.0
2023-05-02 07:00:00,822.0,22.1
2023-05-02 08:00:00,891.0,22.0
2023-05-02 09:00:00,972.0,20.6
2023-05-02 10:00:00,921.0,19.4
2023-05-02 11:00:00,960.0,19.5
2023-05-02 12:00:00,815.0,21.0
2023-05-02 13:00:00,873.0,21.6
2023-05-02 14:00:00,757.0,23.0
2023-05-02 15:00:00,732.0,24.9
2023-05-02 16:00:00,775.0,26.5
2023-05-02 17:00:00,896.0,26.7
2023-05-02 18:00:00,925.0,26.8
2023-05-02 19:00:00,933.0,26.5
2023-05-02 20:00:00,1026.0,25.1
2023-05-02 21:00:00,1060.0,24.4
2023-05-02 22:00:00,888.0,23.6
2023-05-02 23:00:00,806.0,23.6
2023-05-03 00:00:00,824.0,23.7
2023-05-03 01:00:00,754.0,23.9
2023-05-03 02:00:00,700.0,23.7
2023-05-03 03:00:00,677.0,23.7
2023-05-03 04:00:00,669.0,24.0
2023-05-03 05:00:00,783.0,24.3
2023-05-03 06:00:00,770.0,24.5
2023-05-03 07:00:00,881.0,24.3
2023-05-03 08:00:00,945.0,25.0
2023-05-03 09:00:00,972.0,25.7
2023-05-03 10:00:00,1051.0,26.8
2023-05-03 11:00:00,940.0,28.7
2023-05-03 12:00:00,867.0,29.1
2023-05-03 13:00:00,935.0,29.5
2023-05-03 14:00:00,858.0,29.9
2023-05-03 15:00:00,818.0,31.0
2023-05-03 16:00:00,889.0,30.5
2023-05-03 17:00:00,985.0,30.4
2023-05-03 18:00:00,1008.0,29.6
2023-05-03 19:00:00,1025.0,29.0
2023-05-03 20:00:00,1123.0,28.6
2023-05-03 21:00:00,1052.0,28.1
2023-05-03 22:00:00,917.0,27.5
2023-05-03 23:00:00,848.0,27.0
2023-05-04 00:00:00,866.0,26.8
2023-05-04 01:00:00,839.0,25.7
2023-05-04 02:00:00,789.0,25.5
2023-05-04 03:00:00,781.0,25.6
2023-05-04 04:00:00,738.0,25.6
2023-05-04 05:00:00,863.0,25.4
2023-05-04 06:00:00,917.0,25.7
2023-05-04 07:00:00,1025.0,25.8
2023-05-04 08:00:00,1017.0,26.2
2023-05-04 09:00:00,1083.0,27.2
2023-05-04 10:00:00,1000.0,29.6
2023-05-04 11:00:00,1008.0,30.7
2023-05-04 12:00:00,907.0,32.2
2023-05-04 13:00:00,922.0,33.0
2023-05-04 14:00:00,817.0,33.2
2023-05-04 15:00:00,950.0,34.3
2023-05-04 16:00:00,1015.0,33.5
2023-05-04 17:00:00,1204.0,32.6
2023-05-04 18:00:00,1041.0,26.2
2023-05-04 19:00:00,1080.0,26.0
2023-05-04 20:00:00,1147.0,25.6
2023-05-04 21:00:00,1055.0,24.0
2023-05-04 22:00:00,941.0,23.9
2023-05-04 23:00:00,858.0,23.3
2023-05-05 00:00:00,881.0,22.7
2023-05-05 01:00:00,872.0,22.8
2023-05-05 02:00:00,822.0,22.5
2023-05-05 03:00:00,836.0,22.3
2023-05-05 04:00:00,777.0,22.2
2023-05-05 05:00:00,775.0,22.1
2023-05-05 06:00:00,799.0,22.0
2023-05-05 07:00:00,957.0,22.2
2023-05-05 08:00:00,973.0,22.7
2023-05-05 09:00:00,1056.0,23.3
2023-05-05 10:00:00,1017.0,23.9
2023-05-05 11:00:00,1051.0,23.7
2023-05-05 12:00:00,898.0,23.8
2023-05-05 13:00:00,904.0,23.6
2023-05-05 14:00:00,944.0,23.7
2023-05-05 15:00:00,974.0,23.5
2023-05-05 16:00:00,1037.0,22.5
2023-05-05 17:00:00,1073.0,21.3
2023-05-05 18:00:00,993.0,21.3
2023-05-05 19:00:00,950.0,21.1
2023-05-05 20:00:00,983.0,21.5
2023-05-05 21:00:00,929.0,21.6
2023-05-05 22:00:00,840.0,21.8
2023-05-05 23:00:00,762.0,21.7
2023-05-06 00:00:00,877.0,21.6
2023-05-06 01:00:00,822.0,21.5
2023-05-06 02:00:00,817.0,21.3
2023-05-06 03:00:00,734.0,20.6
2023-05-06 04:00:00,751.0,20.4
2023-05-06 05:00:00,793.0,20.3
2023-05-06 06:00:00,862.0,20.3
2023-05-06 07:00:00,997.0,20.3
2023-05-06 08:00:00,1025.0,20.1
2023-05-06 09:00:00,1047.0,19.3
2023-05-06 10:00:00,1005.0,19.2
2023-05-06 11:00:00,1040.0,19.5
2023-05-06 12:00:00,938.0,19.7
2023-05-06 13:00:00,882.0,19.9
2023-05-06 14:00:00,893.0,19.1
2023-05-06 15:00:00,895.0,18.9
2023-05-06 16:00:00,906.0,18.7
2023-05-06 17:00:00,1018.0,18.4
2023-05-06 18:00:00,985.0,17.8
2023-05-06 19:00:00,984.0,16.5
2023-05-06 20:00:00,970.0,16.0
2023-05-06 21:00:00,965.0,15.8
2023-05-06 22:00:00,844.0,15.9
2023-05-06 23:00:00,787.0,15.6
2023-05-07 00:00:00,882.0,15.4
2023-05-07 01:00:00,810.0,15.3
2023-05-07 02:00:00,758.0,15.4
2023-05-07 03:00:00,714.0,15.3
2023-05-07 04:00:00,703.0,14.7
2023-05-07 05:00:00,729.0,15.0
2023-05-07 06:00:00,788.0,14.3
2023-05-07 07:00:00,901.0,15.1
2023-05-07 08:00:00,991.0,15.7
2023-05-07 09:00:00,987.0,16.0
2023-05-07 10:00:00,1019.0,16.0
2023-05-07 11:00:00,1030.0,16.3
2023-05-07 12:00:00,843.0,17.4
2023-05-07 13:00:00,831.0,18.1
2023-05-07 14:00:00,809.0,19.0
2023-05-07 15:00:00,790.0,19.9
2023-05-07 16:00:00,876.0,20.1
2023-05-07 17:00:00,972.0,20.2
2023-05-07 18:00:00,964.0,19.9
2023-05-07 19:00:00,976.0,19.7
2023-05-07 20:00:00,1033.0,19.1
2023-05-07 21:00:00,1068.0,19.4
2023-05-07 22:00:00,848.0,19.1
2023-05-07 23:00:00,778.0,18.5
2023-05-08 00:00:00,865.0,18.3
2023-05-08 01:00:00,761.0,18.0
2023-05-08 02:00:00,724.0,17.9
2023-05-08 03:00:00,708.0,17.7
2023-05-08 04:00:00,705.0,17.6
2023-05-08 05:00:00,835.0,17.5
2023-05-08 06:00:00,859.0,17.3
2023-05-08 07:00:00,977.0,17.5
2023-05-08 08:00:00,1022.0,17.7
2023-05-08 09:00:00,980.0,18.7
2023-05-08 10:00:00,941.0,20.0
2023-05-08 11:00:00,955.0,20.4
2023-05-08 12:00:00,795.0,22.4
2023-05-08 13:00:00,786.0,23.2
2023-05-08 14:00:00,820.0,23.8
2023-05-08 15:00:00,826.0,23.8
2023-05-08 16:00:00,852.0,24.6
2023-05-08 17:00:00,954.0,23.8
2023-05-08 18:00:00,968.0,23.7
2023-05-08 19:00:00,975.0,22.6
2023-05-08 20:00:00,1052.0,21.6
2023-05-08 21:00:00,1070.0,21.0
2023-05-08 22:00:00,911.0,20.4
2023-05-08 23:00:00,825.0,19.9
2023-05-09 00:00:00,834.0,19.7
2023-05-09 01:00:00,845.0,19.1
2023-05-09 02:00:00,818.0,18.7
2023-05-09 03:00:00,807.0,18.4
2023-05-09 04:00:00,793.0,17.4
2023-05-09 05:00:00,783.0,16.6
2023-05-09 06:00:00,937.0,17.5
2023-05-09 07:00:00,1038.0,18.1
2023-05-09 08:00:00,1008.0,20.5
2023-05-09 09:00:00,1007.0,21.3
2023-05-09 10:00:00,1005.0,23.3
2023-05-09 11:00:00,1053.0,23.5
2023-05-09 12:00:00,963.0,23.6
2023-05-09 13:00:00,927.0,22.7
2023-05-09 14:00:00,886.0,22.8
2023-05-09 15:00:00,925.0,23.2
2023-05-09 16:00:00,950.0,22.9
2023-05-09 17:00:00,1052.0,22.6
2023-05-09 18:00:00,1015.0,22.2
2023-05-09 19:00:00,1006.0,21.5
2023-05-09 20:00:00,1072.0,21.2
2023-05-09 21:00:00,988.0,20.6
2023-05-09 22:00:00,871.0,19.0
2023-05-09 23:00:00,819.0,18.5
2023-05-10 00:00:00,881.0,17.7
2023-05-10 01:00:00,809.0,17.2
2023-05-10 02:00:00,784.0,17.1
2023-05-10 03:00:00,786.0,17.0
2023-05-10 04:00:00,774.0,17.0
2023-05-10 05:00:00,775.0,16.9
2023-05-10 06:00:00,871.0,16.6
2023-05-10 07:00:00,1017.0,16.2
2023-05-10 08:00:00,1026.0,16.0
2023-05-10 09:00:00,1075.0,16.0
2023-05-10 10:00:00,1074.0,15.9
2023-05-10 11:00:00,1091.0,15.8
2023-05-10 12:00:00,949.0,15.8
2023-05-10 13:00:00,922.0,16.0
2023-05-10 14:00:00,905.0,15.9
2023-05-10 15:00:00,926.0,15.8
2023-05-10 16:00:00,948.0,15.6
2023-05-10 17:00:00,1035.0,15.6
2023-05-10 18:00:00,996.0,15.5
2023-05-10 19:00:00,982.0,15.5
2023-05-10 20:00:00,964.0,15.6
2023-05-10 21:00:00,915.0,15.5
2023-05-10 22:00:00,833.0,15.8
2023-05-10 23:00:00,789.0,15.8
2023-05-11 00:00:00,883.0,15.9
2023-05-11 01:00:00,809.0,15.9
2023-05-11 02:00:00,789.0,15.8
2023-05-11 03:00:00,792.0,15.7
2023-05-11 04:00:00,768.0,15.8
2023-05-11 05:00:00,767.0,15.9
2023-05-11 06:00:00,903.0,15.7
2023-05-11 07:00:00,1007.0,15.7
2023-05-11 08:00:00,1046.0,16.3
2023-05-11 09:00:00,1051.0,16.8
2023-05-11 10:00:00,1043.0,17.7
2023-05-11 11:00:00,1025.0,18.3
2023-05-11 12:00:00,882.0,19.0
2023-05-11 13:00:00,831.0,20.1
2023-05-11 14:00:00,832.0,20.6
2023-05-11 15:00:00,828.0,21.2
2023-05-11 16:00:00,849.0,21.8
2023-05-11 17:00:00,978.0,22.6
2023-05-11 18:00:00,980.0,21.4
2023-05-11 19:00:00,996.0,20.1
2023-05-11 20:00:00,1085.0,18.0
2023-05-11 21:00:00,1034.0,17.1
2023-05-11 22:00:00,921.0,16.8
2023-05-11 23:00:00,825.0,16.9
2023-05-12 00:00:00,899.0,16.4
2023-05-12 01:00:00,830.0,15.7
2023-05-12 02:00:00,780.0,15.3
2023-05-12 03:00:00,761.0,15.1
2023-05-12 04:00:00,765.0,15.4
2023-05-12 05:00:00,791.0,14.7
2023-05-12 06:00:00,922.0,14.4
2023-05-12 07:00:00,999.0,15.6
2023-05-12 08:00:00,1008.0,19.3
2023-05-12 09:00:00,996.0,21.6
2023-05-12 10:00:00,994.0,23.2
2023-05-12 11:00:00,972.0,23.7
2023-05-12 12:00:00,824.0,24.9
2023-05-12 13:00:00,786.0,25.8
2023-05-12 14:00:00,789.0,27.2
2023-05-12 15:00:00,830.0,27.3
2023-05-12 16:00:00,866.0,28.0
2023-05-12 17:00:00,991.0,27.2
2023-05-12 18:00:00,1010.0,26.7
2023-05-12 19:00:00,1016.0,25.4
2023-05-12 20:00:00,1082.0,23.8
2023-05-12 21:00:00,1023.0,22.8
2023-05-12 22:00:00,925.0,20.9
2023-05-12 23:00:00,853.0,20.1
2023-05-13 00:00:00,921.0,20.1
2023-05-13 01:00:00,851.0,19.5
2023-05-13 02:00:00,814.0,18.9
2023-05-13 03:00:00,800.0,18.4
2023-05-13 04:00:00,787.0,17.7
2023-05-13 05:00:00,771.0,17.7
2023-05-13 06:00:00,911.0,17.6
2023-05-13 07:00:00,1001.0,19.2
2023-05-13 08:00:00,1001.0,20.8
2023-05-13 09:00:00,1017.0,22.8
2023-05-13 10:00:00,997.0,25.4
2023-05-13 11:00:00,999.0,27.0
2023-05-13 12:00:00,869.0,27.9
2023-05-13 13:00:00,833.0,28.6
2023-05-13 14:00:00,853.0,28.8
2023-05-13 15:00:00,857.0,28.8
2023-05-13 16:00:00,913.0,28.7
2023-05-13 17:00:00,1016.0,28.1
2023-05-13 18:00:00,992.0,27.0
2023-05-13 19:00:00,1009.0,26.2
2023-05-13 20:00:00,1070.0,25.1
2023-05-13 21:00:00,999.0,24.0
2023-05-13 22:00:00,894.0,23.5
2023-05-13 23:00:00,848.0,23.4
2023-05-14 00:00:00,894.0,22.8
2023-05-14 01:00:00,830.0,22.2
2023-05-14 02:00:00,805.0,21.9
2023-05-14 03:00:00,765.0,21.4
2023-05-14 04:00:00,753.0,20.8
2023-05-14 05:00:00,783.0,20.5
2023-05-14 06:00:00,889.0,20.2
2023-05-14 07:00:00,960.0,20.8
2023-05-14 08:00:00,983.0,22.8
2023-05-14 09:00:00,988.0,25.3
2023-05-14 10:00:00,963.0,26.6
2023-05-14 11:00:00,981.0,28.5
2023-05-14 12:00:00,860.0,28.8
2023-05-14 13:00:00,816.0,29.7
2023-05-14 14:00:00,844.0,29.9
2023-05-14 15:00:00,841.0,30.0
2023-05-14 16:00:00,887.0,29.9
2023-05-14 17:00:00,1016.0,29.8
2023-05-14 18:00:00,1000.0,29.0
2023-05-14 19:00:00,995.0,27.9
2023-05-14 20:00:00,1096.0,27.0
2023-05-14 21:00:00,1016.0,25.8
2023-05-14 22:00:00,893.0,25.2
2023-05-14 23:00:00,830.0,24.8
2023-05-15 00:00:00,894.0,24.7
2023-05-15 01:00:00,835.0,24.2
2023-05-15 02:00:00,799.0,23.4
2023-05-15 03:00:00,770.0,22.7
2023-05-15 04:00:00,773.0,21.9
2023-05-15 05:00:00,796.0,21.2
2023-05-15 06:00:00,947.0,21.4
2023-05-15 07:00:00,1030.0,22.3
2023-05-15 08:00:00,1019.0,23.9
2023-05-15 09:00:00,1037.0,25.0
2023-05-15 10:00:00,1029.0,26.1
2023-05-15 11:00:00,1002.0,27.8
2023-05-15 12:00:00,896.0,29.2
2023-05-15 13:00:00,863.0,30.4
2023-05-15 14:00:00,849.0,30.7
2023-05-15 15:00:00,928.0,31.0
2023-05-15 16:00:00,960.0,31.0
2023-05-15 17:00:00,1060.0,30.3
2023-05-15 18:00:00,1047.0,29.4
2023-05-15 19:00:00,1054.0,28.4
2023-05-15 20:00:00,1121.0,27.8
2023-05-15 21:00:00,1043.0,27.2
2023-05-15 22:00:00,927.0,26.9
2023-05-15 23:00:00,865.0,27.0
2023-05-16 00:00:00,949.0,26.1
2023-05-16 01:00:00,875.0,25.3
2023-05-16 02:00:00,862.0,25.4
2023-05-16 03:00:00,830.0,25.0
2023-05-16 04:00:00,824.0,25.5
2023-05-16 05:00:00,837.0,24.8
2023-05-16 06:00:00,960.0,23.8
2023-05-16 07:00:00,1048.0,24.0
2023-05-16 08:00:00,1067.0,22.7
2023-05-16 09:00:00,1085.0,21.7
2023-05-16 10:00:00,1077.0,21.6
2023-05-16 11:00:00,1066.0,21.7
2023-05-16 12:00:00,915.0,22.8
2023-05-16 13:00:00,851.0,24.9
2023-05-16 14:00:00,856.0,26.6
2023-05-16 15:00:00,905.0,27.6
2023-05-16 16:00:00,965.0,27.7
2023-05-16 17:00:00,1090.0,27.8
2023-05-16 18:00:00,1059.0,26.2
2023-05-16 19:00:00,1050.0,23.3
2023-05-16 20:00:00,1074.0,21.9
2023-05-16 21:00:00,991.0,20.9
2023-05-16 22:00:00,883.0,20.5
2023-05-16 23:00:00,831.0,20.2
2023-05-17 00:00:00,905.0,19.7
2023-05-17 01:00:00,857.0,19.8
2023-05-17 02:00:00,834.0,19.9
2023-05-17 03:00:00,795.0,20.0
2023-05-17 04:00:00,800.0,20.1
2023-05-17 05:00:00,798.0,20.1
2023-05-17 06:00:00,981.0,19.6
2023-05-17 07:00:00,1036.0,20.4
2023-05-17 08:00:00,1017.0,21.5
2023-05-17 09:00:00,1027.0,22.9
2023-05-17 10:00:00,1031.0,23.4
2023-05-17 11:00:00,1001.0,23.7
2023-05-17 12:00:00,880.0,25.8
2023-05-17 13:00:00,868.0,27.5
2023-05-17 14:00:00,847.0,27.9
2023-05-17 15:00:00,889.0,28.9
2023-05-17 16:00:00,933.0,29.4
2023-05-17 17:00:00,1056.0,29.9
2023-05-17 18:00:00,1030.0,29.0
2023-05-17 19:00:00,1050.0,27.7
2023-05-17 20:00:00,1143.0,25.0
2023-05-17 21:00:00,1090.0,23.8
2023-05-17 22:00:00,969.0,23.3
2023-05-17 23:00:00,903.0,22.5
2023-05-18 00:00:00,956.0,22.0
2023-05-18 01:00:00,892.0,21.1
2023-05-18 02:00:00,848.0,20.7
2023-05-18 03:00:00,815.0,20.9
2023-05-18 04:00:00,823.0,20.3
2023-05-18 05:00:00,844.0,20.1
2023-05-18 06:00:00,1029.0,19.9
2023-05-18 07:00:00,1086.0,21.7
2023-05-18 08:00:00,1064.0,24.3
2023-05-18 09:00:00,1063.0,26.4
2023-05-18 10:00:00,1052.0,27.4
2023-05-18 11:00:00,1047.0,28.4
2023-05-18 12:00:00,912.0,29.2
2023-05-18 13:00:00,890.0,29.6
2023-05-18 14:00:00,929.0,30.2
2023-05-18 15:00:00,961.0,30.7
2023-05-18 16:00:00,997.0,30.8
2023-05-18 17:00:00,1098.0,30.5
2023-05-18 18:00:00,1082.0,29.7
2023-05-18 19:00:00,1089.0,29.1
2023-05-18 20:00:00,1172.0,28.4
2023-05-18 21:00:00,1103.0,28.0
2023-05-18 22:00:00,995.0,27.3
2023-05-18 23:00:00,920.0,26.7
2023-05-19 00:00:00,988.0,25.8
2023-05-19 01:00:00,921.0,25.5
2023-05-19 02:00:00,894.0,24.8
2023-05-19 03:00:00,864.0,25.0
2023-05-19 04:00:00,849.0,24.8
2023-05-19 05:00:00,887.0,24.4
2023-05-19 06:00:00,1035.0,24.3
2023-05-19 07:00:00,1087.0,25.0
2023-05-19 08:00:00,1112.0,27.5
2023-05-19 09:00:00,1171.0,28.0
2023-05-19 10:00:00,1153.0,28.3
2023-05-19 11:00:00,1139.0,29.3
2023-05-19 12:00:00,984.0,30.3
2023-05-19 13:00:00,967.0,31.5
2023-05-19 14:00:00,965.0,31.8
2023-05-19 15:00:00,1045.0,31.5
2023-05-19 16:00:00,1073.0,31.2
2023-05-19 17:00:00,1152.0,31.1
2023-05-19 18:00:00,1119.0,30.3
2023-05-19 19:00:00,1137.0,29.6
2023-05-19 20:00:00,1196.0,28.8
2023-05-19 21:00:00,1147.0,28.0
2023-05-19 22:00:00,1042.0,27.8
2023-05-19 23:00:00,977.0,27.6
2023-05-20 00:00:00,1026.0,26.6
2023-05-20 01:00:00,985.0,26.2
2023-05-20 02:00:00,940.0,25.8
2023-05-20 03:00:00,910.0,25.1
2023-05-20 04:00:00,878.0,24.7
2023-05-20 05:00:00,879.0,24.2
2023-05-20 06:00:00,989.0,23.9
2023-05-20 07:00:00,1061.0,23.7
2023-05-20 08:00:00,1087.0,24.5
2023-05-20 09:00:00,1120.0,25.5
2023-05-20 10:00:00,1111.0,26.5
2023-05-20 11:00:00,1118.0,27.1
2023-05-20 12:00:00,1003.0,28.7
2023-05-20 13:00:00,1014.0,27.9
2023-05-20 14:00:00,1005.0,27.8
2023-05-20 15:00:00,1019.0,27.8
2023-05-20 16:00:00,1034.0,27.8
2023-05-20 17:00:00,1118.0,26.7
2023-05-20 18:00:00,1061.0,25.7
2023-05-20 19:00:00,1025.0,25.0
2023-05-20 20:00:00,1127.0,24.6
2023-05-20 21:00:00,1069.0,24.7
2023-05-20 22:00:00,982.0,24.9
2023-05-20 23:00:00,934.0,24.9
2023-05-21 00:00:00,991.0,24.8
2023-05-21 01:00:00,922.0,25.1
2023-05-21 02:00:00,887.0,25.2
2023-05-21 03:00:00,877.0,25.0
2023-05-21 04:00:00,843.0,24.8
2023-05-21 05:00:00,855.0,24.6
2023-05-21 06:00:00,949.0,24.2
2023-05-21 07:00:00,1028.0,24.3
2023-05-21 08:00:00,1061.0,24.9
2023-05-21 09:00:00,1093.0,25.3
2023-05-21 10:00:00,1090.0,25.6
2023-05-21 11:00:00,1109.0,25.8
2023-05-21 12:00:00,1030.0,26.1
2023-05-21 13:00:00,994.0,25.5
2023-05-21 14:00:00,962.0,24.7
2023-05-21 15:00:00,960.0,24.5
2023-05-21 16:00:00,970.0,24.8
2023-05-21 17:00:00,1107.0,24.6
2023-05-21 18:00:00,1090.0,24.4
2023-05-21 19:00:00,1069.0,19.1
2023-05-21 20:00:00,1044.0,17.3
2023-05-21 21:00:00,929.0,16.6
2023-05-21 22:00:00,826.0,16.3
2023-05-21 23:00:00,770.0,15.5
2023-05-22 00:00:00,841.0,15.5
2023-05-22 01:00:00,806.0,15.2
2023-05-22 02:00:00,773.0,15.2
2023-05-22 03:00:00,749.0,15.0
2023-05-22 04:00:00,752.0,14.7
2023-05-22 05:00:00,752.0,14.9
2023-05-22 06:00:00,876.0,14.8
2023-05-22 07:00:00,986.0,15.0
2023-05-22 08:00:00,1023.0,15.2
2023-05-22 09:00:00,1057.0,15.8
2023-05-22 10:00:00,1064.0,15.9
2023-05-22 11:00:00,1057.0,16.4
2023-05-22 12:00:00,908.0,17.0
2023-05-22 13:00:00,850.0,18.0
2023-05-22 14:00:00,851.0,19.0
2023-05-22 15:00:00,888.0,19.2
2023-05-22 16:00:00,889.0,18.9
2023-05-22 17:00:00,1004.0,19.3
2023-05-22 18:00:00,952.0,19.0
2023-05-22 19:00:00,932.0,18.9
2023-05-22 20:00:00,996.0,18.6
2023-05-22 21:00:00,960.0,18.5
2023-05-22 22:00:00,857.0,18.8
2023-05-22 23:00:00,807.0,18.3
2023-05-23 00:00:00,874.0,17.9
2023-05-23 01:00:00,804.0,17.6
2023-05-23 02:00:00,798.0,17.9
2023-05-23 03:00:00,763.0,17.7
2023-05-23 04:00:00,734.0,17.6
2023-05-23 05:00:00,763.0,17.3
2023-05-23 06:00:00,932.0,17.0
2023-05-23 07:00:00,1013.0,17.5
2023-05-23 08:00:00,1034.0,18.0
2023-05-23 09:00:00,1035.0,18.7
2023-05-23 10:00:00,1056.0,19.0
2023-05-23 11:00:00,1039.0,19.7
2023-05-23 12:00:00,937.0,20.0
2023-05-23 13:00:00,904.0,19.3
2023-05-23 14:00:00,889.0,18.3
2023-05-23 15:00:00,880.0,18.3
2023-05-23 16:00:00,940.0,18.8
2023-05-23 17:00:00,1049.0,18.7
2023-05-23 18:00:00,1025.0,18.3
2023-05-23 19:00:00,1022.0,17.8
2023-05-23 20:00:00,1044.0,17.3
2023-05-23 21:00:00,971.0,17.3
2023-05-23 22:00:00,866.0,17.5
2023-05-23 23:00:00,799.0,17.0
2023-05-24 00:00:00,860.0,17.1
2023-05-24 01:00:00,818.0,16.9
2023-05-24 02:00:00,809.0,16.8
2023-05-24 03:00:00,762.0,16.7
2023-05-24 04:00:00,744.0,16.8
2023-05-24 05:00:00,788.0,16.4
2023-05-24 06:00:00,944.0,16.0
2023-05-24 07:00:00,1019.0,16.8
2023-05-24 08:00:00,1000.0,18.5
2023-05-24 09:00:00,981.0,20.0
2023-05-24 10:00:00,959.0,21.3
2023-05-24 11:00:00,941.0,23.1
2023-05-24 12:00:00,810.0,23.9
2023-05-24 13:00:00,781.0,24.7
2023-05-24 14:00:00,813.0,25.7
2023-05-24 15:00:00,842.0,25.7
2023-05-24 16:00:00,890.0,25.9
2023-05-24 17:00:00,995.0,26.1
2023-05-24 18:00:00,993.0,25.6
2023-05-24 19:00:00,1014.0,24.8
2023-05-24 20:00:00,1102.0,23.8
2023-05-24 21:00:00,1057.0,23.1
2023-05-24 22:00:00,932.0,22.3
2023-05-24 23:00:00,839.0,21.4
2023-05-25 00:00:00,902.0,21.5
2023-05-25 01:00:00,827.0,21.6
2023-05-25 02:00:00,791.0,21.2
2023-05-25 03:00:00,775.0,21.1
2023-05-25 04:00:00,791.0,21.2
2023-05-25 05:00:00,776.0,20.9
2023-05-25 06:00:00,929.0,21.0
2023-05-25 07:00:00,1005.0,21.6
2023-05-25 08:00:00,997.0,22.7
2023-05-25 09:00:00,1003.0,24.0
2023-05-25 10:00:00,993.0,24.9
2023-05-25 11:00:00,1030.0,26.4
2023-05-25 12:00:00,866.0,27.5
2023-05-25 13:00:00,847.0,28.1
2023-05-25 14:00:00,883.0,29.6
2023-05-25 15:00:00,918.0,29.9
2023-05-25 16:00:00,964.0,29.7
2023-05-25 17:00:00,1055.0,29.6
2023-05-25 18:00:00,1046.0,29.2
2023-05-25 19:00:00,1059.0,28.7
2023-05-25 20:00:00,1114.0,27.9
2023-05-25 21:00:00,1040.0,27.7
2023-05-25 22:00:00,947.0,27.3
2023-05-25 23:00:00,890.0,27.0
2023-05-26 00:00:00,934.0,26.3
2023-05-26 01:00:00,875.0,25.5
2023-05-26 02:00:00,833.0,24.4
2023-05-26 03:00:00,813.0,24.1
2023-05-26 04:00:00,813.0,23.8
2023-05-26 05:00:00,832.0,23.4
2023-05-26 06:00:00,940.0,23.3
2023-05-26 07:00:00,1052.0,23.3
2023-05-26 08:00:00,1072.0,23.4
2023-05-26 09:00:00,1085.0,23.8
2023-05-26 10:00:00,1076.0,25.6
2023-05-26 11:00:00,1056.0,26.8
2023-05-26 12:00:00,906.0,28.5
2023-05-26 13:00:00,873.0,29.9
2023-05-26 14:00:00,959.0,29.4
2023-05-26 15:00:00,925.0,28.6
2023-05-26 16:00:00,963.0,28.4
2023-05-26 17:00:00,1060.0,26.5
2023-05-26 18:00:00,1040.0,24.8
2023-05-26 19:00:00,1049.0,24.9
2023-05-26 20:00:00,1116.0,24.8
2023-05-26 21:00:00,1072.0,24.6
2023-05-26 22:00:00,980.0,24.4
2023-05-26 23:00:00,906.0,24.1
2023-05-27 00:00:00,939.0,23.7
2023-05-27 01:00:00,895.0,23.5
2023-05-27 02:00:00,844.0,23.1
2023-05-27 03:00:00,832.0,22.9
2023-05-27 04:00:00,833.0,22.6
2023-05-27 05:00:00,824.0,22.6
2023-05-27 06:00:00,947.0,22.5
2023-05-27 07:00:00,1033.0,22.8
2023-05-27 08:00:00,1070.0,23.3
2023-05-27 09:00:00,1064.0,24.8
2023-05-27 10:00:00,1028.0,27.3
2023-05-27 11:00:00,1009.0,31.1
2023-05-27 12:00:00,883.0,33.4
2023-05-27 13:00:00,869.0,34.9
2023-05-27 14:00:00,938.0,35.4
2023-05-27 15:00:00,1007.0,34.6
2023-05-27 16:00:00,1031.0,34.7
2023-05-27 17:00:00,1129.0,33.3
2023-05-27 18:00:00,1123.0,32.6
2023-05-27 19:00:00,1139.0,32.1
2023-05-27 20:00:00,1251.0,31.5
2023-05-27 21:00:00,1237.0,32.0
2023-05-27 22:00:00,1137.0,30.8
2023-05-27 23:00:00,1055.0,30.3
2023-05-28 00:00:00,1111.0,29.6
2023-05-28 01:00:00,1007.0,28.7
2023-05-28 02:00:00,980.0,28.3
2023-05-28 03:00:00,938.0,29.8
2023-05-28 04:00:00,929.0,29.9
2023-05-28 05:00:00,938.0,30.0
2023-05-28 06:00:00,1070.0,29.6
2023-05-28 07:00:00,1116.0,29.7
2023-05-28 08:00:00,1133.0,30.6
2023-05-28 09:00:00,1125.0,31.0
2023-05-28 10:00:00,1156.0,32.7
2023-05-28 11:00:00,1102.0,34.0
2023-05-28 12:00:00,1004.0,35.2
2023-05-28 13:00:00,1005.0,35.4
2023-05-28 14:00:00,1085.0,36.1
2023-05-28 15:00:00,1151.0,35.7
2023-05-28 16:00:00,1166.0,36.5
2023-05-28 17:00:00,1237.0,35.1
2023-05-28 18:00:00,1220.0,35.6
2023-05-28 19:00:00,1240.0,34.3
2023-05-28 20:00:00,1393.0,33.1
2023-05-28 21:00:00,1406.0,31.9
2023-05-28 22:00:00,1308.0,31.3
2023-05-28 23:00:00,1207.0,31.4
2023-05-29 00:00:00,1216.0,30.2
2023-05-29 01:00:00,1132.0,29.9
2023-05-29 02:00:00,1061.0,28.2
2023-05-29 03:00:00,1009.0,26.4
2023-05-29 04:00:00,977.0,25.4
2023-05-29 05:00:00,970.0,24.8
2023-05-29 06:00:00,1062.0,24.7
2023-05-29 07:00:00,1120.0,24.4
2023-05-29 08:00:00,1153.0,24.5
2023-05-29 09:00:00,1166.0,24.3
2023-05-29 10:00:00,1177.0,25.0
2023-05-29 11:00:00,1135.0,26.3
2023-05-29 12:00:00,1006.0,27.8
2023-05-29 13:00:00,997.0,29.3
2023-05-29 14:00:00,1023.0,29.6
2023-05-29 15:00:00,1081.0,30.5
2023-05-29 16:00:00,1124.0,30.8
2023-05-29 17:00:00,1229.0,31.1
2023-05-29 18:00:00,1212.0,30.7
2023-05-29 19:00:00,1231.0,29.9
2023-05-29 20:00:00,1405.0,29.4
2023-05-29 21:00:00,1411.0,29.1
2023-05-29 22:00:00,1313.0,28.6
2023-05-29 23:00:00,1212.0,27.9
2023-05-30 00:00:00,1259.0,27.8
2023-05-30 01:00:00,1165.0,26.5
2023-05-30 02:00:00,1120.0,25.9
2023-05-30 03:00:00,1052.0,25.3
2023-05-30 04:00:00,1027.0,24.8
2023-05-30 05:00:00,1048.0,24.7
2023-05-30 06:00:00,1128.0,23.8
2023-05-30 07:00:00,1194.0,23.8
2023-05-30 08:00:00,1230.0,23.7
2023-05-30 09:00:00,1268.0,24.0
2023-05-30 10:00:00,1206.0,24.0
2023-05-30 11:00:00,1225.0,24.6
2023-05-30 12:00:00,1100.0,25.5
2023-05-30 13:00:00,1104.0,25.7
2023-05-30 14:00:00,1107.0,25.7
2023-05-30 15:00:00,1116.0,25.7
2023-05-30 16:00:00,1151.0,25.5
2023-05-30 17:00:00,1226.0,25.4
2023-05-30 18:00:00,1108.0,25.3
2023-05-30 19:00:00,1095.0,25.2
2023-05-30 20:00:00,1155.0,25.3
2023-05-30 21:00:00,1111.0,25.3
2023-05-30 22:00:00,1025.0,25.1
2023-05-30 23:00:00,961.0,24.9
2023-05-31 00:00:00,1018.0,24.7
2023-05-31 01:00:00,963.0,24.7
2023-05-31 02:00:00,915.0,24.6
2023-05-31 03:00:00,892.0,24.5
2023-05-31 04:00:00,884.0,24.3
2023-05-31 05:00:00,893.0,24.3
2023-05-31 06:00:00,1034.0,24.2
2023-05-31 07:00:00,1111.0,24.3
2023-05-31 08:00:00,1119.0,24.3
2023-05-31 09:00:00,1126.0,24.7
2023-05-31 10:00:00,1108.0,25.8
2023-05-31 11:00:00,1087.0,27.2
2023-05-31 12:00:00,1001.0,27.4
2023-05-31 13:00:00,999.0,27.5
2023-05-31 14:00:00,993.0,28.1
2023-05-31 15:00:00,1041.0,28.4
2023-05-31 16:00:00,1057.0,28.0
2023-05-31 17:00:00,1127.0,27.7
2023-05-31 18:00:00,1077.0,27.6
2023-05-31 19:00:00,1074.0,27.2
2023-05-31 20:00:00,1172.0,26.6
2023-05-31 21:00:00,1132.0,26.8
2023-05-31 22:00:00,1052.0,26.3
2023-05-31 23:00:00,948.0,25.6
2023-06-01 00:00:00,1019.0,25.4
2023-06-01 01:00:00,958.0,25.3
2023-06-01 02:00:00,923.0,24.9
2023-06-01 03:00:00,876.0,25.1
2023-06-01 04:00:00,881.0,24.7
2023-06-01 05:00:00,897.0,24.6
2023-06-01 06:00:00,1031.0,24.6
2023-06-01 07:00:00,1080.0,24.4
2023-06-01 08:00:00,1095.0,24.6
2023-06-01 09:00:00,1130.0,25.3
2023-06-01 10:00:00,1103.0,25.9
2023-06-01 11:00:00,1108.0,27.5
2023-06-01 12:00:00,1009.0,27.9
2023-06-01 13:00:00,956.0,28.5
2023-06-01 14:00:00,1011.0,28.6
2023-06-01 15:00:00,1039.0,28.7
2023-06-01 16:00:00,1057.0,29.0
2023-06-01 17:00:00,1118.0,29.0
2023-06-01 18:00:00,1058.0,28.4
2023-06-01 19:00:00,1072.0,27.9
2023-06-01 20:00:00,1144.0,26.3
2023-06-01 21:00:00,1103.0,26.4
2023-06-01 22:00:00,1018.0,26.3
2023-06-01 23:00:00,947.0,26.0
2023-06-02 00:00:00,1007.0,25.8
2023-06-02 01:00:00,943.0,25.6
2023-06-02 02:00:00,901.0,25.5
2023-06-02 03:00:00,876.0,25.2
2023-06-02 04:00:00,856.0,24.9
2023-06-02 05:00:00,894.0,24.7
2023-06-02 06:00:00,1026.0,25.0
2023-06-02 07:00:00,1086.0,25.2
2023-06-02 08:00:00,1093.0,26.3
2023-06-02 09:00:00,1132.0,27.7
2023-06-02 10:00:00,1151.0,28.6
2023-06-02 11:00:00,1187.0,29.4
2023-06-02 12:00:00,1081.0,29.8
2023-06-02 13:00:00,1097.0,30.0
2023-06-02 14:00:00,1056.0,29.3
2023-06-02 15:00:00,1079.0,29.3
2023-06-02 16:00:00,1102.0,28.6
2023-06-02 17:00:00,1155.0,28.6
2023-06-02 18:00:00,1113.0,28.4
2023-06-02 19:00:00,1128.0,27.9
2023-06-02 20:00:00,1188.0,27.8
2023-06-02 21:00:00,1140.0,27.5
2023-06-02 22:00:00,1076.0,27.4
2023-06-02 23:00:00,1006.0,27.2
2023-06-03 00:00:00,1059.0,26.8
2023-06-03 01:00:00,955.0,26.2
2023-06-03 02:00:00,949.0,25.5
2023-06-03 03:00:00,905.0,25.1
2023-06-03 04:00:00,866.0,24.9
2023-06-03 05:00:00,901.0,24.7
2023-06-03 06:00:00,1019.0,24.4
2023-06-03 07:00:00,1034.0,24.0
2023-06-03 08:00:00,1073.0,23.9
2023-06-03 09:00:00,1081.0,24.0
2023-06-03 10:00:00,1097.0,23.8
2023-06-03 11:00:00,1110.0,24.3
2023-06-03 12:00:00,978.0,24.1
2023-06-03 13:00:00,923.0,24.3
2023-06-03 14:00:00,936.0,25.5
2023-06-03 15:00:00,949.0,24.9
2023-06-03 16:00:00,966.0,25.2
2023-06-03 17:00:00,1043.0,25.2
2023-06-03 18:00:00,1007.0,25.3
2023-06-03 19:00:00,1016.0,24.6
2023-06-03 20:00:00,1079.0,24.1
2023-06-03 21:00:00,1050.0,23.8
2023-06-03 22:00:00,965.0,23.9
2023-06-03 23:00:00,901.0,23.9
2023-06-04 00:00:00,966.0,23.8
2023-06-04 01:00:00,895.0,23.8
2023-06-04 02:00:00,844.0,23.7
2023-06-04 03:00:00,813.0,23.4
2023-06-04 04:00:00,827.0,22.9
2023-06-04 05:00:00,842.0,22.5
2023-06-04 06:00:00,975.0,22.3
2023-06-04 07:00:00,1015.0,22.6
2023-06-04 08:00:00,1047.0,22.8
2023-06-04 09:00:00,1071.0,23.6
2023-06-04 10:00:00,1050.0,24.8
2023-06-04 11:00:00,1029.0,25.7
2023-06-04 12:00:00,887.0,26.9
2023-06-04 13:00:00,889.0,28.1
2023-06-04 14:00:00,918.0,28.3
2023-06-04 15:00:00,959.0,27.7
2023-06-04 16:00:00,1002.0,27.5
2023-06-04 17:00:00,1090.0,27.0
2023-06-04 18:00:00,1046.0,26.5
2023-06-04 19:00:00,1047.0,25.4
2023-06-04 20:00:00,1130.0,24.8
2023-06-04 21:00:00,1064.0,24.3
2023-06-04 22:00:00,941.0,23.4
2023-06-04 23:00:00,866.0,22.6
2023-06-05 00:00:00,918.0,21.5
2023-06-05 01:00:00,863.0,20.8
2023-06-05 02:00:00,831.0,19.3
2023-06-05 03:00:00,824.0,19.2
2023-06-05 04:00:00,803.0,19.2
2023-06-05 05:00:00,835.0,19.6
2023-06-05 06:00:00,959.0,19.8
2023-06-05 07:00:00,1037.0,19.7
2023-06-05 08:00:00,1074.0,19.6
2023-06-05 09:00:00,1144.0,20.0
2023-06-05 10:00:00,1132.0,20.7
2023-06-05 11:00:00,1104.0,21.2
2023-06-05 12:00:00,955.0,21.4
2023-06-05 13:00:00,936.0,21.4
2023-06-05 14:00:00,947.0,21.4
2023-06-05 15:00:00,972.0,21.1
2023-06-05 16:00:00,1027.0,20.8
2023-06-05 17:00:00,1076.0,20.7
2023-06-05 18:00:00,1010.0,20.6
2023-06-05 19:00:00,968.0,20.5
2023-06-05 20:00:00,1005.0,20.4
2023-06-05 21:00:00,970.0,20.6
2023-06-05 22:00:00,892.0,20.5
2023-06-05 23:00:00,832.0,20.3
2023-06-06 00:00:00,903.0,20.2
2023-06-06 01:00:00,870.0,20.1
2023-06-06 02:00:00,840.0,19.8
2023-06-06 03:00:00,826.0,19.7
2023-06-06 04:00:00,800.0,19.7
2023-06-06 05:00:00,822.0,19.7
2023-06-06 06:00:00,946.0,19.6
2023-06-06 07:00:00,1069.0,19.8
2023-06-06 08:00:00,1057.0,20.7
2023-06-06 09:00:00,1092.0,21.9
2023-06-06 10:00:00,1081.0,23.3
2023-06-06 11:00:00,1078.0,22.8
2023-06-06 12:00:00,946.0,23.9
2023-06-06 13:00:00,906.0,23.5
2023-06-06 14:00:00,934.0,24.8
2023-06-06 15:00:00,928.0,25.3
2023-06-06 16:00:00,987.0,25.2
2023-06-06 17:00:00,1041.0,25.9
2023-06-06 18:00:00,1014.0,26.0
2023-06-06 19:00:00,1029.0,24.8
2023-06-06 20:00:00,1114.0,23.8
2023-06-06 21:00:00,1089.0,23.5
2023-06-06 22:00:00,978.0,22.9
2023-06-06 23:00:00,893.0,22.3
2023-06-07 00:00:00,941.0,22.4
2023-06-07 01:00:00,890.0,22.0
2023-06-07 02:00:00,850.0,21.5
2023-06-07 03:00:00,835.0,21.4
2023-06-07 04:00:00,833.0,21.3
2023-06-07 05:00:00,839.0,20.9
2023-06-07 06:00:00,983.0,21.3
2023-06-07 07:00:00,1085.0,22.3
2023-06-07 08:00:00,1113.0,23.6
2023-06-07 09:00:00,1138.0,25.5
2023-06-07 10:00:00,1083.0,27.9
2023-06-07 11:00:00,1065.0,29.3
2023-06-07 12:00:00,923.0,30.4
2023-06-07 13:00:00,922.0,31.0
2023-06-07 14:00:00,931.0,32.0
2023-06-07 15:00:00,999.0,33.1
2023-06-07 16:00:00,1073.0,32.6
2023-06-07 17:00:00,1163.0,31.4
2023-06-07 18:00:00,1112.0,30.9
2023-06-07 19:00:00,1136.0,30.3
2023-06-07 20:00:00,1222.0,28.7
2023-06-07 21:00:00,1164.0,27.2
2023-06-07 22:00:00,1058.0,27.3
2023-06-07 23:00:00,981.0,26.8
2023-06-08 00:00:00,1048.0,26.8
2023-06-08 01:00:00,964.0,26.1
2023-06-08 02:00:00,938.0,26.0
2023-06-08 03:00:00,912.0,25.9
2023-06-08 04:00:00,893.0,25.9
2023-06-08 05:00:00,909.0,26.0
2023-06-08 06:00:00,1046.0,25.8
2023-06-08 07:00:00,1107.0,25.8
2023-06-08 08:00:00,1169.0,27.1
2023-06-08 09:00:00,1205.0,27.0
2023-06-08 10:00:00,1230.0,27.3
2023-06-08 11:00:00,1193.0,27.8
2023-06-08 12:00:00,1071.0,28.1
2023-06-08 13:00:00,1025.0,28.4
2023-06-08 14:00:00,1017.0,30.1
2023-06-08 15:00:00,1093.0,30.5
2023-06-08 16:00:00,1146.0,29.9
2023-06-08 17:00:00,1206.0,29.4
2023-06-08 18:00:00,1131.0,29.2
2023-06-08 19:00:00,1135.0,28.7
2023-06-08 20:00:00,1219.0,27.8
2023-06-08 21:00:00,1183.0,27.0
2023-06-08 22:00:00,1079.0,26.6
2023-06-08 23:00:00,989.0,26.5
2023-06-09 00:00:00,1072.0,26.5
2023-06-09 01:00:00,976.0,26.2
2023-06-09 02:00:00,963.0,26.1
2023-06-09 03:00:00,913.0,25.8
2023-06-09 04:00:00,902.0,25.5
2023-06-09 05:00:00,926.0,25.1
2023-06-09 06:00:00,1069.0,24.7
2023-06-09 07:00:00,1129.0,26.2
2023-06-09 08:00:00,1175.0,29.1
2023-06-09 09:00:00,1235.0,30.4
2023-06-09 10:00:00,1285.0,30.7
2023-06-09 11:00:00,1240.0,31.4
2023-06-09 12:00:00,1095.0,32.1
2023-06-09 13:00:00,1087.0,32.5
2023-06-09 14:00:00,1088.0,34.4
2023-06-09 15:00:00,1114.0,34.3
2023-06-09 16:00:00,1169.0,34.6
2023-06-09 17:00:00,1264.0,33.8
2023-06-09 18:00:00,1213.0,33.0
2023-06-09 19:00:00,1211.0,31.9
2023-06-09 20:00:00,1307.0,30.5
2023-06-09 21:00:00,1309.0,30.0
2023-06-09 22:00:00,1235.0,29.4
2023-06-09 23:00:00,1145.0,29.1
2023-06-10 00:00:00,1198.0,28.8
2023-06-10 01:00:00,1116.0,27.9
2023-06-10 02:00:00,1053.0,27.1
2023-06-10 03:00:00,988.0,26.2
2023-06-10 04:00:00,981.0,26.0
2023-06-10 05:00:00,978.0,25.9
2023-06-10 06:00:00,1091.0,26.2
2023-06-10 07:00:00,1114.0,27.1
2023-06-10 08:00:00,1170.0,29.4
2023-06-10 09:00:00,1227.0,30.5
2023-06-10 10:00:00,1264.0,32.2
2023-06-10 11:00:00,1293.0,33.1
2023-06-10 12:00:00,1203.0,34.9
2023-06-10 13:00:00,1205.0,34.7
2023-06-10 14:00:00,1224.0,35.0
2023-06-10 15:00:00,1261.0,35.8
2023-06-10 16:00:00,1279.0,35.2
2023-06-10 17:00:00,1360.0,34.2
2023-06-10 18:00:00,1265.0,33.7
2023-06-10 19:00:00,1272.0,31.9
2023-06-10 20:00:00,1394.0,30.6
2023-06-10 21:00:00,1431.0,29.8
2023-06-10 22:00:00,1350.0,28.7
2023-06-10 23:00:00,1238.0,28.4
2023-06-11 00:00:00,1258.0,28.2
2023-06-11 01:00:00,1194.0,27.9
2023-06-11 02:00:00,1113.0,27.9
2023-06-11 03:00:00,1092.0,27.1
2023-06-11 04:00:00,1039.0,26.5
2023-06-11 05:00:00,1034.0,26.2
2023-06-11 06:00:00,1135.0,26.0
2023-06-11 07:00:00,1166.0,27.7
2023-06-11 08:00:00,1182.0,29.3
2023-06-11 09:00:00,1245.0,30.3
2023-06-11 10:00:00,1293.0,32.8
2023-06-11 11:00:00,1312.0,32.6
2023-06-11 12:00:00,1202.0,34.0
2023-06-11 13:00:00,1239.0,34.3
2023-06-11 14:00:00,1254.0,34.5
2023-06-11 15:00:00,1276.0,35.1
2023-06-11 16:00:00,1286.0,36.1
2023-06-11 17:00:00,1356.0,34.8
2023-06-11 18:00:00,1285.0,34.3
2023-06-11 19:00:00,1316.0,33.3
2023-06-11 20:00:00,1433.0,32.2
2023-06-11 21:00:00,1499.0,31.6
2023-06-11 22:00:00,1397.0,31.2
2023-06-11 23:00:00,1255.0,30.5
2023-06-12 00:00:00,1279.0,29.6
2023-06-12 01:00:00,1197.0,28.9
2023-06-12 02:00:00,1119.0,28.4
2023-06-12 03:00:00,1035.0,27.3
2023-06-12 04:00:00,1026.0,26.7
2023-06-12 05:00:00,999.0,26.3
2023-06-12 06:00:00,1107.0,26.4
2023-06-12 07:00:00,1127.0,26.5
2023-06-12 08:00:00,1180.0,27.8
2023-06-12 09:00:00,1258.0,29.0
2023-06-12 10:00:00,1289.0,29.5
2023-06-12 11:00:00,1243.0,30.1
2023-06-12 12:00:00,1172.0,31.1
2023-06-12 13:00:00,1175.0,32.1
2023-06-12 14:00:00,1204.0,31.6
2023-06-12 15:00:00,1246.0,31.6
2023-06-12 16:00:00,1250.0,31.5
2023-06-12 17:00:00,1300.0,31.8
2023-06-12 18:00:00,1254.0,31.1
2023-06-12 19:00:00,1278.0,30.6
2023-06-12 20:00:00,1393.0,30.0
2023-06-12 21:00:00,1469.0,29.8
2023-06-12 22:00:00,1318.0,29.5
2023-06-12 23:00:00,1214.0,29.2
2023-06-13 00:00:00,1267.0,28.7
2023-06-13 01:00:00,1150.0,28.1
2023-06-13 02:00:00,1084.0,26.5
2023-06-13 03:00:00,995.0,24.6
2023-06-13 04:00:00,968.0,24.3
2023-06-13 05:00:00,976.0,24.0
2023-06-13 06:00:00,1068.0,23.9
2023-06-13 07:00:00,1112.0,24.1
2023-06-13 08:00:00,1141.0,24.5
2023-06-13 09:00:00,1224.0,24.7
2023-06-13 10:00:00,1230.0,25.7
2023-06-13 11:00:00,1128.0,26.7
2023-06-13 12:00:00,1085.0,28.5
2023-06-13 13:00:00,1079.0,27.7
2023-06-13 14:00:00,1109.0,28.1
2023-06-13 15:00:00,1117.0,29.4
2023-06-13 16:00:00,1121.0,29.1
2023-06-13 17:00:00,1220.0,29.5
2023-06-13 18:00:00,1159.0,29.1
2023-06-13 19:00:00,1182.0,28.5
2023-06-13 20:00:00,1265.0,27.5
2023-06-13 21:00:00,1275.0,26.9
2023-06-13 22:00:00,1191.0,26.0
2023-06-13 23:00:00,1083.0,25.5
2023-06-14 00:00:00,1177.0,24.8
2023-06-14 01:00:00,1058.0,24.4
2023-06-14 02:00:00,1008.0,24.1
2023-06-14 03:00:00,995.0,24.0
2023-06-14 04:00:00,1064.0,24.5
2023-06-14 05:00:00,985.0,24.3
2023-06-14 06:00:00,993.0,24.3
2023-06-14 07:00:00,1127.0,25.2
2023-06-14 08:00:00,1187.0,26.3
2023-06-14 09:00:00,1270.0,26.8
2023-06-14 10:00:00,1255.0,27.5
2023-06-14 11:00:00,1260.0,28.1
2023-06-14 12:00:00,1122.0,28.5
2023-06-14 13:00:00,1108.0,29.6
2023-06-14 14:00:00,1123.0,29.8
2023-06-14 15:00:00,1139.0,30.5
2023-06-14 16:00:00,1163.0,31.0
2023-06-14 17:00:00,1231.0,31.1
2023-06-14 18:00:00,1154.0,30.4
2023-06-14 19:00:00,1181.0,29.3
2023-06-14 20:00:00,1281.0,27.9
2023-06-14 21:00:00,1309.0,27.5
2023-06-14 22:00:00,1180.0,26.5
2023-06-14 23:00:00,1070.0,25.8
2023-06-15 00:00:00,1134.0,25.3
2023-06-15 01:00:00,1042.0,25.0
2023-06-15 02:00:00,1021.0,25.0
2023-06-15 03:00:00,952.0,24.9
2023-06-15 04:00:00,958.0,25.3
2023-06-15 05:00:00,945.0,25.0
2023-06-15 06:00:00,1057.0,24.5
2023-06-15 07:00:00,1119.0,25.3
2023-06-15 08:00:00,1179.0,26.4
2023-06-15 09:00:00,1209.0,27.3
2023-06-15 10:00:00,1233.0,28.0
2023-06-15 11:00:00,1228.0,29.1
2023-06-15 12:00:00,1129.0,29.5
2023-06-15 13:00:00,1155.0,30.3
2023-06-15 14:00:00,1160.0,30.3
2023-06-15 15:00:00,1163.0,29.1
2023-06-15 16:00:00,1168.0,28.3
2023-06-15 17:00:00,1217.0,28.4
2023-06-15 18:00:00,1157.0,28.5
2023-06-15 19:00:00,1139.0,27.7
2023-06-15 20:00:00,1249.0,26.9
2023-06-15 21:00:00,1252.0,26.6
2023-06-15 22:00:00,1129.0,26.5
2023-06-15 23:00:00,1023.0,26.3
2023-06-16 00:00:00,1096.0,26.2
2023-06-16 01:00:00,1042.0,25.6
2023-06-16 02:00:00,978.0,25.8
2023-06-16 03:00:00,954.0,26.1
2023-06-16 04:00:00,930.0,26.1
2023-06-16 05:00:00,948.0,25.7
2023-06-16 06:00:00,962.0,24.3
2023-06-16 07:00:00,1072.0,22.7
2023-06-16 08:00:00,1123.0,22.2
2023-06-16 09:00:00,1188.0,22.3
2023-06-16 10:00:00,1182.0,22.2
2023-06-16 11:00:00,1155.0,22.6
2023-06-16 12:00:00,1017.0,23.7
2023-06-16 13:00:00,976.0,24.6
2023-06-16 14:00:00,1008.0,25.0
2023-06-16 15:00:00,1016.0,24.9
2023-06-16 16:00:00,1043.0,25.1
2023-06-16 17:00:00,1099.0,25.3
2023-06-16 18:00:00,1052.0,25.3
2023-06-16 19:00:00,1056.0,25.3
2023-06-16 20:00:00,1032.0,25.3
2023-06-16 21:00:00,1152.0,25.1
2023-06-16 22:00:00,1006.0,24.7
2023-06-16 23:00:00,962.0,24.3
2023-06-17 00:00:00,985.0,24.1
2023-06-17 01:00:00,932.0,23.9
2023-06-17 02:00:00,894.0,23.8
2023-06-17 03:00:00,912.0,23.8
2023-06-17 04:00:00,877.0,23.8
2023-06-17 05:00:00,871.0,23.7
2023-06-17 06:00:00,1012.0,23.9
2023-06-17 07:00:00,1059.0,24.5
2023-06-17 08:00:00,1113.0,25.1
2023-06-17 09:00:00,1142.0,26.1
2023-06-17 10:00:00,1165.0,27.3
2023-06-17 11:00:00,1185.0,29.1
2023-06-17 12:00:00,1032.0,29.9
2023-06-17 13:00:00,1040.0,31.5
2023-06-17 14:00:00,1076.0,33.0
2023-06-17 15:00:00,1146.0,34.4
2023-06-17 16:00:00,1188.0,34.8
2023-06-17 17:00:00,1272.0,34.5
2023-06-17 18:00:00,1246.0,32.9
2023-06-17 19:00:00,1224.0,31.7
2023-06-17 20:00:00,1283.0,31.4
2023-06-17 21:00:00,1300.0,29.0
2023-06-17 22:00:00,1176.0,28.0
2023-06-17 23:00:00,1109.0,28.9
2023-06-18 00:00:00,1142.0,29.0
2023-06-18 01:00:00,1087.0,28.8
2023-06-18 02:00:00,1052.0,28.3
2023-06-18 03:00:00,1019.0,28.2
2023-06-18 04:00:00,979.0,27.8
2023-06-18 05:00:00,957.0,27.8
2023-06-18 06:00:00,1055.0,27.8
2023-06-18 07:00:00,1117.0,28.5
2023-06-18 08:00:00,1112.0,29.0
2023-06-18 09:00:00,1192.0,30.4
2023-06-18 10:00:00,1130.0,31.1
2023-06-18 11:00:00,1295.0,32.0
2023-06-18 12:00:00,1156.0,33.3
2023-06-18 13:00:00,1150.0,34.4
2023-06-18 14:00:00,1139.0,34.4
2023-06-18 15:00:00,1216.0,35.0
2023-06-18 16:00:00,1280.0,34.6
2023-06-18 17:00:00,1305.0,34.0
2023-06-18 18:00:00,1172.0,29.5
2023-06-18 19:00:00,1252.0,28.2
2023-06-18 20:00:00,1330.0,27.2
2023-06-18 21:00:00,1326.0,26.7
2023-06-18 22:00:00,1191.0,26.1
2023-06-18 23:00:00,1083.0,25.5
2023-06-19 00:00:00,1139.0,24.8
2023-06-19 01:00:00,1059.0,24.7
2023-06-19 02:00:00,1001.0,24.6
2023-06-19 03:00:00,973.0,24.7
2023-06-19 04:00:00,918.0,24.6
2023-06-19 05:00:00,942.0,24.3
2023-06-19 06:00:00,1024.0,24.0
2023-06-19 07:00:00,1100.0,23.7
2023-06-19 08:00:00,1144.0,23.7
2023-06-19 09:00:00,1205.0,23.6
2023-06-19 10:00:00,1220.0,24.2
2023-06-19 11:00:00,1182.0,24.6
2023-06-19 12:00:00,1054.0,24.7
2023-06-19 13:00:00,1025.0,25.2
2023-06-19 14:00:00,1061.0,24.7
2023-06-19 15:00:00,1037.0,24.7
2023-06-19 16:00:00,1064.0,25.2
2023-06-19 17:00:00,1131.0,25.5
2023-06-19 18:00:00,1050.0,25.8
2023-06-19 19:00:00,1059.0,25.7
2023-06-19 20:00:00,1150.0,25.2
2023-06-19 21:00:00,1145.0,24.7
2023-06-19 22:00:00,1048.0,24.7
2023-06-19 23:00:00,973.0,24.5
2023-06-20 00:00:00,1042.0,24.7
2023-06-20 01:00:00,973.0,24.7
2023-06-20 02:00:00,943.0,24.6
2023-06-20 03:00:00,884.0,24.4
2023-06-20 04:00:00,903.0,24.4
2023-06-20 05:00:00,897.0,24.3
2023-06-20 06:00:00,1020.0,24.1
2023-06-20 07:00:00,1107.0,24.2
2023-06-20 08:00:00,1109.0,24.2
2023-06-20 09:00:00,1151.0,24.1
2023-06-20 10:00:00,1186.0,24.2
2023-06-20 11:00:00,1191.0,24.3
2023-06-20 12:00:00,1029.0,24.6
2023-06-20 13:00:00,996.0,25.4
2023-06-20 14:00:00,1017.0,25.5
2023-06-20 15:00:00,1040.0,27.3
2023-06-20 16:00:00,1097.0,28.0
2023-06-20 17:00:00,1164.0,28.5
2023-06-20 18:00:00,1129.0,27.9
2023-06-20 19:00:00,1135.0,27.3
2023-06-20 20:00:00,1231.0,27.0
2023-06-20 21:00:00,1246.0,26.4
2023-06-20 22:00:00,1139.0,25.7
2023-06-20 23:00:00,1031.0,25.4
2023-06-21 00:00:00,1086.0,25.0
2023-06-21 01:00:00,1006.0,25.0
2023-06-21 02:00:00,975.0,24.6
2023-06-21 03:00:00,938.0,24.3
2023-06-21 04:00:00,919.0,24.1
2023-06-21 05:00:00,927.0,24.1
2023-06-21 06:00:00,1038.0,24.4
2023-06-21 07:00:00,1075.0,25.3
2023-06-21 08:00:00,1110.0,26.2
2023-06-21 09:00:00,1154.0,27.8
2023-06-21 10:00:00,1199.0,29.4
2023-06-21 11:00:00,1204.0,30.2
2023-06-21 12:00:00,1114.0,31.2
2023-06-21 13:00:00,1114.0,31.8
2023-06-21 14:00:00,1146.0,31.4
2023-06-21 15:00:00,1152.0,31.3
2023-06-21 16:00:00,1178.0,31.2
2023-06-21 17:00:00,1206.0,29.4
2023-06-21 18:00:00,1124.0,28.6
2023-06-21 19:00:00,1120.0,28.4
2023-06-21 20:00:00,1226.0,27.5
2023-06-21 21:00:00,1200.0,26.5
2023-06-21 22:00:00,1068.0,26.2
2023-06-21 23:00:00,1035.0,25.3
2023-06-22 00:00:00,1082.0,24.8
2023-06-22 01:00:00,970.0,24.4
2023-06-22 02:00:00,929.0,24.1
2023-06-22 03:00:00,888.0,23.7
2023-06-22 04:00:00,831.0,21.1
2023-06-22 05:00:00,810.0,21.1
2023-06-22 06:00:00,875.0,21.3
2023-06-22 07:00:00,922.0,21.7
2023-06-22 08:00:00,870.0,21.8
2023-06-22 09:00:00,874.0,22.2
2023-06-22 10:00:00,895.0,21.9
2023-06-22 11:00:00,872.0,22.0
2023-06-22 12:00:00,756.0,22.5
2023-06-22 13:00:00,728.0,22.7
2023-06-22 14:00:00,730.0,22.7
2023-06-22 15:00:00,733.0,22.7
2023-06-22 16:00:00,770.0,22.6
2023-06-22 17:00:00,837.0,22.3
2023-06-22 18:00:00,807.0,22.4
2023-06-22 19:00:00,836.0,21.8
2023-06-22 20:00:00,930.0,21.9
2023-06-22 21:00:00,921.0,21.9
2023-06-22 22:00:00,847.0,22.0
2023-06-22 23:00:00,776.0,21.8
2023-06-23 00:00:00,822.0,21.5
2023-06-23 01:00:00,765.0,21.5
2023-06-23 02:00:00,702.0,21.6
2023-06-23 03:00:00,689.0,21.8
2023-06-23 04:00:00,682.0,21.9
2023-06-23 05:00:00,683.0,21.9
2023-06-23 06:00:00,799.0,21.8
2023-06-23 07:00:00,885.0,21.8
2023-06-23 08:00:00,937.0,22.1
2023-06-23 09:00:00,984.0,22.1
2023-06-23 10:00:00,967.0,22.1
2023-06-23 11:00:00,966.0,22.4
2023-06-23 12:00:00,885.0,23.2
2023-06-23 13:00:00,838.0,23.2
2023-06-23 14:00:00,832.0,22.9
2023-06-23 15:00:00,862.0,22.9
2023-06-23 16:00:00,897.0,22.8
2023-06-23 17:00:00,982.0,22.8
2023-06-23 18:00:00,953.0,22.9
2023-06-23 19:00:00,937.0,22.9
2023-06-23 20:00:00,1017.0,22.8
2023-06-23 21:00:00,995.0,22.7
2023-06-23 22:00:00,900.0,22.5
2023-06-23 23:00:00,844.0,22.3
2023-06-24 00:00:00,898.0,22.1
2023-06-24 01:00:00,848.0,22.1
2023-06-24 02:00:00,790.0,22.1
2023-06-24 03:00:00,747.0,21.9
2023-06-24 04:00:00,746.0,21.7
2023-06-24 05:00:00,780.0,21.6
2023-06-24 06:00:00,882.0,21.5
2023-06-24 07:00:00,937.0,21.9
2023-06-24 08:00:00,988.0,22.5
2023-06-24 09:00:00,1018.0,23.2
2023-06-24 10:00:00,1016.0,23.4
2023-06-24 11:00:00,1027.0,23.0
2023-06-24 12:00:00,907.0,23.0
2023-06-24 13:00:00,854.0,22.8
2023-06-24 14:00:00,882.0,22.7
2023-06-24 15:00:00,911.0,22.4
2023-06-24 16:00:00,931.0,22.1
2023-06-24 17:00:00,1013.0,22.2
2023-06-24 18:00:00,976.0,22.2
2023-06-24 19:00:00,964.0,22.0
2023-06-24 20:00:00,1002.0,22.0
2023-06-24 21:00:00,966.0,21.9
2023-06-24 22:00:00,865.0,21.9
2023-06-24 23:00:00,797.0,21.9
2023-06-25 00:00:00,874.0,21.7
2023-06-25 01:00:00,841.0,21.6
2023-06-25 02:00:00,803.0,21.5
2023-06-25 03:00:00,799.0,21.4
2023-06-25 04:00:00,783.0,21.4
2023-06-25 05:00:00,817.0,21.4
2023-06-25 06:00:00,962.0,21.3
2023-06-25 07:00:00,1011.0,21.8
2023-06-25 08:00:00,996.0,22.8
2023-06-25 09:00:00,997.0,23.8
2023-06-25 10:00:00,980.0,25.4
2023-06-25 11:00:00,967.0,27.2
2023-06-25 12:00:00,880.0,28.5
2023-06-25 13:00:00,901.0,28.6
2023-06-25 14:00:00,914.0,29.4
2023-06-25 15:00:00,925.0,30.2
2023-06-25 16:00:00,989.0,29.2
2023-06-25 17:00:00,1052.0,29.9
2023-06-25 18:00:00,1035.0,29.3
2023-06-25 19:00:00,1055.0,28.4
2023-06-25 20:00:00,1143.0,27.3
2023-06-25 21:00:00,1142.0,26.8
2023-06-25 22:00:00,1025.0,26.3
2023-06-25 23:00:00,921.0,25.5
2023-06-26 00:00:00,989.0,24.9
2023-06-26 01:00:00,933.0,24.3
2023-06-26 02:00:00,888.0,23.8
2023-06-26 03:00:00,834.0,23.5
2023-06-26 04:00:00,812.0,23.2
2023-06-26 05:00:00,835.0,23.0
2023-06-26 06:00:00,968.0,22.9
2023-06-26 07:00:00,1010.0,23.6
2023-06-26 08:00:00,1032.0,24.4
2023-06-26 09:00:00,1026.0,26.7
2023-06-26 10:00:00,1025.0,28.1
2023-06-26 11:00:00,1035.0,29.4
2023-06-26 12:00:00,934.0,31.1
2023-06-26 13:00:00,934.0,31.8
2023-06-26 14:00:00,984.0,32.3
2023-06-26 15:00:00,1001.0,33.4
2023-06-26 16:00:00,1061.0,33.7
2023-06-26 17:00:00,1168.0,33.2
2023-06-26 18:00:00,1139.0,32.3
2023-06-26 19:00:00,1137.0,31.1
2023-06-26 20:00:00,1231.0,29.8
2023-06-26 21:00:00,1249.0,28.9
2023-06-26 22:00:00,1151.0,28.2
2023-06-26 23:00:00,1044.0,27.7
2023-06-27 00:00:00,1107.0,27.2
2023-06-27 01:00:00,1041.0,26.7
2023-06-27 02:00:00,968.0,26.4
2023-06-27 03:00:00,969.0,26.3
2023-06-27 04:00:00,925.0,26.4
2023-06-27 05:00:00,941.0,26.3
2023-06-27 06:00:00,1075.0,26.4
2023-06-27 07:00:00,1102.0,27.1
2023-06-27 08:00:00,1123.0,28.5
2023-06-27 09:00:00,1143.0,30.2
2023-06-27 10:00:00,1174.0,31.4
2023-06-27 11:00:00,1167.0,32.2
2023-06-27 12:00:00,1096.0,33.0
2023-06-27 13:00:00,1104.0,33.5
2023-06-27 14:00:00,1154.0,34.3
2023-06-27 15:00:00,1158.0,34.5
2023-06-27 16:00:00,1202.0,34.4
2023-06-27 17:00:00,1297.0,34.4
2023-06-27 18:00:00,1238.0,33.8
2023-06-27 19:00:00,1253.0,33.3
2023-06-27 20:00:00,1370.0,32.1
2023-06-27 21:00:00,1434.0,31.6
2023-06-27 22:00:00,1350.0,31.2
2023-06-27 23:00:00,1246.0,30.8
2023-06-28 00:00:00,1292.0,31.0
2023-06-28 01:00:00,1212.0,29.9
2023-06-28 02:00:00,1129.0,30.0
2023-06-28 03:00:00,1092.0,29.8
2023-06-28 04:00:00,1068.0,29.6
2023-06-28 05:00:00,1037.0,29.1
2023-06-28 06:00:00,1156.0,28.7
2023-06-28 07:00:00,1187.0,29.0
2023-06-28 08:00:00,1207.0,30.3
2023-06-28 09:00:00,1289.0,31.5
2023-06-28 10:00:00,1298.0,31.7
2023-06-28 11:00:00,1292.0,33.0
2023-06-28 12:00:00,1233.0,33.7
2023-06-28 13:00:00,1257.0,34.7
2023-06-28 14:00:00,1306.0,35.1
2023-06-28 15:00:00,1356.0,35.6
2023-06-28 16:00:00,1390.0,34.5
2023-06-28 17:00:00,1422.0,33.8
2023-06-28 18:00:00,1333.0,33.5
2023-06-28 19:00:00,1335.0,33.0
2023-06-28 20:00:00,1457.0,32.7
2023-06-28 21:00:00,1540.0,32.2
2023-06-28 22:00:00,1452.0,31.1
2023-06-28 23:00:00,1347.0,30.8
2023-06-29 00:00:00,1386.0,30.2
2023-06-29 01:00:00,1301.0,30.0
2023-06-29 02:00:00,1237.0,30.2
2023-06-29 03:00:00,1175.0,30.1
2023-06-29 04:00:00,1145.0,30.0
2023-06-29 05:00:00,1104.0,29.7
2023-06-29 06:00:00,1193.0,29.6
2023-06-29 07:00:00,1197.0,29.7
2023-06-29 08:00:00,1247.0,31.0
2023-06-29 09:00:00,1315.0,32.3
2023-06-29 10:00:00,1375.0,32.9
2023-06-29 11:00:00,1400.0,33.9
2023-06-29 12:00:00,1309.0,35.0
2023-06-29 13:00:00,1381.0,34.5
2023-06-29 14:00:00,1404.0,34.8
2023-06-29 15:00:00,1454.0,34.7
2023-06-29 16:00:00,1435.0,34.3
2023-06-29 17:00:00,1481.0,33.5
2023-06-29 18:00:00,1402.0,32.9
2023-06-29 19:00:00,1397.0,32.7
2023-06-29 20:00:00,1547.0,32.4
2023-06-29 21:00:00,1587.0,32.6
2023-06-29 22:00:00,1510.0,32.2
2023-06-29 23:00:00,1420.0,32.0
2023-06-30 00:00:00,1536.0,31.7
2023-06-30 01:00:00,1336.0,30.5
2023-06-30 02:00:00,1262.0,30.6
2023-06-30 03:00:00,1168.0,29.1
2023-06-30 04:00:00,1189.0,28.4
2023-06-30 05:00:00,1114.0,28.0
2023-06-30 06:00:00,1150.0,27.3
2023-06-30 07:00:00,1204.0,27.3
2023-06-30 08:00:00,1229.0,27.9
2023-06-30 09:00:00,1303.0,28.2
2023-06-30 10:00:00,1307.0,28.6
2023-06-30 11:00:00,1314.0,28.5
2023-06-30 12:00:00,1201.0,26.9
2023-06-30 13:00:00,1155.0,27.6
2023-06-30 14:00:00,1162.0,28.4
2023-06-30 15:00:00,1173.0,28.4
2023-06-30 16:00:00,1167.0,28.0
2023-06-30 17:00:00,1245.0,27.9
2023-06-30 18:00:00,1143.0,27.8
2023-06-30 19:00:00,1152.0,27.7
2023-06-30 20:00:00,1163.0,27.5
2023-06-30 21:00:00,1255.0,27.3
2023-06-30 22:00:00,1201.0,27.2
2023-06-30 23:00:00,1119.0,27.2
2023-07-01 00:00:00,1169.0,27.0
2023-07-01 01:00:00,1096.0,26.9
2023-07-01 02:00:00,1041.0,26.6
2023-07-01 03:00:00,992.0,26.6
2023-07-01 04:00:00,973.0,26.7
2023-07-01 05:00:00,1046.0,26.6
2023-07-01 06:00:00,1067.0,26.5
2023-07-01 07:00:00,1174.0,27.0
2023-07-01 08:00:00,1140.0,27.6
2023-07-01 09:00:00,1168.0,28.8
2023-07-01 10:00:00,1156.0,30.7
2023-07-01 11:00:00,1197.0,32.1
2023-07-01 12:00:00,1177.0,34.4
2023-07-01 13:00:00,1230.0,35.4
2023-07-01 14:00:00,1257.0,31.5
2023-07-01 15:00:00,1183.0,28.1
2023-07-01 16:00:00,1198.0,29.1
2023-07-01 17:00:00,1278.0,31.3
2023-07-01 18:00:00,1250.0,33.1
2023-07-01 19:00:00,1272.0,32.0
2023-07-01 20:00:00,1358.0,30.6
2023-07-01 21:00:00,1482.0,30.3
2023-07-01 22:00:00,1436.0,30.4
2023-07-01 23:00:00,1319.0,29.7
2023-07-02 00:00:00,1366.0,29.4
2023-07-02 01:00:00,1263.0,29.2
2023-07-02 02:00:00,1200.0,29.8
2023-07-02 03:00:00,1137.0,30.2
2023-07-02 04:00:00,1114.0,30.2
2023-07-02 05:00:00,1191.0,29.4
2023-07-02 06:00:00,1193.0,28.7
2023-07-02 07:00:00,1188.0,30.4
2023-07-02 08:00:00,1204.0,31.4
2023-07-02 09:00:00,1254.0,33.1
2023-07-02 10:00:00,1317.0,34.3
2023-07-02 11:00:00,1325.0,35.3
2023-07-02 12:00:00,1340.0,35.8
2023-07-02 13:00:00,1379.0,37.0
2023-07-02 14:00:00,1417.0,37.6
2023-07-02 15:00:00,1449.0,37.7
2023-07-02 16:00:00,1432.0,37.5
2023-07-02 17:00:00,1496.0,37.2
2023-07-02 18:00:00,1471.0,36.9
2023-07-02 19:00:00,1479.0,35.7
2023-07-02 20:00:00,1695.0,34.8
2023-07-02 21:00:00,1742.0,33.9
2023-07-02 22:00:00,1734.0,33.7
2023-07-02 23:00:00,1646.0,33.4
2023-07-03 00:00:00,1647.0,33.3
2023-07-03 01:00:00,1511.0,32.5
2023-07-03 02:00:00,1449.0,31.9
2023-07-03 03:00:00,1346.0,31.4
2023-07-03 04:00:00,1293.0,30.9
2023-07-03 05:00:00,1337.0,31.0
2023-07-03 06:00:00,1325.0,30.8
2023-07-03 07:00:00,1257.0,31.0
2023-07-03 08:00:00,1314.0,31.3
2023-07-03 09:00:00,1385.0,32.2
2023-07-03 10:00:00,1428.0,32.9
2023-07-03 11:00:00,1469.0,34.5
2023-07-03 12:00:00,1448.0,35.2
2023-07-03 13:00:00,1535.0,35.5
2023-07-03 14:00:00,1553.0,36.2
2023-07-03 15:00:00,1537.0,36.3
2023-07-03 16:00:00,1566.0,36.8
2023-07-03 17:00:00,1615.0,36.8
2023-07-03 18:00:00,1565.0,36.4
2023-07-03 19:00:00,1568.0,35.1
2023-07-03 20:00:00,1776.0,34.1
2023-07-03 21:00:00,1780.0,33.7
2023-07-03 22:00:00,1859.0,33.1
2023-07-03 23:00:00,1749.0,32.5
2023-07-04 00:00:00,1700.0,32.4
2023-07-04 01:00:00,1630.0,32.3
2023-07-04 02:00:00,1517.0,31.7
2023-07-04 03:00:00,1444.0,31.4
2023-07-04 04:00:00,1370.0,31.4
2023-07-04 05:00:00,1508.0,30.7
2023-07-04 06:00:00,1431.0,30.4
2023-07-04 07:00:00,1322.0,30.7
2023-07-04 08:00:00,1366.0,30.9
2023-07-04 09:00:00,1391.0,31.0
2023-07-04 10:00:00,1441.0,31.6
2023-07-04 11:00:00,1455.0,33.3
2023-07-04 12:00:00,1424.0,34.5
2023-07-04 13:00:00,1438.0,31.6
2023-07-04 14:00:00,1405.0,27.9
2023-07-04 15:00:00,1342.0,27.4
2023-07-04 16:00:00,1294.0,27.6
2023-07-04 17:00:00,1301.0,27.4
2023-07-04 18:00:00,1200.0,27.6
2023-07-04 19:00:00,1179.0,27.2
2023-07-04 20:00:00,1297.0,27.1
2023-07-04 21:00:00,1334.0,27.1
2023-07-04 22:00:00,1267.0,27.0
2023-07-04 23:00:00,1208.0,26.9
2023-07-05 00:00:00,1216.0,26.8
2023-07-05 01:00:00,1155.0,26.4
2023-07-05 02:00:00,1110.0,26.1
2023-07-05 03:00:00,1058.0,26.3
2023-07-05 04:00:00,1024.0,25.8
2023-07-05 05:00:00,1012.0,25.6
2023-07-05 06:00:00,1128.0,25.6
2023-07-05 07:00:00,1161.0,26.0
2023-07-05 08:00:00,1207.0,26.7
2023-07-05 09:00:00,1280.0,27.9
2023-07-05 10:00:00,1292.0,28.4
2023-07-05 11:00:00,1305.0,29.8
2023-07-05 12:00:00,1252.0,31.0
2023-07-05 13:00:00,1296.0,32.1
2023-07-05 14:00:00,1352.0,32.6
2023-07-05 15:00:00,1363.0,31.2
2023-07-05 16:00:00,1381.0,33.5
2023-07-05 17:00:00,1438.0,33.3
2023-07-05 18:00:00,1431.0,33.4
2023-07-05 19:00:00,1417.0,32.8
2023-07-05 20:00:00,1602.0,31.9
2023-07-05 21:00:00,1715.0,31.6
2023-07-05 22:00:00,1638.0,31.6
2023-07-05 23:00:00,1544.0,31.6
2023-07-06 00:00:00,1568.0,31.8
2023-07-06 01:00:00,1454.0,31.8
2023-07-06 02:00:00,1363.0,31.2
2023-07-06 03:00:00,1311.0,30.6
2023-07-06 04:00:00,1260.0,30.2
2023-07-06 05:00:00,1219.0,30.1
2023-07-06 06:00:00,1261.0,30.0
2023-07-06 07:00:00,1271.0,30.5
2023-07-06 08:00:00,1326.0,31.3
2023-07-06 09:00:00,1356.0,32.3
2023-07-06 10:00:00,1394.0,33.1
2023-07-06 11:00:00,1433.0,34.0
2023-07-06 12:00:00,1421.0,34.9
2023-07-06 13:00:00,1502.0,35.9
2023-07-06 14:00:00,1527.0,36.5
2023-07-06 15:00:00,1568.0,36.6
2023-07-06 16:00:00,1575.0,36.5
2023-07-06 17:00:00,1628.0,35.9
2023-07-06 18:00:00,1551.0,35.5
2023-07-06 19:00:00,1545.0,34.4
2023-07-06 20:00:00,1709.0,33.7
2023-07-06 21:00:00,1893.0,33.4
2023-07-06 22:00:00,1845.0,33.1
2023-07-06 23:00:00,1736.0,32.7
2023-07-07 00:00:00,1754.0,32.4
2023-07-07 01:00:00,1617.0,32.1
2023-07-07 02:00:00,1515.0,31.7
2023-07-07 03:00:00,1439.0,31.5
2023-07-07 04:00:00,1387.0,31.1
2023-07-07 05:00:00,1338.0,31.2
2023-07-07 06:00:00,1348.0,30.9
2023-07-07 07:00:00,1338.0,31.0
2023-07-07 08:00:00,1407.0,31.1
2023-07-07 09:00:00,1462.0,31.6
2023-07-07 10:00:00,1525.0,32.3
2023-07-07 11:00:00,1544.0,33.9
2023-07-07 12:00:00,1524.0,34.2
2023-07-07 13:00:00,1547.0,35.5
2023-07-07 14:00:00,1607.0,36.9
2023-07-07 15:00:00,1634.0,36.7
2023-07-07 16:00:00,1614.0,37.1
2023-07-07 17:00:00,1669.0,36.6
2023-07-07 18:00:00,1588.0,35.6
2023-07-07 19:00:00,1599.0,34.8
2023-07-07 20:00:00,1805.0,34.1
2023-07-07 21:00:00,1961.0,33.7
2023-07-07 22:00:00,1922.0,33.2
2023-07-07 23:00:00,1791.0,32.6
2023-07-08 00:00:00,1810.0,32.2
2023-07-08 01:00:00,1682.0,32.2
2023-07-08 02:00:00,1577.0,31.8
2023-07-08 03:00:00,1491.0,31.5
2023-07-08 04:00:00,1427.0,31.0
2023-07-08 05:00:00,1376.0,30.8
2023-07-08 06:00:00,1384.0,30.8
2023-07-08 07:00:00,1372.0,30.8
2023-07-08 08:00:00,1379.0,30.8
2023-07-08 09:00:00,1418.0,31.7
2023-07-08 10:00:00,1451.0,32.0
2023-07-08 11:00:00,1477.0,32.8
2023-07-08 12:00:00,1490.0,34.1
2023-07-08 13:00:00,1508.0,35.0
2023-07-08 14:00:00,1580.0,35.8
2023-07-08 15:00:00,1582.0,35.1
2023-07-08 16:00:00,1589.0,35.2
2023-07-08 17:00:00,1579.0,34.5
2023-07-08 18:00:00,1455.0,29.8
2023-07-08 19:00:00,1442.0,28.5
2023-07-08 20:00:00,1644.0,28.6
2023-07-08 21:00:00,1712.0,28.5
2023-07-08 22:00:00,1667.0,28.5
2023-07-08 23:00:00,1536.0,28.6
2023-07-09 00:00:00,1569.0,28.7
2023-07-09 01:00:00,1466.0,29.7
2023-07-09 02:00:00,1401.0,30.1
2023-07-09 03:00:00,1309.0,30.2
2023-07-09 04:00:00,1285.0,30.1
2023-07-09 05:00:00,1239.0,29.7
2023-07-09 06:00:00,1271.0,29.8
2023-07-09 07:00:00,1270.0,30.6
2023-07-09 08:00:00,1299.0,31.4
2023-07-09 09:00:00,1308.0,31.4
2023-07-09 10:00:00,1357.0,33.0
2023-07-09 11:00:00,1416.0,34.7
2023-07-09 12:00:00,1433.0,35.6
2023-07-09 13:00:00,1526.0,36.1
2023-07-09 14:00:00,1559.0,37.2
2023-07-09 15:00:00,1566.0,37.0
2023-07-09 16:00:00,1549.0,37.0
2023-07-09 17:00:00,1542.0,36.2
2023-07-09 18:00:00,1449.0,35.7
2023-07-09 19:00:00,1355.0,29.5
2023-07-09 20:00:00,1462.0,26.5
2023-07-09 21:00:00,1511.0,27.1
2023-07-09 22:00:00,1478.0,27.1
2023-07-09 23:00:00,1381.0,27.1
2023-07-10 00:00:00,1445.0,27.2
2023-07-10 01:00:00,1370.0,27.6
2023-07-10 02:00:00,1280.0,27.6
2023-07-10 03:00:00,1231.0,27.3
2023-07-10 04:00:00,1192.0,27.3
2023-07-10 05:00:00,1163.0,27.2
2023-07-10 06:00:00,1236.0,27.7
2023-07-10 07:00:00,1220.0,30.1
2023-07-10 08:00:00,1321.0,31.7
2023-07-10 09:00:00,1377.0,33.0
2023-07-10 10:00:00,1417.0,33.8
2023-07-10 11:00:00,1472.0,35.0
2023-07-10 12:00:00,1489.0,35.9
2023-07-10 13:00:00,1537.0,36.5
2023-07-10 14:00:00,1585.0,37.0
2023-07-10 15:00:00,1597.0,37.5
2023-07-10 16:00:00,1606.0,37.0
2023-07-10 17:00:00,1670.0,37.2
2023-07-10 18:00:00,1615.0,36.2
2023-07-10 19:00:00,1588.0,35.2
2023-07-10 20:00:00,1779.0,34.6
2023-07-10 21:00:00,1946.0,34.0
2023-07-10 22:00:00,1478.0,33.5
2023-07-10 23:00:00,1381.0,33.2
2023-07-11 00:00:00,1775.0,33.1
2023-07-11 01:00:00,1657.0,32.8
2023-07-11 02:00:00,1545.0,32.1
2023-07-11 03:00:00,1476.0,31.8
2023-07-11 04:00:00,1437.0,31.5
2023-07-11 05:00:00,1359.0,31.4
2023-07-11 06:00:00,1368.0,31.4
2023-07-11 07:00:00,1337.0,31.2
2023-07-11 08:00:00,1408.0,32.4
2023-07-11 09:00:00,1490.0,33.4
2023-07-11 10:00:00,1490.0,34.6
2023-07-11 11:00:00,1560.0,34.9
2023-07-11 12:00:00,1540.0,35.7
2023-07-11 13:00:00,1650.0,36.6
2023-07-11 14:00:00,1677.0,37.2
2023-07-11 15:00:00,1713.0,37.4
2023-07-11 16:00:00,1732.0,37.4
2023-07-11 17:00:00,1766.0,37.1
2023-07-11 18:00:00,1697.0,36.9
2023-07-11 19:00:00,1674.0,35.7
2023-07-11 20:00:00,1897.0,34.9
2023-07-11 21:00:00,2066.0,34.2
2023-07-11 22:00:00,2010.0,33.5
2023-07-11 23:00:00,1890.0,33.4
2023-07-12 00:00:00,1891.0,33.2
2023-07-12 01:00:00,1780.0,33.3
2023-07-12 02:00:00,1638.0,32.6
2023-07-12 03:00:00,1597.0,32.1
2023-07-12 04:00:00,1519.0,31.7
2023-07-12 05:00:00,1407.0,31.4
2023-07-12 06:00:00,1408.0,31.4
2023-07-12 07:00:00,1386.0,31.6
2023-07-12 08:00:00,1461.0,32.4
2023-07-12 09:00:00,1540.0,33.6
2023-07-12 10:00:00,1564.0,34.5
2023-07-12 11:00:00,1612.0,35.2
2023-07-12 12:00:00,1574.0,36.0
2023-07-12 13:00:00,1712.0,36.6
2023-07-12 14:00:00,1743.0,36.9
2023-07-12 15:00:00,1772.0,36.5
2023-07-12 16:00:00,1722.0,37.0
2023-07-12 17:00:00,1757.0,35.8
2023-07-12 18:00:00,1693.0,36.2
2023-07-12 19:00:00,1683.0,35.6
2023-07-12 20:00:00,1932.0,34.7
2023-07-12 21:00:00,2150.0,34.3
2023-07-12 22:00:00,2093.0,33.7
2023-07-12 23:00:00,1961.0,33.7
2023-07-13 00:00:00,1941.0,33.4
2023-07-13 01:00:00,1812.0,33.1
2023-07-13 02:00:00,1692.0,32.7
2023-07-13 03:00:00,1609.0,32.4
2023-07-13 04:00:00,1525.0,31.6
2023-07-13 05:00:00,1477.0,31.3
2023-07-13 06:00:00,1442.0,31.1
2023-07-13 07:00:00,1449.0,31.6
2023-07-13 08:00:00,1489.0,32.5
2023-07-13 09:00:00,1553.0,33.1
2023-07-13 10:00:00,1588.0,34.4
2023-07-13 11:00:00,1619.0,35.5
2023-07-13 12:00:00,1638.0,36.3
2023-07-13 13:00:00,1761.0,36.3
2023-07-13 14:00:00,1780.0,37.0
2023-07-13 15:00:00,1800.0,37.7
2023-07-13 16:00:00,1789.0,37.8
2023-07-13 17:00:00,1831.0,37.7
2023-07-13 18:00:00,1765.0,36.8
2023-07-13 19:00:00,1762.0,36.0
2023-07-13 20:00:00,2015.0,35.4
2023-07-13 21:00:00,2182.0,34.8
2023-07-13 22:00:00,2130.0,34.4
2023-07-13 23:00:00,2016.0,34.2
2023-07-14 00:00:00,1973.0,33.5
2023-07-14 01:00:00,1844.0,33.6
2023-07-14 02:00:00,1741.0,33.3
2023-07-14 03:00:00,1655.0,32.9
2023-07-14 04:00:00,1561.0,32.5
2023-07-14 05:00:00,1456.0,30.1
2023-07-14 06:00:00,1436.0,29.6
2023-07-14 07:00:00,1389.0,29.1
2023-07-14 08:00:00,1427.0,28.9
2023-07-14 09:00:00,1465.0,29.1
2023-07-14 10:00:00,1475.0,28.3
2023-07-14 11:00:00,1460.0,28.2
2023-07-14 12:00:00,1396.0,29.3
2023-07-14 13:00:00,1397.0,30.4
2023-07-14 14:00:00,1467.0,30.1
2023-07-14 15:00:00,1446.0,30.5
2023-07-14 16:00:00,1433.0,31.7
2023-07-14 17:00:00,1523.0,31.3
2023-07-14 18:00:00,1391.0,31.2
2023-07-14 19:00:00,1414.0,30.4
2023-07-14 20:00:00,1588.0,29.9
2023-07-14 21:00:00,1684.0,29.7
2023-07-14 22:00:00,1621.0,29.2
2023-07-14 23:00:00,1507.0,29.1
2023-07-15 00:00:00,1517.0,29.0
2023-07-15 01:00:00,1418.0,28.8
2023-07-15 02:00:00,1340.0,28.1
2023-07-15 03:00:00,1275.0,27.9
2023-07-15 04:00:00,1236.0,28.0
2023-07-15 05:00:00,1216.0,28.0
2023-07-15 06:00:00,1244.0,27.6
2023-07-15 07:00:00,1254.0,28.0
2023-07-15 08:00:00,1273.0,28.6
2023-07-15 09:00:00,1337.0,29.3
2023-07-15 10:00:00,1362.0,29.8
2023-07-15 11:00:00,1379.0,30.8
2023-07-15 12:00:00,1368.0,32.3
2023-07-15 13:00:00,1394.0,33.9
2023-07-15 14:00:00,1450.0,34.2
2023-07-15 15:00:00,1464.0,34.9
2023-07-15 16:00:00,1440.0,35.4
2023-07-15 17:00:00,1497.0,34.9
2023-07-15 18:00:00,1439.0,34.3
2023-07-15 19:00:00,1411.0,33.2
2023-07-15 20:00:00,1581.0,32.0
2023-07-15 21:00:00,1687.0,31.5
2023-07-15 22:00:00,1633.0,31.0
2023-07-15 23:00:00,1521.0,30.6
2023-07-16 00:00:00,1527.0,30.1
2023-07-16 01:00:00,1409.0,30.1
2023-07-16 02:00:00,1337.0,30.0
2023-07-16 03:00:00,1273.0,29.3
2023-07-16 04:00:00,1228.0,29.1
2023-07-16 05:00:00,1214.0,28.9
2023-07-16 06:00:00,1234.0,28.7
2023-07-16 07:00:00,1230.0,28.6
2023-07-16 08:00:00,1227.0,28.9
2023-07-16 09:00:00,1260.0,29.3
2023-07-16 10:00:00,1256.0,29.9
2023-07-16 11:00:00,1349.0,31.7
2023-07-16 12:00:00,1299.0,33.2
2023-07-16 13:00:00,1345.0,32.4
2023-07-16 14:00:00,1376.0,32.1
2023-07-16 15:00:00,1405.0,32.4
2023-07-16 16:00:00,1414.0,32.6
2023-07-16 17:00:00,1446.0,33.1
2023-07-16 18:00:00,1391.0,33.0
2023-07-16 19:00:00,1366.0,32.0
2023-07-16 20:00:00,1545.0,31.0
2023-07-16 21:00:00,1654.0,30.2
2023-07-16 22:00:00,1576.0,29.5
2023-07-16 23:00:00,1462.0,28.9
2023-07-17 00:00:00,1458.0,28.4
2023-07-17 01:00:00,1342.0,28.1
2023-07-17 02:00:00,1270.0,28.0
2023-07-17 03:00:00,1222.0,28.1
2023-07-17 04:00:00,1164.0,27.9
2023-07-17 05:00:00,1152.0,27.8
2023-07-17 06:00:00,1200.0,27.6
2023-07-17 07:00:00,1229.0,27.5
2023-07-17 08:00:00,1308.0,27.9
2023-07-17 09:00:00,1368.0,29.0
2023-07-17 10:00:00,1391.0,29.9
2023-07-17 11:00:00,1402.0,30.5
2023-07-17 12:00:00,1351.0,31.3
2023-07-17 13:00:00,1405.0,31.1
2023-07-17 14:00:00,1430.0,31.1
2023-07-17 15:00:00,1404.0,30.8
2023-07-17 16:00:00,1418.0,30.7
2023-07-17 17:00:00,1437.0,30.6
2023-07-17 18:00:00,1332.0,29.9
2023-07-17 19:00:00,1316.0,29.8
2023-07-17 20:00:00,1485.0,29.5
2023-07-17 21:00:00,1545.0,29.2
2023-07-17 22:00:00,1461.0,28.7
2023-07-17 23:00:00,1367.0,28.5
2023-07-18 00:00:00,1395.0,28.2
2023-07-18 01:00:00,1283.0,27.9
2023-07-18 02:00:00,1223.0,27.8
2023-07-18 03:00:00,1181.0,27.5
2023-07-18 04:00:00,1150.0,27.6
2023-07-18 05:00:00,1141.0,27.5
2023-07-18 06:00:00,1192.0,27.3
2023-07-18 07:00:00,1239.0,27.3
2023-07-18 08:00:00,1305.0,27.6
2023-07-18 09:00:00,1354.0,27.9
2023-07-18 10:00:00,1353.0,28.9
2023-07-18 11:00:00,1399.0,31.0
2023-07-18 12:00:00,1330.0,30.8
2023-07-18 13:00:00,1363.0,31.3
2023-07-18 14:00:00,1398.0,31.8
2023-07-18 15:00:00,1402.0,32.0
2023-07-18 16:00:00,1418.0,31.2
2023-07-18 17:00:00,1435.0,29.3
2023-07-18 18:00:00,1356.0,30.1
2023-07-18 19:00:00,1337.0,29.6
2023-07-18 20:00:00,1497.0,29.3
2023-07-18 21:00:00,1515.0,28.8
2023-07-18 22:00:00,1386.0,28.3
2023-07-18 23:00:00,1274.0,27.8
2023-07-19 00:00:00,1243.0,24.9
2023-07-19 01:00:00,1167.0,25.4
2023-07-19 02:00:00,1112.0,25.9
2023-07-19 03:00:00,1067.0,25.7
2023-07-19 04:00:00,1046.0,25.7
2023-07-19 05:00:00,1047.0,25.8
2023-07-19 06:00:00,1099.0,26.0
2023-07-19 07:00:00,1135.0,26.1
2023-07-19 08:00:00,1222.0,26.4
2023-07-19 09:00:00,1273.0,27.3
2023-07-19 10:00:00,1309.0,29.0
2023-07-19 11:00:00,1349.0,30.0
2023-07-19 12:00:00,1263.0,30.1
2023-07-19 13:00:00,1293.0,30.9
2023-07-19 14:00:00,1304.0,32.6
2023-07-19 15:00:00,1316.0,33.2
2023-07-19 16:00:00,1401.0,32.9
2023-07-19 17:00:00,1447.0,32.2
2023-07-19 18:00:00,1405.0,31.3
2023-07-19 19:00:00,1361.0,30.1
2023-07-19 20:00:00,1547.0,29.4
2023-07-19 21:00:00,1595.0,28.9
2023-07-19 22:00:00,1487.0,28.2
2023-07-19 23:00:00,1274.0,27.8
2023-07-20 00:00:00,1357.0,27.4
2023-07-20 01:00:00,1278.0,27.1
2023-07-20 02:00:00,1210.0,27.2
2023-07-20 03:00:00,1132.0,27.1
2023-07-20 04:00:00,1111.0,27.2
2023-07-20 05:00:00,1081.0,27.0
2023-07-20 06:00:00,1138.0,27.1
2023-07-20 07:00:00,1193.0,27.5
2023-07-20 08:00:00,1270.0,28.2
2023-07-20 09:00:00,1316.0,28.8
2023-07-20 10:00:00,1360.0,29.4
2023-07-20 11:00:00,1391.0,32.0
2023-07-20 12:00:00,1343.0,33.1
2023-07-20 13:00:00,1399.0,33.7
2023-07-20 14:00:00,1487.0,34.9
2023-07-20 15:00:00,1513.0,33.4
2023-07-20 16:00:00,1494.0,31.7
2023-07-20 17:00:00,1540.0,32.0
2023-07-20 18:00:00,1458.0,31.7
2023-07-20 19:00:00,1446.0,31.2
2023-07-20 20:00:00,1644.0,30.8
2023-07-20 21:00:00,1699.0,30.1
2023-07-20 22:00:00,1578.0,29.7
2023-07-20 23:00:00,1471.0,29.7
2023-07-21 00:00:00,1484.0,29.5
2023-07-21 01:00:00,1377.0,29.3
2023-07-21 02:00:00,1313.0,28.9
2023-07-21 03:00:00,1246.0,28.5
2023-07-21 04:00:00,1216.0,28.1
2023-07-21 05:00:00,1193.0,28.1
2023-07-21 06:00:00,1207.0,28.3
2023-07-21 07:00:00,1247.0,28.8
2023-07-21 08:00:00,1310.0,29.0
2023-07-21 09:00:00,1350.0,30.9
2023-07-21 10:00:00,1434.0,31.6
2023-07-21 11:00:00,1444.0,33.4
2023-07-21 12:00:00,1467.0,34.8
2023-07-21 13:00:00,1512.0,35.5
2023-07-21 14:00:00,1514.0,36.2
2023-07-21 15:00:00,1560.0,36.1
2023-07-21 16:00:00,1556.0,37.2
2023-07-21 17:00:00,1640.0,36.8
2023-07-21 18:00:00,1601.0,35.6
2023-07-21 19:00:00,1527.0,30.5
2023-07-21 20:00:00,1720.0,29.6
2023-07-21 21:00:00,1793.0,29.8
2023-07-21 22:00:00,1733.0,29.7
2023-07-21 23:00:00,1603.0,30.6
2023-07-22 00:00:00,1603.0,29.9
2023-07-22 01:00:00,1491.0,30.1
2023-07-22 02:00:00,1418.0,29.3
2023-07-22 03:00:00,1335.0,28.7
2023-07-22 04:00:00,1263.0,29.2
2023-07-22 05:00:00,1229.0,28.8
2023-07-22 06:00:00,1201.0,28.4
2023-07-22 07:00:00,1222.0,28.3
2023-07-22 08:00:00,1258.0,28.7
2023-07-22 09:00:00,1280.0,30.2
2023-07-22 10:00:00,1363.0,31.4
2023-07-22 11:00:00,1431.0,31.0
2023-07-22 12:00:00,1366.0,32.0
2023-07-22 13:00:00,1411.0,31.5
2023-07-22 14:00:00,1465.0,32.1
2023-07-22 15:00:00,1465.0,31.0
2023-07-22 16:00:00,1447.0,29.6
2023-07-22 17:00:00,1451.0,27.6
2023-07-22 18:00:00,1327.0,25.4
2023-07-22 19:00:00,1287.0,25.8
2023-07-22 20:00:00,1421.0,25.9
2023-07-22 21:00:00,1452.0,26.1
2023-07-22 22:00:00,1379.0,26.3
2023-07-22 23:00:00,1293.0,26.6
2023-07-23 00:00:00,1345.0,27.0
2023-07-23 01:00:00,1265.0,27.0
2023-07-23 02:00:00,1177.0,26.9
2023-07-23 03:00:00,1120.0,26.7
2023-07-23 04:00:00,1103.0,27.0
2023-07-23 05:00:00,1093.0,27.5
2023-07-23 06:00:00,1154.0,27.4
2023-07-23 07:00:00,1188.0,27.6
2023-07-23 08:00:00,1212.0,28.0
2023-07-23 09:00:00,1244.0,29.2
2023-07-23 10:00:00,1265.0,31.6
2023-07-23 11:00:00,1346.0,33.1
2023-07-23 12:00:00,1297.0,32.7
2023-07-23 13:00:00,1370.0,34.2
2023-07-23 14:00:00,1453.0,34.6
2023-07-23 15:00:00,1451.0,35.5
2023-07-23 16:00:00,1495.0,35.1
2023-07-23 17:00:00,1549.0,34.8
2023-07-23 18:00:00,1516.0,34.5
2023-07-23 19:00:00,1527.0,33.5
2023-07-23 20:00:00,1756.0,32.8
2023-07-23 21:00:00,1865.0,32.1
2023-07-23 22:00:00,1780.0,31.4
2023-07-23 23:00:00,1625.0,30.9
2023-07-24 00:00:00,1636.0,30.4
2023-07-24 01:00:00,1502.0,30.2
2023-07-24 02:00:00,1386.0,29.9
2023-07-24 03:00:00,1330.0,29.7
2023-07-24 04:00:00,1277.0,29.4
2023-07-24 05:00:00,1248.0,29.0
2023-07-24 06:00:00,1261.0,28.9
2023-07-24 07:00:00,1288.0,29.8
2023-07-24 08:00:00,1378.0,31.2
2023-07-24 09:00:00,1490.0,32.5
2023-07-24 10:00:00,1539.0,33.9
2023-07-24 11:00:00,1574.0,35.0
2023-07-24 12:00:00,1567.0,35.8
2023-07-24 13:00:00,1694.0,36.2
2023-07-24 14:00:00,1672.0,28.2
2023-07-24 15:00:00,1600.0,27.7
2023-07-24 16:00:00,1520.0,28.2
2023-07-24 17:00:00,1492.0,28.5
2023-07-24 18:00:00,1384.0,28.4
2023-07-24 19:00:00,1417.0,28.4
2023-07-24 20:00:00,1625.0,28.0
2023-07-24 21:00:00,1659.0,27.8
2023-07-24 22:00:00,1588.0,28.1
2023-07-24 23:00:00,1475.0,27.6
2023-07-25 00:00:00,1468.0,27.6
2023-07-25 01:00:00,1398.0,27.5
2023-07-25 02:00:00,1339.0,28.0
2023-07-25 03:00:00,1258.0,27.9
2023-07-25 04:00:00,1222.0,28.6
2023-07-25 05:00:00,1200.0,28.3
2023-07-25 06:00:00,1225.0,27.8
2023-07-25 07:00:00,1268.0,28.4
2023-07-25 08:00:00,1374.0,29.4
2023-07-25 09:00:00,1425.0,29.6
2023-07-25 10:00:00,1444.0,29.8
2023-07-25 11:00:00,1466.0,30.8
2023-07-25 12:00:00,1368.0,29.8
2023-07-25 13:00:00,1382.0,28.9
2023-07-25 14:00:00,1264.0,28.1
2023-07-25 15:00:00,1276.0,30.0
2023-07-25 16:00:00,1289.0,30.6
2023-07-25 17:00:00,1394.0,30.0
2023-07-25 18:00:00,1306.0,28.8
2023-07-25 19:00:00,1282.0,28.7
2023-07-25 20:00:00,1455.0,28.2
2023-07-25 21:00:00,1494.0,27.9
2023-07-25 22:00:00,1392.0,27.7
2023-07-25 23:00:00,1303.0,27.4
2023-07-26 00:00:00,1328.0,27.0
2023-07-26 01:00:00,1242.0,27.0
2023-07-26 02:00:00,1198.0,26.7
2023-07-26 03:00:00,1154.0,26.4
2023-07-26 04:00:00,1101.0,26.3
2023-07-26 05:00:00,1089.0,26.4
2023-07-26 06:00:00,1136.0,26.1
2023-07-26 07:00:00,1191.0,26.5
2023-07-26 08:00:00,1256.0,27.2
2023-07-26 09:00:00,1269.0,29.0
2023-07-26 10:00:00,1310.0,30.1
2023-07-26 11:00:00,1366.0,30.5
2023-07-26 12:00:00,1320.0,31.5
2023-07-26 13:00:00,1335.0,32.1
2023-07-26 14:00:00,1358.0,32.2
2023-07-26 15:00:00,1400.0,33.1
2023-07-26 16:00:00,1427.0,32.3
2023-07-26 17:00:00,1451.0,32.0
2023-07-26 18:00:00,1394.0,31.9
2023-07-26 19:00:00,1368.0,30.6
2023-07-26 20:00:00,1586.0,29.9
2023-07-26 21:00:00,1610.0,29.5
2023-07-26 22:00:00,1527.0,29.4
2023-07-26 23:00:00,1410.0,29.0
2023-07-27 00:00:00,1410.0,28.7
2023-07-27 01:00:00,1332.0,28.6
2023-07-27 02:00:00,1269.0,28.4
2023-07-27 03:00:00,1192.0,28.2
2023-07-27 04:00:00,1148.0,28.0
2023-07-27 05:00:00,1124.0,28.0
2023-07-27 06:00:00,1182.0,27.7
2023-07-27 07:00:00,1192.0,28.1
2023-07-27 08:00:00,1300.0,28.7
2023-07-27 09:00:00,1349.0,29.6
2023-07-27 10:00:00,1406.0,31.2
2023-07-27 11:00:00,1408.0,32.4
2023-07-27 12:00:00,1379.0,33.2
2023-07-27 13:00:00,1431.0,33.5
2023-07-27 14:00:00,1476.0,34.5
2023-07-27 15:00:00,1476.0,34.4
2023-07-27 16:00:00,1489.0,34.5
2023-07-27 17:00:00,1549.0,34.5
2023-07-27 18:00:00,1498.0,33.5
2023-07-27 19:00:00,1465.0,32.6
2023-07-27 20:00:00,1677.0,31.9
2023-07-27 21:00:00,1736.0,30.2
2023-07-27 22:00:00,1648.0,30.1
2023-07-27 23:00:00,1541.0,30.2
2023-07-28 00:00:00,1559.0,28.6
2023-07-28 01:00:00,1447.0,27.5
2023-07-28 02:00:00,1345.0,28.4
2023-07-28 03:00:00,1290.0,28.8
2023-07-28 04:00:00,1260.0,28.8
2023-07-28 05:00:00,1209.0,28.6
2023-07-28 06:00:00,1233.0,28.2
2023-07-28 07:00:00,1249.0,28.6
2023-07-28 08:00:00,1303.0,29.3
2023-07-28 09:00:00,1360.0,30.5
2023-07-28 10:00:00,1406.0,31.9
2023-07-28 11:00:00,1468.0,32.4
2023-07-28 12:00:00,1423.0,33.3
2023-07-28 13:00:00,1462.0,34.0
2023-07-28 14:00:00,1506.0,34.7
2023-07-28 15:00:00,1457.0,34.9
2023-07-28 16:00:00,1495.0,34.9
2023-07-28 17:00:00,1548.0,34.3
2023-07-28 18:00:00,1465.0,33.4
2023-07-28 19:00:00,1457.0,32.4
2023-07-28 20:00:00,1680.0,31.6
2023-07-28 21:00:00,1749.0,31.1
2023-07-28 22:00:00,1677.0,30.6
2023-07-28 23:00:00,1534.0,29.7
2023-07-29 00:00:00,1523.0,29.2
2023-07-29 01:00:00,1411.0,28.5
2023-07-29 02:00:00,1358.0,28.6
2023-07-29 03:00:00,1282.0,28.3
2023-07-29 04:00:00,1207.0,28.2
2023-07-29 05:00:00,1204.0,28.1
2023-07-29 06:00:00,1218.0,28.0
2023-07-29 07:00:00,1244.0,27.9
2023-07-29 08:00:00,1273.0,28.0
2023-07-29 09:00:00,1319.0,28.6
2023-07-29 10:00:00,1341.0,30.4
2023-07-29 11:00:00,1385.0,31.1
2023-07-29 12:00:00,1295.0,32.8
2023-07-29 13:00:00,1351.0,33.2
2023-07-29 14:00:00,1376.0,33.6
2023-07-29 15:00:00,1388.0,34.4
2023-07-29 16:00:00,1479.0,33.2
2023-07-29 17:00:00,1479.0,34.2
2023-07-29 18:00:00,1449.0,34.3
2023-07-29 19:00:00,1450.0,33.3
2023-07-29 20:00:00,1684.0,31.9
2023-07-29 21:00:00,1773.0,31.1
2023-07-29 22:00:00,1693.0,30.7
2023-07-29 23:00:00,1572.0,30.5
2023-07-30 00:00:00,1571.0,30.4
2023-07-30 01:00:00,1463.0,30.3
2023-07-30 02:00:00,1382.0,30.1
2023-07-30 03:00:00,1320.0,29.7
2023-07-30 04:00:00,1264.0,29.0
2023-07-30 05:00:00,1236.0,28.8
2023-07-30 06:00:00,1251.0,29.4
2023-07-30 07:00:00,1253.0,29.9
2023-07-30 08:00:00,1276.0,30.5
2023-07-30 09:00:00,1295.0,31.8
2023-07-30 10:00:00,1344.0,32.8
2023-07-30 11:00:00,1424.0,34.3
2023-07-30 12:00:00,1415.0,35.4
2023-07-30 13:00:00,1476.0,33.9
2023-07-30 14:00:00,1387.0,27.3
2023-07-30 15:00:00,1338.0,28.0
2023-07-30 16:00:00,1311.0,28.6
2023-07-30 17:00:00,1373.0,30.0
2023-07-30 18:00:00,1321.0,29.6
2023-07-30 19:00:00,1263.0,26.0
2023-07-30 20:00:00,1356.0,25.8
2023-07-30 21:00:00,1313.0,25.9
2023-07-30 22:00:00,1243.0,26.3
2023-07-30 23:00:00,1185.0,26.3
2023-07-31 00:00:00,1237.0,26.6
2023-07-31 01:00:00,1162.0,26.7
2023-07-31 02:00:00,1104.0,26.7
2023-07-31 03:00:00,1073.0,26.8
2023-07-31 04:00:00,1040.0,26.8
2023-07-31 05:00:00,1032.0,26.9
2023-07-31 06:00:00,1084.0,26.8
2023-07-31 07:00:00,1160.0,27.3
2023-07-31 08:00:00,1220.0,28.5
2023-07-31 09:00:00,1275.0,29.6
2023-07-31 10:00:00,1341.0,30.2
2023-07-31 11:00:00,1363.0,31.3
2023-07-31 12:00:00,1302.0,33.2
2023-07-31 13:00:00,1358.0,34.6
2023-07-31 14:00:00,1417.0,35.3
2023-07-31 15:00:00,1436.0,35.1
2023-07-31 16:00:00,1439.0,32.6
2023-07-31 17:00:00,1428.0,29.6
2023-07-31 18:00:00,1310.0,29.9
2023-07-31 19:00:00,1274.0,30.1
2023-07-31 20:00:00,1478.0,29.1
2023-07-31 21:00:00,1495.0,28.8
2023-07-31 22:00:00,1432.0,28.9
2023-07-31 23:00:00,1329.0,29.3
2023-08-01 00:00:00,1332.0,29.3
2023-08-01 01:00:00,1244.0,29.2
2023-08-01 02:00:00,1191.0,29.5
2023-08-01 03:00:00,1139.0,29.2
2023-08-01 04:00:00,1103.0,28.8
2023-08-01 05:00:00,1078.0,28.5
2023-08-01 06:00:00,1152.0,28.6
2023-08-01 07:00:00,1171.0,28.7
2023-08-01 08:00:00,1207.0,30.1
2023-08-01 09:00:00,1289.0,31.0
2023-08-01 10:00:00,1346.0,31.1
2023-08-01 11:00:00,1377.0,32.3
2023-08-01 12:00:00,1360.0,33.0
2023-08-01 13:00:00,1455.0,32.2
2023-08-01 14:00:00,1423.0,32.3
2023-08-01 15:00:00,1399.0,32.1
2023-08-01 16:00:00,1387.0,31.6
2023-08-01 17:00:00,1388.0,30.4
2023-08-01 18:00:00,1301.0,30.1
2023-08-01 19:00:00,1237.0,28.0
2023-08-01 20:00:00,1375.0,27.4
2023-08-01 21:00:00,1356.0,27.5
2023-08-01 22:00:00,1281.0,27.1
2023-08-01 23:00:00,1179.0,26.7
2023-08-02 00:00:00,1216.0,26.4
2023-08-02 01:00:00,1142.0,26.5
2023-08-02 02:00:00,1089.0,26.5
2023-08-02 03:00:00,1026.0,26.6
2023-08-02 04:00:00,1017.0,26.6
2023-08-02 05:00:00,988.0,26.4
2023-08-02 06:00:00,1073.0,26.7
2023-08-02 07:00:00,1130.0,26.5
2023-08-02 08:00:00,1189.0,26.7
2023-08-02 09:00:00,1204.0,27.3
2023-08-02 10:00:00,1260.0,28.6
2023-08-02 11:00:00,1267.0,30.2
2023-08-02 12:00:00,1246.0,31.5
2023-08-02 13:00:00,1261.0,32.4
2023-08-02 14:00:00,1267.0,32.0
2023-08-02 15:00:00,1262.0,31.6
2023-08-02 16:00:00,1317.0,32.7
2023-08-02 17:00:00,1359.0,29.6
2023-08-02 18:00:00,1297.0,29.3
2023-08-02 19:00:00,1271.0,28.5
2023-08-02 20:00:00,1448.0,28.1
2023-08-02 21:00:00,1464.0,28.0
2023-08-02 22:00:00,1367.0,28.1
2023-08-02 23:00:00,1270.0,27.8
2023-08-03 00:00:00,1271.0,27.4
2023-08-03 01:00:00,1193.0,27.3
2023-08-03 02:00:00,1136.0,27.6
2023-08-03 03:00:00,1114.0,26.9
2023-08-03 04:00:00,1079.0,26.6
2023-08-03 05:00:00,1058.0,26.5
2023-08-03 06:00:00,1129.0,26.7
2023-08-03 07:00:00,1150.0,27.4
2023-08-03 08:00:00,1206.0,28.9
2023-08-03 09:00:00,1291.0,30.5
2023-08-03 10:00:00,1327.0,32.3
2023-08-03 11:00:00,1395.0,32.6
2023-08-03 12:00:00,1336.0,33.5
2023-08-03 13:00:00,1386.0,34.0
2023-08-03 14:00:00,1403.0,34.7
2023-08-03 15:00:00,1441.0,35.5
2023-08-03 16:00:00,1432.0,34.9
2023-08-03 17:00:00,1526.0,35.3
2023-08-03 18:00:00,1481.0,34.9
2023-08-03 19:00:00,1474.0,34.0
2023-08-03 20:00:00,1722.0,33.0
2023-08-03 21:00:00,1786.0,31.7
2023-08-03 22:00:00,1713.0,30.9
2023-08-03 23:00:00,1572.0,30.4
2023-08-04 00:00:00,1576.0,29.9
2023-08-04 01:00:00,1445.0,29.7
2023-08-04 02:00:00,1382.0,29.2
2023-08-04 03:00:00,1312.0,28.7
2023-08-04 04:00:00,1254.0,28.5
2023-08-04 05:00:00,1217.0,28.5
2023-08-04 06:00:00,1248.0,28.4
2023-08-04 07:00:00,1283.0,29.0
2023-08-04 08:00:00,1339.0,31.6
2023-08-04 09:00:00,1421.0,33.1
2023-08-04 10:00:00,1485.0,34.5
2023-08-04 11:00:00,1524.0,35.5
2023-08-04 12:00:00,1525.0,35.7
2023-08-04 13:00:00,1581.0,36.0
2023-08-04 14:00:00,1610.0,37.1
2023-08-04 15:00:00,1632.0,37.1
2023-08-04 16:00:00,1621.0,36.7
2023-08-04 17:00:00,1693.0,36.8
2023-08-04 18:00:00,1666.0,36.5
2023-08-04 19:00:00,1656.0,35.6
2023-08-04 20:00:00,1936.0,34.4
2023-08-04 21:00:00,2030.0,33.5
2023-08-04 22:00:00,1958.0,32.3
2023-08-04 23:00:00,1808.0,31.6
2023-08-05 00:00:00,1814.0,31.1
2023-08-05 01:00:00,1679.0,31.0
2023-08-05 02:00:00,1588.0,30.6
2023-08-05 03:00:00,1483.0,30.2
2023-08-05 04:00:00,1445.0,30.2
2023-08-05 05:00:00,1384.0,29.7
2023-08-05 06:00:00,1372.0,29.4
2023-08-05 07:00:00,1383.0,30.2
2023-08-05 08:00:00,1429.0,32.3
2023-08-05 09:00:00,1511.0,34.0
2023-08-05 10:00:00,1579.0,35.3
2023-08-05 11:00:00,1632.0,36.4
2023-08-05 12:00:00,1630.0,37.3
2023-08-05 13:00:00,1699.0,37.7
2023-08-05 14:00:00,1742.0,38.2
2023-08-05 15:00:00,1768.0,38.5
2023-08-05 16:00:00,1756.0,38.7
2023-08-05 17:00:00,1769.0,37.4
2023-08-05 18:00:00,1714.0,37.2
2023-08-05 19:00:00,1746.0,35.5
2023-08-05 20:00:00,2020.0,34.3
2023-08-05 21:00:00,2109.0,33.9
2023-08-05 22:00:00,2052.0,33.5
2023-08-05 23:00:00,1913.0,33.5
2023-08-06 00:00:00,1941.0,33.5
2023-08-06 01:00:00,1827.0,32.7
2023-08-06 02:00:00,1718.0,32.2
2023-08-06 03:00:00,1624.0,31.7
2023-08-06 04:00:00,1536.0,31.4
2023-08-06 05:00:00,1499.0,31.3
2023-08-06 06:00:00,1445.0,31.6
2023-08-06 07:00:00,1425.0,31.4
2023-08-06 08:00:00,1471.0,32.2
2023-08-06 09:00:00,1523.0,32.9
2023-08-06 10:00:00,1589.0,35.0
2023-08-06 11:00:00,1633.0,35.7
2023-08-06 12:00:00,1648.0,35.1
2023-08-06 13:00:00,1735.0,35.7
2023-08-06 14:00:00,1719.0,32.4
2023-08-06 15:00:00,1689.0,34.6
2023-08-06 16:00:00,1637.0,33.2
2023-08-06 17:00:00,1593.0,31.4
2023-08-06 18:00:00,1525.0,31.7
2023-08-06 19:00:00,1553.0,32.0
2023-08-06 20:00:00,1866.0,31.5
2023-08-06 21:00:00,1913.0,31.2
2023-08-06 22:00:00,1852.0,31.4
2023-08-06 23:00:00,1739.0,31.1
2023-08-07 00:00:00,1743.0,30.9
2023-08-07 01:00:00,1636.0,30.6
2023-08-07 02:00:00,1541.0,30.2
2023-08-07 03:00:00,1465.0,29.7
2023-08-07 04:00:00,1392.0,29.9
2023-08-07 05:00:00,1367.0,29.9
2023-08-07 06:00:00,1361.0,29.5
2023-08-07 07:00:00,1392.0,29.6
2023-08-07 08:00:00,1451.0,29.9
2023-08-07 09:00:00,1527.0,30.3
2023-08-07 10:00:00,1551.0,31.2
2023-08-07 11:00:00,1588.0,31.8
2023-08-07 12:00:00,1525.0,32.6
2023-08-07 13:00:00,1486.0,30.6
2023-08-07 14:00:00,1475.0,30.7
2023-08-07 15:00:00,1497.0,30.8
2023-08-07 16:00:00,1468.0,29.8
2023-08-07 17:00:00,1486.0,30.2
2023-08-07 18:00:00,1403.0,30.8
2023-08-07 19:00:00,1421.0,30.3
2023-08-07 20:00:00,1667.0,29.9
2023-08-07 21:00:00,1678.0,29.6
2023-08-07 22:00:00,1581.0,29.5
2023-08-07 23:00:00,1491.0,29.0
2023-08-08 00:00:00,1536.0,29.0
2023-08-08 01:00:00,1428.0,28.8
2023-08-08 02:00:00,1349.0,28.7
2023-08-08 03:00:00,1296.0,28.5
2023-08-08 04:00:00,1223.0,28.6
2023-08-08 05:00:00,1213.0,28.4
2023-08-08 06:00:00,1263.0,28.4
2023-08-08 07:00:00,1309.0,28.8
2023-08-08 08:00:00,1362.0,29.1
2023-08-08 09:00:00,1438.0,29.7
2023-08-08 10:00:00,1494.0,30.2
2023-08-08 11:00:00,1529.0,30.9
2023-08-08 12:00:00,1518.0,33.2
2023-08-08 13:00:00,1583.0,34.2
2023-08-08 14:00:00,1574.0,34.8
2023-08-08 15:00:00,1554.0,35.4
2023-08-08 16:00:00,1570.0,33.6
2023-08-08 17:00:00,1621.0,32.5
2023-08-08 18:00:00,1541.0,32.4
2023-08-08 19:00:00,1539.0,31.8
2023-08-08 20:00:00,1828.0,31.5
2023-08-08 21:00:00,1872.0,31.4
2023-08-08 22:00:00,1785.0,30.8
2023-08-08 23:00:00,1655.0,30.4
2023-08-09 00:00:00,1687.0,30.3
2023-08-09 01:00:00,1559.0,30.3
2023-08-09 02:00:00,1471.0,30.2
2023-08-09 03:00:00,1396.0,29.8
2023-08-09 04:00:00,1341.0,29.6
2023-08-09 05:00:00,1302.0,29.7
2023-08-09 06:00:00,1313.0,29.5
2023-08-09 07:00:00,1358.0,29.4
2023-08-09 08:00:00,1409.0,30.1
2023-08-09 09:00:00,1510.0,30.8
2023-08-09 10:00:00,1553.0,32.1
2023-08-09 11:00:00,1565.0,33.8
2023-08-09 12:00:00,1534.0,34.3
2023-08-09 13:00:00,1569.0,34.7
2023-08-09 14:00:00,1606.0,34.8
2023-08-09 15:00:00,1602.0,34.7
2023-08-09 16:00:00,1604.0,34.4
2023-08-09 17:00:00,1643.0,34.3
2023-08-09 18:00:00,1580.0,33.6
2023-08-09 19:00:00,1536.0,32.4
2023-08-09 20:00:00,1791.0,31.8
2023-08-09 21:00:00,1843.0,31.5
2023-08-09 22:00:00,1758.0,31.1
2023-08-09 23:00:00,1626.0,31.0
2023-08-10 00:00:00,1664.0,30.7
2023-08-10 01:00:00,1542.0,30.5
2023-08-10 02:00:00,1468.0,30.3
2023-08-10 03:00:00,1404.0,29.7
2023-08-10 04:00:00,1335.0,29.6
2023-08-10 05:00:00,1317.0,29.4
2023-08-10 06:00:00,1317.0,29.0
2023-08-10 07:00:00,1326.0,29.1
2023-08-10 08:00:00,1374.0,29.7
2023-08-10 09:00:00,1441.0,30.5
2023-08-10 10:00:00,1475.0,31.3
2023-08-10 11:00:00,1492.0,33.0
2023-08-10 12:00:00,1464.0,33.6
2023-08-10 13:00:00,1496.0,34.2
2023-08-10 14:00:00,1524.0,34.2
2023-08-10 15:00:00,1537.0,34.0
2023-08-10 16:00:00,1556.0,33.4
2023-08-10 17:00:00,1599.0,33.3
2023-08-10 18:00:00,1523.0,32.5
2023-08-10 19:00:00,1510.0,31.8
2023-08-10 20:00:00,1743.0,31.2
2023-08-10 21:00:00,1781.0,30.8
2023-08-10 22:00:00,1693.0,30.5
2023-08-10 23:00:00,1589.0,30.7
2023-08-11 00:00:00,1617.0,29.8
2023-08-11 01:00:00,1480.0,29.3
2023-08-11 02:00:00,1408.0,28.9
2023-08-11 03:00:00,1338.0,28.5
2023-08-11 04:00:00,1299.0,28.2
2023-08-11 05:00:00,1269.0,27.9
2023-08-11 06:00:00,1300.0,27.6
2023-08-11 07:00:00,1317.0,27.7
2023-08-11 08:00:00,1387.0,28.6
2023-08-11 09:00:00,1426.0,29.9
2023-08-11 10:00:00,1474.0,31.2
2023-08-11 11:00:00,1521.0,32.4
2023-08-11 12:00:00,1492.0,33.2
2023-08-11 13:00:00,1536.0,33.8
2023-08-11 14:00:00,1546.0,34.3
2023-08-11 15:00:00,1591.0,34.3
2023-08-11 16:00:00,1595.0,34.7
2023-08-11 17:00:00,1656.0,34.7
2023-08-11 18:00:00,1600.0,34.2
2023-08-11 19:00:00,1574.0,33.5
2023-08-11 20:00:00,1846.0,32.8
2023-08-11 21:00:00,1890.0,32.3
2023-08-11 22:00:00,1809.0,32.0
2023-08-11 23:00:00,1674.0,31.7
2023-08-12 00:00:00,1703.0,30.7
2023-08-12 01:00:00,1597.0,30.5
2023-08-12 02:00:00,1503.0,30.0
2023-08-12 03:00:00,1427.0,29.8
2023-08-12 04:00:00,1353.0,29.2
2023-08-12 05:00:00,1328.0,28.7
2023-08-12 06:00:00,1337.0,28.4
2023-08-12 07:00:00,1387.0,29.3
2023-08-12 08:00:00,1425.0,31.0
2023-08-12 09:00:00,1482.0,32.4
2023-08-12 10:00:00,1538.0,32.8
2023-08-12 11:00:00,1548.0,34.4
2023-08-12 12:00:00,1502.0,35.2
2023-08-12 13:00:00,1574.0,34.3
2023-08-12 14:00:00,1631.0,34.1
2023-08-12 15:00:00,1657.0,35.4
2023-08-12 16:00:00,1645.0,35.1
2023-08-12 17:00:00,1709.0,36.3
2023-08-12 18:00:00,1625.0,35.5
2023-08-12 19:00:00,1655.0,34.4
2023-08-12 20:00:00,1939.0,33.6
2023-08-12 21:00:00,1994.0,32.6
2023-08-12 22:00:00,1891.0,31.6
2023-08-12 23:00:00,1780.0,31.9
2023-08-13 00:00:00,1792.0,31.5
2023-08-13 01:00:00,1655.0,30.4
2023-08-13 02:00:00,1586.0,30.4
2023-08-13 03:00:00,1491.0,30.0
2023-08-13 04:00:00,1434.0,30.0
2023-08-13 05:00:00,1392.0,29.8
2023-08-13 06:00:00,1365.0,29.4
2023-08-13 07:00:00,1363.0,28.2
2023-08-13 08:00:00,1367.0,28.6
2023-08-13 09:00:00,1378.0,29.0
2023-08-13 10:00:00,1376.0,28.5
2023-08-13 11:00:00,1368.0,26.7
2023-08-13 12:00:00,1247.0,26.7
2023-08-13 13:00:00,1210.0,27.6
2023-08-13 14:00:00,1213.0,28.3
2023-08-13 15:00:00,1232.0,29.1
2023-08-13 16:00:00,1267.0,29.1
2023-08-13 17:00:00,1355.0,29.8
2023-08-13 18:00:00,1261.0,29.4
2023-08-13 19:00:00,1263.0,28.5
2023-08-13 20:00:00,1456.0,28.0
2023-08-13 21:00:00,1444.0,27.5
2023-08-13 22:00:00,1363.0,27.2
2023-08-13 23:00:00,1281.0,27.3
2023-08-14 00:00:00,1357.0,27.4
2023-08-14 01:00:00,1301.0,27.2
2023-08-14 02:00:00,1221.0,27.3
2023-08-14 03:00:00,1158.0,27.2
2023-08-14 04:00:00,1135.0,27.1
2023-08-14 05:00:00,1134.0,27.0
2023-08-14 06:00:00,1177.0,26.9
2023-08-14 07:00:00,1241.0,26.9
2023-08-14 08:00:00,1269.0,27.6
2023-08-14 09:00:00,1332.0,28.2
2023-08-14 10:00:00,1356.0,29.1
2023-08-14 11:00:00,1344.0,29.5
2023-08-14 12:00:00,1325.0,30.6
2023-08-14 13:00:00,1359.0,30.3
2023-08-14 14:00:00,1372.0,31.2
2023-08-14 15:00:00,1371.0,32.3
2023-08-14 16:00:00,1409.0,32.8
2023-08-14 17:00:00,1480.0,32.5
2023-08-14 18:00:00,1418.0,32.3
2023-08-14 19:00:00,1412.0,31.4
2023-08-14 20:00:00,1626.0,30.6
2023-08-14 21:00:00,1628.0,29.5
2023-08-14 22:00:00,1520.0,29.2
2023-08-14 23:00:00,1451.0,28.4
2023-08-15 00:00:00,1511.0,27.8
2023-08-15 01:00:00,1401.0,27.7
2023-08-15 02:00:00,1331.0,27.7
2023-08-15 03:00:00,1279.0,27.9
2023-08-15 04:00:00,1247.0,27.6
2023-08-15 05:00:00,1209.0,27.6
2023-08-15 06:00:00,1289.0,27.2
2023-08-15 07:00:00,1307.0,27.5
2023-08-15 08:00:00,1355.0,28.4
2023-08-15 09:00:00,1391.0,29.4
2023-08-15 10:00:00,1441.0,31.1
2023-08-15 11:00:00,1465.0,31.7
2023-08-15 12:00:00,1434.0,32.4
2023-08-15 13:00:00,1527.0,34.1
2023-08-15 14:00:00,1507.0,34.5
2023-08-15 15:00:00,1506.0,34.7
2023-08-15 16:00:00,1531.0,33.8
2023-08-15 17:00:00,1578.0,32.4
2023-08-15 18:00:00,1506.0,32.4
2023-08-15 19:00:00,1495.0,31.6
2023-08-15 20:00:00,1734.0,31.1
2023-08-15 21:00:00,1743.0,30.0
2023-08-15 22:00:00,1663.0,29.3
2023-08-15 23:00:00,1534.0,28.8
2023-08-16 00:00:00,1550.0,29.5
2023-08-16 01:00:00,1465.0,28.5
2023-08-16 02:00:00,1350.0,28.5
2023-08-16 03:00:00,1296.0,28.7
2023-08-16 04:00:00,1237.0,28.4
2023-08-16 05:00:00,1229.0,28.2
2023-08-16 06:00:00,1227.0,28.1
2023-08-16 07:00:00,1297.0,28.2
2023-08-16 08:00:00,1356.0,29.7
2023-08-16 09:00:00,1400.0,31.0
2023-08-16 10:00:00,1452.0,32.4
2023-08-16 11:00:00,1495.0,32.9
2023-08-16 12:00:00,1471.0,33.8
2023-08-16 13:00:00,1539.0,34.9
2023-08-16 14:00:00,1553.0,34.9
2023-08-16 15:00:00,1604.0,34.9
2023-08-16 16:00:00,1617.0,35.0
2023-08-16 17:00:00,1675.0,35.0
2023-08-16 18:00:00,1564.0,34.6
2023-08-16 19:00:00,1556.0,33.8
2023-08-16 20:00:00,1833.0,32.9
2023-08-16 21:00:00,1860.0,32.4
2023-08-16 22:00:00,1777.0,31.0
2023-08-16 23:00:00,1682.0,30.3
2023-08-17 00:00:00,1714.0,29.9
2023-08-17 01:00:00,1597.0,29.5
2023-08-17 02:00:00,1502.0,29.2
2023-08-17 03:00:00,1427.0,28.7
2023-08-17 04:00:00,1373.0,28.5
2023-08-17 05:00:00,1337.0,29.4
2023-08-17 06:00:00,1329.0,28.2
2023-08-17 07:00:00,1410.0,28.7
2023-08-17 08:00:00,1441.0,30.6
2023-08-17 09:00:00,1527.0,33.1
2023-08-17 10:00:00,1583.0,34.2
2023-08-17 11:00:00,1598.0,35.0
2023-08-17 12:00:00,1575.0,35.2
2023-08-17 13:00:00,1644.0,36.1
2023-08-17 14:00:00,1693.0,36.6
2023-08-17 15:00:00,1719.0,36.4
2023-08-17 16:00:00,1714.0,36.7
2023-08-17 17:00:00,1762.0,36.6
2023-08-17 18:00:00,1681.0,35.8
2023-08-17 19:00:00,1691.0,34.6
2023-08-17 20:00:00,1961.0,33.7
2023-08-17 21:00:00,1999.0,33.3
2023-08-17 22:00:00,1917.0,32.7
2023-08-17 23:00:00,1797.0,31.8
2023-08-18 00:00:00,1807.0,30.5
2023-08-18 01:00:00,1656.0,29.3
2023-08-18 02:00:00,1575.0,28.6
2023-08-18 03:00:00,1470.0,28.3
2023-08-18 04:00:00,1428.0,28.4
2023-08-18 05:00:00,1377.0,28.1
2023-08-18 06:00:00,1374.0,28.2
2023-08-18 07:00:00,1428.0,28.3
2023-08-18 08:00:00,1486.0,30.3
2023-08-18 09:00:00,1559.0,32.2
2023-08-18 10:00:00,1608.0,33.2
2023-08-18 11:00:00,1618.0,34.1
2023-08-18 12:00:00,1595.0,35.1
2023-08-18 13:00:00,1675.0,35.8
2023-08-18 14:00:00,1707.0,36.2
2023-08-18 15:00:00,1735.0,36.4
2023-08-18 16:00:00,1739.0,36.5
2023-08-18 17:00:00,1790.0,36.4
2023-08-18 18:00:00,1662.0,35.3
2023-08-18 19:00:00,1675.0,34.4
2023-08-18 20:00:00,1971.0,33.5
2023-08-18 21:00:00,1999.0,32.5
2023-08-18 22:00:00,1943.0,32.1
2023-08-18 23:00:00,1797.0,31.8
2023-08-19 00:00:00,1883.0,31.3
2023-08-19 01:00:00,1752.0,30.9
2023-08-19 02:00:00,1654.0,30.6
2023-08-19 03:00:00,1558.0,30.1
2023-08-19 04:00:00,1480.0,30.3
2023-08-19 05:00:00,1439.0,29.9
2023-08-19 06:00:00,1419.0,29.4
2023-08-19 07:00:00,1459.0,29.3
2023-08-19 08:00:00,1478.0,30.6
2023-08-19 09:00:00,1555.0,32.0
2023-08-19 10:00:00,1606.0,33.4
2023-08-19 11:00:00,1617.0,34.4
2023-08-19 12:00:00,1587.0,35.3
2023-08-19 13:00:00,1663.0,35.9
2023-08-19 14:00:00,1687.0,36.1
2023-08-19 15:00:00,1735.0,35.2
2023-08-19 16:00:00,1674.0,31.1
2023-08-19 17:00:00,1640.0,33.1
2023-08-19 18:00:00,1573.0,32.9
2023-08-19 19:00:00,1593.0,31.4
2023-08-19 20:00:00,1838.0,31.2
2023-08-19 21:00:00,1848.0,30.9
2023-08-19 22:00:00,1774.0,30.6
2023-08-19 23:00:00,1684.0,30.4
2023-08-20 00:00:00,1706.0,29.8
2023-08-20 01:00:00,1603.0,29.7
2023-08-20 02:00:00,1508.0,29.4
2023-08-20 03:00:00,1450.0,29.0
2023-08-20 04:00:00,1410.0,29.2
2023-08-20 05:00:00,1380.0,28.4
2023-08-20 06:00:00,1376.0,28.2
2023-08-20 07:00:00,1389.0,28.5
2023-08-20 08:00:00,1368.0,29.7
2023-08-20 09:00:00,1461.0,30.6
2023-08-20 10:00:00,1492.0,31.5
2023-08-20 11:00:00,1496.0,32.4
2023-08-20 12:00:00,1485.0,33.8
2023-08-20 13:00:00,1534.0,34.1
2023-08-20 14:00:00,1530.0,33.4
2023-08-20 15:00:00,1530.0,34.0
2023-08-20 16:00:00,1528.0,34.7
2023-08-20 17:00:00,1570.0,33.7
2023-08-20 18:00:00,1494.0,33.1
2023-08-20 19:00:00,1519.0,32.7
2023-08-20 20:00:00,1791.0,32.1
2023-08-20 21:00:00,1804.0,30.9
2023-08-20 22:00:00,1727.0,30.5
2023-08-20 23:00:00,1659.0,30.6
2023-08-21 00:00:00,1688.0,30.5
2023-08-21 01:00:00,1594.0,29.9
2023-08-21 02:00:00,1506.0,30.0
2023-08-21 03:00:00,1438.0,29.6
2023-08-21 04:00:00,1367.0,29.3
2023-08-21 05:00:00,1361.0,28.7
2023-08-21 06:00:00,1358.0,28.7
2023-08-21 07:00:00,1396.0,28.5
2023-08-21 08:00:00,1466.0,28.7
2023-08-21 09:00:00,1528.0,28.1
2023-08-21 10:00:00,1479.0,27.7
2023-08-21 11:00:00,1498.0,27.5
2023-08-21 12:00:00,1336.0,26.8
2023-08-21 13:00:00,1346.0,26.8
2023-08-21 14:00:00,1372.0,28.7
2023-08-21 15:00:00,1391.0,30.0
2023-08-21 16:00:00,1439.0,30.2
2023-08-21 17:00:00,1512.0,30.5
2023-08-21 18:00:00,1452.0,30.1
2023-08-21 19:00:00,1419.0,29.1
2023-08-21 20:00:00,1525.0,27.9
2023-08-21 21:00:00,1463.0,27.5
2023-08-21 22:00:00,1352.0,26.8
2023-08-21 23:00:00,1272.0,26.0
2023-08-22 00:00:00,1377.0,25.5
2023-08-22 01:00:00,1292.0,25.4
2023-08-22 02:00:00,1210.0,25.4
2023-08-22 03:00:00,1179.0,25.6
2023-08-22 04:00:00,1181.0,25.7
2023-08-22 05:00:00,1187.0,25.5
2023-08-22 06:00:00,1208.0,25.2
2023-08-22 07:00:00,1272.0,25.8
2023-08-22 08:00:00,1291.0,27.3
2023-08-22 09:00:00,1337.0,28.6
2023-08-22 10:00:00,1369.0,30.4
2023-08-22 11:00:00,1367.0,31.8
2023-08-22 12:00:00,1380.0,32.2
2023-08-22 13:00:00,1408.0,33.5
2023-08-22 14:00:00,1441.0,34.2
2023-08-22 15:00:00,1472.0,34.4
2023-08-22 16:00:00,1503.0,34.3
2023-08-22 17:00:00,1567.0,33.8
2023-08-22 18:00:00,1479.0,33.2
2023-08-22 19:00:00,1456.0,32.0
2023-08-22 20:00:00,1661.0,31.1
2023-08-22 21:00:00,1655.0,30.5
2023-08-22 22:00:00,1561.0,29.7
2023-08-22 23:00:00,1499.0,28.9
2023-08-23 00:00:00,1504.0,27.8
2023-08-23 01:00:00,1387.0,27.4
2023-08-23 02:00:00,1330.0,26.9
2023-08-23 03:00:00,1257.0,26.5
2023-08-23 04:00:00,1262.0,26.3
2023-08-23 05:00:00,1250.0,26.7
2023-08-23 06:00:00,1282.0,25.9
2023-08-23 07:00:00,1309.0,26.9
2023-08-23 08:00:00,1330.0,28.0
2023-08-23 09:00:00,1424.0,29.8
2023-08-23 10:00:00,1454.0,31.3
2023-08-23 11:00:00,1491.0,32.1
2023-08-23 12:00:00,1406.0,32.6
2023-08-23 13:00:00,1491.0,33.3
2023-08-23 14:00:00,1490.0,34.3
2023-08-23 15:00:00,1523.0,34.6
2023-08-23 16:00:00,1524.0,34.7
2023-08-23 17:00:00,1606.0,34.2
2023-08-23 18:00:00,1502.0,33.6
2023-08-23 19:00:00,1491.0,32.6
2023-08-23 20:00:00,1715.0,31.7
2023-08-23 21:00:00,1710.0,30.9
2023-08-23 22:00:00,1609.0,30.3
2023-08-23 23:00:00,1507.0,29.7
2023-08-24 00:00:00,1556.0,28.8
2023-08-24 01:00:00,1450.0,29.0
2023-08-24 02:00:00,1378.0,28.6
2023-08-24 03:00:00,1331.0,28.3
2023-08-24 04:00:00,1284.0,28.5
2023-08-24 05:00:00,1260.0,28.1
2023-08-24 06:00:00,1293.0,27.9
2023-08-24 07:00:00,1356.0,27.6
2023-08-24 08:00:00,1405.0,27.8
2023-08-24 09:00:00,1439.0,28.5
2023-08-24 10:00:00,1480.0,29.8
2023-08-24 11:00:00,1502.0,30.9
2023-08-24 12:00:00,1418.0,31.5
2023-08-24 13:00:00,1467.0,32.6
2023-08-24 14:00:00,1508.0,33.1
2023-08-24 15:00:00,1483.0,33.1
2023-08-24 16:00:00,1521.0,32.9
2023-08-24 17:00:00,1566.0,32.3
2023-08-24 18:00:00,1463.0,31.8
2023-08-24 19:00:00,1505.0,31.1
2023-08-24 20:00:00,1690.0,30.9
2023-08-24 21:00:00,1675.0,30.7
2023-08-24 22:00:00,1586.0,30.5
2023-08-24 23:00:00,1514.0,29.9
2023-08-25 00:00:00,1551.0,29.6
2023-08-25 01:00:00,1446.0,29.3
2023-08-25 02:00:00,1386.0,28.9
2023-08-25 03:00:00,1323.0,28.9
2023-08-25 04:00:00,1296.0,28.7
2023-08-25 05:00:00,1270.0,28.8
2023-08-25 06:00:00,1288.0,28.2
2023-08-25 07:00:00,1357.0,28.2
2023-08-25 08:00:00,1390.0,28.9
2023-08-25 09:00:00,1460.0,29.5
2023-08-25 10:00:00,1499.0,30.2
2023-08-25 11:00:00,1474.0,31.1
2023-08-25 12:00:00,1366.0,32.5
2023-08-25 13:00:00,1410.0,32.6
2023-08-25 14:00:00,1459.0,33.1
2023-08-25 15:00:00,1509.0,33.4
2023-08-25 16:00:00,1496.0,33.2
2023-08-25 17:00:00,1576.0,32.2
2023-08-25 18:00:00,1432.0,31.7
2023-08-25 19:00:00,1444.0,31.1
2023-08-25 20:00:00,1646.0,30.9
2023-08-25 21:00:00,1596.0,30.5
2023-08-25 22:00:00,1503.0,30.0
2023-08-25 23:00:00,1424.0,29.5
2023-08-26 00:00:00,1494.0,29.2
2023-08-26 01:00:00,1374.0,29.1
2023-08-26 02:00:00,1301.0,28.8
2023-08-26 03:00:00,1281.0,28.2
2023-08-26 04:00:00,1221.0,27.9
2023-08-26 05:00:00,1184.0,27.7
2023-08-26 06:00:00,1218.0,27.4
2023-08-26 07:00:00,1275.0,27.5
2023-08-26 08:00:00,1325.0,28.0
2023-08-26 09:00:00,1335.0,29.3
2023-08-26 10:00:00,1363.0,31.3
2023-08-26 11:00:00,1365.0,33.0
2023-08-26 12:00:00,1334.0,33.3
2023-08-26 13:00:00,1396.0,33.6
2023-08-26 14:00:00,1476.0,33.9
2023-08-26 15:00:00,1496.0,33.8
2023-08-26 16:00:00,1499.0,33.5
2023-08-26 17:00:00,1521.0,33.0
2023-08-26 18:00:00,1430.0,29.5
2023-08-26 19:00:00,1482.0,29.7
2023-08-26 20:00:00,1564.0,29.4
2023-08-26 21:00:00,1523.0,29.0
2023-08-26 22:00:00,1428.0,28.6
2023-08-26 23:00:00,1366.0,28.9
2023-08-27 00:00:00,1422.0,28.5
2023-08-27 01:00:00,1333.0,28.5
2023-08-27 02:00:00,1276.0,28.4
2023-08-27 03:00:00,1214.0,28.5
2023-08-27 04:00:00,1171.0,28.1
2023-08-27 05:00:00,1162.0,28.0
2023-08-27 06:00:00,1177.0,27.8
2023-08-27 07:00:00,1246.0,28.0
2023-08-27 08:00:00,1280.0,28.0
2023-08-27 09:00:00,1322.0,27.7
2023-08-27 10:00:00,1306.0,28.4
2023-08-27 11:00:00,1284.0,29.2
2023-08-27 12:00:00,1204.0,29.5
2023-08-27 13:00:00,1119.0,23.5
2023-08-27 14:00:00,1066.0,23.1
2023-08-27 15:00:00,1063.0,22.7
2023-08-27 16:00:00,1075.0,22.3
2023-08-27 17:00:00,1135.0,22.3
2023-08-27 18:00:00,1063.0,22.1
2023-08-27 19:00:00,1053.0,22.0
2023-08-27 20:00:00,1038.0,22.1
2023-08-27 21:00:00,991.0,22.2
2023-08-27 22:00:00,905.0,21.9
2023-08-27 23:00:00,889.0,21.8
2023-08-28 00:00:00,1026.0,22.1
2023-08-28 01:00:00,954.0,22.1
2023-08-28 02:00:00,907.0,21.9
2023-08-28 03:00:00,908.0,21.5
2023-08-28 04:00:00,895.0,21.8
2023-08-28 05:00:00,897.0,21.9
2023-08-28 06:00:00,966.0,21.9
2023-08-28 07:00:00,1090.0,21.9
2023-08-28 08:00:00,1154.0,22.0
2023-08-28 09:00:00,1106.0,22.3
2023-08-28 10:00:00,1117.0,22.8
2023-08-28 11:00:00,1092.0,23.2
2023-08-28 12:00:00,971.0,23.4
2023-08-28 13:00:00,913.0,24.3
2023-08-28 14:00:00,931.0,23.8
2023-08-28 15:00:00,995.0,24.0
2023-08-28 16:00:00,1030.0,24.4
2023-08-28 17:00:00,1120.0,24.6
2023-08-28 18:00:00,1078.0,24.4
2023-08-28 19:00:00,1066.0,24.3
2023-08-28 20:00:00,1133.0,24.1
2023-08-28 21:00:00,1049.0,24.0
2023-08-28 22:00:00,986.0,24.2
2023-08-28 23:00:00,972.0,23.8
2023-08-29 00:00:00,1028.0,23.7
2023-08-29 01:00:00,967.0,23.7
2023-08-29 02:00:00,939.0,23.9
2023-08-29 03:00:00,930.0,23.5
2023-08-29 04:00:00,894.0,23.0
2023-08-29 05:00:00,929.0,22.8
2023-08-29 06:00:00,989.0,22.5
2023-08-29 07:00:00,1085.0,22.6
2023-08-29 08:00:00,1117.0,23.6
2023-08-29 09:00:00,1073.0,24.9
2023-08-29 10:00:00,1092.0,26.5
2023-08-29 11:00:00,1065.0,26.8
2023-08-29 12:00:00,962.0,28.0
2023-08-29 13:00:00,960.0,28.9
2023-08-29 14:00:00,994.0,28.9
2023-08-29 15:00:00,1038.0,28.2
2023-08-29 16:00:00,1056.0,28.3
2023-08-29 17:00:00,1118.0,27.9
2023-08-29 18:00:00,1099.0,27.6
2023-08-29 19:00:00,1110.0,26.8
2023-08-29 20:00:00,1165.0,26.4
2023-08-29 21:00:00,1107.0,25.6
2023-08-29 22:00:00,1027.0,25.5
2023-08-29 23:00:00,976.0,25.5
2023-08-30 00:00:00,1064.0,25.1
2023-08-30 01:00:00,977.0,24.8
2023-08-30 02:00:00,948.0,25.1
2023-08-30 03:00:00,938.0,25.0
2023-08-30 04:00:00,932.0,24.6
2023-08-30 05:00:00,926.0,24.1
2023-08-30 06:00:00,1021.0,23.5
2023-08-30 07:00:00,1097.0,23.5
2023-08-30 08:00:00,1141.0,24.3
2023-08-30 09:00:00,1111.0,26.5
2023-08-30 10:00:00,1110.0,26.7
2023-08-30 11:00:00,1044.0,28.0
2023-08-30 12:00:00,936.0,28.8
2023-08-30 13:00:00,947.0,29.1
2023-08-30 14:00:00,977.0,28.9
2023-08-30 15:00:00,1025.0,30.3
2023-08-30 16:00:00,1089.0,29.7
2023-08-30 17:00:00,1181.0,28.2
2023-08-30 18:00:00,1118.0,27.5
2023-08-30 19:00:00,1120.0,27.1
2023-08-30 20:00:00,1196.0,26.9
2023-08-30 21:00:00,1131.0,26.7
2023-08-30 22:00:00,1053.0,26.3
2023-08-30 23:00:00,1021.0,26.0
2023-08-31 00:00:00,1091.0,25.5
2023-08-31 01:00:00,995.0,25.2
2023-08-31 02:00:00,981.0,24.8
2023-08-31 03:00:00,950.0,24.7
2023-08-31 04:00:00,947.0,24.2
2023-08-31 05:00:00,939.0,23.9
2023-08-31 06:00:00,1033.0,23.6
2023-08-31 07:00:00,1124.0,23.6
2023-08-31 08:00:00,1126.0,24.3
2023-08-31 09:00:00,1113.0,25.7
2023-08-31 10:00:00,1095.0,28.0
2023-08-31 11:00:00,1083.0,28.1
2023-08-31 12:00:00,969.0,29.5
2023-08-31 13:00:00,952.0,30.5
2023-08-31 14:00:00,970.0,31.0
2023-08-31 15:00:00,1007.0,31.3
2023-08-31 16:00:00,1077.0,30.5
2023-08-31 17:00:00,1187.0,30.2
2023-08-31 18:00:00,1130.0,30.1
2023-08-31 19:00:00,1145.0,28.9
2023-08-31 20:00:00,1220.0,28.0
2023-08-31 21:00:00,1140.0,27.7
2023-08-31 22:00:00,1066.0,27.2
2023-08-31 23:00:00,1015.0,26.9
2023-09-01 00:00:00,1097.0,26.9
2023-09-01 01:00:00,1031.0,26.6
2023-09-01 02:00:00,989.0,26.0
2023-09-01 03:00:00,936.0,25.7
2023-09-01 04:00:00,932.0,25.0
2023-09-01 05:00:00,916.0,25.0
2023-09-01 06:00:00,1026.0,24.8
2023-09-01 07:00:00,1093.0,24.9
2023-09-01 08:00:00,1116.0,25.7
2023-09-01 09:00:00,1112.0,27.7
2023-09-01 10:00:00,1124.0,29.6
2023-09-01 11:00:00,1112.0,29.9
2023-09-01 12:00:00,1019.0,30.7
2023-09-01 13:00:00,988.0,31.6
2023-09-01 14:00:00,1030.0,31.7
2023-09-01 15:00:00,1085.0,32.1
2023-09-01 16:00:00,1126.0,32.1
2023-09-01 17:00:00,1245.0,31.3
2023-09-01 18:00:00,1205.0,30.8
2023-09-01 19:00:00,1193.0,29.5
2023-09-01 20:00:00,1261.0,28.8
2023-09-01 21:00:00,1212.0,28.4
2023-09-01 22:00:00,1119.0,27.7
2023-09-01 23:00:00,1083.0,27.6
2023-09-02 00:00:00,1140.0,27.1
2023-09-02 01:00:00,1072.0,27.0
2023-09-02 02:00:00,1008.0,26.4
2023-09-02 03:00:00,1002.0,26.1
2023-09-02 04:00:00,947.0,25.6
2023-09-02 05:00:00,966.0,25.6
2023-09-02 06:00:00,1012.0,24.9
2023-09-02 07:00:00,1087.0,24.5
2023-09-02 08:00:00,1105.0,24.7
2023-09-02 09:00:00,1106.0,25.4
2023-09-02 10:00:00,1121.0,26.6
2023-09-02 11:00:00,1043.0,27.2
2023-09-02 12:00:00,969.0,27.1
2023-09-02 13:00:00,923.0,27.2
2023-09-02 14:00:00,954.0,27.8
2023-09-02 15:00:00,1012.0,28.1
2023-09-02 16:00:00,1051.0,28.0
2023-09-02 17:00:00,1133.0,27.3
2023-09-02 18:00:00,1058.0,26.9
2023-09-02 19:00:00,1090.0,26.4
2023-09-02 20:00:00,1137.0,26.3
2023-09-02 21:00:00,1075.0,26.4
2023-09-02 22:00:00,1012.0,26.4
2023-09-02 23:00:00,963.0,26.4
2023-09-03 00:00:00,1050.0,26.2
2023-09-03 01:00:00,1008.0,26.2
2023-09-03 02:00:00,953.0,25.9
2023-09-03 03:00:00,936.0,25.8
2023-09-03 04:00:00,918.0,25.6
2023-09-03 05:00:00,927.0,25.3
2023-09-03 06:00:00,999.0,25.2
2023-09-03 07:00:00,1087.0,24.0
2023-09-03 08:00:00,1115.0,23.5
2023-09-03 09:00:00,1133.0,23.3
2023-09-03 10:00:00,1129.0,23.3
2023-09-03 11:00:00,1089.0,22.9
2023-09-03 12:00:00,948.0,23.5
2023-09-03 13:00:00,903.0,24.0
2023-09-03 14:00:00,909.0,24.0
2023-09-03 15:00:00,942.0,24.3
2023-09-03 16:00:00,973.0,23.8
2023-09-03 17:00:00,1060.0,23.4
2023-09-03 18:00:00,1015.0,23.2
2023-09-03 19:00:00,1037.0,23.3
2023-09-03 20:00:00,1047.0,23.5
2023-09-03 21:00:00,984.0,23.1
2023-09-03 22:00:00,909.0,22.9
2023-09-03 23:00:00,884.0,23.1
2023-09-04 00:00:00,984.0,22.9
2023-09-04 01:00:00,946.0,22.9
2023-09-04 02:00:00,933.0,23.1
2023-09-04 03:00:00,904.0,23.1
2023-09-04 04:00:00,894.0,23.3
2023-09-04 05:00:00,929.0,23.3
2023-09-04 06:00:00,977.0,23.3
2023-09-04 07:00:00,1115.0,23.3
2023-09-04 08:00:00,1146.0,23.8
2023-09-04 09:00:00,1137.0,24.0
2023-09-04 10:00:00,1142.0,24.6
2023-09-04 11:00:00,1098.0,25.5
2023-09-04 12:00:00,965.0,25.8
2023-09-04 13:00:00,941.0,24.1
2023-09-04 14:00:00,962.0,24.2
2023-09-04 15:00:00,1000.0,23.8
2023-09-04 16:00:00,1051.0,24.7
2023-09-04 17:00:00,1137.0,25.6
2023-09-04 18:00:00,1069.0,25.7
2023-09-04 19:00:00,1103.0,25.2
2023-09-04 20:00:00,1134.0,24.2
2023-09-04 21:00:00,1082.0,24.3
2023-09-04 22:00:00,988.0,24.4
2023-09-04 23:00:00,938.0,24.3
2023-09-05 00:00:00,1042.0,24.4
2023-09-05 01:00:00,976.0,24.4
2023-09-05 02:00:00,961.0,24.3
2023-09-05 03:00:00,942.0,24.1
2023-09-05 04:00:00,945.0,24.0
2023-09-05 05:00:00,949.0,24.1
2023-09-05 06:00:00,1030.0,24.0
2023-09-05 07:00:00,1157.0,24.2
2023-09-05 08:00:00,1159.0,24.8
2023-09-05 09:00:00,1127.0,26.0
2023-09-05 10:00:00,1091.0,27.6
2023-09-05 11:00:00,1056.0,28.4
2023-09-05 12:00:00,945.0,30.1
2023-09-05 13:00:00,969.0,30.6
2023-09-05 14:00:00,958.0,31.2
2023-09-05 15:00:00,1013.0,31.7
2023-09-05 16:00:00,1106.0,31.4
2023-09-05 17:00:00,1193.0,30.9
2023-09-05 18:00:00,1123.0,30.3
2023-09-05 19:00:00,1175.0,29.4
2023-09-05 20:00:00,1204.0,29.0
2023-09-05 21:00:00,1161.0,28.8
2023-09-05 22:00:00,1072.0,28.3
2023-09-05 23:00:00,1022.0,27.8
2023-09-06 00:00:00,1098.0,27.6
2023-09-06 01:00:00,1039.0,27.3
2023-09-06 02:00:00,1004.0,27.0
2023-09-06 03:00:00,980.0,26.8
2023-09-06 04:00:00,981.0,26.6
2023-09-06 05:00:00,987.0,26.2
2023-09-06 06:00:00,1079.0,26.0
2023-09-06 07:00:00,1150.0,25.9
2023-09-06 08:00:00,1224.0,26.3
2023-09-06 09:00:00,1238.0,27.1
2023-09-06 10:00:00,1250.0,27.6
2023-09-06 11:00:00,1200.0,28.4
2023-09-06 12:00:00,1088.0,29.4
2023-09-06 13:00:00,1063.0,29.5
2023-09-06 14:00:00,1062.0,31.0
2023-09-06 15:00:00,1130.0,31.3
2023-09-06 16:00:00,1169.0,31.0
2023-09-06 17:00:00,1227.0,30.1
2023-09-06 18:00:00,1200.0,29.7
2023-09-06 19:00:00,1227.0,29.5
2023-09-06 20:00:00,1253.0,29.3
2023-09-06 21:00:00,1199.0,29.2
2023-09-06 22:00:00,1116.0,28.6
2023-09-06 23:00:00,1037.0,28.3
2023-09-07 00:00:00,1139.0,28.2
2023-09-07 01:00:00,1066.0,28.0
2023-09-07 02:00:00,1027.0,27.8
2023-09-07 03:00:00,1002.0,27.4
2023-09-07 04:00:00,980.0,27.1
2023-09-07 05:00:00,1000.0,26.8
2023-09-07 06:00:00,1065.0,26.8
2023-09-07 07:00:00,1174.0,26.8
2023-09-07 08:00:00,1214.0,27.1
2023-09-07 09:00:00,1254.0,28.7
2023-09-07 10:00:00,1232.0,29.3
2023-09-07 11:00:00,1209.0,30.6
2023-09-07 12:00:00,1080.0,31.6
2023-09-07 13:00:00,1103.0,32.9
2023-09-07 14:00:00,1121.0,33.3
2023-09-07 15:00:00,1195.0,33.7
2023-09-07 16:00:00,1245.0,34.0
2023-09-07 17:00:00,1338.0,33.3
2023-09-07 18:00:00,1272.0,30.8
2023-09-07 19:00:00,1327.0,30.7
2023-09-07 20:00:00,1370.0,27.3
2023-09-07 21:00:00,1304.0,26.6
2023-09-07 22:00:00,1210.0,26.7
2023-09-07 23:00:00,1159.0,26.7
2023-09-08 00:00:00,1223.0,26.6
2023-09-08 01:00:00,1145.0,26.2
2023-09-08 02:00:00,1111.0,26.2
2023-09-08 03:00:00,1084.0,26.3
2023-09-08 04:00:00,1049.0,26.5
2023-09-08 05:00:00,1073.0,26.2
2023-09-08 06:00:00,1135.0,26.2
2023-09-08 07:00:00,1206.0,26.4
2023-09-08 08:00:00,1239.0,27.3
2023-09-08 09:00:00,1285.0,28.6
2023-09-08 10:00:00,1273.0,30.6
2023-09-08 11:00:00,1246.0,32.2
2023-09-08 12:00:00,1141.0,33.0
2023-09-08 13:00:00,1180.0,33.4
2023-09-08 14:00:00,1208.0,33.8
2023-09-08 15:00:00,1261.0,33.9
2023-09-08 16:00:00,1322.0,34.2
2023-09-08 17:00:00,1383.0,33.9
2023-09-08 18:00:00,1331.0,33.4
2023-09-08 19:00:00,1375.0,32.2
2023-09-08 20:00:00,1491.0,31.5
2023-09-08 21:00:00,1452.0,30.9
2023-09-08 22:00:00,1362.0,30.3
2023-09-08 23:00:00,1300.0,29.9
2023-09-09 00:00:00,1363.0,29.4
2023-09-09 01:00:00,1304.0,28.7
2023-09-09 02:00:00,1221.0,28.1
2023-09-09 03:00:00,1173.0,27.6
2023-09-09 04:00:00,1157.0,27.9
2023-09-09 05:00:00,1133.0,27.7
2023-09-09 06:00:00,1143.0,27.3
2023-09-09 07:00:00,1209.0,27.1
2023-09-09 08:00:00,1239.0,28.0
2023-09-09 09:00:00,1257.0,29.9
2023-09-09 10:00:00,1284.0,31.3
2023-09-09 11:00:00,1289.0,32.3
2023-09-09 12:00:00,1243.0,32.2
2023-09-09 13:00:00,1287.0,32.7
2023-09-09 14:00:00,1306.0,33.6
2023-09-09 15:00:00,1383.0,34.6
2023-09-09 16:00:00,1413.0,34.0
2023-09-09 17:00:00,1465.0,34.1
2023-09-09 18:00:00,1412.0,33.5
2023-09-09 19:00:00,1485.0,32.3
2023-09-09 20:00:00,1625.0,30.9
2023-09-09 21:00:00,1591.0,29.9
2023-09-09 22:00:00,1512.0,29.5
2023-09-09 23:00:00,1452.0,28.9
2023-09-10 00:00:00,1490.0,28.9
2023-09-10 01:00:00,1394.0,28.4
2023-09-10 02:00:00,1320.0,28.1
2023-09-10 03:00:00,1263.0,27.6
2023-09-10 04:00:00,1239.0,27.3
2023-09-10 05:00:00,1211.0,27.1
2023-09-10 06:00:00,1228.0,26.9
2023-09-10 07:00:00,1278.0,27.1
2023-09-10 08:00:00,1296.0,29.8
2023-09-10 09:00:00,1284.0,31.1
2023-09-10 10:00:00,1319.0,32.4
2023-09-10 11:00:00,1300.0,33.8
2023-09-10 12:00:00,1279.0,34.7
2023-09-10 13:00:00,1344.0,34.6
2023-09-10 14:00:00,1356.0,36.1
2023-09-10 15:00:00,1406.0,35.9
2023-09-10 16:00:00,1444.0,35.7
2023-09-10 17:00:00,1509.0,35.5
2023-09-10 18:00:00,1431.0,34.5
2023-09-10 19:00:00,1523.0,33.3
2023-09-10 20:00:00,1683.0,32.0
2023-09-10 21:00:00,1671.0,30.9
2023-09-10 22:00:00,1586.0,30.2
2023-09-10 23:00:00,1468.0,30.1
2023-09-11 00:00:00,1530.0,28.9
2023-09-11 01:00:00,1402.0,28.4
2023-09-11 02:00:00,1343.0,28.1
2023-09-11 03:00:00,1263.0,27.6
2023-09-11 04:00:00,1235.0,27.3
2023-09-11 05:00:00,1206.0,27.1
2023-09-11 06:00:00,1236.0,26.9
2023-09-11 07:00:00,1287.0,27.1
2023-09-11 08:00:00,1297.0,29.8
2023-09-11 09:00:00,1321.0,31.1
2023-09-11 10:00:00,1338.0,32.4
2023-09-11 11:00:00,1362.0,33.8
2023-09-11 12:00:00,1302.0,34.7
2023-09-11 13:00:00,1342.0,34.6
2023-09-11 14:00:00,1366.0,36.1
2023-09-11 15:00:00,1402.0,35.9
2023-09-11 16:00:00,1426.0,35.7
2023-09-11 17:00:00,1474.0,35.5
2023-09-11 18:00:00,1412.0,34.5
2023-09-11 19:00:00,1478.0,33.3
2023-09-11 20:00:00,1575.0,32.0
2023-09-11 21:00:00,1522.0,30.9
2023-09-11 22:00:00,1409.0,30.2
2023-09-11 23:00:00,1297.0,30.1
2023-09-12 00:00:00,1343.0,28.9
2023-09-12 01:00:00,1251.0,28.4
2023-09-12 02:00:00,1176.0,28.1
2023-09-12 03:00:00,1124.0,27.6
2023-09-12 04:00:00,1106.0,27.3
2023-09-12 05:00:00,1106.0,27.1
2023-09-12 06:00:00,1127.0,26.9
2023-09-12 07:00:00,1195.0,27.1
2023-09-12 08:00:00,1222.0,29.8
2023-09-12 09:00:00,1266.0,31.1
2023-09-12 10:00:00,1267.0,32.4
2023-09-12 11:00:00,1224.0,33.8
2023-09-12 12:00:00,1108.0,34.7
2023-09-12 13:00:00,1075.0,34.6
2023-09-12 14:00:00,1067.0,36.1
2023-09-12 15:00:00,1094.0,35.9
2023-09-12 16:00:00,1125.0,35.7
2023-09-12 17:00:00,1165.0,35.5
2023-09-12 18:00:00,1096.0,34.5
2023-09-12 19:00:00,1128.0,33.3
2023-09-12 20:00:00,1086.0,32.0
2023-09-12 21:00:00,1030.0,30.9
2023-09-12 22:00:00,976.0,30.2
2023-09-12 23:00:00,945.0,30.1
2023-09-13 00:00:00,1022.0,28.9
2023-09-13 01:00:00,990.0,28.4
2023-09-13 02:00:00,949.0,28.1
2023-09-13 03:00:00,918.0,27.6
2023-09-13 04:00:00,921.0,27.3
2023-09-13 05:00:00,912.0,27.1
2023-09-13 06:00:00,978.0,26.9
2023-09-13 07:00:00,1107.0,27.1
2023-09-13 08:00:00,1135.0,29.8
2023-09-13 09:00:00,1153.0,31.1
2023-09-13 10:00:00,1154.0,32.4
2023-09-13 11:00:00,1058.0,33.8
2023-09-13 12:00:00,945.0,34.7
2023-09-13 13:00:00,909.0,34.6
2023-09-13 14:00:00,911.0,36.1
2023-09-13 15:00:00,953.0,35.9
2023-09-13 16:00:00,994.0,35.7
2023-09-13 17:00:00,1070.0,35.5
2023-09-13 18:00:00,1037.0,34.5
2023-09-13 19:00:00,1086.0,33.3
2023-09-13 20:00:00,1054.0,32.0
2023-09-13 21:00:00,1003.0,30.9
2023-09-13 22:00:00,949.0,30.2
2023-09-13 23:00:00,887.0,30.1
2023-09-14 00:00:00,991.0,28.9
2023-09-14 01:00:00,946.0,28.4
2023-09-14 02:00:00,885.0,28.1
2023-09-14 03:00:00,875.0,27.6
2023-09-14 04:00:00,879.0,27.3
2023-09-14 05:00:00,896.0,27.1
2023-09-14 06:00:00,956.0,26.9
2023-09-14 07:00:00,1059.0,27.1
2023-09-14 08:00:00,1108.0,29.8
2023-09-14 09:00:00,1088.0,31.1
2023-09-14 10:00:00,1060.0,32.4
2023-09-14 11:00:00,1006.0,33.8
2023-09-14 12:00:00,935.0,34.7
2023-09-14 13:00:00,914.0,34.6
2023-09-14 14:00:00,951.0,36.1
2023-09-14 15:00:00,994.0,35.9
2023-09-14 16:00:00,1040.0,35.7
2023-09-14 17:00:00,1110.0,35.5
2023-09-14 18:00:00,1060.0,34.5
2023-09-14 19:00:00,1107.0,33.3
2023-09-14 20:00:00,1097.0,32.0
2023-09-14 21:00:00,1040.0,30.9
2023-09-14 22:00:00,964.0,30.2
2023-09-14 23:00:00,910.0,30.1
2023-09-15 00:00:00,992.0,28.9
2023-09-15 01:00:00,939.0,28.4
2023-09-15 02:00:00,910.0,28.1
2023-09-15 03:00:00,868.0,27.6
2023-09-15 04:00:00,893.0,27.3
2023-09-15 05:00:00,901.0,27.1
2023-09-15 06:00:00,983.0,26.9
2023-09-15 07:00:00,1059.0,27.1
2023-09-15 08:00:00,1076.0,29.8
2023-09-15 09:00:00,1073.0,31.1
2023-09-15 10:00:00,1052.0,32.4
2023-09-15 11:00:00,1041.0,33.8
2023-09-15 12:00:00,882.0,34.7
2023-09-15 13:00:00,918.0,34.6
2023-09-15 14:00:00,935.0,36.1
2023-09-15 15:00:00,974.0,35.9
2023-09-15 16:00:00,1032.0,35.7
2023-09-15 17:00:00,1152.0,35.5
2023-09-15 18:00:00,1109.0,34.5
2023-09-15 19:00:00,1170.0,33.3
2023-09-15 20:00:00,1161.0,32.0
2023-09-15 21:00:00,1095.0,30.9
2023-09-15 22:00:00,1011.0,30.2
2023-09-15 23:00:00,972.0,30.1
2023-09-16 00:00:00,1070.0,28.9
2023-09-16 01:00:00,979.0,28.4
2023-09-16 02:00:00,963.0,28.1
2023-09-16 03:00:00,933.0,27.6
2023-09-16 04:00:00,917.0,27.3
2023-09-16 05:00:00,918.0,27.1
2023-09-16 06:00:00,953.0,26.9
2023-09-16 07:00:00,1077.0,27.1
2023-09-16 08:00:00,1110.0,29.8
2023-09-16 09:00:00,1065.0,31.1
2023-09-16 10:00:00,1069.0,32.4
2023-09-16 11:00:00,1022.0,33.8
2023-09-16 12:00:00,925.0,34.7
2023-09-16 13:00:00,926.0,34.6
2023-09-16 14:00:00,949.0,36.1
2023-09-16 15:00:00,1002.0,35.9
2023-09-16 16:00:00,1096.0,35.7
2023-09-16 17:00:00,1191.0,35.5
2023-09-16 18:00:00,1167.0,34.5
2023-09-16 19:00:00,1231.0,33.3
2023-09-16 20:00:00,1240.0,32.0
2023-09-16 21:00:00,1172.0,30.9
2023-09-16 22:00:00,1109.0,30.2
2023-09-16 23:00:00,1043.0,30.1
2023-09-17 00:00:00,1115.0,28.9
2023-09-17 01:00:00,1057.0,28.4
2023-09-17 02:00:00,1001.0,28.1
2023-09-17 03:00:00,965.0,27.6
2023-09-17 04:00:00,961.0,27.3
2023-09-17 05:00:00,970.0,27.1
2023-09-17 06:00:00,1007.0,26.9
2023-09-17 07:00:00,1103.0,27.1
2023-09-17 08:00:00,1126.0,29.8
2023-09-17 09:00:00,1128.0,31.1
2023-09-17 10:00:00,1101.0,32.4
2023-09-17 11:00:00,1121.0,33.8
2023-09-17 12:00:00,1049.0,34.7
2023-09-17 13:00:00,1088.0,34.6
2023-09-17 14:00:00,1126.0,36.1
2023-09-17 15:00:00,1189.0,35.9
2023-09-17 16:00:00,1227.0,35.7
2023-09-17 17:00:00,1313.0,35.5
2023-09-17 18:00:00,1275.0,34.5
2023-09-17 19:00:00,1357.0,33.3
2023-09-17 20:00:00,1404.0,32.0
2023-09-17 21:00:00,1357.0,30.9
2023-09-17 22:00:00,1264.0,30.2
2023-09-17 23:00:00,1186.0,30.1
2023-09-18 00:00:00,1276.0,28.9
2023-09-18 01:00:00,1172.0,28.4
2023-09-18 02:00:00,1120.0,28.1
2023-09-18 03:00:00,1089.0,27.6
2023-09-18 04:00:00,1063.0,27.3
2023-09-18 05:00:00,1092.0,27.1
2023-09-18 06:00:00,1136.0,26.9
2023-09-18 07:00:00,1215.0,27.1
2023-09-18 08:00:00,1227.0,29.8
2023-09-18 09:00:00,1280.0,31.1
2023-09-18 10:00:00,1274.0,32.4
2023-09-18 11:00:00,1285.0,33.8
2023-09-18 12:00:00,1223.0,34.7
2023-09-18 13:00:00,1300.0,34.6
2023-09-18 14:00:00,1322.0,36.1
2023-09-18 15:00:00,1373.0,35.9
2023-09-18 16:00:00,1413.0,35.7
2023-09-18 17:00:00,1469.0,35.5
2023-09-18 18:00:00,1389.0,34.5
2023-09-18 19:00:00,1520.0,33.3
2023-09-18 20:00:00,1588.0,32.0
2023-09-18 21:00:00,1538.0,30.9
2023-09-18 22:00:00,1476.0,30.2
2023-09-18 23:00:00,1417.0,30.1
2023-09-19 00:00:00,1469.0,28.9
2023-09-19 01:00:00,1382.0,28.4
2023-09-19 02:00:00,1334.0,28.1
2023-09-19 03:00:00,1260.0,27.6
2023-09-19 04:00:00,1254.0,27.3
2023-09-19 05:00:00,1214.0,27.1
2023-09-19 06:00:00,1233.0,26.9
2023-09-19 07:00:00,1243.0,27.1
2023-09-19 08:00:00,1280.0,29.8
2023-09-19 09:00:00,1314.0,31.1
2023-09-19 10:00:00,1333.0,32.4
2023-09-19 11:00:00,1337.0,33.8
2023-09-19 12:00:00,1296.0,34.7
2023-09-19 13:00:00,1368.0,34.6
2023-09-19 14:00:00,1400.0,36.1
2023-09-19 15:00:00,1419.0,35.9
2023-09-19 16:00:00,1422.0,35.7
2023-09-19 17:00:00,1492.0,35.5
2023-09-19 18:00:00,1482.0,34.5
2023-09-19 19:00:00,1614.0,33.3
2023-09-19 20:00:00,1725.0,32.0
2023-09-19 21:00:00,1706.0,30.9
2023-09-19 22:00:00,1638.0,30.2
2023-09-19 23:00:00,1542.0,30.1
2023-09-20 00:00:00,1558.0,28.9
2023-09-20 01:00:00,1454.0,28.4
2023-09-20 02:00:00,1395.0,28.1
2023-09-20 03:00:00,1360.0,27.6
2023-09-20 04:00:00,1279.0,27.3
2023-09-20 05:00:00,1262.0,27.1
2023-09-20 06:00:00,1236.0,26.9
2023-09-20 07:00:00,1234.0,27.1
2023-09-20 08:00:00,1234.0,29.8
2023-09-20 09:00:00,1250.0,31.1
2023-09-20 10:00:00,1248.0,32.4
2023-09-20 11:00:00,1226.0,33.8
2023-09-20 12:00:00,1065.0,34.7
2023-09-20 13:00:00,1048.0,34.6
2023-09-20 14:00:00,1026.0,36.1
2023-09-20 15:00:00,1042.0,35.9
2023-09-20 16:00:00,1064.0,35.7
2023-09-20 17:00:00,1126.0,35.5
2023-09-20 18:00:00,1090.0,34.5
2023-09-20 19:00:00,1108.0,33.3
2023-09-20 20:00:00,1079.0,32.0
2023-09-20 21:00:00,1016.0,30.9
2023-09-20 22:00:00,939.0,30.2
2023-09-20 23:00:00,920.0,30.1
2023-09-21 00:00:00,1019.0,28.9
2023-09-21 01:00:00,965.0,28.4
2023-09-21 02:00:00,937.0,28.1
2023-09-21 03:00:00,907.0,27.6
2023-09-21 04:00:00,894.0,27.3
2023-09-21 05:00:00,919.0,27.1
2023-09-21 06:00:00,970.0,26.9
2023-09-21 07:00:00,1102.0,27.1
2023-09-21 08:00:00,1161.0,29.8
2023-09-21 09:00:00,1168.0,31.1
2023-09-21 10:00:00,1164.0,32.4
2023-09-21 11:00:00,1112.0,33.8
2023-09-21 12:00:00,973.0,34.7
2023-09-21 13:00:00,932.0,34.6
2023-09-21 14:00:00,953.0,36.1
2023-09-21 15:00:00,982.0,35.9
2023-09-21 16:00:00,1005.0,35.7
2023-09-21 17:00:00,1068.0,35.5
2023-09-21 18:00:00,1031.0,34.5
2023-09-21 19:00:00,1045.0,33.3
2023-09-21 20:00:00,997.0,32.0
2023-09-21 21:00:00,942.0,30.9
2023-09-21 22:00:00,879.0,30.2
2023-09-21 23:00:00,855.0,30.1
2023-09-22 00:00:00,939.0,18.6
2023-09-22 01:00:00,908.0,18.7
2023-09-22 02:00:00,866.0,18.8
2023-09-22 03:00:00,857.0,19.0
2023-09-22 04:00:00,871.0,18.7
2023-09-22 05:00:00,886.0,18.3
2023-09-22 06:00:00,960.0,18.3
2023-09-22 07:00:00,1081.0,18.33
2023-09-22 08:00:00,1122.0,18.5
2023-09-22 09:00:00,1102.0,18.84
2023-09-22 10:00:00,1095.0,19.0
2023-09-22 11:00:00,1051.0,19.0
2023-09-22 12:00:00,923.0,34.7
2023-09-22 13:00:00,867.0,34.6
2023-09-22 14:00:00,909.0,36.1
2023-09-22 15:00:00,934.0,35.9
2023-09-22 16:00:00,959.0,35.7
2023-09-22 17:00:00,1058.0,35.5
2023-09-22 18:00:00,1019.0,34.5
2023-09-22 19:00:00,1054.0,33.3
2023-09-22 20:00:00,1005.0,32.0
2023-09-22 21:00:00,964.0,30.9
2023-09-22 22:00:00,896.0,30.2
2023-09-22 23:00:00,874.0,30.1
2023-09-23 00:00:00,984.0,18.6
2023-09-23 01:00:00,919.0,18.7
2023-09-23 02:00:00,875.0,18.8
2023-09-23 03:00:00,863.0,19.0
2023-09-23 04:00:00,853.0,18.7
2023-09-23 05:00:00,864.0,18.3
2023-09-23 06:00:00,893.0,18.3
2023-09-23 07:00:00,1019.0,18.33
2023-09-23 08:00:00,1095.0,18.5
2023-09-23 09:00:00,1086.0,18.84
2023-09-23 10:00:00,1079.0,19.0
2023-09-23 11:00:00,1042.0,19.0
2023-09-23 12:00:00,960.0,34.7
2023-09-23 13:00:00,928.0,34.6
2023-09-23 14:00:00,923.0,36.1
2023-09-23 15:00:00,955.0,35.9
2023-09-23 16:00:00,992.0,35.7
2023-09-23 17:00:00,1057.0,35.5
2023-09-23 18:00:00,1008.0,34.5
2023-09-23 19:00:00,1057.0,33.3
2023-09-23 20:00:00,1016.0,32.0
2023-09-23 21:00:00,961.0,30.9
2023-09-23 22:00:00,887.0,30.2
2023-09-23 23:00:00,864.0,30.1
2023-09-24 00:00:00,981.0,18.6
2023-09-24 01:00:00,926.0,18.7
2023-09-24 02:00:00,893.0,18.8
2023-09-24 03:00:00,864.0,19.0
2023-09-24 04:00:00,843.0,18.7
2023-09-24 05:00:00,860.0,18.3
2023-09-24 06:00:00,891.0,18.3
2023-09-24 07:00:00,1019.0,18.33
2023-09-24 08:00:00,1122.0,18.5
2023-09-24 09:00:00,1100.0,18.84
2023-09-24 10:00:00,1079.0,19.0
2023-09-24 11:00:00,1064.0,19.0
2023-09-24 12:00:00,914.0,34.7
2023-09-24 13:00:00,882.0,34.6
2023-09-24 14:00:00,879.0,36.1
2023-09-24 15:00:00,910.0,35.9
2023-09-24 16:00:00,956.0,35.7
2023-09-24 17:00:00,1055.0,35.5
2023-09-24 18:00:00,1028.0,34.5
2023-09-24 19:00:00,1069.0,33.3
2023-09-24 20:00:00,1028.0,32.0
2023-09-24 21:00:00,966.0,30.9
2023-09-24 22:00:00,881.0,30.2
2023-09-24 23:00:00,851.0,30.1
2023-09-25 00:00:00,925.0,18.6
2023-09-25 01:00:00,888.0,18.7
2023-09-25 02:00:00,871.0,18.8
2023-09-25 03:00:00,876.0,19.0
2023-09-25 04:00:00,876.0,18.7
2023-09-25 05:00:00,873.0,18.6
2023-09-25 06:00:00,926.0,18.6
2023-09-25 07:00:00,1111.0,18.8
2023-09-25 08:00:00,1154.0,19.0
2023-09-25 09:00:00,1137.0,18.84
2023-09-25 10:00:00,1118.0,19.0
2023-09-25 11:00:00,1067.0,19.0
2023-09-25 12:00:00,930.0,19.8
2023-09-25 13:00:00,858.0,34.6
2023-09-25 14:00:00,902.0,36.1
2023-09-25 15:00:00,953.0,35.9
2023-09-25 16:00:00,973.0,21.2
2023-09-25 17:00:00,1052.0,21.3
2023-09-25 18:00:00,1053.0,34.5
2023-09-25 19:00:00,1080.0,33.3
2023-09-25 20:00:00,1025.0,32.0
2023-09-25 21:00:00,985.0,30.9
2023-09-25 22:00:00,905.0,30.2
2023-09-25 23:00:00,867.0,30.1
2023-09-26 00:00:00,975.0,20.52
2023-09-26 01:00:00,912.0,20.4
2023-09-26 02:00:00,874.0,20.3
2023-09-26 03:00:00,875.0,20.1
2023-09-26 04:00:00,878.0,20.0
2023-09-26 05:00:00,913.0,19.88
2023-09-26 06:00:00,970.0,19.8
2023-09-26 07:00:00,1129.0,19.86
2023-09-26 08:00:00,1170.0,20.0
2023-09-26 09:00:00,1174.0,20.2
2023-09-26 10:00:00,1140.0,20.56
2023-09-26 11:00:00,1024.0,21.46
2023-09-26 12:00:00,873.0,22.8
2023-09-26 13:00:00,852.0,24.0
2023-09-26 14:00:00,907.0,24.7
2023-09-26 15:00:00,932.0,24.82
2023-09-26 16:00:00,1007.0,24.9
2023-09-26 17:00:00,1113.0,24.34
2023-09-26 18:00:00,1065.0,23.78
2023-09-26 19:00:00,1079.0,23.28
2023-09-26 20:00:00,1039.0,22.84
2023-09-26 21:00:00,1009.0,22.5
2023-09-26 22:00:00,905.0,22.3
2023-09-26 23:00:00,867.0,22.16
2023-09-27 00:00:00,983.0,22.1
2023-09-27 01:00:00,942.0,22.06
2023-09-27 02:00:00,918.0,22.0
2023-09-27 03:00:00,896.0,21.9
2023-09-27 04:00:00,885.0,21.74
2023-09-27 05:00:00,910.0,21.58
2023-09-27 06:00:00,985.0,21.5
2023-09-27 07:00:00,1116.0,21.52
2023-09-27 08:00:00,1162.0,21.56
2023-09-27 09:00:00,1161.0,22.02
2023-09-27 10:00:00,1106.0,22.86
2023-09-27 11:00:00,1021.0,23.7
2023-09-27 12:00:00,863.0,24.6
2023-09-27 13:00:00,839.0,25.1
2023-09-27 14:00:00,812.0,25.77
2023-09-27 15:00:00,848.0,26.13
2023-09-27 16:00:00,913.0,26.49
2023-09-27 17:00:00,1005.0,26.8
2023-09-27 18:00:00,930.0,26.0
2023-09-27 19:00:00,1021.0,25.12
2023-09-27 20:00:00,1104.0,24.56
2023-09-27 21:00:00,1066.0,24.0
2023-09-27 22:00:00,967.0,23.6
2023-09-27 23:00:00,867.0,24.0
2023-09-28 00:00:00,1019.0,23.64
2023-09-28 01:00:00,960.0,23.3
2023-09-28 02:00:00,945.0,23.4
2023-09-28 03:00:00,898.0,23.04
2023-09-28 04:00:00,915.0,23.0
2023-09-28 05:00:00,909.0,23.08
2023-09-28 06:00:00,983.0,23.04
2023-09-28 07:00:00,1089.0,23.16
2023-09-28 08:00:00,1104.0,23.4
2023-09-28 09:00:00,1087.0,23.9
2023-09-28 10:00:00,1085.0,25.1
2023-09-28 11:00:00,979.0,26.7
2023-09-28 12:00:00,876.0,27.06
2023-09-28 13:00:00,854.0,27.42
2023-09-28 14:00:00,879.0,27.8
2023-09-28 15:00:00,909.0,28.0
2023-09-28 16:00:00,969.0,28.36
2023-09-28 17:00:00,1073.0,28.5
2023-09-28 18:00:00,1044.0,27.7
2023-09-28 19:00:00,1108.0,27.0
2023-09-28 20:00:00,1066.0,26.7
2023-09-28 21:00:00,1026.0,25.9
2023-09-28 22:00:00,967.0,25.2
2023-09-28 23:00:00,867.0,25.2
2023-09-29 00:00:00,951.0,24.8
2023-09-29 01:00:00,889.0,24.4
2023-09-29 02:00:00,868.0,24.1
2023-09-29 03:00:00,838.0,24.0
2023-09-29 04:00:00,808.0,23.94
2023-09-29 05:00:00,813.0,23.64
2023-09-29 06:00:00,812.0,23.3
2023-09-29 07:00:00,915.0,23.2
2023-09-29 08:00:00,872.0,23.2
2023-09-29 09:00:00,789.0,23.8
2023-09-29 10:00:00,791.0,25.24
2023-09-29 11:00:00,749.0,26.7
2023-09-29 12:00:00,666.0,27.26
2023-09-29 13:00:00,620.0,28.0
2023-09-29 14:00:00,633.0,28.12
2023-09-29 15:00:00,692.0,28.24
2023-09-29 16:00:00,771.0,28.36
2023-09-29 17:00:00,873.0,28.1
2023-09-29 18:00:00,876.0,27.4
2023-09-29 19:00:00,1019.0,26.6
2023-09-29 20:00:00,1007.0,25.8
2023-09-29 21:00:00,978.0,25.5
2023-09-29 22:00:00,967.0,24.8
2023-09-29 23:00:00,867.0,24.2
2023-09-30 00:00:00,879.0,23.6
2023-09-30 01:00:00,796.0,22.72
2023-09-30 02:00:00,746.0,22.0
2023-09-30 03:00:00,733.0,21.34
2023-09-30 04:00:00,729.0,21.13
2023-09-30 05:00:00,719.0,21.28
2023-09-30 06:00:00,759.0,21.44
2023-09-30 07:00:00,906.0,21.6
2023-09-30 08:00:00,950.0,21.64
2023-09-30 09:00:00,931.0,21.7
2023-09-30 10:00:00,930.0,22.1
2023-09-30 11:00:00,888.0,22.5
2023-09-30 12:00:00,821.0,22.96
2023-09-30 13:00:00,728.0,23.48
2023-09-30 14:00:00,751.0,23.7
2023-09-30 15:00:00,775.0,23.7
2023-09-30 16:00:00,816.0,23.4
2023-09-30 17:00:00,925.0,23.0
2023-09-30 18:00:00,908.0,22.8
2023-09-30 19:00:00,985.0,22.3
2023-09-30 20:00:00,980.0,22.3
2023-09-30 21:00:00,934.0,22.3
2023-09-30 22:00:00,866.0,22.2
2023-09-30 23:00:00,800.0,22.2
2023-10-01 00:00:00,887.0,22.0
2023-10-01 01:00:00,811.0,22.0
2023-10-01 02:00:00,761.0,22.0
2023-10-01 03:00:00,747.0,21.9
2023-10-01 04:00:00,729.0,21.7
2023-10-01 05:00:00,724.0,21.7
2023-10-01 06:00:00,801.0,21.5
2023-10-01 07:00:00,892.0,20.6
2023-10-01 08:00:00,954.0,20.5
2023-10-01 09:00:00,940.0,20.7
2023-10-01 10:00:00,926.0,21.1
2023-10-01 11:00:00,888.0,21.5
2023-10-01 12:00:00,821.0,21.6
2023-10-01 13:00:00,756.0,21.7
2023-10-01 14:00:00,762.0,21.5
2023-10-01 15:00:00,779.0,21.7
2023-10-01 16:00:00,824.0,22.0
2023-10-01 17:00:00,939.0,21.9
2023-10-01 18:00:00,918.0,21.3
2023-10-01 19:00:00,991.0,21.5
2023-10-01 20:00:00,969.0,21.8
2023-10-01 21:00:00,921.0,21.0
2023-10-01 22:00:00,853.0,21.0
2023-10-01 23:00:00,800.0,21.4
2023-10-02 00:00:00,865.0,27.9
2023-10-02 01:00:00,792.0,27.17
2023-10-02 02:00:00,732.0,26.45
2023-10-02 03:00:00,723.0,25.96
2023-10-02 04:00:00,697.0,25.48
2023-10-02 05:00:00,707.0,24.75
2023-10-02 06:00:00,754.0,25.0
2023-10-02 07:00:00,877.0,25.0
2023-10-02 08:00:00,999.0,25.72
2023-10-02 09:00:00,996.0,25.96
2023-10-02 10:00:00,973.0,26.21
2023-10-02 11:00:00,940.0,24.51
2023-10-02 12:00:00,839.0,24.03
2023-10-02 13:00:00,798.0,24.03
2023-10-02 14:00:00,818.0,23.3
2023-10-02 15:00:00,827.0,22.58
2023-10-02 16:00:00,863.0,22.09
2023-10-02 17:00:00,977.0,21.61
2023-10-02 18:00:00,929.0,20.64
2023-10-02 19:00:00,994.0,20.88
2023-10-02 20:00:00,966.0,21.13
2023-10-02 21:00:00,916.0,21.13
2023-10-02 22:00:00,864.0,21.13
2023-10-02 23:00:00,791.0,20.64
2023-10-03 00:00:00,860.0,18.37
2023-10-03 01:00:00,800.0,18.21
2023-10-03 02:00:00,732.0,17.73
2023-10-03 03:00:00,715.0,17.57
2023-10-03 04:00:00,713.0,17.25
2023-10-03 05:00:00,725.0,17.25
2023-10-03 06:00:00,764.0,17.25
2023-10-03 07:00:00,930.0,17.41
2023-10-03 08:00:00,995.0,17.41
2023-10-03 09:00:00,1020.0,17.73
2023-10-03 10:00:00,995.0,18.05
2023-10-03 11:00:00,961.0,18.21
2023-10-03 12:00:00,839.0,18.84
2023-10-03 13:00:00,811.0,19.48
2023-10-03 14:00:00,823.0,19.48
2023-10-03 15:00:00,829.0,19.48
2023-10-03 16:00:00,887.0,19.32
2023-10-03 17:00:00,987.0,19.48
2023-10-03 18:00:00,953.0,19.32
2023-10-03 19:00:00,1006.0,19.48
2023-10-03 20:00:00,969.0,19.32
2023-10-03 21:00:00,927.0,19.16
2023-10-03 22:00:00,853.0,19.48
2023-10-03 23:00:00,802.0,19.16
2023-10-04 00:00:00,878.0,15.5
2023-10-04 01:00:00,846.0,15.79
2023-10-04 02:00:00,758.0,16.08
2023-10-04 03:00:00,750.0,16.08
2023-10-04 04:00:00,734.0,16.47
2023-10-04 05:00:00,756.0,16.66
2023-10-04 06:00:00,783.0,16.66
2023-10-04 07:00:00,958.0,16.86
2023-10-04 08:00:00,1034.0,17.25
2023-10-04 09:00:00,1050.0,17.83
2023-10-04 10:00:00,1048.0,18.41
2023-10-04 11:00:00,1031.0,18.99
2023-10-04 12:00:00,874.0,20.55
2023-10-04 13:00:00,863.0,21.13
2023-10-04 14:00:00,858.0,21.52
2023-10-04 15:00:00,888.0,21.71
2023-10-04 16:00:00,943.0,21.71
2023-10-04 17:00:00,1051.0,21.13
2023-10-04 18:00:00,1024.0,18.61
2023-10-04 19:00:00,1072.0,17.83
2023-10-04 20:00:00,1029.0,17.64
2023-10-04 21:00:00,984.0,17.64
2023-10-04 22:00:00,897.0,17.64
2023-10-04 23:00:00,828.0,17.64
2023-10-05 00:00:00,928.0,17.9
2023-10-05 01:00:00,873.0,17.68
2023-10-05 02:00:00,841.0,17.6
2023-10-05 03:00:00,778.0,17.6
2023-10-05 04:00:00,809.0,17.6
2023-10-05 05:00:00,791.0,17.68
2023-10-05 06:00:00,854.0,17.83
2023-10-05 07:00:00,965.0,17.98
2023-10-05 08:00:00,1061.0,17.9
2023-10-05 09:00:00,1075.0,17.98
2023-10-05 10:00:00,1068.0,18.13
2023-10-05 11:00:00,1045.0,18.44
2023-10-05 12:00:00,915.0,18.51
2023-10-05 13:00:00,885.0,18.74
2023-10-05 14:00:00,887.0,18.74
2023-10-05 15:00:00,896.0,19.12
2023-10-05 16:00:00,936.0,19.42
2023-10-05 17:00:00,1046.0,19.5
2023-10-05 18:00:00,1022.0,19.35
2023-10-05 19:00:00,1062.0,19.12
2023-10-05 20:00:00,1014.0,19.12
2023-10-05 21:00:00,969.0,19.12
2023-10-05 22:00:00,892.0,19.12
2023-10-05 23:00:00,828.0,19.04
2023-10-06 00:00:00,940.0,18.13
2023-10-06 01:00:00,874.0,17.94
2023-10-06 02:00:00,838.0,17.87
2023-10-06 03:00:00,814.0,17.81
2023-10-06 04:00:00,787.0,17.81
2023-10-06 05:00:00,847.0,17.74
2023-10-06 06:00:00,882.0,17.61
2023-10-06 07:00:00,985.0,17.42
2023-10-06 08:00:00,1085.0,17.42
2023-10-06 09:00:00,1060.0,17.42
2023-10-06 10:00:00,1055.0,17.61
2023-10-06 11:00:00,1008.0,17.87
2023-10-06 12:00:00,925.0,18.07
2023-10-06 13:00:00,906.0,17.81
2023-10-06 14:00:00,944.0,16.96
2023-10-06 15:00:00,944.0,16.83
2023-10-06 16:00:00,989.0,16.83
2023-10-06 17:00:00,1108.0,16.77
2023-10-06 18:00:00,1072.0,16.44
2023-10-06 19:00:00,1114.0,16.25
2023-10-06 20:00:00,1059.0,15.98
2023-10-06 21:00:00,994.0,15.2
2023-10-06 22:00:00,904.0,14.94
2023-10-06 23:00:00,840.0,14.36
2023-10-07 00:00:00,919.0,14.3
2023-10-07 01:00:00,885.0,14.2
2023-10-07 02:00:00,828.0,13.9
2023-10-07 03:00:00,840.0,13.5
2023-10-07 04:00:00,829.0,13.7
2023-10-07 05:00:00,836.0,14.0
2023-10-07 06:00:00,893.0,14.2
2023-10-07 07:00:00,1053.0,14.1
2023-10-07 08:00:00,1119.0,14.3
2023-10-07 09:00:00,1107.0,14.5
2023-10-07 10:00:00,1087.0,15.0
2023-10-07 11:00:00,1071.0,15.5
2023-10-07 12:00:00,935.0,15.5
2023-10-07 13:00:00,902.0,15.6
2023-10-07 14:00:00,888.0,15.8
2023-10-07 15:00:00,921.0,16.4
2023-10-07 16:00:00,962.0,16.7
2023-10-07 17:00:00,1071.0,16.8
2023-10-07 18:00:00,1061.0,16.7
2023-10-07 19:00:00,1043.0,16.4
2023-10-07 20:00:00,1022.0,16.3
2023-10-07 21:00:00,989.0,16.2
2023-10-07 22:00:00,904.0,16.3
2023-10-07 23:00:00,840.0,16.4
2023-10-08 00:00:00,940.0,16.3
2023-10-08 01:00:00,881.0,16.0
2023-10-08 02:00:00,850.0,16.1
2023-10-08 03:00:00,816.0,15.9
2023-10-08 04:00:00,829.0,15.6
2023-10-08 05:00:00,831.0,15.3
2023-10-08 06:00:00,912.0,15.2
2023-10-08 07:00:00,1100.0,15.0
2023-10-08 08:00:00,1087.0,16.1
2023-10-08 09:00:00,1001.0,17.5
2023-10-08 10:00:00,913.0,19.0
2023-10-08 11:00:00,908.0,20.7
2023-10-08 12:00:00,752.0,21.0
2023-10-08 13:00:00,777.0,21.6
2023-10-08 14:00:00,792.0,22.2
2023-10-08 15:00:00,828.0,22.1
2023-10-08 16:00:00,885.0,22.5
2023-10-08 17:00:00,1036.0,22.1
2023-10-08 18:00:00,1052.0,21.6
2023-10-08 19:00:00,1106.0,20.2
2023-10-08 20:00:00,1044.0,19.4
2023-10-08 21:00:00,994.0,19.4
2023-10-08 22:00:00,903.0,19.3
2023-10-08 23:00:00,840.0,19.2
2023-10-09 00:00:00,949.0,16.06
2023-10-09 01:00:00,898.0,15.84
2023-10-09 02:00:00,873.0,15.62
2023-10-09 03:00:00,833.0,15.7
2023-10-09 04:00:00,816.0,15.19
2023-10-09 05:00:00,868.0,15.04
2023-10-09 06:00:00,916.0,14.9
2023-10-09 07:00:00,1104.0,14.97
2023-10-09 08:00:00,1097.0,15.33
2023-10-09 09:00:00,1071.0,15.99
2023-10-09 10:00:00,984.0,16.78
2023-10-09 11:00:00,951.0,17.29
2023-10-09 12:00:00,823.0,18.23
2023-10-09 13:00:00,812.0,18.52
2023-10-09 14:00:00,808.0,19.03
2023-10-09 15:00:00,872.0,19.1
2023-10-09 16:00:00,938.0,19.1
2023-10-09 17:00:00,1044.0,18.81
2023-10-09 18:00:00,1031.0,18.38
2023-10-09 19:00:00,1096.0,17.36
2023-10-09 20:00:00,1033.0,17.07
2023-10-09 21:00:00,984.0,16.71
2023-10-09 22:00:00,900.0,16.93
2023-10-09 23:00:00,831.0,17.07
2023-10-10 00:00:00,949.0,17.9
2023-10-10 01:00:00,914.0,17.25
2023-10-10 02:00:00,864.0,17.33
2023-10-10 03:00:00,859.0,17.42
2023-10-10 04:00:00,862.0,17.25
2023-10-10 05:00:00,867.0,17.09
2023-10-10 06:00:00,923.0,17.09
2023-10-10 07:00:00,1097.0,17.09
2023-10-10 08:00:00,1122.0,17.33
2023-10-10 09:00:00,1086.0,17.82
2023-10-10 10:00:00,1028.0,18.22
2023-10-10 11:00:00,984.0,18.3
2023-10-10 12:00:00,873.0,19.11
2023-10-10 13:00:00,845.0,19.6
2023-10-10 14:00:00,889.0,19.84
2023-10-10 15:00:00,941.0,18.22
2023-10-10 16:00:00,1001.0,17.66
2023-10-10 17:00:00,1071.0,17.17
2023-10-10 18:00:00,1039.0,16.69
2023-10-10 19:00:00,1082.0,16.61
2023-10-10 20:00:00,1017.0,16.53
2023-10-10 21:00:00,975.0,16.37
2023-10-10 22:00:00,906.0,16.12
2023-10-10 23:00:00,837.0,15.88
2023-10-11 00:00:00,952.0,16.7
2023-10-11 01:00:00,905.0,16.56
2023-10-11 02:00:00,862.0,16.13
2023-10-11 03:00:00,862.0,15.91
2023-10-11 04:00:00,846.0,15.91
2023-10-11 05:00:00,840.0,15.84
2023-10-11 06:00:00,942.0,15.84
2023-10-11 07:00:00,1126.0,15.34
2023-10-11 08:00:00,1093.0,15.34
2023-10-11 09:00:00,1035.0,15.63
2023-10-11 10:00:00,1028.0,16.41
2023-10-11 11:00:00,984.0,17.7
2023-10-11 12:00:00,873.0,18.77
2023-10-11 13:00:00,845.0,19.99
2023-10-11 14:00:00,889.0,20.7
2023-10-11 15:00:00,941.0,20.99
2023-10-11 16:00:00,1001.0,21.13
2023-10-11 17:00:00,1071.0,20.7
2023-10-11 18:00:00,1039.0,19.77
2023-10-11 19:00:00,1082.0,18.84
2023-10-11 20:00:00,1017.0,18.91
2023-10-11 21:00:00,975.0,18.7
2023-10-11 22:00:00,906.0,18.41
2023-10-11 23:00:00,837.0,18.27
2023-10-12 00:00:00,953.0,20.6
2023-10-12 01:00:00,905.0,20.2
2023-10-12 02:00:00,869.0,19.8
2023-10-12 03:00:00,850.0,20.0
2023-10-12 04:00:00,836.0,19.6
2023-10-12 05:00:00,851.0,19.6
2023-10-12 06:00:00,932.0,19.3
2023-10-12 07:00:00,1087.0,19.4
2023-10-12 08:00:00,1115.0,19.5
2023-10-12 09:00:00,1103.0,19.9
2023-10-12 10:00:00,1074.0,20.7
2023-10-12 11:00:00,1012.0,21.4
2023-10-12 12:00:00,869.0,21.9
2023-10-12 13:00:00,849.0,22.0
2023-10-12 14:00:00,845.0,21.9
2023-10-12 15:00:00,915.0,22.4
2023-10-12 16:00:00,980.0,22.2
2023-10-12 17:00:00,1071.0,22.3
2023-10-12 18:00:00,1049.0,21.6
2023-10-12 19:00:00,1088.0,20.9
2023-10-12 20:00:00,1018.0,20.5
2023-10-12 21:00:00,972.0,20.0
2023-10-12 22:00:00,900.0,19.7
2023-10-12 23:00:00,833.0,19.6
2023-10-13 00:00:00,936.0,19.4
2023-10-13 01:00:00,876.0,19.1
2023-10-13 02:00:00,851.0,18.9
2023-10-13 03:00:00,858.0,18.5
2023-10-13 04:00:00,853.0,18.4
2023-10-13 05:00:00,861.0,18.2
2023-10-13 06:00:00,962.0,18.3
2023-10-13 07:00:00,1109.0,18.4
2023-10-13 08:00:00,1131.0,18.3
2023-10-13 09:00:00,1090.0,18.6
2023-10-13 10:00:00,1084.0,19.5
2023-10-13 11:00:00,988.0,20.6
2023-10-13 12:00:00,815.0,21.5
2023-10-13 13:00:00,771.0,21.5
2023-10-13 14:00:00,801.0,22.1
2023-10-13 15:00:00,894.0,22.2
2023-10-13 16:00:00,948.0,22.2
2023-10-13 17:00:00,1074.0,21.9
2023-10-13 18:00:00,1049.0,21.6
2023-10-13 19:00:00,1088.0,21.1
2023-10-13 20:00:00,1033.0,20.8
2023-10-13 21:00:00,974.0,20.3
2023-10-13 22:00:00,919.0,19.7
2023-10-13 23:00:00,871.0,19.3
2023-10-14 00:00:00,987.0,18.9
2023-10-14 01:00:00,908.0,18.7
2023-10-14 02:00:00,890.0,18.3
2023-10-14 03:00:00,881.0,18.4
2023-10-14 04:00:00,852.0,18.6
2023-10-14 05:00:00,877.0,18.2
2023-10-14 06:00:00,924.0,17.7
2023-10-14 07:00:00,1079.0,18.1
2023-10-14 08:00:00,1072.0,18.5
2023-10-14 09:00:00,1030.0,19.5
2023-10-14 10:00:00,994.0,20.9
2023-10-14 11:00:00,876.0,22.2
2023-10-14 12:00:00,717.0,24.1
2023-10-14 13:00:00,739.0,25.3
2023-10-14 14:00:00,738.0,25.8
2023-10-14 15:00:00,809.0,26.8
2023-10-14 16:00:00,872.0,26.3
2023-10-14 17:00:00,1032.0,25.7
2023-10-14 18:00:00,1032.0,24.0
2023-10-14 19:00:00,1098.0,20.9
2023-10-14 20:00:00,1022.0,19.6
2023-10-14 21:00:00,961.0,18.8
2023-10-14 22:00:00,901.0,18.2
2023-10-14 23:00:00,860.0,17.5
2023-10-15 00:00:00,957.0,17.2
2023-10-15 01:00:00,900.0,16.9
2023-10-15 02:00:00,861.0,16.6
2023-10-15 03:00:00,827.0,16.2
2023-10-15 04:00:00,837.0,16.1
2023-10-15 05:00:00,841.0,15.7
2023-10-15 06:00:00,892.0,15.5
2023-10-15 07:00:00,1020.0,15.6
2023-10-15 08:00:00,998.0,18.1
2023-10-15 09:00:00,941.0,20.8
2023-10-15 10:00:00,882.0,23.4
2023-10-15 11:00:00,840.0,25.4
2023-10-15 12:00:00,700.0,27.0
2023-10-15 13:00:00,689.0,28.1
2023-10-15 14:00:00,704.0,28.7
2023-10-15 15:00:00,771.0,29.2
2023-10-15 16:00:00,864.0,28.7
2023-10-15 17:00:00,1012.0,27.8
2023-10-15 18:00:00,1009.0,25.9
2023-10-15 19:00:00,1091.0,22.9
2023-10-15 20:00:00,1043.0,21.4
2023-10-15 21:00:00,967.0,20.5
2023-10-15 22:00:00,867.0,19.4
2023-10-15 23:00:00,798.0,18.7
2023-10-16 00:00:00,909.0,16.35
2023-10-16 01:00:00,845.0,15.83
2023-10-16 02:00:00,812.0,15.57
2023-10-16 03:00:00,789.0,15.4
2023-10-16 04:00:00,803.0,15.06
2023-10-16 05:00:00,804.0,14.72
2023-10-16 06:00:00,916.0,14.37
2023-10-16 07:00:00,1084.0,14.2
2023-10-16 08:00:00,1033.0,16.6
2023-10-16 09:00:00,962.0,20.68
2023-10-16 10:00:00,916.0,22.52
2023-10-16 11:00:00,832.0,23.81
2023-10-16 12:00:00,702.0,24.93
2023-10-16 13:00:00,679.0,25.78
2023-10-16 14:00:00,726.0,26.3
2023-10-16 15:00:00,791.0,26.13
2023-10-16 16:00:00,894.0,25.7
2023-10-16 17:00:00,1043.0,25.1
2023-10-16 18:00:00,1051.0,22.95
2023-10-16 19:00:00,1110.0,20.46
2023-10-16 20:00:00,1053.0,19.26
2023-10-16 21:00:00,989.0,18.49
2023-10-16 22:00:00,907.0,17.98
2023-10-16 23:00:00,860.0,17.63
2023-10-17 00:00:00,962.0,15.94
2023-10-17 01:00:00,896.0,15.18
2023-10-17 02:00:00,874.0,14.96
2023-10-17 03:00:00,839.0,15.29
2023-10-17 04:00:00,865.0,15.61
2023-10-17 05:00:00,855.0,14.41
2023-10-17 06:00:00,918.0,13.32
2023-10-17 07:00:00,1082.0,13.1
2023-10-17 08:00:00,1043.0,16.6
2023-10-17 09:00:00,972.0,20.75
2023-10-17 10:00:00,905.0,22.39
2023-10-17 11:00:00,852.0,24.25
2023-10-17 12:00:00,704.0,25.01
2023-10-17 13:00:00,704.0,25.89
2023-10-17 14:00:00,737.0,26.54
2023-10-17 15:00:00,805.0,26.7
2023-10-17 16:00:00,897.0,27.2
2023-10-17 17:00:00,1033.0,25.89
2023-10-17 18:00:00,1030.0,24.14
2023-10-17 19:00:00,1109.0,20.86
2023-10-17 20:00:00,1043.0,19.11
2023-10-17 21:00:00,996.0,18.35
2023-10-17 22:00:00,903.0,18.02
2023-10-17 23:00:00,851.0,17.8
2023-10-18 00:00:00,963.0,19.54
2023-10-18 01:00:00,925.0,19.25
2023-10-18 02:00:00,894.0,17.94
2023-10-18 03:00:00,893.0,17.1
2023-10-18 04:00:00,865.0,15.97
2023-10-18 05:00:00,899.0,16.34
2023-10-18 06:00:00,950.0,16.16
2023-10-18 07:00:00,1114.0,15.59
2023-10-18 08:00:00,1056.0,18.41
2023-10-18 09:00:00,1002.0,20.1
2023-10-18 10:00:00,938.0,21.6
2023-10-18 11:00:00,870.0,23.1
2023-10-18 12:00:00,725.0,25.07
2023-10-18 13:00:00,723.0,26.48
2023-10-18 14:00:00,761.0,27.14
2023-10-18 15:00:00,839.0,27.23
2023-10-18 16:00:00,937.0,27.32
2023-10-18 17:00:00,1065.0,27.04
2023-10-18 18:00:00,1062.0,25.26
2023-10-18 19:00:00,1112.0,23.48
2023-10-18 20:00:00,1058.0,21.6
2023-10-18 21:00:00,994.0,21.04
2023-10-18 22:00:00,914.0,20.5
2023-10-18 23:00:00,870.0,21.41
2023-10-19 00:00:00,994.0,23.2
2023-10-19 01:00:00,946.0,22.25
2023-10-19 02:00:00,917.0,21.97
2023-10-19 03:00:00,862.0,21.68
2023-10-19 04:00:00,876.0,22.16
2023-10-19 05:00:00,870.0,21.59
2023-10-19 06:00:00,967.0,21.31
2023-10-19 07:00:00,1092.0,21.4
2023-10-19 08:00:00,1113.0,21.02
2023-10-19 09:00:00,1142.0,20.93
2023-10-19 10:00:00,1138.0,19.32
2023-10-19 11:00:00,1071.0,18.94
2023-10-19 12:00:00,949.0,19.03
2023-10-19 13:00:00,922.0,19.69
2023-10-19 14:00:00,945.0,20.07
2023-10-19 15:00:00,958.0,20.17
2023-10-19 16:00:00,1024.0,19.22
2023-10-19 17:00:00,1103.0,19.13
2023-10-19 18:00:00,1073.0,18.37
2023-10-19 19:00:00,1071.0,17.52
2023-10-19 20:00:00,999.0,16.38
2023-10-19 21:00:00,955.0,16.95
2023-10-19 22:00:00,872.0,16.23
2023-10-19 23:00:00,870.0,16.19
2023-10-20 00:00:00,970.0,16.1
2023-10-20 01:00:00,930.0,16.0
2023-10-20 02:00:00,903.0,15.9
2023-10-20 03:00:00,869.0,15.8
2023-10-20 04:00:00,871.0,15.6
2023-10-20 05:00:00,898.0,15.4
2023-10-20 06:00:00,976.0,15.2
2023-10-20 07:00:00,1119.0,15.3
2023-10-20 08:00:00,1101.0,16.1
2023-10-20 09:00:00,1024.0,17.4
2023-10-20 10:00:00,915.0,18.5
2023-10-20 11:00:00,869.0,20.0
2023-10-20 12:00:00,721.0,21.1
2023-10-20 13:00:00,694.0,22.2
2023-10-20 14:00:00,714.0,22.5
2023-10-20 15:00:00,804.0,22.8
2023-10-20 16:00:00,877.0,22.7
2023-10-20 17:00:00,1040.0,22.1
2023-10-20 18:00:00,1035.0,20.7
2023-10-20 19:00:00,1107.0,19.4
2023-10-20 20:00:00,1061.0,18.6
2023-10-20 21:00:00,986.0,18.0
2023-10-20 22:00:00,905.0,17.2
2023-10-20 23:00:00,889.0,16.8
2023-10-21 00:00:00,958.0,16.5
2023-10-21 01:00:00,899.0,16.2
2023-10-21 02:00:00,863.0,16.1
2023-10-21 03:00:00,840.0,15.3
2023-10-21 04:00:00,843.0,15.6
2023-10-21 05:00:00,854.0,14.6
2023-10-21 06:00:00,907.0,15.1
2023-10-21 07:00:00,1089.0,15.6
2023-10-21 08:00:00,1107.0,16.0
2023-10-21 09:00:00,1006.0,17.3
2023-10-21 10:00:00,946.0,19.3
2023-10-21 11:00:00,839.0,20.8
2023-10-21 12:00:00,713.0,21.9
2023-10-21 13:00:00,683.0,22.8
2023-10-21 14:00:00,711.0,23.6
2023-10-21 15:00:00,804.0,23.7
2023-10-21 16:00:00,894.0,23.9
2023-10-21 17:00:00,1049.0,22.9
2023-10-21 18:00:00,1044.0,21.5
2023-10-21 19:00:00,1099.0,18.9
2023-10-21 20:00:00,1028.0,18.2
2023-10-21 21:00:00,969.0,17.6
2023-10-21 22:00:00,887.0,16.5
2023-10-21 23:00:00,849.0,16.1
2023-10-22 00:00:00,934.0,15.8
2023-10-22 01:00:00,906.0,15.9
2023-10-22 02:00:00,847.0,15.0
2023-10-22 03:00:00,824.0,14.1
2023-10-22 04:00:00,816.0,14.0
2023-10-22 05:00:00,837.0,13.4
2023-10-22 06:00:00,873.0,13.1
2023-10-22 07:00:00,1082.0,13.2
2023-10-22 08:00:00,1034.0,16.2
2023-10-22 09:00:00,954.0,19.1
2023-10-22 10:00:00,905.0,21.3
2023-10-22 11:00:00,841.0,23.2
2023-10-22 12:00:00,700.0,23.6
2023-10-22 13:00:00,673.0,24.0
2023-10-22 14:00:00,692.0,24.7
2023-10-22 15:00:00,782.0,25.1
2023-10-22 16:00:00,885.0,24.8
2023-10-22 17:00:00,1040.0,24.4
2023-10-22 18:00:00,1031.0,22.7
2023-10-22 19:00:00,1095.0,20.4
2023-10-22 20:00:00,1042.0,19.4
2023-10-22 21:00:00,963.0,18.2
2023-10-22 22:00:00,883.0,17.2
2023-10-22 23:00:00,813.0,16.6
2023-10-23 00:00:00,954.0,16.3
2023-10-23 01:00:00,872.0,16.0
2023-10-23 02:00:00,837.0,15.5
2023-10-23 03:00:00,819.0,15.0
2023-10-23 04:00:00,789.0,14.8
2023-10-23 05:00:00,845.0,14.5
2023-10-23 06:00:00,925.0,14.3
2023-10-23 07:00:00,1135.0,14.2
2023-10-23 08:00:00,1115.0,16.6
2023-10-23 09:00:00,1035.0,20.3
2023-10-23 10:00:00,981.0,22.6
2023-10-23 11:00:00,876.0,24.1
2023-10-23 12:00:00,729.0,25.6
2023-10-23 13:00:00,706.0,26.8
2023-10-23 14:00:00,747.0,27.1
2023-10-23 15:00:00,845.0,27.6
2023-10-23 16:00:00,959.0,27.3
2023-10-23 17:00:00,1095.0,26.5
2023-10-23 18:00:00,1066.0,24.6
2023-10-23 19:00:00,1109.0,22.8
2023-10-23 20:00:00,1047.0,22.4
2023-10-23 21:00:00,987.0,21.2
2023-10-23 22:00:00,919.0,21.0
2023-10-23 23:00:00,855.0,20.4
2023-10-24 00:00:00,953.0,20.2
2023-10-24 01:00:00,894.0,20.43
2023-10-24 02:00:00,865.0,20.5
2023-10-24 03:00:00,838.0,20.0
2023-10-24 04:00:00,844.0,19.6
2023-10-24 05:00:00,850.0,19.6
2023-10-24 06:00:00,915.0,19.8
2023-10-24 07:00:00,1112.0,20.8
2023-10-24 08:00:00,1066.0,20.9
2023-10-24 09:00:00,1032.0,23.6
2023-10-24 10:00:00,990.0,25.3
2023-10-24 11:00:00,884.0,27.26
2023-10-24 12:00:00,728.0,28.8
2023-10-24 13:00:00,741.0,29.8
2023-10-24 14:00:00,768.0,30.4
2023-10-24 15:00:00,852.0,31.05
2023-10-24 16:00:00,959.0,30.5
2023-10-24 17:00:00,1090.0,29.53
2023-10-24 18:00:00,1083.0,27.6
2023-10-24 19:00:00,1135.0,26.6
2023-10-24 20:00:00,1055.0,25.4
2023-10-24 21:00:00,1004.0,24.6
2023-10-24 22:00:00,919.0,24.4
2023-10-24 23:00:00,867.0,24.1
2023-10-25 00:00:00,965.0,23.9
2023-10-25 01:00:00,928.0,23.6
2023-10-25 02:00:00,889.0,23.5
2023-10-25 03:00:00,867.0,23.8
2023-10-25 04:00:00,874.0,23.1
2023-10-25 05:00:00,873.0,22.7
2023-10-25 06:00:00,975.0,22.2
2023-10-25 07:00:00,1084.0,21.1
2023-10-25 08:00:00,1135.0,20.8
2023-10-25 09:00:00,1149.0,20.8
2023-10-25 10:00:00,1126.0,20.4
2023-10-25 11:00:00,1086.0,20.5
2023-10-25 12:00:00,949.0,20.7
2023-10-25 13:00:00,930.0,20.8
2023-10-25 14:00:00,933.0,20.9
2023-10-25 15:00:00,963.0,20.8
2023-10-25 16:00:00,1016.0,20.8
2023-10-25 17:00:00,1106.0,20.3
2023-10-25 18:00:00,1070.0,19.9
2023-10-25 19:00:00,1059.0,19.5
2023-10-25 20:00:00,990.0,19.4
2023-10-25 21:00:00,944.0,19.4
2023-10-25 22:00:00,854.0,19.1
2023-10-25 23:00:00,838.0,19.0
2023-10-26 00:00:00,943.0,19.0
2023-10-26 01:00:00,900.0,18.8
2023-10-26 02:00:00,881.0,18.7
2023-10-26 03:00:00,865.0,18.6
2023-10-26 04:00:00,848.0,18.3
2023-10-26 05:00:00,839.0,18.5
2023-10-26 06:00:00,914.0,18.4
2023-10-26 07:00:00,1052.0,18.4
2023-10-26 08:00:00,1124.0,18.7
2023-10-26 09:00:00,1120.0,19.3
2023-10-26 10:00:00,1061.0,20.42
2023-10-26 11:00:00,991.0,21.54
2023-10-26 12:00:00,832.0,22.66
2023-10-26 13:00:00,814.0,23.8
2023-10-26 14:00:00,857.0,23.8
2023-10-26 15:00:00,907.0,23.9
2023-10-26 16:00:00,969.0,23.7
2023-10-26 17:00:00,1084.0,23.1
2023-10-26 18:00:00,1080.0,22.5
2023-10-26 19:00:00,1081.0,21.6
2023-10-26 20:00:00,1012.0,21.5
2023-10-26 21:00:00,967.0,21.2
2023-10-26 22:00:00,888.0,20.8
2023-10-26 23:00:00,859.0,20.4
2023-10-27 00:00:00,939.0,20.7
2023-10-27 01:00:00,895.0,20.4
2023-10-27 02:00:00,863.0,20.2
2023-10-27 03:00:00,859.0,20.1
2023-10-27 04:00:00,848.0,19.8
2023-10-27 05:00:00,881.0,19.9
2023-10-27 06:00:00,935.0,20.1
2023-10-27 07:00:00,1108.0,20.0
2023-10-27 08:00:00,1132.0,20.0
2023-10-27 09:00:00,1145.0,20.4
2023-10-27 10:00:00,1138.0,20.8
2023-10-27 11:00:00,1059.0,21.6
2023-10-27 12:00:00,891.0,22.0
2023-10-27 13:00:00,881.0,22.3
2023-10-27 14:00:00,916.0,22.7
2023-10-27 15:00:00,937.0,22.5
2023-10-27 16:00:00,992.0,22.2
2023-10-27 17:00:00,1094.0,22.1
2023-10-27 18:00:00,1059.0,21.4
2023-10-27 19:00:00,1058.0,20.9
2023-10-27 20:00:00,1007.0,20.6
2023-10-27 21:00:00,953.0,20.1
2023-10-27 22:00:00,903.0,18.9
2023-10-27 23:00:00,881.0,18.8
2023-10-28 00:00:00,991.0,18.3
2023-10-28 01:00:00,920.0,18.2
2023-10-28 02:00:00,885.0,17.8
2023-10-28 03:00:00,882.0,17.3
2023-10-28 04:00:00,891.0,17.3
2023-10-28 05:00:00,875.0,17.3
2023-10-28 06:00:00,906.0,17.2
2023-10-28 07:00:00,1057.0,17.2
2023-10-28 08:00:00,1183.0,17.2
2023-10-28 09:00:00,1155.0,17.7
2023-10-28 10:00:00,1138.0,18.3
2023-10-28 11:00:00,1016.0,19.5
2023-10-28 12:00:00,873.0,20.8
2023-10-28 13:00:00,823.0,21.2
2023-10-28 14:00:00,819.0,21.3
2023-10-28 15:00:00,877.0,21.8
2023-10-28 16:00:00,957.0,21.8
2023-10-28 17:00:00,1069.0,21.4
2023-10-28 18:00:00,1049.0,20.6
2023-10-28 19:00:00,1074.0,20.2
2023-10-28 20:00:00,1021.0,19.9
2023-10-28 21:00:00,952.0,19.6
2023-10-28 22:00:00,894.0,19.5
2023-10-28 23:00:00,873.0,19.2
2023-10-29 00:00:00,978.0,19.2
2023-10-29 01:00:00,909.0,18.7
2023-10-29 02:00:00,902.0,17.8
2023-10-29 03:00:00,865.0,17.4
2023-10-29 04:00:00,866.0,17.4
2023-10-29 05:00:00,861.0,16.7
2023-10-29 06:00:00,887.0,17.3
2023-10-29 07:00:00,1037.0,16.7
2023-10-29 08:00:00,1075.0,17.6
2023-10-29 09:00:00,1023.0,19.8
2023-10-29 10:00:00,936.0,21.5
2023-10-29 11:00:00,855.0,23.2
2023-10-29 12:00:00,742.0,24.0
2023-10-29 13:00:00,706.0,25.1
2023-10-29 14:00:00,721.0,26.0
2023-10-29 15:00:00,800.0,25.5
2023-10-29 16:00:00,898.0,25.5
2023-10-29 17:00:00,1026.0,24.6
2023-10-29 18:00:00,1044.0,23.3
2023-10-29 19:00:00,1078.0,21.8
2023-10-29 20:00:00,1024.0,20.7
2023-10-29 21:00:00,953.0,19.9
2023-10-29 22:00:00,866.0,19.2
2023-10-29 23:00:00,822.0,18.7
2023-10-30 00:00:00,944.0,24.79
2023-10-30 01:00:00,859.0,24.79
2023-10-30 02:00:00,840.0,14.1
2023-10-30 03:00:00,792.0,14.1
2023-10-30 04:00:00,810.0,14.1
2023-10-30 05:00:00,833.0,14.1
2023-10-30 06:00:00,890.0,14.1
2023-10-30 07:00:00,1085.0,24.79
2023-10-30 08:00:00,1078.0,24.79
2023-10-30 09:00:00,1019.0,24.79
2023-10-30 10:00:00,953.0,24.79
2023-10-30 11:00:00,831.0,24.8
2023-10-30 12:00:00,704.0,24.8
2023-10-30 13:00:00,698.0,24.8
2023-10-30 14:00:00,722.0,24.8
2023-10-30 15:00:00,782.0,24.8
2023-10-30 16:00:00,898.0,24.8
2023-10-30 17:00:00,1016.0,24.8
2023-10-30 18:00:00,1040.0,24.79
2023-10-30 19:00:00,1071.0,24.79
2023-10-30 20:00:00,1018.0,24.79
2023-10-30 21:00:00,971.0,24.79
2023-10-30 22:00:00,909.0,24.79
2023-10-30 23:00:00,866.0,24.79
2023-10-31 00:00:00,959.0,16.35
2023-10-31 01:00:00,907.0,15.95
2023-10-31 02:00:00,887.0,15.87
2023-10-31 03:00:00,864.0,15.56
2023-10-31 04:00:00,845.0,15.4
2023-10-31 05:00:00,863.0,15.24
2023-10-31 06:00:00,951.0,15.08
2023-10-31 07:00:00,1102.0,15.08
2023-10-31 08:00:00,1119.0,16.43
2023-10-31 09:00:00,1004.0,19.52
2023-10-31 10:00:00,961.0,21.66
2023-10-31 11:00:00,877.0,23.4
2023-10-31 12:00:00,759.0,24.59
2023-10-31 13:00:00,741.0,25.07
2023-10-31 14:00:00,752.0,25.55
2023-10-31 15:00:00,769.0,25.86
2023-10-31 16:00:00,879.0,25.55
2023-10-31 17:00:00,1009.0,24.59
2023-10-31 18:00:00,1053.0,21.82
2023-10-31 19:00:00,1047.0,20.07
2023-10-31 20:00:00,1002.0,19.04
2023-10-31 21:00:00,949.0,18.73
2023-10-31 22:00:00,873.0,18.33
2023-10-31 23:00:00,821.0,17.78
2023-11-01 00:00:00,942.0,16.19
2023-11-01 01:00:00,865.0,15.69
2023-11-01 02:00:00,817.0,15.19
2023-11-01 03:00:00,846.0,14.89
2023-11-01 04:00:00,833.0,14.89
2023-11-01 05:00:00,860.0,14.5
2023-11-01 06:00:00,924.0,14.4
2023-11-01 07:00:00,1127.0,14.2
2023-11-01 08:00:00,1092.0,16.68
2023-11-01 09:00:00,1006.0,20.36
2023-11-01 10:00:00,957.0,22.44
2023-11-01 11:00:00,830.0,23.83
2023-11-01 12:00:00,685.0,25.81
2023-11-01 13:00:00,682.0,26.61
2023-11-01 14:00:00,709.0,27.5
2023-11-01 15:00:00,799.0,27.4
2023-11-01 16:00:00,907.0,27.01
2023-11-01 17:00:00,1049.0,25.81
2023-11-01 18:00:00,1038.0,23.73
2023-11-01 19:00:00,1062.0,22.44
2023-11-01 20:00:00,1018.0,21.55
2023-11-01 21:00:00,965.0,20.95
2023-11-01 22:00:00,870.0,21.94
2023-11-01 23:00:00,832.0,20.55
2023-11-02 00:00:00,940.0,20.3
2023-11-02 01:00:00,867.0,20.8
2023-11-02 02:00:00,856.0,21.6
2023-11-02 03:00:00,842.0,20.6
2023-11-02 04:00:00,830.0,18.9
2023-11-02 05:00:00,868.0,19.3
2023-11-02 06:00:00,912.0,18.8
2023-11-02 07:00:00,1102.0,18.6
2023-11-02 08:00:00,1080.0,20.4
2023-11-02 09:00:00,978.0,23.6
2023-11-02 10:00:00,911.0,25.1
2023-11-02 11:00:00,821.0,26.6
2023-11-02 12:00:00,710.0,28.5
2023-11-02 13:00:00,712.0,29.2
2023-11-02 14:00:00,736.0,29.8
2023-11-02 15:00:00,802.0,30.1
2023-11-02 16:00:00,912.0,29.3
2023-11-02 17:00:00,1038.0,28.7
2023-11-02 18:00:00,1051.0,26.7
2023-11-02 19:00:00,1056.0,25.1
2023-11-02 20:00:00,1016.0,24.1
2023-11-02 21:00:00,967.0,25.2
2023-11-02 22:00:00,879.0,24.8
2023-11-02 23:00:00,856.0,22.4
2023-11-03 00:00:00,940.0,21.0
2023-11-03 01:00:00,895.0,20.8
2023-11-03 02:00:00,852.0,20.2
2023-11-03 03:00:00,857.0,20.0
2023-11-03 04:00:00,852.0,19.5
2023-11-03 05:00:00,887.0,19.4
2023-11-03 06:00:00,937.0,19.4
2023-11-03 07:00:00,1104.0,20.6
2023-11-03 08:00:00,1147.0,21.7
2023-11-03 09:00:00,1081.0,22.4
2023-11-03 10:00:00,1027.0,23.4
2023-11-03 11:00:00,925.0,25.3
2023-11-03 12:00:00,737.0,27.0
2023-11-03 13:00:00,769.0,28.3
2023-11-03 14:00:00,801.0,28.9
2023-11-03 15:00:00,902.0,29.5
2023-11-03 16:00:00,991.0,28.4
2023-11-03 17:00:00,1119.0,27.6
2023-11-03 18:00:00,1085.0,26.7
2023-11-03 19:00:00,1066.0,26.3
2023-11-03 20:00:00,1020.0,24.5
2023-11-03 21:00:00,956.0,22.6
2023-11-03 22:00:00,892.0,21.5
2023-11-03 23:00:00,867.0,20.5
2023-11-04 00:00:00,987.0,20.4
2023-11-04 01:00:00,899.0,19.9
2023-11-04 02:00:00,877.0,18.5
2023-11-04 03:00:00,841.0,16.8
2023-11-04 04:00:00,851.0,15.7
2023-11-04 05:00:00,873.0,15.2
2023-11-04 06:00:00,903.0,14.9
2023-11-04 07:00:00,1038.0,14.9
2023-11-04 08:00:00,1086.0,15.2
2023-11-04 09:00:00,1094.0,15.7
2023-11-04 10:00:00,1101.0,16.8
2023-11-04 11:00:00,1034.0,16.9
2023-11-04 12:00:00,884.0,17.9
2023-11-04 13:00:00,837.0,17.9
2023-11-04 14:00:00,863.0,18.3
2023-11-04 15:00:00,905.0,18.6
2023-11-04 16:00:00,957.0,18.4
2023-11-04 17:00:00,1063.0,18.4
2023-11-04 18:00:00,1018.0,18.1
2023-11-04 19:00:00,1013.0,18.1
2023-11-04 20:00:00,965.0,17.7
2023-11-04 21:00:00,916.0,17.5
2023-11-04 22:00:00,863.0,17.3
2023-11-04 23:00:00,827.0,16.7
2023-11-05 00:00:00,961.0,16.6
2023-11-05 01:00:00,886.0,16.6
2023-11-05 02:00:00,872.0,16.5
2023-11-05 03:00:00,850.0,16.5
2023-11-05 04:00:00,852.0,16.4
2023-11-05 05:00:00,863.0,16.7
2023-11-05 06:00:00,870.0,16.9
2023-11-05 07:00:00,1014.0,17.0
2023-11-05 08:00:00,1065.0,17.5
2023-11-05 09:00:00,1043.0,18.1
2023-11-05 10:00:00,986.0,19.0
2023-11-05 11:00:00,876.0,21.4
2023-11-05 12:00:00,750.0,21.7
2023-11-05 13:00:00,765.0,22.2
2023-11-05 14:00:00,842.0,21.9
2023-11-05 15:00:00,943.0,20.3
2023-11-05 16:00:00,1031.0,17.2
2023-11-05 17:00:00,1119.0,16.0
2023-11-05 18:00:00,1049.0,16.4
2023-11-05 19:00:00,1027.0,16.8
2023-11-05 20:00:00,984.0,17.1
2023-11-05 21:00:00,905.0,16.9
2023-11-05 22:00:00,834.0,16.7
2023-11-05 23:00:00,796.0,16.6
2023-11-06 00:00:00,912.0,16.6
2023-11-06 01:00:00,898.0,16.0
2023-11-06 02:00:00,868.0,15.5
2023-11-06 03:00:00,828.0,15.2
2023-11-06 04:00:00,791.0,14.8
2023-11-06 05:00:00,821.0,14.4
2023-11-06 06:00:00,904.0,13.8
2023-11-06 07:00:00,1089.0,14.1
2023-11-06 08:00:00,1101.0,14.9
2023-11-06 09:00:00,1005.0,16.2
2023-11-06 10:00:00,949.0,17.1
2023-11-06 11:00:00,806.0,18.5
2023-11-06 12:00:00,681.0,18.7
2023-11-06 13:00:00,658.0,19.9
2023-11-06 14:00:00,692.0,20.6
2023-11-06 15:00:00,755.0,20.7
2023-11-06 16:00:00,873.0,20.6
2023-11-06 17:00:00,1045.0,20.1
2023-11-06 18:00:00,1059.0,18.4
2023-11-06 19:00:00,1074.0,16.5
2023-11-06 20:00:00,1002.0,15.1
2023-11-06 21:00:00,960.0,14.7
2023-11-06 22:00:00,873.0,14.3
2023-11-06 23:00:00,836.0,13.8
2023-11-07 00:00:00,953.0,13.4
2023-11-07 01:00:00,904.0,12.8
2023-11-07 02:00:00,866.0,12.6
2023-11-07 03:00:00,855.0,12.0
2023-11-07 04:00:00,838.0,11.6
2023-11-07 05:00:00,858.0,11.4
2023-11-07 06:00:00,955.0,11.3
2023-11-07 07:00:00,1133.0,11.4
2023-11-07 08:00:00,1136.0,13.6
2023-11-07 09:00:00,1043.0,17.1
2023-11-07 10:00:00,933.0,19.6
2023-11-07 11:00:00,835.0,21.7
2023-11-07 12:00:00,682.0,22.8
2023-11-07 13:00:00,688.0,23.4
2023-11-07 14:00:00,731.0,24.0
2023-11-07 15:00:00,821.0,23.7
2023-11-07 16:00:00,909.0,23.2
2023-11-07 17:00:00,1053.0,22.9
2023-11-07 18:00:00,1072.0,21.8
2023-11-07 19:00:00,1068.0,21.0
2023-11-07 20:00:00,1021.0,20.7
2023-11-07 21:00:00,973.0,20.0
2023-11-07 22:00:00,887.0,19.5
2023-11-07 23:00:00,836.0,18.8
2023-11-08 00:00:00,929.0,18.0
2023-11-08 01:00:00,862.0,16.8
2023-11-08 02:00:00,846.0,16.9
2023-11-08 03:00:00,829.0,17.1
2023-11-08 04:00:00,852.0,17.0
2023-11-08 05:00:00,861.0,16.7
2023-11-08 06:00:00,928.0,16.7
2023-11-08 07:00:00,1078.0,16.6
2023-11-08 08:00:00,1173.0,16.3
2023-11-08 09:00:00,1114.0,16.6
2023-11-08 10:00:00,1054.0,17.2
2023-11-08 11:00:00,983.0,18.1
2023-11-08 12:00:00,812.0,20.2
2023-11-08 13:00:00,791.0,21.8
2023-11-08 14:00:00,820.0,21.4
2023-11-08 15:00:00,874.0,21.2
2023-11-08 16:00:00,955.0,20.5
2023-11-08 17:00:00,1068.0,20.4
2023-11-08 18:00:00,1080.0,20.0
2023-11-08 19:00:00,1058.0,19.6
2023-11-08 20:00:00,1008.0,19.4
2023-11-08 21:00:00,966.0,18.9
2023-11-08 22:00:00,888.0,18.7
2023-11-08 23:00:00,836.0,18.6
2023-11-09 00:00:00,931.0,18.6
2023-11-09 01:00:00,883.0,18.7
2023-11-09 02:00:00,860.0,19.2
2023-11-09 03:00:00,828.0,19.1
2023-11-09 04:00:00,856.0,19.0
2023-11-09 05:00:00,849.0,18.9
2023-11-09 06:00:00,907.0,18.4
2023-11-09 07:00:00,1012.0,18.1
2023-11-09 08:00:00,1157.0,18.1
2023-11-09 09:00:00,1129.0,18.3
2023-11-09 10:00:00,1131.0,18.6
2023-11-09 11:00:00,1059.0,18.7
2023-11-09 12:00:00,908.0,19.2
2023-11-09 13:00:00,884.0,19.1
2023-11-09 14:00:00,886.0,19.1
2023-11-09 15:00:00,931.0,18.9
2023-11-09 16:00:00,998.0,18.4
2023-11-09 17:00:00,1100.0,17.8
2023-11-09 18:00:00,1072.0,18.0
2023-11-09 19:00:00,1045.0,17.8
2023-11-09 20:00:00,959.0,17.8
2023-11-09 21:00:00,947.0,17.6
2023-11-09 22:00:00,865.0,17.5
2023-11-09 23:00:00,836.0,16.9
2023-11-10 00:00:00,955.0,16.9
2023-11-10 01:00:00,876.0,16.7
2023-11-10 02:00:00,859.0,16.9
2023-11-10 03:00:00,835.0,16.5
2023-11-10 04:00:00,848.0,16.4
2023-11-10 05:00:00,818.0,16.3
2023-11-10 06:00:00,877.0,16.2
2023-11-10 07:00:00,1057.0,15.3
2023-11-10 08:00:00,1177.0,14.9
2023-11-10 09:00:00,1231.0,14.2
2023-11-10 10:00:00,1218.0,14.0
2023-11-10 11:00:00,1144.0,13.2
2023-11-10 12:00:00,1000.0,12.9
2023-11-10 13:00:00,979.0,12.6
2023-11-10 14:00:00,960.0,12.1
2023-11-10 15:00:00,1038.0,12.0
2023-11-10 16:00:00,1061.0,12.0
2023-11-10 17:00:00,1184.0,11.8
2023-11-10 18:00:00,1112.0,11.6
2023-11-10 19:00:00,1076.0,11.5
2023-11-10 20:00:00,1024.0,11.5
2023-11-10 21:00:00,985.0,11.4
2023-11-10 22:00:00,903.0,11.0
2023-11-10 23:00:00,881.0,10.3
2023-11-11 00:00:00,979.0,10.3
2023-11-11 01:00:00,907.0,9.8
2023-11-11 02:00:00,886.0,9.2
2023-11-11 03:00:00,839.0,8.9
2023-11-11 04:00:00,843.0,8.8
2023-11-11 05:00:00,854.0,8.7
2023-11-11 06:00:00,888.0,8.5
2023-11-11 07:00:00,977.0,8.3
2023-11-11 08:00:00,1171.0,8.0
2023-11-11 09:00:00,1268.0,8.4
2023-11-11 10:00:00,1252.0,8.1
2023-11-11 11:00:00,1257.0,8.0
2023-11-11 12:00:00,1110.0,7.9
2023-11-11 13:00:00,1082.0,7.9
2023-11-11 14:00:00,1063.0,7.8
2023-11-11 15:00:00,1106.0,7.6
2023-11-11 16:00:00,1162.0,7.5
2023-11-11 17:00:00,1262.0,7.0
2023-11-11 18:00:00,1246.0,6.8
2023-11-11 19:00:00,1234.0,6.5
2023-11-11 20:00:00,1136.0,6.5
2023-11-11 21:00:00,1072.0,6.5
2023-11-11 22:00:00,1005.0,6.5
2023-11-11 23:00:00,947.0,6.6
2023-11-12 00:00:00,1008.0,6.5
2023-11-12 01:00:00,909.0,6.4
2023-11-12 02:00:00,897.0,6.4
2023-11-12 03:00:00,887.0,6.5
2023-11-12 04:00:00,867.0,6.4
2023-11-12 05:00:00,814.0,6.5
2023-11-12 06:00:00,862.0,6.4
2023-11-12 07:00:00,948.0,6.7
2023-11-12 08:00:00,1133.0,6.5
2023-11-12 09:00:00,1221.0,7.0
2023-11-12 10:00:00,1236.0,7.5
2023-11-12 11:00:00,1219.0,8.0
2023-11-12 12:00:00,1105.0,8.1
2023-11-12 13:00:00,1080.0,8.4
2023-11-12 14:00:00,1086.0,8.5
2023-11-12 15:00:00,1123.0,8.6
2023-11-12 16:00:00,1149.0,8.7
2023-11-12 17:00:00,1269.0,8.8
2023-11-12 18:00:00,1259.0,8.3
2023-11-12 19:00:00,1253.0,8.6
2023-11-12 20:00:00,1180.0,8.7
2023-11-12 21:00:00,1113.0,8.6
2023-11-12 22:00:00,994.0,8.5
2023-11-12 23:00:00,901.0,8.8
2023-11-13 00:00:00,944.0,8.8
2023-11-13 01:00:00,869.0,9.0
2023-11-13 02:00:00,846.0,9.1
2023-11-13 03:00:00,817.0,9.0
2023-11-13 04:00:00,836.0,9.0
2023-11-13 05:00:00,801.0,8.9
2023-11-13 06:00:00,887.0,8.9
2023-11-13 07:00:00,1103.0,8.8
2023-11-13 08:00:00,1248.0,9.0
2023-11-13 09:00:00,1297.0,9.4
2023-11-13 10:00:00,1245.0,9.5
2023-11-13 11:00:00,1266.0,9.9
2023-11-13 12:00:00,1089.0,10.0
2023-11-13 13:00:00,1065.0,10.4
2023-11-13 14:00:00,1055.0,10.4
2023-11-13 15:00:00,1098.0,10.6
2023-11-13 16:00:00,1164.0,10.7
2023-11-13 17:00:00,1278.0,10.2
2023-11-13 18:00:00,1252.0,9.9
2023-11-13 19:00:00,1276.0,9.5
2023-11-13 20:00:00,1255.0,8.6
2023-11-13 21:00:00,1196.0,7.3
2023-11-13 22:00:00,1078.0,7.1
2023-11-13 23:00:00,971.0,6.8
2023-11-14 00:00:00,1029.0,6.3
2023-11-14 01:00:00,950.0,6.6
2023-11-14 02:00:00,870.0,7.0
2023-11-14 03:00:00,870.0,6.0
2023-11-14 04:00:00,873.0,5.7
2023-11-14 05:00:00,858.0,5.5
2023-11-14 06:00:00,952.0,5.3
2023-11-14 07:00:00,1172.0,5.3
2023-11-14 08:00:00,1266.0,6.4
2023-11-14 09:00:00,1248.0,8.7
2023-11-14 10:00:00,1100.0,10.8
2023-11-14 11:00:00,1025.0,12.2
2023-11-14 12:00:00,853.0,13.1
2023-11-14 13:00:00,831.0,14.2
2023-11-14 14:00:00,870.0,15.8
2023-11-14 15:00:00,943.0,16.1
2023-11-14 16:00:00,1073.0,15.4
2023-11-14 17:00:00,1219.0,14.5
2023-11-14 18:00:00,1240.0,13.9
2023-11-14 19:00:00,1257.0,13.6
2023-11-14 20:00:00,1217.0,13.3
2023-11-14 21:00:00,1159.0,12.9
2023-11-14 22:00:00,1044.0,12.5
2023-11-14 23:00:00,971.0,12.2
2023-11-15 00:00:00,1028.0,12.0
2023-11-15 01:00:00,939.0,11.7
2023-11-15 02:00:00,923.0,11.5
2023-11-15 03:00:00,869.0,11.6
2023-11-15 04:00:00,872.0,11.5
2023-11-15 05:00:00,869.0,11.3
2023-11-15 06:00:00,945.0,11.3
2023-11-15 07:00:00,1151.0,11.1
2023-11-15 08:00:00,1249.0,11.8
2023-11-15 09:00:00,1196.0,13.9
2023-11-15 10:00:00,1157.0,14.6
2023-11-15 11:00:00,1180.0,15.2
2023-11-15 12:00:00,1064.0,14.8
2023-11-15 13:00:00,1088.0,13.1
2023-11-15 14:00:00,1096.0,12.4
2023-11-15 15:00:00,1142.0,10.8
2023-11-15 16:00:00,1196.0,10.7
2023-11-15 17:00:00,1295.0,10.5
2023-11-15 18:00:00,1293.0,10.3
2023-11-15 19:00:00,1275.0,10.1
2023-11-15 20:00:00,1219.0,9.8
2023-11-15 21:00:00,1146.0,9.4
2023-11-15 22:00:00,1020.0,9.5
2023-11-15 23:00:00,940.0,9.5
2023-11-16 00:00:00,999.0,9.7
2023-11-16 01:00:00,944.0,9.9
2023-11-16 02:00:00,876.0,10.1
2023-11-16 03:00:00,874.0,10.0
2023-11-16 04:00:00,820.0,9.9
2023-11-16 05:00:00,872.0,9.6
2023-11-16 06:00:00,944.0,9.2
2023-11-16 07:00:00,1169.0,8.7
2023-11-16 08:00:00,1248.0,9.5
2023-11-16 09:00:00,1201.0,11.4
2023-11-16 10:00:00,1089.0,13.1
2023-11-16 11:00:00,971.0,14.5
2023-11-16 12:00:00,825.0,15.5
2023-11-16 13:00:00,795.0,15.8
2023-11-16 14:00:00,807.0,16.2
2023-11-16 15:00:00,888.0,16.3
2023-11-16 16:00:00,1000.0,16.3
2023-11-16 17:00:00,1142.0,15.4
2023-11-16 18:00:00,1212.0,12.5
2023-11-16 19:00:00,1243.0,11.1
2023-11-16 20:00:00,1201.0,10.8
2023-11-16 21:00:00,1147.0,10.4
2023-11-16 22:00:00,1024.0,9.9
2023-11-16 23:00:00,951.0,9.9
2023-11-17 00:00:00,1027.0,10.7
2023-11-17 01:00:00,942.0,10.3
2023-11-17 02:00:00,911.0,9.4
2023-11-17 03:00:00,871.0,9.0
2023-11-17 04:00:00,858.0,9.2
2023-11-17 05:00:00,881.0,8.6
2023-11-17 06:00:00,933.0,7.9
2023-11-17 07:00:00,1152.0,7.7
2023-11-17 08:00:00,1231.0,8.7
2023-11-17 09:00:00,1187.0,12.3
2023-11-17 10:00:00,1016.0,14.4
2023-11-17 11:00:00,935.0,16.6
2023-11-17 12:00:00,782.0,15.5
2023-11-17 13:00:00,762.0,15.8
2023-11-17 14:00:00,776.0,16.2
2023-11-17 15:00:00,831.0,16.3
2023-11-17 16:00:00,954.0,16.3
2023-11-17 17:00:00,1083.0,15.4
2023-11-17 18:00:00,1160.0,12.5
2023-11-17 19:00:00,1208.0,11.1
2023-11-17 20:00:00,1166.0,10.8
2023-11-17 21:00:00,1117.0,10.4
2023-11-17 22:00:00,1031.0,9.9
2023-11-17 23:00:00,979.0,9.9
2023-11-18 00:00:00,1005.0,10.7
2023-11-18 01:00:00,919.0,10.3
2023-11-18 02:00:00,889.0,9.4
2023-11-18 03:00:00,841.0,9.0
2023-11-18 04:00:00,858.0,9.2
2023-11-18 05:00:00,864.0,8.6
2023-11-18 06:00:00,903.0,7.9
2023-11-18 07:00:00,1047.0,7.7
2023-11-18 08:00:00,1177.0,8.7
2023-11-18 09:00:00,1143.0,12.3
2023-11-18 10:00:00,1051.0,14.4
2023-11-18 11:00:00,971.0,16.6
2023-11-18 12:00:00,815.0,15.5
2023-11-18 13:00:00,867.0,15.8
2023-11-18 14:00:00,887.0,16.2
2023-11-18 15:00:00,948.0,16.3
2023-11-18 16:00:00,1024.0,16.3
2023-11-18 17:00:00,1167.0,15.4
2023-11-18 18:00:00,1181.0,12.5
2023-11-18 19:00:00,1175.0,11.1
2023-11-18 20:00:00,1106.0,10.8
2023-11-18 21:00:00,1073.0,10.4
2023-11-18 22:00:00,991.0,9.9
2023-11-18 23:00:00,911.0,9.9
2023-11-19 00:00:00,1005.0,10.7
2023-11-19 01:00:00,910.0,10.3
2023-11-19 02:00:00,882.0,9.4
2023-11-19 03:00:00,853.0,9.0
2023-11-19 04:00:00,855.0,9.2
2023-11-19 05:00:00,861.0,8.6
2023-11-19 06:00:00,885.0,7.9
2023-11-19 07:00:00,1040.0,7.7
2023-11-19 08:00:00,1148.0,8.7
2023-11-19 09:00:00,1083.0,12.3
2023-11-19 10:00:00,1039.0,14.4
2023-11-19 11:00:00,922.0,16.6
2023-11-19 12:00:00,734.0,15.5
2023-11-19 13:00:00,686.0,15.8
2023-11-19 14:00:00,708.0,16.2
2023-11-19 15:00:00,807.0,16.3
2023-11-19 16:00:00,917.0,16.3
2023-11-19 17:00:00,1095.0,15.4
2023-11-19 18:00:00,1118.0,12.5
2023-11-19 19:00:00,1136.0,11.1
2023-11-19 20:00:00,1076.0,10.8
2023-11-19 21:00:00,1046.0,10.4
2023-11-19 22:00:00,920.0,9.9
2023-11-19 23:00:00,911.0,9.9
2023-11-20 00:00:00,954.0,10.7
2023-11-20 01:00:00,882.0,10.3
2023-11-20 02:00:00,839.0,11.9
2023-11-20 03:00:00,819.0,11.2
2023-11-20 04:00:00,802.0,10.8
2023-11-20 05:00:00,841.0,10.4
2023-11-20 06:00:00,888.0,10.2
2023-11-20 07:00:00,1124.0,9.8
2023-11-20 08:00:00,1177.0,11.0
2023-11-20 09:00:00,1099.0,15.3
2023-11-20 10:00:00,994.0,17.9
2023-11-20 11:00:00,902.0,19.7
2023-11-20 12:00:00,726.0,21.4
2023-11-20 13:00:00,710.0,22.6
2023-11-20 14:00:00,730.0,23.3
2023-11-20 15:00:00,807.0,23.7
2023-11-20 16:00:00,937.0,23.3
2023-11-20 17:00:00,1084.0,22.1
2023-11-20 18:00:00,1127.0,18.4
2023-11-20 19:00:00,1138.0,16.1
2023-11-20 20:00:00,1079.0,14.7
2023-11-20 21:00:00,1043.0,13.9
2023-11-20 22:00:00,957.0,13.2
2023-11-20 23:00:00,871.0,12.6
2023-11-21 00:00:00,954.0,12.28
2023-11-21 01:00:00,907.0,12.6
2023-11-21 02:00:00,859.0,12.92
2023-11-21 03:00:00,851.0,13.24
2023-11-21 04:00:00,868.0,13.56
2023-11-21 05:00:00,868.0,13.88
2023-11-21 06:00:00,912.0,14.2
2023-11-21 07:00:00,1151.0,14.52
2023-11-21 08:00:00,1191.0,14.84
2023-11-21 09:00:00,1070.0,15.16
2023-11-21 10:00:00,993.0,15.48
2023-11-21 11:00:00,877.0,15.8
2023-11-21 12:00:00,715.0,16.12
2023-11-21 13:00:00,691.0,16.44
2023-11-21 14:00:00,728.0,16.76
2023-11-21 15:00:00,809.0,17.08
2023-11-21 16:00:00,921.0,17.4
2023-11-21 17:00:00,1074.0,17.72
2023-11-21 18:00:00,1122.0,18.04
2023-11-21 19:00:00,1121.0,18.36
2023-11-21 20:00:00,1058.0,18.1
2023-11-21 21:00:00,1038.0,17.4
2023-11-21 22:00:00,934.0,16.7
2023-11-21 23:00:00,870.0,17.8
2023-11-22 00:00:00,953.0,18.4
2023-11-22 01:00:00,891.0,17.3
2023-11-22 02:00:00,862.0,16.8
2023-11-22 03:00:00,849.0,14.8
2023-11-22 04:00:00,854.0,14.5
2023-11-22 05:00:00,871.0,14.3
2023-11-22 06:00:00,916.0,15.0
2023-11-22 07:00:00,1075.0,15.3
2023-11-22 08:00:00,1171.0,16.5
2023-11-22 09:00:00,1158.0,16.9
2023-11-22 10:00:00,1080.0,18.0
2023-11-22 11:00:00,1019.0,19.2
2023-11-22 12:00:00,870.0,20.5
2023-11-22 13:00:00,835.0,21.9
2023-11-22 14:00:00,844.0,22.3
2023-11-22 15:00:00,937.0,22.6
2023-11-22 16:00:00,1022.0,21.8
2023-11-22 17:00:00,1104.0,21.0
2023-11-22 18:00:00,1144.0,18.5
2023-11-22 19:00:00,1136.0,17.1
2023-11-22 20:00:00,1071.0,16.3
2023-11-22 21:00:00,1023.0,15.9
2023-11-22 22:00:00,934.0,15.6
2023-11-22 23:00:00,867.0,15.0
2023-11-23 00:00:00,970.0,14.6
2023-11-23 01:00:00,895.0,14.4
2023-11-23 02:00:00,843.0,14.4
2023-11-23 03:00:00,836.0,15.0
2023-11-23 04:00:00,860.0,14.8
2023-11-23 05:00:00,860.0,14.4
2023-11-23 06:00:00,906.0,14.0
2023-11-23 07:00:00,1082.0,14.4
2023-11-23 08:00:00,1189.0,14.6
2023-11-23 09:00:00,1129.0,15.8
2023-11-23 10:00:00,1016.0,17.3
2023-11-23 11:00:00,949.0,18.5
2023-11-23 12:00:00,797.0,19.7
2023-11-23 13:00:00,758.0,21.2
2023-11-23 14:00:00,761.0,22.0
2023-11-23 15:00:00,864.0,22.4
2023-11-23 16:00:00,985.0,22.1
2023-11-23 17:00:00,1101.0,20.3
2023-11-23 18:00:00,1115.0,18.5
2023-11-23 19:00:00,1129.0,17.5
2023-11-23 20:00:00,1062.0,16.6
2023-11-23 21:00:00,1038.0,16.0
2023-11-23 22:00:00,941.0,15.5
2023-11-23 23:00:00,874.0,15.1
2023-11-24 00:00:00,970.0,14.8
2023-11-24 01:00:00,886.0,14.1
2023-11-24 02:00:00,853.0,13.5
2023-11-24 03:00:00,833.0,12.9
2023-11-24 04:00:00,841.0,12.6
2023-11-24 05:00:00,823.0,11.8
2023-11-24 06:00:00,946.0,11.3
2023-11-24 07:00:00,1069.0,11.0
2023-11-24 08:00:00,1203.0,10.8
2023-11-24 09:00:00,1133.0,11.5
2023-11-24 10:00:00,1078.0,12.4
2023-11-24 11:00:00,983.0,13.6
2023-11-24 12:00:00,855.0,14.8
2023-11-24 13:00:00,830.0,15.4
2023-11-24 14:00:00,866.0,15.1
2023-11-24 15:00:00,934.0,14.9
2023-11-24 16:00:00,1038.0,14.7
2023-11-24 17:00:00,1152.0,14.2
2023-11-24 18:00:00,1166.0,13.7
2023-11-24 19:00:00,1165.0,13.3
2023-11-24 20:00:00,1123.0,12.9
2023-11-24 21:00:00,1073.0,12.6
2023-11-24 22:00:00,996.0,12.3
2023-11-24 23:00:00,929.0,11.9
2023-11-25 00:00:00,1009.0,11.5
2023-11-25 01:00:00,921.0,10.9
2023-11-25 02:00:00,893.0,10.4
2023-11-25 03:00:00,858.0,9.9
2023-11-25 04:00:00,838.0,9.6
2023-11-25 05:00:00,853.0,9.3
2023-11-25 06:00:00,901.0,9.0
2023-11-25 07:00:00,1045.0,8.8
2023-11-25 08:00:00,1243.0,8.6
2023-11-25 09:00:00,1240.0,9.2
2023-11-25 10:00:00,1215.0,9.8
2023-11-25 11:00:00,1180.0,10.4
2023-11-25 12:00:00,970.0,10.9
2023-11-25 13:00:00,864.0,11.9
2023-11-25 14:00:00,896.0,12.9
2023-11-25 15:00:00,959.0,13.5
2023-11-25 16:00:00,1091.0,13.2
2023-11-25 17:00:00,1186.0,13.0
2023-11-25 18:00:00,1196.0,12.8
2023-11-25 19:00:00,1191.0,12.6
2023-11-25 20:00:00,1150.0,12.5
2023-11-25 21:00:00,1084.0,11.0
2023-11-25 22:00:00,1007.0,9.6
2023-11-25 23:00:00,940.0,8.9
2023-11-26 00:00:00,1005.0,8.9
2023-11-26 01:00:00,899.0,8.8
2023-11-26 02:00:00,879.0,8.1
2023-11-26 03:00:00,859.0,8.0
2023-11-26 04:00:00,812.0,7.8
2023-11-26 05:00:00,817.0,7.8
2023-11-26 06:00:00,896.0,7.8
2023-11-26 07:00:00,990.0,7.9
2023-11-26 08:00:00,1235.0,8.2
2023-11-26 09:00:00,1292.0,8.3
2023-11-26 10:00:00,1264.0,9.0
2023-11-26 11:00:00,1166.0,9.7
2023-11-26 12:00:00,1058.0,10.8
2023-11-26 13:00:00,976.0,11.4
2023-11-26 14:00:00,972.0,12.0
2023-11-26 15:00:00,969.0,12.6
2023-11-26 16:00:00,1054.0,13.0
2023-11-26 17:00:00,1198.0,12.4
2023-11-26 18:00:00,1204.0,11.0
2023-11-26 19:00:00,1230.0,10.0
2023-11-26 20:00:00,1211.0,9.6
2023-11-26 21:00:00,1124.0,9.2
2023-11-26 22:00:00,998.0,8.7
2023-11-26 23:00:00,909.0,8.1
2023-11-27 00:00:00,995.0,7.7
2023-11-27 01:00:00,909.0,7.4
2023-11-27 02:00:00,870.0,7.2
2023-11-27 03:00:00,828.0,7.0
2023-11-27 04:00:00,839.0,6.8
2023-11-27 05:00:00,852.0,6.5
2023-11-27 06:00:00,931.0,6.2
2023-11-27 07:00:00,1121.0,6.0
2023-11-27 08:00:00,1298.0,7.4
2023-11-27 09:00:00,1224.0,10.7
2023-11-27 10:00:00,1107.0,13.2
2023-11-27 11:00:00,984.0,15.9
2023-11-27 12:00:00,813.0,17.6
2023-11-27 13:00:00,809.0,19.5
2023-11-27 14:00:00,823.0,19.8
2023-11-27 15:00:00,896.0,20.4
2023-11-27 16:00:00,1009.0,20.4
2023-11-27 17:00:00,1156.0,19.4
2023-11-27 18:00:00,1166.0,16.0
2023-11-27 19:00:00,1183.0,14.1
2023-11-27 20:00:00,1157.0,12.9
2023-11-27 21:00:00,1103.0,12.1
2023-11-27 22:00:00,1002.0,11.6
2023-11-27 23:00:00,909.0,11.2
2023-11-28 00:00:00,995.0,11.0
2023-11-28 01:00:00,922.0,10.6
2023-11-28 02:00:00,898.0,10.2
2023-11-28 03:00:00,869.0,9.9
2023-11-28 04:00:00,842.0,9.8
2023-11-28 05:00:00,843.0,9.4
2023-11-28 06:00:00,954.0,9.4
2023-11-28 07:00:00,1151.0,9.1
2023-11-28 08:00:00,1305.0,9.6
2023-11-28 09:00:00,1277.0,11.6
2023-11-28 10:00:00,1167.0,13.2
2023-11-28 11:00:00,1056.0,14.9
2023-11-28 12:00:00,800.0,16.6
2023-11-28 13:00:00,785.0,17.8
2023-11-28 14:00:00,804.0,19.9
2023-11-28 15:00:00,900.0,21.7
2023-11-28 16:00:00,1009.0,21.9
2023-11-28 17:00:00,1143.0,20.7
2023-11-28 18:00:00,1176.0,18.2
2023-11-28 19:00:00,1177.0,17.3
2023-11-28 20:00:00,1151.0,17.4
2023-11-28 21:00:00,1096.0,17.1
2023-11-28 22:00:00,982.0,16.3
2023-11-28 23:00:00,909.0,14.4
2023-11-29 00:00:00,998.0,14.2
2023-11-29 01:00:00,938.0,15.7
2023-11-29 02:00:00,892.0,13.4
2023-11-29 03:00:00,834.0,12.6
2023-11-29 04:00:00,866.0,11.5
2023-11-29 05:00:00,843.0,14.0
2023-11-29 06:00:00,937.0,13.7
2023-11-29 07:00:00,1124.0,13.6
2023-11-29 08:00:00,1240.0,12.8
2023-11-29 09:00:00,1168.0,14.2
2023-11-29 10:00:00,1098.0,14.9
2023-11-29 11:00:00,1065.0,14.5
2023-11-29 12:00:00,945.0,15.1
2023-11-29 13:00:00,971.0,15.6
2023-11-29 14:00:00,1010.0,15.7
2023-11-29 15:00:00,1044.0,16.4
2023-11-29 16:00:00,1129.0,15.9
2023-11-29 17:00:00,1213.0,15.6
2023-11-29 18:00:00,1240.0,14.6
2023-11-29 19:00:00,1224.0,13.9
2023-11-29 20:00:00,1177.0,13.5
2023-11-29 21:00:00,1117.0,13.3
2023-11-29 22:00:00,1011.0,13.1
2023-11-29 23:00:00,923.0,13.0
2023-11-30 00:00:00,992.0,12.1
2023-11-30 01:00:00,877.0,11.7
2023-11-30 02:00:00,869.0,11.3
2023-11-30 03:00:00,883.0,11.0
2023-11-30 04:00:00,863.0,10.8
2023-11-30 05:00:00,865.0,10.2
2023-11-30 06:00:00,944.0,9.9
2023-11-30 07:00:00,1083.0,9.6
2023-11-30 08:00:00,1260.0,9.1
2023-11-30 09:00:00,1341.0,8.9
2023-11-30 10:00:00,1306.0,8.7
2023-11-30 11:00:00,1329.0,8.7
2023-11-30 12:00:00,1191.0,8.6
2023-11-30 13:00:00,1191.0,8.4
2023-11-30 14:00:00,1181.0,8.5
2023-11-30 15:00:00,1198.0,8.3
2023-11-30 16:00:00,1251.0,8.3
2023-11-30 17:00:00,1347.0,8.1
2023-11-30 18:00:00,1311.0,7.8
2023-11-30 19:00:00,1275.0,7.5
2023-11-30 20:00:00,1230.0,7.0
2023-11-30 21:00:00,1179.0,6.7
2023-11-30 22:00:00,1057.0,5.9
2023-11-30 23:00:00,976.0,5.5
2023-12-01 00:00:00,1002.0,5.5
2023-12-01 01:00:00,919.0,5.6
2023-12-01 02:00:00,885.0,5.7
2023-12-01 03:00:00,850.0,5.7
2023-12-01 04:00:00,872.0,5.7
2023-12-01 05:00:00,872.0,5.8
2023-12-01 06:00:00,928.0,5.6
2023-12-01 07:00:00,1115.0,5.3
2023-12-01 08:00:00,1251.0,5.7
2023-12-01 09:00:00,1222.0,6.9
2023-12-01 10:00:00,1133.0,8.2
2023-12-01 11:00:00,1063.0,9.6
2023-12-01 12:00:00,903.0,10.2
2023-12-01 13:00:00,890.0,11.6
2023-12-01 14:00:00,922.0,11.7
2023-12-01 15:00:00,1003.0,11.8
2023-12-01 16:00:00,1118.0,11.8
2023-12-01 17:00:00,1280.0,10.8
2023-12-01 18:00:00,1281.0,10.2
2023-12-01 19:00:00,1280.0,10.0
2023-12-01 20:00:00,1251.0,9.7
2023-12-01 21:00:00,1173.0,9.6
2023-12-01 22:00:00,1089.0,9.4
2023-12-01 23:00:00,992.0,9.4
2023-12-02 00:00:00,1050.0,9.1
2023-12-02 01:00:00,938.0,7.4
2023-12-02 02:00:00,899.0,7.0
2023-12-02 03:00:00,880.0,7.3
2023-12-02 04:00:00,846.0,7.5
2023-12-02 05:00:00,856.0,7.7
2023-12-02 06:00:00,906.0,7.8
2023-12-02 07:00:00,987.0,8.1
2023-12-02 08:00:00,1242.0,8.3
2023-12-02 09:00:00,1301.0,8.6
2023-12-02 10:00:00,1277.0,9.2
2023-12-02 11:00:00,1226.0,9.7
2023-12-02 12:00:00,1106.0,10.6
2023-12-02 13:00:00,1116.0,10.9
2023-12-02 14:00:00,1109.0,10.9
2023-12-02 15:00:00,1158.0,11.0
2023-12-02 16:00:00,1225.0,10.8
2023-12-02 17:00:00,1306.0,10.5
2023-12-02 18:00:00,1284.0,10.3
2023-12-02 19:00:00,1260.0,10.2
2023-12-02 20:00:00,1214.0,10.0
2023-12-02 21:00:00,1156.0,9.8
2023-12-02 22:00:00,1058.0,10.2
2023-12-02 23:00:00,960.0,10.1
2023-12-03 00:00:00,1039.0,10.0
2023-12-03 01:00:00,942.0,10.0
2023-12-03 02:00:00,901.0,9.8
2023-12-03 03:00:00,858.0,9.7
2023-12-03 04:00:00,859.0,9.6
2023-12-03 05:00:00,865.0,9.5
2023-12-03 06:00:00,907.0,9.4
2023-12-03 07:00:00,958.0,9.3
2023-12-03 08:00:00,1207.0,9.5
2023-12-03 09:00:00,1317.0,9.9
2023-12-03 10:00:00,1292.0,10.2
2023-12-03 11:00:00,1268.0,10.7
2023-12-03 12:00:00,1132.0,10.9
2023-12-03 13:00:00,1073.0,11.3
2023-12-03 14:00:00,1100.0,11.9
2023-12-03 15:00:00,1175.0,11.8
2023-12-03 16:00:00,1241.0,11.9
2023-12-03 17:00:00,1355.0,11.3
2023-12-03 18:00:00,1282.0,11.0
2023-12-03 19:00:00,1277.0,10.8
2023-12-03 20:00:00,1244.0,10.6
2023-12-03 21:00:00,1183.0,10.4
2023-12-03 22:00:00,1038.0,10.3
2023-12-03 23:00:00,960.0,10.1
2023-12-04 00:00:00,1020.0,10.0
2023-12-04 01:00:00,948.0,9.9
2023-12-04 02:00:00,890.0,9.9
2023-12-04 03:00:00,859.0,9.7
2023-12-04 04:00:00,840.0,8.9
2023-12-04 05:00:00,832.0,7.9
2023-12-04 06:00:00,925.0,7.3
2023-12-04 07:00:00,1120.0,6.9
2023-12-04 08:00:00,1293.0,7.5
2023-12-04 09:00:00,1274.0,11.9
2023-12-04 10:00:00,1200.0,13.5
2023-12-04 11:00:00,1102.0,14.8
2023-12-04 12:00:00,919.0,14.5
2023-12-04 13:00:00,865.0,15.5
2023-12-04 14:00:00,865.0,17.3
2023-12-04 15:00:00,937.0,17.5
2023-12-04 16:00:00,1061.0,18.6
2023-12-04 17:00:00,1213.0,16.6
2023-12-04 18:00:00,1236.0,14.2
2023-12-04 19:00:00,1250.0,12.1
2023-12-04 20:00:00,1221.0,11.5
2023-12-04 21:00:00,1177.0,10.9
2023-12-04 22:00:00,1073.0,10.1
2023-12-04 23:00:00,963.0,9.7
2023-12-05 00:00:00,1046.0,9.0
2023-12-05 01:00:00,973.0,8.3
2023-12-05 02:00:00,925.0,7.9
2023-12-05 03:00:00,903.0,7.4
2023-12-05 04:00:00,892.0,7.1
2023-12-05 05:00:00,895.0,7.0
2023-12-05 06:00:00,979.0,6.6
2023-12-05 07:00:00,1157.0,6.4
2023-12-05 08:00:00,1316.0,7.8
2023-12-05 09:00:00,1260.0,10.2
2023-12-05 10:00:00,1161.0,13.1
2023-12-05 11:00:00,1006.0,14.5
2023-12-05 12:00:00,838.0,15.9
2023-12-05 13:00:00,802.0,17.6
2023-12-05 14:00:00,827.0,19.4
2023-12-05 15:00:00,900.0,19.9
2023-12-05 16:00:00,1028.0,19.3
2023-12-05 17:00:00,1181.0,18.2
2023-12-05 18:00:00,1214.0,16.1
2023-12-05 19:00:00,1231.0,14.3
2023-12-05 20:00:00,1196.0,12.8
2023-12-05 21:00:00,1155.0,11.7
2023-12-05 22:00:00,1028.0,11.4
2023-12-05 23:00:00,954.0,11.2
2023-12-06 00:00:00,1022.0,11.3
2023-12-06 01:00:00,953.0,11.4
2023-12-06 02:00:00,910.0,11.8
2023-12-06 03:00:00,859.0,11.6
2023-12-06 04:00:00,870.0,11.7
2023-12-06 05:00:00,906.0,11.5
2023-12-06 06:00:00,972.0,11.4
2023-12-06 07:00:00,1137.0,10.5
2023-12-06 08:00:00,1321.0,10.8
2023-12-06 09:00:00,1241.0,12.8
2023-12-06 10:00:00,1145.0,15.3
2023-12-06 11:00:00,1003.0,17.2
2023-12-06 12:00:00,850.0,18.9
2023-12-06 13:00:00,832.0,20.2
2023-12-06 14:00:00,834.0,20.5
2023-12-06 15:00:00,907.0,20.3
2023-12-06 16:00:00,1052.0,20.2
2023-12-06 17:00:00,1157.0,19.0
2023-12-06 18:00:00,1184.0,14.9
2023-12-06 19:00:00,1228.0,13.1
2023-12-06 20:00:00,1187.0,12.0
2023-12-06 21:00:00,1150.0,11.3
2023-12-06 22:00:00,1043.0,11.6
2023-12-06 23:00:00,938.0,11.0
2023-12-07 00:00:00,1013.0,11.0
2023-12-07 01:00:00,912.0,10.7
2023-12-07 02:00:00,910.0,9.9
2023-12-07 03:00:00,861.0,9.3
2023-12-07 04:00:00,865.0,8.9
2023-12-07 05:00:00,878.0,8.4
2023-12-07 06:00:00,969.0,8.2
2023-12-07 07:00:00,1150.0,7.7
2023-12-07 08:00:00,1278.0,8.9
2023-12-07 09:00:00,1217.0,13.1
2023-12-07 10:00:00,1048.0,16.4
2023-12-07 11:00:00,973.0,20.1
2023-12-07 12:00:00,802.0,21.4
2023-12-07 13:00:00,791.0,23.5
2023-12-07 14:00:00,810.0,24.9
2023-12-07 15:00:00,893.0,25.4
2023-12-07 16:00:00,1051.0,24.7
2023-12-07 17:00:00,1173.0,22.3
2023-12-07 18:00:00,1202.0,19.1
2023-12-07 19:00:00,1214.0,18.6
2023-12-07 20:00:00,1146.0,17.7
2023-12-07 21:00:00,1122.0,16.5
2023-12-07 22:00:00,1015.0,16.7
2023-12-07 23:00:00,938.0,14.7
2023-12-08 00:00:00,1015.0,15.3
2023-12-08 01:00:00,924.0,16.2
2023-12-08 02:00:00,919.0,16.8
2023-12-08 03:00:00,895.0,14.0
2023-12-08 04:00:00,916.0,13.8
2023-12-08 05:00:00,908.0,13.8
2023-12-08 06:00:00,971.0,12.5
2023-12-08 07:00:00,1148.0,12.5
2023-12-08 08:00:00,1286.0,12.9
2023-12-08 09:00:00,1195.0,16.6
2023-12-08 10:00:00,1089.0,19.2
2023-12-08 11:00:00,975.0,20.9
2023-12-08 12:00:00,821.0,22.8
2023-12-08 13:00:00,858.0,22.2
2023-12-08 14:00:00,897.0,21.6
2023-12-08 15:00:00,964.0,21.4
2023-12-08 16:00:00,1080.0,20.9
2023-12-08 17:00:00,1184.0,20.0
2023-12-08 18:00:00,1188.0,19.4
2023-12-08 19:00:00,1171.0,18.9
2023-12-08 20:00:00,1099.0,18.5
2023-12-08 21:00:00,1079.0,18.1
2023-12-08 22:00:00,992.0,17.8
2023-12-08 23:00:00,932.0,17.3
2023-12-09 00:00:00,1017.0,16.7
2023-12-09 01:00:00,939.0,16.0
2023-12-09 02:00:00,875.0,15.8
2023-12-09 03:00:00,868.0,16.6
2023-12-09 04:00:00,860.0,17.5
2023-12-09 05:00:00,888.0,16.5
2023-12-09 06:00:00,926.0,16.8
2023-12-09 07:00:00,1014.0,16.8
2023-12-09 08:00:00,1231.0,16.8
2023-12-09 09:00:00,1262.0,17.2
2023-12-09 10:00:00,1230.0,17.6
2023-12-09 11:00:00,1181.0,18.2
2023-12-09 12:00:00,1029.0,18.9
2023-12-09 13:00:00,981.0,19.7
2023-12-09 14:00:00,1001.0,19.9
2023-12-09 15:00:00,1026.0,19.6
2023-12-09 16:00:00,1089.0,19.7
2023-12-09 17:00:00,1179.0,19.4
2023-12-09 18:00:00,1153.0,19.0
2023-12-09 19:00:00,1127.0,18.9
2023-12-09 20:00:00,1057.0,19.1
2023-12-09 21:00:00,1044.0,19.2
2023-12-09 22:00:00,976.0,19.0
2023-12-09 23:00:00,910.0,18.5
2023-12-10 00:00:00,976.0,17.9
2023-12-10 01:00:00,901.0,17.7
2023-12-10 02:00:00,862.0,17.6
2023-12-10 03:00:00,840.0,17.6
2023-12-10 04:00:00,856.0,17.6
2023-12-10 05:00:00,833.0,17.3
2023-12-10 06:00:00,881.0,17.1
2023-12-10 07:00:00,972.0,16.2
2023-12-10 08:00:00,1164.0,16.1
2023-12-10 09:00:00,1260.0,15.7
2023-12-10 10:00:00,1271.0,15.4
2023-12-10 11:00:00,1217.0,15.4
2023-12-10 12:00:00,1085.0,14.5
2023-12-10 13:00:00,1046.0,13.1
2023-12-10 14:00:00,1057.0,12.6
2023-12-10 15:00:00,1099.0,11.7
2023-12-10 16:00:00,1162.0,11.2
2023-12-10 17:00:00,1259.0,11.1
2023-12-10 18:00:00,1211.0,10.9
2023-12-10 19:00:00,1193.0,10.5
2023-12-10 20:00:00,1119.0,10.0
2023-12-10 21:00:00,1071.0,9.6
2023-12-10 22:00:00,970.0,9.4
2023-12-10 23:00:00,910.0,9.1
2023-12-11 00:00:00,954.0,8.6
2023-12-11 01:00:00,890.0,8.3
2023-12-11 02:00:00,860.0,7.7
2023-12-11 03:00:00,836.0,7.5
2023-12-11 04:00:00,848.0,7.3
2023-12-11 05:00:00,853.0,7.1
2023-12-11 06:00:00,888.0,6.8
2023-12-11 07:00:00,1076.0,6.4
2023-12-11 08:00:00,1328.0,6.3
2023-12-11 09:00:00,1456.0,6.5
2023-12-11 10:00:00,1483.0,6.3
2023-12-11 11:00:00,1410.0,6.2
2023-12-11 12:00:00,1256.0,6.2
2023-12-11 13:00:00,1226.0,5.9
2023-12-11 14:00:00,1223.0,6.0
2023-12-11 15:00:00,1267.0,5.9
2023-12-11 16:00:00,1306.0,6.0
2023-12-11 17:00:00,1385.0,6.0
2023-12-11 18:00:00,1351.0,6.0
2023-12-11 19:00:00,1327.0,6.0
2023-12-11 20:00:00,1241.0,6.0
2023-12-11 21:00:00,1206.0,5.9
2023-12-11 22:00:00,1094.0,6.0
2023-12-11 23:00:00,997.0,6.2
2023-12-12 00:00:00,1080.0,6.2
2023-12-12 01:00:00,996.0,6.2
2023-12-12 02:00:00,968.0,6.2
2023-12-12 03:00:00,922.0,6.1
2023-12-12 04:00:00,921.0,6.0
2023-12-12 05:00:00,924.0,5.4
2023-12-12 06:00:00,965.0,4.7
2023-12-12 07:00:00,1196.0,4.7
2023-12-12 08:00:00,1376.0,5.4
2023-12-12 09:00:00,1392.0,6.0
2023-12-12 10:00:00,1347.0,5.9
2023-12-12 11:00:00,1253.0,6.5
2023-12-12 12:00:00,1053.0,7.4
2023-12-12 13:00:00,1019.0,7.9
2023-12-12 14:00:00,1006.0,9.0
2023-12-12 15:00:00,1085.0,9.4
2023-12-12 16:00:00,1214.0,9.1
2023-12-12 17:00:00,1353.0,8.8
2023-12-12 18:00:00,1342.0,8.4
2023-12-12 19:00:00,1349.0,7.9
2023-12-12 20:00:00,1303.0,7.1
2023-12-12 21:00:00,1264.0,6.5
2023-12-12 22:00:00,1119.0,6.1
2023-12-12 23:00:00,1016.0,6.0
2023-12-13 00:00:00,1086.0,6.2
2023-12-13 01:00:00,995.0,5.6
2023-12-13 02:00:00,955.0,5.5
2023-12-13 03:00:00,925.0,5.8
2023-12-13 04:00:00,914.0,6.8
2023-12-13 05:00:00,912.0,6.7
2023-12-13 06:00:00,981.0,6.9
2023-12-13 07:00:00,1129.0,7.1
2023-12-13 08:00:00,1350.0,7.6
2023-12-13 09:00:00,1451.0,7.9
2023-12-13 10:00:00,1469.0,8.0
2023-12-13 11:00:00,1464.0,8.1
2023-12-13 12:00:00,1310.0,8.5
2023-12-13 13:00:00,1287.0,9.0
2023-12-13 14:00:00,1252.0,9.3
2023-12-13 15:00:00,1253.0,9.7
2023-12-13 16:00:00,1301.0,9.9
2023-12-13 17:00:00,1390.0,10.3
2023-12-13 18:00:00,1348.0,10.3
2023-12-13 19:00:00,1372.0,10.3
2023-12-13 20:00:00,1323.0,9.6
2023-12-13 21:00:00,1262.0,9.3
2023-12-13 22:00:00,1115.0,9.2
2023-12-13 23:00:00,1021.0,9.2
2023-12-14 00:00:00,1087.0,9.3
2023-12-14 01:00:00,975.0,9.3
2023-12-14 02:00:00,951.0,9.4
2023-12-14 03:00:00,912.0,9.0
2023-12-14 04:00:00,904.0,8.7
2023-12-14 05:00:00,903.0,8.7
2023-12-14 06:00:00,972.0,8.8
2023-12-14 07:00:00,1167.0,8.9
2023-12-14 08:00:00,1360.0,8.9
2023-12-14 09:00:00,1472.0,9.2
2023-12-14 10:00:00,1441.0,9.3
2023-12-14 11:00:00,1404.0,8.6
2023-12-14 12:00:00,1277.0,8.7
2023-12-14 13:00:00,1244.0,8.6
2023-12-14 14:00:00,1241.0,8.5
2023-12-14 15:00:00,1276.0,8.3
2023-12-14 16:00:00,1342.0,7.6
2023-12-14 17:00:00,1432.0,7.6
2023-12-14 18:00:00,1411.0,7.2
2023-12-14 19:00:00,1405.0,6.8
2023-12-14 20:00:00,1349.0,6.7
2023-12-14 21:00:00,1287.0,6.5
2023-12-14 22:00:00,1115.0,5.7
2023-12-14 23:00:00,1021.0,4.9
2023-12-15 00:00:00,1121.0,4.6
2023-12-15 01:00:00,1047.0,4.3
2023-12-15 02:00:00,982.0,4.3
2023-12-15 03:00:00,953.0,4.4
2023-12-15 04:00:00,946.0,4.2
2023-12-15 05:00:00,933.0,4.2
2023-12-15 06:00:00,998.0,4.1
2023-12-15 07:00:00,1171.0,4.2
2023-12-15 08:00:00,1414.0,4.2
2023-12-15 09:00:00,1570.0,4.3
2023-12-15 10:00:00,1612.0,4.7
2023-12-15 11:00:00,1529.0,5.1
2023-12-15 12:00:00,1391.0,5.1
2023-12-15 13:00:00,1402.0,5.3
2023-12-15 14:00:00,1372.0,5.2
2023-12-15 15:00:00,1398.0,5.2
2023-12-15 16:00:00,1455.0,5.0
2023-12-15 17:00:00,1538.0,4.9
2023-12-15 18:00:00,1492.0,4.5
2023-12-15 19:00:00,1462.0,3.9
2023-12-15 20:00:00,1413.0,3.7
2023-12-15 21:00:00,1349.0,3.1
2023-12-15 22:00:00,1252.0,3.1
2023-12-15 23:00:00,1157.0,1.6
2023-12-16 00:00:00,1213.0,0.6
2023-12-16 01:00:00,1098.0,1.0
2023-12-16 02:00:00,1031.0,1.2
2023-12-16 03:00:00,995.0,1.4
2023-12-16 04:00:00,965.0,1.5
2023-12-16 05:00:00,995.0,1.5
2023-12-16 06:00:00,1044.0,1.5
2023-12-16 07:00:00,1090.0,1.4
2023-12-16 08:00:00,1411.0,1.6
2023-12-16 09:00:00,1577.0,1.9
2023-12-16 10:00:00,1558.0,2.4
2023-12-16 11:00:00,1497.0,3.2
2023-12-16 12:00:00,1303.0,3.3
2023-12-16 13:00:00,1320.0,3.6
2023-12-16 14:00:00,1339.0,3.6
2023-12-16 15:00:00,1372.0,3.6
2023-12-16 16:00:00,1441.0,3.4
2023-12-16 17:00:00,1535.0,3.2
2023-12-16 18:00:00,1511.0,2.9
2023-12-16 19:00:00,1470.0,2.6
2023-12-16 20:00:00,1454.0,2.6
2023-12-16 21:00:00,1386.0,2.5
2023-12-16 22:00:00,1282.0,2.5
2023-12-16 23:00:00,1157.0,2.5
2023-12-17 00:00:00,1217.0,2.4
2023-12-17 01:00:00,1085.0,2.2
2023-12-17 02:00:00,1043.0,2.1
2023-12-17 03:00:00,967.0,2.0
2023-12-17 04:00:00,957.0,2.0
2023-12-17 05:00:00,944.0,1.9
2023-12-17 06:00:00,959.0,1.9
2023-12-17 07:00:00,1058.0,1.9
2023-12-17 08:00:00,1325.0,1.9
2023-12-17 09:00:00,1550.0,2.0
2023-12-17 10:00:00,1592.0,2.2
2023-12-17 11:00:00,1551.0,2.3
2023-12-17 12:00:00,1436.0,2.6
2023-12-17 13:00:00,1390.0,2.9
2023-12-17 14:00:00,1396.0,2.7
2023-12-17 15:00:00,1414.0,2.5
2023-12-17 16:00:00,1496.0,2.1
2023-12-17 17:00:00,1587.0,1.7
2023-12-17 18:00:00,1570.0,1.4
2023-12-17 19:00:00,1578.0,1.2
2023-12-17 20:00:00,1529.0,1.1
2023-12-17 21:00:00,1441.0,1.1
2023-12-17 22:00:00,1293.0,1.0
2023-12-17 23:00:00,1152.0,0.8
2023-12-18 00:00:00,1179.0,0.7
2023-12-18 01:00:00,1063.0,0.3
2023-12-18 02:00:00,1011.0,0.1
2023-12-18 03:00:00,971.0,-0.2
2023-12-18 04:00:00,940.0,-0.1
2023-12-18 05:00:00,973.0,0.0
2023-12-18 06:00:00,1048.0,0.1
2023-12-18 07:00:00,1221.0,0.1
2023-12-18 08:00:00,1495.0,0.1
2023-12-18 09:00:00,1697.0,0.1
2023-12-18 10:00:00,1720.0,0.2
2023-12-18 11:00:00,1675.0,0.4
2023-12-18 12:00:00,1542.0,0.5
2023-12-18 13:00:00,1495.0,0.7
2023-12-18 14:00:00,1441.0,0.8
2023-12-18 15:00:00,1474.0,0.9
2023-12-18 16:00:00,1526.0,1.0
2023-12-18 17:00:00,1611.0,1.2
2023-12-18 18:00:00,1601.0,1.1
2023-12-18 19:00:00,1619.0,1.2
2023-12-18 20:00:00,1565.0,1.2
2023-12-18 21:00:00,1499.0,1.2
2023-12-18 22:00:00,1355.0,1.3
2023-12-18 23:00:00,1152.0,1.3
2023-12-19 00:00:00,1230.0,1.4
2023-12-19 01:00:00,1111.0,1.6
2023-12-19 02:00:00,1021.0,1.7
2023-12-19 03:00:00,1025.0,1.7
2023-12-19 04:00:00,1009.0,1.6
2023-12-19 05:00:00,1012.0,1.5
2023-12-19 06:00:00,1064.0,1.6
2023-12-19 07:00:00,1271.0,1.6
2023-12-19 08:00:00,1487.0,1.8
2023-12-19 09:00:00,1673.0,2.2
2023-12-19 10:00:00,1628.0,2.6
2023-12-19 11:00:00,1521.0,3.4
2023-12-19 12:00:00,1294.0,4.3
2023-12-19 13:00:00,1255.0,5.8
2023-12-19 14:00:00,1297.0,5.8
2023-12-19 15:00:00,1336.0,5.5
2023-12-19 16:00:00,1394.0,5.7
2023-12-19 17:00:00,1485.0,5.9
2023-12-19 18:00:00,1542.0,4.7
2023-12-19 19:00:00,1580.0,2.8
2023-12-19 20:00:00,1564.0,2.3
2023-12-19 21:00:00,1517.0,1.8
2023-12-19 22:00:00,1372.0,1.9
2023-12-19 23:00:00,1199.0,2.7
2023-12-20 00:00:00,1218.0,2.8
2023-12-20 01:00:00,1139.0,2.0
2023-12-20 02:00:00,1052.0,2.0
2023-12-20 03:00:00,1002.0,1.6
2023-12-20 04:00:00,1028.0,1.3
2023-12-20 05:00:00,1015.0,1.1
2023-12-20 06:00:00,1087.0,1.1
2023-12-20 07:00:00,1271.0,0.8
2023-12-20 08:00:00,1521.0,1.1
2023-12-20 09:00:00,1588.0,2.3
2023-12-20 10:00:00,1521.0,3.4
2023-12-20 11:00:00,1403.0,4.6
2023-12-20 12:00:00,1255.0,4.8
2023-12-20 13:00:00,1233.0,5.7
2023-12-20 14:00:00,1224.0,6.2
2023-12-20 15:00:00,1296.0,6.2
2023-12-20 16:00:00,1397.0,5.9
2023-12-20 17:00:00,1492.0,5.4
2023-12-20 18:00:00,1552.0,4.8
2023-12-20 19:00:00,1599.0,4.3
2023-12-20 20:00:00,1545.0,3.3
2023-12-20 21:00:00,1523.0,2.4
2023-12-20 22:00:00,1364.0,2.4
2023-12-20 23:00:00,1217.0,2.2
2023-12-21 00:00:00,1225.0,1.7
2023-12-21 01:00:00,1083.0,1.3
2023-12-21 02:00:00,1068.0,1.3
2023-12-21 03:00:00,1023.0,1.0
2023-12-21 04:00:00,1031.0,0.8
2023-12-21 05:00:00,1022.0,1.1
2023-12-21 06:00:00,1065.0,0.5
2023-12-21 07:00:00,1288.0,0.1
2023-12-21 08:00:00,1524.0,-0.3
2023-12-21 09:00:00,1642.0,0.2
2023-12-21 10:00:00,1563.0,1.4
2023-12-21 11:00:00,1448.0,2.2
2023-12-21 12:00:00,1268.0,3.3
2023-12-21 13:00:00,1245.0,4.3
2023-12-21 14:00:00,1191.0,4.3
2023-12-21 15:00:00,1254.0,4.3
2023-12-21 16:00:00,1403.0,4.0
2023-12-21 17:00:00,1535.0,3.4
2023-12-21 18:00:00,1591.0,2.4
2023-12-21 19:00:00,1642.0,1.8
2023-12-21 20:00:00,1576.0,1.3
2023-12-21 21:00:00,1523.0,0.9
2023-12-21 22:00:00,1364.0,0.6
2023-12-21 23:00:00,1217.0,0.3
2023-12-22 00:00:00,1202.0,0.0
2023-12-22 01:00:00,1089.0,-0.4
2023-12-22 02:00:00,1033.0,-0.8
2023-12-22 03:00:00,1010.0,-1.0
2023-12-22 04:00:00,1017.0,-1.3
2023-12-22 05:00:00,1005.0,-1.7
2023-12-22 06:00:00,1033.0,-1.9
2023-12-22 07:00:00,1259.0,-1.7
2023-12-22 08:00:00,1494.0,-1.1
2023-12-22 09:00:00,1544.0,0.1
2023-12-22 10:00:00,1445.0,1.7
2023-12-22 11:00:00,1321.0,2.5
2023-12-22 12:00:00,1189.0,3.3
2023-12-22 13:00:00,1170.0,4.0
2023-12-22 14:00:00,1149.0,4.9
2023-12-22 15:00:00,1239.0,4.6
2023-12-22 16:00:00,1365.0,4.8
2023-12-22 17:00:00,1545.0,4.2
2023-12-22 18:00:00,1585.0,3.1
2023-12-22 19:00:00,1642.0,2.4
2023-12-22 20:00:00,1576.0,1.9
2023-12-22 21:00:00,1523.0,1.4
2023-12-22 22:00:00,1364.0,1.0
2023-12-22 23:00:00,1217.0,-0.3
2023-12-23 00:00:00,1259.0,-0.6
2023-12-23 01:00:00,1139.0,-1.1
2023-12-23 02:00:00,1070.0,-1.5
2023-12-23 03:00:00,1023.0,-0.7
2023-12-23 04:00:00,1030.0,-1.2
2023-12-23 05:00:00,1016.0,-1.1
2023-12-23 06:00:00,1050.0,-2.3
2023-12-23 07:00:00,1119.0,-2.1
2023-12-23 08:00:00,1396.0,-1.3
2023-12-23 09:00:00,1510.0,0.8
2023-12-23 10:00:00,1397.0,2.4
2023-12-23 11:00:00,1317.0,3.5
2023-12-23 12:00:00,1147.0,5.2
2023-12-23 13:00:00,1096.0,6.3
2023-12-23 14:00:00,1116.0,7.1
2023-12-23 15:00:00,1182.0,7.2
2023-12-23 16:00:00,1338.0,7.3
2023-12-23 17:00:00,1496.0,6.7
2023-12-23 18:00:00,1513.0,4.5
2023-12-23 19:00:00,1555.0,2.8
2023-12-23 20:00:00,1511.0,2.7
2023-12-23 21:00:00,1482.0,1.6
2023-12-23 22:00:00,1366.0,1.1
2023-12-23 23:00:00,1244.0,0.4
2023-12-24 00:00:00,1259.0,0.4
2023-12-24 01:00:00,1134.0,-0.1
2023-12-24 02:00:00,1075.0,0.4
2023-12-24 03:00:00,1035.0,0.3
2023-12-24 04:00:00,990.0,-0.1
2023-12-24 05:00:00,1002.0,0.4
2023-12-24 06:00:00,1013.0,0.4
2023-12-24 07:00:00,1110.0,0.5
2023-12-24 08:00:00,1382.0,0.2
2023-12-24 09:00:00,1467.0,2.3
2023-12-24 10:00:00,1422.0,4.5
2023-12-24 11:00:00,1293.0,6.2
2023-12-24 12:00:00,1194.0,7.2
2023-12-24 13:00:00,1079.0,8.5
2023-12-24 14:00:00,1079.0,9.5
2023-12-24 15:00:00,1158.0,10.1
2023-12-24 16:00:00,1290.0,10.2
2023-12-24 17:00:00,1446.0,9.6
2023-12-24 18:00:00,1500.0,6.3
2023-12-24 19:00:00,1548.0,4.4
2023-12-24 20:00:00,1531.0,3.3
2023-12-24 21:00:00,1464.0,2.4
2023-12-24 22:00:00,1310.0,1.9
2023-12-24 23:00:00,1149.0,1.5
2023-12-25 00:00:00,1159.0,1.0
2023-12-25 01:00:00,1057.0,1.0
2023-12-25 02:00:00,995.0,0.4
2023-12-25 03:00:00,939.0,0.3
2023-12-25 04:00:00,956.0,-0.3
2023-12-25 05:00:00,960.0,-0.6
2023-12-25 06:00:00,1063.0,-0.8
2023-12-25 07:00:00,1253.0,-1.0
2023-12-25 08:00:00,1504.0,-0.7
2023-12-25 09:00:00,1540.0,2.6
2023-12-25 10:00:00,1400.0,6.1
2023-12-25 11:00:00,1293.0,9.2
2023-12-25 12:00:00,1109.0,11.1
2023-12-25 13:00:00,1065.0,12.7
2023-12-25 14:00:00,1044.0,14.2
2023-12-25 15:00:00,1121.0,14.7
2023-12-25 16:00:00,1223.0,14.4
2023-12-25 17:00:00,1407.0,13.7
2023-12-25 18:00:00,1446.0,9.8
2023-12-25 19:00:00,1497.0,8.6
2023-12-25 20:00:00,1531.0,8.4
2023-12-25 21:00:00,1464.0,7.8
2023-12-25 22:00:00,1310.0,8.0
2023-12-25 23:00:00,1149.0,7.6
2023-12-26 00:00:00,1165.0,7.4
2023-12-26 01:00:00,1051.0,8.1
2023-12-26 02:00:00,1011.0,9.6
2023-12-26 03:00:00,923.0,9.2
2023-12-26 04:00:00,927.0,8.8
2023-12-26 05:00:00,931.0,7.1
2023-12-26 06:00:00,999.0,5.0
2023-12-26 07:00:00,1202.0,4.3
2023-12-26 08:00:00,1418.0,5.0
2023-12-26 09:00:00,1476.0,9.1
2023-12-26 10:00:00,1345.0,11.4
2023-12-26 11:00:00,1242.0,12.6
2023-12-26 12:00:00,1081.0,14.5
2023-12-26 13:00:00,1037.0,16.8
2023-12-26 14:00:00,1046.0,17.0
2023-12-26 15:00:00,1108.0,17.6
2023-12-26 16:00:00,1238.0,17.2
2023-12-26 17:00:00,1377.0,16.2
2023-12-26 18:00:00,1374.0,14.8
2023-12-26 19:00:00,1431.0,13.3
2023-12-26 20:00:00,1531.0,11.5
2023-12-26 21:00:00,1464.0,9.5
2023-12-26 22:00:00,1310.0,8.3
2023-12-26 23:00:00,1149.0,7.6
2023-12-27 00:00:00,1105.0,7.1
2023-12-27 01:00:00,991.0,7.2
2023-12-27 02:00:00,964.0,8.6
2023-12-27 03:00:00,928.0,8.7
2023-12-27 04:00:00,923.0,7.7
2023-12-27 05:00:00,923.0,7.4
2023-12-27 06:00:00,981.0,7.1
2023-12-27 07:00:00,1208.0,6.8
2023-12-27 08:00:00,1413.0,6.5
2023-12-27 09:00:00,1490.0,7.8
2023-12-27 10:00:00,1447.0,8.7
2023-12-27 11:00:00,1349.0,10.3
2023-12-27 12:00:00,1217.0,10.6
2023-12-27 13:00:00,1164.0,10.9
2023-12-27 14:00:00,1114.0,11.1
2023-12-27 15:00:00,1136.0,11.5
2023-12-27 16:00:00,1246.0,11.4
2023-12-27 17:00:00,1390.0,10.6
2023-12-27 18:00:00,1408.0,9.5
2023-12-27 19:00:00,1439.0,8.7
2023-12-27 20:00:00,1421.0,8.0
2023-12-27 21:00:00,1359.0,7.2
2023-12-27 22:00:00,1222.0,7.0
2023-12-27 23:00:00,1101.0,6.8
2023-12-28 00:00:00,1128.0,6.8
2023-12-28 01:00:00,1021.0,6.4
2023-12-28 02:00:00,963.0,6.2
2023-12-28 03:00:00,945.0,5.8
2023-12-28 04:00:00,928.0,5.4
2023-12-28 05:00:00,950.0,5.4
2023-12-28 06:00:00,1010.0,5.4
2023-12-28 07:00:00,1204.0,5.4
2023-12-28 08:00:00,1415.0,5.4
2023-12-28 09:00:00,1485.0,6.0
2023-12-28 10:00:00,1380.0,6.7
2023-12-28 11:00:00,1229.0,8.1
2023-12-28 12:00:00,1060.0,9.5
2023-12-28 13:00:00,1030.0,11.2
2023-12-28 14:00:00,1028.0,11.8
2023-12-28 15:00:00,1106.0,12.1
2023-12-28 16:00:00,1219.0,12.3
2023-12-28 17:00:00,1358.0,11.8
2023-12-28 18:00:00,1352.0,10.6
2023-12-28 19:00:00,1397.0,9.5
2023-12-28 20:00:00,1363.0,8.8
2023-12-28 21:00:00,1329.0,8.8
2023-12-28 22:00:00,1187.0,8.3
2023-12-28 23:00:00,1043.0,7.7
2023-12-29 00:00:00,1072.0,7.3
2023-12-29 01:00:00,984.0,7.0
2023-12-29 02:00:00,930.0,6.8
2023-12-29 03:00:00,872.0,6.6
2023-12-29 04:00:00,878.0,6.4
2023-12-29 05:00:00,894.0,6.6
2023-12-29 06:00:00,931.0,6.9
2023-12-29 07:00:00,1101.0,7.2
2023-12-29 08:00:00,1323.0,7.4
2023-12-29 09:00:00,1392.0,7.8
2023-12-29 10:00:00,1348.0,8.2
2023-12-29 11:00:00,1347.0,8.6
2023-12-29 12:00:00,1251.0,9.0
2023-12-29 13:00:00,1237.0,9.1
2023-12-29 14:00:00,1190.0,9.4
2023-12-29 15:00:00,1227.0,10.1
2023-12-29 16:00:00,1286.0,9.9
2023-12-29 17:00:00,1386.0,9.8
2023-12-29 18:00:00,1375.0,9.6
2023-12-29 19:00:00,1391.0,9.4
2023-12-29 20:00:00,1358.0,8.7
2023-12-29 21:00:00,1300.0,8.3
2023-12-29 22:00:00,1213.0,7.9
2023-12-29 23:00:00,1071.0,8.1
2023-12-30 00:00:00,1021.0,8.1
2023-12-30 01:00:00,907.0,7.9
2023-12-30 02:00:00,841.0,7.8
2023-12-30 03:00:00,796.0,6.9
2023-12-30 04:00:00,771.0,6.5
2023-12-30 05:00:00,798.0,5.9
2023-12-30 06:00:00,843.0,5.5
2023-12-30 07:00:00,933.0,5.6
2023-12-30 08:00:00,1208.0,6.3
2023-12-30 09:00:00,1308.0,7.6
2023-12-30 10:00:00,1211.0,9.3
2023-12-30 11:00:00,1114.0,11.0
2023-12-30 12:00:00,947.0,13.0
2023-12-30 13:00:00,888.0,15.0
2023-12-30 14:00:00,880.0,16.6
2023-12-30 15:00:00,950.0,17.2
2023-12-30 16:00:00,1077.0,17.1
2023-12-30 17:00:00,1222.0,16.2
2023-12-30 18:00:00,1239.0,14.7
2023-12-30 19:00:00,1276.0,12.9
2023-12-30 20:00:00,1264.0,11.6
2023-12-30 21:00:00,1224.0,10.9
2023-12-30 22:00:00,1127.0,9.7
2023-12-30 23:00:00,997.0,9.1
2023-12-31 00:00:00,1013.0,8.5
2023-12-31 01:00:00,912.0,8.2
2023-12-31 02:00:00,845.0,8.9
2023-12-31 03:00:00,789.0,9.1
2023-12-31 04:00:00,789.0,8.4
2023-12-31 05:00:00,817.0,8.2
2023-12-31 06:00:00,827.0,8.4
2023-12-31 07:00:00,880.0,8.7
2023-12-31 08:00:00,1132.0,8.9
2023-12-31 09:00:00,1260.0,9.1
2023-12-31 10:00:00,1175.0,9.6
2023-12-31 11:00:00,1073.0,10.7
2023-12-31 12:00:00,900.0,12.6
2023-12-31 13:00:00,835.0,13.6
2023-12-31 14:00:00,810.0,14.2
2023-12-31 15:00:00,880.0,15.0
2023-12-31 16:00:00,1008.0,14.6
2023-12-31 17:00:00,1172.0,14.0
2023-12-31 18:00:00,1178.0,12.9
2023-12-31 19:00:00,1216.0,12.5
2023-12-31 20:00:00,1196.0,11.9
2023-12-31 21:00:00,1150.0,10.3
2023-12-31 22:00:00,1057.0,9.9
2023-12-31 23:00:00,950.0,9.6
