Date,load,temp
2021-01-01 00:00:00,5177.0,0.1
2021-01-01 01:00:00,4534.0,-0.1
2021-01-01 02:00:00,4057.0,-0.4
2021-01-01 03:00:00,3761.0,-2.0
2021-01-01 04:00:00,3628.0,-2.6
2021-01-01 05:00:00,3564.0,-3.4
2021-01-01 06:00:00,3603.0,-3.6
2021-01-01 07:00:00,3883.0,-3.6
2021-01-01 08:00:00,4566.0,-2.6
2021-01-01 09:00:00,5147.0,0.2
2021-01-01 10:00:00,5382.0,2.2
2021-01-01 11:00:00,5383.0,5.4
2021-01-01 12:00:00,5250.0,6.3
2021-01-01 13:00:00,4928.0,7.8
2021-01-01 14:00:00,4762.0,8.8
2021-01-01 15:00:00,4543.0,9.2
2021-01-01 16:00:00,4769.0,9.4
2021-01-01 17:00:00,5239.0,8.9
2021-01-01 18:00:00,5604.0,7.2
2021-01-01 19:00:00,5835.0,6.2
2021-01-01 20:00:00,5879.0,5.6
2021-01-01 21:00:00,5928.0,4.9
2021-01-01 22:00:00,5767.0,2.6
2021-01-01 23:00:00,5306.0,1.7
2021-01-02 00:00:00,4736.0,0.6
2021-01-02 01:00:00,4161.0,0.5
2021-01-02 02:00:00,3744.0,0.2
2021-01-02 03:00:00,3508.0,-0.5
2021-01-02 04:00:00,3397.0,-1.1
2021-01-02 05:00:00,3359.0,-1.0
2021-01-02 06:00:00,3451.0,-1.2
2021-01-02 07:00:00,3814.0,-1.7
2021-01-02 08:00:00,4660.0,-1.3
2021-01-02 09:00:00,5424.0,1.5
2021-01-02 10:00:00,5662.0,4.1
2021-01-02 11:00:00,5680.0,6.2
2021-01-02 12:00:00,5486.0,9.4
2021-01-02 13:00:00,5133.0,11.2
2021-01-02 14:00:00,5039.0,11.7
2021-01-02 15:00:00,4928.0,12.1
2021-01-02 16:00:00,5140.0,12.2
2021-01-02 17:00:00,5739.0,11.4
2021-01-02 18:00:00,5978.0,10.3
2021-01-02 19:00:00,6076.0,9.5
2021-01-02 20:00:00,6062.0,9.0
2021-01-02 21:00:00,6052.0,8.7
2021-01-02 22:00:00,5827.0,8.4
2021-01-02 23:00:00,5334.0,8.2
2021-01-03 00:00:00,4718.0,8.0
2021-01-03 01:00:00,4141.0,7.6
2021-01-03 02:00:00,3733.0,7.0
2021-01-03 03:00:00,3489.0,6.9
2021-01-03 04:00:00,3411.0,6.4
2021-01-03 05:00:00,3339.0,6.1
2021-01-03 06:00:00,3436.0,5.8
2021-01-03 07:00:00,3772.0,5.7
2021-01-03 08:00:00,4548.0,5.7
2021-01-03 09:00:00,5483.0,6.4
2021-01-03 10:00:00,5943.0,7.1
2021-01-03 11:00:00,6219.0,7.8
2021-01-03 12:00:00,6079.0,8.3
2021-01-03 13:00:00,5842.0,9.4
2021-01-03 14:00:00,5893.0,9.0
2021-01-03 15:00:00,5743.0,9.1
2021-01-03 16:00:00,5831.0,8.9
2021-01-03 17:00:00,6261.0,8.4
2021-01-03 18:00:00,6477.0,7.5
2021-01-03 19:00:00,6583.0,6.1
2021-01-03 20:00:00,6660.0,6.0
2021-01-03 21:00:00,6649.0,5.9
2021-01-03 22:00:00,6280.0,5.4
2021-01-03 23:00:00,5560.0,4.8
2021-01-04 00:00:00,4861.0,4.1
2021-01-04 01:00:00,4268.0,4.0
2021-01-04 02:00:00,3913.0,3.5
2021-01-04 03:00:00,3690.0,3.5
2021-01-04 04:00:00,3598.0,3.1
2021-01-04 05:00:00,3610.0,1.6
2021-01-04 06:00:00,3803.0,1.6
2021-01-04 07:00:00,4529.0,1.1
2021-01-04 08:00:00,5352.0,1.4
2021-01-04 09:00:00,6253.0,3.0
2021-01-04 10:00:00,6651.0,4.3
2021-01-04 11:00:00,6825.0,5.6
2021-01-04 12:00:00,6525.0,7.5
2021-01-04 13:00:00,6315.0,8.9
2021-01-04 14:00:00,6115.0,10.4
2021-01-04 15:00:00,6016.0,10.8
2021-01-04 16:00:00,6218.0,10.5
2021-01-04 17:00:00,6555.0,9.7
2021-01-04 18:00:00,6729.0,9.0
2021-01-04 19:00:00,6858.0,8.5
2021-01-04 20:00:00,6819.0,8.0
2021-01-04 21:00:00,6750.0,7.3
2021-01-04 22:00:00,6373.0,7.0
2021-01-04 23:00:00,5693.0,6.8
2021-01-05 00:00:00,4966.0,6.6
2021-01-05 01:00:00,4376.0,6.5
2021-01-05 02:00:00,4023.0,6.3
2021-01-05 03:00:00,3802.0,6.1
2021-01-05 04:00:00,3740.0,5.9
2021-01-05 05:00:00,3676.0,5.7
2021-01-05 06:00:00,3853.0,5.8
2021-01-05 07:00:00,4551.0,5.7
2021-01-05 08:00:00,5392.0,5.8
2021-01-05 09:00:00,6317.0,6.1
2021-01-05 10:00:00,6729.0,6.5
2021-01-05 11:00:00,7025.0,6.8
2021-01-05 12:00:00,6902.0,6.5
2021-01-05 13:00:00,6866.0,6.3
2021-01-05 14:00:00,6780.0,5.8
2021-01-05 15:00:00,6747.0,5.6
2021-01-05 16:00:00,6894.0,5.2
2021-01-05 17:00:00,7231.0,4.9
2021-01-05 18:00:00,7302.0,4.6
2021-01-05 19:00:00,7320.0,4.5
2021-01-05 20:00:00,7274.0,4.6
2021-01-05 21:00:00,7182.0,4.5
2021-01-05 22:00:00,6715.0,4.4
2021-01-05 23:00:00,5968.0,4.2
2021-01-06 00:00:00,5239.0,4.1
2021-01-06 01:00:00,4587.0,4.0
2021-01-06 02:00:00,4203.0,3.8
2021-01-06 03:00:00,3957.0,3.9
2021-01-06 04:00:00,3880.0,3.8
2021-01-06 05:00:00,3841.0,3.7
2021-01-06 06:00:00,4003.0,3.5
2021-01-06 07:00:00,4719.0,3.4
2021-01-06 08:00:00,5583.0,3.4
2021-01-06 09:00:00,6604.0,3.5
2021-01-06 10:00:00,7091.0,3.7
2021-01-06 11:00:00,7341.0,3.6
2021-01-06 12:00:00,7207.0,3.7
2021-01-06 13:00:00,7196.0,3.5
2021-01-06 14:00:00,7120.0,2.7
2021-01-06 15:00:00,7055.0,2.7
2021-01-06 16:00:00,7180.0,2.5
2021-01-06 17:00:00,7506.0,2.4
2021-01-06 18:00:00,7563.0,2.4
2021-01-06 19:00:00,7580.0,2.5
2021-01-06 20:00:00,7540.0,2.7
2021-01-06 21:00:00,7432.0,2.8
2021-01-06 22:00:00,6970.0,2.9
2021-01-06 23:00:00,6201.0,2.8
2021-01-07 00:00:00,5463.0,2.4
2021-01-07 01:00:00,4802.0,2.3
2021-01-07 02:00:00,4404.0,2.3
2021-01-07 03:00:00,4166.0,2.2
2021-01-07 04:00:00,4039.0,2.0
2021-01-07 05:00:00,4023.0,1.7
2021-01-07 06:00:00,4180.0,1.6
2021-01-07 07:00:00,4943.0,1.5
2021-01-07 08:00:00,5913.0,1.0
2021-01-07 09:00:00,7066.0,0.4
2021-01-07 10:00:00,7567.0,0.0
2021-01-07 11:00:00,7847.0,0.2
2021-01-07 12:00:00,7684.0,0.1
2021-01-07 13:00:00,7622.0,0.3
2021-01-07 14:00:00,7447.0,0.6
2021-01-07 15:00:00,7315.0,0.4
2021-01-07 16:00:00,7422.0,0.2
2021-01-07 17:00:00,7682.0,0.2
2021-01-07 18:00:00,7754.0,0.2
2021-01-07 19:00:00,7946.0,-0.1
2021-01-07 20:00:00,7922.0,-0.4
2021-01-07 21:00:00,7864.0,-0.6
2021-01-07 22:00:00,7452.0,-0.8
2021-01-07 23:00:00,6661.0,-1.0
2021-01-08 00:00:00,5830.0,-1.2
2021-01-08 01:00:00,5103.0,-1.4
2021-01-08 02:00:00,4648.0,-1.4
2021-01-08 03:00:00,4422.0,-1.5
2021-01-08 04:00:00,4289.0,-1.6
2021-01-08 05:00:00,4237.0,-1.7
2021-01-08 06:00:00,4380.0,-1.9
2021-01-08 07:00:00,5171.0,-2.5
2021-01-08 08:00:00,6080.0,-2.9
2021-01-08 09:00:00,6915.0,-1.3
2021-01-08 10:00:00,7089.0,0.8
2021-01-08 11:00:00,7204.0,1.9
2021-01-08 12:00:00,6912.0,3.4
2021-01-08 13:00:00,6756.0,4.4
2021-01-08 14:00:00,6565.0,5.1
2021-01-08 15:00:00,6403.0,5.6
2021-01-08 16:00:00,6485.0,5.6
2021-01-08 17:00:00,6962.0,4.5
2021-01-08 18:00:00,7271.0,2.5
2021-01-08 19:00:00,7626.0,1.2
2021-01-08 20:00:00,7673.0,0.2
2021-01-08 21:00:00,7642.0,0.1
2021-01-08 22:00:00,7445.0,-0.6
2021-01-08 23:00:00,6773.0,-1.7
2021-01-09 00:00:00,5935.0,-2.3
2021-01-09 01:00:00,5153.0,-2.3
2021-01-09 02:00:00,4698.0,-2.1
2021-01-09 03:00:00,4406.0,-2.5
2021-01-09 04:00:00,4248.0,-3.6
2021-01-09 05:00:00,4181.0,-3.6
2021-01-09 06:00:00,4288.0,-3.6
2021-01-09 07:00:00,4642.0,-5.1
2021-01-09 08:00:00,5551.0,-4.8
2021-01-09 09:00:00,6448.0,-0.8
2021-01-09 10:00:00,6716.0,2.0
2021-01-09 11:00:00,6864.0,3.9
2021-01-09 12:00:00,6617.0,5.4
2021-01-09 13:00:00,6513.0,6.9
2021-01-09 14:00:00,6653.0,6.8
2021-01-09 15:00:00,6650.0,6.2
2021-01-09 16:00:00,6762.0,5.7
2021-01-09 17:00:00,7191.0,5.3
2021-01-09 18:00:00,7380.0,4.8
2021-01-09 19:00:00,7446.0,4.5
2021-01-09 20:00:00,7383.0,4.6
2021-01-09 21:00:00,7337.0,4.3
2021-01-09 22:00:00,7032.0,4.1
2021-01-09 23:00:00,6395.0,3.9
2021-01-10 00:00:00,5585.0,3.9
2021-01-10 01:00:00,4892.0,3.9
2021-01-10 02:00:00,4458.0,3.7
2021-01-10 03:00:00,4180.0,3.0
2021-01-10 04:00:00,4036.0,2.7
2021-01-10 05:00:00,3961.0,2.4
2021-01-10 06:00:00,4045.0,2.1
2021-01-10 07:00:00,4364.0,1.8
2021-01-10 08:00:00,5188.0,1.8
2021-01-10 09:00:00,6192.0,3.0
2021-01-10 10:00:00,6654.0,3.8
2021-01-10 11:00:00,7074.0,4.6
2021-01-10 12:00:00,6994.0,4.9
2021-01-10 13:00:00,6787.0,5.1
2021-01-10 14:00:00,6697.0,5.5
2021-01-10 15:00:00,6620.0,5.7
2021-01-10 16:00:00,6720.0,5.5
2021-01-10 17:00:00,7124.0,5.1
2021-01-10 18:00:00,7291.0,4.7
2021-01-10 19:00:00,7404.0,4.6
2021-01-10 20:00:00,7408.0,4.4
2021-01-10 21:00:00,7338.0,4.4
2021-01-10 22:00:00,6879.0,4.4
2021-01-10 23:00:00,6115.0,4.1
2021-01-11 00:00:00,5307.0,3.9
2021-01-11 01:00:00,4663.0,3.6
2021-01-11 02:00:00,4230.0,3.5
2021-01-11 03:00:00,4011.0,3.4
2021-01-11 04:00:00,3897.0,3.7
2021-01-11 05:00:00,3868.0,3.5
2021-01-11 06:00:00,4068.0,3.3
2021-01-11 07:00:00,4839.0,3.0
2021-01-11 08:00:00,5675.0,3.0
2021-01-11 09:00:00,6663.0,3.2
2021-01-11 10:00:00,6840.0,5.5
2021-01-11 11:00:00,6868.0,7.0
2021-01-11 12:00:00,6537.0,8.2
2021-01-11 13:00:00,6375.0,8.9
2021-01-11 14:00:00,6251.0,9.3
2021-01-11 15:00:00,6125.0,9.8
2021-01-11 16:00:00,6253.0,9.0
2021-01-11 17:00:00,6546.0,8.4
2021-01-11 18:00:00,6882.0,6.4
2021-01-11 19:00:00,7233.0,4.8
2021-01-11 20:00:00,7270.0,4.3
2021-01-11 21:00:00,7259.0,3.9
2021-01-11 22:00:00,6921.0,3.5
2021-01-11 23:00:00,6192.0,1.8
2021-01-12 00:00:00,5379.0,1.6
2021-01-12 01:00:00,4725.0,-0.3
2021-01-12 02:00:00,4358.0,-1.2
2021-01-12 03:00:00,4094.0,-1.6
2021-01-12 04:00:00,4014.0,-1.8
2021-01-12 05:00:00,3973.0,-2.4
2021-01-12 06:00:00,4094.0,-2.5
2021-01-12 07:00:00,4910.0,-2.4
2021-01-12 08:00:00,5752.0,-1.5
2021-01-12 09:00:00,6580.0,1.3
2021-01-12 10:00:00,6749.0,4.5
2021-01-12 11:00:00,6789.0,7.7
2021-01-12 12:00:00,6410.0,10.3
2021-01-12 13:00:00,6109.0,12.1
2021-01-12 14:00:00,5946.0,13.3
2021-01-12 15:00:00,5820.0,13.5
2021-01-12 16:00:00,5917.0,13.5
2021-01-12 17:00:00,6290.0,12.3
2021-01-12 18:00:00,6536.0,10.1
2021-01-12 19:00:00,6932.0,8.8
2021-01-12 20:00:00,7015.0,7.6
2021-01-12 21:00:00,6952.0,6.6
2021-01-12 22:00:00,6651.0,6.1
2021-01-12 23:00:00,5936.0,5.4
2021-01-13 00:00:00,5154.0,4.4
2021-01-13 01:00:00,4517.0,2.4
2021-01-13 02:00:00,4152.0,1.8
2021-01-13 03:00:00,3944.0,1.5
2021-01-13 04:00:00,3838.0,1.4
2021-01-13 05:00:00,3798.0,0.8
2021-01-13 06:00:00,3965.0,1.0
2021-01-13 07:00:00,4720.0,1.5
2021-01-13 08:00:00,5540.0,1.8
2021-01-13 09:00:00,6298.0,5.2
2021-01-13 10:00:00,6412.0,8.5
2021-01-13 11:00:00,6423.0,11.4
2021-01-13 12:00:00,5995.0,14.2
2021-01-13 13:00:00,5744.0,16.0
2021-01-13 14:00:00,5596.0,17.2
2021-01-13 15:00:00,5460.0,18.3
2021-01-13 16:00:00,5539.0,18.2
2021-01-13 17:00:00,5869.0,17.1
2021-01-13 18:00:00,6184.0,14.7
2021-01-13 19:00:00,6514.0,12.9
2021-01-13 20:00:00,6549.0,11.2
2021-01-13 21:00:00,6531.0,9.4
2021-01-13 22:00:00,6205.0,8.6
2021-01-13 23:00:00,5557.0,7.4
2021-01-14 00:00:00,4860.0,6.7
2021-01-14 01:00:00,4276.0,5.5
2021-01-14 02:00:00,3919.0,5.7
2021-01-14 03:00:00,3718.0,5.7
2021-01-14 04:00:00,3628.0,5.0
2021-01-14 05:00:00,3611.0,4.3
2021-01-14 06:00:00,3773.0,3.5
2021-01-14 07:00:00,4516.0,3.2
2021-01-14 08:00:00,5275.0,3.3
2021-01-14 09:00:00,5943.0,6.2
2021-01-14 10:00:00,6004.0,9.0
2021-01-14 11:00:00,5988.0,12.5
2021-01-14 12:00:00,5572.0,17.1
2021-01-14 13:00:00,5349.0,19.0
2021-01-14 14:00:00,5200.0,20.1
2021-01-14 15:00:00,5097.0,20.7
2021-01-14 16:00:00,5175.0,20.4
2021-01-14 17:00:00,5563.0,19.6
2021-01-14 18:00:00,5826.0,17.0
2021-01-14 19:00:00,6120.0,14.4
2021-01-14 20:00:00,6144.0,13.0
2021-01-14 21:00:00,6107.0,12.0
2021-01-14 22:00:00,5781.0,10.7
2021-01-14 23:00:00,5224.0,9.3
2021-01-15 00:00:00,4622.0,8.6
2021-01-15 01:00:00,4092.0,7.4
2021-01-15 02:00:00,3748.0,7.0
2021-01-15 03:00:00,3533.0,7.3
2021-01-15 04:00:00,3445.0,6.8
2021-01-15 05:00:00,3441.0,7.0
2021-01-15 06:00:00,3610.0,5.8
2021-01-15 07:00:00,4303.0,4.7
2021-01-15 08:00:00,5083.0,4.8
2021-01-15 09:00:00,5713.0,7.8
2021-01-15 10:00:00,5792.0,10.4
2021-01-15 11:00:00,5749.0,13.9
2021-01-15 12:00:00,5400.0,16.1
2021-01-15 13:00:00,5138.0,17.9
2021-01-15 14:00:00,5085.0,19.3
2021-01-15 15:00:00,5030.0,19.5
2021-01-15 16:00:00,5093.0,19.3
2021-01-15 17:00:00,5458.0,18.0
2021-01-15 18:00:00,5627.0,15.5
2021-01-15 19:00:00,5855.0,13.8
2021-01-15 20:00:00,5882.0,12.7
2021-01-15 21:00:00,5758.0,12.1
2021-01-15 22:00:00,5593.0,11.9
2021-01-15 23:00:00,5077.0,10.1
2021-01-16 00:00:00,4531.0,10.0
2021-01-16 01:00:00,4011.0,9.0
2021-01-16 02:00:00,3688.0,7.5
2021-01-16 03:00:00,3466.0,7.8
2021-01-16 04:00:00,3424.0,6.9
2021-01-16 05:00:00,3387.0,5.5
2021-01-16 06:00:00,3492.0,5.1
2021-01-16 07:00:00,3853.0,6.0
2021-01-16 08:00:00,4716.0,6.3
2021-01-16 09:00:00,5580.0,6.9
2021-01-16 10:00:00,5970.0,7.4
2021-01-16 11:00:00,6270.0,7.9
2021-01-16 12:00:00,6147.0,8.1
2021-01-16 13:00:00,5916.0,8.8
2021-01-16 14:00:00,5900.0,8.9
2021-01-16 15:00:00,5753.0,8.9
2021-01-16 16:00:00,5871.0,9.1
2021-01-16 17:00:00,6241.0,9.1
2021-01-16 18:00:00,6343.0,8.5
2021-01-16 19:00:00,6404.0,8.3
2021-01-16 20:00:00,6339.0,8.1
2021-01-16 21:00:00,6241.0,8.0
2021-01-16 22:00:00,5938.0,7.9
2021-01-16 23:00:00,5329.0,7.6
2021-01-17 00:00:00,4747.0,6.9
2021-01-17 01:00:00,4200.0,6.3
2021-01-17 02:00:00,3831.0,5.8
2021-01-17 03:00:00,3599.0,5.6
2021-01-17 04:00:00,3537.0,5.6
2021-01-17 05:00:00,3470.0,5.5
2021-01-17 06:00:00,3562.0,5.3
2021-01-17 07:00:00,3891.0,5.0
2021-01-17 08:00:00,4646.0,5.1
2021-01-17 09:00:00,5430.0,5.9
2021-01-17 10:00:00,5654.0,7.4
2021-01-17 11:00:00,5863.0,8.7
2021-01-17 12:00:00,5654.0,10.1
2021-01-17 13:00:00,5365.0,10.5
2021-01-17 14:00:00,5268.0,11.2
2021-01-17 15:00:00,5125.0,11.2
2021-01-17 16:00:00,5304.0,10.8
2021-01-17 17:00:00,5754.0,9.7
2021-01-17 18:00:00,6002.0,8.0
2021-01-17 19:00:00,6269.0,6.8
2021-01-17 20:00:00,6305.0,6.0
2021-01-17 21:00:00,6348.0,5.1
2021-01-17 22:00:00,5855.0,4.7
2021-01-17 23:00:00,5211.0,2.7
2021-01-18 00:00:00,4633.0,3.0
2021-01-18 01:00:00,4086.0,1.7
2021-01-18 02:00:00,3766.0,0.9
2021-01-18 03:00:00,3557.0,-0.3
2021-01-18 04:00:00,3518.0,-1.0
2021-01-18 05:00:00,3446.0,-1.0
2021-01-18 06:00:00,3661.0,-0.7
2021-01-18 07:00:00,4363.0,-1.3
2021-01-18 08:00:00,5238.0,-1.4
2021-01-18 09:00:00,5987.0,2.1
2021-01-18 10:00:00,6111.0,6.1
2021-01-18 11:00:00,6217.0,8.9
2021-01-18 12:00:00,5807.0,11.0
2021-01-18 13:00:00,5563.0,12.1
2021-01-18 14:00:00,5459.0,13.4
2021-01-18 15:00:00,5285.0,13.9
2021-01-18 16:00:00,5416.0,14.4
2021-01-18 17:00:00,5766.0,13.3
2021-01-18 18:00:00,5983.0,11.5
2021-01-18 19:00:00,6250.0,10.2
2021-01-18 20:00:00,6291.0,8.5
2021-01-18 21:00:00,6267.0,7.2
2021-01-18 22:00:00,5939.0,5.4
2021-01-18 23:00:00,5296.0,4.4
2021-01-19 00:00:00,4699.0,3.8
2021-01-19 01:00:00,4126.0,3.5
2021-01-19 02:00:00,3808.0,3.0
2021-01-19 03:00:00,3621.0,3.4
2021-01-19 04:00:00,3531.0,3.1
2021-01-19 05:00:00,3503.0,1.9
2021-01-19 06:00:00,3645.0,1.5
2021-01-19 07:00:00,4357.0,2.1
2021-01-19 08:00:00,5140.0,2.5
2021-01-19 09:00:00,5792.0,3.9
2021-01-19 10:00:00,5913.0,7.4
2021-01-19 11:00:00,5982.0,12.1
2021-01-19 12:00:00,5600.0,15.4
2021-01-19 13:00:00,5351.0,16.0
2021-01-19 14:00:00,5274.0,16.7
2021-01-19 15:00:00,5104.0,17.6
2021-01-19 16:00:00,5219.0,17.6
2021-01-19 17:00:00,5563.0,16.4
2021-01-19 18:00:00,5753.0,14.0
2021-01-19 19:00:00,6072.0,11.5
2021-01-19 20:00:00,6075.0,10.2
2021-01-19 21:00:00,6058.0,9.8
2021-01-19 22:00:00,5767.0,9.6
2021-01-19 23:00:00,5132.0,9.4
2021-01-20 00:00:00,4511.0,9.4
2021-01-20 01:00:00,3988.0,10.6
2021-01-20 02:00:00,3641.0,10.0
2021-01-20 03:00:00,3428.0,10.1
2021-01-20 04:00:00,3334.0,9.7
2021-01-20 05:00:00,3329.0,8.0
2021-01-20 06:00:00,3484.0,7.7
2021-01-20 07:00:00,4063.0,8.4
2021-01-20 08:00:00,4877.0,8.1
2021-01-20 09:00:00,5586.0,8.9
2021-01-20 10:00:00,5842.0,10.6
2021-01-20 11:00:00,6040.0,11.8
2021-01-20 12:00:00,5849.0,12.5
2021-01-20 13:00:00,5803.0,12.8
2021-01-20 14:00:00,5684.0,13.2
2021-01-20 15:00:00,5612.0,13.5
2021-01-20 16:00:00,5758.0,13.1
2021-01-20 17:00:00,6066.0,12.3
2021-01-20 18:00:00,6063.0,11.9
2021-01-20 19:00:00,6119.0,11.3
2021-01-20 20:00:00,6121.0,10.8
2021-01-20 21:00:00,6048.0,10.4
2021-01-20 22:00:00,5653.0,9.9
2021-01-20 23:00:00,5053.0,9.6
2021-01-21 00:00:00,4512.0,9.2
2021-01-21 01:00:00,4001.0,8.2
2021-01-21 02:00:00,3658.0,8.1
2021-01-21 03:00:00,3466.0,7.9
2021-01-21 04:00:00,3335.0,7.7
2021-01-21 05:00:00,3306.0,7.6
2021-01-21 06:00:00,3488.0,7.7
2021-01-21 07:00:00,4066.0,7.6
2021-01-21 08:00:00,4844.0,7.8
2021-01-21 09:00:00,5744.0,8.3
2021-01-21 10:00:00,6083.0,8.5
2021-01-21 11:00:00,6362.0,8.9
2021-01-21 12:00:00,6055.0,9.6
2021-01-21 13:00:00,5897.0,11.0
2021-01-21 14:00:00,5819.0,12.4
2021-01-21 15:00:00,5744.0,11.1
2021-01-21 16:00:00,5813.0,9.4
2021-01-21 17:00:00,6205.0,8.9
2021-01-21 18:00:00,6301.0,8.9
2021-01-21 19:00:00,6330.0,8.4
2021-01-21 20:00:00,6294.0,8.3
2021-01-21 21:00:00,6198.0,8.1
2021-01-21 22:00:00,5769.0,7.7
2021-01-21 23:00:00,5180.0,7.5
2021-01-22 00:00:00,4567.0,7.0
2021-01-22 01:00:00,4013.0,6.8
2021-01-22 02:00:00,3705.0,6.8
2021-01-22 03:00:00,3492.0,6.8
2021-01-22 04:00:00,3365.0,6.5
2021-01-22 05:00:00,3351.0,6.5
2021-01-22 06:00:00,3548.0,6.6
2021-01-22 07:00:00,4015.0,6.6
2021-01-22 08:00:00,4938.0,6.7
2021-01-22 09:00:00,5733.0,7.0
2021-01-22 10:00:00,6121.0,7.5
2021-01-22 11:00:00,6280.0,8.2
2021-01-22 12:00:00,6072.0,9.0
2021-01-22 13:00:00,5941.0,9.2
2021-01-22 14:00:00,5840.0,9.4
2021-01-22 15:00:00,5718.0,9.7
2021-01-22 16:00:00,5721.0,9.7
2021-01-22 17:00:00,6115.0,9.6
2021-01-22 18:00:00,6083.0,9.3
2021-01-22 19:00:00,6166.0,9.0
2021-01-22 20:00:00,6067.0,9.0
2021-01-22 21:00:00,5980.0,8.9
2021-01-22 22:00:00,5682.0,8.5
2021-01-22 23:00:00,5168.0,8.6
2021-01-23 00:00:00,4620.0,8.4
2021-01-23 01:00:00,4027.0,8.5
2021-01-23 02:00:00,3685.0,7.7
2021-01-23 03:00:00,3463.0,7.3
2021-01-23 04:00:00,3338.0,6.3
2021-01-23 05:00:00,3293.0,6.1
2021-01-23 06:00:00,3422.0,5.6
2021-01-23 07:00:00,3786.0,5.8
2021-01-23 08:00:00,4618.0,6.2
2021-01-23 09:00:00,5474.0,6.3
2021-01-23 10:00:00,5739.0,6.9
2021-01-23 11:00:00,5913.0,7.6
2021-01-23 12:00:00,5614.0,8.8
2021-01-23 13:00:00,5397.0,10.8
2021-01-23 14:00:00,5240.0,12.3
2021-01-23 15:00:00,5017.0,13.0
2021-01-23 16:00:00,5084.0,13.8
2021-01-23 17:00:00,5422.0,13.4
2021-01-23 18:00:00,5621.0,11.1
2021-01-23 19:00:00,5840.0,9.4
2021-01-23 20:00:00,5806.0,8.7
2021-01-23 21:00:00,5811.0,8.5
2021-01-23 22:00:00,5558.0,7.8
2021-01-23 23:00:00,5063.0,6.9
2021-01-24 00:00:00,4522.0,6.6
2021-01-24 01:00:00,3977.0,6.4
2021-01-24 02:00:00,3612.0,5.6
2021-01-24 03:00:00,3402.0,5.6
2021-01-24 04:00:00,3284.0,5.0
2021-01-24 05:00:00,3262.0,4.7
2021-01-24 06:00:00,3362.0,2.4
2021-01-24 07:00:00,3667.0,3.0
2021-01-24 08:00:00,4433.0,3.0
2021-01-24 09:00:00,5157.0,4.0
2021-01-24 10:00:00,5427.0,5.3
2021-01-24 11:00:00,5607.0,6.3
2021-01-24 12:00:00,5372.0,10.0
2021-01-24 13:00:00,5160.0,12.1
2021-01-24 14:00:00,5154.0,13.5
2021-01-24 15:00:00,5079.0,13.7
2021-01-24 16:00:00,5238.0,12.7
2021-01-24 17:00:00,5675.0,11.0
2021-01-24 18:00:00,5869.0,9.6
2021-01-24 19:00:00,5957.0,8.9
2021-01-24 20:00:00,5925.0,8.5
2021-01-24 21:00:00,5866.0,8.2
2021-01-24 22:00:00,5570.0,8.1
2021-01-24 23:00:00,4978.0,8.0
2021-01-25 00:00:00,4404.0,8.0
2021-01-25 01:00:00,3836.0,8.0
2021-01-25 02:00:00,3519.0,8.0
2021-01-25 03:00:00,3320.0,7.9
2021-01-25 04:00:00,3202.0,7.9
2021-01-25 05:00:00,3220.0,7.9
2021-01-25 06:00:00,3347.0,8.1
2021-01-25 07:00:00,3784.0,8.2
2021-01-25 08:00:00,4656.0,8.2
2021-01-25 09:00:00,5700.0,8.4
2021-01-25 10:00:00,6203.0,7.8
2021-01-25 11:00:00,6596.0,7.5
2021-01-25 12:00:00,6411.0,7.5
2021-01-25 13:00:00,6353.0,7.0
2021-01-25 14:00:00,6286.0,6.8
2021-01-25 15:00:00,6154.0,6.5
2021-01-25 16:00:00,6305.0,6.2
2021-01-25 17:00:00,6570.0,5.9
2021-01-25 18:00:00,6457.0,5.7
2021-01-25 19:00:00,6452.0,5.8
2021-01-25 20:00:00,6451.0,5.6
2021-01-25 21:00:00,6304.0,5.4
2021-01-25 22:00:00,5918.0,5.4
2021-01-25 23:00:00,5263.0,5.2
2021-01-26 00:00:00,4678.0,5.1
2021-01-26 01:00:00,4115.0,4.9
2021-01-26 02:00:00,3775.0,4.6
2021-01-26 03:00:00,3535.0,4.3
2021-01-26 04:00:00,3449.0,4.0
2021-01-26 05:00:00,3357.0,3.7
2021-01-26 06:00:00,3507.0,3.7
2021-01-26 07:00:00,3987.0,3.3
2021-01-26 08:00:00,4893.0,3.0
2021-01-26 09:00:00,5793.0,4.1
2021-01-26 10:00:00,6119.0,5.2
2021-01-26 11:00:00,6301.0,6.9
2021-01-26 12:00:00,6039.0,8.1
2021-01-26 13:00:00,5891.0,9.5
2021-01-26 14:00:00,5871.0,9.4
2021-01-26 15:00:00,5774.0,9.4
2021-01-26 16:00:00,5810.0,8.9
2021-01-26 17:00:00,6123.0,8.3
2021-01-26 18:00:00,6179.0,7.8
2021-01-26 19:00:00,6312.0,7.6
2021-01-26 20:00:00,6234.0,7.5
2021-01-26 21:00:00,6179.0,7.4
2021-01-26 22:00:00,5888.0,7.2
2021-01-26 23:00:00,5267.0,7.0
2021-01-27 00:00:00,4618.0,6.8
2021-01-27 01:00:00,4002.0,6.4
2021-01-27 02:00:00,3672.0,6.2
2021-01-27 03:00:00,3476.0,6.1
2021-01-27 04:00:00,3330.0,6.0
2021-01-27 05:00:00,3288.0,6.0
2021-01-27 06:00:00,3414.0,6.1
2021-01-27 07:00:00,3855.0,6.2
2021-01-27 08:00:00,4724.0,6.2
2021-01-27 09:00:00,5775.0,6.2
2021-01-27 10:00:00,6274.0,6.6
2021-01-27 11:00:00,6574.0,6.6
2021-01-27 12:00:00,6451.0,6.7
2021-01-27 13:00:00,6260.0,6.6
2021-01-27 14:00:00,6206.0,6.7
2021-01-27 15:00:00,6130.0,6.7
2021-01-27 16:00:00,6153.0,6.3
2021-01-27 17:00:00,6436.0,6.3
2021-01-27 18:00:00,6394.0,6.2
2021-01-27 19:00:00,6472.0,6.3
2021-01-27 20:00:00,6381.0,6.3
2021-01-27 21:00:00,6269.0,6.3
2021-01-27 22:00:00,5859.0,6.3
2021-01-27 23:00:00,5268.0,6.4
2021-01-28 00:00:00,4648.0,6.4
2021-01-28 01:00:00,4036.0,6.5
2021-01-28 02:00:00,3738.0,6.4
2021-01-28 03:00:00,3475.0,6.3
2021-01-28 04:00:00,3343.0,5.9
2021-01-28 05:00:00,3309.0,5.0
2021-01-28 06:00:00,3484.0,4.7
2021-01-28 07:00:00,3900.0,3.8
2021-01-28 08:00:00,4816.0,4.0
2021-01-28 09:00:00,5654.0,4.7
2021-01-28 10:00:00,5910.0,4.8
2021-01-28 11:00:00,6000.0,5.9
2021-01-28 12:00:00,5700.0,8.1
2021-01-28 13:00:00,5386.0,10.4
2021-01-28 14:00:00,5316.0,12.2
2021-01-28 15:00:00,5096.0,12.9
2021-01-28 16:00:00,5178.0,13.2
2021-01-28 17:00:00,5524.0,12.4
2021-01-28 18:00:00,5690.0,10.3
2021-01-28 19:00:00,5982.0,8.7
2021-01-28 20:00:00,6012.0,7.5
2021-01-28 21:00:00,5987.0,7.0
2021-01-28 22:00:00,5699.0,6.3
2021-01-28 23:00:00,5166.0,6.2
2021-01-29 00:00:00,4580.0,5.6
2021-01-29 01:00:00,3943.0,5.1
2021-01-29 02:00:00,3580.0,4.8
2021-01-29 03:00:00,3397.0,4.1
2021-01-29 04:00:00,3281.0,3.5
2021-01-29 05:00:00,3258.0,2.6
2021-01-29 06:00:00,3378.0,1.2
2021-01-29 07:00:00,3831.0,0.7
2021-01-29 08:00:00,4736.0,1.6
2021-01-29 09:00:00,5511.0,3.4
2021-01-29 10:00:00,5658.0,7.2
2021-01-29 11:00:00,5694.0,10.2
2021-01-29 12:00:00,5440.0,13.0
2021-01-29 13:00:00,5090.0,14.0
2021-01-29 14:00:00,5003.0,15.7
2021-01-29 15:00:00,4936.0,16.0
2021-01-29 16:00:00,5086.0,15.3
2021-01-29 17:00:00,5435.0,14.1
2021-01-29 18:00:00,5522.0,13.5
2021-01-29 19:00:00,5698.0,13.2
2021-01-29 20:00:00,5684.0,12.4
2021-01-29 21:00:00,5583.0,11.5
2021-01-29 22:00:00,5358.0,10.8
2021-01-29 23:00:00,4905.0,10.4
2021-01-30 00:00:00,4373.0,9.8
2021-01-30 01:00:00,3797.0,9.5
2021-01-30 02:00:00,3460.0,9.4
2021-01-30 03:00:00,3243.0,9.3
2021-01-30 04:00:00,3115.0,9.4
2021-01-30 05:00:00,3088.0,9.1
2021-01-30 06:00:00,3156.0,8.9
2021-01-30 07:00:00,3434.0,8.8
2021-01-30 08:00:00,4160.0,8.9
2021-01-30 09:00:00,4915.0,9.1
2021-01-30 10:00:00,5268.0,9.4
2021-01-30 11:00:00,5529.0,10.0
2021-01-30 12:00:00,5429.0,10.5
2021-01-30 13:00:00,5199.0,10.7
2021-01-30 14:00:00,5157.0,10.9
2021-01-30 15:00:00,5054.0,11.1
2021-01-30 16:00:00,5063.0,11.1
2021-01-30 17:00:00,5417.0,11.0
2021-01-30 18:00:00,5510.0,10.6
2021-01-30 19:00:00,5598.0,10.4
2021-01-30 20:00:00,5496.0,10.3
2021-01-30 21:00:00,5445.0,10.2
2021-01-30 22:00:00,5249.0,10.0
2021-01-30 23:00:00,4698.0,9.8
2021-01-31 00:00:00,4225.0,9.7
2021-01-31 01:00:00,3680.0,9.6
2021-01-31 02:00:00,3355.0,9.5
2021-01-31 03:00:00,3145.0,9.4
2021-01-31 04:00:00,3050.0,9.0
2021-01-31 05:00:00,2985.0,9.2
2021-01-31 06:00:00,3064.0,9.3
2021-01-31 07:00:00,3303.0,8.4
2021-01-31 08:00:00,4007.0,8.1
2021-01-31 09:00:00,4777.0,8.3
2021-01-31 10:00:00,5174.0,8.5
2021-01-31 11:00:00,5466.0,8.4
2021-01-31 12:00:00,5323.0,9.1
2021-01-31 13:00:00,5022.0,10.1
2021-01-31 14:00:00,4973.0,10.7
2021-01-31 15:00:00,4762.0,11.0
2021-01-31 16:00:00,4915.0,11.2
2021-01-31 17:00:00,5328.0,10.5
2021-01-31 18:00:00,5356.0,10.2
2021-01-31 19:00:00,5522.0,9.8
2021-01-31 20:00:00,5411.0,9.6
2021-01-31 21:00:00,5436.0,9.4
2021-01-31 22:00:00,5165.0,9.3
2021-01-31 23:00:00,4673.0,9.2
2021-02-01 00:00:00,4138.0,9.1
2021-02-01 01:00:00,3606.0,8.9
2021-02-01 02:00:00,3271.0,8.8
2021-02-01 03:00:00,3078.0,8.6
2021-02-01 04:00:00,2996.0,8.6
2021-02-01 05:00:00,2977.0,8.5
2021-02-01 06:00:00,3062.0,8.6
2021-02-01 07:00:00,3432.0,8.4
2021-02-01 08:00:00,4269.0,8.2
2021-02-01 09:00:00,5214.0,8.1
2021-02-01 10:00:00,5598.0,8.8
2021-02-01 11:00:00,5855.0,8.8
2021-02-01 12:00:00,5650.0,9.4
2021-02-01 13:00:00,5362.0,9.7
2021-02-01 14:00:00,5249.0,10.9
2021-02-01 15:00:00,5026.0,11.1
2021-02-01 16:00:00,5020.0,11.1
2021-02-01 17:00:00,5224.0,10.9
2021-02-01 18:00:00,5332.0,10.2
2021-02-01 19:00:00,5574.0,9.5
2021-02-01 20:00:00,5532.0,9.1
2021-02-01 21:00:00,5510.0,8.6
2021-02-01 22:00:00,5309.0,7.9
2021-02-01 23:00:00,4780.0,7.2
2021-02-02 00:00:00,4226.0,6.7
2021-02-02 01:00:00,3660.0,6.4
2021-02-02 02:00:00,3345.0,5.8
2021-02-02 03:00:00,3140.0,7.1
2021-02-02 04:00:00,3040.0,7.4
2021-02-02 05:00:00,3014.0,6.9
2021-02-02 06:00:00,3120.0,5.7
2021-02-02 07:00:00,3535.0,5.9
2021-02-02 08:00:00,4361.0,5.9
2021-02-02 09:00:00,5147.0,6.0
2021-02-02 10:00:00,5406.0,7.6
2021-02-02 11:00:00,5575.0,8.5
2021-02-02 12:00:00,5222.0,9.7
2021-02-02 13:00:00,4843.0,12.2
2021-02-02 14:00:00,4878.0,13.5
2021-02-02 15:00:00,4806.0,13.5
2021-02-02 16:00:00,5025.0,13.0
2021-02-02 17:00:00,5452.0,11.1
2021-02-02 18:00:00,5525.0,10.3
2021-02-02 19:00:00,5632.0,9.6
2021-02-02 20:00:00,5595.0,8.9
2021-02-02 21:00:00,5521.0,8.8
2021-02-02 22:00:00,5214.0,8.5
2021-02-02 23:00:00,4665.0,8.1
2021-02-03 00:00:00,4142.0,8.0
2021-02-03 01:00:00,3601.0,8.1
2021-02-03 02:00:00,3300.0,7.9
2021-02-03 03:00:00,3086.0,7.5
2021-02-03 04:00:00,2980.0,7.4
2021-02-03 05:00:00,2962.0,7.8
2021-02-03 06:00:00,3062.0,7.4
2021-02-03 07:00:00,3423.0,7.3
2021-02-03 08:00:00,4214.0,7.6
2021-02-03 09:00:00,4985.0,7.6
2021-02-03 10:00:00,5233.0,8.1
2021-02-03 11:00:00,5469.0,9.3
2021-02-03 12:00:00,5274.0,10.7
2021-02-03 13:00:00,5050.0,11.6
2021-02-03 14:00:00,5044.0,12.5
2021-02-03 15:00:00,4944.0,11.6
2021-02-03 16:00:00,5125.0,10.8
2021-02-03 17:00:00,5351.0,10.8
2021-02-03 18:00:00,5397.0,10.7
2021-02-03 19:00:00,5514.0,10.6
2021-02-03 20:00:00,5431.0,10.6
2021-02-03 21:00:00,5392.0,10.4
2021-02-03 22:00:00,5091.0,10.4
2021-02-03 23:00:00,4573.0,10.3
2021-02-04 00:00:00,4073.0,10.3
2021-02-04 01:00:00,3533.0,10.3
2021-02-04 02:00:00,3261.0,10.1
2021-02-04 03:00:00,3031.0,9.9
2021-02-04 04:00:00,2944.0,9.8
2021-02-04 05:00:00,2876.0,9.8
2021-02-04 06:00:00,2998.0,9.7
2021-02-04 07:00:00,3326.0,9.8
2021-02-04 08:00:00,4109.0,9.8
2021-02-04 09:00:00,4892.0,10.0
2021-02-04 10:00:00,5183.0,10.6
2021-02-04 11:00:00,5403.0,11.2
2021-02-04 12:00:00,5327.0,12.2
2021-02-04 13:00:00,5028.0,12.4
2021-02-04 14:00:00,5046.0,12.3
2021-02-04 15:00:00,4842.0,11.8
2021-02-04 16:00:00,4950.0,11.4
2021-02-04 17:00:00,5226.0,11.1
2021-02-04 18:00:00,5310.0,10.8
2021-02-04 19:00:00,5325.0,10.5
2021-02-04 20:00:00,5279.0,10.3
2021-02-04 21:00:00,5264.0,10.2
2021-02-04 22:00:00,5016.0,10.0
2021-02-04 23:00:00,4560.0,9.8
2021-02-05 00:00:00,4075.0,9.4
2021-02-05 01:00:00,3519.0,9.1
2021-02-05 02:00:00,3174.0,8.9
2021-02-05 03:00:00,2977.0,8.9
2021-02-05 04:00:00,2885.0,8.9
2021-02-05 05:00:00,2838.0,8.8
2021-02-05 06:00:00,2938.0,8.4
2021-02-05 07:00:00,3263.0,8.1
2021-02-05 08:00:00,4051.0,8.0
2021-02-05 09:00:00,4886.0,7.9
2021-02-05 10:00:00,5291.0,7.6
2021-02-05 11:00:00,5597.0,7.4
2021-02-05 12:00:00,5450.0,7.7
2021-02-05 13:00:00,5223.0,7.8
2021-02-05 14:00:00,5168.0,7.5
2021-02-05 15:00:00,5045.0,7.5
2021-02-05 16:00:00,5035.0,7.8
2021-02-05 17:00:00,5310.0,7.5
2021-02-05 18:00:00,5104.0,7.5
2021-02-05 19:00:00,5204.0,7.4
2021-02-05 20:00:00,5138.0,7.2
2021-02-05 21:00:00,5171.0,7.2
2021-02-05 22:00:00,4995.0,7.4
2021-02-05 23:00:00,4558.0,7.4
2021-02-06 00:00:00,4099.0,7.1
2021-02-06 01:00:00,3541.0,6.7
2021-02-06 02:00:00,3159.0,6.2
2021-02-06 03:00:00,2965.0,6.4
2021-02-06 04:00:00,2850.0,6.6
2021-02-06 05:00:00,2794.0,6.8
2021-02-06 06:00:00,2846.0,6.7
2021-02-06 07:00:00,3125.0,6.6
2021-02-06 08:00:00,3826.0,6.3
2021-02-06 09:00:00,4481.0,6.8
2021-02-06 10:00:00,4769.0,7.3
2021-02-06 11:00:00,4969.0,8.2
2021-02-06 12:00:00,4729.0,9.4
2021-02-06 13:00:00,4328.0,12.8
2021-02-06 14:00:00,4147.0,14.4
2021-02-06 15:00:00,3957.0,15.8
2021-02-06 16:00:00,3939.0,16.8
2021-02-06 17:00:00,4342.0,16.1
2021-02-06 18:00:00,4571.0,15.1
2021-02-06 19:00:00,4829.0,13.5
2021-02-06 20:00:00,4780.0,13.1
2021-02-06 21:00:00,4814.0,12.4
2021-02-06 22:00:00,4682.0,11.8
2021-02-06 23:00:00,4243.0,11.0
2021-02-07 00:00:00,3775.0,9.9
2021-02-07 01:00:00,3251.0,10.2
2021-02-07 02:00:00,2954.0,10.2
2021-02-07 03:00:00,2809.0,9.6
2021-02-07 04:00:00,2649.0,9.0
2021-02-07 05:00:00,2615.0,8.5
2021-02-07 06:00:00,2685.0,8.1
2021-02-07 07:00:00,2999.0,7.7
2021-02-07 08:00:00,3744.0,8.1
2021-02-07 09:00:00,4255.0,9.1
2021-02-07 10:00:00,4444.0,10.4
2021-02-07 11:00:00,4581.0,12.2
2021-02-07 12:00:00,4389.0,14.8
2021-02-07 13:00:00,4213.0,16.2
2021-02-07 14:00:00,4285.0,14.5
2021-02-07 15:00:00,4238.0,13.4
2021-02-07 16:00:00,4286.0,12.0
2021-02-07 17:00:00,4603.0,12.0
2021-02-07 18:00:00,4676.0,12.2
2021-02-07 19:00:00,4811.0,11.7
2021-02-07 20:00:00,4784.0,11.0
2021-02-07 21:00:00,4776.0,10.7
2021-02-07 22:00:00,4548.0,10.5
2021-02-07 23:00:00,4088.0,10.4
2021-02-08 00:00:00,3683.0,10.4
2021-02-08 01:00:00,3170.0,10.3
2021-02-08 02:00:00,2865.0,10.0
2021-02-08 03:00:00,2674.0,9.7
2021-02-08 04:00:00,2595.0,9.7
2021-02-08 05:00:00,2556.0,9.6
2021-02-08 06:00:00,2626.0,9.6
2021-02-08 07:00:00,2904.0,9.6
2021-02-08 08:00:00,3552.0,9.6
2021-02-08 09:00:00,4184.0,9.8
2021-02-08 10:00:00,4552.0,10.1
2021-02-08 11:00:00,4833.0,9.4
2021-02-08 12:00:00,4858.0,9.2
2021-02-08 13:00:00,4633.0,9.4
2021-02-08 14:00:00,4530.0,9.0
2021-02-08 15:00:00,4389.0,8.4
2021-02-08 16:00:00,4463.0,8.3
2021-02-08 17:00:00,4753.0,7.7
2021-02-08 18:00:00,4839.0,7.4
2021-02-08 19:00:00,4861.0,7.1
2021-02-08 20:00:00,4838.0,7.0
2021-02-08 21:00:00,4755.0,7.0
2021-02-08 22:00:00,4508.0,7.0
2021-02-08 23:00:00,4056.0,7.0
2021-02-09 00:00:00,3641.0,7.1
2021-02-09 01:00:00,3153.0,7.2
2021-02-09 02:00:00,2824.0,7.1
2021-02-09 03:00:00,2630.0,7.1
2021-02-09 04:00:00,2521.0,7.1
2021-02-09 05:00:00,2479.0,7.2
2021-02-09 06:00:00,2547.0,7.2
2021-02-09 07:00:00,2780.0,7.3
2021-02-09 08:00:00,3406.0,7.5
2021-02-09 09:00:00,3977.0,7.6
2021-02-09 10:00:00,4237.0,7.7
2021-02-09 11:00:00,4514.0,8.0
2021-02-09 12:00:00,4606.0,8.2
2021-02-09 13:00:00,4381.0,8.2
2021-02-09 14:00:00,4227.0,8.2
2021-02-09 15:00:00,4044.0,8.7
2021-02-09 16:00:00,4082.0,8.6
2021-02-09 17:00:00,4317.0,8.7
2021-02-09 18:00:00,4406.0,8.6
2021-02-09 19:00:00,4526.0,8.5
2021-02-09 20:00:00,4411.0,8.3
2021-02-09 21:00:00,4383.0,8.3
2021-02-09 22:00:00,4159.0,8.4
2021-02-09 23:00:00,3770.0,8.5
2021-02-10 00:00:00,3410.0,8.5
2021-02-10 01:00:00,2883.0,8.4
2021-02-10 02:00:00,2571.0,8.4
2021-02-10 03:00:00,2379.0,8.2
2021-02-10 04:00:00,2266.0,8.4
2021-02-10 05:00:00,2218.0,8.4
2021-02-10 06:00:00,2276.0,8.4
2021-02-10 07:00:00,2478.0,8.2
2021-02-10 08:00:00,3035.0,8.3
2021-02-10 09:00:00,3600.0,8.4
2021-02-10 10:00:00,3861.0,8.8
2021-02-10 11:00:00,4093.0,9.4
2021-02-10 12:00:00,4123.0,9.6
2021-02-10 13:00:00,3857.0,9.6
2021-02-10 14:00:00,3712.0,10.0
2021-02-10 15:00:00,3582.0,10.2
2021-02-10 16:00:00,3538.0,10.1
2021-02-10 17:00:00,3797.0,10.0
2021-02-10 18:00:00,3804.0,9.9
2021-02-10 19:00:00,3882.0,9.8
2021-02-10 20:00:00,3908.0,9.7
2021-02-10 21:00:00,3877.0,9.7
2021-02-10 22:00:00,3697.0,9.6
2021-02-10 23:00:00,3329.0,9.5
2021-02-11 00:00:00,2960.0,9.5
2021-02-11 01:00:00,2489.0,9.5
2021-02-11 02:00:00,2151.0,9.4
2021-02-11 03:00:00,1953.0,9.4
2021-02-11 04:00:00,1874.0,9.4
2021-02-11 05:00:00,1846.0,9.4
2021-02-11 06:00:00,1932.0,9.4
2021-02-11 07:00:00,2130.0,9.4
2021-02-11 08:00:00,2722.0,9.6
2021-02-11 09:00:00,3145.0,9.9
2021-02-11 10:00:00,3388.0,10.3
2021-02-11 11:00:00,3539.0,11.2
2021-02-11 12:00:00,3368.0,11.3
2021-02-11 13:00:00,3210.0,11.7
2021-02-11 14:00:00,3219.0,10.9
2021-02-11 15:00:00,3207.0,11.9
2021-02-11 16:00:00,3331.0,12.2
2021-02-11 17:00:00,3372.0,11.9
2021-02-11 18:00:00,3230.0,11.5
2021-02-11 19:00:00,3466.0,11.2
2021-02-11 20:00:00,3570.0,10.7
2021-02-11 21:00:00,3469.0,10.3
2021-02-11 22:00:00,3414.0,10.6
2021-02-11 23:00:00,3359.0,10.6
2021-02-12 00:00:00,3256.0,10.4
2021-02-12 01:00:00,2633.0,10.3
2021-02-12 02:00:00,2173.0,10.2
2021-02-12 03:00:00,1927.0,10.3
2021-02-12 04:00:00,1835.0,10.3
2021-02-12 05:00:00,1810.0,10.2
2021-02-12 06:00:00,1848.0,10.1
2021-02-12 07:00:00,2059.0,10.2
2021-02-12 08:00:00,2516.0,10.3
2021-02-12 09:00:00,2673.0,11.0
2021-02-12 10:00:00,2733.0,12.0
2021-02-12 11:00:00,2803.0,14.3
2021-02-12 12:00:00,2653.0,15.8
2021-02-12 13:00:00,2370.0,17.3
2021-02-12 14:00:00,2207.0,17.2
2021-02-12 15:00:00,2175.0,18.7
2021-02-12 16:00:00,2233.0,18.7
2021-02-12 17:00:00,2510.0,18.0
2021-02-12 18:00:00,2586.0,15.5
2021-02-12 19:00:00,2913.0,14.4
2021-02-12 20:00:00,2973.0,13.5
2021-02-12 21:00:00,2972.0,12.7
2021-02-12 22:00:00,2895.0,11.7
2021-02-12 23:00:00,2686.0,10.9
2021-02-13 00:00:00,2467.0,10.7
2021-02-13 01:00:00,2133.0,10.3
2021-02-13 02:00:00,1877.0,10.4
2021-02-13 03:00:00,1734.0,10.3
2021-02-13 04:00:00,1669.0,10.0
2021-02-13 05:00:00,1665.0,9.6
2021-02-13 06:00:00,1688.0,9.4
2021-02-13 07:00:00,1846.0,9.5
2021-02-13 08:00:00,2353.0,9.7
2021-02-13 09:00:00,2636.0,10.0
2021-02-13 10:00:00,2684.0,10.8
2021-02-13 11:00:00,2641.0,15.7
2021-02-13 12:00:00,2356.0,18.2
2021-02-13 13:00:00,2145.0,19.4
2021-02-13 14:00:00,2164.0,18.5
2021-02-13 15:00:00,2132.0,18.8
2021-02-13 16:00:00,2222.0,19.2
2021-02-13 17:00:00,2444.0,18.6
2021-02-13 18:00:00,2515.0,17.9
2021-02-13 19:00:00,2887.0,16.2
2021-02-13 20:00:00,3030.0,14.8
2021-02-13 21:00:00,3035.0,14.8
2021-02-13 22:00:00,2961.0,13.2
2021-02-13 23:00:00,2719.0,13.0
2021-02-14 00:00:00,2499.0,12.1
2021-02-14 01:00:00,2136.0,11.4
2021-02-14 02:00:00,1880.0,11.0
2021-02-14 03:00:00,1706.0,10.6
2021-02-14 04:00:00,1656.0,10.2
2021-02-14 05:00:00,1648.0,9.7
2021-02-14 06:00:00,1696.0,9.2
2021-02-14 07:00:00,1860.0,8.7
2021-02-14 08:00:00,2308.0,9.5
2021-02-14 09:00:00,2554.0,12.0
2021-02-14 10:00:00,2571.0,15.3
2021-02-14 11:00:00,2578.0,16.9
2021-02-14 12:00:00,2304.0,18.5
2021-02-14 13:00:00,2145.0,20.0
2021-02-14 14:00:00,2071.0,20.7
2021-02-14 15:00:00,2091.0,21.0
2021-02-14 16:00:00,2197.0,21.7
2021-02-14 17:00:00,2435.0,21.4
2021-02-14 18:00:00,2559.0,20.2
2021-02-14 19:00:00,2941.0,18.0
2021-02-14 20:00:00,3018.0,17.7
2021-02-14 21:00:00,2996.0,16.0
2021-02-14 22:00:00,2917.0,13.9
2021-02-14 23:00:00,2677.0,12.3
2021-02-15 00:00:00,2475.0,11.9
2021-02-15 01:00:00,2123.0,11.4
2021-02-15 02:00:00,1905.0,10.7
2021-02-15 03:00:00,1764.0,10.5
2021-02-15 04:00:00,1716.0,10.0
2021-02-15 05:00:00,1709.0,9.1
2021-02-15 06:00:00,1760.0,9.6
2021-02-15 07:00:00,1916.0,9.4
2021-02-15 08:00:00,2463.0,9.7
2021-02-15 09:00:00,2688.0,12.7
2021-02-15 10:00:00,2762.0,14.6
2021-02-15 11:00:00,2817.0,17.3
2021-02-15 12:00:00,2598.0,19.6
2021-02-15 13:00:00,2401.0,21.7
2021-02-15 14:00:00,2388.0,23.0
2021-02-15 15:00:00,2412.0,22.8
2021-02-15 16:00:00,2534.0,21.9
2021-02-15 17:00:00,2815.0,19.8
2021-02-15 18:00:00,2952.0,18.2
2021-02-15 19:00:00,3250.0,17.0
2021-02-15 20:00:00,3322.0,16.4
2021-02-15 21:00:00,3270.0,14.3
2021-02-15 22:00:00,3141.0,13.2
2021-02-15 23:00:00,2915.0,11.8
2021-02-16 00:00:00,2699.0,10.6
2021-02-16 01:00:00,2372.0,9.7
2021-02-16 02:00:00,2140.0,9.2
2021-02-16 03:00:00,2019.0,8.7
2021-02-16 04:00:00,1948.0,8.7
2021-02-16 05:00:00,1918.0,8.6
2021-02-16 06:00:00,1975.0,8.7
2021-02-16 07:00:00,2126.0,8.7
2021-02-16 08:00:00,2574.0,8.8
2021-02-16 09:00:00,3081.0,8.9
2021-02-16 10:00:00,3348.0,8.8
2021-02-16 11:00:00,3593.0,8.9
2021-02-16 12:00:00,3494.0,9.0
2021-02-16 13:00:00,3302.0,9.0
2021-02-16 14:00:00,3229.0,9.9
2021-02-16 15:00:00,3217.0,10.3
2021-02-16 16:00:00,3250.0,10.4
2021-02-16 17:00:00,3522.0,10.5
2021-02-16 18:00:00,3565.0,10.3
2021-02-16 19:00:00,3762.0,9.5
2021-02-16 20:00:00,3783.0,8.8
2021-02-16 21:00:00,3747.0,8.5
2021-02-16 22:00:00,3633.0,8.7
2021-02-16 23:00:00,3295.0,8.2
2021-02-17 00:00:00,3020.0,8.3
2021-02-17 01:00:00,2603.0,7.6
2021-02-17 02:00:00,2347.0,7.3
2021-02-17 03:00:00,2197.0,6.7
2021-02-17 04:00:00,2130.0,4.8
2021-02-17 05:00:00,2120.0,5.1
2021-02-17 06:00:00,2151.0,4.3
2021-02-17 07:00:00,2372.0,5.2
2021-02-17 08:00:00,2909.0,6.5
2021-02-17 09:00:00,3360.0,7.8
2021-02-17 10:00:00,3605.0,8.7
2021-02-17 11:00:00,3751.0,9.4
2021-02-17 12:00:00,3411.0,11.2
2021-02-17 13:00:00,3128.0,13.3
2021-02-17 14:00:00,2982.0,15.3
2021-02-17 15:00:00,2918.0,16.9
2021-02-17 16:00:00,3069.0,17.6
2021-02-17 17:00:00,3474.0,17.5
2021-02-17 18:00:00,3537.0,15.7
2021-02-17 19:00:00,3890.0,13.6
2021-02-17 20:00:00,3987.0,13.2
2021-02-17 21:00:00,3986.0,12.7
2021-02-17 22:00:00,3891.0,12.5
2021-02-17 23:00:00,3527.0,12.4
2021-02-18 00:00:00,3193.0,11.1
2021-02-18 01:00:00,2766.0,9.9
2021-02-18 02:00:00,2499.0,9.2
2021-02-18 03:00:00,2322.0,8.5
2021-02-18 04:00:00,2268.0,8.1
2021-02-18 05:00:00,2242.0,6.7
2021-02-18 06:00:00,2267.0,6.6
2021-02-18 07:00:00,2595.0,6.4
2021-02-18 08:00:00,3248.0,7.0
2021-02-18 09:00:00,3684.0,9.6
2021-02-18 10:00:00,3773.0,13.2
2021-02-18 11:00:00,3862.0,14.9
2021-02-18 12:00:00,3654.0,16.5
2021-02-18 13:00:00,3466.0,18.0
2021-02-18 14:00:00,3311.0,19.5
2021-02-18 15:00:00,3312.0,20.0
2021-02-18 16:00:00,3381.0,19.1
2021-02-18 17:00:00,3776.0,18.6
2021-02-18 18:00:00,3909.0,17.8
2021-02-18 19:00:00,4116.0,17.0
2021-02-18 20:00:00,4184.0,16.1
2021-02-18 21:00:00,4159.0,13.5
2021-02-18 22:00:00,4006.0,12.4
2021-02-18 23:00:00,3631.0,11.6
2021-02-19 00:00:00,3287.0,10.6
2021-02-19 01:00:00,2825.0,10.6
2021-02-19 02:00:00,2577.0,10.7
2021-02-19 03:00:00,2425.0,9.5
2021-02-19 04:00:00,2351.0,7.2
2021-02-19 05:00:00,2321.0,6.4
2021-02-19 06:00:00,2405.0,6.2
2021-02-19 07:00:00,2736.0,6.3
2021-02-19 08:00:00,3429.0,7.2
2021-02-19 09:00:00,3871.0,10.7
2021-02-19 10:00:00,4027.0,13.9
2021-02-19 11:00:00,4104.0,17.0
2021-02-19 12:00:00,3897.0,19.1
2021-02-19 13:00:00,3605.0,19.6
2021-02-19 14:00:00,3516.0,21.1
2021-02-19 15:00:00,3413.0,21.3
2021-02-19 16:00:00,3572.0,21.9
2021-02-19 17:00:00,3916.0,21.4
2021-02-19 18:00:00,3989.0,20.3
2021-02-19 19:00:00,4293.0,17.7
2021-02-19 20:00:00,4281.0,15.7
2021-02-19 21:00:00,4296.0,14.0
2021-02-19 22:00:00,4089.0,12.8
2021-02-19 23:00:00,3709.0,11.6
2021-02-20 00:00:00,3370.0,10.8
2021-02-20 01:00:00,2938.0,9.9
2021-02-20 02:00:00,2649.0,9.4
2021-02-20 03:00:00,2525.0,8.3
2021-02-20 04:00:00,2440.0,7.9
2021-02-20 05:00:00,2414.0,7.0
2021-02-20 06:00:00,2464.0,6.9
2021-02-20 07:00:00,2819.0,6.3
2021-02-20 08:00:00,3476.0,7.8
2021-02-20 09:00:00,3945.0,12.3
2021-02-20 10:00:00,4020.0,16.3
2021-02-20 11:00:00,4132.0,18.9
2021-02-20 12:00:00,3912.0,20.9
2021-02-20 13:00:00,3629.0,22.4
2021-02-20 14:00:00,3568.0,23.8
2021-02-20 15:00:00,3480.0,24.4
2021-02-20 16:00:00,3555.0,24.5
2021-02-20 17:00:00,3918.0,23.7
2021-02-20 18:00:00,4006.0,21.8
2021-02-20 19:00:00,4283.0,19.9
2021-02-20 20:00:00,4284.0,18.9
2021-02-20 21:00:00,4178.0,16.0
2021-02-20 22:00:00,4028.0,14.8
2021-02-20 23:00:00,3614.0,14.3
2021-02-21 00:00:00,3320.0,13.2
2021-02-21 01:00:00,2916.0,12.1
2021-02-21 02:00:00,2665.0,10.8
2021-02-21 03:00:00,2505.0,9.9
2021-02-21 04:00:00,2438.0,10.3
2021-02-21 05:00:00,2404.0,10.6
2021-02-21 06:00:00,2464.0,10.0
2021-02-21 07:00:00,2732.0,9.5
2021-02-21 08:00:00,3332.0,10.2
2021-02-21 09:00:00,3736.0,14.2
2021-02-21 10:00:00,3871.0,16.0
2021-02-21 11:00:00,4038.0,20.2
2021-02-21 12:00:00,3853.0,22.5
2021-02-21 13:00:00,3581.0,23.8
2021-02-21 14:00:00,3536.0,25.1
2021-02-21 15:00:00,3476.0,25.9
2021-02-21 16:00:00,3600.0,25.9
2021-02-21 17:00:00,3940.0,24.9
2021-02-21 18:00:00,4025.0,23.2
2021-02-21 19:00:00,4270.0,21.1
2021-02-21 20:00:00,4251.0,20.2
2021-02-21 21:00:00,4161.0,19.6
2021-02-21 22:00:00,3955.0,19.1
2021-02-21 23:00:00,3582.0,17.9
2021-02-22 00:00:00,3264.0,17.6
2021-02-22 01:00:00,2855.0,17.1
2021-02-22 02:00:00,2613.0,16.9
2021-02-22 03:00:00,2473.0,16.9
2021-02-22 04:00:00,2415.0,16.3
2021-02-22 05:00:00,2393.0,16.5
2021-02-22 06:00:00,2461.0,16.0
2021-02-22 07:00:00,2813.0,16.2
2021-02-22 08:00:00,3442.0,17.2
2021-02-22 09:00:00,3899.0,18.3
2021-02-22 10:00:00,4063.0,19.8
2021-02-22 11:00:00,4228.0,21.9
2021-02-22 12:00:00,4029.0,23.7
2021-02-22 13:00:00,3719.0,25.7
2021-02-22 14:00:00,3683.0,26.5
2021-02-22 15:00:00,3648.0,27.4
2021-02-22 16:00:00,3757.0,27.3
2021-02-22 17:00:00,4174.0,26.7
2021-02-22 18:00:00,4182.0,24.9
2021-02-22 19:00:00,4412.0,22.5
2021-02-22 20:00:00,4291.0,20.9
2021-02-22 21:00:00,4192.0,20.0
2021-02-22 22:00:00,3993.0,19.3
2021-02-22 23:00:00,3612.0,19.0
2021-02-23 00:00:00,3311.0,18.7
2021-02-23 01:00:00,2932.0,17.8
2021-02-23 02:00:00,2684.0,17.0
2021-02-23 03:00:00,2538.0,16.6
2021-02-23 04:00:00,2481.0,16.9
2021-02-23 05:00:00,2430.0,14.9
2021-02-23 06:00:00,2524.0,15.5
2021-02-23 07:00:00,2891.0,13.8
2021-02-23 08:00:00,3540.0,14.3
2021-02-23 09:00:00,3934.0,17.2
2021-02-23 10:00:00,4075.0,19.6
2021-02-23 11:00:00,4205.0,20.5
2021-02-23 12:00:00,4022.0,22.1
2021-02-23 13:00:00,3737.0,23.0
2021-02-23 14:00:00,3736.0,24.1
2021-02-23 15:00:00,3704.0,25.9
2021-02-23 16:00:00,3809.0,25.9
2021-02-23 17:00:00,4081.0,23.2
2021-02-23 18:00:00,4211.0,21.6
2021-02-23 19:00:00,4457.0,19.8
2021-02-23 20:00:00,4301.0,18.1
2021-02-23 21:00:00,4236.0,16.8
2021-02-23 22:00:00,4023.0,16.3
2021-02-23 23:00:00,3655.0,15.5
2021-02-24 00:00:00,3352.0,15.0
2021-02-24 01:00:00,2958.0,14.2
2021-02-24 02:00:00,2745.0,13.7
2021-02-24 03:00:00,2612.0,13.4
2021-02-24 04:00:00,2498.0,13.5
2021-02-24 05:00:00,2469.0,13.7
2021-02-24 06:00:00,2564.0,13.0
2021-02-24 07:00:00,2898.0,12.7
2021-02-24 08:00:00,3549.0,12.7
2021-02-24 09:00:00,4133.0,12.7
2021-02-24 10:00:00,4324.0,13.5
2021-02-24 11:00:00,4557.0,13.5
2021-02-24 12:00:00,4384.0,13.5
2021-02-24 13:00:00,4102.0,14.5
2021-02-24 14:00:00,4043.0,15.8
2021-02-24 15:00:00,4018.0,15.6
2021-02-24 16:00:00,4053.0,15.9
2021-02-24 17:00:00,4351.0,15.9
2021-02-24 18:00:00,4400.0,15.4
2021-02-24 19:00:00,4590.0,14.9
2021-02-24 20:00:00,4497.0,14.9
2021-02-24 21:00:00,4403.0,14.6
2021-02-24 22:00:00,4172.0,12.8
2021-02-24 23:00:00,3786.0,12.4
2021-02-25 00:00:00,3454.0,12.2
2021-02-25 01:00:00,3080.0,11.9
2021-02-25 02:00:00,2858.0,11.1
2021-02-25 03:00:00,2699.0,10.3
2021-02-25 04:00:00,2618.0,9.4
2021-02-25 05:00:00,2586.0,9.0
2021-02-25 06:00:00,2690.0,8.8
2021-02-25 07:00:00,3044.0,8.0
2021-02-25 08:00:00,3765.0,7.8
2021-02-25 09:00:00,4535.0,8.2
2021-02-25 10:00:00,4937.0,8.0
2021-02-25 11:00:00,5288.0,8.0
2021-02-25 12:00:00,5197.0,7.6
2021-02-25 13:00:00,5040.0,7.0
2021-02-25 14:00:00,4953.0,6.7
2021-02-25 15:00:00,4916.0,6.9
2021-02-25 16:00:00,5017.0,6.8
2021-02-25 17:00:00,5357.0,6.5
2021-02-25 18:00:00,5268.0,6.3
2021-02-25 19:00:00,5374.0,6.0
2021-02-25 20:00:00,5253.0,5.8
2021-02-25 21:00:00,5087.0,5.8
2021-02-25 22:00:00,4792.0,5.5
2021-02-25 23:00:00,4339.0,5.5
2021-02-26 00:00:00,3898.0,5.3
2021-02-26 01:00:00,3443.0,5.2
2021-02-26 02:00:00,3168.0,5.1
2021-02-26 03:00:00,2974.0,5.0
2021-02-26 04:00:00,2877.0,4.9
2021-02-26 05:00:00,2848.0,4.8
2021-02-26 06:00:00,2930.0,4.9
2021-02-26 07:00:00,3280.0,4.9
2021-02-26 08:00:00,4066.0,5.0
2021-02-26 09:00:00,4956.0,5.3
2021-02-26 10:00:00,5413.0,5.3
2021-02-26 11:00:00,5817.0,5.2
2021-02-26 12:00:00,5652.0,5.3
2021-02-26 13:00:00,5441.0,5.1
2021-02-26 14:00:00,5383.0,5.3
2021-02-26 15:00:00,5339.0,5.6
2021-02-26 16:00:00,5414.0,5.5
2021-02-26 17:00:00,5664.0,5.4
2021-02-26 18:00:00,5430.0,5.4
2021-02-26 19:00:00,5518.0,5.4
2021-02-26 20:00:00,5420.0,5.4
2021-02-26 21:00:00,5399.0,5.3
2021-02-26 22:00:00,5201.0,5.4
2021-02-26 23:00:00,4705.0,5.5
2021-02-27 00:00:00,4194.0,5.5
2021-02-27 01:00:00,3637.0,5.6
2021-02-27 02:00:00,3309.0,5.8
2021-02-27 03:00:00,3094.0,5.8
2021-02-27 04:00:00,2990.0,5.9
2021-02-27 05:00:00,2917.0,5.9
2021-02-27 06:00:00,3004.0,6.0
2021-02-27 07:00:00,3332.0,6.1
2021-02-27 08:00:00,4037.0,6.2
2021-02-27 09:00:00,4785.0,6.5
2021-02-27 10:00:00,5220.0,6.8
2021-02-27 11:00:00,5523.0,7.7
2021-02-27 12:00:00,5410.0,7.9
2021-02-27 13:00:00,5180.0,8.9
2021-02-27 14:00:00,5094.0,9.1
2021-02-27 15:00:00,4928.0,9.8
2021-02-27 16:00:00,5080.0,9.6
2021-02-27 17:00:00,5493.0,9.2
2021-02-27 18:00:00,5485.0,9.1
2021-02-27 19:00:00,5545.0,8.7
2021-02-27 20:00:00,5502.0,8.6
2021-02-27 21:00:00,5512.0,8.5
2021-02-27 22:00:00,5226.0,8.1
2021-02-27 23:00:00,4751.0,8.0
2021-02-28 00:00:00,4226.0,8.0
2021-02-28 01:00:00,3697.0,8.0
2021-02-28 02:00:00,3358.0,7.9
2021-02-28 03:00:00,3138.0,8.0
2021-02-28 04:00:00,3033.0,8.0
2021-02-28 05:00:00,2969.0,8.0
2021-02-28 06:00:00,3041.0,8.0
2021-02-28 07:00:00,3303.0,8.1
2021-02-28 08:00:00,3980.0,8.2
2021-02-28 09:00:00,4736.0,8.5
2021-02-28 10:00:00,5143.0,9.1
2021-02-28 11:00:00,5453.0,10.0
2021-02-28 12:00:00,5313.0,10.8
2021-02-28 13:00:00,5121.0,11.5
2021-02-28 14:00:00,5097.0,11.5
2021-02-28 15:00:00,4967.0,11.5
2021-02-28 16:00:00,5068.0,11.6
2021-02-28 17:00:00,5441.0,11.4
2021-02-28 18:00:00,5483.0,11.0
2021-02-28 19:00:00,5556.0,10.8
2021-02-28 20:00:00,5542.0,10.6
2021-02-28 21:00:00,5503.0,10.5
2021-02-28 22:00:00,5101.0,10.4
2021-02-28 23:00:00,4535.0,10.3
2021-03-01 00:00:00,4033.0,10.1
2021-03-01 01:00:00,3555.0,9.9
2021-03-01 02:00:00,3228.0,9.9
2021-03-01 03:00:00,3048.0,9.8
2021-03-01 04:00:00,2964.0,9.7
2021-03-01 05:00:00,2955.0,9.6
2021-03-01 06:00:00,3100.0,9.4
2021-03-01 07:00:00,3756.0,9.3
2021-03-01 08:00:00,4449.0,9.2
2021-03-01 09:00:00,5333.0,9.0
2021-03-01 10:00:00,5787.0,9.0
2021-03-01 11:00:00,6129.0,9.0
2021-03-01 12:00:00,5970.0,8.9
2021-03-01 13:00:00,5876.0,8.7
2021-03-01 14:00:00,5835.0,8.5
2021-03-01 15:00:00,5687.0,8.6
2021-03-01 16:00:00,5754.0,8.7
2021-03-01 17:00:00,6039.0,8.7
2021-03-01 18:00:00,5883.0,8.6
2021-03-01 19:00:00,5962.0,8.6
2021-03-01 20:00:00,5924.0,8.8
2021-03-01 21:00:00,5843.0,8.7
2021-03-01 22:00:00,5443.0,8.5
2021-03-01 23:00:00,4803.0,8.3
2021-03-02 00:00:00,4280.0,8.1
2021-03-02 01:00:00,3735.0,7.6
2021-03-02 02:00:00,3459.0,6.8
2021-03-02 03:00:00,3255.0,6.3
2021-03-02 04:00:00,3192.0,5.7
2021-03-02 05:00:00,3112.0,5.1
2021-03-02 06:00:00,3283.0,4.7
2021-03-02 07:00:00,4045.0,4.4
2021-03-02 08:00:00,4607.0,5.5
2021-03-02 09:00:00,5314.0,6.7
2021-03-02 10:00:00,5570.0,7.8
2021-03-02 11:00:00,5741.0,8.7
2021-03-02 12:00:00,5379.0,10.4
2021-03-02 13:00:00,5249.0,11.0
2021-03-02 14:00:00,5284.0,11.2
2021-03-02 15:00:00,5156.0,10.8
2021-03-02 16:00:00,5166.0,10.3
2021-03-02 17:00:00,5567.0,10.5
2021-03-02 18:00:00,5592.0,10.3
2021-03-02 19:00:00,5831.0,9.7
2021-03-02 20:00:00,5812.0,9.5
2021-03-02 21:00:00,5846.0,9.5
2021-03-02 22:00:00,5453.0,9.3
2021-03-02 23:00:00,4803.0,9.1
2021-03-03 00:00:00,4218.0,8.9
2021-03-03 01:00:00,3704.0,8.7
2021-03-03 02:00:00,3395.0,8.6
2021-03-03 03:00:00,3211.0,8.3
2021-03-03 04:00:00,3106.0,8.0
2021-03-03 05:00:00,3066.0,7.8
2021-03-03 06:00:00,3251.0,7.8
2021-03-03 07:00:00,3875.0,7.9
2021-03-03 08:00:00,4625.0,8.2
2021-03-03 09:00:00,5437.0,8.3
2021-03-03 10:00:00,5782.0,8.4
2021-03-03 11:00:00,6036.0,8.7
2021-03-03 12:00:00,5724.0,9.0
2021-03-03 13:00:00,5482.0,9.6
2021-03-03 14:00:00,5551.0,10.4
2021-03-03 15:00:00,5298.0,10.9
2021-03-03 16:00:00,5392.0,10.5
2021-03-03 17:00:00,5674.0,10.2
2021-03-03 18:00:00,5620.0,9.7
2021-03-03 19:00:00,5756.0,9.2
2021-03-03 20:00:00,5791.0,8.9
2021-03-03 21:00:00,5791.0,8.4
2021-03-03 22:00:00,5442.0,8.2
2021-03-03 23:00:00,4776.0,8.4
2021-03-04 00:00:00,4228.0,8.2
2021-03-04 01:00:00,3720.0,8.0
2021-03-04 02:00:00,3421.0,7.3
2021-03-04 03:00:00,3247.0,6.9
2021-03-04 04:00:00,3141.0,6.4
2021-03-04 05:00:00,3115.0,5.9
2021-03-04 06:00:00,3249.0,5.1
2021-03-04 07:00:00,3941.0,5.3
2021-03-04 08:00:00,4609.0,6.1
2021-03-04 09:00:00,5190.0,7.8
2021-03-04 10:00:00,5383.0,9.8
2021-03-04 11:00:00,5402.0,13.9
2021-03-04 12:00:00,5049.0,15.9
2021-03-04 13:00:00,4870.0,15.2
2021-03-04 14:00:00,5084.0,14.6
2021-03-04 15:00:00,4997.0,14.2
2021-03-04 16:00:00,5040.0,14.0
2021-03-04 17:00:00,5427.0,13.9
2021-03-04 18:00:00,5456.0,13.2
2021-03-04 19:00:00,5576.0,12.8
2021-03-04 20:00:00,5602.0,12.3
2021-03-04 21:00:00,5589.0,12.2
2021-03-04 22:00:00,5226.0,11.6
2021-03-04 23:00:00,4688.0,10.9
2021-03-05 00:00:00,4195.0,10.7
2021-03-05 01:00:00,3735.0,10.5
2021-03-05 02:00:00,3439.0,10.4
2021-03-05 03:00:00,3203.0,10.5
2021-03-05 04:00:00,3114.0,10.5
2021-03-05 05:00:00,3069.0,10.5
2021-03-05 06:00:00,3210.0,10.5
2021-03-05 07:00:00,3828.0,10.6
2021-03-05 08:00:00,4476.0,10.6
2021-03-05 09:00:00,5250.0,10.9
2021-03-05 10:00:00,5617.0,11.0
2021-03-05 11:00:00,5861.0,11.3
2021-03-05 12:00:00,5624.0,11.4
2021-03-05 13:00:00,5469.0,11.4
2021-03-05 14:00:00,5489.0,11.3
2021-03-05 15:00:00,5269.0,11.5
2021-03-05 16:00:00,5312.0,11.8
2021-03-05 17:00:00,5575.0,11.9
2021-03-05 18:00:00,5432.0,11.8
2021-03-05 19:00:00,5584.0,11.8
2021-03-05 20:00:00,5565.0,11.8
2021-03-05 21:00:00,5509.0,11.7
2021-03-05 22:00:00,5228.0,11.6
2021-03-05 23:00:00,4792.0,11.6
2021-03-06 00:00:00,4268.0,11.5
2021-03-06 01:00:00,3729.0,11.5
2021-03-06 02:00:00,3404.0,11.4
2021-03-06 03:00:00,3180.0,11.4
2021-03-06 04:00:00,3064.0,11.5
2021-03-06 05:00:00,3022.0,11.5
2021-03-06 06:00:00,3110.0,11.3
2021-03-06 07:00:00,3434.0,11.0
2021-03-06 08:00:00,4167.0,11.0
2021-03-06 09:00:00,4948.0,11.5
2021-03-06 10:00:00,5285.0,11.9
2021-03-06 11:00:00,5556.0,12.4
2021-03-06 12:00:00,5322.0,12.8
2021-03-06 13:00:00,5072.0,13.3
2021-03-06 14:00:00,5171.0,12.4
2021-03-06 15:00:00,5049.0,12.4
2021-03-06 16:00:00,5200.0,12.2
2021-03-06 17:00:00,5667.0,10.4
2021-03-06 18:00:00,5648.0,9.3
2021-03-06 19:00:00,5740.0,8.9
2021-03-06 20:00:00,5667.0,8.4
2021-03-06 21:00:00,5656.0,8.1
2021-03-06 22:00:00,5400.0,7.8
2021-03-06 23:00:00,4891.0,7.5
2021-03-07 00:00:00,4376.0,7.4
2021-03-07 01:00:00,3826.0,7.2
2021-03-07 02:00:00,3492.0,7.0
2021-03-07 03:00:00,3284.0,6.6
2021-03-07 04:00:00,3157.0,6.4
2021-03-07 05:00:00,3088.0,6.3
2021-03-07 06:00:00,3195.0,6.1
2021-03-07 07:00:00,3515.0,6.1
2021-03-07 08:00:00,4249.0,5.9
2021-03-07 09:00:00,5038.0,5.9
2021-03-07 10:00:00,5533.0,6.2
2021-03-07 11:00:00,5866.0,6.6
2021-03-07 12:00:00,5723.0,7.2
2021-03-07 13:00:00,5486.0,7.4
2021-03-07 14:00:00,5449.0,7.6
2021-03-07 15:00:00,5369.0,7.3
2021-03-07 16:00:00,5538.0,6.8
2021-03-07 17:00:00,5913.0,6.6
2021-03-07 18:00:00,5933.0,6.9
2021-03-07 19:00:00,5985.0,7.0
2021-03-07 20:00:00,6040.0,6.8
2021-03-07 21:00:00,5977.0,6.9
2021-03-07 22:00:00,5536.0,6.9
2021-03-07 23:00:00,4904.0,6.9
2021-03-08 00:00:00,4344.0,6.8
2021-03-08 01:00:00,3778.0,6.7
2021-03-08 02:00:00,3480.0,6.7
2021-03-08 03:00:00,3239.0,6.8
2021-03-08 04:00:00,3161.0,6.9
2021-03-08 05:00:00,3112.0,6.8
2021-03-08 06:00:00,3306.0,6.9
2021-03-08 07:00:00,3982.0,6.9
2021-03-08 08:00:00,4712.0,7.1
2021-03-08 09:00:00,5654.0,7.3
2021-03-08 10:00:00,6146.0,7.2
2021-03-08 11:00:00,6425.0,7.2
2021-03-08 12:00:00,6113.0,7.6
2021-03-08 13:00:00,5972.0,8.3
2021-03-08 14:00:00,5871.0,8.6
2021-03-08 15:00:00,5714.0,9.0
2021-03-08 16:00:00,5791.0,9.1
2021-03-08 17:00:00,6052.0,8.9
2021-03-08 18:00:00,5933.0,8.7
2021-03-08 19:00:00,6069.0,8.6
2021-03-08 20:00:00,6024.0,8.6
2021-03-08 21:00:00,5965.0,8.6
2021-03-08 22:00:00,5591.0,8.6
2021-03-08 23:00:00,4995.0,8.5
2021-03-09 00:00:00,4423.0,8.4
2021-03-09 01:00:00,3875.0,8.4
2021-03-09 02:00:00,3559.0,8.4
2021-03-09 03:00:00,3339.0,8.5
2021-03-09 04:00:00,3232.0,8.5
2021-03-09 05:00:00,3189.0,8.5
2021-03-09 06:00:00,3346.0,8.5
2021-03-09 07:00:00,4053.0,8.5
2021-03-09 08:00:00,4736.0,8.7
2021-03-09 09:00:00,5478.0,9.1
2021-03-09 10:00:00,5836.0,9.5
2021-03-09 11:00:00,6089.0,10.3
2021-03-09 12:00:00,5843.0,10.8
2021-03-09 13:00:00,5726.0,10.8
2021-03-09 14:00:00,5681.0,10.7
2021-03-09 15:00:00,5608.0,10.6
2021-03-09 16:00:00,5734.0,10.1
2021-03-09 17:00:00,5989.0,9.7
2021-03-09 18:00:00,5894.0,9.6
2021-03-09 19:00:00,6154.0,9.5
2021-03-09 20:00:00,6098.0,9.4
2021-03-09 21:00:00,6093.0,9.4
2021-03-09 22:00:00,5672.0,9.3
2021-03-09 23:00:00,4999.0,9.2
2021-03-10 00:00:00,4418.0,9.0
2021-03-10 01:00:00,3868.0,9.1
2021-03-10 02:00:00,3536.0,9.1
2021-03-10 03:00:00,3316.0,9.0
2021-03-10 04:00:00,3238.0,9.0
2021-03-10 05:00:00,3205.0,8.9
2021-03-10 06:00:00,3341.0,9.0
2021-03-10 07:00:00,4032.0,9.1
2021-03-10 08:00:00,4726.0,9.2
2021-03-10 09:00:00,5548.0,9.5
2021-03-10 10:00:00,5920.0,9.7
2021-03-10 11:00:00,6238.0,10.1
2021-03-10 12:00:00,5921.0,10.5
2021-03-10 13:00:00,5825.0,10.6
2021-03-10 14:00:00,5730.0,10.8
2021-03-10 15:00:00,5654.0,10.3
2021-03-10 16:00:00,5719.0,10.2
2021-03-10 17:00:00,6015.0,10.2
2021-03-10 18:00:00,5941.0,10.3
2021-03-10 19:00:00,6117.0,10.1
2021-03-10 20:00:00,6116.0,10.1
2021-03-10 21:00:00,6036.0,10.1
2021-03-10 22:00:00,5572.0,10.1
2021-03-10 23:00:00,4955.0,10.1
2021-03-11 00:00:00,4372.0,10.0
2021-03-11 01:00:00,3856.0,10.0
2021-03-11 02:00:00,3538.0,10.0
2021-03-11 03:00:00,3345.0,10.0
2021-03-11 04:00:00,3235.0,9.8
2021-03-11 05:00:00,3199.0,9.8
2021-03-11 06:00:00,3354.0,9.8
2021-03-11 07:00:00,4051.0,9.8
2021-03-11 08:00:00,4734.0,9.8
2021-03-11 09:00:00,5460.0,10.0
2021-03-11 10:00:00,5759.0,10.3
2021-03-11 11:00:00,5934.0,10.7
2021-03-11 12:00:00,5671.0,11.7
2021-03-11 13:00:00,5532.0,11.7
2021-03-11 14:00:00,5501.0,11.6
2021-03-11 15:00:00,5345.0,11.8
2021-03-11 16:00:00,5352.0,12.1
2021-03-11 17:00:00,5661.0,12.4
2021-03-11 18:00:00,5580.0,12.1
2021-03-11 19:00:00,5814.0,11.7
2021-03-11 20:00:00,5791.0,11.5
2021-03-11 21:00:00,5836.0,11.2
2021-03-11 22:00:00,5502.0,11.0
2021-03-11 23:00:00,4875.0,10.8
2021-03-12 00:00:00,4325.0,10.5
2021-03-12 01:00:00,3792.0,10.5
2021-03-12 02:00:00,3486.0,9.7
2021-03-12 03:00:00,3276.0,9.7
2021-03-12 04:00:00,3191.0,9.8
2021-03-12 05:00:00,3138.0,9.3
2021-03-12 06:00:00,3311.0,8.7
2021-03-12 07:00:00,4076.0,8.8
2021-03-12 08:00:00,4624.0,10.0
2021-03-12 09:00:00,5035.0,11.2
2021-03-12 10:00:00,5152.0,12.6
2021-03-12 11:00:00,5298.0,14.9
2021-03-12 12:00:00,4893.0,16.4
2021-03-12 13:00:00,4657.0,17.4
2021-03-12 14:00:00,4638.0,18.9
2021-03-12 15:00:00,4559.0,19.1
2021-03-12 16:00:00,4637.0,18.4
2021-03-12 17:00:00,4998.0,18.1
2021-03-12 18:00:00,5023.0,17.6
2021-03-12 19:00:00,5321.0,16.0
2021-03-12 20:00:00,5293.0,15.1
2021-03-12 21:00:00,5282.0,14.6
2021-03-12 22:00:00,5117.0,14.3
2021-03-12 23:00:00,4688.0,13.7
2021-03-13 00:00:00,4175.0,13.5
2021-03-13 01:00:00,3668.0,13.4
2021-03-13 02:00:00,3352.0,13.4
2021-03-13 03:00:00,3141.0,12.8
2021-03-13 04:00:00,3056.0,12.4
2021-03-13 05:00:00,2999.0,12.3
2021-03-13 06:00:00,3106.0,12.2
2021-03-13 07:00:00,3544.0,12.2
2021-03-13 08:00:00,4159.0,12.2
2021-03-13 09:00:00,4755.0,13.3
2021-03-13 10:00:00,5036.0,14.0
2021-03-13 11:00:00,5301.0,14.4
2021-03-13 12:00:00,5029.0,15.2
2021-03-13 13:00:00,4752.0,16.3
2021-03-13 14:00:00,4650.0,17.8
2021-03-13 15:00:00,4557.0,17.7
2021-03-13 16:00:00,4693.0,17.8
2021-03-13 17:00:00,5021.0,17.6
2021-03-13 18:00:00,4993.0,17.0
2021-03-13 19:00:00,5193.0,16.4
2021-03-13 20:00:00,5139.0,16.1
2021-03-13 21:00:00,5104.0,16.2
2021-03-13 22:00:00,4875.0,15.6
2021-03-13 23:00:00,4479.0,15.2
2021-03-14 00:00:00,4039.0,15.2
2021-03-14 01:00:00,3556.0,14.3
2021-03-14 02:00:00,3241.0,13.5
2021-03-14 03:00:00,3064.0,13.4
2021-03-14 04:00:00,2959.0,13.8
2021-03-14 05:00:00,2939.0,13.5
2021-03-14 06:00:00,3016.0,13.5
2021-03-14 07:00:00,3429.0,13.4
2021-03-14 08:00:00,3967.0,13.6
2021-03-14 09:00:00,4434.0,15.9
2021-03-14 10:00:00,4564.0,18.5
2021-03-14 11:00:00,4752.0,20.2
2021-03-14 12:00:00,4422.0,21.3
2021-03-14 13:00:00,4181.0,23.1
2021-03-14 14:00:00,4261.0,22.1
2021-03-14 15:00:00,4109.0,22.7
2021-03-14 16:00:00,4237.0,22.6
2021-03-14 17:00:00,4591.0,22.1
2021-03-14 18:00:00,4642.0,21.0
2021-03-14 19:00:00,4884.0,19.2
2021-03-14 20:00:00,4896.0,18.1
2021-03-14 21:00:00,4916.0,17.2
2021-03-14 22:00:00,4573.0,17.1
2021-03-14 23:00:00,4123.0,17.0
2021-03-15 00:00:00,3703.0,17.1
2021-03-15 01:00:00,3266.0,16.4
2021-03-15 02:00:00,2989.0,16.2
2021-03-15 03:00:00,2869.0,15.8
2021-03-15 04:00:00,2760.0,15.5
2021-03-15 05:00:00,2707.0,16.3
2021-03-15 06:00:00,2921.0,16.3
2021-03-15 07:00:00,3583.0,16.6
2021-03-15 08:00:00,4124.0,17.6
2021-03-15 09:00:00,4584.0,18.5
2021-03-15 10:00:00,4837.0,19.4
2021-03-15 11:00:00,5004.0,19.9
2021-03-15 12:00:00,4622.0,21.7
2021-03-15 13:00:00,4419.0,22.6
2021-03-15 14:00:00,4470.0,24.6
2021-03-15 15:00:00,4479.0,25.0
2021-03-15 16:00:00,4687.0,24.1
2021-03-15 17:00:00,5035.0,22.3
2021-03-15 18:00:00,4944.0,20.1
2021-03-15 19:00:00,5101.0,19.0
2021-03-15 20:00:00,5039.0,18.7
2021-03-15 21:00:00,4947.0,18.6
2021-03-15 22:00:00,4571.0,18.5
2021-03-15 23:00:00,4150.0,18.6
2021-03-16 00:00:00,3691.0,18.7
2021-03-16 01:00:00,3336.0,18.5
2021-03-16 02:00:00,3090.0,18.5
2021-03-16 03:00:00,2924.0,18.3
2021-03-16 04:00:00,2861.0,18.1
2021-03-16 05:00:00,2852.0,18.0
2021-03-16 06:00:00,3010.0,18.0
2021-03-16 07:00:00,3619.0,17.9
2021-03-16 08:00:00,4165.0,18.0
2021-03-16 09:00:00,4691.0,18.4
2021-03-16 10:00:00,4956.0,18.6
2021-03-16 11:00:00,5155.0,18.6
2021-03-16 12:00:00,4817.0,18.7
2021-03-16 13:00:00,4616.0,18.7
2021-03-16 14:00:00,4594.0,19.7
2021-03-16 15:00:00,4521.0,20.1
2021-03-16 16:00:00,4651.0,20.7
2021-03-16 17:00:00,4978.0,19.5
2021-03-16 18:00:00,5010.0,18.9
2021-03-16 19:00:00,5212.0,18.6
2021-03-16 20:00:00,5150.0,18.4
2021-03-16 21:00:00,5026.0,18.2
2021-03-16 22:00:00,4645.0,17.9
2021-03-16 23:00:00,4183.0,17.1
2021-03-17 00:00:00,3811.0,16.7
2021-03-17 01:00:00,3424.0,16.3
2021-03-17 02:00:00,3173.0,15.4
2021-03-17 03:00:00,3010.0,14.2
2021-03-17 04:00:00,2925.0,13.2
2021-03-17 05:00:00,2921.0,12.8
2021-03-17 06:00:00,3064.0,12.4
2021-03-17 07:00:00,3692.0,12.2
2021-03-17 08:00:00,4286.0,12.0
2021-03-17 09:00:00,4856.0,12.4
2021-03-17 10:00:00,5148.0,12.8
2021-03-17 11:00:00,5344.0,13.4
2021-03-17 12:00:00,4985.0,13.6
2021-03-17 13:00:00,4940.0,13.7
2021-03-17 14:00:00,4939.0,13.4
2021-03-17 15:00:00,4861.0,13.3
2021-03-17 16:00:00,4985.0,13.2
2021-03-17 17:00:00,5309.0,13.1
2021-03-17 18:00:00,5209.0,13.2
2021-03-17 19:00:00,5340.0,13.3
2021-03-17 20:00:00,5248.0,13.3
2021-03-17 21:00:00,5157.0,13.4
2021-03-17 22:00:00,4804.0,13.1
2021-03-17 23:00:00,4312.0,13.1
2021-03-18 00:00:00,3897.0,13.1
2021-03-18 01:00:00,3495.0,13.0
2021-03-18 02:00:00,3258.0,12.7
2021-03-18 03:00:00,3082.0,12.7
2021-03-18 04:00:00,2980.0,12.5
2021-03-18 05:00:00,2944.0,12.4
2021-03-18 06:00:00,3155.0,12.4
2021-03-18 07:00:00,3768.0,12.4
2021-03-18 08:00:00,4329.0,12.5
2021-03-18 09:00:00,4849.0,12.9
2021-03-18 10:00:00,5123.0,13.3
2021-03-18 11:00:00,5371.0,13.5
2021-03-18 12:00:00,5043.0,13.7
2021-03-18 13:00:00,4942.0,13.6
2021-03-18 14:00:00,4959.0,13.7
2021-03-18 15:00:00,4934.0,13.5
2021-03-18 16:00:00,5028.0,13.4
2021-03-18 17:00:00,5385.0,13.5
2021-03-18 18:00:00,5335.0,13.3
2021-03-18 19:00:00,5467.0,12.8
2021-03-18 20:00:00,5415.0,12.3
2021-03-18 21:00:00,5397.0,11.9
2021-03-18 22:00:00,4981.0,11.6
2021-03-18 23:00:00,4467.0,11.2
2021-03-19 00:00:00,4020.0,10.9
2021-03-19 01:00:00,3602.0,10.8
2021-03-19 02:00:00,3325.0,10.6
2021-03-19 03:00:00,3163.0,10.5
2021-03-19 04:00:00,3067.0,10.0
2021-03-19 05:00:00,3045.0,9.7
2021-03-19 06:00:00,3246.0,9.5
2021-03-19 07:00:00,3891.0,9.3
2021-03-19 08:00:00,4542.0,9.2
2021-03-19 09:00:00,5307.0,9.2
2021-03-19 10:00:00,5666.0,9.1
2021-03-19 11:00:00,6007.0,8.9
2021-03-19 12:00:00,5713.0,8.7
2021-03-19 13:00:00,5590.0,8.4
2021-03-19 14:00:00,5528.0,8.3
2021-03-19 15:00:00,5483.0,8.3
2021-03-19 16:00:00,5597.0,8.5
2021-03-19 17:00:00,5950.0,8.5
2021-03-19 18:00:00,5789.0,8.2
2021-03-19 19:00:00,5947.0,8.0
2021-03-19 20:00:00,5864.0,7.9
2021-03-19 21:00:00,5796.0,7.7
2021-03-19 22:00:00,5437.0,7.8
2021-03-19 23:00:00,4920.0,7.8
2021-03-20 00:00:00,4413.0,7.7
2021-03-20 01:00:00,3892.0,7.7
2021-03-20 02:00:00,3565.0,7.7
2021-03-20 03:00:00,3371.0,7.7
2021-03-20 04:00:00,3266.0,7.8
2021-03-20 05:00:00,3190.0,7.7
2021-03-20 06:00:00,3304.0,7.8
2021-03-20 07:00:00,3710.0,7.7
2021-03-20 08:00:00,4431.0,7.9
2021-03-20 09:00:00,5162.0,8.6
2021-03-20 10:00:00,5519.0,9.1
2021-03-20 11:00:00,5863.0,9.3
2021-03-20 12:00:00,5674.0,8.9
2021-03-20 13:00:00,5564.0,8.8
2021-03-20 14:00:00,5585.0,8.6
2021-03-20 15:00:00,5436.0,9.0
2021-03-20 16:00:00,5524.0,9.1
2021-03-20 17:00:00,5857.0,9.1
2021-03-20 18:00:00,5743.0,9.1
2021-03-20 19:00:00,5830.0,9.0
2021-03-20 20:00:00,5788.0,9.1
2021-03-20 21:00:00,5677.0,9.0
2021-03-20 22:00:00,5377.0,9.0
2021-03-20 23:00:00,4896.0,9.0
2021-03-21 00:00:00,4414.0,9.1
2021-03-21 01:00:00,3879.0,9.3
2021-03-21 02:00:00,3525.0,9.4
2021-03-21 03:00:00,3309.0,9.3
2021-03-21 04:00:00,3213.0,9.4
2021-03-21 05:00:00,3165.0,9.1
2021-03-21 06:00:00,3264.0,9.0
2021-03-21 07:00:00,3654.0,8.6
2021-03-21 08:00:00,4287.0,8.6
2021-03-21 09:00:00,5038.0,8.6
2021-03-21 10:00:00,5410.0,8.9
2021-03-21 11:00:00,5753.0,9.2
2021-03-21 12:00:00,5445.0,10.5
2021-03-21 13:00:00,5112.0,12.2
2021-03-21 14:00:00,4958.0,13.0
2021-03-21 15:00:00,4880.0,13.7
2021-03-21 16:00:00,4973.0,13.7
2021-03-21 17:00:00,5312.0,13.2
2021-03-21 18:00:00,5337.0,12.6
2021-03-21 19:00:00,5554.0,11.8
2021-03-21 20:00:00,5586.0,11.3
2021-03-21 21:00:00,5601.0,11.2
2021-03-21 22:00:00,5244.0,11.1
2021-03-21 23:00:00,4664.0,10.8
2021-03-22 00:00:00,4113.0,9.8
2021-03-22 01:00:00,3626.0,10.0
2021-03-22 02:00:00,3307.0,10.0
2021-03-22 03:00:00,3147.0,9.8
2021-03-22 04:00:00,3059.0,9.6
2021-03-22 05:00:00,3049.0,9.3
2021-03-22 06:00:00,3244.0,9.3
2021-03-22 07:00:00,4024.0,9.0
2021-03-22 08:00:00,4510.0,10.1
2021-03-22 09:00:00,4944.0,13.0
2021-03-22 10:00:00,5043.0,14.9
2021-03-22 11:00:00,5167.0,16.6
2021-03-22 12:00:00,4813.0,18.0
2021-03-22 13:00:00,4560.0,18.9
2021-03-22 14:00:00,4595.0,19.4
2021-03-22 15:00:00,4477.0,19.3
2021-03-22 16:00:00,4568.0,19.6
2021-03-22 17:00:00,4854.0,18.9
2021-03-22 18:00:00,4883.0,17.5
2021-03-22 19:00:00,5326.0,15.0
2021-03-22 20:00:00,5321.0,13.9
2021-03-22 21:00:00,5357.0,13.0
2021-03-22 22:00:00,5020.0,12.5
2021-03-22 23:00:00,4533.0,11.4
2021-03-23 00:00:00,4061.0,12.1
2021-03-23 01:00:00,3599.0,11.5
2021-03-23 02:00:00,3302.0,9.5
2021-03-23 03:00:00,3144.0,9.0
2021-03-23 04:00:00,3055.0,8.5
2021-03-23 05:00:00,3028.0,9.0
2021-03-23 06:00:00,3232.0,9.0
2021-03-23 07:00:00,3965.0,9.2
2021-03-23 08:00:00,4449.0,9.6
2021-03-23 09:00:00,5015.0,10.5
2021-03-23 10:00:00,5350.0,11.5
2021-03-23 11:00:00,5663.0,11.1
2021-03-23 12:00:00,5365.0,11.2
2021-03-23 13:00:00,5221.0,12.2
2021-03-23 14:00:00,5155.0,13.2
2021-03-23 15:00:00,4974.0,14.7
2021-03-23 16:00:00,5042.0,15.3
2021-03-23 17:00:00,5212.0,15.4
2021-03-23 18:00:00,5127.0,14.8
2021-03-23 19:00:00,5407.0,12.6
2021-03-23 20:00:00,5477.0,12.0
2021-03-23 21:00:00,5497.0,11.2
2021-03-23 22:00:00,5126.0,10.2
2021-03-23 23:00:00,4575.0,9.7
2021-03-24 00:00:00,4105.0,9.3
2021-03-24 01:00:00,3616.0,9.1
2021-03-24 02:00:00,3345.0,9.1
2021-03-24 03:00:00,3164.0,8.5
2021-03-24 04:00:00,3085.0,8.0
2021-03-24 05:00:00,3085.0,7.8
2021-03-24 06:00:00,3272.0,8.0
2021-03-24 07:00:00,4053.0,8.4
2021-03-24 08:00:00,4463.0,11.0
2021-03-24 09:00:00,4802.0,14.1
2021-03-24 10:00:00,4897.0,16.7
2021-03-24 11:00:00,5016.0,19.3
2021-03-24 12:00:00,4570.0,21.7
2021-03-24 13:00:00,4401.0,23.4
2021-03-24 14:00:00,4454.0,23.9
2021-03-24 15:00:00,4303.0,24.9
2021-03-24 16:00:00,4445.0,25.8
2021-03-24 17:00:00,4748.0,25.5
2021-03-24 18:00:00,4739.0,24.4
2021-03-24 19:00:00,5110.0,21.6
2021-03-24 20:00:00,5099.0,20.5
2021-03-24 21:00:00,5097.0,19.3
2021-03-24 22:00:00,4780.0,16.8
2021-03-24 23:00:00,4322.0,14.9
2021-03-25 00:00:00,3869.0,15.5
2021-03-25 01:00:00,3432.0,14.4
2021-03-25 02:00:00,3169.0,14.7
2021-03-25 03:00:00,3011.0,14.2
2021-03-25 04:00:00,2910.0,14.3
2021-03-25 05:00:00,2933.0,12.5
2021-03-25 06:00:00,3146.0,12.0
2021-03-25 07:00:00,3881.0,12.6
2021-03-25 08:00:00,4269.0,15.0
2021-03-25 09:00:00,4585.0,18.6
2021-03-25 10:00:00,4720.0,20.5
2021-03-25 11:00:00,4869.0,23.8
2021-03-25 12:00:00,4438.0,25.6
2021-03-25 13:00:00,4246.0,26.7
2021-03-25 14:00:00,4273.0,27.3
2021-03-25 15:00:00,4264.0,28.0
2021-03-25 16:00:00,4322.0,27.7
2021-03-25 17:00:00,4650.0,26.8
2021-03-25 18:00:00,4695.0,25.0
2021-03-25 19:00:00,4946.0,22.2
2021-03-25 20:00:00,4985.0,20.8
2021-03-25 21:00:00,4844.0,19.4
2021-03-25 22:00:00,4530.0,18.4
2021-03-25 23:00:00,4137.0,17.9
2021-03-26 00:00:00,3708.0,17.5
2021-03-26 01:00:00,3332.0,17.1
2021-03-26 02:00:00,3099.0,17.9
2021-03-26 03:00:00,2923.0,17.2
2021-03-26 04:00:00,2849.0,16.9
2021-03-26 05:00:00,2881.0,17.2
2021-03-26 06:00:00,3046.0,17.6
2021-03-26 07:00:00,3702.0,17.3
2021-03-26 08:00:00,4125.0,19.2
2021-03-26 09:00:00,4548.0,20.7
2021-03-26 10:00:00,4799.0,21.4
2021-03-26 11:00:00,5000.0,20.2
2021-03-26 12:00:00,4616.0,21.0
2021-03-26 13:00:00,4368.0,22.1
2021-03-26 14:00:00,4408.0,24.5
2021-03-26 15:00:00,4387.0,23.6
2021-03-26 16:00:00,4445.0,23.2
2021-03-26 17:00:00,4838.0,23.8
2021-03-26 18:00:00,4811.0,22.6
2021-03-26 19:00:00,4941.0,22.3
2021-03-26 20:00:00,4809.0,21.7
2021-03-26 21:00:00,4675.0,21.3
2021-03-26 22:00:00,4484.0,20.3
2021-03-26 23:00:00,4128.0,18.1
2021-03-27 00:00:00,3759.0,16.5
2021-03-27 01:00:00,3386.0,16.2
2021-03-27 02:00:00,3113.0,15.9
2021-03-27 03:00:00,2949.0,15.6
2021-03-27 04:00:00,2894.0,15.2
2021-03-27 05:00:00,2871.0,15.0
2021-03-27 06:00:00,3000.0,15.0
2021-03-27 07:00:00,3442.0,14.9
2021-03-27 08:00:00,4003.0,14.9
2021-03-27 09:00:00,4498.0,15.0
2021-03-27 10:00:00,4776.0,15.3
2021-03-27 11:00:00,5068.0,15.5
2021-03-27 12:00:00,4764.0,15.4
2021-03-27 13:00:00,4615.0,15.1
2021-03-27 14:00:00,4629.0,14.8
2021-03-27 15:00:00,4547.0,14.8
2021-03-27 16:00:00,4606.0,15.1
2021-03-27 17:00:00,4900.0,15.3
2021-03-27 18:00:00,4829.0,15.5
2021-03-27 19:00:00,4933.0,15.3
2021-03-27 20:00:00,4841.0,15.1
2021-03-27 21:00:00,4750.0,15.1
2021-03-27 22:00:00,4483.0,14.7
2021-03-27 23:00:00,4094.0,14.5
2021-03-28 00:00:00,3769.0,14.6
2021-03-28 01:00:00,3363.0,14.3
2021-03-28 02:00:00,3118.0,13.7
2021-03-28 03:00:00,2933.0,13.1
2021-03-28 04:00:00,2854.0,12.9
2021-03-28 05:00:00,2832.0,13.0
2021-03-28 06:00:00,2967.0,13.3
2021-03-28 07:00:00,3387.0,13.5
2021-03-28 08:00:00,3893.0,14.2
2021-03-28 09:00:00,4313.0,14.9
2021-03-28 10:00:00,4499.0,16.0
2021-03-28 11:00:00,4680.0,18.3
2021-03-28 12:00:00,4314.0,21.7
2021-03-28 13:00:00,4097.0,24.1
2021-03-28 14:00:00,4131.0,25.8
2021-03-28 15:00:00,3994.0,26.6
2021-03-28 16:00:00,4149.0,26.8
2021-03-28 17:00:00,4475.0,27.0
2021-03-28 18:00:00,4485.0,25.3
2021-03-28 19:00:00,4762.0,23.3
2021-03-28 20:00:00,4778.0,22.2
2021-03-28 21:00:00,4699.0,20.7
2021-03-28 22:00:00,4361.0,19.9
2021-03-28 23:00:00,3959.0,19.1
2021-03-29 00:00:00,3593.0,18.4
2021-03-29 01:00:00,3209.0,18.6
2021-03-29 02:00:00,2933.0,18.6
2021-03-29 03:00:00,2819.0,17.9
2021-03-29 04:00:00,2774.0,18.1
2021-03-29 05:00:00,2737.0,18.4
2021-03-29 06:00:00,2960.0,18.7
2021-03-29 07:00:00,3602.0,18.6
2021-03-29 08:00:00,4039.0,19.3
2021-03-29 09:00:00,4453.0,20.2
2021-03-29 10:00:00,4642.0,21.2
2021-03-29 11:00:00,4841.0,22.8
2021-03-29 12:00:00,4456.0,26.7
2021-03-29 13:00:00,4222.0,28.3
2021-03-29 14:00:00,4260.0,29.6
2021-03-29 15:00:00,4291.0,29.7
2021-03-29 16:00:00,4385.0,29.7
2021-03-29 17:00:00,4699.0,29.1
2021-03-29 18:00:00,4738.0,28.1
2021-03-29 19:00:00,4951.0,26.8
2021-03-29 20:00:00,4855.0,25.5
2021-03-29 21:00:00,4776.0,24.6
2021-03-29 22:00:00,4421.0,23.9
2021-03-29 23:00:00,4019.0,22.9
2021-03-30 00:00:00,3686.0,22.3
2021-03-30 01:00:00,3305.0,22.0
2021-03-30 02:00:00,3054.0,21.0
2021-03-30 03:00:00,2897.0,20.4
2021-03-30 04:00:00,2873.0,19.8
2021-03-30 05:00:00,2842.0,19.6
2021-03-30 06:00:00,3031.0,19.3
2021-03-30 07:00:00,3600.0,19.2
2021-03-30 08:00:00,4071.0,19.2
2021-03-30 09:00:00,4495.0,19.4
2021-03-30 10:00:00,4741.0,20.0
2021-03-30 11:00:00,4906.0,21.2
2021-03-30 12:00:00,4597.0,21.7
2021-03-30 13:00:00,4354.0,21.0
2021-03-30 14:00:00,4365.0,22.4
2021-03-30 15:00:00,4358.0,22.7
2021-03-30 16:00:00,4505.0,20.1
2021-03-30 17:00:00,4864.0,19.7
2021-03-30 18:00:00,4809.0,18.6
2021-03-30 19:00:00,4965.0,18.2
2021-03-30 20:00:00,4766.0,17.6
2021-03-30 21:00:00,4692.0,17.0
2021-03-30 22:00:00,4356.0,16.0
2021-03-30 23:00:00,3955.0,15.6
2021-03-31 00:00:00,3608.0,14.6
2021-03-31 01:00:00,3245.0,14.4
2021-03-31 02:00:00,3069.0,14.5
2021-03-31 03:00:00,2908.0,14.6
2021-03-31 04:00:00,2858.0,14.6
2021-03-31 05:00:00,2829.0,14.6
2021-03-31 06:00:00,3039.0,14.5
2021-03-31 07:00:00,3622.0,14.6
2021-03-31 08:00:00,4064.0,14.7
2021-03-31 09:00:00,4539.0,14.9
2021-03-31 10:00:00,4758.0,15.0
2021-03-31 11:00:00,5016.0,15.4
2021-03-31 12:00:00,4708.0,15.9
2021-03-31 13:00:00,4460.0,15.9
2021-03-31 14:00:00,4446.0,16.2
2021-03-31 15:00:00,4467.0,16.1
2021-03-31 16:00:00,4502.0,16.2
2021-03-31 17:00:00,4886.0,16.3
2021-03-31 18:00:00,4848.0,16.1
2021-03-31 19:00:00,4969.0,15.9
2021-03-31 20:00:00,4911.0,15.3
2021-03-31 21:00:00,4791.0,15.0
2021-03-31 22:00:00,4459.0,14.6
2021-03-31 23:00:00,4006.0,14.4
2021-04-01 00:00:00,3660.0,14.0
2021-04-01 01:00:00,3289.0,13.8
2021-04-01 02:00:00,3080.0,13.5
2021-04-01 03:00:00,2917.0,13.0
2021-04-01 04:00:00,2829.0,12.8
2021-04-01 05:00:00,2839.0,12.7
2021-04-01 06:00:00,3028.0,12.5
2021-04-01 07:00:00,3561.0,12.4
2021-04-01 08:00:00,4114.0,12.5
2021-04-01 09:00:00,4676.0,12.5
2021-04-01 10:00:00,4933.0,12.7
2021-04-01 11:00:00,5215.0,13.0
2021-04-01 12:00:00,4936.0,13.1
2021-04-01 13:00:00,4752.0,12.7
2021-04-01 14:00:00,4760.0,12.8
2021-04-01 15:00:00,4729.0,12.7
2021-04-01 16:00:00,4823.0,12.7
2021-04-01 17:00:00,5144.0,12.6
2021-04-01 18:00:00,5050.0,12.5
2021-04-01 19:00:00,5175.0,12.4
2021-04-01 20:00:00,5079.0,12.5
2021-04-01 21:00:00,4982.0,12.4
2021-04-01 22:00:00,4607.0,12.4
2021-04-01 23:00:00,4142.0,12.5
2021-04-02 00:00:00,3804.0,12.5
2021-04-02 01:00:00,3374.0,12.4
2021-04-02 02:00:00,3121.0,12.3
2021-04-02 03:00:00,2979.0,12.4
2021-04-02 04:00:00,2884.0,12.3
2021-04-02 05:00:00,2898.0,12.3
2021-04-02 06:00:00,3047.0,12.4
2021-04-02 07:00:00,3684.0,12.4
2021-04-02 08:00:00,4215.0,12.5
2021-04-02 09:00:00,4830.0,12.4
2021-04-02 10:00:00,5088.0,12.5
2021-04-02 11:00:00,5324.0,12.8
2021-04-02 12:00:00,4995.0,12.9
2021-04-02 13:00:00,4845.0,12.7
2021-04-02 14:00:00,4822.0,12.8
2021-04-02 15:00:00,4747.0,13.1
2021-04-02 16:00:00,4756.0,13.2
2021-04-02 17:00:00,5046.0,13.2
2021-04-02 18:00:00,4940.0,13.1
2021-04-02 19:00:00,5035.0,12.9
2021-04-02 20:00:00,4931.0,12.8
2021-04-02 21:00:00,4837.0,12.8
2021-04-02 22:00:00,4547.0,12.7
2021-04-02 23:00:00,4176.0,12.7
2021-04-03 00:00:00,3767.0,12.8
2021-04-03 01:00:00,3315.0,12.8
2021-04-03 02:00:00,3057.0,12.7
2021-04-03 03:00:00,2871.0,12.5
2021-04-03 04:00:00,2743.0,12.4
2021-04-03 05:00:00,2664.0,12.4
2021-04-03 06:00:00,2777.0,12.4
2021-04-03 07:00:00,3085.0,12.3
2021-04-03 08:00:00,3622.0,11.7
2021-04-03 09:00:00,4113.0,11.5
2021-04-03 10:00:00,4388.0,11.2
2021-04-03 11:00:00,4633.0,11.1
2021-04-03 12:00:00,4439.0,11.6
2021-04-03 13:00:00,4254.0,12.0
2021-04-03 14:00:00,4204.0,12.6
2021-04-03 15:00:00,4114.0,12.5
2021-04-03 16:00:00,4157.0,12.6
2021-04-03 17:00:00,4466.0,12.6
2021-04-03 18:00:00,4346.0,12.4
2021-04-03 19:00:00,4421.0,12.3
2021-04-03 20:00:00,4394.0,12.3
2021-04-03 21:00:00,4338.0,12.2
2021-04-03 22:00:00,4096.0,12.2
2021-04-03 23:00:00,3776.0,12.3
2021-04-04 00:00:00,3411.0,12.2
2021-04-04 01:00:00,2955.0,12.1
2021-04-04 02:00:00,2668.0,12.0
2021-04-04 03:00:00,2497.0,11.9
2021-04-04 04:00:00,2420.0,11.8
2021-04-04 05:00:00,2380.0,11.7
2021-04-04 06:00:00,2505.0,11.6
2021-04-04 07:00:00,2826.0,11.6
2021-04-04 08:00:00,3200.0,12.0
2021-04-04 09:00:00,3544.0,12.4
2021-04-04 10:00:00,3730.0,13.4
2021-04-04 11:00:00,3961.0,14.0
2021-04-04 12:00:00,3921.0,13.8
2021-04-04 13:00:00,3774.0,13.5
2021-04-04 14:00:00,3732.0,13.4
2021-04-04 15:00:00,3639.0,13.1
2021-04-04 16:00:00,3822.0,12.7
2021-04-04 17:00:00,4263.0,11.9
2021-04-04 18:00:00,4158.0,11.7
2021-04-04 19:00:00,4365.0,11.8
2021-04-04 20:00:00,4362.0,11.7
2021-04-04 21:00:00,4315.0,11.6
2021-04-04 22:00:00,4066.0,11.6
2021-04-04 23:00:00,3679.0,11.6
2021-04-05 00:00:00,3379.0,11.6
2021-04-05 01:00:00,2946.0,11.5
2021-04-05 02:00:00,2649.0,11.5
2021-04-05 03:00:00,2488.0,11.5
2021-04-05 04:00:00,2413.0,11.5
2021-04-05 05:00:00,2392.0,11.5
2021-04-05 06:00:00,2519.0,11.6
2021-04-05 07:00:00,2949.0,11.7
2021-04-05 08:00:00,3563.0,11.8
2021-04-05 09:00:00,4224.0,11.8
2021-04-05 10:00:00,4565.0,12.1
2021-04-05 11:00:00,4904.0,12.5
2021-04-05 12:00:00,4673.0,12.6
2021-04-05 13:00:00,4503.0,12.7
2021-04-05 14:00:00,4545.0,12.6
2021-04-05 15:00:00,4442.0,12.7
2021-04-05 16:00:00,4574.0,12.7
2021-04-05 17:00:00,4964.0,12.5
2021-04-05 18:00:00,4906.0,12.2
2021-04-05 19:00:00,4973.0,12.0
2021-04-05 20:00:00,5096.0,12.0
2021-04-05 21:00:00,5029.0,12.0
2021-04-05 22:00:00,4635.0,12.1
2021-04-05 23:00:00,4130.0,11.9
2021-04-06 00:00:00,3710.0,11.8
2021-04-06 01:00:00,3254.0,11.7
2021-04-06 02:00:00,3019.0,11.6
2021-04-06 03:00:00,2840.0,11.5
2021-04-06 04:00:00,2737.0,11.6
2021-04-06 05:00:00,2724.0,11.6
2021-04-06 06:00:00,2945.0,11.5
2021-04-06 07:00:00,3630.0,11.8
2021-04-06 08:00:00,4130.0,12.3
2021-04-06 09:00:00,4626.0,13.2
2021-04-06 10:00:00,4858.0,14.7
2021-04-06 11:00:00,5132.0,15.7
2021-04-06 12:00:00,4849.0,16.3
2021-04-06 13:00:00,4690.0,16.2
2021-04-06 14:00:00,4715.0,16.8
2021-04-06 15:00:00,4630.0,16.3
2021-04-06 16:00:00,4747.0,16.1
2021-04-06 17:00:00,5170.0,16.3
2021-04-06 18:00:00,5094.0,15.5
2021-04-06 19:00:00,5301.0,14.8
2021-04-06 20:00:00,5291.0,14.4
2021-04-06 21:00:00,5190.0,14.3
2021-04-06 22:00:00,4767.0,14.4
2021-04-06 23:00:00,4269.0,14.0
2021-04-07 00:00:00,3844.0,13.8
2021-04-07 01:00:00,3415.0,13.7
2021-04-07 02:00:00,3152.0,13.7
2021-04-07 03:00:00,2978.0,13.7
2021-04-07 04:00:00,2897.0,13.6
2021-04-07 05:00:00,2875.0,13.6
2021-04-07 06:00:00,3069.0,13.6
2021-04-07 07:00:00,3743.0,13.7
2021-04-07 08:00:00,4252.0,13.8
2021-04-07 09:00:00,4852.0,14.0
2021-04-07 10:00:00,5179.0,14.0
2021-04-07 11:00:00,5417.0,14.6
2021-04-07 12:00:00,5128.0,14.3
2021-04-07 13:00:00,4927.0,14.3
2021-04-07 14:00:00,4977.0,14.4
2021-04-07 15:00:00,4905.0,14.3
2021-04-07 16:00:00,5058.0,13.8
2021-04-07 17:00:00,5350.0,13.5
2021-04-07 18:00:00,5300.0,13.4
2021-04-07 19:00:00,5472.0,13.3
2021-04-07 20:00:00,5386.0,12.9
2021-04-07 21:00:00,5284.0,12.9
2021-04-07 22:00:00,4928.0,12.9
2021-04-07 23:00:00,4375.0,12.8
2021-04-08 00:00:00,3946.0,12.8
2021-04-08 01:00:00,3470.0,12.6
2021-04-08 02:00:00,3211.0,12.3
2021-04-08 03:00:00,3074.0,12.2
2021-04-08 04:00:00,2994.0,12.2
2021-04-08 05:00:00,2985.0,12.2
2021-04-08 06:00:00,3169.0,12.2
2021-04-08 07:00:00,3823.0,12.2
2021-04-08 08:00:00,4359.0,12.3
2021-04-08 09:00:00,4918.0,12.8
2021-04-08 10:00:00,5130.0,13.8
2021-04-08 11:00:00,5337.0,14.1
2021-04-08 12:00:00,4980.0,14.9
2021-04-08 13:00:00,4839.0,15.2
2021-04-08 14:00:00,4829.0,14.9
2021-04-08 15:00:00,4841.0,14.6
2021-04-08 16:00:00,4963.0,14.4
2021-04-08 17:00:00,5262.0,14.1
2021-04-08 18:00:00,5244.0,13.9
2021-04-08 19:00:00,5376.0,13.1
2021-04-08 20:00:00,5394.0,13.1
2021-04-08 21:00:00,5368.0,13.0
2021-04-08 22:00:00,4948.0,12.9
2021-04-08 23:00:00,4417.0,12.5
2021-04-09 00:00:00,3961.0,12.8
2021-04-09 01:00:00,3512.0,12.6
2021-04-09 02:00:00,3260.0,12.6
2021-04-09 03:00:00,3086.0,12.3
2021-04-09 04:00:00,2962.0,12.0
2021-04-09 05:00:00,2966.0,11.9
2021-04-09 06:00:00,3191.0,11.8
2021-04-09 07:00:00,3853.0,11.9
2021-04-09 08:00:00,4291.0,12.6
2021-04-09 09:00:00,4695.0,15.7
2021-04-09 10:00:00,4804.0,17.3
2021-04-09 11:00:00,4964.0,17.3
2021-04-09 12:00:00,4585.0,19.2
2021-04-09 13:00:00,4401.0,18.9
2021-04-09 14:00:00,4508.0,19.2
2021-04-09 15:00:00,4448.0,18.6
2021-04-09 16:00:00,4591.0,18.0
2021-04-09 17:00:00,4938.0,17.8
2021-04-09 18:00:00,4930.0,17.1
2021-04-09 19:00:00,5081.0,16.3
2021-04-09 20:00:00,4971.0,15.6
2021-04-09 21:00:00,4945.0,15.2
2021-04-09 22:00:00,4759.0,14.9
2021-04-09 23:00:00,4359.0,14.7
2021-04-10 00:00:00,3928.0,14.7
2021-04-10 01:00:00,3460.0,14.2
2021-04-10 02:00:00,3191.0,13.6
2021-04-10 03:00:00,3046.0,13.5
2021-04-10 04:00:00,2932.0,13.6
2021-04-10 05:00:00,2908.0,13.1
2021-04-10 06:00:00,3089.0,12.8
2021-04-10 07:00:00,3536.0,13.4
2021-04-10 08:00:00,4051.0,15.0
2021-04-10 09:00:00,4489.0,16.5
2021-04-10 10:00:00,4698.0,16.8
2021-04-10 11:00:00,5054.0,16.7
2021-04-10 12:00:00,4769.0,16.6
2021-04-10 13:00:00,4583.0,16.2
2021-04-10 14:00:00,4660.0,16.2
2021-04-10 15:00:00,4646.0,15.9
2021-04-10 16:00:00,4716.0,15.3
2021-04-10 17:00:00,5125.0,14.9
2021-04-10 18:00:00,5077.0,14.5
2021-04-10 19:00:00,5150.0,14.4
2021-04-10 20:00:00,5078.0,14.1
2021-04-10 21:00:00,4992.0,13.9
2021-04-10 22:00:00,4703.0,13.9
2021-04-10 23:00:00,4269.0,13.8
2021-04-11 00:00:00,3878.0,13.6
2021-04-11 01:00:00,3454.0,13.3
2021-04-11 02:00:00,3222.0,13.5
2021-04-11 03:00:00,3016.0,13.4
2021-04-11 04:00:00,2940.0,13.3
2021-04-11 05:00:00,2896.0,13.3
2021-04-11 06:00:00,3030.0,13.3
2021-04-11 07:00:00,3390.0,13.5
2021-04-11 08:00:00,3920.0,13.6
2021-04-11 09:00:00,4517.0,13.6
2021-04-11 10:00:00,4907.0,13.7
2021-04-11 11:00:00,5234.0,13.8
2021-04-11 12:00:00,4950.0,14.2
2021-04-11 13:00:00,4711.0,14.4
2021-04-11 14:00:00,4716.0,14.6
2021-04-11 15:00:00,4611.0,14.6
2021-04-11 16:00:00,4721.0,14.7
2021-04-11 17:00:00,5090.0,14.7
2021-04-11 18:00:00,5034.0,14.5
2021-04-11 19:00:00,5117.0,14.3
2021-04-11 20:00:00,5145.0,14.2
2021-04-11 21:00:00,5066.0,14.2
2021-04-11 22:00:00,4678.0,14.1
2021-04-11 23:00:00,4158.0,14.2
2021-04-12 00:00:00,3750.0,14.0
2021-04-12 01:00:00,3362.0,13.9
2021-04-12 02:00:00,3094.0,13.8
2021-04-12 03:00:00,2934.0,13.7
2021-04-12 04:00:00,2865.0,13.7
2021-04-12 05:00:00,2863.0,13.7
2021-04-12 06:00:00,3047.0,13.5
2021-04-12 07:00:00,3689.0,13.4
2021-04-12 08:00:00,4234.0,13.5
2021-04-12 09:00:00,4841.0,13.8
2021-04-12 10:00:00,5078.0,14.0
2021-04-12 11:00:00,5347.0,14.5
2021-04-12 12:00:00,4955.0,15.0
2021-04-12 13:00:00,4824.0,15.4
2021-04-12 14:00:00,4839.0,15.4
2021-04-12 15:00:00,4725.0,15.7
2021-04-12 16:00:00,4784.0,15.9
2021-04-12 17:00:00,5138.0,15.3
2021-04-12 18:00:00,5061.0,15.1
2021-04-12 19:00:00,5190.0,15.0
2021-04-12 20:00:00,5184.0,14.9
2021-04-12 21:00:00,5113.0,14.9
2021-04-12 22:00:00,4764.0,14.9
2021-04-12 23:00:00,4266.0,14.9
2021-04-13 00:00:00,3850.0,14.8
2021-04-13 01:00:00,3452.0,14.4
2021-04-13 02:00:00,3188.0,14.4
2021-04-13 03:00:00,3026.0,14.3
2021-04-13 04:00:00,2960.0,14.2
2021-04-13 05:00:00,2926.0,14.2
2021-04-13 06:00:00,3166.0,14.1
2021-04-13 07:00:00,3786.0,14.4
2021-04-13 08:00:00,4221.0,14.9
2021-04-13 09:00:00,4664.0,15.3
2021-04-13 10:00:00,4869.0,15.9
2021-04-13 11:00:00,5186.0,15.9
2021-04-13 12:00:00,4903.0,16.3
2021-04-13 13:00:00,4753.0,16.7
2021-04-13 14:00:00,4852.0,16.8
2021-04-13 15:00:00,4738.0,16.6
2021-04-13 16:00:00,4903.0,16.4
2021-04-13 17:00:00,5309.0,16.1
2021-04-13 18:00:00,5256.0,15.9
2021-04-13 19:00:00,5348.0,15.7
2021-04-13 20:00:00,5280.0,15.6
2021-04-13 21:00:00,5230.0,15.6
2021-04-13 22:00:00,4848.0,15.6
2021-04-13 23:00:00,4307.0,15.7
2021-04-14 00:00:00,3904.0,15.5
2021-04-14 01:00:00,3494.0,15.5
2021-04-14 02:00:00,3210.0,15.5
2021-04-14 03:00:00,3062.0,15.5
2021-04-14 04:00:00,2975.0,15.3
2021-04-14 05:00:00,2936.0,14.9
2021-04-14 06:00:00,3213.0,14.7
2021-04-14 07:00:00,3810.0,14.8
2021-04-14 08:00:00,4326.0,14.9
2021-04-14 09:00:00,4885.0,15.0
2021-04-14 10:00:00,5194.0,15.1
2021-04-14 11:00:00,5429.0,15.3
2021-04-14 12:00:00,5069.0,15.6
2021-04-14 13:00:00,4888.0,15.8
2021-04-14 14:00:00,4891.0,16.2
2021-04-14 15:00:00,4771.0,16.3
2021-04-14 16:00:00,4905.0,16.8
2021-04-14 17:00:00,5156.0,16.3
2021-04-14 18:00:00,5165.0,16.2
2021-04-14 19:00:00,5228.0,16.0
2021-04-14 20:00:00,5249.0,15.7
2021-04-14 21:00:00,5219.0,15.5
2021-04-14 22:00:00,4836.0,15.1
2021-04-14 23:00:00,4306.0,15.0
2021-04-15 00:00:00,3912.0,14.8
2021-04-15 01:00:00,3480.0,14.6
2021-04-15 02:00:00,3240.0,14.3
2021-04-15 03:00:00,3062.0,13.9
2021-04-15 04:00:00,2966.0,13.6
2021-04-15 05:00:00,2962.0,13.6
2021-04-15 06:00:00,3169.0,13.5
2021-04-15 07:00:00,3824.0,13.5
2021-04-15 08:00:00,4276.0,13.6
2021-04-15 09:00:00,4828.0,13.9
2021-04-15 10:00:00,5026.0,14.4
2021-04-15 11:00:00,5166.0,15.1
2021-04-15 12:00:00,4771.0,16.5
2021-04-15 13:00:00,4505.0,17.8
2021-04-15 14:00:00,4542.0,19.7
2021-04-15 15:00:00,4467.0,19.4
2021-04-15 16:00:00,4565.0,19.4
2021-04-15 17:00:00,4863.0,20.3
2021-04-15 18:00:00,4885.0,19.9
2021-04-15 19:00:00,4981.0,18.9
2021-04-15 20:00:00,5016.0,18.2
2021-04-15 21:00:00,5006.0,18.0
2021-04-15 22:00:00,4717.0,17.6
2021-04-15 23:00:00,4238.0,17.6
2021-04-16 00:00:00,3854.0,17.2
2021-04-16 01:00:00,3413.0,16.6
2021-04-16 02:00:00,3152.0,16.0
2021-04-16 03:00:00,2997.0,15.7
2021-04-16 04:00:00,2903.0,15.3
2021-04-16 05:00:00,2871.0,15.2
2021-04-16 06:00:00,3169.0,14.6
2021-04-16 07:00:00,3790.0,14.7
2021-04-16 08:00:00,4139.0,15.9
2021-04-16 09:00:00,4544.0,17.3
2021-04-16 10:00:00,4792.0,19.7
2021-04-16 11:00:00,5011.0,20.1
2021-04-16 12:00:00,4679.0,20.8
2021-04-16 13:00:00,4574.0,19.8
2021-04-16 14:00:00,4690.0,19.6
2021-04-16 15:00:00,4594.0,18.8
2021-04-16 16:00:00,4695.0,18.5
2021-04-16 17:00:00,5049.0,17.9
2021-04-16 18:00:00,4934.0,17.8
2021-04-16 19:00:00,5097.0,17.6
2021-04-16 20:00:00,5007.0,17.1
2021-04-16 21:00:00,4928.0,16.7
2021-04-16 22:00:00,4678.0,16.8
2021-04-16 23:00:00,4250.0,16.7
2021-04-17 00:00:00,3861.0,16.1
2021-04-17 01:00:00,3439.0,15.7
2021-04-17 02:00:00,3173.0,15.7
2021-04-17 03:00:00,3000.0,15.5
2021-04-17 04:00:00,2911.0,15.3
2021-04-17 05:00:00,2868.0,14.9
2021-04-17 06:00:00,3057.0,14.8
2021-04-17 07:00:00,3521.0,15.1
2021-04-17 08:00:00,4000.0,15.3
2021-04-17 09:00:00,4466.0,15.7
2021-04-17 10:00:00,4606.0,16.3
2021-04-17 11:00:00,4838.0,18.0
2021-04-17 12:00:00,4531.0,19.7
2021-04-17 13:00:00,4316.0,20.9
2021-04-17 14:00:00,4385.0,21.1
2021-04-17 15:00:00,4272.0,21.5
2021-04-17 16:00:00,4328.0,21.2
2021-04-17 17:00:00,4791.0,20.9
2021-04-17 18:00:00,4691.0,20.4
2021-04-17 19:00:00,4835.0,19.6
2021-04-17 20:00:00,4807.0,19.0
2021-04-17 21:00:00,4744.0,18.9
2021-04-17 22:00:00,4496.0,18.9
2021-04-17 23:00:00,4127.0,18.5
2021-04-18 00:00:00,3753.0,18.1
2021-04-18 01:00:00,3327.0,17.8
2021-04-18 02:00:00,3048.0,17.6
2021-04-18 03:00:00,2880.0,17.1
2021-04-18 04:00:00,2805.0,16.9
2021-04-18 05:00:00,2782.0,16.4
2021-04-18 06:00:00,2966.0,16.5
2021-04-18 07:00:00,3338.0,16.3
2021-04-18 08:00:00,3804.0,16.2
2021-04-18 09:00:00,4348.0,16.0
2021-04-18 10:00:00,4623.0,15.5
2021-04-18 11:00:00,4919.0,16.0
2021-04-18 12:00:00,4637.0,16.4
2021-04-18 13:00:00,4409.0,16.6
2021-04-18 14:00:00,4429.0,16.1
2021-04-18 15:00:00,4349.0,15.9
2021-04-18 16:00:00,4466.0,15.7
2021-04-18 17:00:00,4821.0,15.6
2021-04-18 18:00:00,4922.0,15.3
2021-04-18 19:00:00,4989.0,15.0
2021-04-18 20:00:00,4931.0,14.2
2021-04-18 21:00:00,4860.0,13.8
2021-04-18 22:00:00,4456.0,13.8
2021-04-18 23:00:00,3994.0,14.0
2021-04-19 00:00:00,3643.0,14.0
2021-04-19 01:00:00,3242.0,13.8
2021-04-19 02:00:00,2999.0,14.1
2021-04-19 03:00:00,2859.0,13.9
2021-04-19 04:00:00,2796.0,13.8
2021-04-19 05:00:00,2791.0,13.8
2021-04-19 06:00:00,3068.0,13.9
2021-04-19 07:00:00,3672.0,14.1
2021-04-19 08:00:00,4074.0,15.1
2021-04-19 09:00:00,4501.0,16.6
2021-04-19 10:00:00,4745.0,17.3
2021-04-19 11:00:00,4919.0,17.9
2021-04-19 12:00:00,4520.0,20.0
2021-04-19 13:00:00,4354.0,20.4
2021-04-19 14:00:00,4367.0,20.5
2021-04-19 15:00:00,4355.0,20.3
2021-04-19 16:00:00,4505.0,20.1
2021-04-19 17:00:00,4834.0,19.5
2021-04-19 18:00:00,4845.0,18.4
2021-04-19 19:00:00,4960.0,17.9
2021-04-19 20:00:00,4922.0,17.7
2021-04-19 21:00:00,4872.0,17.6
2021-04-19 22:00:00,4544.0,17.4
2021-04-19 23:00:00,4110.0,17.2
2021-04-20 00:00:00,3732.0,17.2
2021-04-20 01:00:00,3323.0,17.2
2021-04-20 02:00:00,3098.0,17.1
2021-04-20 03:00:00,2959.0,17.0
2021-04-20 04:00:00,2893.0,17.0
2021-04-20 05:00:00,2837.0,17.0
2021-04-20 06:00:00,3106.0,16.9
2021-04-20 07:00:00,3679.0,17.5
2021-04-20 08:00:00,4091.0,18.4
2021-04-20 09:00:00,4497.0,19.3
2021-04-20 10:00:00,4673.0,20.9
2021-04-20 11:00:00,4904.0,22.8
2021-04-20 12:00:00,4499.0,23.7
2021-04-20 13:00:00,4248.0,24.3
2021-04-20 14:00:00,4395.0,25.1
2021-04-20 15:00:00,4329.0,24.8
2021-04-20 16:00:00,4499.0,23.8
2021-04-20 17:00:00,4776.0,23.7
2021-04-20 18:00:00,4828.0,23.6
2021-04-20 19:00:00,4941.0,22.6
2021-04-20 20:00:00,4948.0,22.1
2021-04-20 21:00:00,4890.0,21.6
2021-04-20 22:00:00,4516.0,21.1
2021-04-20 23:00:00,4024.0,21.2
2021-04-21 00:00:00,3682.0,20.6
2021-04-21 01:00:00,3314.0,20.0
2021-04-21 02:00:00,3109.0,20.0
2021-04-21 03:00:00,2952.0,19.9
2021-04-21 04:00:00,2863.0,19.8
2021-04-21 05:00:00,2855.0,19.7
2021-04-21 06:00:00,3053.0,19.4
2021-04-21 07:00:00,3688.0,19.2
2021-04-21 08:00:00,4089.0,19.2
2021-04-21 09:00:00,4559.0,19.5
2021-04-21 10:00:00,4762.0,20.1
2021-04-21 11:00:00,4985.0,21.8
2021-04-21 12:00:00,4622.0,21.9
2021-04-21 13:00:00,4370.0,24.3
2021-04-21 14:00:00,4415.0,25.7
2021-04-21 15:00:00,4361.0,25.7
2021-04-21 16:00:00,4531.0,24.3
2021-04-21 17:00:00,4822.0,22.4
2021-04-21 18:00:00,4809.0,21.1
2021-04-21 19:00:00,4951.0,19.9
2021-04-21 20:00:00,4931.0,19.2
2021-04-21 21:00:00,4864.0,18.9
2021-04-21 22:00:00,4534.0,18.6
2021-04-21 23:00:00,4046.0,18.2
2021-04-22 00:00:00,3712.0,18.2
2021-04-22 01:00:00,3304.0,18.0
2021-04-22 02:00:00,3093.0,17.6
2021-04-22 03:00:00,2940.0,17.4
2021-04-22 04:00:00,2851.0,17.0
2021-04-22 05:00:00,2859.0,17.0
2021-04-22 06:00:00,3087.0,17.0
2021-04-22 07:00:00,3658.0,17.1
2021-04-22 08:00:00,4112.0,17.3
2021-04-22 09:00:00,4548.0,17.8
2021-04-22 10:00:00,4775.0,18.6
2021-04-22 11:00:00,4929.0,19.4
2021-04-22 12:00:00,4596.0,20.3
2021-04-22 13:00:00,4385.0,21.0
2021-04-22 14:00:00,4421.0,21.2
2021-04-22 15:00:00,4334.0,20.7
2021-04-22 16:00:00,4481.0,20.6
2021-04-22 17:00:00,4750.0,20.4
2021-04-22 18:00:00,4771.0,20.1
2021-04-22 19:00:00,4866.0,19.8
2021-04-22 20:00:00,4860.0,19.4
2021-04-22 21:00:00,4768.0,19.1
2021-04-22 22:00:00,4484.0,18.8
2021-04-22 23:00:00,3998.0,18.4
2021-04-23 00:00:00,3686.0,18.2
2021-04-23 01:00:00,3310.0,18.1
2021-04-23 02:00:00,3088.0,18.0
2021-04-23 03:00:00,2915.0,17.9
2021-04-23 04:00:00,2854.0,17.7
2021-04-23 05:00:00,2849.0,17.5
2021-04-23 06:00:00,3118.0,17.5
2021-04-23 07:00:00,3670.0,17.7
2021-04-23 08:00:00,4032.0,18.4
2021-04-23 09:00:00,4458.0,19.1
2021-04-23 10:00:00,4650.0,20.6
2021-04-23 11:00:00,4808.0,23.8
2021-04-23 12:00:00,4465.0,25.0
2021-04-23 13:00:00,4304.0,26.1
2021-04-23 14:00:00,4348.0,27.2
2021-04-23 15:00:00,4296.0,27.9
2021-04-23 16:00:00,4429.0,27.0
2021-04-23 17:00:00,4704.0,26.5
2021-04-23 18:00:00,4696.0,25.2
2021-04-23 19:00:00,4839.0,23.4
2021-04-23 20:00:00,4869.0,22.3
2021-04-23 21:00:00,4747.0,21.9
2021-04-23 22:00:00,4519.0,21.2
2021-04-23 23:00:00,4164.0,20.9
2021-04-24 00:00:00,3761.0,20.4
2021-04-24 01:00:00,3379.0,20.4
2021-04-24 02:00:00,3134.0,20.5
2021-04-24 03:00:00,2941.0,19.9
2021-04-24 04:00:00,2873.0,19.7
2021-04-24 05:00:00,2857.0,19.2
2021-04-24 06:00:00,3020.0,19.3
2021-04-24 07:00:00,3381.0,18.9
2021-04-24 08:00:00,3872.0,18.9
2021-04-24 09:00:00,4358.0,19.3
2021-04-24 10:00:00,4637.0,19.3
2021-04-24 11:00:00,4948.0,19.3
2021-04-24 12:00:00,4618.0,18.8
2021-04-24 13:00:00,4397.0,18.6
2021-04-24 14:00:00,4478.0,18.4
2021-04-24 15:00:00,4384.0,17.4
2021-04-24 16:00:00,4559.0,17.1
2021-04-24 17:00:00,4914.0,16.5
2021-04-24 18:00:00,4826.0,16.2
2021-04-24 19:00:00,4883.0,15.9
2021-04-24 20:00:00,4804.0,15.6
2021-04-24 21:00:00,4656.0,15.4
2021-04-24 22:00:00,4328.0,15.1
2021-04-24 23:00:00,3935.0,15.1
2021-04-25 00:00:00,3611.0,15.0
2021-04-25 01:00:00,3283.0,14.7
2021-04-25 02:00:00,3050.0,14.6
2021-04-25 03:00:00,2907.0,14.4
2021-04-25 04:00:00,2812.0,14.4
2021-04-25 05:00:00,2812.0,14.4
2021-04-25 06:00:00,3052.0,14.4
2021-04-25 07:00:00,3600.0,14.5
2021-04-25 08:00:00,3969.0,14.7
2021-04-25 09:00:00,4458.0,15.2
2021-04-25 10:00:00,4714.0,15.8
2021-04-25 11:00:00,4942.0,15.7
2021-04-25 12:00:00,4647.0,15.9
2021-04-25 13:00:00,4376.0,16.7
2021-04-25 14:00:00,4456.0,17.2
2021-04-25 15:00:00,4352.0,16.9
2021-04-25 16:00:00,4474.0,16.9
2021-04-25 17:00:00,4868.0,16.9
2021-04-25 18:00:00,4727.0,16.6
2021-04-25 19:00:00,4855.0,16.4
2021-04-25 20:00:00,4784.0,16.2
2021-04-25 21:00:00,4702.0,16.1
2021-04-25 22:00:00,4458.0,15.7
2021-04-25 23:00:00,4000.0,15.5
2021-04-26 00:00:00,3643.0,15.4
2021-04-26 01:00:00,3296.0,15.3
2021-04-26 02:00:00,3058.0,15.2
2021-04-26 03:00:00,2918.0,15.1
2021-04-26 04:00:00,2859.0,15.0
2021-04-26 05:00:00,2832.0,14.9
2021-04-26 06:00:00,3056.0,14.9
2021-04-26 07:00:00,3660.0,14.8
2021-04-26 08:00:00,4075.0,15.1
2021-04-26 09:00:00,4567.0,15.4
2021-04-26 10:00:00,4811.0,15.8
2021-04-26 11:00:00,5016.0,16.9
2021-04-26 12:00:00,4716.0,17.0
2021-04-26 13:00:00,4467.0,17.3
2021-04-26 14:00:00,4602.0,16.9
2021-04-26 15:00:00,4512.0,16.1
2021-04-26 16:00:00,4616.0,15.8
2021-04-26 17:00:00,4941.0,15.7
2021-04-26 18:00:00,4903.0,15.7
2021-04-26 19:00:00,4961.0,15.5
2021-04-26 20:00:00,4976.0,15.2
2021-04-26 21:00:00,4898.0,14.9
2021-04-26 22:00:00,4565.0,14.8
2021-04-26 23:00:00,4133.0,14.9
2021-04-27 00:00:00,3728.0,14.8
2021-04-27 01:00:00,3326.0,14.8
2021-04-27 02:00:00,3130.0,14.7
2021-04-27 03:00:00,2981.0,14.7
2021-04-27 04:00:00,2901.0,14.7
2021-04-27 05:00:00,2880.0,14.7
2021-04-27 06:00:00,3130.0,14.7
2021-04-27 07:00:00,3730.0,14.8
2021-04-27 08:00:00,4097.0,15.3
2021-04-27 09:00:00,4547.0,15.8
2021-04-27 10:00:00,4879.0,15.8
2021-04-27 11:00:00,5096.0,15.4
2021-04-27 12:00:00,4735.0,16.0
2021-04-27 13:00:00,4600.0,15.9
2021-04-27 14:00:00,4614.0,16.2
2021-04-27 15:00:00,4475.0,16.5
2021-04-27 16:00:00,4475.0,18.4
2021-04-27 17:00:00,4779.0,18.8
2021-04-27 18:00:00,4786.0,18.3
2021-04-27 19:00:00,4920.0,17.8
2021-04-27 20:00:00,4896.0,17.3
2021-04-27 21:00:00,4894.0,17.0
2021-04-27 22:00:00,4571.0,16.5
2021-04-27 23:00:00,4132.0,16.5
2021-04-28 00:00:00,3738.0,16.4
2021-04-28 01:00:00,3360.0,16.4
2021-04-28 02:00:00,3127.0,16.1
2021-04-28 03:00:00,2960.0,16.0
2021-04-28 04:00:00,2862.0,16.0
2021-04-28 05:00:00,2857.0,16.0
2021-04-28 06:00:00,3123.0,16.1
2021-04-28 07:00:00,3699.0,16.4
2021-04-28 08:00:00,4026.0,17.0
2021-04-28 09:00:00,4487.0,17.9
2021-04-28 10:00:00,4678.0,18.6
2021-04-28 11:00:00,4944.0,19.5
2021-04-28 12:00:00,4665.0,18.9
2021-04-28 13:00:00,4409.0,19.1
2021-04-28 14:00:00,4441.0,20.1
2021-04-28 15:00:00,4381.0,20.3
2021-04-28 16:00:00,4431.0,20.1
2021-04-28 17:00:00,4696.0,20.6
2021-04-28 18:00:00,4764.0,20.6
2021-04-28 19:00:00,4892.0,20.0
2021-04-28 20:00:00,4883.0,19.2
2021-04-28 21:00:00,4857.0,18.5
2021-04-28 22:00:00,4588.0,17.8
2021-04-28 23:00:00,4144.0,17.1
2021-04-29 00:00:00,3754.0,16.7
2021-04-29 01:00:00,3339.0,16.6
2021-04-29 02:00:00,3116.0,16.6
2021-04-29 03:00:00,2944.0,16.4
2021-04-29 04:00:00,2883.0,16.1
2021-04-29 05:00:00,2863.0,15.9
2021-04-29 06:00:00,3176.0,15.7
2021-04-29 07:00:00,3703.0,15.8
2021-04-29 08:00:00,4068.0,16.8
2021-04-29 09:00:00,4419.0,18.0
2021-04-29 10:00:00,4598.0,20.2
2021-04-29 11:00:00,4733.0,22.2
2021-04-29 12:00:00,4398.0,23.6
2021-04-29 13:00:00,4203.0,24.6
2021-04-29 14:00:00,4209.0,25.9
2021-04-29 15:00:00,4250.0,27.3
2021-04-29 16:00:00,4371.0,27.1
2021-04-29 17:00:00,4591.0,27.1
2021-04-29 18:00:00,4610.0,25.9
2021-04-29 19:00:00,4839.0,23.6
2021-04-29 20:00:00,4882.0,22.0
2021-04-29 21:00:00,4795.0,20.4
2021-04-29 22:00:00,4518.0,19.7
2021-04-29 23:00:00,4090.0,18.9
2021-04-30 00:00:00,3694.0,18.4
2021-04-30 01:00:00,3278.0,18.2
2021-04-30 02:00:00,3075.0,18.1
2021-04-30 03:00:00,2933.0,18.0
2021-04-30 04:00:00,2812.0,17.8
2021-04-30 05:00:00,2807.0,17.6
2021-04-30 06:00:00,3162.0,17.2
2021-04-30 07:00:00,3647.0,18.5
2021-04-30 08:00:00,3899.0,20.9
2021-04-30 09:00:00,4255.0,23.6
2021-04-30 10:00:00,4436.0,25.9
2021-04-30 11:00:00,4613.0,28.1
2021-04-30 12:00:00,4324.0,29.8
2021-04-30 13:00:00,4094.0,31.3
2021-04-30 14:00:00,4149.0,32.6
2021-04-30 15:00:00,4149.0,33.6
2021-04-30 16:00:00,4175.0,33.7
2021-04-30 17:00:00,4385.0,33.3
2021-04-30 18:00:00,4367.0,31.3
2021-04-30 19:00:00,4375.0,28.7
2021-04-30 20:00:00,4387.0,27.0
2021-04-30 21:00:00,4217.0,24.7
2021-04-30 22:00:00,3989.0,23.9
2021-04-30 23:00:00,3630.0,21.9
2021-05-01 00:00:00,3337.0,21.4
2021-05-01 01:00:00,2926.0,21.4
2021-05-01 02:00:00,2674.0,21.0
2021-05-01 03:00:00,2468.0,20.4
2021-05-01 04:00:00,2352.0,19.7
2021-05-01 05:00:00,2338.0,19.5
2021-05-01 06:00:00,2572.0,19.6
2021-05-01 07:00:00,2867.0,21.1
2021-05-01 08:00:00,3019.0,23.8
2021-05-01 09:00:00,3214.0,26.7
2021-05-01 10:00:00,3329.0,28.6
2021-05-01 11:00:00,3574.0,30.3
2021-05-01 12:00:00,3465.0,31.2
2021-05-01 13:00:00,3309.0,32.2
2021-05-01 14:00:00,3260.0,33.8
2021-05-01 15:00:00,3224.0,34.0
2021-05-01 16:00:00,3326.0,34.6
2021-05-01 17:00:00,3685.0,34.6
2021-05-01 18:00:00,3779.0,33.8
2021-05-01 19:00:00,3894.0,31.0
2021-05-01 20:00:00,4018.0,29.8
2021-05-01 21:00:00,3910.0,26.9
2021-05-01 22:00:00,3703.0,24.9
2021-05-01 23:00:00,3447.0,23.5
2021-05-02 00:00:00,3206.0,22.3
2021-05-02 01:00:00,2841.0,21.4
2021-05-02 02:00:00,2607.0,20.6
2021-05-02 03:00:00,2467.0,19.9
2021-05-02 04:00:00,2344.0,19.2
2021-05-02 05:00:00,2364.0,19.4
2021-05-02 06:00:00,2634.0,19.9
2021-05-02 07:00:00,2953.0,20.4
2021-05-02 08:00:00,3277.0,23.9
2021-05-02 09:00:00,3622.0,26.2
2021-05-02 10:00:00,3824.0,29.3
2021-05-02 11:00:00,4088.0,31.1
2021-05-02 12:00:00,4008.0,32.0
2021-05-02 13:00:00,3890.0,32.2
2021-05-02 14:00:00,3875.0,33.1
2021-05-02 15:00:00,3831.0,34.0
2021-05-02 16:00:00,3996.0,34.5
2021-05-02 17:00:00,4314.0,34.1
2021-05-02 18:00:00,4335.0,32.8
2021-05-02 19:00:00,4419.0,30.6
2021-05-02 20:00:00,4568.0,28.6
2021-05-02 21:00:00,4455.0,27.3
2021-05-02 22:00:00,4233.0,26.2
2021-05-02 23:00:00,3924.0,26.2
2021-05-03 00:00:00,3654.0,26.0
2021-05-03 01:00:00,3296.0,26.1
2021-05-03 02:00:00,3070.0,25.7
2021-05-03 03:00:00,2885.0,25.3
2021-05-03 04:00:00,2796.0,24.6
2021-05-03 05:00:00,2752.0,24.0
2021-05-03 06:00:00,2922.0,23.6
2021-05-03 07:00:00,3234.0,24.3
2021-05-03 08:00:00,3539.0,26.1
2021-05-03 09:00:00,3917.0,27.1
2021-05-03 10:00:00,4228.0,27.1
2021-05-03 11:00:00,4439.0,27.9
2021-05-03 12:00:00,4322.0,29.3
2021-05-03 13:00:00,4204.0,28.5
2021-05-03 14:00:00,4213.0,26.5
2021-05-03 15:00:00,4234.0,28.0
2021-05-03 16:00:00,4287.0,28.3
2021-05-03 17:00:00,4523.0,21.4
2021-05-03 18:00:00,4368.0,19.6
2021-05-03 19:00:00,4448.0,19.9
2021-05-03 20:00:00,4431.0,20.3
2021-05-03 21:00:00,4247.0,20.5
2021-05-03 22:00:00,3972.0,18.2
2021-05-03 23:00:00,3672.0,18.3
2021-05-04 00:00:00,3465.0,18.7
2021-05-04 01:00:00,3118.0,17.7
2021-05-04 02:00:00,2911.0,17.1
2021-05-04 03:00:00,2759.0,16.5
2021-05-04 04:00:00,2684.0,16.3
2021-05-04 05:00:00,2668.0,15.6
2021-05-04 06:00:00,2807.0,15.5
2021-05-04 07:00:00,3139.0,15.5
2021-05-04 08:00:00,3528.0,15.8
2021-05-04 09:00:00,3955.0,16.3
2021-05-04 10:00:00,4141.0,17.3
2021-05-04 11:00:00,4347.0,19.5
2021-05-04 12:00:00,4078.0,21.2
2021-05-04 13:00:00,3918.0,22.9
2021-05-04 14:00:00,3985.0,23.6
2021-05-04 15:00:00,3994.0,24.1
2021-05-04 16:00:00,4076.0,23.9
2021-05-04 17:00:00,4316.0,23.4
2021-05-04 18:00:00,4331.0,23.5
2021-05-04 19:00:00,4439.0,22.0
2021-05-04 20:00:00,4517.0,21.1
2021-05-04 21:00:00,4415.0,20.0
2021-05-04 22:00:00,4210.0,19.5
2021-05-04 23:00:00,3852.0,19.4
2021-05-05 00:00:00,3589.0,19.2
2021-05-05 01:00:00,3265.0,19.0
2021-05-05 02:00:00,3012.0,18.9
2021-05-05 03:00:00,2877.0,18.0
2021-05-05 04:00:00,2790.0,17.8
2021-05-05 05:00:00,2756.0,17.5
2021-05-05 06:00:00,3003.0,16.9
2021-05-05 07:00:00,3316.0,17.7
2021-05-05 08:00:00,3676.0,20.2
2021-05-05 09:00:00,4094.0,23.3
2021-05-05 10:00:00,4331.0,24.9
2021-05-05 11:00:00,4605.0,25.9
2021-05-05 12:00:00,4342.0,26.7
2021-05-05 13:00:00,4129.0,27.9
2021-05-05 14:00:00,4213.0,28.0
2021-05-05 15:00:00,4228.0,28.7
2021-05-05 16:00:00,4357.0,29.1
2021-05-05 17:00:00,4677.0,28.5
2021-05-05 18:00:00,4618.0,27.2
2021-05-05 19:00:00,4670.0,26.4
2021-05-05 20:00:00,4798.0,24.9
2021-05-05 21:00:00,4694.0,23.7
2021-05-05 22:00:00,4389.0,22.8
2021-05-05 23:00:00,3976.0,22.7
2021-05-06 00:00:00,3649.0,22.1
2021-05-06 01:00:00,3311.0,22.3
2021-05-06 02:00:00,3079.0,21.6
2021-05-06 03:00:00,2971.0,21.4
2021-05-06 04:00:00,2853.0,21.4
2021-05-06 05:00:00,2845.0,20.8
2021-05-06 06:00:00,3133.0,18.9
2021-05-06 07:00:00,3565.0,19.2
2021-05-06 08:00:00,3912.0,19.5
2021-05-06 09:00:00,4392.0,19.9
2021-05-06 10:00:00,4590.0,20.6
2021-05-06 11:00:00,4780.0,22.0
2021-05-06 12:00:00,4536.0,23.8
2021-05-06 13:00:00,4260.0,23.3
2021-05-06 14:00:00,4353.0,23.1
2021-05-06 15:00:00,4338.0,23.1
2021-05-06 16:00:00,4431.0,22.2
2021-05-06 17:00:00,4798.0,20.8
2021-05-06 18:00:00,4648.0,19.7
2021-05-06 19:00:00,4676.0,19.3
2021-05-06 20:00:00,4710.0,19.0
2021-05-06 21:00:00,4605.0,19.1
2021-05-06 22:00:00,4317.0,19.0
2021-05-06 23:00:00,3955.0,18.7
2021-05-07 00:00:00,3618.0,18.6
2021-05-07 01:00:00,3282.0,18.4
2021-05-07 02:00:00,3084.0,18.3
2021-05-07 03:00:00,2946.0,18.2
2021-05-07 04:00:00,2878.0,18.2
2021-05-07 05:00:00,2900.0,18.1
2021-05-07 06:00:00,3167.0,18.1
2021-05-07 07:00:00,3624.0,18.5
2021-05-07 08:00:00,3947.0,21.4
2021-05-07 09:00:00,4412.0,22.6
2021-05-07 10:00:00,4659.0,24.1
2021-05-07 11:00:00,4909.0,24.9
2021-05-07 12:00:00,4647.0,25.4
2021-05-07 13:00:00,4346.0,23.4
2021-05-07 14:00:00,4456.0,24.1
2021-05-07 15:00:00,4464.0,23.6
2021-05-07 16:00:00,4581.0,22.4
2021-05-07 17:00:00,4906.0,22.0
2021-05-07 18:00:00,4740.0,21.8
2021-05-07 19:00:00,4835.0,21.0
2021-05-07 20:00:00,4832.0,20.8
2021-05-07 21:00:00,4732.0,20.4
2021-05-07 22:00:00,4413.0,20.1
2021-05-07 23:00:00,4029.0,20.1
2021-05-08 00:00:00,3703.0,20.4
2021-05-08 01:00:00,3362.0,20.2
2021-05-08 02:00:00,3137.0,20.0
2021-05-08 03:00:00,2988.0,19.8
2021-05-08 04:00:00,2932.0,19.5
2021-05-08 05:00:00,2942.0,19.4
2021-05-08 06:00:00,3187.0,19.5
2021-05-08 07:00:00,3640.0,19.6
2021-05-08 08:00:00,3984.0,20.2
2021-05-08 09:00:00,4414.0,21.3
2021-05-08 10:00:00,4653.0,23.5
2021-05-08 11:00:00,4900.0,25.1
2021-05-08 12:00:00,4595.0,26.8
2021-05-08 13:00:00,4408.0,27.1
2021-05-08 14:00:00,4467.0,27.1
2021-05-08 15:00:00,4516.0,26.9
2021-05-08 16:00:00,4678.0,27.9
2021-05-08 17:00:00,4946.0,27.8
2021-05-08 18:00:00,4908.0,27.1
2021-05-08 19:00:00,4946.0,25.1
2021-05-08 20:00:00,5061.0,23.7
2021-05-08 21:00:00,4893.0,23.0
2021-05-08 22:00:00,4626.0,22.4
2021-05-08 23:00:00,4281.0,22.0
2021-05-09 00:00:00,3940.0,21.3
2021-05-09 01:00:00,3526.0,20.7
2021-05-09 02:00:00,3292.0,20.2
2021-05-09 03:00:00,3112.0,20.0
2021-05-09 04:00:00,3046.0,19.9
2021-05-09 05:00:00,3011.0,19.8
2021-05-09 06:00:00,3254.0,19.7
2021-05-09 07:00:00,3557.0,20.7
2021-05-09 08:00:00,3904.0,23.3
2021-05-09 09:00:00,4315.0,27.3
2021-05-09 10:00:00,4592.0,29.4
2021-05-09 11:00:00,4997.0,30.1
2021-05-09 12:00:00,4767.0,31.2
2021-05-09 13:00:00,4645.0,31.6
2021-05-09 14:00:00,4694.0,32.3
2021-05-09 15:00:00,4743.0,33.0
2021-05-09 16:00:00,4867.0,32.7
2021-05-09 17:00:00,5167.0,32.2
2021-05-09 18:00:00,5113.0,32.3
2021-05-09 19:00:00,5182.0,30.1
2021-05-09 20:00:00,5402.0,28.5
2021-05-09 21:00:00,5298.0,27.3
2021-05-09 22:00:00,4912.0,26.6
2021-05-09 23:00:00,4509.0,26.0
2021-05-10 00:00:00,4168.0,25.5
2021-05-10 01:00:00,3775.0,25.1
2021-05-10 02:00:00,3489.0,25.1
2021-05-10 03:00:00,3322.0,24.9
2021-05-10 04:00:00,3224.0,24.2
2021-05-10 05:00:00,3214.0,23.7
2021-05-10 06:00:00,3501.0,23.8
2021-05-10 07:00:00,3880.0,24.4
2021-05-10 08:00:00,4275.0,26.1
2021-05-10 09:00:00,4928.0,27.9
2021-05-10 10:00:00,5344.0,28.2
2021-05-10 11:00:00,5600.0,29.7
2021-05-10 12:00:00,5360.0,31.2
2021-05-10 13:00:00,5333.0,32.3
2021-05-10 14:00:00,5463.0,32.9
2021-05-10 15:00:00,5458.0,33.5
2021-05-10 16:00:00,5384.0,27.0
2021-05-10 17:00:00,5674.0,27.7
2021-05-10 18:00:00,5533.0,26.8
2021-05-10 19:00:00,5625.0,26.1
2021-05-10 20:00:00,5728.0,23.8
2021-05-10 21:00:00,5505.0,24.0
2021-05-10 22:00:00,5129.0,23.8
2021-05-10 23:00:00,4603.0,23.6
2021-05-11 00:00:00,4166.0,21.4
2021-05-11 01:00:00,3729.0,21.3
2021-05-11 02:00:00,3471.0,21.1
2021-05-11 03:00:00,3319.0,21.1
2021-05-11 04:00:00,3260.0,21.0
2021-05-11 05:00:00,3200.0,21.2
2021-05-11 06:00:00,3405.0,21.2
2021-05-11 07:00:00,3833.0,21.4
2021-05-11 08:00:00,4235.0,22.0
2021-05-11 09:00:00,4807.0,22.9
2021-05-11 10:00:00,5034.0,23.3
2021-05-11 11:00:00,5343.0,23.5
2021-05-11 12:00:00,5006.0,24.2
2021-05-11 13:00:00,4780.0,23.3
2021-05-11 14:00:00,4809.0,24.4
2021-05-11 15:00:00,4814.0,23.4
2021-05-11 16:00:00,4878.0,23.9
2021-05-11 17:00:00,5189.0,24.2
2021-05-11 18:00:00,5059.0,24.6
2021-05-11 19:00:00,5069.0,23.9
2021-05-11 20:00:00,5180.0,23.0
2021-05-11 21:00:00,5040.0,22.2
2021-05-11 22:00:00,4706.0,21.7
2021-05-11 23:00:00,4314.0,21.2
2021-05-12 00:00:00,3982.0,20.8
2021-05-12 01:00:00,3633.0,20.3
2021-05-12 02:00:00,3404.0,19.9
2021-05-12 03:00:00,3244.0,19.6
2021-05-12 04:00:00,3141.0,19.2
2021-05-12 05:00:00,3140.0,19.5
2021-05-12 06:00:00,3416.0,19.3
2021-05-12 07:00:00,3832.0,19.8
2021-05-12 08:00:00,4209.0,20.7
2021-05-12 09:00:00,4660.0,22.7
2021-05-12 10:00:00,4949.0,23.6
2021-05-12 11:00:00,5205.0,23.8
2021-05-12 12:00:00,4844.0,25.1
2021-05-12 13:00:00,4633.0,25.9
2021-05-12 14:00:00,4764.0,26.1
2021-05-12 15:00:00,4779.0,25.9
2021-05-12 16:00:00,4893.0,25.7
2021-05-12 17:00:00,5186.0,25.9
2021-05-12 18:00:00,5075.0,25.2
2021-05-12 19:00:00,5114.0,24.6
2021-05-12 20:00:00,5216.0,24.0
2021-05-12 21:00:00,5054.0,23.1
2021-05-12 22:00:00,4730.0,22.5
2021-05-12 23:00:00,4301.0,21.8
2021-05-13 00:00:00,3985.0,21.5
2021-05-13 01:00:00,3607.0,21.4
2021-05-13 02:00:00,3398.0,21.3
2021-05-13 03:00:00,3223.0,21.0
2021-05-13 04:00:00,3166.0,20.8
2021-05-13 05:00:00,3139.0,20.7
2021-05-13 06:00:00,3422.0,21.0
2021-05-13 07:00:00,3857.0,21.5
2021-05-13 08:00:00,4275.0,22.0
2021-05-13 09:00:00,4753.0,22.0
2021-05-13 10:00:00,4964.0,22.1
2021-05-13 11:00:00,5242.0,23.2
2021-05-13 12:00:00,4942.0,24.2
2021-05-13 13:00:00,4697.0,24.4
2021-05-13 14:00:00,4778.0,26.0
2021-05-13 15:00:00,4865.0,26.6
2021-05-13 16:00:00,4958.0,26.6
2021-05-13 17:00:00,5288.0,26.4
2021-05-13 18:00:00,5155.0,25.8
2021-05-13 19:00:00,5150.0,25.1
2021-05-13 20:00:00,5308.0,24.4
2021-05-13 21:00:00,5165.0,24.2
2021-05-13 22:00:00,4851.0,24.1
2021-05-13 23:00:00,4466.0,23.7
2021-05-14 00:00:00,4135.0,23.8
2021-05-14 01:00:00,3727.0,23.8
2021-05-14 02:00:00,3520.0,23.5
2021-05-14 03:00:00,3326.0,23.5
2021-05-14 04:00:00,3233.0,23.0
2021-05-14 05:00:00,3222.0,23.0
2021-05-14 06:00:00,3545.0,22.9
2021-05-14 07:00:00,3972.0,23.6
2021-05-14 08:00:00,4410.0,27.0
2021-05-14 09:00:00,5057.0,29.4
2021-05-14 10:00:00,5479.0,30.9
2021-05-14 11:00:00,5808.0,31.9
2021-05-14 12:00:00,5618.0,31.9
2021-05-14 13:00:00,5609.0,32.8
2021-05-14 14:00:00,5629.0,32.6
2021-05-14 15:00:00,5586.0,30.7
2021-05-14 16:00:00,5733.0,32.3
2021-05-14 17:00:00,5959.0,32.0
2021-05-14 18:00:00,5801.0,31.3
2021-05-14 19:00:00,5831.0,30.1
2021-05-14 20:00:00,5930.0,29.1
2021-05-14 21:00:00,5754.0,29.0
2021-05-14 22:00:00,5527.0,28.5
2021-05-14 23:00:00,5121.0,28.1
2021-05-15 00:00:00,4748.0,27.4
2021-05-15 01:00:00,4291.0,27.0
2021-05-15 02:00:00,4017.0,26.7
2021-05-15 03:00:00,3814.0,26.6
2021-05-15 04:00:00,3684.0,26.3
2021-05-15 05:00:00,3630.0,26.1
2021-05-15 06:00:00,3843.0,26.0
2021-05-15 07:00:00,4101.0,27.6
2021-05-15 08:00:00,4589.0,29.2
2021-05-15 09:00:00,5189.0,30.7
2021-05-15 10:00:00,5641.0,32.3
2021-05-15 11:00:00,6049.0,32.8
2021-05-15 12:00:00,5943.0,33.7
2021-05-15 13:00:00,5911.0,34.1
2021-05-15 14:00:00,6063.0,34.7
2021-05-15 15:00:00,6006.0,34.9
2021-05-15 16:00:00,6140.0,34.7
2021-05-15 17:00:00,6267.0,34.0
2021-05-15 18:00:00,6147.0,33.2
2021-05-15 19:00:00,6125.0,31.8
2021-05-15 20:00:00,6200.0,31.2
2021-05-15 21:00:00,6134.0,30.6
2021-05-15 22:00:00,5951.0,30.0
2021-05-15 23:00:00,5649.0,29.8
2021-05-16 00:00:00,4815.0,22.4
2021-05-16 01:00:00,4333.0,22.0
2021-05-16 02:00:00,4004.0,22.1
2021-05-16 03:00:00,3769.0,22.2
2021-05-16 04:00:00,3630.0,22.2
2021-05-16 05:00:00,3588.0,22.2
2021-05-16 06:00:00,3638.0,22.3
2021-05-16 07:00:00,3839.0,22.4
2021-05-16 08:00:00,4167.0,22.9
2021-05-16 09:00:00,4596.0,21.9
2021-05-16 10:00:00,4839.0,21.6
2021-05-16 11:00:00,5105.0,21.4
2021-05-16 12:00:00,4880.0,21.3
2021-05-16 13:00:00,4609.0,20.6
2021-05-16 14:00:00,4494.0,19.7
2021-05-16 15:00:00,4436.0,19.1
2021-05-16 16:00:00,4483.0,19.0
2021-05-16 17:00:00,4857.0,18.5
2021-05-16 18:00:00,4661.0,18.2
2021-05-16 19:00:00,4641.0,17.9
2021-05-16 20:00:00,4681.0,17.8
2021-05-16 21:00:00,4533.0,17.8
2021-05-16 22:00:00,4174.0,17.7
2021-05-16 23:00:00,3866.0,17.5
2021-05-17 00:00:00,3604.0,17.3
2021-05-17 01:00:00,3283.0,17.0
2021-05-17 02:00:00,3090.0,16.8
2021-05-17 03:00:00,2964.0,16.4
2021-05-17 04:00:00,2904.0,16.0
2021-05-17 05:00:00,2920.0,15.9
2021-05-17 06:00:00,3245.0,16.0
2021-05-17 07:00:00,3662.0,16.4
2021-05-17 08:00:00,3993.0,17.5
2021-05-17 09:00:00,4429.0,18.6
2021-05-17 10:00:00,4664.0,19.6
2021-05-17 11:00:00,5167.0,21.5
2021-05-17 12:00:00,4864.0,19.6
2021-05-17 13:00:00,4676.0,19.0
2021-05-17 14:00:00,4668.0,18.3
2021-05-17 15:00:00,4696.0,17.4
2021-05-17 16:00:00,4802.0,16.9
2021-05-17 17:00:00,5069.0,16.8
2021-05-17 18:00:00,4804.0,16.5
2021-05-17 19:00:00,4721.0,16.2
2021-05-17 20:00:00,4794.0,16.1
2021-05-17 21:00:00,4819.0,16.3
2021-05-17 22:00:00,4423.0,16.4
2021-05-17 23:00:00,4058.0,16.3
2021-05-18 00:00:00,3654.0,16.3
2021-05-18 01:00:00,3328.0,16.4
2021-05-18 02:00:00,3128.0,16.5
2021-05-18 03:00:00,3017.0,16.5
2021-05-18 04:00:00,2927.0,16.5
2021-05-18 05:00:00,2948.0,16.5
2021-05-18 06:00:00,3248.0,16.6
2021-05-18 07:00:00,3667.0,17.1
2021-05-18 08:00:00,4020.0,18.1
2021-05-18 09:00:00,4469.0,18.1
2021-05-18 10:00:00,4764.0,17.5
2021-05-18 11:00:00,4990.0,17.4
2021-05-18 12:00:00,4602.0,16.7
2021-05-18 13:00:00,4361.0,16.6
2021-05-18 14:00:00,4368.0,17.3
2021-05-18 15:00:00,4401.0,17.9
2021-05-18 16:00:00,4486.0,18.5
2021-05-18 17:00:00,4800.0,18.4
2021-05-18 18:00:00,4766.0,18.2
2021-05-18 19:00:00,4748.0,18.1
2021-05-18 20:00:00,4790.0,18.1
2021-05-18 21:00:00,4686.0,17.8
2021-05-18 22:00:00,4357.0,17.7
2021-05-18 23:00:00,4002.0,17.6
2021-05-19 00:00:00,3674.0,17.8
2021-05-19 01:00:00,3356.0,17.6
2021-05-19 02:00:00,3154.0,17.6
2021-05-19 03:00:00,3009.0,17.5
2021-05-19 04:00:00,2942.0,17.5
2021-05-19 05:00:00,2923.0,17.4
2021-05-19 06:00:00,3124.0,17.2
2021-05-19 07:00:00,3619.0,17.1
2021-05-19 08:00:00,4047.0,17.1
2021-05-19 09:00:00,4582.0,17.3
2021-05-19 10:00:00,4816.0,17.2
2021-05-19 11:00:00,5050.0,17.3
2021-05-19 12:00:00,4672.0,17.4
2021-05-19 13:00:00,4396.0,17.5
2021-05-19 14:00:00,4377.0,18.0
2021-05-19 15:00:00,4416.0,18.4
2021-05-19 16:00:00,4517.0,18.3
2021-05-19 17:00:00,4789.0,18.4
2021-05-19 18:00:00,4738.0,18.0
2021-05-19 19:00:00,4720.0,17.6
2021-05-19 20:00:00,4788.0,17.5
2021-05-19 21:00:00,4739.0,17.6
2021-05-19 22:00:00,4450.0,17.6
2021-05-19 23:00:00,4047.0,17.5
2021-05-20 00:00:00,3721.0,17.5
2021-05-20 01:00:00,3363.0,17.0
2021-05-20 02:00:00,3174.0,16.9
2021-05-20 03:00:00,3026.0,16.7
2021-05-20 04:00:00,2970.0,16.2
2021-05-20 05:00:00,2951.0,16.1
2021-05-20 06:00:00,3247.0,16.4
2021-05-20 07:00:00,3699.0,17.8
2021-05-20 08:00:00,4068.0,19.2
2021-05-20 09:00:00,4426.0,20.1
2021-05-20 10:00:00,4671.0,20.8
2021-05-20 11:00:00,4935.0,21.2
2021-05-20 12:00:00,4627.0,21.9
2021-05-20 13:00:00,4373.0,21.3
2021-05-20 14:00:00,4460.0,21.4
2021-05-20 15:00:00,4465.0,20.8
2021-05-20 16:00:00,4596.0,20.4
2021-05-20 17:00:00,4952.0,19.8
2021-05-20 18:00:00,4824.0,18.7
2021-05-20 19:00:00,4801.0,18.3
2021-05-20 20:00:00,4878.0,17.7
2021-05-20 21:00:00,4781.0,17.8
2021-05-20 22:00:00,4413.0,17.6
2021-05-20 23:00:00,4042.0,17.5
2021-05-21 00:00:00,3751.0,17.1
2021-05-21 01:00:00,3374.0,17.0
2021-05-21 02:00:00,3157.0,16.7
2021-05-21 03:00:00,3021.0,16.5
2021-05-21 04:00:00,2954.0,16.6
2021-05-21 05:00:00,2964.0,16.7
2021-05-21 06:00:00,3276.0,16.7
2021-05-21 07:00:00,3708.0,17.6
2021-05-21 08:00:00,4043.0,18.0
2021-05-21 09:00:00,4461.0,19.8
2021-05-21 10:00:00,4738.0,20.2
2021-05-21 11:00:00,4994.0,20.4
2021-05-21 12:00:00,4637.0,19.5
2021-05-21 13:00:00,4415.0,19.5
2021-05-21 14:00:00,4523.0,19.5
2021-05-21 15:00:00,4523.0,19.3
2021-05-21 16:00:00,4615.0,19.3
2021-05-21 17:00:00,4964.0,19.4
2021-05-21 18:00:00,4873.0,19.1
2021-05-21 19:00:00,4866.0,19.1
2021-05-21 20:00:00,4805.0,19.0
2021-05-21 21:00:00,4697.0,18.9
2021-05-21 22:00:00,4427.0,18.9
2021-05-21 23:00:00,4087.0,19.0
2021-05-22 00:00:00,3758.0,19.1
2021-05-22 01:00:00,3428.0,19.0
2021-05-22 02:00:00,3221.0,19.0
2021-05-22 03:00:00,3030.0,18.4
2021-05-22 04:00:00,2951.0,17.9
2021-05-22 05:00:00,2930.0,17.6
2021-05-22 06:00:00,3094.0,17.4
2021-05-22 07:00:00,3474.0,17.4
2021-05-22 08:00:00,3940.0,17.7
2021-05-22 09:00:00,4445.0,18.1
2021-05-22 10:00:00,4681.0,18.5
2021-05-22 11:00:00,5002.0,18.6
2021-05-22 12:00:00,4682.0,19.6
2021-05-22 13:00:00,4506.0,19.8
2021-05-22 14:00:00,4508.0,19.7
2021-05-22 15:00:00,4429.0,19.5
2021-05-22 16:00:00,4539.0,19.3
2021-05-22 17:00:00,4919.0,19.2
2021-05-22 18:00:00,4746.0,19.3
2021-05-22 19:00:00,4722.0,19.2
2021-05-22 20:00:00,4715.0,19.2
2021-05-22 21:00:00,4611.0,19.2
2021-05-22 22:00:00,4346.0,19.2
2021-05-22 23:00:00,4063.0,19.3
2021-05-23 00:00:00,3737.0,19.2
2021-05-23 01:00:00,3364.0,19.2
2021-05-23 02:00:00,3138.0,19.1
2021-05-23 03:00:00,2984.0,19.0
2021-05-23 04:00:00,2912.0,18.8
2021-05-23 05:00:00,2879.0,18.7
2021-05-23 06:00:00,3062.0,18.7
2021-05-23 07:00:00,3381.0,18.8
2021-05-23 08:00:00,3796.0,18.9
2021-05-23 09:00:00,4321.0,19.0
2021-05-23 10:00:00,4559.0,19.3
2021-05-23 11:00:00,4833.0,19.7
2021-05-23 12:00:00,4616.0,20.2
2021-05-23 13:00:00,4364.0,20.4
2021-05-23 14:00:00,4331.0,20.3
2021-05-23 15:00:00,4323.0,20.0
2021-05-23 16:00:00,4432.0,19.7
2021-05-23 17:00:00,4826.0,19.0
2021-05-23 18:00:00,4737.0,18.5
2021-05-23 19:00:00,4733.0,18.4
2021-05-23 20:00:00,4729.0,18.3
2021-05-23 21:00:00,4644.0,18.3
2021-05-23 22:00:00,4245.0,18.2
2021-05-23 23:00:00,3891.0,18.3
2021-05-24 00:00:00,3595.0,18.5
2021-05-24 01:00:00,3231.0,18.4
2021-05-24 02:00:00,3005.0,18.4
2021-05-24 03:00:00,2889.0,18.1
2021-05-24 04:00:00,2807.0,18.2
2021-05-24 05:00:00,2820.0,18.1
2021-05-24 06:00:00,3185.0,18.0
2021-05-24 07:00:00,3625.0,18.3
2021-05-24 08:00:00,3959.0,19.4
2021-05-24 09:00:00,4388.0,20.6
2021-05-24 10:00:00,4553.0,22.4
2021-05-24 11:00:00,4905.0,22.5
2021-05-24 12:00:00,4527.0,23.5
2021-05-24 13:00:00,4269.0,24.9
2021-05-24 14:00:00,4269.0,25.3
2021-05-24 15:00:00,4334.0,26.1
2021-05-24 16:00:00,4493.0,27.2
2021-05-24 17:00:00,4847.0,26.6
2021-05-24 18:00:00,4851.0,25.0
2021-05-24 19:00:00,4936.0,23.4
2021-05-24 20:00:00,4948.0,21.1
2021-05-24 21:00:00,4797.0,20.4
2021-05-24 22:00:00,4460.0,20.9
2021-05-24 23:00:00,4088.0,21.2
2021-05-25 00:00:00,3747.0,21.0
2021-05-25 01:00:00,3380.0,20.6
2021-05-25 02:00:00,3183.0,20.1
2021-05-25 03:00:00,3035.0,20.0
2021-05-25 04:00:00,2934.0,19.6
2021-05-25 05:00:00,2978.0,19.5
2021-05-25 06:00:00,3264.0,19.6
2021-05-25 07:00:00,3716.0,19.8
2021-05-25 08:00:00,4075.0,19.7
2021-05-25 09:00:00,4554.0,19.6
2021-05-25 10:00:00,4746.0,20.8
2021-05-25 11:00:00,4950.0,21.9
2021-05-25 12:00:00,4608.0,22.4
2021-05-25 13:00:00,4352.0,22.6
2021-05-25 14:00:00,4433.0,23.7
2021-05-25 15:00:00,4439.0,24.8
2021-05-25 16:00:00,4533.0,25.5
2021-05-25 17:00:00,4866.0,24.8
2021-05-25 18:00:00,4869.0,24.3
2021-05-25 19:00:00,4893.0,24.0
2021-05-25 20:00:00,4928.0,23.7
2021-05-25 21:00:00,4872.0,23.2
2021-05-25 22:00:00,4566.0,22.7
2021-05-25 23:00:00,4128.0,22.3
2021-05-26 00:00:00,3807.0,22.3
2021-05-26 01:00:00,3421.0,22.3
2021-05-26 02:00:00,3216.0,21.9
2021-05-26 03:00:00,3067.0,21.6
2021-05-26 04:00:00,2980.0,21.3
2021-05-26 05:00:00,2976.0,21.1
2021-05-26 06:00:00,3269.0,21.0
2021-05-26 07:00:00,3715.0,21.6
2021-05-26 08:00:00,4082.0,22.6
2021-05-26 09:00:00,4568.0,23.8
2021-05-26 10:00:00,4806.0,25.4
2021-05-26 11:00:00,5074.0,26.3
2021-05-26 12:00:00,4857.0,27.9
2021-05-26 13:00:00,4762.0,26.4
2021-05-26 14:00:00,4671.0,22.8
2021-05-26 15:00:00,4643.0,21.5
2021-05-26 16:00:00,4723.0,21.6
2021-05-26 17:00:00,5041.0,20.9
2021-05-26 18:00:00,4907.0,20.5
2021-05-26 19:00:00,4934.0,20.2
2021-05-26 20:00:00,4933.0,19.9
2021-05-26 21:00:00,4780.0,19.9
2021-05-26 22:00:00,4458.0,19.9
2021-05-26 23:00:00,4065.0,19.9
2021-05-27 00:00:00,3751.0,21.25
2021-05-27 01:00:00,3382.0,21.15
2021-05-27 02:00:00,3187.0,20.9
2021-05-27 03:00:00,3014.0,20.8
2021-05-27 04:00:00,2946.0,20.6
2021-05-27 05:00:00,2994.0,19.4
2021-05-27 06:00:00,3297.0,19.2
2021-05-27 07:00:00,3724.0,19.9
2021-05-27 08:00:00,4078.0,20.9
2021-05-27 09:00:00,4571.0,22.8
2021-05-27 10:00:00,4801.0,24.5
2021-05-27 11:00:00,5015.0,25.2
2021-05-27 12:00:00,4788.0,26.1
2021-05-27 13:00:00,4566.0,25.3
2021-05-27 14:00:00,4626.0,25.4
2021-05-27 15:00:00,4611.0,25.4
2021-05-27 16:00:00,4748.0,24.8
2021-05-27 17:00:00,5021.0,23.6
2021-05-27 18:00:00,4926.0,22.4
2021-05-27 19:00:00,4981.0,21.3
2021-05-27 20:00:00,4971.0,20.9
2021-05-27 21:00:00,4882.0,20.6
2021-05-27 22:00:00,4567.0,20.5
2021-05-27 23:00:00,4144.0,20.4
2021-05-28 00:00:00,3831.0,20.2
2021-05-28 01:00:00,3440.0,20.0
2021-05-28 02:00:00,3211.0,19.9
2021-05-28 03:00:00,3088.0,20.0
2021-05-28 04:00:00,3002.0,19.9
2021-05-28 05:00:00,2980.0,19.97
2021-05-28 06:00:00,3308.0,20.03
2021-05-28 07:00:00,3734.0,20.1
2021-05-28 08:00:00,4095.0,20.4
2021-05-28 09:00:00,4510.0,21.5
2021-05-28 10:00:00,4755.0,23.4
2021-05-28 11:00:00,5048.0,23.1
2021-05-28 12:00:00,4688.0,22.9
2021-05-28 13:00:00,4483.0,23.0
2021-05-28 14:00:00,4597.0,23.3
2021-05-28 15:00:00,4538.0,23.1
2021-05-28 16:00:00,4663.0,23.0
2021-05-28 17:00:00,5013.0,21.7
2021-05-28 18:00:00,4850.0,20.8
2021-05-28 19:00:00,4839.0,20.6
2021-05-28 20:00:00,4856.0,19.9
2021-05-28 21:00:00,4735.0,19.6
2021-05-28 22:00:00,4420.0,19.6
2021-05-28 23:00:00,4105.0,19.6
2021-05-29 00:00:00,3794.0,19.5
2021-05-29 01:00:00,3428.0,19.6
2021-05-29 02:00:00,3216.0,19.6
2021-05-29 03:00:00,3064.0,19.6
2021-05-29 04:00:00,2980.0,19.5
2021-05-29 05:00:00,2963.0,19.5
2021-05-29 06:00:00,3208.0,19.7
2021-05-29 07:00:00,3508.0,19.7
2021-05-29 08:00:00,3908.0,19.5
2021-05-29 09:00:00,4427.0,19.6
2021-05-29 10:00:00,4693.0,19.7
2021-05-29 11:00:00,4965.0,19.7
2021-05-29 12:00:00,4685.0,19.7
2021-05-29 13:00:00,4422.0,19.7
2021-05-29 14:00:00,4426.0,20.0
2021-05-29 15:00:00,4396.0,20.2
2021-05-29 16:00:00,4500.0,20.2
2021-05-29 17:00:00,4775.0,20.3
2021-05-29 18:00:00,4823.0,20.2
2021-05-29 19:00:00,4772.0,20.1
2021-05-29 20:00:00,4723.0,19.9
2021-05-29 21:00:00,4628.0,19.7
2021-05-29 22:00:00,4366.0,19.6
2021-05-29 23:00:00,4021.0,19.6
2021-05-30 00:00:00,3723.0,19.5
2021-05-30 01:00:00,3391.0,19.4
2021-05-30 02:00:00,3130.0,19.3
2021-05-30 03:00:00,2973.0,19.2
2021-05-30 04:00:00,2905.0,19.2
2021-05-30 05:00:00,2866.0,19.0
2021-05-30 06:00:00,3101.0,19.0
2021-05-30 07:00:00,3372.0,19.6
2021-05-30 08:00:00,3706.0,20.1
2021-05-30 09:00:00,4126.0,20.9
2021-05-30 10:00:00,4333.0,21.6
2021-05-30 11:00:00,4641.0,22.1
2021-05-30 12:00:00,4407.0,23.0
2021-05-30 13:00:00,4148.0,23.6
2021-05-30 14:00:00,4201.0,24.9
2021-05-30 15:00:00,4138.0,24.7
2021-05-30 16:00:00,4241.0,25.2
2021-05-30 17:00:00,4579.0,26.3
2021-05-30 18:00:00,4609.0,26.1
2021-05-30 19:00:00,4649.0,24.5
2021-05-30 20:00:00,4805.0,23.0
2021-05-30 21:00:00,4762.0,21.9
2021-05-30 22:00:00,4367.0,21.2
2021-05-30 23:00:00,3999.0,20.9
2021-05-31 00:00:00,3673.0,20.5
2021-05-31 01:00:00,3269.0,20.4
2021-05-31 02:00:00,3026.0,20.2
2021-05-31 03:00:00,2875.0,20.2
2021-05-31 04:00:00,2830.0,19.9
2021-05-31 05:00:00,2834.0,19.9
2021-05-31 06:00:00,3202.0,19.8
2021-05-31 07:00:00,3627.0,21.1
2021-05-31 08:00:00,4014.0,22.0
2021-05-31 09:00:00,4500.0,24.0
2021-05-31 10:00:00,4717.0,26.9
2021-05-31 11:00:00,5060.0,27.4
2021-05-31 12:00:00,4820.0,28.8
2021-05-31 13:00:00,4666.0,29.2
2021-05-31 14:00:00,4712.0,29.5
2021-05-31 15:00:00,4752.0,30.6
2021-05-31 16:00:00,4916.0,30.2
2021-05-31 17:00:00,5247.0,30.9
2021-05-31 18:00:00,5220.0,31.0
2021-05-31 19:00:00,5228.0,28.4
2021-05-31 20:00:00,5232.0,27.5
2021-05-31 21:00:00,5110.0,26.7
2021-05-31 22:00:00,4807.0,26.4
2021-05-31 23:00:00,4391.0,25.6
2021-06-01 00:00:00,4051.0,25.1
2021-06-01 01:00:00,3663.0,24.7
2021-06-01 02:00:00,3378.0,24.3
2021-06-01 03:00:00,3208.0,23.8
2021-06-01 04:00:00,3158.0,23.7
2021-06-01 05:00:00,3131.0,23.7
2021-06-01 06:00:00,3408.0,23.5
2021-06-01 07:00:00,3774.0,24.5
2021-06-01 08:00:00,4283.0,25.2
2021-06-01 09:00:00,4835.0,28.5
2021-06-01 10:00:00,5223.0,29.1
2021-06-01 11:00:00,5580.0,31.0
2021-06-01 12:00:00,5401.0,31.3
2021-06-01 13:00:00,5282.0,31.8
2021-06-01 14:00:00,5318.0,32.1
2021-06-01 15:00:00,5337.0,33.2
2021-06-01 16:00:00,5463.0,32.9
2021-06-01 17:00:00,5740.0,32.2
2021-06-01 18:00:00,5627.0,31.7
2021-06-01 19:00:00,5559.0,29.7
2021-06-01 20:00:00,5672.0,28.7
2021-06-01 21:00:00,5575.0,28.4
2021-06-01 22:00:00,5025.0,27.9
2021-06-01 23:00:00,4601.0,27.1
2021-06-02 00:00:00,4383.0,25.1
2021-06-02 01:00:00,3931.0,24.3
2021-06-02 02:00:00,3676.0,23.6
2021-06-02 03:00:00,3484.0,23.2
2021-06-02 04:00:00,3346.0,22.6
2021-06-02 05:00:00,3331.0,22.2
2021-06-02 06:00:00,3550.0,22.3
2021-06-02 07:00:00,3980.0,22.8
2021-06-02 08:00:00,4383.0,23.5
2021-06-02 09:00:00,4980.0,24.6
2021-06-02 10:00:00,5304.0,26.0
2021-06-02 11:00:00,5638.0,26.6
2021-06-02 12:00:00,5498.0,27.4
2021-06-02 13:00:00,5362.0,29.0
2021-06-02 14:00:00,5444.0,30.0
2021-06-02 15:00:00,5460.0,30.3
2021-06-02 16:00:00,5619.0,31.5
2021-06-02 17:00:00,5913.0,30.5
2021-06-02 18:00:00,5805.0,30.4
2021-06-02 19:00:00,5780.0,29.2
2021-06-02 20:00:00,5878.0,27.9
2021-06-02 21:00:00,5786.0,27.4
2021-06-02 22:00:00,5453.0,26.8
2021-06-02 23:00:00,4997.0,26.3
2021-06-03 00:00:00,4625.0,25.8
2021-06-03 01:00:00,4168.0,25.6
2021-06-03 02:00:00,3895.0,25.4
2021-06-03 03:00:00,3719.0,25.4
2021-06-03 04:00:00,3574.0,25.2
2021-06-03 05:00:00,3543.0,25.0
2021-06-03 06:00:00,3781.0,25.1
2021-06-03 07:00:00,4161.0,24.9
2021-06-03 08:00:00,4620.0,25.1
2021-06-03 09:00:00,5200.0,26.5
2021-06-03 10:00:00,5255.0,25.9
2021-06-03 11:00:00,5371.0,23.3
2021-06-03 12:00:00,4888.0,22.3
2021-06-03 13:00:00,4831.0,20.9
2021-06-03 14:00:00,4764.0,21.2
2021-06-03 15:00:00,4726.0,20.9
2021-06-03 16:00:00,4796.0,20.8
2021-06-03 17:00:00,5088.0,21.2
2021-06-03 18:00:00,4989.0,20.7
2021-06-03 19:00:00,4925.0,20.8
2021-06-03 20:00:00,4951.0,20.2
2021-06-03 21:00:00,4808.0,19.4
2021-06-03 22:00:00,4452.0,19.6
2021-06-03 23:00:00,4075.0,19.4
2021-06-04 00:00:00,3828.0,18.4
2021-06-04 01:00:00,3501.0,18.5
2021-06-04 02:00:00,3291.0,18.6
2021-06-04 03:00:00,3162.0,18.6
2021-06-04 04:00:00,3072.0,18.6
2021-06-04 05:00:00,3093.0,18.7
2021-06-04 06:00:00,3407.0,18.5
2021-06-04 07:00:00,3798.0,19.0
2021-06-04 08:00:00,4130.0,20.7
2021-06-04 09:00:00,4622.0,22.5
2021-06-04 10:00:00,4917.0,23.6
2021-06-04 11:00:00,5139.0,25.2
2021-06-04 12:00:00,4872.0,25.9
2021-06-04 13:00:00,4745.0,26.7
2021-06-04 14:00:00,4720.0,26.6
2021-06-04 15:00:00,4844.0,26.1
2021-06-04 16:00:00,4922.0,25.6
2021-06-04 17:00:00,5088.0,24.6
2021-06-04 18:00:00,4976.0,24.6
2021-06-04 19:00:00,4936.0,24.4
2021-06-04 20:00:00,5127.0,23.9
2021-06-04 21:00:00,4951.0,23.0
2021-06-04 22:00:00,4708.0,22.1
2021-06-04 23:00:00,4370.0,20.9
2021-06-05 00:00:00,4045.0,20.0
2021-06-05 01:00:00,3631.0,19.1
2021-06-05 02:00:00,3383.0,18.4
2021-06-05 03:00:00,3223.0,17.7
2021-06-05 04:00:00,3137.0,17.1
2021-06-05 05:00:00,3118.0,16.9
2021-06-05 06:00:00,3425.0,17.3
2021-06-05 07:00:00,3684.0,19.7
2021-06-05 08:00:00,4082.0,22.4
2021-06-05 09:00:00,4521.0,24.4
2021-06-05 10:00:00,4824.0,25.6
2021-06-05 11:00:00,5096.0,26.8
2021-06-05 12:00:00,4905.0,28.5
2021-06-05 13:00:00,4751.0,29.5
2021-06-05 14:00:00,4822.0,31.0
2021-06-05 15:00:00,4828.0,31.5
2021-06-05 16:00:00,4940.0,31.9
2021-06-05 17:00:00,5249.0,32.2
2021-06-05 18:00:00,5194.0,31.3
2021-06-05 19:00:00,5143.0,29.3
2021-06-05 20:00:00,5273.0,27.7
2021-06-05 21:00:00,5117.0,26.8
2021-06-05 22:00:00,4802.0,24.3
2021-06-05 23:00:00,4449.0,22.8
2021-06-06 00:00:00,4141.0,22.0
2021-06-06 01:00:00,3750.0,21.2
2021-06-06 02:00:00,3490.0,20.8
2021-06-06 03:00:00,3313.0,20.1
2021-06-06 04:00:00,3206.0,19.1
2021-06-06 05:00:00,3196.0,19.2
2021-06-06 06:00:00,3450.0,18.8
2021-06-06 07:00:00,3725.0,21.8
2021-06-06 08:00:00,4074.0,23.8
2021-06-06 09:00:00,4492.0,26.9
2021-06-06 10:00:00,4850.0,28.8
2021-06-06 11:00:00,5153.0,30.2
2021-06-06 12:00:00,5002.0,31.2
2021-06-06 13:00:00,4858.0,32.5
2021-06-06 14:00:00,4945.0,33.6
2021-06-06 15:00:00,5001.0,34.4
2021-06-06 16:00:00,5095.0,34.2
2021-06-06 17:00:00,5392.0,34.6
2021-06-06 18:00:00,5412.0,32.7
2021-06-06 19:00:00,5267.0,31.3
2021-06-06 20:00:00,5474.0,29.6
2021-06-06 21:00:00,5378.0,27.1
2021-06-06 22:00:00,5019.0,26.0
2021-06-06 23:00:00,4620.0,25.8
2021-06-07 00:00:00,4297.0,25.3
2021-06-07 01:00:00,3858.0,24.4
2021-06-07 02:00:00,3594.0,23.9
2021-06-07 03:00:00,3416.0,23.3
2021-06-07 04:00:00,3315.0,22.9
2021-06-07 05:00:00,3308.0,22.4
2021-06-07 06:00:00,3597.0,22.8
2021-06-07 07:00:00,4022.0,24.0
2021-06-07 08:00:00,4403.0,27.8
2021-06-07 09:00:00,5091.0,29.9
2021-06-07 10:00:00,5470.0,31.7
2021-06-07 11:00:00,5803.0,32.5
2021-06-07 12:00:00,5678.0,32.7
2021-06-07 13:00:00,5535.0,33.7
2021-06-07 14:00:00,5510.0,34.3
2021-06-07 15:00:00,5634.0,34.7
2021-06-07 16:00:00,5733.0,34.0
2021-06-07 17:00:00,5890.0,34.0
2021-06-07 18:00:00,5843.0,33.8
2021-06-07 19:00:00,5820.0,31.9
2021-06-07 20:00:00,5905.0,30.9
2021-06-07 21:00:00,5742.0,28.1
2021-06-07 22:00:00,5323.0,26.9
2021-06-07 23:00:00,4889.0,26.6
2021-06-08 00:00:00,4741.0,25.8
2021-06-08 01:00:00,4323.0,25.1
2021-06-08 02:00:00,3999.0,24.9
2021-06-08 03:00:00,3854.0,24.7
2021-06-08 04:00:00,3713.0,23.7
2021-06-08 05:00:00,3661.0,23.6
2021-06-08 06:00:00,3931.0,23.4
2021-06-08 07:00:00,4311.0,24.8
2021-06-08 08:00:00,4767.0,28.4
2021-06-08 09:00:00,5500.0,30.0
2021-06-08 10:00:00,5971.0,32.0
2021-06-08 11:00:00,6365.0,33.4
2021-06-08 12:00:00,6220.0,33.7
2021-06-08 13:00:00,6246.0,34.9
2021-06-08 14:00:00,6195.0,35.0
2021-06-08 15:00:00,6200.0,35.5
2021-06-08 16:00:00,6284.0,36.3
2021-06-08 17:00:00,6410.0,35.2
2021-06-08 18:00:00,6262.0,34.5
2021-06-08 19:00:00,6206.0,33.6
2021-06-08 20:00:00,6333.0,31.7
2021-06-08 21:00:00,6323.0,30.3
2021-06-08 22:00:00,6114.0,29.0
2021-06-08 23:00:00,5713.0,28.1
2021-06-09 00:00:00,5348.0,27.9
2021-06-09 01:00:00,4882.0,27.5
2021-06-09 02:00:00,4600.0,27.2
2021-06-09 03:00:00,4354.0,26.7
2021-06-09 04:00:00,4194.0,26.5
2021-06-09 05:00:00,4137.0,26.4
2021-06-09 06:00:00,4362.0,26.1
2021-06-09 07:00:00,4668.0,27.9
2021-06-09 08:00:00,5149.0,29.7
2021-06-09 09:00:00,5987.0,32.1
2021-06-09 10:00:00,6527.0,32.6
2021-06-09 11:00:00,6932.0,34.4
2021-06-09 12:00:00,6825.0,34.7
2021-06-09 13:00:00,6869.0,34.6
2021-06-09 14:00:00,6806.0,35.9
2021-06-09 15:00:00,6786.0,35.0
2021-06-09 16:00:00,6842.0,34.5
2021-06-09 17:00:00,7058.0,33.7
2021-06-09 18:00:00,6745.0,32.8
2021-06-09 19:00:00,6608.0,29.6
2021-06-09 20:00:00,6789.0,28.2
2021-06-09 21:00:00,6921.0,29.3
2021-06-09 22:00:00,6788.0,28.7
2021-06-09 23:00:00,6363.0,28.4
2021-06-10 00:00:00,5942.0,28.3
2021-06-10 01:00:00,5427.0,27.8
2021-06-10 02:00:00,5062.0,27.6
2021-06-10 03:00:00,4821.0,27.4
2021-06-10 04:00:00,4593.0,27.1
2021-06-10 05:00:00,4513.0,26.1
2021-06-10 06:00:00,4644.0,26.1
2021-06-10 07:00:00,4839.0,26.3
2021-06-10 08:00:00,5124.0,26.7
2021-06-10 09:00:00,5729.0,25.9
2021-06-10 10:00:00,6083.0,24.5
2021-06-10 11:00:00,6255.0,24.4
2021-06-10 12:00:00,5969.0,24.5
2021-06-10 13:00:00,5822.0,24.6
2021-06-10 14:00:00,5797.0,24.7
2021-06-10 15:00:00,5719.0,24.8
2021-06-10 16:00:00,5831.0,25.5
2021-06-10 17:00:00,6038.0,25.5
2021-06-10 18:00:00,5868.0,25.0
2021-06-10 19:00:00,5811.0,24.7
2021-06-10 20:00:00,5960.0,24.4
2021-06-10 21:00:00,5839.0,24.4
2021-06-10 22:00:00,5574.0,24.2
2021-06-10 23:00:00,5209.0,24.3
2021-06-11 00:00:00,4854.0,24.2
2021-06-11 01:00:00,4443.0,24.1
2021-06-11 02:00:00,4157.0,23.8
2021-06-11 03:00:00,3984.0,23.7
2021-06-11 04:00:00,3847.0,23.7
2021-06-11 05:00:00,3834.0,23.8
2021-06-11 06:00:00,4038.0,23.8
2021-06-11 07:00:00,4378.0,24.0
2021-06-11 08:00:00,4813.0,24.4
2021-06-11 09:00:00,5471.0,24.9
2021-06-11 10:00:00,5821.0,25.6
2021-06-11 11:00:00,6112.0,27.7
2021-06-11 12:00:00,5952.0,28.9
2021-06-11 13:00:00,5912.0,28.9
2021-06-11 14:00:00,5955.0,29.5
2021-06-11 15:00:00,5977.0,29.8
2021-06-11 16:00:00,6035.0,29.2
2021-06-11 17:00:00,6218.0,27.9
2021-06-11 18:00:00,6015.0,28.0
2021-06-11 19:00:00,5938.0,27.2
2021-06-11 20:00:00,6022.0,26.5
2021-06-11 21:00:00,5917.0,26.3
2021-06-11 22:00:00,5732.0,25.9
2021-06-11 23:00:00,5437.0,25.8
2021-06-12 00:00:00,5074.0,25.6
2021-06-12 01:00:00,4628.0,25.4
2021-06-12 02:00:00,4344.0,25.3
2021-06-12 03:00:00,4084.0,25.0
2021-06-12 04:00:00,3920.0,24.7
2021-06-12 05:00:00,3853.0,24.7
2021-06-12 06:00:00,4046.0,24.7
2021-06-12 07:00:00,4284.0,25.3
2021-06-12 08:00:00,4710.0,27.7
2021-06-12 09:00:00,5324.0,30.3
2021-06-12 10:00:00,5807.0,31.7
2021-06-12 11:00:00,6197.0,31.7
2021-06-12 12:00:00,6185.0,32.6
2021-06-12 13:00:00,6257.0,34.1
2021-06-12 14:00:00,6281.0,34.3
2021-06-12 15:00:00,6248.0,34.3
2021-06-12 16:00:00,6280.0,32.7
2021-06-12 17:00:00,6386.0,34.5
2021-06-12 18:00:00,6268.0,32.8
2021-06-12 19:00:00,6191.0,31.9
2021-06-12 20:00:00,6435.0,29.4
2021-06-12 21:00:00,6381.0,27.9
2021-06-12 22:00:00,6180.0,27.7
2021-06-12 23:00:00,5780.0,26.9
2021-06-13 00:00:00,5394.0,26.1
2021-06-13 01:00:00,4886.0,26.0
2021-06-13 02:00:00,4528.0,25.9
2021-06-13 03:00:00,4284.0,25.8
2021-06-13 04:00:00,4112.0,25.2
2021-06-13 05:00:00,4054.0,25.0
2021-06-13 06:00:00,4135.0,25.2
2021-06-13 07:00:00,4324.0,27.2
2021-06-13 08:00:00,4606.0,29.4
2021-06-13 09:00:00,5072.0,30.3
2021-06-13 10:00:00,5565.0,31.6
2021-06-13 11:00:00,5933.0,32.6
2021-06-13 12:00:00,6006.0,33.5
2021-06-13 13:00:00,6445.0,34.3
2021-06-13 14:00:00,6360.0,33.6
2021-06-13 15:00:00,6322.0,34.3
2021-06-13 16:00:00,6358.0,34.8
2021-06-13 17:00:00,6420.0,34.9
2021-06-13 18:00:00,6344.0,34.0
2021-06-13 19:00:00,6155.0,32.3
2021-06-13 20:00:00,6333.0,31.3
2021-06-13 21:00:00,6449.0,30.5
2021-06-13 22:00:00,6154.0,29.7
2021-06-13 23:00:00,5886.0,29.2
2021-06-14 00:00:00,5519.0,28.6
2021-06-14 01:00:00,4952.0,28.0
2021-06-14 02:00:00,4559.0,27.6
2021-06-14 03:00:00,4256.0,27.2
2021-06-14 04:00:00,4030.0,27.0
2021-06-14 05:00:00,3884.0,26.6
2021-06-14 06:00:00,3931.0,26.5
2021-06-14 07:00:00,3995.0,27.5
2021-06-14 08:00:00,4135.0,28.4
2021-06-14 09:00:00,4370.0,30.4
2021-06-14 10:00:00,4827.0,32.2
2021-06-14 11:00:00,5201.0,33.4
2021-06-14 12:00:00,5389.0,33.9
2021-06-14 13:00:00,5676.0,34.5
2021-06-14 14:00:00,5741.0,34.8
2021-06-14 15:00:00,5706.0,34.6
2021-06-14 16:00:00,5778.0,34.9
2021-06-14 17:00:00,5983.0,34.2
2021-06-14 18:00:00,5913.0,34.0
2021-06-14 19:00:00,5697.0,33.0
2021-06-14 20:00:00,6144.0,31.6
2021-06-14 21:00:00,6574.0,30.8
2021-06-14 22:00:00,6621.0,29.9
2021-06-14 23:00:00,6254.0,29.4
2021-06-15 00:00:00,5817.0,28.8
2021-06-15 01:00:00,5350.0,28.7
2021-06-15 02:00:00,4964.0,28.3
2021-06-15 03:00:00,4715.0,28.0
2021-06-15 04:00:00,4482.0,28.0
2021-06-15 05:00:00,4376.0,27.8
2021-06-15 06:00:00,4449.0,27.4
2021-06-15 07:00:00,4628.0,27.8
2021-06-15 08:00:00,5056.0,28.5
2021-06-15 09:00:00,5898.0,30.4
2021-06-15 10:00:00,6379.0,31.8
2021-06-15 11:00:00,6695.0,32.0
2021-06-15 12:00:00,7229.0,33.8
2021-06-15 13:00:00,7347.0,34.4
2021-06-15 14:00:00,7135.0,33.7
2021-06-15 15:00:00,7018.0,34.8
2021-06-15 16:00:00,6935.0,34.5
2021-06-15 17:00:00,6981.0,34.5
2021-06-15 18:00:00,6853.0,34.1
2021-06-15 19:00:00,6859.0,32.7
2021-06-15 20:00:00,7161.0,31.2
2021-06-15 21:00:00,7775.0,30.4
2021-06-15 22:00:00,7887.0,30.0
2021-06-15 23:00:00,7455.0,29.6
2021-06-16 00:00:00,6902.0,28.9
2021-06-16 01:00:00,6325.0,28.4
2021-06-16 02:00:00,5924.0,27.8
2021-06-16 03:00:00,5575.0,27.3
2021-06-16 04:00:00,5331.0,27.1
2021-06-16 05:00:00,5168.0,27.5
2021-06-16 06:00:00,5221.0,27.7
2021-06-16 07:00:00,5328.0,27.8
2021-06-16 08:00:00,5678.0,28.3
2021-06-16 09:00:00,6505.0,30.1
2021-06-16 10:00:00,7074.0,31.4
2021-06-16 11:00:00,7512.0,32.1
2021-06-16 12:00:00,7499.0,32.8
2021-06-16 13:00:00,7776.0,34.6
2021-06-16 14:00:00,7746.0,35.2
2021-06-16 15:00:00,7690.0,35.2
2021-06-16 16:00:00,7663.0,35.5
2021-06-16 17:00:00,7897.0,35.1
2021-06-16 18:00:00,7721.0,34.8
2021-06-16 19:00:00,7699.0,33.0
2021-06-16 20:00:00,8014.0,32.0
2021-06-16 21:00:00,8232.0,31.4
2021-06-16 22:00:00,8169.0,30.3
2021-06-16 23:00:00,7708.0,30.1
2021-06-17 00:00:00,7202.0,29.5
2021-06-17 01:00:00,6598.0,28.6
2021-06-17 02:00:00,6203.0,28.3
2021-06-17 03:00:00,5885.0,28.0
2021-06-17 04:00:00,5609.0,28.1
2021-06-17 05:00:00,5457.0,28.1
2021-06-17 06:00:00,5455.0,28.1
2021-06-17 07:00:00,5548.0,28.4
2021-06-17 08:00:00,5889.0,28.8
2021-06-17 09:00:00,6804.0,29.8
2021-06-17 10:00:00,7305.0,31.1
2021-06-17 11:00:00,7659.0,31.2
2021-06-17 12:00:00,7554.0,30.3
2021-06-17 13:00:00,7906.0,33.1
2021-06-17 14:00:00,7842.0,34.3
2021-06-17 15:00:00,7875.0,34.3
2021-06-17 16:00:00,7889.0,34.4
2021-06-17 17:00:00,8061.0,34.4
2021-06-17 18:00:00,7894.0,33.4
2021-06-17 19:00:00,7776.0,32.6
2021-06-17 20:00:00,7587.0,27.4
2021-06-17 21:00:00,7505.0,26.0
2021-06-17 22:00:00,7230.0,26.1
2021-06-17 23:00:00,6800.0,25.8
2021-06-18 00:00:00,6297.0,26.2
2021-06-18 01:00:00,5715.0,25.8
2021-06-18 02:00:00,5285.0,24.9
2021-06-18 03:00:00,4956.0,24.2
2021-06-18 04:00:00,4736.0,23.7
2021-06-18 05:00:00,4626.0,23.6
2021-06-18 06:00:00,4696.0,23.7
2021-06-18 07:00:00,4877.0,23.4
2021-06-18 08:00:00,5222.0,23.9
2021-06-18 09:00:00,5849.0,24.2
2021-06-18 10:00:00,6191.0,24.9
2021-06-18 11:00:00,6458.0,26.3
2021-06-18 12:00:00,6297.0,26.5
2021-06-18 13:00:00,6246.0,26.3
2021-06-18 14:00:00,6265.0,27.5
2021-06-18 15:00:00,6281.0,28.2
2021-06-18 16:00:00,6310.0,27.2
2021-06-18 17:00:00,6435.0,26.1
2021-06-18 18:00:00,6160.0,26.0
2021-06-18 19:00:00,5964.0,25.2
2021-06-18 20:00:00,5992.0,24.6
2021-06-18 21:00:00,5931.0,23.9
2021-06-18 22:00:00,5688.0,23.8
2021-06-18 23:00:00,5332.0,23.8
2021-06-19 00:00:00,4983.0,23.4
2021-06-19 01:00:00,4610.0,23.4
2021-06-19 02:00:00,4274.0,23.2
2021-06-19 03:00:00,4087.0,23.0
2021-06-19 04:00:00,3938.0,22.9
2021-06-19 05:00:00,3868.0,22.7
2021-06-19 06:00:00,3994.0,22.5
2021-06-19 07:00:00,4226.0,22.0
2021-06-19 08:00:00,4644.0,22.0
2021-06-19 09:00:00,5129.0,22.2
2021-06-19 10:00:00,5456.0,23.8
2021-06-19 11:00:00,5754.0,25.1
2021-06-19 12:00:00,5528.0,24.9
2021-06-19 13:00:00,5320.0,24.9
2021-06-19 14:00:00,5278.0,23.2
2021-06-19 15:00:00,5295.0,23.1
2021-06-19 16:00:00,5267.0,23.8
2021-06-19 17:00:00,5409.0,23.5
2021-06-19 18:00:00,5304.0,23.4
2021-06-19 19:00:00,5188.0,22.8
2021-06-19 20:00:00,5229.0,22.5
2021-06-19 21:00:00,5147.0,22.3
2021-06-19 22:00:00,4839.0,21.9
2021-06-19 23:00:00,4560.0,21.1
2021-06-20 00:00:00,4277.0,21.0
2021-06-20 01:00:00,3929.0,21.1
2021-06-20 02:00:00,3689.0,21.2
2021-06-20 03:00:00,3511.0,21.1
2021-06-20 04:00:00,3410.0,20.8
2021-06-20 05:00:00,3404.0,20.8
2021-06-20 06:00:00,3587.0,20.8
2021-06-20 07:00:00,3842.0,21.0
2021-06-20 08:00:00,4213.0,21.7
2021-06-20 09:00:00,4629.0,22.2
2021-06-20 10:00:00,4900.0,22.5
2021-06-20 11:00:00,5143.0,22.6
2021-06-20 12:00:00,4864.0,22.8
2021-06-20 13:00:00,4653.0,22.9
2021-06-20 14:00:00,4685.0,23.6
2021-06-20 15:00:00,4767.0,23.2
2021-06-20 16:00:00,4843.0,24.4
2021-06-20 17:00:00,5080.0,23.8
2021-06-20 18:00:00,5095.0,24.1
2021-06-20 19:00:00,5047.0,23.8
2021-06-20 20:00:00,5141.0,23.0
2021-06-20 21:00:00,5063.0,22.7
2021-06-20 22:00:00,4773.0,22.6
2021-06-20 23:00:00,4426.0,22.8
2021-06-21 00:00:00,4132.0,22.7
2021-06-21 01:00:00,3783.0,22.5
2021-06-21 02:00:00,3542.0,22.1
2021-06-21 03:00:00,3383.0,21.7
2021-06-21 04:00:00,3298.0,21.3
2021-06-21 05:00:00,3297.0,21.6
2021-06-21 06:00:00,3625.0,21.3
2021-06-21 07:00:00,4035.0,22.0
2021-06-21 08:00:00,4473.0,23.1
2021-06-21 09:00:00,5054.0,23.9
2021-06-21 10:00:00,5368.0,24.7
2021-06-21 11:00:00,5653.0,25.8
2021-06-21 12:00:00,5480.0,27.9
2021-06-21 13:00:00,5418.0,28.7
2021-06-21 14:00:00,5520.0,29.2
2021-06-21 15:00:00,5587.0,29.3
2021-06-21 16:00:00,5733.0,28.5
2021-06-21 17:00:00,5990.0,28.6
2021-06-21 18:00:00,5839.0,28.3
2021-06-21 19:00:00,5750.0,27.3
2021-06-21 20:00:00,5847.0,26.5
2021-06-21 21:00:00,5762.0,26.1
2021-06-21 22:00:00,5425.0,25.7
2021-06-21 23:00:00,5018.0,25.2
2021-06-22 00:00:00,4663.0,25.1
2021-06-22 01:00:00,4263.0,24.8
2021-06-22 02:00:00,4031.0,24.6
2021-06-22 03:00:00,3821.0,24.3
2021-06-22 04:00:00,3720.0,23.8
2021-06-22 05:00:00,3706.0,23.5
2021-06-22 06:00:00,3935.0,23.5
2021-06-22 07:00:00,4334.0,24.1
2021-06-22 08:00:00,4802.0,25.5
2021-06-22 09:00:00,5488.0,27.7
2021-06-22 10:00:00,5967.0,29.2
2021-06-22 11:00:00,6222.0,29.2
2021-06-22 12:00:00,5963.0,31.1
2021-06-22 13:00:00,5931.0,31.6
2021-06-22 14:00:00,5946.0,31.9
2021-06-22 15:00:00,6048.0,31.2
2021-06-22 16:00:00,6136.0,31.7
2021-06-22 17:00:00,6402.0,31.9
2021-06-22 18:00:00,6235.0,30.3
2021-06-22 19:00:00,6159.0,29.1
2021-06-22 20:00:00,6245.0,28.4
2021-06-22 21:00:00,6184.0,28.0
2021-06-22 22:00:00,5850.0,27.6
2021-06-22 23:00:00,5393.0,27.0
2021-06-23 00:00:00,5030.0,26.5
2021-06-23 01:00:00,4580.0,26.0
2021-06-23 02:00:00,4312.0,26.3
2021-06-23 03:00:00,4099.0,25.9
2021-06-23 04:00:00,3968.0,25.3
2021-06-23 05:00:00,3912.0,25.0
2021-06-23 06:00:00,4163.0,24.6
2021-06-23 07:00:00,4531.0,25.2
2021-06-23 08:00:00,5056.0,26.7
2021-06-23 09:00:00,5802.0,29.3
2021-06-23 10:00:00,6239.0,30.3
2021-06-23 11:00:00,6540.0,31.9
2021-06-23 12:00:00,6391.0,32.5
2021-06-23 13:00:00,6379.0,32.5
2021-06-23 14:00:00,6354.0,33.2
2021-06-23 15:00:00,6401.0,32.9
2021-06-23 16:00:00,6493.0,33.2
2021-06-23 17:00:00,6739.0,32.5
2021-06-23 18:00:00,6520.0,31.8
2021-06-23 19:00:00,6390.0,30.8
2021-06-23 20:00:00,6519.0,29.7
2021-06-23 21:00:00,6550.0,28.5
2021-06-23 22:00:00,6284.0,27.4
2021-06-23 23:00:00,5907.0,26.8
2021-06-24 00:00:00,5481.0,26.5
2021-06-24 01:00:00,4991.0,26.2
2021-06-24 02:00:00,4687.0,25.8
2021-06-24 03:00:00,4445.0,25.4
2021-06-24 04:00:00,4268.0,24.8
2021-06-24 05:00:00,4194.0,24.3
2021-06-24 06:00:00,4407.0,24.4
2021-06-24 07:00:00,4740.0,25.7
2021-06-24 08:00:00,5240.0,28.7
2021-06-24 09:00:00,6021.0,30.6
2021-06-24 10:00:00,6492.0,31.6
2021-06-24 11:00:00,6872.0,32.0
2021-06-24 12:00:00,6833.0,32.6
2021-06-24 13:00:00,6875.0,33.2
2021-06-24 14:00:00,6821.0,33.0
2021-06-24 15:00:00,6802.0,33.9
2021-06-24 16:00:00,6874.0,33.5
2021-06-24 17:00:00,7068.0,34.0
2021-06-24 18:00:00,6876.0,32.4
2021-06-24 19:00:00,6782.0,30.3
2021-06-24 20:00:00,6942.0,29.3
2021-06-24 21:00:00,7027.0,28.4
2021-06-24 22:00:00,6797.0,28.0
2021-06-24 23:00:00,6390.0,27.3
2021-06-25 00:00:00,5925.0,26.7
2021-06-25 01:00:00,5426.0,26.4
2021-06-25 02:00:00,5032.0,26.0
2021-06-25 03:00:00,4759.0,25.6
2021-06-25 04:00:00,4587.0,25.4
2021-06-25 05:00:00,4477.0,25.8
2021-06-25 06:00:00,4658.0,25.9
2021-06-25 07:00:00,4979.0,26.9
2021-06-25 08:00:00,5478.0,30.1
2021-06-25 09:00:00,6349.0,32.1
2021-06-25 10:00:00,6924.0,32.2
2021-06-25 11:00:00,7313.0,32.4
2021-06-25 12:00:00,7306.0,33.8
2021-06-25 13:00:00,7446.0,34.1
2021-06-25 14:00:00,7373.0,34.1
2021-06-25 15:00:00,7328.0,34.1
2021-06-25 16:00:00,7398.0,33.9
2021-06-25 17:00:00,7549.0,32.6
2021-06-25 18:00:00,7322.0,30.1
2021-06-25 19:00:00,7199.0,30.5
2021-06-25 20:00:00,7409.0,29.5
2021-06-25 21:00:00,7542.0,29.3
2021-06-25 22:00:00,7420.0,28.8
2021-06-25 23:00:00,7078.0,28.6
2021-06-26 00:00:00,6640.0,28.4
2021-06-26 01:00:00,6066.0,28.0
2021-06-26 02:00:00,5701.0,27.4
2021-06-26 03:00:00,5366.0,27.1
2021-06-26 04:00:00,5107.0,26.8
2021-06-26 05:00:00,4974.0,26.7
2021-06-26 06:00:00,5039.0,26.6
2021-06-26 07:00:00,5226.0,28.3
2021-06-26 08:00:00,5687.0,30.3
2021-06-26 09:00:00,6479.0,31.9
2021-06-26 10:00:00,7063.0,33.2
2021-06-26 11:00:00,7565.0,34.1
2021-06-26 12:00:00,7612.0,34.0
2021-06-26 13:00:00,7796.0,35.2
2021-06-26 14:00:00,7900.0,35.7
2021-06-26 15:00:00,7804.0,34.9
2021-06-26 16:00:00,7789.0,35.8
2021-06-26 17:00:00,7863.0,34.9
2021-06-26 18:00:00,7704.0,35.4
2021-06-26 19:00:00,7472.0,33.8
2021-06-26 20:00:00,7729.0,32.9
2021-06-26 21:00:00,7979.0,31.9
2021-06-26 22:00:00,7933.0,31.2
2021-06-26 23:00:00,7652.0,30.7
2021-06-27 00:00:00,7208.0,30.4
2021-06-27 01:00:00,6648.0,29.6
2021-06-27 02:00:00,6184.0,29.3
2021-06-27 03:00:00,5850.0,28.7
2021-06-27 04:00:00,5590.0,28.5
2021-06-27 05:00:00,5416.0,28.4
2021-06-27 06:00:00,5358.0,28.2
2021-06-27 07:00:00,5370.0,28.3
2021-06-27 08:00:00,5623.0,29.0
2021-06-27 09:00:00,6163.0,29.9
2021-06-27 10:00:00,6666.0,30.6
2021-06-27 11:00:00,7090.0,30.6
2021-06-27 12:00:00,7228.0,32.0
2021-06-27 13:00:00,7395.0,32.3
2021-06-27 14:00:00,7537.0,33.2
2021-06-27 15:00:00,7541.0,34.7
2021-06-27 16:00:00,7620.0,34.2
2021-06-27 17:00:00,7741.0,34.0
2021-06-27 18:00:00,7589.0,32.9
2021-06-27 19:00:00,7440.0,32.2
2021-06-27 20:00:00,7818.0,31.5
2021-06-27 21:00:00,8078.0,31.1
2021-06-27 22:00:00,7997.0,30.5
2021-06-27 23:00:00,7495.0,30.3
2021-06-28 00:00:00,6991.0,29.8
2021-06-28 01:00:00,6244.0,29.8
2021-06-28 02:00:00,5735.0,28.3
2021-06-28 03:00:00,5327.0,26.7
2021-06-28 04:00:00,5153.0,26.6
2021-06-28 05:00:00,5033.0,26.9
2021-06-28 06:00:00,5028.0,26.9
2021-06-28 07:00:00,5161.0,25.8
2021-06-28 08:00:00,5552.0,25.9
2021-06-28 09:00:00,6304.0,26.1
2021-06-28 10:00:00,6768.0,26.7
2021-06-28 11:00:00,7101.0,27.4
2021-06-28 12:00:00,7067.0,27.5
2021-06-28 13:00:00,7045.0,28.2
2021-06-28 14:00:00,7018.0,29.6
2021-06-28 15:00:00,6944.0,28.8
2021-06-28 16:00:00,7025.0,28.4
2021-06-28 17:00:00,7240.0,28.2
2021-06-28 18:00:00,7111.0,29.1
2021-06-28 19:00:00,7089.0,29.0
2021-06-28 20:00:00,7322.0,28.2
2021-06-28 21:00:00,7379.0,27.7
2021-06-28 22:00:00,7158.0,27.3
2021-06-28 23:00:00,6694.0,27.1
2021-06-29 00:00:00,6186.0,26.8
2021-06-29 01:00:00,5664.0,26.5
2021-06-29 02:00:00,5351.0,26.4
2021-06-29 03:00:00,5066.0,26.5
2021-06-29 04:00:00,4843.0,25.7
2021-06-29 05:00:00,4688.0,25.0
2021-06-29 06:00:00,4766.0,24.9
2021-06-29 07:00:00,4986.0,25.0
2021-06-29 08:00:00,5437.0,25.5
2021-06-29 09:00:00,6211.0,25.9
2021-06-29 10:00:00,6723.0,27.0
2021-06-29 11:00:00,7105.0,28.1
2021-06-29 12:00:00,7105.0,29.2
2021-06-29 13:00:00,6958.0,28.4
2021-06-29 14:00:00,6706.0,28.1
2021-06-29 15:00:00,6571.0,27.8
2021-06-29 16:00:00,6659.0,27.1
2021-06-29 17:00:00,6832.0,27.6
2021-06-29 18:00:00,6715.0,28.0
2021-06-29 19:00:00,6702.0,27.6
2021-06-29 20:00:00,6857.0,27.2
2021-06-29 21:00:00,6908.0,27.0
2021-06-29 22:00:00,6521.0,26.2
2021-06-29 23:00:00,6000.0,25.6
2021-06-30 00:00:00,5578.0,25.3
2021-06-30 01:00:00,5077.0,25.1
2021-06-30 02:00:00,4766.0,25.1
2021-06-30 03:00:00,4535.0,25.1
2021-06-30 04:00:00,4352.0,25.0
2021-06-30 05:00:00,4272.0,25.0
2021-06-30 06:00:00,4390.0,25.0
2021-06-30 07:00:00,4727.0,25.0
2021-06-30 08:00:00,5190.0,25.6
2021-06-30 09:00:00,5966.0,26.9
2021-06-30 10:00:00,6404.0,27.4
2021-06-30 11:00:00,6636.0,26.7
2021-06-30 12:00:00,6510.0,27.4
2021-06-30 13:00:00,6504.0,27.4
2021-06-30 14:00:00,6450.0,28.7
2021-06-30 15:00:00,6385.0,29.0
2021-06-30 16:00:00,6408.0,28.3
2021-06-30 17:00:00,6665.0,26.8
2021-06-30 18:00:00,6384.0,26.5
2021-06-30 19:00:00,6244.0,26.1
2021-06-30 20:00:00,6259.0,25.4
2021-06-30 21:00:00,6033.0,25.3
2021-06-30 22:00:00,5763.0,25.4
2021-06-30 23:00:00,5393.0,25.4
2021-07-01 00:00:00,5113.0,25.5
2021-07-01 01:00:00,4702.0,25.5
2021-07-01 02:00:00,4416.0,25.5
2021-07-01 03:00:00,4218.0,25.4
2021-07-01 04:00:00,4064.0,25.2
2021-07-01 05:00:00,3998.0,25.2
2021-07-01 06:00:00,4202.0,25.2
2021-07-01 07:00:00,4562.0,25.2
2021-07-01 08:00:00,5081.0,25.5
2021-07-01 09:00:00,5776.0,25.7
2021-07-01 10:00:00,6222.0,26.5
2021-07-01 11:00:00,6548.0,26.8
2021-07-01 12:00:00,6420.0,27.5
2021-07-01 13:00:00,6347.0,28.0
2021-07-01 14:00:00,6290.0,28.6
2021-07-01 15:00:00,6276.0,29.4
2021-07-01 16:00:00,6401.0,29.6
2021-07-01 17:00:00,6595.0,29.7
2021-07-01 18:00:00,6435.0,28.9
2021-07-01 19:00:00,6395.0,28.6
2021-07-01 20:00:00,6532.0,28.3
2021-07-01 21:00:00,6540.0,28.2
2021-07-01 22:00:00,6205.0,28.0
2021-07-01 23:00:00,5830.0,27.4
2021-07-02 00:00:00,5449.0,27.3
2021-07-02 01:00:00,4974.0,27.2
2021-07-02 02:00:00,4671.0,27.0
2021-07-02 03:00:00,4421.0,26.7
2021-07-02 04:00:00,4264.0,26.6
2021-07-02 05:00:00,4167.0,26.2
2021-07-02 06:00:00,4316.0,25.9
2021-07-02 07:00:00,4679.0,25.7
2021-07-02 08:00:00,5215.0,26.3
2021-07-02 09:00:00,6024.0,27.4
2021-07-02 10:00:00,6479.0,28.1
2021-07-02 11:00:00,6819.0,29.1
2021-07-02 12:00:00,6636.0,28.9
2021-07-02 13:00:00,6439.0,29.1
2021-07-02 14:00:00,6521.0,30.0
2021-07-02 15:00:00,6439.0,30.4
2021-07-02 16:00:00,6611.0,31.1
2021-07-02 17:00:00,6793.0,30.4
2021-07-02 18:00:00,6605.0,30.1
2021-07-02 19:00:00,6509.0,29.5
2021-07-02 20:00:00,6653.0,29.0
2021-07-02 21:00:00,6660.0,28.4
2021-07-02 22:00:00,6458.0,29.0
2021-07-02 23:00:00,6098.0,28.8
2021-07-03 00:00:00,5687.0,28.1
2021-07-03 01:00:00,5224.0,27.4
2021-07-03 02:00:00,4862.0,26.9
2021-07-03 03:00:00,4606.0,26.6
2021-07-03 04:00:00,4421.0,26.6
2021-07-03 05:00:00,4323.0,26.5
2021-07-03 06:00:00,4340.0,26.3
2021-07-03 07:00:00,4591.0,26.4
2021-07-03 08:00:00,4986.0,26.6
2021-07-03 09:00:00,5533.0,26.6
2021-07-03 10:00:00,5936.0,26.7
2021-07-03 11:00:00,6200.0,26.6
2021-07-03 12:00:00,6045.0,26.3
2021-07-03 13:00:00,5888.0,26.5
2021-07-03 14:00:00,5921.0,27.1
2021-07-03 15:00:00,5969.0,27.5
2021-07-03 16:00:00,6152.0,28.5
2021-07-03 17:00:00,6411.0,27.8
2021-07-03 18:00:00,6325.0,27.6
2021-07-03 19:00:00,6279.0,27.4
2021-07-03 20:00:00,6379.0,27.0
2021-07-03 21:00:00,6360.0,26.7
2021-07-03 22:00:00,6087.0,26.4
2021-07-03 23:00:00,5757.0,26.2
2021-07-04 00:00:00,5346.0,26.0
2021-07-04 01:00:00,4825.0,25.6
2021-07-04 02:00:00,4559.0,25.5
2021-07-04 03:00:00,4327.0,25.3
2021-07-04 04:00:00,4183.0,25.1
2021-07-04 05:00:00,4092.0,25.0
2021-07-04 06:00:00,4200.0,25.0
2021-07-04 07:00:00,4416.0,25.1
2021-07-04 08:00:00,4709.0,25.2
2021-07-04 09:00:00,5173.0,25.2
2021-07-04 10:00:00,5628.0,25.2
2021-07-04 11:00:00,5883.0,25.2
2021-07-04 12:00:00,5914.0,26.0
2021-07-04 13:00:00,5816.0,27.0
2021-07-04 14:00:00,5821.0,28.1
2021-07-04 15:00:00,5920.0,29.0
2021-07-04 16:00:00,6023.0,30.1
2021-07-04 17:00:00,6351.0,30.2
2021-07-04 18:00:00,6210.0,29.9
2021-07-04 19:00:00,6142.0,28.8
2021-07-04 20:00:00,6373.0,28.1
2021-07-04 21:00:00,6507.0,27.7
2021-07-04 22:00:00,6190.0,27.7
2021-07-04 23:00:00,5811.0,27.6
2021-07-05 00:00:00,5226.0,26.2
2021-07-05 01:00:00,4740.0,26.3
2021-07-05 02:00:00,4436.0,26.2
2021-07-05 03:00:00,4220.0,26.1
2021-07-05 04:00:00,4086.0,26.1
2021-07-05 05:00:00,4047.0,25.9
2021-07-05 06:00:00,4266.0,25.9
2021-07-05 07:00:00,4672.0,26.5
2021-07-05 08:00:00,5366.0,28.9
2021-07-05 09:00:00,6342.0,30.7
2021-07-05 10:00:00,6865.0,32.5
2021-07-05 11:00:00,7206.0,32.8
2021-07-05 12:00:00,7245.0,34.1
2021-07-05 13:00:00,7354.0,34.4
2021-07-05 14:00:00,7342.0,35.2
2021-07-05 15:00:00,7260.0,35.6
2021-07-05 16:00:00,7410.0,35.6
2021-07-05 17:00:00,7573.0,35.0
2021-07-05 18:00:00,7245.0,33.8
2021-07-05 19:00:00,7108.0,33.1
2021-07-05 20:00:00,7404.0,31.7
2021-07-05 21:00:00,7691.0,30.5
2021-07-05 22:00:00,7418.0,29.7
2021-07-05 23:00:00,7035.0,29.4
2021-07-06 00:00:00,6623.0,29.1
2021-07-06 01:00:00,6046.0,28.6
2021-07-06 02:00:00,5623.0,28.1
2021-07-06 03:00:00,5281.0,28.2
2021-07-06 04:00:00,5025.0,27.8
2021-07-06 05:00:00,4869.0,27.5
2021-07-06 06:00:00,4978.0,26.7
2021-07-06 07:00:00,5276.0,29.0
2021-07-06 08:00:00,5896.0,31.5
2021-07-06 09:00:00,6788.0,32.3
2021-07-06 10:00:00,7340.0,33.0
2021-07-06 11:00:00,7772.0,33.5
2021-07-06 12:00:00,7901.0,34.6
2021-07-06 13:00:00,8007.0,35.0
2021-07-06 14:00:00,8001.0,35.8
2021-07-06 15:00:00,7869.0,36.4
2021-07-06 16:00:00,7929.0,36.2
2021-07-06 17:00:00,7985.0,35.3
2021-07-06 18:00:00,7740.0,34.8
2021-07-06 19:00:00,7660.0,34.4
2021-07-06 20:00:00,7923.0,33.4
2021-07-06 21:00:00,8150.0,31.8
2021-07-06 22:00:00,8000.0,30.4
2021-07-06 23:00:00,7559.0,29.8
2021-07-07 00:00:00,7050.0,29.1
2021-07-07 01:00:00,6396.0,28.8
2021-07-07 02:00:00,5991.0,28.4
2021-07-07 03:00:00,5646.0,27.7
2021-07-07 04:00:00,5401.0,27.6
2021-07-07 05:00:00,5248.0,27.0
2021-07-07 06:00:00,5276.0,26.8
2021-07-07 07:00:00,5513.0,27.9
2021-07-07 08:00:00,5992.0,30.3
2021-07-07 09:00:00,6960.0,31.1
2021-07-07 10:00:00,7599.0,32.4
2021-07-07 11:00:00,8117.0,34.0
2021-07-07 12:00:00,8283.0,35.4
2021-07-07 13:00:00,8516.0,35.8
2021-07-07 14:00:00,8498.0,32.1
2021-07-07 15:00:00,8349.0,35.0
2021-07-07 16:00:00,8381.0,36.1
2021-07-07 17:00:00,8440.0,36.1
2021-07-07 18:00:00,8099.0,34.8
2021-07-07 19:00:00,8001.0,33.8
2021-07-07 20:00:00,8257.0,31.0
2021-07-07 21:00:00,8447.0,29.8
2021-07-07 22:00:00,8293.0,29.0
2021-07-07 23:00:00,7822.0,29.0
2021-07-08 00:00:00,7313.0,28.7
2021-07-08 01:00:00,6684.0,28.5
2021-07-08 02:00:00,6283.0,28.1
2021-07-08 03:00:00,5956.0,27.8
2021-07-08 04:00:00,5702.0,27.7
2021-07-08 05:00:00,5549.0,27.5
2021-07-08 06:00:00,5481.0,27.6
2021-07-08 07:00:00,5675.0,29.1
2021-07-08 08:00:00,6185.0,30.0
2021-07-08 09:00:00,7053.0,31.5
2021-07-08 10:00:00,7633.0,32.2
2021-07-08 11:00:00,8063.0,33.1
2021-07-08 12:00:00,8171.0,33.7
2021-07-08 13:00:00,8364.0,34.6
2021-07-08 14:00:00,8363.0,34.8
2021-07-08 15:00:00,8253.0,34.6
2021-07-08 16:00:00,8132.0,33.8
2021-07-08 17:00:00,8107.0,32.9
2021-07-08 18:00:00,7694.0,32.3
2021-07-08 19:00:00,7636.0,31.9
2021-07-08 20:00:00,7934.0,31.4
2021-07-08 21:00:00,8251.0,30.5
2021-07-08 22:00:00,8168.0,30.1
2021-07-08 23:00:00,7793.0,29.2
2021-07-09 00:00:00,7304.0,28.7
2021-07-09 01:00:00,6687.0,28.3
2021-07-09 02:00:00,6254.0,28.1
2021-07-09 03:00:00,5919.0,28.1
2021-07-09 04:00:00,5650.0,27.8
2021-07-09 05:00:00,5491.0,27.5
2021-07-09 06:00:00,5505.0,27.1
2021-07-09 07:00:00,5704.0,28.9
2021-07-09 08:00:00,6215.0,30.0
2021-07-09 09:00:00,7124.0,31.0
2021-07-09 10:00:00,7664.0,32.4
2021-07-09 11:00:00,8109.0,32.7
2021-07-09 12:00:00,8234.0,32.9
2021-07-09 13:00:00,8482.0,33.9
2021-07-09 14:00:00,8387.0,34.0
2021-07-09 15:00:00,8227.0,34.1
2021-07-09 16:00:00,8252.0,33.9
2021-07-09 17:00:00,8317.0,33.8
2021-07-09 18:00:00,8000.0,33.3
2021-07-09 19:00:00,7869.0,32.5
2021-07-09 20:00:00,8162.0,31.4
2021-07-09 21:00:00,8362.0,30.8
2021-07-09 22:00:00,8360.0,30.2
2021-07-09 23:00:00,7988.0,29.6
2021-07-10 00:00:00,7512.0,29.2
2021-07-10 01:00:00,6929.0,28.7
2021-07-10 02:00:00,6489.0,28.4
2021-07-10 03:00:00,6111.0,28.2
2021-07-10 04:00:00,5820.0,27.9
2021-07-10 05:00:00,5585.0,27.6
2021-07-10 06:00:00,5508.0,27.3
2021-07-10 07:00:00,5685.0,29.1
2021-07-10 08:00:00,6062.0,30.9
2021-07-10 09:00:00,6800.0,31.9
2021-07-10 10:00:00,7375.0,32.7
2021-07-10 11:00:00,7901.0,34.2
2021-07-10 12:00:00,8058.0,34.8
2021-07-10 13:00:00,8337.0,35.6
2021-07-10 14:00:00,8407.0,36.2
2021-07-10 15:00:00,8335.0,35.5
2021-07-10 16:00:00,8269.0,35.2
2021-07-10 17:00:00,8321.0,35.2
2021-07-10 18:00:00,8038.0,34.2
2021-07-10 19:00:00,7824.0,33.4
2021-07-10 20:00:00,8075.0,32.2
2021-07-10 21:00:00,8351.0,31.0
2021-07-10 22:00:00,8387.0,30.8
2021-07-10 23:00:00,8083.0,30.7
2021-07-11 00:00:00,7632.0,30.4
2021-07-11 01:00:00,7063.0,29.6
2021-07-11 02:00:00,6628.0,29.0
2021-07-11 03:00:00,6283.0,28.9
2021-07-11 04:00:00,5980.0,28.7
2021-07-11 05:00:00,5756.0,28.4
2021-07-11 06:00:00,5662.0,28.5
2021-07-11 07:00:00,5682.0,28.5
2021-07-11 08:00:00,5978.0,30.6
2021-07-11 09:00:00,6538.0,31.9
2021-07-11 10:00:00,7124.0,32.4
2021-07-11 11:00:00,7624.0,32.9
2021-07-11 12:00:00,7740.0,34.5
2021-07-11 13:00:00,7955.0,35.0
2021-07-11 14:00:00,8140.0,35.8
2021-07-11 15:00:00,8007.0,35.8
2021-07-11 16:00:00,8011.0,36.0
2021-07-11 17:00:00,8117.0,35.7
2021-07-11 18:00:00,7891.0,35.0
2021-07-11 19:00:00,7676.0,33.8
2021-07-11 20:00:00,7975.0,32.6
2021-07-11 21:00:00,8399.0,31.8
2021-07-11 22:00:00,8468.0,31.0
2021-07-11 23:00:00,8196.0,30.3
2021-07-12 00:00:00,7722.0,30.1
2021-07-12 01:00:00,7090.0,29.7
2021-07-12 02:00:00,6629.0,29.5
2021-07-12 03:00:00,6238.0,28.6
2021-07-12 04:00:00,5952.0,28.4
2021-07-12 05:00:00,5766.0,28.1
2021-07-12 06:00:00,5695.0,28.1
2021-07-12 07:00:00,5859.0,29.1
2021-07-12 08:00:00,6314.0,30.9
2021-07-12 09:00:00,7295.0,32.1
2021-07-12 10:00:00,7906.0,33.4
2021-07-12 11:00:00,8363.0,34.2
2021-07-12 12:00:00,8456.0,35.2
2021-07-12 13:00:00,8804.0,35.5
2021-07-12 14:00:00,8832.0,35.7
2021-07-12 15:00:00,8738.0,36.3
2021-07-12 16:00:00,8754.0,36.6
2021-07-12 17:00:00,8861.0,36.6
2021-07-12 18:00:00,8501.0,35.7
2021-07-12 19:00:00,8353.0,34.4
2021-07-12 20:00:00,8582.0,33.3
2021-07-12 21:00:00,8982.0,32.1
2021-07-12 22:00:00,8968.0,31.4
2021-07-12 23:00:00,8633.0,31.1
2021-07-13 00:00:00,8064.0,30.6
2021-07-13 01:00:00,7443.0,30.2
2021-07-13 02:00:00,6910.0,29.6
2021-07-13 03:00:00,6549.0,29.3
2021-07-13 04:00:00,6217.0,28.7
2021-07-13 05:00:00,5987.0,28.6
2021-07-13 06:00:00,5908.0,28.3
2021-07-13 07:00:00,5967.0,29.5
2021-07-13 08:00:00,6448.0,30.6
2021-07-13 09:00:00,7352.0,32.2
2021-07-13 10:00:00,7959.0,32.8
2021-07-13 11:00:00,8465.0,34.4
2021-07-13 12:00:00,8606.0,35.4
2021-07-13 13:00:00,8911.0,35.7
2021-07-13 14:00:00,8913.0,36.1
2021-07-13 15:00:00,8799.0,36.5
2021-07-13 16:00:00,8766.0,36.3
2021-07-13 17:00:00,8796.0,36.6
2021-07-13 18:00:00,8521.0,36.3
2021-07-13 19:00:00,8389.0,35.2
2021-07-13 20:00:00,8654.0,33.3
2021-07-13 21:00:00,9033.0,32.3
2021-07-13 22:00:00,9050.0,31.6
2021-07-13 23:00:00,8695.0,31.1
2021-07-14 00:00:00,8168.0,30.3
2021-07-14 01:00:00,7526.0,30.0
2021-07-14 02:00:00,7069.0,30.1
2021-07-14 03:00:00,6641.0,29.5
2021-07-14 04:00:00,6328.0,28.8
2021-07-14 05:00:00,6104.0,28.3
2021-07-14 06:00:00,5977.0,28.2
2021-07-14 07:00:00,6113.0,29.6
2021-07-14 08:00:00,6585.0,31.2
2021-07-14 09:00:00,7491.0,32.8
2021-07-14 10:00:00,8124.0,34.0
2021-07-14 11:00:00,8672.0,34.9
2021-07-14 12:00:00,8840.0,35.5
2021-07-14 13:00:00,9097.0,36.7
2021-07-14 14:00:00,9108.0,36.9
2021-07-14 15:00:00,8918.0,37.5
2021-07-14 16:00:00,8922.0,37.2
2021-07-14 17:00:00,8999.0,36.6
2021-07-14 18:00:00,8658.0,36.3
2021-07-14 19:00:00,8495.0,35.3
2021-07-14 20:00:00,8789.0,33.3
2021-07-14 21:00:00,9128.0,32.5
2021-07-14 22:00:00,9154.0,32.0
2021-07-14 23:00:00,8786.0,31.8
2021-07-15 00:00:00,8293.0,30.7
2021-07-15 01:00:00,7613.0,30.7
2021-07-15 02:00:00,7158.0,30.0
2021-07-15 03:00:00,6762.0,29.2
2021-07-15 04:00:00,6448.0,28.8
2021-07-15 05:00:00,6207.0,28.5
2021-07-15 06:00:00,6072.0,28.7
2021-07-15 07:00:00,6214.0,29.8
2021-07-15 08:00:00,6652.0,31.8
2021-07-15 09:00:00,7556.0,33.4
2021-07-15 10:00:00,8197.0,34.1
2021-07-15 11:00:00,8720.0,35.0
2021-07-15 12:00:00,8822.0,36.1
2021-07-15 13:00:00,9058.0,36.6
2021-07-15 14:00:00,8970.0,36.5
2021-07-15 15:00:00,8785.0,35.8
2021-07-15 16:00:00,8782.0,35.9
2021-07-15 17:00:00,8795.0,36.4
2021-07-15 18:00:00,8544.0,36.0
2021-07-15 19:00:00,8349.0,35.0
2021-07-15 20:00:00,8659.0,33.6
2021-07-15 21:00:00,9054.0,32.5
2021-07-15 22:00:00,9073.0,31.5
2021-07-15 23:00:00,8669.0,30.8
2021-07-16 00:00:00,8271.0,30.1
2021-07-16 01:00:00,7697.0,29.6
2021-07-16 02:00:00,7215.0,29.8
2021-07-16 03:00:00,6828.0,28.7
2021-07-16 04:00:00,6497.0,28.9
2021-07-16 05:00:00,6276.0,28.4
2021-07-16 06:00:00,6148.0,28.3
2021-07-16 07:00:00,6243.0,30.3
2021-07-16 08:00:00,6668.0,31.9
2021-07-16 09:00:00,7605.0,33.0
2021-07-16 10:00:00,8219.0,33.3
2021-07-16 11:00:00,8746.0,34.4
2021-07-16 12:00:00,8872.0,36.0
2021-07-16 13:00:00,9065.0,37.2
2021-07-16 14:00:00,8920.0,38.0
2021-07-16 15:00:00,8659.0,36.7
2021-07-16 16:00:00,8583.0,38.0
2021-07-16 17:00:00,8654.0,36.3
2021-07-16 18:00:00,8353.0,36.0
2021-07-16 19:00:00,8238.0,34.9
2021-07-16 20:00:00,8454.0,33.0
2021-07-16 21:00:00,8802.0,31.9
2021-07-16 22:00:00,8778.0,31.0
2021-07-16 23:00:00,8441.0,30.5
2021-07-17 00:00:00,8099.0,29.9
2021-07-17 01:00:00,7576.0,29.7
2021-07-17 02:00:00,7104.0,29.3
2021-07-17 03:00:00,6708.0,29.1
2021-07-17 04:00:00,6443.0,28.5
2021-07-17 05:00:00,6232.0,28.4
2021-07-17 06:00:00,6038.0,28.1
2021-07-17 07:00:00,6043.0,28.1
2021-07-17 08:00:00,6357.0,29.2
2021-07-17 09:00:00,7028.0,31.2
2021-07-17 10:00:00,7548.0,31.4
2021-07-17 11:00:00,8077.0,32.6
2021-07-17 12:00:00,8029.0,33.1
2021-07-17 13:00:00,8154.0,32.9
2021-07-17 14:00:00,8173.0,30.8
2021-07-17 15:00:00,8020.0,30.1
2021-07-17 16:00:00,7963.0,30.5
2021-07-17 17:00:00,7990.0,30.8
2021-07-17 18:00:00,7790.0,31.3
2021-07-17 19:00:00,7607.0,29.4
2021-07-17 20:00:00,7841.0,28.8
2021-07-17 21:00:00,8144.0,28.1
2021-07-17 22:00:00,8127.0,27.8
2021-07-17 23:00:00,7814.0,27.5
2021-07-18 00:00:00,7432.0,27.4
2021-07-18 01:00:00,6647.0,25.8
2021-07-18 02:00:00,6173.0,24.3
2021-07-18 03:00:00,5812.0,24.5
2021-07-18 04:00:00,5518.0,23.5
2021-07-18 05:00:00,5277.0,23.4
2021-07-18 06:00:00,5231.0,23.5
2021-07-18 07:00:00,5353.0,24.0
2021-07-18 08:00:00,5684.0,25.4
2021-07-18 09:00:00,6309.0,28.0
2021-07-18 10:00:00,6834.0,30.2
2021-07-18 11:00:00,6975.0,29.2
2021-07-18 12:00:00,6610.0,28.8
2021-07-18 13:00:00,6396.0,28.7
2021-07-18 14:00:00,6166.0,26.1
2021-07-18 15:00:00,6017.0,25.4
2021-07-18 16:00:00,6154.0,25.4
2021-07-18 17:00:00,6350.0,25.6
2021-07-18 18:00:00,6281.0,26.2
2021-07-18 19:00:00,6279.0,25.9
2021-07-18 20:00:00,6381.0,25.4
2021-07-18 21:00:00,6502.0,25.2
2021-07-18 22:00:00,6350.0,24.9
2021-07-18 23:00:00,5984.0,24.6
2021-07-19 00:00:00,5602.0,24.2
2021-07-19 01:00:00,5133.0,24.0
2021-07-19 02:00:00,4788.0,24.2
2021-07-19 03:00:00,4562.0,24.2
2021-07-19 04:00:00,4417.0,24.0
2021-07-19 05:00:00,4352.0,23.7
2021-07-19 06:00:00,4499.0,23.7
2021-07-19 07:00:00,4835.0,24.4
2021-07-19 08:00:00,5455.0,25.6
2021-07-19 09:00:00,6382.0,28.3
2021-07-19 10:00:00,7045.0,29.8
2021-07-19 11:00:00,7512.0,31.9
2021-07-19 12:00:00,7479.0,32.6
2021-07-19 13:00:00,7563.0,33.1
2021-07-19 14:00:00,7591.0,34.0
2021-07-19 15:00:00,7529.0,34.1
2021-07-19 16:00:00,7647.0,33.9
2021-07-19 17:00:00,7695.0,34.2
2021-07-19 18:00:00,7444.0,32.7
2021-07-19 19:00:00,7339.0,31.6
2021-07-19 20:00:00,7501.0,30.3
2021-07-19 21:00:00,7581.0,29.2
2021-07-19 22:00:00,7292.0,28.8
2021-07-19 23:00:00,6826.0,28.1
2021-07-20 00:00:00,6437.0,27.5
2021-07-20 01:00:00,5861.0,26.5
2021-07-20 02:00:00,5462.0,26.1
2021-07-20 03:00:00,5179.0,26.2
2021-07-20 04:00:00,4975.0,26.0
2021-07-20 05:00:00,4874.0,25.7
2021-07-20 06:00:00,4944.0,25.4
2021-07-20 07:00:00,5221.0,26.3
2021-07-20 08:00:00,5860.0,28.0
2021-07-20 09:00:00,6757.0,31.0
2021-07-20 10:00:00,7380.0,32.6
2021-07-20 11:00:00,7863.0,34.0
2021-07-20 12:00:00,7921.0,33.1
2021-07-20 13:00:00,7984.0,33.1
2021-07-20 14:00:00,7975.0,32.7
2021-07-20 15:00:00,7537.0,31.4
2021-07-20 16:00:00,7197.0,29.8
2021-07-20 17:00:00,7275.0,29.0
2021-07-20 18:00:00,6956.0,28.4
2021-07-20 19:00:00,6918.0,28.0
2021-07-20 20:00:00,7167.0,27.5
2021-07-20 21:00:00,7189.0,26.9
2021-07-20 22:00:00,6896.0,26.6
2021-07-20 23:00:00,6510.0,26.4
2021-07-21 00:00:00,6110.0,26.0
2021-07-21 01:00:00,5608.0,25.6
2021-07-21 02:00:00,5229.0,25.8
2021-07-21 03:00:00,4966.0,25.7
2021-07-21 04:00:00,4800.0,25.6
2021-07-21 05:00:00,4687.0,25.7
2021-07-21 06:00:00,4812.0,25.6
2021-07-21 07:00:00,5163.0,27.1
2021-07-21 08:00:00,5754.0,29.3
2021-07-21 09:00:00,6747.0,31.8
2021-07-21 10:00:00,7317.0,34.6
2021-07-21 11:00:00,7819.0,35.1
2021-07-21 12:00:00,7874.0,35.0
2021-07-21 13:00:00,7945.0,35.3
2021-07-21 14:00:00,7945.0,35.4
2021-07-21 15:00:00,7890.0,35.8
2021-07-21 16:00:00,7910.0,35.4
2021-07-21 17:00:00,7986.0,35.0
2021-07-21 18:00:00,7714.0,34.9
2021-07-21 19:00:00,7613.0,33.3
2021-07-21 20:00:00,7797.0,31.7
2021-07-21 21:00:00,7976.0,30.9
2021-07-21 22:00:00,7912.0,30.0
2021-07-21 23:00:00,7521.0,29.2
2021-07-22 00:00:00,7013.0,28.2
2021-07-22 01:00:00,6399.0,28.0
2021-07-22 02:00:00,6014.0,27.4
2021-07-22 03:00:00,5665.0,27.2
2021-07-22 04:00:00,5395.0,26.9
2021-07-22 05:00:00,5231.0,26.9
2021-07-22 06:00:00,5248.0,26.5
2021-07-22 07:00:00,5514.0,27.9
2021-07-22 08:00:00,6129.0,29.7
2021-07-22 09:00:00,7070.0,32.2
2021-07-22 10:00:00,7595.0,33.5
2021-07-22 11:00:00,8156.0,35.0
2021-07-22 12:00:00,8226.0,35.6
2021-07-22 13:00:00,8322.0,36.2
2021-07-22 14:00:00,8276.0,36.7
2021-07-22 15:00:00,8155.0,36.1
2021-07-22 16:00:00,8200.0,35.4
2021-07-22 17:00:00,8361.0,35.3
2021-07-22 18:00:00,8019.0,34.0
2021-07-22 19:00:00,7927.0,32.7
2021-07-22 20:00:00,8085.0,31.4
2021-07-22 21:00:00,8395.0,30.3
2021-07-22 22:00:00,8312.0,29.8
2021-07-22 23:00:00,7836.0,28.9
2021-07-23 00:00:00,7201.0,29.0
2021-07-23 01:00:00,6496.0,28.2
2021-07-23 02:00:00,6028.0,27.2
2021-07-23 03:00:00,5655.0,26.5
2021-07-23 04:00:00,5381.0,25.8
2021-07-23 05:00:00,5212.0,25.4
2021-07-23 06:00:00,5229.0,24.9
2021-07-23 07:00:00,5477.0,27.2
2021-07-23 08:00:00,5988.0,29.4
2021-07-23 09:00:00,6931.0,30.8
2021-07-23 10:00:00,7485.0,31.8
2021-07-23 11:00:00,7950.0,33.5
2021-07-23 12:00:00,7976.0,33.6
2021-07-23 13:00:00,8127.0,34.4
2021-07-23 14:00:00,8131.0,30.2
2021-07-23 15:00:00,8053.0,33.7
2021-07-23 16:00:00,7967.0,34.9
2021-07-23 17:00:00,8028.0,26.5
2021-07-23 18:00:00,7045.0,25.4
2021-07-23 19:00:00,6917.0,25.8
2021-07-23 20:00:00,7226.0,25.6
2021-07-23 21:00:00,7415.0,25.9
2021-07-23 22:00:00,7378.0,26.0
2021-07-23 23:00:00,7066.0,26.1
2021-07-24 00:00:00,6692.0,25.9
2021-07-24 01:00:00,6138.0,25.8
2021-07-24 02:00:00,5739.0,25.7
2021-07-24 03:00:00,5428.0,25.7
2021-07-24 04:00:00,5182.0,25.4
2021-07-24 05:00:00,5066.0,25.0
2021-07-24 06:00:00,5088.0,25.1
2021-07-24 07:00:00,5296.0,26.5
2021-07-24 08:00:00,5726.0,28.2
2021-07-24 09:00:00,6525.0,30.0
2021-07-24 10:00:00,7015.0,31.4
2021-07-24 11:00:00,7517.0,32.6
2021-07-24 12:00:00,7562.0,33.2
2021-07-24 13:00:00,7557.0,33.9
2021-07-24 14:00:00,7702.0,32.9
2021-07-24 15:00:00,7607.0,33.0
2021-07-24 16:00:00,7515.0,33.3
2021-07-24 17:00:00,7621.0,33.6
2021-07-24 18:00:00,7369.0,33.0
2021-07-24 19:00:00,7150.0,31.0
2021-07-24 20:00:00,7319.0,29.9
2021-07-24 21:00:00,7474.0,29.1
2021-07-24 22:00:00,7379.0,28.6
2021-07-24 23:00:00,7119.0,28.1
2021-07-25 00:00:00,6692.0,27.5
2021-07-25 01:00:00,6131.0,27.0
2021-07-25 02:00:00,5748.0,26.7
2021-07-25 03:00:00,5454.0,26.3
2021-07-25 04:00:00,5187.0,26.1
2021-07-25 05:00:00,5048.0,25.8
2021-07-25 06:00:00,5022.0,25.5
2021-07-25 07:00:00,5195.0,26.9
2021-07-25 08:00:00,5514.0,28.5
2021-07-25 09:00:00,6174.0,29.7
2021-07-25 10:00:00,6641.0,30.9
2021-07-25 11:00:00,7063.0,32.0
2021-07-25 12:00:00,7163.0,32.6
2021-07-25 13:00:00,7275.0,34.2
2021-07-25 14:00:00,7320.0,33.9
2021-07-25 15:00:00,7245.0,33.2
2021-07-25 16:00:00,7356.0,31.3
2021-07-25 17:00:00,7453.0,27.0
2021-07-25 18:00:00,7305.0,28.4
2021-07-25 19:00:00,7095.0,28.7
2021-07-25 20:00:00,7300.0,28.4
2021-07-25 21:00:00,7496.0,28.3
2021-07-25 22:00:00,7453.0,28.2
2021-07-25 23:00:00,7143.0,27.8
2021-07-26 00:00:00,6698.0,27.4
2021-07-26 01:00:00,6096.0,26.8
2021-07-26 02:00:00,5685.0,26.4
2021-07-26 03:00:00,5375.0,26.3
2021-07-26 04:00:00,5132.0,26.2
2021-07-26 05:00:00,4994.0,25.6
2021-07-26 06:00:00,5068.0,25.3
2021-07-26 07:00:00,5312.0,26.7
2021-07-26 08:00:00,5928.0,28.6
2021-07-26 09:00:00,6908.0,29.9
2021-07-26 10:00:00,7428.0,30.9
2021-07-26 11:00:00,7836.0,31.6
2021-07-26 12:00:00,7813.0,31.9
2021-07-26 13:00:00,7924.0,33.2
2021-07-26 14:00:00,7868.0,33.9
2021-07-26 15:00:00,7751.0,34.1
2021-07-26 16:00:00,7769.0,34.4
2021-07-26 17:00:00,7857.0,34.3
2021-07-26 18:00:00,7581.0,33.0
2021-07-26 19:00:00,7413.0,31.9
2021-07-26 20:00:00,7579.0,30.3
2021-07-26 21:00:00,7790.0,29.7
2021-07-26 22:00:00,7721.0,29.1
2021-07-26 23:00:00,7346.0,28.3
2021-07-27 00:00:00,6885.0,27.7
2021-07-27 01:00:00,6283.0,27.4
2021-07-27 02:00:00,5875.0,27.1
2021-07-27 03:00:00,5572.0,27.2
2021-07-27 04:00:00,5365.0,27.1
2021-07-27 05:00:00,5221.0,27.2
2021-07-27 06:00:00,5272.0,27.0
2021-07-27 07:00:00,5510.0,27.7
2021-07-27 08:00:00,6020.0,29.4
2021-07-27 09:00:00,6998.0,31.0
2021-07-27 10:00:00,7611.0,30.8
2021-07-27 11:00:00,8029.0,33.0
2021-07-27 12:00:00,8063.0,33.5
2021-07-27 13:00:00,8177.0,32.8
2021-07-27 14:00:00,8152.0,28.6
2021-07-27 15:00:00,8041.0,33.7
2021-07-27 16:00:00,8132.0,34.0
2021-07-27 17:00:00,7975.0,33.1
2021-07-27 18:00:00,7603.0,31.7
2021-07-27 19:00:00,7441.0,30.4
2021-07-27 20:00:00,7772.0,29.5
2021-07-27 21:00:00,7966.0,29.3
2021-07-27 22:00:00,7822.0,28.9
2021-07-27 23:00:00,7440.0,28.5
2021-07-28 00:00:00,6996.0,27.9
2021-07-28 01:00:00,6415.0,27.8
2021-07-28 02:00:00,6010.0,27.8
2021-07-28 03:00:00,5698.0,27.7
2021-07-28 04:00:00,5458.0,27.3
2021-07-28 05:00:00,5350.0,26.7
2021-07-28 06:00:00,5362.0,26.8
2021-07-28 07:00:00,5626.0,27.3
2021-07-28 08:00:00,6141.0,29.1
2021-07-28 09:00:00,7031.0,29.8
2021-07-28 10:00:00,7602.0,30.5
2021-07-28 11:00:00,8012.0,31.8
2021-07-28 12:00:00,8074.0,33.1
2021-07-28 13:00:00,8213.0,33.6
2021-07-28 14:00:00,8181.0,34.2
2021-07-28 15:00:00,8062.0,34.9
2021-07-28 16:00:00,8115.0,34.7
2021-07-28 17:00:00,8207.0,34.5
2021-07-28 18:00:00,7844.0,33.5
2021-07-28 19:00:00,7683.0,32.1
2021-07-28 20:00:00,7879.0,30.7
2021-07-28 21:00:00,8013.0,28.8
2021-07-28 22:00:00,7834.0,28.0
2021-07-28 23:00:00,7433.0,27.3
2021-07-29 00:00:00,6993.0,26.6
2021-07-29 01:00:00,6375.0,26.5
2021-07-29 02:00:00,5964.0,26.2
2021-07-29 03:00:00,5624.0,25.8
2021-07-29 04:00:00,5393.0,25.5
2021-07-29 05:00:00,5226.0,25.4
2021-07-29 06:00:00,5252.0,25.2
2021-07-29 07:00:00,5489.0,26.6
2021-07-29 08:00:00,5989.0,28.4
2021-07-29 09:00:00,6838.0,30.1
2021-07-29 10:00:00,7417.0,31.0
2021-07-29 11:00:00,7804.0,32.6
2021-07-29 12:00:00,7609.0,33.2
2021-07-29 13:00:00,7700.0,34.3
2021-07-29 14:00:00,7726.0,33.5
2021-07-29 15:00:00,7632.0,34.6
2021-07-29 16:00:00,7686.0,34.0
2021-07-29 17:00:00,7822.0,33.6
2021-07-29 18:00:00,7552.0,32.7
2021-07-29 19:00:00,7466.0,31.8
2021-07-29 20:00:00,7733.0,30.9
2021-07-29 21:00:00,7943.0,30.9
2021-07-29 22:00:00,7847.0,30.8
2021-07-29 23:00:00,7429.0,30.1
2021-07-30 00:00:00,7096.0,29.1
2021-07-30 01:00:00,6493.0,28.4
2021-07-30 02:00:00,6115.0,27.9
2021-07-30 03:00:00,5764.0,27.7
2021-07-30 04:00:00,5530.0,27.3
2021-07-30 05:00:00,5382.0,26.9
2021-07-30 06:00:00,5381.0,26.5
2021-07-30 07:00:00,5594.0,28.0
2021-07-30 08:00:00,6118.0,30.0
2021-07-30 09:00:00,6985.0,31.9
2021-07-30 10:00:00,7497.0,32.7
2021-07-30 11:00:00,7807.0,31.8
2021-07-30 12:00:00,7821.0,30.6
2021-07-30 13:00:00,7861.0,32.8
2021-07-30 14:00:00,7914.0,35.0
2021-07-30 15:00:00,7830.0,34.0
2021-07-30 16:00:00,7778.0,34.8
2021-07-30 17:00:00,7724.0,33.6
2021-07-30 18:00:00,7456.0,33.4
2021-07-30 19:00:00,7404.0,32.5
2021-07-30 20:00:00,7771.0,31.7
2021-07-30 21:00:00,7852.0,30.6
2021-07-30 22:00:00,7594.0,29.0
2021-07-30 23:00:00,7083.0,28.1
2021-07-31 00:00:00,6702.0,27.5
2021-07-31 01:00:00,6183.0,27.2
2021-07-31 02:00:00,5758.0,26.7
2021-07-31 03:00:00,5421.0,26.2
2021-07-31 04:00:00,5178.0,25.8
2021-07-31 05:00:00,5049.0,25.5
2021-07-31 06:00:00,5042.0,25.5
2021-07-31 07:00:00,5254.0,27.0
2021-07-31 08:00:00,5710.0,29.1
2021-07-31 09:00:00,6446.0,30.6
2021-07-31 10:00:00,7012.0,32.1
2021-07-31 11:00:00,7592.0,34.3
2021-07-31 12:00:00,7757.0,35.7
2021-07-31 13:00:00,7946.0,35.7
2021-07-31 14:00:00,7973.0,36.3
2021-07-31 15:00:00,7847.0,36.9
2021-07-31 16:00:00,7812.0,36.4
2021-07-31 17:00:00,7826.0,35.6
2021-07-31 18:00:00,7730.0,35.2
2021-07-31 19:00:00,7556.0,34.4
2021-07-31 20:00:00,7884.0,32.9
2021-07-31 21:00:00,7993.0,32.1
2021-07-31 22:00:00,7833.0,31.1
2021-07-31 23:00:00,7517.0,30.4
2021-08-01 00:00:00,7081.0,29.4
2021-08-01 01:00:00,6508.0,29.0
2021-08-01 02:00:00,6091.0,28.0
2021-08-01 03:00:00,5738.0,27.7
2021-08-01 04:00:00,5467.0,27.4
2021-08-01 05:00:00,5285.0,26.9
2021-08-01 06:00:00,5226.0,26.7
2021-08-01 07:00:00,5406.0,28.1
2021-08-01 08:00:00,5765.0,29.9
2021-08-01 09:00:00,6395.0,32.1
2021-08-01 10:00:00,7033.0,34.3
2021-08-01 11:00:00,7656.0,35.3
2021-08-01 12:00:00,7867.0,36.6
2021-08-01 13:00:00,8010.0,37.1
2021-08-01 14:00:00,7961.0,38.4
2021-08-01 15:00:00,7830.0,37.9
2021-08-01 16:00:00,7807.0,37.3
2021-08-01 17:00:00,7935.0,37.5
2021-08-01 18:00:00,7835.0,36.7
2021-08-01 19:00:00,7726.0,35.3
2021-08-01 20:00:00,8057.0,33.9
2021-08-01 21:00:00,8374.0,32.7
2021-08-01 22:00:00,8203.0,31.6
2021-08-01 23:00:00,7778.0,31.5
2021-08-02 00:00:00,7391.0,31.1
2021-08-02 01:00:00,6803.0,30.7
2021-08-02 02:00:00,6340.0,29.6
2021-08-02 03:00:00,6014.0,28.5
2021-08-02 04:00:00,5747.0,28.0
2021-08-02 05:00:00,5564.0,28.0
2021-08-02 06:00:00,5530.0,27.5
2021-08-02 07:00:00,5736.0,28.9
2021-08-02 08:00:00,6282.0,31.5
2021-08-02 09:00:00,7262.0,33.0
2021-08-02 10:00:00,7866.0,34.3
2021-08-02 11:00:00,8238.0,36.3
2021-08-02 12:00:00,8378.0,36.9
2021-08-02 13:00:00,8674.0,37.5
2021-08-02 14:00:00,8546.0,38.1
2021-08-02 15:00:00,8360.0,38.7
2021-08-02 16:00:00,8456.0,38.6
2021-08-02 17:00:00,8431.0,37.8
2021-08-02 18:00:00,8258.0,36.9
2021-08-02 19:00:00,8204.0,34.8
2021-08-02 20:00:00,8517.0,33.5
2021-08-02 21:00:00,8803.0,32.7
2021-08-02 22:00:00,8619.0,31.9
2021-08-02 23:00:00,8145.0,31.1
2021-08-03 00:00:00,7801.0,30.3
2021-08-03 01:00:00,7193.0,29.6
2021-08-03 02:00:00,6764.0,29.3
2021-08-03 03:00:00,6451.0,29.6
2021-08-03 04:00:00,6160.0,28.9
2021-08-03 05:00:00,5948.0,28.4
2021-08-03 06:00:00,5865.0,28.1
2021-08-03 07:00:00,5976.0,28.7
2021-08-03 08:00:00,6426.0,30.0
2021-08-03 09:00:00,7257.0,32.2
2021-08-03 10:00:00,7820.0,33.7
2021-08-03 11:00:00,8158.0,35.2
2021-08-03 12:00:00,8297.0,36.4
2021-08-03 13:00:00,8551.0,37.0
2021-08-03 14:00:00,8581.0,37.5
2021-08-03 15:00:00,8395.0,36.4
2021-08-03 16:00:00,8425.0,36.8
2021-08-03 17:00:00,8397.0,35.0
2021-08-03 18:00:00,8026.0,34.0
2021-08-03 19:00:00,7868.0,32.5
2021-08-03 20:00:00,8163.0,31.6
2021-08-03 21:00:00,8470.0,31.1
2021-08-03 22:00:00,8306.0,30.7
2021-08-03 23:00:00,7898.0,30.0
2021-08-04 00:00:00,7551.0,29.1
2021-08-04 01:00:00,6995.0,28.3
2021-08-04 02:00:00,6559.0,28.3
2021-08-04 03:00:00,6191.0,28.0
2021-08-04 04:00:00,5943.0,27.6
2021-08-04 05:00:00,5780.0,27.2
2021-08-04 06:00:00,5700.0,27.1
2021-08-04 07:00:00,5828.0,27.8
2021-08-04 08:00:00,6255.0,28.7
2021-08-04 09:00:00,6986.0,29.4
2021-08-04 10:00:00,7494.0,31.2
2021-08-04 11:00:00,7827.0,32.7
2021-08-04 12:00:00,7987.0,33.9
2021-08-04 13:00:00,8120.0,33.8
2021-08-04 14:00:00,8090.0,34.9
2021-08-04 15:00:00,7997.0,34.1
2021-08-04 16:00:00,7998.0,34.7
2021-08-04 17:00:00,8059.0,34.5
2021-08-04 18:00:00,7750.0,33.9
2021-08-04 19:00:00,7657.0,32.5
2021-08-04 20:00:00,7983.0,31.4
2021-08-04 21:00:00,8229.0,30.8
2021-08-04 22:00:00,8122.0,30.5
2021-08-04 23:00:00,7714.0,30.1
2021-08-05 00:00:00,7360.0,29.7
2021-08-05 01:00:00,6817.0,29.1
2021-08-05 02:00:00,6423.0,28.8
2021-08-05 03:00:00,6095.0,28.6
2021-08-05 04:00:00,5846.0,28.3
2021-08-05 05:00:00,5700.0,28.0
2021-08-05 06:00:00,5639.0,27.9
2021-08-05 07:00:00,5762.0,28.2
2021-08-05 08:00:00,6145.0,29.0
2021-08-05 09:00:00,7015.0,29.8
2021-08-05 10:00:00,7457.0,31.8
2021-08-05 11:00:00,7792.0,33.0
2021-08-05 12:00:00,7914.0,33.4
2021-08-05 13:00:00,8062.0,34.4
2021-08-05 14:00:00,7956.0,34.8
2021-08-05 15:00:00,7717.0,35.3
2021-08-05 16:00:00,7397.0,28.5
2021-08-05 17:00:00,7026.0,27.2
2021-08-05 18:00:00,6696.0,26.3
2021-08-05 19:00:00,6660.0,26.5
2021-08-05 20:00:00,7048.0,26.5
2021-08-05 21:00:00,7190.0,26.5
2021-08-05 22:00:00,7071.0,26.8
2021-08-05 23:00:00,6695.0,26.8
2021-08-06 00:00:00,6413.0,26.7
2021-08-06 01:00:00,5923.0,26.6
2021-08-06 02:00:00,5564.0,26.5
2021-08-06 03:00:00,5330.0,26.5
2021-08-06 04:00:00,5132.0,26.3
2021-08-06 05:00:00,5001.0,26.1
2021-08-06 06:00:00,5032.0,25.9
2021-08-06 07:00:00,5306.0,26.5
2021-08-06 08:00:00,5816.0,28.0
2021-08-06 09:00:00,6645.0,29.8
2021-08-06 10:00:00,7185.0,30.5
2021-08-06 11:00:00,7690.0,32.5
2021-08-06 12:00:00,7745.0,33.8
2021-08-06 13:00:00,7814.0,33.7
2021-08-06 14:00:00,7684.0,35.4
2021-08-06 15:00:00,7634.0,35.0
2021-08-06 16:00:00,7692.0,29.4
2021-08-06 17:00:00,7691.0,33.4
2021-08-06 18:00:00,7563.0,32.9
2021-08-06 19:00:00,7446.0,32.3
2021-08-06 20:00:00,7672.0,29.3
2021-08-06 21:00:00,7793.0,28.5
2021-08-06 22:00:00,7576.0,28.0
2021-08-06 23:00:00,7192.0,27.6
2021-08-07 00:00:00,6802.0,28.2
2021-08-07 01:00:00,6270.0,28.1
2021-08-07 02:00:00,5889.0,28.0
2021-08-07 03:00:00,5605.0,27.8
2021-08-07 04:00:00,5385.0,27.1
2021-08-07 05:00:00,5239.0,26.9
2021-08-07 06:00:00,5220.0,26.7
2021-08-07 07:00:00,5370.0,27.4
2021-08-07 08:00:00,5782.0,29.7
2021-08-07 09:00:00,6504.0,31.0
2021-08-07 10:00:00,6962.0,33.1
2021-08-07 11:00:00,7245.0,33.9
2021-08-07 12:00:00,7214.0,33.0
2021-08-07 13:00:00,7271.0,31.1
2021-08-07 14:00:00,7360.0,32.7
2021-08-07 15:00:00,7437.0,35.5
2021-08-07 16:00:00,7554.0,33.5
2021-08-07 17:00:00,7499.0,31.6
2021-08-07 18:00:00,7340.0,32.3
2021-08-07 19:00:00,7148.0,31.0
2021-08-07 20:00:00,7496.0,30.5
2021-08-07 21:00:00,7709.0,30.2
2021-08-07 22:00:00,7520.0,29.4
2021-08-07 23:00:00,7132.0,29.2
2021-08-08 00:00:00,6759.0,28.7
2021-08-08 01:00:00,6212.0,29.3
2021-08-08 02:00:00,5809.0,28.3
2021-08-08 03:00:00,5547.0,27.7
2021-08-08 04:00:00,5307.0,27.3
2021-08-08 05:00:00,5170.0,27.0
2021-08-08 06:00:00,5144.0,26.8
2021-08-08 07:00:00,5284.0,27.7
2021-08-08 08:00:00,5665.0,30.3
2021-08-08 09:00:00,6352.0,32.8
2021-08-08 10:00:00,6923.0,34.1
2021-08-08 11:00:00,7488.0,35.7
2021-08-08 12:00:00,7640.0,36.0
2021-08-08 13:00:00,7835.0,35.3
2021-08-08 14:00:00,7784.0,34.6
2021-08-08 15:00:00,7558.0,34.0
2021-08-08 16:00:00,7471.0,32.9
2021-08-08 17:00:00,7583.0,32.1
2021-08-08 18:00:00,7354.0,31.5
2021-08-08 19:00:00,7189.0,30.4
2021-08-08 20:00:00,7573.0,29.5
2021-08-08 21:00:00,7744.0,29.1
2021-08-08 22:00:00,7576.0,28.6
2021-08-08 23:00:00,7126.0,28.2
2021-08-09 00:00:00,6663.0,27.8
2021-08-09 01:00:00,6084.0,27.5
2021-08-09 02:00:00,5711.0,27.1
2021-08-09 03:00:00,5428.0,27.1
2021-08-09 04:00:00,5178.0,26.7
2021-08-09 05:00:00,5057.0,26.3
2021-08-09 06:00:00,5071.0,26.1
2021-08-09 07:00:00,5296.0,27.0
2021-08-09 08:00:00,5875.0,29.5
2021-08-09 09:00:00,6860.0,31.6
2021-08-09 10:00:00,7498.0,34.5
2021-08-09 11:00:00,8066.0,34.8
2021-08-09 12:00:00,8329.0,36.4
2021-08-09 13:00:00,8538.0,37.3
2021-08-09 14:00:00,8609.0,36.1
2021-08-09 15:00:00,8393.0,37.9
2021-08-09 16:00:00,7631.0,35.8
2021-08-09 17:00:00,7369.0,26.9
2021-08-09 18:00:00,7039.0,26.5
2021-08-09 19:00:00,7032.0,25.9
2021-08-09 20:00:00,7032.0,26.1
2021-08-09 21:00:00,6866.0,25.7
2021-08-09 22:00:00,6519.0,25.6
2021-08-09 23:00:00,6168.0,25.6
2021-08-10 00:00:00,5861.0,25.6
2021-08-10 01:00:00,5400.0,25.5
2021-08-10 02:00:00,5091.0,25.4
2021-08-10 03:00:00,4879.0,25.5
2021-08-10 04:00:00,4696.0,25.5
2021-08-10 05:00:00,4633.0,25.5
2021-08-10 06:00:00,4679.0,25.4
2021-08-10 07:00:00,4937.0,25.7
2021-08-10 08:00:00,5394.0,26.0
2021-08-10 09:00:00,6112.0,27.0
2021-08-10 10:00:00,6575.0,27.8
2021-08-10 11:00:00,6878.0,28.6
2021-08-10 12:00:00,6792.0,29.9
2021-08-10 13:00:00,6899.0,30.7
2021-08-10 14:00:00,6863.0,31.3
2021-08-10 15:00:00,6664.0,29.4
2021-08-10 16:00:00,6597.0,28.2
2021-08-10 17:00:00,6670.0,28.4
2021-08-10 18:00:00,6536.0,28.5
2021-08-10 19:00:00,6407.0,27.8
2021-08-10 20:00:00,6646.0,27.2
2021-08-10 21:00:00,6533.0,26.7
2021-08-10 22:00:00,6256.0,26.3
2021-08-10 23:00:00,5881.0,26.3
2021-08-11 00:00:00,5506.0,26.2
2021-08-11 01:00:00,5009.0,26.1
2021-08-11 02:00:00,4683.0,25.7
2021-08-11 03:00:00,4466.0,25.6
2021-08-11 04:00:00,4327.0,25.6
2021-08-11 05:00:00,4300.0,25.4
2021-08-11 06:00:00,4352.0,25.5
2021-08-11 07:00:00,4663.0,25.7
2021-08-11 08:00:00,5078.0,25.8
2021-08-11 09:00:00,5798.0,26.2
2021-08-11 10:00:00,6177.0,26.7
2021-08-11 11:00:00,6441.0,27.1
2021-08-11 12:00:00,6339.0,27.3
2021-08-11 13:00:00,6243.0,27.5
2021-08-11 14:00:00,6232.0,28.8
2021-08-11 15:00:00,6329.0,30.6
2021-08-11 16:00:00,6460.0,30.7
2021-08-11 17:00:00,6735.0,31.7
2021-08-11 18:00:00,6466.0,30.5
2021-08-11 19:00:00,6478.0,29.4
2021-08-11 20:00:00,6680.0,28.9
2021-08-11 21:00:00,6620.0,28.4
2021-08-11 22:00:00,6364.0,28.0
2021-08-11 23:00:00,5984.0,28.0
2021-08-12 00:00:00,5560.0,27.6
2021-08-12 01:00:00,5114.0,27.4
2021-08-12 02:00:00,4807.0,27.5
2021-08-12 03:00:00,4554.0,27.4
2021-08-12 04:00:00,4428.0,27.2
2021-08-12 05:00:00,4353.0,27.0
2021-08-12 06:00:00,4409.0,26.9
2021-08-12 07:00:00,4761.0,26.8
2021-08-12 08:00:00,5306.0,27.8
2021-08-12 09:00:00,6234.0,29.1
2021-08-12 10:00:00,6765.0,30.5
2021-08-12 11:00:00,7198.0,31.9
2021-08-12 12:00:00,7276.0,32.6
2021-08-12 13:00:00,7431.0,33.0
2021-08-12 14:00:00,7425.0,32.9
2021-08-12 15:00:00,7439.0,33.7
2021-08-12 16:00:00,7432.0,33.5
2021-08-12 17:00:00,7338.0,32.5
2021-08-12 18:00:00,6988.0,30.3
2021-08-12 19:00:00,6989.0,29.5
2021-08-12 20:00:00,7246.0,29.1
2021-08-12 21:00:00,7202.0,28.3
2021-08-12 22:00:00,6935.0,27.6
2021-08-12 23:00:00,6510.0,27.0
2021-08-13 00:00:00,6057.0,26.7
2021-08-13 01:00:00,5503.0,26.5
2021-08-13 02:00:00,5163.0,26.6
2021-08-13 03:00:00,4891.0,26.5
2021-08-13 04:00:00,4721.0,26.2
2021-08-13 05:00:00,4604.0,26.2
2021-08-13 06:00:00,4630.0,26.2
2021-08-13 07:00:00,4954.0,26.4
2021-08-13 08:00:00,5441.0,26.9
2021-08-13 09:00:00,6258.0,28.0
2021-08-13 10:00:00,6827.0,29.7
2021-08-13 11:00:00,7238.0,31.0
2021-08-13 12:00:00,6981.0,31.3
2021-08-13 13:00:00,6674.0,26.1
2021-08-13 14:00:00,6537.0,26.2
2021-08-13 15:00:00,6388.0,26.8
2021-08-13 16:00:00,6313.0,27.3
2021-08-13 17:00:00,6382.0,26.2
2021-08-13 18:00:00,6069.0,25.5
2021-08-13 19:00:00,5931.0,25.3
2021-08-13 20:00:00,5936.0,24.7
2021-08-13 21:00:00,5702.0,23.9
2021-08-13 22:00:00,5283.0,23.7
2021-08-13 23:00:00,4901.0,23.6
2021-08-14 00:00:00,4583.0,23.0
2021-08-14 01:00:00,4188.0,22.7
2021-08-14 02:00:00,3954.0,22.1
2021-08-14 03:00:00,3750.0,21.9
2021-08-14 04:00:00,3666.0,21.9
2021-08-14 05:00:00,3602.0,21.9
2021-08-14 06:00:00,3677.0,21.8
2021-08-14 07:00:00,3975.0,21.9
2021-08-14 08:00:00,4299.0,22.1
2021-08-14 09:00:00,4758.0,22.7
2021-08-14 10:00:00,5059.0,23.4
2021-08-14 11:00:00,5271.0,23.7
2021-08-14 12:00:00,5000.0,23.4
2021-08-14 13:00:00,4774.0,23.0
2021-08-14 14:00:00,4810.0,23.4
2021-08-14 15:00:00,4819.0,23.3
2021-08-14 16:00:00,4904.0,23.4
2021-08-14 17:00:00,5142.0,23.6
2021-08-14 18:00:00,5075.0,23.8
2021-08-14 19:00:00,5002.0,23.6
2021-08-14 20:00:00,5084.0,23.3
2021-08-14 21:00:00,4960.0,23.2
2021-08-14 22:00:00,4664.0,23.2
2021-08-14 23:00:00,4355.0,23.2
2021-08-15 00:00:00,4149.0,23.2
2021-08-15 01:00:00,3806.0,23.2
2021-08-15 02:00:00,3593.0,23.1
2021-08-15 03:00:00,3462.0,23.1
2021-08-15 04:00:00,3364.0,23.0
2021-08-15 05:00:00,3369.0,23.1
2021-08-15 06:00:00,3440.0,23.2
2021-08-15 07:00:00,3790.0,23.4
2021-08-15 08:00:00,4076.0,24.3
2021-08-15 09:00:00,4545.0,25.2
2021-08-15 10:00:00,4855.0,25.4
2021-08-15 11:00:00,5216.0,26.3
2021-08-15 12:00:00,5008.0,27.2
2021-08-15 13:00:00,4883.0,27.9
2021-08-15 14:00:00,4909.0,28.1
2021-08-15 15:00:00,4859.0,27.0
2021-08-15 16:00:00,4935.0,26.2
2021-08-15 17:00:00,5199.0,26.6
2021-08-15 18:00:00,5138.0,26.1
2021-08-15 19:00:00,5091.0,25.6
2021-08-15 20:00:00,5227.0,25.0
2021-08-15 21:00:00,5052.0,24.8
2021-08-15 22:00:00,4741.0,24.5
2021-08-15 23:00:00,4419.0,24.4
2021-08-16 00:00:00,4157.0,24.3
2021-08-16 01:00:00,3797.0,24.2
2021-08-16 02:00:00,3588.0,24.0
2021-08-16 03:00:00,3454.0,24.1
2021-08-16 04:00:00,3376.0,23.9
2021-08-16 05:00:00,3388.0,23.9
2021-08-16 06:00:00,3544.0,23.9
2021-08-16 07:00:00,4000.0,24.3
2021-08-16 08:00:00,4506.0,25.5
2021-08-16 09:00:00,5296.0,27.9
2021-08-16 10:00:00,5705.0,28.2
2021-08-16 11:00:00,6124.0,29.6
2021-08-16 12:00:00,6045.0,30.1
2021-08-16 13:00:00,5972.0,31.2
2021-08-16 14:00:00,5987.0,31.0
2021-08-16 15:00:00,6048.0,32.1
2021-08-16 16:00:00,6208.0,32.0
2021-08-16 17:00:00,6406.0,32.4
2021-08-16 18:00:00,6141.0,31.3
2021-08-16 19:00:00,6107.0,29.4
2021-08-16 20:00:00,6164.0,26.2
2021-08-16 21:00:00,5928.0,25.6
2021-08-16 22:00:00,5464.0,25.5
2021-08-16 23:00:00,5116.0,25.6
2021-08-17 00:00:00,4815.0,25.6
2021-08-17 01:00:00,4398.0,25.6
2021-08-17 02:00:00,4159.0,25.6
2021-08-17 03:00:00,3978.0,25.5
2021-08-17 04:00:00,3842.0,25.3
2021-08-17 05:00:00,3838.0,25.3
2021-08-17 06:00:00,3956.0,25.3
2021-08-17 07:00:00,4335.0,25.3
2021-08-17 08:00:00,4867.0,25.9
2021-08-17 09:00:00,5581.0,26.4
2021-08-17 10:00:00,6002.0,28.3
2021-08-17 11:00:00,6382.0,29.4
2021-08-17 12:00:00,6292.0,30.4
2021-08-17 13:00:00,6354.0,31.9
2021-08-17 14:00:00,6467.0,32.1
2021-08-17 15:00:00,6496.0,32.4
2021-08-17 16:00:00,6535.0,32.5
2021-08-17 17:00:00,6417.0,26.9
2021-08-17 18:00:00,5954.0,24.4
2021-08-17 19:00:00,5981.0,24.4
2021-08-17 20:00:00,5873.0,24.7
2021-08-17 21:00:00,5684.0,24.5
2021-08-17 22:00:00,5299.0,24.4
2021-08-17 23:00:00,4894.0,24.4
2021-08-18 00:00:00,4662.0,24.3
2021-08-18 01:00:00,4271.0,24.3
2021-08-18 02:00:00,4017.0,24.1
2021-08-18 03:00:00,3830.0,24.0
2021-08-18 04:00:00,3741.0,24.1
2021-08-18 05:00:00,3705.0,23.9
2021-08-18 06:00:00,3845.0,24.1
2021-08-18 07:00:00,4294.0,24.2
2021-08-18 08:00:00,4846.0,24.9
2021-08-18 09:00:00,5626.0,27.2
2021-08-18 10:00:00,6105.0,29.3
2021-08-18 11:00:00,6612.0,30.6
2021-08-18 12:00:00,6496.0,30.9
2021-08-18 13:00:00,6579.0,31.6
2021-08-18 14:00:00,6607.0,33.0
2021-08-18 15:00:00,6628.0,33.4
2021-08-18 16:00:00,6726.0,33.7
2021-08-18 17:00:00,6912.0,34.2
2021-08-18 18:00:00,6642.0,32.2
2021-08-18 19:00:00,6530.0,31.3
2021-08-18 20:00:00,6734.0,29.9
2021-08-18 21:00:00,6405.0,26.9
2021-08-18 22:00:00,5917.0,25.9
2021-08-18 23:00:00,5512.0,25.4
2021-08-19 00:00:00,5214.0,25.3
2021-08-19 01:00:00,4784.0,25.5
2021-08-19 02:00:00,4486.0,25.8
2021-08-19 03:00:00,4269.0,25.8
2021-08-19 04:00:00,4131.0,25.3
2021-08-19 05:00:00,4075.0,25.2
2021-08-19 06:00:00,4177.0,25.0
2021-08-19 07:00:00,4574.0,25.1
2021-08-19 08:00:00,5120.0,27.4
2021-08-19 09:00:00,6006.0,29.8
2021-08-19 10:00:00,6503.0,31.0
2021-08-19 11:00:00,6995.0,32.6
2021-08-19 12:00:00,6979.0,31.7
2021-08-19 13:00:00,7015.0,33.2
2021-08-19 14:00:00,7044.0,33.4
2021-08-19 15:00:00,7070.0,34.6
2021-08-19 16:00:00,7055.0,33.4
2021-08-19 17:00:00,7177.0,32.4
2021-08-19 18:00:00,6886.0,31.7
2021-08-19 19:00:00,6852.0,30.7
2021-08-19 20:00:00,7087.0,29.7
2021-08-19 21:00:00,7013.0,29.2
2021-08-19 22:00:00,6770.0,28.7
2021-08-19 23:00:00,6358.0,28.4
2021-08-20 00:00:00,5964.0,27.6
2021-08-20 01:00:00,5435.0,27.1
2021-08-20 02:00:00,5072.0,27.2
2021-08-20 03:00:00,4786.0,26.7
2021-08-20 04:00:00,4620.0,26.4
2021-08-20 05:00:00,4537.0,26.3
2021-08-20 06:00:00,4622.0,26.1
2021-08-20 07:00:00,4967.0,26.6
2021-08-20 08:00:00,5532.0,28.9
2021-08-20 09:00:00,6415.0,30.8
2021-08-20 10:00:00,7032.0,31.8
2021-08-20 11:00:00,7498.0,32.9
2021-08-20 12:00:00,7519.0,33.6
2021-08-20 13:00:00,7732.0,33.6
2021-08-20 14:00:00,7774.0,35.1
2021-08-20 15:00:00,7794.0,35.0
2021-08-20 16:00:00,7817.0,35.1
2021-08-20 17:00:00,7838.0,34.8
2021-08-20 18:00:00,7474.0,34.4
2021-08-20 19:00:00,7444.0,32.7
2021-08-20 20:00:00,7684.0,31.7
2021-08-20 21:00:00,7816.0,31.0
2021-08-20 22:00:00,7577.0,30.5
2021-08-20 23:00:00,7187.0,30.1
2021-08-21 00:00:00,6465.0,26.6
2021-08-21 01:00:00,5681.0,25.2
2021-08-21 02:00:00,5218.0,24.6
2021-08-21 03:00:00,4961.0,24.8
2021-08-21 04:00:00,4742.0,24.7
2021-08-21 05:00:00,4634.0,24.7
2021-08-21 06:00:00,4646.0,24.7
2021-08-21 07:00:00,4824.0,24.8
2021-08-21 08:00:00,5231.0,25.5
2021-08-21 09:00:00,5879.0,27.5
2021-08-21 10:00:00,6464.0,30.4
2021-08-21 11:00:00,7102.0,32.5
2021-08-21 12:00:00,7238.0,33.1
2021-08-21 13:00:00,7453.0,34.0
2021-08-21 14:00:00,7526.0,34.3
2021-08-21 15:00:00,7479.0,34.7
2021-08-21 16:00:00,7421.0,34.9
2021-08-21 17:00:00,7374.0,34.8
2021-08-21 18:00:00,7133.0,33.1
2021-08-21 19:00:00,7027.0,31.1
2021-08-21 20:00:00,7378.0,29.9
2021-08-21 21:00:00,7434.0,29.4
2021-08-21 22:00:00,7270.0,29.3
2021-08-21 23:00:00,6930.0,28.7
2021-08-22 00:00:00,6485.0,28.5
2021-08-22 01:00:00,5965.0,28.2
2021-08-22 02:00:00,5569.0,27.8
2021-08-22 03:00:00,5252.0,27.6
2021-08-22 04:00:00,5032.0,27.4
2021-08-22 05:00:00,4901.0,26.9
2021-08-22 06:00:00,4859.0,26.6
2021-08-22 07:00:00,5078.0,27.5
2021-08-22 08:00:00,5402.0,28.7
2021-08-22 09:00:00,6021.0,30.8
2021-08-22 10:00:00,6574.0,32.6
2021-08-22 11:00:00,7165.0,34.0
2021-08-22 12:00:00,7367.0,34.6
2021-08-22 13:00:00,7559.0,34.2
2021-08-22 14:00:00,7598.0,35.0
2021-08-22 15:00:00,7505.0,35.3
2021-08-22 16:00:00,7569.0,34.6
2021-08-22 17:00:00,7626.0,34.7
2021-08-22 18:00:00,7513.0,34.3
2021-08-22 19:00:00,7402.0,32.5
2021-08-22 20:00:00,7739.0,31.4
2021-08-22 21:00:00,7887.0,30.9
2021-08-22 22:00:00,7739.0,30.7
2021-08-22 23:00:00,7367.0,30.5
2021-08-23 00:00:00,6931.0,30.2
2021-08-23 01:00:00,6386.0,29.2
2021-08-23 02:00:00,5934.0,29.1
2021-08-23 03:00:00,5608.0,28.9
2021-08-23 04:00:00,5399.0,28.4
2021-08-23 05:00:00,5232.0,28.0
2021-08-23 06:00:00,5210.0,27.6
2021-08-23 07:00:00,5393.0,28.0
2021-08-23 08:00:00,5880.0,29.4
2021-08-23 09:00:00,6834.0,31.2
2021-08-23 10:00:00,7312.0,32.0
2021-08-23 11:00:00,7782.0,32.7
2021-08-23 12:00:00,7935.0,32.6
2021-08-23 13:00:00,8151.0,33.8
2021-08-23 14:00:00,8213.0,34.3
2021-08-23 15:00:00,8131.0,34.9
2021-08-23 16:00:00,8126.0,34.6
2021-08-23 17:00:00,8132.0,34.0
2021-08-23 18:00:00,7724.0,32.9
2021-08-23 19:00:00,7765.0,31.8
2021-08-23 20:00:00,8024.0,31.0
2021-08-23 21:00:00,8125.0,30.5
2021-08-23 22:00:00,7975.0,30.4
2021-08-23 23:00:00,7524.0,30.0
2021-08-24 00:00:00,7039.0,29.4
2021-08-24 01:00:00,6442.0,29.1
2021-08-24 02:00:00,6008.0,28.4
2021-08-24 03:00:00,5656.0,28.0
2021-08-24 04:00:00,5377.0,28.1
2021-08-24 05:00:00,5166.0,26.9
2021-08-24 06:00:00,5172.0,26.5
2021-08-24 07:00:00,5308.0,26.6
2021-08-24 08:00:00,5690.0,27.1
2021-08-24 09:00:00,6410.0,27.7
2021-08-24 10:00:00,6744.0,26.7
2021-08-24 11:00:00,6883.0,26.6
2021-08-24 12:00:00,6532.0,25.6
2021-08-24 13:00:00,6205.0,24.4
2021-08-24 14:00:00,6078.0,24.4
2021-08-24 15:00:00,6081.0,24.1
2021-08-24 16:00:00,6138.0,24.9
2021-08-24 17:00:00,6298.0,24.7
2021-08-24 18:00:00,5987.0,24.7
2021-08-24 19:00:00,5975.0,24.4
2021-08-24 20:00:00,6092.0,24.2
2021-08-24 21:00:00,5992.0,24.1
2021-08-24 22:00:00,5691.0,24.2
2021-08-24 23:00:00,5354.0,23.9
2021-08-25 00:00:00,5071.0,23.7
2021-08-25 01:00:00,4662.0,23.8
2021-08-25 02:00:00,4361.0,23.8
2021-08-25 03:00:00,4150.0,23.8
2021-08-25 04:00:00,4054.0,23.9
2021-08-25 05:00:00,3993.0,23.7
2021-08-25 06:00:00,4078.0,23.5
2021-08-25 07:00:00,4423.0,22.9
2021-08-25 08:00:00,4883.0,22.9
2021-08-25 09:00:00,5520.0,23.3
2021-08-25 10:00:00,5789.0,23.3
2021-08-25 11:00:00,6030.0,23.3
2021-08-25 12:00:00,5750.0,24.1
2021-08-25 13:00:00,5527.0,24.6
2021-08-25 14:00:00,5639.0,25.7
2021-08-25 15:00:00,5700.0,26.8
2021-08-25 16:00:00,5745.0,26.7
2021-08-25 17:00:00,6020.0,27.4
2021-08-25 18:00:00,5792.0,26.0
2021-08-25 19:00:00,5798.0,24.7
2021-08-25 20:00:00,5821.0,24.1
2021-08-25 21:00:00,5659.0,23.7
2021-08-25 22:00:00,5275.0,23.3
2021-08-25 23:00:00,4917.0,23.1
2021-08-26 00:00:00,4606.0,22.5
2021-08-26 01:00:00,4204.0,22.1
2021-08-26 02:00:00,3923.0,21.9
2021-08-26 03:00:00,3772.0,22.0
2021-08-26 04:00:00,3661.0,22.1
2021-08-26 05:00:00,3630.0,22.0
2021-08-26 06:00:00,3762.0,21.9
2021-08-26 07:00:00,4155.0,22.4
2021-08-26 08:00:00,4609.0,23.4
2021-08-26 09:00:00,5230.0,24.8
2021-08-26 10:00:00,5539.0,25.7
2021-08-26 11:00:00,5849.0,26.4
2021-08-26 12:00:00,5573.0,26.0
2021-08-26 13:00:00,5278.0,27.4
2021-08-26 14:00:00,5359.0,26.5
2021-08-26 15:00:00,5371.0,25.3
2021-08-26 16:00:00,5483.0,25.4
2021-08-26 17:00:00,5643.0,26.2
2021-08-26 18:00:00,5462.0,24.5
2021-08-26 19:00:00,5488.0,23.9
2021-08-26 20:00:00,5413.0,23.4
2021-08-26 21:00:00,5233.0,23.0
2021-08-26 22:00:00,4866.0,23.0
2021-08-26 23:00:00,4473.0,22.7
2021-08-27 00:00:00,4264.0,22.6
2021-08-27 01:00:00,3859.0,22.3
2021-08-27 02:00:00,3647.0,21.9
2021-08-27 03:00:00,3498.0,22.1
2021-08-27 04:00:00,3399.0,21.9
2021-08-27 05:00:00,3369.0,21.9
2021-08-27 06:00:00,3530.0,21.9
2021-08-27 07:00:00,3881.0,21.6
2021-08-27 08:00:00,4382.0,21.6
2021-08-27 09:00:00,4859.0,22.1
2021-08-27 10:00:00,5163.0,22.2
2021-08-27 11:00:00,5365.0,21.9
2021-08-27 12:00:00,5072.0,22.3
2021-08-27 13:00:00,4870.0,22.5
2021-08-27 14:00:00,4880.0,22.7
2021-08-27 15:00:00,4931.0,22.7
2021-08-27 16:00:00,5006.0,22.8
2021-08-27 17:00:00,5271.0,23.0
2021-08-27 18:00:00,5149.0,22.9
2021-08-27 19:00:00,5208.0,22.7
2021-08-27 20:00:00,5163.0,22.7
2021-08-27 21:00:00,4970.0,22.4
2021-08-27 22:00:00,4609.0,22.3
2021-08-27 23:00:00,4361.0,22.2
2021-08-28 00:00:00,4126.0,22.1
2021-08-28 01:00:00,3763.0,21.8
2021-08-28 02:00:00,3532.0,21.8
2021-08-28 03:00:00,3381.0,21.9
2021-08-28 04:00:00,3312.0,22.0
2021-08-28 05:00:00,3294.0,22.0
2021-08-28 06:00:00,3450.0,21.9
2021-08-28 07:00:00,3845.0,22.0
2021-08-28 08:00:00,4214.0,23.1
2021-08-28 09:00:00,4782.0,25.3
2021-08-28 10:00:00,5179.0,27.4
2021-08-28 11:00:00,5522.0,27.9
2021-08-28 12:00:00,5341.0,28.1
2021-08-28 13:00:00,5190.0,28.9
2021-08-28 14:00:00,5335.0,29.5
2021-08-28 15:00:00,5367.0,30.5
2021-08-28 16:00:00,5491.0,30.7
2021-08-28 17:00:00,5728.0,29.5
2021-08-28 18:00:00,5685.0,29.6
2021-08-28 19:00:00,5747.0,28.0
2021-08-28 20:00:00,5770.0,27.4
2021-08-28 21:00:00,5565.0,27.5
2021-08-28 22:00:00,5222.0,26.9
2021-08-28 23:00:00,4871.0,26.1
2021-08-29 00:00:00,4592.0,26.2
2021-08-29 01:00:00,4183.0,25.9
2021-08-29 02:00:00,3921.0,25.8
2021-08-29 03:00:00,3736.0,25.4
2021-08-29 04:00:00,3641.0,25.1
2021-08-29 05:00:00,3547.0,24.9
2021-08-29 06:00:00,3657.0,24.6
2021-08-29 07:00:00,3997.0,25.8
2021-08-29 08:00:00,4314.0,28.4
2021-08-29 09:00:00,4868.0,30.2
2021-08-29 10:00:00,5385.0,31.8
2021-08-29 11:00:00,5793.0,33.3
2021-08-29 12:00:00,5759.0,34.0
2021-08-29 13:00:00,5779.0,33.5
2021-08-29 14:00:00,5845.0,34.5
2021-08-29 15:00:00,5860.0,34.8
2021-08-29 16:00:00,5920.0,35.0
2021-08-29 17:00:00,6168.0,34.5
2021-08-29 18:00:00,6095.0,33.8
2021-08-29 19:00:00,6035.0,32.0
2021-08-29 20:00:00,6245.0,30.3
2021-08-29 21:00:00,6198.0,29.5
2021-08-29 22:00:00,5927.0,28.6
2021-08-29 23:00:00,5615.0,27.5
2021-08-30 00:00:00,5287.0,26.9
2021-08-30 01:00:00,4816.0,26.5
2021-08-30 02:00:00,4490.0,26.3
2021-08-30 03:00:00,4240.0,26.0
2021-08-30 04:00:00,4128.0,25.5
2021-08-30 05:00:00,4012.0,25.5
2021-08-30 06:00:00,4177.0,25.3
2021-08-30 07:00:00,4613.0,26.4
2021-08-30 08:00:00,5194.0,29.7
2021-08-30 09:00:00,6187.0,31.2
2021-08-30 10:00:00,6731.0,32.3
2021-08-30 11:00:00,7206.0,33.7
2021-08-30 12:00:00,7229.0,34.6
2021-08-30 13:00:00,7399.0,35.5
2021-08-30 14:00:00,7410.0,35.3
2021-08-30 15:00:00,7406.0,36.2
2021-08-30 16:00:00,7551.0,36.3
2021-08-30 17:00:00,7618.0,36.0
2021-08-30 18:00:00,7245.0,34.8
2021-08-30 19:00:00,7175.0,32.8
2021-08-30 20:00:00,7350.0,31.2
2021-08-30 21:00:00,7401.0,30.3
2021-08-30 22:00:00,7199.0,29.6
2021-08-30 23:00:00,6803.0,28.9
2021-08-31 00:00:00,6388.0,28.2
2021-08-31 01:00:00,5797.0,27.6
2021-08-31 02:00:00,5441.0,27.2
2021-08-31 03:00:00,5158.0,27.1
2021-08-31 04:00:00,4930.0,26.7
2021-08-31 05:00:00,4792.0,26.4
2021-08-31 06:00:00,4846.0,26.5
2021-08-31 07:00:00,5135.0,27.1
2021-08-31 08:00:00,5731.0,28.7
2021-08-31 09:00:00,6692.0,31.8
2021-08-31 10:00:00,7330.0,33.0
2021-08-31 11:00:00,7819.0,34.1
2021-08-31 12:00:00,7919.0,35.1
2021-08-31 13:00:00,8132.0,35.8
2021-08-31 14:00:00,8103.0,36.5
2021-08-31 15:00:00,8010.0,36.7
2021-08-31 16:00:00,8022.0,37.2
2021-08-31 17:00:00,8063.0,36.3
2021-08-31 18:00:00,7705.0,35.5
2021-08-31 19:00:00,7673.0,33.3
2021-08-31 20:00:00,7942.0,31.9
2021-08-31 21:00:00,8045.0,30.7
2021-08-31 22:00:00,7950.0,30.3
2021-08-31 23:00:00,7505.0,29.3
2021-09-01 00:00:00,7007.0,28.8
2021-09-01 01:00:00,6372.0,28.2
2021-09-01 02:00:00,5956.0,27.6
2021-09-01 03:00:00,5624.0,27.4
2021-09-01 04:00:00,5380.0,26.7
2021-09-01 05:00:00,5233.0,26.5
2021-09-01 06:00:00,5230.0,26.3
2021-09-01 07:00:00,5461.0,27.0
2021-09-01 08:00:00,5885.0,29.6
2021-09-01 09:00:00,6801.0,31.5
2021-09-01 10:00:00,7451.0,32.3
2021-09-01 11:00:00,8032.0,33.9
2021-09-01 12:00:00,8259.0,34.9
2021-09-01 13:00:00,8544.0,35.9
2021-09-01 14:00:00,8419.0,36.4
2021-09-01 15:00:00,8305.0,37.5
2021-09-01 16:00:00,8325.0,36.2
2021-09-01 17:00:00,8382.0,34.4
2021-09-01 18:00:00,8034.0,33.7
2021-09-01 19:00:00,7798.0,32.3
2021-09-01 20:00:00,8166.0,30.9
2021-09-01 21:00:00,8360.0,30.0
2021-09-01 22:00:00,8198.0,29.0
2021-09-01 23:00:00,7648.0,28.1
2021-09-02 00:00:00,7156.0,28.1
2021-09-02 01:00:00,6569.0,27.6
2021-09-02 02:00:00,6153.0,27.2
2021-09-02 03:00:00,5819.0,27.4
2021-09-02 04:00:00,5539.0,27.0
2021-09-02 05:00:00,5394.0,26.7
2021-09-02 06:00:00,5380.0,26.1
2021-09-02 07:00:00,5508.0,26.2
2021-09-02 08:00:00,5863.0,27.7
2021-09-02 09:00:00,6663.0,29.5
2021-09-02 10:00:00,7140.0,30.5
2021-09-02 11:00:00,7575.0,32.1
2021-09-02 12:00:00,7651.0,32.7
2021-09-02 13:00:00,7928.0,33.3
2021-09-02 14:00:00,7868.0,34.5
2021-09-02 15:00:00,7833.0,34.4
2021-09-02 16:00:00,7894.0,34.0
2021-09-02 17:00:00,8029.0,33.5
2021-09-02 18:00:00,7696.0,33.1
2021-09-02 19:00:00,7766.0,31.1
2021-09-02 20:00:00,8028.0,30.0
2021-09-02 21:00:00,8098.0,28.8
2021-09-02 22:00:00,7891.0,28.1
2021-09-02 23:00:00,7401.0,28.0
2021-09-03 00:00:00,6922.0,27.8
2021-09-03 01:00:00,6351.0,27.8
2021-09-03 02:00:00,5928.0,27.5
2021-09-03 03:00:00,5612.0,26.9
2021-09-03 04:00:00,5368.0,26.6
2021-09-03 05:00:00,5240.0,26.1
2021-09-03 06:00:00,5225.0,25.6
2021-09-03 07:00:00,5501.0,26.2
2021-09-03 08:00:00,5943.0,28.7
2021-09-03 09:00:00,6884.0,31.0
2021-09-03 10:00:00,7505.0,31.6
2021-09-03 11:00:00,8080.0,33.5
2021-09-03 12:00:00,8236.0,34.9
2021-09-03 13:00:00,8479.0,36.1
2021-09-03 14:00:00,8476.0,36.5
2021-09-03 15:00:00,8300.0,35.8
2021-09-03 16:00:00,8249.0,35.6
2021-09-03 17:00:00,8078.0,33.8
2021-09-03 18:00:00,7375.0,31.6
2021-09-03 19:00:00,7559.0,31.0
2021-09-03 20:00:00,7722.0,30.1
2021-09-03 21:00:00,7838.0,30.0
2021-09-03 22:00:00,7756.0,29.6
2021-09-03 23:00:00,7390.0,29.3
2021-09-04 00:00:00,6993.0,28.9
2021-09-04 01:00:00,6447.0,28.3
2021-09-04 02:00:00,6055.0,28.0
2021-09-04 03:00:00,5730.0,28.2
2021-09-04 04:00:00,5523.0,27.8
2021-09-04 05:00:00,5353.0,27.5
2021-09-04 06:00:00,5343.0,27.1
2021-09-04 07:00:00,5541.0,27.5
2021-09-04 08:00:00,6004.0,29.7
2021-09-04 09:00:00,6793.0,32.3
2021-09-04 10:00:00,7437.0,32.8
2021-09-04 11:00:00,7955.0,34.6
2021-09-04 12:00:00,8127.0,35.6
2021-09-04 13:00:00,8446.0,35.4
2021-09-04 14:00:00,8485.0,36.3
2021-09-04 15:00:00,8343.0,35.9
2021-09-04 16:00:00,8262.0,35.9
2021-09-04 17:00:00,8300.0,36.5
2021-09-04 18:00:00,8006.0,35.0
2021-09-04 19:00:00,8012.0,33.4
2021-09-04 20:00:00,8188.0,32.0
2021-09-04 21:00:00,8309.0,31.1
2021-09-04 22:00:00,8229.0,30.2
2021-09-04 23:00:00,7915.0,29.7
2021-09-05 00:00:00,7467.0,29.2
2021-09-05 01:00:00,6867.0,29.2
2021-09-05 02:00:00,6451.0,29.1
2021-09-05 03:00:00,6106.0,29.1
2021-09-05 04:00:00,5843.0,28.4
2021-09-05 05:00:00,5662.0,28.2
2021-09-05 06:00:00,5600.0,27.5
2021-09-05 07:00:00,5659.0,28.0
2021-09-05 08:00:00,6048.0,30.5
2021-09-05 09:00:00,6768.0,33.0
2021-09-05 10:00:00,7394.0,33.5
2021-09-05 11:00:00,7984.0,33.9
2021-09-05 12:00:00,8186.0,35.1
2021-09-05 13:00:00,8400.0,35.8
2021-09-05 14:00:00,8347.0,33.9
2021-09-05 15:00:00,8025.0,34.3
2021-09-05 16:00:00,7956.0,32.8
2021-09-05 17:00:00,7884.0,31.9
2021-09-05 18:00:00,7552.0,30.3
2021-09-05 19:00:00,7494.0,28.8
2021-09-05 20:00:00,7665.0,28.5
2021-09-05 21:00:00,7851.0,28.2
2021-09-05 22:00:00,7668.0,27.9
2021-09-05 23:00:00,7113.0,27.6
2021-09-06 00:00:00,6632.0,27.3
2021-09-06 01:00:00,6077.0,26.9
2021-09-06 02:00:00,5686.0,26.5
2021-09-06 03:00:00,5419.0,26.2
2021-09-06 04:00:00,5202.0,26.0
2021-09-06 05:00:00,5087.0,25.9
2021-09-06 06:00:00,5186.0,25.6
2021-09-06 07:00:00,5392.0,25.5
2021-09-06 08:00:00,5845.0,27.0
2021-09-06 09:00:00,6736.0,28.1
2021-09-06 10:00:00,7334.0,29.9
2021-09-06 11:00:00,7616.0,29.6
2021-09-06 12:00:00,7492.0,29.7
2021-09-06 13:00:00,7387.0,30.1
2021-09-06 14:00:00,7185.0,30.5
2021-09-06 15:00:00,7009.0,29.8
2021-09-06 16:00:00,6998.0,28.4
2021-09-06 17:00:00,6987.0,27.4
2021-09-06 18:00:00,6594.0,26.9
2021-09-06 19:00:00,6646.0,26.5
2021-09-06 20:00:00,6534.0,26.3
2021-09-06 21:00:00,6416.0,25.9
2021-09-06 22:00:00,6062.0,25.4
2021-09-06 23:00:00,5634.0,25.1
2021-09-07 00:00:00,5309.0,25.0
2021-09-07 01:00:00,4900.0,24.9
2021-09-07 02:00:00,4607.0,24.8
2021-09-07 03:00:00,4406.0,24.6
2021-09-07 04:00:00,4274.0,24.5
2021-09-07 05:00:00,4203.0,24.3
2021-09-07 06:00:00,4357.0,24.1
2021-09-07 07:00:00,4711.0,23.9
2021-09-07 08:00:00,5099.0,24.2
2021-09-07 09:00:00,5801.0,24.7
2021-09-07 10:00:00,6197.0,26.4
2021-09-07 11:00:00,6505.0,27.7
2021-09-07 12:00:00,6344.0,28.0
2021-09-07 13:00:00,6252.0,28.5
2021-09-07 14:00:00,6248.0,27.7
2021-09-07 15:00:00,6245.0,28.1
2021-09-07 16:00:00,6319.0,27.7
2021-09-07 17:00:00,6454.0,27.7
2021-09-07 18:00:00,6228.0,26.8
2021-09-07 19:00:00,6215.0,25.5
2021-09-07 20:00:00,6173.0,25.6
2021-09-07 21:00:00,5980.0,25.2
2021-09-07 22:00:00,5677.0,24.9
2021-09-07 23:00:00,5235.0,24.8
2021-09-08 00:00:00,4942.0,24.3
2021-09-08 01:00:00,4528.0,24.3
2021-09-08 02:00:00,4285.0,24.2
2021-09-08 03:00:00,4105.0,24.0
2021-09-08 04:00:00,3987.0,23.8
2021-09-08 05:00:00,3953.0,23.6
2021-09-08 06:00:00,4153.0,23.1
2021-09-08 07:00:00,4587.0,23.0
2021-09-08 08:00:00,5103.0,24.7
2021-09-08 09:00:00,5888.0,26.6
2021-09-08 10:00:00,6293.0,27.9
2021-09-08 11:00:00,6622.0,29.5
2021-09-08 12:00:00,6442.0,29.3
2021-09-08 13:00:00,6361.0,29.2
2021-09-08 14:00:00,6371.0,29.5
2021-09-08 15:00:00,6383.0,29.6
2021-09-08 16:00:00,6471.0,29.4
2021-09-08 17:00:00,6611.0,29.5
2021-09-08 18:00:00,6360.0,29.4
2021-09-08 19:00:00,6461.0,27.7
2021-09-08 20:00:00,6414.0,26.8
2021-09-08 21:00:00,6281.0,26.3
2021-09-08 22:00:00,5936.0,26.0
2021-09-08 23:00:00,5497.0,25.3
2021-09-09 00:00:00,5177.0,24.6
2021-09-09 01:00:00,4724.0,24.1
2021-09-09 02:00:00,4468.0,24.0
2021-09-09 03:00:00,4245.0,23.6
2021-09-09 04:00:00,4160.0,23.2
2021-09-09 05:00:00,4080.0,23.0
2021-09-09 06:00:00,4278.0,22.8
2021-09-09 07:00:00,4688.0,23.2
2021-09-09 08:00:00,5245.0,26.1
2021-09-09 09:00:00,6141.0,28.9
2021-09-09 10:00:00,6633.0,30.1
2021-09-09 11:00:00,7031.0,31.5
2021-09-09 12:00:00,6928.0,32.3
2021-09-09 13:00:00,7023.0,32.7
2021-09-09 14:00:00,6994.0,32.5
2021-09-09 15:00:00,7025.0,34.2
2021-09-09 16:00:00,7139.0,34.2
2021-09-09 17:00:00,7258.0,33.0
2021-09-09 18:00:00,6998.0,31.7
2021-09-09 19:00:00,7094.0,30.4
2021-09-09 20:00:00,7055.0,30.0
2021-09-09 21:00:00,6998.0,29.6
2021-09-09 22:00:00,6695.0,28.4
2021-09-09 23:00:00,6259.0,27.2
2021-09-10 00:00:00,5869.0,26.6
2021-09-10 01:00:00,5335.0,26.4
2021-09-10 02:00:00,5037.0,25.9
2021-09-10 03:00:00,4786.0,25.4
2021-09-10 04:00:00,4603.0,24.9
2021-09-10 05:00:00,4520.0,24.5
2021-09-10 06:00:00,4667.0,24.0
2021-09-10 07:00:00,5008.0,24.1
2021-09-10 08:00:00,5563.0,26.5
2021-09-10 09:00:00,6475.0,29.0
2021-09-10 10:00:00,7034.0,30.4
2021-09-10 11:00:00,7470.0,32.5
2021-09-10 12:00:00,7487.0,33.9
2021-09-10 13:00:00,7633.0,34.4
2021-09-10 14:00:00,7612.0,35.0
2021-09-10 15:00:00,7489.0,35.5
2021-09-10 16:00:00,7545.0,34.6
2021-09-10 17:00:00,7641.0,33.9
2021-09-10 18:00:00,7295.0,32.7
2021-09-10 19:00:00,7318.0,30.9
2021-09-10 20:00:00,7313.0,29.8
2021-09-10 21:00:00,7243.0,29.1
2021-09-10 22:00:00,7063.0,28.3
2021-09-10 23:00:00,6724.0,28.2
2021-09-11 00:00:00,6367.0,27.4
2021-09-11 01:00:00,5789.0,25.8
2021-09-11 02:00:00,5400.0,26.4
2021-09-11 03:00:00,5127.0,26.0
2021-09-11 04:00:00,4906.0,25.1
2021-09-11 05:00:00,4766.0,24.9
2021-09-11 06:00:00,4855.0,24.7
2021-09-11 07:00:00,5083.0,24.9
2021-09-11 08:00:00,5562.0,27.9
2021-09-11 09:00:00,6336.0,29.6
2021-09-11 10:00:00,6852.0,32.0
2021-09-11 11:00:00,7357.0,32.6
2021-09-11 12:00:00,7460.0,32.5
2021-09-11 13:00:00,7535.0,33.6
2021-09-11 14:00:00,7624.0,34.5
2021-09-11 15:00:00,7506.0,33.4
2021-09-11 16:00:00,7440.0,32.1
2021-09-11 17:00:00,7555.0,32.6
2021-09-11 18:00:00,7292.0,31.4
2021-09-11 19:00:00,7224.0,29.7
2021-09-11 20:00:00,7214.0,28.7
2021-09-11 21:00:00,7151.0,27.9
2021-09-11 22:00:00,6955.0,27.0
2021-09-11 23:00:00,6662.0,26.5
2021-09-12 00:00:00,6303.0,25.8
2021-09-12 01:00:00,5754.0,24.8
2021-09-12 02:00:00,5374.0,24.4
2021-09-12 03:00:00,5063.0,24.2
2021-09-12 04:00:00,4873.0,24.2
2021-09-12 05:00:00,4731.0,23.8
2021-09-12 06:00:00,4790.0,23.7
2021-09-12 07:00:00,5026.0,24.3
2021-09-12 08:00:00,5427.0,26.5
2021-09-12 09:00:00,6111.0,29.2
2021-09-12 10:00:00,6667.0,30.6
2021-09-12 11:00:00,7169.0,31.9
2021-09-12 12:00:00,7279.0,33.4
2021-09-12 13:00:00,7494.0,34.3
2021-09-12 14:00:00,7500.0,34.9
2021-09-12 15:00:00,7435.0,34.3
2021-09-12 16:00:00,7489.0,33.5
2021-09-12 17:00:00,7551.0,28.0
2021-09-12 18:00:00,7115.0,24.9
2021-09-12 19:00:00,7143.0,25.7
2021-09-12 20:00:00,7200.0,25.9
2021-09-12 21:00:00,7214.0,25.6
2021-09-12 22:00:00,6996.0,25.4
2021-09-12 23:00:00,6605.0,25.4
2021-09-13 00:00:00,6173.0,25.5
2021-09-13 01:00:00,5683.0,25.0
2021-09-13 02:00:00,5312.0,24.7
2021-09-13 03:00:00,5046.0,24.5
2021-09-13 04:00:00,4831.0,24.3
2021-09-13 05:00:00,4719.0,24.0
2021-09-13 06:00:00,4821.0,23.6
2021-09-13 07:00:00,5130.0,24.3
2021-09-13 08:00:00,5575.0,26.1
2021-09-13 09:00:00,6510.0,27.7
2021-09-13 10:00:00,6983.0,29.7
2021-09-13 11:00:00,7367.0,30.9
2021-09-13 12:00:00,7367.0,31.8
2021-09-13 13:00:00,7570.0,32.6
2021-09-13 14:00:00,7487.0,32.5
2021-09-13 15:00:00,7359.0,32.7
2021-09-13 16:00:00,7434.0,32.4
2021-09-13 17:00:00,7481.0,31.3
2021-09-13 18:00:00,7090.0,29.9
2021-09-13 19:00:00,7133.0,28.5
2021-09-13 20:00:00,7096.0,27.5
2021-09-13 21:00:00,7028.0,26.7
2021-09-13 22:00:00,6767.0,25.9
2021-09-13 23:00:00,6369.0,25.6
2021-09-14 00:00:00,5957.0,25.3
2021-09-14 01:00:00,5442.0,24.8
2021-09-14 02:00:00,5124.0,24.3
2021-09-14 03:00:00,4889.0,23.7
2021-09-14 04:00:00,4709.0,23.7
2021-09-14 05:00:00,4615.0,23.7
2021-09-14 06:00:00,4756.0,23.4
2021-09-14 07:00:00,5102.0,23.8
2021-09-14 08:00:00,5583.0,26.1
2021-09-14 09:00:00,6497.0,28.5
2021-09-14 10:00:00,6968.0,29.8
2021-09-14 11:00:00,7447.0,31.3
2021-09-14 12:00:00,7420.0,32.2
2021-09-14 13:00:00,7578.0,32.6
2021-09-14 14:00:00,7467.0,30.8
2021-09-14 15:00:00,7434.0,33.6
2021-09-14 16:00:00,7520.0,33.3
2021-09-14 17:00:00,7577.0,32.0
2021-09-14 18:00:00,7252.0,30.9
2021-09-14 19:00:00,7373.0,29.0
2021-09-14 20:00:00,7292.0,28.2
2021-09-14 21:00:00,7213.0,27.7
2021-09-14 22:00:00,6977.0,27.2
2021-09-14 23:00:00,6559.0,27.0
2021-09-15 00:00:00,6128.0,26.8
2021-09-15 01:00:00,5598.0,26.1
2021-09-15 02:00:00,5251.0,24.9
2021-09-15 03:00:00,4998.0,24.4
2021-09-15 04:00:00,4783.0,24.4
2021-09-15 05:00:00,4704.0,24.6
2021-09-15 06:00:00,4837.0,23.9
2021-09-15 07:00:00,5194.0,24.3
2021-09-15 08:00:00,5644.0,26.6
2021-09-15 09:00:00,6509.0,28.9
2021-09-15 10:00:00,6953.0,30.3
2021-09-15 11:00:00,7262.0,31.2
2021-09-15 12:00:00,7241.0,31.8
2021-09-15 13:00:00,7368.0,32.6
2021-09-15 14:00:00,7249.0,33.1
2021-09-15 15:00:00,7205.0,32.3
2021-09-15 16:00:00,7259.0,32.8
2021-09-15 17:00:00,7410.0,31.2
2021-09-15 18:00:00,7125.0,31.0
2021-09-15 19:00:00,7279.0,29.4
2021-09-15 20:00:00,7308.0,28.5
2021-09-15 21:00:00,7332.0,27.9
2021-09-15 22:00:00,7107.0,27.2
2021-09-15 23:00:00,6638.0,27.4
2021-09-16 00:00:00,6204.0,26.9
2021-09-16 01:00:00,5703.0,26.2
2021-09-16 02:00:00,5306.0,25.2
2021-09-16 03:00:00,5001.0,24.3
2021-09-16 04:00:00,4795.0,23.6
2021-09-16 05:00:00,4642.0,23.0
2021-09-16 06:00:00,4799.0,22.7
2021-09-16 07:00:00,5086.0,23.3
2021-09-16 08:00:00,5482.0,25.3
2021-09-16 09:00:00,6293.0,27.6
2021-09-16 10:00:00,6750.0,29.7
2021-09-16 11:00:00,7045.0,31.3
2021-09-16 12:00:00,6999.0,32.0
2021-09-16 13:00:00,7181.0,32.8
2021-09-16 14:00:00,7140.0,33.2
2021-09-16 15:00:00,7084.0,33.6
2021-09-16 16:00:00,7186.0,32.8
2021-09-16 17:00:00,7353.0,32.1
2021-09-16 18:00:00,7043.0,31.4
2021-09-16 19:00:00,7192.0,30.4
2021-09-16 20:00:00,7200.0,29.6
2021-09-16 21:00:00,7262.0,28.7
2021-09-16 22:00:00,7097.0,27.7
2021-09-16 23:00:00,6647.0,27.2
2021-09-17 00:00:00,6227.0,26.6
2021-09-17 01:00:00,5679.0,26.1
2021-09-17 02:00:00,5341.0,25.9
2021-09-17 03:00:00,5046.0,25.1
2021-09-17 04:00:00,4841.0,24.7
2021-09-17 05:00:00,4736.0,24.4
2021-09-17 06:00:00,4868.0,24.0
2021-09-17 07:00:00,5154.0,24.1
2021-09-17 08:00:00,5625.0,25.9
2021-09-17 09:00:00,6367.0,29.0
2021-09-17 10:00:00,6677.0,30.5
2021-09-17 11:00:00,7039.0,31.8
2021-09-17 12:00:00,7017.0,33.0
2021-09-17 13:00:00,7199.0,33.5
2021-09-17 14:00:00,7169.0,34.1
2021-09-17 15:00:00,7053.0,34.1
2021-09-17 16:00:00,7201.0,33.8
2021-09-17 17:00:00,7276.0,33.1
2021-09-17 18:00:00,7018.0,31.8
2021-09-17 19:00:00,7234.0,30.2
2021-09-17 20:00:00,7206.0,29.3
2021-09-17 21:00:00,7194.0,28.6
2021-09-17 22:00:00,6991.0,27.9
2021-09-17 23:00:00,6622.0,26.9
2021-09-18 00:00:00,6211.0,27.4
2021-09-18 01:00:00,5707.0,26.0
2021-09-18 02:00:00,5346.0,25.7
2021-09-18 03:00:00,5060.0,25.4
2021-09-18 04:00:00,4860.0,24.7
2021-09-18 05:00:00,4729.0,24.2
2021-09-18 06:00:00,4860.0,23.7
2021-09-18 07:00:00,5131.0,24.2
2021-09-18 08:00:00,5568.0,26.3
2021-09-18 09:00:00,6302.0,29.5
2021-09-18 10:00:00,6725.0,31.6
2021-09-18 11:00:00,7124.0,32.9
2021-09-18 12:00:00,7193.0,34.0
2021-09-18 13:00:00,7513.0,35.3
2021-09-18 14:00:00,7547.0,35.7
2021-09-18 15:00:00,7497.0,35.7
2021-09-18 16:00:00,7522.0,35.8
2021-09-18 17:00:00,7687.0,34.4
2021-09-18 18:00:00,7409.0,33.2
2021-09-18 19:00:00,7579.0,32.3
2021-09-18 20:00:00,7614.0,31.2
2021-09-18 21:00:00,7655.0,30.3
2021-09-18 22:00:00,7554.0,30.4
2021-09-18 23:00:00,7354.0,30.0
2021-09-19 00:00:00,6926.0,29.6
2021-09-19 01:00:00,6381.0,29.1
2021-09-19 02:00:00,6005.0,28.2
2021-09-19 03:00:00,5619.0,28.1
2021-09-19 04:00:00,5382.0,28.0
2021-09-19 05:00:00,5256.0,27.5
2021-09-19 06:00:00,5257.0,26.7
2021-09-19 07:00:00,5402.0,26.9
2021-09-19 08:00:00,5805.0,28.6
2021-09-19 09:00:00,6455.0,31.6
2021-09-19 10:00:00,6995.0,32.7
2021-09-19 11:00:00,7528.0,34.2
2021-09-19 12:00:00,7636.0,35.2
2021-09-19 13:00:00,7818.0,36.0
2021-09-19 14:00:00,7960.0,36.3
2021-09-19 15:00:00,7859.0,36.5
2021-09-19 16:00:00,7809.0,35.8
2021-09-19 17:00:00,7826.0,35.2
2021-09-19 18:00:00,7500.0,34.5
2021-09-19 19:00:00,7601.0,33.1
2021-09-19 20:00:00,7595.0,32.2
2021-09-19 21:00:00,7466.0,29.6
2021-09-19 22:00:00,6970.0,26.6
2021-09-19 23:00:00,6260.0,23.3
2021-09-20 00:00:00,5673.0,21.8
2021-09-20 01:00:00,5121.0,21.4
2021-09-20 02:00:00,4778.0,21.5
2021-09-20 03:00:00,4435.0,21.3
2021-09-20 04:00:00,4249.0,21.2
2021-09-20 05:00:00,4129.0,20.8
2021-09-20 06:00:00,4115.0,20.6
2021-09-20 07:00:00,4302.0,21.0
2021-09-20 08:00:00,4504.0,21.4
2021-09-20 09:00:00,4865.0,21.9
2021-09-20 10:00:00,5113.0,23.1
2021-09-20 11:00:00,5367.0,24.9
2021-09-20 12:00:00,5234.0,25.6
2021-09-20 13:00:00,5300.0,27.2
2021-09-20 14:00:00,5280.0,27.9
2021-09-20 15:00:00,5275.0,28.9
2021-09-20 16:00:00,5345.0,28.9
2021-09-20 17:00:00,5528.0,28.3
2021-09-20 18:00:00,5461.0,27.5
2021-09-20 19:00:00,5537.0,25.9
2021-09-20 20:00:00,5361.0,24.8
2021-09-20 21:00:00,5256.0,24.2
2021-09-20 22:00:00,5006.0,23.3
2021-09-20 23:00:00,4692.0,22.7
2021-09-21 00:00:00,4435.0,22.0
2021-09-21 01:00:00,4006.0,21.3
2021-09-21 02:00:00,3703.0,20.9
2021-09-21 03:00:00,3488.0,20.6
2021-09-21 04:00:00,3382.0,20.2
2021-09-21 05:00:00,3303.0,20.1
2021-09-21 06:00:00,3347.0,19.8
2021-09-21 07:00:00,3579.0,20.0
2021-09-21 08:00:00,3805.0,23.5
2021-09-21 09:00:00,4133.0,25.8
2021-09-21 10:00:00,4576.0,28.5
2021-09-21 11:00:00,4948.0,30.3
2021-09-21 12:00:00,4996.0,32.2
2021-09-21 13:00:00,5147.0,33.1
2021-09-21 14:00:00,5191.0,34.2
2021-09-21 15:00:00,5142.0,34.3
2021-09-21 16:00:00,5261.0,34.2
2021-09-21 17:00:00,5432.0,34.7
2021-09-21 18:00:00,5344.0,32.0
2021-09-21 19:00:00,5484.0,29.7
2021-09-21 20:00:00,5487.0,28.2
2021-09-21 21:00:00,5580.0,27.2
2021-09-21 22:00:00,5422.0,25.7
2021-09-21 23:00:00,5041.0,24.6
2021-09-22 00:00:00,4783.0,23.7
2021-09-22 01:00:00,4378.0,22.7
2021-09-22 02:00:00,4060.0,22.0
2021-09-22 03:00:00,3810.0,21.6
2021-09-22 04:00:00,3677.0,21.6
2021-09-22 05:00:00,3617.0,21.9
2021-09-22 06:00:00,3772.0,21.0
2021-09-22 07:00:00,4242.0,20.9
2021-09-22 08:00:00,4745.0,24.4
2021-09-22 09:00:00,5657.0,26.9
2021-09-22 10:00:00,6095.0,29.9
2021-09-22 11:00:00,6518.0,32.3
2021-09-22 12:00:00,6671.0,34.0
2021-09-22 13:00:00,6771.0,35.1
2021-09-22 14:00:00,6634.0,35.8
2021-09-22 15:00:00,6640.0,36.4
2021-09-22 16:00:00,6712.0,36.0
2021-09-22 17:00:00,6914.0,35.9
2021-09-22 18:00:00,6631.0,34.4
2021-09-22 19:00:00,6735.0,31.0
2021-09-22 20:00:00,6677.0,29.2
2021-09-22 21:00:00,6523.0,28.1
2021-09-22 22:00:00,6307.0,27.3
2021-09-22 23:00:00,5995.0,26.8
2021-09-23 00:00:00,5621.0,26.0
2021-09-23 01:00:00,5152.0,25.9
2021-09-23 02:00:00,4860.0,25.4
2021-09-23 03:00:00,4577.0,25.4
2021-09-23 04:00:00,4408.0,25.0
2021-09-23 05:00:00,4326.0,24.3
2021-09-23 06:00:00,4475.0,23.4
2021-09-23 07:00:00,4819.0,23.3
2021-09-23 08:00:00,5168.0,26.6
2021-09-23 09:00:00,5893.0,29.1
2021-09-23 10:00:00,6331.0,32.3
2021-09-23 11:00:00,6795.0,33.4
2021-09-23 12:00:00,6829.0,34.6
2021-09-23 13:00:00,7133.0,35.3
2021-09-23 14:00:00,7033.0,36.3
2021-09-23 15:00:00,6984.0,36.3
2021-09-23 16:00:00,7106.0,35.4
2021-09-23 17:00:00,7244.0,35.6
2021-09-23 18:00:00,7028.0,34.1
2021-09-23 19:00:00,7225.0,32.1
2021-09-23 20:00:00,7245.0,30.9
2021-09-23 21:00:00,7276.0,30.1
2021-09-23 22:00:00,7105.0,29.4
2021-09-23 23:00:00,6603.0,29.2
2021-09-24 00:00:00,6210.0,29.0
2021-09-24 01:00:00,5735.0,28.8
2021-09-24 02:00:00,5362.0,28.3
2021-09-24 03:00:00,5077.0,28.3
2021-09-24 04:00:00,4852.0,28.0
2021-09-24 05:00:00,4753.0,27.5
2021-09-24 06:00:00,4790.0,26.7
2021-09-24 07:00:00,5015.0,26.7
2021-09-24 08:00:00,5325.0,29.5
2021-09-24 09:00:00,6015.0,31.2
2021-09-24 10:00:00,6473.0,33.2
2021-09-24 11:00:00,6900.0,34.5
2021-09-24 12:00:00,7094.0,35.3
2021-09-24 13:00:00,7340.0,36.0
2021-09-24 14:00:00,7248.0,36.4
2021-09-24 15:00:00,7101.0,36.8
2021-09-24 16:00:00,7091.0,37.3
2021-09-24 17:00:00,7256.0,36.5
2021-09-24 18:00:00,7028.0,35.0
2021-09-24 19:00:00,7266.0,33.0
2021-09-24 20:00:00,7371.0,31.6
2021-09-24 21:00:00,7433.0,30.9
2021-09-24 22:00:00,7364.0,31.1
2021-09-24 23:00:00,6977.0,30.7
2021-09-25 00:00:00,6570.0,30.2
2021-09-25 01:00:00,6029.0,29.7
2021-09-25 02:00:00,5629.0,28.6
2021-09-25 03:00:00,5276.0,27.5
2021-09-25 04:00:00,4998.0,27.5
2021-09-25 05:00:00,4854.0,27.2
2021-09-25 06:00:00,4823.0,26.7
2021-09-25 07:00:00,4911.0,27.2
2021-09-25 08:00:00,5266.0,29.9
2021-09-25 09:00:00,5896.0,31.7
2021-09-25 10:00:00,6468.0,33.2
2021-09-25 11:00:00,7053.0,34.5
2021-09-25 12:00:00,7333.0,35.1
2021-09-25 13:00:00,7573.0,35.7
2021-09-25 14:00:00,7546.0,36.6
2021-09-25 15:00:00,7444.0,35.7
2021-09-25 16:00:00,7429.0,36.4
2021-09-25 17:00:00,7514.0,36.5
2021-09-25 18:00:00,7290.0,34.7
2021-09-25 19:00:00,7402.0,32.5
2021-09-25 20:00:00,7497.0,31.2
2021-09-25 21:00:00,7662.0,30.4
2021-09-25 22:00:00,7449.0,29.6
2021-09-25 23:00:00,6905.0,28.6
2021-09-26 00:00:00,6461.0,27.7
2021-09-26 01:00:00,5947.0,27.1
2021-09-26 02:00:00,5523.0,26.7
2021-09-26 03:00:00,5204.0,26.9
2021-09-26 04:00:00,4966.0,26.7
2021-09-26 05:00:00,4828.0,26.7
2021-09-26 06:00:00,4848.0,26.5
2021-09-26 07:00:00,4934.0,26.0
2021-09-26 08:00:00,5253.0,29.0
2021-09-26 09:00:00,6115.0,31.3
2021-09-26 10:00:00,6707.0,34.6
2021-09-26 11:00:00,7151.0,35.4
2021-09-26 12:00:00,7471.0,36.6
2021-09-26 13:00:00,7743.0,37.2
2021-09-26 14:00:00,7569.0,37.8
2021-09-26 15:00:00,7389.0,38.0
2021-09-26 16:00:00,7375.0,37.7
2021-09-26 17:00:00,7513.0,35.7
2021-09-26 18:00:00,7365.0,34.3
2021-09-26 19:00:00,7671.0,34.0
2021-09-26 20:00:00,7777.0,33.1
2021-09-26 21:00:00,7906.0,32.0
2021-09-26 22:00:00,7733.0,31.1
2021-09-26 23:00:00,7235.0,30.4
2021-09-27 00:00:00,6826.0,29.8
2021-09-27 01:00:00,6279.0,29.4
2021-09-27 02:00:00,5873.0,29.2
2021-09-27 03:00:00,5542.0,28.4
2021-09-27 04:00:00,5259.0,27.3
2021-09-27 05:00:00,5038.0,27.5
2021-09-27 06:00:00,4917.0,26.7
2021-09-27 07:00:00,4861.0,25.7
2021-09-27 08:00:00,4888.0,25.7
2021-09-27 09:00:00,5419.0,25.8
2021-09-27 10:00:00,5675.0,26.1
2021-09-27 11:00:00,5908.0,27.1
2021-09-27 12:00:00,5950.0,28.1
2021-09-27 13:00:00,6123.0,30.3
2021-09-27 14:00:00,6083.0,30.5
2021-09-27 15:00:00,6064.0,30.9
2021-09-27 16:00:00,6190.0,30.2
2021-09-27 17:00:00,6229.0,28.8
2021-09-27 18:00:00,6005.0,27.0
2021-09-27 19:00:00,6157.0,25.6
2021-09-27 20:00:00,6055.0,25.2
2021-09-27 21:00:00,5984.0,25.0
2021-09-27 22:00:00,5787.0,24.8
2021-09-27 23:00:00,5382.0,24.8
2021-09-28 00:00:00,5069.0,24.5
2021-09-28 01:00:00,4608.0,24.1
2021-09-28 02:00:00,4295.0,24.3
2021-09-28 03:00:00,4064.0,24.2
2021-09-28 04:00:00,3946.0,23.6
2021-09-28 05:00:00,3856.0,23.5
2021-09-28 06:00:00,3987.0,23.3
2021-09-28 07:00:00,4317.0,23.4
2021-09-28 08:00:00,4624.0,25.1
2021-09-28 09:00:00,5357.0,27.4
2021-09-28 10:00:00,5881.0,29.2
2021-09-28 11:00:00,6385.0,31.6
2021-09-28 12:00:00,6691.0,33.5
2021-09-28 13:00:00,6841.0,34.1
2021-09-28 14:00:00,6769.0,34.6
2021-09-28 15:00:00,6757.0,35.6
2021-09-28 16:00:00,6770.0,35.8
2021-09-28 17:00:00,6980.0,35.5
2021-09-28 18:00:00,6828.0,34.2
2021-09-28 19:00:00,7079.0,32.3
2021-09-28 20:00:00,7104.0,31.3
2021-09-28 21:00:00,7100.0,31.6
2021-09-28 22:00:00,6946.0,29.4
2021-09-28 23:00:00,6480.0,28.6
2021-09-29 00:00:00,6041.0,28.4
2021-09-29 01:00:00,5316.0,27.9
2021-09-29 02:00:00,4742.0,25.5
2021-09-29 03:00:00,4352.0,25.1
2021-09-29 04:00:00,4113.0,24.0
2021-09-29 05:00:00,3943.0,24.1
2021-09-29 06:00:00,3823.0,23.0
2021-09-29 07:00:00,4047.0,22.5
2021-09-29 08:00:00,4197.0,22.0
2021-09-29 09:00:00,4603.0,22.0
2021-09-29 10:00:00,4919.0,22.3
2021-09-29 11:00:00,5080.0,22.8
2021-09-29 12:00:00,4911.0,23.7
2021-09-29 13:00:00,4690.0,22.7
2021-09-29 14:00:00,4700.0,23.0
2021-09-29 15:00:00,4614.0,24.5
2021-09-29 16:00:00,4942.0,25.0
2021-09-29 17:00:00,5131.0,25.5
2021-09-29 18:00:00,5088.0,24.7
2021-09-29 19:00:00,5280.0,23.7
2021-09-29 20:00:00,5072.0,23.2
2021-09-29 21:00:00,4903.0,22.8
2021-09-29 22:00:00,4619.0,22.2
2021-09-29 23:00:00,4243.0,21.8
2021-09-30 00:00:00,3978.0,21.4
2021-09-30 01:00:00,3644.0,20.9
2021-09-30 02:00:00,3384.0,20.4
2021-09-30 03:00:00,3217.0,20.8
2021-09-30 04:00:00,3144.0,21.2
2021-09-30 05:00:00,3108.0,20.6
2021-09-30 06:00:00,3258.0,20.1
2021-09-30 07:00:00,3672.0,20.0
2021-09-30 08:00:00,3981.0,22.2
2021-09-30 09:00:00,4564.0,24.2
2021-09-30 10:00:00,4963.0,25.6
2021-09-30 11:00:00,5275.0,27.0
2021-09-30 12:00:00,5206.0,27.8
2021-09-30 13:00:00,5299.0,29.6
2021-09-30 14:00:00,5232.0,30.2
2021-09-30 15:00:00,5238.0,30.6
2021-09-30 16:00:00,5278.0,30.7
2021-09-30 17:00:00,5465.0,29.5
2021-09-30 18:00:00,5233.0,28.1
2021-09-30 19:00:00,5289.0,26.6
2021-09-30 20:00:00,5113.0,26.5
2021-09-30 21:00:00,4867.0,25.5
2021-09-30 22:00:00,4566.0,24.4
2021-09-30 23:00:00,4176.0,23.2
2021-10-01 00:00:00,3955.0,22.1
2021-10-01 01:00:00,3595.0,21.8
2021-10-01 02:00:00,3302.0,21.7
2021-10-01 03:00:00,3093.0,21.1
2021-10-01 04:00:00,2975.0,20.9
2021-10-01 05:00:00,2918.0,20.7
2021-10-01 06:00:00,3002.0,20.5
2021-10-01 07:00:00,3253.0,20.6
2021-10-01 08:00:00,3537.0,23.0
2021-10-01 09:00:00,3827.0,25.7
2021-10-01 10:00:00,4286.0,28.6
2021-10-01 11:00:00,4674.0,30.6
2021-10-01 12:00:00,4899.0,32.2
2021-10-01 13:00:00,4967.0,32.9
2021-10-01 14:00:00,4958.0,34.6
2021-10-01 15:00:00,4900.0,34.8
2021-10-01 16:00:00,4954.0,33.7
2021-10-01 17:00:00,5164.0,32.8
2021-10-01 18:00:00,5079.0,31.5
2021-10-01 19:00:00,5171.0,30.4
2021-10-01 20:00:00,5097.0,29.0
2021-10-01 21:00:00,4970.0,28.0
2021-10-01 22:00:00,4745.0,27.0
2021-10-01 23:00:00,4483.0,25.8
2021-10-02 00:00:00,4220.0,25.5
2021-10-02 01:00:00,3873.0,26.0
2021-10-02 02:00:00,3551.0,24.9
2021-10-02 03:00:00,3327.0,25.1
2021-10-02 04:00:00,3209.0,24.4
2021-10-02 05:00:00,3140.0,24.1
2021-10-02 06:00:00,3250.0,23.5
2021-10-02 07:00:00,3454.0,23.3
2021-10-02 08:00:00,3721.0,25.4
2021-10-02 09:00:00,4097.0,27.8
2021-10-02 10:00:00,4524.0,31.2
2021-10-02 11:00:00,4982.0,32.9
2021-10-02 12:00:00,5145.0,34.3
2021-10-02 13:00:00,5371.0,35.7
2021-10-02 14:00:00,5460.0,36.6
2021-10-02 15:00:00,5448.0,36.8
2021-10-02 16:00:00,5484.0,36.6
2021-10-02 17:00:00,5693.0,35.8
2021-10-02 18:00:00,5540.0,34.6
2021-10-02 19:00:00,5762.0,32.0
2021-10-02 20:00:00,5675.0,30.7
2021-10-02 21:00:00,5611.0,29.5
2021-10-02 22:00:00,5464.0,28.9
2021-10-02 23:00:00,5146.0,28.6
2021-10-03 00:00:00,4944.0,28.2
2021-10-03 01:00:00,4534.0,28.6
2021-10-03 02:00:00,4181.0,28.6
2021-10-03 03:00:00,3918.0,28.3
2021-10-03 04:00:00,3775.0,27.7
2021-10-03 05:00:00,3676.0,28.0
2021-10-03 06:00:00,3727.0,27.6
2021-10-03 07:00:00,3915.0,27.9
2021-10-03 08:00:00,4201.0,29.2
2021-10-03 09:00:00,4626.0,31.3
2021-10-03 10:00:00,5180.0,33.5
2021-10-03 11:00:00,5645.0,34.7
2021-10-03 12:00:00,5851.0,35.4
2021-10-03 13:00:00,6026.0,36.1
2021-10-03 14:00:00,6070.0,36.6
2021-10-03 15:00:00,5987.0,36.6
2021-10-03 16:00:00,5995.0,36.2
2021-10-03 17:00:00,6146.0,35.7
2021-10-03 18:00:00,6002.0,34.2
2021-10-03 19:00:00,6179.0,33.1
2021-10-03 20:00:00,6241.0,31.3
2021-10-03 21:00:00,6360.0,31.1
2021-10-03 22:00:00,6218.0,30.7
2021-10-03 23:00:00,5995.0,30.0
2021-10-04 00:00:00,5780.0,29.5
2021-10-04 01:00:00,5368.0,29.3
2021-10-04 02:00:00,5026.0,28.8
2021-10-04 03:00:00,4766.0,28.1
2021-10-04 04:00:00,4533.0,27.7
2021-10-04 05:00:00,4415.0,27.3
2021-10-04 06:00:00,4382.0,26.8
2021-10-04 07:00:00,4563.0,27.2
2021-10-04 08:00:00,4870.0,29.2
2021-10-04 09:00:00,5414.0,31.6
2021-10-04 10:00:00,5984.0,33.3
2021-10-04 11:00:00,6462.0,34.9
2021-10-04 12:00:00,6641.0,35.8
2021-10-04 13:00:00,6832.0,35.5
2021-10-04 14:00:00,6899.0,36.5
2021-10-04 15:00:00,6813.0,37.0
2021-10-04 16:00:00,6857.0,36.7
2021-10-04 17:00:00,6911.0,36.1
2021-10-04 18:00:00,6691.0,34.3
2021-10-04 19:00:00,6896.0,32.3
2021-10-04 20:00:00,6890.0,31.5
2021-10-04 21:00:00,6988.0,31.1
2021-10-04 22:00:00,6860.0,30.1
2021-10-04 23:00:00,6566.0,30.3
2021-10-05 00:00:00,6337.0,29.6
2021-10-05 01:00:00,5883.0,29.5
2021-10-05 02:00:00,5452.0,28.4
2021-10-05 03:00:00,5146.0,27.9
2021-10-05 04:00:00,4913.0,27.3
2021-10-05 05:00:00,4733.0,26.6
2021-10-05 06:00:00,4702.0,26.6
2021-10-05 07:00:00,4799.0,25.9
2021-10-05 08:00:00,5001.0,27.5
2021-10-05 09:00:00,5549.0,30.7
2021-10-05 10:00:00,6111.0,33.6
2021-10-05 11:00:00,6556.0,34.5
2021-10-05 12:00:00,6748.0,36.0
2021-10-05 13:00:00,6986.0,35.6
2021-10-05 14:00:00,7069.0,36.8
2021-10-05 15:00:00,7011.0,36.4
2021-10-05 16:00:00,7044.0,35.2
2021-10-05 17:00:00,7035.0,34.8
2021-10-05 18:00:00,6817.0,32.0
2021-10-05 19:00:00,6906.0,30.1
2021-10-05 20:00:00,6810.0,28.8
2021-10-05 21:00:00,6785.0,27.6
2021-10-05 22:00:00,6527.0,26.7
2021-10-05 23:00:00,6150.0,26.1
2021-10-06 00:00:00,5819.0,25.4
2021-10-06 01:00:00,5333.0,25.0
2021-10-06 02:00:00,4882.0,24.0
2021-10-06 03:00:00,4495.0,23.0
2021-10-06 04:00:00,4251.0,22.1
2021-10-06 05:00:00,4089.0,21.4
2021-10-06 06:00:00,4060.0,21.1
2021-10-06 07:00:00,4165.0,20.7
2021-10-06 08:00:00,4228.0,20.6
2021-10-06 09:00:00,4554.0,20.8
2021-10-06 10:00:00,4775.0,21.6
2021-10-06 11:00:00,4910.0,22.7
2021-10-06 12:00:00,4721.0,22.7
2021-10-06 13:00:00,4494.0,22.4
2021-10-06 14:00:00,4538.0,21.8
2021-10-06 15:00:00,4496.0,21.2
2021-10-06 16:00:00,4593.0,21.0
2021-10-06 17:00:00,4865.0,21.3
2021-10-06 18:00:00,4904.0,20.8
2021-10-06 19:00:00,4950.0,20.2
2021-10-06 20:00:00,4773.0,20.2
2021-10-06 21:00:00,4636.0,20.2
2021-10-06 22:00:00,4343.0,20.3
2021-10-06 23:00:00,4069.0,20.2
2021-10-07 00:00:00,3851.0,20.0
2021-10-07 01:00:00,3587.0,19.6
2021-10-07 02:00:00,3371.0,19.4
2021-10-07 03:00:00,3246.0,19.3
2021-10-07 04:00:00,3148.0,19.1
2021-10-07 05:00:00,3141.0,18.7
2021-10-07 06:00:00,3279.0,18.3
2021-10-07 07:00:00,3640.0,18.0
2021-10-07 08:00:00,4019.0,17.9
2021-10-07 09:00:00,4514.0,17.8
2021-10-07 10:00:00,4806.0,17.9
2021-10-07 11:00:00,4985.0,18.6
2021-10-07 12:00:00,4715.0,19.1
2021-10-07 13:00:00,4513.0,19.3
2021-10-07 14:00:00,4639.0,19.7
2021-10-07 15:00:00,4547.0,19.5
2021-10-07 16:00:00,4727.0,19.1
2021-10-07 17:00:00,5029.0,19.1
2021-10-07 18:00:00,5087.0,18.5
2021-10-07 19:00:00,5112.0,18.4
2021-10-07 20:00:00,4869.0,18.2
2021-10-07 21:00:00,4700.0,18.1
2021-10-07 22:00:00,4335.0,18.0
2021-10-07 23:00:00,4045.0,18.2
2021-10-08 00:00:00,3788.0,18.2
2021-10-08 01:00:00,3479.0,18.3
2021-10-08 02:00:00,3270.0,18.3
2021-10-08 03:00:00,3148.0,18.3
2021-10-08 04:00:00,3080.0,18.2
2021-10-08 05:00:00,3073.0,18.2
2021-10-08 06:00:00,3308.0,18.0
2021-10-08 07:00:00,3847.0,17.9
2021-10-08 08:00:00,4154.0,18.2
2021-10-08 09:00:00,4660.0,18.6
2021-10-08 10:00:00,4899.0,19.5
2021-10-08 11:00:00,5087.0,20.2
2021-10-08 12:00:00,4785.0,19.9
2021-10-08 13:00:00,4580.0,20.7
2021-10-08 14:00:00,4682.0,21.7
2021-10-08 15:00:00,4644.0,20.8
2021-10-08 16:00:00,4838.0,20.7
2021-10-08 17:00:00,5100.0,20.1
2021-10-08 18:00:00,5068.0,20.0
2021-10-08 19:00:00,5109.0,19.7
2021-10-08 20:00:00,4896.0,19.6
2021-10-08 21:00:00,4775.0,19.5
2021-10-08 22:00:00,4413.0,19.3
2021-10-08 23:00:00,4093.0,19.2
2021-10-09 00:00:00,3839.0,19.1
2021-10-09 01:00:00,3509.0,19.0
2021-10-09 02:00:00,3335.0,18.8
2021-10-09 03:00:00,3183.0,18.6
2021-10-09 04:00:00,3129.0,18.3
2021-10-09 05:00:00,3132.0,18.3
2021-10-09 06:00:00,3339.0,18.3
2021-10-09 07:00:00,3889.0,18.5
2021-10-09 08:00:00,4248.0,18.3
2021-10-09 09:00:00,4740.0,18.3
2021-10-09 10:00:00,4965.0,18.7
2021-10-09 11:00:00,5136.0,19.3
2021-10-09 12:00:00,4808.0,19.8
2021-10-09 13:00:00,4562.0,20.2
2021-10-09 14:00:00,4668.0,20.2
2021-10-09 15:00:00,4657.0,20.1
2021-10-09 16:00:00,4797.0,20.2
2021-10-09 17:00:00,5125.0,20.1
2021-10-09 18:00:00,5118.0,19.5
2021-10-09 19:00:00,5109.0,19.4
2021-10-09 20:00:00,4939.0,19.5
2021-10-09 21:00:00,4818.0,19.5
2021-10-09 22:00:00,4458.0,19.6
2021-10-09 23:00:00,4142.0,19.7
2021-10-10 00:00:00,3900.0,19.7
2021-10-10 01:00:00,3588.0,19.8
2021-10-10 02:00:00,3366.0,19.8
2021-10-10 03:00:00,3226.0,19.8
2021-10-10 04:00:00,3178.0,19.8
2021-10-10 05:00:00,3144.0,19.7
2021-10-10 06:00:00,3251.0,19.5
2021-10-10 07:00:00,3637.0,19.1
2021-10-10 08:00:00,4063.0,19.3
2021-10-10 09:00:00,4543.0,19.8
2021-10-10 10:00:00,4825.0,20.5
2021-10-10 11:00:00,5030.0,20.7
2021-10-10 12:00:00,4760.0,20.6
2021-10-10 13:00:00,4605.0,20.4
2021-10-10 14:00:00,4690.0,19.9
2021-10-10 15:00:00,4628.0,19.6
2021-10-10 16:00:00,4738.0,19.4
2021-10-10 17:00:00,5198.0,18.7
2021-10-10 18:00:00,5107.0,18.2
2021-10-10 19:00:00,5117.0,17.2
2021-10-10 20:00:00,4913.0,16.8
2021-10-10 21:00:00,4767.0,16.4
2021-10-10 22:00:00,4414.0,16.1
2021-10-10 23:00:00,4018.0,15.7
2021-10-11 00:00:00,3764.0,15.1
2021-10-11 01:00:00,3444.0,15.1
2021-10-11 02:00:00,3240.0,15.1
2021-10-11 03:00:00,3090.0,14.9
2021-10-11 04:00:00,3065.0,14.9
2021-10-11 05:00:00,3062.0,14.7
2021-10-11 06:00:00,3274.0,14.6
2021-10-11 07:00:00,3912.0,14.6
2021-10-11 08:00:00,4232.0,14.6
2021-10-11 09:00:00,4760.0,14.7
2021-10-11 10:00:00,4995.0,14.9
2021-10-11 11:00:00,5132.0,15.2
2021-10-11 12:00:00,4739.0,15.6
2021-10-11 13:00:00,4619.0,15.8
2021-10-11 14:00:00,4676.0,15.9
2021-10-11 15:00:00,4654.0,15.9
2021-10-11 16:00:00,4838.0,15.7
2021-10-11 17:00:00,5156.0,15.6
2021-10-11 18:00:00,5162.0,15.7
2021-10-11 19:00:00,5218.0,15.8
2021-10-11 20:00:00,4989.0,15.8
2021-10-11 21:00:00,4903.0,15.9
2021-10-11 22:00:00,4537.0,16.0
2021-10-11 23:00:00,4173.0,16.1
2021-10-12 00:00:00,3892.0,16.1
2021-10-12 01:00:00,3529.0,16.0
2021-10-12 02:00:00,3313.0,15.9
2021-10-12 03:00:00,3204.0,15.8
2021-10-12 04:00:00,3139.0,15.8
2021-10-12 05:00:00,3132.0,15.7
2021-10-12 06:00:00,3316.0,15.6
2021-10-12 07:00:00,3990.0,15.7
2021-10-12 08:00:00,4316.0,16.0
2021-10-12 09:00:00,4753.0,16.7
2021-10-12 10:00:00,4918.0,18.9
2021-10-12 11:00:00,5019.0,20.7
2021-10-12 12:00:00,4657.0,21.7
2021-10-12 13:00:00,4535.0,23.2
2021-10-12 14:00:00,4555.0,23.6
2021-10-12 15:00:00,4568.0,23.6
2021-10-12 16:00:00,4809.0,22.6
2021-10-12 17:00:00,5074.0,22.2
2021-10-12 18:00:00,5083.0,21.1
2021-10-12 19:00:00,5252.0,20.9
2021-10-12 20:00:00,4995.0,20.7
2021-10-12 21:00:00,4891.0,20.5
2021-10-12 22:00:00,4620.0,20.4
2021-10-12 23:00:00,4188.0,20.3
2021-10-13 00:00:00,3918.0,20.1
2021-10-13 01:00:00,3543.0,19.7
2021-10-13 02:00:00,3326.0,19.3
2021-10-13 03:00:00,3202.0,19.1
2021-10-13 04:00:00,3127.0,18.8
2021-10-13 05:00:00,3172.0,18.6
2021-10-13 06:00:00,3375.0,18.3
2021-10-13 07:00:00,4009.0,18.3
2021-10-13 08:00:00,4283.0,18.2
2021-10-13 09:00:00,4751.0,18.2
2021-10-13 10:00:00,4941.0,18.7
2021-10-13 11:00:00,5085.0,18.9
2021-10-13 12:00:00,4733.0,19.4
2021-10-13 13:00:00,4503.0,20.3
2021-10-13 14:00:00,4608.0,20.7
2021-10-13 15:00:00,4617.0,20.6
2021-10-13 16:00:00,4807.0,20.2
2021-10-13 17:00:00,5110.0,19.7
2021-10-13 18:00:00,5160.0,19.0
2021-10-13 19:00:00,5138.0,18.8
2021-10-13 20:00:00,4957.0,18.8
2021-10-13 21:00:00,4890.0,18.8
2021-10-13 22:00:00,4562.0,18.8
2021-10-13 23:00:00,4197.0,18.7
2021-10-14 00:00:00,3910.0,18.9
2021-10-14 01:00:00,3548.0,18.8
2021-10-14 02:00:00,3347.0,18.2
2021-10-14 03:00:00,3190.0,18.1
2021-10-14 04:00:00,3138.0,18.2
2021-10-14 05:00:00,3159.0,17.4
2021-10-14 06:00:00,3352.0,17.4
2021-10-14 07:00:00,3944.0,17.5
2021-10-14 08:00:00,4287.0,18.1
2021-10-14 09:00:00,4803.0,18.7
2021-10-14 10:00:00,4995.0,19.2
2021-10-14 11:00:00,5132.0,19.2
2021-10-14 12:00:00,4792.0,18.7
2021-10-14 13:00:00,4665.0,17.6
2021-10-14 14:00:00,4684.0,17.5
2021-10-14 15:00:00,4748.0,17.5
2021-10-14 16:00:00,4961.0,17.4
2021-10-14 17:00:00,5254.0,17.0
2021-10-14 18:00:00,5222.0,16.7
2021-10-14 19:00:00,5255.0,16.5
2021-10-14 20:00:00,5074.0,16.4
2021-10-14 21:00:00,4972.0,16.1
2021-10-14 22:00:00,4637.0,16.0
2021-10-14 23:00:00,4236.0,15.9
2021-10-15 00:00:00,3954.0,15.6
2021-10-15 01:00:00,3559.0,15.6
2021-10-15 02:00:00,3365.0,15.6
2021-10-15 03:00:00,3253.0,15.8
2021-10-15 04:00:00,3159.0,15.9
2021-10-15 05:00:00,3162.0,16.0
2021-10-15 06:00:00,3349.0,16.2
2021-10-15 07:00:00,3951.0,16.2
2021-10-15 08:00:00,4317.0,16.1
2021-10-15 09:00:00,4850.0,16.1
2021-10-15 10:00:00,5083.0,16.0
2021-10-15 11:00:00,5273.0,16.1
2021-10-15 12:00:00,4924.0,16.3
2021-10-15 13:00:00,4710.0,16.3
2021-10-15 14:00:00,4766.0,16.4
2021-10-15 15:00:00,4725.0,16.1
2021-10-15 16:00:00,4935.0,16.0
2021-10-15 17:00:00,5277.0,15.7
2021-10-15 18:00:00,5248.0,15.6
2021-10-15 19:00:00,5263.0,15.3
2021-10-15 20:00:00,5056.0,15.3
2021-10-15 21:00:00,4985.0,15.0
2021-10-15 22:00:00,4739.0,14.7
2021-10-15 23:00:00,4338.0,14.5
2021-10-16 00:00:00,4057.0,14.1
2021-10-16 01:00:00,3676.0,14.0
2021-10-16 02:00:00,3438.0,13.8
2021-10-16 03:00:00,3256.0,13.6
2021-10-16 04:00:00,3187.0,13.7
2021-10-16 05:00:00,3191.0,13.7
2021-10-16 06:00:00,3300.0,13.5
2021-10-16 07:00:00,3690.0,13.4
2021-10-16 08:00:00,4213.0,13.5
2021-10-16 09:00:00,4744.0,13.8
2021-10-16 10:00:00,5005.0,14.2
2021-10-16 11:00:00,5258.0,14.8
2021-10-16 12:00:00,4951.0,15.2
2021-10-16 13:00:00,4796.0,15.3
2021-10-16 14:00:00,4810.0,15.3
2021-10-16 15:00:00,4719.0,15.0
2021-10-16 16:00:00,4892.0,14.8
2021-10-16 17:00:00,5238.0,14.8
2021-10-16 18:00:00,5306.0,14.7
2021-10-16 19:00:00,5306.0,14.5
2021-10-16 20:00:00,5122.0,14.4
2021-10-16 21:00:00,5033.0,14.0
2021-10-16 22:00:00,4761.0,13.8
2021-10-16 23:00:00,4361.0,13.5
2021-10-17 00:00:00,4085.0,13.4
2021-10-17 01:00:00,3707.0,13.2
2021-10-17 02:00:00,3461.0,13.0
2021-10-17 03:00:00,3274.0,12.9
2021-10-17 04:00:00,3201.0,13.0
2021-10-17 05:00:00,3172.0,12.8
2021-10-17 06:00:00,3324.0,12.7
2021-10-17 07:00:00,3715.0,12.7
2021-10-17 08:00:00,4132.0,13.2
2021-10-17 09:00:00,4579.0,13.6
2021-10-17 10:00:00,4844.0,14.4
2021-10-17 11:00:00,5071.0,14.9
2021-10-17 12:00:00,4736.0,14.9
2021-10-17 13:00:00,4546.0,15.5
2021-10-17 14:00:00,4519.0,15.1
2021-10-17 15:00:00,4467.0,15.1
2021-10-17 16:00:00,4696.0,15.1
2021-10-17 17:00:00,5130.0,14.7
2021-10-17 18:00:00,5292.0,13.9
2021-10-17 19:00:00,5342.0,13.2
2021-10-17 20:00:00,5189.0,12.8
2021-10-17 21:00:00,5121.0,12.4
2021-10-17 22:00:00,4736.0,12.2
2021-10-17 23:00:00,4325.0,12.1
2021-10-18 00:00:00,3995.0,11.2
2021-10-18 01:00:00,3613.0,10.5
2021-10-18 02:00:00,3367.0,10.5
2021-10-18 03:00:00,3212.0,10.5
2021-10-18 04:00:00,3166.0,10.6
2021-10-18 05:00:00,3167.0,10.6
2021-10-18 06:00:00,3368.0,10.7
2021-10-18 07:00:00,4060.0,11.0
2021-10-18 08:00:00,4347.0,11.6
2021-10-18 09:00:00,4755.0,12.4
2021-10-18 10:00:00,4958.0,13.5
2021-10-18 11:00:00,5099.0,15.2
2021-10-18 12:00:00,4850.0,15.9
2021-10-18 13:00:00,4639.0,17.2
2021-10-18 14:00:00,4567.0,16.7
2021-10-18 15:00:00,4553.0,17.9
2021-10-18 16:00:00,4776.0,17.4
2021-10-18 17:00:00,5102.0,17.0
2021-10-18 18:00:00,5234.0,16.5
2021-10-18 19:00:00,5365.0,16.3
2021-10-18 20:00:00,5165.0,16.2
2021-10-18 21:00:00,5113.0,15.7
2021-10-18 22:00:00,4823.0,15.1
2021-10-18 23:00:00,4405.0,14.9
2021-10-19 00:00:00,4066.0,14.8
2021-10-19 01:00:00,3668.0,14.7
2021-10-19 02:00:00,3428.0,14.6
2021-10-19 03:00:00,3279.0,14.6
2021-10-19 04:00:00,3233.0,13.9
2021-10-19 05:00:00,3238.0,13.8
2021-10-19 06:00:00,3388.0,13.8
2021-10-19 07:00:00,4002.0,13.9
2021-10-19 08:00:00,4206.0,13.9
2021-10-19 09:00:00,4587.0,14.3
2021-10-19 10:00:00,4828.0,14.5
2021-10-19 11:00:00,5056.0,14.8
2021-10-19 12:00:00,4753.0,15.0
2021-10-19 13:00:00,4565.0,15.2
2021-10-19 14:00:00,4582.0,15.0
2021-10-19 15:00:00,4536.0,15.1
2021-10-19 16:00:00,4759.0,14.9
2021-10-19 17:00:00,5173.0,14.8
2021-10-19 18:00:00,5212.0,14.7
2021-10-19 19:00:00,5286.0,14.6
2021-10-19 20:00:00,5168.0,14.3
2021-10-19 21:00:00,5088.0,14.3
2021-10-19 22:00:00,4716.0,14.0
2021-10-19 23:00:00,4254.0,13.8
2021-10-20 00:00:00,4014.0,13.5
2021-10-20 01:00:00,3779.0,13.5
2021-10-20 02:00:00,3532.0,13.3
2021-10-20 03:00:00,3373.0,13.1
2021-10-20 04:00:00,3273.0,13.0
2021-10-20 05:00:00,3276.0,12.7
2021-10-20 06:00:00,3445.0,12.7
2021-10-20 07:00:00,4054.0,12.7
2021-10-20 08:00:00,4314.0,12.9
2021-10-20 09:00:00,4706.0,13.3
2021-10-20 10:00:00,4995.0,13.3
2021-10-20 11:00:00,5228.0,13.5
2021-10-20 12:00:00,4930.0,13.6
2021-10-20 13:00:00,4798.0,13.4
2021-10-20 14:00:00,4737.0,13.6
2021-10-20 15:00:00,4719.0,13.7
2021-10-20 16:00:00,4931.0,13.5
2021-10-20 17:00:00,5314.0,12.9
2021-10-20 18:00:00,5379.0,12.6
2021-10-20 19:00:00,5392.0,12.6
2021-10-20 20:00:00,5305.0,12.7
2021-10-20 21:00:00,5261.0,12.5
2021-10-20 22:00:00,4861.0,12.4
2021-10-20 23:00:00,4391.0,12.3
2021-10-21 00:00:00,4101.0,12.2
2021-10-21 01:00:00,3847.0,12.0
2021-10-21 02:00:00,3609.0,11.9
2021-10-21 03:00:00,3437.0,11.7
2021-10-21 04:00:00,3355.0,11.6
2021-10-21 05:00:00,3363.0,11.5
2021-10-21 06:00:00,3527.0,11.2
2021-10-21 07:00:00,4163.0,11.1
2021-10-21 08:00:00,4411.0,11.1
2021-10-21 09:00:00,4815.0,11.4
2021-10-21 10:00:00,5090.0,11.5
2021-10-21 11:00:00,5285.0,11.9
2021-10-21 12:00:00,5004.0,12.9
2021-10-21 13:00:00,4804.0,13.2
2021-10-21 14:00:00,4757.0,13.2
2021-10-21 15:00:00,4708.0,13.9
2021-10-21 16:00:00,4896.0,13.7
2021-10-21 17:00:00,5207.0,13.3
2021-10-21 18:00:00,5420.0,12.8
2021-10-21 19:00:00,5427.0,12.5
2021-10-21 20:00:00,5343.0,12.4
2021-10-21 21:00:00,5313.0,12.2
2021-10-21 22:00:00,4944.0,12.2
2021-10-21 23:00:00,4433.0,11.9
2021-10-22 00:00:00,4118.0,11.7
2021-10-22 01:00:00,3808.0,11.7
2021-10-22 02:00:00,3550.0,11.7
2021-10-22 03:00:00,3402.0,11.7
2021-10-22 04:00:00,3314.0,11.7
2021-10-22 05:00:00,3352.0,11.7
2021-10-22 06:00:00,3537.0,11.6
2021-10-22 07:00:00,4159.0,11.7
2021-10-22 08:00:00,4396.0,12.1
2021-10-22 09:00:00,4775.0,13.0
2021-10-22 10:00:00,4921.0,14.8
2021-10-22 11:00:00,5124.0,15.4
2021-10-22 12:00:00,4838.0,16.3
2021-10-22 13:00:00,4670.0,16.6
2021-10-22 14:00:00,4637.0,17.2
2021-10-22 15:00:00,4564.0,17.3
2021-10-22 16:00:00,4781.0,16.4
2021-10-22 17:00:00,5241.0,15.8
2021-10-22 18:00:00,5310.0,15.3
2021-10-22 19:00:00,5313.0,14.9
2021-10-22 20:00:00,5194.0,14.8
2021-10-22 21:00:00,5130.0,14.5
2021-10-22 22:00:00,4917.0,14.0
2021-10-22 23:00:00,4519.0,13.9
2021-10-23 00:00:00,4202.0,13.8
2021-10-23 01:00:00,3842.0,13.7
2021-10-23 02:00:00,3579.0,13.5
2021-10-23 03:00:00,3409.0,13.2
2021-10-23 04:00:00,3341.0,13.1
2021-10-23 05:00:00,3302.0,12.9
2021-10-23 06:00:00,3454.0,12.5
2021-10-23 07:00:00,3864.0,12.4
2021-10-23 08:00:00,4192.0,12.7
2021-10-23 09:00:00,4558.0,14.3
2021-10-23 10:00:00,4675.0,16.7
2021-10-23 11:00:00,4800.0,18.5
2021-10-23 12:00:00,4539.0,19.4
2021-10-23 13:00:00,4313.0,20.4
2021-10-23 14:00:00,4341.0,20.7
2021-10-23 15:00:00,4324.0,20.4
2021-10-23 16:00:00,4540.0,19.0
2021-10-23 17:00:00,4870.0,18.0
2021-10-23 18:00:00,5125.0,17.3
2021-10-23 19:00:00,5169.0,16.8
2021-10-23 20:00:00,5033.0,16.2
2021-10-23 21:00:00,4960.0,15.9
2021-10-23 22:00:00,4726.0,15.1
2021-10-23 23:00:00,4355.0,14.6
2021-10-24 00:00:00,4068.0,14.1
2021-10-24 01:00:00,3731.0,13.5
2021-10-24 02:00:00,3446.0,13.2
2021-10-24 03:00:00,3317.0,11.8
2021-10-24 04:00:00,3214.0,11.4
2021-10-24 05:00:00,3251.0,11.3
2021-10-24 06:00:00,3393.0,11.0
2021-10-24 07:00:00,3786.0,10.8
2021-10-24 08:00:00,4077.0,12.1
2021-10-24 09:00:00,4365.0,14.3
2021-10-24 10:00:00,4544.0,16.4
2021-10-24 11:00:00,4727.0,17.5
2021-10-24 12:00:00,4470.0,19.4
2021-10-24 13:00:00,4288.0,19.9
2021-10-24 14:00:00,4251.0,20.7
2021-10-24 15:00:00,4254.0,21.5
2021-10-24 16:00:00,4475.0,20.9
2021-10-24 17:00:00,4869.0,19.8
2021-10-24 18:00:00,5069.0,17.6
2021-10-24 19:00:00,5183.0,16.3
2021-10-24 20:00:00,5064.0,15.1
2021-10-24 21:00:00,5018.0,14.9
2021-10-24 22:00:00,4626.0,14.1
2021-10-24 23:00:00,4253.0,14.2
2021-10-25 00:00:00,3920.0,13.5
2021-10-25 01:00:00,3556.0,12.8
2021-10-25 02:00:00,3325.0,13.1
2021-10-25 03:00:00,3176.0,12.1
2021-10-25 04:00:00,3139.0,11.3
2021-10-25 05:00:00,3145.0,11.4
2021-10-25 06:00:00,3390.0,10.9
2021-10-25 07:00:00,4023.0,10.9
2021-10-25 08:00:00,4267.0,12.2
2021-10-25 09:00:00,4604.0,14.6
2021-10-25 10:00:00,4731.0,17.5
2021-10-25 11:00:00,4885.0,20.1
2021-10-25 12:00:00,4558.0,21.3
2021-10-25 13:00:00,4442.0,21.9
2021-10-25 14:00:00,4418.0,22.4
2021-10-25 15:00:00,4412.0,23.2
2021-10-25 16:00:00,4603.0,22.5
2021-10-25 17:00:00,4966.0,21.5
2021-10-25 18:00:00,5129.0,19.2
2021-10-25 19:00:00,5203.0,18.0
2021-10-25 20:00:00,5033.0,17.7
2021-10-25 21:00:00,4961.0,16.7
2021-10-25 22:00:00,4662.0,17.1
2021-10-25 23:00:00,4224.0,15.7
2021-10-26 00:00:00,3915.0,15.5
2021-10-26 01:00:00,3581.0,14.2
2021-10-26 02:00:00,3377.0,13.9
2021-10-26 03:00:00,3226.0,13.5
2021-10-26 04:00:00,3172.0,13.4
2021-10-26 05:00:00,3199.0,14.1
2021-10-26 06:00:00,3393.0,13.7
2021-10-26 07:00:00,4029.0,13.5
2021-10-26 08:00:00,4305.0,14.5
2021-10-26 09:00:00,4656.0,16.0
2021-10-26 10:00:00,4820.0,18.3
2021-10-26 11:00:00,4963.0,20.1
2021-10-26 12:00:00,4670.0,20.9
2021-10-26 13:00:00,4469.0,21.1
2021-10-26 14:00:00,4461.0,22.0
2021-10-26 15:00:00,4527.0,21.5
2021-10-26 16:00:00,4698.0,20.8
2021-10-26 17:00:00,5094.0,20.0
2021-10-26 18:00:00,5216.0,19.5
2021-10-26 19:00:00,5259.0,18.9
2021-10-26 20:00:00,5064.0,18.3
2021-10-26 21:00:00,4980.0,18.1
2021-10-26 22:00:00,4641.0,17.8
2021-10-26 23:00:00,4199.0,17.6
2021-10-27 00:00:00,3907.0,17.4
2021-10-27 01:00:00,3564.0,17.0
2021-10-27 02:00:00,3349.0,16.3
2021-10-27 03:00:00,3202.0,16.2
2021-10-27 04:00:00,3150.0,16.2
2021-10-27 05:00:00,3204.0,15.9
2021-10-27 06:00:00,3384.0,15.4
2021-10-27 07:00:00,4022.0,15.0
2021-10-27 08:00:00,4357.0,15.9
2021-10-27 09:00:00,4730.0,17.1
2021-10-27 10:00:00,4945.0,18.1
2021-10-27 11:00:00,5016.0,20.5
2021-10-27 12:00:00,4606.0,22.0
2021-10-27 13:00:00,4416.0,22.9
2021-10-27 14:00:00,4454.0,23.3
2021-10-27 15:00:00,4433.0,23.1
2021-10-27 16:00:00,4692.0,22.4
2021-10-27 17:00:00,5058.0,21.6
2021-10-27 18:00:00,5194.0,19.8
2021-10-27 19:00:00,5258.0,18.8
2021-10-27 20:00:00,5012.0,18.0
2021-10-27 21:00:00,4935.0,17.9
2021-10-27 22:00:00,4650.0,17.1
2021-10-27 23:00:00,4191.0,16.9
2021-10-28 00:00:00,3916.0,16.9
2021-10-28 01:00:00,3599.0,16.9
2021-10-28 02:00:00,3370.0,16.2
2021-10-28 03:00:00,3259.0,15.9
2021-10-28 04:00:00,3188.0,15.4
2021-10-28 05:00:00,3191.0,15.5
2021-10-28 06:00:00,3405.0,15.6
2021-10-28 07:00:00,3995.0,15.4
2021-10-28 08:00:00,4302.0,15.9
2021-10-28 09:00:00,4717.0,17.0
2021-10-28 10:00:00,4861.0,18.2
2021-10-28 11:00:00,5022.0,19.3
2021-10-28 12:00:00,4668.0,20.3
2021-10-28 13:00:00,4472.0,21.5
2021-10-28 14:00:00,4527.0,22.1
2021-10-28 15:00:00,4526.0,21.8
2021-10-28 16:00:00,4740.0,21.7
2021-10-28 17:00:00,5127.0,21.1
2021-10-28 18:00:00,5207.0,20.5
2021-10-28 19:00:00,5230.0,19.8
2021-10-28 20:00:00,5019.0,19.3
2021-10-28 21:00:00,4951.0,18.9
2021-10-28 22:00:00,4628.0,17.4
2021-10-28 23:00:00,4197.0,17.0
2021-10-29 00:00:00,3932.0,16.9
2021-10-29 01:00:00,3589.0,16.7
2021-10-29 02:00:00,3363.0,16.6
2021-10-29 03:00:00,3215.0,16.4
2021-10-29 04:00:00,3144.0,16.2
2021-10-29 05:00:00,3175.0,16.0
2021-10-29 06:00:00,3384.0,16.0
2021-10-29 07:00:00,3952.0,16.1
2021-10-29 08:00:00,4335.0,16.3
2021-10-29 09:00:00,4792.0,16.6
2021-10-29 10:00:00,4948.0,16.9
2021-10-29 11:00:00,5166.0,18.3
2021-10-29 12:00:00,4826.0,18.3
2021-10-29 13:00:00,4671.0,17.8
2021-10-29 14:00:00,4733.0,17.8
2021-10-29 15:00:00,4698.0,17.1
2021-10-29 16:00:00,4877.0,16.6
2021-10-29 17:00:00,5268.0,16.2
2021-10-29 18:00:00,5264.0,16.1
2021-10-29 19:00:00,5235.0,16.0
2021-10-29 20:00:00,4982.0,15.9
2021-10-29 21:00:00,4905.0,15.8
2021-10-29 22:00:00,4695.0,15.9
2021-10-29 23:00:00,4296.0,15.9
2021-10-30 00:00:00,4011.0,16.0
2021-10-30 01:00:00,3645.0,15.9
2021-10-30 02:00:00,3405.0,15.9
2021-10-30 03:00:00,3263.0,15.8
2021-10-30 04:00:00,3192.0,15.9
2021-10-30 05:00:00,3165.0,15.9
2021-10-30 06:00:00,3298.0,15.9
2021-10-30 07:00:00,3714.0,15.8
2021-10-30 08:00:00,4187.0,16.1
2021-10-30 09:00:00,4623.0,16.7
2021-10-30 10:00:00,4809.0,17.6
2021-10-30 11:00:00,4974.0,18.9
2021-10-30 12:00:00,4674.0,20.2
2021-10-30 13:00:00,4461.0,21.5
2021-10-30 14:00:00,4460.0,22.3
2021-10-30 15:00:00,4403.0,22.7
2021-10-30 16:00:00,4528.0,22.7
2021-10-30 17:00:00,4941.0,22.1
2021-10-30 18:00:00,5148.0,19.8
2021-10-30 19:00:00,5157.0,18.6
2021-10-30 20:00:00,4929.0,18.2
2021-10-30 21:00:00,4825.0,17.9
2021-10-30 22:00:00,4592.0,17.4
2021-10-30 23:00:00,4244.0,17.3
2021-10-31 00:00:00,3935.0,16.9
2021-10-31 01:00:00,3555.0,15.9
2021-10-31 02:00:00,3307.0,15.2
2021-10-31 03:00:00,3162.0,14.9
2021-10-31 04:00:00,3064.0,14.9
2021-10-31 05:00:00,3053.0,14.7
2021-10-31 06:00:00,3173.0,14.4
2021-10-31 07:00:00,3542.0,14.6
2021-10-31 08:00:00,3894.0,15.4
2021-10-31 09:00:00,4251.0,16.9
2021-10-31 10:00:00,4519.0,18.2
2021-10-31 11:00:00,4801.0,17.8
2021-10-31 12:00:00,4542.0,18.3
2021-10-31 13:00:00,4406.0,18.0
2021-10-31 14:00:00,4363.0,18.1
2021-10-31 15:00:00,4313.0,17.5
2021-10-31 16:00:00,4540.0,17.4
2021-10-31 17:00:00,4891.0,17.4
2021-10-31 18:00:00,5046.0,17.0
2021-10-31 19:00:00,5024.0,16.5
2021-10-31 20:00:00,4883.0,16.3
2021-10-31 21:00:00,4783.0,16.2
2021-10-31 22:00:00,4446.0,16.3
2021-10-31 23:00:00,4040.0,16.1
2021-11-01 00:00:00,3787.0,15.7
2021-11-01 01:00:00,3423.0,15.5
2021-11-01 02:00:00,3194.0,15.6
2021-11-01 03:00:00,3044.0,15.5
2021-11-01 04:00:00,3021.0,15.5
2021-11-01 05:00:00,3040.0,15.4
2021-11-01 06:00:00,3296.0,15.4
2021-11-01 07:00:00,3838.0,15.3
2021-11-01 08:00:00,4281.0,15.4
2021-11-01 09:00:00,4697.0,15.9
2021-11-01 10:00:00,4927.0,16.7
2021-11-01 11:00:00,5024.0,18.0
2021-11-01 12:00:00,4705.0,20.1
2021-11-01 13:00:00,4554.0,20.4
2021-11-01 14:00:00,4645.0,19.5
2021-11-01 15:00:00,4577.0,19.3
2021-11-01 16:00:00,4751.0,19.0
2021-11-01 17:00:00,5155.0,18.6
2021-11-01 18:00:00,5238.0,18.1
2021-11-01 19:00:00,5271.0,17.8
2021-11-01 20:00:00,5057.0,17.1
2021-11-01 21:00:00,4991.0,16.7
2021-11-01 22:00:00,4663.0,16.7
2021-11-01 23:00:00,4245.0,16.4
2021-11-02 00:00:00,3971.0,16.1
2021-11-02 01:00:00,3632.0,15.4
2021-11-02 02:00:00,3388.0,15.6
2021-11-02 03:00:00,3230.0,15.5
2021-11-02 04:00:00,3190.0,15.3
2021-11-02 05:00:00,3172.0,15.4
2021-11-02 06:00:00,3396.0,15.4
2021-11-02 07:00:00,3975.0,15.4
2021-11-02 08:00:00,4359.0,15.7
2021-11-02 09:00:00,4725.0,16.6
2021-11-02 10:00:00,4906.0,17.6
2021-11-02 11:00:00,5096.0,19.1
2021-11-02 12:00:00,4821.0,19.7
2021-11-02 13:00:00,4551.0,19.8
2021-11-02 14:00:00,4602.0,20.6
2021-11-02 15:00:00,4580.0,19.8
2021-11-02 16:00:00,4768.0,19.7
2021-11-02 17:00:00,5058.0,19.7
2021-11-02 18:00:00,5278.0,18.2
2021-11-02 19:00:00,5323.0,17.4
2021-11-02 20:00:00,5084.0,16.7
2021-11-02 21:00:00,4993.0,16.7
2021-11-02 22:00:00,4716.0,16.6
2021-11-02 23:00:00,4286.0,16.6
2021-11-03 00:00:00,3988.0,15.9
2021-11-03 01:00:00,3595.0,15.7
2021-11-03 02:00:00,3406.0,15.4
2021-11-03 03:00:00,3242.0,15.1
2021-11-03 04:00:00,3202.0,15.0
2021-11-03 05:00:00,3167.0,14.5
2021-11-03 06:00:00,3385.0,14.3
2021-11-03 07:00:00,4024.0,14.1
2021-11-03 08:00:00,4386.0,14.6
2021-11-03 09:00:00,4809.0,16.1
2021-11-03 10:00:00,4972.0,17.4
2021-11-03 11:00:00,5086.0,18.9
2021-11-03 12:00:00,4724.0,20.6
2021-11-03 13:00:00,4562.0,22.5
2021-11-03 14:00:00,4650.0,22.3
2021-11-03 15:00:00,4621.0,21.5
2021-11-03 16:00:00,4822.0,21.6
2021-11-03 17:00:00,5176.0,20.9
2021-11-03 18:00:00,5292.0,20.5
2021-11-03 19:00:00,5313.0,20.1
2021-11-03 20:00:00,5094.0,19.4
2021-11-03 21:00:00,4999.0,18.8
2021-11-03 22:00:00,4731.0,18.9
2021-11-03 23:00:00,4233.0,18.6
2021-11-04 00:00:00,3991.0,18.0
2021-11-04 01:00:00,3622.0,17.4
2021-11-04 02:00:00,3413.0,17.4
2021-11-04 03:00:00,3271.0,17.1
2021-11-04 04:00:00,3201.0,16.8
2021-11-04 05:00:00,3183.0,16.6
2021-11-04 06:00:00,3386.0,16.6
2021-11-04 07:00:00,3966.0,16.6
2021-11-04 08:00:00,4369.0,16.7
2021-11-04 09:00:00,4844.0,16.8
2021-11-04 10:00:00,5037.0,17.5
2021-11-04 11:00:00,5262.0,17.8
2021-11-04 12:00:00,4954.0,18.2
2021-11-04 13:00:00,4740.0,18.5
2021-11-04 14:00:00,4766.0,18.4
2021-11-04 15:00:00,4738.0,18.5
2021-11-04 16:00:00,4946.0,18.4
2021-11-04 17:00:00,5227.0,18.4
2021-11-04 18:00:00,5345.0,18.2
2021-11-04 19:00:00,5305.0,18.0
2021-11-04 20:00:00,5083.0,18.0
2021-11-04 21:00:00,5007.0,18.0
2021-11-04 22:00:00,4723.0,18.0
2021-11-04 23:00:00,4276.0,17.9
2021-11-05 00:00:00,4020.0,17.7
2021-11-05 01:00:00,3612.0,17.7
2021-11-05 02:00:00,3395.0,17.5
2021-11-05 03:00:00,3237.0,17.5
2021-11-05 04:00:00,3173.0,17.4
2021-11-05 05:00:00,3194.0,17.2
2021-11-05 06:00:00,3392.0,17.3
2021-11-05 07:00:00,3962.0,17.3
2021-11-05 08:00:00,4418.0,17.4
2021-11-05 09:00:00,4881.0,17.7
2021-11-05 10:00:00,5117.0,18.0
2021-11-05 11:00:00,5302.0,18.4
2021-11-05 12:00:00,4940.0,18.9
2021-11-05 13:00:00,4804.0,18.8
2021-11-05 14:00:00,4857.0,18.6
2021-11-05 15:00:00,4802.0,18.5
2021-11-05 16:00:00,5028.0,18.4
2021-11-05 17:00:00,5362.0,18.3
2021-11-05 18:00:00,5334.0,18.0
2021-11-05 19:00:00,5317.0,18.0
2021-11-05 20:00:00,5081.0,18.0
2021-11-05 21:00:00,4999.0,18.0
2021-11-05 22:00:00,4794.0,17.9
2021-11-05 23:00:00,4400.0,18.0
2021-11-06 00:00:00,4095.0,17.9
2021-11-06 01:00:00,3700.0,17.8
2021-11-06 02:00:00,3451.0,17.8
2021-11-06 03:00:00,3292.0,17.9
2021-11-06 04:00:00,3210.0,17.8
2021-11-06 05:00:00,3187.0,17.8
2021-11-06 06:00:00,3340.0,17.8
2021-11-06 07:00:00,3687.0,17.9
2021-11-06 08:00:00,4238.0,18.0
2021-11-06 09:00:00,4784.0,18.4
2021-11-06 10:00:00,4993.0,19.0
2021-11-06 11:00:00,5219.0,19.4
2021-11-06 12:00:00,4931.0,19.7
2021-11-06 13:00:00,4814.0,20.1
2021-11-06 14:00:00,4809.0,19.7
2021-11-06 15:00:00,4698.0,19.6
2021-11-06 16:00:00,4874.0,19.7
2021-11-06 17:00:00,5296.0,19.4
2021-11-06 18:00:00,5325.0,19.2
2021-11-06 19:00:00,5264.0,19.1
2021-11-06 20:00:00,5063.0,18.9
2021-11-06 21:00:00,4926.0,18.9
2021-11-06 22:00:00,4711.0,18.8
2021-11-06 23:00:00,4309.0,18.7
2021-11-07 00:00:00,4088.0,18.6
2021-11-07 01:00:00,3676.0,18.6
2021-11-07 02:00:00,3409.0,18.6
2021-11-07 03:00:00,3251.0,18.6
2021-11-07 04:00:00,3173.0,18.4
2021-11-07 05:00:00,3167.0,18.0
2021-11-07 06:00:00,3271.0,14.8
2021-11-07 07:00:00,3597.0,12.8
2021-11-07 08:00:00,4178.0,11.3
2021-11-07 09:00:00,4729.0,10.8
2021-11-07 10:00:00,5080.0,9.8
2021-11-07 11:00:00,5439.0,9.0
2021-11-07 12:00:00,5195.0,9.3
2021-11-07 13:00:00,5082.0,9.2
2021-11-07 14:00:00,5007.0,8.7
2021-11-07 15:00:00,4938.0,8.3
2021-11-07 16:00:00,5180.0,7.5
2021-11-07 17:00:00,5613.0,7.3
2021-11-07 18:00:00,5752.0,7.2
2021-11-07 19:00:00,5726.0,7.2
2021-11-07 20:00:00,5577.0,7.3
2021-11-07 21:00:00,5450.0,7.2
2021-11-07 22:00:00,5060.0,7.0
2021-11-07 23:00:00,4545.0,6.8
2021-11-08 00:00:00,4215.0,6.3
2021-11-08 01:00:00,3806.0,6.1
2021-11-08 02:00:00,3552.0,6.4
2021-11-08 03:00:00,3387.0,5.5
2021-11-08 04:00:00,3321.0,4.8
2021-11-08 05:00:00,3331.0,4.5
2021-11-08 06:00:00,3520.0,4.4
2021-11-08 07:00:00,4271.0,3.6
2021-11-08 08:00:00,4622.0,5.3
2021-11-08 09:00:00,5099.0,8.1
2021-11-08 10:00:00,5258.0,9.8
2021-11-08 11:00:00,5393.0,11.5
2021-11-08 12:00:00,5099.0,12.3
2021-11-08 13:00:00,4915.0,13.4
2021-11-08 14:00:00,4892.0,13.9
2021-11-08 15:00:00,4991.0,14.0
2021-11-08 16:00:00,5372.0,14.1
2021-11-08 17:00:00,5759.0,12.9
2021-11-08 18:00:00,6036.0,10.6
2021-11-08 19:00:00,6169.0,9.7
2021-11-08 20:00:00,5921.0,8.6
2021-11-08 21:00:00,5776.0,8.1
2021-11-08 22:00:00,5323.0,7.3
2021-11-08 23:00:00,4719.0,7.3
2021-11-09 00:00:00,4368.0,7.4
2021-11-09 01:00:00,3890.0,7.7
2021-11-09 02:00:00,3647.0,7.1
2021-11-09 03:00:00,3513.0,7.0
2021-11-09 04:00:00,3409.0,6.6
2021-11-09 05:00:00,3407.0,5.6
2021-11-09 06:00:00,3660.0,5.0
2021-11-09 07:00:00,4404.0,4.4
2021-11-09 08:00:00,4776.0,6.1
2021-11-09 09:00:00,5161.0,9.6
2021-11-09 10:00:00,5308.0,12.0
2021-11-09 11:00:00,5406.0,14.3
2021-11-09 12:00:00,5070.0,15.8
2021-11-09 13:00:00,4968.0,16.2
2021-11-09 14:00:00,5005.0,16.1
2021-11-09 15:00:00,5007.0,15.8
2021-11-09 16:00:00,5223.0,15.2
2021-11-09 17:00:00,5624.0,14.4
2021-11-09 18:00:00,5767.0,13.4
2021-11-09 19:00:00,5839.0,12.7
2021-11-09 20:00:00,5647.0,12.1
2021-11-09 21:00:00,5564.0,12.3
2021-11-09 22:00:00,5247.0,12.0
2021-11-09 23:00:00,4714.0,11.0
2021-11-10 00:00:00,4329.0,9.6
2021-11-10 01:00:00,3897.0,8.9
2021-11-10 02:00:00,3632.0,7.8
2021-11-10 03:00:00,3478.0,7.2
2021-11-10 04:00:00,3417.0,6.7
2021-11-10 05:00:00,3409.0,6.3
2021-11-10 06:00:00,3646.0,5.8
2021-11-10 07:00:00,4385.0,5.3
2021-11-10 08:00:00,4807.0,6.6
2021-11-10 09:00:00,5134.0,11.0
2021-11-10 10:00:00,5278.0,13.6
2021-11-10 11:00:00,5366.0,15.5
2021-11-10 12:00:00,5006.0,16.6
2021-11-10 13:00:00,4833.0,17.9
2021-11-10 14:00:00,4785.0,18.9
2021-11-10 15:00:00,4747.0,18.9
2021-11-10 16:00:00,4922.0,19.2
2021-11-10 17:00:00,5287.0,18.5
2021-11-10 18:00:00,5543.0,16.5
2021-11-10 19:00:00,5635.0,16.2
2021-11-10 20:00:00,5512.0,15.1
2021-11-10 21:00:00,5514.0,13.0
2021-11-10 22:00:00,5205.0,11.6
2021-11-10 23:00:00,4642.0,10.5
2021-11-11 00:00:00,4298.0,10.2
2021-11-11 01:00:00,3870.0,9.7
2021-11-11 02:00:00,3634.0,9.1
2021-11-11 03:00:00,3456.0,8.8
2021-11-11 04:00:00,3382.0,8.0
2021-11-11 05:00:00,3386.0,7.8
2021-11-11 06:00:00,3587.0,7.3
2021-11-11 07:00:00,4341.0,7.2
2021-11-11 08:00:00,4734.0,8.6
2021-11-11 09:00:00,5050.0,11.6
2021-11-11 10:00:00,5204.0,14.0
2021-11-11 11:00:00,5371.0,16.6
2021-11-11 12:00:00,4944.0,18.8
2021-11-11 13:00:00,4810.0,20.7
2021-11-11 14:00:00,4868.0,20.1
2021-11-11 15:00:00,4784.0,20.7
2021-11-11 16:00:00,4969.0,19.1
2021-11-11 17:00:00,5427.0,18.0
2021-11-11 18:00:00,5561.0,17.1
2021-11-11 19:00:00,5595.0,16.0
2021-11-11 20:00:00,5466.0,15.5
2021-11-11 21:00:00,5394.0,14.9
2021-11-11 22:00:00,5125.0,14.6
2021-11-11 23:00:00,4562.0,14.1
2021-11-12 00:00:00,4259.0,14.1
2021-11-12 01:00:00,3833.0,13.6
2021-11-12 02:00:00,3571.0,13.4
2021-11-12 03:00:00,3415.0,12.4
2021-11-12 04:00:00,3360.0,11.8
2021-11-12 05:00:00,3354.0,10.7
2021-11-12 06:00:00,3556.0,10.4
2021-11-12 07:00:00,4281.0,9.8
2021-11-12 08:00:00,4616.0,10.4
2021-11-12 09:00:00,4966.0,13.7
2021-11-12 10:00:00,5101.0,16.3
2021-11-12 11:00:00,5276.0,18.0
2021-11-12 12:00:00,4898.0,19.4
2021-11-12 13:00:00,4746.0,19.8
2021-11-12 14:00:00,4739.0,20.6
2021-11-12 15:00:00,4707.0,20.4
2021-11-12 16:00:00,4992.0,18.8
2021-11-12 17:00:00,5449.0,17.6
2021-11-12 18:00:00,5501.0,16.4
2021-11-12 19:00:00,5473.0,15.7
2021-11-12 20:00:00,5306.0,15.6
2021-11-12 21:00:00,5255.0,15.4
2021-11-12 22:00:00,5083.0,14.5
2021-11-12 23:00:00,4574.0,13.8
2021-11-13 00:00:00,4262.0,13.7
2021-11-13 01:00:00,3807.0,13.3
2021-11-13 02:00:00,3559.0,13.0
2021-11-13 03:00:00,3394.0,12.8
2021-11-13 04:00:00,3342.0,12.1
2021-11-13 05:00:00,3315.0,11.3
2021-11-13 06:00:00,3502.0,10.2
2021-11-13 07:00:00,3957.0,9.5
2021-11-13 08:00:00,4521.0,9.9
2021-11-13 09:00:00,4827.0,13.4
2021-11-13 10:00:00,4963.0,15.8
2021-11-13 11:00:00,5078.0,17.8
2021-11-13 12:00:00,4734.0,18.7
2021-11-13 13:00:00,4553.0,19.7
2021-11-13 14:00:00,4609.0,20.0
2021-11-13 15:00:00,4542.0,20.2
2021-11-13 16:00:00,4734.0,20.2
2021-11-13 17:00:00,5158.0,19.3
2021-11-13 18:00:00,5388.0,17.1
2021-11-13 19:00:00,5316.0,15.5
2021-11-13 20:00:00,5201.0,14.8
2021-11-13 21:00:00,5146.0,14.3
2021-11-13 22:00:00,4890.0,14.0
2021-11-13 23:00:00,4475.0,13.2
2021-11-14 00:00:00,4198.0,12.7
2021-11-14 01:00:00,3754.0,11.5
2021-11-14 02:00:00,3513.0,10.8
2021-11-14 03:00:00,3331.0,10.2
2021-11-14 04:00:00,3256.0,9.4
2021-11-14 05:00:00,3240.0,9.1
2021-11-14 06:00:00,3386.0,8.8
2021-11-14 07:00:00,3769.0,8.4
2021-11-14 08:00:00,4220.0,9.4
2021-11-14 09:00:00,4516.0,13.2
2021-11-14 10:00:00,4612.0,15.2
2021-11-14 11:00:00,4791.0,18.1
2021-11-14 12:00:00,4442.0,19.9
2021-11-14 13:00:00,4325.0,21.8
2021-11-14 14:00:00,4263.0,21.6
2021-11-14 15:00:00,4221.0,22.7
2021-11-14 16:00:00,4427.0,22.1
2021-11-14 17:00:00,4971.0,21.3
2021-11-14 18:00:00,5173.0,19.2
2021-11-14 19:00:00,5146.0,18.2
2021-11-14 20:00:00,5064.0,16.6
2021-11-14 21:00:00,5032.0,14.9
2021-11-14 22:00:00,4709.0,15.3
2021-11-14 23:00:00,4218.0,14.5
2021-11-15 00:00:00,3946.0,13.9
2021-11-15 01:00:00,3569.0,12.6
2021-11-15 02:00:00,3304.0,12.6
2021-11-15 03:00:00,3178.0,11.7
2021-11-15 04:00:00,3102.0,11.5
2021-11-15 05:00:00,3139.0,12.0
2021-11-15 06:00:00,3380.0,11.3
2021-11-15 07:00:00,4080.0,10.6
2021-11-15 08:00:00,4473.0,11.3
2021-11-15 09:00:00,4838.0,14.0
2021-11-15 10:00:00,4988.0,17.4
2021-11-15 11:00:00,5163.0,18.2
2021-11-15 12:00:00,4777.0,20.5
2021-11-15 13:00:00,4693.0,21.7
2021-11-15 14:00:00,4740.0,20.3
2021-11-15 15:00:00,4732.0,19.2
2021-11-15 16:00:00,4917.0,19.0
2021-11-15 17:00:00,5322.0,18.3
2021-11-15 18:00:00,5425.0,17.4
2021-11-15 19:00:00,5361.0,17.0
2021-11-15 20:00:00,5196.0,17.0
2021-11-15 21:00:00,5147.0,16.5
2021-11-15 22:00:00,4807.0,16.2
2021-11-15 23:00:00,4340.0,15.5
2021-11-16 00:00:00,4064.0,15.9
2021-11-16 01:00:00,3665.0,15.4
2021-11-16 02:00:00,3461.0,15.2
2021-11-16 03:00:00,3290.0,14.4
2021-11-16 04:00:00,3188.0,13.7
2021-11-16 05:00:00,3220.0,13.4
2021-11-16 06:00:00,3437.0,12.8
2021-11-16 07:00:00,4121.0,11.9
2021-11-16 08:00:00,4519.0,12.7
2021-11-16 09:00:00,4891.0,14.1
2021-11-16 10:00:00,5113.0,15.7
2021-11-16 11:00:00,5282.0,17.3
2021-11-16 12:00:00,4879.0,18.7
2021-11-16 13:00:00,4757.0,19.4
2021-11-16 14:00:00,4791.0,20.4
2021-11-16 15:00:00,4748.0,19.7
2021-11-16 16:00:00,4939.0,19.5
2021-11-16 17:00:00,5394.0,18.6
2021-11-16 18:00:00,5505.0,17.6
2021-11-16 19:00:00,5454.0,17.0
2021-11-16 20:00:00,5245.0,16.5
2021-11-16 21:00:00,5224.0,16.3
2021-11-16 22:00:00,4885.0,16.0
2021-11-16 23:00:00,4407.0,14.9
2021-11-17 00:00:00,4137.0,14.9
2021-11-17 01:00:00,3703.0,14.6
2021-11-17 02:00:00,3478.0,14.4
2021-11-17 03:00:00,3332.0,14.0
2021-11-17 04:00:00,3271.0,14.1
2021-11-17 05:00:00,3251.0,14.1
2021-11-17 06:00:00,3445.0,13.8
2021-11-17 07:00:00,4051.0,13.6
2021-11-17 08:00:00,4572.0,13.4
2021-11-17 09:00:00,5034.0,13.4
2021-11-17 10:00:00,5295.0,13.7
2021-11-17 11:00:00,5523.0,14.0
2021-11-17 12:00:00,5106.0,14.7
2021-11-17 13:00:00,4932.0,16.2
2021-11-17 14:00:00,4901.0,16.7
2021-11-17 15:00:00,4831.0,16.6
2021-11-17 16:00:00,4973.0,16.6
2021-11-17 17:00:00,5419.0,15.8
2021-11-17 18:00:00,5530.0,15.2
2021-11-17 19:00:00,5469.0,14.9
2021-11-17 20:00:00,5318.0,14.7
2021-11-17 21:00:00,5268.0,14.7
2021-11-17 22:00:00,4970.0,14.7
2021-11-17 23:00:00,4454.0,14.8
2021-11-18 00:00:00,4154.0,14.4
2021-11-18 01:00:00,3748.0,14.2
2021-11-18 02:00:00,3511.0,14.1
2021-11-18 03:00:00,3369.0,13.7
2021-11-18 04:00:00,3301.0,12.7
2021-11-18 05:00:00,3294.0,12.0
2021-11-18 06:00:00,3509.0,11.5
2021-11-18 07:00:00,4151.0,11.4
2021-11-18 08:00:00,4615.0,11.9
2021-11-18 09:00:00,4973.0,12.5
2021-11-18 10:00:00,5120.0,14.6
2021-11-18 11:00:00,5222.0,17.1
2021-11-18 12:00:00,4865.0,18.8
2021-11-18 13:00:00,4649.0,19.4
2021-11-18 14:00:00,4690.0,20.9
2021-11-18 15:00:00,4666.0,21.0
2021-11-18 16:00:00,4883.0,20.7
2021-11-18 17:00:00,5273.0,19.5
2021-11-18 18:00:00,5479.0,17.5
2021-11-18 19:00:00,5475.0,16.4
2021-11-18 20:00:00,5255.0,15.3
2021-11-18 21:00:00,5249.0,14.3
2021-11-18 22:00:00,4928.0,14.4
2021-11-18 23:00:00,4422.0,14.1
2021-11-19 00:00:00,4135.0,12.8
2021-11-19 01:00:00,3707.0,11.9
2021-11-19 02:00:00,3480.0,11.9
2021-11-19 03:00:00,3331.0,11.2
2021-11-19 04:00:00,3272.0,11.1
2021-11-19 05:00:00,3252.0,10.8
2021-11-19 06:00:00,3480.0,10.4
2021-11-19 07:00:00,4165.0,10.0
2021-11-19 08:00:00,4563.0,10.9
2021-11-19 09:00:00,4922.0,13.5
2021-11-19 10:00:00,5056.0,15.0
2021-11-19 11:00:00,5188.0,17.9
2021-11-19 12:00:00,4781.0,19.9
2021-11-19 13:00:00,4619.0,21.1
2021-11-19 14:00:00,4639.0,22.1
2021-11-19 15:00:00,4619.0,22.3
2021-11-19 16:00:00,4794.0,22.1
2021-11-19 17:00:00,5235.0,20.9
2021-11-19 18:00:00,5348.0,19.1
2021-11-19 19:00:00,5323.0,17.7
2021-11-19 20:00:00,5145.0,17.2
2021-11-19 21:00:00,5060.0,17.0
2021-11-19 22:00:00,4912.0,16.7
2021-11-19 23:00:00,4406.0,16.6
2021-11-20 00:00:00,4167.0,16.7
2021-11-20 01:00:00,3754.0,16.6
2021-11-20 02:00:00,3475.0,16.5
2021-11-20 03:00:00,3325.0,16.3
2021-11-20 04:00:00,3235.0,16.0
2021-11-20 05:00:00,3231.0,15.5
2021-11-20 06:00:00,3350.0,14.6
2021-11-20 07:00:00,3681.0,14.5
2021-11-20 08:00:00,4334.0,14.4
2021-11-20 09:00:00,4861.0,14.7
2021-11-20 10:00:00,5143.0,15.4
2021-11-20 11:00:00,5358.0,15.9
2021-11-20 12:00:00,5065.0,15.9
2021-11-20 13:00:00,4956.0,15.8
2021-11-20 14:00:00,4900.0,15.2
2021-11-20 15:00:00,4846.0,15.2
2021-11-20 16:00:00,5033.0,15.0
2021-11-20 17:00:00,5481.0,14.9
2021-11-20 18:00:00,5494.0,14.8
2021-11-20 19:00:00,5387.0,14.7
2021-11-20 20:00:00,5180.0,14.6
2021-11-20 21:00:00,5057.0,14.6
2021-11-20 22:00:00,4807.0,14.4
2021-11-20 23:00:00,4394.0,14.4
2021-11-21 00:00:00,4128.0,14.5
2021-11-21 01:00:00,3712.0,14.5
2021-11-21 02:00:00,3450.0,14.4
2021-11-21 03:00:00,3306.0,14.4
2021-11-21 04:00:00,3235.0,14.4
2021-11-21 05:00:00,3185.0,14.3
2021-11-21 06:00:00,3347.0,13.7
2021-11-21 07:00:00,3585.0,13.3
2021-11-21 08:00:00,4236.0,13.1
2021-11-21 09:00:00,4815.0,12.9
2021-11-21 10:00:00,5171.0,12.7
2021-11-21 11:00:00,5460.0,12.7
2021-11-21 12:00:00,5239.0,12.4
2021-11-21 13:00:00,5061.0,12.3
2021-11-21 14:00:00,4973.0,12.0
2021-11-21 15:00:00,4943.0,11.8
2021-11-21 16:00:00,5170.0,11.4
2021-11-21 17:00:00,5710.0,10.2
2021-11-21 18:00:00,5768.0,9.4
2021-11-21 19:00:00,5692.0,8.9
2021-11-21 20:00:00,5613.0,8.9
2021-11-21 21:00:00,5501.0,8.6
2021-11-21 22:00:00,5087.0,8.2
2021-11-21 23:00:00,4548.0,8.0
2021-11-22 00:00:00,4250.0,7.8
2021-11-22 01:00:00,3823.0,7.6
2021-11-22 02:00:00,3565.0,7.6
2021-11-22 03:00:00,3423.0,7.6
2021-11-22 04:00:00,3317.0,7.7
2021-11-22 05:00:00,3296.0,7.6
2021-11-22 06:00:00,3565.0,7.7
2021-11-22 07:00:00,4184.0,8.2
2021-11-22 08:00:00,4702.0,8.9
2021-11-22 09:00:00,5272.0,9.8
2021-11-22 10:00:00,5485.0,10.2
2021-11-22 11:00:00,5610.0,12.0
2021-11-22 12:00:00,5235.0,12.9
2021-11-22 13:00:00,5049.0,13.5
2021-11-22 14:00:00,4952.0,14.4
2021-11-22 15:00:00,4920.0,13.9
2021-11-22 16:00:00,5172.0,13.1
2021-11-22 17:00:00,5637.0,11.6
2021-11-22 18:00:00,5879.0,9.8
2021-11-22 19:00:00,5961.0,8.1
2021-11-22 20:00:00,5839.0,7.4
2021-11-22 21:00:00,5796.0,7.3
2021-11-22 22:00:00,5433.0,7.2
2021-11-22 23:00:00,4841.0,6.8
2021-11-23 00:00:00,4473.0,6.0
2021-11-23 01:00:00,3989.0,5.1
2021-11-23 02:00:00,3733.0,4.2
2021-11-23 03:00:00,3589.0,4.1
2021-11-23 04:00:00,3472.0,3.9
2021-11-23 05:00:00,3457.0,4.5
2021-11-23 06:00:00,3705.0,4.8
2021-11-23 07:00:00,4387.0,4.8
2021-11-23 08:00:00,4969.0,5.1
2021-11-23 09:00:00,5494.0,6.6
2021-11-23 10:00:00,5714.0,8.4
2021-11-23 11:00:00,5778.0,10.8
2021-11-23 12:00:00,5358.0,11.4
2021-11-23 13:00:00,5193.0,12.8
2021-11-23 14:00:00,5149.0,13.6
2021-11-23 15:00:00,5049.0,13.8
2021-11-23 16:00:00,5247.0,13.6
2021-11-23 17:00:00,5698.0,12.7
2021-11-23 18:00:00,5926.0,11.1
2021-11-23 19:00:00,6015.0,10.0
2021-11-23 20:00:00,5936.0,10.7
2021-11-23 21:00:00,5895.0,9.7
2021-11-23 22:00:00,5551.0,6.5
2021-11-23 23:00:00,4946.0,5.8
2021-11-24 00:00:00,4527.0,5.3
2021-11-24 01:00:00,4050.0,4.8
2021-11-24 02:00:00,3768.0,4.4
2021-11-24 03:00:00,3589.0,3.8
2021-11-24 04:00:00,3496.0,4.0
2021-11-24 05:00:00,3508.0,4.1
2021-11-24 06:00:00,3742.0,3.7
2021-11-24 07:00:00,4453.0,3.6
2021-11-24 08:00:00,5037.0,4.6
2021-11-24 09:00:00,5574.0,6.7
2021-11-24 10:00:00,5704.0,9.5
2021-11-24 11:00:00,5716.0,13.3
2021-11-24 12:00:00,5302.0,15.1
2021-11-24 13:00:00,5096.0,16.1
2021-11-24 14:00:00,5064.0,17.0
2021-11-24 15:00:00,5017.0,18.3
2021-11-24 16:00:00,5128.0,17.5
2021-11-24 17:00:00,5532.0,17.0
2021-11-24 18:00:00,5829.0,14.9
2021-11-24 19:00:00,5891.0,14.0
2021-11-24 20:00:00,5789.0,12.3
2021-11-24 21:00:00,5787.0,10.6
2021-11-24 22:00:00,5456.0,9.6
2021-11-24 23:00:00,4864.0,10.4
2021-11-25 00:00:00,4448.0,9.9
2021-11-25 01:00:00,3979.0,8.9
2021-11-25 02:00:00,3733.0,7.8
2021-11-25 03:00:00,3539.0,7.0
2021-11-25 04:00:00,3463.0,6.5
2021-11-25 05:00:00,3449.0,7.2
2021-11-25 06:00:00,3688.0,6.4
2021-11-25 07:00:00,4388.0,5.7
2021-11-25 08:00:00,4902.0,6.7
2021-11-25 09:00:00,5258.0,10.2
2021-11-25 10:00:00,5349.0,13.4
2021-11-25 11:00:00,5475.0,15.8
2021-11-25 12:00:00,5066.0,17.0
2021-11-25 13:00:00,4854.0,19.2
2021-11-25 14:00:00,4861.0,20.6
2021-11-25 15:00:00,4795.0,21.3
2021-11-25 16:00:00,5044.0,21.1
2021-11-25 17:00:00,5413.0,20.2
2021-11-25 18:00:00,5719.0,18.0
2021-11-25 19:00:00,5740.0,17.2
2021-11-25 20:00:00,5640.0,15.3
2021-11-25 21:00:00,5603.0,15.0
2021-11-25 22:00:00,5290.0,11.8
2021-11-25 23:00:00,4712.0,11.1
2021-11-26 00:00:00,4389.0,10.3
2021-11-26 01:00:00,3931.0,10.2
2021-11-26 02:00:00,3645.0,9.3
2021-11-26 03:00:00,3496.0,8.1
2021-11-26 04:00:00,3405.0,8.1
2021-11-26 05:00:00,3394.0,7.3
2021-11-26 06:00:00,3642.0,7.2
2021-11-26 07:00:00,4313.0,6.8
2021-11-26 08:00:00,4797.0,8.0
2021-11-26 09:00:00,5207.0,11.3
2021-11-26 10:00:00,5297.0,13.8
2021-11-26 11:00:00,5415.0,16.4
2021-11-26 12:00:00,5028.0,18.7
2021-11-26 13:00:00,4801.0,21.0
2021-11-26 14:00:00,4846.0,21.7
2021-11-26 15:00:00,4762.0,22.0
2021-11-26 16:00:00,4991.0,21.8
2021-11-26 17:00:00,5356.0,20.5
2021-11-26 18:00:00,5561.0,17.7
2021-11-26 19:00:00,5583.0,15.7
2021-11-26 20:00:00,5473.0,13.8
2021-11-26 21:00:00,5435.0,14.6
2021-11-26 22:00:00,5225.0,12.8
2021-11-26 23:00:00,4763.0,11.9
2021-11-27 00:00:00,4436.0,11.2
2021-11-27 01:00:00,3955.0,10.9
2021-11-27 02:00:00,3673.0,10.3
2021-11-27 03:00:00,3486.0,10.6
2021-11-27 04:00:00,3390.0,10.8
2021-11-27 05:00:00,3374.0,10.5
2021-11-27 06:00:00,3552.0,9.3
2021-11-27 07:00:00,3981.0,7.4
2021-11-27 08:00:00,4585.0,7.6
2021-11-27 09:00:00,4991.0,10.7
2021-11-27 10:00:00,5116.0,13.6
2021-11-27 11:00:00,5242.0,16.1
2021-11-27 12:00:00,4882.0,17.1
2021-11-27 13:00:00,4707.0,19.1
2021-11-27 14:00:00,4701.0,19.5
2021-11-27 15:00:00,4641.0,20.2
2021-11-27 16:00:00,4822.0,19.5
2021-11-27 17:00:00,5289.0,18.4
2021-11-27 18:00:00,5527.0,15.5
2021-11-27 19:00:00,5452.0,14.0
2021-11-27 20:00:00,5353.0,13.2
2021-11-27 21:00:00,5297.0,12.2
2021-11-27 22:00:00,5029.0,12.7
2021-11-27 23:00:00,4600.0,12.8
2021-11-28 00:00:00,4310.0,12.7
2021-11-28 01:00:00,3817.0,10.0
2021-11-28 02:00:00,3557.0,8.7
2021-11-28 03:00:00,3369.0,9.0
2021-11-28 04:00:00,3274.0,9.0
2021-11-28 05:00:00,3302.0,8.0
2021-11-28 06:00:00,3391.0,7.4
2021-11-28 07:00:00,3774.0,7.9
2021-11-28 08:00:00,4351.0,8.5
2021-11-28 09:00:00,4736.0,10.6
2021-11-28 10:00:00,4916.0,13.2
2021-11-28 11:00:00,5023.0,15.2
2021-11-28 12:00:00,4796.0,17.0
2021-11-28 13:00:00,4702.0,17.4
2021-11-28 14:00:00,4674.0,17.4
2021-11-28 15:00:00,4630.0,16.7
2021-11-28 16:00:00,4816.0,16.2
2021-11-28 17:00:00,5289.0,15.6
2021-11-28 18:00:00,5462.0,14.6
2021-11-28 19:00:00,5464.0,13.5
2021-11-28 20:00:00,5412.0,12.9
2021-11-28 21:00:00,5355.0,12.1
2021-11-28 22:00:00,4962.0,11.3
2021-11-28 23:00:00,4456.0,10.7
2021-11-29 00:00:00,4160.0,10.5
2021-11-29 01:00:00,3732.0,10.1
2021-11-29 02:00:00,3474.0,9.6
2021-11-29 03:00:00,3309.0,9.3
2021-11-29 04:00:00,3242.0,8.8
2021-11-29 05:00:00,3278.0,8.6
2021-11-29 06:00:00,3546.0,8.7
2021-11-29 07:00:00,4192.0,8.7
2021-11-29 08:00:00,4659.0,8.8
2021-11-29 09:00:00,5125.0,10.3
2021-11-29 10:00:00,5254.0,12.7
2021-11-29 11:00:00,5374.0,14.9
2021-11-29 12:00:00,5036.0,17.0
2021-11-29 13:00:00,4913.0,17.9
2021-11-29 14:00:00,4960.0,17.6
2021-11-29 15:00:00,5018.0,16.2
2021-11-29 16:00:00,5235.0,15.7
2021-11-29 17:00:00,5642.0,15.2
2021-11-29 18:00:00,5783.0,14.3
2021-11-29 19:00:00,5815.0,14.1
2021-11-29 20:00:00,5644.0,13.7
2021-11-29 21:00:00,5581.0,14.4
2021-11-29 22:00:00,5174.0,14.1
2021-11-29 23:00:00,4618.0,13.7
2021-11-30 00:00:00,4293.0,13.2
2021-11-30 01:00:00,3892.0,12.4
2021-11-30 02:00:00,3645.0,10.3
2021-11-30 03:00:00,3452.0,10.4
2021-11-30 04:00:00,3394.0,10.1
2021-11-30 05:00:00,3400.0,9.7
2021-11-30 06:00:00,3602.0,9.0
2021-11-30 07:00:00,4304.0,8.1
2021-11-30 08:00:00,4826.0,8.1
2021-11-30 09:00:00,5164.0,10.3
2021-11-30 10:00:00,5287.0,12.0
2021-11-30 11:00:00,5439.0,13.7
2021-11-30 12:00:00,5066.0,14.6
2021-11-30 13:00:00,4851.0,16.0
2021-11-30 14:00:00,4902.0,16.5
2021-11-30 15:00:00,4854.0,16.4
2021-11-30 16:00:00,5090.0,15.7
2021-11-30 17:00:00,5504.0,14.6
2021-11-30 18:00:00,5801.0,12.3
2021-11-30 19:00:00,5856.0,11.2
2021-11-30 20:00:00,5757.0,9.9
2021-11-30 21:00:00,5739.0,8.6
2021-11-30 22:00:00,5371.0,7.9
2021-11-30 23:00:00,4757.0,7.8
2021-12-01 00:00:00,4423.0,7.2
2021-12-01 01:00:00,3941.0,5.7
2021-12-01 02:00:00,3690.0,5.7
2021-12-01 03:00:00,3518.0,4.5
2021-12-01 04:00:00,3464.0,4.9
2021-12-01 05:00:00,3438.0,4.4
2021-12-01 06:00:00,3675.0,3.5
2021-12-01 07:00:00,4385.0,3.3
2021-12-01 08:00:00,4937.0,4.1
2021-12-01 09:00:00,5334.0,6.7
2021-12-01 10:00:00,5491.0,9.8
2021-12-01 11:00:00,5547.0,12.6
2021-12-01 12:00:00,5115.0,14.0
2021-12-01 13:00:00,4927.0,14.8
2021-12-01 14:00:00,4915.0,15.8
2021-12-01 15:00:00,4978.0,15.6
2021-12-01 16:00:00,5197.0,15.5
2021-12-01 17:00:00,5649.0,14.7
2021-12-01 18:00:00,5878.0,12.0
2021-12-01 19:00:00,5948.0,10.7
2021-12-01 20:00:00,5804.0,9.7
2021-12-01 21:00:00,5743.0,9.2
2021-12-01 22:00:00,5436.0,8.9
2021-12-01 23:00:00,4812.0,7.2
2021-12-02 00:00:00,4497.0,6.8
2021-12-02 01:00:00,4016.0,6.7
2021-12-02 02:00:00,3776.0,5.3
2021-12-02 03:00:00,3563.0,5.1
2021-12-02 04:00:00,3475.0,3.2
2021-12-02 05:00:00,3470.0,3.1
2021-12-02 06:00:00,3721.0,2.9
2021-12-02 07:00:00,4447.0,2.7
2021-12-02 08:00:00,4972.0,3.1
2021-12-02 09:00:00,5487.0,6.9
2021-12-02 10:00:00,5603.0,9.5
2021-12-02 11:00:00,5658.0,11.4
2021-12-02 12:00:00,5234.0,13.2
2021-12-02 13:00:00,5000.0,14.7
2021-12-02 14:00:00,5007.0,15.5
2021-12-02 15:00:00,5062.0,16.5
2021-12-02 16:00:00,5261.0,16.2
2021-12-02 17:00:00,5665.0,15.2
2021-12-02 18:00:00,5939.0,13.4
2021-12-02 19:00:00,5907.0,13.4
2021-12-02 20:00:00,5861.0,11.8
2021-12-02 21:00:00,5850.0,10.1
2021-12-02 22:00:00,5460.0,8.1
2021-12-02 23:00:00,4801.0,7.3
2021-12-03 00:00:00,4524.0,6.7
2021-12-03 01:00:00,4048.0,6.2
2021-12-03 02:00:00,3792.0,5.9
2021-12-03 03:00:00,3601.0,5.9
2021-12-03 04:00:00,3522.0,4.4
2021-12-03 05:00:00,3511.0,4.2
2021-12-03 06:00:00,3756.0,4.9
2021-12-03 07:00:00,4472.0,4.3
2021-12-03 08:00:00,5032.0,4.5
2021-12-03 09:00:00,5497.0,7.6
2021-12-03 10:00:00,5569.0,10.7
2021-12-03 11:00:00,5649.0,13.2
2021-12-03 12:00:00,5156.0,15.3
2021-12-03 13:00:00,4991.0,17.0
2021-12-03 14:00:00,4985.0,18.8
2021-12-03 15:00:00,5088.0,18.2
2021-12-03 16:00:00,5272.0,17.5
2021-12-03 17:00:00,5629.0,16.3
2021-12-03 18:00:00,5806.0,14.4
2021-12-03 19:00:00,5844.0,13.0
2021-12-03 20:00:00,5741.0,12.7
2021-12-03 21:00:00,5673.0,11.2
2021-12-03 22:00:00,5432.0,10.9
2021-12-03 23:00:00,4866.0,10.9
2021-12-04 00:00:00,4569.0,9.6
2021-12-04 01:00:00,4071.0,9.1
2021-12-04 02:00:00,3783.0,8.4
2021-12-04 03:00:00,3577.0,7.0
2021-12-04 04:00:00,3513.0,6.5
2021-12-04 05:00:00,3480.0,5.5
2021-12-04 06:00:00,3622.0,5.2
2021-12-04 07:00:00,4024.0,4.8
2021-12-04 08:00:00,4759.0,5.0
2021-12-04 09:00:00,5259.0,8.0
2021-12-04 10:00:00,5311.0,11.3
2021-12-04 11:00:00,5421.0,14.2
2021-12-04 12:00:00,5058.0,16.0
2021-12-04 13:00:00,4835.0,17.3
2021-12-04 14:00:00,4816.0,17.8
2021-12-04 15:00:00,4917.0,18.0
2021-12-04 16:00:00,5146.0,16.8
2021-12-04 17:00:00,5569.0,16.1
2021-12-04 18:00:00,5759.0,14.8
2021-12-04 19:00:00,5710.0,13.8
2021-12-04 20:00:00,5600.0,13.4
2021-12-04 21:00:00,5529.0,12.8
2021-12-04 22:00:00,5259.0,11.3
2021-12-04 23:00:00,4711.0,12.0
2021-12-05 00:00:00,4464.0,12.0
2021-12-05 01:00:00,3967.0,10.8
2021-12-05 02:00:00,3673.0,9.0
2021-12-05 03:00:00,3485.0,9.5
2021-12-05 04:00:00,3389.0,8.5
2021-12-05 05:00:00,3336.0,8.1
2021-12-05 06:00:00,3497.0,7.1
2021-12-05 07:00:00,3834.0,6.4
2021-12-05 08:00:00,4494.0,6.5
2021-12-05 09:00:00,4915.0,9.3
2021-12-05 10:00:00,5022.0,12.7
2021-12-05 11:00:00,5098.0,14.7
2021-12-05 12:00:00,4784.0,17.3
2021-12-05 13:00:00,4561.0,18.1
2021-12-05 14:00:00,4544.0,19.2
2021-12-05 15:00:00,4593.0,19.4
2021-12-05 16:00:00,4775.0,19.0
2021-12-05 17:00:00,5288.0,18.0
2021-12-05 18:00:00,5547.0,16.0
2021-12-05 19:00:00,5493.0,14.4
2021-12-05 20:00:00,5489.0,13.4
2021-12-05 21:00:00,5482.0,13.3
2021-12-05 22:00:00,5107.0,12.7
2021-12-05 23:00:00,4495.0,11.1
2021-12-06 00:00:00,4252.0,9.4
2021-12-06 01:00:00,3800.0,8.3
2021-12-06 02:00:00,3530.0,7.0
2021-12-06 03:00:00,3353.0,7.1
2021-12-06 04:00:00,3282.0,6.0
2021-12-06 05:00:00,3305.0,5.1
2021-12-06 06:00:00,3587.0,5.2
2021-12-06 07:00:00,4284.0,6.2
2021-12-06 08:00:00,4842.0,6.3
2021-12-06 09:00:00,5351.0,9.4
2021-12-06 10:00:00,5475.0,11.7
2021-12-06 11:00:00,5537.0,13.9
2021-12-06 12:00:00,5070.0,16.9
2021-12-06 13:00:00,4922.0,18.6
2021-12-06 14:00:00,4874.0,19.4
2021-12-06 15:00:00,4947.0,20.0
2021-12-06 16:00:00,5124.0,19.6
2021-12-06 17:00:00,5522.0,18.8
2021-12-06 18:00:00,5755.0,15.8
2021-12-06 19:00:00,5758.0,14.4
2021-12-06 20:00:00,5655.0,13.3
2021-12-06 21:00:00,5632.0,11.9
2021-12-06 22:00:00,5268.0,11.6
2021-12-06 23:00:00,4665.0,10.8
2021-12-07 00:00:00,4379.0,10.5
2021-12-07 01:00:00,3956.0,9.6
2021-12-07 02:00:00,3694.0,9.9
2021-12-07 03:00:00,3531.0,8.8
2021-12-07 04:00:00,3465.0,7.1
2021-12-07 05:00:00,3450.0,6.9
2021-12-07 06:00:00,3719.0,6.8
2021-12-07 07:00:00,4348.0,6.1
2021-12-07 08:00:00,4982.0,6.8
2021-12-07 09:00:00,5420.0,8.9
2021-12-07 10:00:00,5571.0,11.6
2021-12-07 11:00:00,5607.0,13.7
2021-12-07 12:00:00,5183.0,15.1
2021-12-07 13:00:00,5066.0,15.2
2021-12-07 14:00:00,5054.0,15.2
2021-12-07 15:00:00,5187.0,15.3
2021-12-07 16:00:00,5434.0,13.8
2021-12-07 17:00:00,5781.0,12.9
2021-12-07 18:00:00,6024.0,12.1
2021-12-07 19:00:00,5994.0,11.2
2021-12-07 20:00:00,5916.0,10.0
2021-12-07 21:00:00,5874.0,9.6
2021-12-07 22:00:00,5458.0,9.3
2021-12-07 23:00:00,4827.0,8.6
2021-12-08 00:00:00,4532.0,9.1
2021-12-08 01:00:00,4016.0,9.5
2021-12-08 02:00:00,3749.0,9.2
2021-12-08 03:00:00,3570.0,8.3
2021-12-08 04:00:00,3500.0,8.4
2021-12-08 05:00:00,3505.0,8.6
2021-12-08 06:00:00,3735.0,8.6
2021-12-08 07:00:00,4402.0,8.7
2021-12-08 08:00:00,4968.0,8.7
2021-12-08 09:00:00,5622.0,9.0
2021-12-08 10:00:00,5888.0,9.6
2021-12-08 11:00:00,5965.0,10.5
2021-12-08 12:00:00,5570.0,11.5
2021-12-08 13:00:00,5412.0,12.8
2021-12-08 14:00:00,5431.0,13.0
2021-12-08 15:00:00,5509.0,13.1
2021-12-08 16:00:00,5686.0,13.0
2021-12-08 17:00:00,6128.0,12.5
2021-12-08 18:00:00,6177.0,11.9
2021-12-08 19:00:00,6109.0,11.5
2021-12-08 20:00:00,6007.0,11.2
2021-12-08 21:00:00,5980.0,11.1
2021-12-08 22:00:00,5529.0,11.0
2021-12-08 23:00:00,4905.0,10.6
2021-12-09 00:00:00,4548.0,10.6
2021-12-09 01:00:00,4064.0,10.5
2021-12-09 02:00:00,3783.0,10.2
2021-12-09 03:00:00,3615.0,9.8
2021-12-09 04:00:00,3516.0,9.7
2021-12-09 05:00:00,3520.0,9.6
2021-12-09 06:00:00,3721.0,8.7
2021-12-09 07:00:00,4386.0,8.2
2021-12-09 08:00:00,4996.0,8.0
2021-12-09 09:00:00,5499.0,9.6
2021-12-09 10:00:00,5594.0,11.6
2021-12-09 11:00:00,5665.0,13.2
2021-12-09 12:00:00,5210.0,15.3
2021-12-09 13:00:00,5029.0,16.3
2021-12-09 14:00:00,5020.0,16.9
2021-12-09 15:00:00,5099.0,17.1
2021-12-09 16:00:00,5264.0,16.7
2021-12-09 17:00:00,5692.0,15.4
2021-12-09 18:00:00,5895.0,13.3
2021-12-09 19:00:00,5923.0,12.8
2021-12-09 20:00:00,5802.0,11.7
2021-12-09 21:00:00,5812.0,11.3
2021-12-09 22:00:00,5446.0,10.5
2021-12-09 23:00:00,4804.0,10.3
2021-12-10 00:00:00,4497.0,10.1
2021-12-10 01:00:00,4011.0,9.5
2021-12-10 02:00:00,3743.0,9.2
2021-12-10 03:00:00,3580.0,8.4
2021-12-10 04:00:00,3460.0,7.8
2021-12-10 05:00:00,3496.0,7.6
2021-12-10 06:00:00,3684.0,7.3
2021-12-10 07:00:00,4383.0,7.0
2021-12-10 08:00:00,4980.0,8.2
2021-12-10 09:00:00,5421.0,10.4
2021-12-10 10:00:00,5568.0,12.9
2021-12-10 11:00:00,5596.0,15.0
2021-12-10 12:00:00,5198.0,16.7
2021-12-10 13:00:00,4983.0,18.4
2021-12-10 14:00:00,4934.0,19.6
2021-12-10 15:00:00,5013.0,19.8
2021-12-10 16:00:00,5181.0,19.6
2021-12-10 17:00:00,5583.0,19.2
2021-12-10 18:00:00,5721.0,16.8
2021-12-10 19:00:00,5737.0,14.6
2021-12-10 20:00:00,5596.0,13.8
2021-12-10 21:00:00,5565.0,13.6
2021-12-10 22:00:00,5338.0,13.5
2021-12-10 23:00:00,4806.0,13.8
2021-12-11 00:00:00,4496.0,13.4
2021-12-11 01:00:00,4004.0,12.8
2021-12-11 02:00:00,3698.0,12.1
2021-12-11 03:00:00,3516.0,12.0
2021-12-11 04:00:00,3443.0,12.0
2021-12-11 05:00:00,3443.0,11.8
2021-12-11 06:00:00,3561.0,11.4
2021-12-11 07:00:00,3914.0,10.9
2021-12-11 08:00:00,4647.0,11.0
2021-12-11 09:00:00,5208.0,11.9
2021-12-11 10:00:00,5394.0,12.8
2021-12-11 11:00:00,5532.0,13.8
2021-12-11 12:00:00,5258.0,14.8
2021-12-11 13:00:00,5141.0,15.5
2021-12-11 14:00:00,5120.0,14.7
2021-12-11 15:00:00,5292.0,13.8
2021-12-11 16:00:00,5471.0,12.2
2021-12-11 17:00:00,5921.0,11.7
2021-12-11 18:00:00,6047.0,11.4
2021-12-11 19:00:00,5945.0,11.2
2021-12-11 20:00:00,5828.0,10.9
2021-12-11 21:00:00,5727.0,10.6
2021-12-11 22:00:00,5437.0,10.6
2021-12-11 23:00:00,4869.0,10.6
2021-12-12 00:00:00,4595.0,10.3
2021-12-12 01:00:00,4097.0,9.8
2021-12-12 02:00:00,3776.0,9.1
2021-12-12 03:00:00,3581.0,9.0
2021-12-12 04:00:00,3469.0,9.1
2021-12-12 05:00:00,3437.0,8.8
2021-12-12 06:00:00,3598.0,8.7
2021-12-12 07:00:00,3874.0,8.7
2021-12-12 08:00:00,4540.0,8.8
2021-12-12 09:00:00,5286.0,9.0
2021-12-12 10:00:00,5645.0,9.5
2021-12-12 11:00:00,5863.0,9.8
2021-12-12 12:00:00,5626.0,9.6
2021-12-12 13:00:00,5496.0,9.7
2021-12-12 14:00:00,5423.0,9.5
2021-12-12 15:00:00,5508.0,10.0
2021-12-12 16:00:00,5652.0,10.1
2021-12-12 17:00:00,6061.0,10.0
2021-12-12 18:00:00,6122.0,9.9
2021-12-12 19:00:00,6066.0,9.7
2021-12-12 20:00:00,5983.0,9.6
2021-12-12 21:00:00,5945.0,9.5
2021-12-12 22:00:00,5500.0,9.4
2021-12-12 23:00:00,4812.0,9.3
2021-12-13 00:00:00,4542.0,9.2
2021-12-13 01:00:00,4029.0,9.0
2021-12-13 02:00:00,3735.0,8.9
2021-12-13 03:00:00,3532.0,8.7
2021-12-13 04:00:00,3431.0,8.6
2021-12-13 05:00:00,3412.0,8.4
2021-12-13 06:00:00,3694.0,8.2
2021-12-13 07:00:00,4371.0,7.9
2021-12-13 08:00:00,4998.0,7.9
2021-12-13 09:00:00,5638.0,8.7
2021-12-13 10:00:00,5971.0,9.1
2021-12-13 11:00:00,6149.0,10.2
2021-12-13 12:00:00,5828.0,10.8
2021-12-13 13:00:00,5676.0,11.1
2021-12-13 14:00:00,5638.0,12.5
2021-12-13 15:00:00,5649.0,12.2
2021-12-13 16:00:00,5737.0,11.9
2021-12-13 17:00:00,6098.0,11.4
2021-12-13 18:00:00,6248.0,10.5
2021-12-13 19:00:00,6256.0,9.1
2021-12-13 20:00:00,6137.0,9.5
2021-12-13 21:00:00,6101.0,10.0
2021-12-13 22:00:00,5659.0,10.1
2021-12-13 23:00:00,5003.0,10.0
2021-12-14 00:00:00,4683.0,9.8
2021-12-14 01:00:00,4133.0,9.7
2021-12-14 02:00:00,3855.0,9.4
2021-12-14 03:00:00,3654.0,9.2
2021-12-14 04:00:00,3597.0,8.8
2021-12-14 05:00:00,3563.0,8.8
2021-12-14 06:00:00,3792.0,8.9
2021-12-14 07:00:00,4426.0,9.0
2021-12-14 08:00:00,5069.0,9.0
2021-12-14 09:00:00,5737.0,9.4
2021-12-14 10:00:00,6037.0,10.0
2021-12-14 11:00:00,6182.0,11.0
2021-12-14 12:00:00,5812.0,12.0
2021-12-14 13:00:00,5690.0,12.5
2021-12-14 14:00:00,5700.0,12.0
2021-12-14 15:00:00,5719.0,12.8
2021-12-14 16:00:00,5818.0,12.9
2021-12-14 17:00:00,6187.0,12.6
2021-12-14 18:00:00,6262.0,12.2
2021-12-14 19:00:00,6212.0,11.8
2021-12-14 20:00:00,6100.0,11.7
2021-12-14 21:00:00,6088.0,11.8
2021-12-14 22:00:00,5669.0,11.7
2021-12-14 23:00:00,4988.0,11.5
2021-12-15 00:00:00,4628.0,11.5
2021-12-15 01:00:00,4151.0,11.0
2021-12-15 02:00:00,3839.0,10.8
2021-12-15 03:00:00,3647.0,10.6
2021-12-15 04:00:00,3551.0,10.6
2021-12-15 05:00:00,3542.0,10.5
2021-12-15 06:00:00,3759.0,10.0
2021-12-15 07:00:00,4445.0,9.7
2021-12-15 08:00:00,5016.0,9.5
2021-12-15 09:00:00,5507.0,10.8
2021-12-15 10:00:00,5717.0,12.1
2021-12-15 11:00:00,5883.0,14.1
2021-12-15 12:00:00,5451.0,16.0
2021-12-15 13:00:00,5306.0,16.4
2021-12-15 14:00:00,5246.0,16.8
2021-12-15 15:00:00,5334.0,16.4
2021-12-15 16:00:00,5499.0,16.7
2021-12-15 17:00:00,5874.0,16.1
2021-12-15 18:00:00,6015.0,15.4
2021-12-15 19:00:00,5987.0,14.7
2021-12-15 20:00:00,5868.0,14.5
2021-12-15 21:00:00,5881.0,13.9
2021-12-15 22:00:00,5523.0,13.5
2021-12-15 23:00:00,4892.0,13.0
2021-12-16 00:00:00,4594.0,12.4
2021-12-16 01:00:00,4135.0,11.8
2021-12-16 02:00:00,3806.0,11.6
2021-12-16 03:00:00,3629.0,11.4
2021-12-16 04:00:00,3535.0,11.1
2021-12-16 05:00:00,3531.0,11.1
2021-12-16 06:00:00,3756.0,11.2
2021-12-16 07:00:00,4333.0,11.2
2021-12-16 08:00:00,5009.0,11.1
2021-12-16 09:00:00,5727.0,11.2
2021-12-16 10:00:00,6048.0,11.2
2021-12-16 11:00:00,6248.0,11.5
2021-12-16 12:00:00,5881.0,12.1
2021-12-16 13:00:00,5723.0,11.9
2021-12-16 14:00:00,5691.0,12.5
2021-12-16 15:00:00,5782.0,12.6
2021-12-16 16:00:00,5945.0,12.4
2021-12-16 17:00:00,6255.0,12.1
2021-12-16 18:00:00,6298.0,12.0
2021-12-16 19:00:00,6286.0,11.5
2021-12-16 20:00:00,6143.0,11.0
2021-12-16 21:00:00,6111.0,10.7
2021-12-16 22:00:00,5716.0,10.6
2021-12-16 23:00:00,5060.0,10.6
2021-12-17 00:00:00,4711.0,10.5
2021-12-17 01:00:00,4205.0,10.3
2021-12-17 02:00:00,3893.0,10.1
2021-12-17 03:00:00,3699.0,10.0
2021-12-17 04:00:00,3615.0,9.7
2021-12-17 05:00:00,3597.0,9.4
2021-12-17 06:00:00,3844.0,9.0
2021-12-17 07:00:00,4467.0,8.7
2021-12-17 08:00:00,5121.0,8.9
2021-12-17 09:00:00,5791.0,9.2
2021-12-17 10:00:00,6080.0,9.5
2021-12-17 11:00:00,6265.0,10.3
2021-12-17 12:00:00,5866.0,11.4
2021-12-17 13:00:00,5725.0,13.0
2021-12-17 14:00:00,5691.0,13.3
2021-12-17 15:00:00,5725.0,13.1
2021-12-17 16:00:00,5796.0,12.8
2021-12-17 17:00:00,6080.0,12.1
2021-12-17 18:00:00,6246.0,10.1
2021-12-17 19:00:00,6206.0,9.0
2021-12-17 20:00:00,6124.0,8.1
2021-12-17 21:00:00,6110.0,7.8
2021-12-17 22:00:00,5927.0,7.3
2021-12-17 23:00:00,5335.0,6.6
2021-12-18 00:00:00,4994.0,6.0
2021-12-18 01:00:00,4411.0,5.5
2021-12-18 02:00:00,4051.0,4.7
2021-12-18 03:00:00,3844.0,4.3
2021-12-18 04:00:00,3746.0,3.5
2021-12-18 05:00:00,3716.0,2.6
2021-12-18 06:00:00,3840.0,1.9
2021-12-18 07:00:00,4194.0,1.8
2021-12-18 08:00:00,5020.0,2.3
2021-12-18 09:00:00,5644.0,4.7
2021-12-18 10:00:00,5835.0,6.8
2021-12-18 11:00:00,5881.0,9.2
2021-12-18 12:00:00,5493.0,10.9
2021-12-18 13:00:00,5261.0,12.5
2021-12-18 14:00:00,5240.0,13.3
2021-12-18 15:00:00,5255.0,13.5
2021-12-18 16:00:00,5478.0,12.7
2021-12-18 17:00:00,5949.0,11.2
2021-12-18 18:00:00,6230.0,9.3
2021-12-18 19:00:00,6213.0,8.0
2021-12-18 20:00:00,6172.0,7.2
2021-12-18 21:00:00,6145.0,6.2
2021-12-18 22:00:00,5863.0,5.2
2021-12-18 23:00:00,5241.0,5.4
2021-12-19 00:00:00,4910.0,5.4
2021-12-19 01:00:00,4375.0,5.6
2021-12-19 02:00:00,4002.0,5.1
2021-12-19 03:00:00,3733.0,4.45
2021-12-19 04:00:00,3659.0,3.8
2021-12-19 05:00:00,3626.0,3.1
2021-12-19 06:00:00,3785.0,2.5
2021-12-19 07:00:00,4097.0,2.1
2021-12-19 08:00:00,4857.0,2.9
2021-12-19 09:00:00,5429.0,5.6
2021-12-19 10:00:00,5600.0,9.1
2021-12-19 11:00:00,5662.0,10.4
2021-12-19 12:00:00,5296.0,12.0
2021-12-19 13:00:00,5063.0,14.0
2021-12-19 14:00:00,5025.0,14.9
2021-12-19 15:00:00,5067.0,15.1
2021-12-19 16:00:00,5337.0,14.9
2021-12-19 17:00:00,5774.0,14.2
2021-12-19 18:00:00,6056.0,12.4
2021-12-19 19:00:00,6077.0,12.6
2021-12-19 20:00:00,6110.0,11.8
2021-12-19 21:00:00,6078.0,9.7
2021-12-19 22:00:00,5654.0,9.0
2021-12-19 23:00:00,4993.0,8.3
2021-12-20 00:00:00,4660.0,7.5
2021-12-20 01:00:00,4125.0,6.4
2021-12-20 02:00:00,3829.0,6.2
2021-12-20 03:00:00,3621.0,5.2
2021-12-20 04:00:00,3529.0,4.6
2021-12-20 05:00:00,3539.0,4.6
2021-12-20 06:00:00,3827.0,3.2
2021-12-20 07:00:00,4520.0,3.1
2021-12-20 08:00:00,5221.0,3.4
2021-12-20 09:00:00,5827.0,6.7
2021-12-20 10:00:00,6015.0,8.3
2021-12-20 11:00:00,6063.0,10.95
2021-12-20 12:00:00,5706.0,13.6
2021-12-20 13:00:00,5600.0,13.7
2021-12-20 14:00:00,5566.0,14.7
2021-12-20 15:00:00,5567.0,15.1
2021-12-20 16:00:00,5844.0,14.6
2021-12-20 17:00:00,6209.0,13.7
2021-12-20 18:00:00,6314.0,12.8
2021-12-20 19:00:00,6282.0,12.2
2021-12-20 20:00:00,6198.0,11.4
2021-12-20 21:00:00,6177.0,10.8
2021-12-20 22:00:00,5761.0,10.6
2021-12-20 23:00:00,5075.0,10.6
2021-12-21 00:00:00,4710.0,10.5
2021-12-21 01:00:00,4200.0,10.4
2021-12-21 02:00:00,3922.0,10.1
2021-12-21 03:00:00,3702.0,9.8
2021-12-21 04:00:00,3622.0,8.9
2021-12-21 05:00:00,3597.0,8.2
2021-12-21 06:00:00,3855.0,6.9
2021-12-21 07:00:00,4546.0,6.5
2021-12-21 08:00:00,5172.0,6.6
2021-12-21 09:00:00,5704.0,9.6
2021-12-21 10:00:00,5840.0,12.1
2021-12-21 11:00:00,5849.0,13.7
2021-12-21 12:00:00,5416.0,15.5
2021-12-21 13:00:00,5171.0,17.3
2021-12-21 14:00:00,5143.0,18.7
2021-12-21 15:00:00,5248.0,19.2
2021-12-21 16:00:00,5423.0,19.1
2021-12-21 17:00:00,5793.0,17.9
2021-12-21 18:00:00,5927.0,15.2
2021-12-21 19:00:00,6017.0,14.1
2021-12-21 20:00:00,5958.0,13.4
2021-12-21 21:00:00,6003.0,12.6
2021-12-21 22:00:00,5638.0,12.0
2021-12-21 23:00:00,5024.0,10.8
2021-12-22 00:00:00,4677.0,10.0
2021-12-22 01:00:00,4157.0,9.8
2021-12-22 02:00:00,3873.0,8.6
2021-12-22 03:00:00,3695.0,7.6
2021-12-22 04:00:00,3597.0,7.0
2021-12-22 05:00:00,3570.0,6.5
2021-12-22 06:00:00,3835.0,6.0
2021-12-22 07:00:00,4527.0,6.3
2021-12-22 08:00:00,5176.0,5.7
2021-12-22 09:00:00,5652.0,8.2
2021-12-22 10:00:00,5796.0,11.9
2021-12-22 11:00:00,5795.0,14.3
2021-12-22 12:00:00,5308.0,16.3
2021-12-22 13:00:00,5093.0,17.7
2021-12-22 14:00:00,5064.0,18.9
2021-12-22 15:00:00,5160.0,19.8
2021-12-22 16:00:00,5409.0,19.5
2021-12-22 17:00:00,5771.0,18.8
2021-12-22 18:00:00,5946.0,16.0
2021-12-22 19:00:00,6031.0,14.3
2021-12-22 20:00:00,5934.0,13.4
2021-12-22 21:00:00,5939.0,13.1
2021-12-22 22:00:00,5596.0,13.6
2021-12-22 23:00:00,4956.0,11.5
2021-12-23 00:00:00,4628.0,10.3
2021-12-23 01:00:00,4131.0,9.6
2021-12-23 02:00:00,3851.0,9.8
2021-12-23 03:00:00,3691.0,8.3
2021-12-23 04:00:00,3589.0,6.9
2021-12-23 05:00:00,3586.0,6.3
2021-12-23 06:00:00,3825.0,6.1
2021-12-23 07:00:00,4505.0,4.8
2021-12-23 08:00:00,5145.0,5.7
2021-12-23 09:00:00,5629.0,9.5
2021-12-23 10:00:00,5718.0,11.8
2021-12-23 11:00:00,5694.0,13.8
2021-12-23 12:00:00,5229.0,16.9
2021-12-23 13:00:00,5047.0,18.0
2021-12-23 14:00:00,5029.0,18.7
2021-12-23 15:00:00,5119.0,19.1
2021-12-23 16:00:00,5344.0,19.0
2021-12-23 17:00:00,5716.0,18.0
2021-12-23 18:00:00,5903.0,15.8
2021-12-23 19:00:00,5988.0,14.6
2021-12-23 20:00:00,5891.0,14.3
2021-12-23 21:00:00,5887.0,12.7
2021-12-23 22:00:00,5525.0,11.3
2021-12-23 23:00:00,4909.0,10.0
2021-12-24 00:00:00,4603.0,10.1
2021-12-24 01:00:00,4082.0,10.3
2021-12-24 02:00:00,3775.0,10.1
2021-12-24 03:00:00,3582.0,10.3
2021-12-24 04:00:00,3504.0,10.7
2021-12-24 05:00:00,3509.0,10.4
2021-12-24 06:00:00,3719.0,10.4
2021-12-24 07:00:00,4350.0,10.6
2021-12-24 08:00:00,5102.0,11.3
2021-12-24 09:00:00,5751.0,11.3
2021-12-24 10:00:00,6083.0,11.1
2021-12-24 11:00:00,6338.0,10.6
2021-12-24 12:00:00,6078.0,9.6
2021-12-24 13:00:00,6029.0,9.0
2021-12-24 14:00:00,5996.0,8.8
2021-12-24 15:00:00,6141.0,8.4
2021-12-24 16:00:00,6330.0,8.1
2021-12-24 17:00:00,6694.0,7.8
2021-12-24 18:00:00,6530.0,7.6
2021-12-24 19:00:00,6524.0,7.2
2021-12-24 20:00:00,6357.0,6.8
2021-12-24 21:00:00,6264.0,6.7
2021-12-24 22:00:00,5971.0,6.6
2021-12-24 23:00:00,5397.0,6.4
2021-12-25 00:00:00,5052.0,6.0
2021-12-25 01:00:00,4530.0,5.5
2021-12-25 02:00:00,4186.0,5.1
2021-12-25 03:00:00,3934.0,4.7
2021-12-25 04:00:00,3843.0,4.2
2021-12-25 05:00:00,3805.0,4.0
2021-12-25 06:00:00,3933.0,3.7
2021-12-25 07:00:00,4275.0,3.4
2021-12-25 08:00:00,5096.0,3.0
2021-12-25 09:00:00,6165.0,3.0
2021-12-25 10:00:00,6712.0,3.0
2021-12-25 11:00:00,7080.0,3.0
2021-12-25 12:00:00,6831.0,2.9
2021-12-25 13:00:00,6739.0,2.9
2021-12-25 14:00:00,6722.0,2.8
2021-12-25 15:00:00,6787.0,2.7
2021-12-25 16:00:00,6934.0,2.6
2021-12-25 17:00:00,7362.0,2.3
2021-12-25 18:00:00,7313.0,2.3
2021-12-25 19:00:00,7166.0,2.2
2021-12-25 20:00:00,7039.0,2.1
2021-12-25 21:00:00,6930.0,1.9
2021-12-25 22:00:00,6550.0,1.6
2021-12-25 23:00:00,5973.0,1.5
2021-12-26 00:00:00,5533.0,1.2
2021-12-26 01:00:00,4946.0,1.0
2021-12-26 02:00:00,4577.0,0.5
2021-12-26 03:00:00,4303.0,-0.1
2021-12-26 04:00:00,4137.0,-0.5
2021-12-26 05:00:00,4110.0,-0.6
2021-12-26 06:00:00,4187.0,-0.6
2021-12-26 07:00:00,4513.0,-1.0
2021-12-26 08:00:00,5393.0,-1.3
2021-12-26 09:00:00,6676.0,-1.4
2021-12-26 10:00:00,7373.0,-1.3
2021-12-26 11:00:00,7804.0,-1.0
2021-12-26 12:00:00,7664.0,-0.5
2021-12-26 13:00:00,7535.0,-0.9
2021-12-26 14:00:00,7399.0,-1.3
2021-12-26 15:00:00,7436.0,-1.8
2021-12-26 16:00:00,7551.0,-2.0
2021-12-26 17:00:00,7935.0,-2.2
2021-12-26 18:00:00,8060.0,-2.3
2021-12-26 19:00:00,8000.0,-2.3
2021-12-26 20:00:00,7888.0,-2.4
2021-12-26 21:00:00,7754.0,-2.4
2021-12-26 22:00:00,7230.0,-2.5
2021-12-26 23:00:00,6387.0,-2.6
2021-12-27 00:00:00,5738.0,-2.6
2021-12-27 01:00:00,5066.0,-2.6
2021-12-27 02:00:00,4649.0,-2.6
2021-12-27 03:00:00,4418.0,-2.5
2021-12-27 04:00:00,4299.0,-2.5
2021-12-27 05:00:00,4239.0,-2.5
2021-12-27 06:00:00,4374.0,-2.4
2021-12-27 07:00:00,4971.0,-2.3
2021-12-27 08:00:00,5941.0,-2.3
2021-12-27 09:00:00,7248.0,-1.7
2021-12-27 10:00:00,7939.0,-0.9
2021-12-27 11:00:00,8373.0,-0.2
2021-12-27 12:00:00,8158.0,0.7
2021-12-27 13:00:00,7999.0,1.3
2021-12-27 14:00:00,7807.0,0.9
2021-12-27 15:00:00,7791.0,0.8
2021-12-27 16:00:00,7965.0,0.5
2021-12-27 17:00:00,8364.0,0.1
2021-12-27 18:00:00,8269.0,-0.2
2021-12-27 19:00:00,8353.0,-0.2
2021-12-27 20:00:00,8303.0,-0.2
2021-12-27 21:00:00,8164.0,-0.3
2021-12-27 22:00:00,7587.0,-0.3
2021-12-27 23:00:00,6651.0,-0.2
2021-12-28 00:00:00,5947.0,-0.3
2021-12-28 01:00:00,5245.0,-0.4
2021-12-28 02:00:00,4852.0,-0.4
2021-12-28 03:00:00,4597.0,-0.5
2021-12-28 04:00:00,4455.0,-0.5
2021-12-28 05:00:00,4408.0,-0.4
2021-12-28 06:00:00,4596.0,-0.3
2021-12-28 07:00:00,5322.0,-0.5
2021-12-28 08:00:00,6223.0,-0.3
2021-12-28 09:00:00,7451.0,0.6
2021-12-28 10:00:00,7997.0,1.7
2021-12-28 11:00:00,8305.0,2.1
2021-12-28 12:00:00,8007.0,2.9
2021-12-28 13:00:00,7814.0,3.6
2021-12-28 14:00:00,7647.0,3.5
2021-12-28 15:00:00,7657.0,3.4
2021-12-28 16:00:00,7841.0,3.3
2021-12-28 17:00:00,8225.0,3.2
2021-12-28 18:00:00,8162.0,2.8
2021-12-28 19:00:00,8222.0,2.6
2021-12-28 20:00:00,8190.0,2.6
2021-12-28 21:00:00,8113.0,2.6
2021-12-28 22:00:00,7648.0,2.3
2021-12-28 23:00:00,6685.0,2.3
2021-12-29 00:00:00,6013.0,2.3
2021-12-29 01:00:00,5293.0,2.2
2021-12-29 02:00:00,4861.0,2.2
2021-12-29 03:00:00,4576.0,2.2
2021-12-29 04:00:00,4439.0,2.4
2021-12-29 05:00:00,4433.0,2.5
2021-12-29 06:00:00,4653.0,2.4
2021-12-29 07:00:00,5370.0,2.5
2021-12-29 08:00:00,6224.0,2.5
2021-12-29 09:00:00,7315.0,3.1
2021-12-29 10:00:00,7806.0,3.8
2021-12-29 11:00:00,8008.0,4.7
2021-12-29 12:00:00,7621.0,5.9
2021-12-29 13:00:00,7481.0,6.7
2021-12-29 14:00:00,7311.0,7.1
2021-12-29 15:00:00,7267.0,7.3
2021-12-29 16:00:00,7385.0,7.4
2021-12-29 17:00:00,7673.0,7.1
2021-12-29 18:00:00,7758.0,6.7
2021-12-29 19:00:00,7848.0,5.9
2021-12-29 20:00:00,7836.0,5.2
2021-12-29 21:00:00,7844.0,4.5
2021-12-29 22:00:00,7411.0,3.7
2021-12-29 23:00:00,6540.0,3.7
2021-12-30 00:00:00,5898.0,3.0
2021-12-30 01:00:00,5197.0,2.6
2021-12-30 02:00:00,4774.0,2.2
2021-12-30 03:00:00,4492.0,1.5
2021-12-30 04:00:00,4389.0,0.4
2021-12-30 05:00:00,4339.0,0.2
2021-12-30 06:00:00,4561.0,0.1
2021-12-30 07:00:00,5317.0,0.7
2021-12-30 08:00:00,6164.0,1.4
2021-12-30 09:00:00,7173.0,2.3
2021-12-30 10:00:00,7555.0,3.3
2021-12-30 11:00:00,7753.0,4.0
2021-12-30 12:00:00,7353.0,5.2
2021-12-30 13:00:00,7005.0,5.9
2021-12-30 14:00:00,6717.0,7.3
2021-12-30 15:00:00,6637.0,8.1
2021-12-30 16:00:00,6804.0,8.5
2021-12-30 17:00:00,7200.0,8.6
2021-12-30 18:00:00,7328.0,6.8
2021-12-30 19:00:00,7481.0,6.1
2021-12-30 20:00:00,7433.0,5.5
2021-12-30 21:00:00,7449.0,4.6
2021-12-30 22:00:00,7103.0,4.1
2021-12-30 23:00:00,6320.0,4.1
2021-12-31 00:00:00,5697.0,3.8
2021-12-31 01:00:00,4973.0,2.9
2021-12-31 02:00:00,4503.0,1.9
2021-12-31 03:00:00,4225.0,1.0
2021-12-31 04:00:00,4082.0,1.0
2021-12-31 05:00:00,4034.0,1.0
2021-12-31 06:00:00,4180.0,1.0
2021-12-31 07:00:00,4918.0,1.0
2021-12-31 08:00:00,5719.0,0.9
2021-12-31 09:00:00,6573.0,1.8
2021-12-31 10:00:00,6934.0,3.4
2021-12-31 11:00:00,7072.0,5.4
2021-12-31 12:00:00,6811.0,7.6
2021-12-31 13:00:00,6624.0,8.5
2021-12-31 14:00:00,6299.0,9.4
2021-12-31 15:00:00,6262.0,9.9
2021-12-31 16:00:00,6353.0,9.8
2021-12-31 17:00:00,6705.0,9.3
2021-12-31 18:00:00,6685.0,8.6
2021-12-31 19:00:00,6676.0,8.4
2021-12-31 20:00:00,6567.0,8.3
2021-12-31 21:00:00,6495.0,8.2
2021-12-31 22:00:00,6338.0,8.0
2021-12-31 23:00:00,5788.0,7.8
2022-01-01 00:00:00,5355.0,7.5
2022-01-01 01:00:00,4667.0,7.1
2022-01-01 02:00:00,4218.0,7.2
2022-01-01 03:00:00,3886.0,6.8
2022-01-01 04:00:00,3723.0,6.6
2022-01-01 05:00:00,3611.0,6.7
2022-01-01 06:00:00,3718.0,6.8
2022-01-01 07:00:00,3915.0,6.7
2022-01-01 08:00:00,4608.0,6.5
2022-01-01 09:00:00,5374.0,6.8
2022-01-01 10:00:00,5833.0,7.6
2022-01-01 11:00:00,5989.0,8.5
2022-01-01 12:00:00,5818.0,9.1
2022-01-01 13:00:00,5569.0,9.8
2022-01-01 14:00:00,5410.0,10.4
2022-01-01 15:00:00,5314.0,11.0
2022-01-01 16:00:00,5381.0,10.9
2022-01-01 17:00:00,5736.0,10.6
2022-01-01 18:00:00,5941.0,9.0
2022-01-01 19:00:00,6003.0,8.5
2022-01-01 20:00:00,6055.0,6.7
2022-01-01 21:00:00,6089.0,5.8
2022-01-01 22:00:00,5949.0,4.8
2022-01-01 23:00:00,5376.0,3.8
2022-01-02 00:00:00,4965.0,3.1
2022-01-02 01:00:00,4392.0,2.8
2022-01-02 02:00:00,3939.0,2.4
2022-01-02 03:00:00,3696.0,1.9
2022-01-02 04:00:00,3566.0,1.4
2022-01-02 05:00:00,3533.0,1.0
2022-01-02 06:00:00,3678.0,1.0
2022-01-02 07:00:00,3994.0,0.6
2022-01-02 08:00:00,4905.0,1.0
2022-01-02 09:00:00,5745.0,2.7
2022-01-02 10:00:00,5994.0,5.6
2022-01-02 11:00:00,6016.0,8.6
2022-01-02 12:00:00,5704.0,11.2
2022-01-02 13:00:00,5401.0,12.2
2022-01-02 14:00:00,5282.0,13.8
2022-01-02 15:00:00,5281.0,14.8
2022-01-02 16:00:00,5472.0,14.7
2022-01-02 17:00:00,5995.0,14.0
2022-01-02 18:00:00,6218.0,11.9
2022-01-02 19:00:00,6335.0,10.9
2022-01-02 20:00:00,6334.0,10.9
2022-01-02 21:00:00,6312.0,9.5
2022-01-02 22:00:00,6051.0,8.7
2022-01-02 23:00:00,5471.0,8.9
2022-01-03 00:00:00,5054.0,9.0
2022-01-03 01:00:00,4409.0,9.0
2022-01-03 02:00:00,4011.0,8.4
2022-01-03 03:00:00,3778.0,7.9
2022-01-03 04:00:00,3650.0,7.7
2022-01-03 05:00:00,3630.0,6.9
2022-01-03 06:00:00,3762.0,6.1
2022-01-03 07:00:00,4114.0,6.3
2022-01-03 08:00:00,4947.0,6.6
2022-01-03 09:00:00,5769.0,8.1
2022-01-03 10:00:00,6131.0,10.2
2022-01-03 11:00:00,6375.0,11.6
2022-01-03 12:00:00,6158.0,12.7
2022-01-03 13:00:00,6043.0,12.2
2022-01-03 14:00:00,6037.0,12.5
2022-01-03 15:00:00,6093.0,12.3
2022-01-03 16:00:00,6338.0,12.2
2022-01-03 17:00:00,6741.0,12.0
2022-01-03 18:00:00,6664.0,11.7
2022-01-03 19:00:00,6724.0,11.6
2022-01-03 20:00:00,6681.0,11.5
2022-01-03 21:00:00,6674.0,11.3
2022-01-03 22:00:00,6235.0,11.2
2022-01-03 23:00:00,5442.0,11.1
2022-01-04 00:00:00,5004.0,10.7
2022-01-04 01:00:00,4409.0,10.6
2022-01-04 02:00:00,4035.0,10.5
2022-01-04 03:00:00,3818.0,10.3
2022-01-04 04:00:00,3727.0,9.9
2022-01-04 05:00:00,3700.0,9.7
2022-01-04 06:00:00,3942.0,9.6
2022-01-04 07:00:00,4583.0,9.6
2022-01-04 08:00:00,5342.0,9.5
2022-01-04 09:00:00,6175.0,10.4
2022-01-04 10:00:00,6587.0,11.4
2022-01-04 11:00:00,6730.0,12.6
2022-01-04 12:00:00,6441.0,12.8
2022-01-04 13:00:00,6307.0,12.8
2022-01-04 14:00:00,6311.0,12.5
2022-01-04 15:00:00,6264.0,12.0
2022-01-04 16:00:00,6457.0,11.8
2022-01-04 17:00:00,6768.0,11.1
2022-01-04 18:00:00,6786.0,10.6
2022-01-04 19:00:00,6826.0,10.4
2022-01-04 20:00:00,6735.0,10.3
2022-01-04 21:00:00,6684.0,10.0
2022-01-04 22:00:00,6306.0,9.5
2022-01-04 23:00:00,5618.0,8.8
2022-01-05 00:00:00,5140.0,8.2
2022-01-05 01:00:00,4536.0,7.8
2022-01-05 02:00:00,4199.0,7.8
2022-01-05 03:00:00,3991.0,7.3
2022-01-05 04:00:00,3867.0,6.7
2022-01-05 05:00:00,3906.0,6.4
2022-01-05 06:00:00,4094.0,6.2
2022-01-05 07:00:00,4787.0,6.1
2022-01-05 08:00:00,5634.0,6.0
2022-01-05 09:00:00,6634.0,6.0
2022-01-05 10:00:00,7109.0,6.3
2022-01-05 11:00:00,7430.0,6.2
2022-01-05 12:00:00,7102.0,6.3
2022-01-05 13:00:00,6963.0,6.3
2022-01-05 14:00:00,6928.0,6.5
2022-01-05 15:00:00,6949.0,6.4
2022-01-05 16:00:00,7079.0,6.5
2022-01-05 17:00:00,7450.0,6.3
2022-01-05 18:00:00,7372.0,5.9
2022-01-05 19:00:00,7373.0,5.7
2022-01-05 20:00:00,7258.0,5.4
2022-01-05 21:00:00,7201.0,5.4
2022-01-05 22:00:00,6780.0,5.4
2022-01-05 23:00:00,5977.0,5.4
2022-01-06 00:00:00,5464.0,5.3
2022-01-06 01:00:00,4797.0,5.3
2022-01-06 02:00:00,4413.0,5.4
2022-01-06 03:00:00,4183.0,5.4
2022-01-06 04:00:00,4062.0,5.4
2022-01-06 05:00:00,4047.0,5.3
2022-01-06 06:00:00,4236.0,5.3
2022-01-06 07:00:00,4929.0,5.3
2022-01-06 08:00:00,5768.0,5.1
2022-01-06 09:00:00,6844.0,5.2
2022-01-06 10:00:00,7312.0,5.3
2022-01-06 11:00:00,7628.0,5.6
2022-01-06 12:00:00,7309.0,6.0
2022-01-06 13:00:00,7192.0,6.4
2022-01-06 14:00:00,7178.0,6.5
2022-01-06 15:00:00,7175.0,6.1
2022-01-06 16:00:00,7350.0,6.0
2022-01-06 17:00:00,7716.0,5.9
2022-01-06 18:00:00,7655.0,5.7
2022-01-06 19:00:00,7711.0,5.7
2022-01-06 20:00:00,7590.0,5.7
2022-01-06 21:00:00,7487.0,5.6
2022-01-06 22:00:00,6952.0,5.6
2022-01-06 23:00:00,6120.0,5.5
2022-01-07 00:00:00,5588.0,5.5
2022-01-07 01:00:00,4918.0,5.5
2022-01-07 02:00:00,4516.0,5.5
2022-01-07 03:00:00,4263.0,5.4
2022-01-07 04:00:00,4136.0,5.4
2022-01-07 05:00:00,4130.0,5.4
2022-01-07 06:00:00,4320.0,5.4
2022-01-07 07:00:00,4985.0,5.4
2022-01-07 08:00:00,5839.0,5.5
2022-01-07 09:00:00,6924.0,5.7
2022-01-07 10:00:00,7337.0,6.1
2022-01-07 11:00:00,7630.0,6.1
2022-01-07 12:00:00,7283.0,6.5
2022-01-07 13:00:00,7170.0,6.9
2022-01-07 14:00:00,7085.0,7.3
2022-01-07 15:00:00,7139.0,7.2
2022-01-07 16:00:00,7219.0,7.2
2022-01-07 17:00:00,7554.0,7.0
2022-01-07 18:00:00,7383.0,6.8
2022-01-07 19:00:00,7385.0,6.7
2022-01-07 20:00:00,7256.0,6.5
2022-01-07 21:00:00,7233.0,6.5
2022-01-07 22:00:00,6923.0,6.3
2022-01-07 23:00:00,6199.0,6.2
2022-01-08 00:00:00,5701.0,6.2
2022-01-08 01:00:00,5006.0,6.2
2022-01-08 02:00:00,4559.0,6.2
2022-01-08 03:00:00,4296.0,6.1
2022-01-08 04:00:00,4134.0,6.1
2022-01-08 05:00:00,4099.0,6.0
2022-01-08 06:00:00,4212.0,5.9
2022-01-08 07:00:00,4552.0,5.9
2022-01-08 08:00:00,5379.0,6.0
2022-01-08 09:00:00,6462.0,6.3
2022-01-08 10:00:00,7071.0,6.5
2022-01-08 11:00:00,7427.0,6.6
2022-01-08 12:00:00,7198.0,6.7
2022-01-08 13:00:00,7075.0,6.7
2022-01-08 14:00:00,7055.0,6.5
2022-01-08 15:00:00,7079.0,6.5
2022-01-08 16:00:00,7224.0,6.3
2022-01-08 17:00:00,7575.0,6.2
2022-01-08 18:00:00,7467.0,6.1
2022-01-08 19:00:00,7360.0,6.0
2022-01-08 20:00:00,7227.0,6.1
2022-01-08 21:00:00,7137.0,6.0
2022-01-08 22:00:00,6774.0,6.1
2022-01-08 23:00:00,6123.0,6.0
2022-01-09 00:00:00,5652.0,5.6
2022-01-09 01:00:00,4965.0,5.5
2022-01-09 02:00:00,4501.0,5.4
2022-01-09 03:00:00,4221.0,5.3
2022-01-09 04:00:00,4105.0,5.1
2022-01-09 05:00:00,4033.0,5.0
2022-01-09 06:00:00,4156.0,5.0
2022-01-09 07:00:00,4441.0,5.1
2022-01-09 08:00:00,5258.0,5.3
2022-01-09 09:00:00,6251.0,5.6
2022-01-09 10:00:00,6740.0,6.3
2022-01-09 11:00:00,7025.0,7.1
2022-01-09 12:00:00,6753.0,7.2
2022-01-09 13:00:00,6529.0,7.8
2022-01-09 14:00:00,6454.0,8.2
2022-01-09 15:00:00,6403.0,8.5
2022-01-09 16:00:00,6477.0,9.1
2022-01-09 17:00:00,6941.0,8.5
2022-01-09 18:00:00,7052.0,8.1
2022-01-09 19:00:00,7000.0,7.8
2022-01-09 20:00:00,6991.0,7.6
2022-01-09 21:00:00,6968.0,7.3
2022-01-09 22:00:00,6609.0,7.0
2022-01-09 23:00:00,5875.0,7.3
2022-01-10 00:00:00,5347.0,7.4
2022-01-10 01:00:00,4672.0,7.2
2022-01-10 02:00:00,4249.0,7.1
2022-01-10 03:00:00,4018.0,7.1
2022-01-10 04:00:00,3885.0,7.1
2022-01-10 05:00:00,3871.0,7.1
2022-01-10 06:00:00,4081.0,7.1
2022-01-10 07:00:00,4667.0,7.1
2022-01-10 08:00:00,5568.0,7.1
2022-01-10 09:00:00,6655.0,7.8
2022-01-10 10:00:00,7155.0,8.1
2022-01-10 11:00:00,7493.0,8.1
2022-01-10 12:00:00,7270.0,7.9
2022-01-10 13:00:00,7156.0,8.2
2022-01-10 14:00:00,7075.0,7.9
2022-01-10 15:00:00,7009.0,8.0
2022-01-10 16:00:00,7127.0,8.1
2022-01-10 17:00:00,7350.0,8.1
2022-01-10 18:00:00,7298.0,7.9
2022-01-10 19:00:00,7293.0,7.9
2022-01-10 20:00:00,7204.0,7.8
2022-01-10 21:00:00,7143.0,7.5
2022-01-10 22:00:00,6732.0,7.0
2022-01-10 23:00:00,5980.0,6.3
2022-01-11 00:00:00,5470.0,5.9
2022-01-11 01:00:00,4797.0,5.1
2022-01-11 02:00:00,4427.0,4.7
2022-01-11 03:00:00,4177.0,4.2
2022-01-11 04:00:00,4059.0,3.6
2022-01-11 05:00:00,4066.0,3.0
2022-01-11 06:00:00,4243.0,2.7
2022-01-11 07:00:00,4810.0,2.4
2022-01-11 08:00:00,5731.0,2.6
2022-01-11 09:00:00,6810.0,3.3
2022-01-11 10:00:00,7103.0,4.5
2022-01-11 11:00:00,7220.0,5.2
2022-01-11 12:00:00,6699.0,8.0
2022-01-11 13:00:00,6404.0,9.6
2022-01-11 14:00:00,6260.0,10.7
2022-01-11 15:00:00,6272.0,11.3
2022-01-11 16:00:00,6421.0,11.2
2022-01-11 17:00:00,6767.0,10.6
2022-01-11 18:00:00,6945.0,9.7
2022-01-11 19:00:00,7103.0,8.5
2022-01-11 20:00:00,7027.0,7.5
2022-01-11 21:00:00,7008.0,6.7
2022-01-11 22:00:00,6698.0,6.2
2022-01-11 23:00:00,5955.0,5.5
2022-01-12 00:00:00,5432.0,5.1
2022-01-12 01:00:00,4758.0,5.1
2022-01-12 02:00:00,4388.0,4.6
2022-01-12 03:00:00,4155.0,3.7
2022-01-12 04:00:00,4015.0,2.6
2022-01-12 05:00:00,4018.0,2.3
2022-01-12 06:00:00,4194.0,2.0
2022-01-12 07:00:00,4761.0,2.1
2022-01-12 08:00:00,5732.0,2.2
2022-01-12 09:00:00,6633.0,3.8
2022-01-12 10:00:00,6799.0,6.1
2022-01-12 11:00:00,6870.0,9.0
2022-01-12 12:00:00,6442.0,10.9
2022-01-12 13:00:00,6257.0,11.6
2022-01-12 14:00:00,6209.0,12.5
2022-01-12 15:00:00,6320.0,11.9
2022-01-12 16:00:00,6475.0,11.2
2022-01-12 17:00:00,6887.0,10.8
2022-01-12 18:00:00,6877.0,10.1
2022-01-12 19:00:00,6994.0,9.8
2022-01-12 20:00:00,6898.0,9.6
2022-01-12 21:00:00,6872.0,9.3
2022-01-12 22:00:00,6505.0,8.7
2022-01-12 23:00:00,5821.0,8.0
2022-01-13 00:00:00,5345.0,6.7
2022-01-13 01:00:00,4672.0,5.7
2022-01-13 02:00:00,4304.0,5.1
2022-01-13 03:00:00,4084.0,4.9
2022-01-13 04:00:00,3988.0,4.1
2022-01-13 05:00:00,3966.0,4.7
2022-01-13 06:00:00,4153.0,4.6
2022-01-13 07:00:00,4709.0,3.8
2022-01-13 08:00:00,5638.0,3.6
2022-01-13 09:00:00,6544.0,4.3
2022-01-13 10:00:00,6847.0,5.9
2022-01-13 11:00:00,6911.0,8.2
2022-01-13 12:00:00,6409.0,10.3
2022-01-13 13:00:00,6162.0,11.9
2022-01-13 14:00:00,6062.0,12.0
2022-01-13 15:00:00,6114.0,12.0
2022-01-13 16:00:00,6307.0,11.6
2022-01-13 17:00:00,6696.0,10.0
2022-01-13 18:00:00,6828.0,9.1
2022-01-13 19:00:00,6939.0,8.5
2022-01-13 20:00:00,6932.0,8.2
2022-01-13 21:00:00,6874.0,7.8
2022-01-13 22:00:00,6510.0,7.4
2022-01-13 23:00:00,5808.0,7.3
2022-01-14 00:00:00,5300.0,7.0
2022-01-14 01:00:00,4644.0,6.7
2022-01-14 02:00:00,4252.0,6.3
2022-01-14 03:00:00,4046.0,6.2
2022-01-14 04:00:00,3900.0,5.9
2022-01-14 05:00:00,3891.0,6.1
2022-01-14 06:00:00,4054.0,6.0
2022-01-14 07:00:00,4568.0,5.6
2022-01-14 08:00:00,5524.0,5.6
2022-01-14 09:00:00,6639.0,5.0
2022-01-14 10:00:00,7139.0,4.8
2022-01-14 11:00:00,7458.0,5.0
2022-01-14 12:00:00,7239.0,5.2
2022-01-14 13:00:00,7104.0,5.4
2022-01-14 14:00:00,7027.0,5.7
2022-01-14 15:00:00,6961.0,5.9
2022-01-14 16:00:00,7091.0,6.2
2022-01-14 17:00:00,7259.0,5.8
2022-01-14 18:00:00,7174.0,5.8
2022-01-14 19:00:00,7130.0,5.6
2022-01-14 20:00:00,7023.0,5.5
2022-01-14 21:00:00,6988.0,5.3
2022-01-14 22:00:00,6662.0,5.3
2022-01-14 23:00:00,5966.0,5.2
2022-01-15 00:00:00,5515.0,5.2
2022-01-15 01:00:00,4774.0,5.2
2022-01-15 02:00:00,4385.0,5.2
2022-01-15 03:00:00,4116.0,5.3
2022-01-15 04:00:00,3968.0,5.3
2022-01-15 05:00:00,3950.0,5.3
2022-01-15 06:00:00,4049.0,5.3
2022-01-15 07:00:00,4404.0,5.4
2022-01-15 08:00:00,5182.0,5.5
2022-01-15 09:00:00,6189.0,6.0
2022-01-15 10:00:00,6626.0,6.5
2022-01-15 11:00:00,6874.0,7.1
2022-01-15 12:00:00,6592.0,7.7
2022-01-15 13:00:00,6498.0,7.9
2022-01-15 14:00:00,6448.0,8.0
2022-01-15 15:00:00,6470.0,8.0
2022-01-15 16:00:00,6592.0,7.8
2022-01-15 17:00:00,6969.0,7.6
2022-01-15 18:00:00,6905.0,7.4
2022-01-15 19:00:00,6859.0,7.4
2022-01-15 20:00:00,6778.0,7.3
2022-01-15 21:00:00,6727.0,7.1
2022-01-15 22:00:00,6487.0,6.6
2022-01-15 23:00:00,5824.0,6.4
2022-01-16 00:00:00,5387.0,6.3
2022-01-16 01:00:00,4727.0,6.1
2022-01-16 02:00:00,4281.0,6.1
2022-01-16 03:00:00,4023.0,6.0
2022-01-16 04:00:00,3909.0,6.0
2022-01-16 05:00:00,3832.0,6.0
2022-01-16 06:00:00,3946.0,5.9
2022-01-16 07:00:00,4262.0,5.8
2022-01-16 08:00:00,5016.0,5.8
2022-01-16 09:00:00,6116.0,6.0
2022-01-16 10:00:00,6607.0,6.3
2022-01-16 11:00:00,6948.0,6.4
2022-01-16 12:00:00,6729.0,7.0
2022-01-16 13:00:00,6581.0,7.2
2022-01-16 14:00:00,6536.0,7.0
2022-01-16 15:00:00,6522.0,7.1
2022-01-16 16:00:00,6618.0,7.0
2022-01-16 17:00:00,7031.0,7.0
2022-01-16 18:00:00,6986.0,7.0
2022-01-16 19:00:00,7011.0,7.1
2022-01-16 20:00:00,6956.0,6.9
2022-01-16 21:00:00,6853.0,6.9
2022-01-16 22:00:00,6493.0,6.8
2022-01-16 23:00:00,5820.0,6.7
2022-01-17 00:00:00,5284.0,6.7
2022-01-17 01:00:00,4622.0,6.6
2022-01-17 02:00:00,4210.0,6.6
2022-01-17 03:00:00,3937.0,6.6
2022-01-17 04:00:00,3841.0,6.6
2022-01-17 05:00:00,3804.0,6.4
2022-01-17 06:00:00,3968.0,6.6
2022-01-17 07:00:00,4398.0,6.6
2022-01-17 08:00:00,5406.0,6.7
2022-01-17 09:00:00,6556.0,6.8
2022-01-17 10:00:00,7045.0,7.1
2022-01-17 11:00:00,7297.0,7.6
2022-01-17 12:00:00,6965.0,8.3
2022-01-17 13:00:00,6830.0,8.4
2022-01-17 14:00:00,6778.0,8.5
2022-01-17 15:00:00,6840.0,8.5
2022-01-17 16:00:00,6887.0,8.7
2022-01-17 17:00:00,7172.0,8.7
2022-01-17 18:00:00,7028.0,8.4
2022-01-17 19:00:00,7031.0,8.3
2022-01-17 20:00:00,6919.0,8.3
2022-01-17 21:00:00,6911.0,8.1
2022-01-17 22:00:00,6538.0,8.1
2022-01-17 23:00:00,5849.0,7.9
2022-01-18 00:00:00,5327.0,7.8
2022-01-18 01:00:00,4627.0,7.5
2022-01-18 02:00:00,4220.0,7.5
2022-01-18 03:00:00,3969.0,7.5
2022-01-18 04:00:00,3844.0,7.5
2022-01-18 05:00:00,3814.0,7.4
2022-01-18 06:00:00,3988.0,7.0
2022-01-18 07:00:00,4426.0,6.8
2022-01-18 08:00:00,5401.0,6.6
2022-01-18 09:00:00,6495.0,6.3
2022-01-18 10:00:00,6897.0,6.9
2022-01-18 11:00:00,7082.0,7.5
2022-01-18 12:00:00,6773.0,7.1
2022-01-18 13:00:00,6428.0,8.2
2022-01-18 14:00:00,6260.0,9.6
2022-01-18 15:00:00,6111.0,11.3
2022-01-18 16:00:00,6174.0,12.0
2022-01-18 17:00:00,6538.0,11.4
2022-01-18 18:00:00,6572.0,9.9
2022-01-18 19:00:00,6744.0,8.9
2022-01-18 20:00:00,6743.0,8.5
2022-01-18 21:00:00,6749.0,7.3
2022-01-18 22:00:00,6493.0,6.6
2022-01-18 23:00:00,5770.0,6.0
2022-01-19 00:00:00,5267.0,5.6
2022-01-19 01:00:00,4573.0,4.3
2022-01-19 02:00:00,4193.0,3.9
2022-01-19 03:00:00,3933.0,3.8
2022-01-19 04:00:00,3828.0,3.2
2022-01-19 05:00:00,3790.0,3.4
2022-01-19 06:00:00,3960.0,3.4
2022-01-19 07:00:00,4410.0,3.1
2022-01-19 08:00:00,5407.0,3.5
2022-01-19 09:00:00,6433.0,5.0
2022-01-19 10:00:00,6830.0,6.0
2022-01-19 11:00:00,7069.0,7.0
2022-01-19 12:00:00,6720.0,7.7
2022-01-19 13:00:00,6310.0,8.2
2022-01-19 14:00:00,5988.0,11.0
2022-01-19 15:00:00,5919.0,13.5
2022-01-19 16:00:00,6062.0,13.2
2022-01-19 17:00:00,6334.0,12.9
2022-01-19 18:00:00,6403.0,11.3
2022-01-19 19:00:00,6581.0,10.7
2022-01-19 20:00:00,6559.0,10.1
2022-01-19 21:00:00,6585.0,9.9
2022-01-19 22:00:00,6281.0,8.8
2022-01-19 23:00:00,5618.0,8.9
2022-01-20 00:00:00,5118.0,8.4
2022-01-20 01:00:00,4454.0,7.6
2022-01-20 02:00:00,4048.0,7.0
2022-01-20 03:00:00,3833.0,6.5
2022-01-20 04:00:00,3729.0,6.7
2022-01-20 05:00:00,3652.0,5.1
2022-01-20 06:00:00,3841.0,5.9
2022-01-20 07:00:00,4268.0,5.9
2022-01-20 08:00:00,5254.0,6.5
2022-01-20 09:00:00,6218.0,6.8
2022-01-20 10:00:00,6694.0,7.3
2022-01-20 11:00:00,6898.0,8.1
2022-01-20 12:00:00,6647.0,8.0
2022-01-20 13:00:00,6397.0,9.0
2022-01-20 14:00:00,6290.0,9.8
2022-01-20 15:00:00,6381.0,10.4
2022-01-20 16:00:00,6439.0,9.8
2022-01-20 17:00:00,6824.0,8.9
2022-01-20 18:00:00,6752.0,8.5
2022-01-20 19:00:00,6760.0,8.0
2022-01-20 20:00:00,6755.0,7.8
2022-01-20 21:00:00,6773.0,7.8
2022-01-20 22:00:00,6385.0,7.7
2022-01-20 23:00:00,5685.0,7.4
2022-01-21 00:00:00,5155.0,7.4
2022-01-21 01:00:00,4484.0,7.4
2022-01-21 02:00:00,4101.0,7.4
2022-01-21 03:00:00,3860.0,7.4
2022-01-21 04:00:00,3736.0,7.3
2022-01-21 05:00:00,3671.0,7.2
2022-01-21 06:00:00,3814.0,7.1
2022-01-21 07:00:00,4216.0,7.2
2022-01-21 08:00:00,5144.0,7.3
2022-01-21 09:00:00,6163.0,7.7
2022-01-21 10:00:00,6658.0,8.1
2022-01-21 11:00:00,6902.0,8.4
2022-01-21 12:00:00,6714.0,8.5
2022-01-21 13:00:00,6587.0,7.8
2022-01-21 14:00:00,6481.0,7.5
2022-01-21 15:00:00,6523.0,7.2
2022-01-21 16:00:00,6654.0,7.0
2022-01-21 17:00:00,6989.0,6.8
2022-01-21 18:00:00,6807.0,6.5
2022-01-21 19:00:00,6836.0,6.4
2022-01-21 20:00:00,6708.0,6.3
2022-01-21 21:00:00,6698.0,6.5
2022-01-21 22:00:00,6377.0,6.3
2022-01-21 23:00:00,5701.0,6.1
2022-01-22 00:00:00,5235.0,5.9
2022-01-22 01:00:00,4596.0,5.7
2022-01-22 02:00:00,4164.0,5.3
2022-01-22 03:00:00,3932.0,5.1
2022-01-22 04:00:00,3769.0,5.2
2022-01-22 05:00:00,3703.0,5.3
2022-01-22 06:00:00,3815.0,5.1
2022-01-22 07:00:00,4097.0,4.9
2022-01-22 08:00:00,4917.0,4.7
2022-01-22 09:00:00,6054.0,4.8
2022-01-22 10:00:00,6572.0,5.1
2022-01-22 11:00:00,6868.0,5.4
2022-01-22 12:00:00,6739.0,5.4
2022-01-22 13:00:00,6589.0,4.7
2022-01-22 14:00:00,6528.0,4.7
2022-01-22 15:00:00,6542.0,4.6
2022-01-22 16:00:00,6645.0,4.8
2022-01-22 17:00:00,7055.0,4.7
2022-01-22 18:00:00,6969.0,4.6
2022-01-22 19:00:00,6945.0,4.4
2022-01-22 20:00:00,6889.0,4.1
2022-01-22 21:00:00,6794.0,4.2
2022-01-22 22:00:00,6518.0,4.1
2022-01-22 23:00:00,5870.0,4.0
2022-01-23 00:00:00,5368.0,3.9
2022-01-23 01:00:00,4693.0,4.0
2022-01-23 02:00:00,4266.0,3.9
2022-01-23 03:00:00,3985.0,3.6
2022-01-23 04:00:00,3822.0,3.6
2022-01-23 05:00:00,3770.0,3.2
2022-01-23 06:00:00,3852.0,3.2
2022-01-23 07:00:00,4128.0,3.2
2022-01-23 08:00:00,4885.0,3.3
2022-01-23 09:00:00,5961.0,3.4
2022-01-23 10:00:00,6601.0,3.5
2022-01-23 11:00:00,6944.0,3.6
2022-01-23 12:00:00,6847.0,3.7
2022-01-23 13:00:00,6677.0,3.8
2022-01-23 14:00:00,6601.0,3.6
2022-01-23 15:00:00,6589.0,3.5
2022-01-23 16:00:00,6658.0,3.5
2022-01-23 17:00:00,7031.0,3.4
2022-01-23 18:00:00,7054.0,3.2
2022-01-23 19:00:00,7012.0,3.2
2022-01-23 20:00:00,6914.0,3.3
2022-01-23 21:00:00,6980.0,3.2
2022-01-23 22:00:00,6616.0,3.2
2022-01-23 23:00:00,5981.0,3.2
2022-01-24 00:00:00,5386.0,3.3
2022-01-24 01:00:00,4677.0,3.3
2022-01-24 02:00:00,4188.0,3.2
2022-01-24 03:00:00,3932.0,3.1
2022-01-24 04:00:00,3778.0,3.1
2022-01-24 05:00:00,3748.0,3.0
2022-01-24 06:00:00,3887.0,2.9
2022-01-24 07:00:00,4223.0,2.9
2022-01-24 08:00:00,5203.0,3.0
2022-01-24 09:00:00,6434.0,3.3
2022-01-24 10:00:00,7012.0,3.5
2022-01-24 11:00:00,7324.0,4.1
2022-01-24 12:00:00,7259.0,4.2
2022-01-24 13:00:00,7128.0,4.0
2022-01-24 14:00:00,7017.0,3.8
2022-01-24 15:00:00,6979.0,3.7
2022-01-24 16:00:00,7045.0,3.6
2022-01-24 17:00:00,7315.0,3.6
2022-01-24 18:00:00,7149.0,3.6
2022-01-24 19:00:00,7156.0,3.6
2022-01-24 20:00:00,7044.0,3.4
2022-01-24 21:00:00,7087.0,3.5
2022-01-24 22:00:00,6753.0,3.5
2022-01-24 23:00:00,6056.0,3.5
2022-01-25 00:00:00,5522.0,3.5
2022-01-25 01:00:00,4732.0,3.4
2022-01-25 02:00:00,4249.0,3.5
2022-01-25 03:00:00,3962.0,3.5
2022-01-25 04:00:00,3820.0,3.6
2022-01-25 05:00:00,3759.0,3.5
2022-01-25 06:00:00,3875.0,3.6
2022-01-25 07:00:00,4217.0,3.7
2022-01-25 08:00:00,5108.0,3.7
2022-01-25 09:00:00,6322.0,3.8
2022-01-25 10:00:00,6883.0,4.1
2022-01-25 11:00:00,7221.0,4.2
2022-01-25 12:00:00,7166.0,4.4
2022-01-25 13:00:00,6981.0,4.5
2022-01-25 14:00:00,6877.0,4.5
2022-01-25 15:00:00,6746.0,4.6
2022-01-25 16:00:00,6786.0,4.8
2022-01-25 17:00:00,7097.0,4.7
2022-01-25 18:00:00,6973.0,4.5
2022-01-25 19:00:00,6880.0,4.3
2022-01-25 20:00:00,6827.0,4.3
2022-01-25 21:00:00,6819.0,4.2
2022-01-25 22:00:00,6594.0,4.1
2022-01-25 23:00:00,5899.0,4.1
2022-01-26 00:00:00,5384.0,4.0
2022-01-26 01:00:00,4607.0,4.0
2022-01-26 02:00:00,4134.0,4.0
2022-01-26 03:00:00,3836.0,4.0
2022-01-26 04:00:00,3676.0,3.9
2022-01-26 05:00:00,3608.0,4.0
2022-01-26 06:00:00,3706.0,3.9
2022-01-26 07:00:00,4055.0,4.0
2022-01-26 08:00:00,4938.0,4.0
2022-01-26 09:00:00,6048.0,4.0
2022-01-26 10:00:00,6609.0,4.1
2022-01-26 11:00:00,6901.0,4.4
2022-01-26 12:00:00,6813.0,4.4
2022-01-26 13:00:00,6633.0,4.7
2022-01-26 14:00:00,6439.0,4.9
2022-01-26 15:00:00,6320.0,5.1
2022-01-26 16:00:00,6388.0,5.2
2022-01-26 17:00:00,6662.0,5.1
2022-01-26 18:00:00,6457.0,5.0
2022-01-26 19:00:00,6514.0,5.0
2022-01-26 20:00:00,6453.0,4.9
2022-01-26 21:00:00,6497.0,4.7
2022-01-26 22:00:00,6288.0,4.7
2022-01-26 23:00:00,5752.0,4.8
2022-01-27 00:00:00,5178.0,4.7
2022-01-27 01:00:00,4425.0,4.6
2022-01-27 02:00:00,3958.0,4.6
2022-01-27 03:00:00,3630.0,4.5
2022-01-27 04:00:00,3480.0,4.4
2022-01-27 05:00:00,3409.0,4.2
2022-01-27 06:00:00,3523.0,4.0
2022-01-27 07:00:00,3832.0,3.9
2022-01-27 08:00:00,4629.0,3.9
2022-01-27 09:00:00,5726.0,3.8
2022-01-27 10:00:00,6240.0,3.9
2022-01-27 11:00:00,6539.0,4.0
2022-01-27 12:00:00,6537.0,4.2
2022-01-27 13:00:00,6351.0,4.1
2022-01-27 14:00:00,6185.0,4.1
2022-01-27 15:00:00,6096.0,3.9
2022-01-27 16:00:00,6131.0,3.8
2022-01-27 17:00:00,6477.0,3.6
2022-01-27 18:00:00,6389.0,3.4
2022-01-27 19:00:00,6382.0,3.2
2022-01-27 20:00:00,6349.0,3.2
2022-01-27 21:00:00,6328.0,3.2
2022-01-27 22:00:00,6084.0,3.1
2022-01-27 23:00:00,5520.0,3.0
2022-01-28 00:00:00,5055.0,3.0
2022-01-28 01:00:00,4276.0,3.0
2022-01-28 02:00:00,3805.0,2.9
2022-01-28 03:00:00,3524.0,2.9
2022-01-28 04:00:00,3360.0,2.9
2022-01-28 05:00:00,3273.0,2.9
2022-01-28 06:00:00,3362.0,2.7
2022-01-28 07:00:00,3651.0,2.6
2022-01-28 08:00:00,4453.0,2.5
2022-01-28 09:00:00,5419.0,2.7
2022-01-28 10:00:00,5925.0,2.9
2022-01-28 11:00:00,6244.0,3.0
2022-01-28 12:00:00,6266.0,3.0
2022-01-28 13:00:00,6034.0,2.7
2022-01-28 14:00:00,5865.0,2.6
2022-01-28 15:00:00,5808.0,2.4
2022-01-28 16:00:00,5794.0,2.4
2022-01-28 17:00:00,6080.0,2.2
2022-01-28 18:00:00,6043.0,2.0
2022-01-28 19:00:00,6000.0,1.9
2022-01-28 20:00:00,5997.0,1.9
2022-01-28 21:00:00,5950.0,1.8
2022-01-28 22:00:00,5726.0,1.5
2022-01-28 23:00:00,5183.0,1.4
2022-01-29 00:00:00,4727.0,0.6
2022-01-29 01:00:00,4019.0,0.7
2022-01-29 02:00:00,3530.0,0.7
2022-01-29 03:00:00,3258.0,0.4
2022-01-29 04:00:00,3108.0,0.2
2022-01-29 05:00:00,3069.0,0.1
2022-01-29 06:00:00,3135.0,0.1
2022-01-29 07:00:00,3337.0,0.1
2022-01-29 08:00:00,4099.0,0.2
2022-01-29 09:00:00,5022.0,0.2
2022-01-29 10:00:00,5525.0,0.7
2022-01-29 11:00:00,5758.0,1.2
2022-01-29 12:00:00,5841.0,1.4
2022-01-29 13:00:00,5555.0,1.6
2022-01-29 14:00:00,5338.0,1.7
2022-01-29 15:00:00,5266.0,1.5
2022-01-29 16:00:00,5317.0,1.2
2022-01-29 17:00:00,5538.0,1.5
2022-01-29 18:00:00,5546.0,1.6
2022-01-29 19:00:00,5584.0,1.5
2022-01-29 20:00:00,5535.0,1.4
2022-01-29 21:00:00,5501.0,1.4
2022-01-29 22:00:00,5337.0,1.3
2022-01-29 23:00:00,4778.0,1.4
2022-01-30 00:00:00,4398.0,1.5
2022-01-30 01:00:00,3667.0,1.4
2022-01-30 02:00:00,3224.0,1.3
2022-01-30 03:00:00,2949.0,1.2
2022-01-30 04:00:00,2821.0,1.1
2022-01-30 05:00:00,2748.0,1.2
2022-01-30 06:00:00,2784.0,1.1
2022-01-30 07:00:00,2983.0,1.2
2022-01-30 08:00:00,3720.0,1.4
2022-01-30 09:00:00,4419.0,2.1
2022-01-30 10:00:00,4828.0,2.9
2022-01-30 11:00:00,4982.0,3.8
2022-01-30 12:00:00,5020.0,3.7
2022-01-30 13:00:00,4780.0,3.9
2022-01-30 14:00:00,4518.0,4.9
2022-01-30 15:00:00,4485.0,4.7
2022-01-30 16:00:00,4554.0,4.3
2022-01-30 17:00:00,4879.0,3.9
2022-01-30 18:00:00,4895.0,3.8
2022-01-30 19:00:00,4949.0,3.7
2022-01-30 20:00:00,4968.0,3.6
2022-01-30 21:00:00,4989.0,3.5
2022-01-30 22:00:00,4849.0,3.3
2022-01-30 23:00:00,4401.0,3.3
2022-01-31 00:00:00,3932.0,3.3
2022-01-31 01:00:00,3307.0,3.2
2022-01-31 02:00:00,2852.0,3.1
2022-01-31 03:00:00,2623.0,3.1
2022-01-31 04:00:00,2492.0,3.0
2022-01-31 05:00:00,2448.0,2.9
2022-01-31 06:00:00,2508.0,2.9
2022-01-31 07:00:00,2677.0,2.8
2022-01-31 08:00:00,3282.0,2.8
2022-01-31 09:00:00,4124.0,3.0
2022-01-31 10:00:00,4639.0,3.4
2022-01-31 11:00:00,4943.0,3.0
2022-01-31 12:00:00,4788.0,2.1
2022-01-31 13:00:00,4568.0,1.9
2022-01-31 14:00:00,4594.0,2.7
2022-01-31 15:00:00,4674.0,3.0
2022-01-31 16:00:00,4776.0,3.2
2022-01-31 17:00:00,4783.0,3.3
2022-01-31 18:00:00,4597.0,3.2
2022-01-31 19:00:00,4696.0,3.1
2022-01-31 20:00:00,4802.0,3.0
2022-01-31 21:00:00,4752.0,2.9
2022-01-31 22:00:00,4681.0,3.0
2022-01-31 23:00:00,4565.0,3.2
2022-02-01 00:00:00,4476.0,3.2
2022-02-01 01:00:00,3655.0,3.2
2022-02-01 02:00:00,2990.0,3.2
2022-02-01 03:00:00,2652.0,3.2
2022-02-01 04:00:00,2487.0,3.2
2022-02-01 05:00:00,2441.0,3.2
2022-02-01 06:00:00,2481.0,3.2
2022-02-01 07:00:00,2684.0,3.2
2022-02-01 08:00:00,3196.0,3.2
2022-02-01 09:00:00,3659.0,3.5
2022-02-01 10:00:00,3838.0,4.5
2022-02-01 11:00:00,3957.0,4.8
2022-02-01 12:00:00,3936.0,5.3
2022-02-01 13:00:00,3782.0,5.4
2022-02-01 14:00:00,3687.0,5.1
2022-02-01 15:00:00,3687.0,5.1
2022-02-01 16:00:00,3786.0,4.9
2022-02-01 17:00:00,3945.0,4.8
2022-02-01 18:00:00,3999.0,4.7
2022-02-01 19:00:00,4152.0,4.6
2022-02-01 20:00:00,4165.0,4.6
2022-02-01 21:00:00,4174.0,4.6
2022-02-01 22:00:00,4046.0,4.6
2022-02-01 23:00:00,3725.0,4.5
2022-02-02 00:00:00,3480.0,4.5
2022-02-02 01:00:00,2986.0,4.2
2022-02-02 02:00:00,2633.0,3.7
2022-02-02 03:00:00,2421.0,3.5
2022-02-02 04:00:00,2327.0,3.8
2022-02-02 05:00:00,2302.0,3.4
2022-02-02 06:00:00,2343.0,2.5
2022-02-02 07:00:00,2459.0,2.1
2022-02-02 08:00:00,2916.0,2.0
2022-02-02 09:00:00,3657.0,2.1
2022-02-02 10:00:00,4128.0,2.2
2022-02-02 11:00:00,4288.0,2.1
2022-02-02 12:00:00,4060.0,2.2
2022-02-02 13:00:00,3882.0,2.3
2022-02-02 14:00:00,3866.0,1.7
2022-02-02 15:00:00,3960.0,0.7
2022-02-02 16:00:00,4038.0,0.7
2022-02-02 17:00:00,4144.0,1.6
2022-02-02 18:00:00,4142.0,1.9
2022-02-02 19:00:00,4342.0,1.8
2022-02-02 20:00:00,4470.0,1.5
2022-02-02 21:00:00,4496.0,1.8
2022-02-02 22:00:00,4364.0,2.0
2022-02-02 23:00:00,4027.0,2.2
2022-02-03 00:00:00,3737.0,2.2
2022-02-03 01:00:00,3171.0,2.2
2022-02-03 02:00:00,2747.0,2.0
2022-02-03 03:00:00,2533.0,2.0
2022-02-03 04:00:00,2409.0,2.0
2022-02-03 05:00:00,2352.0,2.0
2022-02-03 06:00:00,2364.0,2.0
2022-02-03 07:00:00,2509.0,2.1
2022-02-03 08:00:00,2993.0,2.2
2022-02-03 09:00:00,3639.0,2.6
2022-02-03 10:00:00,4024.0,3.2
2022-02-03 11:00:00,4191.0,3.9
2022-02-03 12:00:00,3998.0,4.0
2022-02-03 13:00:00,3736.0,4.5
2022-02-03 14:00:00,3720.0,5.0
2022-02-03 15:00:00,3780.0,4.9
2022-02-03 16:00:00,3857.0,5.9
2022-02-03 17:00:00,4033.0,5.3
2022-02-03 18:00:00,4080.0,4.9
2022-02-03 19:00:00,4340.0,4.6
2022-02-03 20:00:00,4506.0,4.4
2022-02-03 21:00:00,4584.0,4.3
2022-02-03 22:00:00,4414.0,4.2
2022-02-03 23:00:00,4051.0,4.1
2022-02-04 00:00:00,3724.0,4.0
2022-02-04 01:00:00,3176.0,4.0
2022-02-04 02:00:00,2754.0,3.8
2022-02-04 03:00:00,2530.0,3.5
2022-02-04 04:00:00,2420.0,3.3
2022-02-04 05:00:00,2381.0,3.2
2022-02-04 06:00:00,2428.0,3.2
2022-02-04 07:00:00,2541.0,3.1
2022-02-04 08:00:00,3155.0,3.3
2022-02-04 09:00:00,3725.0,4.0
2022-02-04 10:00:00,4029.0,4.6
2022-02-04 11:00:00,4039.0,5.8
2022-02-04 12:00:00,3762.0,7.2
2022-02-04 13:00:00,3500.0,7.7
2022-02-04 14:00:00,3453.0,8.2
2022-02-04 15:00:00,3571.0,9.0
2022-02-04 16:00:00,3718.0,8.7
2022-02-04 17:00:00,4000.0,7.8
2022-02-04 18:00:00,4079.0,7.3
2022-02-04 19:00:00,4473.0,5.4
2022-02-04 20:00:00,4611.0,4.2
2022-02-04 21:00:00,4627.0,4.4
2022-02-04 22:00:00,4522.0,3.6
2022-02-04 23:00:00,4213.0,3.0
2022-02-05 00:00:00,3861.0,2.3
2022-02-05 01:00:00,3269.0,2.9
2022-02-05 02:00:00,2836.0,2.6
2022-02-05 03:00:00,2583.0,2.1
2022-02-05 04:00:00,2476.0,1.5
2022-02-05 05:00:00,2432.0,1.0
2022-02-05 06:00:00,2487.0,0.6
2022-02-05 07:00:00,2615.0,0.0
2022-02-05 08:00:00,3273.0,0.5
2022-02-05 09:00:00,3804.0,2.9
2022-02-05 10:00:00,3954.0,5.5
2022-02-05 11:00:00,3962.0,8.4
2022-02-05 12:00:00,3874.0,10.0
2022-02-05 13:00:00,3655.0,10.6
2022-02-05 14:00:00,3680.0,9.8
2022-02-05 15:00:00,3707.0,10.3
2022-02-05 16:00:00,3803.0,10.4
2022-02-05 17:00:00,4073.0,9.8
2022-02-05 18:00:00,4329.0,8.6
2022-02-05 19:00:00,4620.0,7.6
2022-02-05 20:00:00,4757.0,7.1
2022-02-05 21:00:00,4855.0,6.7
2022-02-05 22:00:00,4730.0,6.3
2022-02-05 23:00:00,4329.0,6.3
2022-02-06 00:00:00,4033.0,6.0
2022-02-06 01:00:00,3391.0,5.3
2022-02-06 02:00:00,3038.0,4.9
2022-02-06 03:00:00,2763.0,4.9
2022-02-06 04:00:00,2631.0,4.8
2022-02-06 05:00:00,2583.0,4.8
2022-02-06 06:00:00,2660.0,4.8
2022-02-06 07:00:00,2833.0,5.1
2022-02-06 08:00:00,3413.0,5.1
2022-02-06 09:00:00,4186.0,5.3
2022-02-06 10:00:00,4756.0,6.0
2022-02-06 11:00:00,4989.0,6.5
2022-02-06 12:00:00,4903.0,6.7
2022-02-06 13:00:00,4726.0,6.7
2022-02-06 14:00:00,4744.0,6.5
2022-02-06 15:00:00,4796.0,5.6
2022-02-06 16:00:00,5014.0,5.4
2022-02-06 17:00:00,5309.0,5.2
2022-02-06 18:00:00,5365.0,4.8
2022-02-06 19:00:00,5484.0,4.8
2022-02-06 20:00:00,5583.0,4.9
2022-02-06 21:00:00,5598.0,4.7
2022-02-06 22:00:00,5412.0,4.5
2022-02-06 23:00:00,4903.0,4.5
2022-02-07 00:00:00,4540.0,4.4
2022-02-07 01:00:00,3889.0,4.3
2022-02-07 02:00:00,3385.0,3.9
2022-02-07 03:00:00,3176.0,3.3
2022-02-07 04:00:00,3060.0,2.7
2022-02-07 05:00:00,3028.0,0.5
2022-02-07 06:00:00,3087.0,0.2
2022-02-07 07:00:00,3427.0,0.3
2022-02-07 08:00:00,4247.0,0.2
2022-02-07 09:00:00,5362.0,0.4
2022-02-07 10:00:00,6137.0,0.7
2022-02-07 11:00:00,6491.0,1.3
2022-02-07 12:00:00,6456.0,1.5
2022-02-07 13:00:00,6204.0,1.8
2022-02-07 14:00:00,6104.0,1.8
2022-02-07 15:00:00,6112.0,1.7
2022-02-07 16:00:00,6179.0,1.9
2022-02-07 17:00:00,6437.0,1.9
2022-02-07 18:00:00,6418.0,1.6
2022-02-07 19:00:00,6459.0,1.3
2022-02-07 20:00:00,6484.0,1.2
2022-02-07 21:00:00,6544.0,1.3
2022-02-07 22:00:00,6270.0,1.2
2022-02-07 23:00:00,5624.0,1.2
2022-02-08 00:00:00,5094.0,1.1
2022-02-08 01:00:00,4373.0,1.1
2022-02-08 02:00:00,3904.0,1.0
2022-02-08 03:00:00,3657.0,1.0
2022-02-08 04:00:00,3453.0,1.0
2022-02-08 05:00:00,3390.0,1.0
2022-02-08 06:00:00,3477.0,1.0
2022-02-08 07:00:00,3839.0,0.9
2022-02-08 08:00:00,4718.0,1.0
2022-02-08 09:00:00,5963.0,1.5
2022-02-08 10:00:00,6719.0,1.9
2022-02-08 11:00:00,7042.0,2.4
2022-02-08 12:00:00,6960.0,3.2
2022-02-08 13:00:00,6788.0,3.0
2022-02-08 14:00:00,6744.0,2.1
2022-02-08 15:00:00,6709.0,2.2
2022-02-08 16:00:00,6857.0,1.9
2022-02-08 17:00:00,7181.0,1.9
2022-02-08 18:00:00,7002.0,1.7
2022-02-08 19:00:00,7039.0,1.5
2022-02-08 20:00:00,7029.0,1.5
2022-02-08 21:00:00,7056.0,1.5
2022-02-08 22:00:00,6702.0,1.4
2022-02-08 23:00:00,6039.0,1.3
2022-02-09 00:00:00,5458.0,1.3
2022-02-09 01:00:00,4722.0,1.3
2022-02-09 02:00:00,4232.0,1.1
2022-02-09 03:00:00,3926.0,0.4
2022-02-09 04:00:00,3770.0,0.1
2022-02-09 05:00:00,3742.0,0.1
2022-02-09 06:00:00,3750.0,0.1
2022-02-09 07:00:00,4145.0,0.2
2022-02-09 08:00:00,5088.0,0.3
2022-02-09 09:00:00,6434.0,0.9
2022-02-09 10:00:00,7094.0,1.5
2022-02-09 11:00:00,7488.0,2.2
2022-02-09 12:00:00,7328.0,2.8
2022-02-09 13:00:00,7117.0,3.2
2022-02-09 14:00:00,6994.0,3.2
2022-02-09 15:00:00,6878.0,3.2
2022-02-09 16:00:00,6922.0,3.4
2022-02-09 17:00:00,7106.0,3.4
2022-02-09 18:00:00,6976.0,3.3
2022-02-09 19:00:00,7104.0,3.2
2022-02-09 20:00:00,7161.0,3.1
2022-02-09 21:00:00,7126.0,3.0
2022-02-09 22:00:00,6893.0,2.9
2022-02-09 23:00:00,6229.0,2.8
2022-02-10 00:00:00,5584.0,2.5
2022-02-10 01:00:00,4764.0,2.3
2022-02-10 02:00:00,4222.0,2.2
2022-02-10 03:00:00,3978.0,2.3
2022-02-10 04:00:00,3792.0,2.3
2022-02-10 05:00:00,3723.0,2.3
2022-02-10 06:00:00,3789.0,2.4
2022-02-10 07:00:00,4227.0,2.3
2022-02-10 08:00:00,5195.0,2.6
2022-02-10 09:00:00,6450.0,3.3
2022-02-10 10:00:00,7067.0,4.3
2022-02-10 11:00:00,7366.0,4.6
2022-02-10 12:00:00,7282.0,4.9
2022-02-10 13:00:00,7140.0,4.5
2022-02-10 14:00:00,7079.0,4.5
2022-02-10 15:00:00,7079.0,4.6
2022-02-10 16:00:00,7145.0,4.7
2022-02-10 17:00:00,7480.0,4.7
2022-02-10 18:00:00,7183.0,4.5
2022-02-10 19:00:00,7316.0,4.5
2022-02-10 20:00:00,7309.0,4.6
2022-02-10 21:00:00,7312.0,4.6
2022-02-10 22:00:00,6924.0,4.5
2022-02-10 23:00:00,6179.0,4.4
2022-02-11 00:00:00,5547.0,4.4
2022-02-11 01:00:00,4747.0,4.4
2022-02-11 02:00:00,4267.0,4.3
2022-02-11 03:00:00,3964.0,4.2
2022-02-11 04:00:00,3812.0,4.3
2022-02-11 05:00:00,3749.0,4.2
2022-02-11 06:00:00,3868.0,4.1
2022-02-11 07:00:00,4261.0,4.0
2022-02-11 08:00:00,5252.0,3.9
2022-02-11 09:00:00,6572.0,4.1
2022-02-11 10:00:00,7291.0,4.2
2022-02-11 11:00:00,7640.0,4.7
2022-02-11 12:00:00,7510.0,4.6
2022-02-11 13:00:00,7301.0,4.9
2022-02-11 14:00:00,7126.0,5.2
2022-02-11 15:00:00,7052.0,5.5
2022-02-11 16:00:00,7135.0,5.4
2022-02-11 17:00:00,7376.0,5.4
2022-02-11 18:00:00,7101.0,5.3
2022-02-11 19:00:00,7131.0,5.1
2022-02-11 20:00:00,7091.0,5.1
2022-02-11 21:00:00,7141.0,5.1
2022-02-11 22:00:00,6838.0,5.1
2022-02-11 23:00:00,6173.0,4.8
2022-02-12 00:00:00,5583.0,4.9
2022-02-12 01:00:00,4763.0,4.9
2022-02-12 02:00:00,4277.0,4.3
2022-02-12 03:00:00,3989.0,3.7
2022-02-12 04:00:00,3816.0,4.0
2022-02-12 05:00:00,3742.0,4.1
2022-02-12 06:00:00,3795.0,4.3
2022-02-12 07:00:00,4118.0,4.3
2022-02-12 08:00:00,5033.0,4.5
2022-02-12 09:00:00,6081.0,5.0
2022-02-12 10:00:00,6701.0,5.4
2022-02-12 11:00:00,7096.0,5.7
2022-02-12 12:00:00,6991.0,5.9
2022-02-12 13:00:00,6671.0,6.2
2022-02-12 14:00:00,6572.0,6.7
2022-02-12 15:00:00,6578.0,6.9
2022-02-12 16:00:00,6653.0,7.0
2022-02-12 17:00:00,6981.0,6.6
2022-02-12 18:00:00,6997.0,6.5
2022-02-12 19:00:00,6992.0,6.1
2022-02-12 20:00:00,6916.0,6.0
2022-02-12 21:00:00,6940.0,5.9
2022-02-12 22:00:00,6697.0,5.8
2022-02-12 23:00:00,6039.0,5.7
2022-02-13 00:00:00,5468.0,5.6
2022-02-13 01:00:00,4714.0,5.5
2022-02-13 02:00:00,4227.0,5.2
2022-02-13 03:00:00,3911.0,5.1
2022-02-13 04:00:00,3736.0,4.6
2022-02-13 05:00:00,3665.0,4.5
2022-02-13 06:00:00,3758.0,4.4
2022-02-13 07:00:00,3997.0,4.3
2022-02-13 08:00:00,4795.0,4.3
2022-02-13 09:00:00,5880.0,4.7
2022-02-13 10:00:00,6491.0,5.2
2022-02-13 11:00:00,6848.0,5.6
2022-02-13 12:00:00,6805.0,5.9
2022-02-13 13:00:00,6461.0,6.5
2022-02-13 14:00:00,6293.0,7.3
2022-02-13 15:00:00,6280.0,7.4
2022-02-13 16:00:00,6400.0,7.2
2022-02-13 17:00:00,6752.0,7.1
2022-02-13 18:00:00,6804.0,6.7
2022-02-13 19:00:00,6821.0,6.3
2022-02-13 20:00:00,6901.0,5.8
2022-02-13 21:00:00,7038.0,5.9
2022-02-13 22:00:00,6591.0,6.0
2022-02-13 23:00:00,5787.0,5.9
2022-02-14 00:00:00,5195.0,5.8
2022-02-14 01:00:00,4482.0,5.5
2022-02-14 02:00:00,4053.0,5.6
2022-02-14 03:00:00,3813.0,5.6
2022-02-14 04:00:00,3687.0,5.7
2022-02-14 05:00:00,3638.0,5.5
2022-02-14 06:00:00,3812.0,5.2
2022-02-14 07:00:00,4554.0,5.1
2022-02-14 08:00:00,5408.0,5.3
2022-02-14 09:00:00,6360.0,6.6
2022-02-14 10:00:00,6700.0,7.9
2022-02-14 11:00:00,6851.0,9.2
2022-02-14 12:00:00,6669.0,9.6
2022-02-14 13:00:00,6457.0,9.3
2022-02-14 14:00:00,6390.0,9.6
2022-02-14 15:00:00,6277.0,10.1
2022-02-14 16:00:00,6401.0,10.2
2022-02-14 17:00:00,6689.0,9.8
2022-02-14 18:00:00,6605.0,9.1
2022-02-14 19:00:00,6750.0,7.0
2022-02-14 20:00:00,6729.0,6.8
2022-02-14 21:00:00,6851.0,6.1
2022-02-14 22:00:00,6482.0,6.6
2022-02-14 23:00:00,5721.0,6.8
2022-02-15 00:00:00,5180.0,7.0
2022-02-15 01:00:00,4501.0,6.7
2022-02-15 02:00:00,4061.0,6.4
2022-02-15 03:00:00,3804.0,6.2
2022-02-15 04:00:00,3675.0,6.3
2022-02-15 05:00:00,3612.0,6.2
2022-02-15 06:00:00,3779.0,6.3
2022-02-15 07:00:00,4417.0,5.9
2022-02-15 08:00:00,5201.0,6.0
2022-02-15 09:00:00,6188.0,6.7
2022-02-15 10:00:00,6541.0,7.6
2022-02-15 11:00:00,6746.0,8.5
2022-02-15 12:00:00,6499.0,9.4
2022-02-15 13:00:00,6279.0,10.4
2022-02-15 14:00:00,6180.0,10.4
2022-02-15 15:00:00,6002.0,10.4
2022-02-15 16:00:00,6134.0,9.9
2022-02-15 17:00:00,6421.0,9.7
2022-02-15 18:00:00,6383.0,9.1
2022-02-15 19:00:00,6465.0,8.4
2022-02-15 20:00:00,6562.0,8.1
2022-02-15 21:00:00,6734.0,7.8
2022-02-15 22:00:00,6420.0,7.5
2022-02-15 23:00:00,5628.0,7.3
2022-02-16 00:00:00,5047.0,7.3
2022-02-16 01:00:00,4295.0,7.0
2022-02-16 02:00:00,3891.0,6.6
2022-02-16 03:00:00,3679.0,6.7
2022-02-16 04:00:00,3561.0,6.6
2022-02-16 05:00:00,3560.0,5.8
2022-02-16 06:00:00,3702.0,5.9
2022-02-16 07:00:00,4362.0,6.1
2022-02-16 08:00:00,5193.0,6.2
2022-02-16 09:00:00,6269.0,6.4
2022-02-16 10:00:00,6722.0,6.6
2022-02-16 11:00:00,6925.0,7.2
2022-02-16 12:00:00,6723.0,7.9
2022-02-16 13:00:00,6548.0,8.6
2022-02-16 14:00:00,6498.0,8.4
2022-02-16 15:00:00,6459.0,8.8
2022-02-16 16:00:00,6563.0,8.8
2022-02-16 17:00:00,6773.0,8.7
2022-02-16 18:00:00,6668.0,8.4
2022-02-16 19:00:00,6843.0,8.1
2022-02-16 20:00:00,6915.0,7.2
2022-02-16 21:00:00,7000.0,6.8
2022-02-16 22:00:00,6473.0,6.6
2022-02-16 23:00:00,5689.0,6.6
2022-02-17 00:00:00,5124.0,6.5
2022-02-17 01:00:00,4485.0,6.5
2022-02-17 02:00:00,4081.0,6.4
2022-02-17 03:00:00,3876.0,6.4
2022-02-17 04:00:00,3715.0,6.3
2022-02-17 05:00:00,3664.0,6.3
2022-02-17 06:00:00,3853.0,6.2
2022-02-17 07:00:00,4530.0,6.1
2022-02-17 08:00:00,5373.0,6.0
2022-02-17 09:00:00,6506.0,6.2
2022-02-17 10:00:00,6984.0,6.2
2022-02-17 11:00:00,7327.0,6.1
2022-02-17 12:00:00,7108.0,6.1
2022-02-17 13:00:00,7003.0,6.0
2022-02-17 14:00:00,6913.0,5.6
2022-02-17 15:00:00,6961.0,5.1
2022-02-17 16:00:00,7095.0,5.0
2022-02-17 17:00:00,7458.0,4.8
2022-02-17 18:00:00,7332.0,4.6
2022-02-17 19:00:00,7454.0,4.3
2022-02-17 20:00:00,7439.0,4.2
2022-02-17 21:00:00,7432.0,3.8
2022-02-17 22:00:00,6905.0,3.6
2022-02-17 23:00:00,6018.0,3.8
2022-02-18 00:00:00,5484.0,3.6
2022-02-18 01:00:00,4805.0,3.4
2022-02-18 02:00:00,4355.0,3.1
2022-02-18 03:00:00,4109.0,2.8
2022-02-18 04:00:00,3977.0,2.5
2022-02-18 05:00:00,3929.0,2.2
2022-02-18 06:00:00,4103.0,2.0
2022-02-18 07:00:00,4815.0,1.8
2022-02-18 08:00:00,5760.0,1.6
2022-02-18 09:00:00,7028.0,1.6
2022-02-18 10:00:00,7626.0,1.5
2022-02-18 11:00:00,7964.0,1.4
2022-02-18 12:00:00,7750.0,1.5
2022-02-18 13:00:00,7691.0,1.7
2022-02-18 14:00:00,7513.0,1.8
2022-02-18 15:00:00,7503.0,1.5
2022-02-18 16:00:00,7624.0,1.5
2022-02-18 17:00:00,7945.0,1.7
2022-02-18 18:00:00,7752.0,1.7
2022-02-18 19:00:00,7811.0,1.6
2022-02-18 20:00:00,7773.0,1.6
2022-02-18 21:00:00,7727.0,1.6
2022-02-18 22:00:00,7347.0,1.8
2022-02-18 23:00:00,6601.0,1.7
2022-02-19 00:00:00,6036.0,1.8
2022-02-19 01:00:00,5219.0,1.8
2022-02-19 02:00:00,4716.0,1.9
2022-02-19 03:00:00,4395.0,1.8
2022-02-19 04:00:00,4227.0,1.8
2022-02-19 05:00:00,4152.0,1.7
2022-02-19 06:00:00,4178.0,1.6
2022-02-19 07:00:00,4569.0,1.6
2022-02-19 08:00:00,5464.0,1.3
2022-02-19 09:00:00,6795.0,1.7
2022-02-19 10:00:00,7484.0,2.1
2022-02-19 11:00:00,7809.0,2.9
2022-02-19 12:00:00,7564.0,3.6
2022-02-19 13:00:00,7258.0,4.1
2022-02-19 14:00:00,7179.0,4.7
2022-02-19 15:00:00,7183.0,4.9
2022-02-19 16:00:00,7282.0,5.1
2022-02-19 17:00:00,7594.0,4.8
2022-02-19 18:00:00,7566.0,4.3
2022-02-19 19:00:00,7507.0,4.0
2022-02-19 20:00:00,7570.0,3.8
2022-02-19 21:00:00,7503.0,3.8
2022-02-19 22:00:00,7215.0,3.7
2022-02-19 23:00:00,6552.0,3.4
2022-02-20 00:00:00,5958.0,3.0
2022-02-20 01:00:00,5154.0,2.7
2022-02-20 02:00:00,4664.0,2.4
2022-02-20 03:00:00,4335.0,2.1
2022-02-20 04:00:00,4154.0,2.2
2022-02-20 05:00:00,4084.0,2.3
2022-02-20 06:00:00,4154.0,2.3
2022-02-20 07:00:00,4432.0,2.2
2022-02-20 08:00:00,5242.0,2.3
2022-02-20 09:00:00,6398.0,2.8
2022-02-20 10:00:00,7027.0,3.7
2022-02-20 11:00:00,7428.0,4.4
2022-02-20 12:00:00,7256.0,4.7
2022-02-20 13:00:00,7084.0,5.4
2022-02-20 14:00:00,6907.0,5.7
2022-02-20 15:00:00,6937.0,5.5
2022-02-20 16:00:00,7069.0,5.4
2022-02-20 17:00:00,7452.0,5.2
2022-02-20 18:00:00,7454.0,4.7
2022-02-20 19:00:00,7605.0,4.1
2022-02-20 20:00:00,7671.0,3.8
2022-02-20 21:00:00,7718.0,3.6
2022-02-20 22:00:00,7247.0,3.6
2022-02-20 23:00:00,6361.0,3.5
2022-02-21 00:00:00,5692.0,3.3
2022-02-21 01:00:00,4925.0,3.2
2022-02-21 02:00:00,4494.0,3.1
2022-02-21 03:00:00,4193.0,2.9
2022-02-21 04:00:00,4066.0,2.8
2022-02-21 05:00:00,4017.0,2.8
2022-02-21 06:00:00,4198.0,2.7
2022-02-21 07:00:00,4981.0,2.7
2022-02-21 08:00:00,5883.0,2.8
2022-02-21 09:00:00,7158.0,3.1
2022-02-21 10:00:00,7606.0,4.2
2022-02-21 11:00:00,7930.0,4.4
2022-02-21 12:00:00,7731.0,4.4
2022-02-21 13:00:00,7722.0,4.6
2022-02-21 14:00:00,7546.0,2.8
2022-02-21 15:00:00,7492.0,2.7
2022-02-21 16:00:00,7592.0,2.8
2022-02-21 17:00:00,7852.0,3.5
2022-02-21 18:00:00,7810.0,3.0
2022-02-21 19:00:00,7998.0,2.6
2022-02-21 20:00:00,8002.0,2.5
2022-02-21 21:00:00,8001.0,2.5
2022-02-21 22:00:00,7506.0,2.6
2022-02-21 23:00:00,6591.0,2.5
2022-02-22 00:00:00,5945.0,2.6
2022-02-22 01:00:00,5140.0,2.3
2022-02-22 02:00:00,4733.0,1.1
2022-02-22 03:00:00,4445.0,0.2
2022-02-22 04:00:00,4339.0,0.1
2022-02-22 05:00:00,4299.0,0.1
2022-02-22 06:00:00,4462.0,0.1
2022-02-22 07:00:00,5258.0,0.1
2022-02-22 08:00:00,6216.0,0.2
2022-02-22 09:00:00,7555.0,0.3
2022-02-22 10:00:00,8116.0,0.6
2022-02-22 11:00:00,8435.0,0.8
2022-02-22 12:00:00,8268.0,0.4
2022-02-22 13:00:00,8195.0,0.6
2022-02-22 14:00:00,8057.0,0.6
2022-02-22 15:00:00,8026.0,0.3
2022-02-22 16:00:00,8208.0,0.2
2022-02-22 17:00:00,8496.0,0.2
2022-02-22 18:00:00,8315.0,0.1
2022-02-22 19:00:00,8428.0,0.1
2022-02-22 20:00:00,8377.0,0.0
2022-02-22 21:00:00,8188.0,0.0
2022-02-22 22:00:00,7608.0,0.1
2022-02-22 23:00:00,6666.0,0.1
2022-02-23 00:00:00,5941.0,0.1
2022-02-23 01:00:00,5195.0,0.1
2022-02-23 02:00:00,4743.0,0.3
2022-02-23 03:00:00,4457.0,0.2
2022-02-23 04:00:00,4307.0,0.0
2022-02-23 05:00:00,4274.0,-0.2
2022-02-23 06:00:00,4347.0,0.1
2022-02-23 07:00:00,4999.0,0.0
2022-02-23 08:00:00,5875.0,0.3
2022-02-23 09:00:00,7034.0,1.5
2022-02-23 10:00:00,7556.0,1.9
2022-02-23 11:00:00,7730.0,2.4
2022-02-23 12:00:00,7481.0,3.9
2022-02-23 13:00:00,7225.0,6.1
2022-02-23 14:00:00,6959.0,7.5
2022-02-23 15:00:00,6928.0,7.1
2022-02-23 16:00:00,7058.0,7.3
2022-02-23 17:00:00,7324.0,6.5
2022-02-23 18:00:00,7343.0,5.4
2022-02-23 19:00:00,7604.0,4.8
2022-02-23 20:00:00,7688.0,4.1
2022-02-23 21:00:00,7811.0,4.0
2022-02-23 22:00:00,7364.0,2.5
2022-02-23 23:00:00,6480.0,2.1
2022-02-24 00:00:00,5844.0,2.2
2022-02-24 01:00:00,5058.0,2.3
2022-02-24 02:00:00,4608.0,-0.1
2022-02-24 03:00:00,4350.0,-0.5
2022-02-24 04:00:00,4220.0,-0.6
2022-02-24 05:00:00,4186.0,-0.5
2022-02-24 06:00:00,4371.0,-1.6
2022-02-24 07:00:00,5213.0,-1.9
2022-02-24 08:00:00,6113.0,-1.4
2022-02-24 09:00:00,7055.0,0.4
2022-02-24 10:00:00,7270.0,3.0
2022-02-24 11:00:00,7253.0,6.9
2022-02-24 12:00:00,6789.0,8.5
2022-02-24 13:00:00,6600.0,9.3
2022-02-24 14:00:00,6463.0,9.8
2022-02-24 15:00:00,6467.0,11.1
2022-02-24 16:00:00,6621.0,10.0
2022-02-24 17:00:00,6958.0,9.7
2022-02-24 18:00:00,6910.0,9.2
2022-02-24 19:00:00,7352.0,7.7
2022-02-24 20:00:00,7476.0,7.1
2022-02-24 21:00:00,7586.0,5.6
2022-02-24 22:00:00,7137.0,5.4
2022-02-24 23:00:00,6316.0,4.1
2022-02-25 00:00:00,5678.0,3.3
2022-02-25 01:00:00,4945.0,2.4
2022-02-25 02:00:00,4504.0,1.8
2022-02-25 03:00:00,4293.0,1.2
2022-02-25 04:00:00,4130.0,0.9
2022-02-25 05:00:00,4078.0,0.6
2022-02-25 06:00:00,4302.0,0.1
2022-02-25 07:00:00,5102.0,-0.3
2022-02-25 08:00:00,5911.0,0.7
2022-02-25 09:00:00,6687.0,3.6
2022-02-25 10:00:00,6816.0,6.3
2022-02-25 11:00:00,6777.0,8.7
2022-02-25 12:00:00,6337.0,10.3
2022-02-25 13:00:00,6137.0,10.8
2022-02-25 14:00:00,6100.0,11.5
2022-02-25 15:00:00,5953.0,12.2
2022-02-25 16:00:00,6057.0,12.8
2022-02-25 17:00:00,6416.0,12.7
2022-02-25 18:00:00,6519.0,11.3
2022-02-25 19:00:00,6949.0,9.7
2022-02-25 20:00:00,6942.0,9.1
2022-02-25 21:00:00,7044.0,8.4
2022-02-25 22:00:00,6777.0,7.6
2022-02-25 23:00:00,6115.0,6.5
2022-02-26 00:00:00,5519.0,5.1
2022-02-26 01:00:00,4811.0,4.5
2022-02-26 02:00:00,4346.0,4.1
2022-02-26 03:00:00,4071.0,3.8
2022-02-26 04:00:00,3912.0,4.3
2022-02-26 05:00:00,3874.0,4.6
2022-02-26 06:00:00,3978.0,4.8
2022-02-26 07:00:00,4368.0,4.9
2022-02-26 08:00:00,5252.0,5.4
2022-02-26 09:00:00,6024.0,7.4
2022-02-26 10:00:00,6144.0,11.1
2022-02-26 11:00:00,6210.0,13.5
2022-02-26 12:00:00,5797.0,13.5
2022-02-26 13:00:00,5562.0,15.2
2022-02-26 14:00:00,5552.0,15.5
2022-02-26 15:00:00,5559.0,16.1
2022-02-26 16:00:00,5805.0,15.4
2022-02-26 17:00:00,6223.0,14.8
2022-02-26 18:00:00,6262.0,14.1
2022-02-26 19:00:00,6430.0,13.5
2022-02-26 20:00:00,6407.0,13.1
2022-02-26 21:00:00,6464.0,12.8
2022-02-26 22:00:00,6191.0,12.1
2022-02-26 23:00:00,5608.0,10.0
2022-02-27 00:00:00,5117.0,9.7
2022-02-27 01:00:00,4474.0,8.7
2022-02-27 02:00:00,4050.0,7.5
2022-02-27 03:00:00,3804.0,7.1
2022-02-27 04:00:00,3658.0,6.0
2022-02-27 05:00:00,3601.0,6.2
2022-02-27 06:00:00,3720.0,6.0
2022-02-27 07:00:00,4108.0,5.3
2022-02-27 08:00:00,4848.0,6.0
2022-02-27 09:00:00,5451.0,9.2
2022-02-27 10:00:00,5567.0,11.9
2022-02-27 11:00:00,5605.0,15.0
2022-02-27 12:00:00,5248.0,18.3
2022-02-27 13:00:00,4947.0,19.5
2022-02-27 14:00:00,4876.0,19.9
2022-02-27 15:00:00,4825.0,20.5
2022-02-27 16:00:00,4980.0,20.2
2022-02-27 17:00:00,5423.0,20.1
2022-02-27 18:00:00,5568.0,18.4
2022-02-27 19:00:00,5911.0,16.0
2022-02-27 20:00:00,5952.0,15.1
2022-02-27 21:00:00,6025.0,14.8
2022-02-27 22:00:00,5602.0,14.2
2022-02-27 23:00:00,4884.0,13.7
2022-02-28 00:00:00,4451.0,13.8
2022-02-28 01:00:00,3884.0,12.5
2022-02-28 02:00:00,3569.0,11.9
2022-02-28 03:00:00,3388.0,11.9
2022-02-28 04:00:00,3292.0,11.4
2022-02-28 05:00:00,3271.0,11.2
2022-02-28 06:00:00,3505.0,10.7
2022-02-28 07:00:00,4264.0,10.2
2022-02-28 08:00:00,4903.0,10.9
2022-02-28 09:00:00,5622.0,11.5
2022-02-28 10:00:00,5974.0,11.9
2022-02-28 11:00:00,6096.0,13.1
2022-02-28 12:00:00,5641.0,15.9
2022-02-28 13:00:00,5229.0,19.1
2022-02-28 14:00:00,5200.0,20.7
2022-02-28 15:00:00,5165.0,19.4
2022-02-28 16:00:00,5277.0,20.0
2022-02-28 17:00:00,5654.0,19.4
2022-02-28 18:00:00,5646.0,18.6
2022-02-28 19:00:00,5853.0,18.0
2022-02-28 20:00:00,5778.0,17.3
2022-02-28 21:00:00,5812.0,16.1
2022-02-28 22:00:00,5437.0,15.6
2022-02-28 23:00:00,4776.0,15.1
2022-03-01 00:00:00,4383.0,14.6
2022-03-01 01:00:00,3911.0,14.0
2022-03-01 02:00:00,3574.0,14.0
2022-03-01 03:00:00,3418.0,13.5
2022-03-01 04:00:00,3322.0,13.6
2022-03-01 05:00:00,3280.0,13.0
2022-03-01 06:00:00,3484.0,12.9
2022-03-01 07:00:00,4138.0,12.7
2022-03-01 08:00:00,4848.0,12.7
2022-03-01 09:00:00,5576.0,12.6
2022-03-01 10:00:00,5994.0,12.7
2022-03-01 11:00:00,6216.0,12.4
2022-03-01 12:00:00,5914.0,12.7
2022-03-01 13:00:00,5818.0,12.4
2022-03-01 14:00:00,5608.0,11.1
2022-03-01 15:00:00,5619.0,12.1
2022-03-01 16:00:00,5826.0,11.9
2022-03-01 17:00:00,6126.0,11.8
2022-03-01 18:00:00,6032.0,11.5
2022-03-01 19:00:00,6079.0,11.3
2022-03-01 20:00:00,6008.0,11.2
2022-03-01 21:00:00,5990.0,11.1
2022-03-01 22:00:00,5581.0,10.4
2022-03-01 23:00:00,4928.0,9.7
2022-03-02 00:00:00,4559.0,8.9
2022-03-02 01:00:00,4014.0,8.7
2022-03-02 02:00:00,3683.0,7.6
2022-03-02 03:00:00,3536.0,7.7
2022-03-02 04:00:00,3437.0,7.1
2022-03-02 05:00:00,3398.0,6.4
2022-03-02 06:00:00,3629.0,5.8
2022-03-02 07:00:00,4406.0,6.3
2022-03-02 08:00:00,4991.0,7.0
2022-03-02 09:00:00,5476.0,9.8
2022-03-02 10:00:00,5589.0,13.0
2022-03-02 11:00:00,5594.0,15.1
2022-03-02 12:00:00,5102.0,17.1
2022-03-02 13:00:00,4892.0,19.1
2022-03-02 14:00:00,4947.0,19.7
2022-03-02 15:00:00,5047.0,20.8
2022-03-02 16:00:00,5263.0,20.9
2022-03-02 17:00:00,5657.0,20.3
2022-03-02 18:00:00,5734.0,19.0
2022-03-02 19:00:00,5936.0,18.0
2022-03-02 20:00:00,5895.0,16.6
2022-03-02 21:00:00,5930.0,16.3
2022-03-02 22:00:00,5486.0,15.6
2022-03-02 23:00:00,4734.0,16.2
2022-03-03 00:00:00,4374.0,14.9
2022-03-03 01:00:00,3858.0,13.8
2022-03-03 02:00:00,3546.0,13.6
2022-03-03 03:00:00,3393.0,12.6
2022-03-03 04:00:00,3320.0,11.8
2022-03-03 05:00:00,3278.0,11.7
2022-03-03 06:00:00,3479.0,11.1
2022-03-03 07:00:00,4180.0,10.6
2022-03-03 08:00:00,4774.0,11.6
2022-03-03 09:00:00,5350.0,12.9
2022-03-03 10:00:00,5571.0,14.0
2022-03-03 11:00:00,5732.0,15.4
2022-03-03 12:00:00,5371.0,15.4
2022-03-03 13:00:00,5246.0,16.8
2022-03-03 14:00:00,5102.0,17.1
2022-03-03 15:00:00,5085.0,18.1
2022-03-03 16:00:00,5278.0,18.6
2022-03-03 17:00:00,5582.0,17.9
2022-03-03 18:00:00,5514.0,16.8
2022-03-03 19:00:00,5691.0,15.7
2022-03-03 20:00:00,5649.0,15.0
2022-03-03 21:00:00,5667.0,14.2
2022-03-03 22:00:00,5324.0,13.0
2022-03-03 23:00:00,4682.0,12.2
2022-03-04 00:00:00,4357.0,11.9
2022-03-04 01:00:00,3843.0,11.8
2022-03-04 02:00:00,3556.0,11.8
2022-03-04 03:00:00,3396.0,11.9
2022-03-04 04:00:00,3312.0,11.5
2022-03-04 05:00:00,3272.0,11.4
2022-03-04 06:00:00,3471.0,11.5
2022-03-04 07:00:00,4176.0,11.6
2022-03-04 08:00:00,4736.0,11.9
2022-03-04 09:00:00,5295.0,12.9
2022-03-04 10:00:00,5469.0,14.0
2022-03-04 11:00:00,5633.0,15.0
2022-03-04 12:00:00,5276.0,16.0
2022-03-04 13:00:00,5185.0,16.0
2022-03-04 14:00:00,5200.0,16.4
2022-03-04 15:00:00,5281.0,15.0
2022-03-04 16:00:00,5432.0,13.6
2022-03-04 17:00:00,5773.0,13.6
2022-03-04 18:00:00,5686.0,13.9
2022-03-04 19:00:00,5796.0,13.8
2022-03-04 20:00:00,5696.0,13.4
2022-03-04 21:00:00,5604.0,13.1
2022-03-04 22:00:00,5343.0,13.0
2022-03-04 23:00:00,4808.0,13.0
2022-03-05 00:00:00,4460.0,12.9
2022-03-05 01:00:00,3949.0,12.7
2022-03-05 02:00:00,3614.0,12.7
2022-03-05 03:00:00,3451.0,12.7
2022-03-05 04:00:00,3316.0,12.7
2022-03-05 05:00:00,3275.0,12.8
2022-03-05 06:00:00,3422.0,12.8
2022-03-05 07:00:00,3743.0,12.7
2022-03-05 08:00:00,4474.0,12.8
2022-03-05 09:00:00,5139.0,13.2
2022-03-05 10:00:00,5437.0,14.6
2022-03-05 11:00:00,5544.0,15.3
2022-03-05 12:00:00,5169.0,16.8
2022-03-05 13:00:00,5049.0,18.3
2022-03-05 14:00:00,4980.0,17.6
2022-03-05 15:00:00,5110.0,16.6
2022-03-05 16:00:00,5350.0,15.6
2022-03-05 17:00:00,5730.0,14.5
2022-03-05 18:00:00,5687.0,14.0
2022-03-05 19:00:00,5724.0,13.9
2022-03-05 20:00:00,5625.0,14.2
2022-03-05 21:00:00,5522.0,14.2
2022-03-05 22:00:00,5195.0,14.2
2022-03-05 23:00:00,4670.0,14.2
2022-03-06 00:00:00,4360.0,14.1
2022-03-06 01:00:00,3904.0,13.8
2022-03-06 02:00:00,3562.0,13.3
2022-03-06 03:00:00,3373.0,13.1
2022-03-06 04:00:00,3260.0,12.8
2022-03-06 05:00:00,3233.0,12.6
2022-03-06 06:00:00,3342.0,12.6
2022-03-06 07:00:00,3546.0,12.5
2022-03-06 08:00:00,4202.0,12.2
2022-03-06 09:00:00,4926.0,12.2
2022-03-06 10:00:00,5333.0,12.3
2022-03-06 11:00:00,5614.0,12.3
2022-03-06 12:00:00,5383.0,12.4
2022-03-06 13:00:00,5172.0,12.4
2022-03-06 14:00:00,5129.0,12.2
2022-03-06 15:00:00,5210.0,12.1
2022-03-06 16:00:00,5381.0,12.1
2022-03-06 17:00:00,5845.0,12.0
2022-03-06 18:00:00,5825.0,11.9
2022-03-06 19:00:00,5818.0,11.1
2022-03-06 20:00:00,5804.0,11.0
2022-03-06 21:00:00,5717.0,11.0
2022-03-06 22:00:00,5226.0,10.5
2022-03-06 23:00:00,4587.0,10.1
2022-03-07 00:00:00,4306.0,9.8
2022-03-07 01:00:00,3786.0,9.7
2022-03-07 02:00:00,3486.0,9.3
2022-03-07 03:00:00,3298.0,8.6
2022-03-07 04:00:00,3221.0,9.3
2022-03-07 05:00:00,3237.0,9.2
2022-03-07 06:00:00,3441.0,9.1
2022-03-07 07:00:00,4187.0,8.8
2022-03-07 08:00:00,4799.0,9.4
2022-03-07 09:00:00,5430.0,10.2
2022-03-07 10:00:00,5623.0,11.4
2022-03-07 11:00:00,5685.0,12.2
2022-03-07 12:00:00,5202.0,13.8
2022-03-07 13:00:00,4913.0,14.9
2022-03-07 14:00:00,4842.0,16.5
2022-03-07 15:00:00,4874.0,17.9
2022-03-07 16:00:00,5006.0,18.6
2022-03-07 17:00:00,5348.0,18.3
2022-03-07 18:00:00,5388.0,16.6
2022-03-07 19:00:00,5687.0,15.4
2022-03-07 20:00:00,5670.0,14.1
2022-03-07 21:00:00,5685.0,12.8
2022-03-07 22:00:00,5378.0,11.4
2022-03-07 23:00:00,4723.0,10.8
2022-03-08 00:00:00,4383.0,10.0
2022-03-08 01:00:00,3866.0,9.7
2022-03-08 02:00:00,3563.0,9.0
2022-03-08 03:00:00,3413.0,8.6
2022-03-08 04:00:00,3303.0,8.6
2022-03-08 05:00:00,3306.0,8.5
2022-03-08 06:00:00,3528.0,8.0
2022-03-08 07:00:00,4326.0,7.5
2022-03-08 08:00:00,4744.0,9.3
2022-03-08 09:00:00,5133.0,13.4
2022-03-08 10:00:00,5245.0,17.1
2022-03-08 11:00:00,5268.0,18.4
2022-03-08 12:00:00,4767.0,20.7
2022-03-08 13:00:00,4584.0,21.5
2022-03-08 14:00:00,4518.0,22.5
2022-03-08 15:00:00,4584.0,23.1
2022-03-08 16:00:00,4752.0,23.2
2022-03-08 17:00:00,5074.0,22.5
2022-03-08 18:00:00,5162.0,21.6
2022-03-08 19:00:00,5467.0,19.5
2022-03-08 20:00:00,5407.0,17.7
2022-03-08 21:00:00,5424.0,16.3
2022-03-08 22:00:00,5099.0,15.2
2022-03-08 23:00:00,4537.0,14.2
2022-03-09 00:00:00,4270.0,13.5
2022-03-09 01:00:00,3786.0,13.9
2022-03-09 02:00:00,3505.0,13.6
2022-03-09 03:00:00,3334.0,13.3
2022-03-09 04:00:00,3254.0,12.3
2022-03-09 05:00:00,3229.0,11.4
2022-03-09 06:00:00,3462.0,11.2
2022-03-09 07:00:00,4246.0,10.6
2022-03-09 08:00:00,4648.0,12.3
2022-03-09 09:00:00,4993.0,16.1
2022-03-09 10:00:00,5117.0,20.0
2022-03-09 11:00:00,5158.0,23.1
2022-03-09 12:00:00,4724.0,24.3
2022-03-09 13:00:00,4472.0,25.8
2022-03-09 14:00:00,4463.0,26.8
2022-03-09 15:00:00,4567.0,27.4
2022-03-09 16:00:00,4745.0,26.5
2022-03-09 17:00:00,5123.0,26.3
2022-03-09 18:00:00,5197.0,24.5
2022-03-09 19:00:00,5427.0,23.0
2022-03-09 20:00:00,5342.0,21.4
2022-03-09 21:00:00,5293.0,20.2
2022-03-09 22:00:00,4922.0,19.8
2022-03-09 23:00:00,4375.0,19.5
2022-03-10 00:00:00,4140.0,18.2
2022-03-10 01:00:00,3679.0,17.8
2022-03-10 02:00:00,3401.0,17.5
2022-03-10 03:00:00,3285.0,16.5
2022-03-10 04:00:00,3195.0,16.3
2022-03-10 05:00:00,3168.0,15.5
2022-03-10 06:00:00,3389.0,15.3
2022-03-10 07:00:00,4064.0,15.1
2022-03-10 08:00:00,4493.0,15.7
2022-03-10 09:00:00,4940.0,17.5
2022-03-10 10:00:00,5133.0,18.9
2022-03-10 11:00:00,5220.0,20.2
2022-03-10 12:00:00,4854.0,22.0
2022-03-10 13:00:00,4547.0,23.6
2022-03-10 14:00:00,4531.0,24.2
2022-03-10 15:00:00,4593.0,25.5
2022-03-10 16:00:00,4810.0,26.3
2022-03-10 17:00:00,5149.0,25.8
2022-03-10 18:00:00,5170.0,24.5
2022-03-10 19:00:00,5403.0,21.8
2022-03-10 20:00:00,5267.0,20.4
2022-03-10 21:00:00,5201.0,19.3
2022-03-10 22:00:00,4891.0,17.9
2022-03-10 23:00:00,4344.0,17.3
2022-03-11 00:00:00,4121.0,17.7
2022-03-11 01:00:00,3643.0,17.6
2022-03-11 02:00:00,3414.0,17.4
2022-03-11 03:00:00,3251.0,17.8
2022-03-11 04:00:00,3194.0,17.0
2022-03-11 05:00:00,3144.0,16.6
2022-03-11 06:00:00,3370.0,16.5
2022-03-11 07:00:00,4006.0,16.5
2022-03-11 08:00:00,4475.0,16.7
2022-03-11 09:00:00,4884.0,18.4
2022-03-11 10:00:00,5039.0,22.0
2022-03-11 11:00:00,5114.0,25.0
2022-03-11 12:00:00,4683.0,25.4
2022-03-11 13:00:00,4460.0,27.3
2022-03-11 14:00:00,4483.0,27.9
2022-03-11 15:00:00,4583.0,28.2
2022-03-11 16:00:00,4823.0,28.4
2022-03-11 17:00:00,5170.0,27.8
2022-03-11 18:00:00,5158.0,26.4
2022-03-11 19:00:00,5312.0,23.9
2022-03-11 20:00:00,5213.0,22.8
2022-03-11 21:00:00,5103.0,22.3
2022-03-11 22:00:00,4834.0,21.5
2022-03-11 23:00:00,4409.0,20.2
2022-03-12 00:00:00,4193.0,19.9
2022-03-12 01:00:00,3741.0,19.7
2022-03-12 02:00:00,3457.0,19.7
2022-03-12 03:00:00,3273.0,19.2
2022-03-12 04:00:00,3194.0,19.0
2022-03-12 05:00:00,3180.0,18.8
2022-03-12 06:00:00,3299.0,18.8
2022-03-12 07:00:00,3721.0,18.8
2022-03-12 08:00:00,4289.0,19.1
2022-03-12 09:00:00,4792.0,20.9
2022-03-12 10:00:00,4922.0,23.0
2022-03-12 11:00:00,5049.0,24.8
2022-03-12 12:00:00,4738.0,25.7
2022-03-12 13:00:00,4482.0,26.6
2022-03-12 14:00:00,4509.0,27.9
2022-03-12 15:00:00,4559.0,28.0
2022-03-12 16:00:00,4755.0,27.9
2022-03-12 17:00:00,5088.0,27.4
2022-03-12 18:00:00,5114.0,26.4
2022-03-12 19:00:00,5265.0,25.5
2022-03-12 20:00:00,5104.0,24.5
2022-03-12 21:00:00,4990.0,24.1
2022-03-12 22:00:00,4726.0,23.7
2022-03-12 23:00:00,4293.0,23.3
2022-03-13 00:00:00,4128.0,22.7
2022-03-13 01:00:00,3710.0,21.9
2022-03-13 02:00:00,3434.0,21.1
2022-03-13 03:00:00,3282.0,20.6
2022-03-13 04:00:00,3168.0,20.5
2022-03-13 05:00:00,3159.0,20.1
2022-03-13 06:00:00,3237.0,19.7
2022-03-13 07:00:00,3635.0,19.3
2022-03-13 08:00:00,4143.0,20.0
2022-03-13 09:00:00,4583.0,21.6
2022-03-13 10:00:00,4743.0,22.8
2022-03-13 11:00:00,4889.0,25.8
2022-03-13 12:00:00,4569.0,27.7
2022-03-13 13:00:00,4418.0,29.1
2022-03-13 14:00:00,4355.0,30.0
2022-03-13 15:00:00,4455.0,31.1
2022-03-13 16:00:00,4681.0,31.0
2022-03-13 17:00:00,5013.0,30.2
2022-03-13 18:00:00,5067.0,28.8
2022-03-13 19:00:00,5231.0,26.8
2022-03-13 20:00:00,5145.0,25.5
2022-03-13 21:00:00,5031.0,24.3
2022-03-13 22:00:00,4676.0,23.3
2022-03-13 23:00:00,4186.0,22.8
2022-03-14 00:00:00,4047.0,22.0
2022-03-14 01:00:00,3603.0,21.4
2022-03-14 02:00:00,3365.0,21.0
2022-03-14 03:00:00,3210.0,20.9
2022-03-14 04:00:00,3126.0,21.4
2022-03-14 05:00:00,3107.0,21.3
2022-03-14 06:00:00,3328.0,20.8
2022-03-14 07:00:00,3945.0,20.7
2022-03-14 08:00:00,4378.0,20.7
2022-03-14 09:00:00,4850.0,22.2
2022-03-14 10:00:00,5087.0,25.3
2022-03-14 11:00:00,5260.0,26.9
2022-03-14 12:00:00,4884.0,27.3
2022-03-14 13:00:00,4673.0,28.3
2022-03-14 14:00:00,4745.0,29.2
2022-03-14 15:00:00,4904.0,28.8
2022-03-14 16:00:00,5090.0,28.6
2022-03-14 17:00:00,5401.0,27.8
2022-03-14 18:00:00,5360.0,24.7
2022-03-14 19:00:00,5500.0,22.0
2022-03-14 20:00:00,5291.0,20.6
2022-03-14 21:00:00,5128.0,20.7
2022-03-14 22:00:00,4762.0,19.7
2022-03-14 23:00:00,4278.0,19.3
2022-03-15 00:00:00,4125.0,18.7
2022-03-15 01:00:00,3755.0,18.8
2022-03-15 02:00:00,3481.0,18.8
2022-03-15 03:00:00,3325.0,18.2
2022-03-15 04:00:00,3245.0,17.8
2022-03-15 05:00:00,3221.0,17.3
2022-03-15 06:00:00,3417.0,17.4
2022-03-15 07:00:00,4047.0,17.1
2022-03-15 08:00:00,4436.0,17.4
2022-03-15 09:00:00,4858.0,18.0
2022-03-15 10:00:00,5038.0,19.6
2022-03-15 11:00:00,5132.0,20.1
2022-03-15 12:00:00,4742.0,23.2
2022-03-15 13:00:00,4567.0,25.3
2022-03-15 14:00:00,4656.0,26.9
2022-03-15 15:00:00,4794.0,28.3
2022-03-15 16:00:00,4995.0,29.1
2022-03-15 17:00:00,5299.0,29.3
2022-03-15 18:00:00,5295.0,27.6
2022-03-15 19:00:00,5498.0,25.9
2022-03-15 20:00:00,5339.0,24.7
2022-03-15 21:00:00,5196.0,23.4
2022-03-15 22:00:00,4869.0,23.2
2022-03-15 23:00:00,4362.0,22.1
2022-03-16 00:00:00,4186.0,21.4
2022-03-16 01:00:00,3771.0,22.0
2022-03-16 02:00:00,3514.0,21.3
2022-03-16 03:00:00,3362.0,21.2
2022-03-16 04:00:00,3260.0,21.2
2022-03-16 05:00:00,3266.0,20.3
2022-03-16 06:00:00,3461.0,19.9
2022-03-16 07:00:00,4032.0,19.8
2022-03-16 08:00:00,4438.0,20.3
2022-03-16 09:00:00,4872.0,21.5
2022-03-16 10:00:00,5105.0,23.7
2022-03-16 11:00:00,5269.0,27.2
2022-03-16 12:00:00,4941.0,27.8
2022-03-16 13:00:00,4787.0,27.8
2022-03-16 14:00:00,4811.0,28.3
2022-03-16 15:00:00,4971.0,28.0
2022-03-16 16:00:00,5127.0,27.1
2022-03-16 17:00:00,5441.0,26.3
2022-03-16 18:00:00,5354.0,24.7
2022-03-16 19:00:00,5469.0,23.1
2022-03-16 20:00:00,5259.0,22.6
2022-03-16 21:00:00,5115.0,22.9
2022-03-16 22:00:00,4736.0,22.8
2022-03-16 23:00:00,4270.0,23.2
2022-03-17 00:00:00,4138.0,23.1
2022-03-17 01:00:00,3728.0,22.6
2022-03-17 02:00:00,3511.0,21.0
2022-03-17 03:00:00,3346.0,20.2
2022-03-17 04:00:00,3246.0,18.5
2022-03-17 05:00:00,3217.0,15.5
2022-03-17 06:00:00,3436.0,14.9
2022-03-17 07:00:00,3951.0,14.8
2022-03-17 08:00:00,4442.0,14.0
2022-03-17 09:00:00,4956.0,13.7
2022-03-17 10:00:00,5196.0,13.4
2022-03-17 11:00:00,5292.0,13.3
2022-03-17 12:00:00,4942.0,13.8
2022-03-17 13:00:00,4682.0,14.2
2022-03-17 14:00:00,4738.0,13.0
2022-03-17 15:00:00,4876.0,12.5
2022-03-17 16:00:00,5028.0,12.4
2022-03-17 17:00:00,5308.0,11.5
2022-03-17 18:00:00,5313.0,11.0
2022-03-17 19:00:00,5356.0,10.7
2022-03-17 20:00:00,5164.0,10.5
2022-03-17 21:00:00,5058.0,10.2
2022-03-17 22:00:00,4672.0,9.9
2022-03-17 23:00:00,4212.0,9.7
2022-03-18 00:00:00,4071.0,9.4
2022-03-18 01:00:00,3683.0,9.2
2022-03-18 02:00:00,3489.0,8.9
2022-03-18 03:00:00,3310.0,8.8
2022-03-18 04:00:00,3227.0,8.5
2022-03-18 05:00:00,3235.0,8.3
2022-03-18 06:00:00,3433.0,8.3
2022-03-18 07:00:00,4053.0,8.3
2022-03-18 08:00:00,4480.0,8.6
2022-03-18 09:00:00,4982.0,9.6
2022-03-18 10:00:00,5265.0,9.8
2022-03-18 11:00:00,5455.0,9.8
2022-03-18 12:00:00,5038.0,10.8
2022-03-18 13:00:00,4782.0,11.6
2022-03-18 14:00:00,4802.0,12.1
2022-03-18 15:00:00,4818.0,13.6
2022-03-18 16:00:00,4900.0,13.7
2022-03-18 17:00:00,5166.0,14.3
2022-03-18 18:00:00,5211.0,13.4
2022-03-18 19:00:00,5387.0,11.8
2022-03-18 20:00:00,5306.0,11.3
2022-03-18 21:00:00,5215.0,11.6
2022-03-18 22:00:00,4932.0,11.3
2022-03-18 23:00:00,4434.0,10.7
2022-03-19 00:00:00,4233.0,10.2
2022-03-19 01:00:00,3787.0,9.8
2022-03-19 02:00:00,3502.0,10.1
2022-03-19 03:00:00,3328.0,10.3
2022-03-19 04:00:00,3242.0,10.1
2022-03-19 05:00:00,3212.0,9.6
2022-03-19 06:00:00,3350.0,9.6
2022-03-19 07:00:00,3801.0,9.7
2022-03-19 08:00:00,4312.0,11.6
2022-03-19 09:00:00,4733.0,14.7
2022-03-19 10:00:00,4849.0,17.1
2022-03-19 11:00:00,4994.0,21.1
2022-03-19 12:00:00,4590.0,22.4
2022-03-19 13:00:00,4358.0,22.7
2022-03-19 14:00:00,4408.0,23.1
2022-03-19 15:00:00,4464.0,23.1
2022-03-19 16:00:00,4643.0,23.0
2022-03-19 17:00:00,4965.0,21.2
2022-03-19 18:00:00,5072.0,18.2
2022-03-19 19:00:00,5233.0,16.4
2022-03-19 20:00:00,5172.0,15.8
2022-03-19 21:00:00,5037.0,15.5
2022-03-19 22:00:00,4671.0,14.7
2022-03-19 23:00:00,4214.0,14.2
2022-03-20 00:00:00,4073.0,13.6
2022-03-20 01:00:00,3648.0,13.3
2022-03-20 02:00:00,3389.0,12.1
2022-03-20 03:00:00,3208.0,11.4
2022-03-20 04:00:00,3127.0,10.3
2022-03-20 05:00:00,3130.0,9.6
2022-03-20 06:00:00,3224.0,9.4
2022-03-20 07:00:00,3602.0,9.0
2022-03-20 08:00:00,4169.0,8.5
2022-03-20 09:00:00,4720.0,8.5
2022-03-20 10:00:00,5045.0,8.8
2022-03-20 11:00:00,5396.0,8.9
2022-03-20 12:00:00,5209.0,9.0
2022-03-20 13:00:00,5002.0,9.0
2022-03-20 14:00:00,4992.0,8.7
2022-03-20 15:00:00,5108.0,8.6
2022-03-20 16:00:00,5270.0,8.6
2022-03-20 17:00:00,5583.0,8.4
2022-03-20 18:00:00,5546.0,8.2
2022-03-20 19:00:00,5486.0,7.9
2022-03-20 20:00:00,5450.0,7.5
2022-03-20 21:00:00,5283.0,7.5
2022-03-20 22:00:00,4748.0,7.6
2022-03-20 23:00:00,4223.0,7.5
2022-03-21 00:00:00,4175.0,7.5
2022-03-21 01:00:00,3734.0,7.5
2022-03-21 02:00:00,3467.0,7.4
2022-03-21 03:00:00,3322.0,7.5
2022-03-21 04:00:00,3222.0,7.4
2022-03-21 05:00:00,3236.0,7.1
2022-03-21 06:00:00,3460.0,7.2
2022-03-21 07:00:00,4160.0,7.1
2022-03-21 08:00:00,4749.0,7.3
2022-03-21 09:00:00,5467.0,7.4
2022-03-21 10:00:00,5880.0,7.2
2022-03-21 11:00:00,6235.0,7.4
2022-03-21 12:00:00,5907.0,7.6
2022-03-21 13:00:00,5742.0,7.7
2022-03-21 14:00:00,5724.0,7.7
2022-03-21 15:00:00,5808.0,7.6
2022-03-21 16:00:00,5978.0,7.7
2022-03-21 17:00:00,6320.0,7.8
2022-03-21 18:00:00,6165.0,7.7
2022-03-21 19:00:00,6267.0,6.9
2022-03-21 20:00:00,6158.0,6.8
2022-03-21 21:00:00,6006.0,6.8
2022-03-21 22:00:00,5471.0,6.9
2022-03-21 23:00:00,4822.0,7.0
2022-03-22 00:00:00,4537.0,7.1
2022-03-22 01:00:00,4022.0,7.1
2022-03-22 02:00:00,3737.0,7.2
2022-03-22 03:00:00,3561.0,7.3
2022-03-22 04:00:00,3484.0,7.3
2022-03-22 05:00:00,3444.0,7.1
2022-03-22 06:00:00,3652.0,7.1
2022-03-22 07:00:00,4300.0,7.1
2022-03-22 08:00:00,4913.0,7.2
2022-03-22 09:00:00,5770.0,7.3
2022-03-22 10:00:00,6197.0,7.5
2022-03-22 11:00:00,6428.0,8.0
2022-03-22 12:00:00,6021.0,8.4
2022-03-22 13:00:00,5813.0,8.4
2022-03-22 14:00:00,5800.0,8.7
2022-03-22 15:00:00,5931.0,8.7
2022-03-22 16:00:00,6077.0,8.9
2022-03-22 17:00:00,6400.0,8.5
2022-03-22 18:00:00,6229.0,8.2
2022-03-22 19:00:00,6322.0,8.0
2022-03-22 20:00:00,6297.0,7.7
2022-03-22 21:00:00,6167.0,7.8
2022-03-22 22:00:00,5606.0,7.9
2022-03-22 23:00:00,4893.0,7.9
2022-03-23 00:00:00,4553.0,7.9
2022-03-23 01:00:00,4026.0,7.9
2022-03-23 02:00:00,3752.0,7.8
2022-03-23 03:00:00,3559.0,7.6
2022-03-23 04:00:00,3491.0,7.5
2022-03-23 05:00:00,3460.0,7.5
2022-03-23 06:00:00,3644.0,7.4
2022-03-23 07:00:00,4397.0,7.4
2022-03-23 08:00:00,4945.0,7.7
2022-03-23 09:00:00,5678.0,8.2
2022-03-23 10:00:00,5975.0,9.6
2022-03-23 11:00:00,6097.0,9.8
2022-03-23 12:00:00,5596.0,10.7
2022-03-23 13:00:00,5428.0,11.3
2022-03-23 14:00:00,5465.0,11.1
2022-03-23 15:00:00,5474.0,11.8
2022-03-23 16:00:00,5574.0,12.1
2022-03-23 17:00:00,5817.0,12.0
2022-03-23 18:00:00,5885.0,11.4
2022-03-23 19:00:00,6093.0,10.8
2022-03-23 20:00:00,6135.0,10.6
2022-03-23 21:00:00,6054.0,10.4
2022-03-23 22:00:00,5565.0,10.2
2022-03-23 23:00:00,4869.0,10.1
2022-03-24 00:00:00,4491.0,10.0
2022-03-24 01:00:00,3958.0,9.8
2022-03-24 02:00:00,3676.0,9.1
2022-03-24 03:00:00,3497.0,8.9
2022-03-24 04:00:00,3402.0,9.5
2022-03-24 05:00:00,3387.0,9.5
2022-03-24 06:00:00,3605.0,9.5
2022-03-24 07:00:00,4313.0,9.7
2022-03-24 08:00:00,4810.0,10.4
2022-03-24 09:00:00,5377.0,11.8
2022-03-24 10:00:00,5486.0,15.3
2022-03-24 11:00:00,5705.0,15.5
2022-03-24 12:00:00,5218.0,16.3
2022-03-24 13:00:00,5139.0,17.1
2022-03-24 14:00:00,5219.0,16.1
2022-03-24 15:00:00,5363.0,13.2
2022-03-24 16:00:00,5477.0,12.8
2022-03-24 17:00:00,5802.0,13.1
2022-03-24 18:00:00,5734.0,13.1
2022-03-24 19:00:00,5896.0,13.0
2022-03-24 20:00:00,5904.0,13.1
2022-03-24 21:00:00,5773.0,13.2
2022-03-24 22:00:00,5304.0,13.3
2022-03-24 23:00:00,4674.0,13.4
2022-03-25 00:00:00,4334.0,13.4
2022-03-25 01:00:00,3839.0,13.6
2022-03-25 02:00:00,3574.0,13.7
2022-03-25 03:00:00,3399.0,13.8
2022-03-25 04:00:00,3306.0,13.9
2022-03-25 05:00:00,3307.0,14.2
2022-03-25 06:00:00,3518.0,14.4
2022-03-25 07:00:00,4203.0,14.6
2022-03-25 08:00:00,4625.0,15.2
2022-03-25 09:00:00,5156.0,15.8
2022-03-25 10:00:00,5413.0,16.2
2022-03-25 11:00:00,5659.0,16.0
2022-03-25 12:00:00,5319.0,15.3
2022-03-25 13:00:00,5151.0,14.5
2022-03-25 14:00:00,5230.0,14.6
2022-03-25 15:00:00,5355.0,14.0
2022-03-25 16:00:00,5556.0,13.3
2022-03-25 17:00:00,5823.0,12.9
2022-03-25 18:00:00,5737.0,12.5
2022-03-25 19:00:00,5777.0,12.6
2022-03-25 20:00:00,5745.0,12.8
2022-03-25 21:00:00,5620.0,13.1
2022-03-25 22:00:00,5289.0,13.2
2022-03-25 23:00:00,4685.0,13.2
2022-03-26 00:00:00,4355.0,13.1
2022-03-26 01:00:00,3848.0,13.1
2022-03-26 02:00:00,3558.0,13.0
2022-03-26 03:00:00,3370.0,12.6
2022-03-26 04:00:00,3278.0,12.1
2022-03-26 05:00:00,3272.0,11.9
2022-03-26 06:00:00,3407.0,11.6
2022-03-26 07:00:00,3768.0,11.4
2022-03-26 08:00:00,4396.0,11.4
2022-03-26 09:00:00,5131.0,11.5
2022-03-26 10:00:00,5479.0,11.9
2022-03-26 11:00:00,5753.0,12.2
2022-03-26 12:00:00,5394.0,12.3
2022-03-26 13:00:00,5171.0,12.8
2022-03-26 14:00:00,5112.0,12.9
2022-03-26 15:00:00,5202.0,13.2
2022-03-26 16:00:00,5302.0,13.0
2022-03-26 17:00:00,5612.0,13.0
2022-03-26 18:00:00,5519.0,12.6
2022-03-26 19:00:00,5603.0,12.3
2022-03-26 20:00:00,5606.0,12.1
2022-03-26 21:00:00,5529.0,11.9
2022-03-26 22:00:00,5172.0,11.7
2022-03-26 23:00:00,4660.0,11.6
2022-03-27 00:00:00,4345.0,11.5
2022-03-27 01:00:00,3837.0,11.3
2022-03-27 02:00:00,3517.0,11.0
2022-03-27 03:00:00,3331.0,10.5
2022-03-27 04:00:00,3243.0,10.5
2022-03-27 05:00:00,3211.0,10.4
2022-03-27 06:00:00,3360.0,10.3
2022-03-27 07:00:00,3708.0,10.3
2022-03-27 08:00:00,4285.0,10.4
2022-03-27 09:00:00,4867.0,10.5
2022-03-27 10:00:00,5190.0,10.7
2022-03-27 11:00:00,5391.0,11.5
2022-03-27 12:00:00,5066.0,12.8
2022-03-27 13:00:00,4737.0,14.3
2022-03-27 14:00:00,4746.0,14.7
2022-03-27 15:00:00,4768.0,14.9
2022-03-27 16:00:00,4917.0,15.1
2022-03-27 17:00:00,5310.0,14.8
2022-03-27 18:00:00,5340.0,14.3
2022-03-27 19:00:00,5419.0,13.8
2022-03-27 20:00:00,5503.0,13.2
2022-03-27 21:00:00,5453.0,12.4
2022-03-27 22:00:00,5004.0,12.0
2022-03-27 23:00:00,4435.0,12.0
2022-03-28 00:00:00,4095.0,11.7
2022-03-28 01:00:00,3597.0,11.5
2022-03-28 02:00:00,3373.0,10.1
2022-03-28 03:00:00,3224.0,9.7
2022-03-28 04:00:00,3150.0,9.4
2022-03-28 05:00:00,3166.0,8.5
2022-03-28 06:00:00,3391.0,7.7
2022-03-28 07:00:00,4163.0,8.2
2022-03-28 08:00:00,4545.0,8.7
2022-03-28 09:00:00,4972.0,9.6
2022-03-28 10:00:00,5055.0,12.1
2022-03-28 11:00:00,5132.0,17.4
2022-03-28 12:00:00,4697.0,19.5
2022-03-28 13:00:00,4430.0,20.3
2022-03-28 14:00:00,4429.0,21.1
2022-03-28 15:00:00,4489.0,21.6
2022-03-28 16:00:00,4664.0,22.9
2022-03-28 17:00:00,4942.0,22.1
2022-03-28 18:00:00,5039.0,20.8
2022-03-28 19:00:00,5377.0,18.0
2022-03-28 20:00:00,5475.0,16.5
2022-03-28 21:00:00,5389.0,15.4
2022-03-28 22:00:00,5055.0,15.0
2022-03-28 23:00:00,4492.0,14.0
2022-03-29 00:00:00,4161.0,13.3
2022-03-29 01:00:00,3556.0,13.3
2022-03-29 02:00:00,3323.0,12.3
2022-03-29 03:00:00,3193.0,11.7
2022-03-29 04:00:00,3112.0,11.6
2022-03-29 05:00:00,3087.0,11.5
2022-03-29 06:00:00,3329.0,11.8
2022-03-29 07:00:00,4026.0,11.2
2022-03-29 08:00:00,4386.0,14.8
2022-03-29 09:00:00,4762.0,16.8
2022-03-29 10:00:00,4836.0,19.2
2022-03-29 11:00:00,4945.0,20.1
2022-03-29 12:00:00,4520.0,21.4
2022-03-29 13:00:00,4242.0,23.1
2022-03-29 14:00:00,4282.0,24.5
2022-03-29 15:00:00,4412.0,24.7
2022-03-29 16:00:00,4662.0,24.4
2022-03-29 17:00:00,5076.0,22.8
2022-03-29 18:00:00,5148.0,20.5
2022-03-29 19:00:00,5252.0,17.6
2022-03-29 20:00:00,5251.0,16.8
2022-03-29 21:00:00,5121.0,16.7
2022-03-29 22:00:00,4652.0,16.5
2022-03-29 23:00:00,4111.0,15.8
2022-03-30 00:00:00,3917.0,15.5
2022-03-30 01:00:00,3499.0,15.3
2022-03-30 02:00:00,3295.0,15.2
2022-03-30 03:00:00,3153.0,15.2
2022-03-30 04:00:00,3063.0,15.3
2022-03-30 05:00:00,3081.0,15.2
2022-03-30 06:00:00,3297.0,15.2
2022-03-30 07:00:00,3907.0,15.3
2022-03-30 08:00:00,4366.0,15.5
2022-03-30 09:00:00,4907.0,15.6
2022-03-30 10:00:00,5126.0,15.8
2022-03-30 11:00:00,5358.0,15.9
2022-03-30 12:00:00,5014.0,15.9
2022-03-30 13:00:00,4735.0,16.2
2022-03-30 14:00:00,4795.0,16.6
2022-03-30 15:00:00,4900.0,16.8
2022-03-30 16:00:00,5019.0,16.7
2022-03-30 17:00:00,5290.0,16.7
2022-03-30 18:00:00,5208.0,16.8
2022-03-30 19:00:00,5274.0,16.8
2022-03-30 20:00:00,5219.0,16.7
2022-03-30 21:00:00,5084.0,16.7
2022-03-30 22:00:00,4686.0,16.5
2022-03-30 23:00:00,4140.0,16.2
2022-03-31 00:00:00,3961.0,16.0
2022-03-31 01:00:00,3534.0,15.9
2022-03-31 02:00:00,3294.0,15.9
2022-03-31 03:00:00,3176.0,15.8
2022-03-31 04:00:00,3073.0,15.6
2022-03-31 05:00:00,3061.0,15.5
2022-03-31 06:00:00,3281.0,15.4
2022-03-31 07:00:00,3879.0,15.4
2022-03-31 08:00:00,4383.0,15.4
2022-03-31 09:00:00,4936.0,15.2
2022-03-31 10:00:00,5186.0,14.9
2022-03-31 11:00:00,5459.0,14.8
2022-03-31 12:00:00,5070.0,14.9
2022-03-31 13:00:00,4878.0,14.4
2022-03-31 14:00:00,4905.0,14.2
2022-03-31 15:00:00,4948.0,14.1
2022-03-31 16:00:00,5099.0,13.8
2022-03-31 17:00:00,5367.0,13.4
2022-03-31 18:00:00,5342.0,12.8
2022-03-31 19:00:00,5392.0,12.4
2022-03-31 20:00:00,5316.0,12.3
2022-03-31 21:00:00,5204.0,12.1
2022-03-31 22:00:00,4821.0,11.8
2022-03-31 23:00:00,4250.0,11.8
2022-04-01 00:00:00,4521.0,11.8
2022-04-01 01:00:00,4179.0,11.7
2022-04-01 02:00:00,3954.0,11.6
2022-04-01 03:00:00,3791.0,11.4
2022-04-01 04:00:00,3694.0,11.2
2022-04-01 05:00:00,3720.0,11.1
2022-04-01 06:00:00,3965.0,11.2
2022-04-01 07:00:00,4453.0,11.5
2022-04-01 08:00:00,4826.0,11.7
2022-04-01 09:00:00,5366.0,11.7
2022-04-01 10:00:00,5640.0,12.5
2022-04-01 11:00:00,5876.0,14.1
2022-04-01 12:00:00,5526.0,13.3
2022-04-01 13:00:00,5485.0,12.7
2022-04-01 14:00:00,5542.0,12.7
2022-04-01 15:00:00,5720.0,13.3
2022-04-01 16:00:00,5882.0,13.3
2022-04-01 17:00:00,6133.0,13.6
2022-04-01 18:00:00,5792.0,13.1
2022-04-01 19:00:00,5837.0,12.5
2022-04-01 20:00:00,5728.0,12.2
2022-04-01 21:00:00,5558.0,11.9
2022-04-01 22:00:00,5169.0,11.7
2022-04-01 23:00:00,4733.0,11.4
2022-04-02 00:00:00,4131.0,11.2
2022-04-02 01:00:00,3632.0,10.7
2022-04-02 02:00:00,3382.0,10.3
2022-04-02 03:00:00,3257.0,10.2
2022-04-02 04:00:00,3153.0,9.9
2022-04-02 05:00:00,3136.0,9.8
2022-04-02 06:00:00,3354.0,9.9
2022-04-02 07:00:00,4025.0,10.2
2022-04-02 08:00:00,4387.0,10.8
2022-04-02 09:00:00,4795.0,12.2
2022-04-02 10:00:00,4921.0,14.0
2022-04-02 11:00:00,5114.0,14.8
2022-04-02 12:00:00,4719.0,16.7
2022-04-02 13:00:00,4445.0,18.6
2022-04-02 14:00:00,4455.0,18.9
2022-04-02 15:00:00,4459.0,19.7
2022-04-02 16:00:00,4786.0,20.3
2022-04-02 17:00:00,5005.0,19.8
2022-04-02 18:00:00,5022.0,19.2
2022-04-02 19:00:00,5248.0,17.2
2022-04-02 20:00:00,5248.0,16.0
2022-04-02 21:00:00,5187.0,15.8
2022-04-02 22:00:00,4932.0,14.1
2022-04-02 23:00:00,4329.0,13.0
2022-04-03 00:00:00,4079.0,12.7
2022-04-03 01:00:00,3600.0,11.5
2022-04-03 02:00:00,3333.0,11.4
2022-04-03 03:00:00,3171.0,10.9
2022-04-03 04:00:00,3066.0,10.1
2022-04-03 05:00:00,3051.0,9.5
2022-04-03 06:00:00,3274.0,9.1
2022-04-03 07:00:00,3765.0,9.5
2022-04-03 08:00:00,4100.0,11.5
2022-04-03 09:00:00,4440.0,14.2
2022-04-03 10:00:00,4484.0,17.5
2022-04-03 11:00:00,4614.0,19.7
2022-04-03 12:00:00,4342.0,21.5
2022-04-03 13:00:00,4074.0,23.4
2022-04-03 14:00:00,4007.0,24.3
2022-04-03 15:00:00,4018.0,25.3
2022-04-03 16:00:00,4209.0,24.2
2022-04-03 17:00:00,4496.0,24.7
2022-04-03 18:00:00,4651.0,23.4
2022-04-03 19:00:00,4828.0,22.0
2022-04-03 20:00:00,4776.0,19.9
2022-04-03 21:00:00,4708.0,18.2
2022-04-03 22:00:00,4405.0,17.4
2022-04-03 23:00:00,3912.0,17.0
2022-04-04 00:00:00,3703.0,16.6
2022-04-04 01:00:00,3260.0,15.3
2022-04-04 02:00:00,3034.0,15.5
2022-04-04 03:00:00,2876.0,14.7
2022-04-04 04:00:00,2790.0,13.8
2022-04-04 05:00:00,2771.0,13.3
2022-04-04 06:00:00,2977.0,11.8
2022-04-04 07:00:00,3404.0,11.9
2022-04-04 08:00:00,3696.0,15.3
2022-04-04 09:00:00,4035.0,18.1
2022-04-04 10:00:00,4153.0,20.2
2022-04-04 11:00:00,4345.0,22.7
2022-04-04 12:00:00,4152.0,22.7
2022-04-04 13:00:00,3925.0,24.5
2022-04-04 14:00:00,3797.0,24.6
2022-04-04 15:00:00,3852.0,24.8
2022-04-04 16:00:00,4126.0,24.0
2022-04-04 17:00:00,4520.0,22.8
2022-04-04 18:00:00,4540.0,21.8
2022-04-04 19:00:00,4584.0,20.6
2022-04-04 20:00:00,4535.0,19.2
2022-04-04 21:00:00,4413.0,18.4
2022-04-04 22:00:00,4100.0,18.0
2022-04-04 23:00:00,3599.0,17.7
2022-04-05 00:00:00,3409.0,17.4
2022-04-05 01:00:00,2972.0,16.8
2022-04-05 02:00:00,2703.0,16.3
2022-04-05 03:00:00,2580.0,16.6
2022-04-05 04:00:00,2509.0,16.2
2022-04-05 05:00:00,2524.0,15.2
2022-04-05 06:00:00,2638.0,14.5
2022-04-05 07:00:00,3075.0,14.1
2022-04-05 08:00:00,3395.0,14.5
2022-04-05 09:00:00,3687.0,15.5
2022-04-05 10:00:00,3822.0,16.9
2022-04-05 11:00:00,3996.0,18.0
2022-04-05 12:00:00,3786.0,20.5
2022-04-05 13:00:00,3493.0,22.4
2022-04-05 14:00:00,3353.0,23.4
2022-04-05 15:00:00,3370.0,23.5
2022-04-05 16:00:00,3644.0,23.8
2022-04-05 17:00:00,4066.0,23.4
2022-04-05 18:00:00,4206.0,22.1
2022-04-05 19:00:00,4361.0,20.5
2022-04-05 20:00:00,4465.0,19.4
2022-04-05 21:00:00,4506.0,18.5
2022-04-05 22:00:00,4116.0,18.0
2022-04-05 23:00:00,3587.0,16.3
2022-04-06 00:00:00,3447.0,15.5
2022-04-06 01:00:00,3074.0,15.0
2022-04-06 02:00:00,2865.0,14.4
2022-04-06 03:00:00,2777.0,13.8
2022-04-06 04:00:00,2706.0,13.2
2022-04-06 05:00:00,2783.0,12.9
2022-04-06 06:00:00,3056.0,12.5
2022-04-06 07:00:00,3764.0,12.8
2022-04-06 08:00:00,4125.0,15.8
2022-04-06 09:00:00,4488.0,18.5
2022-04-06 10:00:00,4588.0,21.3
2022-04-06 11:00:00,4762.0,23.7
2022-04-06 12:00:00,4312.0,25.1
2022-04-06 13:00:00,4075.0,26.5
2022-04-06 14:00:00,4147.0,27.0
2022-04-06 15:00:00,4266.0,27.8
2022-04-06 16:00:00,4465.0,27.5
2022-04-06 17:00:00,4792.0,26.8
2022-04-06 18:00:00,4814.0,25.3
2022-04-06 19:00:00,5002.0,23.9
2022-04-06 20:00:00,4958.0,22.7
2022-04-06 21:00:00,4860.0,22.0
2022-04-06 22:00:00,4506.0,21.3
2022-04-06 23:00:00,4012.0,20.3
2022-04-07 00:00:00,3832.0,20.0
2022-04-07 01:00:00,3412.0,18.6
2022-04-07 02:00:00,3206.0,17.9
2022-04-07 03:00:00,3062.0,16.5
2022-04-07 04:00:00,3021.0,15.8
2022-04-07 05:00:00,3011.0,15.0
2022-04-07 06:00:00,3301.0,14.0
2022-04-07 07:00:00,3933.0,14.4
2022-04-07 08:00:00,4173.0,17.3
2022-04-07 09:00:00,4558.0,20.6
2022-04-07 10:00:00,4694.0,23.6
2022-04-07 11:00:00,4843.0,26.2
2022-04-07 12:00:00,4443.0,27.7
2022-04-07 13:00:00,4141.0,29.5
2022-04-07 14:00:00,4239.0,29.6
2022-04-07 15:00:00,4361.0,30.1
2022-04-07 16:00:00,4549.0,30.9
2022-04-07 17:00:00,4847.0,30.4
2022-04-07 18:00:00,4879.0,29.1
2022-04-07 19:00:00,4992.0,27.4
2022-04-07 20:00:00,5014.0,25.7
2022-04-07 21:00:00,4916.0,24.2
2022-04-07 22:00:00,4491.0,20.4
2022-04-07 23:00:00,4048.0,19.5
2022-04-08 00:00:00,3858.0,19.1
2022-04-08 01:00:00,3468.0,18.0
2022-04-08 02:00:00,3268.0,16.7
2022-04-08 03:00:00,3112.0,15.7
2022-04-08 04:00:00,3039.0,17.8
2022-04-08 05:00:00,3083.0,15.4
2022-04-08 06:00:00,3353.0,13.7
2022-04-08 07:00:00,3940.0,14.1
2022-04-08 08:00:00,4198.0,17.8
2022-04-08 09:00:00,4581.0,21.6
2022-04-08 10:00:00,4693.0,25.4
2022-04-08 11:00:00,4873.0,28.6
2022-04-08 12:00:00,4475.0,29.9
2022-04-08 13:00:00,4251.0,30.8
2022-04-08 14:00:00,4312.0,30.6
2022-04-08 15:00:00,4441.0,31.4
2022-04-08 16:00:00,4597.0,31.8
2022-04-08 17:00:00,4844.0,31.3
2022-04-08 18:00:00,4876.0,29.9
2022-04-08 19:00:00,5024.0,27.7
2022-04-08 20:00:00,4968.0,26.0
2022-04-08 21:00:00,4882.0,24.6
2022-04-08 22:00:00,4563.0,21.1
2022-04-08 23:00:00,4119.0,19.5
2022-04-09 00:00:00,3942.0,17.9
2022-04-09 01:00:00,3533.0,17.4
2022-04-09 02:00:00,3309.0,17.1
2022-04-09 03:00:00,3154.0,17.2
2022-04-09 04:00:00,3085.0,16.6
2022-04-09 05:00:00,3075.0,16.4
2022-04-09 06:00:00,3296.0,14.6
2022-04-09 07:00:00,3725.0,14.4
2022-04-09 08:00:00,4077.0,17.8
2022-04-09 09:00:00,4490.0,22.9
2022-04-09 10:00:00,4602.0,26.7
2022-04-09 11:00:00,4850.0,28.3
2022-04-09 12:00:00,4427.0,29.1
2022-04-09 13:00:00,4250.0,30.2
2022-04-09 14:00:00,4287.0,32.1
2022-04-09 15:00:00,4378.0,32.3
2022-04-09 16:00:00,4540.0,32.4
2022-04-09 17:00:00,4801.0,31.3
2022-04-09 18:00:00,4869.0,30.7
2022-04-09 19:00:00,4991.0,26.9
2022-04-09 20:00:00,4968.0,24.8
2022-04-09 21:00:00,4837.0,23.2
2022-04-09 22:00:00,4535.0,22.6
2022-04-09 23:00:00,4156.0,22.1
2022-04-10 00:00:00,3975.0,21.4
2022-04-10 01:00:00,3594.0,20.9
2022-04-10 02:00:00,3342.0,20.2
2022-04-10 03:00:00,3202.0,21.0
2022-04-10 04:00:00,3095.0,20.8
2022-04-10 05:00:00,3101.0,20.4
2022-04-10 06:00:00,3283.0,19.2
2022-04-10 07:00:00,3620.0,19.5
2022-04-10 08:00:00,3973.0,20.7
2022-04-10 09:00:00,4360.0,22.9
2022-04-10 10:00:00,4500.0,26.7
2022-04-10 11:00:00,4723.0,28.6
2022-04-10 12:00:00,4446.0,29.9
2022-04-10 13:00:00,4277.0,29.9
2022-04-10 14:00:00,4308.0,31.6
2022-04-10 15:00:00,4414.0,31.9
2022-04-10 16:00:00,4586.0,31.3
2022-04-10 17:00:00,4888.0,30.7
2022-04-10 18:00:00,4937.0,29.2
2022-04-10 19:00:00,5042.0,27.9
2022-04-10 20:00:00,5067.0,26.6
2022-04-10 21:00:00,4948.0,24.7
2022-04-10 22:00:00,4544.0,22.9
2022-04-10 23:00:00,4120.0,21.9
2022-04-11 00:00:00,3974.0,22.0
2022-04-11 01:00:00,3557.0,21.5
2022-04-11 02:00:00,3324.0,21.0
2022-04-11 03:00:00,3187.0,20.1
2022-04-11 04:00:00,3154.0,20.1
2022-04-11 05:00:00,3127.0,19.8
2022-04-11 06:00:00,3417.0,20.3
2022-04-11 07:00:00,3919.0,20.8
2022-04-11 08:00:00,4213.0,22.7
2022-04-11 09:00:00,4686.0,25.3
2022-04-11 10:00:00,4928.0,27.8
2022-04-11 11:00:00,5096.0,29.4
2022-04-11 12:00:00,4759.0,30.5
2022-04-11 13:00:00,4638.0,31.2
2022-04-11 14:00:00,4713.0,32.3
2022-04-11 15:00:00,4862.0,32.9
2022-04-11 16:00:00,5095.0,32.8
2022-04-11 17:00:00,5310.0,32.1
2022-04-11 18:00:00,5253.0,31.0
2022-04-11 19:00:00,5383.0,28.7
2022-04-11 20:00:00,5324.0,27.7
2022-04-11 21:00:00,5232.0,25.2
2022-04-11 22:00:00,4863.0,24.4
2022-04-11 23:00:00,4357.0,23.8
2022-04-12 00:00:00,4252.0,22.8
2022-04-12 01:00:00,3795.0,21.5
2022-04-12 02:00:00,3616.0,21.3
2022-04-12 03:00:00,3440.0,21.8
2022-04-12 04:00:00,3314.0,21.3
2022-04-12 05:00:00,3315.0,20.6
2022-04-12 06:00:00,3573.0,20.5
2022-04-12 07:00:00,4076.0,20.4
2022-04-12 08:00:00,4353.0,24.3
2022-04-12 09:00:00,4865.0,27.1
2022-04-12 10:00:00,5127.0,29.9
2022-04-12 11:00:00,5374.0,30.7
2022-04-12 12:00:00,5036.0,32.3
2022-04-12 13:00:00,4958.0,31.7
2022-04-12 14:00:00,5026.0,33.0
2022-04-12 15:00:00,5225.0,33.4
2022-04-12 16:00:00,5347.0,31.3
2022-04-12 17:00:00,5513.0,28.4
2022-04-12 18:00:00,5369.0,27.1
2022-04-12 19:00:00,5405.0,21.4
2022-04-12 20:00:00,5226.0,21.1
2022-04-12 21:00:00,4964.0,20.6
2022-04-12 22:00:00,4562.0,18.9
2022-04-12 23:00:00,4116.0,17.5
2022-04-13 00:00:00,3989.0,17.2
2022-04-13 01:00:00,3613.0,17.0
2022-04-13 02:00:00,3432.0,16.8
2022-04-13 03:00:00,3252.0,16.1
2022-04-13 04:00:00,3187.0,15.4
2022-04-13 05:00:00,3166.0,15.2
2022-04-13 06:00:00,3416.0,15.3
2022-04-13 07:00:00,3926.0,15.3
2022-04-13 08:00:00,4256.0,15.3
2022-04-13 09:00:00,4710.0,15.4
2022-04-13 10:00:00,4934.0,15.9
2022-04-13 11:00:00,5116.0,15.8
2022-04-13 12:00:00,4684.0,15.9
2022-04-13 13:00:00,4407.0,16.8
2022-04-13 14:00:00,4424.0,17.2
2022-04-13 15:00:00,4528.0,17.2
2022-04-13 16:00:00,4654.0,17.4
2022-04-13 17:00:00,4923.0,17.5
2022-04-13 18:00:00,4893.0,17.2
2022-04-13 19:00:00,4905.0,17.0
2022-04-13 20:00:00,4781.0,16.9
2022-04-13 21:00:00,4711.0,16.7
2022-04-13 22:00:00,4398.0,16.6
2022-04-13 23:00:00,3923.0,16.3
2022-04-14 00:00:00,3849.0,16.1
2022-04-14 01:00:00,3475.0,15.9
2022-04-14 02:00:00,3269.0,15.7
2022-04-14 03:00:00,3126.0,15.5
2022-04-14 04:00:00,3081.0,15.2
2022-04-14 05:00:00,3053.0,15.0
2022-04-14 06:00:00,3371.0,14.8
2022-04-14 07:00:00,3861.0,15.3
2022-04-14 08:00:00,4133.0,16.2
2022-04-14 09:00:00,4584.0,17.0
2022-04-14 10:00:00,4733.0,18.7
2022-04-14 11:00:00,4897.0,18.9
2022-04-14 12:00:00,4497.0,20.7
2022-04-14 13:00:00,4288.0,20.9
2022-04-14 14:00:00,4325.0,21.1
2022-04-14 15:00:00,4449.0,21.3
2022-04-14 16:00:00,4646.0,20.4
2022-04-14 17:00:00,5002.0,18.8
2022-04-14 18:00:00,5049.0,17.4
2022-04-14 19:00:00,5103.0,15.9
2022-04-14 20:00:00,4998.0,15.4
2022-04-14 21:00:00,4891.0,15.0
2022-04-14 22:00:00,4535.0,13.8
2022-04-14 23:00:00,4002.0,13.6
2022-04-15 00:00:00,3899.0,13.7
2022-04-15 01:00:00,3557.0,13.8
2022-04-15 02:00:00,3342.0,13.7
2022-04-15 03:00:00,3199.0,13.6
2022-04-15 04:00:00,3131.0,13.0
2022-04-15 05:00:00,3108.0,12.4
2022-04-15 06:00:00,3349.0,12.3
2022-04-15 07:00:00,3891.0,12.1
2022-04-15 08:00:00,4290.0,12.2
2022-04-15 09:00:00,4793.0,12.3
2022-04-15 10:00:00,4999.0,12.5
2022-04-15 11:00:00,5239.0,12.7
2022-04-15 12:00:00,4801.0,12.8
2022-04-15 13:00:00,4596.0,12.8
2022-04-15 14:00:00,4640.0,12.4
2022-04-15 15:00:00,4721.0,12.4
2022-04-15 16:00:00,4833.0,12.4
2022-04-15 17:00:00,5142.0,12.3
2022-04-15 18:00:00,5066.0,11.3
2022-04-15 19:00:00,5099.0,11.1
2022-04-15 20:00:00,4965.0,10.8
2022-04-15 21:00:00,4851.0,10.5
2022-04-15 22:00:00,4553.0,10.6
2022-04-15 23:00:00,4128.0,10.6
2022-04-16 00:00:00,3987.0,10.9
2022-04-16 01:00:00,3603.0,10.9
2022-04-16 02:00:00,3361.0,10.7
2022-04-16 03:00:00,3166.0,10.4
2022-04-16 04:00:00,3056.0,10.5
2022-04-16 05:00:00,3042.0,10.4
2022-04-16 06:00:00,3189.0,10.2
2022-04-16 07:00:00,3572.0,10.0
2022-04-16 08:00:00,4040.0,10.1
2022-04-16 09:00:00,4682.0,10.2
2022-04-16 10:00:00,4947.0,10.4
2022-04-16 11:00:00,5203.0,10.7
2022-04-16 12:00:00,4859.0,10.9
2022-04-16 13:00:00,4674.0,11.1
2022-04-16 14:00:00,4628.0,11.0
2022-04-16 15:00:00,4707.0,11.2
2022-04-16 16:00:00,4848.0,11.1
2022-04-16 17:00:00,5151.0,11.3
2022-04-16 18:00:00,5075.0,11.3
2022-04-16 19:00:00,5057.0,11.2
2022-04-16 20:00:00,5060.0,11.2
2022-04-16 21:00:00,4983.0,11.3
2022-04-16 22:00:00,4672.0,11.3
2022-04-16 23:00:00,4234.0,11.2
2022-04-17 00:00:00,4083.0,11.1
2022-04-17 01:00:00,3629.0,11.3
2022-04-17 02:00:00,3372.0,11.3
2022-04-17 03:00:00,3185.0,11.2
2022-04-17 04:00:00,3090.0,11.1
2022-04-17 05:00:00,3067.0,11.0
2022-04-17 06:00:00,3222.0,11.0
2022-04-17 07:00:00,3544.0,11.1
2022-04-17 08:00:00,4009.0,11.3
2022-04-17 09:00:00,4571.0,11.5
2022-04-17 10:00:00,4892.0,11.8
2022-04-17 11:00:00,5156.0,11.9
2022-04-17 12:00:00,4904.0,12.2
2022-04-17 13:00:00,4764.0,12.6
2022-04-17 14:00:00,4606.0,13.2
2022-04-17 15:00:00,4704.0,13.2
2022-04-17 16:00:00,4858.0,12.9
2022-04-17 17:00:00,5266.0,12.7
2022-04-17 18:00:00,5255.0,12.2
2022-04-17 19:00:00,5250.0,11.8
2022-04-17 20:00:00,5266.0,11.6
2022-04-17 21:00:00,5167.0,11.7
2022-04-17 22:00:00,4701.0,11.7
2022-04-17 23:00:00,4173.0,11.6
2022-04-18 00:00:00,3990.0,11.6
2022-04-18 01:00:00,3544.0,11.7
2022-04-18 02:00:00,3293.0,11.5
2022-04-18 03:00:00,3158.0,11.6
2022-04-18 04:00:00,3064.0,11.5
2022-04-18 05:00:00,3086.0,11.4
2022-04-18 06:00:00,3394.0,11.5
2022-04-18 07:00:00,3994.0,11.6
2022-04-18 08:00:00,4294.0,12.1
2022-04-18 09:00:00,4702.0,13.3
2022-04-18 10:00:00,4870.0,14.6
2022-04-18 11:00:00,4884.0,16.7
2022-04-18 12:00:00,4532.0,17.6
2022-04-18 13:00:00,4311.0,19.0
2022-04-18 14:00:00,4333.0,20.0
2022-04-18 15:00:00,4427.0,20.1
2022-04-18 16:00:00,4570.0,20.4
2022-04-18 17:00:00,4881.0,20.8
2022-04-18 18:00:00,4923.0,19.6
2022-04-18 19:00:00,5030.0,17.9
2022-04-18 20:00:00,5155.0,17.0
2022-04-18 21:00:00,5122.0,16.7
2022-04-18 22:00:00,4762.0,15.4
2022-04-18 23:00:00,4258.0,13.9
2022-04-19 00:00:00,4046.0,13.1
2022-04-19 01:00:00,3600.0,12.9
2022-04-19 02:00:00,3365.0,12.2
2022-04-19 03:00:00,3224.0,12.2
2022-04-19 04:00:00,3118.0,12.3
2022-04-19 05:00:00,3128.0,12.6
2022-04-19 06:00:00,3382.0,12.6
2022-04-19 07:00:00,3996.0,12.8
2022-04-19 08:00:00,4278.0,13.7
2022-04-19 09:00:00,4757.0,14.5
2022-04-19 10:00:00,4792.0,16.3
2022-04-19 11:00:00,4886.0,19.5
2022-04-19 12:00:00,4433.0,20.9
2022-04-19 13:00:00,4166.0,22.3
2022-04-19 14:00:00,4241.0,23.4
2022-04-19 15:00:00,4315.0,24.1
2022-04-19 16:00:00,4525.0,24.9
2022-04-19 17:00:00,4792.0,25.1
2022-04-19 18:00:00,4852.0,24.0
2022-04-19 19:00:00,4974.0,21.8
2022-04-19 20:00:00,5037.0,20.4
2022-04-19 21:00:00,5021.0,20.2
2022-04-19 22:00:00,4627.0,19.8
2022-04-19 23:00:00,4158.0,18.5
2022-04-20 00:00:00,3968.0,16.9
2022-04-20 01:00:00,3526.0,15.5
2022-04-20 02:00:00,3274.0,14.9
2022-04-20 03:00:00,3111.0,14.1
2022-04-20 04:00:00,3039.0,13.5
2022-04-20 05:00:00,3035.0,13.6
2022-04-20 06:00:00,3386.0,13.1
2022-04-20 07:00:00,3913.0,13.8
2022-04-20 08:00:00,4134.0,16.1
2022-04-20 09:00:00,4513.0,19.4
2022-04-20 10:00:00,4634.0,22.2
2022-04-20 11:00:00,4857.0,23.8
2022-04-20 12:00:00,4477.0,24.6
2022-04-20 13:00:00,4301.0,23.7
2022-04-20 14:00:00,4418.0,22.9
2022-04-20 15:00:00,4427.0,22.0
2022-04-20 16:00:00,4554.0,23.3
2022-04-20 17:00:00,4781.0,23.4
2022-04-20 18:00:00,4751.0,22.8
2022-04-20 19:00:00,4857.0,20.4
2022-04-20 20:00:00,4990.0,19.3
2022-04-20 21:00:00,4910.0,18.3
2022-04-20 22:00:00,4562.0,17.5
2022-04-20 23:00:00,4059.0,16.9
2022-04-21 00:00:00,3915.0,15.9
2022-04-21 01:00:00,3517.0,15.3
2022-04-21 02:00:00,3288.0,15.3
2022-04-21 03:00:00,3111.0,15.0
2022-04-21 04:00:00,3043.0,14.6
2022-04-21 05:00:00,3044.0,14.7
2022-04-21 06:00:00,3375.0,14.2
2022-04-21 07:00:00,3895.0,15.8
2022-04-21 08:00:00,4082.0,18.4
2022-04-21 09:00:00,4497.0,20.7
2022-04-21 10:00:00,4632.0,23.7
2022-04-21 11:00:00,4779.0,25.5
2022-04-21 12:00:00,4376.0,26.3
2022-04-21 13:00:00,4147.0,27.8
2022-04-21 14:00:00,4237.0,28.9
2022-04-21 15:00:00,4438.0,28.9
2022-04-21 16:00:00,4583.0,28.5
2022-04-21 17:00:00,4871.0,28.0
2022-04-21 18:00:00,4879.0,26.7
2022-04-21 19:00:00,4981.0,24.9
2022-04-21 20:00:00,5038.0,23.0
2022-04-21 21:00:00,5009.0,21.8
2022-04-21 22:00:00,4634.0,21.8
2022-04-21 23:00:00,4136.0,21.5
2022-04-22 00:00:00,3998.0,20.3
2022-04-22 01:00:00,3599.0,20.5
2022-04-22 02:00:00,3364.0,20.6
2022-04-22 03:00:00,3199.0,20.4
2022-04-22 04:00:00,3120.0,20.7
2022-04-22 05:00:00,3135.0,21.0
2022-04-22 06:00:00,3441.0,21.2
2022-04-22 07:00:00,3918.0,21.1
2022-04-22 08:00:00,4203.0,21.9
2022-04-22 09:00:00,4693.0,21.9
2022-04-22 10:00:00,4896.0,21.6
2022-04-22 11:00:00,5080.0,21.6
2022-04-22 12:00:00,4717.0,22.7
2022-04-22 13:00:00,4538.0,23.5
2022-04-22 14:00:00,4588.0,22.4
2022-04-22 15:00:00,4710.0,21.3
2022-04-22 16:00:00,4840.0,20.7
2022-04-22 17:00:00,5162.0,20.6
2022-04-22 18:00:00,5018.0,20.7
2022-04-22 19:00:00,5038.0,20.7
2022-04-22 20:00:00,4978.0,20.6
2022-04-22 21:00:00,4870.0,20.7
2022-04-22 22:00:00,4572.0,20.6
2022-04-22 23:00:00,4171.0,20.4
2022-04-23 00:00:00,4075.0,20.2
2022-04-23 01:00:00,3661.0,19.9
2022-04-23 02:00:00,3444.0,19.6
2022-04-23 03:00:00,3289.0,19.5
2022-04-23 04:00:00,3168.0,19.6
2022-04-23 05:00:00,3159.0,19.5
2022-04-23 06:00:00,3353.0,19.3
2022-04-23 07:00:00,3675.0,19.6
2022-04-23 08:00:00,4063.0,20.0
2022-04-23 09:00:00,4578.0,21.4
2022-04-23 10:00:00,4742.0,23.5
2022-04-23 11:00:00,4957.0,23.9
2022-04-23 12:00:00,4602.0,24.6
2022-04-23 13:00:00,4456.0,26.1
2022-04-23 14:00:00,4475.0,26.8
2022-04-23 15:00:00,4554.0,26.8
2022-04-23 16:00:00,4685.0,28.3
2022-04-23 17:00:00,4989.0,27.4
2022-04-23 18:00:00,5012.0,26.6
2022-04-23 19:00:00,5024.0,25.1
2022-04-23 20:00:00,5110.0,24.2
2022-04-23 21:00:00,5018.0,23.0
2022-04-23 22:00:00,4642.0,22.8
2022-04-23 23:00:00,4181.0,21.9
2022-04-24 00:00:00,4096.0,21.0
2022-04-24 01:00:00,3646.0,20.6
2022-04-24 02:00:00,3409.0,20.0
2022-04-24 03:00:00,3273.0,19.5
2022-04-24 04:00:00,3150.0,19.3
2022-04-24 05:00:00,3158.0,19.2
2022-04-24 06:00:00,3469.0,18.9
2022-04-24 07:00:00,3923.0,20.1
2022-04-24 08:00:00,4138.0,23.0
2022-04-24 09:00:00,4584.0,26.0
2022-04-24 10:00:00,4862.0,28.9
2022-04-24 11:00:00,5029.0,30.2
2022-04-24 12:00:00,4793.0,31.8
2022-04-24 13:00:00,4671.0,32.1
2022-04-24 14:00:00,4714.0,32.4
2022-04-24 15:00:00,4923.0,31.8
2022-04-24 16:00:00,5148.0,31.2
2022-04-24 17:00:00,5309.0,30.6
2022-04-24 18:00:00,5307.0,30.2
2022-04-24 19:00:00,5332.0,29.0
2022-04-24 20:00:00,5286.0,26.1
2022-04-24 21:00:00,5156.0,25.1
2022-04-24 22:00:00,4698.0,25.1
2022-04-24 23:00:00,4259.0,24.7
2022-04-25 00:00:00,4144.0,24.2
2022-04-25 01:00:00,3742.0,23.9
2022-04-25 02:00:00,3521.0,24.1
2022-04-25 03:00:00,3352.0,23.7
2022-04-25 04:00:00,3274.0,23.9
2022-04-25 05:00:00,3268.0,24.2
2022-04-25 06:00:00,3536.0,24.4
2022-04-25 07:00:00,3986.0,24.8
2022-04-25 08:00:00,4309.0,26.1
2022-04-25 09:00:00,4888.0,26.8
2022-04-25 10:00:00,5185.0,28.8
2022-04-25 11:00:00,5472.0,30.7
2022-04-25 12:00:00,5253.0,30.5
2022-04-25 13:00:00,5130.0,30.7
2022-04-25 14:00:00,5143.0,30.4
2022-04-25 15:00:00,5255.0,29.2
2022-04-25 16:00:00,5334.0,25.8
2022-04-25 17:00:00,5568.0,23.1
2022-04-25 18:00:00,5449.0,23.0
2022-04-25 19:00:00,5464.0,22.6
2022-04-25 20:00:00,5337.0,22.5
2022-04-25 21:00:00,5214.0,22.6
2022-04-25 22:00:00,4808.0,22.8
2022-04-25 23:00:00,4352.0,22.8
2022-04-26 00:00:00,4276.0,22.7
2022-04-26 01:00:00,3867.0,22.7
2022-04-26 02:00:00,3618.0,22.4
2022-04-26 03:00:00,3445.0,21.7
2022-04-26 04:00:00,3348.0,21.3
2022-04-26 05:00:00,3373.0,21.2
2022-04-26 06:00:00,3687.0,20.9
2022-04-26 07:00:00,4117.0,21.7
2022-04-26 08:00:00,4400.0,22.5
2022-04-26 09:00:00,4944.0,22.7
2022-04-26 10:00:00,5183.0,23.9
2022-04-26 11:00:00,5363.0,24.3
2022-04-26 12:00:00,4979.0,26.4
2022-04-26 13:00:00,4971.0,27.3
2022-04-26 14:00:00,4968.0,28.0
2022-04-26 15:00:00,5099.0,30.0
2022-04-26 16:00:00,5282.0,28.8
2022-04-26 17:00:00,5524.0,28.7
2022-04-26 18:00:00,5467.0,27.1
2022-04-26 19:00:00,5510.0,26.1
2022-04-26 20:00:00,5493.0,25.4
2022-04-26 21:00:00,5360.0,24.9
2022-04-26 22:00:00,4935.0,23.3
2022-04-26 23:00:00,4456.0,22.3
2022-04-27 00:00:00,4478.0,22.2
2022-04-27 01:00:00,3899.0,22.0
2022-04-27 02:00:00,3646.0,21.8
2022-04-27 03:00:00,3468.0,21.8
2022-04-27 04:00:00,3403.0,21.8
2022-04-27 05:00:00,3370.0,21.8
2022-04-27 06:00:00,3694.0,21.5
2022-04-27 07:00:00,4107.0,22.0
2022-04-27 08:00:00,4442.0,22.9
2022-04-27 09:00:00,4991.0,24.4
2022-04-27 10:00:00,5229.0,25.6
2022-04-27 11:00:00,5472.0,27.6
2022-04-27 12:00:00,5187.0,28.0
2022-04-27 13:00:00,5088.0,28.9
2022-04-27 14:00:00,5072.0,28.5
2022-04-27 15:00:00,5278.0,29.4
2022-04-27 16:00:00,5453.0,28.6
2022-04-27 17:00:00,5651.0,28.2
2022-04-27 18:00:00,5608.0,26.7
2022-04-27 19:00:00,5675.0,25.8
2022-04-27 20:00:00,5580.0,24.1
2022-04-27 21:00:00,5415.0,23.9
2022-04-27 22:00:00,5009.0,23.7
2022-04-27 23:00:00,4535.0,23.2
2022-04-28 00:00:00,4428.0,22.9
2022-04-28 01:00:00,4007.0,22.5
2022-04-28 02:00:00,3764.0,22.3
2022-04-28 03:00:00,3564.0,22.2
2022-04-28 04:00:00,3439.0,22.0
2022-04-28 05:00:00,3429.0,21.7
2022-04-28 06:00:00,3706.0,21.5
2022-04-28 07:00:00,4134.0,21.7
2022-04-28 08:00:00,4427.0,22.5
2022-04-28 09:00:00,4991.0,23.6
2022-04-28 10:00:00,5203.0,24.7
2022-04-28 11:00:00,5341.0,25.3
2022-04-28 12:00:00,5111.0,26.4
2022-04-28 13:00:00,5083.0,27.7
2022-04-28 14:00:00,5122.0,27.6
2022-04-28 15:00:00,5129.0,27.5
2022-04-28 16:00:00,5052.0,18.7
2022-04-28 17:00:00,5273.0,17.0
2022-04-28 18:00:00,5101.0,15.5
2022-04-28 19:00:00,5026.0,14.4
2022-04-28 20:00:00,4897.0,13.6
2022-04-28 21:00:00,4730.0,13.4
2022-04-28 22:00:00,4339.0,13.2
2022-04-28 23:00:00,3874.0,13.2
2022-04-29 00:00:00,3851.0,12.9
2022-04-29 01:00:00,3517.0,12.5
2022-04-29 02:00:00,3227.0,12.1
2022-04-29 03:00:00,3105.0,12.1
2022-04-29 04:00:00,3038.0,12.1
2022-04-29 05:00:00,3039.0,12.0
2022-04-29 06:00:00,3281.0,12.1
2022-04-29 07:00:00,3816.0,12.1
2022-04-29 08:00:00,4111.0,12.3
2022-04-29 09:00:00,4581.0,12.5
2022-04-29 10:00:00,4835.0,13.4
2022-04-29 11:00:00,4976.0,13.6
2022-04-29 12:00:00,4606.0,14.2
2022-04-29 13:00:00,4376.0,14.7
2022-04-29 14:00:00,4364.0,15.0
2022-04-29 15:00:00,4469.0,15.3
2022-04-29 16:00:00,4571.0,15.6
2022-04-29 17:00:00,4864.0,15.4
2022-04-29 18:00:00,4750.0,14.8
2022-04-29 19:00:00,4776.0,14.5
2022-04-29 20:00:00,4694.0,14.2
2022-04-29 21:00:00,4615.0,14.1
2022-04-29 22:00:00,4371.0,14.0
2022-04-29 23:00:00,4043.0,13.9
2022-04-30 00:00:00,3919.0,13.6
2022-04-30 01:00:00,3492.0,13.4
2022-04-30 02:00:00,3226.0,13.4
2022-04-30 03:00:00,3033.0,13.2
2022-04-30 04:00:00,2940.0,13.3
2022-04-30 05:00:00,2931.0,13.2
2022-04-30 06:00:00,3064.0,13.2
2022-04-30 07:00:00,3396.0,13.4
2022-04-30 08:00:00,3726.0,13.8
2022-04-30 09:00:00,4224.0,13.7
2022-04-30 10:00:00,4509.0,13.9
2022-04-30 11:00:00,4660.0,13.6
2022-04-30 12:00:00,4362.0,14.3
2022-04-30 13:00:00,4166.0,14.4
2022-04-30 14:00:00,4067.0,14.6
2022-04-30 15:00:00,4143.0,14.5
2022-04-30 16:00:00,4202.0,14.0
2022-04-30 17:00:00,4484.0,14.0
2022-04-30 18:00:00,4403.0,13.7
2022-04-30 19:00:00,4444.0,13.5
2022-04-30 20:00:00,4351.0,13.2
2022-04-30 21:00:00,4209.0,13.3
2022-04-30 22:00:00,3952.0,13.4
2022-04-30 23:00:00,3482.0,13.4
2022-05-01 00:00:00,3417.0,13.4
2022-05-01 01:00:00,2986.0,13.5
2022-05-01 02:00:00,2720.0,13.4
2022-05-01 03:00:00,2557.0,12.9
2022-05-01 04:00:00,2454.0,12.8
2022-05-01 05:00:00,2429.0,12.9
2022-05-01 06:00:00,2585.0,13.0
2022-05-01 07:00:00,2889.0,13.1
2022-05-01 08:00:00,3179.0,13.4
2022-05-01 09:00:00,3382.0,13.9
2022-05-01 10:00:00,3678.0,14.5
2022-05-01 11:00:00,3821.0,14.4
2022-05-01 12:00:00,3618.0,15.4
2022-05-01 13:00:00,3478.0,16.3
2022-05-01 14:00:00,3264.0,16.6
2022-05-01 15:00:00,3326.0,16.8
2022-05-01 16:00:00,3478.0,17.0
2022-05-01 17:00:00,3763.0,16.5
2022-05-01 18:00:00,3890.0,17.2
2022-05-01 19:00:00,3905.0,15.5
2022-05-01 20:00:00,4021.0,15.4
2022-05-01 21:00:00,3987.0,15.1
2022-05-01 22:00:00,3828.0,14.7
2022-05-01 23:00:00,3432.0,14.2
2022-05-02 00:00:00,3350.0,13.4
2022-05-02 01:00:00,2940.0,12.8
2022-05-02 02:00:00,2669.0,12.8
2022-05-02 03:00:00,2519.0,12.5
2022-05-02 04:00:00,2457.0,12.3
2022-05-02 05:00:00,2447.0,12.0
2022-05-02 06:00:00,2698.0,12.0
2022-05-02 07:00:00,3038.0,12.4
2022-05-02 08:00:00,3287.0,13.9
2022-05-02 09:00:00,3573.0,15.7
2022-05-02 10:00:00,3770.0,18.8
2022-05-02 11:00:00,3865.0,20.1
2022-05-02 12:00:00,3677.0,21.2
2022-05-02 13:00:00,3484.0,22.9
2022-05-02 14:00:00,3338.0,23.8
2022-05-02 15:00:00,3429.0,24.0
2022-05-02 16:00:00,3577.0,24.8
2022-05-02 17:00:00,3944.0,24.8
2022-05-02 18:00:00,4102.0,24.1
2022-05-02 19:00:00,4176.0,21.9
2022-05-02 20:00:00,4329.0,20.1
2022-05-02 21:00:00,4308.0,19.6
2022-05-02 22:00:00,4019.0,18.6
2022-05-02 23:00:00,3615.0,18.2
2022-05-03 00:00:00,3523.0,17.1
2022-05-03 01:00:00,3124.0,15.2
2022-05-03 02:00:00,2858.0,14.2
2022-05-03 03:00:00,2712.0,14.1
2022-05-03 04:00:00,2640.0,13.5
2022-05-03 05:00:00,2670.0,13.2
2022-05-03 06:00:00,2943.0,12.9
2022-05-03 07:00:00,3282.0,13.6
2022-05-03 08:00:00,3563.0,16.5
2022-05-03 09:00:00,3916.0,19.3
2022-05-03 10:00:00,4107.0,21.9
2022-05-03 11:00:00,4231.0,24.3
2022-05-03 12:00:00,3937.0,26.2
2022-05-03 13:00:00,3766.0,27.1
2022-05-03 14:00:00,3753.0,27.3
2022-05-03 15:00:00,3822.0,28.2
2022-05-03 16:00:00,4075.0,28.4
2022-05-03 17:00:00,4394.0,28.3
2022-05-03 18:00:00,4476.0,28.1
2022-05-03 19:00:00,4512.0,26.1
2022-05-03 20:00:00,4662.0,23.8
2022-05-03 21:00:00,4557.0,22.7
2022-05-03 22:00:00,4286.0,22.0
2022-05-03 23:00:00,3879.0,20.9
2022-05-04 00:00:00,3787.0,19.3
2022-05-04 01:00:00,3371.0,18.1
2022-05-04 02:00:00,3121.0,18.0
2022-05-04 03:00:00,2935.0,16.5
2022-05-04 04:00:00,2852.0,15.5
2022-05-04 05:00:00,2830.0,15.4
2022-05-04 06:00:00,3161.0,14.6
2022-05-04 07:00:00,3459.0,15.8
2022-05-04 08:00:00,3787.0,17.4
2022-05-04 09:00:00,4171.0,20.7
2022-05-04 10:00:00,4351.0,23.7
2022-05-04 11:00:00,4566.0,25.9
2022-05-04 12:00:00,4274.0,27.7
2022-05-04 13:00:00,4076.0,28.6
2022-05-04 14:00:00,4079.0,29.1
2022-05-04 15:00:00,4254.0,29.4
2022-05-04 16:00:00,4411.0,29.6
2022-05-04 17:00:00,4743.0,29.2
2022-05-04 18:00:00,4829.0,29.0
2022-05-04 19:00:00,4830.0,27.1
2022-05-04 20:00:00,4979.0,25.5
2022-05-04 21:00:00,4879.0,25.0
2022-05-04 22:00:00,4461.0,22.2
2022-05-04 23:00:00,3981.0,20.0
2022-05-05 00:00:00,3894.0,18.9
2022-05-05 01:00:00,3511.0,18.8
2022-05-05 02:00:00,3234.0,18.1
2022-05-05 03:00:00,3115.0,18.1
2022-05-05 04:00:00,3020.0,16.7
2022-05-05 05:00:00,3016.0,15.4
2022-05-05 06:00:00,3417.0,15.5
2022-05-05 07:00:00,3846.0,16.6
2022-05-05 08:00:00,4119.0,20.4
2022-05-05 09:00:00,4535.0,22.6
2022-05-05 10:00:00,4768.0,26.4
2022-05-05 11:00:00,4917.0,29.3
2022-05-05 12:00:00,4576.0,29.7
2022-05-05 13:00:00,4459.0,30.9
2022-05-05 14:00:00,4453.0,31.4
2022-05-05 15:00:00,4637.0,31.3
2022-05-05 16:00:00,4843.0,31.2
2022-05-05 17:00:00,5143.0,30.4
2022-05-05 18:00:00,5060.0,29.9
2022-05-05 19:00:00,5048.0,28.4
2022-05-05 20:00:00,5100.0,26.7
2022-05-05 21:00:00,4997.0,25.2
2022-05-05 22:00:00,4616.0,22.4
2022-05-05 23:00:00,4127.0,21.8
2022-05-06 00:00:00,4033.0,20.5
2022-05-06 01:00:00,3623.0,19.6
2022-05-06 02:00:00,3383.0,17.8
2022-05-06 03:00:00,3242.0,17.6
2022-05-06 04:00:00,3123.0,17.7
2022-05-06 05:00:00,3136.0,17.1
2022-05-06 06:00:00,3546.0,17.3
2022-05-06 07:00:00,3917.0,19.3
2022-05-06 08:00:00,4152.0,21.5
2022-05-06 09:00:00,4612.0,24.8
2022-05-06 10:00:00,4900.0,28.3
2022-05-06 11:00:00,5118.0,29.8
2022-05-06 12:00:00,4800.0,30.0
2022-05-06 13:00:00,4644.0,32.2
2022-05-06 14:00:00,4695.0,31.7
2022-05-06 15:00:00,4965.0,32.4
2022-05-06 16:00:00,5152.0,32.6
2022-05-06 17:00:00,5433.0,31.9
2022-05-06 18:00:00,5362.0,31.2
2022-05-06 19:00:00,5371.0,29.1
2022-05-06 20:00:00,5397.0,27.6
2022-05-06 21:00:00,5233.0,27.1
2022-05-06 22:00:00,4867.0,26.6
2022-05-06 23:00:00,4391.0,24.7
2022-05-07 00:00:00,4314.0,24.2
2022-05-07 01:00:00,3925.0,23.6
2022-05-07 02:00:00,3640.0,23.4
2022-05-07 03:00:00,3488.0,23.2
2022-05-07 04:00:00,3374.0,22.6
2022-05-07 05:00:00,3369.0,21.6
2022-05-07 06:00:00,3606.0,20.8
2022-05-07 07:00:00,4059.0,21.1
2022-05-07 08:00:00,4362.0,21.6
2022-05-07 09:00:00,4881.0,21.8
2022-05-07 10:00:00,5116.0,22.3
2022-05-07 11:00:00,5254.0,23.0
2022-05-07 12:00:00,4900.0,23.3
2022-05-07 13:00:00,4720.0,23.2
2022-05-07 14:00:00,4719.0,23.7
2022-05-07 15:00:00,4877.0,24.1
2022-05-07 16:00:00,4998.0,23.7
2022-05-07 17:00:00,5232.0,24.1
2022-05-07 18:00:00,5144.0,24.0
2022-05-07 19:00:00,5142.0,23.5
2022-05-07 20:00:00,5106.0,23.3
2022-05-07 21:00:00,4983.0,23.1
2022-05-07 22:00:00,4719.0,22.7
2022-05-07 23:00:00,4322.0,22.6
2022-05-08 00:00:00,4257.0,22.1
2022-05-08 01:00:00,3828.0,22.1
2022-05-08 02:00:00,3558.0,22.1
2022-05-08 03:00:00,3389.0,21.9
2022-05-08 04:00:00,3297.0,21.9
2022-05-08 05:00:00,3286.0,21.6
2022-05-08 06:00:00,3445.0,21.2
2022-05-08 07:00:00,3715.0,20.8
2022-05-08 08:00:00,4014.0,20.0
2022-05-08 09:00:00,4479.0,19.9
2022-05-08 10:00:00,4718.0,20.4
2022-05-08 11:00:00,4909.0,21.9
2022-05-08 12:00:00,4692.0,23.0
2022-05-08 13:00:00,4488.0,21.5
2022-05-08 14:00:00,4509.0,20.9
2022-05-08 15:00:00,4558.0,21.5
2022-05-08 16:00:00,4725.0,21.6
2022-05-08 17:00:00,5103.0,21.1
2022-05-08 18:00:00,5005.0,21.1
2022-05-08 19:00:00,4918.0,21.1
2022-05-08 20:00:00,5001.0,21.2
2022-05-08 21:00:00,4866.0,21.0
2022-05-08 22:00:00,4514.0,20.9
2022-05-08 23:00:00,4104.0,20.9
2022-05-09 00:00:00,3983.0,20.9
2022-05-09 01:00:00,3629.0,20.9
2022-05-09 02:00:00,3422.0,20.9
2022-05-09 03:00:00,3249.0,20.9
2022-05-09 04:00:00,3168.0,20.8
2022-05-09 05:00:00,3174.0,20.6
2022-05-09 06:00:00,3469.0,20.6
2022-05-09 07:00:00,3913.0,20.7
2022-05-09 08:00:00,4274.0,20.8
2022-05-09 09:00:00,4787.0,21.0
2022-05-09 10:00:00,5031.0,21.5
2022-05-09 11:00:00,5190.0,22.1
2022-05-09 12:00:00,4834.0,23.3
2022-05-09 13:00:00,4675.0,25.3
2022-05-09 14:00:00,4708.0,26.6
2022-05-09 15:00:00,4855.0,26.6
2022-05-09 16:00:00,5060.0,26.0
2022-05-09 17:00:00,5308.0,25.0
2022-05-09 18:00:00,5185.0,23.5
2022-05-09 19:00:00,5136.0,22.3
2022-05-09 20:00:00,5116.0,20.8
2022-05-09 21:00:00,4991.0,20.2
2022-05-09 22:00:00,4587.0,19.6
2022-05-09 23:00:00,4148.0,18.6
2022-05-10 00:00:00,4050.0,17.9
2022-05-10 01:00:00,3628.0,17.3
2022-05-10 02:00:00,3392.0,16.9
2022-05-10 03:00:00,3264.0,16.6
2022-05-10 04:00:00,3158.0,16.4
2022-05-10 05:00:00,3149.0,16.3
2022-05-10 06:00:00,3384.0,16.0
2022-05-10 07:00:00,3868.0,15.5
2022-05-10 08:00:00,4241.0,15.6
2022-05-10 09:00:00,4662.0,15.9
2022-05-10 10:00:00,4888.0,15.8
2022-05-10 11:00:00,5057.0,15.6
2022-05-10 12:00:00,4691.0,15.9
2022-05-10 13:00:00,4416.0,16.3
2022-05-10 14:00:00,4418.0,16.8
2022-05-10 15:00:00,4570.0,17.4
2022-05-10 16:00:00,4692.0,17.0
2022-05-10 17:00:00,4980.0,17.5
2022-05-10 18:00:00,4888.0,17.7
2022-05-10 19:00:00,4904.0,17.4
2022-05-10 20:00:00,4901.0,17.2
2022-05-10 21:00:00,4833.0,17.0
2022-05-10 22:00:00,4467.0,17.0
2022-05-10 23:00:00,4046.0,17.0
2022-05-11 00:00:00,4121.0,17.0
2022-05-11 01:00:00,3575.0,17.0
2022-05-11 02:00:00,3355.0,17.0
2022-05-11 03:00:00,3216.0,16.6
2022-05-11 04:00:00,3129.0,16.8
2022-05-11 05:00:00,3106.0,16.7
2022-05-11 06:00:00,3426.0,16.9
2022-05-11 07:00:00,3918.0,17.1
2022-05-11 08:00:00,4191.0,17.6
2022-05-11 09:00:00,4637.0,18.6
2022-05-11 10:00:00,4845.0,19.8
2022-05-11 11:00:00,4983.0,20.2
2022-05-11 12:00:00,4617.0,22.3
2022-05-11 13:00:00,4386.0,22.2
2022-05-11 14:00:00,4467.0,22.0
2022-05-11 15:00:00,4566.0,22.1
2022-05-11 16:00:00,4747.0,22.0
2022-05-11 17:00:00,5105.0,21.8
2022-05-11 18:00:00,4981.0,21.2
2022-05-11 19:00:00,5022.0,20.6
2022-05-11 20:00:00,5010.0,20.3
2022-05-11 21:00:00,4943.0,20.1
2022-05-11 22:00:00,4570.0,19.1
2022-05-11 23:00:00,4137.0,18.8
2022-05-12 00:00:00,4004.0,18.7
2022-05-12 01:00:00,3594.0,18.8
2022-05-12 02:00:00,3375.0,18.7
2022-05-12 03:00:00,3226.0,18.6
2022-05-12 04:00:00,3126.0,18.5
2022-05-12 05:00:00,3136.0,18.4
2022-05-12 06:00:00,3427.0,18.3
2022-05-12 07:00:00,3916.0,18.4
2022-05-12 08:00:00,4197.0,18.7
2022-05-12 09:00:00,4682.0,19.0
2022-05-12 10:00:00,4932.0,19.5
2022-05-12 11:00:00,5087.0,19.7
2022-05-12 12:00:00,4660.0,20.3
2022-05-12 13:00:00,4448.0,20.5
2022-05-12 14:00:00,4451.0,20.7
2022-05-12 15:00:00,4656.0,20.2
2022-05-12 16:00:00,4827.0,20.0
2022-05-12 17:00:00,5129.0,19.7
2022-05-12 18:00:00,5040.0,19.7
2022-05-12 19:00:00,5007.0,19.5
2022-05-12 20:00:00,4970.0,19.5
2022-05-12 21:00:00,4880.0,19.5
2022-05-12 22:00:00,4549.0,19.4
2022-05-12 23:00:00,4143.0,19.3
2022-05-13 00:00:00,4015.0,19.2
2022-05-13 01:00:00,3613.0,19.1
2022-05-13 02:00:00,3373.0,19.0
2022-05-13 03:00:00,3234.0,18.8
2022-05-13 04:00:00,3136.0,18.8
2022-05-13 05:00:00,3144.0,18.7
2022-05-13 06:00:00,3415.0,18.7
2022-05-13 07:00:00,3887.0,18.8
2022-05-13 08:00:00,4233.0,19.0
2022-05-13 09:00:00,4704.0,20.1
2022-05-13 10:00:00,4971.0,20.7
2022-05-13 11:00:00,5080.0,20.6
2022-05-13 12:00:00,4722.0,21.1
2022-05-13 13:00:00,4490.0,20.5
2022-05-13 14:00:00,4528.0,19.8
2022-05-13 15:00:00,4590.0,20.3
2022-05-13 16:00:00,4805.0,20.2
2022-05-13 17:00:00,5100.0,19.8
2022-05-13 18:00:00,4988.0,20.2
2022-05-13 19:00:00,4931.0,19.8
2022-05-13 20:00:00,4945.0,19.5
2022-05-13 21:00:00,4856.0,19.4
2022-05-13 22:00:00,4630.0,19.3
2022-05-13 23:00:00,4182.0,19.2
2022-05-14 00:00:00,4098.0,19.0
2022-05-14 01:00:00,3664.0,18.7
2022-05-14 02:00:00,3410.0,18.5
2022-05-14 03:00:00,3242.0,18.3
2022-05-14 04:00:00,3143.0,18.1
2022-05-14 05:00:00,3112.0,18.0
2022-05-14 06:00:00,3389.0,17.8
2022-05-14 07:00:00,3655.0,18.1
2022-05-14 08:00:00,3999.0,19.0
2022-05-14 09:00:00,4460.0,19.8
2022-05-14 10:00:00,4670.0,21.1
2022-05-14 11:00:00,4820.0,22.3
2022-05-14 12:00:00,4523.0,23.6
2022-05-14 13:00:00,4431.0,23.0
2022-05-14 14:00:00,4429.0,22.2
2022-05-14 15:00:00,4573.0,20.2
2022-05-14 16:00:00,4726.0,18.5
2022-05-14 17:00:00,5146.0,17.6
2022-05-14 18:00:00,4992.0,17.1
2022-05-14 19:00:00,4934.0,15.9
2022-05-14 20:00:00,4878.0,14.8
2022-05-14 21:00:00,4687.0,14.5
2022-05-14 22:00:00,4382.0,14.3
2022-05-14 23:00:00,4003.0,14.0
2022-05-15 00:00:00,3923.0,13.7
2022-05-15 01:00:00,3551.0,13.3
2022-05-15 02:00:00,3313.0,13.1
2022-05-15 03:00:00,3129.0,13.0
2022-05-15 04:00:00,3063.0,13.2
2022-05-15 05:00:00,3054.0,12.7
2022-05-15 06:00:00,3228.0,12.7
2022-05-15 07:00:00,3540.0,13.2
2022-05-15 08:00:00,3890.0,13.6
2022-05-15 09:00:00,4317.0,14.2
2022-05-15 10:00:00,4647.0,14.4
2022-05-15 11:00:00,4804.0,14.9
2022-05-15 12:00:00,4486.0,15.6
2022-05-15 13:00:00,4339.0,15.4
2022-05-15 14:00:00,4258.0,15.8
2022-05-15 15:00:00,4367.0,15.8
2022-05-15 16:00:00,4519.0,15.7
2022-05-15 17:00:00,4844.0,15.9
2022-05-15 18:00:00,4821.0,16.1
2022-05-15 19:00:00,4796.0,15.9
2022-05-15 20:00:00,4860.0,15.6
2022-05-15 21:00:00,4770.0,15.4
2022-05-15 22:00:00,4440.0,15.2
2022-05-15 23:00:00,3969.0,15.1
2022-05-16 00:00:00,3865.0,15.0
2022-05-16 01:00:00,3451.0,14.9
2022-05-16 02:00:00,3203.0,14.9
2022-05-16 03:00:00,3052.0,14.3
2022-05-16 04:00:00,2983.0,14.1
2022-05-16 05:00:00,3012.0,13.9
2022-05-16 06:00:00,3395.0,13.8
2022-05-16 07:00:00,3874.0,14.3
2022-05-16 08:00:00,4121.0,15.5
2022-05-16 09:00:00,4519.0,17.6
2022-05-16 10:00:00,4702.0,18.4
2022-05-16 11:00:00,4797.0,19.5
2022-05-16 12:00:00,4420.0,20.9
2022-05-16 13:00:00,4211.0,22.7
2022-05-16 14:00:00,4198.0,22.8
2022-05-16 15:00:00,4374.0,23.6
2022-05-16 16:00:00,4584.0,23.9
2022-05-16 17:00:00,4885.0,23.5
2022-05-16 18:00:00,4864.0,23.7
2022-05-16 19:00:00,4933.0,21.5
2022-05-16 20:00:00,5059.0,20.5
2022-05-16 21:00:00,4972.0,20.1
2022-05-16 22:00:00,4663.0,18.5
2022-05-16 23:00:00,4185.0,17.9
2022-05-17 00:00:00,4017.0,18.1
2022-05-17 01:00:00,3624.0,16.3
2022-05-17 02:00:00,3369.0,15.3
2022-05-17 03:00:00,3220.0,15.1
2022-05-17 04:00:00,3135.0,14.5
2022-05-17 05:00:00,3153.0,14.5
2022-05-17 06:00:00,3556.0,14.2
2022-05-17 07:00:00,3927.0,15.4
2022-05-17 08:00:00,4192.0,17.1
2022-05-17 09:00:00,4539.0,19.2
2022-05-17 10:00:00,4773.0,21.9
2022-05-17 11:00:00,4889.0,24.3
2022-05-17 12:00:00,4491.0,25.4
2022-05-17 13:00:00,4278.0,26.2
2022-05-17 14:00:00,4334.0,27.2
2022-05-17 15:00:00,4537.0,27.9
2022-05-17 16:00:00,4784.0,26.6
2022-05-17 17:00:00,5044.0,25.6
2022-05-17 18:00:00,4998.0,24.7
2022-05-17 19:00:00,5047.0,24.0
2022-05-17 20:00:00,5085.0,23.3
2022-05-17 21:00:00,4992.0,22.8
2022-05-17 22:00:00,4638.0,22.7
2022-05-17 23:00:00,4158.0,21.5
2022-05-18 00:00:00,4057.0,20.3
2022-05-18 01:00:00,3650.0,19.6
2022-05-18 02:00:00,3396.0,19.0
2022-05-18 03:00:00,3241.0,18.6
2022-05-18 04:00:00,3172.0,18.6
2022-05-18 05:00:00,3176.0,18.4
2022-05-18 06:00:00,3560.0,18.3
2022-05-18 07:00:00,3967.0,18.4
2022-05-18 08:00:00,4198.0,19.3
2022-05-18 09:00:00,4660.0,20.6
2022-05-18 10:00:00,4879.0,21.7
2022-05-18 11:00:00,4995.0,22.8
2022-05-18 12:00:00,4594.0,24.1
2022-05-18 13:00:00,4441.0,24.3
2022-05-18 14:00:00,4482.0,25.6
2022-05-18 15:00:00,4655.0,24.5
2022-05-18 16:00:00,4820.0,24.1
2022-05-18 17:00:00,5085.0,23.2
2022-05-18 18:00:00,5063.0,22.6
2022-05-18 19:00:00,5049.0,21.9
2022-05-18 20:00:00,5051.0,21.4
2022-05-18 21:00:00,4955.0,20.9
2022-05-18 22:00:00,4629.0,19.5
2022-05-18 23:00:00,4122.0,19.0
2022-05-19 00:00:00,4003.0,18.8
2022-05-19 01:00:00,3600.0,18.8
2022-05-19 02:00:00,3364.0,18.8
2022-05-19 03:00:00,3204.0,18.7
2022-05-19 04:00:00,3137.0,18.4
2022-05-19 05:00:00,3164.0,18.3
2022-05-19 06:00:00,3500.0,18.3
2022-05-19 07:00:00,3939.0,18.3
2022-05-19 08:00:00,4262.0,18.9
2022-05-19 09:00:00,4700.0,19.6
2022-05-19 10:00:00,4978.0,19.9
2022-05-19 11:00:00,5101.0,19.8
2022-05-19 12:00:00,4704.0,19.8
2022-05-19 13:00:00,4507.0,20.0
2022-05-19 14:00:00,4511.0,19.6
2022-05-19 15:00:00,4683.0,19.6
2022-05-19 16:00:00,4843.0,19.7
2022-05-19 17:00:00,5186.0,19.3
2022-05-19 18:00:00,5050.0,19.1
2022-05-19 19:00:00,5093.0,18.8
2022-05-19 20:00:00,5020.0,18.4
2022-05-19 21:00:00,4931.0,18.1
2022-05-19 22:00:00,4551.0,17.6
2022-05-19 23:00:00,4128.0,17.3
2022-05-20 00:00:00,4031.0,17.4
2022-05-20 01:00:00,3646.0,17.4
2022-05-20 02:00:00,3418.0,17.3
2022-05-20 03:00:00,3251.0,17.3
2022-05-20 04:00:00,3197.0,17.3
2022-05-20 05:00:00,3198.0,17.1
2022-05-20 06:00:00,3498.0,17.0
2022-05-20 07:00:00,3968.0,17.0
2022-05-20 08:00:00,4240.0,17.2
2022-05-20 09:00:00,4671.0,17.8
2022-05-20 10:00:00,4908.0,18.8
2022-05-20 11:00:00,5061.0,19.8
2022-05-20 12:00:00,4642.0,19.0
2022-05-20 13:00:00,4338.0,21.5
2022-05-20 14:00:00,4457.0,21.5
2022-05-20 15:00:00,4558.0,21.5
2022-05-20 16:00:00,4739.0,22.6
2022-05-20 17:00:00,5040.0,22.0
2022-05-20 18:00:00,4923.0,22.0
2022-05-20 19:00:00,4922.0,20.8
2022-05-20 20:00:00,5015.0,19.9
2022-05-20 21:00:00,4907.0,19.7
2022-05-20 22:00:00,4706.0,19.0
2022-05-20 23:00:00,4296.0,18.4
2022-05-21 00:00:00,4212.0,18.2
2022-05-21 01:00:00,3808.0,17.4
2022-05-21 02:00:00,3516.0,17.2
2022-05-21 03:00:00,3321.0,17.4
2022-05-21 04:00:00,3233.0,16.9
2022-05-21 05:00:00,3206.0,16.7
2022-05-21 06:00:00,3506.0,16.7
2022-05-21 07:00:00,3752.0,17.3
2022-05-21 08:00:00,4036.0,17.8
2022-05-21 09:00:00,4491.0,19.4
2022-05-21 10:00:00,4680.0,22.2
2022-05-21 11:00:00,4909.0,24.0
2022-05-21 12:00:00,4509.0,24.7
2022-05-21 13:00:00,4361.0,25.7
2022-05-21 14:00:00,4454.0,27.5
2022-05-21 15:00:00,4535.0,26.7
2022-05-21 16:00:00,4711.0,26.0
2022-05-21 17:00:00,5027.0,25.7
2022-05-21 18:00:00,4999.0,24.7
2022-05-21 19:00:00,4990.0,23.4
2022-05-21 20:00:00,5042.0,22.7
2022-05-21 21:00:00,4915.0,22.2
2022-05-21 22:00:00,4640.0,21.9
2022-05-21 23:00:00,4198.0,21.1
2022-05-22 00:00:00,4135.0,21.1
2022-05-22 01:00:00,3726.0,21.1
2022-05-22 02:00:00,3431.0,21.2
2022-05-22 03:00:00,3273.0,20.6
2022-05-22 04:00:00,3197.0,20.0
2022-05-22 05:00:00,3172.0,19.8
2022-05-22 06:00:00,3412.0,19.6
2022-05-22 07:00:00,3666.0,20.0
2022-05-22 08:00:00,3993.0,20.6
2022-05-22 09:00:00,4401.0,21.1
2022-05-22 10:00:00,4673.0,21.5
2022-05-22 11:00:00,4811.0,21.9
2022-05-22 12:00:00,4505.0,22.4
2022-05-22 13:00:00,4371.0,23.5
2022-05-22 14:00:00,4362.0,22.4
2022-05-22 15:00:00,4456.0,21.7
2022-05-22 16:00:00,4597.0,21.9
2022-05-22 17:00:00,4967.0,21.5
2022-05-22 18:00:00,4940.0,20.7
2022-05-22 19:00:00,4798.0,20.3
2022-05-22 20:00:00,4909.0,20.0
2022-05-22 21:00:00,4817.0,19.8
2022-05-22 22:00:00,4468.0,19.8
2022-05-22 23:00:00,4012.0,19.6
2022-05-23 00:00:00,3944.0,19.4
2022-05-23 01:00:00,3560.0,19.1
2022-05-23 02:00:00,3326.0,19.0
2022-05-23 03:00:00,3144.0,18.8
2022-05-23 04:00:00,3074.0,18.6
2022-05-23 05:00:00,3151.0,18.6
2022-05-23 06:00:00,3480.0,18.8
2022-05-23 07:00:00,3889.0,19.4
2022-05-23 08:00:00,4188.0,20.3
2022-05-23 09:00:00,4631.0,21.6
2022-05-23 10:00:00,4907.0,22.7
2022-05-23 11:00:00,5068.0,23.7
2022-05-23 12:00:00,4708.0,24.8
2022-05-23 13:00:00,4462.0,25.2
2022-05-23 14:00:00,4499.0,25.4
2022-05-23 15:00:00,4727.0,26.0
2022-05-23 16:00:00,4904.0,26.1
2022-05-23 17:00:00,5201.0,26.0
2022-05-23 18:00:00,5127.0,25.5
2022-05-23 19:00:00,5168.0,24.8
2022-05-23 20:00:00,5123.0,23.8
2022-05-23 21:00:00,4945.0,23.0
2022-05-23 22:00:00,4775.0,22.4
2022-05-23 23:00:00,4295.0,22.4
2022-05-24 00:00:00,4170.0,22.4
2022-05-24 01:00:00,3743.0,22.2
2022-05-24 02:00:00,3499.0,21.9
2022-05-24 03:00:00,3382.0,21.6
2022-05-24 04:00:00,3288.0,21.4
2022-05-24 05:00:00,3288.0,21.1
2022-05-24 06:00:00,3632.0,21.0
2022-05-24 07:00:00,3998.0,21.0
2022-05-24 08:00:00,4304.0,21.1
2022-05-24 09:00:00,4754.0,21.4
2022-05-24 10:00:00,5036.0,21.7
2022-05-24 11:00:00,5113.0,22.2
2022-05-24 12:00:00,4767.0,23.3
2022-05-24 13:00:00,4576.0,23.8
2022-05-24 14:00:00,4597.0,25.0
2022-05-24 15:00:00,4797.0,24.8
2022-05-24 16:00:00,4943.0,24.1
2022-05-24 17:00:00,5235.0,24.0
2022-05-24 18:00:00,5160.0,23.3
2022-05-24 19:00:00,5147.0,22.9
2022-05-24 20:00:00,5185.0,22.1
2022-05-24 21:00:00,5112.0,21.8
2022-05-24 22:00:00,4799.0,22.0
2022-05-24 23:00:00,4342.0,21.8
2022-05-25 00:00:00,4186.0,21.3
2022-05-25 01:00:00,3803.0,21.0
2022-05-25 02:00:00,3534.0,21.1
2022-05-25 03:00:00,3373.0,21.1
2022-05-25 04:00:00,3286.0,20.9
2022-05-25 05:00:00,3290.0,20.7
2022-05-25 06:00:00,3698.0,20.7
2022-05-25 07:00:00,4063.0,21.0
2022-05-25 08:00:00,4317.0,21.5
2022-05-25 09:00:00,4838.0,23.7
2022-05-25 10:00:00,5144.0,25.3
2022-05-25 11:00:00,5310.0,26.8
2022-05-25 12:00:00,5000.0,28.2
2022-05-25 13:00:00,4820.0,27.5
2022-05-25 14:00:00,4858.0,28.9
2022-05-25 15:00:00,5135.0,28.9
2022-05-25 16:00:00,5238.0,27.7
2022-05-25 17:00:00,5516.0,27.6
2022-05-25 18:00:00,5447.0,27.3
2022-05-25 19:00:00,5441.0,26.9
2022-05-25 20:00:00,5517.0,26.2
2022-05-25 21:00:00,5397.0,25.3
2022-05-25 22:00:00,5016.0,25.0
2022-05-25 23:00:00,4567.0,24.8
2022-05-26 00:00:00,4431.0,24.5
2022-05-26 01:00:00,3944.0,24.1
2022-05-26 02:00:00,3670.0,23.3
2022-05-26 03:00:00,3515.0,21.3
2022-05-26 04:00:00,3395.0,21.1
2022-05-26 05:00:00,3360.0,21.2
2022-05-26 06:00:00,3654.0,21.2
2022-05-26 07:00:00,4075.0,21.0
2022-05-26 08:00:00,4360.0,20.9
2022-05-26 09:00:00,4873.0,21.0
2022-05-26 10:00:00,5133.0,20.9
2022-05-26 11:00:00,5298.0,21.6
2022-05-26 12:00:00,4895.0,21.4
2022-05-26 13:00:00,4692.0,21.7
2022-05-26 14:00:00,4724.0,22.3
2022-05-26 15:00:00,4842.0,23.1
2022-05-26 16:00:00,5013.0,22.9
2022-05-26 17:00:00,5334.0,22.8
2022-05-26 18:00:00,5282.0,21.5
2022-05-26 19:00:00,5155.0,21.1
2022-05-26 20:00:00,5154.0,21.0
2022-05-26 21:00:00,5066.0,20.9
2022-05-26 22:00:00,4728.0,20.6
2022-05-26 23:00:00,4314.0,20.7
2022-05-27 00:00:00,4189.0,20.7
2022-05-27 01:00:00,3774.0,20.7
2022-05-27 02:00:00,3536.0,20.6
2022-05-27 03:00:00,3377.0,20.6
2022-05-27 04:00:00,3290.0,20.5
2022-05-27 05:00:00,3284.0,20.4
2022-05-27 06:00:00,3641.0,20.4
2022-05-27 07:00:00,4047.0,20.6
2022-05-27 08:00:00,4342.0,21.2
2022-05-27 09:00:00,4821.0,21.5
2022-05-27 10:00:00,5106.0,22.0
2022-05-27 11:00:00,5244.0,22.9
2022-05-27 12:00:00,4877.0,23.6
2022-05-27 13:00:00,4746.0,23.1
2022-05-27 14:00:00,4821.0,21.0
2022-05-27 15:00:00,4909.0,20.1
2022-05-27 16:00:00,5046.0,19.6
2022-05-27 17:00:00,5288.0,19.4
2022-05-27 18:00:00,5142.0,19.5
2022-05-27 19:00:00,5097.0,19.5
2022-05-27 20:00:00,5057.0,19.6
2022-05-27 21:00:00,4958.0,19.7
2022-05-27 22:00:00,4671.0,19.8
2022-05-27 23:00:00,4266.0,19.8
2022-05-28 00:00:00,4210.0,19.8
2022-05-28 01:00:00,3802.0,19.7
2022-05-28 02:00:00,3522.0,19.6
2022-05-28 03:00:00,3348.0,19.5
2022-05-28 04:00:00,3279.0,19.7
2022-05-28 05:00:00,3258.0,19.8
2022-05-28 06:00:00,3491.0,19.8
2022-05-28 07:00:00,3785.0,20.0
2022-05-28 08:00:00,4118.0,20.4
2022-05-28 09:00:00,4640.0,21.3
2022-05-28 10:00:00,4885.0,22.5
2022-05-28 11:00:00,5129.0,21.9
2022-05-28 12:00:00,4867.0,22.1
2022-05-28 13:00:00,4646.0,22.2
2022-05-28 14:00:00,4642.0,22.1
2022-05-28 15:00:00,4786.0,22.2
2022-05-28 16:00:00,4919.0,22.1
2022-05-28 17:00:00,5311.0,21.9
2022-05-28 18:00:00,5161.0,21.7
2022-05-28 19:00:00,5104.0,21.6
2022-05-28 20:00:00,5079.0,21.5
2022-05-28 21:00:00,4969.0,21.5
2022-05-28 22:00:00,4670.0,21.5
2022-05-28 23:00:00,4272.0,21.5
2022-05-29 00:00:00,4212.0,21.5
2022-05-29 01:00:00,3797.0,21.4
2022-05-29 02:00:00,3519.0,21.4
2022-05-29 03:00:00,3321.0,21.5
2022-05-29 04:00:00,3244.0,21.5
2022-05-29 05:00:00,3217.0,21.5
2022-05-29 06:00:00,3424.0,21.5
2022-05-29 07:00:00,3709.0,21.7
2022-05-29 08:00:00,4011.0,21.9
2022-05-29 09:00:00,4513.0,22.7
2022-05-29 10:00:00,4819.0,24.3
2022-05-29 11:00:00,5094.0,26.4
2022-05-29 12:00:00,4833.0,26.6
2022-05-29 13:00:00,4731.0,28.6
2022-05-29 14:00:00,4795.0,29.1
2022-05-29 15:00:00,4968.0,29.3
2022-05-29 16:00:00,5187.0,29.1
2022-05-29 17:00:00,5539.0,29.9
2022-05-29 18:00:00,5558.0,25.9
2022-05-29 19:00:00,5494.0,25.7
2022-05-29 20:00:00,5619.0,25.9
2022-05-29 21:00:00,5440.0,25.4
2022-05-29 22:00:00,4996.0,25.3
2022-05-29 23:00:00,4508.0,25.5
2022-05-30 00:00:00,4235.0,24.0
2022-05-30 01:00:00,3835.0,22.5
2022-05-30 02:00:00,3564.0,22.5
2022-05-30 03:00:00,3410.0,22.5
2022-05-30 04:00:00,3316.0,22.5
2022-05-30 05:00:00,3294.0,22.4
2022-05-30 06:00:00,3603.0,22.3
2022-05-30 07:00:00,4064.0,22.6
2022-05-30 08:00:00,4423.0,23.1
2022-05-30 09:00:00,5000.0,23.5
2022-05-30 10:00:00,5316.0,24.6
2022-05-30 11:00:00,5592.0,27.2
2022-05-30 12:00:00,5286.0,27.0
2022-05-30 13:00:00,5242.0,27.3
2022-05-30 14:00:00,5196.0,26.9
2022-05-30 15:00:00,5337.0,25.8
2022-05-30 16:00:00,5443.0,26.1
2022-05-30 17:00:00,5683.0,26.6
2022-05-30 18:00:00,5687.0,26.5
2022-05-30 19:00:00,5647.0,25.9
2022-05-30 20:00:00,5692.0,25.0
2022-05-30 21:00:00,5549.0,24.5
2022-05-30 22:00:00,5196.0,24.2
2022-05-30 23:00:00,4712.0,24.1
2022-05-31 00:00:00,4558.0,23.7
2022-05-31 01:00:00,4065.0,23.5
2022-05-31 02:00:00,3795.0,23.3
2022-05-31 03:00:00,3614.0,23.1
2022-05-31 04:00:00,3516.0,22.9
2022-05-31 05:00:00,3512.0,22.8
2022-05-31 06:00:00,3822.0,22.9
2022-05-31 07:00:00,4232.0,23.0
2022-05-31 08:00:00,4484.0,23.2
2022-05-31 09:00:00,5110.0,24.1
2022-05-31 10:00:00,5431.0,24.6
2022-05-31 11:00:00,5628.0,24.1
2022-05-31 12:00:00,5235.0,24.7
2022-05-31 13:00:00,5169.0,25.1
2022-05-31 14:00:00,5145.0,25.3
2022-05-31 15:00:00,5263.0,25.3
2022-05-31 16:00:00,5371.0,24.2
2022-05-31 17:00:00,5617.0,25.1
2022-05-31 18:00:00,5522.0,25.1
2022-05-31 19:00:00,5513.0,24.6
2022-05-31 20:00:00,5577.0,24.1
2022-05-31 21:00:00,5466.0,23.8
2022-05-31 22:00:00,5188.0,23.6
2022-05-31 23:00:00,4715.0,23.6
2022-06-01 00:00:00,4533.0,23.3
2022-06-01 01:00:00,4088.0,22.9
2022-06-01 02:00:00,3780.0,22.9
2022-06-01 03:00:00,3598.0,22.8
2022-06-01 04:00:00,3520.0,22.8
2022-06-01 05:00:00,3504.0,22.9
2022-06-01 06:00:00,3765.0,23.0
2022-06-01 07:00:00,4112.0,23.6
2022-06-01 08:00:00,4482.0,24.9
2022-06-01 09:00:00,5106.0,26.2
2022-06-01 10:00:00,5512.0,27.0
2022-06-01 11:00:00,5736.0,28.5
2022-06-01 12:00:00,5495.0,29.2
2022-06-01 13:00:00,5444.0,30.4
2022-06-01 14:00:00,5477.0,31.2
2022-06-01 15:00:00,5701.0,31.4
2022-06-01 16:00:00,5851.0,30.4
2022-06-01 17:00:00,6056.0,30.0
2022-06-01 18:00:00,5946.0,29.5
2022-06-01 19:00:00,5937.0,28.6
2022-06-01 20:00:00,5970.0,27.5
2022-06-01 21:00:00,5849.0,25.2
2022-06-01 22:00:00,5388.0,25.2
2022-06-01 23:00:00,4920.0,24.6
2022-06-02 00:00:00,4768.0,24.3
2022-06-02 01:00:00,4270.0,24.3
2022-06-02 02:00:00,3942.0,24.1
2022-06-02 03:00:00,3748.0,24.2
2022-06-02 04:00:00,3638.0,24.1
2022-06-02 05:00:00,3627.0,24.3
2022-06-02 06:00:00,3852.0,24.2
2022-06-02 07:00:00,4186.0,24.3
2022-06-02 08:00:00,4521.0,25.2
2022-06-02 09:00:00,5223.0,26.8
2022-06-02 10:00:00,5632.0,27.5
2022-06-02 11:00:00,5874.0,28.4
2022-06-02 12:00:00,5656.0,29.8
2022-06-02 13:00:00,5526.0,30.2
2022-06-02 14:00:00,5526.0,30.9
2022-06-02 15:00:00,5593.0,29.0
2022-06-02 16:00:00,5519.0,26.1
2022-06-02 17:00:00,5699.0,26.9
2022-06-02 18:00:00,5573.0,27.8
2022-06-02 19:00:00,5424.0,26.9
2022-06-02 20:00:00,5492.0,26.2
2022-06-02 21:00:00,5278.0,26.0
2022-06-02 22:00:00,5033.0,26.0
2022-06-02 23:00:00,4572.0,25.8
2022-06-03 00:00:00,4373.0,25.9
2022-06-03 01:00:00,3866.0,25.4
2022-06-03 02:00:00,3505.0,25.3
2022-06-03 03:00:00,3277.0,25.1
2022-06-03 04:00:00,3150.0,24.9
2022-06-03 05:00:00,3063.0,24.8
2022-06-03 06:00:00,3168.0,24.8
2022-06-03 07:00:00,3421.0,24.9
2022-06-03 08:00:00,3621.0,25.4
2022-06-03 09:00:00,3972.0,26.5
2022-06-03 10:00:00,4280.0,27.7
2022-06-03 11:00:00,4484.0,27.5
2022-06-03 12:00:00,4326.0,28.2
2022-06-03 13:00:00,4247.0,29.3
2022-06-03 14:00:00,4209.0,30.7
2022-06-03 15:00:00,4284.0,31.2
2022-06-03 16:00:00,4445.0,31.2
2022-06-03 17:00:00,4767.0,30.7
2022-06-03 18:00:00,4826.0,29.8
2022-06-03 19:00:00,4792.0,28.7
2022-06-03 20:00:00,5006.0,26.7
2022-06-03 21:00:00,4912.0,26.2
2022-06-03 22:00:00,4660.0,25.4
2022-06-03 23:00:00,4294.0,24.6
2022-06-04 00:00:00,4146.0,24.6
2022-06-04 01:00:00,3766.0,24.7
2022-06-04 02:00:00,3450.0,24.5
2022-06-04 03:00:00,3269.0,24.6
2022-06-04 04:00:00,3162.0,24.8
2022-06-04 05:00:00,3145.0,24.7
2022-06-04 06:00:00,3273.0,24.8
2022-06-04 07:00:00,3511.0,24.9
2022-06-04 08:00:00,3860.0,25.1
2022-06-04 09:00:00,4363.0,25.8
2022-06-04 10:00:00,4767.0,26.4
2022-06-04 11:00:00,5064.0,27.3
2022-06-04 12:00:00,4998.0,27.9
2022-06-04 13:00:00,5021.0,29.3
2022-06-04 14:00:00,5044.0,31.5
2022-06-04 15:00:00,5111.0,30.2
2022-06-04 16:00:00,5121.0,27.2
2022-06-04 17:00:00,5422.0,28.3
2022-06-04 18:00:00,5534.0,29.3
2022-06-04 19:00:00,5571.0,28.5
2022-06-04 20:00:00,5740.0,27.4
2022-06-04 21:00:00,5601.0,25.9
2022-06-04 22:00:00,5270.0,25.8
2022-06-04 23:00:00,4873.0,25.9
2022-06-05 00:00:00,4687.0,25.8
2022-06-05 01:00:00,4222.0,25.8
2022-06-05 02:00:00,3893.0,25.6
2022-06-05 03:00:00,3667.0,25.0
2022-06-05 04:00:00,3528.0,24.8
2022-06-05 05:00:00,3504.0,24.8
2022-06-05 06:00:00,3590.0,24.7
2022-06-05 07:00:00,3795.0,24.5
2022-06-05 08:00:00,4180.0,24.4
2022-06-05 09:00:00,4722.0,24.6
2022-06-05 10:00:00,5088.0,24.1
2022-06-05 11:00:00,5290.0,24.7
2022-06-05 12:00:00,4991.0,25.1
2022-06-05 13:00:00,4798.0,24.7
2022-06-05 14:00:00,4862.0,25.3
2022-06-05 15:00:00,4942.0,26.0
2022-06-05 16:00:00,5064.0,25.8
2022-06-05 17:00:00,5385.0,26.0
2022-06-05 18:00:00,5390.0,25.8
2022-06-05 19:00:00,5386.0,25.8
2022-06-05 20:00:00,5527.0,25.7
2022-06-05 21:00:00,5515.0,25.4
2022-06-05 22:00:00,5229.0,25.4
2022-06-05 23:00:00,4748.0,25.0
2022-06-06 00:00:00,4575.0,25.0
2022-06-06 01:00:00,4122.0,24.6
2022-06-06 02:00:00,3830.0,24.6
2022-06-06 03:00:00,3635.0,24.0
2022-06-06 04:00:00,3528.0,23.7
2022-06-06 05:00:00,3500.0,23.7
2022-06-06 06:00:00,3876.0,23.6
2022-06-06 07:00:00,4234.0,23.9
2022-06-06 08:00:00,4631.0,25.0
2022-06-06 09:00:00,5463.0,26.4
2022-06-06 10:00:00,5874.0,28.6
2022-06-06 11:00:00,6181.0,30.1
2022-06-06 12:00:00,6099.0,31.0
2022-06-06 13:00:00,6034.0,32.0
2022-06-06 14:00:00,5953.0,33.0
2022-06-06 15:00:00,6135.0,32.1
2022-06-06 16:00:00,6281.0,31.6
2022-06-06 17:00:00,6506.0,32.1
2022-06-06 18:00:00,6315.0,28.7
2022-06-06 19:00:00,6295.0,27.0
2022-06-06 20:00:00,6314.0,23.9
2022-06-06 21:00:00,6176.0,25.4
2022-06-06 22:00:00,5850.0,25.0
2022-06-06 23:00:00,5334.0,25.7
2022-06-07 00:00:00,5162.0,25.9
2022-06-07 01:00:00,4603.0,26.3
2022-06-07 02:00:00,4281.0,25.6
2022-06-07 03:00:00,4044.0,25.2
2022-06-07 04:00:00,3916.0,25.0
2022-06-07 05:00:00,3876.0,24.5
2022-06-07 06:00:00,4200.0,24.5
2022-06-07 07:00:00,4542.0,25.5
2022-06-07 08:00:00,4962.0,26.7
2022-06-07 09:00:00,5781.0,29.2
2022-06-07 10:00:00,6270.0,29.5
2022-06-07 11:00:00,6465.0,29.2
2022-06-07 12:00:00,6229.0,30.9
2022-06-07 13:00:00,6162.0,32.4
2022-06-07 14:00:00,6101.0,33.6
2022-06-07 15:00:00,6249.0,34.2
2022-06-07 16:00:00,6348.0,33.0
2022-06-07 17:00:00,6553.0,33.3
2022-06-07 18:00:00,6293.0,32.1
2022-06-07 19:00:00,6273.0,31.2
2022-06-07 20:00:00,6426.0,30.4
2022-06-07 21:00:00,6424.0,29.0
2022-06-07 22:00:00,6097.0,29.3
2022-06-07 23:00:00,5580.0,27.3
2022-06-08 00:00:00,5373.0,26.4
2022-06-08 01:00:00,4853.0,26.1
2022-06-08 02:00:00,4508.0,24.6
2022-06-08 03:00:00,4268.0,24.4
2022-06-08 04:00:00,4100.0,24.1
2022-06-08 05:00:00,4078.0,24.0
2022-06-08 06:00:00,4377.0,24.2
2022-06-08 07:00:00,4661.0,25.5
2022-06-08 08:00:00,5047.0,27.0
2022-06-08 09:00:00,5903.0,29.2
2022-06-08 10:00:00,6345.0,30.6
2022-06-08 11:00:00,6649.0,32.3
2022-06-08 12:00:00,6414.0,32.8
2022-06-08 13:00:00,6461.0,33.2
2022-06-08 14:00:00,6391.0,34.0
2022-06-08 15:00:00,6581.0,34.1
2022-06-08 16:00:00,6706.0,33.7
2022-06-08 17:00:00,6850.0,33.7
2022-06-08 18:00:00,6636.0,32.8
2022-06-08 19:00:00,6590.0,30.1
2022-06-08 20:00:00,6696.0,29.9
2022-06-08 21:00:00,6650.0,28.7
2022-06-08 22:00:00,6339.0,27.8
2022-06-08 23:00:00,5817.0,27.2
2022-06-09 00:00:00,5597.0,26.5
2022-06-09 01:00:00,5068.0,26.6
2022-06-09 02:00:00,4734.0,26.4
2022-06-09 03:00:00,4484.0,25.5
2022-06-09 04:00:00,4334.0,25.1
2022-06-09 05:00:00,4274.0,24.4
2022-06-09 06:00:00,4499.0,25.1
2022-06-09 07:00:00,4786.0,24.8
2022-06-09 08:00:00,5209.0,26.1
2022-06-09 09:00:00,5931.0,27.0
2022-06-09 10:00:00,6365.0,28.5
2022-06-09 11:00:00,6613.0,29.4
2022-06-09 12:00:00,6389.0,30.7
2022-06-09 13:00:00,6492.0,31.3
2022-06-09 14:00:00,6440.0,31.4
2022-06-09 15:00:00,6601.0,31.7
2022-06-09 16:00:00,6723.0,30.9
2022-06-09 17:00:00,6842.0,30.1
2022-06-09 18:00:00,6517.0,29.8
2022-06-09 19:00:00,6534.0,29.1
2022-06-09 20:00:00,6657.0,28.1
2022-06-09 21:00:00,6644.0,27.6
2022-06-09 22:00:00,6360.0,27.0
2022-06-09 23:00:00,5873.0,26.5
2022-06-10 00:00:00,5664.0,26.1
2022-06-10 01:00:00,5116.0,25.7
2022-06-10 02:00:00,4716.0,25.0
2022-06-10 03:00:00,4472.0,24.7
2022-06-10 04:00:00,4327.0,24.3
2022-06-10 05:00:00,4243.0,23.9
2022-06-10 06:00:00,4519.0,23.8
2022-06-10 07:00:00,4767.0,24.4
2022-06-10 08:00:00,5177.0,25.7
2022-06-10 09:00:00,6017.0,27.4
2022-06-10 10:00:00,6345.0,28.0
2022-06-10 11:00:00,6654.0,29.3
2022-06-10 12:00:00,6487.0,30.0
2022-06-10 13:00:00,6498.0,30.5
2022-06-10 14:00:00,6437.0,29.9
2022-06-10 15:00:00,6537.0,29.6
2022-06-10 16:00:00,6628.0,29.1
2022-06-10 17:00:00,6821.0,28.8
2022-06-10 18:00:00,6547.0,26.5
2022-06-10 19:00:00,6475.0,24.9
2022-06-10 20:00:00,6440.0,23.8
2022-06-10 21:00:00,6243.0,23.6
2022-06-10 22:00:00,5882.0,23.5
2022-06-10 23:00:00,5446.0,23.5
2022-06-11 00:00:00,5296.0,23.2
2022-06-11 01:00:00,4837.0,23.3
2022-06-11 02:00:00,4497.0,23.2
2022-06-11 03:00:00,4261.0,23.2
2022-06-11 04:00:00,4134.0,23.1
2022-06-11 05:00:00,4084.0,23.1
2022-06-11 06:00:00,4255.0,23.3
2022-06-11 07:00:00,4445.0,23.5
2022-06-11 08:00:00,4833.0,23.7
2022-06-11 09:00:00,5426.0,24.2
2022-06-11 10:00:00,5750.0,25.0
2022-06-11 11:00:00,6100.0,26.0
2022-06-11 12:00:00,5832.0,27.7
2022-06-11 13:00:00,5748.0,27.6
2022-06-11 14:00:00,5699.0,27.6
2022-06-11 15:00:00,5850.0,28.0
2022-06-11 16:00:00,5911.0,28.2
2022-06-11 17:00:00,6185.0,27.6
2022-06-11 18:00:00,6054.0,27.1
2022-06-11 19:00:00,5899.0,26.7
2022-06-11 20:00:00,5943.0,26.0
2022-06-11 21:00:00,5817.0,25.7
2022-06-11 22:00:00,5538.0,25.3
2022-06-11 23:00:00,5186.0,25.2
2022-06-12 00:00:00,5082.0,25.0
2022-06-12 01:00:00,4609.0,24.7
2022-06-12 02:00:00,4283.0,24.4
2022-06-12 03:00:00,4058.0,24.4
2022-06-12 04:00:00,3927.0,24.2
2022-06-12 05:00:00,3884.0,23.9
2022-06-12 06:00:00,4063.0,23.8
2022-06-12 07:00:00,4243.0,23.7
2022-06-12 08:00:00,4490.0,24.0
2022-06-12 09:00:00,4996.0,24.5
2022-06-12 10:00:00,5339.0,25.0
2022-06-12 11:00:00,5538.0,24.7
2022-06-12 12:00:00,5297.0,23.7
2022-06-12 13:00:00,5091.0,23.8
2022-06-12 14:00:00,5071.0,24.0
2022-06-12 15:00:00,5078.0,22.4
2022-06-12 16:00:00,5160.0,22.5
2022-06-12 17:00:00,5516.0,22.1
2022-06-12 18:00:00,5396.0,22.0
2022-06-12 19:00:00,5334.0,21.8
2022-06-12 20:00:00,5288.0,21.8
2022-06-12 21:00:00,5163.0,21.6
2022-06-12 22:00:00,4790.0,21.5
2022-06-12 23:00:00,4384.0,21.3
2022-06-13 00:00:00,4346.0,21.1
2022-06-13 01:00:00,3951.0,21.1
2022-06-13 02:00:00,3713.0,21.1
2022-06-13 03:00:00,3531.0,21.1
2022-06-13 04:00:00,3444.0,21.0
2022-06-13 05:00:00,3440.0,21.1
2022-06-13 06:00:00,3755.0,21.2
2022-06-13 07:00:00,4135.0,21.5
2022-06-13 08:00:00,4486.0,22.1
2022-06-13 09:00:00,5127.0,22.8
2022-06-13 10:00:00,5436.0,24.6
2022-06-13 11:00:00,5686.0,24.6
2022-06-13 12:00:00,5390.0,25.4
2022-06-13 13:00:00,5224.0,25.5
2022-06-13 14:00:00,5197.0,26.3
2022-06-13 15:00:00,5450.0,27.4
2022-06-13 16:00:00,5666.0,27.2
2022-06-13 17:00:00,5883.0,26.3
2022-06-13 18:00:00,5709.0,26.5
2022-06-13 19:00:00,5666.0,25.4
2022-06-13 20:00:00,5705.0,24.7
2022-06-13 21:00:00,5648.0,24.6
2022-06-13 22:00:00,5300.0,24.2
2022-06-13 23:00:00,4855.0,23.6
2022-06-14 00:00:00,4703.0,23.2
2022-06-14 01:00:00,4237.0,22.5
2022-06-14 02:00:00,3923.0,22.2
2022-06-14 03:00:00,3766.0,22.0
2022-06-14 04:00:00,3644.0,21.8
2022-06-14 05:00:00,3651.0,21.6
2022-06-14 06:00:00,4014.0,21.8
2022-06-14 07:00:00,4308.0,21.9
2022-06-14 08:00:00,4652.0,22.3
2022-06-14 09:00:00,5279.0,23.5
2022-06-14 10:00:00,5571.0,24.1
2022-06-14 11:00:00,5789.0,26.0
2022-06-14 12:00:00,5603.0,28.1
2022-06-14 13:00:00,5526.0,29.1
2022-06-14 14:00:00,5613.0,29.9
2022-06-14 15:00:00,5888.0,30.4
2022-06-14 16:00:00,6093.0,31.3
2022-06-14 17:00:00,6348.0,30.6
2022-06-14 18:00:00,6128.0,30.4
2022-06-14 19:00:00,6007.0,29.0
2022-06-14 20:00:00,6097.0,28.0
2022-06-14 21:00:00,5971.0,27.5
2022-06-14 22:00:00,5603.0,26.1
2022-06-14 23:00:00,5106.0,25.0
2022-06-15 00:00:00,4955.0,24.6
2022-06-15 01:00:00,4468.0,24.0
2022-06-15 02:00:00,4138.0,23.5
2022-06-15 03:00:00,3938.0,23.2
2022-06-15 04:00:00,3814.0,22.8
2022-06-15 05:00:00,3806.0,22.4
2022-06-15 06:00:00,4114.0,22.1
2022-06-15 07:00:00,4464.0,22.3
2022-06-15 08:00:00,4873.0,24.5
2022-06-15 09:00:00,5629.0,27.2
2022-06-15 10:00:00,6069.0,28.4
2022-06-15 11:00:00,6356.0,30.5
2022-06-15 12:00:00,6177.0,31.2
2022-06-15 13:00:00,6138.0,31.5
2022-06-15 14:00:00,6151.0,32.8
2022-06-15 15:00:00,6366.0,33.2
2022-06-15 16:00:00,6538.0,33.9
2022-06-15 17:00:00,6810.0,33.4
2022-06-15 18:00:00,6470.0,31.9
2022-06-15 19:00:00,6413.0,31.0
2022-06-15 20:00:00,6509.0,29.7
2022-06-15 21:00:00,6467.0,28.9
2022-06-15 22:00:00,6184.0,28.1
2022-06-15 23:00:00,5721.0,27.7
2022-06-16 00:00:00,5583.0,27.5
2022-06-16 01:00:00,5059.0,26.6
2022-06-16 02:00:00,4693.0,26.3
2022-06-16 03:00:00,4434.0,25.9
2022-06-16 04:00:00,4274.0,25.6
2022-06-16 05:00:00,4214.0,25.0
2022-06-16 06:00:00,4466.0,24.9
2022-06-16 07:00:00,4725.0,24.9
2022-06-16 08:00:00,5063.0,25.3
2022-06-16 09:00:00,5799.0,27.6
2022-06-16 10:00:00,6133.0,27.2
2022-06-16 11:00:00,6456.0,29.0
2022-06-16 12:00:00,6228.0,28.8
2022-06-16 13:00:00,6177.0,29.2
2022-06-16 14:00:00,6178.0,29.5
2022-06-16 15:00:00,6309.0,29.7
2022-06-16 16:00:00,6502.0,30.1
2022-06-16 17:00:00,6687.0,29.3
2022-06-16 18:00:00,6421.0,28.2
2022-06-16 19:00:00,6290.0,27.0
2022-06-16 20:00:00,6388.0,26.2
2022-06-16 21:00:00,6326.0,25.6
2022-06-16 22:00:00,6017.0,25.3
2022-06-16 23:00:00,5557.0,25.0
2022-06-17 00:00:00,5385.0,24.7
2022-06-17 01:00:00,4856.0,24.8
2022-06-17 02:00:00,4509.0,24.8
2022-06-17 03:00:00,4312.0,24.7
2022-06-17 04:00:00,4148.0,24.4
2022-06-17 05:00:00,4128.0,24.0
2022-06-17 06:00:00,4374.0,24.0
2022-06-17 07:00:00,4661.0,24.2
2022-06-17 08:00:00,5012.0,24.7
2022-06-17 09:00:00,5666.0,24.5
2022-06-17 10:00:00,6029.0,24.8
2022-06-17 11:00:00,6224.0,24.4
2022-06-17 12:00:00,5853.0,25.0
2022-06-17 13:00:00,5733.0,24.5
2022-06-17 14:00:00,5625.0,24.6
2022-06-17 15:00:00,5853.0,24.7
2022-06-17 16:00:00,6019.0,24.8
2022-06-17 17:00:00,6231.0,25.3
2022-06-17 18:00:00,5972.0,25.1
2022-06-17 19:00:00,5939.0,24.5
2022-06-17 20:00:00,5950.0,24.1
2022-06-17 21:00:00,5832.0,24.1
2022-06-17 22:00:00,5543.0,24.1
2022-06-17 23:00:00,5122.0,23.8
2022-06-18 00:00:00,5009.0,23.6
2022-06-18 01:00:00,4539.0,23.5
2022-06-18 02:00:00,4229.0,23.5
2022-06-18 03:00:00,4050.0,23.6
2022-06-18 04:00:00,3944.0,23.6
2022-06-18 05:00:00,3880.0,23.5
2022-06-18 06:00:00,4110.0,23.6
2022-06-18 07:00:00,4349.0,24.0
2022-06-18 08:00:00,4751.0,25.2
2022-06-18 09:00:00,5395.0,26.5
2022-06-18 10:00:00,5811.0,26.8
2022-06-18 11:00:00,6127.0,26.4
2022-06-18 12:00:00,5915.0,27.5
2022-06-18 13:00:00,5833.0,27.6
2022-06-18 14:00:00,5814.0,27.7
2022-06-18 15:00:00,5854.0,26.5
2022-06-18 16:00:00,5982.0,26.0
2022-06-18 17:00:00,6258.0,25.7
2022-06-18 18:00:00,6062.0,25.6
2022-06-18 19:00:00,5909.0,25.6
2022-06-18 20:00:00,6005.0,25.3
2022-06-18 21:00:00,5934.0,25.2
2022-06-18 22:00:00,5623.0,25.2
2022-06-18 23:00:00,5241.0,25.2
2022-06-19 00:00:00,5118.0,25.4
2022-06-19 01:00:00,4649.0,25.3
2022-06-19 02:00:00,4277.0,25.1
2022-06-19 03:00:00,4090.0,24.8
2022-06-19 04:00:00,3954.0,24.7
2022-06-19 05:00:00,3908.0,24.6
2022-06-19 06:00:00,4057.0,24.6
2022-06-19 07:00:00,4319.0,24.4
2022-06-19 08:00:00,4589.0,25.0
2022-06-19 09:00:00,5160.0,25.6
2022-06-19 10:00:00,5580.0,26.5
2022-06-19 11:00:00,5877.0,27.0
2022-06-19 12:00:00,5712.0,27.2
2022-06-19 13:00:00,5620.0,27.6
2022-06-19 14:00:00,5520.0,27.6
2022-06-19 15:00:00,5630.0,28.2
2022-06-19 16:00:00,5756.0,26.8
2022-06-19 17:00:00,6073.0,26.6
2022-06-19 18:00:00,6053.0,26.4
2022-06-19 19:00:00,6027.0,26.1
2022-06-19 20:00:00,6105.0,25.8
2022-06-19 21:00:00,5987.0,25.4
2022-06-19 22:00:00,5580.0,25.2
2022-06-19 23:00:00,5120.0,25.1
2022-06-20 00:00:00,4983.0,25.1
2022-06-20 01:00:00,4515.0,25.1
2022-06-20 02:00:00,4187.0,25.1
2022-06-20 03:00:00,3980.0,25.1
2022-06-20 04:00:00,3856.0,24.9
2022-06-20 05:00:00,3819.0,24.6
2022-06-20 06:00:00,4150.0,24.4
2022-06-20 07:00:00,4501.0,24.6
2022-06-20 08:00:00,4891.0,24.7
2022-06-20 09:00:00,5819.0,25.3
2022-06-20 10:00:00,6245.0,26.5
2022-06-20 11:00:00,6587.0,28.6
2022-06-20 12:00:00,6387.0,29.8
2022-06-20 13:00:00,6439.0,31.7
2022-06-20 14:00:00,6360.0,29.7
2022-06-20 15:00:00,6534.0,26.9
2022-06-20 16:00:00,6526.0,26.4
2022-06-20 17:00:00,6691.0,24.2
2022-06-20 18:00:00,6344.0,24.6
2022-06-20 19:00:00,6296.0,24.9
2022-06-20 20:00:00,6315.0,25.0
2022-06-20 21:00:00,6228.0,25.0
2022-06-20 22:00:00,5828.0,25.0
2022-06-20 23:00:00,5349.0,24.9
2022-06-21 00:00:00,5152.0,24.9
2022-06-21 01:00:00,4702.0,24.5
2022-06-21 02:00:00,4378.0,24.5
2022-06-21 03:00:00,4167.0,24.4
2022-06-21 04:00:00,4029.0,24.5
2022-06-21 05:00:00,4028.0,24.7
2022-06-21 06:00:00,4304.0,24.6
2022-06-21 07:00:00,4635.0,25.0
2022-06-21 08:00:00,4996.0,25.4
2022-06-21 09:00:00,5816.0,26.5
2022-06-21 10:00:00,6239.0,26.3
2022-06-21 11:00:00,6552.0,27.7
2022-06-21 12:00:00,6335.0,28.3
2022-06-21 13:00:00,6216.0,28.3
2022-06-21 14:00:00,6265.0,28.7
2022-06-21 15:00:00,6418.0,29.4
2022-06-21 16:00:00,6552.0,30.0
2022-06-21 17:00:00,6867.0,29.9
2022-06-21 18:00:00,6604.0,29.3
2022-06-21 19:00:00,6542.0,28.2
2022-06-21 20:00:00,6524.0,27.2
2022-06-21 21:00:00,6469.0,26.4
2022-06-21 22:00:00,6075.0,25.9
2022-06-21 23:00:00,5578.0,25.7
2022-06-22 00:00:00,5364.0,25.6
2022-06-22 01:00:00,4868.0,25.3
2022-06-22 02:00:00,4514.0,25.0
2022-06-22 03:00:00,4271.0,25.3
2022-06-22 04:00:00,4158.0,25.5
2022-06-22 05:00:00,4096.0,25.1
2022-06-22 06:00:00,4378.0,24.6
2022-06-22 07:00:00,4670.0,24.7
2022-06-22 08:00:00,5105.0,25.8
2022-06-22 09:00:00,5962.0,26.7
2022-06-22 10:00:00,6362.0,27.2
2022-06-22 11:00:00,6638.0,27.7
2022-06-22 12:00:00,6431.0,28.4
2022-06-22 13:00:00,6252.0,28.5
2022-06-22 14:00:00,6299.0,28.8
2022-06-22 15:00:00,6292.0,28.0
2022-06-22 16:00:00,6479.0,27.2
2022-06-22 17:00:00,6750.0,26.5
2022-06-22 18:00:00,6391.0,27.1
2022-06-22 19:00:00,6385.0,27.3
2022-06-22 20:00:00,6537.0,27.2
2022-06-22 21:00:00,6538.0,27.2
2022-06-22 22:00:00,6088.0,27.0
2022-06-22 23:00:00,5582.0,26.6
2022-06-23 00:00:00,5394.0,26.2
2022-06-23 01:00:00,4871.0,26.0
2022-06-23 02:00:00,4536.0,25.8
2022-06-23 03:00:00,4321.0,25.7
2022-06-23 04:00:00,4183.0,25.4
2022-06-23 05:00:00,4198.0,25.5
2022-06-23 06:00:00,4500.0,26.0
2022-06-23 07:00:00,4815.0,26.5
2022-06-23 08:00:00,5295.0,27.7
2022-06-23 09:00:00,6216.0,29.2
2022-06-23 10:00:00,6647.0,31.2
2022-06-23 11:00:00,7015.0,32.0
2022-06-23 12:00:00,6849.0,32.9
2022-06-23 13:00:00,6880.0,33.6
2022-06-23 14:00:00,6949.0,33.6
2022-06-23 15:00:00,7162.0,34.3
2022-06-23 16:00:00,7291.0,34.7
2022-06-23 17:00:00,7450.0,34.2
2022-06-23 18:00:00,7160.0,33.1
2022-06-23 19:00:00,7133.0,32.3
2022-06-23 20:00:00,7271.0,31.1
2022-06-23 21:00:00,7340.0,30.3
2022-06-23 22:00:00,7025.0,29.4
2022-06-23 23:00:00,6524.0,28.8
2022-06-24 00:00:00,6287.0,28.6
2022-06-24 01:00:00,5671.0,28.4
2022-06-24 02:00:00,5285.0,28.7
2022-06-24 03:00:00,5000.0,28.5
2022-06-24 04:00:00,4822.0,28.2
2022-06-24 05:00:00,4728.0,27.9
2022-06-24 06:00:00,4925.0,27.7
2022-06-24 07:00:00,5135.0,27.7
2022-06-24 08:00:00,5477.0,28.0
2022-06-24 09:00:00,6411.0,29.1
2022-06-24 10:00:00,6829.0,30.3
2022-06-24 11:00:00,7222.0,30.9
2022-06-24 12:00:00,7004.0,31.6
2022-06-24 13:00:00,7051.0,32.4
2022-06-24 14:00:00,7018.0,32.2
2022-06-24 15:00:00,7131.0,32.3
2022-06-24 16:00:00,7221.0,32.6
2022-06-24 17:00:00,7394.0,32.6
2022-06-24 18:00:00,7140.0,32.3
2022-06-24 19:00:00,7215.0,31.5
2022-06-24 20:00:00,7320.0,30.6
2022-06-24 21:00:00,7361.0,30.1
2022-06-24 22:00:00,7163.0,29.6
2022-06-24 23:00:00,6714.0,29.0
2022-06-25 00:00:00,6501.0,28.6
2022-06-25 01:00:00,5908.0,28.3
2022-06-25 02:00:00,5494.0,27.9
2022-06-25 03:00:00,5175.0,27.3
2022-06-25 04:00:00,4962.0,27.2
2022-06-25 05:00:00,4868.0,26.9
2022-06-25 06:00:00,4967.0,26.9
2022-06-25 07:00:00,5137.0,28.2
2022-06-25 08:00:00,5530.0,29.6
2022-06-25 09:00:00,6280.0,31.3
2022-06-25 10:00:00,6739.0,32.6
2022-06-25 11:00:00,7194.0,33.3
2022-06-25 12:00:00,7118.0,34.7
2022-06-25 13:00:00,7311.0,35.0
2022-06-25 14:00:00,7513.0,34.9
2022-06-25 15:00:00,7559.0,34.7
2022-06-25 16:00:00,7620.0,35.0
2022-06-25 17:00:00,7821.0,34.3
2022-06-25 18:00:00,7591.0,34.0
2022-06-25 19:00:00,7384.0,32.9
2022-06-25 20:00:00,7548.0,31.7
2022-06-25 21:00:00,7714.0,30.7
2022-06-25 22:00:00,7616.0,30.1
2022-06-25 23:00:00,7300.0,29.8
2022-06-26 00:00:00,7063.0,29.4
2022-06-26 01:00:00,6451.0,29.0
2022-06-26 02:00:00,5956.0,28.4
2022-06-26 03:00:00,5606.0,27.7
2022-06-26 04:00:00,5338.0,27.4
2022-06-26 05:00:00,5203.0,27.2
2022-06-26 06:00:00,5204.0,27.5
2022-06-26 07:00:00,5327.0,28.6
2022-06-26 08:00:00,5600.0,30.4
2022-06-26 09:00:00,6312.0,31.5
2022-06-26 10:00:00,6790.0,32.8
2022-06-26 11:00:00,7270.0,33.5
2022-06-26 12:00:00,7234.0,34.3
2022-06-26 13:00:00,7425.0,34.6
2022-06-26 14:00:00,7605.0,35.3
2022-06-26 15:00:00,7652.0,34.6
2022-06-26 16:00:00,7673.0,34.5
2022-06-26 17:00:00,7832.0,34.3
2022-06-26 18:00:00,7565.0,33.9
2022-06-26 19:00:00,7487.0,33.0
2022-06-26 20:00:00,7676.0,32.1
2022-06-26 21:00:00,8000.0,31.0
2022-06-26 22:00:00,7862.0,30.2
2022-06-26 23:00:00,7346.0,29.8
2022-06-27 00:00:00,7054.0,29.2
2022-06-27 01:00:00,6467.0,28.8
2022-06-27 02:00:00,5992.0,28.3
2022-06-27 03:00:00,5640.0,28.0
2022-06-27 04:00:00,5388.0,27.7
2022-06-27 05:00:00,5286.0,27.8
2022-06-27 06:00:00,5370.0,28.1
2022-06-27 07:00:00,5474.0,28.5
2022-06-27 08:00:00,5860.0,29.9
2022-06-27 09:00:00,6850.0,31.1
2022-06-27 10:00:00,7397.0,32.4
2022-06-27 11:00:00,7861.0,33.6
2022-06-27 12:00:00,7693.0,33.9
2022-06-27 13:00:00,7944.0,34.1
2022-06-27 14:00:00,7853.0,34.4
2022-06-27 15:00:00,7941.0,35.4
2022-06-27 16:00:00,7998.0,35.0
2022-06-27 17:00:00,8039.0,33.9
2022-06-27 18:00:00,7649.0,33.0
2022-06-27 19:00:00,7744.0,32.5
2022-06-27 20:00:00,7873.0,32.0
2022-06-27 21:00:00,8106.0,31.6
2022-06-27 22:00:00,8056.0,30.6
2022-06-27 23:00:00,7537.0,30.0
2022-06-28 00:00:00,7302.0,29.4
2022-06-28 01:00:00,6684.0,29.2
2022-06-28 02:00:00,6224.0,29.2
2022-06-28 03:00:00,5916.0,29.6
2022-06-28 04:00:00,5671.0,29.5
2022-06-28 05:00:00,5510.0,29.2
2022-06-28 06:00:00,5454.0,28.9
2022-06-28 07:00:00,5332.0,25.7
2022-06-28 08:00:00,5559.0,25.2
2022-06-28 09:00:00,6327.0,25.1
2022-06-28 10:00:00,6714.0,25.3
2022-06-28 11:00:00,6986.0,25.6
2022-06-28 12:00:00,6753.0,26.7
2022-06-28 13:00:00,6825.0,29.1
2022-06-28 14:00:00,6960.0,29.7
2022-06-28 15:00:00,7133.0,30.8
2022-06-28 16:00:00,7299.0,30.9
2022-06-28 17:00:00,7549.0,31.1
2022-06-28 18:00:00,7314.0,31.1
2022-06-28 19:00:00,7301.0,30.5
2022-06-28 20:00:00,7525.0,29.2
2022-06-28 21:00:00,7722.0,28.9
2022-06-28 22:00:00,7539.0,28.7
2022-06-28 23:00:00,7043.0,28.5
2022-06-29 00:00:00,6808.0,28.3
2022-06-29 01:00:00,6197.0,28.1
2022-06-29 02:00:00,5759.0,28.1
2022-06-29 03:00:00,5456.0,27.8
2022-06-29 04:00:00,5265.0,27.4
2022-06-29 05:00:00,5072.0,25.4
2022-06-29 06:00:00,5190.0,25.6
2022-06-29 07:00:00,5325.0,25.9
2022-06-29 08:00:00,5701.0,26.6
2022-06-29 09:00:00,6695.0,27.8
2022-06-29 10:00:00,7242.0,28.5
2022-06-29 11:00:00,7660.0,30.5
2022-06-29 12:00:00,7591.0,30.6
2022-06-29 13:00:00,7586.0,28.3
2022-06-29 14:00:00,7590.0,30.3
2022-06-29 15:00:00,7560.0,30.8
2022-06-29 16:00:00,7599.0,30.4
2022-06-29 17:00:00,7707.0,28.9
2022-06-29 18:00:00,7330.0,28.6
2022-06-29 19:00:00,7206.0,27.8
2022-06-29 20:00:00,7221.0,26.8
2022-06-29 21:00:00,7226.0,26.7
2022-06-29 22:00:00,6974.0,26.5
2022-06-29 23:00:00,6483.0,26.2
2022-06-30 00:00:00,6234.0,26.0
2022-06-30 01:00:00,5691.0,26.0
2022-06-30 02:00:00,5291.0,25.5
2022-06-30 03:00:00,5019.0,25.6
2022-06-30 04:00:00,4847.0,25.4
2022-06-30 05:00:00,4711.0,25.0
2022-06-30 06:00:00,4865.0,25.0
2022-06-30 07:00:00,4999.0,25.3
2022-06-30 08:00:00,5379.0,25.7
2022-06-30 09:00:00,6215.0,26.5
2022-06-30 10:00:00,6793.0,28.8
2022-06-30 11:00:00,7226.0,30.1
2022-06-30 12:00:00,7108.0,30.8
2022-06-30 13:00:00,7327.0,31.7
2022-06-30 14:00:00,7308.0,33.0
2022-06-30 15:00:00,7491.0,33.3
2022-06-30 16:00:00,7557.0,33.7
2022-06-30 17:00:00,7774.0,33.4
2022-06-30 18:00:00,7551.0,32.4
2022-06-30 19:00:00,7519.0,31.4
2022-06-30 20:00:00,7710.0,29.9
2022-06-30 21:00:00,7877.0,29.6
2022-06-30 22:00:00,7754.0,29.8
2022-06-30 23:00:00,7189.0,29.0
2022-07-01 00:00:00,6876.0,28.4
2022-07-01 01:00:00,6222.0,27.9
2022-07-01 02:00:00,5767.0,27.8
2022-07-01 03:00:00,5452.0,27.3
2022-07-01 04:00:00,5255.0,27.1
2022-07-01 05:00:00,5100.0,26.7
2022-07-01 06:00:00,5216.0,26.5
2022-07-01 07:00:00,5382.0,27.0
2022-07-01 08:00:00,5881.0,29.1
2022-07-01 09:00:00,6824.0,30.5
2022-07-01 10:00:00,7462.0,32.4
2022-07-01 11:00:00,7857.0,33.2
2022-07-01 12:00:00,7770.0,33.9
2022-07-01 13:00:00,7997.0,35.0
2022-07-01 14:00:00,7872.0,35.8
2022-07-01 15:00:00,7886.0,30.1
2022-07-01 16:00:00,7525.0,28.9
2022-07-01 17:00:00,7652.0,30.2
2022-07-01 18:00:00,7177.0,29.4
2022-07-01 19:00:00,7162.0,28.7
2022-07-01 20:00:00,7331.0,28.4
2022-07-01 21:00:00,7357.0,28.0
2022-07-01 22:00:00,7261.0,27.7
2022-07-01 23:00:00,6856.0,27.4
2022-07-02 00:00:00,6633.0,27.1
2022-07-02 01:00:00,6080.0,26.8
2022-07-02 02:00:00,5638.0,26.3
2022-07-02 03:00:00,5330.0,25.9
2022-07-02 04:00:00,5095.0,26.1
2022-07-02 05:00:00,4994.0,25.9
2022-07-02 06:00:00,5066.0,26.0
2022-07-02 07:00:00,5207.0,26.4
2022-07-02 08:00:00,5547.0,27.7
2022-07-02 09:00:00,6323.0,29.5
2022-07-02 10:00:00,6788.0,31.2
2022-07-02 11:00:00,7404.0,31.8
2022-07-02 12:00:00,7379.0,32.5
2022-07-02 13:00:00,7634.0,33.0
2022-07-02 14:00:00,7647.0,32.5
2022-07-02 15:00:00,7284.0,32.2
2022-07-02 16:00:00,7072.0,29.4
2022-07-02 17:00:00,7125.0,29.7
2022-07-02 18:00:00,6943.0,30.1
2022-07-02 19:00:00,6950.0,30.0
2022-07-02 20:00:00,7133.0,30.0
2022-07-02 21:00:00,7263.0,29.6
2022-07-02 22:00:00,7112.0,29.2
2022-07-02 23:00:00,6683.0,28.8
2022-07-03 00:00:00,6463.0,28.6
2022-07-03 01:00:00,5896.0,28.3
2022-07-03 02:00:00,5488.0,27.3
2022-07-03 03:00:00,5160.0,27.6
2022-07-03 04:00:00,4943.0,28.0
2022-07-03 05:00:00,4823.0,27.7
2022-07-03 06:00:00,4911.0,27.7
2022-07-03 07:00:00,4935.0,27.6
2022-07-03 08:00:00,5189.0,27.8
2022-07-03 09:00:00,5670.0,27.3
2022-07-03 10:00:00,6004.0,27.7
2022-07-03 11:00:00,6395.0,29.9
2022-07-03 12:00:00,6355.0,29.2
2022-07-03 13:00:00,6331.0,27.4
2022-07-03 14:00:00,6219.0,28.6
2022-07-03 15:00:00,6256.0,28.1
2022-07-03 16:00:00,6289.0,28.3
2022-07-03 17:00:00,6484.0,28.3
2022-07-03 18:00:00,6337.0,28.4
2022-07-03 19:00:00,6284.0,28.1
2022-07-03 20:00:00,6510.0,28.2
2022-07-03 21:00:00,6729.0,27.7
2022-07-03 22:00:00,6438.0,27.3
2022-07-03 23:00:00,6054.0,26.9
2022-07-04 00:00:00,5814.0,26.9
2022-07-04 01:00:00,5242.0,26.2
2022-07-04 02:00:00,4888.0,25.7
2022-07-04 03:00:00,4647.0,25.6
2022-07-04 04:00:00,4463.0,25.6
2022-07-04 05:00:00,4411.0,25.6
2022-07-04 06:00:00,4598.0,25.6
2022-07-04 07:00:00,4900.0,25.4
2022-07-04 08:00:00,5413.0,25.8
2022-07-04 09:00:00,6264.0,27.1
2022-07-04 10:00:00,6716.0,27.7
2022-07-04 11:00:00,7078.0,28.7
2022-07-04 12:00:00,6911.0,29.2
2022-07-04 13:00:00,6936.0,30.0
2022-07-04 14:00:00,7028.0,30.5
2022-07-04 15:00:00,6991.0,29.4
2022-07-04 16:00:00,6972.0,28.2
2022-07-04 17:00:00,7114.0,27.0
2022-07-04 18:00:00,6656.0,26.4
2022-07-04 19:00:00,6717.0,26.0
2022-07-04 20:00:00,6689.0,25.8
2022-07-04 21:00:00,6504.0,25.7
2022-07-04 22:00:00,6170.0,25.5
2022-07-04 23:00:00,5703.0,25.5
2022-07-05 00:00:00,5503.0,25.5
2022-07-05 01:00:00,5030.0,25.3
2022-07-05 02:00:00,4739.0,25.2
2022-07-05 03:00:00,4507.0,25.2
2022-07-05 04:00:00,4379.0,25.3
2022-07-05 05:00:00,4313.0,25.3
2022-07-05 06:00:00,4499.0,25.5
2022-07-05 07:00:00,4813.0,25.2
2022-07-05 08:00:00,5282.0,25.5
2022-07-05 09:00:00,6093.0,25.6
2022-07-05 10:00:00,6519.0,26.3
2022-07-05 11:00:00,6910.0,27.1
2022-07-05 12:00:00,6739.0,28.7
2022-07-05 13:00:00,6794.0,30.3
2022-07-05 14:00:00,6848.0,31.6
2022-07-05 15:00:00,6844.0,31.8
2022-07-05 16:00:00,7052.0,30.5
2022-07-05 17:00:00,7120.0,28.7
2022-07-05 18:00:00,6778.0,28.0
2022-07-05 19:00:00,6753.0,28.2
2022-07-05 20:00:00,6869.0,26.8
2022-07-05 21:00:00,6931.0,26.4
2022-07-05 22:00:00,6639.0,26.3
2022-07-05 23:00:00,6178.0,26.0
2022-07-06 00:00:00,5928.0,25.9
2022-07-06 01:00:00,5395.0,25.9
2022-07-06 02:00:00,5050.0,25.8
2022-07-06 03:00:00,4772.0,25.7
2022-07-06 04:00:00,4460.0,24.3
2022-07-06 05:00:00,4413.0,24.2
2022-07-06 06:00:00,4591.0,24.1
2022-07-06 07:00:00,4890.0,24.7
2022-07-06 08:00:00,5349.0,25.1
2022-07-06 09:00:00,6173.0,27.9
2022-07-06 10:00:00,6662.0,29.1
2022-07-06 11:00:00,7029.0,29.9
2022-07-06 12:00:00,6918.0,30.8
2022-07-06 13:00:00,7012.0,31.6
2022-07-06 14:00:00,7069.0,32.9
2022-07-06 15:00:00,7229.0,33.1
2022-07-06 16:00:00,7329.0,33.2
2022-07-06 17:00:00,7493.0,33.6
2022-07-06 18:00:00,7136.0,33.3
2022-07-06 19:00:00,7091.0,32.2
2022-07-06 20:00:00,7271.0,31.0
2022-07-06 21:00:00,7395.0,30.2
2022-07-06 22:00:00,7119.0,28.0
2022-07-06 23:00:00,6516.0,26.7
2022-07-07 00:00:00,6215.0,26.3
2022-07-07 01:00:00,5592.0,26.4
2022-07-07 02:00:00,5189.0,26.5
2022-07-07 03:00:00,4917.0,26.3
2022-07-07 04:00:00,4735.0,26.1
2022-07-07 05:00:00,4637.0,25.5
2022-07-07 06:00:00,4814.0,25.4
2022-07-07 07:00:00,5086.0,27.3
2022-07-07 08:00:00,5587.0,28.6
2022-07-07 09:00:00,6568.0,30.0
2022-07-07 10:00:00,7017.0,31.9
2022-07-07 11:00:00,7385.0,31.6
2022-07-07 12:00:00,7202.0,32.5
2022-07-07 13:00:00,7216.0,30.6
2022-07-07 14:00:00,7195.0,32.8
2022-07-07 15:00:00,7099.0,28.3
2022-07-07 16:00:00,6869.0,26.4
2022-07-07 17:00:00,7079.0,26.7
2022-07-07 18:00:00,6669.0,26.9
2022-07-07 19:00:00,6576.0,27.3
2022-07-07 20:00:00,6697.0,26.8
2022-07-07 21:00:00,6782.0,26.6
2022-07-07 22:00:00,6514.0,26.5
2022-07-07 23:00:00,6071.0,26.3
2022-07-08 00:00:00,5846.0,26.1
2022-07-08 01:00:00,5333.0,26.0
2022-07-08 02:00:00,4971.0,25.8
2022-07-08 03:00:00,4742.0,25.9
2022-07-08 04:00:00,4598.0,26.0
2022-07-08 05:00:00,4517.0,26.0
2022-07-08 06:00:00,4711.0,25.9
2022-07-08 07:00:00,4974.0,26.4
2022-07-08 08:00:00,5433.0,27.1
2022-07-08 09:00:00,6342.0,28.1
2022-07-08 10:00:00,6777.0,29.0
2022-07-08 11:00:00,7253.0,30.5
2022-07-08 12:00:00,7143.0,31.7
2022-07-08 13:00:00,7326.0,32.5
2022-07-08 14:00:00,7361.0,32.9
2022-07-08 15:00:00,7484.0,34.0
2022-07-08 16:00:00,7597.0,33.7
2022-07-08 17:00:00,7815.0,33.5
2022-07-08 18:00:00,7438.0,32.7
2022-07-08 19:00:00,7317.0,32.0
2022-07-08 20:00:00,7451.0,31.0
2022-07-08 21:00:00,7581.0,30.4
2022-07-08 22:00:00,7477.0,29.7
2022-07-08 23:00:00,7074.0,29.4
2022-07-09 00:00:00,6842.0,29.0
2022-07-09 01:00:00,6233.0,28.7
2022-07-09 02:00:00,5769.0,28.4
2022-07-09 03:00:00,5422.0,28.1
2022-07-09 04:00:00,5195.0,27.7
2022-07-09 05:00:00,5062.0,27.3
2022-07-09 06:00:00,5173.0,27.3
2022-07-09 07:00:00,5316.0,28.5
2022-07-09 08:00:00,5694.0,29.6
2022-07-09 09:00:00,6508.0,31.6
2022-07-09 10:00:00,7029.0,32.8
2022-07-09 11:00:00,7529.0,33.9
2022-07-09 12:00:00,7576.0,34.6
2022-07-09 13:00:00,7761.0,34.5
2022-07-09 14:00:00,7876.0,35.5
2022-07-09 15:00:00,7867.0,35.3
2022-07-09 16:00:00,7933.0,34.9
2022-07-09 17:00:00,8046.0,34.8
2022-07-09 18:00:00,7809.0,34.8
2022-07-09 19:00:00,7602.0,33.9
2022-07-09 20:00:00,7839.0,32.3
2022-07-09 21:00:00,8024.0,31.4
2022-07-09 22:00:00,7945.0,31.1
2022-07-09 23:00:00,7593.0,30.5
2022-07-10 00:00:00,7331.0,29.7
2022-07-10 01:00:00,6711.0,29.1
2022-07-10 02:00:00,6215.0,28.6
2022-07-10 03:00:00,5836.0,28.6
2022-07-10 04:00:00,5545.0,28.1
2022-07-10 05:00:00,5384.0,27.8
2022-07-10 06:00:00,5399.0,27.7
2022-07-10 07:00:00,5512.0,29.1
2022-07-10 08:00:00,5804.0,31.1
2022-07-10 09:00:00,6537.0,32.2
2022-07-10 10:00:00,7038.0,33.7
2022-07-10 11:00:00,7505.0,34.3
2022-07-10 12:00:00,7599.0,35.0
2022-07-10 13:00:00,7817.0,35.5
2022-07-10 14:00:00,7926.0,35.9
2022-07-10 15:00:00,7980.0,36.3
2022-07-10 16:00:00,8017.0,35.7
2022-07-10 17:00:00,8187.0,34.7
2022-07-10 18:00:00,7939.0,35.1
2022-07-10 19:00:00,7788.0,34.0
2022-07-10 20:00:00,7965.0,33.0
2022-07-10 21:00:00,8368.0,32.2
2022-07-10 22:00:00,8349.0,31.6
2022-07-10 23:00:00,7958.0,31.2
2022-07-11 00:00:00,7647.0,30.3
2022-07-11 01:00:00,6980.0,29.6
2022-07-11 02:00:00,6440.0,29.4
2022-07-11 03:00:00,6112.0,29.0
2022-07-11 04:00:00,5845.0,28.7
2022-07-11 05:00:00,5659.0,28.2
2022-07-11 06:00:00,5671.0,28.1
2022-07-11 07:00:00,5818.0,29.1
2022-07-11 08:00:00,6299.0,30.9
2022-07-11 09:00:00,7325.0,32.4
2022-07-11 10:00:00,7979.0,33.8
2022-07-11 11:00:00,8453.0,34.5
2022-07-11 12:00:00,8481.0,35.5
2022-07-11 13:00:00,9159.0,35.6
2022-07-11 14:00:00,9182.0,35.6
2022-07-11 15:00:00,9195.0,35.9
2022-07-11 16:00:00,9220.0,36.1
2022-07-11 17:00:00,9323.0,35.4
2022-07-11 18:00:00,8870.0,34.8
2022-07-11 19:00:00,8727.0,33.9
2022-07-11 20:00:00,8908.0,32.8
2022-07-11 21:00:00,9288.0,32.1
2022-07-11 22:00:00,9230.0,31.5
2022-07-11 23:00:00,8751.0,30.9
2022-07-12 00:00:00,8409.0,30.6
2022-07-12 01:00:00,7679.0,29.9
2022-07-12 02:00:00,7179.0,29.5
2022-07-12 03:00:00,6725.0,28.9
2022-07-12 04:00:00,6407.0,28.3
2022-07-12 05:00:00,6190.0,28.4
2022-07-12 06:00:00,6179.0,28.1
2022-07-12 07:00:00,6320.0,29.3
2022-07-12 08:00:00,6722.0,31.1
2022-07-12 09:00:00,7814.0,32.0
2022-07-12 10:00:00,8410.0,33.4
2022-07-12 11:00:00,8921.0,34.7
2022-07-12 12:00:00,9013.0,35.2
2022-07-12 13:00:00,9343.0,35.9
2022-07-12 14:00:00,9345.0,36.0
2022-07-12 15:00:00,9345.0,36.2
2022-07-12 16:00:00,9392.0,35.9
2022-07-12 17:00:00,9473.0,35.3
2022-07-12 18:00:00,9068.0,35.0
2022-07-12 19:00:00,8903.0,34.2
2022-07-12 20:00:00,9119.0,33.3
2022-07-12 21:00:00,9454.0,32.3
2022-07-12 22:00:00,9453.0,31.9
2022-07-12 23:00:00,8920.0,31.2
2022-07-13 00:00:00,8535.0,30.7
2022-07-13 01:00:00,7825.0,29.9
2022-07-13 02:00:00,7279.0,29.3
2022-07-13 03:00:00,6871.0,29.3
2022-07-13 04:00:00,6560.0,28.4
2022-07-13 05:00:00,6325.0,28.2
2022-07-13 06:00:00,6288.0,28.2
2022-07-13 07:00:00,6438.0,29.4
2022-07-13 08:00:00,6873.0,30.9
2022-07-13 09:00:00,7947.0,32.3
2022-07-13 10:00:00,8518.0,33.7
2022-07-13 11:00:00,9056.0,34.8
2022-07-13 12:00:00,9166.0,35.7
2022-07-13 13:00:00,9443.0,36.0
2022-07-13 14:00:00,9439.0,36.7
2022-07-13 15:00:00,9493.0,36.8
2022-07-13 16:00:00,9476.0,36.7
2022-07-13 17:00:00,9561.0,36.3
2022-07-13 18:00:00,9108.0,35.5
2022-07-13 19:00:00,9012.0,34.2
2022-07-13 20:00:00,9162.0,33.0
2022-07-13 21:00:00,9546.0,32.1
2022-07-13 22:00:00,9519.0,31.7
2022-07-13 23:00:00,9049.0,31.0
2022-07-14 00:00:00,8654.0,30.7
2022-07-14 01:00:00,7958.0,30.2
2022-07-14 02:00:00,7425.0,29.9
2022-07-14 03:00:00,6995.0,29.1
2022-07-14 04:00:00,6649.0,28.5
2022-07-14 05:00:00,6439.0,28.3
2022-07-14 06:00:00,6418.0,28.1
2022-07-14 07:00:00,6484.0,28.7
2022-07-14 08:00:00,6931.0,30.4
2022-07-14 09:00:00,8042.0,31.9
2022-07-14 10:00:00,8662.0,33.6
2022-07-14 11:00:00,9261.0,35.0
2022-07-14 12:00:00,9366.0,35.9
2022-07-14 13:00:00,9667.0,36.7
2022-07-14 14:00:00,9669.0,36.3
2022-07-14 15:00:00,9646.0,37.1
2022-07-14 16:00:00,9603.0,36.4
2022-07-14 17:00:00,9636.0,35.5
2022-07-14 18:00:00,9211.0,35.4
2022-07-14 19:00:00,9083.0,34.2
2022-07-14 20:00:00,9282.0,33.2
2022-07-14 21:00:00,9548.0,32.0
2022-07-14 22:00:00,9576.0,31.3
2022-07-14 23:00:00,9114.0,30.7
2022-07-15 00:00:00,8734.0,30.4
2022-07-15 01:00:00,7980.0,30.1
2022-07-15 02:00:00,7478.0,29.3
2022-07-15 03:00:00,7025.0,28.8
2022-07-15 04:00:00,6710.0,28.1
2022-07-15 05:00:00,6511.0,27.8
2022-07-15 06:00:00,6419.0,27.7
2022-07-15 07:00:00,6473.0,28.3
2022-07-15 08:00:00,6906.0,30.0
2022-07-15 09:00:00,7970.0,32.1
2022-07-15 10:00:00,8612.0,33.7
2022-07-15 11:00:00,9221.0,35.0
2022-07-15 12:00:00,9347.0,35.6
2022-07-15 13:00:00,9639.0,35.8
2022-07-15 14:00:00,9697.0,36.4
2022-07-15 15:00:00,9640.0,37.1
2022-07-15 16:00:00,9663.0,36.7
2022-07-15 17:00:00,9728.0,36.3
2022-07-15 18:00:00,9247.0,35.3
2022-07-15 19:00:00,9003.0,34.4
2022-07-15 20:00:00,9182.0,33.3
2022-07-15 21:00:00,9509.0,32.6
2022-07-15 22:00:00,9538.0,31.9
2022-07-15 23:00:00,9098.0,31.2
2022-07-16 00:00:00,8795.0,30.7
2022-07-16 01:00:00,8090.0,30.2
2022-07-16 02:00:00,7569.0,30.0
2022-07-16 03:00:00,7163.0,29.6
2022-07-16 04:00:00,6872.0,29.2
2022-07-16 05:00:00,6648.0,28.7
2022-07-16 06:00:00,6534.0,28.5
2022-07-16 07:00:00,6534.0,29.4
2022-07-16 08:00:00,6946.0,31.1
2022-07-16 09:00:00,7732.0,32.7
2022-07-16 10:00:00,8367.0,34.0
2022-07-16 11:00:00,8971.0,34.7
2022-07-16 12:00:00,9090.0,35.5
2022-07-16 13:00:00,9407.0,36.6
2022-07-16 14:00:00,9470.0,36.8
2022-07-16 15:00:00,9532.0,37.1
2022-07-16 16:00:00,9465.0,36.4
2022-07-16 17:00:00,9506.0,36.3
2022-07-16 18:00:00,9121.0,35.8
2022-07-16 19:00:00,8901.0,34.6
2022-07-16 20:00:00,9130.0,33.6
2022-07-16 21:00:00,9482.0,32.8
2022-07-16 22:00:00,9514.0,32.1
2022-07-16 23:00:00,9196.0,31.3
2022-07-17 00:00:00,8855.0,30.6
2022-07-17 01:00:00,8193.0,30.0
2022-07-17 02:00:00,7645.0,29.7
2022-07-17 03:00:00,7216.0,29.3
2022-07-17 04:00:00,6877.0,29.1
2022-07-17 05:00:00,6649.0,28.7
2022-07-17 06:00:00,6505.0,28.6
2022-07-17 07:00:00,6412.0,29.3
2022-07-17 08:00:00,6632.0,30.2
2022-07-17 09:00:00,7283.0,31.2
2022-07-17 10:00:00,7771.0,31.1
2022-07-17 11:00:00,8194.0,31.5
2022-07-17 12:00:00,8247.0,31.9
2022-07-17 13:00:00,8481.0,32.4
2022-07-17 14:00:00,8438.0,33.1
2022-07-17 15:00:00,8311.0,32.7
2022-07-17 16:00:00,8252.0,31.6
2022-07-17 17:00:00,8361.0,30.4
2022-07-17 18:00:00,8159.0,28.4
2022-07-17 19:00:00,8114.0,28.7
2022-07-17 20:00:00,8429.0,28.4
2022-07-17 21:00:00,8620.0,26.5
2022-07-17 22:00:00,8022.0,25.9
2022-07-17 23:00:00,7194.0,25.0
2022-07-18 00:00:00,6955.0,25.4
2022-07-18 01:00:00,6406.0,25.8
2022-07-18 02:00:00,6080.0,25.8
2022-07-18 03:00:00,5811.0,25.5
2022-07-18 04:00:00,5598.0,25.6
2022-07-18 05:00:00,5455.0,25.8
2022-07-18 06:00:00,5525.0,25.9
2022-07-18 07:00:00,5724.0,26.0
2022-07-18 08:00:00,6205.0,26.1
2022-07-18 09:00:00,7270.0,27.4
2022-07-18 10:00:00,7899.0,29.2
2022-07-18 11:00:00,8469.0,30.6
2022-07-18 12:00:00,8483.0,31.5
2022-07-18 13:00:00,8690.0,32.6
2022-07-18 14:00:00,8624.0,31.6
2022-07-18 15:00:00,8660.0,32.5
2022-07-18 16:00:00,8637.0,32.2
2022-07-18 17:00:00,8803.0,31.5
2022-07-18 18:00:00,8357.0,31.7
2022-07-18 19:00:00,8220.0,30.4
2022-07-18 20:00:00,8354.0,29.3
2022-07-18 21:00:00,8471.0,28.7
2022-07-18 22:00:00,8344.0,28.3
2022-07-18 23:00:00,7829.0,27.7
2022-07-19 00:00:00,7514.0,27.6
2022-07-19 01:00:00,6856.0,27.3
2022-07-19 02:00:00,6356.0,27.3
2022-07-19 03:00:00,6003.0,26.9
2022-07-19 04:00:00,5758.0,26.7
2022-07-19 05:00:00,5553.0,26.4
2022-07-19 06:00:00,5612.0,26.0
2022-07-19 07:00:00,5795.0,26.5
2022-07-19 08:00:00,6284.0,26.6
2022-07-19 09:00:00,7201.0,27.0
2022-07-19 10:00:00,7677.0,27.5
2022-07-19 11:00:00,7956.0,27.3
2022-07-19 12:00:00,7810.0,28.1
2022-07-19 13:00:00,8006.0,29.3
2022-07-19 14:00:00,7986.0,30.9
2022-07-19 15:00:00,8127.0,31.9
2022-07-19 16:00:00,8226.0,31.3
2022-07-19 17:00:00,8425.0,30.5
2022-07-19 18:00:00,8087.0,30.7
2022-07-19 19:00:00,7993.0,29.9
2022-07-19 20:00:00,8142.0,29.2
2022-07-19 21:00:00,8236.0,28.7
2022-07-19 22:00:00,8035.0,28.4
2022-07-19 23:00:00,7492.0,28.3
2022-07-20 00:00:00,7177.0,28.0
2022-07-20 01:00:00,6580.0,27.6
2022-07-20 02:00:00,6157.0,27.3
2022-07-20 03:00:00,5890.0,27.3
2022-07-20 04:00:00,5637.0,27.2
2022-07-20 05:00:00,5483.0,27.1
2022-07-20 06:00:00,5610.0,27.1
2022-07-20 07:00:00,5883.0,28.3
2022-07-20 08:00:00,6467.0,30.1
2022-07-20 09:00:00,7585.0,31.7
2022-07-20 10:00:00,8156.0,33.0
2022-07-20 11:00:00,8701.0,33.7
2022-07-20 12:00:00,8791.0,34.4
2022-07-20 13:00:00,8995.0,35.1
2022-07-20 14:00:00,9054.0,35.1
2022-07-20 15:00:00,9057.0,35.3
2022-07-20 16:00:00,9049.0,34.5
2022-07-20 17:00:00,9144.0,34.2
2022-07-20 18:00:00,8511.0,33.6
2022-07-20 19:00:00,8185.0,32.9
2022-07-20 20:00:00,8193.0,29.7
2022-07-20 21:00:00,8279.0,27.1
2022-07-20 22:00:00,8130.0,27.5
2022-07-20 23:00:00,7668.0,27.5
2022-07-21 00:00:00,7454.0,27.7
2022-07-21 01:00:00,6849.0,28.4
2022-07-21 02:00:00,6452.0,28.8
2022-07-21 03:00:00,6154.0,28.8
2022-07-21 04:00:00,5924.0,28.5
2022-07-21 05:00:00,5765.0,28.0
2022-07-21 06:00:00,5804.0,27.8
2022-07-21 07:00:00,5995.0,28.4
2022-07-21 08:00:00,6489.0,29.5
2022-07-21 09:00:00,7600.0,30.2
2022-07-21 10:00:00,8148.0,32.2
2022-07-21 11:00:00,8628.0,33.6
2022-07-21 12:00:00,8610.0,34.4
2022-07-21 13:00:00,8888.0,34.1
2022-07-21 14:00:00,8871.0,34.1
2022-07-21 15:00:00,8919.0,34.7
2022-07-21 16:00:00,8983.0,34.8
2022-07-21 17:00:00,9102.0,34.8
2022-07-21 18:00:00,8723.0,33.5
2022-07-21 19:00:00,8471.0,32.8
2022-07-21 20:00:00,8703.0,31.8
2022-07-21 21:00:00,8983.0,31.2
2022-07-21 22:00:00,8954.0,30.7
2022-07-21 23:00:00,8450.0,30.5
2022-07-22 00:00:00,8075.0,29.8
2022-07-22 01:00:00,7405.0,29.3
2022-07-22 02:00:00,6895.0,28.7
2022-07-22 03:00:00,6521.0,28.4
2022-07-22 04:00:00,6226.0,28.1
2022-07-22 05:00:00,6032.0,27.8
2022-07-22 06:00:00,6060.0,27.5
2022-07-22 07:00:00,6257.0,28.5
2022-07-22 08:00:00,6743.0,30.6
2022-07-22 09:00:00,7801.0,32.3
2022-07-22 10:00:00,8407.0,33.3
2022-07-22 11:00:00,8938.0,34.4
2022-07-22 12:00:00,9019.0,35.1
2022-07-22 13:00:00,9262.0,35.7
2022-07-22 14:00:00,9294.0,36.3
2022-07-22 15:00:00,9299.0,36.4
2022-07-22 16:00:00,9350.0,36.4
2022-07-22 17:00:00,9432.0,36.2
2022-07-22 18:00:00,8960.0,35.3
2022-07-22 19:00:00,8744.0,34.2
2022-07-22 20:00:00,8940.0,33.1
2022-07-22 21:00:00,9210.0,32.8
2022-07-22 22:00:00,9154.0,31.9
2022-07-22 23:00:00,8751.0,30.6
2022-07-23 00:00:00,8457.0,30.0
2022-07-23 01:00:00,7860.0,29.3
2022-07-23 02:00:00,7321.0,28.9
2022-07-23 03:00:00,6896.0,28.5
2022-07-23 04:00:00,6538.0,28.1
2022-07-23 05:00:00,6321.0,27.5
2022-07-23 06:00:00,6191.0,27.3
2022-07-23 07:00:00,6266.0,28.7
2022-07-23 08:00:00,6594.0,30.3
2022-07-23 09:00:00,7346.0,31.9
2022-07-23 10:00:00,7978.0,33.4
2022-07-23 11:00:00,8552.0,34.3
2022-07-23 12:00:00,8645.0,35.3
2022-07-23 13:00:00,8980.0,35.3
2022-07-23 14:00:00,9030.0,36.2
2022-07-23 15:00:00,9055.0,36.6
2022-07-23 16:00:00,9033.0,36.3
2022-07-23 17:00:00,9094.0,36.1
2022-07-23 18:00:00,8818.0,35.5
2022-07-23 19:00:00,8652.0,34.3
2022-07-23 20:00:00,8815.0,33.4
2022-07-23 21:00:00,9144.0,32.4
2022-07-23 22:00:00,9101.0,30.3
2022-07-23 23:00:00,8673.0,29.5
2022-07-24 00:00:00,8396.0,29.1
2022-07-24 01:00:00,7711.0,29.0
2022-07-24 02:00:00,7183.0,28.3
2022-07-24 03:00:00,6762.0,28.2
2022-07-24 04:00:00,6450.0,27.6
2022-07-24 05:00:00,6215.0,27.5
2022-07-24 06:00:00,6130.0,27.1
2022-07-24 07:00:00,6220.0,27.9
2022-07-24 08:00:00,6521.0,30.5
2022-07-24 09:00:00,7377.0,31.7
2022-07-24 10:00:00,8037.0,33.0
2022-07-24 11:00:00,8594.0,34.2
2022-07-24 12:00:00,8795.0,35.3
2022-07-24 13:00:00,9095.0,36.0
2022-07-24 14:00:00,9044.0,37.0
2022-07-24 15:00:00,9095.0,37.1
2022-07-24 16:00:00,9080.0,36.7
2022-07-24 17:00:00,9157.0,37.0
2022-07-24 18:00:00,8870.0,36.2
2022-07-24 19:00:00,8761.0,35.1
2022-07-24 20:00:00,8947.0,33.9
2022-07-24 21:00:00,9298.0,33.2
2022-07-24 22:00:00,9308.0,32.1
2022-07-24 23:00:00,8855.0,31.7
2022-07-25 00:00:00,8530.0,31.0
2022-07-25 01:00:00,7828.0,30.1
2022-07-25 02:00:00,7273.0,29.5
2022-07-25 03:00:00,6861.0,29.6
2022-07-25 04:00:00,6543.0,29.0
2022-07-25 05:00:00,6357.0,28.2
2022-07-25 06:00:00,6320.0,27.9
2022-07-25 07:00:00,6513.0,29.2
2022-07-25 08:00:00,7051.0,31.8
2022-07-25 09:00:00,8165.0,33.3
2022-07-25 10:00:00,8882.0,34.2
2022-07-25 11:00:00,9437.0,35.6
2022-07-25 12:00:00,9542.0,36.4
2022-07-25 13:00:00,9838.0,37.4
2022-07-25 14:00:00,9834.0,37.8
2022-07-25 15:00:00,9800.0,37.9
2022-07-25 16:00:00,9801.0,37.9
2022-07-25 17:00:00,9906.0,38.0
2022-07-25 18:00:00,9433.0,36.4
2022-07-25 19:00:00,9247.0,34.7
2022-07-25 20:00:00,9469.0,33.8
2022-07-25 21:00:00,9814.0,32.9
2022-07-25 22:00:00,9822.0,32.4
2022-07-25 23:00:00,9329.0,32.0
2022-07-26 00:00:00,9016.0,31.3
2022-07-26 01:00:00,8326.0,30.5
2022-07-26 02:00:00,7757.0,30.0
2022-07-26 03:00:00,7328.0,29.4
2022-07-26 04:00:00,7001.0,29.3
2022-07-26 05:00:00,6774.0,29.0
2022-07-26 06:00:00,6691.0,28.5
2022-07-26 07:00:00,6743.0,29.6
2022-07-26 08:00:00,7234.0,31.5
2022-07-26 09:00:00,8299.0,33.0
2022-07-26 10:00:00,8935.0,34.5
2022-07-26 11:00:00,9526.0,35.7
2022-07-26 12:00:00,9647.0,36.8
2022-07-26 13:00:00,9963.0,37.5
2022-07-26 14:00:00,9992.0,37.7
2022-07-26 15:00:00,10013.0,38.2
2022-07-26 16:00:00,10025.0,38.2
2022-07-26 17:00:00,9999.0,38.1
2022-07-26 18:00:00,9452.0,37.3
2022-07-26 19:00:00,9253.0,35.5
2022-07-26 20:00:00,9547.0,34.1
2022-07-26 21:00:00,9897.0,33.5
2022-07-26 22:00:00,9883.0,32.8
2022-07-26 23:00:00,9402.0,32.7
2022-07-27 00:00:00,9072.0,31.6
2022-07-27 01:00:00,8356.0,30.7
2022-07-27 02:00:00,7792.0,29.9
2022-07-27 03:00:00,7391.0,28.9
2022-07-27 04:00:00,7033.0,29.3
2022-07-27 05:00:00,6787.0,28.3
2022-07-27 06:00:00,6679.0,28.6
2022-07-27 07:00:00,6826.0,29.6
2022-07-27 08:00:00,7288.0,31.5
2022-07-27 09:00:00,8355.0,32.9
2022-07-27 10:00:00,8974.0,34.4
2022-07-27 11:00:00,9542.0,35.6
2022-07-27 12:00:00,9654.0,36.9
2022-07-27 13:00:00,10007.0,37.7
2022-07-27 14:00:00,10019.0,38.0
2022-07-27 15:00:00,9952.0,38.4
2022-07-27 16:00:00,9975.0,38.1
2022-07-27 17:00:00,10020.0,37.4
2022-07-27 18:00:00,9484.0,36.8
2022-07-27 19:00:00,9336.0,35.5
2022-07-27 20:00:00,9502.0,34.3
2022-07-27 21:00:00,9772.0,33.0
2022-07-27 22:00:00,9719.0,32.1
2022-07-27 23:00:00,9282.0,31.1
2022-07-28 00:00:00,8961.0,30.0
2022-07-28 01:00:00,8239.0,29.2
2022-07-28 02:00:00,7706.0,28.6
2022-07-28 03:00:00,7286.0,28.4
2022-07-28 04:00:00,6957.0,28.1
2022-07-28 05:00:00,6698.0,28.4
2022-07-28 06:00:00,6590.0,28.4
2022-07-28 07:00:00,6652.0,28.6
2022-07-28 08:00:00,7084.0,30.3
2022-07-28 09:00:00,8166.0,31.7
2022-07-28 10:00:00,8827.0,32.5
2022-07-28 11:00:00,9430.0,33.8
2022-07-28 12:00:00,9521.0,34.8
2022-07-28 13:00:00,9844.0,35.6
2022-07-28 14:00:00,9739.0,35.6
2022-07-28 15:00:00,9507.0,34.8
2022-07-28 16:00:00,8534.0,29.3
2022-07-28 17:00:00,8334.0,25.1
2022-07-28 18:00:00,7716.0,25.2
2022-07-28 19:00:00,7616.0,24.7
2022-07-28 20:00:00,7864.0,24.6
2022-07-28 21:00:00,7979.0,24.7
2022-07-28 22:00:00,7879.0,24.9
2022-07-28 23:00:00,7549.0,24.5
2022-07-29 00:00:00,7361.0,25.0
2022-07-29 01:00:00,6762.0,25.0
2022-07-29 02:00:00,6360.0,25.0
2022-07-29 03:00:00,6059.0,25.2
2022-07-29 04:00:00,5787.0,25.4
2022-07-29 05:00:00,5630.0,25.2
2022-07-29 06:00:00,5743.0,25.3
2022-07-29 07:00:00,5915.0,25.8
2022-07-29 08:00:00,6446.0,27.7
2022-07-29 09:00:00,7397.0,27.6
2022-07-29 10:00:00,7985.0,29.7
2022-07-29 11:00:00,8581.0,31.1
2022-07-29 12:00:00,8596.0,31.9
2022-07-29 13:00:00,8175.0,29.9
2022-07-29 14:00:00,7590.0,26.8
2022-07-29 15:00:00,7469.0,25.2
2022-07-29 16:00:00,7464.0,24.7
2022-07-29 17:00:00,7604.0,24.6
2022-07-29 18:00:00,7184.0,25.2
2022-07-29 19:00:00,7076.0,26.1
2022-07-29 20:00:00,7198.0,25.4
2022-07-29 21:00:00,7266.0,24.8
2022-07-29 22:00:00,7072.0,24.6
2022-07-29 23:00:00,6723.0,24.5
2022-07-30 00:00:00,6517.0,24.1
2022-07-30 01:00:00,5960.0,23.9
2022-07-30 02:00:00,5576.0,23.8
2022-07-30 03:00:00,5310.0,23.9
2022-07-30 04:00:00,5151.0,23.7
2022-07-30 05:00:00,5008.0,23.6
2022-07-30 06:00:00,5079.0,23.4
2022-07-30 07:00:00,5303.0,24.3
2022-07-30 08:00:00,5769.0,26.3
2022-07-30 09:00:00,6546.0,28.5
2022-07-30 10:00:00,7196.0,29.1
2022-07-30 11:00:00,7745.0,30.7
2022-07-30 12:00:00,7778.0,31.9
2022-07-30 13:00:00,7882.0,33.1
2022-07-30 14:00:00,7938.0,33.6
2022-07-30 15:00:00,8001.0,34.3
2022-07-30 16:00:00,8023.0,33.9
2022-07-30 17:00:00,8203.0,34.3
2022-07-30 18:00:00,7818.0,33.6
2022-07-30 19:00:00,7609.0,31.9
2022-07-30 20:00:00,7730.0,31.0
2022-07-30 21:00:00,7902.0,30.2
2022-07-30 22:00:00,7758.0,29.6
2022-07-30 23:00:00,7350.0,29.3
2022-07-31 00:00:00,7156.0,29.0
2022-07-31 01:00:00,6542.0,28.5
2022-07-31 02:00:00,6114.0,27.7
2022-07-31 03:00:00,5715.0,27.2
2022-07-31 04:00:00,5483.0,26.8
2022-07-31 05:00:00,5331.0,26.2
2022-07-31 06:00:00,5302.0,25.8
2022-07-31 07:00:00,5453.0,27.4
2022-07-31 08:00:00,5815.0,28.9
2022-07-31 09:00:00,6552.0,30.2
2022-07-31 10:00:00,7138.0,31.6
2022-07-31 11:00:00,7590.0,33.0
2022-07-31 12:00:00,7327.0,33.9
2022-07-31 13:00:00,7412.0,30.5
2022-07-31 14:00:00,7532.0,33.1
2022-07-31 15:00:00,7570.0,34.5
2022-07-31 16:00:00,7623.0,34.4
2022-07-31 17:00:00,7781.0,33.9
2022-07-31 18:00:00,7433.0,33.5
2022-07-31 19:00:00,7309.0,32.0
2022-07-31 20:00:00,7660.0,31.4
2022-07-31 21:00:00,7841.0,30.6
2022-07-31 22:00:00,7765.0,29.6
2022-07-31 23:00:00,7397.0,29.7
2022-08-01 00:00:00,7171.0,29.1
2022-08-01 01:00:00,6578.0,28.3
2022-08-01 02:00:00,6094.0,28.1
2022-08-01 03:00:00,5755.0,27.3
2022-08-01 04:00:00,5545.0,26.8
2022-08-01 05:00:00,5371.0,26.6
2022-08-01 06:00:00,5476.0,26.3
2022-08-01 07:00:00,5749.0,27.3
2022-08-01 08:00:00,6396.0,29.1
2022-08-01 09:00:00,7469.0,30.9
2022-08-01 10:00:00,8151.0,31.8
2022-08-01 11:00:00,8746.0,33.7
2022-08-01 12:00:00,8813.0,35.1
2022-08-01 13:00:00,9053.0,36.1
2022-08-01 14:00:00,8968.0,36.7
2022-08-01 15:00:00,9059.0,36.7
2022-08-01 16:00:00,9046.0,35.7
2022-08-01 17:00:00,9093.0,34.8
2022-08-01 18:00:00,8460.0,30.8
2022-08-01 19:00:00,8256.0,30.8
2022-08-01 20:00:00,8488.0,30.3
2022-08-01 21:00:00,8631.0,29.9
2022-08-01 22:00:00,8595.0,29.9
2022-08-01 23:00:00,8170.0,29.8
2022-08-02 00:00:00,7878.0,29.8
2022-08-02 01:00:00,7220.0,29.2
2022-08-02 02:00:00,6728.0,28.7
2022-08-02 03:00:00,6336.0,28.1
2022-08-02 04:00:00,6075.0,27.9
2022-08-02 05:00:00,5897.0,27.8
2022-08-02 06:00:00,5913.0,27.5
2022-08-02 07:00:00,6155.0,28.3
2022-08-02 08:00:00,6731.0,30.2
2022-08-02 09:00:00,7744.0,32.0
2022-08-02 10:00:00,8394.0,33.6
2022-08-02 11:00:00,9012.0,35.4
2022-08-02 12:00:00,9004.0,35.7
2022-08-02 13:00:00,9407.0,36.6
2022-08-02 14:00:00,9340.0,37.4
2022-08-02 15:00:00,9347.0,37.9
2022-08-02 16:00:00,9293.0,36.7
2022-08-02 17:00:00,9345.0,33.8
2022-08-02 18:00:00,8769.0,34.6
2022-08-02 19:00:00,8539.0,32.3
2022-08-02 20:00:00,8807.0,31.2
2022-08-02 21:00:00,9072.0,30.9
2022-08-02 22:00:00,8938.0,30.1
2022-08-02 23:00:00,8532.0,29.3
2022-08-03 00:00:00,8244.0,29.1
2022-08-03 01:00:00,7578.0,28.9
2022-08-03 02:00:00,7059.0,28.7
2022-08-03 03:00:00,6682.0,28.5
2022-08-03 04:00:00,6387.0,28.3
2022-08-03 05:00:00,6184.0,28.0
2022-08-03 06:00:00,6145.0,27.9
2022-08-03 07:00:00,6400.0,29.0
2022-08-03 08:00:00,6912.0,30.1
2022-08-03 09:00:00,7999.0,32.0
2022-08-03 10:00:00,8678.0,34.0
2022-08-03 11:00:00,9284.0,35.4
2022-08-03 12:00:00,9406.0,36.3
2022-08-03 13:00:00,9646.0,37.4
2022-08-03 14:00:00,9565.0,37.3
2022-08-03 15:00:00,9519.0,37.9
2022-08-03 16:00:00,9453.0,36.9
2022-08-03 17:00:00,9381.0,31.8
2022-08-03 18:00:00,8591.0,30.9
2022-08-03 19:00:00,8372.0,30.5
2022-08-03 20:00:00,8540.0,29.6
2022-08-03 21:00:00,8777.0,28.8
2022-08-03 22:00:00,8654.0,28.8
2022-08-03 23:00:00,8267.0,28.4
2022-08-04 00:00:00,8015.0,28.2
2022-08-04 01:00:00,7416.0,28.1
2022-08-04 02:00:00,6955.0,27.8
2022-08-04 03:00:00,6598.0,27.9
2022-08-04 04:00:00,6314.0,27.8
2022-08-04 05:00:00,6144.0,27.4
2022-08-04 06:00:00,6141.0,27.1
2022-08-04 07:00:00,6324.0,27.8
2022-08-04 08:00:00,6855.0,30.7
2022-08-04 09:00:00,7930.0,32.8
2022-08-04 10:00:00,8556.0,33.6
2022-08-04 11:00:00,9125.0,34.2
2022-08-04 12:00:00,9173.0,35.5
2022-08-04 13:00:00,9475.0,35.5
2022-08-04 14:00:00,9453.0,36.2
2022-08-04 15:00:00,9501.0,36.4
2022-08-04 16:00:00,9425.0,36.5
2022-08-04 17:00:00,9485.0,35.4
2022-08-04 18:00:00,8958.0,34.6
2022-08-04 19:00:00,8654.0,33.8
2022-08-04 20:00:00,8933.0,32.7
2022-08-04 21:00:00,9121.0,31.9
2022-08-04 22:00:00,9109.0,31.8
2022-08-04 23:00:00,8770.0,31.3
2022-08-05 00:00:00,8745.0,30.9
2022-08-05 01:00:00,7879.0,30.3
2022-08-05 02:00:00,7356.0,29.8
2022-08-05 03:00:00,6992.0,29.6
2022-08-05 04:00:00,6637.0,29.1
2022-08-05 05:00:00,6395.0,28.6
2022-08-05 06:00:00,6353.0,28.2
2022-08-05 07:00:00,6436.0,29.5
2022-08-05 08:00:00,6901.0,30.9
2022-08-05 09:00:00,7843.0,32.4
2022-08-05 10:00:00,8372.0,33.0
2022-08-05 11:00:00,9082.0,34.0
2022-08-05 12:00:00,9080.0,35.0
2022-08-05 13:00:00,9230.0,34.3
2022-08-05 14:00:00,9251.0,35.2
2022-08-05 15:00:00,9237.0,35.3
2022-08-05 16:00:00,9260.0,35.3
2022-08-05 17:00:00,9349.0,35.1
2022-08-05 18:00:00,8781.0,34.2
2022-08-05 19:00:00,8562.0,33.1
2022-08-05 20:00:00,8826.0,32.3
2022-08-05 21:00:00,9053.0,30.5
2022-08-05 22:00:00,8949.0,29.8
2022-08-05 23:00:00,8587.0,29.4
2022-08-06 00:00:00,8567.0,29.0
2022-08-06 01:00:00,7666.0,28.3
2022-08-06 02:00:00,7065.0,28.2
2022-08-06 03:00:00,6756.0,28.3
2022-08-06 04:00:00,6455.0,28.0
2022-08-06 05:00:00,6206.0,27.4
2022-08-06 06:00:00,6150.0,27.5
2022-08-06 07:00:00,6234.0,28.1
2022-08-06 08:00:00,6649.0,29.6
2022-08-06 09:00:00,7414.0,30.9
2022-08-06 10:00:00,8011.0,32.5
2022-08-06 11:00:00,8529.0,33.2
2022-08-06 12:00:00,8574.0,34.3
2022-08-06 13:00:00,8803.0,34.8
2022-08-06 14:00:00,8846.0,35.4
2022-08-06 15:00:00,8820.0,35.1
2022-08-06 16:00:00,8886.0,35.4
2022-08-06 17:00:00,8895.0,35.2
2022-08-06 18:00:00,8555.0,34.4
2022-08-06 19:00:00,8266.0,33.3
2022-08-06 20:00:00,8503.0,32.5
2022-08-06 21:00:00,8719.0,32.0
2022-08-06 22:00:00,8712.0,31.3
2022-08-06 23:00:00,8414.0,30.7
2022-08-07 00:00:00,8165.0,30.3
2022-08-07 01:00:00,7590.0,29.4
2022-08-07 02:00:00,7117.0,28.8
2022-08-07 03:00:00,6715.0,28.7
2022-08-07 04:00:00,6390.0,28.5
2022-08-07 05:00:00,6148.0,28.0
2022-08-07 06:00:00,6055.0,27.6
2022-08-07 07:00:00,6107.0,29.0
2022-08-07 08:00:00,6404.0,30.9
2022-08-07 09:00:00,7083.0,32.5
2022-08-07 10:00:00,7659.0,33.6
2022-08-07 11:00:00,8239.0,34.9
2022-08-07 12:00:00,8356.0,36.1
2022-08-07 13:00:00,8710.0,36.5
2022-08-07 14:00:00,8756.0,36.9
2022-08-07 15:00:00,8796.0,37.1
2022-08-07 16:00:00,8822.0,37.1
2022-08-07 17:00:00,8883.0,36.2
2022-08-07 18:00:00,8530.0,36.1
2022-08-07 19:00:00,8388.0,35.1
2022-08-07 20:00:00,8745.0,34.1
2022-08-07 21:00:00,9116.0,33.3
2022-08-07 22:00:00,9124.0,32.4
2022-08-07 23:00:00,8821.0,31.7
2022-08-08 00:00:00,8541.0,30.5
2022-08-08 01:00:00,7852.0,30.2
2022-08-08 02:00:00,7310.0,29.5
2022-08-08 03:00:00,6890.0,29.0
2022-08-08 04:00:00,6570.0,29.0
2022-08-08 05:00:00,6382.0,28.8
2022-08-08 06:00:00,6266.0,28.2
2022-08-08 07:00:00,6463.0,29.2
2022-08-08 08:00:00,6922.0,31.0
2022-08-08 09:00:00,8005.0,32.4
2022-08-08 10:00:00,8708.0,34.2
2022-08-08 11:00:00,9306.0,35.9
2022-08-08 12:00:00,9391.0,36.8
2022-08-08 13:00:00,9758.0,37.5
2022-08-08 14:00:00,9777.0,38.1
2022-08-08 15:00:00,9798.0,38.1
2022-08-08 16:00:00,9741.0,38.5
2022-08-08 17:00:00,9755.0,37.6
2022-08-08 18:00:00,9251.0,36.6
2022-08-08 19:00:00,9023.0,35.3
2022-08-08 20:00:00,9325.0,34.0
2022-08-08 21:00:00,9521.0,32.6
2022-08-08 22:00:00,9523.0,31.8
2022-08-08 23:00:00,9120.0,30.9
2022-08-09 00:00:00,8791.0,30.1
2022-08-09 01:00:00,8103.0,29.7
2022-08-09 02:00:00,7532.0,29.2
2022-08-09 03:00:00,7016.0,29.0
2022-08-09 04:00:00,6782.0,28.5
2022-08-09 05:00:00,6540.0,28.0
2022-08-09 06:00:00,6462.0,27.5
2022-08-09 07:00:00,6548.0,28.6
2022-08-09 08:00:00,6984.0,30.5
2022-08-09 09:00:00,7927.0,32.2
2022-08-09 10:00:00,8557.0,33.8
2022-08-09 11:00:00,9071.0,34.9
2022-08-09 12:00:00,9188.0,36.2
2022-08-09 13:00:00,9598.0,36.9
2022-08-09 14:00:00,9572.0,37.7
2022-08-09 15:00:00,9615.0,37.9
2022-08-09 16:00:00,9642.0,37.8
2022-08-09 17:00:00,9701.0,37.6
2022-08-09 18:00:00,9149.0,36.9
2022-08-09 19:00:00,8930.0,35.7
2022-08-09 20:00:00,9243.0,34.6
2022-08-09 21:00:00,9556.0,33.1
2022-08-09 22:00:00,9570.0,32.6
2022-08-09 23:00:00,9200.0,32.5
2022-08-10 00:00:00,9121.0,31.6
2022-08-10 01:00:00,8213.0,31.2
2022-08-10 02:00:00,7666.0,30.4
2022-08-10 03:00:00,7237.0,29.6
2022-08-10 04:00:00,6872.0,29.3
2022-08-10 05:00:00,6645.0,28.7
2022-08-10 06:00:00,6501.0,28.1
2022-08-10 07:00:00,6599.0,29.7
2022-08-10 08:00:00,7042.0,31.8
2022-08-10 09:00:00,7983.0,33.7
2022-08-10 10:00:00,8545.0,35.0
2022-08-10 11:00:00,9103.0,35.2
2022-08-10 12:00:00,9140.0,36.3
2022-08-10 13:00:00,9485.0,36.9
2022-08-10 14:00:00,9560.0,37.2
2022-08-10 15:00:00,9573.0,37.1
2022-08-10 16:00:00,9580.0,37.5
2022-08-10 17:00:00,9608.0,37.2
2022-08-10 18:00:00,9109.0,36.4
2022-08-10 19:00:00,8938.0,35.4
2022-08-10 20:00:00,9261.0,33.5
2022-08-10 21:00:00,9504.0,32.7
2022-08-10 22:00:00,9465.0,31.9
2022-08-10 23:00:00,9060.0,31.1
2022-08-11 00:00:00,8969.0,30.8
2022-08-11 01:00:00,8051.0,30.1
2022-08-11 02:00:00,7543.0,30.2
2022-08-11 03:00:00,7119.0,29.7
2022-08-11 04:00:00,6807.0,29.3
2022-08-11 05:00:00,6600.0,28.4
2022-08-11 06:00:00,6497.0,27.8
2022-08-11 07:00:00,6636.0,29.1
2022-08-11 08:00:00,6976.0,31.1
2022-08-11 09:00:00,8010.0,33.0
2022-08-11 10:00:00,8611.0,34.5
2022-08-11 11:00:00,9126.0,35.3
2022-08-11 12:00:00,9184.0,35.9
2022-08-11 13:00:00,9500.0,36.6
2022-08-11 14:00:00,9562.0,36.9
2022-08-11 15:00:00,9674.0,36.9
2022-08-11 16:00:00,9620.0,36.9
2022-08-11 17:00:00,9721.0,36.9
2022-08-11 18:00:00,9159.0,35.9
2022-08-11 19:00:00,9021.0,34.8
2022-08-11 20:00:00,9237.0,33.7
2022-08-11 21:00:00,9539.0,32.8
2022-08-11 22:00:00,9503.0,32.4
2022-08-11 23:00:00,9113.0,31.4
2022-08-12 00:00:00,9078.0,30.9
2022-08-12 01:00:00,8172.0,30.6
2022-08-12 02:00:00,7671.0,29.9
2022-08-12 03:00:00,7247.0,29.1
2022-08-12 04:00:00,6890.0,28.7
2022-08-12 05:00:00,6662.0,28.2
2022-08-12 06:00:00,6580.0,28.1
2022-08-12 07:00:00,6676.0,29.4
2022-08-12 08:00:00,7096.0,31.1
2022-08-12 09:00:00,8067.0,32.4
2022-08-12 10:00:00,8624.0,34.2
2022-08-12 11:00:00,9310.0,35.2
2022-08-12 12:00:00,9460.0,35.9
2022-08-12 13:00:00,9826.0,37.2
2022-08-12 14:00:00,9816.0,37.8
2022-08-12 15:00:00,9900.0,37.9
2022-08-12 16:00:00,9794.0,38.0
2022-08-12 17:00:00,9859.0,37.1
2022-08-12 18:00:00,9220.0,36.0
2022-08-12 19:00:00,9007.0,35.2
2022-08-12 20:00:00,9307.0,33.9
2022-08-12 21:00:00,9540.0,33.1
2022-08-12 22:00:00,9536.0,32.9
2022-08-12 23:00:00,9143.0,31.6
2022-08-13 00:00:00,9119.0,31.0
2022-08-13 01:00:00,8210.0,30.1
2022-08-13 02:00:00,7708.0,29.6
2022-08-13 03:00:00,7311.0,29.4
2022-08-13 04:00:00,6944.0,28.7
2022-08-13 05:00:00,6651.0,28.0
2022-08-13 06:00:00,6515.0,27.7
2022-08-13 07:00:00,6593.0,28.9
2022-08-13 08:00:00,6874.0,30.6
2022-08-13 09:00:00,7614.0,32.4
2022-08-13 10:00:00,8137.0,33.3
2022-08-13 11:00:00,8750.0,34.3
2022-08-13 12:00:00,8845.0,35.2
2022-08-13 13:00:00,9173.0,36.1
2022-08-13 14:00:00,9339.0,37.1
2022-08-13 15:00:00,9268.0,37.2
2022-08-13 16:00:00,9341.0,37.2
2022-08-13 17:00:00,9378.0,36.2
2022-08-13 18:00:00,9021.0,35.9
2022-08-13 19:00:00,8660.0,34.5
2022-08-13 20:00:00,8965.0,33.4
2022-08-13 21:00:00,9212.0,32.6
2022-08-13 22:00:00,9197.0,31.9
2022-08-13 23:00:00,8951.0,31.4
2022-08-14 00:00:00,8941.0,31.0
2022-08-14 01:00:00,8152.0,30.3
2022-08-14 02:00:00,7582.0,30.2
2022-08-14 03:00:00,7156.0,29.4
2022-08-14 04:00:00,6831.0,28.7
2022-08-14 05:00:00,6569.0,28.2
2022-08-14 06:00:00,6428.0,28.0
2022-08-14 07:00:00,6512.0,28.6
2022-08-14 08:00:00,6743.0,30.4
2022-08-14 09:00:00,7445.0,31.8
2022-08-14 10:00:00,8038.0,33.8
2022-08-14 11:00:00,8688.0,34.8
2022-08-14 12:00:00,8759.0,35.7
2022-08-14 13:00:00,8959.0,36.5
2022-08-14 14:00:00,8911.0,37.5
2022-08-14 15:00:00,8911.0,37.4
2022-08-14 16:00:00,8909.0,37.1
2022-08-14 17:00:00,8998.0,37.4
2022-08-14 18:00:00,8622.0,36.2
2022-08-14 19:00:00,8447.0,34.7
2022-08-14 20:00:00,8652.0,33.9
2022-08-14 21:00:00,8904.0,33.5
2022-08-14 22:00:00,8803.0,32.7
2022-08-14 23:00:00,8342.0,32.0
2022-08-15 00:00:00,8267.0,31.2
2022-08-15 01:00:00,7697.0,31.0
2022-08-15 02:00:00,7269.0,30.4
2022-08-15 03:00:00,6942.0,29.7
2022-08-15 04:00:00,6716.0,29.4
2022-08-15 05:00:00,6583.0,28.9
2022-08-15 06:00:00,6609.0,28.8
2022-08-15 07:00:00,6832.0,29.4
2022-08-15 08:00:00,7367.0,31.4
2022-08-15 09:00:00,8416.0,33.5
2022-08-15 10:00:00,9108.0,34.5
2022-08-15 11:00:00,9738.0,36.6
2022-08-15 12:00:00,9837.0,37.1
2022-08-15 13:00:00,10222.0,37.9
2022-08-15 14:00:00,10255.0,38.3
2022-08-15 15:00:00,10229.0,38.7
2022-08-15 16:00:00,10219.0,38.5
2022-08-15 17:00:00,10198.0,38.0
2022-08-15 18:00:00,9708.0,37.4
2022-08-15 19:00:00,9531.0,36.1
2022-08-15 20:00:00,9780.0,34.9
2022-08-15 21:00:00,10102.0,34.1
2022-08-15 22:00:00,10077.0,33.4
2022-08-15 23:00:00,9637.0,32.9
2022-08-16 00:00:00,9379.0,32.6
2022-08-16 01:00:00,8700.0,32.0
2022-08-16 02:00:00,8186.0,30.7
2022-08-16 03:00:00,7743.0,30.1
2022-08-16 04:00:00,7401.0,29.6
2022-08-16 05:00:00,7152.0,29.6
2022-08-16 06:00:00,7031.0,29.3
2022-08-16 07:00:00,7110.0,30.1
2022-08-16 08:00:00,7563.0,31.9
2022-08-16 09:00:00,8662.0,33.8
2022-08-16 10:00:00,9430.0,35.2
2022-08-16 11:00:00,10100.0,36.9
2022-08-16 12:00:00,10307.0,38.6
2022-08-16 13:00:00,10555.0,37.3
2022-08-16 14:00:00,10531.0,38.9
2022-08-16 15:00:00,10444.0,38.6
2022-08-16 16:00:00,10385.0,38.2
2022-08-16 17:00:00,10404.0,37.5
2022-08-16 18:00:00,9897.0,36.9
2022-08-16 19:00:00,9714.0,35.8
2022-08-16 20:00:00,10026.0,34.2
2022-08-16 21:00:00,10284.0,33.6
2022-08-16 22:00:00,10251.0,32.6
2022-08-16 23:00:00,9760.0,31.9
2022-08-17 00:00:00,9472.0,31.6
2022-08-17 01:00:00,8788.0,30.9
2022-08-17 02:00:00,8360.0,30.3
2022-08-17 03:00:00,7943.0,29.9
2022-08-17 04:00:00,7590.0,30.0
2022-08-17 05:00:00,7364.0,29.8
2022-08-17 06:00:00,7235.0,29.9
2022-08-17 07:00:00,7303.0,29.7
2022-08-17 08:00:00,7663.0,31.2
2022-08-17 09:00:00,8716.0,34.4
2022-08-17 10:00:00,9416.0,35.5
2022-08-17 11:00:00,10122.0,37.2
2022-08-17 12:00:00,10326.0,37.6
2022-08-17 13:00:00,10584.0,38.2
2022-08-17 14:00:00,10411.0,38.0
2022-08-17 15:00:00,10313.0,39.5
2022-08-17 16:00:00,10233.0,39.6
2022-08-17 17:00:00,10322.0,38.4
2022-08-17 18:00:00,9805.0,37.5
2022-08-17 19:00:00,9589.0,36.1
2022-08-17 20:00:00,9951.0,34.9
2022-08-17 21:00:00,10230.0,33.8
2022-08-17 22:00:00,10217.0,33.1
2022-08-17 23:00:00,9763.0,32.5
2022-08-18 00:00:00,9415.0,31.8
2022-08-18 01:00:00,8798.0,31.5
2022-08-18 02:00:00,8394.0,30.6
2022-08-18 03:00:00,7984.0,30.3
2022-08-18 04:00:00,7608.0,29.7
2022-08-18 05:00:00,7365.0,29.8
2022-08-18 06:00:00,7189.0,29.5
2022-08-18 07:00:00,7267.0,30.1
2022-08-18 08:00:00,7694.0,33.4
2022-08-18 09:00:00,8680.0,34.5
2022-08-18 10:00:00,9321.0,35.5
2022-08-18 11:00:00,9904.0,37.1
2022-08-18 12:00:00,9998.0,38.2
2022-08-18 13:00:00,10347.0,38.5
2022-08-18 14:00:00,10191.0,39.3
2022-08-18 15:00:00,10144.0,39.5
2022-08-18 16:00:00,10070.0,39.4
2022-08-18 17:00:00,10179.0,39.4
2022-08-18 18:00:00,9695.0,38.2
2022-08-18 19:00:00,9526.0,36.7
2022-08-18 20:00:00,9749.0,35.0
2022-08-18 21:00:00,10061.0,34.5
2022-08-18 22:00:00,10089.0,33.4
2022-08-18 23:00:00,9660.0,32.3
2022-08-19 00:00:00,9372.0,31.9
2022-08-19 01:00:00,8872.0,31.0
2022-08-19 02:00:00,8443.0,30.5
2022-08-19 03:00:00,8046.0,30.4
2022-08-19 04:00:00,7705.0,30.1
2022-08-19 05:00:00,7431.0,29.7
2022-08-19 06:00:00,7271.0,29.6
2022-08-19 07:00:00,7296.0,30.0
2022-08-19 08:00:00,7655.0,31.7
2022-08-19 09:00:00,8586.0,33.9
2022-08-19 10:00:00,9282.0,36.0
2022-08-19 11:00:00,9864.0,37.0
2022-08-19 12:00:00,9938.0,37.9
2022-08-19 13:00:00,10224.0,38.2
2022-08-19 14:00:00,9995.0,38.5
2022-08-19 15:00:00,10055.0,38.8
2022-08-19 16:00:00,9991.0,38.5
2022-08-19 17:00:00,10071.0,38.6
2022-08-19 18:00:00,9625.0,37.6
2022-08-19 19:00:00,9336.0,36.4
2022-08-19 20:00:00,9635.0,35.2
2022-08-19 21:00:00,9895.0,34.8
2022-08-19 22:00:00,9970.0,34.1
2022-08-19 23:00:00,9561.0,33.4
2022-08-20 00:00:00,9378.0,32.4
2022-08-20 01:00:00,8983.0,31.9
2022-08-20 02:00:00,8482.0,30.9
2022-08-20 03:00:00,8085.0,30.6
2022-08-20 04:00:00,7728.0,30.0
2022-08-20 05:00:00,7467.0,29.6
2022-08-20 06:00:00,7305.0,29.5
2022-08-20 07:00:00,7265.0,30.7
2022-08-20 08:00:00,7608.0,33.4
2022-08-20 09:00:00,8420.0,34.7
2022-08-20 10:00:00,9064.0,35.8
2022-08-20 11:00:00,9674.0,37.2
2022-08-20 12:00:00,9804.0,37.5
2022-08-20 13:00:00,10192.0,38.4
2022-08-20 14:00:00,10155.0,38.5
2022-08-20 15:00:00,10143.0,38.8
2022-08-20 16:00:00,10100.0,39.0
2022-08-20 17:00:00,10093.0,38.2
2022-08-20 18:00:00,9691.0,36.9
2022-08-20 19:00:00,9454.0,36.0
2022-08-20 20:00:00,9701.0,35.4
2022-08-20 21:00:00,10074.0,34.7
2022-08-20 22:00:00,10105.0,33.9
2022-08-20 23:00:00,9745.0,33.2
2022-08-21 00:00:00,9469.0,32.3
2022-08-21 01:00:00,9011.0,31.8
2022-08-21 02:00:00,8439.0,31.0
2022-08-21 03:00:00,7976.0,30.7
2022-08-21 04:00:00,7576.0,30.1
2022-08-21 05:00:00,7260.0,29.6
2022-08-21 06:00:00,7043.0,29.3
2022-08-21 07:00:00,6960.0,29.4
2022-08-21 08:00:00,7115.0,31.0
2022-08-21 09:00:00,7767.0,32.2
2022-08-21 10:00:00,8287.0,33.5
2022-08-21 11:00:00,8834.0,34.5
2022-08-21 12:00:00,8990.0,35.7
2022-08-21 13:00:00,9345.0,35.9
2022-08-21 14:00:00,9485.0,36.6
2022-08-21 15:00:00,9518.0,36.5
2022-08-21 16:00:00,9468.0,36.4
2022-08-21 17:00:00,9543.0,36.1
2022-08-21 18:00:00,9162.0,35.4
2022-08-21 19:00:00,8874.0,34.3
2022-08-21 20:00:00,9181.0,33.2
2022-08-21 21:00:00,9542.0,32.4
2022-08-21 22:00:00,9634.0,31.4
2022-08-21 23:00:00,9234.0,31.0
2022-08-22 00:00:00,9099.0,30.6
2022-08-22 01:00:00,8401.0,30.1
2022-08-22 02:00:00,7894.0,29.7
2022-08-22 03:00:00,7467.0,29.2
2022-08-22 04:00:00,7184.0,29.1
2022-08-22 05:00:00,6945.0,28.8
2022-08-22 06:00:00,6853.0,28.0
2022-08-22 07:00:00,6921.0,29.2
2022-08-22 08:00:00,7305.0,31.3
2022-08-22 09:00:00,8355.0,32.8
2022-08-22 10:00:00,8973.0,34.1
2022-08-22 11:00:00,9596.0,35.5
2022-08-22 12:00:00,9669.0,36.0
2022-08-22 13:00:00,9920.0,36.7
2022-08-22 14:00:00,9948.0,37.2
2022-08-22 15:00:00,9970.0,37.9
2022-08-22 16:00:00,9912.0,37.7
2022-08-22 17:00:00,9972.0,37.3
2022-08-22 18:00:00,9507.0,36.4
2022-08-22 19:00:00,9274.0,35.1
2022-08-22 20:00:00,9532.0,34.1
2022-08-22 21:00:00,9857.0,33.7
2022-08-22 22:00:00,9770.0,33.0
2022-08-22 23:00:00,9352.0,32.7
2022-08-23 00:00:00,9111.0,31.7
2022-08-23 01:00:00,8663.0,31.4
2022-08-23 02:00:00,8180.0,31.1
2022-08-23 03:00:00,7718.0,30.2
2022-08-23 04:00:00,7381.0,29.9
2022-08-23 05:00:00,7207.0,30.0
2022-08-23 06:00:00,7060.0,29.8
2022-08-23 07:00:00,7124.0,30.4
2022-08-23 08:00:00,7510.0,32.6
2022-08-23 09:00:00,8523.0,34.0
2022-08-23 10:00:00,9270.0,36.6
2022-08-23 11:00:00,9908.0,36.1
2022-08-23 12:00:00,9991.0,38.0
2022-08-23 13:00:00,10244.0,38.3
2022-08-23 14:00:00,10171.0,37.7
2022-08-23 15:00:00,10105.0,39.1
2022-08-23 16:00:00,10040.0,39.5
2022-08-23 17:00:00,10145.0,38.6
2022-08-23 18:00:00,9711.0,38.5
2022-08-23 19:00:00,9575.0,36.5
2022-08-23 20:00:00,9755.0,34.8
2022-08-23 21:00:00,10176.0,33.9
2022-08-23 22:00:00,10178.0,32.9
2022-08-23 23:00:00,9756.0,32.3
2022-08-24 00:00:00,9503.0,31.9
2022-08-24 01:00:00,9008.0,31.2
2022-08-24 02:00:00,8491.0,30.7
2022-08-24 03:00:00,7976.0,30.1
2022-08-24 04:00:00,7514.0,29.3
2022-08-24 05:00:00,7206.0,28.5
2022-08-24 06:00:00,6947.0,27.7
2022-08-24 07:00:00,6796.0,27.2
2022-08-24 08:00:00,6946.0,27.3
2022-08-24 09:00:00,7637.0,28.3
2022-08-24 10:00:00,8010.0,29.5
2022-08-24 11:00:00,8583.0,30.7
2022-08-24 12:00:00,8690.0,31.7
2022-08-24 13:00:00,9100.0,32.2
2022-08-24 14:00:00,9100.0,33.2
2022-08-24 15:00:00,9191.0,34.1
2022-08-24 16:00:00,9020.0,32.4
2022-08-24 17:00:00,9178.0,32.2
2022-08-24 18:00:00,8692.0,31.9
2022-08-24 19:00:00,8612.0,31.1
2022-08-24 20:00:00,8915.0,30.7
2022-08-24 21:00:00,9110.0,30.1
2022-08-24 22:00:00,8941.0,29.4
2022-08-24 23:00:00,8558.0,28.9
2022-08-25 00:00:00,8238.0,28.4
2022-08-25 01:00:00,7720.0,27.8
2022-08-25 02:00:00,7245.0,27.4
2022-08-25 03:00:00,6885.0,27.2
2022-08-25 04:00:00,6608.0,27.1
2022-08-25 05:00:00,6442.0,27.0
2022-08-25 06:00:00,6404.0,26.9
2022-08-25 07:00:00,6584.0,27.7
2022-08-25 08:00:00,7131.0,29.2
2022-08-25 09:00:00,8175.0,31.4
2022-08-25 10:00:00,8953.0,33.8
2022-08-25 11:00:00,9595.0,36.4
2022-08-25 12:00:00,9572.0,35.1
2022-08-25 13:00:00,9847.0,35.5
2022-08-25 14:00:00,9732.0,37.4
2022-08-25 15:00:00,9733.0,36.9
2022-08-25 16:00:00,9756.0,37.0
2022-08-25 17:00:00,9787.0,34.2
2022-08-25 18:00:00,9135.0,32.5
2022-08-25 19:00:00,8914.0,30.4
2022-08-25 20:00:00,9061.0,29.3
2022-08-25 21:00:00,9127.0,28.6
2022-08-25 22:00:00,8759.0,28.9
2022-08-25 23:00:00,8300.0,29.4
2022-08-26 00:00:00,8118.0,28.8
2022-08-26 01:00:00,7563.0,28.4
2022-08-26 02:00:00,7107.0,28.3
2022-08-26 03:00:00,6692.0,28.8
2022-08-26 04:00:00,6383.0,28.5
2022-08-26 05:00:00,6182.0,28.1
2022-08-26 06:00:00,6138.0,27.8
2022-08-26 07:00:00,6298.0,27.8
2022-08-26 08:00:00,6787.0,29.9
2022-08-26 09:00:00,7807.0,31.7
2022-08-26 10:00:00,8362.0,33.3
2022-08-26 11:00:00,8885.0,34.1
2022-08-26 12:00:00,8992.0,35.1
2022-08-26 13:00:00,9316.0,35.8
2022-08-26 14:00:00,9377.0,36.7
2022-08-26 15:00:00,9470.0,36.3
2022-08-26 16:00:00,9458.0,36.3
2022-08-26 17:00:00,9587.0,37.0
2022-08-26 18:00:00,8988.0,35.4
2022-08-26 19:00:00,8741.0,33.9
2022-08-26 20:00:00,9017.0,33.3
2022-08-26 21:00:00,9250.0,32.7
2022-08-26 22:00:00,9245.0,31.8
2022-08-26 23:00:00,8816.0,31.1
2022-08-27 00:00:00,8593.0,30.6
2022-08-27 01:00:00,7964.0,29.9
2022-08-27 02:00:00,7517.0,29.7
2022-08-27 03:00:00,7102.0,29.2
2022-08-27 04:00:00,6792.0,28.9
2022-08-27 05:00:00,6562.0,28.7
2022-08-27 06:00:00,6506.0,28.1
2022-08-27 07:00:00,6579.0,29.3
2022-08-27 08:00:00,6877.0,31.9
2022-08-27 09:00:00,7583.0,30.9
2022-08-27 10:00:00,8140.0,33.0
2022-08-27 11:00:00,8904.0,34.5
2022-08-27 12:00:00,9111.0,35.9
2022-08-27 13:00:00,9510.0,36.4
2022-08-27 14:00:00,9544.0,36.9
2022-08-27 15:00:00,9518.0,37.8
2022-08-27 16:00:00,9553.0,37.2
2022-08-27 17:00:00,9593.0,37.3
2022-08-27 18:00:00,9138.0,36.3
2022-08-27 19:00:00,8960.0,35.0
2022-08-27 20:00:00,9094.0,34.0
2022-08-27 21:00:00,9495.0,33.0
2022-08-27 22:00:00,9492.0,32.5
2022-08-27 23:00:00,9118.0,31.3
2022-08-28 00:00:00,9030.0,30.4
2022-08-28 01:00:00,8124.0,29.1
2022-08-28 02:00:00,7527.0,28.7
2022-08-28 03:00:00,7034.0,29.1
2022-08-28 04:00:00,6662.0,27.4
2022-08-28 05:00:00,6423.0,27.1
2022-08-28 06:00:00,6295.0,26.4
2022-08-28 07:00:00,6222.0,26.6
2022-08-28 08:00:00,6365.0,27.4
2022-08-28 09:00:00,6863.0,28.2
2022-08-28 10:00:00,7262.0,29.3
2022-08-28 11:00:00,7647.0,30.2
2022-08-28 12:00:00,7817.0,31.3
2022-08-28 13:00:00,8290.0,33.4
2022-08-28 14:00:00,8440.0,34.9
2022-08-28 15:00:00,8439.0,35.8
2022-08-28 16:00:00,8670.0,35.8
2022-08-28 17:00:00,8849.0,35.6
2022-08-28 18:00:00,8544.0,34.8
2022-08-28 19:00:00,8467.0,33.6
2022-08-28 20:00:00,8720.0,32.0
2022-08-28 21:00:00,9134.0,31.1
2022-08-28 22:00:00,9006.0,30.6
2022-08-28 23:00:00,8412.0,29.9
2022-08-29 00:00:00,8321.0,30.1
2022-08-29 01:00:00,7470.0,29.7
2022-08-29 02:00:00,6901.0,29.3
2022-08-29 03:00:00,6386.0,27.2
2022-08-29 04:00:00,5930.0,25.9
2022-08-29 05:00:00,5766.0,24.9
2022-08-29 06:00:00,5752.0,24.8
2022-08-29 07:00:00,5785.0,24.5
2022-08-29 08:00:00,6021.0,24.5
2022-08-29 09:00:00,6776.0,25.0
2022-08-29 10:00:00,7128.0,25.7
2022-08-29 11:00:00,7369.0,25.7
2022-08-29 12:00:00,6966.0,26.5
2022-08-29 13:00:00,6933.0,27.0
2022-08-29 14:00:00,6954.0,28.6
2022-08-29 15:00:00,7194.0,30.4
2022-08-29 16:00:00,7399.0,31.4
2022-08-29 17:00:00,7558.0,30.3
2022-08-29 18:00:00,7045.0,27.3
2022-08-29 19:00:00,6909.0,25.5
2022-08-29 20:00:00,6832.0,24.4
2022-08-29 21:00:00,6625.0,24.1
2022-08-29 22:00:00,6361.0,24.3
2022-08-29 23:00:00,5865.0,24.3
2022-08-30 00:00:00,5676.0,24.2
2022-08-30 01:00:00,5212.0,23.6
2022-08-30 02:00:00,4898.0,23.3
2022-08-30 03:00:00,4683.0,22.7
2022-08-30 04:00:00,4522.0,22.1
2022-08-30 05:00:00,4486.0,22.1
2022-08-30 06:00:00,4616.0,21.4
2022-08-30 07:00:00,4956.0,21.5
2022-08-30 08:00:00,5222.0,21.7
2022-08-30 09:00:00,5806.0,22.4
2022-08-30 10:00:00,6012.0,23.1
2022-08-30 11:00:00,6168.0,23.3
2022-08-30 12:00:00,5766.0,23.5
2022-08-30 13:00:00,5542.0,22.7
2022-08-30 14:00:00,5559.0,22.5
2022-08-30 15:00:00,5640.0,22.8
2022-08-30 16:00:00,5815.0,22.3
2022-08-30 17:00:00,6019.0,22.4
2022-08-30 18:00:00,5747.0,22.2
2022-08-30 19:00:00,5671.0,21.8
2022-08-30 20:00:00,5649.0,21.6
2022-08-30 21:00:00,5455.0,21.7
2022-08-30 22:00:00,5053.0,21.9
2022-08-30 23:00:00,4643.0,21.8
2022-08-31 00:00:00,4551.0,21.8
2022-08-31 01:00:00,4208.0,21.8
2022-08-31 02:00:00,3982.0,21.7
2022-08-31 03:00:00,3845.0,21.7
2022-08-31 04:00:00,3751.0,21.6
2022-08-31 05:00:00,3746.0,21.3
2022-08-31 06:00:00,3979.0,21.1
2022-08-31 07:00:00,4442.0,21.2
2022-08-31 08:00:00,4742.0,21.8
2022-08-31 09:00:00,5349.0,22.7
2022-08-31 10:00:00,5522.0,23.6
2022-08-31 11:00:00,5692.0,23.8
2022-08-31 12:00:00,5418.0,24.6
2022-08-31 13:00:00,5277.0,26.8
2022-08-31 14:00:00,5369.0,27.0
2022-08-31 15:00:00,5527.0,26.5
2022-08-31 16:00:00,5604.0,26.4
2022-08-31 17:00:00,5806.0,25.5
2022-08-31 18:00:00,5547.0,24.4
2022-08-31 19:00:00,5573.0,23.9
2022-08-31 20:00:00,5559.0,23.5
2022-08-31 21:00:00,5370.0,23.4
2022-08-31 22:00:00,5022.0,23.3
2022-08-31 23:00:00,4564.0,23.2
2022-09-01 00:00:00,4521.0,23.1
2022-09-01 01:00:00,4176.0,23.0
2022-09-01 02:00:00,3955.0,22.8
2022-09-01 03:00:00,3791.0,22.5
2022-09-01 04:00:00,3693.0,22.0
2022-09-01 05:00:00,3720.0,21.8
2022-09-01 06:00:00,3963.0,22.0
2022-09-01 07:00:00,4455.0,22.3
2022-09-01 08:00:00,4827.0,22.7
2022-09-01 09:00:00,5364.0,23.5
2022-09-01 10:00:00,5643.0,25.3
2022-09-01 11:00:00,5879.0,26.3
2022-09-01 12:00:00,5527.0,27.6
2022-09-01 13:00:00,5491.0,27.9
2022-09-01 14:00:00,5544.0,28.5
2022-09-01 15:00:00,5720.0,27.7
2022-09-01 16:00:00,5886.0,26.6
2022-09-01 17:00:00,6137.0,25.7
2022-09-01 18:00:00,5792.0,25.2
2022-09-01 19:00:00,5837.0,24.7
2022-09-01 20:00:00,5728.0,24.3
2022-09-01 21:00:00,5558.0,23.8
2022-09-01 22:00:00,5169.0,23.5
2022-09-01 23:00:00,4733.0,23.3
2022-09-02 00:00:00,4686.0,23.2
2022-09-02 01:00:00,4331.0,23.0
2022-09-02 02:00:00,4090.0,22.9
2022-09-02 03:00:00,3925.0,22.8
2022-09-02 04:00:00,3854.0,22.7
2022-09-02 05:00:00,3843.0,22.6
2022-09-02 06:00:00,4121.0,22.6
2022-09-02 07:00:00,4582.0,22.9
2022-09-02 08:00:00,4943.0,24.1
2022-09-02 09:00:00,5588.0,25.0
2022-09-02 10:00:00,5900.0,26.4
2022-09-02 11:00:00,6104.0,27.6
2022-09-02 12:00:00,5767.0,27.5
2022-09-02 13:00:00,5675.0,29.8
2022-09-02 14:00:00,5768.0,31.2
2022-09-02 15:00:00,6028.0,31.5
2022-09-02 16:00:00,6147.0,29.7
2022-09-02 17:00:00,6356.0,29.6
2022-09-02 18:00:00,5962.0,29.0
2022-09-02 19:00:00,5969.0,27.6
2022-09-02 20:00:00,5838.0,26.7
2022-09-02 21:00:00,5659.0,25.9
2022-09-02 22:00:00,5327.0,25.1
2022-09-02 23:00:00,4980.0,24.4
2022-09-03 00:00:00,4957.0,24.1
2022-09-03 01:00:00,4525.0,23.9
2022-09-03 02:00:00,4257.0,23.1
2022-09-03 03:00:00,4062.0,22.4
2022-09-03 04:00:00,3951.0,21.8
2022-09-03 05:00:00,3943.0,21.1
2022-09-03 06:00:00,4103.0,21.0
2022-09-03 07:00:00,4405.0,21.6
2022-09-03 08:00:00,4768.0,23.8
2022-09-03 09:00:00,5332.0,25.9
2022-09-03 10:00:00,5659.0,27.6
2022-09-03 11:00:00,5960.0,28.9
2022-09-03 12:00:00,5683.0,30.2
2022-09-03 13:00:00,5611.0,30.4
2022-09-03 14:00:00,5690.0,30.8
2022-09-03 15:00:00,5810.0,32.0
2022-09-03 16:00:00,5958.0,30.3
2022-09-03 17:00:00,6108.0,29.2
2022-09-03 18:00:00,5847.0,29.0
2022-09-03 19:00:00,5881.0,27.7
2022-09-03 20:00:00,5765.0,26.8
2022-09-03 21:00:00,5610.0,26.5
2022-09-03 22:00:00,5315.0,26.0
2022-09-03 23:00:00,4928.0,25.4
2022-09-04 00:00:00,4889.0,25.0
2022-09-04 01:00:00,4487.0,24.5
2022-09-04 02:00:00,4228.0,23.7
2022-09-04 03:00:00,4099.0,24.1
2022-09-04 04:00:00,3970.0,24.0
2022-09-04 05:00:00,3952.0,23.9
2022-09-04 06:00:00,4126.0,23.2
2022-09-04 07:00:00,4435.0,23.4
2022-09-04 08:00:00,4754.0,24.4
2022-09-04 09:00:00,5304.0,27.0
2022-09-04 10:00:00,5608.0,28.7
2022-09-04 11:00:00,5767.0,28.9
2022-09-04 12:00:00,5611.0,29.7
2022-09-04 13:00:00,5532.0,30.7
2022-09-04 14:00:00,5561.0,31.6
2022-09-04 15:00:00,5697.0,30.9
2022-09-04 16:00:00,5801.0,30.6
2022-09-04 17:00:00,6049.0,30.4
2022-09-04 18:00:00,5878.0,29.3
2022-09-04 19:00:00,5842.0,28.4
2022-09-04 20:00:00,5808.0,27.5
2022-09-04 21:00:00,5762.0,27.1
2022-09-04 22:00:00,5367.0,26.5
2022-09-04 23:00:00,4993.0,25.9
2022-09-05 00:00:00,4954.0,25.0
2022-09-05 01:00:00,4553.0,24.9
2022-09-05 02:00:00,4296.0,24.7
2022-09-05 03:00:00,4116.0,24.0
2022-09-05 04:00:00,3987.0,23.7
2022-09-05 05:00:00,4009.0,23.0
2022-09-05 06:00:00,4234.0,22.5
2022-09-05 07:00:00,4686.0,22.7
2022-09-05 08:00:00,5106.0,25.2
2022-09-05 09:00:00,5859.0,27.8
2022-09-05 10:00:00,6308.0,29.1
2022-09-05 11:00:00,6564.0,30.7
2022-09-05 12:00:00,6299.0,32.4
2022-09-05 13:00:00,6306.0,33.2
2022-09-05 14:00:00,6374.0,34.2
2022-09-05 15:00:00,6593.0,34.5
2022-09-05 16:00:00,6744.0,34.5
2022-09-05 17:00:00,6982.0,33.8
2022-09-05 18:00:00,6569.0,32.6
2022-09-05 19:00:00,6563.0,30.6
2022-09-05 20:00:00,6426.0,29.3
2022-09-05 21:00:00,6302.0,28.5
2022-09-05 22:00:00,6012.0,27.6
2022-09-05 23:00:00,5507.0,26.5
2022-09-06 00:00:00,5427.0,25.8
2022-09-06 01:00:00,4969.0,25.4
2022-09-06 02:00:00,4672.0,25.0
2022-09-06 03:00:00,4471.0,24.7
2022-09-06 04:00:00,4320.0,23.2
2022-09-06 05:00:00,4318.0,22.8
2022-09-06 06:00:00,4526.0,22.9
2022-09-06 07:00:00,4899.0,23.3
2022-09-06 08:00:00,5335.0,26.4
2022-09-06 09:00:00,6182.0,28.1
2022-09-06 10:00:00,6585.0,30.6
2022-09-06 11:00:00,6901.0,33.6
2022-09-06 12:00:00,6600.0,34.6
2022-09-06 13:00:00,6690.0,35.7
2022-09-06 14:00:00,6733.0,36.1
2022-09-06 15:00:00,6931.0,36.1
2022-09-06 16:00:00,7183.0,36.7
2022-09-06 17:00:00,7408.0,36.5
2022-09-06 18:00:00,7043.0,34.7
2022-09-06 19:00:00,7032.0,32.3
2022-09-06 20:00:00,6957.0,31.5
2022-09-06 21:00:00,6783.0,31.1
2022-09-06 22:00:00,6596.0,30.7
2022-09-06 23:00:00,6181.0,29.2
2022-09-07 00:00:00,6039.0,28.9
2022-09-07 01:00:00,5508.0,26.3
2022-09-07 02:00:00,5189.0,26.0
2022-09-07 03:00:00,4932.0,25.9
2022-09-07 04:00:00,4759.0,25.5
2022-09-07 05:00:00,4714.0,25.2
2022-09-07 06:00:00,4842.0,24.7
2022-09-07 07:00:00,5189.0,25.1
2022-09-07 08:00:00,5522.0,26.1
2022-09-07 09:00:00,6369.0,30.1
2022-09-07 10:00:00,6832.0,31.0
2022-09-07 11:00:00,7204.0,32.0
2022-09-07 12:00:00,7007.0,33.4
2022-09-07 13:00:00,7129.0,33.5
2022-09-07 14:00:00,7087.0,33.5
2022-09-07 15:00:00,7211.0,33.6
2022-09-07 16:00:00,7270.0,33.1
2022-09-07 17:00:00,7412.0,32.8
2022-09-07 18:00:00,6971.0,32.0
2022-09-07 19:00:00,6959.0,30.6
2022-09-07 20:00:00,6916.0,30.0
2022-09-07 21:00:00,6901.0,29.9
2022-09-07 22:00:00,6710.0,29.1
2022-09-07 23:00:00,6353.0,29.1
2022-09-08 00:00:00,6208.0,28.9
2022-09-08 01:00:00,5710.0,28.9
2022-09-08 02:00:00,5378.0,27.6
2022-09-08 03:00:00,5113.0,27.0
2022-09-08 04:00:00,4944.0,25.9
2022-09-08 05:00:00,4858.0,25.5
2022-09-08 06:00:00,5045.0,25.6
2022-09-08 07:00:00,5362.0,26.2
2022-09-08 08:00:00,5660.0,26.8
2022-09-08 09:00:00,6509.0,28.3
2022-09-08 10:00:00,6956.0,30.6
2022-09-08 11:00:00,7345.0,32.1
2022-09-08 12:00:00,7165.0,34.6
2022-09-08 13:00:00,7340.0,35.0
2022-09-08 14:00:00,7351.0,35.2
2022-09-08 15:00:00,7520.0,35.4
2022-09-08 16:00:00,7599.0,35.4
2022-09-08 17:00:00,7804.0,35.3
2022-09-08 18:00:00,7344.0,34.1
2022-09-08 19:00:00,7364.0,31.5
2022-09-08 20:00:00,7297.0,30.6
2022-09-08 21:00:00,7208.0,29.9
2022-09-08 22:00:00,7159.0,29.3
2022-09-08 23:00:00,6773.0,28.2
2022-09-09 00:00:00,6784.0,27.4
2022-09-09 01:00:00,6051.0,26.9
2022-09-09 02:00:00,5657.0,25.7
2022-09-09 03:00:00,5334.0,25.5
2022-09-09 04:00:00,5132.0,26.2
2022-09-09 05:00:00,5043.0,26.0
2022-09-09 06:00:00,5132.0,26.2
2022-09-09 07:00:00,5345.0,25.2
2022-09-09 08:00:00,5694.0,27.7
2022-09-09 09:00:00,6419.0,29.9
2022-09-09 10:00:00,7018.0,32.1
2022-09-09 11:00:00,7324.0,34.0
2022-09-09 12:00:00,7180.0,34.9
2022-09-09 13:00:00,7311.0,36.0
2022-09-09 14:00:00,7327.0,35.9
2022-09-09 15:00:00,7401.0,36.2
2022-09-09 16:00:00,7229.0,34.5
2022-09-09 17:00:00,7280.0,34.2
2022-09-09 18:00:00,6753.0,33.1
2022-09-09 19:00:00,6534.0,31.2
2022-09-09 20:00:00,6486.0,30.0
2022-09-09 21:00:00,6244.0,28.9
2022-09-09 22:00:00,6092.0,27.9
2022-09-09 23:00:00,5826.0,27.1
2022-09-10 00:00:00,5920.0,26.4
2022-09-10 01:00:00,5149.0,25.7
2022-09-10 02:00:00,4767.0,25.3
2022-09-10 03:00:00,4446.0,24.9
2022-09-10 04:00:00,4215.0,24.2
2022-09-10 05:00:00,4092.0,24.0
2022-09-10 06:00:00,4089.0,24.1
2022-09-10 07:00:00,4231.0,25.2
2022-09-10 08:00:00,4330.0,27.1
2022-09-10 09:00:00,4616.0,28.5
2022-09-10 10:00:00,4972.0,30.3
2022-09-10 11:00:00,5283.0,31.4
2022-09-10 12:00:00,5182.0,33.2
2022-09-10 13:00:00,5388.0,33.5
2022-09-10 14:00:00,5354.0,33.4
2022-09-10 15:00:00,5472.0,33.7
2022-09-10 16:00:00,5485.0,33.8
2022-09-10 17:00:00,5603.0,33.5
2022-09-10 18:00:00,5430.0,32.1
2022-09-10 19:00:00,5505.0,31.0
2022-09-10 20:00:00,5518.0,30.6
2022-09-10 21:00:00,5598.0,29.0
2022-09-10 22:00:00,5552.0,28.5
2022-09-10 23:00:00,5301.0,28.0
2022-09-11 00:00:00,5409.0,26.8
2022-09-11 01:00:00,4864.0,26.2
2022-09-11 02:00:00,4485.0,25.6
2022-09-11 03:00:00,4254.0,25.0
2022-09-11 04:00:00,4107.0,25.0
2022-09-11 05:00:00,4027.0,25.2
2022-09-11 06:00:00,4074.0,24.8
2022-09-11 07:00:00,4274.0,24.9
2022-09-11 08:00:00,4557.0,25.9
2022-09-11 09:00:00,5143.0,28.9
2022-09-11 10:00:00,5612.0,30.7
2022-09-11 11:00:00,6069.0,32.9
2022-09-11 12:00:00,6084.0,33.7
2022-09-11 13:00:00,6221.0,34.8
2022-09-11 14:00:00,6330.0,35.7
2022-09-11 15:00:00,6498.0,36.1
2022-09-11 16:00:00,6545.0,35.2
2022-09-11 17:00:00,6784.0,34.7
2022-09-11 18:00:00,6514.0,33.7
2022-09-11 19:00:00,6583.0,31.8
2022-09-11 20:00:00,6607.0,30.5
2022-09-11 21:00:00,6595.0,29.2
2022-09-11 22:00:00,6480.0,28.3
2022-09-11 23:00:00,6185.0,27.9
2022-09-12 00:00:00,6239.0,27.6
2022-09-12 01:00:00,5529.0,26.0
2022-09-12 02:00:00,5127.0,25.4
2022-09-12 03:00:00,4816.0,25.1
2022-09-12 04:00:00,4653.0,24.2
2022-09-12 05:00:00,4538.0,24.4
2022-09-12 06:00:00,4627.0,23.7
2022-09-12 07:00:00,4807.0,24.4
2022-09-12 08:00:00,5213.0,26.4
2022-09-12 09:00:00,5962.0,28.4
2022-09-12 10:00:00,6456.0,30.4
2022-09-12 11:00:00,6913.0,32.1
2022-09-12 12:00:00,6836.0,33.7
2022-09-12 13:00:00,7004.0,34.1
2022-09-12 14:00:00,7154.0,35.0
2022-09-12 15:00:00,7339.0,35.0
2022-09-12 16:00:00,7435.0,35.1
2022-09-12 17:00:00,7592.0,34.4
2022-09-12 18:00:00,7260.0,32.9
2022-09-12 19:00:00,7321.0,31.0
2022-09-12 20:00:00,7231.0,30.0
2022-09-12 21:00:00,7280.0,29.2
2022-09-12 22:00:00,7064.0,28.2
2022-09-12 23:00:00,6470.0,27.5
2022-09-13 00:00:00,6579.0,26.9
2022-09-13 01:00:00,5825.0,26.1
2022-09-13 02:00:00,5426.0,25.1
2022-09-13 03:00:00,5131.0,24.5
2022-09-13 04:00:00,4951.0,24.2
2022-09-13 05:00:00,4850.0,23.7
2022-09-13 06:00:00,4981.0,23.2
2022-09-13 07:00:00,5220.0,23.2
2022-09-13 08:00:00,5638.0,25.3
2022-09-13 09:00:00,6577.0,27.5
2022-09-13 10:00:00,7026.0,29.7
2022-09-13 11:00:00,7395.0,32.1
2022-09-13 12:00:00,7190.0,33.5
2022-09-13 13:00:00,7349.0,34.1
2022-09-13 14:00:00,7287.0,34.2
2022-09-13 15:00:00,7402.0,33.9
2022-09-13 16:00:00,7462.0,33.9
2022-09-13 17:00:00,7643.0,32.6
2022-09-13 18:00:00,7146.0,30.9
2022-09-13 19:00:00,7147.0,29.3
2022-09-13 20:00:00,6970.0,28.2
2022-09-13 21:00:00,6892.0,27.2
2022-09-13 22:00:00,6637.0,26.7
2022-09-13 23:00:00,6233.0,26.0
2022-09-14 00:00:00,6054.0,25.3
2022-09-14 01:00:00,5556.0,24.9
2022-09-14 02:00:00,5195.0,23.9
2022-09-14 03:00:00,4963.0,23.1
2022-09-14 04:00:00,4787.0,22.7
2022-09-14 05:00:00,4695.0,22.5
2022-09-14 06:00:00,4885.0,21.7
2022-09-14 07:00:00,5194.0,22.0
2022-09-14 08:00:00,5554.0,24.0
2022-09-14 09:00:00,6293.0,26.0
2022-09-14 10:00:00,6745.0,28.2
2022-09-14 11:00:00,7089.0,30.0
2022-09-14 12:00:00,6860.0,31.7
2022-09-14 13:00:00,6984.0,32.5
2022-09-14 14:00:00,6981.0,32.1
2022-09-14 15:00:00,7159.0,32.3
2022-09-14 16:00:00,7283.0,32.3
2022-09-14 17:00:00,7416.0,30.9
2022-09-14 18:00:00,6980.0,29.9
2022-09-14 19:00:00,7018.0,28.6
2022-09-14 20:00:00,6823.0,27.7
2022-09-14 21:00:00,6773.0,27.0
2022-09-14 22:00:00,6482.0,26.4
2022-09-14 23:00:00,5996.0,25.7
2022-09-15 00:00:00,6065.0,24.7
2022-09-15 01:00:00,5405.0,24.1
2022-09-15 02:00:00,5048.0,23.2
2022-09-15 03:00:00,4815.0,23.0
2022-09-15 04:00:00,4676.0,22.9
2022-09-15 05:00:00,4590.0,22.4
2022-09-15 06:00:00,4775.0,22.4
2022-09-15 07:00:00,5104.0,22.8
2022-09-15 08:00:00,5456.0,24.9
2022-09-15 09:00:00,6264.0,26.8
2022-09-15 10:00:00,6646.0,28.9
2022-09-15 11:00:00,7020.0,30.4
2022-09-15 12:00:00,6655.0,31.0
2022-09-15 13:00:00,6723.0,32.0
2022-09-15 14:00:00,6663.0,32.3
2022-09-15 15:00:00,6835.0,32.1
2022-09-15 16:00:00,6924.0,31.9
2022-09-15 17:00:00,7130.0,30.9
2022-09-15 18:00:00,6691.0,29.4
2022-09-15 19:00:00,6687.0,28.0
2022-09-15 20:00:00,6542.0,26.9
2022-09-15 21:00:00,6448.0,26.2
2022-09-15 22:00:00,6146.0,25.7
2022-09-15 23:00:00,5705.0,24.9
2022-09-16 00:00:00,5775.0,24.4
2022-09-16 01:00:00,5126.0,24.0
2022-09-16 02:00:00,4816.0,23.4
2022-09-16 03:00:00,4626.0,22.7
2022-09-16 04:00:00,4458.0,22.3
2022-09-16 05:00:00,4357.0,21.5
2022-09-16 06:00:00,4619.0,21.4
2022-09-16 07:00:00,4958.0,22.2
2022-09-16 08:00:00,5403.0,24.8
2022-09-16 09:00:00,6228.0,26.6
2022-09-16 10:00:00,6648.0,28.8
2022-09-16 11:00:00,6933.0,29.7
2022-09-16 12:00:00,6726.0,31.6
2022-09-16 13:00:00,6824.0,32.7
2022-09-16 14:00:00,6830.0,33.8
2022-09-16 15:00:00,6990.0,34.2
2022-09-16 16:00:00,7059.0,33.5
2022-09-16 17:00:00,7194.0,32.1
2022-09-16 18:00:00,6787.0,31.7
2022-09-16 19:00:00,6953.0,29.9
2022-09-16 20:00:00,6790.0,29.2
2022-09-16 21:00:00,6672.0,28.4
2022-09-16 22:00:00,6479.0,27.6
2022-09-16 23:00:00,6109.0,26.8
2022-09-17 00:00:00,5968.0,26.7
2022-09-17 01:00:00,5468.0,25.7
2022-09-17 02:00:00,5129.0,25.2
2022-09-17 03:00:00,4886.0,25.1
2022-09-17 04:00:00,4697.0,24.6
2022-09-17 05:00:00,4625.0,24.2
2022-09-17 06:00:00,4722.0,23.6
2022-09-17 07:00:00,4988.0,23.7
2022-09-17 08:00:00,5373.0,26.6
2022-09-17 09:00:00,6086.0,28.7
2022-09-17 10:00:00,6641.0,30.0
2022-09-17 11:00:00,7036.0,32.2
2022-09-17 12:00:00,6935.0,33.8
2022-09-17 13:00:00,7004.0,34.5
2022-09-17 14:00:00,7165.0,35.3
2022-09-17 15:00:00,7324.0,35.3
2022-09-17 16:00:00,7316.0,35.4
2022-09-17 17:00:00,7440.0,35.1
2022-09-17 18:00:00,7064.0,33.7
2022-09-17 19:00:00,7133.0,32.0
2022-09-17 20:00:00,7016.0,31.1
2022-09-17 21:00:00,6936.0,30.0
2022-09-17 22:00:00,6780.0,29.4
2022-09-17 23:00:00,6414.0,28.5
2022-09-18 00:00:00,6547.0,27.4
2022-09-18 01:00:00,5844.0,26.9
2022-09-18 02:00:00,5438.0,26.7
2022-09-18 03:00:00,5137.0,26.1
2022-09-18 04:00:00,4948.0,25.3
2022-09-18 05:00:00,4874.0,25.2
2022-09-18 06:00:00,4939.0,25.3
2022-09-18 07:00:00,5167.0,25.9
2022-09-18 08:00:00,5397.0,27.0
2022-09-18 09:00:00,6109.0,29.8
2022-09-18 10:00:00,6586.0,31.4
2022-09-18 11:00:00,7060.0,33.2
2022-09-18 12:00:00,6994.0,35.0
2022-09-18 13:00:00,7090.0,35.8
2022-09-18 14:00:00,7281.0,35.9
2022-09-18 15:00:00,7486.0,35.6
2022-09-18 16:00:00,7453.0,35.1
2022-09-18 17:00:00,7613.0,34.7
2022-09-18 18:00:00,7251.0,33.2
2022-09-18 19:00:00,7273.0,31.6
2022-09-18 20:00:00,7193.0,30.5
2022-09-18 21:00:00,7130.0,29.4
2022-09-18 22:00:00,6873.0,28.3
2022-09-18 23:00:00,6423.0,27.3
2022-09-19 00:00:00,6360.0,26.5
2022-09-19 01:00:00,5695.0,25.9
2022-09-19 02:00:00,5344.0,25.7
2022-09-19 03:00:00,5069.0,25.9
2022-09-19 04:00:00,4893.0,24.0
2022-09-19 05:00:00,4802.0,23.9
2022-09-19 06:00:00,4940.0,23.5
2022-09-19 07:00:00,5254.0,23.6
2022-09-19 08:00:00,5554.0,25.3
2022-09-19 09:00:00,6521.0,27.9
2022-09-19 10:00:00,7044.0,30.2
2022-09-19 11:00:00,7410.0,31.7
2022-09-19 12:00:00,7252.0,32.9
2022-09-19 13:00:00,7379.0,34.2
2022-09-19 14:00:00,7364.0,34.1
2022-09-19 15:00:00,7587.0,34.4
2022-09-19 16:00:00,7691.0,34.2
2022-09-19 17:00:00,7828.0,33.6
2022-09-19 18:00:00,7399.0,31.8
2022-09-19 19:00:00,7545.0,30.9
2022-09-19 20:00:00,7358.0,30.0
2022-09-19 21:00:00,7283.0,29.4
2022-09-19 22:00:00,7128.0,28.6
2022-09-19 23:00:00,6663.0,28.0
2022-09-20 00:00:00,6678.0,27.5
2022-09-20 01:00:00,5976.0,27.2
2022-09-20 02:00:00,5620.0,26.4
2022-09-20 03:00:00,5355.0,27.0
2022-09-20 04:00:00,5108.0,26.6
2022-09-20 05:00:00,5060.0,26.2
2022-09-20 06:00:00,5170.0,25.7
2022-09-20 07:00:00,5416.0,25.5
2022-09-20 08:00:00,5653.0,25.6
2022-09-20 09:00:00,6467.0,26.7
2022-09-20 10:00:00,6860.0,28.7
2022-09-20 11:00:00,7180.0,31.4
2022-09-20 12:00:00,6910.0,31.8
2022-09-20 13:00:00,6894.0,31.9
2022-09-20 14:00:00,6908.0,32.1
2022-09-20 15:00:00,7013.0,32.1
2022-09-20 16:00:00,7034.0,32.0
2022-09-20 17:00:00,7130.0,30.3
2022-09-20 18:00:00,6613.0,28.3
2022-09-20 19:00:00,6671.0,27.1
2022-09-20 20:00:00,6406.0,26.1
2022-09-20 21:00:00,6129.0,25.2
2022-09-20 22:00:00,5756.0,24.1
2022-09-20 23:00:00,5273.0,23.4
2022-09-21 00:00:00,5379.0,23.1
2022-09-21 01:00:00,4783.0,22.8
2022-09-21 02:00:00,4491.0,22.4
2022-09-21 03:00:00,4264.0,21.8
2022-09-21 04:00:00,4163.0,21.0
2022-09-21 05:00:00,4124.0,20.7
2022-09-21 06:00:00,4326.0,20.4
2022-09-21 07:00:00,4727.0,20.7
2022-09-21 08:00:00,4984.0,21.5
2022-09-21 09:00:00,5625.0,24.5
2022-09-21 10:00:00,5893.0,25.3
2022-09-21 11:00:00,6049.0,24.3
2022-09-21 12:00:00,5630.0,24.3
2022-09-21 13:00:00,5376.0,24.1
2022-09-21 14:00:00,5467.0,25.0
2022-09-21 15:00:00,5630.0,24.4
2022-09-21 16:00:00,5710.0,24.7
2022-09-21 17:00:00,6001.0,23.3
2022-09-21 18:00:00,5742.0,22.0
2022-09-21 19:00:00,5805.0,21.2
2022-09-21 20:00:00,5575.0,20.2
2022-09-21 21:00:00,5396.0,19.8
2022-09-21 22:00:00,4927.0,19.3
2022-09-21 23:00:00,4582.0,19.4
2022-09-22 00:00:00,4559.0,19.2
2022-09-22 01:00:00,4171.0,19.1
2022-09-22 02:00:00,3989.0,18.8
2022-09-22 03:00:00,3813.0,18.7
2022-09-22 04:00:00,3757.0,18.6
2022-09-22 05:00:00,3737.0,18.5
2022-09-22 06:00:00,3987.0,18.4
2022-09-22 07:00:00,4487.0,18.4
2022-09-22 08:00:00,4777.0,18.8
2022-09-22 09:00:00,5319.0,19.6
2022-09-22 10:00:00,5495.0,20.2
2022-09-22 11:00:00,5730.0,19.9
2022-09-22 12:00:00,5211.0,21.1
2022-09-22 13:00:00,5035.0,20.9
2022-09-22 14:00:00,5051.0,22.2
2022-09-22 15:00:00,5250.0,22.2
2022-09-22 16:00:00,5369.0,21.7
2022-09-22 17:00:00,5689.0,21.5
2022-09-22 18:00:00,5501.0,21.0
2022-09-22 19:00:00,5646.0,20.2
2022-09-22 20:00:00,5462.0,20.2
2022-09-22 21:00:00,5342.0,19.9
2022-09-22 22:00:00,4938.0,19.9
2022-09-22 23:00:00,4536.0,19.7
2022-09-23 00:00:00,4627.0,19.7
2022-09-23 01:00:00,4102.0,19.6
2022-09-23 02:00:00,3896.0,19.5
2022-09-23 03:00:00,3756.0,19.5
2022-09-23 04:00:00,3646.0,19.4
2022-09-23 05:00:00,3675.0,19.1
2022-09-23 06:00:00,3944.0,19.3
2022-09-23 07:00:00,4512.0,19.6
2022-09-23 08:00:00,4746.0,20.6
2022-09-23 09:00:00,5291.0,21.9
2022-09-23 10:00:00,5540.0,22.1
2022-09-23 11:00:00,5717.0,23.5
2022-09-23 12:00:00,5304.0,24.9
2022-09-23 13:00:00,5103.0,25.0
2022-09-23 14:00:00,5220.0,26.1
2022-09-23 15:00:00,5400.0,26.4
2022-09-23 16:00:00,5621.0,25.4
2022-09-23 17:00:00,5885.0,24.5
2022-09-23 18:00:00,5614.0,24.1
2022-09-23 19:00:00,5801.0,23.5
2022-09-23 20:00:00,5557.0,23.4
2022-09-23 21:00:00,5416.0,23.4
2022-09-23 22:00:00,5101.0,23.3
2022-09-23 23:00:00,4692.0,22.9
2022-09-24 00:00:00,4818.0,22.5
2022-09-24 01:00:00,4235.0,22.3
2022-09-24 02:00:00,3976.0,22.1
2022-09-24 03:00:00,3793.0,21.7
2022-09-24 04:00:00,3717.0,21.4
2022-09-24 05:00:00,3642.0,21.1
2022-09-24 06:00:00,3856.0,20.8
2022-09-24 07:00:00,4192.0,20.5
2022-09-24 08:00:00,4510.0,20.8
2022-09-24 09:00:00,5075.0,21.6
2022-09-24 10:00:00,5306.0,23.8
2022-09-24 11:00:00,5529.0,25.5
2022-09-24 12:00:00,5131.0,26.5
2022-09-24 13:00:00,5044.0,28.0
2022-09-24 14:00:00,5171.0,29.4
2022-09-24 15:00:00,5298.0,28.8
2022-09-24 16:00:00,5451.0,28.0
2022-09-24 17:00:00,5696.0,26.7
2022-09-24 18:00:00,5507.0,25.1
2022-09-24 19:00:00,5623.0,23.6
2022-09-24 20:00:00,5394.0,22.8
2022-09-24 21:00:00,5153.0,21.5
2022-09-24 22:00:00,4853.0,21.0
2022-09-24 23:00:00,4491.0,20.6
2022-09-25 00:00:00,4578.0,20.2
2022-09-25 01:00:00,4035.0,19.7
2022-09-25 02:00:00,3799.0,19.4
2022-09-25 03:00:00,3663.0,19.0
2022-09-25 04:00:00,3579.0,18.5
2022-09-25 05:00:00,3564.0,18.5
2022-09-25 06:00:00,3782.0,17.9
2022-09-25 07:00:00,4112.0,17.8
2022-09-25 08:00:00,4391.0,18.9
2022-09-25 09:00:00,4849.0,20.7
2022-09-25 10:00:00,5062.0,22.4
2022-09-25 11:00:00,5362.0,25.2
2022-09-25 12:00:00,4990.0,26.9
2022-09-25 13:00:00,4852.0,27.4
2022-09-25 14:00:00,4958.0,28.1
2022-09-25 15:00:00,5020.0,27.9
2022-09-25 16:00:00,5266.0,27.0
2022-09-25 17:00:00,5496.0,25.8
2022-09-25 18:00:00,5451.0,24.8
2022-09-25 19:00:00,5568.0,24.0
2022-09-25 20:00:00,5388.0,23.1
2022-09-25 21:00:00,5182.0,22.6
2022-09-25 22:00:00,4820.0,22.2
2022-09-25 23:00:00,4435.0,21.9
2022-09-26 00:00:00,4532.0,21.8
2022-09-26 01:00:00,4026.0,21.6
2022-09-26 02:00:00,3741.0,21.7
2022-09-26 03:00:00,3634.0,21.4
2022-09-26 04:00:00,3584.0,20.8
2022-09-26 05:00:00,3590.0,20.9
2022-09-26 06:00:00,3888.0,20.9
2022-09-26 07:00:00,4440.0,20.9
2022-09-26 08:00:00,4675.0,21.8
2022-09-26 09:00:00,5290.0,23.2
2022-09-26 10:00:00,5569.0,25.3
2022-09-26 11:00:00,5790.0,27.0
2022-09-26 12:00:00,5347.0,28.4
2022-09-26 13:00:00,5274.0,29.6
2022-09-26 14:00:00,5363.0,30.4
2022-09-26 15:00:00,5667.0,31.0
2022-09-26 16:00:00,5881.0,31.3
2022-09-26 17:00:00,6164.0,30.1
2022-09-26 18:00:00,5892.0,28.6
2022-09-26 19:00:00,6024.0,27.3
2022-09-26 20:00:00,5714.0,26.3
2022-09-26 21:00:00,5569.0,25.5
2022-09-26 22:00:00,5173.0,24.6
2022-09-26 23:00:00,4758.0,24.0
2022-09-27 00:00:00,4671.0,23.7
2022-09-27 01:00:00,4293.0,23.4
2022-09-27 02:00:00,4064.0,23.1
2022-09-27 03:00:00,3906.0,22.5
2022-09-27 04:00:00,3780.0,22.0
2022-09-27 05:00:00,3727.0,21.4
2022-09-27 06:00:00,4067.0,20.9
2022-09-27 07:00:00,4574.0,20.9
2022-09-27 08:00:00,4833.0,23.0
2022-09-27 09:00:00,5487.0,25.3
2022-09-27 10:00:00,5855.0,27.6
2022-09-27 11:00:00,6104.0,28.9
2022-09-27 12:00:00,5681.0,30.6
2022-09-27 13:00:00,5682.0,32.2
2022-09-27 14:00:00,5765.0,31.9
2022-09-27 15:00:00,5999.0,32.1
2022-09-27 16:00:00,6263.0,31.9
2022-09-27 17:00:00,6468.0,31.1
2022-09-27 18:00:00,6166.0,29.7
2022-09-27 19:00:00,6268.0,28.3
2022-09-27 20:00:00,5993.0,27.4
2022-09-27 21:00:00,5812.0,26.5
2022-09-27 22:00:00,5432.0,25.9
2022-09-27 23:00:00,4939.0,25.0
2022-09-28 00:00:00,4998.0,23.9
2022-09-28 01:00:00,4413.0,23.3
2022-09-28 02:00:00,4138.0,22.6
2022-09-28 03:00:00,3956.0,22.1
2022-09-28 04:00:00,3846.0,21.3
2022-09-28 05:00:00,3872.0,20.9
2022-09-28 06:00:00,4095.0,20.5
2022-09-28 07:00:00,4582.0,20.7
2022-09-28 08:00:00,4835.0,21.3
2022-09-28 09:00:00,5435.0,22.5
2022-09-28 10:00:00,5672.0,24.4
2022-09-28 11:00:00,5907.0,26.9
2022-09-28 12:00:00,5546.0,28.3
2022-09-28 13:00:00,5509.0,29.7
2022-09-28 14:00:00,5581.0,30.1
2022-09-28 15:00:00,5826.0,30.5
2022-09-28 16:00:00,6040.0,30.1
2022-09-28 17:00:00,6225.0,28.6
2022-09-28 18:00:00,5925.0,27.1
2022-09-28 19:00:00,6059.0,25.7
2022-09-28 20:00:00,5753.0,24.5
2022-09-28 21:00:00,5627.0,23.7
2022-09-28 22:00:00,5218.0,22.9
2022-09-28 23:00:00,4788.0,22.4
2022-09-29 00:00:00,4720.0,21.6
2022-09-29 01:00:00,4333.0,21.0
2022-09-29 02:00:00,4063.0,21.0
2022-09-29 03:00:00,3898.0,20.8
2022-09-29 04:00:00,3815.0,20.2
2022-09-29 05:00:00,3799.0,19.5
2022-09-29 06:00:00,4085.0,19.3
2022-09-29 07:00:00,4577.0,19.5
2022-09-29 08:00:00,4873.0,21.3
2022-09-29 09:00:00,5443.0,24.1
2022-09-29 10:00:00,5766.0,26.4
2022-09-29 11:00:00,6074.0,28.9
2022-09-29 12:00:00,5732.0,29.5
2022-09-29 13:00:00,5741.0,31.0
2022-09-29 14:00:00,5880.0,32.1
2022-09-29 15:00:00,6146.0,32.9
2022-09-29 16:00:00,6345.0,32.8
2022-09-29 17:00:00,6559.0,32.8
2022-09-29 18:00:00,6238.0,30.8
2022-09-29 19:00:00,6354.0,30.0
2022-09-29 20:00:00,6063.0,29.1
2022-09-29 21:00:00,5915.0,28.1
2022-09-29 22:00:00,5567.0,27.1
2022-09-29 23:00:00,5108.0,26.2
2022-09-30 00:00:00,5039.0,26.0
2022-09-30 01:00:00,4588.0,25.4
2022-09-30 02:00:00,4348.0,24.3
2022-09-30 03:00:00,4095.0,24.1
2022-09-30 04:00:00,3976.0,23.5
2022-09-30 05:00:00,3988.0,23.5
2022-09-30 06:00:00,4198.0,23.7
2022-09-30 07:00:00,4633.0,23.2
2022-09-30 08:00:00,4949.0,25.6
2022-09-30 09:00:00,5731.0,27.8
2022-09-30 10:00:00,6193.0,30.9
2022-09-30 11:00:00,6549.0,33.0
2022-09-30 12:00:00,6376.0,35.5
2022-09-30 13:00:00,6496.0,36.1
2022-09-30 14:00:00,6556.0,36.7
2022-09-30 15:00:00,6607.0,36.8
2022-09-30 16:00:00,6740.0,37.5
2022-09-30 17:00:00,6917.0,36.7
2022-09-30 18:00:00,6379.0,35.3
2022-09-30 19:00:00,6458.0,34.1
2022-09-30 20:00:00,6197.0,32.1
2022-09-30 21:00:00,6022.0,30.8
2022-09-30 22:00:00,5771.0,29.1
2022-09-30 23:00:00,5429.0,28.4
2022-10-01 00:00:00,5366.0,27.9
2022-10-01 01:00:00,4917.0,27.4
2022-10-01 02:00:00,4533.0,28.5
2022-10-01 03:00:00,4228.0,28.1
2022-10-01 04:00:00,4040.0,28.1
2022-10-01 05:00:00,3976.0,26.8
2022-10-01 06:00:00,3996.0,26.3
2022-10-01 07:00:00,4167.0,27.4
2022-10-01 08:00:00,4373.0,29.7
2022-10-01 09:00:00,4856.0,31.5
2022-10-01 10:00:00,5293.0,34.1
2022-10-01 11:00:00,5690.0,35.5
2022-10-01 12:00:00,5747.0,35.8
2022-10-01 13:00:00,5845.0,36.6
2022-10-01 14:00:00,6047.0,37.6
2022-10-01 15:00:00,6143.0,37.7
2022-10-01 16:00:00,6192.0,37.3
2022-10-01 17:00:00,6398.0,36.6
2022-10-01 18:00:00,6079.0,35.2
2022-10-01 19:00:00,6247.0,33.5
2022-10-01 20:00:00,6143.0,32.6
2022-10-01 21:00:00,6184.0,32.3
2022-10-01 22:00:00,6101.0,31.1
2022-10-01 23:00:00,5819.0,30.0
2022-10-02 00:00:00,5791.0,29.5
2022-10-02 01:00:00,5323.0,29.2
2022-10-02 02:00:00,4895.0,28.2
2022-10-02 03:00:00,4612.0,27.6
2022-10-02 04:00:00,4429.0,27.4
2022-10-02 05:00:00,4337.0,27.1
2022-10-02 06:00:00,4354.0,26.9
2022-10-02 07:00:00,4487.0,27.6
2022-10-02 08:00:00,4714.0,29.9
2022-10-02 09:00:00,5182.0,31.7
2022-10-02 10:00:00,5711.0,33.2
2022-10-02 11:00:00,6199.0,34.6
2022-10-02 12:00:00,6245.0,36.1
2022-10-02 13:00:00,6438.0,35.8
2022-10-02 14:00:00,6552.0,36.7
2022-10-02 15:00:00,6595.0,35.6
2022-10-02 16:00:00,6590.0,36.4
2022-10-02 17:00:00,6736.0,35.6
2022-10-02 18:00:00,6429.0,34.7
2022-10-02 19:00:00,6618.0,33.3
2022-10-02 20:00:00,6592.0,32.3
2022-10-02 21:00:00,6672.0,31.8
2022-10-02 22:00:00,6569.0,31.1
2022-10-02 23:00:00,6285.0,30.6
2022-10-03 00:00:00,6230.0,30.0
2022-10-03 01:00:00,5732.0,29.6
2022-10-03 02:00:00,5350.0,28.4
2022-10-03 03:00:00,5017.0,28.2
2022-10-03 04:00:00,4810.0,27.7
2022-10-03 05:00:00,4646.0,27.4
2022-10-03 06:00:00,4672.0,27.1
2022-10-03 07:00:00,4762.0,27.7
2022-10-03 08:00:00,4999.0,29.6
2022-10-03 09:00:00,5615.0,32.1
2022-10-03 10:00:00,6120.0,34.1
2022-10-03 11:00:00,6623.0,34.8
2022-10-03 12:00:00,6685.0,36.0
2022-10-03 13:00:00,6981.0,36.6
2022-10-03 14:00:00,7107.0,37.8
2022-10-03 15:00:00,7175.0,37.9
2022-10-03 16:00:00,7243.0,38.0
2022-10-03 17:00:00,7324.0,37.0
2022-10-03 18:00:00,6959.0,35.7
2022-10-03 19:00:00,7120.0,33.7
2022-10-03 20:00:00,7081.0,32.6
2022-10-03 21:00:00,7245.0,32.1
2022-10-03 22:00:00,7139.0,31.1
2022-10-03 23:00:00,6825.0,29.8
2022-10-04 00:00:00,6735.0,28.7
2022-10-04 01:00:00,6235.0,27.6
2022-10-04 02:00:00,5811.0,27.2
2022-10-04 03:00:00,5517.0,27.6
2022-10-04 04:00:00,5273.0,27.1
2022-10-04 05:00:00,5122.0,26.0
2022-10-04 06:00:00,5023.0,26.2
2022-10-04 07:00:00,4928.0,25.0
2022-10-04 08:00:00,5051.0,24.9
2022-10-04 09:00:00,5509.0,25.9
2022-10-04 10:00:00,5740.0,27.6
2022-10-04 11:00:00,5952.0,27.9
2022-10-04 12:00:00,5541.0,27.9
2022-10-04 13:00:00,5424.0,27.2
2022-10-04 14:00:00,5349.0,27.0
2022-10-04 15:00:00,5340.0,25.8
2022-10-04 16:00:00,5279.0,24.3
2022-10-04 17:00:00,5507.0,21.6
2022-10-04 18:00:00,5237.0,20.4
2022-10-04 19:00:00,5337.0,19.7
2022-10-04 20:00:00,5070.0,19.0
2022-10-04 21:00:00,4909.0,18.3
2022-10-04 22:00:00,4583.0,17.8
2022-10-04 23:00:00,4254.0,17.8
2022-10-05 00:00:00,4214.0,16.9
2022-10-05 01:00:00,3853.0,16.3
2022-10-05 02:00:00,3627.0,15.3
2022-10-05 03:00:00,3467.0,14.8
2022-10-05 04:00:00,3379.0,14.4
2022-10-05 05:00:00,3368.0,13.9
2022-10-05 06:00:00,3529.0,13.7
2022-10-05 07:00:00,3827.0,13.6
2022-10-05 08:00:00,4142.0,13.4
2022-10-05 09:00:00,4634.0,13.2
2022-10-05 10:00:00,4874.0,13.3
2022-10-05 11:00:00,5004.0,13.8
2022-10-05 12:00:00,4635.0,13.7
2022-10-05 13:00:00,4463.0,13.6
2022-10-05 14:00:00,4502.0,14.0
2022-10-05 15:00:00,4661.0,14.0
2022-10-05 16:00:00,4775.0,13.7
2022-10-05 17:00:00,5083.0,13.2
2022-10-05 18:00:00,5068.0,13.4
2022-10-05 19:00:00,5129.0,13.4
2022-10-05 20:00:00,4898.0,13.0
2022-10-05 21:00:00,4767.0,12.9
2022-10-05 22:00:00,4478.0,13.1
2022-10-05 23:00:00,4116.0,13.0
2022-10-06 00:00:00,4092.0,12.9
2022-10-06 01:00:00,3700.0,12.9
2022-10-06 02:00:00,3496.0,12.7
2022-10-06 03:00:00,3365.0,12.4
2022-10-06 04:00:00,3260.0,12.2
2022-10-06 05:00:00,3283.0,12.2
2022-10-06 06:00:00,3445.0,12.0
2022-10-06 07:00:00,3840.0,12.0
2022-10-06 08:00:00,4212.0,12.1
2022-10-06 09:00:00,4752.0,12.1
2022-10-06 10:00:00,4999.0,12.0
2022-10-06 11:00:00,5189.0,12.0
2022-10-06 12:00:00,4844.0,12.2
2022-10-06 13:00:00,4713.0,12.2
2022-10-06 14:00:00,4779.0,12.1
2022-10-06 15:00:00,4800.0,12.0
2022-10-06 16:00:00,5030.0,11.9
2022-10-06 17:00:00,5470.0,11.9
2022-10-06 18:00:00,5303.0,11.8
2022-10-06 19:00:00,5425.0,11.6
2022-10-06 20:00:00,5169.0,11.3
2022-10-06 21:00:00,5074.0,11.4
2022-10-06 22:00:00,4742.0,11.5
2022-10-06 23:00:00,4336.0,11.1
2022-10-07 00:00:00,4304.0,11.1
2022-10-07 01:00:00,3900.0,11.2
2022-10-07 02:00:00,3640.0,11.3
2022-10-07 03:00:00,3477.0,11.0
2022-10-07 04:00:00,3393.0,11.0
2022-10-07 05:00:00,3408.0,11.0
2022-10-07 06:00:00,3543.0,11.0
2022-10-07 07:00:00,3966.0,11.0
2022-10-07 08:00:00,4351.0,11.3
2022-10-07 09:00:00,4948.0,11.7
2022-10-07 10:00:00,5261.0,11.9
2022-10-07 11:00:00,5471.0,11.9
2022-10-07 12:00:00,5153.0,12.0
2022-10-07 13:00:00,4934.0,12.2
2022-10-07 14:00:00,5044.0,12.4
2022-10-07 15:00:00,5053.0,12.4
2022-10-07 16:00:00,5252.0,12.3
2022-10-07 17:00:00,5727.0,12.1
2022-10-07 18:00:00,5646.0,12.1
2022-10-07 19:00:00,5675.0,12.2
2022-10-07 20:00:00,5478.0,12.1
2022-10-07 21:00:00,5402.0,12.2
2022-10-07 22:00:00,4929.0,12.4
2022-10-07 23:00:00,4441.0,12.4
2022-10-08 00:00:00,4355.0,12.5
2022-10-08 01:00:00,3958.0,12.3
2022-10-08 02:00:00,3665.0,12.4
2022-10-08 03:00:00,3505.0,12.5
2022-10-08 04:00:00,3342.0,12.4
2022-10-08 05:00:00,3448.0,12.4
2022-10-08 06:00:00,3695.0,12.4
2022-10-08 07:00:00,4324.0,12.5
2022-10-08 08:00:00,4593.0,13.0
2022-10-08 09:00:00,5158.0,13.6
2022-10-08 10:00:00,5479.0,13.9
2022-10-08 11:00:00,5642.0,14.3
2022-10-08 12:00:00,5242.0,14.6
2022-10-08 13:00:00,5048.0,15.0
2022-10-08 14:00:00,5131.0,14.7
2022-10-08 15:00:00,5175.0,14.6
2022-10-08 16:00:00,5278.0,14.6
2022-10-08 17:00:00,5703.0,14.9
2022-10-08 18:00:00,5571.0,14.7
2022-10-08 19:00:00,5764.0,14.6
2022-10-08 20:00:00,5419.0,14.6
2022-10-08 21:00:00,5433.0,14.4
2022-10-08 22:00:00,5050.0,14.0
2022-10-08 23:00:00,4550.0,13.6
2022-10-09 00:00:00,4415.0,13.5
2022-10-09 01:00:00,3995.0,13.4
2022-10-09 02:00:00,3706.0,13.4
2022-10-09 03:00:00,3593.0,13.5
2022-10-09 04:00:00,3515.0,13.7
2022-10-09 05:00:00,3503.0,13.7
2022-10-09 06:00:00,3698.0,13.8
2022-10-09 07:00:00,4285.0,13.8
2022-10-09 08:00:00,4562.0,14.0
2022-10-09 09:00:00,5076.0,14.4
2022-10-09 10:00:00,5358.0,15.1
2022-10-09 11:00:00,5499.0,16.0
2022-10-09 12:00:00,4990.0,17.0
2022-10-09 13:00:00,4793.0,17.9
2022-10-09 14:00:00,4797.0,18.4
2022-10-09 15:00:00,4882.0,18.9
2022-10-09 16:00:00,5123.0,17.7
2022-10-09 17:00:00,5446.0,17.1
2022-10-09 18:00:00,5378.0,16.8
2022-10-09 19:00:00,5577.0,16.5
2022-10-09 20:00:00,5396.0,16.2
2022-10-09 21:00:00,5381.0,15.6
2022-10-09 22:00:00,4987.0,15.2
2022-10-09 23:00:00,4454.0,14.6
2022-10-10 00:00:00,4288.0,14.1
2022-10-10 01:00:00,3876.0,13.9
2022-10-10 02:00:00,3557.0,13.4
2022-10-10 03:00:00,3493.0,12.0
2022-10-10 04:00:00,3413.0,11.6
2022-10-10 05:00:00,3440.0,10.8
2022-10-10 06:00:00,3696.0,10.5
2022-10-10 07:00:00,4411.0,10.6
2022-10-10 08:00:00,4518.0,12.3
2022-10-10 09:00:00,4994.0,14.7
2022-10-10 10:00:00,5132.0,16.6
2022-10-10 11:00:00,5370.0,17.2
2022-10-10 12:00:00,4858.0,18.8
2022-10-10 13:00:00,4578.0,19.2
2022-10-10 14:00:00,4725.0,19.7
2022-10-10 15:00:00,4743.0,20.6
2022-10-10 16:00:00,4912.0,20.3
2022-10-10 17:00:00,5359.0,18.8
2022-10-10 18:00:00,5358.0,17.9
2022-10-10 19:00:00,5587.0,17.0
2022-10-10 20:00:00,5394.0,16.5
2022-10-10 21:00:00,5339.0,16.1
2022-10-10 22:00:00,4964.0,15.5
2022-10-10 23:00:00,4459.0,14.8
2022-10-11 00:00:00,4318.0,14.5
2022-10-11 01:00:00,3902.0,14.2
2022-10-11 02:00:00,3690.0,13.7
2022-10-11 03:00:00,3544.0,13.6
2022-10-11 04:00:00,3451.0,12.9
2022-10-11 05:00:00,3477.0,12.8
2022-10-11 06:00:00,3706.0,12.5
2022-10-11 07:00:00,4385.0,12.5
2022-10-11 08:00:00,4604.0,14.2
2022-10-11 09:00:00,4994.0,16.3
2022-10-11 10:00:00,5085.0,18.0
2022-10-11 11:00:00,5215.0,19.9
2022-10-11 12:00:00,4729.0,21.3
2022-10-11 13:00:00,4512.0,22.9
2022-10-11 14:00:00,4593.0,23.9
2022-10-11 15:00:00,4729.0,24.0
2022-10-11 16:00:00,4970.0,24.3
2022-10-11 17:00:00,5324.0,23.4
2022-10-11 18:00:00,5289.0,21.3
2022-10-11 19:00:00,5513.0,19.7
2022-10-11 20:00:00,5303.0,18.0
2022-10-11 21:00:00,5275.0,16.7
2022-10-11 22:00:00,4911.0,16.3
2022-10-11 23:00:00,4390.0,16.0
2022-10-12 00:00:00,4256.0,14.9
2022-10-12 01:00:00,3846.0,13.5
2022-10-12 02:00:00,3617.0,13.3
2022-10-12 03:00:00,3469.0,12.5
2022-10-12 04:00:00,3413.0,12.2
2022-10-12 05:00:00,3431.0,11.9
2022-10-12 06:00:00,3683.0,11.7
2022-10-12 07:00:00,4343.0,11.8
2022-10-12 08:00:00,4549.0,14.2
2022-10-12 09:00:00,4945.0,16.8
2022-10-12 10:00:00,5086.0,18.5
2022-10-12 11:00:00,5197.0,20.8
2022-10-12 12:00:00,4733.0,21.9
2022-10-12 13:00:00,4507.0,23.2
2022-10-12 14:00:00,4624.0,24.2
2022-10-12 15:00:00,4726.0,24.5
2022-10-12 16:00:00,4950.0,25.2
2022-10-12 17:00:00,5334.0,24.5
2022-10-12 18:00:00,5299.0,22.0
2022-10-12 19:00:00,5454.0,20.3
2022-10-12 20:00:00,5262.0,18.8
2022-10-12 21:00:00,5229.0,18.0
2022-10-12 22:00:00,4842.0,17.2
2022-10-12 23:00:00,4368.0,16.3
2022-10-13 00:00:00,4230.0,15.2
2022-10-13 01:00:00,3845.0,14.4
2022-10-13 02:00:00,3604.0,14.0
2022-10-13 03:00:00,3450.0,13.6
2022-10-13 04:00:00,3390.0,12.7
2022-10-13 05:00:00,3403.0,12.1
2022-10-13 06:00:00,3648.0,11.5
2022-10-13 07:00:00,4338.0,11.3
2022-10-13 08:00:00,4537.0,14.3
2022-10-13 09:00:00,4940.0,16.9
2022-10-13 10:00:00,5091.0,19.9
2022-10-13 11:00:00,5204.0,21.6
2022-10-13 12:00:00,4746.0,23.5
2022-10-13 13:00:00,4453.0,24.4
2022-10-13 14:00:00,4581.0,24.5
2022-10-13 15:00:00,4756.0,24.8
2022-10-13 16:00:00,4977.0,25.0
2022-10-13 17:00:00,5320.0,24.2
2022-10-13 18:00:00,5309.0,22.6
2022-10-13 19:00:00,5492.0,20.7
2022-10-13 20:00:00,5245.0,19.4
2022-10-13 21:00:00,5171.0,19.6
2022-10-13 22:00:00,4821.0,18.5
2022-10-13 23:00:00,4362.0,17.6
2022-10-14 00:00:00,4214.0,16.5
2022-10-14 01:00:00,3818.0,15.9
2022-10-14 02:00:00,3591.0,15.1
2022-10-14 03:00:00,3445.0,14.7
2022-10-14 04:00:00,3395.0,14.0
2022-10-14 05:00:00,3397.0,14.0
2022-10-14 06:00:00,3660.0,13.0
2022-10-14 07:00:00,4307.0,13.7
2022-10-14 08:00:00,4513.0,15.3
2022-10-14 09:00:00,4925.0,17.4
2022-10-14 10:00:00,5025.0,19.9
2022-10-14 11:00:00,5175.0,21.7
2022-10-14 12:00:00,4732.0,23.5
2022-10-14 13:00:00,4504.0,25.4
2022-10-14 14:00:00,4654.0,26.6
2022-10-14 15:00:00,4740.0,26.5
2022-10-14 16:00:00,4985.0,25.9
2022-10-14 17:00:00,5320.0,24.6
2022-10-14 18:00:00,5279.0,22.6
2022-10-14 19:00:00,5444.0,21.3
2022-10-14 20:00:00,5183.0,20.4
2022-10-14 21:00:00,5073.0,19.6
2022-10-14 22:00:00,4802.0,18.4
2022-10-14 23:00:00,4404.0,17.6
2022-10-15 00:00:00,4270.0,17.3
2022-10-15 01:00:00,3827.0,16.2
2022-10-15 02:00:00,3610.0,16.2
2022-10-15 03:00:00,3472.0,15.3
2022-10-15 04:00:00,3370.0,14.9
2022-10-15 05:00:00,3387.0,14.5
2022-10-15 06:00:00,3544.0,14.5
2022-10-15 07:00:00,4005.0,14.3
2022-10-15 08:00:00,4352.0,16.0
2022-10-15 09:00:00,4797.0,18.4
2022-10-15 10:00:00,4918.0,21.1
2022-10-15 11:00:00,5055.0,23.5
2022-10-15 12:00:00,4688.0,25.2
2022-10-15 13:00:00,4490.0,26.3
2022-10-15 14:00:00,4574.0,27.1
2022-10-15 15:00:00,4687.0,27.4
2022-10-15 16:00:00,4853.0,27.0
2022-10-15 17:00:00,5201.0,25.8
2022-10-15 18:00:00,5187.0,23.6
2022-10-15 19:00:00,5367.0,22.2
2022-10-15 20:00:00,5071.0,21.4
2022-10-15 21:00:00,4933.0,20.2
2022-10-15 22:00:00,4651.0,19.3
2022-10-15 23:00:00,4271.0,18.7
2022-10-16 00:00:00,4208.0,18.0
2022-10-16 01:00:00,3770.0,17.9
2022-10-16 02:00:00,3552.0,17.3
2022-10-16 03:00:00,3392.0,16.9
2022-10-16 04:00:00,3303.0,16.6
2022-10-16 05:00:00,3311.0,15.9
2022-10-16 06:00:00,3465.0,15.3
2022-10-16 07:00:00,3910.0,15.4
2022-10-16 08:00:00,4185.0,17.0
2022-10-16 09:00:00,4634.0,19.5
2022-10-16 10:00:00,4806.0,22.7
2022-10-16 11:00:00,4979.0,25.4
2022-10-16 12:00:00,4646.0,26.6
2022-10-16 13:00:00,4372.0,27.6
2022-10-16 14:00:00,4458.0,28.0
2022-10-16 15:00:00,4565.0,28.2
2022-10-16 16:00:00,4845.0,27.5
2022-10-16 17:00:00,5144.0,26.5
2022-10-16 18:00:00,5151.0,25.0
2022-10-16 19:00:00,5319.0,23.6
2022-10-16 20:00:00,5055.0,22.7
2022-10-16 21:00:00,4943.0,21.7
2022-10-16 22:00:00,4607.0,20.6
2022-10-16 23:00:00,4159.0,19.9
2022-10-17 00:00:00,4092.0,19.4
2022-10-17 01:00:00,3698.0,19.0
2022-10-17 02:00:00,3465.0,18.7
2022-10-17 03:00:00,3330.0,18.6
2022-10-17 04:00:00,3274.0,18.4
2022-10-17 05:00:00,3306.0,17.4
2022-10-17 06:00:00,3559.0,17.2
2022-10-17 07:00:00,4184.0,17.3
2022-10-17 08:00:00,4413.0,19.0
2022-10-17 09:00:00,4873.0,21.9
2022-10-17 10:00:00,5106.0,23.4
2022-10-17 11:00:00,5239.0,25.0
2022-10-17 12:00:00,4830.0,26.2
2022-10-17 13:00:00,4582.0,27.0
2022-10-17 14:00:00,4689.0,27.1
2022-10-17 15:00:00,4869.0,26.8
2022-10-17 16:00:00,5030.0,25.4
2022-10-17 17:00:00,5356.0,24.0
2022-10-17 18:00:00,5334.0,22.4
2022-10-17 19:00:00,5450.0,21.2
2022-10-17 20:00:00,5150.0,20.4
2022-10-17 21:00:00,5062.0,19.7
2022-10-17 22:00:00,4703.0,19.0
2022-10-17 23:00:00,4273.0,18.3
2022-10-18 00:00:00,4203.0,17.6
2022-10-18 01:00:00,3813.0,16.7
2022-10-18 02:00:00,3582.0,16.0
2022-10-18 03:00:00,3457.0,15.2
2022-10-18 04:00:00,3394.0,14.6
2022-10-18 05:00:00,3421.0,14.0
2022-10-18 06:00:00,3666.0,13.3
2022-10-18 07:00:00,4263.0,13.4
2022-10-18 08:00:00,4465.0,15.5
2022-10-18 09:00:00,4884.0,18.3
2022-10-18 10:00:00,5039.0,20.6
2022-10-18 11:00:00,5182.0,22.2
2022-10-18 12:00:00,4714.0,23.3
2022-10-18 13:00:00,4491.0,23.9
2022-10-18 14:00:00,4614.0,24.6
2022-10-18 15:00:00,4753.0,25.2
2022-10-18 16:00:00,4995.0,24.9
2022-10-18 17:00:00,5342.0,23.8
2022-10-18 18:00:00,5274.0,21.3
2022-10-18 19:00:00,5313.0,19.5
2022-10-18 20:00:00,5074.0,18.4
2022-10-18 21:00:00,4931.0,17.5
2022-10-18 22:00:00,4543.0,17.1
2022-10-18 23:00:00,4086.0,15.6
2022-10-19 00:00:00,4042.0,15.4
2022-10-19 01:00:00,3641.0,14.0
2022-10-19 02:00:00,3412.0,14.7
2022-10-19 03:00:00,3231.0,13.5
2022-10-19 04:00:00,3180.0,12.6
2022-10-19 05:00:00,3204.0,13.1
2022-10-19 06:00:00,3458.0,13.2
2022-10-19 07:00:00,4127.0,12.9
2022-10-19 08:00:00,4290.0,14.5
2022-10-19 09:00:00,4702.0,16.5
2022-10-19 10:00:00,4841.0,19.8
2022-10-19 11:00:00,4955.0,21.7
2022-10-19 12:00:00,4505.0,22.7
2022-10-19 13:00:00,4261.0,23.8
2022-10-19 14:00:00,4422.0,24.6
2022-10-19 15:00:00,4573.0,25.2
2022-10-19 16:00:00,4766.0,25.4
2022-10-19 17:00:00,5118.0,24.9
2022-10-19 18:00:00,5075.0,23.0
2022-10-19 19:00:00,5245.0,21.5
2022-10-19 20:00:00,4989.0,21.2
2022-10-19 21:00:00,4925.0,19.6
2022-10-19 22:00:00,4599.0,18.1
2022-10-19 23:00:00,4088.0,16.5
2022-10-20 00:00:00,4046.0,17.0
2022-10-20 01:00:00,3635.0,16.9
2022-10-20 02:00:00,3433.0,15.4
2022-10-20 03:00:00,3288.0,14.2
2022-10-20 04:00:00,3179.0,13.3
2022-10-20 05:00:00,3214.0,12.8
2022-10-20 06:00:00,3429.0,12.1
2022-10-20 07:00:00,4109.0,12.4
2022-10-20 08:00:00,4295.0,14.3
2022-10-20 09:00:00,4731.0,15.9
2022-10-20 10:00:00,4778.0,20.0
2022-10-20 11:00:00,4955.0,22.5
2022-10-20 12:00:00,4527.0,24.3
2022-10-20 13:00:00,4268.0,25.5
2022-10-20 14:00:00,4456.0,26.8
2022-10-20 15:00:00,4571.0,27.3
2022-10-20 16:00:00,4842.0,27.3
2022-10-20 17:00:00,5141.0,27.3
2022-10-20 18:00:00,5140.0,25.6
2022-10-20 19:00:00,5266.0,24.1
2022-10-20 20:00:00,5011.0,23.3
2022-10-20 21:00:00,4891.0,21.8
2022-10-20 22:00:00,4555.0,20.8
2022-10-20 23:00:00,4106.0,20.5
2022-10-21 00:00:00,4052.0,19.4
2022-10-21 01:00:00,3653.0,19.1
2022-10-21 02:00:00,3434.0,18.3
2022-10-21 03:00:00,3258.0,18.6
2022-10-21 04:00:00,3214.0,17.8
2022-10-21 05:00:00,3198.0,17.8
2022-10-21 06:00:00,3435.0,17.4
2022-10-21 07:00:00,4041.0,16.7
2022-10-21 08:00:00,4317.0,20.2
2022-10-21 09:00:00,4741.0,21.3
2022-10-21 10:00:00,4876.0,23.7
2022-10-21 11:00:00,5034.0,26.4
2022-10-21 12:00:00,4635.0,27.2
2022-10-21 13:00:00,4437.0,28.8
2022-10-21 14:00:00,4576.0,29.3
2022-10-21 15:00:00,4695.0,26.5
2022-10-21 16:00:00,4886.0,25.5
2022-10-21 17:00:00,5239.0,25.6
2022-10-21 18:00:00,5127.0,23.6
2022-10-21 19:00:00,5236.0,21.8
2022-10-21 20:00:00,4969.0,21.2
2022-10-21 21:00:00,4841.0,20.4
2022-10-21 22:00:00,4577.0,19.5
2022-10-21 23:00:00,4207.0,19.3
2022-10-22 00:00:00,4148.0,18.8
2022-10-22 01:00:00,3732.0,18.6
2022-10-22 02:00:00,3479.0,18.7
2022-10-22 03:00:00,3329.0,19.1
2022-10-22 04:00:00,3229.0,19.3
2022-10-22 05:00:00,3252.0,19.0
2022-10-22 06:00:00,3395.0,18.4
2022-10-22 07:00:00,3808.0,18.1
2022-10-22 08:00:00,4141.0,19.8
2022-10-22 09:00:00,4622.0,21.9
2022-10-22 10:00:00,4787.0,23.7
2022-10-22 11:00:00,4974.0,26.1
2022-10-22 12:00:00,4638.0,27.3
2022-10-22 13:00:00,4462.0,28.3
2022-10-22 14:00:00,4527.0,28.8
2022-10-22 15:00:00,4630.0,29.0
2022-10-22 16:00:00,4787.0,28.7
2022-10-22 17:00:00,5143.0,27.3
2022-10-22 18:00:00,5132.0,25.2
2022-10-22 19:00:00,5210.0,23.8
2022-10-22 20:00:00,4919.0,22.9
2022-10-22 21:00:00,4796.0,22.2
2022-10-22 22:00:00,4519.0,21.1
2022-10-22 23:00:00,4141.0,20.9
2022-10-23 00:00:00,4079.0,20.3
2022-10-23 01:00:00,3697.0,19.5
2022-10-23 02:00:00,3445.0,19.2
2022-10-23 03:00:00,3286.0,18.6
2022-10-23 04:00:00,3217.0,17.8
2022-10-23 05:00:00,3208.0,17.7
2022-10-23 06:00:00,3370.0,17.6
2022-10-23 07:00:00,3743.0,17.4
2022-10-23 08:00:00,4019.0,17.6
2022-10-23 09:00:00,4481.0,21.2
2022-10-23 10:00:00,4588.0,22.7
2022-10-23 11:00:00,4798.0,24.6
2022-10-23 12:00:00,4496.0,26.4
2022-10-23 13:00:00,4299.0,28.2
2022-10-23 14:00:00,4400.0,29.0
2022-10-23 15:00:00,4499.0,29.4
2022-10-23 16:00:00,4683.0,29.2
2022-10-23 17:00:00,5046.0,28.1
2022-10-23 18:00:00,5059.0,25.8
2022-10-23 19:00:00,5157.0,23.9
2022-10-23 20:00:00,4884.0,22.8
2022-10-23 21:00:00,4757.0,22.2
2022-10-23 22:00:00,4426.0,21.1
2022-10-23 23:00:00,3991.0,20.5
2022-10-24 00:00:00,3920.0,20.3
2022-10-24 01:00:00,3553.0,20.0
2022-10-24 02:00:00,3324.0,20.1
2022-10-24 03:00:00,3167.0,19.4
2022-10-24 04:00:00,3106.0,19.0
2022-10-24 05:00:00,3132.0,18.2
2022-10-24 06:00:00,3408.0,18.2
2022-10-24 07:00:00,4004.0,18.3
2022-10-24 08:00:00,4255.0,19.1
2022-10-24 09:00:00,4725.0,20.4
2022-10-24 10:00:00,4940.0,23.8
2022-10-24 11:00:00,5068.0,25.3
2022-10-24 12:00:00,4721.0,27.0
2022-10-24 13:00:00,4535.0,27.4
2022-10-24 14:00:00,4625.0,28.0
2022-10-24 15:00:00,4821.0,26.9
2022-10-24 16:00:00,4954.0,26.7
2022-10-24 17:00:00,5339.0,25.2
2022-10-24 18:00:00,5274.0,23.5
2022-10-24 19:00:00,5297.0,22.8
2022-10-24 20:00:00,5012.0,22.2
2022-10-24 21:00:00,4901.0,21.3
2022-10-24 22:00:00,4574.0,20.1
2022-10-24 23:00:00,4122.0,20.0
2022-10-25 00:00:00,4071.0,19.4
2022-10-25 01:00:00,3686.0,18.5
2022-10-25 02:00:00,3484.0,18.3
2022-10-25 03:00:00,3348.0,18.3
2022-10-25 04:00:00,3276.0,17.9
2022-10-25 05:00:00,3249.0,17.2
2022-10-25 06:00:00,3495.0,17.3
2022-10-25 07:00:00,4090.0,17.3
2022-10-25 08:00:00,4331.0,18.4
2022-10-25 09:00:00,4764.0,20.8
2022-10-25 10:00:00,4964.0,22.5
2022-10-25 11:00:00,5128.0,23.6
2022-10-25 12:00:00,4701.0,25.4
2022-10-25 13:00:00,4446.0,26.2
2022-10-25 14:00:00,4615.0,26.9
2022-10-25 15:00:00,4746.0,27.2
2022-10-25 16:00:00,4959.0,27.0
2022-10-25 17:00:00,5254.0,26.2
2022-10-25 18:00:00,5232.0,24.1
2022-10-25 19:00:00,5319.0,23.1
2022-10-25 20:00:00,5012.0,21.3
2022-10-25 21:00:00,4960.0,20.1
2022-10-25 22:00:00,4651.0,19.4
2022-10-25 23:00:00,4215.0,19.0
2022-10-26 00:00:00,4136.0,19.0
2022-10-26 01:00:00,3763.0,18.7
2022-10-26 02:00:00,3553.0,17.6
2022-10-26 03:00:00,3405.0,17.2
2022-10-26 04:00:00,3339.0,17.1
2022-10-26 05:00:00,3360.0,16.4
2022-10-26 06:00:00,3605.0,16.2
2022-10-26 07:00:00,4203.0,16.1
2022-10-26 08:00:00,4446.0,17.5
2022-10-26 09:00:00,4888.0,19.5
2022-10-26 10:00:00,5140.0,20.8
2022-10-26 11:00:00,5316.0,21.7
2022-10-26 12:00:00,4876.0,22.3
2022-10-26 13:00:00,4598.0,22.7
2022-10-26 14:00:00,4734.0,24.0
2022-10-26 15:00:00,4876.0,23.5
2022-10-26 16:00:00,4980.0,22.0
2022-10-26 17:00:00,5388.0,21.1
2022-10-26 18:00:00,5423.0,19.5
2022-10-26 19:00:00,5455.0,18.6
2022-10-26 20:00:00,5145.0,18.0
2022-10-26 21:00:00,5069.0,17.6
2022-10-26 22:00:00,4729.0,17.3
2022-10-26 23:00:00,4264.0,17.3
2022-10-27 00:00:00,4198.0,16.5
2022-10-27 01:00:00,3813.0,16.5
2022-10-27 02:00:00,3594.0,16.2
2022-10-27 03:00:00,3476.0,15.9
2022-10-27 04:00:00,3384.0,15.8
2022-10-27 05:00:00,3398.0,15.6
2022-10-27 06:00:00,3650.0,15.3
2022-10-27 07:00:00,4211.0,14.9
2022-10-27 08:00:00,4523.0,14.7
2022-10-27 09:00:00,5061.0,14.6
2022-10-27 10:00:00,5282.0,14.7
2022-10-27 11:00:00,5410.0,14.9
2022-10-27 12:00:00,5021.0,15.0
2022-10-27 13:00:00,4799.0,14.8
2022-10-27 14:00:00,4867.0,14.8
2022-10-27 15:00:00,5020.0,14.8
2022-10-27 16:00:00,5207.0,14.7
2022-10-27 17:00:00,5556.0,14.6
2022-10-27 18:00:00,5483.0,14.5
2022-10-27 19:00:00,5463.0,14.4
2022-10-27 20:00:00,5196.0,14.4
2022-10-27 21:00:00,5092.0,14.4
2022-10-27 22:00:00,4772.0,14.3
2022-10-27 23:00:00,4327.0,14.3
2022-10-28 00:00:00,4244.0,14.3
2022-10-28 01:00:00,3850.0,14.3
2022-10-28 02:00:00,3620.0,14.4
2022-10-28 03:00:00,3418.0,14.5
2022-10-28 04:00:00,3400.0,14.6
2022-10-28 05:00:00,3398.0,14.6
2022-10-28 06:00:00,3654.0,14.6
2022-10-28 07:00:00,4218.0,14.7
2022-10-28 08:00:00,4541.0,14.9
2022-10-28 09:00:00,5077.0,15.3
2022-10-28 10:00:00,5305.0,15.9
2022-10-28 11:00:00,5447.0,15.9
2022-10-28 12:00:00,4997.0,16.7
2022-10-28 13:00:00,4751.0,17.8
2022-10-28 14:00:00,4854.0,17.7
2022-10-28 15:00:00,4914.0,17.1
2022-10-28 16:00:00,5146.0,17.2
2022-10-28 17:00:00,5548.0,17.0
2022-10-28 18:00:00,5476.0,16.7
2022-10-28 19:00:00,5483.0,16.5
2022-10-28 20:00:00,5183.0,16.3
2022-10-28 21:00:00,5138.0,16.1
2022-10-28 22:00:00,4894.0,16.1
2022-10-28 23:00:00,4509.0,16.2
2022-10-29 00:00:00,4394.0,16.1
2022-10-29 01:00:00,3953.0,16.1
2022-10-29 02:00:00,3701.0,16.1
2022-10-29 03:00:00,3516.0,15.9
2022-10-29 04:00:00,3448.0,15.8
2022-10-29 05:00:00,3465.0,15.8
2022-10-29 06:00:00,3617.0,15.8
2022-10-29 07:00:00,3953.0,15.8
2022-10-29 08:00:00,4344.0,16.1
2022-10-29 09:00:00,4867.0,16.7
2022-10-29 10:00:00,5067.0,17.8
2022-10-29 11:00:00,5244.0,19.4
2022-10-29 12:00:00,4911.0,19.8
2022-10-29 13:00:00,4706.0,20.0
2022-10-29 14:00:00,4739.0,20.3
2022-10-29 15:00:00,4863.0,19.2
2022-10-29 16:00:00,5012.0,18.9
2022-10-29 17:00:00,5489.0,18.2
2022-10-29 18:00:00,5395.0,17.6
2022-10-29 19:00:00,5362.0,17.4
2022-10-29 20:00:00,5073.0,17.3
2022-10-29 21:00:00,5024.0,17.2
2022-10-29 22:00:00,4757.0,17.1
2022-10-29 23:00:00,4330.0,16.9
2022-10-30 00:00:00,4292.0,16.9
2022-10-30 01:00:00,3839.0,16.7
2022-10-30 02:00:00,3599.0,16.7
2022-10-30 03:00:00,3401.0,16.5
2022-10-30 04:00:00,3315.0,16.4
2022-10-30 05:00:00,3312.0,16.5
2022-10-30 06:00:00,3451.0,16.4
2022-10-30 07:00:00,3799.0,16.2
2022-10-30 08:00:00,4179.0,16.7
2022-10-30 09:00:00,4631.0,17.4
2022-10-30 10:00:00,4823.0,18.5
2022-10-30 11:00:00,4984.0,18.7
2022-10-30 12:00:00,4695.0,19.8
2022-10-30 13:00:00,4460.0,20.1
2022-10-30 14:00:00,4501.0,19.2
2022-10-30 15:00:00,4503.0,18.7
2022-10-30 16:00:00,4692.0,18.8
2022-10-30 17:00:00,5146.0,18.2
2022-10-30 18:00:00,5234.0,16.9
2022-10-30 19:00:00,5274.0,16.1
2022-10-30 20:00:00,5079.0,15.6
2022-10-30 21:00:00,5028.0,16.1
2022-10-30 22:00:00,4630.0,14.8
2022-10-30 23:00:00,4185.0,14.4
2022-10-31 00:00:00,4078.0,14.1
2022-10-31 01:00:00,3663.0,13.8
2022-10-31 02:00:00,3435.0,14.0
2022-10-31 03:00:00,3287.0,13.9
2022-10-31 04:00:00,3213.0,13.8
2022-10-31 05:00:00,3233.0,13.7
2022-10-31 06:00:00,3491.0,13.7
2022-10-31 07:00:00,4186.0,13.5
2022-10-31 08:00:00,4427.0,14.3
2022-10-31 09:00:00,4806.0,16.4
2022-10-31 10:00:00,5012.0,19.1
2022-10-31 11:00:00,5099.0,20.5
2022-10-31 12:00:00,4707.0,22.0
2022-10-31 13:00:00,4480.0,22.7
2022-10-31 14:00:00,4581.0,23.1
2022-10-31 15:00:00,4714.0,23.1
2022-10-31 16:00:00,4886.0,22.8
2022-10-31 17:00:00,5290.0,21.6
2022-10-31 18:00:00,5360.0,20.0
2022-10-31 19:00:00,5360.0,18.9
2022-10-31 20:00:00,5115.0,18.2
2022-10-31 21:00:00,5063.0,17.5
2022-10-31 22:00:00,4769.0,16.7
2022-10-31 23:00:00,4281.0,16.2
2022-11-01 00:00:00,4183.0,15.5
2022-11-01 01:00:00,3782.0,14.9
2022-11-01 02:00:00,3486.0,15.3
2022-11-01 03:00:00,3395.0,14.1
2022-11-01 04:00:00,3340.0,13.8
2022-11-01 05:00:00,3323.0,13.6
2022-11-01 06:00:00,3609.0,13.1
2022-11-01 07:00:00,4237.0,12.7
2022-11-01 08:00:00,4476.0,13.9
2022-11-01 09:00:00,4890.0,17.0
2022-11-01 10:00:00,5013.0,19.5
2022-11-01 11:00:00,5138.0,21.8
2022-11-01 12:00:00,4733.0,23.4
2022-11-01 13:00:00,4466.0,24.5
2022-11-01 14:00:00,4620.0,24.8
2022-11-01 15:00:00,4748.0,25.4
2022-11-01 16:00:00,4946.0,25.2
2022-11-01 17:00:00,5336.0,24.0
2022-11-01 18:00:00,5410.0,21.9
2022-11-01 19:00:00,5423.0,20.0
2022-11-01 20:00:00,5155.0,19.2
2022-11-01 21:00:00,5125.0,18.2
2022-11-01 22:00:00,4783.0,17.7
2022-11-01 23:00:00,4318.0,16.7
2022-11-02 00:00:00,4226.0,16.1
2022-11-02 01:00:00,3793.0,15.4
2022-11-02 02:00:00,3578.0,15.3
2022-11-02 03:00:00,3428.0,15.6
2022-11-02 04:00:00,3335.0,14.9
2022-11-02 05:00:00,3383.0,14.4
2022-11-02 06:00:00,3633.0,13.8
2022-11-02 07:00:00,4263.0,13.7
2022-11-02 08:00:00,4526.0,14.7
2022-11-02 09:00:00,4899.0,18.2
2022-11-02 10:00:00,5055.0,20.3
2022-11-02 11:00:00,5162.0,22.8
2022-11-02 12:00:00,4763.0,23.5
2022-11-02 13:00:00,4527.0,25.0
2022-11-02 14:00:00,4639.0,25.9
2022-11-02 15:00:00,4808.0,26.0
2022-11-02 16:00:00,4991.0,26.2
2022-11-02 17:00:00,5389.0,24.6
2022-11-02 18:00:00,5452.0,22.1
2022-11-02 19:00:00,5454.0,20.8
2022-11-02 20:00:00,5106.0,20.1
2022-11-02 21:00:00,5146.0,19.1
2022-11-02 22:00:00,4842.0,18.4
2022-11-02 23:00:00,4352.0,17.5
2022-11-03 00:00:00,4269.0,17.1
2022-11-03 01:00:00,3836.0,16.6
2022-11-03 02:00:00,3611.0,15.9
2022-11-03 03:00:00,3448.0,15.6
2022-11-03 04:00:00,3385.0,15.0
2022-11-03 05:00:00,3418.0,14.8
2022-11-03 06:00:00,3657.0,15.1
2022-11-03 07:00:00,4285.0,15.2
2022-11-03 08:00:00,4529.0,16.3
2022-11-03 09:00:00,5004.0,17.9
2022-11-03 10:00:00,5149.0,19.4
2022-11-03 11:00:00,5237.0,20.6
2022-11-03 12:00:00,4812.0,21.7
2022-11-03 13:00:00,4568.0,22.6
2022-11-03 14:00:00,4711.0,24.6
2022-11-03 15:00:00,4852.0,23.9
2022-11-03 16:00:00,5116.0,24.3
2022-11-03 17:00:00,5451.0,24.0
2022-11-03 18:00:00,5461.0,23.2
2022-11-03 19:00:00,5445.0,22.3
2022-11-03 20:00:00,5213.0,21.8
2022-11-03 21:00:00,5160.0,21.3
2022-11-03 22:00:00,4845.0,20.8
2022-11-03 23:00:00,4354.0,20.4
2022-11-04 00:00:00,4282.0,19.8
2022-11-04 01:00:00,3894.0,18.6
2022-11-04 02:00:00,3641.0,17.9
2022-11-04 03:00:00,3482.0,17.9
2022-11-04 04:00:00,3413.0,17.6
2022-11-04 05:00:00,3410.0,16.9
2022-11-04 06:00:00,3672.0,16.7
2022-11-04 07:00:00,4244.0,16.3
2022-11-04 08:00:00,4551.0,16.1
2022-11-04 09:00:00,4986.0,15.9
2022-11-04 10:00:00,5166.0,17.8
2022-11-04 11:00:00,5237.0,18.8
2022-11-04 12:00:00,4857.0,19.9
2022-11-04 13:00:00,4667.0,20.5
2022-11-04 14:00:00,4689.0,20.7
2022-11-04 15:00:00,4820.0,20.9
2022-11-04 16:00:00,5067.0,20.8
2022-11-04 17:00:00,5419.0,20.3
2022-11-04 18:00:00,5530.0,19.4
2022-11-04 19:00:00,5455.0,18.5
2022-11-04 20:00:00,5190.0,17.9
2022-11-04 21:00:00,5078.0,16.9
2022-11-04 22:00:00,4886.0,15.9
2022-11-04 23:00:00,4454.0,15.6
2022-11-05 00:00:00,4358.0,15.0
2022-11-05 01:00:00,3926.0,14.2
2022-11-05 02:00:00,3675.0,13.8
2022-11-05 03:00:00,3497.0,13.0
2022-11-05 04:00:00,3410.0,11.9
2022-11-05 05:00:00,3408.0,11.9
2022-11-05 06:00:00,3582.0,11.3
2022-11-05 07:00:00,4018.0,11.1
2022-11-05 08:00:00,4402.0,12.8
2022-11-05 09:00:00,4864.0,14.7
2022-11-05 10:00:00,4973.0,17.0
2022-11-05 11:00:00,5126.0,17.8
2022-11-05 12:00:00,4773.0,19.1
2022-11-05 13:00:00,4570.0,20.2
2022-11-05 14:00:00,4628.0,21.3
2022-11-05 15:00:00,4754.0,21.3
2022-11-05 16:00:00,4900.0,20.4
2022-11-05 17:00:00,5316.0,18.8
2022-11-05 18:00:00,5463.0,17.8
2022-11-05 19:00:00,5367.0,17.1
2022-11-05 20:00:00,5110.0,16.7
2022-11-05 21:00:00,5053.0,16.5
2022-11-05 22:00:00,4696.0,16.6
2022-11-05 23:00:00,4392.0,16.7
2022-11-06 00:00:00,4264.0,16.5
2022-11-06 01:00:00,3839.0,15.9
2022-11-06 02:00:00,3603.0,14.8
2022-11-06 03:00:00,3426.0,14.8
2022-11-06 04:00:00,3324.0,14.2
2022-11-06 05:00:00,3356.0,13.8
2022-11-06 06:00:00,3516.0,13.5
2022-11-06 07:00:00,3889.0,13.6
2022-11-06 08:00:00,4206.0,13.9
2022-11-06 09:00:00,4645.0,16.9
2022-11-06 10:00:00,4721.0,19.3
2022-11-06 11:00:00,4889.0,21.1
2022-11-06 12:00:00,4584.0,21.9
2022-11-06 13:00:00,4370.0,23.2
2022-11-06 14:00:00,4369.0,23.8
2022-11-06 15:00:00,4494.0,24.1
2022-11-06 16:00:00,4686.0,24.0
2022-11-06 17:00:00,5150.0,22.8
2022-11-06 18:00:00,5287.0,21.2
2022-11-06 19:00:00,5246.0,20.3
2022-11-06 20:00:00,5045.0,19.0
2022-11-06 21:00:00,4963.0,18.3
2022-11-06 22:00:00,4599.0,17.3
2022-11-06 23:00:00,4172.0,16.5
2022-11-07 00:00:00,4077.0,16.2
2022-11-07 01:00:00,3673.0,16.1
2022-11-07 02:00:00,3462.0,16.2
2022-11-07 03:00:00,3343.0,15.8
2022-11-07 04:00:00,3245.0,15.1
2022-11-07 05:00:00,3244.0,14.5
2022-11-07 06:00:00,3550.0,13.9
2022-11-07 07:00:00,4160.0,13.1
2022-11-07 08:00:00,4452.0,14.9
2022-11-07 09:00:00,4864.0,17.9
2022-11-07 10:00:00,4999.0,20.0
2022-11-07 11:00:00,5167.0,21.5
2022-11-07 12:00:00,4747.0,24.0
2022-11-07 13:00:00,4507.0,25.0
2022-11-07 14:00:00,4647.0,26.1
2022-11-07 15:00:00,4753.0,26.6
2022-11-07 16:00:00,5005.0,26.3
2022-11-07 17:00:00,5370.0,25.4
2022-11-07 18:00:00,5481.0,23.9
2022-11-07 19:00:00,5417.0,22.6
2022-11-07 20:00:00,5168.0,21.2
2022-11-07 21:00:00,5114.0,20.5
2022-11-07 22:00:00,4785.0,19.6
2022-11-07 23:00:00,4325.0,18.7
2022-11-08 00:00:00,4193.0,18.2
2022-11-08 01:00:00,3804.0,17.4
2022-11-08 02:00:00,3591.0,17.1
2022-11-08 03:00:00,3453.0,16.4
2022-11-08 04:00:00,3395.0,16.9
2022-11-08 05:00:00,3367.0,16.6
2022-11-08 06:00:00,3628.0,16.1
2022-11-08 07:00:00,4200.0,15.1
2022-11-08 08:00:00,4486.0,16.6
2022-11-08 09:00:00,4879.0,19.2
2022-11-08 10:00:00,5068.0,21.9
2022-11-08 11:00:00,5218.0,23.5
2022-11-08 12:00:00,4784.0,25.3
2022-11-08 13:00:00,4539.0,26.9
2022-11-08 14:00:00,4652.0,26.9
2022-11-08 15:00:00,4781.0,27.0
2022-11-08 16:00:00,5036.0,26.8
2022-11-08 17:00:00,5343.0,26.1
2022-11-08 18:00:00,5463.0,23.8
2022-11-08 19:00:00,5436.0,22.1
2022-11-08 20:00:00,5149.0,21.6
2022-11-08 21:00:00,5067.0,21.1
2022-11-08 22:00:00,4769.0,21.0
2022-11-08 23:00:00,4298.0,19.3
2022-11-09 00:00:00,4190.0,20.0
2022-11-09 01:00:00,3797.0,18.0
2022-11-09 02:00:00,3583.0,18.6
2022-11-09 03:00:00,3426.0,17.1
2022-11-09 04:00:00,3365.0,16.8
2022-11-09 05:00:00,3367.0,15.7
2022-11-09 06:00:00,3553.0,16.5
2022-11-09 07:00:00,4191.0,15.9
2022-11-09 08:00:00,4464.0,17.4
2022-11-09 09:00:00,4896.0,19.9
2022-11-09 10:00:00,5029.0,22.2
2022-11-09 11:00:00,5206.0,24.4
2022-11-09 12:00:00,4834.0,26.4
2022-11-09 13:00:00,4604.0,27.6
2022-11-09 14:00:00,4699.0,28.3
2022-11-09 15:00:00,4833.0,29.3
2022-11-09 16:00:00,5103.0,28.7
2022-11-09 17:00:00,5482.0,27.8
2022-11-09 18:00:00,5489.0,25.9
2022-11-09 19:00:00,5446.0,24.8
2022-11-09 20:00:00,5196.0,24.5
2022-11-09 21:00:00,5118.0,23.1
2022-11-09 22:00:00,4794.0,22.2
2022-11-09 23:00:00,4341.0,21.0
2022-11-10 00:00:00,4226.0,20.1
2022-11-10 01:00:00,3858.0,20.7
2022-11-10 02:00:00,3632.0,19.8
2022-11-10 03:00:00,3499.0,20.3
2022-11-10 04:00:00,3428.0,19.4
2022-11-10 05:00:00,3424.0,18.6
2022-11-10 06:00:00,3637.0,18.4
2022-11-10 07:00:00,4222.0,17.8
2022-11-10 08:00:00,4498.0,19.7
2022-11-10 09:00:00,4936.0,22.7
2022-11-10 10:00:00,5138.0,26.0
2022-11-10 11:00:00,5307.0,28.3
2022-11-10 12:00:00,4988.0,29.6
2022-11-10 13:00:00,4732.0,30.1
2022-11-10 14:00:00,4872.0,31.0
2022-11-10 15:00:00,5081.0,31.6
2022-11-10 16:00:00,5252.0,29.8
2022-11-10 17:00:00,5567.0,29.3
2022-11-10 18:00:00,5655.0,27.8
2022-11-10 19:00:00,5562.0,27.0
2022-11-10 20:00:00,5274.0,26.1
2022-11-10 21:00:00,5151.0,25.6
2022-11-10 22:00:00,4865.0,25.1
2022-11-10 23:00:00,4441.0,24.8
2022-11-11 00:00:00,4331.0,25.0
2022-11-11 01:00:00,3963.0,24.5
2022-11-11 02:00:00,3724.0,24.1
2022-11-11 03:00:00,3576.0,24.6
2022-11-11 04:00:00,3468.0,23.9
2022-11-11 05:00:00,3488.0,23.5
2022-11-11 06:00:00,3739.0,23.2
2022-11-11 07:00:00,4268.0,23.0
2022-11-11 08:00:00,4582.0,24.2
2022-11-11 09:00:00,5040.0,26.6
2022-11-11 10:00:00,5274.0,28.6
2022-11-11 11:00:00,5520.0,30.4
2022-11-11 12:00:00,5170.0,31.8
2022-11-11 13:00:00,5028.0,32.5
2022-11-11 14:00:00,5081.0,31.8
2022-11-11 15:00:00,5288.0,32.6
2022-11-11 16:00:00,5551.0,32.4
2022-11-11 17:00:00,5780.0,31.4
2022-11-11 18:00:00,5755.0,29.7
2022-11-11 19:00:00,5699.0,28.7
2022-11-11 20:00:00,5416.0,27.0
2022-11-11 21:00:00,5282.0,26.7
2022-11-11 22:00:00,5044.0,24.7
2022-11-11 23:00:00,4621.0,24.0
2022-11-12 00:00:00,4568.0,23.9
2022-11-12 01:00:00,4162.0,23.6
2022-11-12 02:00:00,3881.0,23.7
2022-11-12 03:00:00,3735.0,22.9
2022-11-12 04:00:00,3641.0,22.8
2022-11-12 05:00:00,3589.0,23.0
2022-11-12 06:00:00,3784.0,23.3
2022-11-12 07:00:00,4073.0,21.8
2022-11-12 08:00:00,4449.0,23.9
2022-11-12 09:00:00,4924.0,26.0
2022-11-12 10:00:00,5122.0,27.1
2022-11-12 11:00:00,5386.0,27.0
2022-11-12 12:00:00,5077.0,26.4
2022-11-12 13:00:00,4912.0,26.5
2022-11-12 14:00:00,4919.0,25.2
2022-11-12 15:00:00,4964.0,24.4
2022-11-12 16:00:00,5128.0,23.8
2022-11-12 17:00:00,5499.0,21.9
2022-11-12 18:00:00,5489.0,20.0
2022-11-12 19:00:00,5370.0,18.6
2022-11-12 20:00:00,5059.0,17.6
2022-11-12 21:00:00,4924.0,17.4
2022-11-12 22:00:00,4611.0,17.2
2022-11-12 23:00:00,4238.0,16.8
2022-11-13 00:00:00,4195.0,16.3
2022-11-13 01:00:00,3795.0,16.1
2022-11-13 02:00:00,3551.0,15.8
2022-11-13 03:00:00,3382.0,15.4
2022-11-13 04:00:00,3330.0,15.0
2022-11-13 05:00:00,3339.0,14.6
2022-11-13 06:00:00,3508.0,14.3
2022-11-13 07:00:00,3801.0,14.2
2022-11-13 08:00:00,4193.0,14.0
2022-11-13 09:00:00,4657.0,14.4
2022-11-13 10:00:00,4896.0,14.3
2022-11-13 11:00:00,5119.0,14.5
2022-11-13 12:00:00,4855.0,14.0
2022-11-13 13:00:00,4590.0,13.9
2022-11-13 14:00:00,4593.0,14.5
2022-11-13 15:00:00,4646.0,14.0
2022-11-13 16:00:00,4877.0,13.6
2022-11-13 17:00:00,5309.0,13.3
2022-11-13 18:00:00,5387.0,12.9
2022-11-13 19:00:00,5272.0,12.4
2022-11-13 20:00:00,5054.0,12.3
2022-11-13 21:00:00,4970.0,12.1
2022-11-13 22:00:00,4614.0,12.0
2022-11-13 23:00:00,4185.0,11.8
2022-11-14 00:00:00,4105.0,11.6
2022-11-14 01:00:00,3695.0,11.4
2022-11-14 02:00:00,3493.0,11.2
2022-11-14 03:00:00,3317.0,10.8
2022-11-14 04:00:00,3233.0,10.2
2022-11-14 05:00:00,3266.0,10.2
2022-11-14 06:00:00,3555.0,10.0
2022-11-14 07:00:00,4143.0,10.0
2022-11-14 08:00:00,4573.0,10.0
2022-11-14 09:00:00,5171.0,9.8
2022-11-14 10:00:00,5469.0,9.9
2022-11-14 11:00:00,5687.0,8.7
2022-11-14 12:00:00,5355.0,8.6
2022-11-14 13:00:00,5112.0,8.8
2022-11-14 14:00:00,5195.0,8.9
2022-11-14 15:00:00,5282.0,8.9
2022-11-14 16:00:00,5519.0,8.9
2022-11-14 17:00:00,5897.0,8.8
2022-11-14 18:00:00,5878.0,8.8
2022-11-14 19:00:00,5795.0,9.0
2022-11-14 20:00:00,5547.0,9.0
2022-11-14 21:00:00,5458.0,9.0
2022-11-14 22:00:00,5061.0,9.0
2022-11-14 23:00:00,4513.0,9.1
2022-11-15 00:00:00,4416.0,9.1
2022-11-15 01:00:00,4011.0,9.2
2022-11-15 02:00:00,3726.0,9.1
2022-11-15 03:00:00,3563.0,9.2
2022-11-15 04:00:00,3476.0,9.2
2022-11-15 05:00:00,3487.0,9.4
2022-11-15 06:00:00,3732.0,9.0
2022-11-15 07:00:00,4382.0,8.5
2022-11-15 08:00:00,4723.0,8.9
2022-11-15 09:00:00,5201.0,9.9
2022-11-15 10:00:00,5344.0,11.4
2022-11-15 11:00:00,5449.0,12.3
2022-11-15 12:00:00,5098.0,13.6
2022-11-15 13:00:00,4862.0,13.9
2022-11-15 14:00:00,4928.0,14.2
2022-11-15 15:00:00,5005.0,14.8
2022-11-15 16:00:00,5286.0,14.5
2022-11-15 17:00:00,5676.0,13.9
2022-11-15 18:00:00,5757.0,13.3
2022-11-15 19:00:00,5672.0,13.0
2022-11-15 20:00:00,5464.0,13.1
2022-11-15 21:00:00,5446.0,13.1
2022-11-15 22:00:00,5067.0,13.1
2022-11-15 23:00:00,4532.0,13.1
2022-11-16 00:00:00,4587.0,13.3
2022-11-16 01:00:00,3938.0,13.2
2022-11-16 02:00:00,3690.0,13.1
2022-11-16 03:00:00,3527.0,12.8
2022-11-16 04:00:00,3448.0,12.9
2022-11-16 05:00:00,3450.0,12.9
2022-11-16 06:00:00,3700.0,12.8
2022-11-16 07:00:00,4262.0,12.7
2022-11-16 08:00:00,4704.0,13.0
2022-11-16 09:00:00,5326.0,13.1
2022-11-16 10:00:00,5593.0,12.9
2022-11-16 11:00:00,5810.0,12.9
2022-11-16 12:00:00,5473.0,12.7
2022-11-16 13:00:00,5199.0,12.1
2022-11-16 14:00:00,5314.0,11.9
2022-11-16 15:00:00,5380.0,12.1
2022-11-16 16:00:00,5551.0,12.1
2022-11-16 17:00:00,5895.0,12.0
2022-11-16 18:00:00,5818.0,12.1
2022-11-16 19:00:00,5805.0,12.1
2022-11-16 20:00:00,5596.0,12.1
2022-11-16 21:00:00,5530.0,12.2
2022-11-16 22:00:00,5212.0,12.2
2022-11-16 23:00:00,4633.0,12.2
2022-11-17 00:00:00,4459.0,12.3
2022-11-17 01:00:00,3999.0,11.7
2022-11-17 02:00:00,3752.0,11.3
2022-11-17 03:00:00,3587.0,11.3
2022-11-17 04:00:00,3497.0,11.3
2022-11-17 05:00:00,3501.0,10.9
2022-11-17 06:00:00,3731.0,10.8
2022-11-17 07:00:00,4392.0,10.9
2022-11-17 08:00:00,4798.0,11.4
2022-11-17 09:00:00,5267.0,12.8
2022-11-17 10:00:00,5459.0,13.7
2022-11-17 11:00:00,5531.0,15.0
2022-11-17 12:00:00,5189.0,16.1
2022-11-17 13:00:00,4902.0,17.3
2022-11-17 14:00:00,4975.0,17.5
2022-11-17 15:00:00,5061.0,17.6
2022-11-17 16:00:00,5242.0,17.3
2022-11-17 17:00:00,5656.0,17.0
2022-11-17 18:00:00,5727.0,16.2
2022-11-17 19:00:00,5684.0,16.1
2022-11-17 20:00:00,5496.0,15.8
2022-11-17 21:00:00,5440.0,15.7
2022-11-17 22:00:00,5133.0,15.5
2022-11-17 23:00:00,4599.0,14.6
2022-11-18 00:00:00,4436.0,14.4
2022-11-18 01:00:00,3976.0,14.5
2022-11-18 02:00:00,3707.0,14.3
2022-11-18 03:00:00,3566.0,14.2
2022-11-18 04:00:00,3476.0,14.3
2022-11-18 05:00:00,3462.0,14.0
2022-11-18 06:00:00,3696.0,13.6
2022-11-18 07:00:00,4259.0,13.5
2022-11-18 08:00:00,4697.0,13.7
2022-11-18 09:00:00,5385.0,13.7
2022-11-18 10:00:00,5600.0,13.8
2022-11-18 11:00:00,5803.0,13.8
2022-11-18 12:00:00,5427.0,13.9
2022-11-18 13:00:00,5186.0,13.9
2022-11-18 14:00:00,5269.0,14.1
2022-11-18 15:00:00,5361.0,14.0
2022-11-18 16:00:00,5533.0,14.1
2022-11-18 17:00:00,5875.0,14.1
2022-11-18 18:00:00,5789.0,14.0
2022-11-18 19:00:00,5709.0,14.0
2022-11-18 20:00:00,5535.0,14.1
2022-11-18 21:00:00,5435.0,14.0
2022-11-18 22:00:00,5194.0,13.9
2022-11-18 23:00:00,4715.0,13.8
2022-11-19 00:00:00,4588.0,13.8
2022-11-19 01:00:00,4101.0,13.6
2022-11-19 02:00:00,3823.0,13.6
2022-11-19 03:00:00,3631.0,13.6
2022-11-19 04:00:00,3534.0,13.6
2022-11-19 05:00:00,3509.0,13.6
2022-11-19 06:00:00,3675.0,13.6
2022-11-19 07:00:00,4003.0,13.7
2022-11-19 08:00:00,4566.0,13.8
2022-11-19 09:00:00,5136.0,14.4
2022-11-19 10:00:00,5277.0,15.2
2022-11-19 11:00:00,5484.0,16.4
2022-11-19 12:00:00,5093.0,16.8
2022-11-19 13:00:00,4958.0,17.6
2022-11-19 14:00:00,5007.0,17.5
2022-11-19 15:00:00,5024.0,16.9
2022-11-19 16:00:00,5176.0,17.0
2022-11-19 17:00:00,5564.0,16.6
2022-11-19 18:00:00,5673.0,16.2
2022-11-19 19:00:00,5568.0,16.2
2022-11-19 20:00:00,5363.0,15.9
2022-11-19 21:00:00,5365.0,15.5
2022-11-19 22:00:00,5037.0,15.4
2022-11-19 23:00:00,4626.0,14.7
2022-11-20 00:00:00,4504.0,14.4
2022-11-20 01:00:00,4025.0,13.8
2022-11-20 02:00:00,3746.0,14.2
2022-11-20 03:00:00,3557.0,14.4
2022-11-20 04:00:00,3443.0,13.9
2022-11-20 05:00:00,3430.0,14.2
2022-11-20 06:00:00,3588.0,14.2
2022-11-20 07:00:00,3911.0,14.1
2022-11-20 08:00:00,4364.0,14.3
2022-11-20 09:00:00,4812.0,15.1
2022-11-20 10:00:00,4952.0,16.2
2022-11-20 11:00:00,5067.0,17.0
2022-11-20 12:00:00,4752.0,18.6
2022-11-20 13:00:00,4523.0,19.0
2022-11-20 14:00:00,4540.0,20.9
2022-11-20 15:00:00,4602.0,20.4
2022-11-20 16:00:00,4877.0,20.2
2022-11-20 17:00:00,5369.0,19.5
2022-11-20 18:00:00,5489.0,19.1
2022-11-20 19:00:00,5411.0,18.7
2022-11-20 20:00:00,5267.0,18.4
2022-11-20 21:00:00,5228.0,18.3
2022-11-20 22:00:00,4866.0,18.2
2022-11-20 23:00:00,4349.0,17.9
2022-11-21 00:00:00,4211.0,18.0
2022-11-21 01:00:00,3794.0,17.9
2022-11-21 02:00:00,3538.0,17.8
2022-11-21 03:00:00,3355.0,17.5
2022-11-21 04:00:00,3282.0,17.2
2022-11-21 05:00:00,3310.0,17.1
2022-11-21 06:00:00,3586.0,16.8
2022-11-21 07:00:00,4168.0,16.8
2022-11-21 08:00:00,4589.0,17.2
2022-11-21 09:00:00,5047.0,18.7
2022-11-21 10:00:00,5167.0,21.2
2022-11-21 11:00:00,5282.0,22.0
2022-11-21 12:00:00,4877.0,23.8
2022-11-21 13:00:00,4676.0,24.3
2022-11-21 14:00:00,4812.0,24.1
2022-11-21 15:00:00,4901.0,23.9
2022-11-21 16:00:00,5169.0,23.4
2022-11-21 17:00:00,5521.0,22.8
2022-11-21 18:00:00,5601.0,21.3
2022-11-21 19:00:00,5566.0,19.5
2022-11-21 20:00:00,5316.0,19.0
2022-11-21 21:00:00,5283.0,18.4
2022-11-21 22:00:00,4946.0,18.0
2022-11-21 23:00:00,4489.0,17.2
2022-11-22 00:00:00,4347.0,16.7
2022-11-22 01:00:00,3946.0,16.3
2022-11-22 02:00:00,3687.0,16.1
2022-11-22 03:00:00,3516.0,15.8
2022-11-22 04:00:00,3443.0,15.2
2022-11-22 05:00:00,3452.0,14.8
2022-11-22 06:00:00,3690.0,14.7
2022-11-22 07:00:00,4253.0,14.7
2022-11-22 08:00:00,4724.0,14.8
2022-11-22 09:00:00,5209.0,14.9
2022-11-22 10:00:00,5495.0,15.3
2022-11-22 11:00:00,5607.0,16.1
2022-11-22 12:00:00,5175.0,15.8
2022-11-22 13:00:00,5000.0,16.2
2022-11-22 14:00:00,5088.0,15.6
2022-11-22 15:00:00,5152.0,15.9
2022-11-22 16:00:00,5334.0,15.9
2022-11-22 17:00:00,5745.0,15.5
2022-11-22 18:00:00,5738.0,15.2
2022-11-22 19:00:00,5652.0,15.1
2022-11-22 20:00:00,5449.0,15.0
2022-11-22 21:00:00,5338.0,14.8
2022-11-22 22:00:00,5077.0,14.6
2022-11-22 23:00:00,4533.0,14.4
2022-11-23 00:00:00,4411.0,14.4
2022-11-23 01:00:00,3941.0,14.3
2022-11-23 02:00:00,3691.0,14.2
2022-11-23 03:00:00,3542.0,14.2
2022-11-23 04:00:00,3475.0,14.1
2022-11-23 05:00:00,3502.0,14.0
2022-11-23 06:00:00,3724.0,14.0
2022-11-23 07:00:00,4276.0,13.9
2022-11-23 08:00:00,4712.0,13.9
2022-11-23 09:00:00,5285.0,14.2
2022-11-23 10:00:00,5452.0,14.8
2022-11-23 11:00:00,5656.0,15.3
2022-11-23 12:00:00,5289.0,15.6
2022-11-23 13:00:00,5080.0,15.9
2022-11-23 14:00:00,5139.0,15.5
2022-11-23 15:00:00,5162.0,16.0
2022-11-23 16:00:00,5380.0,16.3
2022-11-23 17:00:00,5732.0,15.9
2022-11-23 18:00:00,5830.0,15.5
2022-11-23 19:00:00,5724.0,15.1
2022-11-23 20:00:00,5505.0,14.9
2022-11-23 21:00:00,5504.0,14.8
2022-11-23 22:00:00,5146.0,14.5
2022-11-23 23:00:00,4588.0,14.4
2022-11-24 00:00:00,4668.0,14.1
2022-11-24 01:00:00,4003.0,14.0
2022-11-24 02:00:00,3716.0,13.9
2022-11-24 03:00:00,3536.0,13.8
2022-11-24 04:00:00,3470.0,13.7
2022-11-24 05:00:00,3476.0,13.7
2022-11-24 06:00:00,3706.0,13.8
2022-11-24 07:00:00,4268.0,13.8
2022-11-24 08:00:00,4753.0,14.1
2022-11-24 09:00:00,5245.0,14.6
2022-11-24 10:00:00,5425.0,14.7
2022-11-24 11:00:00,5581.0,15.6
2022-11-24 12:00:00,5236.0,16.0
2022-11-24 13:00:00,4992.0,16.2
2022-11-24 14:00:00,5086.0,16.7
2022-11-24 15:00:00,5187.0,17.6
2022-11-24 16:00:00,5394.0,17.4
2022-11-24 17:00:00,5788.0,17.1
2022-11-24 18:00:00,5840.0,16.2
2022-11-24 19:00:00,5792.0,16.0
2022-11-24 20:00:00,5566.0,15.8
2022-11-24 21:00:00,5499.0,15.6
2022-11-24 22:00:00,5171.0,15.3
2022-11-24 23:00:00,4694.0,15.1
2022-11-25 00:00:00,4754.0,15.0
2022-11-25 01:00:00,4167.0,15.1
2022-11-25 02:00:00,3919.0,15.1
2022-11-25 03:00:00,3766.0,14.4
2022-11-25 04:00:00,3681.0,13.9
2022-11-25 05:00:00,3686.0,13.9
2022-11-25 06:00:00,3914.0,14.2
2022-11-25 07:00:00,4460.0,13.8
2022-11-25 08:00:00,4808.0,14.2
2022-11-25 09:00:00,5272.0,15.4
2022-11-25 10:00:00,5454.0,17.1
2022-11-25 11:00:00,5590.0,18.1
2022-11-25 12:00:00,5232.0,18.7
2022-11-25 13:00:00,4992.0,19.1
2022-11-25 14:00:00,5077.0,19.3
2022-11-25 15:00:00,5178.0,20.1
2022-11-25 16:00:00,5382.0,20.2
2022-11-25 17:00:00,5781.0,19.4
2022-11-25 18:00:00,5838.0,18.3
2022-11-25 19:00:00,5799.0,17.2
2022-11-25 20:00:00,5577.0,16.4
2022-11-25 21:00:00,5511.0,16.3
2022-11-25 22:00:00,5182.0,15.9
2022-11-25 23:00:00,4693.0,15.1
2022-11-26 00:00:00,4754.0,14.7
2022-11-26 01:00:00,4621.0,14.1
2022-11-26 02:00:00,4380.0,13.7
2022-11-26 03:00:00,4216.0,13.5
2022-11-26 04:00:00,4128.0,13.4
2022-11-26 05:00:00,4129.0,12.3
2022-11-26 06:00:00,4328.0,11.9
2022-11-26 07:00:00,4800.0,11.7
2022-11-26 08:00:00,5147.0,12.7
2022-11-26 09:00:00,5599.0,13.4
2022-11-26 10:00:00,5747.0,14.4
2022-11-26 11:00:00,5909.0,15.9
2022-11-26 12:00:00,5555.0,17.7
2022-11-26 13:00:00,5338.0,18.8
2022-11-26 14:00:00,5410.0,19.7
2022-11-26 15:00:00,5514.0,20.3
2022-11-26 16:00:00,5719.0,20.5
2022-11-26 17:00:00,6014.0,20.1
2022-11-26 18:00:00,6014.0,17.9
2022-11-26 19:00:00,6014.0,16.8
2022-11-26 20:00:00,5897.0,16.2
2022-11-26 21:00:00,5839.0,15.7
2022-11-26 22:00:00,5505.0,15.4
2022-11-26 23:00:00,5069.0,15.1
2022-11-27 00:00:00,5143.0,15.5
2022-11-27 01:00:00,4620.0,15.6
2022-11-27 02:00:00,4368.0,16.3
2022-11-27 03:00:00,4210.0,16.5
2022-11-27 04:00:00,4125.0,16.0
2022-11-27 05:00:00,4117.0,16.0
2022-11-27 06:00:00,4322.0,15.9
2022-11-27 07:00:00,4788.0,16.0
2022-11-27 08:00:00,5139.0,16.1
2022-11-27 09:00:00,5591.0,16.4
2022-11-27 10:00:00,5739.0,18.0
2022-11-27 11:00:00,5901.0,18.2
2022-11-27 12:00:00,5550.0,19.7
2022-11-27 13:00:00,5335.0,20.6
2022-11-27 14:00:00,5401.0,21.6
2022-11-27 15:00:00,5500.0,22.1
2022-11-27 16:00:00,5705.0,20.6
2022-11-27 17:00:00,6014.0,20.2
2022-11-27 18:00:00,6014.0,19.8
2022-11-27 19:00:00,6014.0,19.4
2022-11-27 20:00:00,5893.0,19.1
2022-11-27 21:00:00,5824.0,18.6
2022-11-27 22:00:00,5497.0,18.8
2022-11-27 23:00:00,5069.0,18.5
2022-11-28 00:00:00,4157.0,18.2
2022-11-28 01:00:00,3724.0,18.5
2022-11-28 02:00:00,3463.0,18.2
2022-11-28 03:00:00,3293.0,18.4
2022-11-28 04:00:00,3246.0,17.8
2022-11-28 05:00:00,3296.0,18.1
2022-11-28 06:00:00,3498.0,18.1
2022-11-28 07:00:00,4059.0,18.7
2022-11-28 08:00:00,4488.0,19.8
2022-11-28 09:00:00,4892.0,22.1
2022-11-28 10:00:00,5088.0,24.0
2022-11-28 11:00:00,5272.0,26.0
2022-11-28 12:00:00,4903.0,26.1
2022-11-28 13:00:00,4747.0,24.0
2022-11-28 14:00:00,4841.0,22.4
2022-11-28 15:00:00,5017.0,19.7
2022-11-28 16:00:00,4992.0,17.9
2022-11-28 17:00:00,5710.0,17.6
2022-11-28 18:00:00,5772.0,16.7
2022-11-28 19:00:00,5684.0,15.8
2022-11-28 20:00:00,5475.0,14.7
2022-11-28 21:00:00,5393.0,14.3
2022-11-28 22:00:00,5038.0,13.5
2022-11-28 23:00:00,4501.0,13.0
2022-11-29 00:00:00,4370.0,12.4
2022-11-29 01:00:00,3947.0,12.0
2022-11-29 02:00:00,3683.0,11.9
2022-11-29 03:00:00,3518.0,11.8
2022-11-29 04:00:00,3463.0,11.7
2022-11-29 05:00:00,3451.0,11.4
2022-11-29 06:00:00,3672.0,10.9
2022-11-29 07:00:00,4219.0,10.8
2022-11-29 08:00:00,4742.0,10.7
2022-11-29 09:00:00,5339.0,10.7
2022-11-29 10:00:00,5554.0,10.0
2022-11-29 11:00:00,5783.0,10.4
2022-11-29 12:00:00,5550.0,10.0
2022-11-29 13:00:00,5344.0,9.5
2022-11-29 14:00:00,5447.0,9.2
2022-11-29 15:00:00,5541.0,8.8
2022-11-29 16:00:00,5767.0,8.5
2022-11-29 17:00:00,6183.0,8.4
2022-11-29 18:00:00,6124.0,8.5
2022-11-29 19:00:00,6087.0,8.5
2022-11-29 20:00:00,5898.0,7.7
2022-11-29 21:00:00,5860.0,5.8
2022-11-29 22:00:00,5518.0,5.1
2022-11-29 23:00:00,4941.0,4.6
2022-11-30 00:00:00,4754.0,3.9
2022-11-30 01:00:00,4291.0,3.8
2022-11-30 02:00:00,3977.0,3.4
2022-11-30 03:00:00,3817.0,2.8
2022-11-30 04:00:00,3735.0,2.8
2022-11-30 05:00:00,3700.0,2.9
2022-11-30 06:00:00,3911.0,2.9
2022-11-30 07:00:00,4522.0,2.7
2022-11-30 08:00:00,5208.0,2.4
2022-11-30 09:00:00,6100.0,2.1
2022-11-30 10:00:00,6531.0,2.3
2022-11-30 11:00:00,6907.0,2.0
2022-11-30 12:00:00,6617.0,1.8
2022-11-30 13:00:00,6493.0,1.9
2022-11-30 14:00:00,6448.0,1.9
2022-11-30 15:00:00,6579.0,1.9
2022-11-30 16:00:00,6760.0,1.8
2022-11-30 17:00:00,7274.0,1.6
2022-11-30 18:00:00,7185.0,1.0
2022-11-30 19:00:00,7105.0,1.0
2022-11-30 20:00:00,7068.0,0.9
2022-11-30 21:00:00,6945.0,0.9
2022-11-30 22:00:00,6476.0,0.7
2022-11-30 23:00:00,5748.0,0.5
2022-12-01 00:00:00,5372.0,0.2
2022-12-01 01:00:00,4826.0,0.0
2022-12-01 02:00:00,4450.0,-0.2
2022-12-01 03:00:00,4231.0,-0.5
2022-12-01 04:00:00,4089.0,-0.5
2022-12-01 05:00:00,4099.0,-0.9
2022-12-01 06:00:00,4319.0,-1.0
2022-12-01 07:00:00,4937.0,-1.2
2022-12-01 08:00:00,5770.0,-1.2
2022-12-01 09:00:00,6857.0,-1.2
2022-12-01 10:00:00,7420.0,-1.0
2022-12-01 11:00:00,7798.0,-0.6
2022-12-01 12:00:00,7595.0,-0.2
2022-12-01 13:00:00,7441.0,-0.1
2022-12-01 14:00:00,7386.0,-0.1
2022-12-01 15:00:00,7472.0,-0.2
2022-12-01 16:00:00,7628.0,0.0
2022-12-01 17:00:00,8013.0,0.1
2022-12-01 18:00:00,7947.0,0.2
2022-12-01 19:00:00,7891.0,0.3
2022-12-01 20:00:00,7797.0,0.5
2022-12-01 21:00:00,7716.0,0.5
2022-12-01 22:00:00,7187.0,0.5
2022-12-01 23:00:00,6380.0,0.5
2022-12-02 00:00:00,5876.0,0.5
2022-12-02 01:00:00,5165.0,0.5
2022-12-02 02:00:00,4747.0,0.6
2022-12-02 03:00:00,4481.0,0.6
2022-12-02 04:00:00,4337.0,0.6
2022-12-02 05:00:00,4289.0,0.5
2022-12-02 06:00:00,4498.0,0.5
2022-12-02 07:00:00,5142.0,0.3
2022-12-02 08:00:00,6072.0,0.7
2022-12-02 09:00:00,7146.0,1.2
2022-12-02 10:00:00,7570.0,1.9
2022-12-02 11:00:00,7842.0,2.7
2022-12-02 12:00:00,7576.0,3.9
2022-12-02 13:00:00,7358.0,4.2
2022-12-02 14:00:00,7260.0,4.4
2022-12-02 15:00:00,7262.0,4.7
2022-12-02 16:00:00,7409.0,5.0
2022-12-02 17:00:00,7843.0,4.4
2022-12-02 18:00:00,7831.0,4.2
2022-12-02 19:00:00,7773.0,4.2
2022-12-02 20:00:00,7658.0,4.4
2022-12-02 21:00:00,7524.0,4.3
2022-12-02 22:00:00,7107.0,4.1
2022-12-02 23:00:00,6362.0,3.9
2022-12-03 00:00:00,5900.0,4.2
2022-12-03 01:00:00,5165.0,4.1
2022-12-03 02:00:00,4676.0,4.2
2022-12-03 03:00:00,4402.0,4.2
2022-12-03 04:00:00,4266.0,4.2
2022-12-03 05:00:00,4194.0,4.3
2022-12-03 06:00:00,4297.0,4.4
2022-12-03 07:00:00,4633.0,4.4
2022-12-03 08:00:00,5352.0,4.7
2022-12-03 09:00:00,6335.0,5.1
2022-12-03 10:00:00,6906.0,5.2
2022-12-03 11:00:00,7271.0,5.4
2022-12-03 12:00:00,7106.0,5.6
2022-12-03 13:00:00,6950.0,5.4
2022-12-03 14:00:00,6951.0,5.6
2022-12-03 15:00:00,6939.0,6.0
2022-12-03 16:00:00,7135.0,5.9
2022-12-03 17:00:00,7567.0,5.6
2022-12-03 18:00:00,7584.0,5.6
2022-12-03 19:00:00,7451.0,5.7
2022-12-03 20:00:00,7335.0,5.7
2022-12-03 21:00:00,7223.0,5.9
2022-12-03 22:00:00,6775.0,5.9
2022-12-03 23:00:00,6148.0,6.0
2022-12-04 00:00:00,5712.0,6.0
2022-12-04 01:00:00,4989.0,5.9
2022-12-04 02:00:00,4525.0,5.9
2022-12-04 03:00:00,4269.0,5.7
2022-12-04 04:00:00,4124.0,5.3
2022-12-04 05:00:00,4090.0,4.5
2022-12-04 06:00:00,4189.0,4.4
2022-12-04 07:00:00,4464.0,4.5
2022-12-04 08:00:00,5157.0,4.8
2022-12-04 09:00:00,6130.0,5.1
2022-12-04 10:00:00,6735.0,5.4
2022-12-04 11:00:00,7257.0,5.1
2022-12-04 12:00:00,7182.0,4.7
2022-12-04 13:00:00,7029.0,4.5
2022-12-04 14:00:00,7013.0,4.7
2022-12-04 15:00:00,7061.0,4.6
2022-12-04 16:00:00,7259.0,4.6
2022-12-04 17:00:00,7724.0,4.3
2022-12-04 18:00:00,7772.0,4.4
2022-12-04 19:00:00,7663.0,4.3
2022-12-04 20:00:00,7597.0,4.4
2022-12-04 21:00:00,7523.0,4.3
2022-12-04 22:00:00,7000.0,4.3
2022-12-04 23:00:00,6210.0,4.0
2022-12-05 00:00:00,5720.0,3.9
2022-12-05 01:00:00,4985.0,3.6
2022-12-05 02:00:00,4561.0,3.6
2022-12-05 03:00:00,4312.0,3.6
2022-12-05 04:00:00,4142.0,3.4
2022-12-05 05:00:00,4140.0,3.3
2022-12-05 06:00:00,4384.0,3.3
2022-12-05 07:00:00,5032.0,3.2
2022-12-05 08:00:00,6059.0,3.3
2022-12-05 09:00:00,7354.0,3.3
2022-12-05 10:00:00,7918.0,3.4
2022-12-05 11:00:00,8315.0,3.7
2022-12-05 12:00:00,8003.0,4.3
2022-12-05 13:00:00,7721.0,4.7
2022-12-05 14:00:00,7661.0,5.0
2022-12-05 15:00:00,7709.0,5.0
2022-12-05 16:00:00,7879.0,4.9
2022-12-05 17:00:00,8278.0,4.8
2022-12-05 18:00:00,8159.0,4.4
2022-12-05 19:00:00,8017.0,4.5
2022-12-05 20:00:00,7903.0,4.5
2022-12-05 21:00:00,7785.0,4.5
2022-12-05 22:00:00,7320.0,4.5
2022-12-05 23:00:00,6490.0,4.5
2022-12-06 00:00:00,5993.0,4.6
2022-12-06 01:00:00,5181.0,4.5
2022-12-06 02:00:00,4751.0,4.5
2022-12-06 03:00:00,4490.0,4.4
2022-12-06 04:00:00,4302.0,4.3
2022-12-06 05:00:00,4301.0,4.4
2022-12-06 06:00:00,4494.0,4.5
2022-12-06 07:00:00,5053.0,4.5
2022-12-06 08:00:00,6110.0,4.6
2022-12-06 09:00:00,7329.0,5.0
2022-12-06 10:00:00,7840.0,5.2
2022-12-06 11:00:00,8138.0,5.6
2022-12-06 12:00:00,7808.0,6.2
2022-12-06 13:00:00,7535.0,6.5
2022-12-06 14:00:00,7447.0,7.1
2022-12-06 15:00:00,7482.0,7.0
2022-12-06 16:00:00,7637.0,6.7
2022-12-06 17:00:00,7958.0,6.3
2022-12-06 18:00:00,7894.0,6.1
2022-12-06 19:00:00,7806.0,6.1
2022-12-06 20:00:00,7709.0,6.3
2022-12-06 21:00:00,7684.0,6.3
2022-12-06 22:00:00,7227.0,6.2
2022-12-06 23:00:00,6398.0,6.1
2022-12-07 00:00:00,5877.0,6.1
2022-12-07 01:00:00,5139.0,6.0
2022-12-07 02:00:00,4701.0,5.9
2022-12-07 03:00:00,4413.0,5.9
2022-12-07 04:00:00,4268.0,5.9
2022-12-07 05:00:00,4233.0,5.9
2022-12-07 06:00:00,4441.0,6.0
2022-12-07 07:00:00,4989.0,6.0
2022-12-07 08:00:00,6036.0,6.2
2022-12-07 09:00:00,7042.0,6.8
2022-12-07 10:00:00,7416.0,7.5
2022-12-07 11:00:00,7663.0,8.1
2022-12-07 12:00:00,7290.0,8.5
2022-12-07 13:00:00,7021.0,8.9
2022-12-07 14:00:00,7027.0,9.5
2022-12-07 15:00:00,7030.0,9.5
2022-12-07 16:00:00,7210.0,9.4
2022-12-07 17:00:00,7653.0,9.1
2022-12-07 18:00:00,7546.0,8.8
2022-12-07 19:00:00,7508.0,8.7
2022-12-07 20:00:00,7448.0,8.4
2022-12-07 21:00:00,7414.0,8.3
2022-12-07 22:00:00,7005.0,8.2
2022-12-07 23:00:00,6205.0,8.1
2022-12-08 00:00:00,5709.0,8.0
2022-12-08 01:00:00,4960.0,7.8
2022-12-08 02:00:00,4557.0,7.7
2022-12-08 03:00:00,4293.0,7.5
2022-12-08 04:00:00,4154.0,7.4
2022-12-08 05:00:00,4132.0,7.3
2022-12-08 06:00:00,4411.0,7.1
2022-12-08 07:00:00,4994.0,6.9
2022-12-08 08:00:00,5812.0,7.0
2022-12-08 09:00:00,6593.0,8.7
2022-12-08 10:00:00,6785.0,10.0
2022-12-08 11:00:00,6862.0,11.5
2022-12-08 12:00:00,6398.0,12.5
2022-12-08 13:00:00,6110.0,13.4
2022-12-08 14:00:00,6087.0,13.8
2022-12-08 15:00:00,6217.0,13.6
2022-12-08 16:00:00,6571.0,12.6
2022-12-08 17:00:00,7107.0,11.9
2022-12-08 18:00:00,7098.0,11.2
2022-12-08 19:00:00,7092.0,10.9
2022-12-08 20:00:00,6992.0,10.6
2022-12-08 21:00:00,6998.0,10.3
2022-12-08 22:00:00,6574.0,10.2
2022-12-08 23:00:00,5844.0,9.9
2022-12-09 00:00:00,5447.0,9.7
2022-12-09 01:00:00,4654.0,9.4
2022-12-09 02:00:00,4323.0,9.3
2022-12-09 03:00:00,4091.0,9.1
2022-12-09 04:00:00,4000.0,9.0
2022-12-09 05:00:00,3983.0,8.8
2022-12-09 06:00:00,4251.0,8.7
2022-12-09 07:00:00,4843.0,8.5
2022-12-09 08:00:00,5597.0,8.7
2022-12-09 09:00:00,6392.0,9.3
2022-12-09 10:00:00,6635.0,10.4
2022-12-09 11:00:00,6653.0,11.4
2022-12-09 12:00:00,6125.0,12.9
2022-12-09 13:00:00,5877.0,13.9
2022-12-09 14:00:00,5925.0,14.3
2022-12-09 15:00:00,5954.0,14.5
2022-12-09 16:00:00,6153.0,13.9
2022-12-09 17:00:00,6627.0,13.2
2022-12-09 18:00:00,6728.0,12.3
2022-12-09 19:00:00,6783.0,10.6
2022-12-09 20:00:00,6700.0,10.1
2022-12-09 21:00:00,6708.0,9.5
2022-12-09 22:00:00,6420.0,8.8
2022-12-09 23:00:00,5797.0,8.5
2022-12-10 00:00:00,5454.0,7.7
2022-12-10 01:00:00,4790.0,7.8
2022-12-10 02:00:00,4357.0,8.1
2022-12-10 03:00:00,4157.0,7.0
2022-12-10 04:00:00,4031.0,6.6
2022-12-10 05:00:00,3986.0,5.3
2022-12-10 06:00:00,4174.0,5.3
2022-12-10 07:00:00,4473.0,5.3
2022-12-10 08:00:00,5178.0,5.5
2022-12-10 09:00:00,5878.0,7.6
2022-12-10 10:00:00,6138.0,8.7
2022-12-10 11:00:00,6275.0,12.0
2022-12-10 12:00:00,5848.0,13.2
2022-12-10 13:00:00,5571.0,15.0
2022-12-10 14:00:00,5514.0,15.9
2022-12-10 15:00:00,5544.0,15.9
2022-12-10 16:00:00,5777.0,15.4
2022-12-10 17:00:00,6319.0,14.0
2022-12-10 18:00:00,6554.0,12.2
2022-12-10 19:00:00,6532.0,11.4
2022-12-10 20:00:00,6458.0,10.5
2022-12-10 21:00:00,6490.0,10.0
2022-12-10 22:00:00,6150.0,9.4
2022-12-10 23:00:00,5597.0,8.8
2022-12-11 00:00:00,5258.0,7.9
2022-12-11 01:00:00,4626.0,7.6
2022-12-11 02:00:00,4226.0,7.3
2022-12-11 03:00:00,4016.0,6.9
2022-12-11 04:00:00,3907.0,6.5
2022-12-11 05:00:00,3902.0,6.3
2022-12-11 06:00:00,4075.0,5.4
2022-12-11 07:00:00,4392.0,4.9
2022-12-11 08:00:00,5088.0,4.9
2022-12-11 09:00:00,5920.0,5.1
2022-12-11 10:00:00,6319.0,5.5
2022-12-11 11:00:00,6578.0,6.5
2022-12-11 12:00:00,6294.0,6.8
2022-12-11 13:00:00,5950.0,7.6
2022-12-11 14:00:00,5858.0,8.4
2022-12-11 15:00:00,5920.0,9.3
2022-12-11 16:00:00,6228.0,8.6
2022-12-11 17:00:00,6823.0,7.5
2022-12-11 18:00:00,7018.0,6.2
2022-12-11 19:00:00,7096.0,5.6
2022-12-11 20:00:00,7102.0,5.2
2022-12-11 21:00:00,7062.0,4.8
2022-12-11 22:00:00,6563.0,4.2
2022-12-11 23:00:00,5778.0,4.0
2022-12-12 00:00:00,5352.0,4.0
2022-12-12 01:00:00,4690.0,4.0
2022-12-12 02:00:00,4305.0,3.8
2022-12-12 03:00:00,4083.0,2.8
2022-12-12 04:00:00,3982.0,1.7
2022-12-12 05:00:00,3967.0,1.7
2022-12-12 06:00:00,4256.0,1.9
2022-12-12 07:00:00,4971.0,1.3
2022-12-12 08:00:00,5756.0,1.6
2022-12-12 09:00:00,6611.0,3.1
2022-12-12 10:00:00,6798.0,5.7
2022-12-12 11:00:00,6900.0,8.2
2022-12-12 12:00:00,6485.0,9.9
2022-12-12 13:00:00,6250.0,10.7
2022-12-12 14:00:00,6175.0,11.1
2022-12-12 15:00:00,6228.0,11.2
2022-12-12 16:00:00,6418.0,11.2
2022-12-12 17:00:00,6891.0,10.1
2022-12-12 18:00:00,7118.0,8.4
2022-12-12 19:00:00,7206.0,7.7
2022-12-12 20:00:00,7188.0,6.8
2022-12-12 21:00:00,7174.0,5.9
2022-12-12 22:00:00,6792.0,5.5
2022-12-12 23:00:00,5948.0,4.9
2022-12-13 00:00:00,5548.0,4.5
2022-12-13 01:00:00,4879.0,4.1
2022-12-13 02:00:00,4512.0,3.3
2022-12-13 03:00:00,4261.0,3.2
2022-12-13 04:00:00,4165.0,2.1
2022-12-13 05:00:00,4154.0,2.1
2022-12-13 06:00:00,4426.0,1.7
2022-12-13 07:00:00,5119.0,1.9
2022-12-13 08:00:00,5865.0,1.8
2022-12-13 09:00:00,6612.0,3.9
2022-12-13 10:00:00,6801.0,6.3
2022-12-13 11:00:00,6858.0,8.6
2022-12-13 12:00:00,6366.0,11.0
2022-12-13 13:00:00,6061.0,12.3
2022-12-13 14:00:00,6098.0,13.4
2022-12-13 15:00:00,6184.0,13.8
2022-12-13 16:00:00,6399.0,13.8
2022-12-13 17:00:00,6888.0,12.1
2022-12-13 18:00:00,7025.0,11.1
2022-12-13 19:00:00,7142.0,9.6
2022-12-13 20:00:00,7155.0,8.9
2022-12-13 21:00:00,7122.0,7.7
2022-12-13 22:00:00,6696.0,7.1
2022-12-13 23:00:00,5921.0,6.6
2022-12-14 00:00:00,5497.0,5.6
2022-12-14 01:00:00,4843.0,5.1
2022-12-14 02:00:00,4471.0,5.4
2022-12-14 03:00:00,4288.0,4.4
2022-12-14 04:00:00,4166.0,4.2
2022-12-14 05:00:00,4162.0,3.0
2022-12-14 06:00:00,4402.0,3.3
2022-12-14 07:00:00,5104.0,3.6
2022-12-14 08:00:00,5820.0,3.6
2022-12-14 09:00:00,6545.0,6.1
2022-12-14 10:00:00,6635.0,8.4
2022-12-14 11:00:00,6714.0,10.9
2022-12-14 12:00:00,6208.0,12.7
2022-12-14 13:00:00,5889.0,13.7
2022-12-14 14:00:00,5829.0,15.1
2022-12-14 15:00:00,5922.0,15.4
2022-12-14 16:00:00,6139.0,14.6
2022-12-14 17:00:00,6671.0,13.6
2022-12-14 18:00:00,6926.0,11.1
2022-12-14 19:00:00,7122.0,9.9
2022-12-14 20:00:00,7032.0,9.2
2022-12-14 21:00:00,7039.0,8.6
2022-12-14 22:00:00,6572.0,8.3
2022-12-14 23:00:00,5777.0,8.2
2022-12-15 00:00:00,5408.0,5.5
2022-12-15 01:00:00,4764.0,4.6
2022-12-15 02:00:00,4399.0,4.2
2022-12-15 03:00:00,4211.0,3.3
2022-12-15 04:00:00,4110.0,3.3
2022-12-15 05:00:00,4110.0,3.5
2022-12-15 06:00:00,4374.0,3.4
2022-12-15 07:00:00,5012.0,3.1
2022-12-15 08:00:00,5793.0,3.9
2022-12-15 09:00:00,6529.0,4.9
2022-12-15 10:00:00,6936.0,6.3
2022-12-15 11:00:00,7135.0,8.4
2022-12-15 12:00:00,6775.0,10.0
2022-12-15 13:00:00,6300.0,12.6
2022-12-15 14:00:00,6310.0,13.7
2022-12-15 15:00:00,6300.0,13.7
2022-12-15 16:00:00,6529.0,13.1
2022-12-15 17:00:00,6939.0,12.1
2022-12-15 18:00:00,7117.0,11.0
2022-12-15 19:00:00,7155.0,10.7
2022-12-15 20:00:00,7073.0,10.3
2022-12-15 21:00:00,6994.0,9.7
2022-12-15 22:00:00,6505.0,9.6
2022-12-15 23:00:00,5762.0,9.4
2022-12-16 00:00:00,5333.0,8.9
2022-12-16 01:00:00,4654.0,8.9
2022-12-16 02:00:00,4317.0,8.2
2022-12-16 03:00:00,4126.0,8.4
2022-12-16 04:00:00,3981.0,8.5
2022-12-16 05:00:00,4000.0,8.5
2022-12-16 06:00:00,4279.0,8.5
2022-12-16 07:00:00,4880.0,8.2
2022-12-16 08:00:00,5739.0,7.5
2022-12-16 09:00:00,6844.0,6.7
2022-12-16 10:00:00,7194.0,6.1
2022-12-16 11:00:00,7639.0,5.8
2022-12-16 12:00:00,7438.0,5.7
2022-12-16 13:00:00,7307.0,5.6
2022-12-16 14:00:00,7341.0,5.4
2022-12-16 15:00:00,7362.0,5.4
2022-12-16 16:00:00,7498.0,5.3
2022-12-16 17:00:00,7893.0,4.9
2022-12-16 18:00:00,7852.0,4.7
2022-12-16 19:00:00,7832.0,4.7
2022-12-16 20:00:00,7676.0,4.6
2022-12-16 21:00:00,7510.0,4.5
2022-12-16 22:00:00,7000.0,4.3
2022-12-16 23:00:00,6256.0,3.9
2022-12-17 00:00:00,5914.0,3.6
2022-12-17 01:00:00,5110.0,3.2
2022-12-17 02:00:00,4629.0,3.4
2022-12-17 03:00:00,4413.0,3.9
2022-12-17 04:00:00,4302.0,3.7
2022-12-17 05:00:00,4247.0,4.0
2022-12-17 06:00:00,4414.0,3.8
2022-12-17 07:00:00,4786.0,3.7
2022-12-17 08:00:00,5614.0,3.7
2022-12-17 09:00:00,6529.0,4.6
2022-12-17 10:00:00,6945.0,5.6
2022-12-17 11:00:00,7040.0,7.4
2022-12-17 12:00:00,6690.0,8.5
2022-12-17 13:00:00,6349.0,9.1
2022-12-17 14:00:00,6214.0,9.2
2022-12-17 15:00:00,6260.0,9.1
2022-12-17 16:00:00,6509.0,8.6
2022-12-17 17:00:00,7037.0,7.6
2022-12-17 18:00:00,7452.0,6.1
2022-12-17 19:00:00,7621.0,4.6
2022-12-17 20:00:00,7494.0,3.6
2022-12-17 21:00:00,7398.0,2.6
2022-12-17 22:00:00,6865.0,2.0
2022-12-17 23:00:00,6099.0,1.9
2022-12-18 00:00:00,5674.0,0.8
2022-12-18 01:00:00,5007.0,0.6
2022-12-18 02:00:00,4597.0,0.1
2022-12-18 03:00:00,4347.0,-0.4
2022-12-18 04:00:00,4217.0,0.3
2022-12-18 05:00:00,4206.0,-2.4
2022-12-18 06:00:00,4376.0,-2.5
2022-12-18 07:00:00,4680.0,-3.2
2022-12-18 08:00:00,5472.0,-2.1
2022-12-18 09:00:00,6247.0,0.2
2022-12-18 10:00:00,6469.0,3.6
2022-12-18 11:00:00,6512.0,6.4
2022-12-18 12:00:00,6263.0,8.3
2022-12-18 13:00:00,5976.0,9.5
2022-12-18 14:00:00,5847.0,10.2
2022-12-18 15:00:00,5963.0,10.5
2022-12-18 16:00:00,6096.0,10.2
2022-12-18 17:00:00,6756.0,10.0
2022-12-18 18:00:00,7197.0,7.5
2022-12-18 19:00:00,7402.0,7.3
2022-12-18 20:00:00,7339.0,6.8
2022-12-18 21:00:00,7203.0,6.1
2022-12-18 22:00:00,6574.0,3.4
2022-12-18 23:00:00,5828.0,3.2
2022-12-19 00:00:00,5443.0,3.6
2022-12-19 01:00:00,4824.0,3.1
2022-12-19 02:00:00,4463.0,2.8
2022-12-19 03:00:00,4169.0,3.1
2022-12-19 04:00:00,4058.0,2.6
2022-12-19 05:00:00,4045.0,2.0
2022-12-19 06:00:00,4251.0,2.5
2022-12-19 07:00:00,4752.0,1.4
2022-12-19 08:00:00,5794.0,2.3
2022-12-19 09:00:00,6702.0,5.1
2022-12-19 10:00:00,6876.0,7.7
2022-12-19 11:00:00,6948.0,10.7
2022-12-19 12:00:00,6418.0,12.4
2022-12-19 13:00:00,6101.0,13.2
2022-12-19 14:00:00,6053.0,14.1
2022-12-19 15:00:00,6103.0,14.6
2022-12-19 16:00:00,6318.0,14.8
2022-12-19 17:00:00,6785.0,13.6
2022-12-19 18:00:00,7021.0,12.6
2022-12-19 19:00:00,7178.0,10.0
2022-12-19 20:00:00,7049.0,9.0
2022-12-19 21:00:00,7000.0,8.3
2022-12-19 22:00:00,6621.0,7.9
2022-12-19 23:00:00,6003.0,8.2
2022-12-20 00:00:00,5116.0,8.1
2022-12-20 01:00:00,4521.0,8.9
2022-12-20 02:00:00,4190.0,8.6
2022-12-20 03:00:00,4006.0,7.6
2022-12-20 04:00:00,3915.0,7.2
2022-12-20 05:00:00,3917.0,6.9
2022-12-20 06:00:00,4134.0,6.9
2022-12-20 07:00:00,4501.0,6.8
2022-12-20 08:00:00,5456.0,6.5
2022-12-20 09:00:00,6422.0,7.4
2022-12-20 10:00:00,6630.0,9.5
2022-12-20 11:00:00,7014.0,10.2
2022-12-20 12:00:00,6726.0,10.6
2022-12-20 13:00:00,6507.0,11.2
2022-12-20 14:00:00,6450.0,11.5
2022-12-20 15:00:00,6531.0,11.5
2022-12-20 16:00:00,6627.0,11.8
2022-12-20 17:00:00,7086.0,10.3
2022-12-20 18:00:00,7151.0,9.5
2022-12-20 19:00:00,7238.0,9.0
2022-12-20 20:00:00,7060.0,8.3
2022-12-20 21:00:00,6765.0,7.5
2022-12-20 22:00:00,6176.0,7.0
2022-12-20 23:00:00,5375.0,6.7
2022-12-21 00:00:00,5045.0,5.7
2022-12-21 01:00:00,4550.0,5.3
2022-12-21 02:00:00,4166.0,3.3
2022-12-21 03:00:00,3957.0,4.2
2022-12-21 04:00:00,3967.0,3.0
2022-12-21 05:00:00,3961.0,2.7
2022-12-21 06:00:00,4140.0,2.8
2022-12-21 07:00:00,4630.0,2.7
2022-12-21 08:00:00,5596.0,1.0
2022-12-21 09:00:00,6436.0,3.5
2022-12-21 10:00:00,6510.0,6.9
2022-12-21 11:00:00,6580.0,10.2
2022-12-21 12:00:00,6100.0,12.1
2022-12-21 13:00:00,5792.0,13.3
2022-12-21 14:00:00,5747.0,14.6
2022-12-21 15:00:00,5755.0,15.2
2022-12-21 16:00:00,5934.0,15.5
2022-12-21 17:00:00,6391.0,14.7
2022-12-21 18:00:00,6727.0,12.5
2022-12-21 19:00:00,6836.0,10.2
2022-12-21 20:00:00,6634.0,9.2
2022-12-21 21:00:00,6406.0,8.3
2022-12-21 22:00:00,5872.0,6.8
2022-12-21 23:00:00,5129.0,7.4
2022-12-22 00:00:00,4816.0,5.4
2022-12-22 01:00:00,4272.0,4.3
2022-12-22 02:00:00,4024.0,4.2
2022-12-22 03:00:00,3877.0,3.1
2022-12-22 04:00:00,3783.0,2.1
2022-12-22 05:00:00,3817.0,2.3
2022-12-22 06:00:00,3991.0,2.0
2022-12-22 07:00:00,4376.0,2.3
2022-12-22 08:00:00,5335.0,2.4
2022-12-22 09:00:00,6159.0,4.8
2022-12-22 10:00:00,6240.0,8.7
2022-12-22 11:00:00,6305.0,11.3
2022-12-22 12:00:00,5850.0,13.4
2022-12-22 13:00:00,5619.0,15.1
2022-12-22 14:00:00,5592.0,16.2
2022-12-22 15:00:00,5641.0,16.6
2022-12-22 16:00:00,5779.0,15.8
2022-12-22 17:00:00,6276.0,14.3
2022-12-22 18:00:00,6627.0,12.6
2022-12-22 19:00:00,6686.0,11.2
2022-12-22 20:00:00,6523.0,10.0
2022-12-22 21:00:00,6230.0,9.0
2022-12-22 22:00:00,5654.0,8.7
2022-12-22 23:00:00,4986.0,8.0
2022-12-23 00:00:00,4712.0,7.3
2022-12-23 01:00:00,4207.0,7.0
2022-12-23 02:00:00,3909.0,6.4
2022-12-23 03:00:00,3752.0,6.1
2022-12-23 04:00:00,3680.0,6.2
2022-12-23 05:00:00,3693.0,5.8
2022-12-23 06:00:00,3878.0,5.2
2022-12-23 07:00:00,4292.0,4.3
2022-12-23 08:00:00,5127.0,4.2
2022-12-23 09:00:00,5991.0,6.5
2022-12-23 10:00:00,6091.0,8.8
2022-12-23 11:00:00,6160.0,9.9
2022-12-23 12:00:00,5825.0,11.7
2022-12-23 13:00:00,5503.0,13.7
2022-12-23 14:00:00,5334.0,14.5
2022-12-23 15:00:00,5452.0,15.2
2022-12-23 16:00:00,5678.0,15.4
2022-12-23 17:00:00,6178.0,14.7
2022-12-23 18:00:00,6446.0,13.0
2022-12-23 19:00:00,6556.0,11.9
2022-12-23 20:00:00,6390.0,10.7
2022-12-23 21:00:00,6073.0,9.1
2022-12-23 22:00:00,5540.0,8.6
2022-12-23 23:00:00,4944.0,7.7
2022-12-24 00:00:00,4578.0,8.3
2022-12-24 01:00:00,4064.0,8.5
2022-12-24 02:00:00,3821.0,7.3
2022-12-24 03:00:00,3663.0,6.4
2022-12-24 04:00:00,3636.0,4.5
2022-12-24 05:00:00,3631.0,5.1
2022-12-24 06:00:00,3815.0,5.2
2022-12-24 07:00:00,4094.0,3.8
2022-12-24 08:00:00,4838.0,4.0
2022-12-24 09:00:00,5581.0,6.7
2022-12-24 10:00:00,5698.0,9.1
2022-12-24 11:00:00,5804.0,11.8
2022-12-24 12:00:00,5470.0,14.0
2022-12-24 13:00:00,5202.0,15.4
2022-12-24 14:00:00,5152.0,16.1
2022-12-24 15:00:00,5214.0,16.5
2022-12-24 16:00:00,5377.0,16.0
2022-12-24 17:00:00,5797.0,15.1
2022-12-24 18:00:00,6234.0,12.9
2022-12-24 19:00:00,6329.0,11.1
2022-12-24 20:00:00,6192.0,10.4
2022-12-24 21:00:00,5881.0,9.2
2022-12-24 22:00:00,5352.0,8.5
2022-12-24 23:00:00,4783.0,8.4
2022-12-25 00:00:00,4494.0,8.1
2022-12-25 01:00:00,4005.0,6.6
2022-12-25 02:00:00,3765.0,6.9
2022-12-25 03:00:00,3596.0,6.3
2022-12-25 04:00:00,3548.0,5.3
2022-12-25 05:00:00,3554.0,4.8
2022-12-25 06:00:00,3724.0,3.8
2022-12-25 07:00:00,3960.0,3.5
2022-12-25 08:00:00,4629.0,4.7
2022-12-25 09:00:00,5441.0,6.7
2022-12-25 10:00:00,5704.0,8.6
2022-12-25 11:00:00,6018.0,9.7
2022-12-25 12:00:00,5727.0,12.3
2022-12-25 13:00:00,5458.0,13.5
2022-12-25 14:00:00,5435.0,13.8
2022-12-25 15:00:00,5423.0,13.9
2022-12-25 16:00:00,5629.0,11.8
2022-12-25 17:00:00,6174.0,10.9
2022-12-25 18:00:00,6498.0,10.2
2022-12-25 19:00:00,6496.0,9.7
2022-12-25 20:00:00,6360.0,9.2
2022-12-25 21:00:00,6110.0,9.0
2022-12-25 22:00:00,5545.0,8.6
2022-12-25 23:00:00,4824.0,7.9
2022-12-26 00:00:00,4562.0,7.8
2022-12-26 01:00:00,4044.0,6.9
2022-12-26 02:00:00,3784.0,6.4
2022-12-26 03:00:00,3625.0,5.6
2022-12-26 04:00:00,3547.0,5.4
2022-12-26 05:00:00,3556.0,5.1
2022-12-26 06:00:00,3752.0,4.9
2022-12-26 07:00:00,4142.0,4.7
2022-12-26 08:00:00,5113.0,4.6
2022-12-26 09:00:00,6335.0,4.9
2022-12-26 10:00:00,6750.0,5.9
2022-12-26 11:00:00,7062.0,6.6
2022-12-26 12:00:00,6937.0,7.0
2022-12-26 13:00:00,6642.0,6.9
2022-12-26 14:00:00,6564.0,7.0
2022-12-26 15:00:00,6693.0,7.1
2022-12-26 16:00:00,6794.0,6.7
2022-12-26 17:00:00,7202.0,6.5
2022-12-26 18:00:00,7182.0,6.2
2022-12-26 19:00:00,7108.0,6.0
2022-12-26 20:00:00,6931.0,6.0
2022-12-26 21:00:00,6616.0,5.9
2022-12-26 22:00:00,5977.0,5.8
2022-12-26 23:00:00,5232.0,5.8
2022-12-27 00:00:00,4875.0,5.6
2022-12-27 01:00:00,4301.0,5.4
2022-12-27 02:00:00,3999.0,5.3
2022-12-27 03:00:00,3810.0,5.1
2022-12-27 04:00:00,3748.0,5.1
2022-12-27 05:00:00,3762.0,5.0
2022-12-27 06:00:00,3917.0,5.0
2022-12-27 07:00:00,4252.0,4.9
2022-12-27 08:00:00,5155.0,5.3
2022-12-27 09:00:00,6521.0,5.5
2022-12-27 10:00:00,7051.0,5.5
2022-12-27 11:00:00,7359.0,5.6
2022-12-27 12:00:00,7137.0,5.6
2022-12-27 13:00:00,6949.0,6.1
2022-12-27 14:00:00,6919.0,6.1
2022-12-27 15:00:00,6983.0,5.9
2022-12-27 16:00:00,7203.0,4.9
2022-12-27 17:00:00,7555.0,4.4
2022-12-27 18:00:00,7641.0,3.8
2022-12-27 19:00:00,7703.0,3.3
2022-12-27 20:00:00,7594.0,3.1
2022-12-27 21:00:00,7479.0,2.9
2022-12-27 22:00:00,7005.0,2.9
2022-12-27 23:00:00,6257.0,2.6
2022-12-28 00:00:00,5689.0,2.3
2022-12-28 01:00:00,5236.0,2.2
2022-12-28 02:00:00,4862.0,2.2
2022-12-28 03:00:00,4650.0,2.1
2022-12-28 04:00:00,4537.0,1.8
2022-12-28 05:00:00,4524.0,2.1
2022-12-28 06:00:00,4726.0,2.4
2022-12-28 07:00:00,5190.0,2.6
2022-12-28 08:00:00,6020.0,2.7
2022-12-28 09:00:00,6956.0,2.2
2022-12-28 10:00:00,7274.0,2.3
2022-12-28 11:00:00,7506.0,2.0
2022-12-28 12:00:00,7195.0,2.2
2022-12-28 13:00:00,6922.0,2.1
2022-12-28 14:00:00,6846.0,2.6
2022-12-28 15:00:00,6911.0,2.7
2022-12-28 16:00:00,7115.0,2.9
2022-12-28 17:00:00,7598.0,3.0
2022-12-28 18:00:00,7739.0,2.8
2022-12-28 19:00:00,7772.0,2.9
2022-12-28 20:00:00,7666.0,2.9
2022-12-28 21:00:00,7538.0,3.0
2022-12-28 22:00:00,7035.0,3.1
2022-12-28 23:00:00,6273.0,3.2
2022-12-29 00:00:00,5351.0,3.1
2022-12-29 01:00:00,4728.0,3.1
2022-12-29 02:00:00,4409.0,2.9
2022-12-29 03:00:00,4201.0,2.7
2022-12-29 04:00:00,4060.0,2.6
2022-12-29 05:00:00,4042.0,2.5
2022-12-29 06:00:00,4217.0,2.6
2022-12-29 07:00:00,4503.0,2.5
2022-12-29 08:00:00,5584.0,2.6
2022-12-29 09:00:00,6896.0,2.9
2022-12-29 10:00:00,7539.0,3.3
2022-12-29 11:00:00,7874.0,3.7
2022-12-29 12:00:00,7637.0,4.1
2022-12-29 13:00:00,7466.0,4.3
2022-12-29 14:00:00,7413.0,4.2
2022-12-29 15:00:00,7435.0,4.1
2022-12-29 16:00:00,7609.0,4.4
2022-12-29 17:00:00,7867.0,4.3
2022-12-29 18:00:00,7737.0,4.2
2022-12-29 19:00:00,7642.0,4.2
2022-12-29 20:00:00,7565.0,4.1
2022-12-29 21:00:00,7250.0,4.1
2022-12-29 22:00:00,6619.0,4.2
2022-12-29 23:00:00,5863.0,4.1
2022-12-30 00:00:00,5371.0,4.1
2022-12-30 01:00:00,4730.0,4.2
2022-12-30 02:00:00,4364.0,4.0
2022-12-30 03:00:00,4159.0,4.0
2022-12-30 04:00:00,4050.0,4.0
2022-12-30 05:00:00,3976.0,4.0
2022-12-30 06:00:00,4143.0,3.8
2022-12-30 07:00:00,4449.0,3.6
2022-12-30 08:00:00,5528.0,3.6
2022-12-30 09:00:00,6506.0,4.2
2022-12-30 10:00:00,7128.0,5.0
2022-12-30 11:00:00,7304.0,6.6
2022-12-30 12:00:00,6925.0,7.8
2022-12-30 13:00:00,6683.0,8.4
2022-12-30 14:00:00,6652.0,9.2
2022-12-30 15:00:00,6672.0,8.7
2022-12-30 16:00:00,6815.0,8.8
2022-12-30 17:00:00,7177.0,8.2
2022-12-30 18:00:00,7199.0,7.1
2022-12-30 19:00:00,7242.0,6.5
2022-12-30 20:00:00,7105.0,6.1
2022-12-30 21:00:00,6957.0,6.6
2022-12-30 22:00:00,6495.0,6.6
2022-12-30 23:00:00,5654.0,5.9
2022-12-31 00:00:00,5442.0,5.0
2022-12-31 01:00:00,4657.0,4.7
2022-12-31 02:00:00,4244.0,3.6
2022-12-31 03:00:00,4006.0,3.9
2022-12-31 04:00:00,3897.0,3.7
2022-12-31 05:00:00,3825.0,3.2
2022-12-31 06:00:00,3930.0,3.3
2022-12-31 07:00:00,4207.0,2.8
2022-12-31 08:00:00,4928.0,2.1
2022-12-31 09:00:00,5858.0,3.7
2022-12-31 10:00:00,6064.0,5.9
2022-12-31 11:00:00,6231.0,8.1
2022-12-31 12:00:00,6164.0,10.5
2022-12-31 13:00:00,5801.0,9.7
2022-12-31 14:00:00,5922.0,10.0
2022-12-31 15:00:00,5958.0,10.3
2022-12-31 16:00:00,6215.0,9.7
2022-12-31 17:00:00,6654.0,8.3
2022-12-31 18:00:00,6747.0,7.6
2022-12-31 19:00:00,6674.0,7.1
2022-12-31 20:00:00,6483.0,6.7
2022-12-31 21:00:00,6319.0,6.3
2022-12-31 22:00:00,5837.0,5.9
2022-12-31 23:00:00,5276.0,6.0
2023-01-01 00:00:00,5116.0,5.9
2023-01-01 01:00:00,4472.0,5.8
2023-01-01 02:00:00,4028.0,5.7
2023-01-01 03:00:00,3778.0,5.4
2023-01-01 04:00:00,3649.0,5.1
2023-01-01 05:00:00,3570.0,5.1
2023-01-01 06:00:00,3668.0,5.1
2023-01-01 07:00:00,3847.0,5.2
2023-01-01 08:00:00,4345.0,5.4
2023-01-01 09:00:00,5174.0,6.0
2023-01-01 10:00:00,5583.0,6.5
2023-01-01 11:00:00,5839.0,6.7
2023-01-01 12:00:00,6002.0,7.6
2023-01-01 13:00:00,5640.0,8.4
2023-01-01 14:00:00,5519.0,9.0
2023-01-01 15:00:00,5500.0,9.0
2023-01-01 16:00:00,5743.0,8.7
2023-01-01 17:00:00,6211.0,8.2
2023-01-01 18:00:00,6311.0,7.5
2023-01-01 19:00:00,6279.0,7.2
2023-01-01 20:00:00,6190.0,7.1
2023-01-01 21:00:00,6172.0,7.0
2023-01-01 22:00:00,6045.0,7.0
2023-01-01 23:00:00,5247.0,6.9
2023-01-02 00:00:00,4780.0,6.8
2023-01-02 01:00:00,4266.0,6.7
2023-01-02 02:00:00,3911.0,6.5
2023-01-02 03:00:00,3617.0,6.4
2023-01-02 04:00:00,3497.0,6.3
2023-01-02 05:00:00,3460.0,6.1
2023-01-02 06:00:00,3589.0,6.0
2023-01-02 07:00:00,3877.0,6.0
2023-01-02 08:00:00,4552.0,6.0
2023-01-02 09:00:00,5575.0,6.3
2023-01-02 10:00:00,6246.0,6.5
2023-01-02 11:00:00,6682.0,6.8
2023-01-02 12:00:00,6640.0,6.8
2023-01-02 13:00:00,6474.0,7.3
2023-01-02 14:00:00,6409.0,7.5
2023-01-02 15:00:00,6390.0,7.8
2023-01-02 16:00:00,6553.0,7.9
2023-01-02 17:00:00,6907.0,7.7
2023-01-02 18:00:00,7009.0,7.5
2023-01-02 19:00:00,6995.0,7.2
2023-01-02 20:00:00,6929.0,6.9
2023-01-02 21:00:00,6809.0,6.9
2023-01-02 22:00:00,6313.0,6.9
2023-01-02 23:00:00,5995.0,6.8
2023-01-03 00:00:00,5205.0,6.9
2023-01-03 01:00:00,4548.0,6.7
2023-01-03 02:00:00,4299.0,6.5
2023-01-03 03:00:00,3954.0,6.5
2023-01-03 04:00:00,3827.0,6.0
2023-01-03 05:00:00,3825.0,5.4
2023-01-03 06:00:00,3887.0,5.3
2023-01-03 07:00:00,4212.0,5.1
2023-01-03 08:00:00,5195.0,4.9
2023-01-03 09:00:00,6087.0,6.4
2023-01-03 10:00:00,6712.0,8.1
2023-01-03 11:00:00,6884.0,10.2
2023-01-03 12:00:00,6536.0,10.7
2023-01-03 13:00:00,6244.0,11.6
2023-01-03 14:00:00,6092.0,12.4
2023-01-03 15:00:00,6093.0,12.5
2023-01-03 16:00:00,6255.0,12.7
2023-01-03 17:00:00,6694.0,11.7
2023-01-03 18:00:00,6732.0,10.4
2023-01-03 19:00:00,6875.0,10.3
2023-01-03 20:00:00,6746.0,9.8
2023-01-03 21:00:00,6660.0,8.6
2023-01-03 22:00:00,6343.0,8.1
2023-01-03 23:00:00,5603.0,8.2
2023-01-04 00:00:00,5101.0,8.4
2023-01-04 01:00:00,4459.0,8.5
2023-01-04 02:00:00,4086.0,8.5
2023-01-04 03:00:00,3847.0,8.3
2023-01-04 04:00:00,3734.0,7.2
2023-01-04 05:00:00,3716.0,6.9
2023-01-04 06:00:00,3901.0,6.4
2023-01-04 07:00:00,4338.0,5.4
2023-01-04 08:00:00,5028.0,5.4
2023-01-04 09:00:00,6131.0,6.7
2023-01-04 10:00:00,6363.0,9.2
2023-01-04 11:00:00,6495.0,10.9
2023-01-04 12:00:00,6197.0,12.1
2023-01-04 13:00:00,6015.0,12.9
2023-01-04 14:00:00,6070.0,13.0
2023-01-04 15:00:00,6022.0,13.1
2023-01-04 16:00:00,6190.0,12.9
2023-01-04 17:00:00,6630.0,12.4
2023-01-04 18:00:00,6678.0,11.8
2023-01-04 19:00:00,6678.0,11.3
2023-01-04 20:00:00,6582.0,10.7
2023-01-04 21:00:00,6500.0,9.8
2023-01-04 22:00:00,6044.0,9.5
2023-01-04 23:00:00,5386.0,9.2
2023-01-05 00:00:00,5025.0,9.1
2023-01-05 01:00:00,4436.0,8.7
2023-01-05 02:00:00,4058.0,8.5
2023-01-05 03:00:00,3865.0,8.3
2023-01-05 04:00:00,3766.0,8.1
2023-01-05 05:00:00,3740.0,7.9
2023-01-05 06:00:00,3945.0,7.7
2023-01-05 07:00:00,4291.0,7.8
2023-01-05 08:00:00,5170.0,7.7
2023-01-05 09:00:00,6114.0,8.3
2023-01-05 10:00:00,6322.0,9.1
2023-01-05 11:00:00,6440.0,10.7
2023-01-05 12:00:00,5952.0,12.8
2023-01-05 13:00:00,5751.0,14.0
2023-01-05 14:00:00,5702.0,15.2
2023-01-05 15:00:00,5702.0,15.3
2023-01-05 16:00:00,5878.0,15.0
2023-01-05 17:00:00,6312.0,13.7
2023-01-05 18:00:00,6412.0,12.6
2023-01-05 19:00:00,6465.0,12.2
2023-01-05 20:00:00,6340.0,11.7
2023-01-05 21:00:00,6295.0,11.2
2023-01-05 22:00:00,5932.0,11.0
2023-01-05 23:00:00,5217.0,10.7
2023-01-06 00:00:00,4878.0,10.4
2023-01-06 01:00:00,4236.0,10.1
2023-01-06 02:00:00,3899.0,9.8
2023-01-06 03:00:00,3693.0,9.5
2023-01-06 04:00:00,3588.0,8.9
2023-01-06 05:00:00,3577.0,8.3
2023-01-06 06:00:00,3778.0,7.8
2023-01-06 07:00:00,4169.0,7.0
2023-01-06 08:00:00,5128.0,6.9
2023-01-06 09:00:00,5913.0,8.1
2023-01-06 10:00:00,6062.0,10.0
2023-01-06 11:00:00,6145.0,11.8
2023-01-06 12:00:00,5718.0,13.2
2023-01-06 13:00:00,5444.0,14.5
2023-01-06 14:00:00,5463.0,15.2
2023-01-06 15:00:00,5456.0,15.6
2023-01-06 16:00:00,5661.0,15.4
2023-01-06 17:00:00,6018.0,14.6
2023-01-06 18:00:00,6153.0,12.9
2023-01-06 19:00:00,6246.0,12.6
2023-01-06 20:00:00,6165.0,12.5
2023-01-06 21:00:00,6112.0,10.1
2023-01-06 22:00:00,5752.0,9.7
2023-01-06 23:00:00,5173.0,7.7
2023-01-07 00:00:00,4879.0,6.7
2023-01-07 01:00:00,4281.0,6.1
2023-01-07 02:00:00,3925.0,6.0
2023-01-07 03:00:00,3737.0,5.1
2023-01-07 04:00:00,3619.0,4.4
2023-01-07 05:00:00,3604.0,4.5
2023-01-07 06:00:00,3757.0,4.5
2023-01-07 07:00:00,4079.0,4.0
2023-01-07 08:00:00,4844.0,3.9
2023-01-07 09:00:00,5596.0,5.8
2023-01-07 10:00:00,5702.0,8.5
2023-01-07 11:00:00,5745.0,13.1
2023-01-07 12:00:00,5309.0,16.5
2023-01-07 13:00:00,5083.0,18.1
2023-01-07 14:00:00,5009.0,19.2
2023-01-07 15:00:00,5040.0,19.9
2023-01-07 16:00:00,5261.0,19.8
2023-01-07 17:00:00,5685.0,19.2
2023-01-07 18:00:00,5874.0,17.2
2023-01-07 19:00:00,5993.0,15.7
2023-01-07 20:00:00,5884.0,15.2
2023-01-07 21:00:00,5806.0,12.9
2023-01-07 22:00:00,5501.0,11.0
2023-01-07 23:00:00,4961.0,10.6
2023-01-08 00:00:00,4680.0,10.6
2023-01-08 01:00:00,4092.0,9.5
2023-01-08 02:00:00,3733.0,8.9
2023-01-08 03:00:00,3553.0,8.9
2023-01-08 04:00:00,3505.0,7.9
2023-01-08 05:00:00,3444.0,7.6
2023-01-08 06:00:00,3639.0,7.9
2023-01-08 07:00:00,3910.0,6.3
2023-01-08 08:00:00,4523.0,6.4
2023-01-08 09:00:00,5221.0,8.8
2023-01-08 10:00:00,5280.0,11.0
2023-01-08 11:00:00,5395.0,15.4
2023-01-08 12:00:00,4999.0,18.7
2023-01-08 13:00:00,4818.0,20.2
2023-01-08 14:00:00,4757.0,21.1
2023-01-08 15:00:00,4745.0,22.0
2023-01-08 16:00:00,4950.0,22.2
2023-01-08 17:00:00,5402.0,20.9
2023-01-08 18:00:00,5574.0,19.0
2023-01-08 19:00:00,5755.0,16.5
2023-01-08 20:00:00,5592.0,15.7
2023-01-08 21:00:00,5545.0,14.6
2023-01-08 22:00:00,5232.0,13.8
2023-01-08 23:00:00,4717.0,13.5
2023-01-09 00:00:00,4403.0,13.3
2023-01-09 01:00:00,3827.0,12.4
2023-01-09 02:00:00,3546.0,11.0
2023-01-09 03:00:00,3367.0,10.5
2023-01-09 04:00:00,3288.0,10.8
2023-01-09 05:00:00,3286.0,9.6
2023-01-09 06:00:00,3491.0,7.7
2023-01-09 07:00:00,3854.0,7.8
2023-01-09 08:00:00,4620.0,9.0
2023-01-09 09:00:00,5444.0,10.4
2023-01-09 10:00:00,5652.0,13.7
2023-01-09 11:00:00,5810.0,15.0
2023-01-09 12:00:00,5440.0,16.6
2023-01-09 13:00:00,5256.0,16.7
2023-01-09 14:00:00,5221.0,17.0
2023-01-09 15:00:00,5091.0,17.8
2023-01-09 16:00:00,5242.0,17.7
2023-01-09 17:00:00,5630.0,17.1
2023-01-09 18:00:00,5673.0,15.5
2023-01-09 19:00:00,5815.0,14.5
2023-01-09 20:00:00,5664.0,14.3
2023-01-09 21:00:00,5585.0,13.5
2023-01-09 22:00:00,5269.0,12.5
2023-01-09 23:00:00,4702.0,11.8
2023-01-10 00:00:00,4436.0,10.9
2023-01-10 01:00:00,3894.0,10.6
2023-01-10 02:00:00,3591.0,9.5
2023-01-10 03:00:00,3416.0,9.3
2023-01-10 04:00:00,3344.0,9.0
2023-01-10 05:00:00,3321.0,9.0
2023-01-10 06:00:00,3530.0,7.9
2023-01-10 07:00:00,3869.0,6.9
2023-01-10 08:00:00,4661.0,6.6
2023-01-10 09:00:00,5532.0,7.7
2023-01-10 10:00:00,5701.0,9.6
2023-01-10 11:00:00,5859.0,10.3
2023-01-10 12:00:00,5475.0,11.7
2023-01-10 13:00:00,5189.0,13.1
2023-01-10 14:00:00,5214.0,13.9
2023-01-10 15:00:00,5153.0,14.7
2023-01-10 16:00:00,5347.0,14.3
2023-01-10 17:00:00,5721.0,13.2
2023-01-10 18:00:00,5848.0,11.5
2023-01-10 19:00:00,5942.0,10.2
2023-01-10 20:00:00,5886.0,10.0
2023-01-10 21:00:00,5815.0,9.1
2023-01-10 22:00:00,5488.0,8.9
2023-01-10 23:00:00,4887.0,8.3
2023-01-11 00:00:00,4604.0,7.5
2023-01-11 01:00:00,4043.0,7.5
2023-01-11 02:00:00,3690.0,7.2
2023-01-11 03:00:00,3495.0,7.0
2023-01-11 04:00:00,3404.0,6.3
2023-01-11 05:00:00,3385.0,5.1
2023-01-11 06:00:00,3578.0,5.7
2023-01-11 07:00:00,3940.0,6.1
2023-01-11 08:00:00,4759.0,5.7
2023-01-11 09:00:00,5458.0,7.1
2023-01-11 10:00:00,5591.0,9.3
2023-01-11 11:00:00,5624.0,12.1
2023-01-11 12:00:00,5226.0,14.6
2023-01-11 13:00:00,4981.0,16.3
2023-01-11 14:00:00,4980.0,18.2
2023-01-11 15:00:00,4911.0,18.5
2023-01-11 16:00:00,5086.0,18.3
2023-01-11 17:00:00,5541.0,17.7
2023-01-11 18:00:00,5516.0,16.2
2023-01-11 19:00:00,5687.0,15.6
2023-01-11 20:00:00,5585.0,15.0
2023-01-11 21:00:00,5514.0,15.1
2023-01-11 22:00:00,5201.0,15.2
2023-01-11 23:00:00,4661.0,15.2
2023-01-12 00:00:00,4372.0,15.0
2023-01-12 01:00:00,3811.0,14.6
2023-01-12 02:00:00,3478.0,13.9
2023-01-12 03:00:00,3283.0,13.9
2023-01-12 04:00:00,3198.0,14.2
2023-01-12 05:00:00,3185.0,13.7
2023-01-12 06:00:00,3370.0,13.1
2023-01-12 07:00:00,3683.0,12.9
2023-01-12 08:00:00,4429.0,13.1
2023-01-12 09:00:00,5118.0,13.7
2023-01-12 10:00:00,5221.0,14.9
2023-01-12 11:00:00,5396.0,16.9
2023-01-12 12:00:00,5101.0,18.4
2023-01-12 13:00:00,4989.0,17.4
2023-01-12 14:00:00,4957.0,17.9
2023-01-12 15:00:00,4949.0,18.1
2023-01-12 16:00:00,5078.0,18.0
2023-01-12 17:00:00,5406.0,17.7
2023-01-12 18:00:00,5412.0,17.2
2023-01-12 19:00:00,5546.0,16.9
2023-01-12 20:00:00,5376.0,16.5
2023-01-12 21:00:00,5342.0,15.9
2023-01-12 22:00:00,5045.0,15.2
2023-01-12 23:00:00,4516.0,15.1
2023-01-13 00:00:00,4279.0,14.5
2023-01-13 01:00:00,3771.0,14.4
2023-01-13 02:00:00,3446.0,14.1
2023-01-13 03:00:00,3228.0,14.4
2023-01-13 04:00:00,3190.0,13.9
2023-01-13 05:00:00,3157.0,14.1
2023-01-13 06:00:00,3328.0,14.1
2023-01-13 07:00:00,3663.0,13.1
2023-01-13 08:00:00,4362.0,13.3
2023-01-13 09:00:00,4889.0,15.3
2023-01-13 10:00:00,4970.0,18.3
2023-01-13 11:00:00,5088.0,21.3
2023-01-13 12:00:00,4849.0,22.6
2023-01-13 13:00:00,4719.0,21.8
2023-01-13 14:00:00,4698.0,22.8
2023-01-13 15:00:00,4655.0,22.1
2023-01-13 16:00:00,4930.0,19.1
2023-01-13 17:00:00,5451.0,15.1
2023-01-13 18:00:00,5385.0,14.4
2023-01-13 19:00:00,5517.0,12.9
2023-01-13 20:00:00,5409.0,12.0
2023-01-13 21:00:00,5340.0,11.1
2023-01-13 22:00:00,5118.0,10.4
2023-01-13 23:00:00,4605.0,9.8
2023-01-14 00:00:00,4440.0,9.0
2023-01-14 01:00:00,3821.0,8.9
2023-01-14 02:00:00,3525.0,9.0
2023-01-14 03:00:00,3329.0,8.7
2023-01-14 04:00:00,3248.0,8.8
2023-01-14 05:00:00,3167.0,8.7
2023-01-14 06:00:00,3307.0,8.5
2023-01-14 07:00:00,3481.0,8.5
2023-01-14 08:00:00,4121.0,8.5
2023-01-14 09:00:00,4962.0,8.4
2023-01-14 10:00:00,5352.0,8.3
2023-01-14 11:00:00,5661.0,7.8
2023-01-14 12:00:00,5525.0,7.4
2023-01-14 13:00:00,5394.0,6.9
2023-01-14 14:00:00,5336.0,6.4
2023-01-14 15:00:00,5341.0,6.2
2023-01-14 16:00:00,5558.0,5.2
2023-01-14 17:00:00,5996.0,4.6
2023-01-14 18:00:00,5981.0,4.0
2023-01-14 19:00:00,5978.0,3.2
2023-01-14 20:00:00,5858.0,2.6
2023-01-14 21:00:00,5817.0,2.2
2023-01-14 22:00:00,5537.0,1.9
2023-01-14 23:00:00,5031.0,1.4
2023-01-15 00:00:00,4814.0,1.2
2023-01-15 01:00:00,4253.0,0.7
2023-01-15 02:00:00,3870.0,0.5
2023-01-15 03:00:00,3639.0,0.3
2023-01-15 04:00:00,3491.0,0.1
2023-01-15 05:00:00,3447.0,-0.4
2023-01-15 06:00:00,3608.0,-0.6
2023-01-15 07:00:00,3845.0,-0.8
2023-01-15 08:00:00,4556.0,-0.8
2023-01-15 09:00:00,5546.0,-0.7
2023-01-15 10:00:00,6039.0,-0.5
2023-01-15 11:00:00,6433.0,-0.3
2023-01-15 12:00:00,6330.0,-0.4
2023-01-15 13:00:00,6098.0,-0.4
2023-01-15 14:00:00,6016.0,-0.1
2023-01-15 15:00:00,5952.0,-0.4
2023-01-15 16:00:00,6167.0,-0.9
2023-01-15 17:00:00,6558.0,-1.0
2023-01-15 18:00:00,6523.0,-0.8
2023-01-15 19:00:00,6467.0,-0.7
2023-01-15 20:00:00,6384.0,-0.6
2023-01-15 21:00:00,6367.0,-0.7
2023-01-15 22:00:00,6084.0,-0.7
2023-01-15 23:00:00,5514.0,-0.7
2023-01-16 00:00:00,5115.0,-0.9
2023-01-16 01:00:00,4410.0,-1.1
2023-01-16 02:00:00,3978.0,-1.1
2023-01-16 03:00:00,3716.0,-1.2
2023-01-16 04:00:00,3594.0,-1.3
2023-01-16 05:00:00,3477.0,-2.0
2023-01-16 06:00:00,3659.0,-2.4
2023-01-16 07:00:00,3936.0,-2.5
2023-01-16 08:00:00,4788.0,-2.2
2023-01-16 09:00:00,5875.0,-1.3
2023-01-16 10:00:00,6332.0,-0.2
2023-01-16 11:00:00,6637.0,0.6
2023-01-16 12:00:00,6627.0,0.9
2023-01-16 13:00:00,6451.0,1.0
2023-01-16 14:00:00,6296.0,1.3
2023-01-16 15:00:00,6213.0,1.3
2023-01-16 16:00:00,6260.0,1.6
2023-01-16 17:00:00,6690.0,1.5
2023-01-16 18:00:00,6625.0,1.3
2023-01-16 19:00:00,6584.0,1.2
2023-01-16 20:00:00,6463.0,1.1
2023-01-16 21:00:00,6447.0,0.9
2023-01-16 22:00:00,6143.0,0.8
2023-01-16 23:00:00,5512.0,0.8
2023-01-17 00:00:00,5121.0,0.7
2023-01-17 01:00:00,4370.0,0.8
2023-01-17 02:00:00,3934.0,0.7
2023-01-17 03:00:00,3654.0,0.7
2023-01-17 04:00:00,3520.0,0.8
2023-01-17 05:00:00,3431.0,0.7
2023-01-17 06:00:00,3576.0,0.7
2023-01-17 07:00:00,3838.0,0.8
2023-01-17 08:00:00,4649.0,0.9
2023-01-17 09:00:00,5636.0,1.2
2023-01-17 10:00:00,6045.0,1.9
2023-01-17 11:00:00,6321.0,2.5
2023-01-17 12:00:00,6172.0,3.4
2023-01-17 13:00:00,5914.0,4.0
2023-01-17 14:00:00,5539.0,5.4
2023-01-17 15:00:00,5347.0,6.1
2023-01-17 16:00:00,5386.0,6.2
2023-01-17 17:00:00,5734.0,5.8
2023-01-17 18:00:00,5896.0,4.5
2023-01-17 19:00:00,6072.0,3.9
2023-01-17 20:00:00,6007.0,3.0
2023-01-17 21:00:00,5987.0,2.6
2023-01-17 22:00:00,5753.0,2.0
2023-01-17 23:00:00,5202.0,1.8
2023-01-18 00:00:00,4871.0,0.3
2023-01-18 01:00:00,4162.0,0.1
2023-01-18 02:00:00,3700.0,-1.2
2023-01-18 03:00:00,3434.0,-1.7
2023-01-18 04:00:00,3304.0,-1.3
2023-01-18 05:00:00,3261.0,-1.8
2023-01-18 06:00:00,3374.0,-2.0
2023-01-18 07:00:00,3631.0,-1.6
2023-01-18 08:00:00,4430.0,-1.7
2023-01-18 09:00:00,5147.0,0.2
2023-01-18 10:00:00,5233.0,2.4
2023-01-18 11:00:00,5268.0,4.3
2023-01-18 12:00:00,5034.0,7.0
2023-01-18 13:00:00,4740.0,8.3
2023-01-18 14:00:00,4565.0,8.8
2023-01-18 15:00:00,4447.0,9.5
2023-01-18 16:00:00,4642.0,9.7
2023-01-18 17:00:00,5125.0,9.0
2023-01-18 18:00:00,5313.0,8.0
2023-01-18 19:00:00,5317.0,7.6
2023-01-18 20:00:00,5331.0,7.2
2023-01-18 21:00:00,5296.0,7.0
2023-01-18 22:00:00,5129.0,6.4
2023-01-18 23:00:00,4538.0,6.1
2023-01-19 00:00:00,4209.0,6.1
2023-01-19 01:00:00,3536.0,6.2
2023-01-19 02:00:00,3135.0,6.0
2023-01-19 03:00:00,2935.0,5.8
2023-01-19 04:00:00,2767.0,5.9
2023-01-19 05:00:00,2734.0,5.6
2023-01-19 06:00:00,2840.0,5.2
2023-01-19 07:00:00,3073.0,5.2
2023-01-19 08:00:00,3732.0,5.2
2023-01-19 09:00:00,4418.0,5.7
2023-01-19 10:00:00,4634.0,6.5
2023-01-19 11:00:00,4818.0,7.5
2023-01-19 12:00:00,4747.0,8.2
2023-01-19 13:00:00,4412.0,9.3
2023-01-19 14:00:00,3993.0,10.4
2023-01-19 15:00:00,3881.0,11.5
2023-01-19 16:00:00,3984.0,11.1
2023-01-19 17:00:00,4398.0,10.9
2023-01-19 18:00:00,4584.0,9.6
2023-01-19 19:00:00,4747.0,8.7
2023-01-19 20:00:00,4723.0,7.7
2023-01-19 21:00:00,4740.0,6.1
2023-01-19 22:00:00,4560.0,5.6
2023-01-19 23:00:00,4102.0,5.0
2023-01-20 00:00:00,3831.0,3.3
2023-01-20 01:00:00,3216.0,3.5
2023-01-20 02:00:00,2806.0,3.4
2023-01-20 03:00:00,2604.0,2.7
2023-01-20 04:00:00,2472.0,2.5
2023-01-20 05:00:00,2461.0,2.2
2023-01-20 06:00:00,2560.0,1.9
2023-01-20 07:00:00,2795.0,0.7
2023-01-20 08:00:00,3462.0,1.2
2023-01-20 09:00:00,4007.0,3.4
2023-01-20 10:00:00,4230.0,4.8
2023-01-20 11:00:00,4371.0,5.8
2023-01-20 12:00:00,4332.0,7.3
2023-01-20 13:00:00,4124.0,8.3
2023-01-20 14:00:00,4022.0,9.1
2023-01-20 15:00:00,3959.0,9.3
2023-01-20 16:00:00,4028.0,9.4
2023-01-20 17:00:00,4422.0,8.7
2023-01-20 18:00:00,4495.0,8.1
2023-01-20 19:00:00,4522.0,7.8
2023-01-20 20:00:00,4498.0,7.5
2023-01-20 21:00:00,4486.0,7.3
2023-01-20 22:00:00,4286.0,7.1
2023-01-20 23:00:00,3809.0,6.9
2023-01-21 00:00:00,3524.0,6.8
2023-01-21 01:00:00,2923.0,6.7
2023-01-21 02:00:00,2542.0,6.3
2023-01-21 03:00:00,2344.0,6.3
2023-01-21 04:00:00,2268.0,6.3
2023-01-21 05:00:00,2220.0,5.9
2023-01-21 06:00:00,2321.0,5.9
2023-01-21 07:00:00,2488.0,5.9
2023-01-21 08:00:00,3082.0,6.0
2023-01-21 09:00:00,3775.0,6.7
2023-01-21 10:00:00,4051.0,6.9
2023-01-21 11:00:00,4288.0,7.2
2023-01-21 12:00:00,4035.0,7.9
2023-01-21 13:00:00,3917.0,7.9
2023-01-21 14:00:00,3904.0,8.3
2023-01-21 15:00:00,4023.0,8.0
2023-01-21 16:00:00,4195.0,8.0
2023-01-21 17:00:00,4303.0,7.7
2023-01-21 18:00:00,4168.0,7.4
2023-01-21 19:00:00,4270.0,7.1
2023-01-21 20:00:00,4297.0,7.0
2023-01-21 21:00:00,4184.0,6.9
2023-01-21 22:00:00,4081.0,6.8
2023-01-21 23:00:00,4059.0,6.5
2023-01-22 00:00:00,3931.0,6.3
2023-01-22 01:00:00,3180.0,6.1
2023-01-22 02:00:00,2613.0,5.5
2023-01-22 03:00:00,2338.0,4.9
2023-01-22 04:00:00,2232.0,4.9
2023-01-22 05:00:00,2189.0,4.8
2023-01-22 06:00:00,2270.0,4.6
2023-01-22 07:00:00,2526.0,4.6
2023-01-22 08:00:00,2989.0,4.7
2023-01-22 09:00:00,3511.0,4.9
2023-01-22 10:00:00,3640.0,5.2
2023-01-22 11:00:00,3802.0,5.2
2023-01-22 12:00:00,3775.0,5.1
2023-01-22 13:00:00,3544.0,5.2
2023-01-22 14:00:00,3391.0,5.4
2023-01-22 15:00:00,3427.0,5.4
2023-01-22 16:00:00,3490.0,5.3
2023-01-22 17:00:00,3817.0,5.3
2023-01-22 18:00:00,3892.0,5.2
2023-01-22 19:00:00,3943.0,5.2
2023-01-22 20:00:00,3931.0,5.2
2023-01-22 21:00:00,3895.0,5.2
2023-01-22 22:00:00,3719.0,5.2
2023-01-22 23:00:00,3415.0,5.2
2023-01-23 00:00:00,3221.0,5.0
2023-01-23 01:00:00,2751.0,5.0
2023-01-23 02:00:00,2413.0,5.0
2023-01-23 03:00:00,2247.0,5.0
2023-01-23 04:00:00,2169.0,4.9
2023-01-23 05:00:00,2155.0,4.9
2023-01-23 06:00:00,2208.0,4.9
2023-01-23 07:00:00,2326.0,4.8
2023-01-23 08:00:00,2769.0,4.7
2023-01-23 09:00:00,3416.0,5.0
2023-01-23 10:00:00,3706.0,5.2
2023-01-23 11:00:00,3853.0,5.5
2023-01-23 12:00:00,3661.0,5.9
2023-01-23 13:00:00,3415.0,5.7
2023-01-23 14:00:00,3456.0,5.9
2023-01-23 15:00:00,3420.0,6.1
2023-01-23 16:00:00,3547.0,6.1
2023-01-23 17:00:00,3794.0,6.2
2023-01-23 18:00:00,3810.0,6.0
2023-01-23 19:00:00,4027.0,6.0
2023-01-23 20:00:00,4020.0,6.1
2023-01-23 21:00:00,4080.0,6.3
2023-01-23 22:00:00,3962.0,6.3
2023-01-23 23:00:00,3652.0,6.3
2023-01-24 00:00:00,3436.0,6.3
2023-01-24 01:00:00,2907.0,6.2
2023-01-24 02:00:00,2538.0,6.1
2023-01-24 03:00:00,2345.0,5.5
2023-01-24 04:00:00,2248.0,4.7
2023-01-24 05:00:00,2214.0,4.3
2023-01-24 06:00:00,2262.0,3.1
2023-01-24 07:00:00,2444.0,2.3
2023-01-24 08:00:00,2999.0,1.8
2023-01-24 09:00:00,3427.0,3.4
2023-01-24 10:00:00,3451.0,5.2
2023-01-24 11:00:00,3535.0,6.7
2023-01-24 12:00:00,3241.0,7.0
2023-01-24 13:00:00,3007.0,7.0
2023-01-24 14:00:00,2955.0,7.9
2023-01-24 15:00:00,2987.0,7.8
2023-01-24 16:00:00,3210.0,7.4
2023-01-24 17:00:00,3688.0,6.3
2023-01-24 18:00:00,3808.0,4.7
2023-01-24 19:00:00,4180.0,3.4
2023-01-24 20:00:00,4279.0,2.6
2023-01-24 21:00:00,4396.0,1.7
2023-01-24 22:00:00,4227.0,0.9
2023-01-24 23:00:00,3944.0,0.1
2023-01-25 00:00:00,3742.0,0.2
2023-01-25 01:00:00,3206.0,-0.3
2023-01-25 02:00:00,2785.0,-0.9
2023-01-25 03:00:00,2600.0,-1.5
2023-01-25 04:00:00,2509.0,-2.0
2023-01-25 05:00:00,2452.0,-2.4
2023-01-25 06:00:00,2521.0,-2.8
2023-01-25 07:00:00,2679.0,-2.6
2023-01-25 08:00:00,3217.0,-2.1
2023-01-25 09:00:00,3793.0,-0.2
2023-01-25 10:00:00,3815.0,2.0
2023-01-25 11:00:00,3813.0,4.0
2023-01-25 12:00:00,3559.0,5.4
2023-01-25 13:00:00,3292.0,6.1
2023-01-25 14:00:00,3284.0,7.0
2023-01-25 15:00:00,3293.0,8.2
2023-01-25 16:00:00,3491.0,8.5
2023-01-25 17:00:00,4061.0,7.5
2023-01-25 18:00:00,4193.0,7.2
2023-01-25 19:00:00,4445.0,7.1
2023-01-25 20:00:00,4484.0,6.9
2023-01-25 21:00:00,4527.0,6.7
2023-01-25 22:00:00,4339.0,6.1
2023-01-25 23:00:00,4003.0,6.1
2023-01-26 00:00:00,3771.0,5.8
2023-01-26 01:00:00,3184.0,5.4
2023-01-26 02:00:00,2791.0,5.4
2023-01-26 03:00:00,2590.0,5.3
2023-01-26 04:00:00,2474.0,5.1
2023-01-26 05:00:00,2418.0,4.8
2023-01-26 06:00:00,2498.0,4.8
2023-01-26 07:00:00,2639.0,4.6
2023-01-26 08:00:00,3105.0,4.5
2023-01-26 09:00:00,3826.0,4.9
2023-01-26 10:00:00,4092.0,5.6
2023-01-26 11:00:00,4369.0,6.4
2023-01-26 12:00:00,4191.0,6.9
2023-01-26 13:00:00,4085.0,7.4
2023-01-26 14:00:00,4013.0,7.7
2023-01-26 15:00:00,4004.0,7.6
2023-01-26 16:00:00,4186.0,7.5
2023-01-26 17:00:00,4567.0,7.0
2023-01-26 18:00:00,4614.0,6.7
2023-01-26 19:00:00,4712.0,6.5
2023-01-26 20:00:00,4764.0,6.5
2023-01-26 21:00:00,4782.0,6.2
2023-01-26 22:00:00,4567.0,5.9
2023-01-26 23:00:00,4198.0,5.4
2023-01-27 00:00:00,3940.0,5.1
2023-01-27 01:00:00,3358.0,4.8
2023-01-27 02:00:00,2914.0,4.6
2023-01-27 03:00:00,2693.0,4.4
2023-01-27 04:00:00,2595.0,4.2
2023-01-27 05:00:00,2578.0,3.1
2023-01-27 06:00:00,2678.0,2.0
2023-01-27 07:00:00,2777.0,1.1
2023-01-27 08:00:00,3437.0,1.6
2023-01-27 09:00:00,4082.0,3.4
2023-01-27 10:00:00,4208.0,5.7
2023-01-27 11:00:00,4324.0,7.5
2023-01-27 12:00:00,4075.0,9.2
2023-01-27 13:00:00,3828.0,10.7
2023-01-27 14:00:00,3695.0,10.9
2023-01-27 15:00:00,3802.0,10.9
2023-01-27 16:00:00,3979.0,10.6
2023-01-27 17:00:00,4549.0,9.6
2023-01-27 18:00:00,4690.0,8.0
2023-01-27 19:00:00,5039.0,6.3
2023-01-27 20:00:00,5090.0,5.6
2023-01-27 21:00:00,5150.0,4.9
2023-01-27 22:00:00,5010.0,3.2
2023-01-27 23:00:00,4549.0,3.2
2023-01-28 00:00:00,4261.0,2.6
2023-01-28 01:00:00,3603.0,1.8
2023-01-28 02:00:00,3167.0,1.5
2023-01-28 03:00:00,2916.0,1.0
2023-01-28 04:00:00,2856.0,0.0
2023-01-28 05:00:00,2750.0,0.0
2023-01-28 06:00:00,2860.0,-0.4
2023-01-28 07:00:00,3161.0,-1.7
2023-01-28 08:00:00,3952.0,-0.9
2023-01-28 09:00:00,4800.0,1.2
2023-01-28 10:00:00,4929.0,3.9
2023-01-28 11:00:00,5036.0,6.9
2023-01-28 12:00:00,4767.0,8.5
2023-01-28 13:00:00,4531.0,9.6
2023-01-28 14:00:00,4343.0,10.5
2023-01-28 15:00:00,4389.0,11.5
2023-01-28 16:00:00,4569.0,10.8
2023-01-28 17:00:00,5057.0,10.6
2023-01-28 18:00:00,5068.0,8.8
2023-01-28 19:00:00,5484.0,7.8
2023-01-28 20:00:00,5502.0,7.2
2023-01-28 21:00:00,5557.0,6.1
2023-01-28 22:00:00,5331.0,5.0
2023-01-28 23:00:00,4798.0,4.4
2023-01-29 00:00:00,4479.0,3.5
2023-01-29 01:00:00,3813.0,3.0
2023-01-29 02:00:00,3351.0,1.4
2023-01-29 03:00:00,3126.0,-0.5
2023-01-29 04:00:00,2962.0,-0.6
2023-01-29 05:00:00,2958.0,-0.8
2023-01-29 06:00:00,3096.0,-1.6
2023-01-29 07:00:00,3408.0,-2.2
2023-01-29 08:00:00,4288.0,-1.5
2023-01-29 09:00:00,5198.0,2.3
2023-01-29 10:00:00,5426.0,5.5
2023-01-29 11:00:00,5531.0,7.9
2023-01-29 12:00:00,5198.0,10.2
2023-01-29 13:00:00,4859.0,11.7
2023-01-29 14:00:00,4739.0,12.7
2023-01-29 15:00:00,4717.0,14.6
2023-01-29 16:00:00,4840.0,14.5
2023-01-29 17:00:00,5342.0,14.3
2023-01-29 18:00:00,5406.0,12.7
2023-01-29 19:00:00,5701.0,11.8
2023-01-29 20:00:00,5746.0,11.5
2023-01-29 21:00:00,5830.0,10.7
2023-01-29 22:00:00,5645.0,6.0
2023-01-29 23:00:00,5025.0,5.0
2023-01-30 00:00:00,4707.0,3.4
2023-01-30 01:00:00,4059.0,2.7
2023-01-30 02:00:00,3589.0,1.3
2023-01-30 03:00:00,3288.0,1.8
2023-01-30 04:00:00,3165.0,2.6
2023-01-30 05:00:00,3148.0,1.3
2023-01-30 06:00:00,3275.0,0.2
2023-01-30 07:00:00,3660.0,-0.5
2023-01-30 08:00:00,4530.0,0.6
2023-01-30 09:00:00,5477.0,3.3
2023-01-30 10:00:00,5592.0,6.9
2023-01-30 11:00:00,5682.0,11.3
2023-01-30 12:00:00,5297.0,14.5
2023-01-30 13:00:00,5012.0,16.5
2023-01-30 14:00:00,4880.0,17.1
2023-01-30 15:00:00,4823.0,17.6
2023-01-30 16:00:00,5003.0,18.1
2023-01-30 17:00:00,5443.0,17.6
2023-01-30 18:00:00,5444.0,15.5
2023-01-30 19:00:00,5721.0,14.0
2023-01-30 20:00:00,5757.0,12.5
2023-01-30 21:00:00,5809.0,11.8
2023-01-30 22:00:00,5595.0,9.9
2023-01-30 23:00:00,4984.0,9.6
2023-01-31 00:00:00,4617.0,8.3
2023-01-31 01:00:00,3931.0,7.6
2023-01-31 02:00:00,3510.0,7.6
2023-01-31 03:00:00,3266.0,7.5
2023-01-31 04:00:00,3210.0,6.8
2023-01-31 05:00:00,3127.0,6.8
2023-01-31 06:00:00,3283.0,6.2
2023-01-31 07:00:00,3607.0,5.7
2023-01-31 08:00:00,4531.0,6.9
2023-01-31 09:00:00,5288.0,10.8
2023-01-31 10:00:00,5341.0,14.5
2023-01-31 11:00:00,5443.0,17.2
2023-01-31 12:00:00,5037.0,18.7
2023-01-31 13:00:00,4711.0,20.3
2023-01-31 14:00:00,4639.0,20.9
2023-01-31 15:00:00,4603.0,21.6
2023-01-31 16:00:00,4799.0,21.4
2023-01-31 17:00:00,5195.0,21.2
2023-01-31 18:00:00,5216.0,19.5
2023-01-31 19:00:00,5513.0,18.0
2023-01-31 20:00:00,5446.0,17.0
2023-01-31 21:00:00,5548.0,16.0
2023-01-31 22:00:00,5302.0,13.4
2023-01-31 23:00:00,4736.0,12.6
2023-02-01 00:00:00,4409.0,11.9
2023-02-01 01:00:00,3741.0,11.9
2023-02-01 02:00:00,3378.0,12.1
2023-02-01 03:00:00,3182.0,11.3
2023-02-01 04:00:00,3086.0,10.6
2023-02-01 05:00:00,3032.0,10.3
2023-02-01 06:00:00,3216.0,10.0
2023-02-01 07:00:00,3529.0,10.8
2023-02-01 08:00:00,4378.0,10.3
2023-02-01 09:00:00,5265.0,11.6
2023-02-01 10:00:00,5542.0,12.4
2023-02-01 11:00:00,5852.0,13.1
2023-02-01 12:00:00,5622.0,12.8
2023-02-01 13:00:00,5520.0,12.3
2023-02-01 14:00:00,5405.0,12.7
2023-02-01 15:00:00,5431.0,13.2
2023-02-01 16:00:00,5644.0,12.9
2023-02-01 17:00:00,6034.0,12.7
2023-02-01 18:00:00,5891.0,12.3
2023-02-01 19:00:00,5926.0,11.9
2023-02-01 20:00:00,5812.0,11.7
2023-02-01 21:00:00,5773.0,11.5
2023-02-01 22:00:00,5497.0,11.2
2023-02-01 23:00:00,4938.0,11.2
2023-02-02 00:00:00,4568.0,11.2
2023-02-02 01:00:00,3940.0,10.8
2023-02-02 02:00:00,3577.0,10.5
2023-02-02 03:00:00,3352.0,10.2
2023-02-02 04:00:00,3265.0,9.6
2023-02-02 05:00:00,3228.0,9.1
2023-02-02 06:00:00,3373.0,8.8
2023-02-02 07:00:00,3728.0,8.5
2023-02-02 08:00:00,4620.0,8.0
2023-02-02 09:00:00,5809.0,7.5
2023-02-02 10:00:00,6272.0,7.5
2023-02-02 11:00:00,6647.0,7.6
2023-02-02 12:00:00,6477.0,7.1
2023-02-02 13:00:00,6326.0,6.7
2023-02-02 14:00:00,6281.0,6.7
2023-02-02 15:00:00,6361.0,6.3
2023-02-02 16:00:00,6591.0,5.1
2023-02-02 17:00:00,7048.0,4.1
2023-02-02 18:00:00,6822.0,3.4
2023-02-02 19:00:00,6854.0,2.9
2023-02-02 20:00:00,6814.0,2.7
2023-02-02 21:00:00,6627.0,2.5
2023-02-02 22:00:00,6253.0,2.4
2023-02-02 23:00:00,5596.0,2.5
2023-02-03 00:00:00,5205.0,2.7
2023-02-03 01:00:00,4478.0,3.1
2023-02-03 02:00:00,4090.0,2.9
2023-02-03 03:00:00,3789.0,2.9
2023-02-03 04:00:00,3668.0,2.9
2023-02-03 05:00:00,3621.0,2.8
2023-02-03 06:00:00,3748.0,2.9
2023-02-03 07:00:00,4142.0,2.5
2023-02-03 08:00:00,5113.0,2.7
2023-02-03 09:00:00,6355.0,2.9
2023-02-03 10:00:00,6897.0,3.3
2023-02-03 11:00:00,7296.0,3.6
2023-02-03 12:00:00,7056.0,3.5
2023-02-03 13:00:00,7073.0,3.2
2023-02-03 14:00:00,6962.0,3.1
2023-02-03 15:00:00,7013.0,3.0
2023-02-03 16:00:00,7180.0,3.0
2023-02-03 17:00:00,7569.0,2.8
2023-02-03 18:00:00,7235.0,2.7
2023-02-03 19:00:00,7268.0,2.9
2023-02-03 20:00:00,7042.0,3.0
2023-02-03 21:00:00,7008.0,3.1
2023-02-03 22:00:00,6595.0,3.0
2023-02-03 23:00:00,5901.0,3.1
2023-02-04 00:00:00,5489.0,2.8
2023-02-04 01:00:00,4758.0,2.8
2023-02-04 02:00:00,4293.0,2.9
2023-02-04 03:00:00,4008.0,3.1
2023-02-04 04:00:00,3831.0,3.1
2023-02-04 05:00:00,3786.0,3.2
2023-02-04 06:00:00,3853.0,3.4
2023-02-04 07:00:00,4156.0,3.4
2023-02-04 08:00:00,5048.0,3.5
2023-02-04 09:00:00,6142.0,3.7
2023-02-04 10:00:00,6592.0,3.9
2023-02-04 11:00:00,7003.0,4.3
2023-02-04 12:00:00,6892.0,4.3
2023-02-04 13:00:00,6800.0,4.5
2023-02-04 14:00:00,6661.0,4.5
2023-02-04 15:00:00,6711.0,4.8
2023-02-04 16:00:00,6791.0,4.7
2023-02-04 17:00:00,7234.0,4.7
2023-02-04 18:00:00,7073.0,4.8
2023-02-04 19:00:00,6950.0,4.8
2023-02-04 20:00:00,6853.0,4.6
2023-02-04 21:00:00,6814.0,4.6
2023-02-04 22:00:00,6446.0,4.5
2023-02-04 23:00:00,5812.0,4.6
2023-02-05 00:00:00,5444.0,4.7
2023-02-05 01:00:00,4677.0,4.7
2023-02-05 02:00:00,4204.0,4.7
2023-02-05 03:00:00,3925.0,4.6
2023-02-05 04:00:00,3769.0,4.6
2023-02-05 05:00:00,3669.0,4.6
2023-02-05 06:00:00,3791.0,4.6
2023-02-05 07:00:00,3945.0,4.8
2023-02-05 08:00:00,4632.0,4.9
2023-02-05 09:00:00,5722.0,4.8
2023-02-05 10:00:00,6319.0,5.0
2023-02-05 11:00:00,6623.0,5.4
2023-02-05 12:00:00,6475.0,5.9
2023-02-05 13:00:00,6307.0,6.0
2023-02-05 14:00:00,6243.0,6.1
2023-02-05 15:00:00,6219.0,6.2
2023-02-05 16:00:00,6422.0,6.4
2023-02-05 17:00:00,6832.0,6.5
2023-02-05 18:00:00,6662.0,6.4
2023-02-05 19:00:00,6716.0,6.3
2023-02-05 20:00:00,6730.0,6.4
2023-02-05 21:00:00,6801.0,6.4
2023-02-05 22:00:00,6360.0,6.4
2023-02-05 23:00:00,5626.0,6.4
2023-02-06 00:00:00,5176.0,6.4
2023-02-06 01:00:00,4444.0,6.4
2023-02-06 02:00:00,4008.0,6.4
2023-02-06 03:00:00,3733.0,6.2
2023-02-06 04:00:00,3629.0,6.1
2023-02-06 05:00:00,3549.0,6.0
2023-02-06 06:00:00,3798.0,6.2
2023-02-06 07:00:00,4491.0,6.3
2023-02-06 08:00:00,5295.0,6.3
2023-02-06 09:00:00,6457.0,6.6
2023-02-06 10:00:00,6909.0,6.9
2023-02-06 11:00:00,7216.0,7.2
2023-02-06 12:00:00,6985.0,7.4
2023-02-06 13:00:00,6812.0,7.6
2023-02-06 14:00:00,6816.0,7.5
2023-02-06 15:00:00,6822.0,7.5
2023-02-06 16:00:00,6952.0,7.5
2023-02-06 17:00:00,7271.0,7.4
2023-02-06 18:00:00,6976.0,7.3
2023-02-06 19:00:00,7167.0,7.3
2023-02-06 20:00:00,7036.0,7.3
2023-02-06 21:00:00,7020.0,7.3
2023-02-06 22:00:00,6547.0,7.3
2023-02-06 23:00:00,5784.0,7.3
2023-02-07 00:00:00,5378.0,7.2
2023-02-07 01:00:00,4597.0,7.2
2023-02-07 02:00:00,4212.0,7.3
2023-02-07 03:00:00,3950.0,7.3
2023-02-07 04:00:00,3835.0,7.4
2023-02-07 05:00:00,3797.0,7.4
2023-02-07 06:00:00,4020.0,7.4
2023-02-07 07:00:00,4623.0,7.4
2023-02-07 08:00:00,5383.0,7.5
2023-02-07 09:00:00,6412.0,7.7
2023-02-07 10:00:00,6867.0,8.1
2023-02-07 11:00:00,7161.0,8.3
2023-02-07 12:00:00,6992.0,8.4
2023-02-07 13:00:00,6897.0,8.2
2023-02-07 14:00:00,6796.0,8.2
2023-02-07 15:00:00,6716.0,8.6
2023-02-07 16:00:00,6806.0,8.9
2023-02-07 17:00:00,7069.0,9.2
2023-02-07 18:00:00,6976.0,9.0
2023-02-07 19:00:00,7056.0,8.7
2023-02-07 20:00:00,6978.0,8.6
2023-02-07 21:00:00,7009.0,8.5
2023-02-07 22:00:00,6528.0,8.6
2023-02-07 23:00:00,5740.0,8.5
2023-02-08 00:00:00,5361.0,8.5
2023-02-08 01:00:00,4608.0,8.5
2023-02-08 02:00:00,4160.0,8.5
2023-02-08 03:00:00,3961.0,8.5
2023-02-08 04:00:00,3851.0,8.5
2023-02-08 05:00:00,3782.0,8.5
2023-02-08 06:00:00,4003.0,8.6
2023-02-08 07:00:00,4592.0,8.6
2023-02-08 08:00:00,5391.0,8.6
2023-02-08 09:00:00,6495.0,8.8
2023-02-08 10:00:00,6926.0,9.0
2023-02-08 11:00:00,7100.0,9.5
2023-02-08 12:00:00,6792.0,9.9
2023-02-08 13:00:00,6643.0,10.0
2023-02-08 14:00:00,6659.0,10.0
2023-02-08 15:00:00,6646.0,9.8
2023-02-08 16:00:00,6823.0,9.5
2023-02-08 17:00:00,7141.0,9.5
2023-02-08 18:00:00,6940.0,9.5
2023-02-08 19:00:00,7027.0,9.5
2023-02-08 20:00:00,6991.0,9.4
2023-02-08 21:00:00,6975.0,9.5
2023-02-08 22:00:00,6479.0,9.5
2023-02-08 23:00:00,5671.0,9.4
2023-02-09 00:00:00,5288.0,9.4
2023-02-09 01:00:00,4582.0,9.4
2023-02-09 02:00:00,4197.0,9.4
2023-02-09 03:00:00,3961.0,9.2
2023-02-09 04:00:00,3783.0,9.3
2023-02-09 05:00:00,3739.0,9.2
2023-02-09 06:00:00,3970.0,8.9
2023-02-09 07:00:00,4654.0,8.5
2023-02-09 08:00:00,5417.0,8.2
2023-02-09 09:00:00,6564.0,7.9
2023-02-09 10:00:00,7018.0,7.5
2023-02-09 11:00:00,7319.0,7.3
2023-02-09 12:00:00,7006.0,7.3
2023-02-09 13:00:00,6913.0,7.0
2023-02-09 14:00:00,6876.0,7.0
2023-02-09 15:00:00,6872.0,7.0
2023-02-09 16:00:00,6960.0,7.0
2023-02-09 17:00:00,7258.0,6.9
2023-02-09 18:00:00,7075.0,6.8
2023-02-09 19:00:00,7248.0,6.6
2023-02-09 20:00:00,7121.0,6.7
2023-02-09 21:00:00,7098.0,6.7
2023-02-09 22:00:00,6619.0,6.7
2023-02-09 23:00:00,5838.0,6.6
2023-02-10 00:00:00,5435.0,6.6
2023-02-10 01:00:00,4725.0,6.6
2023-02-10 02:00:00,4313.0,6.5
2023-02-10 03:00:00,4031.0,6.3
2023-02-10 04:00:00,3915.0,6.1
2023-02-10 05:00:00,3867.0,6.0
2023-02-10 06:00:00,4056.0,5.9
2023-02-10 07:00:00,4737.0,5.9
2023-02-10 08:00:00,5542.0,6.0
2023-02-10 09:00:00,6667.0,6.2
2023-02-10 10:00:00,7144.0,6.1
2023-02-10 11:00:00,7419.0,6.4
2023-02-10 12:00:00,7037.0,6.6
2023-02-10 13:00:00,6842.0,6.8
2023-02-10 14:00:00,6848.0,6.9
2023-02-10 15:00:00,6846.0,7.1
2023-02-10 16:00:00,6920.0,6.8
2023-02-10 17:00:00,7297.0,6.8
2023-02-10 18:00:00,7114.0,6.7
2023-02-10 19:00:00,7170.0,6.7
2023-02-10 20:00:00,7049.0,6.7
2023-02-10 21:00:00,7006.0,6.6
2023-02-10 22:00:00,6686.0,6.6
2023-02-10 23:00:00,5996.0,6.5
2023-02-11 00:00:00,5639.0,6.5
2023-02-11 01:00:00,4884.0,6.5
2023-02-11 02:00:00,4432.0,6.5
2023-02-11 03:00:00,4127.0,6.4
2023-02-11 04:00:00,3991.0,6.3
2023-02-11 05:00:00,3889.0,6.4
2023-02-11 06:00:00,4041.0,6.3
2023-02-11 07:00:00,4287.0,6.3
2023-02-11 08:00:00,5073.0,6.4
2023-02-11 09:00:00,6240.0,6.6
2023-02-11 10:00:00,6701.0,6.7
2023-02-11 11:00:00,7042.0,7.1
2023-02-11 12:00:00,6826.0,7.3
2023-02-11 13:00:00,6655.0,7.6
2023-02-11 14:00:00,6587.0,7.6
2023-02-11 15:00:00,6614.0,7.7
2023-02-11 16:00:00,6748.0,7.9
2023-02-11 17:00:00,7119.0,7.9
2023-02-11 18:00:00,7048.0,7.8
2023-02-11 19:00:00,7022.0,7.8
2023-02-11 20:00:00,6912.0,7.8
2023-02-11 21:00:00,6868.0,7.8
2023-02-11 22:00:00,6540.0,7.7
2023-02-11 23:00:00,5939.0,7.7
2023-02-12 00:00:00,5554.0,7.7
2023-02-12 01:00:00,4797.0,7.8
2023-02-12 02:00:00,4329.0,7.7
2023-02-12 03:00:00,4033.0,7.7
2023-02-12 04:00:00,3875.0,7.8
2023-02-12 05:00:00,3813.0,7.7
2023-02-12 06:00:00,3886.0,7.7
2023-02-12 07:00:00,4102.0,7.6
2023-02-12 08:00:00,4798.0,7.6
2023-02-12 09:00:00,5962.0,7.7
2023-02-12 10:00:00,6456.0,8.0
2023-02-12 11:00:00,6900.0,8.0
2023-02-12 12:00:00,6706.0,8.0
2023-02-12 13:00:00,6539.0,8.3
2023-02-12 14:00:00,6506.0,8.0
2023-02-12 15:00:00,6471.0,8.0
2023-02-12 16:00:00,6670.0,8.0
2023-02-12 17:00:00,7156.0,7.7
2023-02-12 18:00:00,6999.0,7.6
2023-02-12 19:00:00,7058.0,7.5
2023-02-12 20:00:00,7044.0,7.4
2023-02-12 21:00:00,7010.0,7.3
2023-02-12 22:00:00,6517.0,7.2
2023-02-12 23:00:00,5748.0,7.2
2023-02-13 00:00:00,5264.0,7.1
2023-02-13 01:00:00,4604.0,7.1
2023-02-13 02:00:00,4183.0,7.0
2023-02-13 03:00:00,3931.0,6.7
2023-02-13 04:00:00,3802.0,6.6
2023-02-13 05:00:00,3762.0,6.5
2023-02-13 06:00:00,4028.0,6.3
2023-02-13 07:00:00,4711.0,6.1
2023-02-13 08:00:00,5583.0,5.8
2023-02-13 09:00:00,6856.0,5.6
2023-02-13 10:00:00,7344.0,5.5
2023-02-13 11:00:00,7670.0,5.4
2023-02-13 12:00:00,7448.0,5.1
2023-02-13 13:00:00,7368.0,4.9
2023-02-13 14:00:00,7283.0,4.9
2023-02-13 15:00:00,7279.0,4.5
2023-02-13 16:00:00,7423.0,4.3
2023-02-13 17:00:00,7786.0,4.2
2023-02-13 18:00:00,7575.0,4.3
2023-02-13 19:00:00,7661.0,4.3
2023-02-13 20:00:00,7561.0,4.2
2023-02-13 21:00:00,7525.0,4.1
2023-02-13 22:00:00,6984.0,4.0
2023-02-13 23:00:00,6194.0,3.9
2023-02-14 00:00:00,5720.0,3.8
2023-02-14 01:00:00,4957.0,3.8
2023-02-14 02:00:00,4530.0,3.7
2023-02-14 03:00:00,4255.0,3.6
2023-02-14 04:00:00,4136.0,3.5
2023-02-14 05:00:00,4086.0,3.4
2023-02-14 06:00:00,4315.0,3.4
2023-02-14 07:00:00,5009.0,3.5
2023-02-14 08:00:00,5866.0,3.5
2023-02-14 09:00:00,7105.0,3.5
2023-02-14 10:00:00,7486.0,3.8
2023-02-14 11:00:00,7688.0,4.9
2023-02-14 12:00:00,7338.0,5.5
2023-02-14 13:00:00,7242.0,6.2
2023-02-14 14:00:00,7216.0,5.7
2023-02-14 15:00:00,7147.0,5.9
2023-02-14 16:00:00,7287.0,6.3
2023-02-14 17:00:00,7600.0,5.8
2023-02-14 18:00:00,7348.0,5.3
2023-02-14 19:00:00,7629.0,4.7
2023-02-14 20:00:00,7559.0,3.8
2023-02-14 21:00:00,7615.0,3.6
2023-02-14 22:00:00,7233.0,3.4
2023-02-14 23:00:00,6435.0,3.3
2023-02-15 00:00:00,5947.0,2.3
2023-02-15 01:00:00,5167.0,2.1
2023-02-15 02:00:00,4728.0,1.5
2023-02-15 03:00:00,4472.0,1.6
2023-02-15 04:00:00,4298.0,0.8
2023-02-15 05:00:00,4253.0,0.5
2023-02-15 06:00:00,4458.0,0.3
2023-02-15 07:00:00,5221.0,0.0
2023-02-15 08:00:00,6004.0,0.1
2023-02-15 09:00:00,6911.0,2.5
2023-02-15 10:00:00,7091.0,5.3
2023-02-15 11:00:00,7043.0,7.2
2023-02-15 12:00:00,6516.0,9.2
2023-02-15 13:00:00,6343.0,10.4
2023-02-15 14:00:00,6310.0,11.2
2023-02-15 15:00:00,6247.0,11.0
2023-02-15 16:00:00,6344.0,11.2
2023-02-15 17:00:00,6773.0,10.9
2023-02-15 18:00:00,6827.0,9.5
2023-02-15 19:00:00,7316.0,8.0
2023-02-15 20:00:00,7301.0,6.9
2023-02-15 21:00:00,7405.0,6.4
2023-02-15 22:00:00,6994.0,5.7
2023-02-15 23:00:00,6161.0,5.3
2023-02-16 00:00:00,5744.0,5.0
2023-02-16 01:00:00,4904.0,5.0
2023-02-16 02:00:00,4511.0,5.1
2023-02-16 03:00:00,4264.0,4.7
2023-02-16 04:00:00,4094.0,4.5
2023-02-16 05:00:00,4063.0,4.5
2023-02-16 06:00:00,4305.0,4.6
2023-02-16 07:00:00,5055.0,4.7
2023-02-16 08:00:00,5834.0,5.0
2023-02-16 09:00:00,6687.0,6.4
2023-02-16 10:00:00,6970.0,8.7
2023-02-16 11:00:00,7161.0,9.3
2023-02-16 12:00:00,6761.0,10.0
2023-02-16 13:00:00,6807.0,10.6
2023-02-16 14:00:00,6765.0,9.9
2023-02-16 15:00:00,6720.0,10.0
2023-02-16 16:00:00,6875.0,10.0
2023-02-16 17:00:00,7236.0,9.8
2023-02-16 18:00:00,7114.0,9.3
2023-02-16 19:00:00,7304.0,8.9
2023-02-16 20:00:00,7244.0,8.7
2023-02-16 21:00:00,7167.0,8.5
2023-02-16 22:00:00,6798.0,8.3
2023-02-16 23:00:00,5992.0,8.1
2023-02-17 00:00:00,5524.0,8.0
2023-02-17 01:00:00,4814.0,8.0
2023-02-17 02:00:00,4419.0,8.0
2023-02-17 03:00:00,4157.0,7.8
2023-02-17 04:00:00,4022.0,7.6
2023-02-17 05:00:00,3968.0,7.7
2023-02-17 06:00:00,4203.0,7.6
2023-02-17 07:00:00,4896.0,7.6
2023-02-17 08:00:00,5637.0,7.8
2023-02-17 09:00:00,6606.0,8.2
2023-02-17 10:00:00,6896.0,8.8
2023-02-17 11:00:00,7086.0,9.8
2023-02-17 12:00:00,6665.0,11.5
2023-02-17 13:00:00,6475.0,12.1
2023-02-17 14:00:00,6392.0,13.1
2023-02-17 15:00:00,6321.0,13.8
2023-02-17 16:00:00,6451.0,14.2
2023-02-17 17:00:00,6835.0,14.2
2023-02-17 18:00:00,6681.0,13.8
2023-02-17 19:00:00,6902.0,13.5
2023-02-17 20:00:00,6757.0,12.9
2023-02-17 21:00:00,6776.0,12.7
2023-02-17 22:00:00,6502.0,12.4
2023-02-17 23:00:00,5897.0,12.2
2023-02-18 00:00:00,5494.0,12.0
2023-02-18 01:00:00,4787.0,11.8
2023-02-18 02:00:00,4328.0,11.6
2023-02-18 03:00:00,4039.0,11.4
2023-02-18 04:00:00,3940.0,11.1
2023-02-18 05:00:00,3968.0,11.0
2023-02-18 06:00:00,4203.0,11.0
2023-02-18 07:00:00,4896.0,11.0
2023-02-18 08:00:00,5637.0,11.3
2023-02-18 09:00:00,6606.0,11.8
2023-02-18 10:00:00,6896.0,12.9
2023-02-18 11:00:00,7086.0,14.3
2023-02-18 12:00:00,6665.0,15.4
2023-02-18 13:00:00,6475.0,16.5
2023-02-18 14:00:00,6392.0,15.8
2023-02-18 15:00:00,6321.0,15.3
2023-02-18 16:00:00,6451.0,14.1
2023-02-18 17:00:00,6835.0,13.2
2023-02-18 18:00:00,6681.0,12.6
2023-02-18 19:00:00,6902.0,12.4
2023-02-18 20:00:00,6757.0,12.2
2023-02-18 21:00:00,6776.0,11.2
2023-02-18 22:00:00,6502.0,11.0
2023-02-18 23:00:00,5897.0,11.1
2023-02-19 00:00:00,5494.0,11.3
2023-02-19 01:00:00,4787.0,11.0
2023-02-19 02:00:00,4182.0,10.6
2023-02-19 03:00:00,4039.0,10.5
2023-02-19 04:00:00,3805.0,10.5
2023-02-19 05:00:00,3728.0,10.3
2023-02-19 06:00:00,3871.0,10.2
2023-02-19 07:00:00,4116.0,10.0
2023-02-19 08:00:00,4877.0,10.3
2023-02-19 09:00:00,5637.0,11.2
2023-02-19 10:00:00,5751.0,14.0
2023-02-19 11:00:00,5841.0,14.9
2023-02-19 12:00:00,5424.0,15.9
2023-02-19 13:00:00,5171.0,16.7
2023-02-19 14:00:00,5063.0,17.5
2023-02-19 15:00:00,5114.0,17.6
2023-02-19 16:00:00,5279.0,17.5
2023-02-19 17:00:00,5888.0,16.3
2023-02-19 18:00:00,5916.0,14.7
2023-02-19 19:00:00,6183.0,13.0
2023-02-19 20:00:00,6261.0,11.8
2023-02-19 21:00:00,6322.0,11.3
2023-02-19 22:00:00,5892.0,11.0
2023-02-19 23:00:00,5243.0,9.8
2023-02-20 00:00:00,4900.0,10.1
2023-02-20 01:00:00,4243.0,9.8
2023-02-20 02:00:00,3889.0,9.9
2023-02-20 03:00:00,3681.0,9.0
2023-02-20 04:00:00,3614.0,8.8
2023-02-20 05:00:00,3587.0,8.3
2023-02-20 06:00:00,3824.0,7.7
2023-02-20 07:00:00,4573.0,7.8
2023-02-20 08:00:00,5240.0,7.3
2023-02-20 09:00:00,5944.0,9.7
2023-02-20 10:00:00,6020.0,11.5
2023-02-20 11:00:00,6071.0,13.9
2023-02-20 12:00:00,5527.0,15.7
2023-02-20 13:00:00,5277.0,17.6
2023-02-20 14:00:00,5205.0,18.0
2023-02-20 15:00:00,5308.0,18.3
2023-02-20 16:00:00,5476.0,18.6
2023-02-20 17:00:00,5830.0,17.5
2023-02-20 18:00:00,5904.0,15.8
2023-02-20 19:00:00,6199.0,14.7
2023-02-20 20:00:00,6105.0,13.7
2023-02-20 21:00:00,6134.0,12.7
2023-02-20 22:00:00,5746.0,12.4
2023-02-20 23:00:00,5106.0,12.3
2023-02-21 00:00:00,4808.0,12.1
2023-02-21 01:00:00,4159.0,11.2
2023-02-21 02:00:00,3868.0,10.8
2023-02-21 03:00:00,3703.0,10.2
2023-02-21 04:00:00,3598.0,9.5
2023-02-21 05:00:00,3594.0,8.5
2023-02-21 06:00:00,3853.0,8.4
2023-02-21 07:00:00,4550.0,8.1
2023-02-21 08:00:00,5160.0,8.4
2023-02-21 09:00:00,5746.0,10.1
2023-02-21 10:00:00,5790.0,12.2
2023-02-21 11:00:00,5863.0,14.0
2023-02-21 12:00:00,5378.0,14.9
2023-02-21 13:00:00,5186.0,16.2
2023-02-21 14:00:00,5222.0,17.3
2023-02-21 15:00:00,5435.0,16.8
2023-02-21 16:00:00,5672.0,15.4
2023-02-21 17:00:00,6161.0,13.8
2023-02-21 18:00:00,6164.0,12.3
2023-02-21 19:00:00,6471.0,11.5
2023-02-21 20:00:00,6339.0,11.0
2023-02-21 21:00:00,6294.0,10.8
2023-02-21 22:00:00,5923.0,10.6
2023-02-21 23:00:00,5211.0,10.2
2023-02-22 00:00:00,4893.0,10.1
2023-02-22 01:00:00,4279.0,10.0
2023-02-22 02:00:00,3966.0,9.7
2023-02-22 03:00:00,3779.0,9.6
2023-02-22 04:00:00,3666.0,9.5
2023-02-22 05:00:00,3647.0,9.2
2023-02-22 06:00:00,3884.0,8.7
2023-02-22 07:00:00,4606.0,8.5
2023-02-22 08:00:00,5309.0,8.3
2023-02-22 09:00:00,6229.0,8.0
2023-02-22 10:00:00,6586.0,8.0
2023-02-22 11:00:00,6864.0,8.6
2023-02-22 12:00:00,6497.0,8.8
2023-02-22 13:00:00,6415.0,8.3
2023-02-22 14:00:00,6436.0,8.0
2023-02-22 15:00:00,6482.0,8.1
2023-02-22 16:00:00,6628.0,7.3
2023-02-22 17:00:00,7082.0,6.9
2023-02-22 18:00:00,6901.0,6.5
2023-02-22 19:00:00,7101.0,6.2
2023-02-22 20:00:00,6938.0,6.1
2023-02-22 21:00:00,6889.0,6.2
2023-02-22 22:00:00,6349.0,6.1
2023-02-22 23:00:00,5584.0,6.0
2023-02-23 00:00:00,5267.0,5.8
2023-02-23 01:00:00,4614.0,5.9
2023-02-23 02:00:00,4228.0,5.9
2023-02-23 03:00:00,4014.0,5.8
2023-02-23 04:00:00,3891.0,5.8
2023-02-23 05:00:00,3866.0,5.8
2023-02-23 06:00:00,4110.0,5.8
2023-02-23 07:00:00,4804.0,5.9
2023-02-23 08:00:00,5579.0,6.0
2023-02-23 09:00:00,6624.0,6.1
2023-02-23 10:00:00,7003.0,6.2
2023-02-23 11:00:00,7273.0,6.4
2023-02-23 12:00:00,6927.0,7.0
2023-02-23 13:00:00,6808.0,7.0
2023-02-23 14:00:00,6746.0,7.0
2023-02-23 15:00:00,6705.0,7.1
2023-02-23 16:00:00,6906.0,7.1
2023-02-23 17:00:00,7229.0,7.1
2023-02-23 18:00:00,7068.0,6.9
2023-02-23 19:00:00,7252.0,6.5
2023-02-23 20:00:00,7131.0,6.4
2023-02-23 21:00:00,7121.0,6.2
2023-02-23 22:00:00,6596.0,6.1
2023-02-23 23:00:00,5828.0,6.1
2023-02-24 00:00:00,5474.0,5.9
2023-02-24 01:00:00,4786.0,6.0
2023-02-24 02:00:00,4404.0,5.9
2023-02-24 03:00:00,4141.0,5.8
2023-02-24 04:00:00,4023.0,5.7
2023-02-24 05:00:00,4006.0,5.6
2023-02-24 06:00:00,4191.0,5.4
2023-02-24 07:00:00,4962.0,5.3
2023-02-24 08:00:00,5745.0,5.5
2023-02-24 09:00:00,6634.0,6.7
2023-02-24 10:00:00,6863.0,7.3
2023-02-24 11:00:00,7078.0,8.4
2023-02-24 12:00:00,6582.0,8.3
2023-02-24 13:00:00,6370.0,9.7
2023-02-24 14:00:00,6286.0,10.8
2023-02-24 15:00:00,6244.0,11.5
2023-02-24 16:00:00,6299.0,10.5
2023-02-24 17:00:00,6614.0,10.9
2023-02-24 18:00:00,6483.0,9.6
2023-02-24 19:00:00,6858.0,8.5
2023-02-24 20:00:00,6776.0,7.7
2023-02-24 21:00:00,6865.0,7.1
2023-02-24 22:00:00,6608.0,6.3
2023-02-24 23:00:00,6003.0,6.0
2023-02-25 00:00:00,5594.0,5.3
2023-02-25 01:00:00,4889.0,4.7
2023-02-25 02:00:00,4452.0,4.1
2023-02-25 03:00:00,4177.0,3.8
2023-02-25 04:00:00,4040.0,3.6
2023-02-25 05:00:00,3968.0,3.2
2023-02-25 06:00:00,4104.0,2.9
2023-02-25 07:00:00,4533.0,2.4
2023-02-25 08:00:00,5339.0,3.1
2023-02-25 09:00:00,6090.0,5.5
2023-02-25 10:00:00,6140.0,9.1
2023-02-25 11:00:00,6229.0,11.4
2023-02-25 12:00:00,5805.0,12.9
2023-02-25 13:00:00,5661.0,13.2
2023-02-25 14:00:00,5514.0,14.4
2023-02-25 15:00:00,5572.0,13.9
2023-02-25 16:00:00,5603.0,14.7
2023-02-25 17:00:00,6138.0,14.2
2023-02-25 18:00:00,6180.0,12.5
2023-02-25 19:00:00,6515.0,10.9
2023-02-25 20:00:00,6481.0,10.1
2023-02-25 21:00:00,6560.0,9.9
2023-02-25 22:00:00,6231.0,8.6
2023-02-25 23:00:00,5632.0,8.0
2023-02-26 00:00:00,5313.0,7.0
2023-02-26 01:00:00,4640.0,7.5
2023-02-26 02:00:00,4230.0,7.0
2023-02-26 03:00:00,3981.0,6.0
2023-02-26 04:00:00,3863.0,6.4
2023-02-26 05:00:00,3810.0,5.9
2023-02-26 06:00:00,3938.0,6.0
2023-02-26 07:00:00,4298.0,6.1
2023-02-26 08:00:00,5001.0,6.2
2023-02-26 09:00:00,5677.0,7.8
2023-02-26 10:00:00,5765.0,9.6
2023-02-26 11:00:00,5856.0,11.9
2023-02-26 12:00:00,5465.0,13.6
2023-02-26 13:00:00,5148.0,14.1
2023-02-26 14:00:00,5103.0,15.2
2023-02-26 15:00:00,5040.0,16.1
2023-02-26 16:00:00,5244.0,15.9
2023-02-26 17:00:00,5801.0,15.7
2023-02-26 18:00:00,5897.0,13.9
2023-02-26 19:00:00,6292.0,12.2
2023-02-26 20:00:00,6307.0,11.0
2023-02-26 21:00:00,6453.0,10.2
2023-02-26 22:00:00,5985.0,9.5
2023-02-26 23:00:00,5287.0,9.9
2023-02-27 00:00:00,4924.0,9.7
2023-02-27 01:00:00,4276.0,7.2
2023-02-27 02:00:00,3924.0,5.7
2023-02-27 03:00:00,3718.0,4.9
2023-02-27 04:00:00,3633.0,4.1
2023-02-27 05:00:00,3597.0,4.4
2023-02-27 06:00:00,3899.0,3.8
2023-02-27 07:00:00,4698.0,4.1
2023-02-27 08:00:00,5343.0,5.2
2023-02-27 09:00:00,5985.0,7.7
2023-02-27 10:00:00,6053.0,10.8
2023-02-27 11:00:00,6082.0,12.8
2023-02-27 12:00:00,5481.0,15.1
2023-02-27 13:00:00,5295.0,16.3
2023-02-27 14:00:00,5274.0,17.6
2023-02-27 15:00:00,5299.0,18.0
2023-02-27 16:00:00,5444.0,18.5
2023-02-27 17:00:00,5880.0,18.6
2023-02-27 18:00:00,5828.0,17.1
2023-02-27 19:00:00,6246.0,15.8
2023-02-27 20:00:00,6197.0,15.4
2023-02-27 21:00:00,6239.0,12.9
2023-02-27 22:00:00,5781.0,14.7
2023-02-27 23:00:00,5106.0,13.5
2023-02-28 00:00:00,4841.0,12.7
2023-02-28 01:00:00,4170.0,11.9
2023-02-28 02:00:00,3893.0,11.9
2023-02-28 03:00:00,3713.0,11.5
2023-02-28 04:00:00,3603.0,10.4
2023-02-28 05:00:00,3596.0,9.4
2023-02-28 06:00:00,3831.0,8.8
2023-02-28 07:00:00,4540.0,8.1
2023-02-28 08:00:00,5195.0,8.2
2023-02-28 09:00:00,6055.0,8.8
2023-02-28 10:00:00,6356.0,9.2
2023-02-28 11:00:00,6567.0,9.4
2023-02-28 12:00:00,6079.0,10.3
2023-02-28 13:00:00,5900.0,11.6
2023-02-28 14:00:00,5784.0,13.2
2023-02-28 15:00:00,5670.0,14.4
2023-02-28 16:00:00,5729.0,15.2
2023-02-28 17:00:00,6084.0,15.3
2023-02-28 18:00:00,6008.0,14.3
2023-02-28 19:00:00,6310.0,13.7
2023-02-28 20:00:00,6158.0,13.3
2023-02-28 21:00:00,6163.0,13.2
2023-02-28 22:00:00,5760.0,12.4
2023-02-28 23:00:00,5107.0,12.7
2023-03-01 00:00:00,4801.0,12.0
2023-03-01 01:00:00,4194.0,11.7
2023-03-01 02:00:00,3873.0,11.2
2023-03-01 03:00:00,3670.0,10.3
2023-03-01 04:00:00,3561.0,10.6
2023-03-01 05:00:00,3565.0,10.5
2023-03-01 06:00:00,3813.0,10.6
2023-03-01 07:00:00,4551.0,9.9
2023-03-01 08:00:00,5133.0,10.5
2023-03-01 09:00:00,5760.0,12.1
2023-03-01 10:00:00,5814.0,13.8
2023-03-01 11:00:00,5968.0,15.2
2023-03-01 12:00:00,5518.0,16.6
2023-03-01 13:00:00,5367.0,17.8
2023-03-01 14:00:00,5300.0,17.8
2023-03-01 15:00:00,5512.0,17.7
2023-03-01 16:00:00,5690.0,16.7
2023-03-01 17:00:00,6139.0,15.7
2023-03-01 18:00:00,6067.0,14.3
2023-03-01 19:00:00,6336.0,12.7
2023-03-01 20:00:00,6222.0,12.8
2023-03-01 21:00:00,6194.0,12.6
2023-03-01 22:00:00,5744.0,11.9
2023-03-01 23:00:00,5078.0,12.0
2023-03-02 00:00:00,4823.0,11.9
2023-03-02 01:00:00,4199.0,11.8
2023-03-02 02:00:00,3896.0,11.5
2023-03-02 03:00:00,3703.0,11.5
2023-03-02 04:00:00,3587.0,11.2
2023-03-02 05:00:00,3585.0,10.8
2023-03-02 06:00:00,3843.0,10.9
2023-03-02 07:00:00,4563.0,10.2
2023-03-02 08:00:00,5098.0,10.3
2023-03-02 09:00:00,5651.0,12.1
2023-03-02 10:00:00,5685.0,14.1
2023-03-02 11:00:00,5800.0,16.1
2023-03-02 12:00:00,5293.0,17.2
2023-03-02 13:00:00,5038.0,19.3
2023-03-02 14:00:00,5043.0,20.1
2023-03-02 15:00:00,5082.0,20.1
2023-03-02 16:00:00,5296.0,20.5
2023-03-02 17:00:00,5645.0,19.8
2023-03-02 18:00:00,5699.0,18.4
2023-03-02 19:00:00,5969.0,17.0
2023-03-02 20:00:00,5850.0,16.0
2023-03-02 21:00:00,5899.0,15.0
2023-03-02 22:00:00,5545.0,14.9
2023-03-02 23:00:00,4966.0,14.4
2023-03-03 00:00:00,4682.0,13.9
2023-03-03 01:00:00,4092.0,13.7
2023-03-03 02:00:00,3808.0,13.2
2023-03-03 03:00:00,3592.0,13.4
2023-03-03 04:00:00,3490.0,13.2
2023-03-03 05:00:00,3481.0,13.0
2023-03-03 06:00:00,3732.0,12.7
2023-03-03 07:00:00,4437.0,12.6
2023-03-03 08:00:00,4981.0,12.6
2023-03-03 09:00:00,5643.0,12.8
2023-03-03 10:00:00,5821.0,13.4
2023-03-03 11:00:00,6045.0,14.0
2023-03-03 12:00:00,5605.0,14.4
2023-03-03 13:00:00,5447.0,14.9
2023-03-03 14:00:00,5474.0,14.4
2023-03-03 15:00:00,5413.0,14.4
2023-03-03 16:00:00,5493.0,14.6
2023-03-03 17:00:00,5813.0,14.5
2023-03-03 18:00:00,5726.0,13.6
2023-03-03 19:00:00,5992.0,12.3
2023-03-03 20:00:00,5893.0,11.6
2023-03-03 21:00:00,5849.0,10.8
2023-03-03 22:00:00,5587.0,10.1
2023-03-03 23:00:00,5024.0,9.7
2023-03-04 00:00:00,4843.0,9.5
2023-03-04 01:00:00,4262.0,9.1
2023-03-04 02:00:00,3895.0,8.9
2023-03-04 03:00:00,3707.0,8.7
2023-03-04 04:00:00,3543.0,8.5
2023-03-04 05:00:00,3518.0,8.3
2023-03-04 06:00:00,3701.0,8.7
2023-03-04 07:00:00,4088.0,8.9
2023-03-04 08:00:00,4810.0,9.5
2023-03-04 09:00:00,5466.0,10.0
2023-03-04 10:00:00,5636.0,11.1
2023-03-04 11:00:00,5742.0,12.9
2023-03-04 12:00:00,5177.0,14.6
2023-03-04 13:00:00,4839.0,16.8
2023-03-04 14:00:00,4780.0,18.6
2023-03-04 15:00:00,4807.0,20.1
2023-03-04 16:00:00,4924.0,20.2
2023-03-04 17:00:00,5374.0,19.9
2023-03-04 18:00:00,5398.0,19.0
2023-03-04 19:00:00,5664.0,16.9
2023-03-04 20:00:00,5521.0,15.7
2023-03-04 21:00:00,5581.0,14.8
2023-03-04 22:00:00,5357.0,13.9
2023-03-04 23:00:00,4857.0,12.6
2023-03-05 00:00:00,4645.0,11.2
2023-03-05 01:00:00,4071.0,10.4
2023-03-05 02:00:00,3727.0,10.6
2023-03-05 03:00:00,3485.0,9.6
2023-03-05 04:00:00,3398.0,8.9
2023-03-05 05:00:00,3361.0,8.1
2023-03-05 06:00:00,3536.0,8.2
2023-03-05 07:00:00,3898.0,8.1
2023-03-05 08:00:00,4527.0,9.5
2023-03-05 09:00:00,4897.0,12.5
2023-03-05 10:00:00,4949.0,15.7
2023-03-05 11:00:00,5056.0,19.3
2023-03-05 12:00:00,4646.0,21.8
2023-03-05 13:00:00,4385.0,23.0
2023-03-05 14:00:00,4328.0,23.4
2023-03-05 15:00:00,4333.0,24.4
2023-03-05 16:00:00,4617.0,24.4
2023-03-05 17:00:00,5019.0,23.9
2023-03-05 18:00:00,5091.0,22.6
2023-03-05 19:00:00,5420.0,21.1
2023-03-05 20:00:00,5359.0,20.0
2023-03-05 21:00:00,5403.0,16.7
2023-03-05 22:00:00,5004.0,17.2
2023-03-05 23:00:00,4473.0,15.2
2023-03-06 00:00:00,4283.0,14.5
2023-03-06 01:00:00,3752.0,14.6
2023-03-06 02:00:00,3487.0,13.5
2023-03-06 03:00:00,3285.0,14.1
2023-03-06 04:00:00,3232.0,13.5
2023-03-06 05:00:00,3211.0,10.8
2023-03-06 06:00:00,3481.0,11.5
2023-03-06 07:00:00,4275.0,10.8
2023-03-06 08:00:00,4722.0,12.0
2023-03-06 09:00:00,5226.0,14.5
2023-03-06 10:00:00,5237.0,19.0
2023-03-06 11:00:00,5355.0,22.6
2023-03-06 12:00:00,4820.0,24.1
2023-03-06 13:00:00,4594.0,25.5
2023-03-06 14:00:00,4586.0,26.5
2023-03-06 15:00:00,4694.0,27.2
2023-03-06 16:00:00,4946.0,26.8
2023-03-06 17:00:00,5288.0,26.2
2023-03-06 18:00:00,5311.0,25.3
2023-03-06 19:00:00,5611.0,23.6
2023-03-06 20:00:00,5413.0,22.2
2023-03-06 21:00:00,5398.0,19.9
2023-03-06 22:00:00,5066.0,19.2
2023-03-06 23:00:00,4563.0,18.9
2023-03-07 00:00:00,4361.0,19.1
2023-03-07 01:00:00,3832.0,18.4
2023-03-07 02:00:00,3600.0,18.6
2023-03-07 03:00:00,3393.0,17.9
2023-03-07 04:00:00,3323.0,16.8
2023-03-07 05:00:00,3333.0,15.9
2023-03-07 06:00:00,3564.0,15.2
2023-03-07 07:00:00,4267.0,14.8
2023-03-07 08:00:00,4670.0,16.1
2023-03-07 09:00:00,5130.0,19.4
2023-03-07 10:00:00,5224.0,20.9
2023-03-07 11:00:00,5340.0,22.9
2023-03-07 12:00:00,4808.0,24.1
2023-03-07 13:00:00,4639.0,25.1
2023-03-07 14:00:00,4740.0,25.0
2023-03-07 15:00:00,4877.0,24.2
2023-03-07 16:00:00,5062.0,24.1
2023-03-07 17:00:00,5474.0,24.0
2023-03-07 18:00:00,5383.0,23.1
2023-03-07 19:00:00,5594.0,22.3
2023-03-07 20:00:00,5367.0,22.0
2023-03-07 21:00:00,5319.0,21.3
2023-03-07 22:00:00,4972.0,21.1
2023-03-07 23:00:00,4457.0,20.4
2023-03-08 00:00:00,4326.0,20.5
2023-03-08 01:00:00,3864.0,18.9
2023-03-08 02:00:00,3598.0,18.7
2023-03-08 03:00:00,3430.0,16.9
2023-03-08 04:00:00,3323.0,16.6
2023-03-08 05:00:00,3299.0,16.5
2023-03-08 06:00:00,3565.0,16.5
2023-03-08 07:00:00,4168.0,16.4
2023-03-08 08:00:00,4642.0,16.6
2023-03-08 09:00:00,5235.0,16.7
2023-03-08 10:00:00,5380.0,17.0
2023-03-08 11:00:00,5541.0,18.1
2023-03-08 12:00:00,5120.0,18.3
2023-03-08 13:00:00,4959.0,18.0
2023-03-08 14:00:00,4986.0,17.6
2023-03-08 15:00:00,5032.0,17.1
2023-03-08 16:00:00,5234.0,17.3
2023-03-08 17:00:00,5568.0,17.4
2023-03-08 18:00:00,5430.0,17.3
2023-03-08 19:00:00,5557.0,17.0
2023-03-08 20:00:00,5391.0,16.8
2023-03-08 21:00:00,5315.0,16.6
2023-03-08 22:00:00,5002.0,16.1
2023-03-08 23:00:00,4513.0,16.3
2023-03-09 00:00:00,4384.0,16.2
2023-03-09 01:00:00,3876.0,16.0
2023-03-09 02:00:00,3641.0,15.9
2023-03-09 03:00:00,3451.0,15.8
2023-03-09 04:00:00,3360.0,15.7
2023-03-09 05:00:00,3362.0,15.5
2023-03-09 06:00:00,3611.0,15.6
2023-03-09 07:00:00,4236.0,15.6
2023-03-09 08:00:00,4686.0,15.9
2023-03-09 09:00:00,5209.0,17.0
2023-03-09 10:00:00,5356.0,17.7
2023-03-09 11:00:00,5436.0,18.5
2023-03-09 12:00:00,4957.0,19.6
2023-03-09 13:00:00,4704.0,21.8
2023-03-09 14:00:00,4638.0,23.2
2023-03-09 15:00:00,4726.0,24.3
2023-03-09 16:00:00,4905.0,24.7
2023-03-09 17:00:00,5327.0,24.0
2023-03-09 18:00:00,5341.0,22.8
2023-03-09 19:00:00,5623.0,20.8
2023-03-09 20:00:00,5392.0,20.4
2023-03-09 21:00:00,5340.0,19.7
2023-03-09 22:00:00,5048.0,19.1
2023-03-09 23:00:00,4525.0,17.8
2023-03-10 00:00:00,4369.0,15.9
2023-03-10 01:00:00,3885.0,14.9
2023-03-10 02:00:00,3625.0,14.3
2023-03-10 03:00:00,3453.0,13.9
2023-03-10 04:00:00,3351.0,13.8
2023-03-10 05:00:00,3368.0,13.2
2023-03-10 06:00:00,3583.0,13.0
2023-03-10 07:00:00,4239.0,12.8
2023-03-10 08:00:00,4664.0,14.3
2023-03-10 09:00:00,5045.0,17.3
2023-03-10 10:00:00,5039.0,21.1
2023-03-10 11:00:00,5186.0,24.8
2023-03-10 12:00:00,4650.0,25.7
2023-03-10 13:00:00,4686.0,25.9
2023-03-10 14:00:00,4646.0,27.3
2023-03-10 15:00:00,4880.0,26.7
2023-03-10 16:00:00,5056.0,26.4
2023-03-10 17:00:00,5428.0,26.2
2023-03-10 18:00:00,5314.0,25.2
2023-03-10 19:00:00,5486.0,23.5
2023-03-10 20:00:00,5332.0,22.6
2023-03-10 21:00:00,5258.0,20.7
2023-03-10 22:00:00,4977.0,17.8
2023-03-10 23:00:00,4527.0,17.1
2023-03-11 00:00:00,4461.0,16.4
2023-03-11 01:00:00,3979.0,16.3
2023-03-11 02:00:00,3661.0,16.3
2023-03-11 03:00:00,3489.0,16.1
2023-03-11 04:00:00,3395.0,16.0
2023-03-11 05:00:00,3342.0,15.9
2023-03-11 06:00:00,3522.0,15.9
2023-03-11 07:00:00,3782.0,16.0
2023-03-11 08:00:00,4414.0,16.1
2023-03-11 09:00:00,5048.0,16.2
2023-03-11 10:00:00,5082.0,17.0
2023-03-11 11:00:00,5277.0,18.5
2023-03-11 12:00:00,4837.0,19.3
2023-03-11 13:00:00,4663.0,20.0
2023-03-11 14:00:00,4718.0,20.4
2023-03-11 15:00:00,4763.0,20.9
2023-03-11 16:00:00,4971.0,21.2
2023-03-11 17:00:00,5298.0,21.1
2023-03-11 18:00:00,5178.0,20.5
2023-03-11 19:00:00,5327.0,19.2
2023-03-11 20:00:00,5132.0,18.9
2023-03-11 21:00:00,5072.0,18.8
2023-03-11 22:00:00,4772.0,18.4
2023-03-11 23:00:00,4441.0,17.4
2023-03-12 00:00:00,4341.0,16.9
2023-03-12 01:00:00,3871.0,16.7
2023-03-12 02:00:00,3560.0,16.5
2023-03-12 03:00:00,3348.0,16.9
2023-03-12 04:00:00,3259.0,16.5
2023-03-12 05:00:00,3250.0,15.9
2023-03-12 06:00:00,3376.0,15.3
2023-03-12 07:00:00,3744.0,14.5
2023-03-12 08:00:00,4224.0,13.9
2023-03-12 09:00:00,4760.0,14.6
2023-03-12 10:00:00,4871.0,15.2
2023-03-12 11:00:00,5067.0,16.5
2023-03-12 12:00:00,4599.0,19.1
2023-03-12 13:00:00,4421.0,19.7
2023-03-12 14:00:00,4442.0,18.4
2023-03-12 15:00:00,4336.0,19.0
2023-03-12 16:00:00,4623.0,17.7
2023-03-12 17:00:00,5090.0,17.0
2023-03-12 18:00:00,5100.0,16.4
2023-03-12 19:00:00,5344.0,15.7
2023-03-12 20:00:00,5255.0,15.1
2023-03-12 21:00:00,5164.0,14.8
2023-03-12 22:00:00,4760.0,14.4
2023-03-12 23:00:00,4278.0,13.8
2023-03-13 00:00:00,4160.0,13.4
2023-03-13 01:00:00,3683.0,12.8
2023-03-13 02:00:00,3413.0,12.4
2023-03-13 03:00:00,3291.0,11.9
2023-03-13 04:00:00,3229.0,11.3
2023-03-13 05:00:00,3201.0,10.2
2023-03-13 06:00:00,3456.0,9.7
2023-03-13 07:00:00,4169.0,9.3
2023-03-13 08:00:00,4591.0,10.3
2023-03-13 09:00:00,5093.0,12.7
2023-03-13 10:00:00,5150.0,14.7
2023-03-13 11:00:00,5219.0,16.0
2023-03-13 12:00:00,4752.0,17.8
2023-03-13 13:00:00,4528.0,19.4
2023-03-13 14:00:00,4549.0,20.2
2023-03-13 15:00:00,4639.0,21.1
2023-03-13 16:00:00,4880.0,20.8
2023-03-13 17:00:00,5254.0,20.4
2023-03-13 18:00:00,5285.0,19.1
2023-03-13 19:00:00,5564.0,17.4
2023-03-13 20:00:00,5419.0,16.3
2023-03-13 21:00:00,5359.0,15.2
2023-03-13 22:00:00,4996.0,14.1
2023-03-13 23:00:00,4504.0,13.1
2023-03-14 00:00:00,4356.0,12.2
2023-03-14 01:00:00,3867.0,11.3
2023-03-14 02:00:00,3618.0,11.1
2023-03-14 03:00:00,3464.0,10.9
2023-03-14 04:00:00,3399.0,10.6
2023-03-14 05:00:00,3355.0,10.5
2023-03-14 06:00:00,3615.0,9.9
2023-03-14 07:00:00,4335.0,9.8
2023-03-14 08:00:00,4680.0,12.8
2023-03-14 09:00:00,5065.0,15.5
2023-03-14 10:00:00,5139.0,18.4
2023-03-14 11:00:00,5244.0,21.2
2023-03-14 12:00:00,4700.0,22.0
2023-03-14 13:00:00,4492.0,23.4
2023-03-14 14:00:00,4539.0,24.7
2023-03-14 15:00:00,4663.0,25.3
2023-03-14 16:00:00,4892.0,25.9
2023-03-14 17:00:00,5315.0,25.3
2023-03-14 18:00:00,5337.0,24.2
2023-03-14 19:00:00,5514.0,22.7
2023-03-14 20:00:00,5361.0,22.0
2023-03-14 21:00:00,5303.0,21.4
2023-03-14 22:00:00,4937.0,20.1
2023-03-14 23:00:00,4443.0,19.8
2023-03-15 00:00:00,4277.0,16.8
2023-03-15 01:00:00,3811.0,15.8
2023-03-15 02:00:00,3583.0,15.7
2023-03-15 03:00:00,3412.0,15.0
2023-03-15 04:00:00,3320.0,14.7
2023-03-15 05:00:00,3270.0,14.9
2023-03-15 06:00:00,3579.0,14.9
2023-03-15 07:00:00,4263.0,14.1
2023-03-15 08:00:00,4565.0,16.2
2023-03-15 09:00:00,5035.0,19.0
2023-03-15 10:00:00,5057.0,21.5
2023-03-15 11:00:00,5122.0,23.4
2023-03-15 12:00:00,4676.0,24.4
2023-03-15 13:00:00,4438.0,26.3
2023-03-15 14:00:00,4574.0,26.8
2023-03-15 15:00:00,4716.0,27.7
2023-03-15 16:00:00,4987.0,27.3
2023-03-15 17:00:00,5269.0,27.5
2023-03-15 18:00:00,5286.0,25.9
2023-03-15 19:00:00,5515.0,23.7
2023-03-15 20:00:00,5364.0,22.3
2023-03-15 21:00:00,5248.0,21.2
2023-03-15 22:00:00,4869.0,20.0
2023-03-15 23:00:00,4438.0,18.7
2023-03-16 00:00:00,4296.0,17.6
2023-03-16 01:00:00,3799.0,17.0
2023-03-16 02:00:00,3605.0,16.9
2023-03-16 03:00:00,3433.0,15.6
2023-03-16 04:00:00,3319.0,14.3
2023-03-16 05:00:00,3310.0,14.1
2023-03-16 06:00:00,3556.0,13.8
2023-03-16 07:00:00,4207.0,13.9
2023-03-16 08:00:00,4635.0,14.1
2023-03-16 09:00:00,5097.0,15.1
2023-03-16 10:00:00,5353.0,16.2
2023-03-16 11:00:00,5500.0,16.3
2023-03-16 12:00:00,5058.0,16.0
2023-03-16 13:00:00,4930.0,15.6
2023-03-16 14:00:00,4967.0,15.2
2023-03-16 15:00:00,5009.0,16.1
2023-03-16 16:00:00,5230.0,15.5
2023-03-16 17:00:00,5613.0,14.2
2023-03-16 18:00:00,5502.0,13.1
2023-03-16 19:00:00,5775.0,11.1
2023-03-16 20:00:00,5621.0,10.5
2023-03-16 21:00:00,5556.0,9.3
2023-03-16 22:00:00,5143.0,8.8
2023-03-16 23:00:00,4612.0,8.4
2023-03-17 00:00:00,4476.0,7.5
2023-03-17 01:00:00,4008.0,6.7
2023-03-17 02:00:00,3743.0,6.5
2023-03-17 03:00:00,3560.0,6.4
2023-03-17 04:00:00,3472.0,6.2
2023-03-17 05:00:00,3469.0,5.7
2023-03-17 06:00:00,3715.0,5.2
2023-03-17 07:00:00,4381.0,5.2
2023-03-17 08:00:00,5014.0,5.3
2023-03-17 09:00:00,5797.0,5.5
2023-03-17 10:00:00,6143.0,5.4
2023-03-17 11:00:00,6449.0,5.7
2023-03-17 12:00:00,6065.0,5.7
2023-03-17 13:00:00,5970.0,5.8
2023-03-17 14:00:00,5878.0,6.0
2023-03-17 15:00:00,6043.0,6.1
2023-03-17 16:00:00,6203.0,6.5
2023-03-17 17:00:00,6559.0,6.4
2023-03-17 18:00:00,6258.0,6.4
2023-03-17 19:00:00,6338.0,6.4
2023-03-17 20:00:00,6165.0,6.5
2023-03-17 21:00:00,6013.0,6.6
2023-03-17 22:00:00,5668.0,6.6
2023-03-17 23:00:00,5094.0,6.7
2023-03-18 00:00:00,4914.0,6.7
2023-03-18 01:00:00,4333.0,6.7
2023-03-18 02:00:00,3998.0,6.8
2023-03-18 03:00:00,3761.0,6.7
2023-03-18 04:00:00,3692.0,6.7
2023-03-18 05:00:00,3614.0,6.7
2023-03-18 06:00:00,3785.0,6.6
2023-03-18 07:00:00,4174.0,6.6
2023-03-18 08:00:00,4832.0,6.9
2023-03-18 09:00:00,5653.0,7.2
2023-03-18 10:00:00,5899.0,7.8
2023-03-18 11:00:00,6179.0,8.2
2023-03-18 12:00:00,5955.0,8.3
2023-03-18 13:00:00,5789.0,8.4
2023-03-18 14:00:00,5871.0,8.0
2023-03-18 15:00:00,5951.0,7.5
2023-03-18 16:00:00,6121.0,6.9
2023-03-18 17:00:00,6545.0,7.2
2023-03-18 18:00:00,6426.0,6.5
2023-03-18 19:00:00,6426.0,6.4
2023-03-18 20:00:00,6299.0,6.3
2023-03-18 21:00:00,6215.0,6.4
2023-03-18 22:00:00,5805.0,6.4
2023-03-18 23:00:00,5237.0,6.4
2023-03-19 00:00:00,5055.0,6.4
2023-03-19 01:00:00,4450.0,6.3
2023-03-19 02:00:00,4114.0,6.3
2023-03-19 03:00:00,3851.0,6.3
2023-03-19 04:00:00,3726.0,6.4
2023-03-19 05:00:00,3692.0,6.6
2023-03-19 06:00:00,3816.0,6.7
2023-03-19 07:00:00,4096.0,6.8
2023-03-19 08:00:00,4762.0,6.8
2023-03-19 09:00:00,5676.0,7.0
2023-03-19 10:00:00,6085.0,7.6
2023-03-19 11:00:00,6405.0,8.0
2023-03-19 12:00:00,6083.0,8.2
2023-03-19 13:00:00,5956.0,8.3
2023-03-19 14:00:00,5972.0,8.4
2023-03-19 15:00:00,5988.0,8.5
2023-03-19 16:00:00,6174.0,8.5
2023-03-19 17:00:00,6618.0,8.4
2023-03-19 18:00:00,6460.0,8.2
2023-03-19 19:00:00,6517.0,8.2
2023-03-19 20:00:00,6453.0,8.3
2023-03-19 21:00:00,6388.0,8.3
2023-03-19 22:00:00,5790.0,8.2
2023-03-19 23:00:00,5134.0,8.2
2023-03-20 00:00:00,4861.0,8.3
2023-03-20 01:00:00,4262.0,8.3
2023-03-20 02:00:00,3923.0,8.2
2023-03-20 03:00:00,3703.0,8.2
2023-03-20 04:00:00,3591.0,8.1
2023-03-20 05:00:00,3569.0,8.1
2023-03-20 06:00:00,3832.0,8.2
2023-03-20 07:00:00,4579.0,8.3
2023-03-20 08:00:00,5164.0,8.5
2023-03-20 09:00:00,6005.0,8.9
2023-03-20 10:00:00,6223.0,9.2
2023-03-20 11:00:00,6613.0,9.7
2023-03-20 12:00:00,6171.0,10.3
2023-03-20 13:00:00,6018.0,10.7
2023-03-20 14:00:00,6036.0,10.8
2023-03-20 15:00:00,6109.0,10.8
2023-03-20 16:00:00,6253.0,11.0
2023-03-20 17:00:00,6528.0,10.7
2023-03-20 18:00:00,6387.0,10.4
2023-03-20 19:00:00,6574.0,10.3
2023-03-20 20:00:00,6421.0,10.2
2023-03-20 21:00:00,6344.0,10.3
2023-03-20 22:00:00,5876.0,10.3
2023-03-20 23:00:00,5244.0,10.3
2023-03-21 00:00:00,4931.0,10.3
2023-03-21 01:00:00,4319.0,10.1
2023-03-21 02:00:00,3992.0,10.1
2023-03-21 03:00:00,3770.0,10.1
2023-03-21 04:00:00,3694.0,10.1
2023-03-21 05:00:00,3681.0,10.1
2023-03-21 06:00:00,3918.0,10.1
2023-03-21 07:00:00,4612.0,10.0
2023-03-21 08:00:00,5253.0,10.0
2023-03-21 09:00:00,6098.0,10.1
2023-03-21 10:00:00,6356.0,10.4
2023-03-21 11:00:00,6605.0,10.7
2023-03-21 12:00:00,6168.0,10.9
2023-03-21 13:00:00,6007.0,11.3
2023-03-21 14:00:00,5996.0,12.0
2023-03-21 15:00:00,6000.0,12.2
2023-03-21 16:00:00,6129.0,12.5
2023-03-21 17:00:00,6398.0,12.5
2023-03-21 18:00:00,6318.0,12.2
2023-03-21 19:00:00,6457.0,11.6
2023-03-21 20:00:00,6400.0,11.5
2023-03-21 21:00:00,6394.0,11.4
2023-03-21 22:00:00,5941.0,11.4
2023-03-21 23:00:00,5244.0,11.4
2023-03-22 00:00:00,4944.0,11.3
2023-03-22 01:00:00,4324.0,11.2
2023-03-22 02:00:00,3953.0,11.0
2023-03-22 03:00:00,3799.0,11.2
2023-03-22 04:00:00,3681.0,11.2
2023-03-22 05:00:00,3662.0,11.0
2023-03-22 06:00:00,3920.0,10.9
2023-03-22 07:00:00,4592.0,11.0
2023-03-22 08:00:00,5154.0,11.2
2023-03-22 09:00:00,6030.0,11.6
2023-03-22 10:00:00,6340.0,11.8
2023-03-22 11:00:00,6569.0,12.1
2023-03-22 12:00:00,6151.0,12.7
2023-03-22 13:00:00,5892.0,13.1
2023-03-22 14:00:00,5877.0,13.3
2023-03-22 15:00:00,5867.0,13.0
2023-03-22 16:00:00,6013.0,13.8
2023-03-22 17:00:00,6306.0,14.3
2023-03-22 18:00:00,6201.0,13.9
2023-03-22 19:00:00,6347.0,13.7
2023-03-22 20:00:00,6293.0,13.7
2023-03-22 21:00:00,6325.0,13.6
2023-03-22 22:00:00,5888.0,13.5
2023-03-22 23:00:00,5176.0,13.4
2023-03-23 00:00:00,4912.0,13.3
2023-03-23 01:00:00,4295.0,13.0
2023-03-23 02:00:00,4027.0,13.0
2023-03-23 03:00:00,3799.0,12.8
2023-03-23 04:00:00,3690.0,12.6
2023-03-23 05:00:00,3685.0,12.7
2023-03-23 06:00:00,3905.0,12.6
2023-03-23 07:00:00,4603.0,12.6
2023-03-23 08:00:00,5166.0,12.8
2023-03-23 09:00:00,5950.0,13.2
2023-03-23 10:00:00,6271.0,13.2
2023-03-23 11:00:00,6514.0,13.4
2023-03-23 12:00:00,6046.0,13.7
2023-03-23 13:00:00,5856.0,14.2
2023-03-23 14:00:00,5843.0,14.5
2023-03-23 15:00:00,6019.0,14.4
2023-03-23 16:00:00,6154.0,14.0
2023-03-23 17:00:00,6416.0,13.9
2023-03-23 18:00:00,6289.0,13.9
2023-03-23 19:00:00,6488.0,13.7
2023-03-23 20:00:00,6337.0,13.7
2023-03-23 21:00:00,6246.0,13.7
2023-03-23 22:00:00,5829.0,13.8
2023-03-23 23:00:00,5141.0,13.8
2023-03-24 00:00:00,4897.0,13.8
2023-03-24 01:00:00,4285.0,13.8
2023-03-24 02:00:00,4004.0,13.7
2023-03-24 03:00:00,3809.0,12.8
2023-03-24 04:00:00,3709.0,11.7
2023-03-24 05:00:00,3695.0,10.7
2023-03-24 06:00:00,3912.0,10.3
2023-03-24 07:00:00,4657.0,9.8
2023-03-24 08:00:00,5283.0,9.6
2023-03-24 09:00:00,6162.0,9.9
2023-03-24 10:00:00,6470.0,10.5
2023-03-24 11:00:00,6722.0,10.4
2023-03-24 12:00:00,6314.0,10.4
2023-03-24 13:00:00,6205.0,10.1
2023-03-24 14:00:00,6221.0,10.0
2023-03-24 15:00:00,6206.0,10.4
2023-03-24 16:00:00,6347.0,10.6
2023-03-24 17:00:00,6688.0,10.5
2023-03-24 18:00:00,6496.0,10.4
2023-03-24 19:00:00,6658.0,10.3
2023-03-24 20:00:00,6522.0,10.2
2023-03-24 21:00:00,6346.0,10.1
2023-03-24 22:00:00,6066.0,9.9
2023-03-24 23:00:00,5443.0,9.8
2023-03-25 00:00:00,5148.0,9.6
2023-03-25 01:00:00,4506.0,9.5
2023-03-25 02:00:00,4129.0,9.4
2023-03-25 03:00:00,3861.0,9.3
2023-03-25 04:00:00,3759.0,9.1
2023-03-25 05:00:00,3689.0,9.0
2023-03-25 06:00:00,3839.0,8.2
2023-03-25 07:00:00,4252.0,8.3
2023-03-25 08:00:00,4913.0,8.5
2023-03-25 09:00:00,5827.0,9.1
2023-03-25 10:00:00,6087.0,9.5
2023-03-25 11:00:00,6438.0,10.0
2023-03-25 12:00:00,6052.0,10.6
2023-03-25 13:00:00,5855.0,10.5
2023-03-25 14:00:00,5732.0,10.2
2023-03-25 15:00:00,5746.0,11.0
2023-03-25 16:00:00,5948.0,11.5
2023-03-25 17:00:00,6264.0,11.3
2023-03-25 18:00:00,6202.0,11.0
2023-03-25 19:00:00,6271.0,10.6
2023-03-25 20:00:00,6207.0,10.5
2023-03-25 21:00:00,6160.0,10.6
2023-03-25 22:00:00,5852.0,10.3
2023-03-25 23:00:00,5302.0,9.8
2023-03-26 00:00:00,4969.0,9.2
2023-03-26 01:00:00,4346.0,9.5
2023-03-26 02:00:00,3962.0,9.2
2023-03-26 03:00:00,3735.0,9.0
2023-03-26 04:00:00,3609.0,8.8
2023-03-26 05:00:00,3541.0,8.0
2023-03-26 06:00:00,3726.0,7.6
2023-03-26 07:00:00,4184.0,7.6
2023-03-26 08:00:00,4610.0,9.2
2023-03-26 09:00:00,5102.0,11.5
2023-03-26 10:00:00,5203.0,12.9
2023-03-26 11:00:00,5352.0,15.3
2023-03-26 12:00:00,5080.0,15.1
2023-03-26 13:00:00,4917.0,16.3
2023-03-26 14:00:00,4921.0,16.5
2023-03-26 15:00:00,4991.0,16.9
2023-03-26 16:00:00,5247.0,15.6
2023-03-26 17:00:00,5728.0,15.0
2023-03-26 18:00:00,5742.0,14.3
2023-03-26 19:00:00,5912.0,13.8
2023-03-26 20:00:00,5949.0,13.7
2023-03-26 21:00:00,5990.0,13.2
2023-03-26 22:00:00,5423.0,12.8
2023-03-26 23:00:00,4829.0,12.4
2023-03-27 00:00:00,4582.0,12.1
2023-03-27 01:00:00,3968.0,12.0
2023-03-27 02:00:00,3666.0,11.9
2023-03-27 03:00:00,3475.0,11.4
2023-03-27 04:00:00,3379.0,11.2
2023-03-27 05:00:00,3352.0,11.1
2023-03-27 06:00:00,3664.0,10.9
2023-03-27 07:00:00,4378.0,10.4
2023-03-27 08:00:00,4922.0,11.0
2023-03-27 09:00:00,5719.0,11.6
2023-03-27 10:00:00,5998.0,12.2
2023-03-27 11:00:00,6218.0,12.8
2023-03-27 12:00:00,5611.0,14.5
2023-03-27 13:00:00,5586.0,14.3
2023-03-27 14:00:00,5567.0,14.7
2023-03-27 15:00:00,5646.0,14.7
2023-03-27 16:00:00,5847.0,14.0
2023-03-27 17:00:00,6181.0,13.7
2023-03-27 18:00:00,6022.0,13.5
2023-03-27 19:00:00,6167.0,13.4
2023-03-27 20:00:00,6010.0,13.2
2023-03-27 21:00:00,6021.0,13.0
2023-03-27 22:00:00,5573.0,13.1
2023-03-27 23:00:00,4925.0,12.7
2023-03-28 00:00:00,4657.0,12.7
2023-03-28 01:00:00,4096.0,12.4
2023-03-28 02:00:00,3803.0,12.1
2023-03-28 03:00:00,3556.0,11.8
2023-03-28 04:00:00,3513.0,11.8
2023-03-28 05:00:00,3485.0,11.7
2023-03-28 06:00:00,3729.0,11.7
2023-03-28 07:00:00,4410.0,11.6
2023-03-28 08:00:00,4922.0,11.7
2023-03-28 09:00:00,5649.0,12.0
2023-03-28 10:00:00,5918.0,12.7
2023-03-28 11:00:00,6131.0,13.1
2023-03-28 12:00:00,5641.0,13.7
2023-03-28 13:00:00,5392.0,15.2
2023-03-28 14:00:00,5367.0,15.7
2023-03-28 15:00:00,5417.0,15.4
2023-03-28 16:00:00,5538.0,15.6
2023-03-28 17:00:00,5800.0,15.4
2023-03-28 18:00:00,5819.0,14.6
2023-03-28 19:00:00,6018.0,13.9
2023-03-28 20:00:00,5961.0,13.7
2023-03-28 21:00:00,5946.0,13.5
2023-03-28 22:00:00,5582.0,12.8
2023-03-28 23:00:00,4886.0,12.6
2023-03-29 00:00:00,4641.0,12.3
2023-03-29 01:00:00,4036.0,12.3
2023-03-29 02:00:00,3756.0,11.8
2023-03-29 03:00:00,3575.0,11.2
2023-03-29 04:00:00,3466.0,10.9
2023-03-29 05:00:00,3460.0,10.9
2023-03-29 06:00:00,3715.0,11.0
2023-03-29 07:00:00,4372.0,11.0
2023-03-29 08:00:00,4971.0,11.3
2023-03-29 09:00:00,5713.0,11.7
2023-03-29 10:00:00,5995.0,11.8
2023-03-29 11:00:00,6219.0,12.3
2023-03-29 12:00:00,5852.0,12.7
2023-03-29 13:00:00,5563.0,13.2
2023-03-29 14:00:00,5642.0,13.1
2023-03-29 15:00:00,5662.0,13.1
2023-03-29 16:00:00,5800.0,13.0
2023-03-29 17:00:00,6130.0,12.8
2023-03-29 18:00:00,5997.0,12.6
2023-03-29 19:00:00,6178.0,12.1
2023-03-29 20:00:00,6016.0,12.1
2023-03-29 21:00:00,6002.0,12.0
2023-03-29 22:00:00,5588.0,11.9
2023-03-29 23:00:00,4923.0,11.9
2023-03-30 00:00:00,4686.0,11.9
2023-03-30 01:00:00,4075.0,12.0
2023-03-30 02:00:00,3795.0,11.7
2023-03-30 03:00:00,3600.0,11.7
2023-03-30 04:00:00,3488.0,11.7
2023-03-30 05:00:00,3456.0,11.7
2023-03-30 06:00:00,3690.0,11.5
2023-03-30 07:00:00,4444.0,11.5
2023-03-30 08:00:00,4837.0,12.3
2023-03-30 09:00:00,5331.0,14.0
2023-03-30 10:00:00,5429.0,14.8
2023-03-30 11:00:00,5519.0,16.6
2023-03-30 12:00:00,5106.0,17.3
2023-03-30 13:00:00,5025.0,17.4
2023-03-30 14:00:00,5007.0,17.7
2023-03-30 15:00:00,5049.0,18.5
2023-03-30 16:00:00,5240.0,18.3
2023-03-30 17:00:00,5620.0,17.7
2023-03-30 18:00:00,5542.0,17.3
2023-03-30 19:00:00,5778.0,16.6
2023-03-30 20:00:00,5751.0,16.3
2023-03-30 21:00:00,5712.0,15.8
2023-03-30 22:00:00,5387.0,15.5
2023-03-30 23:00:00,4756.0,15.0
2023-03-31 00:00:00,4526.0,14.3
2023-03-31 01:00:00,3887.0,13.8
2023-03-31 02:00:00,3649.0,14.0
2023-03-31 03:00:00,3459.0,13.4
2023-03-31 04:00:00,3366.0,13.1
2023-03-31 05:00:00,3375.0,12.7
2023-03-31 06:00:00,3631.0,12.6
2023-03-31 07:00:00,4347.0,12.1
2023-03-31 08:00:00,4686.0,13.5
2023-03-31 09:00:00,5179.0,14.4
2023-03-31 10:00:00,5212.0,17.3
2023-03-31 11:00:00,5299.0,20.4
2023-03-31 12:00:00,4803.0,21.6
2023-03-31 13:00:00,4604.0,22.5
2023-03-31 14:00:00,4637.0,23.5
2023-03-31 15:00:00,4663.0,23.0
2023-03-31 16:00:00,4913.0,22.8
2023-03-31 17:00:00,5249.0,22.8
2023-03-31 18:00:00,5263.0,21.8
2023-03-31 19:00:00,5449.0,20.5
2023-03-31 20:00:00,5393.0,19.9
2023-03-31 21:00:00,5294.0,19.0
2023-03-31 22:00:00,5047.0,18.3
2023-03-31 23:00:00,4629.0,17.6
2023-04-01 00:00:00,4455.0,17.0
2023-04-01 01:00:00,3900.0,17.3
2023-04-01 02:00:00,3575.0,17.1
2023-04-01 03:00:00,3351.0,16.7
2023-04-01 04:00:00,3289.0,16.4
2023-04-01 05:00:00,3252.0,15.9
2023-04-01 06:00:00,3437.0,15.2
2023-04-01 07:00:00,3898.0,15.0
2023-04-01 08:00:00,4276.0,16.5
2023-04-01 09:00:00,4771.0,18.8
2023-04-01 10:00:00,4772.0,22.3
2023-04-01 11:00:00,4944.0,24.1
2023-04-01 12:00:00,4569.0,25.3
2023-04-01 13:00:00,4355.0,25.8
2023-04-01 14:00:00,4348.0,26.8
2023-04-01 15:00:00,4390.0,27.7
2023-04-01 16:00:00,4695.0,27.9
2023-04-01 17:00:00,4976.0,27.2
2023-04-01 18:00:00,5010.0,26.6
2023-04-01 19:00:00,5238.0,24.6
2023-04-01 20:00:00,5191.0,23.3
2023-04-01 21:00:00,5049.0,21.9
2023-04-01 22:00:00,4844.0,20.6
2023-04-01 23:00:00,4396.0,20.0
2023-04-02 00:00:00,4279.0,19.7
2023-04-02 01:00:00,3811.0,19.3
2023-04-02 02:00:00,3531.0,18.8
2023-04-02 03:00:00,3310.0,19.2
2023-04-02 04:00:00,3233.0,18.9
2023-04-02 05:00:00,3209.0,18.7
2023-04-02 06:00:00,3353.0,18.0
2023-04-02 07:00:00,3739.0,18.1
2023-04-02 08:00:00,4102.0,18.6
2023-04-02 09:00:00,4568.0,21.3
2023-04-02 10:00:00,4753.0,21.1
2023-04-02 11:00:00,4969.0,22.6
2023-04-02 12:00:00,4513.0,24.2
2023-04-02 13:00:00,4306.0,25.7
2023-04-02 14:00:00,4466.0,24.9
2023-04-02 15:00:00,4539.0,24.1
2023-04-02 16:00:00,4705.0,23.7
2023-04-02 17:00:00,5016.0,23.5
2023-04-02 18:00:00,5088.0,23.1
2023-04-02 19:00:00,5241.0,22.1
2023-04-02 20:00:00,5166.0,21.7
2023-04-02 21:00:00,5109.0,21.7
2023-04-02 22:00:00,4722.0,21.3
2023-04-02 23:00:00,4219.0,21.1
2023-04-03 00:00:00,4134.0,21.0
2023-04-03 01:00:00,3643.0,21.2
2023-04-03 02:00:00,3407.0,21.2
2023-04-03 03:00:00,3256.0,21.2
2023-04-03 04:00:00,3155.0,21.1
2023-04-03 05:00:00,3130.0,21.1
2023-04-03 06:00:00,3400.0,20.9
2023-04-03 07:00:00,4003.0,21.5
2023-04-03 08:00:00,4286.0,23.1
2023-04-03 09:00:00,4687.0,25.9
2023-04-03 10:00:00,4977.0,25.8
2023-04-03 11:00:00,5154.0,27.2
2023-04-03 12:00:00,4636.0,28.0
2023-04-03 13:00:00,4582.0,26.4
2023-04-03 14:00:00,4521.0,25.9
2023-04-03 15:00:00,4802.0,24.6
2023-04-03 16:00:00,4918.0,22.4
2023-04-03 17:00:00,5285.0,22.9
2023-04-03 18:00:00,5170.0,23.4
2023-04-03 19:00:00,5339.0,23.1
2023-04-03 20:00:00,5232.0,22.8
2023-04-03 21:00:00,5070.0,22.7
2023-04-03 22:00:00,4716.0,22.8
2023-04-03 23:00:00,4227.0,22.9
2023-04-04 00:00:00,4150.0,22.3
2023-04-04 01:00:00,3648.0,19.1
2023-04-04 02:00:00,3397.0,19.0
2023-04-04 03:00:00,3256.0,18.2
2023-04-04 04:00:00,3157.0,16.5
2023-04-04 05:00:00,3072.0,15.9
2023-04-04 06:00:00,3282.0,15.6
2023-04-04 07:00:00,3770.0,15.4
2023-04-04 08:00:00,4200.0,14.7
2023-04-04 09:00:00,4831.0,14.6
2023-04-04 10:00:00,4896.0,15.4
2023-04-04 11:00:00,5192.0,15.3
2023-04-04 12:00:00,4886.0,14.9
2023-04-04 13:00:00,4699.0,14.2
2023-04-04 14:00:00,4521.0,15.1
2023-04-04 15:00:00,4640.0,14.9
2023-04-04 16:00:00,4794.0,14.8
2023-04-04 17:00:00,5169.0,14.6
2023-04-04 18:00:00,5039.0,13.9
2023-04-04 19:00:00,5079.0,13.5
2023-04-04 20:00:00,4936.0,13.3
2023-04-04 21:00:00,4643.0,13.3
2023-04-04 22:00:00,4380.0,12.9
2023-04-04 23:00:00,3914.0,13.0
2023-04-05 00:00:00,3914.0,13.1
2023-04-05 01:00:00,3398.0,13.0
2023-04-05 02:00:00,3119.0,13.0
2023-04-05 03:00:00,2941.0,13.0
2023-04-05 04:00:00,2830.0,12.9
2023-04-05 05:00:00,2820.0,12.8
2023-04-05 06:00:00,2964.0,12.7
2023-04-05 07:00:00,3285.0,12.7
2023-04-05 08:00:00,3597.0,12.9
2023-04-05 09:00:00,4030.0,13.3
2023-04-05 10:00:00,4235.0,13.9
2023-04-05 11:00:00,4431.0,14.7
2023-04-05 12:00:00,4327.0,15.0
2023-04-05 13:00:00,4101.0,15.5
2023-04-05 14:00:00,4069.0,15.0
2023-04-05 15:00:00,4069.0,15.0
2023-04-05 16:00:00,4344.0,14.6
2023-04-05 17:00:00,4816.0,11.8
2023-04-05 18:00:00,4910.0,11.5
2023-04-05 19:00:00,4975.0,11.6
2023-04-05 20:00:00,4996.0,11.4
2023-04-05 21:00:00,4891.0,11.4
2023-04-05 22:00:00,4463.0,11.3
2023-04-05 23:00:00,3925.0,11.3
2023-04-06 00:00:00,3850.0,11.1
2023-04-06 01:00:00,3364.0,11.0
2023-04-06 02:00:00,3133.0,10.9
2023-04-06 03:00:00,2959.0,11.0
2023-04-06 04:00:00,2863.0,11.1
2023-04-06 05:00:00,2900.0,11.2
2023-04-06 06:00:00,3155.0,11.2
2023-04-06 07:00:00,3839.0,11.1
2023-04-06 08:00:00,4332.0,10.8
2023-04-06 09:00:00,5249.0,10.7
2023-04-06 10:00:00,5564.0,10.9
2023-04-06 11:00:00,5761.0,11.1
2023-04-06 12:00:00,5278.0,11.6
2023-04-06 13:00:00,4888.0,12.9
2023-04-06 14:00:00,4946.0,15.5
2023-04-06 15:00:00,5044.0,15.3
2023-04-06 16:00:00,5173.0,15.3
2023-04-06 17:00:00,5464.0,15.1
2023-04-06 18:00:00,5357.0,14.6
2023-04-06 19:00:00,5502.0,13.8
2023-04-06 20:00:00,5493.0,13.5
2023-04-06 21:00:00,5448.0,13.3
2023-04-06 22:00:00,5160.0,13.2
2023-04-06 23:00:00,4571.0,12.4
2023-04-07 00:00:00,4414.0,10.9
2023-04-07 01:00:00,3854.0,10.6
2023-04-07 02:00:00,3591.0,9.8
2023-04-07 03:00:00,3399.0,9.6
2023-04-07 04:00:00,3304.0,9.2
2023-04-07 05:00:00,3304.0,9.1
2023-04-07 06:00:00,3608.0,8.6
2023-04-07 07:00:00,4293.0,8.1
2023-04-07 08:00:00,4609.0,8.7
2023-04-07 09:00:00,5052.0,9.9
2023-04-07 10:00:00,5063.0,11.7
2023-04-07 11:00:00,5212.0,16.2
2023-04-07 12:00:00,4727.0,18.6
2023-04-07 13:00:00,4500.0,19.4
2023-04-07 14:00:00,4549.0,20.9
2023-04-07 15:00:00,4652.0,21.7
2023-04-07 16:00:00,4911.0,21.1
2023-04-07 17:00:00,5267.0,20.6
2023-04-07 18:00:00,5228.0,19.6
2023-04-07 19:00:00,5429.0,17.5
2023-04-07 20:00:00,5413.0,16.3
2023-04-07 21:00:00,5345.0,16.0
2023-04-07 22:00:00,5128.0,15.6
2023-04-07 23:00:00,4619.0,15.0
2023-04-08 00:00:00,4489.0,14.8
2023-04-08 01:00:00,3919.0,14.5
2023-04-08 02:00:00,3667.0,13.6
2023-04-08 03:00:00,3440.0,13.4
2023-04-08 04:00:00,3279.0,13.0
2023-04-08 05:00:00,3301.0,13.0
2023-04-08 06:00:00,3529.0,12.4
2023-04-08 07:00:00,3973.0,12.9
2023-04-08 08:00:00,4312.0,14.1
2023-04-08 09:00:00,4801.0,16.6
2023-04-08 10:00:00,4878.0,18.3
2023-04-08 11:00:00,4999.0,19.9
2023-04-08 12:00:00,4597.0,21.8
2023-04-08 13:00:00,4417.0,22.5
2023-04-08 14:00:00,4467.0,23.0
2023-04-08 15:00:00,4484.0,23.0
2023-04-08 16:00:00,4657.0,23.6
2023-04-08 17:00:00,5001.0,23.0
2023-04-08 18:00:00,5064.0,22.5
2023-04-08 19:00:00,5317.0,19.8
2023-04-08 20:00:00,5206.0,18.8
2023-04-08 21:00:00,5151.0,18.2
2023-04-08 22:00:00,4858.0,17.0
2023-04-08 23:00:00,4451.0,17.2
2023-04-09 00:00:00,4325.0,16.8
2023-04-09 01:00:00,3850.0,14.4
2023-04-09 02:00:00,3527.0,13.9
2023-04-09 03:00:00,3351.0,13.3
2023-04-09 04:00:00,3256.0,12.7
2023-04-09 05:00:00,3253.0,12.2
2023-04-09 06:00:00,3466.0,12.0
2023-04-09 07:00:00,3864.0,12.1
2023-04-09 08:00:00,4175.0,14.5
2023-04-09 09:00:00,4571.0,17.4
2023-04-09 10:00:00,4661.0,21.0
2023-04-09 11:00:00,4846.0,22.6
2023-04-09 12:00:00,4427.0,24.0
2023-04-09 13:00:00,4290.0,25.4
2023-04-09 14:00:00,4294.0,25.7
2023-04-09 15:00:00,4325.0,26.1
2023-04-09 16:00:00,4558.0,26.1
2023-04-09 17:00:00,5029.0,26.1
2023-04-09 18:00:00,5098.0,24.7
2023-04-09 19:00:00,5257.0,23.3
2023-04-09 20:00:00,5246.0,22.5
2023-04-09 21:00:00,5191.0,22.0
2023-04-09 22:00:00,4782.0,20.5
2023-04-09 23:00:00,4234.0,19.7
2023-04-10 00:00:00,4153.0,19.0
2023-04-10 01:00:00,3617.0,18.3
2023-04-10 02:00:00,3422.0,17.4
2023-04-10 03:00:00,3246.0,17.0
2023-04-10 04:00:00,3165.0,16.5
2023-04-10 05:00:00,3158.0,16.8
2023-04-10 06:00:00,3467.0,16.9
2023-04-10 07:00:00,4067.0,17.5
2023-04-10 08:00:00,4396.0,18.7
2023-04-10 09:00:00,4965.0,19.4
2023-04-10 10:00:00,5122.0,19.7
2023-04-10 11:00:00,5373.0,19.5
2023-04-10 12:00:00,4911.0,20.7
2023-04-10 13:00:00,4569.0,20.5
2023-04-10 14:00:00,4755.0,21.1
2023-04-10 15:00:00,4821.0,22.1
2023-04-10 16:00:00,5013.0,22.6
2023-04-10 17:00:00,5285.0,22.9
2023-04-10 18:00:00,5256.0,21.9
2023-04-10 19:00:00,5369.0,20.7
2023-04-10 20:00:00,5332.0,19.7
2023-04-10 21:00:00,5236.0,19.8
2023-04-10 22:00:00,4916.0,19.3
2023-04-10 23:00:00,4280.0,19.3
2023-04-11 00:00:00,4267.0,19.2
2023-04-11 01:00:00,3779.0,18.8
2023-04-11 02:00:00,3555.0,18.1
2023-04-11 03:00:00,3361.0,18.4
2023-04-11 04:00:00,3298.0,18.2
2023-04-11 05:00:00,3269.0,17.8
2023-04-11 06:00:00,3572.0,17.3
2023-04-11 07:00:00,4159.0,16.7
2023-04-11 08:00:00,4464.0,18.9
2023-04-11 09:00:00,4942.0,22.3
2023-04-11 10:00:00,5062.0,23.9
2023-04-11 11:00:00,5220.0,25.7
2023-04-11 12:00:00,4863.0,26.1
2023-04-11 13:00:00,4591.0,26.4
2023-04-11 14:00:00,4877.0,27.2
2023-04-11 15:00:00,4983.0,26.2
2023-04-11 16:00:00,5225.0,24.7
2023-04-11 17:00:00,5645.0,23.4
2023-04-11 18:00:00,5529.0,22.0
2023-04-11 19:00:00,5546.0,21.4
2023-04-11 20:00:00,5403.0,21.4
2023-04-11 21:00:00,5331.0,21.3
2023-04-11 22:00:00,4923.0,21.1
2023-04-11 23:00:00,4411.0,20.8
2023-04-12 00:00:00,4326.0,20.5
2023-04-12 01:00:00,3857.0,20.2
2023-04-12 02:00:00,3616.0,20.1
2023-04-12 03:00:00,3436.0,19.9
2023-04-12 04:00:00,3362.0,20.0
2023-04-12 05:00:00,3339.0,19.8
2023-04-12 06:00:00,3673.0,19.7
2023-04-12 07:00:00,4229.0,19.5
2023-04-12 08:00:00,4509.0,19.7
2023-04-12 09:00:00,4996.0,20.2
2023-04-12 10:00:00,5075.0,21.2
2023-04-12 11:00:00,5284.0,24.3
2023-04-12 12:00:00,4842.0,26.5
2023-04-12 13:00:00,4651.0,27.9
2023-04-12 14:00:00,4767.0,28.0
2023-04-12 15:00:00,4920.0,28.0
2023-04-12 16:00:00,5166.0,29.3
2023-04-12 17:00:00,5488.0,28.3
2023-04-12 18:00:00,5434.0,27.5
2023-04-12 19:00:00,5610.0,26.1
2023-04-12 20:00:00,5477.0,25.3
2023-04-12 21:00:00,5371.0,25.4
2023-04-12 22:00:00,5082.0,24.8
2023-04-12 23:00:00,4522.0,23.6
2023-04-13 00:00:00,4441.0,23.2
2023-04-13 01:00:00,3973.0,23.0
2023-04-13 02:00:00,3676.0,22.2
2023-04-13 03:00:00,3521.0,21.6
2023-04-13 04:00:00,3394.0,21.4
2023-04-13 05:00:00,3414.0,21.3
2023-04-13 06:00:00,3734.0,21.1
2023-04-13 07:00:00,4231.0,21.4
2023-04-13 08:00:00,4577.0,21.8
2023-04-13 09:00:00,5142.0,23.5
2023-04-13 10:00:00,5233.0,25.5
2023-04-13 11:00:00,5394.0,27.4
2023-04-13 12:00:00,5161.0,27.8
2023-04-13 13:00:00,4984.0,28.1
2023-04-13 14:00:00,5050.0,28.1
2023-04-13 15:00:00,5188.0,28.7
2023-04-13 16:00:00,5460.0,29.0
2023-04-13 17:00:00,5704.0,28.8
2023-04-13 18:00:00,5708.0,28.0
2023-04-13 19:00:00,5838.0,27.4
2023-04-13 20:00:00,5743.0,26.7
2023-04-13 21:00:00,5587.0,26.0
2023-04-13 22:00:00,5184.0,24.6
2023-04-13 23:00:00,4713.0,24.2
2023-04-14 00:00:00,4602.0,23.3
2023-04-14 01:00:00,4089.0,23.7
2023-04-14 02:00:00,3841.0,22.5
2023-04-14 03:00:00,3654.0,22.0
2023-04-14 04:00:00,3532.0,21.3
2023-04-14 05:00:00,3487.0,20.8
2023-04-14 06:00:00,3695.0,20.4
2023-04-14 07:00:00,4264.0,20.3
2023-04-14 08:00:00,4647.0,20.7
2023-04-14 09:00:00,5187.0,22.1
2023-04-14 10:00:00,5391.0,22.6
2023-04-14 11:00:00,5557.0,22.9
2023-04-14 12:00:00,5193.0,22.5
2023-04-14 13:00:00,4953.0,22.9
2023-04-14 14:00:00,5069.0,23.5
2023-04-14 15:00:00,5177.0,23.3
2023-04-14 16:00:00,5354.0,21.3
2023-04-14 17:00:00,5670.0,20.4
2023-04-14 18:00:00,5463.0,20.3
2023-04-14 19:00:00,5515.0,20.0
2023-04-14 20:00:00,5329.0,18.4
2023-04-14 21:00:00,5141.0,18.3
2023-04-14 22:00:00,4845.0,18.2
2023-04-14 23:00:00,4460.0,18.0
2023-04-15 00:00:00,4437.0,17.5
2023-04-15 01:00:00,3961.0,17.4
2023-04-15 02:00:00,3705.0,17.4
2023-04-15 03:00:00,3510.0,16.8
2023-04-15 04:00:00,3428.0,16.3
2023-04-15 05:00:00,3399.0,16.3
2023-04-15 06:00:00,3644.0,16.1
2023-04-15 07:00:00,4012.0,16.0
2023-04-15 08:00:00,4306.0,17.4
2023-04-15 09:00:00,4776.0,19.1
2023-04-15 10:00:00,4948.0,21.9
2023-04-15 11:00:00,5160.0,23.7
2023-04-15 12:00:00,4801.0,24.7
2023-04-15 13:00:00,4596.0,25.4
2023-04-15 14:00:00,4690.0,26.1
2023-04-15 15:00:00,4647.0,26.9
2023-04-15 16:00:00,4883.0,27.2
2023-04-15 17:00:00,5206.0,27.1
2023-04-15 18:00:00,5283.0,26.0
2023-04-15 19:00:00,5368.0,24.2
2023-04-15 20:00:00,5310.0,23.0
2023-04-15 21:00:00,5175.0,21.6
2023-04-15 22:00:00,4951.0,20.4
2023-04-15 23:00:00,4501.0,19.0
2023-04-16 00:00:00,4443.0,18.1
2023-04-16 01:00:00,3973.0,17.7
2023-04-16 02:00:00,3628.0,17.2
2023-04-16 03:00:00,3438.0,16.8
2023-04-16 04:00:00,3354.0,16.9
2023-04-16 05:00:00,3330.0,16.5
2023-04-16 06:00:00,3558.0,16.2
2023-04-16 07:00:00,3915.0,17.1
2023-04-16 08:00:00,4168.0,19.7
2023-04-16 09:00:00,4609.0,21.9
2023-04-16 10:00:00,4710.0,24.8
2023-04-16 11:00:00,4905.0,27.6
2023-04-16 12:00:00,4617.0,28.8
2023-04-16 13:00:00,4479.0,30.7
2023-04-16 14:00:00,4524.0,31.4
2023-04-16 15:00:00,4638.0,31.5
2023-04-16 16:00:00,4875.0,31.9
2023-04-16 17:00:00,5271.0,31.5
2023-04-16 18:00:00,5299.0,30.8
2023-04-16 19:00:00,5392.0,28.4
2023-04-16 20:00:00,5387.0,27.2
2023-04-16 21:00:00,5316.0,25.8
2023-04-16 22:00:00,4868.0,25.4
2023-04-16 23:00:00,4415.0,24.6
2023-04-17 00:00:00,4384.0,23.4
2023-04-17 01:00:00,3902.0,22.6
2023-04-17 02:00:00,3620.0,23.0
2023-04-17 03:00:00,3444.0,22.4
2023-04-17 04:00:00,3352.0,21.0
2023-04-17 05:00:00,3347.0,20.7
2023-04-17 06:00:00,3700.0,20.7
2023-04-17 07:00:00,4232.0,22.6
2023-04-17 08:00:00,4468.0,24.1
2023-04-17 09:00:00,5108.0,26.8
2023-04-17 10:00:00,5328.0,29.6
2023-04-17 11:00:00,5536.0,30.4
2023-04-17 12:00:00,5152.0,32.1
2023-04-17 13:00:00,5054.0,33.1
2023-04-17 14:00:00,5185.0,33.7
2023-04-17 15:00:00,5437.0,33.9
2023-04-17 16:00:00,5722.0,34.0
2023-04-17 17:00:00,6020.0,33.3
2023-04-17 18:00:00,5884.0,32.4
2023-04-17 19:00:00,6015.0,30.6
2023-04-17 20:00:00,5913.0,29.9
2023-04-17 21:00:00,5763.0,28.8
2023-04-17 22:00:00,5369.0,24.0
2023-04-17 23:00:00,4831.0,23.3
2023-04-18 00:00:00,4759.0,23.0
2023-04-18 01:00:00,4261.0,22.7
2023-04-18 02:00:00,4011.0,22.7
2023-04-18 03:00:00,3796.0,21.5
2023-04-18 04:00:00,3652.0,20.8
2023-04-18 05:00:00,3691.0,21.3
2023-04-18 06:00:00,3859.0,20.7
2023-04-18 07:00:00,4349.0,20.1
2023-04-18 08:00:00,4737.0,20.2
2023-04-18 09:00:00,5375.0,20.1
2023-04-18 10:00:00,5579.0,20.1
2023-04-18 11:00:00,5736.0,20.4
2023-04-18 12:00:00,5324.0,20.9
2023-04-18 13:00:00,5144.0,21.0
2023-04-18 14:00:00,5137.0,21.1
2023-04-18 15:00:00,5330.0,21.0
2023-04-18 16:00:00,5510.0,21.0
2023-04-18 17:00:00,5821.0,20.7
2023-04-18 18:00:00,5643.0,20.7
2023-04-18 19:00:00,5690.0,20.6
2023-04-18 20:00:00,5539.0,20.5
2023-04-18 21:00:00,5365.0,20.4
2023-04-18 22:00:00,5001.0,20.4
2023-04-18 23:00:00,4547.0,20.1
2023-04-19 00:00:00,4523.0,20.0
2023-04-19 01:00:00,4061.0,19.7
2023-04-19 02:00:00,3832.0,19.6
2023-04-19 03:00:00,3652.0,19.5
2023-04-19 04:00:00,3555.0,19.6
2023-04-19 05:00:00,3558.0,19.5
2023-04-19 06:00:00,3844.0,19.5
2023-04-19 07:00:00,4353.0,19.8
2023-04-19 08:00:00,4667.0,20.2
2023-04-19 09:00:00,5234.0,21.3
2023-04-19 10:00:00,5387.0,22.6
2023-04-19 11:00:00,5620.0,24.0
2023-04-19 12:00:00,5194.0,25.1
2023-04-19 13:00:00,5040.0,25.6
2023-04-19 14:00:00,5157.0,26.1
2023-04-19 15:00:00,5359.0,27.2
2023-04-19 16:00:00,5575.0,25.8
2023-04-19 17:00:00,5843.0,25.8
2023-04-19 18:00:00,5765.0,25.7
2023-04-19 19:00:00,5938.0,23.4
2023-04-19 20:00:00,5777.0,23.3
2023-04-19 21:00:00,5623.0,23.1
2023-04-19 22:00:00,5241.0,22.2
2023-04-19 23:00:00,4763.0,21.8
2023-04-20 00:00:00,4660.0,21.7
2023-04-20 01:00:00,4184.0,21.0
2023-04-20 02:00:00,3914.0,21.0
2023-04-20 03:00:00,3741.0,20.4
2023-04-20 04:00:00,3638.0,20.1
2023-04-20 05:00:00,3667.0,20.1
2023-04-20 06:00:00,3927.0,20.3
2023-04-20 07:00:00,4443.0,20.1
2023-04-20 08:00:00,4742.0,21.3
2023-04-20 09:00:00,5326.0,22.2
2023-04-20 10:00:00,5520.0,25.3
2023-04-20 11:00:00,5826.0,27.7
2023-04-20 12:00:00,5365.0,28.1
2023-04-20 13:00:00,5316.0,28.9
2023-04-20 14:00:00,5447.0,28.8
2023-04-20 15:00:00,5468.0,29.4
2023-04-20 16:00:00,5709.0,29.1
2023-04-20 17:00:00,5983.0,29.1
2023-04-20 18:00:00,5887.0,29.0
2023-04-20 19:00:00,5988.0,27.5
2023-04-20 20:00:00,5965.0,26.5
2023-04-20 21:00:00,5791.0,26.2
2023-04-20 22:00:00,5491.0,25.9
2023-04-20 23:00:00,4923.0,25.2
2023-04-21 00:00:00,4859.0,23.9
2023-04-21 01:00:00,4348.0,22.9
2023-04-21 02:00:00,4101.0,22.8
2023-04-21 03:00:00,3888.0,23.1
2023-04-21 04:00:00,3783.0,23.0
2023-04-21 05:00:00,3770.0,22.3
2023-04-21 06:00:00,4085.0,21.3
2023-04-21 07:00:00,4486.0,21.8
2023-04-21 08:00:00,4789.0,23.5
2023-04-21 09:00:00,5392.0,25.9
2023-04-21 10:00:00,5625.0,27.9
2023-04-21 11:00:00,5895.0,28.9
2023-04-21 12:00:00,5628.0,29.6
2023-04-21 13:00:00,5571.0,29.7
2023-04-21 14:00:00,5664.0,29.5
2023-04-21 15:00:00,5769.0,28.9
2023-04-21 16:00:00,5866.0,28.9
2023-04-21 17:00:00,6143.0,29.0
2023-04-21 18:00:00,6073.0,28.1
2023-04-21 19:00:00,6080.0,26.5
2023-04-21 20:00:00,5930.0,25.3
2023-04-21 21:00:00,5723.0,24.3
2023-04-21 22:00:00,5366.0,23.9
2023-04-21 23:00:00,4891.0,23.0
2023-04-22 00:00:00,4780.0,21.7
2023-04-22 01:00:00,4277.0,20.3
2023-04-22 02:00:00,3981.0,19.1
2023-04-22 03:00:00,3776.0,17.9
2023-04-22 04:00:00,3667.0,17.3
2023-04-22 05:00:00,3657.0,17.2
2023-04-22 06:00:00,3790.0,16.5
2023-04-22 07:00:00,4081.0,15.1
2023-04-22 08:00:00,4472.0,14.5
2023-04-22 09:00:00,5064.0,14.1
2023-04-22 10:00:00,5259.0,13.5
2023-04-22 11:00:00,5549.0,13.2
2023-04-22 12:00:00,5064.0,12.8
2023-04-22 13:00:00,4939.0,12.4
2023-04-22 14:00:00,5059.0,12.1
2023-04-22 15:00:00,5099.0,11.7
2023-04-22 16:00:00,5285.0,11.2
2023-04-22 17:00:00,5619.0,10.6
2023-04-22 18:00:00,5474.0,10.4
2023-04-22 19:00:00,5434.0,10.1
2023-04-22 20:00:00,5356.0,10.2
2023-04-22 21:00:00,5222.0,10.2
2023-04-22 22:00:00,4819.0,10.1
2023-04-22 23:00:00,4352.0,9.8
2023-04-23 00:00:00,4360.0,9.8
2023-04-23 01:00:00,3956.0,9.9
2023-04-23 02:00:00,3721.0,9.8
2023-04-23 03:00:00,3561.0,9.7
2023-04-23 04:00:00,3480.0,9.6
2023-04-23 05:00:00,3432.0,9.3
2023-04-23 06:00:00,3712.0,9.3
2023-04-23 07:00:00,4249.0,9.3
2023-04-23 08:00:00,4626.0,9.4
2023-04-23 09:00:00,5309.0,9.8
2023-04-23 10:00:00,5572.0,9.9
2023-04-23 11:00:00,5836.0,9.8
2023-04-23 12:00:00,5446.0,9.9
2023-04-23 13:00:00,5221.0,9.9
2023-04-23 14:00:00,5284.0,10.0
2023-04-23 15:00:00,5395.0,10.1
2023-04-23 16:00:00,5495.0,10.0
2023-04-23 17:00:00,5857.0,10.1
2023-04-23 18:00:00,5803.0,10.0
2023-04-23 19:00:00,5955.0,10.0
2023-04-23 20:00:00,5910.0,10.0
2023-04-23 21:00:00,5821.0,9.9
2023-04-23 22:00:00,5480.0,9.8
2023-04-23 23:00:00,4959.0,9.6
2023-04-24 00:00:00,4361.0,9.5
2023-04-24 01:00:00,4049.0,9.6
2023-04-24 02:00:00,3830.0,9.8
2023-04-24 03:00:00,3620.0,9.7
2023-04-24 04:00:00,3528.0,9.7
2023-04-24 05:00:00,3512.0,9.8
2023-04-24 06:00:00,3815.0,9.8
2023-04-24 07:00:00,4447.0,9.7
2023-04-24 08:00:00,4852.0,9.7
2023-04-24 09:00:00,5533.0,9.8
2023-04-24 10:00:00,5846.0,10.0
2023-04-24 11:00:00,6106.0,10.4
2023-04-24 12:00:00,5656.0,11.0
2023-04-24 13:00:00,5442.0,11.1
2023-04-24 14:00:00,5565.0,11.4
2023-04-24 15:00:00,5617.0,11.1
2023-04-24 16:00:00,5755.0,11.3
2023-04-24 17:00:00,6177.0,11.1
2023-04-24 18:00:00,5975.0,11.0
2023-04-24 19:00:00,5947.0,10.8
2023-04-24 20:00:00,5963.0,10.8
2023-04-24 21:00:00,5843.0,10.7
2023-04-24 22:00:00,5404.0,10.6
2023-04-24 23:00:00,4817.0,10.6
2023-04-25 00:00:00,4749.0,10.4
2023-04-25 01:00:00,4207.0,10.3
2023-04-25 02:00:00,3949.0,10.3
2023-04-25 03:00:00,3722.0,10.4
2023-04-25 04:00:00,3660.0,10.3
2023-04-25 05:00:00,3625.0,10.2
2023-04-25 06:00:00,3886.0,10.4
2023-04-25 07:00:00,4523.0,10.4
2023-04-25 08:00:00,4845.0,10.6
2023-04-25 09:00:00,5687.0,10.9
2023-04-25 10:00:00,5845.0,11.2
2023-04-25 11:00:00,6033.0,12.3
2023-04-25 12:00:00,5504.0,12.9
2023-04-25 13:00:00,5124.0,13.7
2023-04-25 14:00:00,5036.0,15.1
2023-04-25 15:00:00,5042.0,15.6
2023-04-25 16:00:00,5253.0,16.1
2023-04-25 17:00:00,5542.0,16.1
2023-04-25 18:00:00,5474.0,16.5
2023-04-25 19:00:00,5614.0,14.9
2023-04-25 20:00:00,5756.0,14.5
2023-04-25 21:00:00,5755.0,14.3
2023-04-25 22:00:00,5430.0,12.9
2023-04-25 23:00:00,4836.0,11.4
2023-04-26 00:00:00,4747.0,11.0
2023-04-26 01:00:00,4152.0,10.8
2023-04-26 02:00:00,3874.0,10.1
2023-04-26 03:00:00,3645.0,9.5
2023-04-26 04:00:00,3569.0,9.1
2023-04-26 05:00:00,3562.0,8.6
2023-04-26 06:00:00,3955.0,8.5
2023-04-26 07:00:00,4483.0,9.7
2023-04-26 08:00:00,4705.0,12.0
2023-04-26 09:00:00,5150.0,13.7
2023-04-26 10:00:00,5148.0,16.2
2023-04-26 11:00:00,5264.0,18.8
2023-04-26 12:00:00,4764.0,20.5
2023-04-26 13:00:00,4525.0,21.4
2023-04-26 14:00:00,4639.0,23.2
2023-04-26 15:00:00,4753.0,23.5
2023-04-26 16:00:00,4952.0,23.5
2023-04-26 17:00:00,5318.0,23.3
2023-04-26 18:00:00,5362.0,23.4
2023-04-26 19:00:00,5437.0,21.3
2023-04-26 20:00:00,5563.0,19.8
2023-04-26 21:00:00,5534.0,19.1
2023-04-26 22:00:00,5179.0,17.5
2023-04-26 23:00:00,4621.0,16.7
2023-04-27 00:00:00,4439.0,16.6
2023-04-27 01:00:00,4009.0,16.0
2023-04-27 02:00:00,3716.0,15.7
2023-04-27 03:00:00,3595.0,15.6
2023-04-27 04:00:00,3456.0,14.7
2023-04-27 05:00:00,3456.0,14.7
2023-04-27 06:00:00,3848.0,14.4
2023-04-27 07:00:00,4325.0,15.1
2023-04-27 08:00:00,4687.0,16.5
2023-04-27 09:00:00,5220.0,17.0
2023-04-27 10:00:00,5272.0,17.2
2023-04-27 11:00:00,5403.0,20.7
2023-04-27 12:00:00,4996.0,20.7
2023-04-27 13:00:00,4746.0,21.2
2023-04-27 14:00:00,4840.0,21.6
2023-04-27 15:00:00,4835.0,20.8
2023-04-27 16:00:00,5200.0,20.4
2023-04-27 17:00:00,5579.0,20.3
2023-04-27 18:00:00,5448.0,20.3
2023-04-27 19:00:00,5496.0,20.0
2023-04-27 20:00:00,5466.0,19.6
2023-04-27 21:00:00,5449.0,19.4
2023-04-27 22:00:00,5086.0,19.4
2023-04-27 23:00:00,4483.0,18.7
2023-04-28 00:00:00,4447.0,18.6
2023-04-28 01:00:00,3980.0,18.8
2023-04-28 02:00:00,3704.0,18.5
2023-04-28 03:00:00,3513.0,18.2
2023-04-28 04:00:00,3427.0,18.1
2023-04-28 05:00:00,3450.0,17.9
2023-04-28 06:00:00,3687.0,17.8
2023-04-28 07:00:00,4238.0,17.6
2023-04-28 08:00:00,4605.0,17.8
2023-04-28 09:00:00,5186.0,17.7
2023-04-28 10:00:00,5395.0,17.4
2023-04-28 11:00:00,5604.0,18.8
2023-04-28 12:00:00,5246.0,19.1
2023-04-28 13:00:00,4971.0,19.3
2023-04-28 14:00:00,5053.0,19.7
2023-04-28 15:00:00,5098.0,20.0
2023-04-28 16:00:00,5235.0,19.6
2023-04-28 17:00:00,5609.0,19.4
2023-04-28 18:00:00,5472.0,19.2
2023-04-28 19:00:00,5501.0,18.7
2023-04-28 20:00:00,5478.0,18.4
2023-04-28 21:00:00,5359.0,18.1
2023-04-28 22:00:00,5093.0,17.6
2023-04-28 23:00:00,4555.0,16.7
2023-04-29 00:00:00,4583.0,16.8
2023-04-29 01:00:00,4087.0,16.6
2023-04-29 02:00:00,3762.0,16.4
2023-04-29 03:00:00,3531.0,16.5
2023-04-29 04:00:00,3417.0,16.0
2023-04-29 05:00:00,3428.0,15.7
2023-04-29 06:00:00,3589.0,15.4
2023-04-29 07:00:00,3841.0,15.4
2023-04-29 08:00:00,4245.0,15.7
2023-04-29 09:00:00,4860.0,16.1
2023-04-29 10:00:00,4923.0,16.2
2023-04-29 11:00:00,5035.0,18.4
2023-04-29 12:00:00,4664.0,19.5
2023-04-29 13:00:00,4350.0,20.1
2023-04-29 14:00:00,4385.0,21.1
2023-04-29 15:00:00,4378.0,22.4
2023-04-29 16:00:00,4552.0,22.5
2023-04-29 17:00:00,4970.0,21.1
2023-04-29 18:00:00,4952.0,20.4
2023-04-29 19:00:00,4969.0,18.5
2023-04-29 20:00:00,5081.0,17.1
2023-04-29 21:00:00,4966.0,15.8
2023-04-29 22:00:00,4757.0,14.7
2023-04-29 23:00:00,4396.0,14.0
2023-04-30 00:00:00,4333.0,13.2
2023-04-30 01:00:00,3838.0,12.7
2023-04-30 02:00:00,3525.0,12.0
2023-04-30 03:00:00,3330.0,11.5
2023-04-30 04:00:00,3232.0,11.3
2023-04-30 05:00:00,3194.0,10.4
2023-04-30 06:00:00,3455.0,10.1
2023-04-30 07:00:00,3771.0,11.6
2023-04-30 08:00:00,3878.0,14.2
2023-04-30 09:00:00,4269.0,16.9
2023-04-30 10:00:00,4262.0,19.3
2023-04-30 11:00:00,4343.0,21.5
2023-04-30 12:00:00,4053.0,22.5
2023-04-30 13:00:00,3903.0,23.9
2023-04-30 14:00:00,3887.0,25.4
2023-04-30 15:00:00,3973.0,26.4
2023-04-30 16:00:00,4124.0,26.2
2023-04-30 17:00:00,4442.0,26.0
2023-04-30 18:00:00,4490.0,25.1
2023-04-30 19:00:00,4474.0,23.8
2023-04-30 20:00:00,4711.0,23.1
2023-04-30 21:00:00,4479.0,21.5
2023-04-30 22:00:00,4250.0,19.8
2023-04-30 23:00:00,3872.0,17.8
2023-05-01 00:00:00,3810.0,16.8
2023-05-01 01:00:00,3382.0,15.4
2023-05-01 02:00:00,3112.0,15.4
2023-05-01 03:00:00,2914.0,15.3
2023-05-01 04:00:00,2823.0,14.7
2023-05-01 05:00:00,2797.0,14.3
2023-05-01 06:00:00,3004.0,13.9
2023-05-01 07:00:00,3198.0,15.0
2023-05-01 08:00:00,3289.0,17.8
2023-05-01 09:00:00,3514.0,20.1
2023-05-01 10:00:00,3603.0,23.3
2023-05-01 11:00:00,3754.0,26.4
2023-05-01 12:00:00,3563.0,27.1
2023-05-01 13:00:00,3401.0,28.5
2023-05-01 14:00:00,3328.0,28.9
2023-05-01 15:00:00,3431.0,29.1
2023-05-01 16:00:00,3594.0,29.3
2023-05-01 17:00:00,3981.0,28.8
2023-05-01 18:00:00,4156.0,27.7
2023-05-01 19:00:00,4222.0,26.0
2023-05-01 20:00:00,4438.0,24.9
2023-05-01 21:00:00,4323.0,24.2
2023-05-01 22:00:00,4109.0,22.7
2023-05-01 23:00:00,3720.0,21.8
2023-05-02 00:00:00,3751.0,21.7
2023-05-02 01:00:00,3359.0,21.1
2023-05-02 02:00:00,3096.0,20.9
2023-05-02 03:00:00,2920.0,20.4
2023-05-02 04:00:00,2850.0,20.8
2023-05-02 05:00:00,2865.0,20.6
2023-05-02 06:00:00,3052.0,21.1
2023-05-02 07:00:00,3354.0,20.9
2023-05-02 08:00:00,3698.0,20.8
2023-05-02 09:00:00,4168.0,21.9
2023-05-02 10:00:00,4417.0,23.3
2023-05-02 11:00:00,4589.0,23.6
2023-05-02 12:00:00,4400.0,24.2
2023-05-02 13:00:00,4221.0,24.7
2023-05-02 14:00:00,4213.0,25.1
2023-05-02 15:00:00,4275.0,24.5
2023-05-02 16:00:00,4332.0,24.7
2023-05-02 17:00:00,4719.0,25.7
2023-05-02 18:00:00,4841.0,24.8
2023-05-02 19:00:00,4850.0,23.9
2023-05-02 20:00:00,4888.0,23.5
2023-05-02 21:00:00,4769.0,23.2
2023-05-02 22:00:00,4414.0,24.2
2023-05-02 23:00:00,4080.0,24.3
2023-05-03 00:00:00,4085.0,24.4
2023-05-03 01:00:00,3652.0,23.6
2023-05-03 02:00:00,3438.0,23.4
2023-05-03 03:00:00,3225.0,23.4
2023-05-03 04:00:00,3068.0,23.6
2023-05-03 05:00:00,3123.0,23.8
2023-05-03 06:00:00,3332.0,24.2
2023-05-03 07:00:00,3639.0,24.4
2023-05-03 08:00:00,4001.0,24.8
2023-05-03 09:00:00,4459.0,25.6
2023-05-03 10:00:00,4785.0,27.4
2023-05-03 11:00:00,4980.0,29.4
2023-05-03 12:00:00,4789.0,29.5
2023-05-03 13:00:00,4691.0,29.6
2023-05-03 14:00:00,4747.0,29.2
2023-05-03 15:00:00,4893.0,28.7
2023-05-03 16:00:00,5158.0,29.0
2023-05-03 17:00:00,5553.0,29.2
2023-05-03 18:00:00,5504.0,29.3
2023-05-03 19:00:00,5456.0,28.8
2023-05-03 20:00:00,5627.0,28.1
2023-05-03 21:00:00,5473.0,27.2
2023-05-03 22:00:00,5156.0,26.6
2023-05-03 23:00:00,4629.0,26.3
2023-05-04 00:00:00,4601.0,26.1
2023-05-04 01:00:00,4181.0,25.7
2023-05-04 02:00:00,3904.0,25.5
2023-05-04 03:00:00,3665.0,24.8
2023-05-04 04:00:00,3578.0,24.4
2023-05-04 05:00:00,3621.0,24.5
2023-05-04 06:00:00,3885.0,24.6
2023-05-04 07:00:00,4285.0,25.8
2023-05-04 08:00:00,4606.0,27.7
2023-05-04 09:00:00,5233.0,29.4
2023-05-04 10:00:00,5488.0,30.4
2023-05-04 11:00:00,5804.0,31.3
2023-05-04 12:00:00,5553.0,30.3
2023-05-04 13:00:00,5354.0,32.2
2023-05-04 14:00:00,5443.0,31.3
2023-05-04 15:00:00,5649.0,33.0
2023-05-04 16:00:00,5849.0,32.6
2023-05-04 17:00:00,6296.0,31.3
2023-05-04 18:00:00,6127.0,28.6
2023-05-04 19:00:00,6148.0,28.3
2023-05-04 20:00:00,6037.0,26.6
2023-05-04 21:00:00,5727.0,23.5
2023-05-04 22:00:00,5321.0,22.5
2023-05-04 23:00:00,4805.0,23.1
2023-05-05 00:00:00,4723.0,23.2
2023-05-05 01:00:00,4401.0,22.9
2023-05-05 02:00:00,4115.0,22.6
2023-05-05 03:00:00,3937.0,22.6
2023-05-05 04:00:00,3778.0,21.9
2023-05-05 05:00:00,3733.0,21.4
2023-05-05 06:00:00,4014.0,21.2
2023-05-05 07:00:00,4448.0,21.3
2023-05-05 08:00:00,4744.0,21.8
2023-05-05 09:00:00,5353.0,23.5
2023-05-05 10:00:00,5564.0,24.6
2023-05-05 11:00:00,5855.0,24.8
2023-05-05 12:00:00,5476.0,25.3
2023-05-05 13:00:00,5265.0,25.1
2023-05-05 14:00:00,5304.0,25.3
2023-05-05 15:00:00,5493.0,25.0
2023-05-05 16:00:00,5679.0,24.9
2023-05-05 17:00:00,6126.0,23.6
2023-05-05 18:00:00,5902.0,22.5
2023-05-05 19:00:00,5939.0,22.0
2023-05-05 20:00:00,5792.0,22.1
2023-05-05 21:00:00,5564.0,21.7
2023-05-05 22:00:00,5109.0,21.6
2023-05-05 23:00:00,4702.0,21.4
2023-05-06 00:00:00,4642.0,21.4
2023-05-06 01:00:00,4170.0,21.0
2023-05-06 02:00:00,3937.0,20.6
2023-05-06 03:00:00,3756.0,20.3
2023-05-06 04:00:00,3653.0,20.1
2023-05-06 05:00:00,3649.0,19.9
2023-05-06 06:00:00,3906.0,19.6
2023-05-06 07:00:00,4366.0,19.5
2023-05-06 08:00:00,4699.0,19.4
2023-05-06 09:00:00,5259.0,19.0
2023-05-06 10:00:00,5471.0,19.1
2023-05-06 11:00:00,5620.0,19.1
2023-05-06 12:00:00,5204.0,19.1
2023-05-06 13:00:00,4904.0,19.1
2023-05-06 14:00:00,5002.0,19.2
2023-05-06 15:00:00,5085.0,18.9
2023-05-06 16:00:00,5243.0,18.8
2023-05-06 17:00:00,5598.0,18.6
2023-05-06 18:00:00,5421.0,18.3
2023-05-06 19:00:00,5412.0,17.8
2023-05-06 20:00:00,5330.0,17.3
2023-05-06 21:00:00,5170.0,16.5
2023-05-06 22:00:00,4835.0,16.1
2023-05-06 23:00:00,4430.0,15.7
2023-05-07 00:00:00,4415.0,15.8
2023-05-07 01:00:00,3978.0,15.7
2023-05-07 02:00:00,3719.0,15.6
2023-05-07 03:00:00,3542.0,15.7
2023-05-07 04:00:00,3454.0,15.7
2023-05-07 05:00:00,3420.0,15.2
2023-05-07 06:00:00,3637.0,14.7
2023-05-07 07:00:00,3898.0,14.8
2023-05-07 08:00:00,4221.0,14.9
2023-05-07 09:00:00,4799.0,15.8
2023-05-07 10:00:00,5016.0,16.1
2023-05-07 11:00:00,5231.0,16.6
2023-05-07 12:00:00,4961.0,17.2
2023-05-07 13:00:00,4760.0,17.3
2023-05-07 14:00:00,4588.0,18.1
2023-05-07 15:00:00,4742.0,18.1
2023-05-07 16:00:00,4840.0,19.5
2023-05-07 17:00:00,5248.0,19.1
2023-05-07 18:00:00,5183.0,18.8
2023-05-07 19:00:00,5262.0,18.4
2023-05-07 20:00:00,5289.0,17.8
2023-05-07 21:00:00,5240.0,17.6
2023-05-07 22:00:00,4854.0,17.6
2023-05-07 23:00:00,4367.0,17.7
2023-05-08 00:00:00,4303.0,17.7
2023-05-08 01:00:00,3830.0,17.6
2023-05-08 02:00:00,3580.0,17.8
2023-05-08 03:00:00,3440.0,17.5
2023-05-08 04:00:00,3364.0,17.2
2023-05-08 05:00:00,3346.0,17.1
2023-05-08 06:00:00,3715.0,17.0
2023-05-08 07:00:00,4197.0,17.2
2023-05-08 08:00:00,4470.0,17.7
2023-05-08 09:00:00,4979.0,19.3
2023-05-08 10:00:00,5091.0,21.3
2023-05-08 11:00:00,5176.0,22.8
2023-05-08 12:00:00,4779.0,24.0
2023-05-08 13:00:00,4557.0,24.8
2023-05-08 14:00:00,4631.0,25.5
2023-05-08 15:00:00,4780.0,26.3
2023-05-08 16:00:00,4999.0,26.5
2023-05-08 17:00:00,5375.0,26.5
2023-05-08 18:00:00,5327.0,25.3
2023-05-08 19:00:00,5484.0,22.9
2023-05-08 20:00:00,5497.0,21.6
2023-05-08 21:00:00,5351.0,20.7
2023-05-08 22:00:00,5075.0,20.5
2023-05-08 23:00:00,4539.0,19.4
2023-05-09 00:00:00,4476.0,18.6
2023-05-09 01:00:00,3998.0,18.5
2023-05-09 02:00:00,3735.0,18.1
2023-05-09 03:00:00,3580.0,17.6
2023-05-09 04:00:00,3496.0,16.9
2023-05-09 05:00:00,3462.0,16.0
2023-05-09 06:00:00,3860.0,15.6
2023-05-09 07:00:00,4272.0,16.8
2023-05-09 08:00:00,4466.0,19.7
2023-05-09 09:00:00,4941.0,21.4
2023-05-09 10:00:00,5121.0,23.2
2023-05-09 11:00:00,5264.0,24.1
2023-05-09 12:00:00,4998.0,24.9
2023-05-09 13:00:00,4764.0,25.3
2023-05-09 14:00:00,4899.0,25.3
2023-05-09 15:00:00,5111.0,25.1
2023-05-09 16:00:00,5230.0,24.3
2023-05-09 17:00:00,5589.0,23.9
2023-05-09 18:00:00,5448.0,22.9
2023-05-09 19:00:00,5508.0,22.2
2023-05-09 20:00:00,5483.0,21.6
2023-05-09 21:00:00,5389.0,21.5
2023-05-09 22:00:00,5024.0,21.2
2023-05-09 23:00:00,4460.0,18.2
2023-05-10 00:00:00,4473.0,18.1
2023-05-10 01:00:00,3979.0,17.5
2023-05-10 02:00:00,3757.0,17.6
2023-05-10 03:00:00,3594.0,17.3
2023-05-10 04:00:00,3488.0,16.9
2023-05-10 05:00:00,3496.0,16.7
2023-05-10 06:00:00,3836.0,16.7
2023-05-10 07:00:00,4262.0,16.7
2023-05-10 08:00:00,4610.0,16.6
2023-05-10 09:00:00,5217.0,16.6
2023-05-10 10:00:00,5452.0,16.5
2023-05-10 11:00:00,5654.0,16.7
2023-05-10 12:00:00,5186.0,16.8
2023-05-10 13:00:00,4910.0,17.0
2023-05-10 14:00:00,5019.0,17.2
2023-05-10 15:00:00,5156.0,17.0
2023-05-10 16:00:00,5323.0,17.0
2023-05-10 17:00:00,5699.0,16.8
2023-05-10 18:00:00,5534.0,16.7
2023-05-10 19:00:00,5505.0,16.4
2023-05-10 20:00:00,5433.0,16.1
2023-05-10 21:00:00,5262.0,16.0
2023-05-10 22:00:00,4872.0,15.9
2023-05-10 23:00:00,4375.0,15.9
2023-05-11 00:00:00,4370.0,15.6
2023-05-11 01:00:00,3956.0,15.5
2023-05-11 02:00:00,3692.0,15.4
2023-05-11 03:00:00,3546.0,15.3
2023-05-11 04:00:00,3443.0,15.3
2023-05-11 05:00:00,3447.0,15.4
2023-05-11 06:00:00,3806.0,15.5
2023-05-11 07:00:00,4294.0,15.6
2023-05-11 08:00:00,4607.0,16.0
2023-05-11 09:00:00,5145.0,17.0
2023-05-11 10:00:00,5383.0,17.4
2023-05-11 11:00:00,5542.0,18.0
2023-05-11 12:00:00,5026.0,18.8
2023-05-11 13:00:00,4761.0,18.5
2023-05-11 14:00:00,4925.0,19.1
2023-05-11 15:00:00,5027.0,18.7
2023-05-11 16:00:00,5191.0,18.9
2023-05-11 17:00:00,5446.0,19.4
2023-05-11 18:00:00,5320.0,19.5
2023-05-11 19:00:00,5389.0,19.1
2023-05-11 20:00:00,5460.0,18.6
2023-05-11 21:00:00,5320.0,18.1
2023-05-11 22:00:00,5053.0,17.1
2023-05-11 23:00:00,4508.0,16.5
2023-05-12 00:00:00,4479.0,16.0
2023-05-12 01:00:00,3995.0,15.3
2023-05-12 02:00:00,3756.0,14.8
2023-05-12 03:00:00,3575.0,14.2
2023-05-12 04:00:00,3475.0,14.3
2023-05-12 05:00:00,3494.0,14.5
2023-05-12 06:00:00,3915.0,14.7
2023-05-12 07:00:00,4330.0,15.0
2023-05-12 08:00:00,4608.0,15.2
2023-05-12 09:00:00,5049.0,16.0
2023-05-12 10:00:00,5187.0,18.7
2023-05-12 11:00:00,5328.0,20.3
2023-05-12 12:00:00,4834.0,22.4
2023-05-12 13:00:00,4603.0,23.9
2023-05-12 14:00:00,4775.0,25.1
2023-05-12 15:00:00,4879.0,25.5
2023-05-12 16:00:00,5109.0,26.1
2023-05-12 17:00:00,5506.0,25.9
2023-05-12 18:00:00,5368.0,25.6
2023-05-12 19:00:00,5507.0,24.1
2023-05-12 20:00:00,5540.0,22.8
2023-05-12 21:00:00,5332.0,22.3
2023-05-12 22:00:00,5081.0,21.5
2023-05-12 23:00:00,4672.0,20.1
2023-05-13 00:00:00,4584.0,18.8
2023-05-13 01:00:00,4107.0,18.0
2023-05-13 02:00:00,3826.0,17.6
2023-05-13 03:00:00,3644.0,17.2
2023-05-13 04:00:00,3556.0,17.0
2023-05-13 05:00:00,3497.0,16.8
2023-05-13 06:00:00,3858.0,16.8
2023-05-13 07:00:00,4110.0,18.3
2023-05-13 08:00:00,4412.0,20.3
2023-05-13 09:00:00,4881.0,22.2
2023-05-13 10:00:00,5086.0,24.7
2023-05-13 11:00:00,5338.0,25.9
2023-05-13 12:00:00,4959.0,26.9
2023-05-13 13:00:00,4744.0,27.5
2023-05-13 14:00:00,4892.0,27.8
2023-05-13 15:00:00,5017.0,27.4
2023-05-13 16:00:00,5203.0,27.2
2023-05-13 17:00:00,5546.0,26.6
2023-05-13 18:00:00,5460.0,25.7
2023-05-13 19:00:00,5511.0,25.0
2023-05-13 20:00:00,5459.0,24.3
2023-05-13 21:00:00,5295.0,23.2
2023-05-13 22:00:00,5016.0,22.6
2023-05-13 23:00:00,4574.0,21.8
2023-05-14 00:00:00,4560.0,21.6
2023-05-14 01:00:00,4091.0,21.1
2023-05-14 02:00:00,3801.0,20.9
2023-05-14 03:00:00,3604.0,19.8
2023-05-14 04:00:00,3513.0,19.3
2023-05-14 05:00:00,3497.0,18.9
2023-05-14 06:00:00,3810.0,18.9
2023-05-14 07:00:00,4044.0,19.4
2023-05-14 08:00:00,4305.0,21.3
2023-05-14 09:00:00,4741.0,23.1
2023-05-14 10:00:00,4923.0,24.8
2023-05-14 11:00:00,5227.0,26.1
2023-05-14 12:00:00,4854.0,27.2
2023-05-14 13:00:00,4743.0,28.1
2023-05-14 14:00:00,4798.0,28.7
2023-05-14 15:00:00,4839.0,29.3
2023-05-14 16:00:00,5099.0,29.0
2023-05-14 17:00:00,5494.0,28.5
2023-05-14 18:00:00,5467.0,26.9
2023-05-14 19:00:00,5458.0,26.0
2023-05-14 20:00:00,5498.0,25.0
2023-05-14 21:00:00,5390.0,24.2
2023-05-14 22:00:00,5010.0,23.4
2023-05-14 23:00:00,4544.0,22.2
2023-05-15 00:00:00,4498.0,21.8
2023-05-15 01:00:00,4018.0,21.5
2023-05-15 02:00:00,3733.0,21.0
2023-05-15 03:00:00,3549.0,20.7
2023-05-15 04:00:00,3485.0,20.4
2023-05-15 05:00:00,3499.0,19.7
2023-05-15 06:00:00,3885.0,19.1
2023-05-15 07:00:00,4267.0,20.2
2023-05-15 08:00:00,4601.0,22.6
2023-05-15 09:00:00,5223.0,24.0
2023-05-15 10:00:00,5433.0,25.3
2023-05-15 11:00:00,5602.0,27.1
2023-05-15 12:00:00,5301.0,27.8
2023-05-15 13:00:00,5066.0,28.5
2023-05-15 14:00:00,5240.0,29.7
2023-05-15 15:00:00,5381.0,29.9
2023-05-15 16:00:00,5623.0,29.6
2023-05-15 17:00:00,5985.0,29.1
2023-05-15 18:00:00,5805.0,28.4
2023-05-15 19:00:00,5867.0,27.3
2023-05-15 20:00:00,5852.0,26.7
2023-05-15 21:00:00,5675.0,25.7
2023-05-15 22:00:00,5312.0,25.3
2023-05-15 23:00:00,4789.0,24.7
2023-05-16 00:00:00,4657.0,24.6
2023-05-16 01:00:00,4246.0,24.6
2023-05-16 02:00:00,4001.0,23.7
2023-05-16 03:00:00,3824.0,23.2
2023-05-16 04:00:00,3726.0,23.0
2023-05-16 05:00:00,3702.0,22.7
2023-05-16 06:00:00,4051.0,22.8
2023-05-16 07:00:00,4469.0,22.2
2023-05-16 08:00:00,4763.0,22.9
2023-05-16 09:00:00,5361.0,24.2
2023-05-16 10:00:00,5624.0,24.3
2023-05-16 11:00:00,5846.0,23.3
2023-05-16 12:00:00,5334.0,22.4
2023-05-16 13:00:00,5145.0,23.5
2023-05-16 14:00:00,5271.0,25.2
2023-05-16 15:00:00,5423.0,25.9
2023-05-16 16:00:00,5709.0,26.9
2023-05-16 17:00:00,6035.0,25.9
2023-05-16 18:00:00,5948.0,25.7
2023-05-16 19:00:00,5998.0,25.1
2023-05-16 20:00:00,5948.0,24.8
2023-05-16 21:00:00,5794.0,24.7
2023-05-16 22:00:00,5343.0,24.1
2023-05-16 23:00:00,4889.0,24.2
2023-05-17 00:00:00,4808.0,23.6
2023-05-17 01:00:00,4322.0,22.9
2023-05-17 02:00:00,4033.0,21.4
2023-05-17 03:00:00,3827.0,21.0
2023-05-17 04:00:00,3728.0,20.5
2023-05-17 05:00:00,3710.0,20.0
2023-05-17 06:00:00,4046.0,20.0
2023-05-17 07:00:00,4437.0,20.4
2023-05-17 08:00:00,4753.0,20.9
2023-05-17 09:00:00,5345.0,21.1
2023-05-17 10:00:00,5514.0,21.1
2023-05-17 11:00:00,5714.0,22.6
2023-05-17 12:00:00,5301.0,24.4
2023-05-17 13:00:00,5129.0,26.9
2023-05-17 14:00:00,5249.0,26.7
2023-05-17 15:00:00,5417.0,27.3
2023-05-17 16:00:00,5658.0,28.3
2023-05-17 17:00:00,5982.0,28.0
2023-05-17 18:00:00,5892.0,27.6
2023-05-17 19:00:00,5876.0,26.1
2023-05-17 20:00:00,5976.0,24.9
2023-05-17 21:00:00,5814.0,24.4
2023-05-17 22:00:00,5452.0,23.7
2023-05-17 23:00:00,4937.0,23.2
2023-05-18 00:00:00,4877.0,22.5
2023-05-18 01:00:00,4376.0,21.6
2023-05-18 02:00:00,4109.0,21.6
2023-05-18 03:00:00,3929.0,21.2
2023-05-18 04:00:00,3814.0,20.5
2023-05-18 05:00:00,3809.0,20.3
2023-05-18 06:00:00,4196.0,20.1
2023-05-18 07:00:00,4497.0,21.5
2023-05-18 08:00:00,4798.0,23.4
2023-05-18 09:00:00,5447.0,25.2
2023-05-18 10:00:00,5674.0,27.1
2023-05-18 11:00:00,5963.0,28.3
2023-05-18 12:00:00,5670.0,29.4
2023-05-18 13:00:00,5526.0,29.9
2023-05-18 14:00:00,5572.0,31.5
2023-05-18 15:00:00,5802.0,31.3
2023-05-18 16:00:00,6072.0,31.2
2023-05-18 17:00:00,6371.0,30.7
2023-05-18 18:00:00,6196.0,30.4
2023-05-18 19:00:00,6214.0,28.9
2023-05-18 20:00:00,6176.0,27.3
2023-05-18 21:00:00,6101.0,26.6
2023-05-18 22:00:00,5714.0,26.3
2023-05-18 23:00:00,5196.0,25.9
2023-05-19 00:00:00,5165.0,25.4
2023-05-19 01:00:00,4623.0,25.0
2023-05-19 02:00:00,4372.0,24.8
2023-05-19 03:00:00,4149.0,24.6
2023-05-19 04:00:00,4019.0,23.9
2023-05-19 05:00:00,4037.0,23.7
2023-05-19 06:00:00,4396.0,23.7
2023-05-19 07:00:00,4729.0,23.8
2023-05-19 08:00:00,5053.0,25.1
2023-05-19 09:00:00,5831.0,27.0
2023-05-19 10:00:00,6094.0,27.9
2023-05-19 11:00:00,6269.0,29.5
2023-05-19 12:00:00,5962.0,30.9
2023-05-19 13:00:00,5927.0,31.5
2023-05-19 14:00:00,5942.0,32.4
2023-05-19 15:00:00,6189.0,32.7
2023-05-19 16:00:00,6411.0,32.3
2023-05-19 17:00:00,6764.0,31.3
2023-05-19 18:00:00,6443.0,30.5
2023-05-19 19:00:00,6417.0,29.7
2023-05-19 20:00:00,6505.0,29.1
2023-05-19 21:00:00,6340.0,28.6
2023-05-19 22:00:00,6016.0,27.1
2023-05-19 23:00:00,5636.0,26.8
2023-05-20 00:00:00,5550.0,25.7
2023-05-20 01:00:00,5014.0,25.2
2023-05-20 02:00:00,4674.0,24.0
2023-05-20 03:00:00,4438.0,24.0
2023-05-20 04:00:00,4280.0,24.0
2023-05-20 05:00:00,4202.0,24.1
2023-05-20 06:00:00,4427.0,23.8
2023-05-20 07:00:00,4600.0,23.0
2023-05-20 08:00:00,4953.0,23.0
2023-05-20 09:00:00,5541.0,24.2
2023-05-20 10:00:00,5867.0,26.0
2023-05-20 11:00:00,6123.0,26.8
2023-05-20 12:00:00,5726.0,26.9
2023-05-20 13:00:00,5709.0,28.3
2023-05-20 14:00:00,5822.0,27.8
2023-05-20 15:00:00,5900.0,26.8
2023-05-20 16:00:00,6005.0,26.4
2023-05-20 17:00:00,6399.0,26.5
2023-05-20 18:00:00,6192.0,25.8
2023-05-20 19:00:00,6197.0,25.3
2023-05-20 20:00:00,6121.0,25.3
2023-05-20 21:00:00,5967.0,25.1
2023-05-20 22:00:00,5683.0,24.8
2023-05-20 23:00:00,5266.0,24.4
2023-05-21 00:00:00,5257.0,23.5
2023-05-21 01:00:00,4791.0,23.4
2023-05-21 02:00:00,4434.0,23.4
2023-05-21 03:00:00,4218.0,23.1
2023-05-21 04:00:00,4084.0,22.9
2023-05-21 05:00:00,4005.0,23.0
2023-05-21 06:00:00,4263.0,22.9
2023-05-21 07:00:00,4402.0,23.4
2023-05-21 08:00:00,4750.0,25.0
2023-05-21 09:00:00,5360.0,27.2
2023-05-21 10:00:00,5623.0,29.0
2023-05-21 11:00:00,6192.0,29.7
2023-05-21 12:00:00,5957.0,30.0
2023-05-21 13:00:00,5899.0,29.4
2023-05-21 14:00:00,5964.0,29.3
2023-05-21 15:00:00,5932.0,25.8
2023-05-21 16:00:00,6060.0,24.7
2023-05-21 17:00:00,6312.0,24.0
2023-05-21 18:00:00,5980.0,23.7
2023-05-21 19:00:00,6025.0,23.5
2023-05-21 20:00:00,5938.0,23.4
2023-05-21 21:00:00,5562.0,20.0
2023-05-21 22:00:00,5038.0,18.9
2023-05-21 23:00:00,4499.0,18.1
2023-05-22 00:00:00,4443.0,17.1
2023-05-22 01:00:00,3977.0,15.2
2023-05-22 02:00:00,3714.0,14.1
2023-05-22 03:00:00,3566.0,13.9
2023-05-22 04:00:00,3488.0,13.8
2023-05-22 05:00:00,3487.0,14.0
2023-05-22 06:00:00,3835.0,14.2
2023-05-22 07:00:00,4229.0,14.3
2023-05-22 08:00:00,4564.0,14.5
2023-05-22 09:00:00,5204.0,14.6
2023-05-22 10:00:00,5374.0,15.4
2023-05-22 11:00:00,5555.0,15.7
2023-05-22 12:00:00,5086.0,16.1
2023-05-22 13:00:00,4801.0,16.7
2023-05-22 14:00:00,4867.0,17.1
2023-05-22 15:00:00,5080.0,17.1
2023-05-22 16:00:00,5200.0,17.2
2023-05-22 17:00:00,5502.0,17.3
2023-05-22 18:00:00,5365.0,16.9
2023-05-22 19:00:00,5338.0,16.6
2023-05-22 20:00:00,5323.0,16.4
2023-05-22 21:00:00,5198.0,16.5
2023-05-22 22:00:00,4808.0,16.1
2023-05-22 23:00:00,4379.0,16.2
2023-05-23 00:00:00,4369.0,16.3
2023-05-23 01:00:00,3917.0,16.2
2023-05-23 02:00:00,3687.0,16.1
2023-05-23 03:00:00,3553.0,15.9
2023-05-23 04:00:00,3488.0,15.9
2023-05-23 05:00:00,3478.0,15.9
2023-05-23 06:00:00,3860.0,16.0
2023-05-23 07:00:00,4172.0,16.5
2023-05-23 08:00:00,4507.0,17.4
2023-05-23 09:00:00,5078.0,17.9
2023-05-23 10:00:00,5269.0,19.5
2023-05-23 11:00:00,5480.0,20.1
2023-05-23 12:00:00,5105.0,20.5
2023-05-23 13:00:00,4876.0,19.0
2023-05-23 14:00:00,4926.0,18.8
2023-05-23 15:00:00,4961.0,18.9
2023-05-23 16:00:00,5208.0,19.8
2023-05-23 17:00:00,5627.0,19.0
2023-05-23 18:00:00,5533.0,18.2
2023-05-23 19:00:00,5513.0,18.1
2023-05-23 20:00:00,5485.0,17.8
2023-05-23 21:00:00,5361.0,17.6
2023-05-23 22:00:00,4968.0,17.2
2023-05-23 23:00:00,4472.0,17.1
2023-05-24 00:00:00,4423.0,17.0
2023-05-24 01:00:00,3946.0,16.8
2023-05-24 02:00:00,3743.0,16.7
2023-05-24 03:00:00,3607.0,16.7
2023-05-24 04:00:00,3472.0,16.7
2023-05-24 05:00:00,3494.0,16.6
2023-05-24 06:00:00,3905.0,16.7
2023-05-24 07:00:00,4308.0,17.0
2023-05-24 08:00:00,4600.0,18.0
2023-05-24 09:00:00,5139.0,19.9
2023-05-24 10:00:00,5247.0,20.4
2023-05-24 11:00:00,5394.0,22.4
2023-05-24 12:00:00,5033.0,23.5
2023-05-24 13:00:00,4773.0,23.7
2023-05-24 14:00:00,4857.0,24.7
2023-05-24 15:00:00,5094.0,26.2
2023-05-24 16:00:00,5324.0,25.9
2023-05-24 17:00:00,5625.0,25.5
2023-05-24 18:00:00,5537.0,24.0
2023-05-24 19:00:00,5547.0,22.8
2023-05-24 20:00:00,5603.0,21.8
2023-05-24 21:00:00,5521.0,20.8
2023-05-24 22:00:00,5109.0,20.2
2023-05-24 23:00:00,4627.0,19.5
2023-05-25 00:00:00,4558.0,19.1
2023-05-25 01:00:00,4076.0,19.0
2023-05-25 02:00:00,3832.0,18.8
2023-05-25 03:00:00,3644.0,19.2
2023-05-25 04:00:00,3546.0,19.5
2023-05-25 05:00:00,3564.0,19.3
2023-05-25 06:00:00,4001.0,18.6
2023-05-25 07:00:00,4387.0,19.9
2023-05-25 08:00:00,4676.0,22.1
2023-05-25 09:00:00,5206.0,23.9
2023-05-25 10:00:00,5454.0,25.2
2023-05-25 11:00:00,5660.0,27.3
2023-05-25 12:00:00,5414.0,28.2
2023-05-25 13:00:00,5261.0,29.5
2023-05-25 14:00:00,5372.0,29.5
2023-05-25 15:00:00,5613.0,30.1
2023-05-25 16:00:00,5848.0,29.2
2023-05-25 17:00:00,6159.0,28.9
2023-05-25 18:00:00,6050.0,28.4
2023-05-25 19:00:00,6060.0,28.1
2023-05-25 20:00:00,6106.0,27.4
2023-05-25 21:00:00,5937.0,26.6
2023-05-25 22:00:00,5570.0,25.9
2023-05-25 23:00:00,4998.0,25.4
2023-05-26 00:00:00,4915.0,25.1
2023-05-26 01:00:00,4434.0,25.0
2023-05-26 02:00:00,4142.0,24.6
2023-05-26 03:00:00,3957.0,24.5
2023-05-26 04:00:00,3848.0,24.1
2023-05-26 05:00:00,3822.0,23.8
2023-05-26 06:00:00,4200.0,23.8
2023-05-26 07:00:00,4588.0,23.8
2023-05-26 08:00:00,4965.0,24.3
2023-05-26 09:00:00,5656.0,25.2
2023-05-26 10:00:00,5962.0,26.9
2023-05-26 11:00:00,6266.0,30.5
2023-05-26 12:00:00,6083.0,31.9
2023-05-26 13:00:00,6097.0,32.9
2023-05-26 14:00:00,6181.0,32.9
2023-05-26 15:00:00,6402.0,33.7
2023-05-26 16:00:00,6608.0,33.7
2023-05-26 17:00:00,6855.0,33.6
2023-05-26 18:00:00,6678.0,33.0
2023-05-26 19:00:00,6615.0,31.6
2023-05-26 20:00:00,6677.0,30.5
2023-05-26 21:00:00,6498.0,30.2
2023-05-26 22:00:00,6168.0,29.6
2023-05-26 23:00:00,5661.0,28.9
2023-05-27 00:00:00,5582.0,28.4
2023-05-27 01:00:00,5018.0,27.9
2023-05-27 02:00:00,4660.0,27.6
2023-05-27 03:00:00,4433.0,27.0
2023-05-27 04:00:00,4296.0,26.1
2023-05-27 05:00:00,4229.0,25.9
2023-05-27 06:00:00,4523.0,25.8
2023-05-27 07:00:00,4730.0,27.7
2023-05-27 08:00:00,5167.0,29.6
2023-05-27 09:00:00,5927.0,30.3
2023-05-27 10:00:00,6343.0,31.4
2023-05-27 11:00:00,6775.0,33.4
2023-05-27 12:00:00,6568.0,34.1
2023-05-27 13:00:00,6531.0,35.0
2023-05-27 14:00:00,6677.0,34.4
2023-05-27 15:00:00,6666.0,30.9
2023-05-27 16:00:00,6882.0,32.6
2023-05-27 17:00:00,7139.0,33.8
2023-05-27 18:00:00,6986.0,33.5
2023-05-27 19:00:00,6892.0,32.6
2023-05-27 20:00:00,6997.0,31.7
2023-05-27 21:00:00,6897.0,30.5
2023-05-27 22:00:00,6570.0,29.8
2023-05-27 23:00:00,6277.0,29.8
2023-05-28 00:00:00,6165.0,29.7
2023-05-28 01:00:00,5587.0,28.8
2023-05-28 02:00:00,5167.0,28.1
2023-05-28 03:00:00,4895.0,27.6
2023-05-28 04:00:00,4738.0,27.9
2023-05-28 05:00:00,4629.0,27.3
2023-05-28 06:00:00,4834.0,27.0
2023-05-28 07:00:00,4988.0,27.8
2023-05-28 08:00:00,5348.0,30.1
2023-05-28 09:00:00,6056.0,31.5
2023-05-28 10:00:00,6537.0,33.0
2023-05-28 11:00:00,6883.0,33.8
2023-05-28 12:00:00,6792.0,34.6
2023-05-28 13:00:00,6890.0,35.4
2023-05-28 14:00:00,7016.0,36.2
2023-05-28 15:00:00,7117.0,35.8
2023-05-28 16:00:00,7287.0,35.9
2023-05-28 17:00:00,7580.0,36.1
2023-05-28 18:00:00,7405.0,35.2
2023-05-28 19:00:00,7318.0,34.1
2023-05-28 20:00:00,7477.0,32.9
2023-05-28 21:00:00,7681.0,31.8
2023-05-28 22:00:00,7505.0,31.2
2023-05-28 23:00:00,7020.0,30.5
2023-05-29 00:00:00,6824.0,29.6
2023-05-29 01:00:00,6174.0,28.7
2023-05-29 02:00:00,5746.0,28.4
2023-05-29 03:00:00,5433.0,27.8
2023-05-29 04:00:00,5219.0,27.5
2023-05-29 05:00:00,5161.0,26.5
2023-05-29 06:00:00,5380.0,26.4
2023-05-29 07:00:00,5502.0,28.3
2023-05-29 08:00:00,5848.0,29.1
2023-05-29 09:00:00,6820.0,29.2
2023-05-29 10:00:00,7263.0,30.2
2023-05-29 11:00:00,7612.0,31.2
2023-05-29 12:00:00,7366.0,32.7
2023-05-29 13:00:00,7506.0,33.2
2023-05-29 14:00:00,7560.0,34.5
2023-05-29 15:00:00,7706.0,35.1
2023-05-29 16:00:00,7947.0,35.8
2023-05-29 17:00:00,8208.0,35.6
2023-05-29 18:00:00,8022.0,34.8
2023-05-29 19:00:00,8042.0,33.5
2023-05-29 20:00:00,8248.0,31.0
2023-05-29 21:00:00,8338.0,29.8
2023-05-29 22:00:00,8136.0,29.1
2023-05-29 23:00:00,7582.0,28.6
2023-05-30 00:00:00,7293.0,28.3
2023-05-30 01:00:00,6613.0,27.8
2023-05-30 02:00:00,6136.0,27.5
2023-05-30 03:00:00,5802.0,26.9
2023-05-30 04:00:00,5520.0,26.4
2023-05-30 05:00:00,5350.0,26.0
2023-05-30 06:00:00,5475.0,25.6
2023-05-30 07:00:00,5563.0,25.3
2023-05-30 08:00:00,5810.0,25.9
2023-05-30 09:00:00,6501.0,26.6
2023-05-30 10:00:00,6982.0,27.6
2023-05-30 11:00:00,7246.0,27.9
2023-05-30 12:00:00,7024.0,27.9
2023-05-30 13:00:00,6965.0,28.1
2023-05-30 14:00:00,6932.0,27.7
2023-05-30 15:00:00,6956.0,27.4
2023-05-30 16:00:00,7001.0,27.5
2023-05-30 17:00:00,7094.0,27.3
2023-05-30 18:00:00,6916.0,26.7
2023-05-30 19:00:00,6875.0,26.3
2023-05-30 20:00:00,6952.0,25.9
2023-05-30 21:00:00,6825.0,25.6
2023-05-30 22:00:00,6499.0,25.4
2023-05-30 23:00:00,6020.0,25.4
2023-05-31 00:00:00,5843.0,25.1
2023-05-31 01:00:00,5261.0,24.9
2023-05-31 02:00:00,4901.0,24.8
2023-05-31 03:00:00,4686.0,24.5
2023-05-31 04:00:00,4559.0,24.3
2023-05-31 05:00:00,4486.0,24.1
2023-05-31 06:00:00,4780.0,24.0
2023-05-31 07:00:00,4972.0,24.3
2023-05-31 08:00:00,5348.0,25.5
2023-05-31 09:00:00,6090.0,25.4
2023-05-31 10:00:00,6452.0,26.5
2023-05-31 11:00:00,6729.0,26.8
2023-05-31 12:00:00,6404.0,27.2
2023-05-31 13:00:00,6314.0,26.6
2023-05-31 14:00:00,6410.0,27.6
2023-05-31 15:00:00,6539.0,27.6
2023-05-31 16:00:00,6656.0,27.9
2023-05-31 17:00:00,6888.0,27.2
2023-05-31 18:00:00,6626.0,26.8
2023-05-31 19:00:00,6576.0,26.2
2023-05-31 20:00:00,6599.0,25.7
2023-05-31 21:00:00,6497.0,25.1
2023-05-31 22:00:00,6218.0,24.5
2023-05-31 23:00:00,5772.0,24.0
2023-06-01 00:00:00,5648.0,23.7
2023-06-01 01:00:00,5103.0,24.1
2023-06-01 02:00:00,4792.0,24.0
2023-06-01 03:00:00,4548.0,23.5
2023-06-01 04:00:00,4408.0,23.2
2023-06-01 05:00:00,4347.0,23.3
2023-06-01 06:00:00,4635.0,23.4
2023-06-01 07:00:00,4844.0,24.1
2023-06-01 08:00:00,5223.0,23.9
2023-06-01 09:00:00,6055.0,24.9
2023-06-01 10:00:00,6309.0,25.1
2023-06-01 11:00:00,6608.0,25.7
2023-06-01 12:00:00,6341.0,26.5
2023-06-01 13:00:00,6262.0,27.3
2023-06-01 14:00:00,6392.0,29.0
2023-06-01 15:00:00,6522.0,29.2
2023-06-01 16:00:00,6652.0,28.0
2023-06-01 17:00:00,6927.0,27.6
2023-06-01 18:00:00,6619.0,27.5
2023-06-01 19:00:00,6573.0,27.1
2023-06-01 20:00:00,6684.0,26.7
2023-06-01 21:00:00,6581.0,26.2
2023-06-01 22:00:00,6311.0,25.8
2023-06-01 23:00:00,5849.0,25.2
2023-06-02 00:00:00,5760.0,24.8
2023-06-02 01:00:00,5162.0,24.5
2023-06-02 02:00:00,4849.0,24.7
2023-06-02 03:00:00,4600.0,24.5
2023-06-02 04:00:00,4465.0,24.4
2023-06-02 05:00:00,4392.0,24.0
2023-06-02 06:00:00,4755.0,23.7
2023-06-02 07:00:00,5011.0,24.7
2023-06-02 08:00:00,5493.0,26.8
2023-06-02 09:00:00,6395.0,28.4
2023-06-02 10:00:00,6864.0,29.8
2023-06-02 11:00:00,7115.0,31.4
2023-06-02 12:00:00,6828.0,31.4
2023-06-02 13:00:00,6856.0,31.8
2023-06-02 14:00:00,6779.0,31.9
2023-06-02 15:00:00,6962.0,31.6
2023-06-02 16:00:00,7114.0,31.0
2023-06-02 17:00:00,7273.0,30.8
2023-06-02 18:00:00,6939.0,30.5
2023-06-02 19:00:00,6934.0,29.8
2023-06-02 20:00:00,6986.0,29.0
2023-06-02 21:00:00,6858.0,28.5
2023-06-02 22:00:00,6638.0,28.2
2023-06-02 23:00:00,6233.0,27.9
2023-06-03 00:00:00,6087.0,25.1
2023-06-03 01:00:00,5471.0,24.5
2023-06-03 02:00:00,5056.0,24.1
2023-06-03 03:00:00,4758.0,23.8
2023-06-03 04:00:00,4516.0,24.1
2023-06-03 05:00:00,4384.0,23.5
2023-06-03 06:00:00,4506.0,22.6
2023-06-03 07:00:00,4617.0,22.0
2023-06-03 08:00:00,4925.0,22.8
2023-06-03 09:00:00,5553.0,23.6
2023-06-03 10:00:00,5774.0,25.3
2023-06-03 11:00:00,6028.0,25.9
2023-06-03 12:00:00,5730.0,26.0
2023-06-03 13:00:00,5561.0,26.3
2023-06-03 14:00:00,5765.0,27.5
2023-06-03 15:00:00,5859.0,29.1
2023-06-03 16:00:00,5948.0,28.8
2023-06-03 17:00:00,6355.0,28.3
2023-06-03 18:00:00,6167.0,27.7
2023-06-03 19:00:00,6033.0,26.4
2023-06-03 20:00:00,6122.0,25.2
2023-06-03 21:00:00,5999.0,24.6
2023-06-03 22:00:00,5675.0,23.9
2023-06-03 23:00:00,5330.0,23.3
2023-06-04 00:00:00,5228.0,23.1
2023-06-04 01:00:00,4724.0,23.1
2023-06-04 02:00:00,4427.0,22.9
2023-06-04 03:00:00,4172.0,22.6
2023-06-04 04:00:00,4056.0,22.2
2023-06-04 05:00:00,3991.0,21.7
2023-06-04 06:00:00,4199.0,21.7
2023-06-04 07:00:00,4317.0,22.6
2023-06-04 08:00:00,4568.0,23.8
2023-06-04 09:00:00,5095.0,25.5
2023-06-04 10:00:00,5436.0,26.2
2023-06-04 11:00:00,5770.0,27.6
2023-06-04 12:00:00,5639.0,29.3
2023-06-04 13:00:00,5671.0,30.9
2023-06-04 14:00:00,5797.0,32.0
2023-06-04 15:00:00,5929.0,31.8
2023-06-04 16:00:00,6145.0,32.0
2023-06-04 17:00:00,6490.0,31.8
2023-06-04 18:00:00,6451.0,29.5
2023-06-04 19:00:00,6361.0,28.2
2023-06-04 20:00:00,6412.0,27.0
2023-06-04 21:00:00,6331.0,25.9
2023-06-04 22:00:00,5957.0,25.4
2023-06-04 23:00:00,5443.0,24.5
2023-06-05 00:00:00,5282.0,23.9
2023-06-05 01:00:00,4703.0,23.0
2023-06-05 02:00:00,4410.0,22.3
2023-06-05 03:00:00,4151.0,22.0
2023-06-05 04:00:00,4024.0,20.6
2023-06-05 05:00:00,3955.0,20.3
2023-06-05 06:00:00,4217.0,19.9
2023-06-05 07:00:00,4514.0,19.4
2023-06-05 08:00:00,4821.0,19.4
2023-06-05 09:00:00,5445.0,19.3
2023-06-05 10:00:00,5648.0,19.5
2023-06-05 11:00:00,5848.0,19.7
2023-06-05 12:00:00,5370.0,20.1
2023-06-05 13:00:00,5147.0,20.5
2023-06-05 14:00:00,5188.0,20.6
2023-06-05 15:00:00,5348.0,20.8
2023-06-05 16:00:00,5536.0,20.8
2023-06-05 17:00:00,5886.0,20.7
2023-06-05 18:00:00,5619.0,20.2
2023-06-05 19:00:00,5626.0,19.8
2023-06-05 20:00:00,5547.0,19.9
2023-06-05 21:00:00,5368.0,20.0
2023-06-05 22:00:00,5072.0,19.9
2023-06-05 23:00:00,4591.0,19.9
2023-06-06 00:00:00,4632.0,19.9
2023-06-06 01:00:00,4183.0,19.9
2023-06-06 02:00:00,3896.0,19.9
2023-06-06 03:00:00,3830.0,19.9
2023-06-06 04:00:00,3744.0,19.8
2023-06-06 05:00:00,3723.0,19.8
2023-06-06 06:00:00,4054.0,19.9
2023-06-06 07:00:00,4416.0,19.8
2023-06-06 08:00:00,4717.0,20.1
2023-06-06 09:00:00,5302.0,20.6
2023-06-06 10:00:00,5445.0,21.3
2023-06-06 11:00:00,5784.0,22.3
2023-06-06 12:00:00,5403.0,23.3
2023-06-06 13:00:00,5332.0,24.8
2023-06-06 14:00:00,5332.0,26.1
2023-06-06 15:00:00,5568.0,26.0
2023-06-06 16:00:00,5772.0,26.2
2023-06-06 17:00:00,5981.0,25.5
2023-06-06 18:00:00,5918.0,25.6
2023-06-06 19:00:00,5913.0,24.4
2023-06-06 20:00:00,5977.0,23.7
2023-06-06 21:00:00,5823.0,22.9
2023-06-06 22:00:00,5452.0,22.7
2023-06-06 23:00:00,4972.0,22.4
2023-06-07 00:00:00,4908.0,22.6
2023-06-07 01:00:00,4385.0,22.8
2023-06-07 02:00:00,4179.0,22.5
2023-06-07 03:00:00,3990.0,22.6
2023-06-07 04:00:00,3874.0,22.5
2023-06-07 05:00:00,3889.0,22.0
2023-06-07 06:00:00,4267.0,22.0
2023-06-07 07:00:00,4596.0,22.6
2023-06-07 08:00:00,4967.0,24.9
2023-06-07 09:00:00,5719.0,27.0
2023-06-07 10:00:00,6105.0,28.2
2023-06-07 11:00:00,6435.0,29.8
2023-06-07 12:00:00,6149.0,30.8
2023-06-07 13:00:00,6107.0,31.9
2023-06-07 14:00:00,6285.0,32.7
2023-06-07 15:00:00,6547.0,33.2
2023-06-07 16:00:00,6845.0,33.6
2023-06-07 17:00:00,7163.0,33.2
2023-06-07 18:00:00,7000.0,32.8
2023-06-07 19:00:00,6927.0,31.9
2023-06-07 20:00:00,6987.0,31.3
2023-06-07 21:00:00,6860.0,28.8
2023-06-07 22:00:00,6499.0,28.3
2023-06-07 23:00:00,5901.0,27.8
2023-06-08 00:00:00,5738.0,27.2
2023-06-08 01:00:00,5159.0,26.1
2023-06-08 02:00:00,4853.0,25.6
2023-06-08 03:00:00,4633.0,25.6
2023-06-08 04:00:00,4478.0,25.7
2023-06-08 05:00:00,4470.0,25.7
2023-06-08 06:00:00,4746.0,25.7
2023-06-08 07:00:00,5015.0,25.9
2023-06-08 08:00:00,5440.0,26.6
2023-06-08 09:00:00,6393.0,26.8
2023-06-08 10:00:00,6687.0,25.4
2023-06-08 11:00:00,7042.0,26.0
2023-06-08 12:00:00,6640.0,27.3
2023-06-08 13:00:00,6538.0,28.6
2023-06-08 14:00:00,6615.0,30.1
2023-06-08 15:00:00,6799.0,29.6
2023-06-08 16:00:00,6899.0,28.8
2023-06-08 17:00:00,7082.0,26.7
2023-06-08 18:00:00,6704.0,26.4
2023-06-08 19:00:00,6694.0,25.9
2023-06-08 20:00:00,6766.0,25.6
2023-06-08 21:00:00,6654.0,25.3
2023-06-08 22:00:00,6309.0,25.1
2023-06-08 23:00:00,5795.0,24.8
2023-06-09 00:00:00,5660.0,24.6
2023-06-09 01:00:00,5132.0,24.5
2023-06-09 02:00:00,4829.0,24.2
2023-06-09 03:00:00,4586.0,24.3
2023-06-09 04:00:00,4433.0,24.1
2023-06-09 05:00:00,4398.0,24.2
2023-06-09 06:00:00,4762.0,24.2
2023-06-09 07:00:00,5048.0,24.5
2023-06-09 08:00:00,5580.0,26.7
2023-06-09 09:00:00,6448.0,27.8
2023-06-09 10:00:00,6906.0,29.1
2023-06-09 11:00:00,7321.0,30.4
2023-06-09 12:00:00,6913.0,31.4
2023-06-09 13:00:00,6934.0,32.4
2023-06-09 14:00:00,6884.0,33.6
2023-06-09 15:00:00,7033.0,34.1
2023-06-09 16:00:00,7262.0,34.5
2023-06-09 17:00:00,7526.0,34.0
2023-06-09 18:00:00,7217.0,33.4
2023-06-09 19:00:00,7138.0,31.6
2023-06-09 20:00:00,7215.0,30.0
2023-06-09 21:00:00,7135.0,28.4
2023-06-09 22:00:00,6929.0,27.3
2023-06-09 23:00:00,6521.0,26.8
2023-06-10 00:00:00,6452.0,26.4
2023-06-10 01:00:00,5888.0,26.3
2023-06-10 02:00:00,5452.0,25.9
2023-06-10 03:00:00,5180.0,25.4
2023-06-10 04:00:00,4985.0,25.1
2023-06-10 05:00:00,4888.0,24.8
2023-06-10 06:00:00,5074.0,24.7
2023-06-10 07:00:00,5168.0,25.1
2023-06-10 08:00:00,5521.0,25.7
2023-06-10 09:00:00,6260.0,27.7
2023-06-10 10:00:00,6722.0,29.3
2023-06-10 11:00:00,7122.0,30.2
2023-06-10 12:00:00,6917.0,31.3
2023-06-10 13:00:00,6983.0,31.1
2023-06-10 14:00:00,6974.0,31.3
2023-06-10 15:00:00,7039.0,31.8
2023-06-10 16:00:00,7200.0,32.4
2023-06-10 17:00:00,7410.0,32.4
2023-06-10 18:00:00,7238.0,31.0
2023-06-10 19:00:00,7059.0,30.3
2023-06-10 20:00:00,7169.0,29.2
2023-06-10 21:00:00,7120.0,28.2
2023-06-10 22:00:00,6862.0,27.1
2023-06-10 23:00:00,6435.0,26.2
2023-06-11 00:00:00,6343.0,25.4
2023-06-11 01:00:00,5763.0,24.5
2023-06-11 02:00:00,5328.0,23.8
2023-06-11 03:00:00,5055.0,23.5
2023-06-11 04:00:00,4867.0,23.0
2023-06-11 05:00:00,4730.0,22.8
2023-06-11 06:00:00,4919.0,23.1
2023-06-11 07:00:00,4979.0,24.1
2023-06-11 08:00:00,5277.0,25.6
2023-06-11 09:00:00,5898.0,28.9
2023-06-11 10:00:00,6433.0,31.4
2023-06-11 11:00:00,6961.0,33.3
2023-06-11 12:00:00,6925.0,34.8
2023-06-11 13:00:00,7039.0,35.7
2023-06-11 14:00:00,7082.0,36.4
2023-06-11 15:00:00,7126.0,36.5
2023-06-11 16:00:00,7281.0,35.7
2023-06-11 17:00:00,7502.0,35.1
2023-06-11 18:00:00,7283.0,34.4
2023-06-11 19:00:00,7174.0,33.1
2023-06-11 20:00:00,7377.0,30.6
2023-06-11 21:00:00,7479.0,27.7
2023-06-11 22:00:00,7031.0,26.9
2023-06-11 23:00:00,6473.0,25.8
2023-06-12 00:00:00,6289.0,25.7
2023-06-12 01:00:00,5727.0,25.5
2023-06-12 02:00:00,5338.0,24.8
2023-06-12 03:00:00,5073.0,24.8
2023-06-12 04:00:00,4851.0,23.8
2023-06-12 05:00:00,4786.0,23.3
2023-06-12 06:00:00,5011.0,23.1
2023-06-12 07:00:00,5172.0,23.8
2023-06-12 08:00:00,5647.0,25.3
2023-06-12 09:00:00,6587.0,26.3
2023-06-12 10:00:00,7019.0,28.4
2023-06-12 11:00:00,7368.0,29.5
2023-06-12 12:00:00,7313.0,31.0
2023-06-12 13:00:00,7284.0,31.4
2023-06-12 14:00:00,7330.0,33.3
2023-06-12 15:00:00,7493.0,33.2
2023-06-12 16:00:00,7705.0,32.4
2023-06-12 17:00:00,7844.0,31.4
2023-06-12 18:00:00,7535.0,30.8
2023-06-12 19:00:00,7572.0,30.0
2023-06-12 20:00:00,7689.0,29.4
2023-06-12 21:00:00,7752.0,28.9
2023-06-12 22:00:00,7516.0,28.8
2023-06-12 23:00:00,6986.0,28.4
2023-06-13 00:00:00,6836.0,27.9
2023-06-13 01:00:00,6202.0,27.6
2023-06-13 02:00:00,5803.0,27.8
2023-06-13 03:00:00,5421.0,24.1
2023-06-13 04:00:00,5149.0,23.4
2023-06-13 05:00:00,4964.0,23.2
2023-06-13 06:00:00,5138.0,22.8
2023-06-13 07:00:00,5296.0,22.8
2023-06-13 08:00:00,5594.0,22.9
2023-06-13 09:00:00,6352.0,23.2
2023-06-13 10:00:00,6635.0,24.4
2023-06-13 11:00:00,6857.0,24.7
2023-06-13 12:00:00,6471.0,24.7
2023-06-13 13:00:00,6365.0,26.6
2023-06-13 14:00:00,6394.0,26.3
2023-06-13 15:00:00,6525.0,26.9
2023-06-13 16:00:00,6739.0,26.9
2023-06-13 17:00:00,7030.0,27.8
2023-06-13 18:00:00,6841.0,28.0
2023-06-13 19:00:00,6775.0,26.6
2023-06-13 20:00:00,6919.0,25.4
2023-06-13 21:00:00,6840.0,23.9
2023-06-13 22:00:00,6509.0,23.2
2023-06-13 23:00:00,5979.0,22.7
2023-06-14 00:00:00,5901.0,22.5
2023-06-14 01:00:00,5228.0,22.4
2023-06-14 02:00:00,4895.0,22.2
2023-06-14 03:00:00,4672.0,21.7
2023-06-14 04:00:00,4511.0,21.6
2023-06-14 05:00:00,4467.0,21.4
2023-06-14 06:00:00,4763.0,21.6
2023-06-14 07:00:00,5010.0,22.3
2023-06-14 08:00:00,5427.0,23.5
2023-06-14 09:00:00,6214.0,24.0
2023-06-14 10:00:00,6524.0,24.5
2023-06-14 11:00:00,6786.0,25.3
2023-06-14 12:00:00,6554.0,26.3
2023-06-14 13:00:00,6425.0,26.8
2023-06-14 14:00:00,6406.0,28.4
2023-06-14 15:00:00,6598.0,28.7
2023-06-14 16:00:00,6805.0,29.1
2023-06-14 17:00:00,7104.0,30.0
2023-06-14 18:00:00,6893.0,29.8
2023-06-14 19:00:00,6844.0,29.0
2023-06-14 20:00:00,6947.0,28.1
2023-06-14 21:00:00,6791.0,27.8
2023-06-14 22:00:00,6559.0,27.6
2023-06-14 23:00:00,6030.0,25.7
2023-06-15 00:00:00,5925.0,25.1
2023-06-15 01:00:00,5324.0,24.2
2023-06-15 02:00:00,4996.0,23.0
2023-06-15 03:00:00,4778.0,22.7
2023-06-15 04:00:00,4585.0,22.5
2023-06-15 05:00:00,4538.0,22.5
2023-06-15 06:00:00,4817.0,22.5
2023-06-15 07:00:00,5082.0,23.6
2023-06-15 08:00:00,5474.0,24.1
2023-06-15 09:00:00,6227.0,25.0
2023-06-15 10:00:00,6577.0,25.7
2023-06-15 11:00:00,6864.0,27.5
2023-06-15 12:00:00,6597.0,28.1
2023-06-15 13:00:00,6464.0,28.3
2023-06-15 14:00:00,6480.0,28.4
2023-06-15 15:00:00,6582.0,27.9
2023-06-15 16:00:00,6701.0,27.5
2023-06-15 17:00:00,6955.0,27.5
2023-06-15 18:00:00,6698.0,26.7
2023-06-15 19:00:00,6665.0,25.8
2023-06-15 20:00:00,6712.0,25.8
2023-06-15 21:00:00,6597.0,25.3
2023-06-15 22:00:00,6365.0,25.6
2023-06-15 23:00:00,5858.0,25.5
2023-06-16 00:00:00,5764.0,25.1
2023-06-16 01:00:00,5247.0,24.6
2023-06-16 02:00:00,4916.0,24.6
2023-06-16 03:00:00,4716.0,24.8
2023-06-16 04:00:00,4564.0,24.4
2023-06-16 05:00:00,4546.0,24.2
2023-06-16 06:00:00,4842.0,24.1
2023-06-16 07:00:00,5152.0,24.5
2023-06-16 08:00:00,5492.0,24.7
2023-06-16 09:00:00,6206.0,25.6
2023-06-16 10:00:00,6610.0,27.2
2023-06-16 11:00:00,6949.0,27.8
2023-06-16 12:00:00,6718.0,28.9
2023-06-16 13:00:00,6704.0,30.2
2023-06-16 14:00:00,6693.0,30.3
2023-06-16 15:00:00,6825.0,30.0
2023-06-16 16:00:00,6932.0,29.4
2023-06-16 17:00:00,7205.0,29.4
2023-06-16 18:00:00,6926.0,29.5
2023-06-16 19:00:00,6906.0,28.6
2023-06-16 20:00:00,6983.0,28.0
2023-06-16 21:00:00,6778.0,27.2
2023-06-16 22:00:00,6434.0,26.8
2023-06-16 23:00:00,5992.0,26.2
2023-06-17 00:00:00,5947.0,26.0
2023-06-17 01:00:00,5399.0,25.6
2023-06-17 02:00:00,5004.0,25.4
2023-06-17 03:00:00,4767.0,25.0
2023-06-17 04:00:00,4616.0,24.8
2023-06-17 05:00:00,4506.0,25.4
2023-06-17 06:00:00,4726.0,25.3
2023-06-17 07:00:00,4938.0,26.0
2023-06-17 08:00:00,5342.0,27.0
2023-06-17 09:00:00,6009.0,26.8
2023-06-17 10:00:00,6425.0,27.2
2023-06-17 11:00:00,6929.0,28.9
2023-06-17 12:00:00,6793.0,31.4
2023-06-17 13:00:00,6936.0,32.1
2023-06-17 14:00:00,7071.0,33.2
2023-06-17 15:00:00,7375.0,33.9
2023-06-17 16:00:00,7572.0,33.4
2023-06-17 17:00:00,7835.0,33.5
2023-06-17 18:00:00,7698.0,32.5
2023-06-17 19:00:00,7610.0,31.7
2023-06-17 20:00:00,7663.0,31.0
2023-06-17 21:00:00,7666.0,30.2
2023-06-17 22:00:00,7463.0,29.7
2023-06-17 23:00:00,7007.0,29.4
2023-06-18 00:00:00,6879.0,29.1
2023-06-18 01:00:00,6224.0,28.5
2023-06-18 02:00:00,5769.0,28.1
2023-06-18 03:00:00,5487.0,27.9
2023-06-18 04:00:00,5263.0,27.5
2023-06-18 05:00:00,5151.0,27.4
2023-06-18 06:00:00,5274.0,27.3
2023-06-18 07:00:00,5389.0,27.4
2023-06-18 08:00:00,5614.0,28.8
2023-06-18 09:00:00,6361.0,29.7
2023-06-18 10:00:00,6815.0,31.2
2023-06-18 11:00:00,7292.0,33.0
2023-06-18 12:00:00,7328.0,33.4
2023-06-18 13:00:00,7455.0,33.0
2023-06-18 14:00:00,7517.0,33.9
2023-06-18 15:00:00,7546.0,34.0
2023-06-18 16:00:00,7807.0,34.3
2023-06-18 17:00:00,8071.0,34.7
2023-06-18 18:00:00,7884.0,33.6
2023-06-18 19:00:00,7715.0,30.7
2023-06-18 20:00:00,7993.0,30.4
2023-06-18 21:00:00,8168.0,30.3
2023-06-18 22:00:00,7987.0,29.9
2023-06-18 23:00:00,7431.0,29.6
2023-06-19 00:00:00,7164.0,29.0
2023-06-19 01:00:00,6443.0,28.7
2023-06-19 02:00:00,5931.0,29.1
2023-06-19 03:00:00,5585.0,26.8
2023-06-19 04:00:00,5363.0,26.3
2023-06-19 05:00:00,5247.0,26.4
2023-06-19 06:00:00,5414.0,26.5
2023-06-19 07:00:00,5591.0,27.2
2023-06-19 08:00:00,5977.0,28.8
2023-06-19 09:00:00,6984.0,28.8
2023-06-19 10:00:00,7449.0,29.4
2023-06-19 11:00:00,7830.0,31.3
2023-06-19 12:00:00,7617.0,31.9
2023-06-19 13:00:00,7780.0,32.0
2023-06-19 14:00:00,7770.0,33.0
2023-06-19 15:00:00,7872.0,31.6
2023-06-19 16:00:00,7789.0,28.5
2023-06-19 17:00:00,7833.0,28.2
2023-06-19 18:00:00,7377.0,27.3
2023-06-19 19:00:00,7337.0,27.6
2023-06-19 20:00:00,7467.0,27.0
2023-06-19 21:00:00,7477.0,26.6
2023-06-19 22:00:00,7240.0,26.3
2023-06-19 23:00:00,6734.0,26.3
2023-06-20 00:00:00,6506.0,26.0
2023-06-20 01:00:00,5873.0,25.3
2023-06-20 02:00:00,5507.0,25.0
2023-06-20 03:00:00,5255.0,24.8
2023-06-20 04:00:00,5074.0,24.7
2023-06-20 05:00:00,5008.0,24.5
2023-06-20 06:00:00,5215.0,24.8
2023-06-20 07:00:00,5409.0,25.0
2023-06-20 08:00:00,5812.0,25.7
2023-06-20 09:00:00,6660.0,26.3
2023-06-20 10:00:00,7078.0,26.6
2023-06-20 11:00:00,7140.0,24.6
2023-06-20 12:00:00,6588.0,24.0
2023-06-20 13:00:00,6442.0,24.4
2023-06-20 14:00:00,6463.0,25.0
2023-06-20 15:00:00,6613.0,25.3
2023-06-20 16:00:00,6778.0,25.8
2023-06-20 17:00:00,7114.0,27.5
2023-06-20 18:00:00,6879.0,26.6
2023-06-20 19:00:00,6815.0,26.4
2023-06-20 20:00:00,6973.0,26.0
2023-06-20 21:00:00,6940.0,25.6
2023-06-20 22:00:00,6707.0,25.7
2023-06-20 23:00:00,6206.0,25.5
2023-06-21 00:00:00,6072.0,25.7
2023-06-21 01:00:00,5484.0,25.3
2023-06-21 02:00:00,5135.0,25.0
2023-06-21 03:00:00,4890.0,24.9
2023-06-21 04:00:00,4703.0,24.8
2023-06-21 05:00:00,4648.0,24.6
2023-06-21 06:00:00,4933.0,24.3
2023-06-21 07:00:00,5211.0,25.2
2023-06-21 08:00:00,5595.0,26.8
2023-06-21 09:00:00,6540.0,28.8
2023-06-21 10:00:00,6991.0,28.8
2023-06-21 11:00:00,7406.0,30.3
2023-06-21 12:00:00,7218.0,31.7
2023-06-21 13:00:00,7301.0,33.2
2023-06-21 14:00:00,7287.0,33.5
2023-06-21 15:00:00,7216.0,30.4
2023-06-21 16:00:00,7208.0,28.7
2023-06-21 17:00:00,7263.0,27.8
2023-06-21 18:00:00,6763.0,27.4
2023-06-21 19:00:00,6569.0,26.9
2023-06-21 20:00:00,6637.0,26.4
2023-06-21 21:00:00,6419.0,25.6
2023-06-21 22:00:00,6143.0,25.4
2023-06-21 23:00:00,5640.0,25.3
2023-06-22 00:00:00,5539.0,24.8
2023-06-22 01:00:00,4987.0,25.0
2023-06-22 02:00:00,4545.0,24.6
2023-06-22 03:00:00,4247.0,24.3
2023-06-22 04:00:00,4021.0,23.2
2023-06-22 05:00:00,3857.0,22.3
2023-06-22 06:00:00,3879.0,21.6
2023-06-22 07:00:00,4000.0,20.9
2023-06-22 08:00:00,4077.0,20.6
2023-06-22 09:00:00,4298.0,20.2
2023-06-22 10:00:00,4447.0,20.4
2023-06-22 11:00:00,4539.0,20.9
2023-06-22 12:00:00,4304.0,21.5
2023-06-22 13:00:00,4173.0,22.3
2023-06-22 14:00:00,4001.0,21.8
2023-06-22 15:00:00,4039.0,21.7
2023-06-22 16:00:00,4197.0,21.9
2023-06-22 17:00:00,4513.0,22.1
2023-06-22 18:00:00,4442.0,22.1
2023-06-22 19:00:00,4532.0,22.0
2023-06-22 20:00:00,4701.0,21.9
2023-06-22 21:00:00,4641.0,21.7
2023-06-22 22:00:00,4395.0,21.4
2023-06-22 23:00:00,4039.0,21.4
2023-06-23 00:00:00,4099.0,21.1
2023-06-23 01:00:00,3787.0,21.1
2023-06-23 02:00:00,3520.0,21.1
2023-06-23 03:00:00,3360.0,21.2
2023-06-23 04:00:00,3266.0,21.2
2023-06-23 05:00:00,3252.0,21.1
2023-06-23 06:00:00,3467.0,21.1
2023-06-23 07:00:00,3764.0,21.3
2023-06-23 08:00:00,4093.0,21.6
2023-06-23 09:00:00,4621.0,22.4
2023-06-23 10:00:00,4862.0,22.5
2023-06-23 11:00:00,5138.0,22.9
2023-06-23 12:00:00,4958.0,23.0
2023-06-23 13:00:00,4806.0,23.4
2023-06-23 14:00:00,4807.0,23.7
2023-06-23 15:00:00,4863.0,25.1
2023-06-23 16:00:00,4957.0,24.2
2023-06-23 17:00:00,5281.0,23.5
2023-06-23 18:00:00,5253.0,22.7
2023-06-23 19:00:00,5298.0,22.7
2023-06-23 20:00:00,5306.0,22.7
2023-06-23 21:00:00,5263.0,22.6
2023-06-23 22:00:00,4917.0,22.5
2023-06-23 23:00:00,4546.0,22.5
2023-06-24 00:00:00,4508.0,22.4
2023-06-24 01:00:00,4107.0,22.2
2023-06-24 02:00:00,3905.0,22.0
2023-06-24 03:00:00,3713.0,22.1
2023-06-24 04:00:00,3605.0,21.9
2023-06-24 05:00:00,3600.0,21.7
2023-06-24 06:00:00,3870.0,21.8
2023-06-24 07:00:00,4106.0,21.9
2023-06-24 08:00:00,4389.0,22.2
2023-06-24 09:00:00,5035.0,22.7
2023-06-24 10:00:00,5310.0,23.3
2023-06-24 11:00:00,5574.0,24.1
2023-06-24 12:00:00,5315.0,24.4
2023-06-24 13:00:00,5145.0,24.1
2023-06-24 14:00:00,5167.0,24.4
2023-06-24 15:00:00,5244.0,24.5
2023-06-24 16:00:00,5344.0,22.5
2023-06-24 17:00:00,5726.0,22.2
2023-06-24 18:00:00,5633.0,21.8
2023-06-24 19:00:00,5646.0,21.7
2023-06-24 20:00:00,5650.0,21.8
2023-06-24 21:00:00,5499.0,21.7
2023-06-24 22:00:00,5088.0,21.7
2023-06-24 23:00:00,4640.0,21.7
2023-06-25 00:00:00,4665.0,21.7
2023-06-25 01:00:00,4181.0,21.7
2023-06-25 02:00:00,3952.0,21.7
2023-06-25 03:00:00,3788.0,21.5
2023-06-25 04:00:00,3677.0,21.2
2023-06-25 05:00:00,3684.0,21.2
2023-06-25 06:00:00,4013.0,21.2
2023-06-25 07:00:00,4388.0,21.5
2023-06-25 08:00:00,4718.0,22.1
2023-06-25 09:00:00,5382.0,22.9
2023-06-25 10:00:00,5689.0,23.1
2023-06-25 11:00:00,5875.0,22.9
2023-06-25 12:00:00,5454.0,23.8
2023-06-25 13:00:00,5405.0,25.0
2023-06-25 14:00:00,5498.0,25.5
2023-06-25 15:00:00,5756.0,27.1
2023-06-25 16:00:00,5965.0,27.4
2023-06-25 17:00:00,6276.0,27.2
2023-06-25 18:00:00,6147.0,26.9
2023-06-25 19:00:00,6134.0,26.1
2023-06-25 20:00:00,6219.0,25.1
2023-06-25 21:00:00,6090.0,24.2
2023-06-25 22:00:00,5610.0,23.6
2023-06-25 23:00:00,5143.0,23.6
2023-06-26 00:00:00,5067.0,23.5
2023-06-26 01:00:00,4549.0,23.4
2023-06-26 02:00:00,4251.0,23.4
2023-06-26 03:00:00,4066.0,23.2
2023-06-26 04:00:00,3979.0,22.9
2023-06-26 05:00:00,3935.0,23.1
2023-06-26 06:00:00,4323.0,23.2
2023-06-26 07:00:00,4684.0,23.9
2023-06-26 08:00:00,5071.0,25.1
2023-06-26 09:00:00,5929.0,26.9
2023-06-26 10:00:00,6303.0,27.4
2023-06-26 11:00:00,6645.0,28.8
2023-06-26 12:00:00,6407.0,30.0
2023-06-26 13:00:00,6387.0,29.8
2023-06-26 14:00:00,6388.0,29.7
2023-06-26 15:00:00,6583.0,29.6
2023-06-26 16:00:00,6843.0,30.0
2023-06-26 17:00:00,7142.0,29.5
2023-06-26 18:00:00,6874.0,29.1
2023-06-26 19:00:00,6864.0,28.7
2023-06-26 20:00:00,6898.0,27.7
2023-06-26 21:00:00,6820.0,27.2
2023-06-26 22:00:00,6429.0,26.8
2023-06-26 23:00:00,5937.0,26.5
2023-06-27 00:00:00,5817.0,26.1
2023-06-27 01:00:00,5214.0,25.9
2023-06-27 02:00:00,4890.0,25.4
2023-06-27 03:00:00,4645.0,25.0
2023-06-27 04:00:00,4494.0,24.7
2023-06-27 05:00:00,4455.0,24.7
2023-06-27 06:00:00,4838.0,24.8
2023-06-27 07:00:00,5115.0,25.9
2023-06-27 08:00:00,5511.0,27.6
2023-06-27 09:00:00,6490.0,28.7
2023-06-27 10:00:00,6923.0,30.6
2023-06-27 11:00:00,7308.0,31.8
2023-06-27 12:00:00,7018.0,32.5
2023-06-27 13:00:00,7113.0,33.0
2023-06-27 14:00:00,7174.0,33.5
2023-06-27 15:00:00,7462.0,33.8
2023-06-27 16:00:00,7571.0,33.6
2023-06-27 17:00:00,7958.0,33.5
2023-06-27 18:00:00,7605.0,33.1
2023-06-27 19:00:00,7542.0,32.0
2023-06-27 20:00:00,7613.0,30.8
2023-06-27 21:00:00,7607.0,29.8
2023-06-27 22:00:00,7380.0,29.6
2023-06-27 23:00:00,6861.0,29.5
2023-06-28 00:00:00,6708.0,28.9
2023-06-28 01:00:00,6083.0,28.4
2023-06-28 02:00:00,5641.0,27.7
2023-06-28 03:00:00,5387.0,27.3
2023-06-28 04:00:00,5147.0,26.7
2023-06-28 05:00:00,5069.0,26.3
2023-06-28 06:00:00,5323.0,26.5
2023-06-28 07:00:00,5543.0,27.9
2023-06-28 08:00:00,5958.0,29.0
2023-06-28 09:00:00,6987.0,30.6
2023-06-28 10:00:00,7510.0,31.6
2023-06-28 11:00:00,7984.0,32.9
2023-06-28 12:00:00,7801.0,33.2
2023-06-28 13:00:00,7883.0,34.2
2023-06-28 14:00:00,7868.0,33.9
2023-06-28 15:00:00,8029.0,34.5
2023-06-28 16:00:00,8234.0,34.2
2023-06-28 17:00:00,8507.0,34.2
2023-06-28 18:00:00,8143.0,33.5
2023-06-28 19:00:00,8012.0,32.6
2023-06-28 20:00:00,8234.0,31.7
2023-06-28 21:00:00,8374.0,31.1
2023-06-28 22:00:00,8173.0,30.3
2023-06-28 23:00:00,7671.0,29.7
2023-06-29 00:00:00,7492.0,29.2
2023-06-29 01:00:00,6789.0,29.1
2023-06-29 02:00:00,6307.0,28.7
2023-06-29 03:00:00,5985.0,28.0
2023-06-29 04:00:00,5763.0,27.7
2023-06-29 05:00:00,5625.0,27.5
2023-06-29 06:00:00,5810.0,27.4
2023-06-29 07:00:00,5916.0,27.7
2023-06-29 08:00:00,6351.0,29.5
2023-06-29 09:00:00,7356.0,31.2
2023-06-29 10:00:00,7913.0,32.7
2023-06-29 11:00:00,8372.0,33.5
2023-06-29 12:00:00,8178.0,33.8
2023-06-29 13:00:00,8419.0,34.6
2023-06-29 14:00:00,8508.0,35.0
2023-06-29 15:00:00,8597.0,33.9
2023-06-29 16:00:00,8616.0,33.4
2023-06-29 17:00:00,8831.0,33.5
2023-06-29 18:00:00,8396.0,33.1
2023-06-29 19:00:00,8381.0,32.4
2023-06-29 20:00:00,8644.0,31.8
2023-06-29 21:00:00,8866.0,31.6
2023-06-29 22:00:00,8742.0,31.0
2023-06-29 23:00:00,8255.0,30.7
2023-06-30 00:00:00,8143.0,30.6
2023-06-30 01:00:00,7418.0,30.2
2023-06-30 02:00:00,6944.0,30.1
2023-06-30 03:00:00,6570.0,29.8
2023-06-30 04:00:00,6264.0,29.6
2023-06-30 05:00:00,6072.0,29.0
2023-06-30 06:00:00,6112.0,28.8
2023-06-30 07:00:00,6156.0,28.8
2023-06-30 08:00:00,6534.0,28.9
2023-06-30 09:00:00,7485.0,30.1
2023-06-30 10:00:00,8028.0,31.0
2023-06-30 11:00:00,8459.0,31.2
2023-06-30 12:00:00,8371.0,32.4
2023-06-30 13:00:00,8590.0,32.9
2023-06-30 14:00:00,8500.0,33.6
2023-06-30 15:00:00,8545.0,31.9
2023-06-30 16:00:00,8358.0,29.4
2023-06-30 17:00:00,8585.0,28.7
2023-06-30 18:00:00,8337.0,29.4
2023-06-30 19:00:00,8181.0,28.6
2023-06-30 20:00:00,8365.0,27.4
2023-06-30 21:00:00,8399.0,27.2
2023-06-30 22:00:00,8255.0,27.3
2023-06-30 23:00:00,7865.0,27.0
2023-07-01 00:00:00,7659.0,26.9
2023-07-01 01:00:00,6938.0,26.8
2023-07-01 02:00:00,6443.0,26.6
2023-07-01 03:00:00,6098.0,26.5
2023-07-01 04:00:00,5866.0,26.4
2023-07-01 05:00:00,5698.0,26.3
2023-07-01 06:00:00,5788.0,26.4
2023-07-01 07:00:00,5864.0,27.2
2023-07-01 08:00:00,6262.0,27.9
2023-07-01 09:00:00,7113.0,29.1
2023-07-01 10:00:00,7677.0,31.1
2023-07-01 11:00:00,8424.0,33.0
2023-07-01 12:00:00,8555.0,34.2
2023-07-01 13:00:00,8794.0,34.4
2023-07-01 14:00:00,8730.0,33.2
2023-07-01 15:00:00,8791.0,34.3
2023-07-01 16:00:00,8848.0,34.5
2023-07-01 17:00:00,9017.0,33.9
2023-07-01 18:00:00,8661.0,33.3
2023-07-01 19:00:00,8562.0,32.6
2023-07-01 20:00:00,8745.0,31.7
2023-07-01 21:00:00,8971.0,31.0
2023-07-01 22:00:00,8823.0,30.1
2023-07-01 23:00:00,8394.0,30.1
2023-07-02 00:00:00,8209.0,29.7
2023-07-02 01:00:00,7431.0,29.0
2023-07-02 02:00:00,6919.0,28.9
2023-07-02 03:00:00,6525.0,28.3
2023-07-02 04:00:00,6235.0,27.9
2023-07-02 05:00:00,6047.0,27.7
2023-07-02 06:00:00,6087.0,27.7
2023-07-02 07:00:00,6135.0,28.9
2023-07-02 08:00:00,6456.0,30.8
2023-07-02 09:00:00,7275.0,31.8
2023-07-02 10:00:00,7916.0,32.7
2023-07-02 11:00:00,8610.0,34.1
2023-07-02 12:00:00,8691.0,35.7
2023-07-02 13:00:00,9001.0,35.8
2023-07-02 14:00:00,9024.0,36.3
2023-07-02 15:00:00,9131.0,36.7
2023-07-02 16:00:00,9144.0,36.5
2023-07-02 17:00:00,9370.0,36.5
2023-07-02 18:00:00,9147.0,35.5
2023-07-02 19:00:00,8981.0,34.7
2023-07-02 20:00:00,9203.0,34.0
2023-07-02 21:00:00,9565.0,32.0
2023-07-02 22:00:00,9573.0,32.3
2023-07-02 23:00:00,9065.0,31.2
2023-07-03 00:00:00,8750.0,30.9
2023-07-03 01:00:00,7980.0,30.3
2023-07-03 02:00:00,7485.0,30.3
2023-07-03 03:00:00,7051.0,30.1
2023-07-03 04:00:00,6746.0,29.1
2023-07-03 05:00:00,6516.0,29.0
2023-07-03 06:00:00,6543.0,28.7
2023-07-03 07:00:00,6530.0,29.1
2023-07-03 08:00:00,6980.0,29.8
2023-07-03 09:00:00,8129.0,31.4
2023-07-03 10:00:00,8776.0,32.3
2023-07-03 11:00:00,9282.0,33.1
2023-07-03 12:00:00,9246.0,33.7
2023-07-03 13:00:00,9482.0,35.2
2023-07-03 14:00:00,9484.0,35.0
2023-07-03 15:00:00,9585.0,35.2
2023-07-03 16:00:00,9690.0,34.8
2023-07-03 17:00:00,9781.0,35.1
2023-07-03 18:00:00,9489.0,35.0
2023-07-03 19:00:00,9461.0,34.0
2023-07-03 20:00:00,9613.0,32.9
2023-07-03 21:00:00,9939.0,32.1
2023-07-03 22:00:00,9869.0,31.3
2023-07-03 23:00:00,9377.0,30.9
2023-07-04 00:00:00,9100.0,30.4
2023-07-04 01:00:00,8311.0,29.8
2023-07-04 02:00:00,7763.0,29.6
2023-07-04 03:00:00,7312.0,29.3
2023-07-04 04:00:00,7009.0,29.0
2023-07-04 05:00:00,6750.0,28.8
2023-07-04 06:00:00,6748.0,28.4
2023-07-04 07:00:00,6694.0,28.9
2023-07-04 08:00:00,7034.0,29.6
2023-07-04 09:00:00,8047.0,30.1
2023-07-04 10:00:00,8601.0,30.6
2023-07-04 11:00:00,9092.0,31.9
2023-07-04 12:00:00,8879.0,32.6
2023-07-04 13:00:00,9280.0,33.9
2023-07-04 14:00:00,9326.0,34.5
2023-07-04 15:00:00,9423.0,34.3
2023-07-04 16:00:00,9373.0,33.9
2023-07-04 17:00:00,9230.0,33.5
2023-07-04 18:00:00,8473.0,28.1
2023-07-04 19:00:00,8240.0,26.5
2023-07-04 20:00:00,8197.0,25.2
2023-07-04 21:00:00,8131.0,25.0
2023-07-04 22:00:00,7842.0,24.5
2023-07-04 23:00:00,7292.0,24.6
2023-07-05 00:00:00,7033.0,24.6
2023-07-05 01:00:00,6378.0,24.5
2023-07-05 02:00:00,5964.0,24.3
2023-07-05 03:00:00,5656.0,24.5
2023-07-05 04:00:00,5489.0,24.5
2023-07-05 05:00:00,5375.0,24.8
2023-07-05 06:00:00,5535.0,24.7
2023-07-05 07:00:00,5735.0,25.0
2023-07-05 08:00:00,6255.0,26.2
2023-07-05 09:00:00,7332.0,28.3
2023-07-05 10:00:00,7934.0,30.1
2023-07-05 11:00:00,8495.0,31.7
2023-07-05 12:00:00,8510.0,32.8
2023-07-05 13:00:00,8767.0,33.2
2023-07-05 14:00:00,8750.0,30.7
2023-07-05 15:00:00,8780.0,29.3
2023-07-05 16:00:00,8871.0,30.9
2023-07-05 17:00:00,9136.0,31.1
2023-07-05 18:00:00,8770.0,32.0
2023-07-05 19:00:00,8668.0,31.7
2023-07-05 20:00:00,8897.0,31.0
2023-07-05 21:00:00,9165.0,30.4
2023-07-05 22:00:00,9078.0,29.9
2023-07-05 23:00:00,8587.0,29.6
2023-07-06 00:00:00,8295.0,29.5
2023-07-06 01:00:00,7524.0,28.9
2023-07-06 02:00:00,7020.0,28.7
2023-07-06 03:00:00,6645.0,28.4
2023-07-06 04:00:00,6382.0,29.0
2023-07-06 05:00:00,6205.0,28.7
2023-07-06 06:00:00,6265.0,28.5
2023-07-06 07:00:00,6324.0,28.6
2023-07-06 08:00:00,6827.0,30.4
2023-07-06 09:00:00,7970.0,31.5
2023-07-06 10:00:00,8523.0,32.5
2023-07-06 11:00:00,9052.0,33.8
2023-07-06 12:00:00,9021.0,34.4
2023-07-06 13:00:00,9266.0,35.0
2023-07-06 14:00:00,9339.0,35.4
2023-07-06 15:00:00,9465.0,35.6
2023-07-06 16:00:00,9520.0,35.4
2023-07-06 17:00:00,9762.0,34.9
2023-07-06 18:00:00,9303.0,34.5
2023-07-06 19:00:00,9154.0,33.7
2023-07-06 20:00:00,9340.0,33.1
2023-07-06 21:00:00,9664.0,32.1
2023-07-06 22:00:00,9659.0,31.8
2023-07-06 23:00:00,9275.0,31.9
2023-07-07 00:00:00,9004.0,31.6
2023-07-07 01:00:00,8224.0,31.3
2023-07-07 02:00:00,7642.0,31.2
2023-07-07 03:00:00,7217.0,30.8
2023-07-07 04:00:00,6923.0,30.4
2023-07-07 05:00:00,6716.0,30.1
2023-07-07 06:00:00,6694.0,29.8
2023-07-07 07:00:00,6686.0,30.0
2023-07-07 08:00:00,7124.0,30.8
2023-07-07 09:00:00,8108.0,31.1
2023-07-07 10:00:00,8696.0,33.1
2023-07-07 11:00:00,9259.0,32.2
2023-07-07 12:00:00,9072.0,32.9
2023-07-07 13:00:00,9511.0,35.1
2023-07-07 14:00:00,9491.0,34.4
2023-07-07 15:00:00,9666.0,35.8
2023-07-07 16:00:00,9755.0,35.8
2023-07-07 17:00:00,10000.0,35.6
2023-07-07 18:00:00,9577.0,35.2
2023-07-07 19:00:00,9273.0,33.9
2023-07-07 20:00:00,9417.0,33.2
2023-07-07 21:00:00,9779.0,32.6
2023-07-07 22:00:00,9788.0,32.1
2023-07-07 23:00:00,9437.0,31.8
2023-07-08 00:00:00,9182.0,31.5
2023-07-08 01:00:00,8453.0,31.0
2023-07-08 02:00:00,7828.0,30.6
2023-07-08 03:00:00,7443.0,30.1
2023-07-08 04:00:00,7092.0,29.5
2023-07-08 05:00:00,6832.0,28.9
2023-07-08 06:00:00,6778.0,28.7
2023-07-08 07:00:00,6717.0,29.2
2023-07-08 08:00:00,6956.0,29.9
2023-07-08 09:00:00,7753.0,30.9
2023-07-08 10:00:00,8318.0,32.4
2023-07-08 11:00:00,8911.0,32.8
2023-07-08 12:00:00,8953.0,34.0
2023-07-08 13:00:00,9349.0,34.0
2023-07-08 14:00:00,9467.0,34.3
2023-07-08 15:00:00,9467.0,34.0
2023-07-08 16:00:00,9487.0,34.0
2023-07-08 17:00:00,9682.0,34.8
2023-07-08 18:00:00,9250.0,33.8
2023-07-08 19:00:00,9113.0,33.2
2023-07-08 20:00:00,9318.0,32.8
2023-07-08 21:00:00,9571.0,32.0
2023-07-08 22:00:00,9597.0,31.5
2023-07-08 23:00:00,9197.0,31.1
2023-07-09 00:00:00,9000.0,30.4
2023-07-09 01:00:00,8307.0,30.3
2023-07-09 02:00:00,7742.0,29.7
2023-07-09 03:00:00,7300.0,29.4
2023-07-09 04:00:00,6958.0,29.0
2023-07-09 05:00:00,6710.0,28.5
2023-07-09 06:00:00,6640.0,28.5
2023-07-09 07:00:00,6603.0,29.5
2023-07-09 08:00:00,6878.0,31.3
2023-07-09 09:00:00,7598.0,32.6
2023-07-09 10:00:00,8170.0,34.1
2023-07-09 11:00:00,8810.0,35.0
2023-07-09 12:00:00,8880.0,35.5
2023-07-09 13:00:00,9279.0,36.0
2023-07-09 14:00:00,9410.0,35.9
2023-07-09 15:00:00,9372.0,36.4
2023-07-09 16:00:00,9436.0,35.8
2023-07-09 17:00:00,9638.0,35.8
2023-07-09 18:00:00,9305.0,34.9
2023-07-09 19:00:00,9066.0,34.0
2023-07-09 20:00:00,9385.0,33.3
2023-07-09 21:00:00,9705.0,32.8
2023-07-09 22:00:00,9678.0,32.3
2023-07-09 23:00:00,9290.0,31.6
2023-07-10 00:00:00,9043.0,31.0
2023-07-10 01:00:00,8296.0,31.0
2023-07-10 02:00:00,7762.0,30.6
2023-07-10 03:00:00,7342.0,30.4
2023-07-10 04:00:00,6963.0,29.4
2023-07-10 05:00:00,6688.0,28.7
2023-07-10 06:00:00,6681.0,28.4
2023-07-10 07:00:00,6762.0,29.9
2023-07-10 08:00:00,7200.0,31.4
2023-07-10 09:00:00,8389.0,32.9
2023-07-10 10:00:00,9027.0,34.0
2023-07-10 11:00:00,9535.0,34.8
2023-07-10 12:00:00,9645.0,35.6
2023-07-10 13:00:00,9947.0,36.2
2023-07-10 14:00:00,9970.0,36.8
2023-07-10 15:00:00,10155.0,36.3
2023-07-10 16:00:00,10060.0,36.1
2023-07-10 17:00:00,10211.0,36.2
2023-07-10 18:00:00,9764.0,35.3
2023-07-10 19:00:00,9594.0,34.6
2023-07-10 20:00:00,9797.0,33.0
2023-07-10 21:00:00,10131.0,32.4
2023-07-10 22:00:00,9678.0,31.7
2023-07-10 23:00:00,9290.0,31.0
2023-07-11 00:00:00,9421.0,30.8
2023-07-11 01:00:00,8608.0,30.6
2023-07-11 02:00:00,8050.0,30.1
2023-07-11 03:00:00,7627.0,29.7
2023-07-11 04:00:00,7282.0,29.4
2023-07-11 05:00:00,7029.0,29.0
2023-07-11 06:00:00,6983.0,28.9
2023-07-11 07:00:00,6968.0,29.9
2023-07-11 08:00:00,7394.0,31.3
2023-07-11 09:00:00,8513.0,31.8
2023-07-11 10:00:00,9167.0,32.6
2023-07-11 11:00:00,9686.0,33.4
2023-07-11 12:00:00,9687.0,34.7
2023-07-11 13:00:00,10043.0,36.7
2023-07-11 14:00:00,10077.0,36.5
2023-07-11 15:00:00,10170.0,36.4
2023-07-11 16:00:00,10219.0,36.0
2023-07-11 17:00:00,10442.0,36.0
2023-07-11 18:00:00,9854.0,35.3
2023-07-11 19:00:00,9710.0,34.6
2023-07-11 20:00:00,9870.0,33.5
2023-07-11 21:00:00,10177.0,33.0
2023-07-11 22:00:00,10219.0,32.7
2023-07-11 23:00:00,9758.0,32.1
2023-07-12 00:00:00,9525.0,31.0
2023-07-12 01:00:00,8775.0,31.0
2023-07-12 02:00:00,8250.0,30.4
2023-07-12 03:00:00,7810.0,30.1
2023-07-12 04:00:00,7445.0,30.1
2023-07-12 05:00:00,7170.0,29.9
2023-07-12 06:00:00,7128.0,29.5
2023-07-12 07:00:00,7139.0,30.4
2023-07-12 08:00:00,7522.0,31.6
2023-07-12 09:00:00,8604.0,33.3
2023-07-12 10:00:00,9206.0,33.9
2023-07-12 11:00:00,9785.0,35.3
2023-07-12 12:00:00,9841.0,34.7
2023-07-12 13:00:00,10160.0,36.1
2023-07-12 14:00:00,10098.0,36.6
2023-07-12 15:00:00,10142.0,36.9
2023-07-12 16:00:00,10163.0,36.5
2023-07-12 17:00:00,10347.0,36.4
2023-07-12 18:00:00,9875.0,36.1
2023-07-12 19:00:00,9784.0,35.0
2023-07-12 20:00:00,9996.0,33.4
2023-07-12 21:00:00,10404.0,32.8
2023-07-12 22:00:00,10429.0,31.9
2023-07-12 23:00:00,9959.0,31.1
2023-07-13 00:00:00,9649.0,30.8
2023-07-13 01:00:00,8901.0,30.9
2023-07-13 02:00:00,8350.0,30.6
2023-07-13 03:00:00,7879.0,30.3
2023-07-13 04:00:00,7525.0,29.9
2023-07-13 05:00:00,7242.0,29.6
2023-07-13 06:00:00,7142.0,29.2
2023-07-13 07:00:00,7145.0,29.6
2023-07-13 08:00:00,7536.0,31.1
2023-07-13 09:00:00,8622.0,32.7
2023-07-13 10:00:00,9235.0,34.2
2023-07-13 11:00:00,9784.0,35.4
2023-07-13 12:00:00,9883.0,35.9
2023-07-13 13:00:00,10227.0,36.8
2023-07-13 14:00:00,10233.0,37.0
2023-07-13 15:00:00,10307.0,36.4
2023-07-13 16:00:00,10394.0,37.1
2023-07-13 17:00:00,10564.0,36.7
2023-07-13 18:00:00,10105.0,35.8
2023-07-13 19:00:00,9895.0,35.2
2023-07-13 20:00:00,10185.0,34.0
2023-07-13 21:00:00,10543.0,33.6
2023-07-13 22:00:00,10516.0,32.5
2023-07-13 23:00:00,10056.0,32.7
2023-07-14 00:00:00,9810.0,31.7
2023-07-14 01:00:00,9030.0,31.6
2023-07-14 02:00:00,8499.0,30.6
2023-07-14 03:00:00,8055.0,30.4
2023-07-14 04:00:00,7682.0,29.8
2023-07-14 05:00:00,7463.0,29.4
2023-07-14 06:00:00,7332.0,29.2
2023-07-14 07:00:00,7255.0,29.6
2023-07-14 08:00:00,7630.0,31.4
2023-07-14 09:00:00,8689.0,32.4
2023-07-14 10:00:00,9367.0,33.0
2023-07-14 11:00:00,9783.0,32.0
2023-07-14 12:00:00,9604.0,32.3
2023-07-14 13:00:00,9868.0,33.9
2023-07-14 14:00:00,9808.0,33.4
2023-07-14 15:00:00,9557.0,32.0
2023-07-14 16:00:00,9502.0,31.4
2023-07-14 17:00:00,9636.0,29.8
2023-07-14 18:00:00,8992.0,29.7
2023-07-14 19:00:00,8772.0,28.7
2023-07-14 20:00:00,8940.0,28.1
2023-07-14 21:00:00,9215.0,27.9
2023-07-14 22:00:00,9130.0,27.8
2023-07-14 23:00:00,8818.0,27.9
2023-07-15 00:00:00,8591.0,27.8
2023-07-15 01:00:00,7855.0,27.4
2023-07-15 02:00:00,7340.0,27.4
2023-07-15 03:00:00,6914.0,27.2
2023-07-15 04:00:00,6417.0,26.6
2023-07-15 05:00:00,6095.0,24.6
2023-07-15 06:00:00,6045.0,24.6
2023-07-15 07:00:00,6087.0,25.2
2023-07-15 08:00:00,6511.0,26.1
2023-07-15 09:00:00,7253.0,27.9
2023-07-15 10:00:00,7591.0,28.0
2023-07-15 11:00:00,8052.0,29.0
2023-07-15 12:00:00,7966.0,30.0
2023-07-15 13:00:00,8184.0,31.4
2023-07-15 14:00:00,8218.0,32.1
2023-07-15 15:00:00,8282.0,32.3
2023-07-15 16:00:00,8290.0,32.6
2023-07-15 17:00:00,8436.0,31.0
2023-07-15 18:00:00,8107.0,30.7
2023-07-15 19:00:00,7997.0,30.5
2023-07-15 20:00:00,8218.0,30.2
2023-07-15 21:00:00,8478.0,30.0
2023-07-15 22:00:00,8273.0,29.6
2023-07-15 23:00:00,7869.0,29.2
2023-07-16 00:00:00,7734.0,28.7
2023-07-16 01:00:00,7063.0,28.4
2023-07-16 02:00:00,6569.0,28.1
2023-07-16 03:00:00,6204.0,27.8
2023-07-16 04:00:00,5986.0,26.8
2023-07-16 05:00:00,5797.0,26.5
2023-07-16 06:00:00,5831.0,26.6
2023-07-16 07:00:00,5871.0,26.8
2023-07-16 08:00:00,6207.0,27.5
2023-07-16 09:00:00,6914.0,28.3
2023-07-16 10:00:00,7511.0,29.5
2023-07-16 11:00:00,8028.0,30.9
2023-07-16 12:00:00,8090.0,32.4
2023-07-16 13:00:00,8283.0,32.5
2023-07-16 14:00:00,8244.0,32.8
2023-07-16 15:00:00,8296.0,32.5
2023-07-16 16:00:00,8408.0,32.0
2023-07-16 17:00:00,8297.0,25.5
2023-07-16 18:00:00,7676.0,26.6
2023-07-16 19:00:00,7458.0,26.1
2023-07-16 20:00:00,7700.0,26.1
2023-07-16 21:00:00,7967.0,26.2
2023-07-16 22:00:00,7893.0,26.7
2023-07-16 23:00:00,7507.0,26.3
2023-07-17 00:00:00,7329.0,26.0
2023-07-17 01:00:00,6563.0,25.5
2023-07-17 02:00:00,6163.0,25.6
2023-07-17 03:00:00,5769.0,25.2
2023-07-17 04:00:00,5547.0,25.1
2023-07-17 05:00:00,5424.0,24.9
2023-07-17 06:00:00,5501.0,24.9
2023-07-17 07:00:00,5654.0,25.0
2023-07-17 08:00:00,6156.0,25.2
2023-07-17 09:00:00,7155.0,26.0
2023-07-17 10:00:00,7562.0,26.3
2023-07-17 11:00:00,7885.0,26.6
2023-07-17 12:00:00,7723.0,27.8
2023-07-17 13:00:00,7776.0,28.7
2023-07-17 14:00:00,7850.0,29.8
2023-07-17 15:00:00,7946.0,30.6
2023-07-17 16:00:00,7986.0,29.5
2023-07-17 17:00:00,8223.0,29.7
2023-07-17 18:00:00,7800.0,29.4
2023-07-17 19:00:00,7741.0,28.2
2023-07-17 20:00:00,7781.0,27.5
2023-07-17 21:00:00,7865.0,27.2
2023-07-17 22:00:00,7668.0,26.8
2023-07-17 23:00:00,7220.0,26.7
2023-07-18 00:00:00,7074.0,26.4
2023-07-18 01:00:00,6414.0,26.3
2023-07-18 02:00:00,6059.0,25.9
2023-07-18 03:00:00,5756.0,25.7
2023-07-18 04:00:00,5501.0,25.4
2023-07-18 05:00:00,5387.0,25.3
2023-07-18 06:00:00,5584.0,25.2
2023-07-18 07:00:00,5802.0,26.2
2023-07-18 08:00:00,6412.0,28.5
2023-07-18 09:00:00,7478.0,29.3
2023-07-18 10:00:00,8037.0,29.8
2023-07-18 11:00:00,8478.0,30.5
2023-07-18 12:00:00,8328.0,30.5
2023-07-18 13:00:00,8447.0,31.4
2023-07-18 14:00:00,8423.0,31.9
2023-07-18 15:00:00,8468.0,31.7
2023-07-18 16:00:00,8562.0,32.6
2023-07-18 17:00:00,8824.0,32.0
2023-07-18 18:00:00,8457.0,32.2
2023-07-18 19:00:00,8403.0,31.2
2023-07-18 20:00:00,8535.0,30.4
2023-07-18 21:00:00,8703.0,30.0
2023-07-18 22:00:00,7632.0,29.2
2023-07-18 23:00:00,7002.0,25.5
2023-07-19 00:00:00,6853.0,25.3
2023-07-19 01:00:00,6232.0,25.1
2023-07-19 02:00:00,5883.0,24.9
2023-07-19 03:00:00,5585.0,24.9
2023-07-19 04:00:00,5407.0,25.0
2023-07-19 05:00:00,5284.0,25.0
2023-07-19 06:00:00,5492.0,25.1
2023-07-19 07:00:00,5720.0,25.9
2023-07-19 08:00:00,6258.0,27.0
2023-07-19 09:00:00,7325.0,28.8
2023-07-19 10:00:00,7866.0,30.3
2023-07-19 11:00:00,8232.0,30.8
2023-07-19 12:00:00,8224.0,32.1
2023-07-19 13:00:00,8446.0,33.3
2023-07-19 14:00:00,8454.0,33.9
2023-07-19 15:00:00,8631.0,34.4
2023-07-19 16:00:00,8730.0,33.1
2023-07-19 17:00:00,8709.0,28.4
2023-07-19 18:00:00,8029.0,26.3
2023-07-19 19:00:00,7815.0,25.7
2023-07-19 20:00:00,7906.0,25.5
2023-07-19 21:00:00,7907.0,25.1
2023-07-19 22:00:00,7570.0,25.2
2023-07-19 23:00:00,7002.0,25.3
2023-07-20 00:00:00,7045.0,25.4
2023-07-20 01:00:00,6395.0,25.7
2023-07-20 02:00:00,6023.0,25.6
2023-07-20 03:00:00,5732.0,25.7
2023-07-20 04:00:00,5536.0,25.7
2023-07-20 05:00:00,5433.0,25.6
2023-07-20 06:00:00,5580.0,25.6
2023-07-20 07:00:00,5817.0,26.2
2023-07-20 08:00:00,6401.0,27.6
2023-07-20 09:00:00,7392.0,28.4
2023-07-20 10:00:00,8013.0,29.5
2023-07-20 11:00:00,8594.0,31.9
2023-07-20 12:00:00,8588.0,32.9
2023-07-20 13:00:00,8788.0,33.3
2023-07-20 14:00:00,8772.0,34.9
2023-07-20 15:00:00,9005.0,35.6
2023-07-20 16:00:00,9025.0,35.0
2023-07-20 17:00:00,8962.0,32.0
2023-07-20 18:00:00,8329.0,31.4
2023-07-20 19:00:00,8258.0,31.0
2023-07-20 20:00:00,8548.0,30.5
2023-07-20 21:00:00,8693.0,29.8
2023-07-20 22:00:00,8593.0,29.4
2023-07-20 23:00:00,8123.0,29.2
2023-07-21 00:00:00,7924.0,28.9
2023-07-21 01:00:00,7217.0,28.7
2023-07-21 02:00:00,6749.0,28.5
2023-07-21 03:00:00,6373.0,28.3
2023-07-21 04:00:00,6146.0,28.1
2023-07-21 05:00:00,5982.0,28.1
2023-07-21 06:00:00,6130.0,27.9
2023-07-21 07:00:00,6262.0,28.3
2023-07-21 08:00:00,6787.0,29.0
2023-07-21 09:00:00,7830.0,30.0
2023-07-21 10:00:00,8434.0,33.0
2023-07-21 11:00:00,9014.0,33.3
2023-07-21 12:00:00,9016.0,35.1
2023-07-21 13:00:00,9332.0,35.4
2023-07-21 14:00:00,9253.0,34.9
2023-07-21 15:00:00,9367.0,35.4
2023-07-21 16:00:00,9432.0,35.8
2023-07-21 17:00:00,9664.0,36.0
2023-07-21 18:00:00,9244.0,36.1
2023-07-21 19:00:00,9052.0,34.1
2023-07-21 20:00:00,9323.0,33.1
2023-07-21 21:00:00,9511.0,32.4
2023-07-21 22:00:00,9454.0,32.0
2023-07-21 23:00:00,9058.0,31.4
2023-07-22 00:00:00,8886.0,31.0
2023-07-22 01:00:00,8148.0,30.6
2023-07-22 02:00:00,7557.0,30.2
2023-07-22 03:00:00,7144.0,30.0
2023-07-22 04:00:00,6824.0,29.6
2023-07-22 05:00:00,6585.0,29.0
2023-07-22 06:00:00,6551.0,28.6
2023-07-22 07:00:00,6528.0,29.1
2023-07-22 08:00:00,6895.0,30.5
2023-07-22 09:00:00,7760.0,32.1
2023-07-22 10:00:00,8422.0,32.0
2023-07-22 11:00:00,9070.0,33.1
2023-07-22 12:00:00,9002.0,33.9
2023-07-22 13:00:00,9191.0,35.3
2023-07-22 14:00:00,9228.0,36.1
2023-07-22 15:00:00,8949.0,32.9
2023-07-22 16:00:00,8816.0,30.3
2023-07-22 17:00:00,9103.0,29.9
2023-07-22 18:00:00,8005.0,25.9
2023-07-22 19:00:00,7865.0,24.6
2023-07-22 20:00:00,7848.0,24.9
2023-07-22 21:00:00,7876.0,25.4
2023-07-22 22:00:00,7673.0,25.5
2023-07-22 23:00:00,7333.0,25.7
2023-07-23 00:00:00,7326.0,25.7
2023-07-23 01:00:00,6716.0,25.6
2023-07-23 02:00:00,6289.0,25.7
2023-07-23 03:00:00,5990.0,25.6
2023-07-23 04:00:00,5780.0,25.6
2023-07-23 05:00:00,5573.0,25.8
2023-07-23 06:00:00,5576.0,25.3
2023-07-23 07:00:00,5590.0,25.3
2023-07-23 08:00:00,5838.0,25.3
2023-07-23 09:00:00,6407.0,25.5
2023-07-23 10:00:00,6763.0,25.9
2023-07-23 11:00:00,7261.0,26.8
2023-07-23 12:00:00,7212.0,27.8
2023-07-23 13:00:00,7558.0,29.9
2023-07-23 14:00:00,7659.0,32.0
2023-07-23 15:00:00,7939.0,32.3
2023-07-23 16:00:00,8137.0,33.2
2023-07-23 17:00:00,8507.0,33.2
2023-07-23 18:00:00,8333.0,32.3
2023-07-23 19:00:00,8262.0,31.4
2023-07-23 20:00:00,8429.0,30.2
2023-07-23 21:00:00,8613.0,30.0
2023-07-23 22:00:00,8500.0,29.6
2023-07-23 23:00:00,8123.0,29.0
2023-07-24 00:00:00,7933.0,28.3
2023-07-24 01:00:00,7183.0,28.0
2023-07-24 02:00:00,6626.0,28.0
2023-07-24 03:00:00,6276.0,27.6
2023-07-24 04:00:00,5992.0,27.3
2023-07-24 05:00:00,5837.0,26.9
2023-07-24 06:00:00,5913.0,26.7
2023-07-24 07:00:00,6113.0,27.6
2023-07-24 08:00:00,6774.0,29.7
2023-07-24 09:00:00,7945.0,31.4
2023-07-24 10:00:00,8577.0,32.4
2023-07-24 11:00:00,9246.0,33.4
2023-07-24 12:00:00,9283.0,34.5
2023-07-24 13:00:00,9529.0,35.0
2023-07-24 14:00:00,9505.0,35.7
2023-07-24 15:00:00,9496.0,36.0
2023-07-24 16:00:00,9280.0,34.4
2023-07-24 17:00:00,9338.0,32.1
2023-07-24 18:00:00,8866.0,33.1
2023-07-24 19:00:00,8829.0,32.9
2023-07-24 20:00:00,9004.0,32.3
2023-07-24 21:00:00,9160.0,31.5
2023-07-24 22:00:00,8944.0,29.2
2023-07-24 23:00:00,8363.0,28.4
2023-07-25 00:00:00,8116.0,27.6
2023-07-25 01:00:00,7296.0,26.6
2023-07-25 02:00:00,6754.0,26.4
2023-07-25 03:00:00,6371.0,26.7
2023-07-25 04:00:00,6133.0,26.2
2023-07-25 05:00:00,5925.0,26.1
2023-07-25 06:00:00,5990.0,26.2
2023-07-25 07:00:00,6135.0,26.3
2023-07-25 08:00:00,6641.0,27.5
2023-07-25 09:00:00,7781.0,31.0
2023-07-25 10:00:00,8302.0,31.5
2023-07-25 11:00:00,8779.0,32.4
2023-07-25 12:00:00,8631.0,32.4
2023-07-25 13:00:00,8955.0,34.3
2023-07-25 14:00:00,8991.0,35.0
2023-07-25 15:00:00,8648.0,28.1
2023-07-25 16:00:00,8512.0,27.6
2023-07-25 17:00:00,8576.0,25.3
2023-07-25 18:00:00,8026.0,25.8
2023-07-25 19:00:00,7858.0,26.3
2023-07-25 20:00:00,7970.0,25.5
2023-07-25 21:00:00,7989.0,25.0
2023-07-25 22:00:00,7727.0,25.0
2023-07-25 23:00:00,7289.0,24.8
2023-07-26 00:00:00,7161.0,24.7
2023-07-26 01:00:00,6502.0,24.7
2023-07-26 02:00:00,6090.0,24.5
2023-07-26 03:00:00,5767.0,24.3
2023-07-26 04:00:00,5564.0,24.1
2023-07-26 05:00:00,5395.0,23.8
2023-07-26 06:00:00,5552.0,23.9
2023-07-26 07:00:00,5744.0,25.0
2023-07-26 08:00:00,6365.0,27.0
2023-07-26 09:00:00,7409.0,28.6
2023-07-26 10:00:00,8006.0,30.1
2023-07-26 11:00:00,8562.0,31.7
2023-07-26 12:00:00,8595.0,32.8
2023-07-26 13:00:00,8758.0,33.4
2023-07-26 14:00:00,8780.0,33.9
2023-07-26 15:00:00,8789.0,33.8
2023-07-26 16:00:00,8895.0,34.1
2023-07-26 17:00:00,9102.0,33.2
2023-07-26 18:00:00,8654.0,32.4
2023-07-26 19:00:00,8572.0,30.9
2023-07-26 20:00:00,8760.0,29.7
2023-07-26 21:00:00,8831.0,28.8
2023-07-26 22:00:00,8654.0,28.5
2023-07-26 23:00:00,8111.0,27.9
2023-07-27 00:00:00,7910.0,27.4
2023-07-27 01:00:00,7176.0,27.3
2023-07-27 02:00:00,6708.0,27.0
2023-07-27 03:00:00,6344.0,26.7
2023-07-27 04:00:00,6085.0,26.5
2023-07-27 05:00:00,5943.0,26.2
2023-07-27 06:00:00,6052.0,26.2
2023-07-27 07:00:00,6200.0,27.3
2023-07-27 08:00:00,6790.0,29.5
2023-07-27 09:00:00,7918.0,31.4
2023-07-27 10:00:00,8439.0,31.4
2023-07-27 11:00:00,8973.0,33.1
2023-07-27 12:00:00,8908.0,33.7
2023-07-27 13:00:00,9150.0,34.8
2023-07-27 14:00:00,9089.0,35.4
2023-07-27 15:00:00,9274.0,35.6
2023-07-27 16:00:00,9331.0,35.6
2023-07-27 17:00:00,9503.0,28.9
2023-07-27 18:00:00,8733.0,29.9
2023-07-27 19:00:00,8476.0,29.4
2023-07-27 20:00:00,8642.0,28.6
2023-07-27 21:00:00,8716.0,27.9
2023-07-27 22:00:00,8581.0,27.4
2023-07-27 23:00:00,8079.0,27.0
2023-07-28 00:00:00,7912.0,26.7
2023-07-28 01:00:00,7199.0,26.5
2023-07-28 02:00:00,6752.0,26.2
2023-07-28 03:00:00,6365.0,25.8
2023-07-28 04:00:00,6074.0,25.9
2023-07-28 05:00:00,5929.0,26.0
2023-07-28 06:00:00,6034.0,26.2
2023-07-28 07:00:00,6234.0,26.8
2023-07-28 08:00:00,6814.0,28.0
2023-07-28 09:00:00,7841.0,30.4
2023-07-28 10:00:00,8441.0,31.8
2023-07-28 11:00:00,8927.0,32.0
2023-07-28 12:00:00,8727.0,32.8
2023-07-28 13:00:00,9001.0,33.6
2023-07-28 14:00:00,8941.0,34.8
2023-07-28 15:00:00,9072.0,33.3
2023-07-28 16:00:00,8903.0,30.6
2023-07-28 17:00:00,9082.0,31.3
2023-07-28 18:00:00,8743.0,32.9
2023-07-28 19:00:00,8472.0,29.5
2023-07-28 20:00:00,8376.0,27.7
2023-07-28 21:00:00,8423.0,27.1
2023-07-28 22:00:00,8329.0,27.5
2023-07-28 23:00:00,7904.0,27.5
2023-07-29 00:00:00,7803.0,27.6
2023-07-29 01:00:00,7111.0,27.6
2023-07-29 02:00:00,6630.0,27.2
2023-07-29 03:00:00,6280.0,27.0
2023-07-29 04:00:00,6051.0,27.0
2023-07-29 05:00:00,5883.0,26.9
2023-07-29 06:00:00,5923.0,26.6
2023-07-29 07:00:00,5979.0,26.8
2023-07-29 08:00:00,6317.0,27.3
2023-07-29 09:00:00,6969.0,25.4
2023-07-29 10:00:00,7422.0,25.8
2023-07-29 11:00:00,7844.0,26.4
2023-07-29 12:00:00,7515.0,28.1
2023-07-29 13:00:00,7799.0,28.0
2023-07-29 14:00:00,7935.0,29.8
2023-07-29 15:00:00,7987.0,31.8
2023-07-29 16:00:00,8168.0,31.0
2023-07-29 17:00:00,8488.0,31.0
2023-07-29 18:00:00,8187.0,30.8
2023-07-29 19:00:00,8022.0,30.3
2023-07-29 20:00:00,8245.0,29.3
2023-07-29 21:00:00,8333.0,28.7
2023-07-29 22:00:00,8225.0,28.2
2023-07-29 23:00:00,7872.0,27.7
2023-07-30 00:00:00,7737.0,27.8
2023-07-30 01:00:00,7041.0,27.4
2023-07-30 02:00:00,6567.0,27.4
2023-07-30 03:00:00,6198.0,26.8
2023-07-30 04:00:00,5917.0,26.7
2023-07-30 05:00:00,5797.0,26.9
2023-07-30 06:00:00,5769.0,27.0
2023-07-30 07:00:00,5792.0,27.4
2023-07-30 08:00:00,6110.0,28.6
2023-07-30 09:00:00,6823.0,30.2
2023-07-30 10:00:00,7503.0,31.4
2023-07-30 11:00:00,8127.0,33.1
2023-07-30 12:00:00,8187.0,34.1
2023-07-30 13:00:00,8577.0,34.9
2023-07-30 14:00:00,8620.0,35.4
2023-07-30 15:00:00,8260.0,35.9
2023-07-30 16:00:00,7918.0,27.6
2023-07-30 17:00:00,8112.0,26.4
2023-07-30 18:00:00,7383.0,26.3
2023-07-30 19:00:00,7368.0,25.9
2023-07-30 20:00:00,7443.0,26.0
2023-07-30 21:00:00,7423.0,26.1
2023-07-30 22:00:00,7138.0,26.0
2023-07-30 23:00:00,6739.0,26.0
2023-07-31 00:00:00,6681.0,25.9
2023-07-31 01:00:00,6100.0,25.8
2023-07-31 02:00:00,5751.0,25.9
2023-07-31 03:00:00,5479.0,25.9
2023-07-31 04:00:00,5266.0,25.7
2023-07-31 05:00:00,5163.0,25.5
2023-07-31 06:00:00,5311.0,25.5
2023-07-31 07:00:00,5595.0,25.9
2023-07-31 08:00:00,6168.0,27.6
2023-07-31 09:00:00,7312.0,29.7
2023-07-31 10:00:00,7890.0,30.2
2023-07-31 11:00:00,8411.0,31.9
2023-07-31 12:00:00,8454.0,32.1
2023-07-31 13:00:00,8645.0,33.7
2023-07-31 14:00:00,8711.0,33.3
2023-07-31 15:00:00,8742.0,34.9
2023-07-31 16:00:00,8851.0,34.7
2023-07-31 17:00:00,9071.0,34.2
2023-07-31 18:00:00,8592.0,31.9
2023-07-31 19:00:00,8466.0,31.1
2023-07-31 20:00:00,8620.0,30.2
2023-07-31 21:00:00,8642.0,29.8
2023-07-31 22:00:00,8476.0,29.3
2023-07-31 23:00:00,7980.0,28.9
2023-08-01 00:00:00,7779.0,28.5
2023-08-01 01:00:00,7049.0,28.1
2023-08-01 02:00:00,6588.0,27.7
2023-08-01 03:00:00,6214.0,28.0
2023-08-01 04:00:00,5974.0,27.8
2023-08-01 05:00:00,5820.0,27.7
2023-08-01 06:00:00,5893.0,27.5
2023-08-01 07:00:00,6095.0,28.2
2023-08-01 08:00:00,6655.0,28.6
2023-08-01 09:00:00,7646.0,29.6
2023-08-01 10:00:00,8210.0,30.4
2023-08-01 11:00:00,8703.0,31.6
2023-08-01 12:00:00,8624.0,31.5
2023-08-01 13:00:00,8629.0,31.0
2023-08-01 14:00:00,8434.0,29.2
2023-08-01 15:00:00,8501.0,30.5
2023-08-01 16:00:00,8535.0,30.5
2023-08-01 17:00:00,8781.0,30.2
2023-08-01 18:00:00,7922.0,27.4
2023-08-01 19:00:00,7730.0,27.2
2023-08-01 20:00:00,7869.0,26.9
2023-08-01 21:00:00,7901.0,26.5
2023-08-01 22:00:00,7592.0,26.4
2023-08-01 23:00:00,7149.0,26.3
2023-08-02 00:00:00,7074.0,26.1
2023-08-02 01:00:00,6420.0,26.1
2023-08-02 02:00:00,5997.0,25.9
2023-08-02 03:00:00,5697.0,25.8
2023-08-02 04:00:00,5460.0,25.8
2023-08-02 05:00:00,5366.0,25.7
2023-08-02 06:00:00,5535.0,25.8
2023-08-02 07:00:00,5745.0,26.7
2023-08-02 08:00:00,6302.0,28.2
2023-08-02 09:00:00,7318.0,29.6
2023-08-02 10:00:00,7857.0,31.1
2023-08-02 11:00:00,8378.0,31.7
2023-08-02 12:00:00,8290.0,33.1
2023-08-02 13:00:00,8430.0,34.2
2023-08-02 14:00:00,8371.0,34.1
2023-08-02 15:00:00,8480.0,27.1
2023-08-02 16:00:00,8108.0,26.0
2023-08-02 17:00:00,8076.0,26.8
2023-08-02 18:00:00,7672.0,26.8
2023-08-02 19:00:00,7647.0,26.5
2023-08-02 20:00:00,7809.0,26.1
2023-08-02 21:00:00,7793.0,26.1
2023-08-02 22:00:00,7553.0,26.0
2023-08-02 23:00:00,7117.0,26.1
2023-08-03 00:00:00,7012.0,25.6
2023-08-03 01:00:00,6398.0,25.5
2023-08-03 02:00:00,5958.0,25.5
2023-08-03 03:00:00,5641.0,25.5
2023-08-03 04:00:00,5440.0,25.4
2023-08-03 05:00:00,5334.0,25.2
2023-08-03 06:00:00,5504.0,25.2
2023-08-03 07:00:00,5760.0,26.1
2023-08-03 08:00:00,6365.0,28.0
2023-08-03 09:00:00,7438.0,29.6
2023-08-03 10:00:00,8047.0,31.3
2023-08-03 11:00:00,8577.0,32.4
2023-08-03 12:00:00,8487.0,33.6
2023-08-03 13:00:00,8669.0,34.7
2023-08-03 14:00:00,8692.0,35.1
2023-08-03 15:00:00,8726.0,35.4
2023-08-03 16:00:00,8843.0,35.1
2023-08-03 17:00:00,9020.0,34.9
2023-08-03 18:00:00,8709.0,34.6
2023-08-03 19:00:00,8626.0,33.5
2023-08-03 20:00:00,8814.0,32.7
2023-08-03 21:00:00,8932.0,32.3
2023-08-03 22:00:00,8818.0,31.7
2023-08-03 23:00:00,8392.0,31.3
2023-08-04 00:00:00,8200.0,30.4
2023-08-04 01:00:00,7449.0,29.9
2023-08-04 02:00:00,6937.0,28.9
2023-08-04 03:00:00,6535.0,28.2
2023-08-04 04:00:00,6238.0,28.1
2023-08-04 05:00:00,6092.0,27.8
2023-08-04 06:00:00,6132.0,27.4
2023-08-04 07:00:00,6340.0,28.7
2023-08-04 08:00:00,6908.0,30.6
2023-08-04 09:00:00,8123.0,32.6
2023-08-04 10:00:00,8815.0,34.5
2023-08-04 11:00:00,9330.0,35.7
2023-08-04 12:00:00,9219.0,36.0
2023-08-04 13:00:00,9512.0,36.7
2023-08-04 14:00:00,9440.0,36.3
2023-08-04 15:00:00,9498.0,37.8
2023-08-04 16:00:00,9657.0,37.9
2023-08-04 17:00:00,9747.0,36.9
2023-08-04 18:00:00,9314.0,35.5
2023-08-04 19:00:00,9150.0,34.9
2023-08-04 20:00:00,9432.0,34.1
2023-08-04 21:00:00,9605.0,33.4
2023-08-04 22:00:00,9452.0,32.3
2023-08-04 23:00:00,9082.0,32.1
2023-08-05 00:00:00,8971.0,31.2
2023-08-05 01:00:00,8254.0,30.3
2023-08-05 02:00:00,7672.0,29.4
2023-08-05 03:00:00,7225.0,28.9
2023-08-05 04:00:00,6913.0,29.0
2023-08-05 05:00:00,6646.0,28.2
2023-08-05 06:00:00,6603.0,28.2
2023-08-05 07:00:00,6612.0,29.9
2023-08-05 08:00:00,7062.0,32.1
2023-08-05 09:00:00,8011.0,33.1
2023-08-05 10:00:00,8731.0,34.7
2023-08-05 11:00:00,9373.0,35.8
2023-08-05 12:00:00,9428.0,36.9
2023-08-05 13:00:00,9724.0,37.1
2023-08-05 14:00:00,9635.0,37.7
2023-08-05 15:00:00,9706.0,37.4
2023-08-05 16:00:00,9670.0,37.4
2023-08-05 17:00:00,9948.0,37.6
2023-08-05 18:00:00,9540.0,36.6
2023-08-05 19:00:00,9391.0,35.9
2023-08-05 20:00:00,9627.0,35.0
2023-08-05 21:00:00,9821.0,33.9
2023-08-05 22:00:00,9769.0,33.6
2023-08-05 23:00:00,9483.0,33.3
2023-08-06 00:00:00,9351.0,32.9
2023-08-06 01:00:00,8659.0,32.2
2023-08-06 02:00:00,8137.0,31.8
2023-08-06 03:00:00,7673.0,31.1
2023-08-06 04:00:00,7339.0,30.5
2023-08-06 05:00:00,7076.0,30.0
2023-08-06 06:00:00,6910.0,29.7
2023-08-06 07:00:00,6848.0,30.4
2023-08-06 08:00:00,7123.0,31.7
2023-08-06 09:00:00,7901.0,32.9
2023-08-06 10:00:00,8597.0,34.4
2023-08-06 11:00:00,9253.0,35.0
2023-08-06 12:00:00,9349.0,35.8
2023-08-06 13:00:00,9591.0,37.2
2023-08-06 14:00:00,9495.0,37.7
2023-08-06 15:00:00,9570.0,37.6
2023-08-06 16:00:00,9483.0,36.8
2023-08-06 17:00:00,9461.0,34.8
2023-08-06 18:00:00,8918.0,31.6
2023-08-06 19:00:00,8822.0,31.1
2023-08-06 20:00:00,9286.0,30.4
2023-08-06 21:00:00,9544.0,30.1
2023-08-06 22:00:00,9440.0,30.1
2023-08-06 23:00:00,8999.0,29.8
2023-08-07 00:00:00,8889.0,29.5
2023-08-07 01:00:00,8156.0,29.1
2023-08-07 02:00:00,7620.0,29.2
2023-08-07 03:00:00,7228.0,29.3
2023-08-07 04:00:00,6932.0,28.7
2023-08-07 05:00:00,6698.0,28.4
2023-08-07 06:00:00,6616.0,28.5
2023-08-07 07:00:00,6691.0,29.5
2023-08-07 08:00:00,7230.0,31.1
2023-08-07 09:00:00,8416.0,32.9
2023-08-07 10:00:00,9150.0,34.2
2023-08-07 11:00:00,9878.0,34.5
2023-08-07 12:00:00,9879.0,35.8
2023-08-07 13:00:00,9989.0,34.4
2023-08-07 14:00:00,9644.0,35.1
2023-08-07 15:00:00,9572.0,32.5
2023-08-07 16:00:00,9463.0,29.7
2023-08-07 17:00:00,9426.0,28.3
2023-08-07 18:00:00,8795.0,28.2
2023-08-07 19:00:00,8657.0,28.2
2023-08-07 20:00:00,8940.0,27.7
2023-08-07 21:00:00,9009.0,27.3
2023-08-07 22:00:00,8750.0,27.0
2023-08-07 23:00:00,8375.0,26.9
2023-08-08 00:00:00,8154.0,26.9
2023-08-08 01:00:00,7475.0,27.1
2023-08-08 02:00:00,7026.0,26.8
2023-08-08 03:00:00,6656.0,26.5
2023-08-08 04:00:00,6399.0,26.2
2023-08-08 05:00:00,6184.0,26.0
2023-08-08 06:00:00,6237.0,26.0
2023-08-08 07:00:00,6428.0,26.9
2023-08-08 08:00:00,7041.0,28.7
2023-08-08 09:00:00,8219.0,30.3
2023-08-08 10:00:00,8845.0,32.1
2023-08-08 11:00:00,9413.0,33.2
2023-08-08 12:00:00,9453.0,34.1
2023-08-08 13:00:00,9660.0,35.1
2023-08-08 14:00:00,9630.0,35.8
2023-08-08 15:00:00,9749.0,35.8
2023-08-08 16:00:00,9788.0,36.1
2023-08-08 17:00:00,9919.0,33.9
2023-08-08 18:00:00,9313.0,31.7
2023-08-08 19:00:00,9080.0,31.0
2023-08-08 20:00:00,9340.0,30.5
2023-08-08 21:00:00,9428.0,30.4
2023-08-08 22:00:00,9231.0,30.2
2023-08-08 23:00:00,8804.0,29.7
2023-08-09 00:00:00,8618.0,29.3
2023-08-09 01:00:00,7871.0,28.8
2023-08-09 02:00:00,7347.0,28.2
2023-08-09 03:00:00,6944.0,28.1
2023-08-09 04:00:00,6628.0,27.7
2023-08-09 05:00:00,6424.0,27.5
2023-08-09 06:00:00,6466.0,27.0
2023-08-09 07:00:00,6601.0,27.9
2023-08-09 08:00:00,7105.0,28.9
2023-08-09 09:00:00,8307.0,30.6
2023-08-09 10:00:00,8921.0,31.9
2023-08-09 11:00:00,9555.0,32.9
2023-08-09 12:00:00,9569.0,34.3
2023-08-09 13:00:00,9477.0,35.5
2023-08-09 14:00:00,9265.0,33.4
2023-08-09 15:00:00,9210.0,28.5
2023-08-09 16:00:00,9124.0,26.8
2023-08-09 17:00:00,9244.0,27.2
2023-08-09 18:00:00,8774.0,28.4
2023-08-09 19:00:00,8621.0,27.6
2023-08-09 20:00:00,8875.0,27.3
2023-08-09 21:00:00,8881.0,26.5
2023-08-09 22:00:00,8696.0,26.4
2023-08-09 23:00:00,8170.0,26.0
2023-08-10 00:00:00,8045.0,25.8
2023-08-10 01:00:00,7305.0,25.83
2023-08-10 02:00:00,6860.0,25.85
2023-08-10 03:00:00,6513.0,25.88
2023-08-10 04:00:00,6245.0,25.9
2023-08-10 05:00:00,6084.0,25.8
2023-08-10 06:00:00,6157.0,26.0
2023-08-10 07:00:00,6301.0,26.2
2023-08-10 08:00:00,6803.0,27.3
2023-08-10 09:00:00,7877.0,28.6
2023-08-10 10:00:00,8516.0,29.4
2023-08-10 11:00:00,9072.0,30.8
2023-08-10 12:00:00,8955.0,32.8
2023-08-10 13:00:00,9055.0,33.7
2023-08-10 14:00:00,9012.0,33.4
2023-08-10 15:00:00,9080.0,32.6
2023-08-10 16:00:00,9126.0,33.8
2023-08-10 17:00:00,9279.0,33.6
2023-08-10 18:00:00,8768.0,32.6
2023-08-10 19:00:00,8627.0,31.4
2023-08-10 20:00:00,8767.0,30.5
2023-08-10 21:00:00,8909.0,29.8
2023-08-10 22:00:00,8689.0,29.8
2023-08-10 23:00:00,8278.0,29.7
2023-08-11 00:00:00,8122.0,29.0
2023-08-11 01:00:00,7410.0,28.6
2023-08-11 02:00:00,6918.0,28.1
2023-08-11 03:00:00,6512.0,27.6
2023-08-11 04:00:00,6227.0,27.4
2023-08-11 05:00:00,6071.0,26.5
2023-08-11 06:00:00,6101.0,26.6
2023-08-11 07:00:00,6288.0,27.3
2023-08-11 08:00:00,6872.0,29.0
2023-08-11 09:00:00,7986.0,30.6
2023-08-11 10:00:00,8603.0,32.1
2023-08-11 11:00:00,9178.0,33.3
2023-08-11 12:00:00,9013.0,33.3
2023-08-11 13:00:00,9223.0,33.3
2023-08-11 14:00:00,9123.0,34.0
2023-08-11 15:00:00,9177.0,35.4
2023-08-11 16:00:00,9227.0,35.3
2023-08-11 17:00:00,9409.0,34.8
2023-08-11 18:00:00,8925.0,34.1
2023-08-11 19:00:00,8867.0,33.4
2023-08-11 20:00:00,9135.0,32.8
2023-08-11 21:00:00,9221.0,32.0
2023-08-11 22:00:00,9102.0,31.4
2023-08-11 23:00:00,8710.0,30.7
2023-08-12 00:00:00,8572.0,30.1
2023-08-12 01:00:00,7845.0,29.7
2023-08-12 02:00:00,7282.0,29.4
2023-08-12 03:00:00,6874.0,28.9
2023-08-12 04:00:00,6601.0,28.6
2023-08-12 05:00:00,6367.0,28.5
2023-08-12 06:00:00,6354.0,27.4
2023-08-12 07:00:00,6435.0,28.4
2023-08-12 08:00:00,6819.0,30.2
2023-08-12 09:00:00,7799.0,31.8
2023-08-12 10:00:00,8355.0,32.4
2023-08-12 11:00:00,8961.0,33.5
2023-08-12 12:00:00,8960.0,34.6
2023-08-12 13:00:00,9163.0,35.2
2023-08-12 14:00:00,9160.0,35.9
2023-08-12 15:00:00,9234.0,36.5
2023-08-12 16:00:00,9248.0,37.2
2023-08-12 17:00:00,9472.0,36.1
2023-08-12 18:00:00,9045.0,34.3
2023-08-12 19:00:00,8792.0,29.9
2023-08-12 20:00:00,8860.0,30.9
2023-08-12 21:00:00,8875.0,29.6
2023-08-12 22:00:00,8773.0,29.4
2023-08-12 23:00:00,8425.0,28.8
2023-08-13 00:00:00,8345.0,28.6
2023-08-13 01:00:00,7603.0,28.3
2023-08-13 02:00:00,7114.0,27.7
2023-08-13 03:00:00,6747.0,27.7
2023-08-13 04:00:00,6470.0,27.2
2023-08-13 05:00:00,6220.0,27.2
2023-08-13 06:00:00,6145.0,27.3
2023-08-13 07:00:00,6019.0,26.1
2023-08-13 08:00:00,6156.0,26.1
2023-08-13 09:00:00,6787.0,25.8
2023-08-13 10:00:00,7137.0,26.0
2023-08-13 11:00:00,7302.0,26.8
2023-08-13 12:00:00,7221.0,27.9
2023-08-13 13:00:00,7395.0,29.0
2023-08-13 14:00:00,7395.0,29.2
2023-08-13 15:00:00,7483.0,29.8
2023-08-13 16:00:00,7651.0,30.8
2023-08-13 17:00:00,7985.0,30.4
2023-08-13 18:00:00,7819.0,30.2
2023-08-13 19:00:00,7690.0,29.2
2023-08-13 20:00:00,7979.0,28.8
2023-08-13 21:00:00,8083.0,28.5
2023-08-13 22:00:00,7914.0,28.0
2023-08-13 23:00:00,7468.0,27.6
2023-08-14 00:00:00,7284.0,27.6
2023-08-14 01:00:00,6604.0,27.3
2023-08-14 02:00:00,6157.0,26.8
2023-08-14 03:00:00,5850.0,26.3
2023-08-14 04:00:00,5629.0,26.2
2023-08-14 05:00:00,5515.0,26.0
2023-08-14 06:00:00,5608.0,25.9
2023-08-14 07:00:00,5837.0,26.3
2023-08-14 08:00:00,6401.0,28.1
2023-08-14 09:00:00,7450.0,28.7
2023-08-14 10:00:00,8017.0,28.9
2023-08-14 11:00:00,8519.0,29.9
2023-08-14 12:00:00,8488.0,26.6
2023-08-14 13:00:00,8677.0,27.9
2023-08-14 14:00:00,8631.0,28.6
2023-08-14 15:00:00,8685.0,29.9
2023-08-14 16:00:00,8709.0,30.7
2023-08-14 17:00:00,8946.0,30.1
2023-08-14 18:00:00,8396.0,29.6
2023-08-14 19:00:00,8225.0,28.7
2023-08-14 20:00:00,8409.0,28.3
2023-08-14 21:00:00,8405.0,28.0
2023-08-14 22:00:00,8174.0,28.0
2023-08-14 23:00:00,7745.0,27.5
2023-08-15 00:00:00,7560.0,27.5
2023-08-15 01:00:00,6889.0,26.6
2023-08-15 02:00:00,6439.0,26.5
2023-08-15 03:00:00,6081.0,26.1
2023-08-15 04:00:00,5836.0,25.8
2023-08-15 05:00:00,5679.0,25.8
2023-08-15 06:00:00,5786.0,25.6
2023-08-15 07:00:00,5974.0,26.5
2023-08-15 08:00:00,6598.0,28.0
2023-08-15 09:00:00,7705.0,28.8
2023-08-15 10:00:00,8158.0,30.8
2023-08-15 11:00:00,8426.0,31.8
2023-08-15 12:00:00,8199.0,32.2
2023-08-15 13:00:00,8457.0,30.2
2023-08-15 14:00:00,8555.0,32.5
2023-08-15 15:00:00,8678.0,33.7
2023-08-15 16:00:00,8791.0,32.1
2023-08-15 17:00:00,8981.0,32.8
2023-08-15 18:00:00,8504.0,31.9
2023-08-15 19:00:00,8402.0,30.9
2023-08-15 20:00:00,8583.0,30.3
2023-08-15 21:00:00,8599.0,30.0
2023-08-15 22:00:00,8403.0,29.4
2023-08-15 23:00:00,7939.0,29.2
2023-08-16 00:00:00,7759.0,28.5
2023-08-16 01:00:00,7072.0,27.9
2023-08-16 02:00:00,6597.0,27.5
2023-08-16 03:00:00,6226.0,27.6
2023-08-16 04:00:00,5970.0,26.9
2023-08-16 05:00:00,5853.0,26.4
2023-08-16 06:00:00,5920.0,26.2
2023-08-16 07:00:00,6123.0,26.7
2023-08-16 08:00:00,6703.0,28.1
2023-08-16 09:00:00,7824.0,30.5
2023-08-16 10:00:00,8436.0,31.8
2023-08-16 11:00:00,8952.0,32.3
2023-08-16 12:00:00,8836.0,33.1
2023-08-16 13:00:00,9083.0,34.0
2023-08-16 14:00:00,9043.0,33.8
2023-08-16 15:00:00,9241.0,34.2
2023-08-16 16:00:00,9243.0,34.8
2023-08-16 17:00:00,9437.0,34.5
2023-08-16 18:00:00,8983.0,33.8
2023-08-16 19:00:00,8788.0,32.0
2023-08-16 20:00:00,8999.0,30.5
2023-08-16 21:00:00,9044.0,29.6
2023-08-16 22:00:00,8827.0,29.3
2023-08-16 23:00:00,8394.0,28.9
2023-08-17 00:00:00,8225.0,28.2
2023-08-17 01:00:00,7467.0,28.2
2023-08-17 02:00:00,6962.0,27.1
2023-08-17 03:00:00,6599.0,26.7
2023-08-17 04:00:00,6276.0,26.1
2023-08-17 05:00:00,6103.0,25.7
2023-08-17 06:00:00,6127.0,25.8
2023-08-17 07:00:00,6327.0,26.4
2023-08-17 08:00:00,6831.0,28.0
2023-08-17 09:00:00,7976.0,30.4
2023-08-17 10:00:00,8601.0,32.7
2023-08-17 11:00:00,9164.0,33.2
2023-08-17 12:00:00,9123.0,34.7
2023-08-17 13:00:00,9361.0,35.5
2023-08-17 14:00:00,9313.0,36.1
2023-08-17 15:00:00,9340.0,36.1
2023-08-17 16:00:00,9411.0,36.1
2023-08-17 17:00:00,9563.0,35.2
2023-08-17 18:00:00,9025.0,34.5
2023-08-17 19:00:00,8837.0,33.1
2023-08-17 20:00:00,9015.0,32.4
2023-08-17 21:00:00,9070.0,31.1
2023-08-17 22:00:00,8925.0,30.7
2023-08-17 23:00:00,8469.0,29.5
2023-08-18 00:00:00,8297.0,29.2
2023-08-18 01:00:00,7546.0,28.4
2023-08-18 02:00:00,7047.0,28.0
2023-08-18 03:00:00,6617.0,27.3
2023-08-18 04:00:00,6324.0,26.9
2023-08-18 05:00:00,6150.0,26.5
2023-08-18 06:00:00,6162.0,26.2
2023-08-18 07:00:00,6335.0,27.0
2023-08-18 08:00:00,6839.0,28.6
2023-08-18 09:00:00,7913.0,30.3
2023-08-18 10:00:00,8544.0,32.4
2023-08-18 11:00:00,9163.0,33.5
2023-08-18 12:00:00,9115.0,34.8
2023-08-18 13:00:00,9340.0,35.2
2023-08-18 14:00:00,9395.0,36.0
2023-08-18 15:00:00,9416.0,35.7
2023-08-18 16:00:00,9517.0,35.0
2023-08-18 17:00:00,9667.0,35.2
2023-08-18 18:00:00,9143.0,34.3
2023-08-18 19:00:00,8978.0,33.3
2023-08-18 20:00:00,9229.0,32.7
2023-08-18 21:00:00,9376.0,32.3
2023-08-18 22:00:00,9258.0,31.5
2023-08-18 23:00:00,8469.0,30.8
2023-08-19 00:00:00,8750.0,30.4
2023-08-19 01:00:00,7978.0,29.5
2023-08-19 02:00:00,7453.0,28.6
2023-08-19 03:00:00,7045.0,28.2
2023-08-19 04:00:00,6745.0,27.8
2023-08-19 05:00:00,6504.0,27.5
2023-08-19 06:00:00,6439.0,27.3
2023-08-19 07:00:00,6452.0,27.5
2023-08-19 08:00:00,6817.0,28.9
2023-08-19 09:00:00,7769.0,31.3
2023-08-19 10:00:00,8400.0,33.0
2023-08-19 11:00:00,9078.0,33.6
2023-08-19 12:00:00,8938.0,33.7
2023-08-19 13:00:00,9156.0,34.3
2023-08-19 14:00:00,8927.0,35.3
2023-08-19 15:00:00,8968.0,35.7
2023-08-19 16:00:00,9059.0,35.4
2023-08-19 17:00:00,9144.0,35.0
2023-08-19 18:00:00,8705.0,32.1
2023-08-19 19:00:00,8497.0,30.3
2023-08-19 20:00:00,8671.0,28.5
2023-08-19 21:00:00,8726.0,28.0
2023-08-19 22:00:00,8612.0,27.8
2023-08-19 23:00:00,8244.0,28.0
2023-08-20 00:00:00,8160.0,27.5
2023-08-20 01:00:00,7503.0,27.8
2023-08-20 02:00:00,6964.0,27.4
2023-08-20 03:00:00,6598.0,26.7
2023-08-20 04:00:00,6324.0,26.7
2023-08-20 05:00:00,6104.0,26.4
2023-08-20 06:00:00,6088.0,26.0
2023-08-20 07:00:00,6161.0,26.6
2023-08-20 08:00:00,6501.0,28.4
2023-08-20 09:00:00,7339.0,30.5
2023-08-20 10:00:00,7925.0,31.8
2023-08-20 11:00:00,8450.0,33.6
2023-08-20 12:00:00,8519.0,34.2
2023-08-20 13:00:00,8772.0,35.4
2023-08-20 14:00:00,8635.0,35.8
2023-08-20 15:00:00,8743.0,35.2
2023-08-20 16:00:00,8821.0,34.6
2023-08-20 17:00:00,9086.0,33.3
2023-08-20 18:00:00,8530.0,31.1
2023-08-20 19:00:00,8275.0,28.9
2023-08-20 20:00:00,8563.0,29.7
2023-08-20 21:00:00,8725.0,29.5
2023-08-20 22:00:00,8609.0,29.0
2023-08-20 23:00:00,8194.0,28.4
2023-08-21 00:00:00,8063.0,28.2
2023-08-21 01:00:00,7336.0,27.7
2023-08-21 02:00:00,6819.0,27.2
2023-08-21 03:00:00,6431.0,27.1
2023-08-21 04:00:00,6172.0,27.1
2023-08-21 05:00:00,5983.0,27.0
2023-08-21 06:00:00,6023.0,26.7
2023-08-21 07:00:00,6099.0,26.8
2023-08-21 08:00:00,6565.0,26.9
2023-08-21 09:00:00,7488.0,26.8
2023-08-21 10:00:00,8008.0,27.8
2023-08-21 11:00:00,8362.0,29.5
2023-08-21 12:00:00,8076.0,29.4
2023-08-21 13:00:00,8035.0,29.6
2023-08-21 14:00:00,8017.0,29.3
2023-08-21 15:00:00,8041.0,28.8
2023-08-21 16:00:00,8178.0,29.6
2023-08-21 17:00:00,8526.0,30.0
2023-08-21 18:00:00,8159.0,29.7
2023-08-21 19:00:00,7994.0,29.2
2023-08-21 20:00:00,7748.0,25.5
2023-08-21 21:00:00,7528.0,25.1
2023-08-21 22:00:00,7237.0,25.2
2023-08-21 23:00:00,6882.0,25.3
2023-08-22 00:00:00,6633.0,25.3
2023-08-22 01:00:00,6095.0,25.1
2023-08-22 02:00:00,5759.0,25.0
2023-08-22 03:00:00,5519.0,24.9
2023-08-22 04:00:00,5318.0,25.0
2023-08-22 05:00:00,5233.0,25.0
2023-08-22 06:00:00,5396.0,25.1
2023-08-22 07:00:00,5658.0,25.3
2023-08-22 08:00:00,6148.0,25.9
2023-08-22 09:00:00,7321.0,27.7
2023-08-22 10:00:00,7826.0,28.9
2023-08-22 11:00:00,8349.0,30.3
2023-08-22 12:00:00,8292.0,31.0
2023-08-22 13:00:00,8485.0,31.9
2023-08-22 14:00:00,8509.0,32.3
2023-08-22 15:00:00,8517.0,33.1
2023-08-22 16:00:00,8677.0,33.2
2023-08-22 17:00:00,8869.0,33.1
2023-08-22 18:00:00,8357.0,32.1
2023-08-22 19:00:00,8105.0,30.6
2023-08-22 20:00:00,8201.0,29.7
2023-08-22 21:00:00,8100.0,29.2
2023-08-22 22:00:00,7898.0,28.5
2023-08-22 23:00:00,7561.0,28.0
2023-08-23 00:00:00,7404.0,27.2
2023-08-23 01:00:00,6726.0,26.6
2023-08-23 02:00:00,6242.0,26.2
2023-08-23 03:00:00,5933.0,25.6
2023-08-23 04:00:00,5691.0,25.1
2023-08-23 05:00:00,5546.0,24.9
2023-08-23 06:00:00,5622.0,25.1
2023-08-23 07:00:00,5881.0,26.3
2023-08-23 08:00:00,6446.0,27.8
2023-08-23 09:00:00,7501.0,29.4
2023-08-23 10:00:00,8126.0,30.3
2023-08-23 11:00:00,8536.0,32.1
2023-08-23 12:00:00,8495.0,33.2
2023-08-23 13:00:00,8647.0,33.6
2023-08-23 14:00:00,8599.0,34.0
2023-08-23 15:00:00,8637.0,34.2
2023-08-23 16:00:00,8689.0,33.8
2023-08-23 17:00:00,8833.0,33.8
2023-08-23 18:00:00,8348.0,32.4
2023-08-23 19:00:00,8266.0,32.0
2023-08-23 20:00:00,8476.0,30.9
2023-08-23 21:00:00,8444.0,30.4
2023-08-23 22:00:00,8243.0,28.5
2023-08-23 23:00:00,7782.0,28.1
2023-08-24 00:00:00,7635.0,28.2
2023-08-24 01:00:00,6971.0,27.8
2023-08-24 02:00:00,6476.0,27.5
2023-08-24 03:00:00,6112.0,27.6
2023-08-24 04:00:00,5835.0,27.7
2023-08-24 05:00:00,5701.0,26.5
2023-08-24 06:00:00,5804.0,25.9
2023-08-24 07:00:00,5974.0,25.8
2023-08-24 08:00:00,6452.0,26.3
2023-08-24 09:00:00,7482.0,28.2
2023-08-24 10:00:00,8038.0,30.9
2023-08-24 11:00:00,8560.0,32.2
2023-08-24 12:00:00,8524.0,33.4
2023-08-24 13:00:00,8772.0,33.4
2023-08-24 14:00:00,8615.0,33.6
2023-08-24 15:00:00,8733.0,34.3
2023-08-24 16:00:00,8785.0,33.4
2023-08-24 17:00:00,8991.0,32.6
2023-08-24 18:00:00,8414.0,31.6
2023-08-24 19:00:00,8435.0,30.6
2023-08-24 20:00:00,8577.0,30.0
2023-08-24 21:00:00,8559.0,29.5
2023-08-24 22:00:00,8383.0,29.1
2023-08-24 23:00:00,7958.0,29.0
2023-08-25 00:00:00,7824.0,28.6
2023-08-25 01:00:00,7150.0,28.4
2023-08-25 02:00:00,6674.0,27.7
2023-08-25 03:00:00,6315.0,27.6
2023-08-25 04:00:00,6050.0,27.2
2023-08-25 05:00:00,5886.0,26.7
2023-08-25 06:00:00,5935.0,26.4
2023-08-25 07:00:00,6125.0,26.5
2023-08-25 08:00:00,6586.0,27.1
2023-08-25 09:00:00,7605.0,28.6
2023-08-25 10:00:00,8115.0,29.8
2023-08-25 11:00:00,8645.0,31.4
2023-08-25 12:00:00,8649.0,32.6
2023-08-25 13:00:00,8866.0,33.8
2023-08-25 14:00:00,8719.0,33.5
2023-08-25 15:00:00,8873.0,34.0
2023-08-25 16:00:00,8979.0,33.7
2023-08-25 17:00:00,9132.0,33.1
2023-08-25 18:00:00,8577.0,32.2
2023-08-25 19:00:00,8489.0,31.5
2023-08-25 20:00:00,8558.0,31.1
2023-08-25 21:00:00,8658.0,30.4
2023-08-25 22:00:00,8470.0,29.4
2023-08-25 23:00:00,8087.0,29.0
2023-08-26 00:00:00,7995.0,30.1
2023-08-26 01:00:00,7315.0,29.1
2023-08-26 02:00:00,6764.0,28.4
2023-08-26 03:00:00,6405.0,27.9
2023-08-26 04:00:00,6116.0,27.4
2023-08-26 05:00:00,5931.0,27.1
2023-08-26 06:00:00,5943.0,26.8
2023-08-26 07:00:00,6073.0,27.5
2023-08-26 08:00:00,6412.0,28.0
2023-08-26 09:00:00,7171.0,28.7
2023-08-26 10:00:00,7612.0,29.9
2023-08-26 11:00:00,8235.0,32.4
2023-08-26 12:00:00,8255.0,33.0
2023-08-26 13:00:00,8490.0,34.0
2023-08-26 14:00:00,8564.0,35.0
2023-08-26 15:00:00,8802.0,35.4
2023-08-26 16:00:00,8589.0,34.7
2023-08-26 17:00:00,8747.0,33.8
2023-08-26 18:00:00,8159.0,29.8
2023-08-26 19:00:00,8181.0,29.3
2023-08-26 20:00:00,8301.0,29.3
2023-08-26 21:00:00,8332.0,28.7
2023-08-26 22:00:00,8113.0,28.0
2023-08-26 23:00:00,7704.0,27.9
2023-08-27 00:00:00,7703.0,28.3
2023-08-27 01:00:00,7066.0,28.4
2023-08-27 02:00:00,6604.0,28.2
2023-08-27 03:00:00,6257.0,27.8
2023-08-27 04:00:00,6006.0,27.7
2023-08-27 05:00:00,5857.0,27.3
2023-08-27 06:00:00,5901.0,27.3
2023-08-27 07:00:00,5920.0,27.6
2023-08-27 08:00:00,6206.0,27.9
2023-08-27 09:00:00,6818.0,28.5
2023-08-27 10:00:00,7292.0,29.6
2023-08-27 11:00:00,7799.0,30.8
2023-08-27 12:00:00,7732.0,31.4
2023-08-27 13:00:00,7882.0,31.8
2023-08-27 14:00:00,7683.0,31.6
2023-08-27 15:00:00,7341.0,31.3
2023-08-27 16:00:00,6909.0,23.6
2023-08-27 17:00:00,6960.0,22.8
2023-08-27 18:00:00,6375.0,22.7
2023-08-27 19:00:00,6374.0,22.4
2023-08-27 20:00:00,6255.0,22.2
2023-08-27 21:00:00,6020.0,22.2
2023-08-27 22:00:00,5638.0,22.0
2023-08-27 23:00:00,5252.0,21.6
2023-08-28 00:00:00,5276.0,21.4
2023-08-28 01:00:00,4784.0,21.2
2023-08-28 02:00:00,4510.0,21.0
2023-08-28 03:00:00,4311.0,21.0
2023-08-28 04:00:00,4155.0,20.7
2023-08-28 05:00:00,4110.0,20.5
2023-08-28 06:00:00,4284.0,20.5
2023-08-28 07:00:00,4649.0,20.6
2023-08-28 08:00:00,5051.0,21.0
2023-08-28 09:00:00,5706.0,21.4
2023-08-28 10:00:00,5968.0,22.3
2023-08-28 11:00:00,6177.0,22.1
2023-08-28 12:00:00,5682.0,22.4
2023-08-28 13:00:00,5475.0,21.9
2023-08-28 14:00:00,5468.0,22.4
2023-08-28 15:00:00,5617.0,23.0
2023-08-28 16:00:00,5808.0,22.8
2023-08-28 17:00:00,6076.0,22.5
2023-08-28 18:00:00,5800.0,22.3
2023-08-28 19:00:00,5847.0,21.7
2023-08-28 20:00:00,5768.0,21.4
2023-08-28 21:00:00,5647.0,21.3
2023-08-28 22:00:00,5272.0,21.2
2023-08-28 23:00:00,4911.0,21.4
2023-08-29 00:00:00,4893.0,21.4
2023-08-29 01:00:00,4484.0,21.4
2023-08-29 02:00:00,4221.0,21.3
2023-08-29 03:00:00,4031.0,21.1
2023-08-29 04:00:00,3942.0,20.9
2023-08-29 05:00:00,3929.0,21.0
2023-08-29 06:00:00,4148.0,21.1
2023-08-29 07:00:00,4516.0,21.3
2023-08-29 08:00:00,4984.0,21.8
2023-08-29 09:00:00,5662.0,23.0
2023-08-29 10:00:00,6001.0,24.2
2023-08-29 11:00:00,6311.0,25.8
2023-08-29 12:00:00,5987.0,27.4
2023-08-29 13:00:00,5805.0,25.7
2023-08-29 14:00:00,5798.0,25.4
2023-08-29 15:00:00,5990.0,25.8
2023-08-29 16:00:00,6181.0,24.8
2023-08-29 17:00:00,6470.0,24.4
2023-08-29 18:00:00,6076.0,24.2
2023-08-29 19:00:00,6173.0,24.1
2023-08-29 20:00:00,6070.0,24.2
2023-08-29 21:00:00,5866.0,24.2
2023-08-29 22:00:00,5482.0,23.6
2023-08-29 23:00:00,5067.0,23.8
2023-08-30 00:00:00,5068.0,23.9
2023-08-30 01:00:00,4598.0,23.6
2023-08-30 02:00:00,4335.0,23.4
2023-08-30 03:00:00,4129.0,23.3
2023-08-30 04:00:00,4005.0,23.3
2023-08-30 05:00:00,4024.0,22.9
2023-08-30 06:00:00,4252.0,22.6
2023-08-30 07:00:00,4583.0,22.9
2023-08-30 08:00:00,5050.0,24.9
2023-08-30 09:00:00,5875.0,25.7
2023-08-30 10:00:00,6192.0,27.1
2023-08-30 11:00:00,6522.0,28.6
2023-08-30 12:00:00,6243.0,29.0
2023-08-30 13:00:00,6133.0,27.4
2023-08-30 14:00:00,6094.0,27.4
2023-08-30 15:00:00,6241.0,25.5
2023-08-30 16:00:00,6385.0,26.6
2023-08-30 17:00:00,6646.0,25.7
2023-08-30 18:00:00,6299.0,25.2
2023-08-30 19:00:00,6314.0,24.9
2023-08-30 20:00:00,6165.0,24.8
2023-08-30 21:00:00,5924.0,24.4
2023-08-30 22:00:00,5516.0,24.1
2023-08-30 23:00:00,5130.0,23.8
2023-08-31 00:00:00,5137.0,23.4
2023-08-31 01:00:00,4673.0,22.9
2023-08-31 02:00:00,4386.0,22.7
2023-08-31 03:00:00,4196.0,22.3
2023-08-31 04:00:00,4046.0,22.0
2023-08-31 05:00:00,4026.0,21.6
2023-08-31 06:00:00,4255.0,21.5
2023-08-31 07:00:00,4629.0,22.0
2023-08-31 08:00:00,5065.0,22.6
2023-08-31 09:00:00,5757.0,24.2
2023-08-31 10:00:00,6073.0,26.8
2023-08-31 11:00:00,6312.0,28.2
2023-08-31 12:00:00,6114.0,29.1
2023-08-31 13:00:00,6058.0,30.1
2023-08-31 14:00:00,6118.0,30.5
2023-08-31 15:00:00,6370.0,31.3
2023-08-31 16:00:00,6592.0,31.4
2023-08-31 17:00:00,6902.0,30.9
2023-08-31 18:00:00,6507.0,29.5
2023-08-31 19:00:00,6498.0,28.9
2023-08-31 20:00:00,6431.0,28.5
2023-08-31 21:00:00,6267.0,27.4
2023-08-31 22:00:00,5927.0,26.9
2023-08-31 23:00:00,5495.0,26.2
2023-09-01 00:00:00,5485.0,25.4
2023-09-01 01:00:00,4933.0,24.8
2023-09-01 02:00:00,4620.0,24.5
2023-09-01 03:00:00,4390.0,24.1
2023-09-01 04:00:00,4241.0,23.5
2023-09-01 05:00:00,4196.0,23.3
2023-09-01 06:00:00,4437.0,23.2
2023-09-01 07:00:00,4806.0,23.7
2023-09-01 08:00:00,5233.0,25.1
2023-09-01 09:00:00,6107.0,26.7
2023-09-01 10:00:00,6468.0,28.6
2023-09-01 11:00:00,6813.0,29.8
2023-09-01 12:00:00,6618.0,30.9
2023-09-01 13:00:00,6594.0,31.9
2023-09-01 14:00:00,6685.0,32.3
2023-09-01 15:00:00,6896.0,32.5
2023-09-01 16:00:00,7121.0,32.7
2023-09-01 17:00:00,7371.0,32.2
2023-09-01 18:00:00,6945.0,31.0
2023-09-01 19:00:00,6901.0,29.0
2023-09-01 20:00:00,6767.0,28.1
2023-09-01 21:00:00,6592.0,27.7
2023-09-01 22:00:00,6291.0,27.1
2023-09-01 23:00:00,5879.0,26.4
2023-09-02 00:00:00,5865.0,25.8
2023-09-02 01:00:00,5326.0,25.2
2023-09-02 02:00:00,4956.0,24.8
2023-09-02 03:00:00,4709.0,24.3
2023-09-02 04:00:00,4543.0,24.1
2023-09-02 05:00:00,4446.0,24.1
2023-09-02 06:00:00,4576.0,24.1
2023-09-02 07:00:00,4847.0,24.2
2023-09-02 08:00:00,5209.0,24.7
2023-09-02 09:00:00,5762.0,25.5
2023-09-02 10:00:00,6024.0,26.6
2023-09-02 11:00:00,6364.0,27.2
2023-09-02 12:00:00,6137.0,27.9
2023-09-02 13:00:00,6028.0,28.6
2023-09-02 14:00:00,6117.0,28.3
2023-09-02 15:00:00,6184.0,28.6
2023-09-02 16:00:00,6317.0,28.0
2023-09-02 17:00:00,6615.0,27.7
2023-09-02 18:00:00,6410.0,27.1
2023-09-02 19:00:00,6401.0,26.2
2023-09-02 20:00:00,6280.0,25.7
2023-09-02 21:00:00,6103.0,25.4
2023-09-02 22:00:00,5812.0,25.1
2023-09-02 23:00:00,5396.0,24.9
2023-09-03 00:00:00,5415.0,24.7
2023-09-03 01:00:00,4948.0,24.5
2023-09-03 02:00:00,4678.0,24.2
2023-09-03 03:00:00,4466.0,24.1
2023-09-03 04:00:00,4320.0,23.6
2023-09-03 05:00:00,4273.0,23.7
2023-09-03 06:00:00,4405.0,22.8
2023-09-03 07:00:00,4593.0,21.9
2023-09-03 08:00:00,4823.0,20.5
2023-09-03 09:00:00,5281.0,20.9
2023-09-03 10:00:00,5477.0,21.0
2023-09-03 11:00:00,5754.0,21.2
2023-09-03 12:00:00,5389.0,21.5
2023-09-03 13:00:00,5266.0,21.7
2023-09-03 14:00:00,5256.0,21.9
2023-09-03 15:00:00,5283.0,21.7
2023-09-03 16:00:00,5548.0,21.9
2023-09-03 17:00:00,5850.0,22.1
2023-09-03 18:00:00,5707.0,22.3
2023-09-03 19:00:00,5760.0,22.1
2023-09-03 20:00:00,5719.0,22.0
2023-09-03 21:00:00,5589.0,22.0
2023-09-03 22:00:00,5180.0,21.9
2023-09-03 23:00:00,4734.0,21.6
2023-09-04 00:00:00,4774.0,21.4
2023-09-04 01:00:00,4341.0,21.4
2023-09-04 02:00:00,4128.0,21.4
2023-09-04 03:00:00,3954.0,21.5
2023-09-04 04:00:00,3852.0,21.6
2023-09-04 05:00:00,3855.0,21.8
2023-09-04 06:00:00,4157.0,21.9
2023-09-04 07:00:00,4656.0,22.1
2023-09-04 08:00:00,4992.0,23.2
2023-09-04 09:00:00,5764.0,24.1
2023-09-04 10:00:00,6123.0,25.9
2023-09-04 11:00:00,6394.0,27.9
2023-09-04 12:00:00,6045.0,28.2
2023-09-04 13:00:00,6010.0,28.9
2023-09-04 14:00:00,6131.0,29.6
2023-09-04 15:00:00,6330.0,30.0
2023-09-04 16:00:00,6545.0,29.6
2023-09-04 17:00:00,6914.0,28.7
2023-09-04 18:00:00,6547.0,27.9
2023-09-04 19:00:00,6642.0,26.8
2023-09-04 20:00:00,6525.0,26.1
2023-09-04 21:00:00,6323.0,25.5
2023-09-04 22:00:00,5938.0,25.6
2023-09-04 23:00:00,5461.0,25.4
2023-09-05 00:00:00,5388.0,24.9
2023-09-05 01:00:00,4942.0,24.4
2023-09-05 02:00:00,4621.0,23.9
2023-09-05 03:00:00,4416.0,23.6
2023-09-05 04:00:00,4306.0,23.3
2023-09-05 05:00:00,4263.0,23.1
2023-09-05 06:00:00,4569.0,22.9
2023-09-05 07:00:00,5019.0,23.2
2023-09-05 08:00:00,5375.0,25.0
2023-09-05 09:00:00,6273.0,27.1
2023-09-05 10:00:00,6676.0,28.7
2023-09-05 11:00:00,7015.0,30.4
2023-09-05 12:00:00,6848.0,31.4
2023-09-05 13:00:00,6927.0,32.1
2023-09-05 14:00:00,6916.0,32.2
2023-09-05 15:00:00,7141.0,31.3
2023-09-05 16:00:00,7232.0,27.1
2023-09-05 17:00:00,7470.0,25.0
2023-09-05 18:00:00,6912.0,25.7
2023-09-05 19:00:00,7068.0,25.0
2023-09-05 20:00:00,6905.0,25.4
2023-09-05 21:00:00,6710.0,25.1
2023-09-05 22:00:00,6317.0,25.1
2023-09-05 23:00:00,5868.0,25.3
2023-09-06 00:00:00,5809.0,24.9
2023-09-06 01:00:00,5263.0,25.1
2023-09-06 02:00:00,4979.0,25.0
2023-09-06 03:00:00,4770.0,24.9
2023-09-06 04:00:00,4581.0,24.8
2023-09-06 05:00:00,4570.0,24.7
2023-09-06 06:00:00,4852.0,24.4
2023-09-06 07:00:00,5227.0,24.5
2023-09-06 08:00:00,5620.0,24.9
2023-09-06 09:00:00,6524.0,25.4
2023-09-06 10:00:00,6897.0,25.9
2023-09-06 11:00:00,7119.0,26.9
2023-09-06 12:00:00,6816.0,28.7
2023-09-06 13:00:00,6897.0,28.9
2023-09-06 14:00:00,6813.0,26.1
2023-09-06 15:00:00,7016.0,25.7
2023-09-06 16:00:00,7065.0,25.8
2023-09-06 17:00:00,7320.0,26.8
2023-09-06 18:00:00,7095.0,27.0
2023-09-06 19:00:00,7156.0,26.6
2023-09-06 20:00:00,7099.0,26.2
2023-09-06 21:00:00,6897.0,26.2
2023-09-06 22:00:00,6519.0,26.2
2023-09-06 23:00:00,6021.0,25.7
2023-09-07 00:00:00,5974.0,25.6
2023-09-07 01:00:00,5418.0,25.4
2023-09-07 02:00:00,5091.0,25.5
2023-09-07 03:00:00,4880.0,25.5
2023-09-07 04:00:00,4716.0,25.1
2023-09-07 05:00:00,4693.0,25.2
2023-09-07 06:00:00,4937.0,24.9
2023-09-07 07:00:00,5356.0,25.5
2023-09-07 08:00:00,5829.0,27.2
2023-09-07 09:00:00,6814.0,28.6
2023-09-07 10:00:00,7304.0,30.4
2023-09-07 11:00:00,7689.0,31.0
2023-09-07 12:00:00,7459.0,32.4
2023-09-07 13:00:00,7569.0,32.6
2023-09-07 14:00:00,7466.0,32.6
2023-09-07 15:00:00,7647.0,31.9
2023-09-07 16:00:00,7790.0,31.4
2023-09-07 17:00:00,8058.0,31.3
2023-09-07 18:00:00,7667.0,30.6
2023-09-07 19:00:00,7633.0,27.9
2023-09-07 20:00:00,7499.0,26.8
2023-09-07 21:00:00,7343.0,26.9
2023-09-07 22:00:00,7033.0,26.4
2023-09-07 23:00:00,6495.0,25.9
2023-09-08 00:00:00,6430.0,25.7
2023-09-08 01:00:00,5812.0,25.3
2023-09-08 02:00:00,5446.0,25.3
2023-09-08 03:00:00,5200.0,25.4
2023-09-08 04:00:00,5028.0,25.4
2023-09-08 05:00:00,4934.0,25.1
2023-09-08 06:00:00,5185.0,24.8
2023-09-08 07:00:00,5565.0,25.5
2023-09-08 08:00:00,6060.0,27.1
2023-09-08 09:00:00,7032.0,29.1
2023-09-08 10:00:00,7569.0,30.9
2023-09-08 11:00:00,7998.0,32.1
2023-09-08 12:00:00,7750.0,32.8
2023-09-08 13:00:00,7825.0,33.4
2023-09-08 14:00:00,7805.0,33.9
2023-09-08 15:00:00,8023.0,34.2
2023-09-08 16:00:00,8225.0,34.0
2023-09-08 17:00:00,8494.0,34.0
2023-09-08 18:00:00,8058.0,32.9
2023-09-08 19:00:00,8158.0,31.7
2023-09-08 20:00:00,8029.0,30.8
2023-09-08 21:00:00,7952.0,29.0
2023-09-08 22:00:00,7756.0,27.4
2023-09-08 23:00:00,7249.0,26.6
2023-09-09 00:00:00,7164.0,26.4
2023-09-09 01:00:00,6547.0,26.5
2023-09-09 02:00:00,6115.0,26.6
2023-09-09 03:00:00,5777.0,26.4
2023-09-09 04:00:00,5539.0,26.1
2023-09-09 05:00:00,5447.0,25.8
2023-09-09 06:00:00,5546.0,25.6
2023-09-09 07:00:00,5753.0,25.9
2023-09-09 08:00:00,6146.0,27.1
2023-09-09 09:00:00,7023.0,29.1
2023-09-09 10:00:00,7589.0,31.3
2023-09-09 11:00:00,8141.0,32.5
2023-09-09 12:00:00,7990.0,32.7
2023-09-09 13:00:00,8157.0,33.6
2023-09-09 14:00:00,8244.0,33.8
2023-09-09 15:00:00,8339.0,34.8
2023-09-09 16:00:00,8443.0,34.1
2023-09-09 17:00:00,8634.0,34.0
2023-09-09 18:00:00,8307.0,32.9
2023-09-09 19:00:00,8312.0,31.6
2023-09-09 20:00:00,8306.0,30.9
2023-09-09 21:00:00,8355.0,30.1
2023-09-09 22:00:00,8207.0,29.1
2023-09-09 23:00:00,7809.0,28.2
2023-09-10 00:00:00,7712.0,27.7
2023-09-10 01:00:00,7024.0,27.4
2023-09-10 02:00:00,6514.0,27.6
2023-09-10 03:00:00,6121.0,27.2
2023-09-10 04:00:00,5894.0,26.7
2023-09-10 05:00:00,5728.0,26.4
2023-09-10 06:00:00,5750.0,26.1
2023-09-10 07:00:00,5911.0,26.7
2023-09-10 08:00:00,6186.0,28.2
2023-09-10 09:00:00,7010.0,30.5
2023-09-10 10:00:00,7548.0,32.1
2023-09-10 11:00:00,8135.0,33.2
2023-09-10 12:00:00,8090.0,34.3
2023-09-10 13:00:00,8317.0,34.8
2023-09-10 14:00:00,8281.0,35.3
2023-09-10 15:00:00,8424.0,35.0
2023-09-10 16:00:00,8526.0,35.9
2023-09-10 17:00:00,8750.0,35.4
2023-09-10 18:00:00,8373.0,33.6
2023-09-10 19:00:00,8355.0,32.2
2023-09-10 20:00:00,8498.0,31.7
2023-09-10 21:00:00,8694.0,30.5
2023-09-10 22:00:00,8533.0,29.9
2023-09-10 23:00:00,8028.0,29.4
2023-09-11 00:00:00,7810.0,35.1
2023-09-11 01:00:00,7103.0,34.68
2023-09-11 02:00:00,6630.0,34.27
2023-09-11 03:00:00,6288.0,33.85
2023-09-11 04:00:00,6023.0,33.43
2023-09-11 05:00:00,5879.0,33.02
2023-09-11 06:00:00,6025.0,32.6
2023-09-11 07:00:00,6138.0,32.18
2023-09-11 08:00:00,6558.0,31.77
2023-09-11 09:00:00,7676.0,31.35
2023-09-11 10:00:00,8241.0,30.93
2023-09-11 11:00:00,8691.0,30.51
2023-09-11 12:00:00,8487.0,30.1
2023-09-11 13:00:00,8748.0,29.68
2023-09-11 14:00:00,8606.0,29.26
2023-09-11 15:00:00,8724.0,28.85
2023-09-11 16:00:00,8846.0,28.43
2023-09-11 17:00:00,9039.0,28.01
2023-09-11 18:00:00,8667.0,27.6
2023-09-11 19:00:00,8881.0,27.18
2023-09-11 20:00:00,8873.0,26.76
2023-09-11 21:00:00,8789.0,26.35
2023-09-11 22:00:00,8140.0,25.93
2023-09-11 23:00:00,7569.0,25.51
2023-09-12 00:00:00,7419.0,0.0
2023-09-12 01:00:00,6759.0,0.0
2023-09-12 02:00:00,6305.0,0.0
2023-09-12 03:00:00,6019.0,0.0
2023-09-12 04:00:00,5801.0,0.0
2023-09-12 05:00:00,5668.0,0.0
2023-09-12 06:00:00,5773.0,0.0
2023-09-12 07:00:00,5940.0,0.0
2023-09-12 08:00:00,6273.0,0.0
2023-09-12 09:00:00,7208.0,0.0
2023-09-12 10:00:00,7521.0,0.0
2023-09-12 11:00:00,7855.0,0.0
2023-09-12 12:00:00,7341.0,0.0
2023-09-12 13:00:00,7326.0,0.0
2023-09-12 14:00:00,7214.0,0.0
2023-09-12 15:00:00,7309.0,0.0
2023-09-12 16:00:00,7456.0,0.0
2023-09-12 17:00:00,7550.0,0.0
2023-09-12 18:00:00,7023.0,0.0
2023-09-12 19:00:00,7008.0,0.0
2023-09-12 20:00:00,6722.0,0.0
2023-09-12 21:00:00,6466.0,0.0
2023-09-12 22:00:00,5998.0,0.0
2023-09-12 23:00:00,5551.0,0.0
2023-09-13 00:00:00,5488.0,0.0
2023-09-13 01:00:00,5012.0,0.0
2023-09-13 02:00:00,4717.0,0.0
2023-09-13 03:00:00,4531.0,0.0
2023-09-13 04:00:00,4379.0,0.0
2023-09-13 05:00:00,4390.0,0.0
2023-09-13 06:00:00,4605.0,0.0
2023-09-13 07:00:00,5030.0,0.0
2023-09-13 08:00:00,5347.0,0.0
2023-09-13 09:00:00,6038.0,0.0
2023-09-13 10:00:00,6276.0,0.0
2023-09-13 11:00:00,6444.0,0.0
2023-09-13 12:00:00,5906.0,0.0
2023-09-13 13:00:00,5765.0,0.0
2023-09-13 14:00:00,5755.0,0.0
2023-09-13 15:00:00,5919.0,0.0
2023-09-13 16:00:00,6101.0,0.0
2023-09-13 17:00:00,6471.0,0.0
2023-09-13 18:00:00,6152.0,0.0
2023-09-13 19:00:00,6235.0,0.0
2023-09-13 20:00:00,6089.0,0.0
2023-09-13 21:00:00,5894.0,0.0
2023-09-13 22:00:00,5489.0,0.0
2023-09-13 23:00:00,5085.0,0.0
2023-09-14 00:00:00,5098.0,22.3
2023-09-14 01:00:00,4618.0,22.0
2023-09-14 02:00:00,4385.0,22.0
2023-09-14 03:00:00,4208.0,22.1
2023-09-14 04:00:00,4116.0,22.0
2023-09-14 05:00:00,4101.0,21.8
2023-09-14 06:00:00,4384.0,21.8
2023-09-14 07:00:00,4835.0,21.9
2023-09-14 08:00:00,5201.0,22.1
2023-09-14 09:00:00,5888.0,22.1
2023-09-14 10:00:00,6112.0,22.6
2023-09-14 11:00:00,6298.0,24.0
2023-09-14 12:00:00,5980.0,24.6
2023-09-14 13:00:00,5918.0,22.8
2023-09-14 14:00:00,5889.0,23.28
2023-09-14 15:00:00,5946.0,23.64
2023-09-14 16:00:00,6219.0,23.6
2023-09-14 17:00:00,6553.0,24.0
2023-09-14 18:00:00,6333.0,23.8
2023-09-14 19:00:00,6409.0,23.4
2023-09-14 20:00:00,6189.0,22.4
2023-09-14 21:00:00,5944.0,22.1
2023-09-14 22:00:00,5529.0,22.1
2023-09-14 23:00:00,5098.0,22.0
2023-09-15 00:00:00,5074.0,22.1
2023-09-15 01:00:00,4616.0,22.1
2023-09-15 02:00:00,4359.0,22.2
2023-09-15 03:00:00,4228.0,22.2
2023-09-15 04:00:00,4075.0,22.1
2023-09-15 05:00:00,4096.0,22.0
2023-09-15 06:00:00,4369.0,22.0
2023-09-15 07:00:00,4880.0,22.0
2023-09-15 08:00:00,5179.0,22.3
2023-09-15 09:00:00,5868.0,22.7
2023-09-15 10:00:00,6047.0,23.0
2023-09-15 11:00:00,6274.0,23.6
2023-09-15 12:00:00,5941.0,23.1
2023-09-15 13:00:00,5996.0,24.1
2023-09-15 14:00:00,6073.0,25.6
2023-09-15 15:00:00,6246.0,26.5
2023-09-15 16:00:00,6488.0,26.7
2023-09-15 17:00:00,6773.0,27.8
2023-09-15 18:00:00,6564.0,27.4
2023-09-15 19:00:00,6690.0,25.6
2023-09-15 20:00:00,6491.0,24.6
2023-09-15 21:00:00,6227.0,23.9
2023-09-15 22:00:00,5918.0,23.2
2023-09-15 23:00:00,5484.0,22.7
2023-09-16 00:00:00,5475.0,22.5
2023-09-16 01:00:00,4939.0,22.2
2023-09-16 02:00:00,4625.0,22.0
2023-09-16 03:00:00,4406.0,21.7
2023-09-16 04:00:00,4284.0,21.4
2023-09-16 05:00:00,4235.0,21.5
2023-09-16 06:00:00,4463.0,21.2
2023-09-16 07:00:00,4763.0,21.6
2023-09-16 08:00:00,5163.0,23.7
2023-09-16 09:00:00,5849.0,26.4
2023-09-16 10:00:00,6244.0,27.6
2023-09-16 11:00:00,6630.0,27.3
2023-09-16 12:00:00,6386.0,29.2
2023-09-16 13:00:00,6389.0,30.1
2023-09-16 14:00:00,6467.0,31.1
2023-09-16 15:00:00,6679.0,31.6
2023-09-16 16:00:00,6899.0,31.2
2023-09-16 17:00:00,7229.0,30.9
2023-09-16 18:00:00,6980.0,30.2
2023-09-16 19:00:00,7005.0,28.4
2023-09-16 20:00:00,6791.0,26.4
2023-09-16 21:00:00,6526.0,25.3
2023-09-16 22:00:00,6268.0,24.6
2023-09-16 23:00:00,5828.0,24.0
2023-09-17 00:00:00,5820.0,23.8
2023-09-17 01:00:00,5292.0,23.8
2023-09-17 02:00:00,4929.0,23.9
2023-09-17 03:00:00,4696.0,23.7
2023-09-17 04:00:00,4538.0,23.4
2023-09-17 05:00:00,4479.0,23.6
2023-09-17 06:00:00,4702.0,23.1
2023-09-17 07:00:00,4949.0,23.7
2023-09-17 08:00:00,5265.0,25.9
2023-09-17 09:00:00,5896.0,27.8
2023-09-17 10:00:00,6431.0,29.5
2023-09-17 11:00:00,6876.0,30.9
2023-09-17 12:00:00,6875.0,31.2
2023-09-17 13:00:00,7022.0,32.0
2023-09-17 14:00:00,7123.0,33.0
2023-09-17 15:00:00,7253.0,33.8
2023-09-17 16:00:00,7432.0,33.8
2023-09-17 17:00:00,7774.0,33.2
2023-09-17 18:00:00,7513.0,32.2
2023-09-17 19:00:00,7604.0,30.5
2023-09-17 20:00:00,7506.0,29.4
2023-09-17 21:00:00,7425.0,28.7
2023-09-17 22:00:00,7116.0,28.2
2023-09-17 23:00:00,6601.0,27.4
2023-09-18 00:00:00,6514.0,27.09
2023-09-18 01:00:00,5896.0,27.27
2023-09-18 02:00:00,5495.0,26.81
2023-09-18 03:00:00,5211.0,26.45
2023-09-18 04:00:00,5022.0,25.99
2023-09-18 05:00:00,4953.0,25.81
2023-09-18 06:00:00,5233.0,24.98
2023-09-18 07:00:00,5541.0,25.53
2023-09-18 08:00:00,6030.0,28.09
2023-09-18 09:00:00,7181.0,30.1
2023-09-18 10:00:00,7724.0,31.16
2023-09-18 11:00:00,8189.0,32.22
2023-09-18 12:00:00,8043.0,33.09
2023-09-18 13:00:00,8275.0,33.49
2023-09-18 14:00:00,8244.0,34.13
2023-09-18 15:00:00,8462.0,34.08
2023-09-18 16:00:00,8551.0,34.31
2023-09-18 17:00:00,8819.0,33.49
2023-09-18 18:00:00,8445.0,32.48
2023-09-18 19:00:00,8639.0,31.57
2023-09-18 20:00:00,8603.0,30.65
2023-09-18 21:00:00,8562.0,30.74
2023-09-18 22:00:00,8387.0,29.74
2023-09-18 23:00:00,7798.0,28.73
2023-09-19 00:00:00,7602.0,27.21
2023-09-19 01:00:00,6922.0,25.64
2023-09-19 02:00:00,6484.0,24.07
2023-09-19 03:00:00,6163.0,24.36
2023-09-19 04:00:00,5933.0,24.64
2023-09-19 05:00:00,5806.0,23.5
2023-09-19 06:00:00,5961.0,23.64
2023-09-19 07:00:00,6126.0,24.64
2023-09-19 08:00:00,6525.0,27.36
2023-09-19 09:00:00,7681.0,28.84
2023-09-19 10:00:00,8186.0,30.33
2023-09-19 11:00:00,8625.0,31.81
2023-09-19 12:00:00,8489.0,33.36
2023-09-19 13:00:00,8794.0,34.5
2023-09-19 14:00:00,8722.0,34.16
2023-09-19 15:00:00,8823.0,33.81
2023-09-19 16:00:00,9044.0,33.47
2023-09-19 17:00:00,9200.0,33.13
2023-09-19 18:00:00,8784.0,32.79
2023-09-19 19:00:00,9009.0,31.21
2023-09-19 20:00:00,8976.0,30.64
2023-09-19 21:00:00,8995.0,30.21
2023-09-19 22:00:00,8829.0,29.07
2023-09-19 23:00:00,8267.0,27.93
2023-09-20 00:00:00,8046.0,28.0
2023-09-20 01:00:00,7341.0,27.41
2023-09-20 02:00:00,6884.0,27.32
2023-09-20 03:00:00,6485.0,27.02
2023-09-20 04:00:00,6233.0,26.24
2023-09-20 05:00:00,6100.0,26.34
2023-09-20 06:00:00,6240.0,26.93
2023-09-20 07:00:00,6295.0,26.83
2023-09-20 08:00:00,6432.0,23.51
2023-09-20 09:00:00,7056.0,22.54
2023-09-20 10:00:00,7217.0,22.34
2023-09-20 11:00:00,7271.0,21.76
2023-09-20 12:00:00,6677.0,21.46
2023-09-20 13:00:00,6544.0,21.66
2023-09-20 14:00:00,6418.0,21.46
2023-09-20 15:00:00,6439.0,21.56
2023-09-20 16:00:00,6602.0,21.27
2023-09-20 17:00:00,6839.0,20.78
2023-09-20 18:00:00,6438.0,20.59
2023-09-20 19:00:00,6464.0,20.78
2023-09-20 20:00:00,6272.0,20.59
2023-09-20 21:00:00,6029.0,20.49
2023-09-20 22:00:00,5706.0,20.29
2023-09-20 23:00:00,5271.0,20.1
2023-09-21 00:00:00,5252.0,20.4
2023-09-21 01:00:00,4787.0,20.36
2023-09-21 02:00:00,4513.0,20.2
2023-09-21 03:00:00,4336.0,20.3
2023-09-21 04:00:00,4231.0,20.2
2023-09-21 05:00:00,4220.0,20.0
2023-09-21 06:00:00,4473.0,19.9
2023-09-21 07:00:00,4901.0,19.5
2023-09-21 08:00:00,5225.0,19.5
2023-09-21 09:00:00,5825.0,19.6
2023-09-21 10:00:00,6053.0,19.8
2023-09-21 11:00:00,6160.0,20.0
2023-09-21 12:00:00,5692.0,20.1
2023-09-21 13:00:00,5542.0,20.1
2023-09-21 14:00:00,5566.0,20.2
2023-09-21 15:00:00,5677.0,19.7
2023-09-21 16:00:00,5922.0,19.4
2023-09-21 17:00:00,6217.0,19.28
2023-09-21 18:00:00,5992.0,19.04
2023-09-21 19:00:00,6026.0,18.8
2023-09-21 20:00:00,5801.0,18.56
2023-09-21 21:00:00,5580.0,18.32
2023-09-21 22:00:00,5206.0,18.08
2023-09-21 23:00:00,4766.0,17.84
2023-09-22 00:00:00,4777.0,17.7
2023-09-22 01:00:00,4358.0,17.8
2023-09-22 02:00:00,4123.0,17.5
2023-09-22 03:00:00,3923.0,17.3
2023-09-22 04:00:00,3829.0,17.5
2023-09-22 05:00:00,3828.0,17.6
2023-09-22 06:00:00,4136.0,17.7
2023-09-22 07:00:00,4656.0,17.83
2023-09-22 08:00:00,4936.0,17.9
2023-09-22 09:00:00,5500.0,18.1
2023-09-22 10:00:00,5722.0,18.6
2023-09-22 11:00:00,5890.0,18.9
2023-09-22 12:00:00,5371.0,20.1
2023-09-22 13:00:00,5143.0,20.1
2023-09-22 14:00:00,5257.0,20.2
2023-09-22 15:00:00,5454.0,19.7
2023-09-22 16:00:00,5634.0,19.4
2023-09-22 17:00:00,5987.0,19.28
2023-09-22 18:00:00,5805.0,19.04
2023-09-22 19:00:00,5885.0,18.8
2023-09-22 20:00:00,5654.0,18.56
2023-09-22 21:00:00,5508.0,18.32
2023-09-22 22:00:00,5234.0,18.08
2023-09-22 23:00:00,4792.0,17.84
2023-09-23 00:00:00,4859.0,17.7
2023-09-23 01:00:00,4399.0,17.8
2023-09-23 02:00:00,4105.0,17.5
2023-09-23 03:00:00,3950.0,17.3
2023-09-23 04:00:00,3826.0,17.5
2023-09-23 05:00:00,3812.0,17.6
2023-09-23 06:00:00,4041.0,17.7
2023-09-23 07:00:00,4386.0,17.83
2023-09-23 08:00:00,4784.0,17.9
2023-09-23 09:00:00,5360.0,18.1
2023-09-23 10:00:00,5558.0,18.6
2023-09-23 11:00:00,5753.0,18.9
2023-09-23 12:00:00,5355.0,20.1
2023-09-23 13:00:00,5212.0,20.1
2023-09-23 14:00:00,5311.0,20.2
2023-09-23 15:00:00,5470.0,19.7
2023-09-23 16:00:00,5695.0,19.4
2023-09-23 17:00:00,6029.0,19.28
2023-09-23 18:00:00,5875.0,19.04
2023-09-23 19:00:00,5925.0,18.8
2023-09-23 20:00:00,5690.0,18.56
2023-09-23 21:00:00,5582.0,18.32
2023-09-23 22:00:00,5253.0,18.08
2023-09-23 23:00:00,4839.0,17.84
2023-09-24 00:00:00,4853.0,17.7
2023-09-24 01:00:00,4412.0,17.8
2023-09-24 02:00:00,4109.0,17.5
2023-09-24 03:00:00,3927.0,17.3
2023-09-24 04:00:00,3838.0,17.5
2023-09-24 05:00:00,3829.0,17.6
2023-09-24 06:00:00,4064.0,17.7
2023-09-24 07:00:00,4350.0,17.83
2023-09-24 08:00:00,4707.0,17.9
2023-09-24 09:00:00,5287.0,18.1
2023-09-24 10:00:00,5532.0,18.6
2023-09-24 11:00:00,5720.0,18.9
2023-09-24 12:00:00,5296.0,20.1
2023-09-24 13:00:00,5168.0,20.1
2023-09-24 14:00:00,5097.0,20.2
2023-09-24 15:00:00,5234.0,19.7
2023-09-24 16:00:00,5453.0,19.4
2023-09-24 17:00:00,5878.0,19.28
2023-09-24 18:00:00,5796.0,19.04
2023-09-24 19:00:00,5917.0,18.8
2023-09-24 20:00:00,5703.0,18.56
2023-09-24 21:00:00,5547.0,18.32
2023-09-24 22:00:00,5169.0,18.08
2023-09-24 23:00:00,4660.0,17.84
2023-09-25 00:00:00,4675.0,17.7
2023-09-25 01:00:00,4224.0,17.8
2023-09-25 02:00:00,3968.0,17.5
2023-09-25 03:00:00,3806.0,17.3
2023-09-25 04:00:00,3708.0,17.5
2023-09-25 05:00:00,3736.0,19.0
2023-09-25 06:00:00,4038.0,18.6
2023-09-25 07:00:00,4547.0,18.4
2023-09-25 08:00:00,4864.0,17.9
2023-09-25 09:00:00,5485.0,18.1
2023-09-25 10:00:00,5660.0,18.6
2023-09-25 11:00:00,5873.0,18.9
2023-09-25 12:00:00,5347.0,20.1
2023-09-25 13:00:00,5187.0,20.1
2023-09-25 14:00:00,5279.0,20.2
2023-09-25 15:00:00,5420.0,19.7
2023-09-25 16:00:00,5596.0,21.4
2023-09-25 17:00:00,6004.0,19.28
2023-09-25 18:00:00,5825.0,19.04
2023-09-25 19:00:00,6009.0,18.8
2023-09-25 20:00:00,5795.0,18.56
2023-09-25 21:00:00,5665.0,18.32
2023-09-25 22:00:00,5258.0,18.08
2023-09-25 23:00:00,4757.0,17.84
2023-09-26 00:00:00,4769.0,20.24
2023-09-26 01:00:00,4307.0,20.2
2023-09-26 02:00:00,4075.0,20.1
2023-09-26 03:00:00,3872.0,20.0
2023-09-26 04:00:00,3778.0,20.0
2023-09-26 05:00:00,3793.0,19.92
2023-09-26 06:00:00,4118.0,19.84
2023-09-26 07:00:00,4620.0,19.8
2023-09-26 08:00:00,4945.0,19.88
2023-09-26 09:00:00,5545.0,20.04
2023-09-26 10:00:00,5726.0,20.26
2023-09-26 11:00:00,5851.0,21.06
2023-09-26 12:00:00,5351.0,22.4
2023-09-26 13:00:00,5191.0,23.1
2023-09-26 14:00:00,5330.0,24.2
2023-09-26 15:00:00,5604.0,23.88
2023-09-26 16:00:00,5747.0,23.56
2023-09-26 17:00:00,6144.0,23.24
2023-09-26 18:00:00,5978.0,22.92
2023-09-26 19:00:00,6174.0,22.7
2023-09-26 20:00:00,5917.0,22.7
2023-09-26 21:00:00,5711.0,22.52
2023-09-26 22:00:00,5258.0,22.16
2023-09-26 23:00:00,4757.0,21.76
2023-09-27 00:00:00,4866.0,21.3
2023-09-27 01:00:00,4414.0,21.14
2023-09-27 02:00:00,4141.0,21.0
2023-09-27 03:00:00,3922.0,20.9
2023-09-27 04:00:00,3827.0,20.82
2023-09-27 05:00:00,3869.0,20.74
2023-09-27 06:00:00,4130.0,20.7
2023-09-27 07:00:00,4637.0,20.76
2023-09-27 08:00:00,5007.0,20.88
2023-09-27 09:00:00,5525.0,21.18
2023-09-27 10:00:00,5743.0,21.74
2023-09-27 11:00:00,5935.0,22.3
2023-09-27 12:00:00,5435.0,24.0
2023-09-27 13:00:00,5332.0,24.6
2023-09-27 14:00:00,5422.0,25.0
2023-09-27 15:00:00,5605.0,25.0
2023-09-27 16:00:00,5769.0,25.0
2023-09-27 17:00:00,6201.0,25.0
2023-09-27 18:00:00,6017.0,24.64
2023-09-27 19:00:00,6258.0,23.98
2023-09-27 20:00:00,6012.0,23.34
2023-09-27 21:00:00,5828.0,22.7
2023-09-27 22:00:00,5442.0,22.1
2023-09-27 23:00:00,4757.0,21.9
2023-09-28 00:00:00,5001.0,22.14
2023-09-28 01:00:00,4499.0,22.4
2023-09-28 02:00:00,4205.0,22.52
2023-09-28 03:00:00,4033.0,22.54
2023-09-28 04:00:00,3882.0,22.4
2023-09-28 05:00:00,3867.0,22.22
2023-09-28 06:00:00,4117.0,22.06
2023-09-28 07:00:00,4583.0,22.0
2023-09-28 08:00:00,4908.0,22.0
2023-09-28 09:00:00,5464.0,22.3
2023-09-28 10:00:00,5689.0,22.8
2023-09-28 11:00:00,5779.0,23.84
2023-09-28 12:00:00,5375.0,24.88
2023-09-28 13:00:00,5286.0,25.92
2023-09-28 14:00:00,5264.0,26.96
2023-09-28 15:00:00,5423.0,28.0
2023-09-28 16:00:00,5520.0,27.94
2023-09-28 17:00:00,5876.0,26.97
2023-09-28 18:00:00,5545.0,26.05
2023-09-28 19:00:00,5705.0,25.4
2023-09-28 20:00:00,5390.0,24.9
2023-09-28 21:00:00,5179.0,24.6
2023-09-28 22:00:00,5442.0,24.44
2023-09-28 23:00:00,4757.0,24.3
2023-09-29 00:00:00,4478.0,23.62
2023-09-29 01:00:00,4030.0,23.2
2023-09-29 02:00:00,3689.0,22.94
2023-09-29 03:00:00,3441.0,23.06
2023-09-29 04:00:00,3340.0,23.3
2023-09-29 05:00:00,3206.0,23.24
2023-09-29 06:00:00,3345.0,23.1
2023-09-29 07:00:00,3553.0,23.06
2023-09-29 08:00:00,3726.0,23.0
2023-09-29 09:00:00,4035.0,23.4
2023-09-29 10:00:00,4181.0,24.68
2023-09-29 11:00:00,4323.0,25.96
2023-09-29 12:00:00,4222.0,27.0
2023-09-29 13:00:00,4233.0,27.8
2023-09-29 14:00:00,4136.0,28.16
2023-09-29 15:00:00,4279.0,28.52
2023-09-29 16:00:00,4421.0,28.88
2023-09-29 17:00:00,4856.0,28.34
2023-09-29 18:00:00,4773.0,27.07
2023-09-29 19:00:00,5038.0,26.14
2023-09-29 20:00:00,4906.0,25.6
2023-09-29 21:00:00,4754.0,25.0
2023-09-29 22:00:00,5442.0,24.5
2023-09-29 23:00:00,4757.0,24.0
2023-09-30 00:00:00,4131.0,23.6
2023-09-30 01:00:00,3695.0,23.08
2023-09-30 02:00:00,3390.0,22.54
2023-09-30 03:00:00,3201.0,21.94
2023-09-30 04:00:00,3042.0,21.43
2023-09-30 05:00:00,3017.0,21.18
2023-09-30 06:00:00,3146.0,20.94
2023-09-30 07:00:00,3380.0,20.7
2023-09-30 08:00:00,3614.0,20.9
2023-09-30 09:00:00,3903.0,21.1
2023-09-30 10:00:00,4133.0,21.7
2023-09-30 11:00:00,4382.0,22.3
2023-09-30 12:00:00,4227.0,22.72
2023-09-30 13:00:00,4149.0,22.96
2023-09-30 14:00:00,4010.0,23.36
2023-09-30 15:00:00,4098.0,23.24
2023-09-30 16:00:00,4271.0,22.7
2023-09-30 17:00:00,4596.0,22.4
2023-09-30 18:00:00,4510.0,22.3
2023-09-30 19:00:00,4778.0,22.0
2023-09-30 20:00:00,4636.0,21.8
2023-09-30 21:00:00,4441.0,21.6
2023-09-30 22:00:00,4143.0,21.4
2023-09-30 23:00:00,3841.0,21.3
2023-10-01 00:00:00,3819.0,21.1
2023-10-01 01:00:00,3461.0,21.0
2023-10-01 02:00:00,3188.0,20.9
2023-10-01 03:00:00,2993.0,20.9
2023-10-01 04:00:00,2904.0,20.8
2023-10-01 05:00:00,2870.0,20.4
2023-10-01 06:00:00,3028.0,20.3
2023-10-01 07:00:00,3267.0,20.2
2023-10-01 08:00:00,3504.0,20.5
2023-10-01 09:00:00,3857.0,20.9
2023-10-01 10:00:00,4043.0,20.9
2023-10-01 11:00:00,4252.0,21.0
2023-10-01 12:00:00,4114.0,21.4
2023-10-01 13:00:00,3945.0,21.8
2023-10-01 14:00:00,3903.0,21.9
2023-10-01 15:00:00,3926.0,21.8
2023-10-01 16:00:00,4060.0,21.6
2023-10-01 17:00:00,4525.0,21.2
2023-10-01 18:00:00,4555.0,20.8
2023-10-01 19:00:00,4641.0,20.5
2023-10-01 20:00:00,4469.0,20.5
2023-10-01 21:00:00,4308.0,20.5
2023-10-01 22:00:00,4080.0,20.6
2023-10-01 23:00:00,3841.0,20.5
2023-10-02 00:00:00,3754.0,0.0
2023-10-02 01:00:00,3380.0,0.0
2023-10-02 02:00:00,3105.0,0.0
2023-10-02 03:00:00,2938.0,0.0
2023-10-02 04:00:00,2872.0,0.0
2023-10-02 05:00:00,2850.0,0.0
2023-10-02 06:00:00,2993.0,0.0
2023-10-02 07:00:00,3259.0,0.0
2023-10-02 08:00:00,3579.0,0.0
2023-10-02 09:00:00,3957.0,0.0
2023-10-02 10:00:00,4186.0,0.0
2023-10-02 11:00:00,4380.0,0.0
2023-10-02 12:00:00,4212.0,0.0
2023-10-02 13:00:00,4162.0,0.0
2023-10-02 14:00:00,4118.0,0.0
2023-10-02 15:00:00,4189.0,0.0
2023-10-02 16:00:00,4332.0,0.0
2023-10-02 17:00:00,4704.0,0.0
2023-10-02 18:00:00,4609.0,0.0
2023-10-02 19:00:00,4737.0,0.0
2023-10-02 20:00:00,4579.0,0.0
2023-10-02 21:00:00,4385.0,0.0
2023-10-02 22:00:00,4111.0,0.0
2023-10-02 23:00:00,3778.0,0.0
2023-10-03 00:00:00,3809.0,0.0
2023-10-03 01:00:00,3402.0,0.0
2023-10-03 02:00:00,3116.0,0.0
2023-10-03 03:00:00,2983.0,0.0
2023-10-03 04:00:00,2890.0,0.0
2023-10-03 05:00:00,2885.0,0.0
2023-10-03 06:00:00,3041.0,0.0
2023-10-03 07:00:00,3346.0,0.0
2023-10-03 08:00:00,3702.0,0.0
2023-10-03 09:00:00,4091.0,0.0
2023-10-03 10:00:00,4322.0,0.0
2023-10-03 11:00:00,4509.0,0.0
2023-10-03 12:00:00,4240.0,0.0
2023-10-03 13:00:00,4116.0,0.0
2023-10-03 14:00:00,4041.0,0.0
2023-10-03 15:00:00,4114.0,0.0
2023-10-03 16:00:00,4272.0,0.0
2023-10-03 17:00:00,4746.0,0.0
2023-10-03 18:00:00,4655.0,0.0
2023-10-03 19:00:00,4790.0,0.0
2023-10-03 20:00:00,4601.0,0.0
2023-10-03 21:00:00,4489.0,0.0
2023-10-03 22:00:00,4227.0,0.0
2023-10-03 23:00:00,3912.0,0.0
2023-10-04 00:00:00,3947.0,0.0
2023-10-04 01:00:00,3584.0,0.0
2023-10-04 02:00:00,3349.0,0.0
2023-10-04 03:00:00,3184.0,0.0
2023-10-04 04:00:00,3129.0,0.0
2023-10-04 05:00:00,3137.0,0.0
2023-10-04 06:00:00,3314.0,0.0
2023-10-04 07:00:00,3633.0,0.0
2023-10-04 08:00:00,4108.0,0.0
2023-10-04 09:00:00,4678.0,0.0
2023-10-04 10:00:00,4860.0,0.0
2023-10-04 11:00:00,5108.0,0.0
2023-10-04 12:00:00,4743.0,0.0
2023-10-04 13:00:00,4677.0,0.0
2023-10-04 14:00:00,4698.0,0.0
2023-10-04 15:00:00,4821.0,0.0
2023-10-04 16:00:00,4970.0,0.0
2023-10-04 17:00:00,5485.0,0.0
2023-10-04 18:00:00,5309.0,0.0
2023-10-04 19:00:00,5369.0,0.0
2023-10-04 20:00:00,5162.0,0.0
2023-10-04 21:00:00,5004.0,0.0
2023-10-04 22:00:00,4709.0,0.0
2023-10-04 23:00:00,4372.0,0.0
2023-10-05 00:00:00,4368.0,0.0
2023-10-05 01:00:00,3955.0,0.0
2023-10-05 02:00:00,3694.0,0.0
2023-10-05 03:00:00,3534.0,0.0
2023-10-05 04:00:00,3447.0,0.0
2023-10-05 05:00:00,3442.0,0.0
2023-10-05 06:00:00,3624.0,0.0
2023-10-05 07:00:00,3927.0,0.0
2023-10-05 08:00:00,4360.0,0.0
2023-10-05 09:00:00,5002.0,0.0
2023-10-05 10:00:00,5192.0,0.0
2023-10-05 11:00:00,5433.0,0.0
2023-10-05 12:00:00,5019.0,0.0
2023-10-05 13:00:00,4946.0,0.0
2023-10-05 14:00:00,4926.0,0.0
2023-10-05 15:00:00,4966.0,0.0
2023-10-05 16:00:00,5117.0,0.0
2023-10-05 17:00:00,5548.0,0.0
2023-10-05 18:00:00,5454.0,0.0
2023-10-05 19:00:00,5685.0,0.0
2023-10-05 20:00:00,5411.0,0.0
2023-10-05 21:00:00,5223.0,0.0
2023-10-05 22:00:00,4978.0,0.0
2023-10-05 23:00:00,4372.0,0.0
2023-10-06 00:00:00,4578.0,0.0
2023-10-06 01:00:00,4125.0,0.0
2023-10-06 02:00:00,3858.0,0.0
2023-10-06 03:00:00,3659.0,0.0
2023-10-06 04:00:00,3588.0,0.0
2023-10-06 05:00:00,3566.0,0.0
2023-10-06 06:00:00,3741.0,0.0
2023-10-06 07:00:00,4113.0,0.0
2023-10-06 08:00:00,4496.0,0.0
2023-10-06 09:00:00,5096.0,0.0
2023-10-06 10:00:00,5304.0,0.0
2023-10-06 11:00:00,5505.0,0.0
2023-10-06 12:00:00,5075.0,0.0
2023-10-06 13:00:00,5026.0,0.0
2023-10-06 14:00:00,5040.0,0.0
2023-10-06 15:00:00,5173.0,0.0
2023-10-06 16:00:00,5318.0,0.0
2023-10-06 17:00:00,5879.0,0.0
2023-10-06 18:00:00,5712.0,0.0
2023-10-06 19:00:00,5796.0,0.0
2023-10-06 20:00:00,5538.0,0.0
2023-10-06 21:00:00,5352.0,0.0
2023-10-06 22:00:00,4938.0,0.0
2023-10-06 23:00:00,4462.0,0.0
2023-10-07 00:00:00,4455.0,14.4
2023-10-07 01:00:00,3997.0,14.1
2023-10-07 02:00:00,3762.0,13.9
2023-10-07 03:00:00,3623.0,13.8
2023-10-07 04:00:00,3517.0,13.7
2023-10-07 05:00:00,3512.0,13.7
2023-10-07 06:00:00,3806.0,13.7
2023-10-07 07:00:00,4412.0,13.7
2023-10-07 08:00:00,4713.0,14.1
2023-10-07 09:00:00,5397.0,14.3
2023-10-07 10:00:00,5544.0,14.2
2023-10-07 11:00:00,5729.0,14.2
2023-10-07 12:00:00,5303.0,14.4
2023-10-07 13:00:00,5063.0,15.0
2023-10-07 14:00:00,5142.0,15.1
2023-10-07 15:00:00,5243.0,14.8
2023-10-07 16:00:00,5429.0,15.1
2023-10-07 17:00:00,5878.0,15.2
2023-10-07 18:00:00,5695.0,15.3
2023-10-07 19:00:00,5754.0,15.3
2023-10-07 20:00:00,5474.0,15.2
2023-10-07 21:00:00,5363.0,15.1
2023-10-07 22:00:00,4938.0,15.4
2023-10-07 23:00:00,4462.0,15.4
2023-10-08 00:00:00,4530.0,15.5
2023-10-08 01:00:00,4051.0,15.6
2023-10-08 02:00:00,3814.0,15.5
2023-10-08 03:00:00,3628.0,15.7
2023-10-08 04:00:00,3541.0,15.6
2023-10-08 05:00:00,3537.0,15.5
2023-10-08 06:00:00,3824.0,15.5
2023-10-08 07:00:00,4381.0,15.4
2023-10-08 08:00:00,4735.0,15.5
2023-10-08 09:00:00,5262.0,16.1
2023-10-08 10:00:00,5381.0,16.9
2023-10-08 11:00:00,5443.0,18.6
2023-10-08 12:00:00,4996.0,20.2
2023-10-08 13:00:00,4850.0,20.3
2023-10-08 14:00:00,4984.0,20.1
2023-10-08 15:00:00,5124.0,20.4
2023-10-08 16:00:00,5342.0,20.6
2023-10-08 17:00:00,5754.0,20.1
2023-10-08 18:00:00,5656.0,19.7
2023-10-08 19:00:00,5723.0,18.6
2023-10-08 20:00:00,5515.0,17.9
2023-10-08 21:00:00,5371.0,17.7
2023-10-08 22:00:00,5012.0,17.4
2023-10-08 23:00:00,4511.0,17.1
2023-10-09 00:00:00,4487.0,14.99
2023-10-09 01:00:00,4051.0,14.99
2023-10-09 02:00:00,3787.0,14.99
2023-10-09 03:00:00,3627.0,15.01
2023-10-09 04:00:00,3561.0,14.99
2023-10-09 05:00:00,3521.0,14.96
2023-10-09 06:00:00,3817.0,14.93
2023-10-09 07:00:00,4386.0,14.9
2023-10-09 08:00:00,4690.0,14.96
2023-10-09 09:00:00,5399.0,15.07
2023-10-09 10:00:00,5497.0,15.24
2023-10-09 11:00:00,5692.0,15.59
2023-10-09 12:00:00,5187.0,15.61
2023-10-09 13:00:00,4969.0,15.87
2023-10-09 14:00:00,5029.0,15.96
2023-10-09 15:00:00,5197.0,16.24
2023-10-09 16:00:00,5406.0,16.21
2023-10-09 17:00:00,5746.0,16.01
2023-10-09 18:00:00,5679.0,15.93
2023-10-09 19:00:00,5843.0,15.73
2023-10-09 20:00:00,5587.0,15.56
2023-10-09 21:00:00,5441.0,15.5
2023-10-09 22:00:00,5108.0,15.41
2023-10-09 23:00:00,4656.0,15.33
2023-10-10 00:00:00,4604.0,16.39
2023-10-10 01:00:00,4160.0,16.39
2023-10-10 02:00:00,3890.0,16.24
2023-10-10 03:00:00,3704.0,16.24
2023-10-10 04:00:00,3615.0,16.24
2023-10-10 05:00:00,3619.0,16.17
2023-10-10 06:00:00,3909.0,16.1
2023-10-10 07:00:00,4457.0,16.17
2023-10-10 08:00:00,4754.0,16.46
2023-10-10 09:00:00,5356.0,17.11
2023-10-10 10:00:00,5518.0,18.19
2023-10-10 11:00:00,5713.0,18.27
2023-10-10 12:00:00,5214.0,17.91
2023-10-10 13:00:00,4998.0,17.91
2023-10-10 14:00:00,5026.0,18.05
2023-10-10 15:00:00,5216.0,18.63
2023-10-10 16:00:00,5474.0,18.41
2023-10-10 17:00:00,5948.0,18.27
2023-10-10 18:00:00,5798.0,17.62
2023-10-10 19:00:00,5907.0,16.75
2023-10-10 20:00:00,5589.0,16.89
2023-10-10 21:00:00,5477.0,16.82
2023-10-10 22:00:00,5103.0,16.53
2023-10-10 23:00:00,4667.0,16.32
2023-10-11 00:00:00,4604.0,17.59
2023-10-11 01:00:00,4145.0,17.46
2023-10-11 02:00:00,3904.0,17.34
2023-10-11 03:00:00,3723.0,17.09
2023-10-11 04:00:00,3614.0,16.84
2023-10-11 05:00:00,3625.0,16.59
2023-10-11 06:00:00,3920.0,16.53
2023-10-11 07:00:00,4539.0,16.4
2023-10-11 08:00:00,4781.0,16.84
2023-10-11 09:00:00,5280.0,17.53
2023-10-11 10:00:00,5518.0,18.78
2023-10-11 11:00:00,5713.0,20.03
2023-10-11 12:00:00,5214.0,20.54
2023-10-11 13:00:00,4998.0,20.91
2023-10-11 14:00:00,5026.0,21.1
2023-10-11 15:00:00,5216.0,21.54
2023-10-11 16:00:00,5474.0,21.19
2023-10-11 17:00:00,5948.0,20.79
2023-10-11 18:00:00,5798.0,19.91
2023-10-11 19:00:00,5907.0,19.22
2023-10-11 20:00:00,5589.0,19.28
2023-10-11 21:00:00,5477.0,19.28
2023-10-11 22:00:00,5103.0,18.84
2023-10-11 23:00:00,4667.0,18.78
2023-10-12 00:00:00,4636.0,19.5
2023-10-12 01:00:00,4146.0,19.0
2023-10-12 02:00:00,3923.0,18.4
2023-10-12 03:00:00,3740.0,18.0
2023-10-12 04:00:00,3654.0,17.8
2023-10-12 05:00:00,3647.0,17.6
2023-10-12 06:00:00,3904.0,17.3
2023-10-12 07:00:00,4480.0,17.5
2023-10-12 08:00:00,4761.0,18.1
2023-10-12 09:00:00,5377.0,19.4
2023-10-12 10:00:00,5484.0,20.0
2023-10-12 11:00:00,5634.0,21.4
2023-10-12 12:00:00,5183.0,21.9
2023-10-12 13:00:00,4988.0,22.1
2023-10-12 14:00:00,5088.0,22.0
2023-10-12 15:00:00,5246.0,21.8
2023-10-12 16:00:00,5379.0,21.9
2023-10-12 17:00:00,5778.0,21.2
2023-10-12 18:00:00,5703.0,20.7
2023-10-12 19:00:00,5879.0,20.3
2023-10-12 20:00:00,5571.0,20.0
2023-10-12 21:00:00,5435.0,19.6
2023-10-12 22:00:00,5034.0,19.1
2023-10-12 23:00:00,4598.0,18.8
2023-10-13 00:00:00,4616.0,18.3
2023-10-13 01:00:00,4127.0,18.0
2023-10-13 02:00:00,3898.0,17.8
2023-10-13 03:00:00,3713.0,17.6
2023-10-13 04:00:00,3594.0,17.4
2023-10-13 05:00:00,3626.0,17.3
2023-10-13 06:00:00,3903.0,17.2
2023-10-13 07:00:00,4456.0,17.2
2023-10-13 08:00:00,4792.0,17.2
2023-10-13 09:00:00,5336.0,17.5
2023-10-13 10:00:00,5532.0,18.2
2023-10-13 11:00:00,5609.0,19.0
2023-10-13 12:00:00,5125.0,20.6
2023-10-13 13:00:00,4899.0,21.2
2023-10-13 14:00:00,5016.0,21.5
2023-10-13 15:00:00,5140.0,21.5
2023-10-13 16:00:00,5369.0,21.2
2023-10-13 17:00:00,5745.0,20.85
2023-10-13 18:00:00,5657.0,20.0
2023-10-13 19:00:00,5778.0,19.5
2023-10-13 20:00:00,5505.0,18.9
2023-10-13 21:00:00,5357.0,18.3
2023-10-13 22:00:00,5071.0,18.0
2023-10-13 23:00:00,4717.0,17.7
2023-10-14 00:00:00,4702.0,17.5
2023-10-14 01:00:00,4221.0,17.4
2023-10-14 02:00:00,3916.0,18.1
2023-10-14 03:00:00,3728.0,17.9
2023-10-14 04:00:00,3623.0,17.4
2023-10-14 05:00:00,3607.0,17.2
2023-10-14 06:00:00,3813.0,16.6
2023-10-14 07:00:00,4152.0,16.5
2023-10-14 08:00:00,4580.0,16.6
2023-10-14 09:00:00,5063.0,18.0
2023-10-14 10:00:00,5222.0,19.7
2023-10-14 11:00:00,5416.0,21.2
2023-10-14 12:00:00,4996.0,22.7
2023-10-14 13:00:00,4813.0,23.9
2023-10-14 14:00:00,4844.0,24.6
2023-10-14 15:00:00,4981.0,25.2
2023-10-14 16:00:00,5182.0,25.6
2023-10-14 17:00:00,5679.0,24.3
2023-10-14 18:00:00,5591.0,23.0
2023-10-14 19:00:00,5727.0,19.5
2023-10-14 20:00:00,5448.0,18.5
2023-10-14 21:00:00,5310.0,16.9
2023-10-14 22:00:00,4988.0,16.0
2023-10-14 23:00:00,4575.0,15.5
2023-10-15 00:00:00,4627.0,14.9
2023-10-15 01:00:00,4155.0,14.2
2023-10-15 02:00:00,3867.0,13.9
2023-10-15 03:00:00,3666.0,14.0
2023-10-15 04:00:00,3575.0,13.4
2023-10-15 05:00:00,3544.0,13.2
2023-10-15 06:00:00,3764.0,13.0
2023-10-15 07:00:00,4133.0,13.5
2023-10-15 08:00:00,4397.0,15.9
2023-10-15 09:00:00,4788.0,19.0
2023-10-15 10:00:00,4950.0,22.1
2023-10-15 11:00:00,5144.0,23.2
2023-10-15 12:00:00,4836.0,25.8
2023-10-15 13:00:00,4734.0,26.8
2023-10-15 14:00:00,4775.0,27.6
2023-10-15 15:00:00,4794.0,27.7
2023-10-15 16:00:00,5097.0,27.8
2023-10-15 17:00:00,5566.0,26.9
2023-10-15 18:00:00,5564.0,25.2
2023-10-15 19:00:00,5676.0,21.0
2023-10-15 20:00:00,5466.0,18.9
2023-10-15 21:00:00,5271.0,17.6
2023-10-15 22:00:00,4863.0,17.1
2023-10-15 23:00:00,4433.0,16.4
2023-10-16 00:00:00,4435.0,14.9
2023-10-16 01:00:00,4021.0,14.2
2023-10-16 02:00:00,3757.0,13.9
2023-10-16 03:00:00,3564.0,14.0
2023-10-16 04:00:00,3491.0,13.4
2023-10-16 05:00:00,3508.0,13.2
2023-10-16 06:00:00,3802.0,13.0
2023-10-16 07:00:00,4428.0,13.5
2023-10-16 08:00:00,4633.0,15.9
2023-10-16 09:00:00,5147.0,19.0
2023-10-16 10:00:00,5393.0,22.1
2023-10-16 11:00:00,5529.0,23.2
2023-10-16 12:00:00,5078.0,25.8
2023-10-16 13:00:00,4964.0,26.8
2023-10-16 14:00:00,4985.0,27.6
2023-10-16 15:00:00,5261.0,27.7
2023-10-16 16:00:00,5497.0,27.8
2023-10-16 17:00:00,5886.0,26.9
2023-10-16 18:00:00,5837.0,25.2
2023-10-16 19:00:00,6008.0,21.0
2023-10-16 20:00:00,5644.0,18.9
2023-10-16 21:00:00,5454.0,17.6
2023-10-16 22:00:00,5065.0,17.1
2023-10-16 23:00:00,4608.0,16.4
2023-10-17 00:00:00,4586.0,14.9
2023-10-17 01:00:00,4121.0,14.2
2023-10-17 02:00:00,3883.0,13.9
2023-10-17 03:00:00,3727.0,14.0
2023-10-17 04:00:00,3635.0,13.4
2023-10-17 05:00:00,3622.0,13.2
2023-10-17 06:00:00,3928.0,13.0
2023-10-17 07:00:00,4518.0,13.5
2023-10-17 08:00:00,4721.0,15.9
2023-10-17 09:00:00,5236.0,19.0
2023-10-17 10:00:00,5362.0,22.1
2023-10-17 11:00:00,5528.0,23.2
2023-10-17 12:00:00,5078.0,25.8
2023-10-17 13:00:00,4918.0,26.8
2023-10-17 14:00:00,5087.0,27.6
2023-10-17 15:00:00,5308.0,27.7
2023-10-17 16:00:00,5567.0,27.8
2023-10-17 17:00:00,5980.0,26.9
2023-10-17 18:00:00,5889.0,25.2
2023-10-17 19:00:00,5975.0,21.0
2023-10-17 20:00:00,5657.0,18.9
2023-10-17 21:00:00,5569.0,17.6
2023-10-17 22:00:00,5133.0,17.1
2023-10-17 23:00:00,4660.0,16.4
2023-10-18 00:00:00,4646.0,17.33
2023-10-18 01:00:00,4206.0,16.68
2023-10-18 02:00:00,3945.0,16.22
2023-10-18 03:00:00,3767.0,15.02
2023-10-18 04:00:00,3662.0,14.93
2023-10-18 05:00:00,3676.0,15.39
2023-10-18 06:00:00,3991.0,15.48
2023-10-18 07:00:00,4551.0,15.3
2023-10-18 08:00:00,4743.0,17.61
2023-10-18 09:00:00,5312.0,19.55
2023-10-18 10:00:00,5521.0,21.39
2023-10-18 11:00:00,5699.0,23.52
2023-10-18 12:00:00,5246.0,25.27
2023-10-18 13:00:00,5166.0,26.19
2023-10-18 14:00:00,5303.0,26.93
2023-10-18 15:00:00,5528.0,27.58
2023-10-18 16:00:00,5828.0,27.21
2023-10-18 17:00:00,6153.0,26.47
2023-10-18 18:00:00,6040.0,25.09
2023-10-18 19:00:00,6114.0,23.79
2023-10-18 20:00:00,5804.0,21.39
2023-10-18 21:00:00,5666.0,22.59
2023-10-18 22:00:00,5255.0,22.44
2023-10-18 23:00:00,4844.0,21.76
2023-10-19 00:00:00,4801.0,24.6
2023-10-19 01:00:00,4364.0,24.2
2023-10-19 02:00:00,4098.0,23.4
2023-10-19 03:00:00,3920.0,22.9
2023-10-19 04:00:00,3808.0,22.8
2023-10-19 05:00:00,3823.0,22.4
2023-10-19 06:00:00,4099.0,22.0
2023-10-19 07:00:00,4635.0,21.8
2023-10-19 08:00:00,4908.0,22.0
2023-10-19 09:00:00,5562.0,22.2
2023-10-19 10:00:00,5804.0,22.8
2023-10-19 11:00:00,5960.0,19.7
2023-10-19 12:00:00,5437.0,18.8
2023-10-19 13:00:00,5207.0,18.9
2023-10-19 14:00:00,5292.0,18.6
2023-10-19 15:00:00,5450.0,18.1
2023-10-19 16:00:00,5669.0,17.7
2023-10-19 17:00:00,6023.0,17.2
2023-10-19 18:00:00,5906.0,16.7
2023-10-19 19:00:00,5833.0,16.0
2023-10-19 20:00:00,5552.0,15.6
2023-10-19 21:00:00,5389.0,15.4
2023-10-19 22:00:00,4975.0,15.1
2023-10-19 23:00:00,4844.0,15.4
2023-10-20 00:00:00,4540.0,15.1
2023-10-20 01:00:00,4112.0,14.9
2023-10-20 02:00:00,3865.0,14.6
2023-10-20 03:00:00,3711.0,14.7
2023-10-20 04:00:00,3618.0,14.6
2023-10-20 05:00:00,3632.0,14.7
2023-10-20 06:00:00,3932.0,14.8
2023-10-20 07:00:00,4498.0,14.8
2023-10-20 08:00:00,4813.0,14.8
2023-10-20 09:00:00,5371.0,15.5
2023-10-20 10:00:00,5473.0,16.4
2023-10-20 11:00:00,5564.0,18.6
2023-10-20 12:00:00,5064.0,19.4
2023-10-20 13:00:00,4884.0,20.1
2023-10-20 14:00:00,4871.0,21.3
2023-10-20 15:00:00,5075.0,21.4
2023-10-20 16:00:00,5293.0,21.7
2023-10-20 17:00:00,5734.0,20.7
2023-10-20 18:00:00,5731.0,19.5
2023-10-20 19:00:00,5775.0,18.6
2023-10-20 20:00:00,5591.0,18.2
2023-10-20 21:00:00,5413.0,18.1
2023-10-20 22:00:00,5096.0,17.6
2023-10-20 23:00:00,4679.0,15.8
2023-10-21 00:00:00,4708.0,14.9
2023-10-21 01:00:00,4232.0,14.0
2023-10-21 02:00:00,3944.0,14.6
2023-10-21 03:00:00,3749.0,14.7
2023-10-21 04:00:00,3626.0,14.6
2023-10-21 05:00:00,3626.0,14.7
2023-10-21 06:00:00,3833.0,11.5
2023-10-21 07:00:00,4233.0,11.6
2023-10-21 08:00:00,4564.0,12.9
2023-10-21 09:00:00,5088.0,16.0
2023-10-21 10:00:00,5185.0,19.8
2023-10-21 11:00:00,5316.0,20.9
2023-10-21 12:00:00,4922.0,22.0
2023-10-21 13:00:00,4751.0,22.7
2023-10-21 14:00:00,4787.0,22.9
2023-10-21 15:00:00,4905.0,22.7
2023-10-21 16:00:00,5246.0,22.7
2023-10-21 17:00:00,5606.0,21.9
2023-10-21 18:00:00,5641.0,20.0
2023-10-21 19:00:00,5672.0,18.1
2023-10-21 20:00:00,5421.0,16.9
2023-10-21 21:00:00,5301.0,16.7
2023-10-21 22:00:00,4967.0,16.3
2023-10-21 23:00:00,4602.0,14.9
2023-10-22 00:00:00,4612.0,13.7
2023-10-22 01:00:00,4146.0,12.7
2023-10-22 02:00:00,3866.0,12.2
2023-10-22 03:00:00,3683.0,12.4
2023-10-22 04:00:00,3584.0,12.1
2023-10-22 05:00:00,3560.0,11.2
2023-10-22 06:00:00,3751.0,10.8
2023-10-22 07:00:00,4112.0,10.5
2023-10-22 08:00:00,4431.0,12.1
2023-10-22 09:00:00,4890.0,17.8
2023-10-22 10:00:00,4969.0,20.0
2023-10-22 11:00:00,5150.0,21.5
2023-10-22 12:00:00,4755.0,22.9
2023-10-22 13:00:00,4627.0,24.2
2023-10-22 14:00:00,4712.0,24.7
2023-10-22 15:00:00,4804.0,25.2
2023-10-22 16:00:00,5046.0,24.6
2023-10-22 17:00:00,5510.0,23.9
2023-10-22 18:00:00,5559.0,22.2
2023-10-22 19:00:00,5631.0,19.1
2023-10-22 20:00:00,5397.0,17.3
2023-10-22 21:00:00,5308.0,15.8
2023-10-22 22:00:00,4866.0,15.1
2023-10-22 23:00:00,4455.0,14.6
2023-10-23 00:00:00,4466.0,13.7
2023-10-23 01:00:00,4004.0,13.9
2023-10-23 02:00:00,3776.0,12.8
2023-10-23 03:00:00,3592.0,12.2
2023-10-23 04:00:00,3477.0,12.7
2023-10-23 05:00:00,3511.0,12.8
2023-10-23 06:00:00,3845.0,12.4
2023-10-23 07:00:00,4477.0,12.5
2023-10-23 08:00:00,4702.0,16.2
2023-10-23 09:00:00,5212.0,18.8
2023-10-23 10:00:00,5334.0,21.4
2023-10-23 11:00:00,5474.0,23.6
2023-10-23 12:00:00,4979.0,24.7
2023-10-23 13:00:00,4846.0,26.5
2023-10-23 14:00:00,4965.0,26.3
2023-10-23 15:00:00,5167.0,26.9
2023-10-23 16:00:00,5423.0,26.5
2023-10-23 17:00:00,5818.0,25.7
2023-10-23 18:00:00,5818.0,23.9
2023-10-23 19:00:00,5827.0,21.6
2023-10-23 20:00:00,5513.0,19.6
2023-10-23 21:00:00,5405.0,18.4
2023-10-23 22:00:00,5037.0,17.7
2023-10-23 23:00:00,4575.0,17.9
2023-10-24 00:00:00,4547.0,18.7
2023-10-24 01:00:00,4086.0,17.93
2023-10-24 02:00:00,3855.0,18.6
2023-10-24 03:00:00,3680.0,18.0
2023-10-24 04:00:00,3601.0,18.5
2023-10-24 05:00:00,3584.0,18.2
2023-10-24 06:00:00,3909.0,18.2
2023-10-24 07:00:00,4508.0,18.2
2023-10-24 08:00:00,4784.0,20.2
2023-10-24 09:00:00,5251.0,22.6
2023-10-24 10:00:00,5396.0,24.8
2023-10-24 11:00:00,5575.0,26.44
2023-10-24 12:00:00,5076.0,28.6
2023-10-24 13:00:00,4978.0,29.0
2023-10-24 14:00:00,5107.0,30.1
2023-10-24 15:00:00,5361.0,30.55
2023-10-24 16:00:00,5610.0,30.4
2023-10-24 17:00:00,5998.0,29.03
2023-10-24 18:00:00,5951.0,27.2
2023-10-24 19:00:00,5981.0,25.5
2023-10-24 20:00:00,5644.0,24.0
2023-10-24 21:00:00,5526.0,22.8
2023-10-24 22:00:00,5130.0,22.9
2023-10-24 23:00:00,4671.0,22.2
2023-10-25 00:00:00,4684.0,22.4
2023-10-25 01:00:00,4243.0,23.7
2023-10-25 02:00:00,3965.0,23.4
2023-10-25 03:00:00,3785.0,22.6
2023-10-25 04:00:00,3688.0,22.0
2023-10-25 05:00:00,3691.0,21.8
2023-10-25 06:00:00,3986.0,22.0
2023-10-25 07:00:00,4522.0,21.1
2023-10-25 08:00:00,4839.0,21.8
2023-10-25 09:00:00,5456.0,22.0
2023-10-25 10:00:00,5582.0,23.5
2023-10-25 11:00:00,5713.0,24.1
2023-10-25 12:00:00,5241.0,23.2
2023-10-25 13:00:00,5109.0,22.3
2023-10-25 14:00:00,5209.0,21.8
2023-10-25 15:00:00,5345.0,21.6
2023-10-25 16:00:00,5552.0,21.4
2023-10-25 17:00:00,5948.0,20.9
2023-10-25 18:00:00,5938.0,20.4
2023-10-25 19:00:00,5892.0,20.2
2023-10-25 20:00:00,5648.0,20.0
2023-10-25 21:00:00,5466.0,20.0
2023-10-25 22:00:00,5049.0,19.9
2023-10-25 23:00:00,4599.0,19.7
2023-10-26 00:00:00,4578.0,19.3
2023-10-26 01:00:00,4143.0,19.3
2023-10-26 02:00:00,3918.0,19.3
2023-10-26 03:00:00,3751.0,18.7
2023-10-26 04:00:00,3651.0,18.4
2023-10-26 05:00:00,3627.0,18.4
2023-10-26 06:00:00,3916.0,18.2
2023-10-26 07:00:00,4444.0,18.1
2023-10-26 08:00:00,4877.0,18.1
2023-10-26 09:00:00,5450.0,18.2
2023-10-26 10:00:00,5589.0,18.52
2023-10-26 11:00:00,5770.0,18.84
2023-10-26 12:00:00,5251.0,19.16
2023-10-26 13:00:00,5054.0,19.7
2023-10-26 14:00:00,5125.0,20.5
2023-10-26 15:00:00,5271.0,20.3
2023-10-26 16:00:00,5541.0,20.5
2023-10-26 17:00:00,5942.0,20.1
2023-10-26 18:00:00,5911.0,19.6
2023-10-26 19:00:00,5910.0,19.4
2023-10-26 20:00:00,5579.0,19.4
2023-10-26 21:00:00,5499.0,19.3
2023-10-26 22:00:00,5083.0,19.2
2023-10-26 23:00:00,4600.0,19.2
2023-10-27 00:00:00,4647.0,19.1
2023-10-27 01:00:00,4174.0,18.9
2023-10-27 02:00:00,3934.0,18.8
2023-10-27 03:00:00,3718.0,18.7
2023-10-27 04:00:00,3612.0,18.8
2023-10-27 05:00:00,3629.0,18.7
2023-10-27 06:00:00,3940.0,18.6
2023-10-27 07:00:00,4436.0,18.5
2023-10-27 08:00:00,4824.0,18.7
2023-10-27 09:00:00,5467.0,19.4
2023-10-27 10:00:00,5586.0,19.6
2023-10-27 11:00:00,5746.0,20.3
2023-10-27 12:00:00,5249.0,20.3
2023-10-27 13:00:00,5086.0,20.8
2023-10-27 14:00:00,5192.0,20.7
2023-10-27 15:00:00,5326.0,20.6
2023-10-27 16:00:00,5536.0,20.7
2023-10-27 17:00:00,5944.0,20.6
2023-10-27 18:00:00,5869.0,20.4
2023-10-27 19:00:00,5832.0,20.3
2023-10-27 20:00:00,5541.0,20.0
2023-10-27 21:00:00,5431.0,19.5
2023-10-27 22:00:00,5138.0,19.3
2023-10-27 23:00:00,4699.0,18.9
2023-10-28 00:00:00,4711.0,18.3
2023-10-28 01:00:00,4290.0,17.8
2023-10-28 02:00:00,3982.0,17.8
2023-10-28 03:00:00,3765.0,17.5
2023-10-28 04:00:00,3645.0,17.3
2023-10-28 05:00:00,3623.0,17.0
2023-10-28 06:00:00,3838.0,16.6
2023-10-28 07:00:00,4161.0,16.5
2023-10-28 08:00:00,4625.0,16.5
2023-10-28 09:00:00,5258.0,16.6
2023-10-28 10:00:00,5387.0,17.0
2023-10-28 11:00:00,5573.0,17.4
2023-10-28 12:00:00,5162.0,18.0
2023-10-28 13:00:00,5026.0,18.6
2023-10-28 14:00:00,5021.0,19.3
2023-10-28 15:00:00,5102.0,19.6
2023-10-28 16:00:00,5199.0,19.7
2023-10-28 17:00:00,5723.0,19.5
2023-10-28 18:00:00,5768.0,18.9
2023-10-28 19:00:00,5686.0,17.8
2023-10-28 20:00:00,5461.0,16.9
2023-10-28 21:00:00,5262.0,16.6
2023-10-28 22:00:00,5007.0,16.7
2023-10-28 23:00:00,4611.0,16.8
2023-10-29 00:00:00,4634.0,16.9
2023-10-29 01:00:00,4192.0,17.0
2023-10-29 02:00:00,3875.0,17.1
2023-10-29 03:00:00,3681.0,17.2
2023-10-29 04:00:00,3582.0,17.2
2023-10-29 05:00:00,3594.0,17.3
2023-10-29 06:00:00,3766.0,17.3
2023-10-29 07:00:00,4070.0,17.3
2023-10-29 08:00:00,4390.0,17.6
2023-10-29 09:00:00,4829.0,18.8
2023-10-29 10:00:00,4996.0,21.2
2023-10-29 11:00:00,5137.0,22.7
2023-10-29 12:00:00,4750.0,23.6
2023-10-29 13:00:00,4634.0,24.3
2023-10-29 14:00:00,4719.0,25.2
2023-10-29 15:00:00,4812.0,25.2
2023-10-29 16:00:00,5150.0,25.8
2023-10-29 17:00:00,5601.0,24.3
2023-10-29 18:00:00,5715.0,22.6
2023-10-29 19:00:00,5662.0,21.2
2023-10-29 20:00:00,5417.0,20.1
2023-10-29 21:00:00,5290.0,19.6
2023-10-29 22:00:00,4878.0,18.8
2023-10-29 23:00:00,4431.0,18.0
2023-10-30 00:00:00,4466.0,0.94
2023-10-30 01:00:00,4007.0,0.94
2023-10-30 02:00:00,3734.0,0.94
2023-10-30 03:00:00,3560.0,0.94
2023-10-30 04:00:00,3490.0,0.94
2023-10-30 05:00:00,3510.0,0.94
2023-10-30 06:00:00,3799.0,0.94
2023-10-30 07:00:00,4393.0,0.94
2023-10-30 08:00:00,4624.0,0.94
2023-10-30 09:00:00,5191.0,0.94
2023-10-30 10:00:00,5301.0,0.94
2023-10-30 11:00:00,5405.0,0.94
2023-10-30 12:00:00,4926.0,0.94
2023-10-30 13:00:00,4785.0,0.94
2023-10-30 14:00:00,4872.0,0.94
2023-10-30 15:00:00,5063.0,0.94
2023-10-30 16:00:00,5341.0,0.94
2023-10-30 17:00:00,5779.0,0.94
2023-10-30 18:00:00,5906.0,0.94
2023-10-30 19:00:00,5836.0,0.94
2023-10-30 20:00:00,5550.0,0.94
2023-10-30 21:00:00,5407.0,0.94
2023-10-30 22:00:00,5018.0,0.94
2023-10-30 23:00:00,4528.0,0.94
2023-10-31 00:00:00,4521.0,17.51
2023-10-31 01:00:00,4095.0,17.46
2023-10-31 02:00:00,3842.0,17.63
2023-10-31 03:00:00,3677.0,17.18
2023-10-31 04:00:00,3587.0,16.84
2023-10-31 05:00:00,3595.0,16.79
2023-10-31 06:00:00,3866.0,17.01
2023-10-31 07:00:00,4434.0,16.73
2023-10-31 08:00:00,4670.0,17.68
2023-10-31 09:00:00,5057.0,20.09
2023-10-31 10:00:00,5206.0,21.32
2023-10-31 11:00:00,5324.0,22.89
2023-10-31 12:00:00,4892.0,23.34
2023-10-31 13:00:00,4736.0,24.01
2023-10-31 14:00:00,4881.0,24.4
2023-10-31 15:00:00,5069.0,24.68
2023-10-31 16:00:00,5366.0,24.29
2023-10-31 17:00:00,5800.0,23.56
2023-10-31 18:00:00,5883.0,22.11
2023-10-31 19:00:00,5776.0,20.65
2023-10-31 20:00:00,5491.0,19.7
2023-10-31 21:00:00,5340.0,19.14
2023-10-31 22:00:00,5017.0,18.97
2023-10-31 23:00:00,4571.0,18.75
2023-11-01 00:00:00,4598.0,17.7
2023-11-01 01:00:00,4149.0,17.2
2023-11-01 02:00:00,3870.0,17.4
2023-11-01 03:00:00,3658.0,17.4
2023-11-01 04:00:00,3559.0,16.9
2023-11-01 05:00:00,3557.0,16.6
2023-11-01 06:00:00,3850.0,16.7
2023-11-01 07:00:00,4439.0,16.2
2023-11-01 08:00:00,4659.0,18.8
2023-11-01 09:00:00,5080.0,20.9
2023-11-01 10:00:00,5251.0,22.6
2023-11-01 11:00:00,5373.0,24.9
2023-11-01 12:00:00,4935.0,26.8
2023-11-01 13:00:00,4832.0,27.5
2023-11-01 14:00:00,4942.0,28.0
2023-11-01 15:00:00,5205.0,27.9
2023-11-01 16:00:00,5504.0,28.0
2023-11-01 17:00:00,5916.0,26.8
2023-11-01 18:00:00,5916.0,24.5
2023-11-01 19:00:00,5899.0,23.3
2023-11-01 20:00:00,5565.0,21.1
2023-11-01 21:00:00,5427.0,20.4
2023-11-01 22:00:00,5050.0,19.0
2023-11-01 23:00:00,4595.0,18.9
2023-11-02 00:00:00,4604.0,17.9
2023-11-02 01:00:00,4130.0,17.5
2023-11-02 02:00:00,3892.0,18.7
2023-11-02 03:00:00,3735.0,18.7
2023-11-02 04:00:00,3617.0,18.0
2023-11-02 05:00:00,3652.0,17.7
2023-11-02 06:00:00,3923.0,17.3
2023-11-02 07:00:00,4473.0,17.3
2023-11-02 08:00:00,4704.0,18.7
2023-11-02 09:00:00,5237.0,21.5
2023-11-02 10:00:00,5282.0,23.3
2023-11-02 11:00:00,5476.0,25.5
2023-11-02 12:00:00,5061.0,27.6
2023-11-02 13:00:00,4984.0,27.5
2023-11-02 14:00:00,5082.0,28.9
2023-11-02 15:00:00,5369.0,29.2
2023-11-02 16:00:00,5667.0,28.6
2023-11-02 17:00:00,6041.0,27.2
2023-11-02 18:00:00,6079.0,25.7
2023-11-02 19:00:00,5972.0,24.5
2023-11-02 20:00:00,5671.0,23.6
2023-11-02 21:00:00,5505.0,21.1
2023-11-02 22:00:00,5120.0,20.9
2023-11-02 23:00:00,4687.0,19.7
2023-11-03 00:00:00,4695.0,19.9
2023-11-03 01:00:00,4207.0,20.0
2023-11-03 02:00:00,3993.0,18.9
2023-11-03 03:00:00,3797.0,18.3
2023-11-03 04:00:00,3704.0,18.7
2023-11-03 05:00:00,3699.0,19.0
2023-11-03 06:00:00,3960.0,18.8
2023-11-03 07:00:00,4473.0,18.5
2023-11-03 08:00:00,4760.0,19.8
2023-11-03 09:00:00,5340.0,21.0
2023-11-03 10:00:00,5497.0,23.4
2023-11-03 11:00:00,5628.0,25.2
2023-11-03 12:00:00,5252.0,26.5
2023-11-03 13:00:00,5166.0,26.9
2023-11-03 14:00:00,5296.0,27.0
2023-11-03 15:00:00,5442.0,28.1
2023-11-03 16:00:00,5756.0,27.0
2023-11-03 17:00:00,6071.0,26.2
2023-11-03 18:00:00,6082.0,25.5
2023-11-03 19:00:00,5999.0,24.0
2023-11-03 20:00:00,5717.0,22.8
2023-11-03 21:00:00,5478.0,22.6
2023-11-03 22:00:00,5205.0,22.5
2023-11-03 23:00:00,4770.0,21.0
2023-11-04 00:00:00,4758.0,20.1
2023-11-04 01:00:00,4291.0,19.5
2023-11-04 02:00:00,3994.0,19.0
2023-11-04 03:00:00,3802.0,18.2
2023-11-04 04:00:00,3688.0,17.1
2023-11-04 05:00:00,3615.0,15.6
2023-11-04 06:00:00,3804.0,14.4
2023-11-04 07:00:00,4144.0,14.1
2023-11-04 08:00:00,4540.0,14.6
2023-11-04 09:00:00,5069.0,15.1
2023-11-04 10:00:00,5248.0,16.1
2023-11-04 11:00:00,5373.0,16.8
2023-11-04 12:00:00,5038.0,16.7
2023-11-04 13:00:00,4879.0,17.7
2023-11-04 14:00:00,4854.0,17.9
2023-11-04 15:00:00,4953.0,18.3
2023-11-04 16:00:00,5155.0,18.4
2023-11-04 17:00:00,5595.0,17.9
2023-11-04 18:00:00,5619.0,17.3
2023-11-04 19:00:00,5546.0,17.1
2023-11-04 20:00:00,5228.0,17.1
2023-11-04 21:00:00,5104.0,16.9
2023-11-04 22:00:00,4843.0,16.8
2023-11-04 23:00:00,4496.0,16.7
2023-11-05 00:00:00,4519.0,16.5
2023-11-05 01:00:00,4069.0,16.6
2023-11-05 02:00:00,3792.0,16.5
2023-11-05 03:00:00,3587.0,16.5
2023-11-05 04:00:00,3479.0,16.4
2023-11-05 05:00:00,3460.0,16.3
2023-11-05 06:00:00,3643.0,16.4
2023-11-05 07:00:00,3878.0,16.5
2023-11-05 08:00:00,4260.0,17.4
2023-11-05 09:00:00,4711.0,18.6
2023-11-05 10:00:00,4875.0,19.8
2023-11-05 11:00:00,5081.0,23.9
2023-11-05 12:00:00,4758.0,25.9
2023-11-05 13:00:00,4631.0,27.4
2023-11-05 14:00:00,4725.0,28.6
2023-11-05 15:00:00,4849.0,23.9
2023-11-05 16:00:00,5095.0,20.4
2023-11-05 17:00:00,5642.0,18.2
2023-11-05 18:00:00,5552.0,15.5
2023-11-05 19:00:00,5442.0,15.6
2023-11-05 20:00:00,5254.0,16.1
2023-11-05 21:00:00,5082.0,16.3
2023-11-05 22:00:00,4663.0,16.0
2023-11-05 23:00:00,4220.0,16.7
2023-11-06 00:00:00,4276.0,11.24
2023-11-06 01:00:00,3828.0,11.08
2023-11-06 02:00:00,3600.0,10.84
2023-11-06 03:00:00,3450.0,10.64
2023-11-06 04:00:00,3357.0,10.53
2023-11-06 05:00:00,3419.0,10.25
2023-11-06 06:00:00,3711.0,10.29
2023-11-06 07:00:00,4344.0,10.29
2023-11-06 08:00:00,4633.0,10.29
2023-11-06 09:00:00,5166.0,10.92
2023-11-06 10:00:00,5281.0,11.75
2023-11-06 11:00:00,5372.0,12.27
2023-11-06 12:00:00,4873.0,12.66
2023-11-06 13:00:00,4747.0,12.86
2023-11-06 14:00:00,4807.0,12.82
2023-11-06 15:00:00,4952.0,13.06
2023-11-06 16:00:00,5287.0,12.98
2023-11-06 17:00:00,5692.0,12.7
2023-11-06 18:00:00,5861.0,11.71
2023-11-06 19:00:00,5762.0,10.76
2023-11-06 20:00:00,5464.0,10.21
2023-11-06 21:00:00,5342.0,9.73
2023-11-06 22:00:00,5015.0,9.54
2023-11-06 23:00:00,4527.0,9.38
2023-11-07 00:00:00,4550.0,8.52
2023-11-07 01:00:00,4059.0,8.56
2023-11-07 02:00:00,3832.0,8.56
2023-11-07 03:00:00,3652.0,8.52
2023-11-07 04:00:00,3550.0,8.3
2023-11-07 05:00:00,3564.0,8.23
2023-11-07 06:00:00,3873.0,8.23
2023-11-07 07:00:00,4502.0,8.43
2023-11-07 08:00:00,4762.0,9.57
2023-11-07 09:00:00,5236.0,10.19
2023-11-07 10:00:00,5285.0,10.72
2023-11-07 11:00:00,5379.0,11.76
2023-11-07 12:00:00,4951.0,12.12
2023-11-07 13:00:00,4703.0,12.35
2023-11-07 14:00:00,4838.0,12.68
2023-11-07 15:00:00,5100.0,12.78
2023-11-07 16:00:00,5360.0,12.42
2023-11-07 17:00:00,5741.0,12.16
2023-11-07 18:00:00,5830.0,11.63
2023-11-07 19:00:00,5807.0,11.53
2023-11-07 20:00:00,5495.0,11.37
2023-11-07 21:00:00,5441.0,11.21
2023-11-07 22:00:00,5039.0,11.04
2023-11-07 23:00:00,4527.0,10.85
2023-11-08 00:00:00,4534.0,1.44
2023-11-08 01:00:00,4052.0,1.43
2023-11-08 02:00:00,3814.0,1.41
2023-11-08 03:00:00,3658.0,1.38
2023-11-08 04:00:00,3573.0,1.37
2023-11-08 05:00:00,3567.0,1.36
2023-11-08 06:00:00,3847.0,1.36
2023-11-08 07:00:00,4392.0,1.37
2023-11-08 08:00:00,4766.0,1.36
2023-11-08 09:00:00,5369.0,1.38
2023-11-08 10:00:00,5534.0,1.39
2023-11-08 11:00:00,5640.0,1.4
2023-11-08 12:00:00,5058.0,1.41
2023-11-08 13:00:00,4859.0,1.46
2023-11-08 14:00:00,5037.0,1.48
2023-11-08 15:00:00,5188.0,1.51
2023-11-08 16:00:00,5433.0,1.49
2023-11-08 17:00:00,5785.0,1.48
2023-11-08 18:00:00,5819.0,1.46
2023-11-08 19:00:00,5760.0,1.45
2023-11-08 20:00:00,5486.0,1.44
2023-11-08 21:00:00,5409.0,1.43
2023-11-08 22:00:00,5028.0,1.43
2023-11-08 23:00:00,4573.0,1.44
2023-11-09 00:00:00,4600.0,1.39
2023-11-09 01:00:00,4113.0,1.39
2023-11-09 02:00:00,3855.0,1.39
2023-11-09 03:00:00,3699.0,1.39
2023-11-09 04:00:00,3593.0,1.39
2023-11-09 05:00:00,3587.0,1.39
2023-11-09 06:00:00,3879.0,1.39
2023-11-09 07:00:00,4393.0,1.39
2023-11-09 08:00:00,4777.0,1.39
2023-11-09 09:00:00,5445.0,1.39
2023-11-09 10:00:00,5590.0,1.39
2023-11-09 11:00:00,5755.0,1.39
2023-11-09 12:00:00,5381.0,1.39
2023-11-09 13:00:00,5107.0,1.39
2023-11-09 14:00:00,5127.0,1.39
2023-11-09 15:00:00,5318.0,1.39
2023-11-09 16:00:00,5503.0,1.39
2023-11-09 17:00:00,5869.0,1.39
2023-11-09 18:00:00,5861.0,1.39
2023-11-09 19:00:00,5742.0,1.39
2023-11-09 20:00:00,5549.0,1.39
2023-11-09 21:00:00,5412.0,1.39
2023-11-09 22:00:00,5044.0,1.39
2023-11-09 23:00:00,4573.0,1.39
2023-11-10 00:00:00,4591.0,2.43
2023-11-10 01:00:00,4140.0,2.4
2023-11-10 02:00:00,3873.0,2.39
2023-11-10 03:00:00,3700.0,2.39
2023-11-10 04:00:00,3622.0,2.39
2023-11-10 05:00:00,3603.0,2.38
2023-11-10 06:00:00,3896.0,2.37
2023-11-10 07:00:00,4434.0,2.38
2023-11-10 08:00:00,4856.0,2.38
2023-11-10 09:00:00,5493.0,2.37
2023-11-10 10:00:00,5710.0,2.34
2023-11-10 11:00:00,5861.0,2.28
2023-11-10 12:00:00,5418.0,2.26
2023-11-10 13:00:00,5310.0,2.23
2023-11-10 14:00:00,5304.0,2.22
2023-11-10 15:00:00,5547.0,2.22
2023-11-10 16:00:00,5660.0,2.21
2023-11-10 17:00:00,6190.0,2.19
2023-11-10 18:00:00,6051.0,2.18
2023-11-10 19:00:00,5952.0,2.18
2023-11-10 20:00:00,5709.0,2.18
2023-11-10 21:00:00,5559.0,2.18
2023-11-10 22:00:00,5254.0,2.17
2023-11-10 23:00:00,4811.0,2.16
2023-11-11 00:00:00,4846.0,2.07
2023-11-11 01:00:00,4360.0,2.07
2023-11-11 02:00:00,4051.0,2.07
2023-11-11 03:00:00,3831.0,2.07
2023-11-11 04:00:00,3718.0,2.07
2023-11-11 05:00:00,3661.0,2.07
2023-11-11 06:00:00,3860.0,2.07
2023-11-11 07:00:00,4156.0,2.07
2023-11-11 08:00:00,4724.0,2.07
2023-11-11 09:00:00,5514.0,2.07
2023-11-11 10:00:00,5833.0,2.07
2023-11-11 11:00:00,6088.0,2.07
2023-11-11 12:00:00,5781.0,2.07
2023-11-11 13:00:00,5692.0,2.07
2023-11-11 14:00:00,5638.0,2.07
2023-11-11 15:00:00,5742.0,2.07
2023-11-11 16:00:00,5983.0,2.07
2023-11-11 17:00:00,6480.0,2.07
2023-11-11 18:00:00,6441.0,2.07
2023-11-11 19:00:00,6338.0,2.07
2023-11-11 20:00:00,6087.0,2.07
2023-11-11 21:00:00,5968.0,2.07
2023-11-11 22:00:00,5663.0,2.07
2023-11-11 23:00:00,5184.0,2.07
2023-11-12 00:00:00,5150.0,12.99
2023-11-12 01:00:00,4599.0,13.24
2023-11-12 02:00:00,4221.0,13.24
2023-11-12 03:00:00,3986.0,12.99
2023-11-12 04:00:00,3872.0,12.5
2023-11-12 05:00:00,3806.0,12.25
2023-11-12 06:00:00,3973.0,12.5
2023-11-12 07:00:00,4234.0,12.74
2023-11-12 08:00:00,4786.0,12.5
2023-11-12 09:00:00,5597.0,12.74
2023-11-12 10:00:00,5998.0,13.24
2023-11-12 11:00:00,6392.0,13.98
2023-11-12 12:00:00,6160.0,14.47
2023-11-12 13:00:00,5955.0,14.96
2023-11-12 14:00:00,5955.0,15.46
2023-11-12 15:00:00,6042.0,14.96
2023-11-12 16:00:00,6271.0,14.72
2023-11-12 17:00:00,6854.0,14.96
2023-11-12 18:00:00,6847.0,15.21
2023-11-12 19:00:00,6724.0,15.46
2023-11-12 20:00:00,6583.0,15.95
2023-11-12 21:00:00,6433.0,16.44
2023-11-12 22:00:00,5931.0,16.69
2023-11-12 23:00:00,5272.0,17.43
2023-11-13 00:00:00,5168.0,7.8
2023-11-13 01:00:00,4549.0,7.9
2023-11-13 02:00:00,4181.0,8.0
2023-11-13 03:00:00,3939.0,8.0
2023-11-13 04:00:00,3827.0,7.9
2023-11-13 05:00:00,3774.0,7.8
2023-11-13 06:00:00,4130.0,7.7
2023-11-13 07:00:00,4835.0,7.7
2023-11-13 08:00:00,5420.0,7.8
2023-11-13 09:00:00,6244.0,8.2
2023-11-13 10:00:00,6659.0,8.5
2023-11-13 11:00:00,6874.0,8.7
2023-11-13 12:00:00,6548.0,8.8
2023-11-13 13:00:00,6396.0,8.9
2023-11-13 14:00:00,6392.0,9.0
2023-11-13 15:00:00,6521.0,9.1
2023-11-13 16:00:00,6670.0,9.3
2023-11-13 17:00:00,7086.0,8.9
2023-11-13 18:00:00,7038.0,8.7
2023-11-13 19:00:00,7079.0,8.6
2023-11-13 20:00:00,6856.0,8.6
2023-11-13 21:00:00,6793.0,8.6
2023-11-13 22:00:00,6337.0,8.5
2023-11-13 23:00:00,5642.0,8.4
2023-11-14 00:00:00,5424.0,8.3
2023-11-14 01:00:00,4787.0,8.2
2023-11-14 02:00:00,4413.0,7.9
2023-11-14 03:00:00,4193.0,7.6
2023-11-14 04:00:00,4071.0,7.1
2023-11-14 05:00:00,4048.0,6.5
2023-11-14 06:00:00,4363.0,6.3
2023-11-14 07:00:00,5052.0,6.4
2023-11-14 08:00:00,5545.0,6.9
2023-11-14 09:00:00,6115.0,8.5
2023-11-14 10:00:00,6191.0,10.9
2023-11-14 11:00:00,6226.0,13.0
2023-11-14 12:00:00,5664.0,13.9
2023-11-14 13:00:00,5438.0,14.5
2023-11-14 14:00:00,5457.0,15.7
2023-11-14 15:00:00,5580.0,16.2
2023-11-14 16:00:00,5808.0,15.9
2023-11-14 17:00:00,6308.0,13.7
2023-11-14 18:00:00,6552.0,13.0
2023-11-14 19:00:00,6640.0,12.9
2023-11-14 20:00:00,6473.0,12.5
2023-11-14 21:00:00,6392.0,12.1
2023-11-14 22:00:00,6067.0,11.7
2023-11-14 23:00:00,5367.0,11.5
2023-11-15 00:00:00,5143.0,11.4
2023-11-15 01:00:00,4536.0,11.3
2023-11-15 02:00:00,4213.0,11.1
2023-11-15 03:00:00,3996.0,10.8
2023-11-15 04:00:00,3863.0,10.8
2023-11-15 05:00:00,3845.0,10.6
2023-11-15 06:00:00,4186.0,10.5
2023-11-15 07:00:00,4848.0,10.4
2023-11-15 08:00:00,5214.0,10.8
2023-11-15 09:00:00,5792.0,12.9
2023-11-15 10:00:00,5877.0,15.8
2023-11-15 11:00:00,6020.0,15.8
2023-11-15 12:00:00,5667.0,15.1
2023-11-15 13:00:00,5598.0,14.8
2023-11-15 14:00:00,5808.0,14.0
2023-11-15 15:00:00,6027.0,11.2
2023-11-15 16:00:00,6260.0,11.0
2023-11-15 17:00:00,6834.0,10.1
2023-11-15 18:00:00,6860.0,9.7
2023-11-15 19:00:00,6884.0,9.6
2023-11-15 20:00:00,6755.0,9.6
2023-11-15 21:00:00,6640.0,9.4
2023-11-15 22:00:00,6176.0,8.9
2023-11-15 23:00:00,5473.0,8.8
2023-11-16 00:00:00,5314.0,9.0
2023-11-16 01:00:00,4688.0,9.2
2023-11-16 02:00:00,4326.0,9.2
2023-11-16 03:00:00,4071.0,9.4
2023-11-16 04:00:00,3956.0,9.5
2023-11-16 05:00:00,3932.0,9.3
2023-11-16 06:00:00,4239.0,9.2
2023-11-16 07:00:00,4938.0,8.9
2023-11-16 08:00:00,5392.0,9.7
2023-11-16 09:00:00,6005.0,10.2
2023-11-16 10:00:00,6017.0,11.4
2023-11-16 11:00:00,6022.0,13.5
2023-11-16 12:00:00,5523.0,14.5
2023-11-16 13:00:00,5345.0,15.0
2023-11-16 14:00:00,5403.0,15.3
2023-11-16 15:00:00,5566.0,15.2
2023-11-16 16:00:00,5804.0,14.7
2023-11-16 17:00:00,6276.0,14.1
2023-11-16 18:00:00,6492.0,12.5
2023-11-16 19:00:00,6590.0,10.5
2023-11-16 20:00:00,6509.0,9.0
2023-11-16 21:00:00,6471.0,8.5
2023-11-16 22:00:00,6116.0,7.9
2023-11-16 23:00:00,5476.0,7.1
2023-11-17 00:00:00,5269.0,6.9
2023-11-17 01:00:00,4625.0,6.5
2023-11-17 02:00:00,4281.0,6.4
2023-11-17 03:00:00,4071.0,6.1
2023-11-17 04:00:00,3936.0,6.1
2023-11-17 05:00:00,3911.0,6.8
2023-11-17 06:00:00,4254.0,5.9
2023-11-17 07:00:00,4983.0,5.5
2023-11-17 08:00:00,5404.0,6.2
2023-11-17 09:00:00,5906.0,9.4
2023-11-17 10:00:00,5924.0,11.8
2023-11-17 11:00:00,5980.0,15.0
2023-11-17 12:00:00,5449.0,14.5
2023-11-17 13:00:00,5225.0,15.0
2023-11-17 14:00:00,5274.0,15.3
2023-11-17 15:00:00,5413.0,15.2
2023-11-17 16:00:00,5689.0,14.7
2023-11-17 17:00:00,6198.0,14.1
2023-11-17 18:00:00,6333.0,12.5
2023-11-17 19:00:00,6400.0,10.5
2023-11-17 20:00:00,6270.0,9.0
2023-11-17 21:00:00,6145.0,8.5
2023-11-17 22:00:00,5902.0,7.9
2023-11-17 23:00:00,5442.0,7.1
2023-11-18 00:00:00,5280.0,6.9
2023-11-18 01:00:00,4659.0,6.5
2023-11-18 02:00:00,4298.0,6.4
2023-11-18 03:00:00,4043.0,6.1
2023-11-18 04:00:00,3912.0,6.1
2023-11-18 05:00:00,3886.0,6.8
2023-11-18 06:00:00,4082.0,5.9
2023-11-18 07:00:00,4522.0,5.5
2023-11-18 08:00:00,5138.0,6.2
2023-11-18 09:00:00,5640.0,9.4
2023-11-18 10:00:00,5733.0,11.8
2023-11-18 11:00:00,5753.0,15.0
2023-11-18 12:00:00,5247.0,14.5
2023-11-18 13:00:00,5151.0,15.0
2023-11-18 14:00:00,5183.0,15.3
2023-11-18 15:00:00,5315.0,15.2
2023-11-18 16:00:00,5577.0,14.7
2023-11-18 17:00:00,6087.0,14.1
2023-11-18 18:00:00,6188.0,12.5
2023-11-18 19:00:00,6137.0,10.5
2023-11-18 20:00:00,5999.0,9.0
2023-11-18 21:00:00,5887.0,8.5
2023-11-18 22:00:00,5647.0,7.9
2023-11-18 23:00:00,5127.0,7.1
2023-11-19 00:00:00,5021.0,6.9
2023-11-19 01:00:00,4443.0,6.5
2023-11-19 02:00:00,4111.0,6.4
2023-11-19 03:00:00,3841.0,6.1
2023-11-19 04:00:00,3715.0,6.1
2023-11-19 05:00:00,3721.0,6.8
2023-11-19 06:00:00,3906.0,5.9
2023-11-19 07:00:00,4188.0,5.5
2023-11-19 08:00:00,4735.0,6.2
2023-11-19 09:00:00,5318.0,9.4
2023-11-19 10:00:00,5348.0,11.8
2023-11-19 11:00:00,5513.0,15.0
2023-11-19 12:00:00,5021.0,14.5
2023-11-19 13:00:00,4842.0,15.0
2023-11-19 14:00:00,4802.0,15.3
2023-11-19 15:00:00,4870.0,15.2
2023-11-19 16:00:00,5196.0,14.7
2023-11-19 17:00:00,5773.0,14.1
2023-11-19 18:00:00,5961.0,12.5
2023-11-19 19:00:00,5956.0,10.5
2023-11-19 20:00:00,5831.0,9.0
2023-11-19 21:00:00,5786.0,8.5
2023-11-19 22:00:00,5433.0,7.9
2023-11-19 23:00:00,5127.0,7.1
2023-11-20 00:00:00,4711.0,6.9
2023-11-20 01:00:00,4182.0,6.5
2023-11-20 02:00:00,3879.0,10.6
2023-11-20 03:00:00,3697.0,11.7
2023-11-20 04:00:00,3569.0,12.2
2023-11-20 05:00:00,3578.0,10.9
2023-11-20 06:00:00,3949.0,10.6
2023-11-20 07:00:00,4624.0,9.3
2023-11-20 08:00:00,5063.0,11.5
2023-11-20 09:00:00,5506.0,14.9
2023-11-20 10:00:00,5647.0,16.9
2023-11-20 11:00:00,5611.0,19.0
2023-11-20 12:00:00,5163.0,20.9
2023-11-20 13:00:00,4869.0,22.5
2023-11-20 14:00:00,4970.0,23.4
2023-11-20 15:00:00,5184.0,23.5
2023-11-20 16:00:00,5433.0,23.1
2023-11-20 17:00:00,5919.0,21.9
2023-11-20 18:00:00,6062.0,19.0
2023-11-20 19:00:00,6051.0,15.9
2023-11-20 20:00:00,5874.0,14.2
2023-11-20 21:00:00,5797.0,13.0
2023-11-20 22:00:00,5459.0,12.2
2023-11-20 23:00:00,4884.0,11.8
2023-11-21 00:00:00,4752.0,11.79
2023-11-21 01:00:00,4230.0,12.15
2023-11-21 02:00:00,3951.0,12.51
2023-11-21 03:00:00,3743.0,12.87
2023-11-21 04:00:00,3652.0,13.23
2023-11-21 05:00:00,3645.0,13.59
2023-11-21 06:00:00,4013.0,13.95
2023-11-21 07:00:00,4646.0,14.31
2023-11-21 08:00:00,5038.0,14.67
2023-11-21 09:00:00,5494.0,15.03
2023-11-21 10:00:00,5567.0,15.39
2023-11-21 11:00:00,5595.0,15.75
2023-11-21 12:00:00,5086.0,16.11
2023-11-21 13:00:00,4867.0,16.47
2023-11-21 14:00:00,4958.0,16.83
2023-11-21 15:00:00,5143.0,17.19
2023-11-21 16:00:00,5426.0,17.55
2023-11-21 17:00:00,5911.0,17.91
2023-11-21 18:00:00,6018.0,18.27
2023-11-21 19:00:00,6021.0,18.63
2023-11-21 20:00:00,5848.0,18.0
2023-11-21 21:00:00,5728.0,16.9
2023-11-21 22:00:00,5345.0,16.7
2023-11-21 23:00:00,4832.0,16.3
2023-11-22 00:00:00,4742.0,15.6
2023-11-22 01:00:00,4211.0,15.4
2023-11-22 02:00:00,3922.0,14.7
2023-11-22 03:00:00,3749.0,14.5
2023-11-22 04:00:00,3629.0,14.1
2023-11-22 05:00:00,3667.0,14.2
2023-11-22 06:00:00,3947.0,13.3
2023-11-22 07:00:00,4553.0,12.8
2023-11-22 08:00:00,4958.0,14.5
2023-11-22 09:00:00,5474.0,15.9
2023-11-22 10:00:00,5533.0,17.6
2023-11-22 11:00:00,5647.0,19.3
2023-11-22 12:00:00,5134.0,21.9
2023-11-22 13:00:00,4915.0,23.5
2023-11-22 14:00:00,5019.0,24.6
2023-11-22 15:00:00,5197.0,24.5
2023-11-22 16:00:00,5501.0,23.9
2023-11-22 17:00:00,5972.0,22.1
2023-11-22 18:00:00,5983.0,21.1
2023-11-22 19:00:00,5912.0,19.6
2023-11-22 20:00:00,5706.0,18.1
2023-11-22 21:00:00,5602.0,16.5
2023-11-22 22:00:00,5267.0,16.3
2023-11-22 23:00:00,4717.0,14.8
2023-11-23 00:00:00,4637.0,14.3
2023-11-23 01:00:00,4118.0,13.9
2023-11-23 02:00:00,3851.0,13.9
2023-11-23 03:00:00,3698.0,14.0
2023-11-23 04:00:00,3569.0,13.8
2023-11-23 05:00:00,3582.0,14.8
2023-11-23 06:00:00,3907.0,13.5
2023-11-23 07:00:00,4492.0,14.7
2023-11-23 08:00:00,4919.0,14.7
2023-11-23 09:00:00,5359.0,16.1
2023-11-23 10:00:00,5398.0,17.2
2023-11-23 11:00:00,5484.0,18.7
2023-11-23 12:00:00,4932.0,20.2
2023-11-23 13:00:00,4733.0,21.6
2023-11-23 14:00:00,4882.0,21.8
2023-11-23 15:00:00,5027.0,22.4
2023-11-23 16:00:00,5374.0,22.1
2023-11-23 17:00:00,5798.0,21.0
2023-11-23 18:00:00,5931.0,19.1
2023-11-23 19:00:00,5934.0,17.9
2023-11-23 20:00:00,5724.0,16.6
2023-11-23 21:00:00,5629.0,15.8
2023-11-23 22:00:00,5281.0,15.2
2023-11-23 23:00:00,4732.0,14.6
2023-11-24 00:00:00,4698.0,14.2
2023-11-24 01:00:00,4192.0,14.0
2023-11-24 02:00:00,3893.0,13.3
2023-11-24 03:00:00,3700.0,12.6
2023-11-24 04:00:00,3602.0,12.0
2023-11-24 05:00:00,3606.0,11.5
2023-11-24 06:00:00,3920.0,10.7
2023-11-24 07:00:00,4524.0,10.4
2023-11-24 08:00:00,4978.0,10.5
2023-11-24 09:00:00,5442.0,11.3
2023-11-24 10:00:00,5519.0,12.4
2023-11-24 11:00:00,5593.0,13.5
2023-11-24 12:00:00,5094.0,14.8
2023-11-24 13:00:00,4848.0,15.6
2023-11-24 14:00:00,4991.0,15.9
2023-11-24 15:00:00,5222.0,16.0
2023-11-24 16:00:00,5506.0,15.6
2023-11-24 17:00:00,6012.0,14.7
2023-11-24 18:00:00,6078.0,13.8
2023-11-24 19:00:00,6042.0,12.8
2023-11-24 20:00:00,5919.0,12.0
2023-11-24 21:00:00,5793.0,11.9
2023-11-24 22:00:00,5488.0,11.8
2023-11-24 23:00:00,4996.0,11.4
2023-11-25 00:00:00,4915.0,11.0
2023-11-25 01:00:00,4432.0,10.4
2023-11-25 02:00:00,4077.0,10.2
2023-11-25 03:00:00,3864.0,9.9
2023-11-25 04:00:00,3738.0,9.6
2023-11-25 05:00:00,3711.0,9.3
2023-11-25 06:00:00,3907.0,9.0
2023-11-25 07:00:00,4235.0,8.9
2023-11-25 08:00:00,4905.0,8.8
2023-11-25 09:00:00,5559.0,9.2
2023-11-25 10:00:00,5742.0,9.7
2023-11-25 11:00:00,5963.0,10.3
2023-11-25 12:00:00,5572.0,11.3
2023-11-25 13:00:00,5330.0,12.9
2023-11-25 14:00:00,5238.0,13.7
2023-11-25 15:00:00,5228.0,14.2
2023-11-25 16:00:00,5580.0,13.7
2023-11-25 17:00:00,6102.0,12.8
2023-11-25 18:00:00,6193.0,11.6
2023-11-25 19:00:00,6144.0,11.2
2023-11-25 20:00:00,5958.0,11.1
2023-11-25 21:00:00,5898.0,11.2
2023-11-25 22:00:00,5580.0,10.7
2023-11-25 23:00:00,5078.0,9.8
2023-11-26 00:00:00,4995.0,8.3
2023-11-26 01:00:00,4479.0,7.8
2023-11-26 02:00:00,4127.0,7.5
2023-11-26 03:00:00,3876.0,7.1
2023-11-26 04:00:00,3750.0,7.3
2023-11-26 05:00:00,3741.0,7.3
2023-11-26 06:00:00,3928.0,7.3
2023-11-26 07:00:00,4207.0,7.2
2023-11-26 08:00:00,4869.0,7.4
2023-11-26 09:00:00,5523.0,7.7
2023-11-26 10:00:00,5665.0,9.1
2023-11-26 11:00:00,5924.0,9.8
2023-11-26 12:00:00,5577.0,10.8
2023-11-26 13:00:00,5325.0,11.8
2023-11-26 14:00:00,5311.0,13.0
2023-11-26 15:00:00,5404.0,12.1
2023-11-26 16:00:00,5677.0,12.2
2023-11-26 17:00:00,6212.0,11.7
2023-11-26 18:00:00,6427.0,10.4
2023-11-26 19:00:00,6328.0,9.3
2023-11-26 20:00:00,6244.0,8.5
2023-11-26 21:00:00,6191.0,7.9
2023-11-26 22:00:00,5713.0,7.2
2023-11-26 23:00:00,5066.0,7.4
2023-11-27 00:00:00,4979.0,8.3
2023-11-27 01:00:00,4375.0,7.8
2023-11-27 02:00:00,4051.0,7.5
2023-11-27 03:00:00,3831.0,7.1
2023-11-27 04:00:00,3713.0,7.3
2023-11-27 05:00:00,3708.0,7.3
2023-11-27 06:00:00,4039.0,7.3
2023-11-27 07:00:00,4777.0,7.2
2023-11-27 08:00:00,5265.0,7.4
2023-11-27 09:00:00,5775.0,7.7
2023-11-27 10:00:00,5883.0,9.1
2023-11-27 11:00:00,5893.0,9.8
2023-11-27 12:00:00,5326.0,10.8
2023-11-27 13:00:00,5100.0,11.8
2023-11-27 14:00:00,5133.0,13.0
2023-11-27 15:00:00,5271.0,12.1
2023-11-27 16:00:00,5548.0,12.2
2023-11-27 17:00:00,6029.0,11.7
2023-11-27 18:00:00,6343.0,10.4
2023-11-27 19:00:00,6283.0,9.3
2023-11-27 20:00:00,6167.0,8.5
2023-11-27 21:00:00,6149.0,7.9
2023-11-27 22:00:00,5727.0,7.2
2023-11-27 23:00:00,5066.0,7.4
2023-11-28 00:00:00,4890.0,8.3
2023-11-28 01:00:00,4381.0,7.8
2023-11-28 02:00:00,4044.0,7.5
2023-11-28 03:00:00,3898.0,7.1
2023-11-28 04:00:00,3774.0,7.3
2023-11-28 05:00:00,3788.0,7.3
2023-11-28 06:00:00,4069.0,7.3
2023-11-28 07:00:00,4741.0,7.2
2023-11-28 08:00:00,5195.0,7.4
2023-11-28 09:00:00,5736.0,7.7
2023-11-28 10:00:00,5712.0,9.1
2023-11-28 11:00:00,5767.0,9.8
2023-11-28 12:00:00,5163.0,10.8
2023-11-28 13:00:00,4961.0,11.8
2023-11-28 14:00:00,5016.0,13.0
2023-11-28 15:00:00,5190.0,12.1
2023-11-28 16:00:00,5471.0,12.2
2023-11-28 17:00:00,5979.0,11.7
2023-11-28 18:00:00,6188.0,10.4
2023-11-28 19:00:00,6199.0,9.3
2023-11-28 20:00:00,6020.0,8.5
2023-11-28 21:00:00,6003.0,7.9
2023-11-28 22:00:00,5637.0,7.2
2023-11-28 23:00:00,5066.0,7.4
2023-11-29 00:00:00,4888.0,8.3
2023-11-29 01:00:00,4301.0,7.8
2023-11-29 02:00:00,4009.0,7.5
2023-11-29 03:00:00,3797.0,7.1
2023-11-29 04:00:00,3710.0,7.3
2023-11-29 05:00:00,3707.0,7.3
2023-11-29 06:00:00,3987.0,7.3
2023-11-29 07:00:00,4616.0,7.2
2023-11-29 08:00:00,5078.0,7.4
2023-11-29 09:00:00,5552.0,7.7
2023-11-29 10:00:00,5584.0,9.1
2023-11-29 11:00:00,5597.0,9.8
2023-11-29 12:00:00,5115.0,10.8
2023-11-29 13:00:00,4900.0,11.8
2023-11-29 14:00:00,5046.0,13.0
2023-11-29 15:00:00,5216.0,12.1
2023-11-29 16:00:00,5524.0,12.2
2023-11-29 17:00:00,6004.0,11.7
2023-11-29 18:00:00,6201.0,10.4
2023-11-29 19:00:00,6234.0,9.3
2023-11-29 20:00:00,6073.0,8.5
2023-11-29 21:00:00,5989.0,7.9
2023-11-29 22:00:00,5590.0,7.2
2023-11-29 23:00:00,4991.0,7.4
2023-11-30 00:00:00,4884.0,8.3
2023-11-30 01:00:00,4317.0,7.8
2023-11-30 02:00:00,4004.0,7.5
2023-11-30 03:00:00,3812.0,7.1
2023-11-30 04:00:00,3692.0,7.3
2023-11-30 05:00:00,3703.0,7.3
2023-11-30 06:00:00,4026.0,7.3
2023-11-30 07:00:00,4625.0,7.2
2023-11-30 08:00:00,5254.0,7.4
2023-11-30 09:00:00,5928.0,7.7
2023-11-30 10:00:00,6218.0,9.1
2023-11-30 11:00:00,6505.0,9.8
2023-11-30 12:00:00,6139.0,10.8
2023-11-30 13:00:00,6051.0,11.8
2023-11-30 14:00:00,6040.0,13.0
2023-11-30 15:00:00,6203.0,12.1
2023-11-30 16:00:00,6375.0,12.2
2023-11-30 17:00:00,6922.0,11.7
2023-11-30 18:00:00,6987.0,10.4
2023-11-30 19:00:00,6971.0,9.3
2023-11-30 20:00:00,6766.0,8.5
2023-11-30 21:00:00,6629.0,7.9
2023-11-30 22:00:00,6177.0,7.2
2023-11-30 23:00:00,5454.0,7.4
2023-12-01 00:00:00,5343.0,5.1
2023-12-01 01:00:00,4685.0,5.1
2023-12-01 02:00:00,4331.0,4.9
2023-12-01 03:00:00,4075.0,4.5
2023-12-01 04:00:00,3958.0,4.6
2023-12-01 05:00:00,3914.0,4.8
2023-12-01 06:00:00,4254.0,4.9
2023-12-01 07:00:00,4914.0,5.0
2023-12-01 08:00:00,5584.0,5.1
2023-12-01 09:00:00,6329.0,5.6
2023-12-01 10:00:00,6374.0,6.6
2023-12-01 11:00:00,6368.0,8.1
2023-12-01 12:00:00,5815.0,9.5
2023-12-01 13:00:00,5598.0,11.2
2023-12-01 14:00:00,5638.0,11.3
2023-12-01 15:00:00,5696.0,12.2
2023-12-01 16:00:00,5981.0,11.9
2023-12-01 17:00:00,6499.0,10.8
2023-12-01 18:00:00,6674.0,9.7
2023-12-01 19:00:00,6730.0,9.5
2023-12-01 20:00:00,6608.0,9.1
2023-12-01 21:00:00,6524.0,8.8
2023-12-01 22:00:00,6220.0,8.6
2023-12-01 23:00:00,5617.0,8.1
2023-12-02 00:00:00,5433.0,8.0
2023-12-02 01:00:00,4771.0,7.9
2023-12-02 02:00:00,4352.0,7.5
2023-12-02 03:00:00,4103.0,7.2
2023-12-02 04:00:00,3983.0,7.0
2023-12-02 05:00:00,3908.0,7.1
2023-12-02 06:00:00,4127.0,7.1
2023-12-02 07:00:00,4456.0,7.1
2023-12-02 08:00:00,5167.0,7.5
2023-12-02 09:00:00,6021.0,8.0
2023-12-02 10:00:00,6254.0,8.9
2023-12-02 11:00:00,6484.0,9.7
2023-12-02 12:00:00,6013.0,10.9
2023-12-02 13:00:00,6009.0,10.8
2023-12-02 14:00:00,6013.0,11.1
2023-12-02 15:00:00,6088.0,10.7
2023-12-02 16:00:00,6328.0,10.3
2023-12-02 17:00:00,6795.0,10.3
2023-12-02 18:00:00,6765.0,9.8
2023-12-02 19:00:00,6645.0,9.6
2023-12-02 20:00:00,6448.0,9.4
2023-12-02 21:00:00,6403.0,9.4
2023-12-02 22:00:00,6049.0,9.2
2023-12-02 23:00:00,5453.0,9.3
2023-12-03 00:00:00,5336.0,9.2
2023-12-03 01:00:00,4670.0,9.2
2023-12-03 02:00:00,4276.0,9.1
2023-12-03 03:00:00,4013.0,9.1
2023-12-03 04:00:00,3856.0,9.0
2023-12-03 05:00:00,3782.0,8.0
2023-12-03 06:00:00,3960.0,7.9
2023-12-03 07:00:00,4211.0,7.8
2023-12-03 08:00:00,4842.0,7.4
2023-12-03 09:00:00,5651.0,7.6
2023-12-03 10:00:00,6044.0,8.1
2023-12-03 11:00:00,6356.0,8.7
2023-12-03 12:00:00,6101.0,9.5
2023-12-03 13:00:00,5920.0,9.5
2023-12-03 14:00:00,5897.0,9.7
2023-12-03 15:00:00,5954.0,9.6
2023-12-03 16:00:00,6161.0,9.5
2023-12-03 17:00:00,6732.0,9.3
2023-12-03 18:00:00,6712.0,9.1
2023-12-03 19:00:00,6665.0,9.0
2023-12-03 20:00:00,6521.0,9.0
2023-12-03 21:00:00,6514.0,9.0
2023-12-03 22:00:00,5989.0,8.9
2023-12-03 23:00:00,5453.0,8.8
2023-12-04 00:00:00,5106.0,8.7
2023-12-04 01:00:00,4454.0,8.7
2023-12-04 02:00:00,4080.0,8.4
2023-12-04 03:00:00,3865.0,8.3
2023-12-04 04:00:00,3719.0,8.2
2023-12-04 05:00:00,3724.0,7.9
2023-12-04 06:00:00,4056.0,7.6
2023-12-04 07:00:00,4748.0,7.3
2023-12-04 08:00:00,5425.0,7.2
2023-12-04 09:00:00,6089.0,9.0
2023-12-04 10:00:00,6175.0,11.7
2023-12-04 11:00:00,6227.0,13.6
2023-12-04 12:00:00,5688.0,14.2
2023-12-04 13:00:00,5433.0,15.5
2023-12-04 14:00:00,5512.0,16.2
2023-12-04 15:00:00,5611.0,16.8
2023-12-04 16:00:00,5796.0,17.0
2023-12-04 17:00:00,6330.0,15.0
2023-12-04 18:00:00,6564.0,12.6
2023-12-04 19:00:00,6623.0,11.9
2023-12-04 20:00:00,6479.0,11.4
2023-12-04 21:00:00,6487.0,10.5
2023-12-04 22:00:00,6073.0,10.0
2023-12-04 23:00:00,5406.0,9.1
2023-12-05 00:00:00,5187.0,8.7
2023-12-05 01:00:00,4587.0,8.2
2023-12-05 02:00:00,4238.0,7.7
2023-12-05 03:00:00,4021.0,6.8
2023-12-05 04:00:00,3887.0,7.0
2023-12-05 05:00:00,3886.0,6.7
2023-12-05 06:00:00,4231.0,6.6
2023-12-05 07:00:00,4877.0,6.2
2023-12-05 08:00:00,5515.0,5.4
2023-12-05 09:00:00,6120.0,7.4
2023-12-05 10:00:00,6175.0,8.1
2023-12-05 11:00:00,6200.0,10.5
2023-12-05 12:00:00,5624.0,13.5
2023-12-05 13:00:00,5406.0,15.4
2023-12-05 14:00:00,5440.0,16.5
2023-12-05 15:00:00,5516.0,17.1
2023-12-05 16:00:00,5773.0,17.3
2023-12-05 17:00:00,6240.0,16.1
2023-12-05 18:00:00,6533.0,14.3
2023-12-05 19:00:00,6553.0,12.9
2023-12-05 20:00:00,6459.0,11.3
2023-12-05 21:00:00,6454.0,10.5
2023-12-05 22:00:00,6013.0,10.4
2023-12-05 23:00:00,5299.0,11.0
2023-12-06 00:00:00,5111.0,11.2
2023-12-06 01:00:00,4496.0,11.4
2023-12-06 02:00:00,4152.0,12.1
2023-12-06 03:00:00,3937.0,11.7
2023-12-06 04:00:00,3811.0,11.1
2023-12-06 05:00:00,3805.0,11.2
2023-12-06 06:00:00,4128.0,11.0
2023-12-06 07:00:00,4784.0,10.4
2023-12-06 08:00:00,5335.0,10.5
2023-12-06 09:00:00,5891.0,12.3
2023-12-06 10:00:00,5935.0,15.3
2023-12-06 11:00:00,5918.0,16.6
2023-12-06 12:00:00,5428.0,18.2
2023-12-06 13:00:00,5169.0,19.7
2023-12-06 14:00:00,5215.0,19.7
2023-12-06 15:00:00,5364.0,20.2
2023-12-06 16:00:00,5586.0,19.8
2023-12-06 17:00:00,6069.0,18.8
2023-12-06 18:00:00,6329.0,16.3
2023-12-06 19:00:00,6376.0,13.4
2023-12-06 20:00:00,6209.0,11.4
2023-12-06 21:00:00,6233.0,10.0
2023-12-06 22:00:00,5851.0,9.8
2023-12-06 23:00:00,5206.0,9.5
2023-12-07 00:00:00,5042.0,8.9
2023-12-07 01:00:00,4439.0,10.7
2023-12-07 02:00:00,4120.0,10.6
2023-12-07 03:00:00,3916.0,9.3
2023-12-07 04:00:00,3816.0,8.4
2023-12-07 05:00:00,3788.0,8.8
2023-12-07 06:00:00,4119.0,8.1
2023-12-07 07:00:00,4773.0,7.8
2023-12-07 08:00:00,5314.0,9.0
2023-12-07 09:00:00,5865.0,11.7
2023-12-07 10:00:00,5911.0,14.4
2023-12-07 11:00:00,5911.0,17.7
2023-12-07 12:00:00,5356.0,19.3
2023-12-07 13:00:00,5110.0,20.9
2023-12-07 14:00:00,5163.0,22.3
2023-12-07 15:00:00,5305.0,23.4
2023-12-07 16:00:00,5554.0,22.6
2023-12-07 17:00:00,6018.0,21.3
2023-12-07 18:00:00,6264.0,19.4
2023-12-07 19:00:00,6270.0,17.4
2023-12-07 20:00:00,6040.0,17.4
2023-12-07 21:00:00,6055.0,17.6
2023-12-07 22:00:00,5679.0,15.3
2023-12-07 23:00:00,5206.0,14.4
2023-12-08 00:00:00,4963.0,13.2
2023-12-08 01:00:00,4381.0,14.4
2023-12-08 02:00:00,4068.0,13.2
2023-12-08 03:00:00,3847.0,11.9
2023-12-08 04:00:00,3727.0,11.0
2023-12-08 05:00:00,3763.0,11.1
2023-12-08 06:00:00,4071.0,10.4
2023-12-08 07:00:00,4703.0,10.7
2023-12-08 08:00:00,5213.0,11.6
2023-12-08 09:00:00,5726.0,15.0
2023-12-08 10:00:00,5763.0,16.8
2023-12-08 11:00:00,5737.0,18.9
2023-12-08 12:00:00,5290.0,19.4
2023-12-08 13:00:00,5179.0,20.4
2023-12-08 14:00:00,5375.0,19.8
2023-12-08 15:00:00,5498.0,19.2
2023-12-08 16:00:00,5717.0,18.6
2023-12-08 17:00:00,6156.0,17.9
2023-12-08 18:00:00,6233.0,17.4
2023-12-08 19:00:00,6200.0,16.7
2023-12-08 20:00:00,5923.0,16.7
2023-12-08 21:00:00,5870.0,16.0
2023-12-08 22:00:00,5568.0,15.4
2023-12-08 23:00:00,5066.0,16.3
2023-12-09 00:00:00,4939.0,16.2
2023-12-09 01:00:00,4395.0,16.7
2023-12-09 02:00:00,4039.0,16.2
2023-12-09 03:00:00,3880.0,16.4
2023-12-09 04:00:00,3673.0,16.2
2023-12-09 05:00:00,3656.0,15.7
2023-12-09 06:00:00,3897.0,15.2
2023-12-09 07:00:00,4172.0,14.8
2023-12-09 08:00:00,4840.0,15.5
2023-12-09 09:00:00,5491.0,16.3
2023-12-09 10:00:00,5668.0,17.0
2023-12-09 11:00:00,5800.0,18.2
2023-12-09 12:00:00,5435.0,19.4
2023-12-09 13:00:00,5266.0,19.6
2023-12-09 14:00:00,5276.0,19.5
2023-12-09 15:00:00,5367.0,19.5
2023-12-09 16:00:00,5600.0,19.0
2023-12-09 17:00:00,6050.0,18.8
2023-12-09 18:00:00,6029.0,18.5
2023-12-09 19:00:00,5901.0,18.2
2023-12-09 20:00:00,5703.0,18.0
2023-12-09 21:00:00,5596.0,18.1
2023-12-09 22:00:00,5311.0,18.0
2023-12-09 23:00:00,4847.0,17.7
2023-12-10 00:00:00,4763.0,17.6
2023-12-10 01:00:00,4232.0,17.3
2023-12-10 02:00:00,3905.0,17.3
2023-12-10 03:00:00,3684.0,17.0
2023-12-10 04:00:00,3553.0,16.7
2023-12-10 05:00:00,3535.0,16.8
2023-12-10 06:00:00,3729.0,16.9
2023-12-10 07:00:00,3939.0,16.7
2023-12-10 08:00:00,4580.0,16.8
2023-12-10 09:00:00,5161.0,17.0
2023-12-10 10:00:00,5390.0,17.0
2023-12-10 11:00:00,5681.0,17.0
2023-12-10 12:00:00,5294.0,16.4
2023-12-10 13:00:00,5171.0,15.6
2023-12-10 14:00:00,5260.0,15.0
2023-12-10 15:00:00,5340.0,13.0
2023-12-10 16:00:00,5602.0,11.9
2023-12-10 17:00:00,6163.0,11.4
2023-12-10 18:00:00,6311.0,10.9
2023-12-10 19:00:00,6202.0,10.4
2023-12-10 20:00:00,6111.0,10.3
2023-12-10 21:00:00,6018.0,10.1
2023-12-10 22:00:00,5512.0,9.8
2023-12-10 23:00:00,4847.0,9.5
2023-12-11 00:00:00,4828.0,9.14
2023-12-11 01:00:00,4261.0,8.58
2023-12-11 02:00:00,3957.0,8.45
2023-12-11 03:00:00,3750.0,8.03
2023-12-11 04:00:00,3659.0,7.61
2023-12-11 05:00:00,3655.0,6.92
2023-12-11 06:00:00,3984.0,6.92
2023-12-11 07:00:00,4642.0,6.22
2023-12-11 08:00:00,5367.0,5.81
2023-12-11 09:00:00,6387.0,5.53
2023-12-11 10:00:00,6769.0,5.25
2023-12-11 11:00:00,7025.0,5.39
2023-12-11 12:00:00,6671.0,4.71
2023-12-11 13:00:00,6530.0,4.42
2023-12-11 14:00:00,6558.0,3.86
2023-12-11 15:00:00,6715.0,3.72
2023-12-11 16:00:00,6924.0,3.72
2023-12-11 17:00:00,7437.0,3.45
2023-12-11 18:00:00,7301.0,3.59
2023-12-11 19:00:00,7245.0,3.45
2023-12-11 20:00:00,7048.0,3.59
2023-12-11 21:00:00,6891.0,3.86
2023-12-11 22:00:00,6413.0,3.86
2023-12-11 23:00:00,5734.0,3.03
2023-12-12 00:00:00,5542.0,1.81
2023-12-12 01:00:00,4882.0,1.98
2023-12-12 02:00:00,4501.0,2.14
2023-12-12 03:00:00,4290.0,2.14
2023-12-12 04:00:00,4159.0,1.67
2023-12-12 05:00:00,4117.0,1.04
2023-12-12 06:00:00,4425.0,0.6
2023-12-12 07:00:00,5096.0,-0.2
2023-12-12 08:00:00,5789.0,-0.04
2023-12-12 09:00:00,6702.0,1.98
2023-12-12 10:00:00,6968.0,4.13
2023-12-12 11:00:00,7134.0,5.83
2023-12-12 12:00:00,6668.0,7.52
2023-12-12 13:00:00,6433.0,9.39
2023-12-12 14:00:00,6321.0,10.63
2023-12-12 15:00:00,6365.0,10.0
2023-12-12 16:00:00,6554.0,10.0
2023-12-12 17:00:00,7056.0,7.99
2023-12-12 18:00:00,7311.0,6.91
2023-12-12 19:00:00,7340.0,5.23
2023-12-12 20:00:00,7196.0,3.66
2023-12-12 21:00:00,7138.0,3.05
2023-12-12 22:00:00,6614.0,2.28
2023-12-12 23:00:00,5842.0,2.28
2023-12-13 00:00:00,5580.0,0.81
2023-12-13 01:00:00,4895.0,0.28
2023-12-13 02:00:00,4469.0,0.28
2023-12-13 03:00:00,4241.0,0.81
2023-12-13 04:00:00,4085.0,1.5
2023-12-13 05:00:00,4036.0,2.19
2023-12-13 06:00:00,4372.0,2.01
2023-12-13 07:00:00,5049.0,3.39
2023-12-13 08:00:00,5711.0,4.07
2023-12-13 09:00:00,6641.0,4.94
2023-12-13 10:00:00,6948.0,5.82
2023-12-13 11:00:00,7194.0,7.36
2023-12-13 12:00:00,6712.0,8.4
2023-12-13 13:00:00,6446.0,9.09
2023-12-13 14:00:00,6422.0,10.3
2023-12-13 15:00:00,6458.0,11.33
2023-12-13 16:00:00,6530.0,12.9
2023-12-13 17:00:00,6869.0,13.06
2023-12-13 18:00:00,7059.0,11.68
2023-12-13 19:00:00,7078.0,10.46
2023-12-13 20:00:00,6909.0,8.92
2023-12-13 21:00:00,6954.0,8.4
2023-12-13 22:00:00,6461.0,8.92
2023-12-13 23:00:00,5679.0,7.89
2023-12-14 00:00:00,5436.0,9.51
2023-12-14 01:00:00,4794.0,8.48
2023-12-14 02:00:00,4446.0,8.07
2023-12-14 03:00:00,4212.0,7.86
2023-12-14 04:00:00,4056.0,7.45
2023-12-14 05:00:00,4027.0,8.27
2023-12-14 06:00:00,4353.0,8.48
2023-12-14 07:00:00,5016.0,8.48
2023-12-14 08:00:00,5654.0,8.27
2023-12-14 09:00:00,6508.0,8.68
2023-12-14 10:00:00,6750.0,9.92
2023-12-14 11:00:00,6868.0,12.18
2023-12-14 12:00:00,6373.0,13.62
2023-12-14 13:00:00,6182.0,14.85
2023-12-14 14:00:00,6175.0,14.85
2023-12-14 15:00:00,6300.0,12.59
2023-12-14 16:00:00,6650.0,9.51
2023-12-14 17:00:00,7116.0,7.25
2023-12-14 18:00:00,7247.0,6.42
2023-12-14 19:00:00,7347.0,5.6
2023-12-14 20:00:00,7201.0,4.37
2023-12-14 21:00:00,7170.0,3.75
2023-12-14 22:00:00,6461.0,3.14
2023-12-14 23:00:00,5679.0,2.73
2023-12-15 00:00:00,5779.0,13.94
2023-12-15 01:00:00,5059.0,11.05
2023-12-15 02:00:00,4687.0,11.05
2023-12-15 03:00:00,4428.0,10.23
2023-12-15 04:00:00,4284.0,9.41
2023-12-15 05:00:00,4232.0,8.99
2023-12-15 06:00:00,4534.0,6.93
2023-12-15 07:00:00,5244.0,6.52
2023-12-15 08:00:00,6008.0,6.93
2023-12-15 09:00:00,7315.0,6.52
2023-12-15 10:00:00,7732.0,7.34
2023-12-15 11:00:00,7999.0,9.41
2023-12-15 12:00:00,7623.0,11.05
2023-12-15 13:00:00,7538.0,11.88
2023-12-15 14:00:00,7505.0,11.47
2023-12-15 15:00:00,7633.0,10.64
2023-12-15 16:00:00,7795.0,10.64
2023-12-15 17:00:00,8209.0,9.82
2023-12-15 18:00:00,8094.0,9.82
2023-12-15 19:00:00,8017.0,9.41
2023-12-15 20:00:00,7958.0,8.58
2023-12-15 21:00:00,7883.0,5.28
2023-12-15 22:00:00,7497.0,4.87
2023-12-15 23:00:00,6784.0,2.81
2023-12-16 00:00:00,6487.0,5.0
2023-12-16 01:00:00,5703.0,3.57
2023-12-16 02:00:00,5223.0,3.71
2023-12-16 03:00:00,4890.0,3.71
2023-12-16 04:00:00,4728.0,3.57
2023-12-16 05:00:00,4641.0,3.57
2023-12-16 06:00:00,4824.0,3.42
2023-12-16 07:00:00,5152.0,3.42
2023-12-16 08:00:00,6043.0,3.57
2023-12-16 09:00:00,7250.0,4.28
2023-12-16 10:00:00,7627.0,4.85
2023-12-16 11:00:00,7904.0,6.14
2023-12-16 12:00:00,7403.0,7.14
2023-12-16 13:00:00,7260.0,8.0
2023-12-16 14:00:00,7411.0,7.71
2023-12-16 15:00:00,7531.0,7.43
2023-12-16 16:00:00,7808.0,7.28
2023-12-16 17:00:00,8393.0,7.0
2023-12-16 18:00:00,8376.0,6.86
2023-12-16 19:00:00,8210.0,6.43
2023-12-16 20:00:00,8074.0,6.14
2023-12-16 21:00:00,7965.0,6.0
2023-12-16 22:00:00,7587.0,5.57
2023-12-16 23:00:00,6784.0,5.28
2023-12-17 00:00:00,6580.0,1.7
2023-12-17 01:00:00,5742.0,1.7
2023-12-17 02:00:00,5213.0,1.7
2023-12-17 03:00:00,4853.0,1.6
2023-12-17 04:00:00,4647.0,1.5
2023-12-17 05:00:00,4576.0,1.3
2023-12-17 06:00:00,4753.0,1.2
2023-12-17 07:00:00,5052.0,1.2
2023-12-17 08:00:00,5827.0,1.3
2023-12-17 09:00:00,6977.0,1.5
2023-12-17 10:00:00,7552.0,1.8
2023-12-17 11:00:00,7974.0,2.1
2023-12-17 12:00:00,7822.0,2.4
2023-12-17 13:00:00,7654.0,2.5
2023-12-17 14:00:00,7560.0,2.5
2023-12-17 15:00:00,7651.0,2.4
2023-12-17 16:00:00,7874.0,2.3
2023-12-17 17:00:00,8471.0,1.9
2023-12-17 18:00:00,8493.0,1.4
2023-12-17 19:00:00,8436.0,1.0
2023-12-17 20:00:00,8389.0,0.9
2023-12-17 21:00:00,8379.0,0.7
2023-12-17 22:00:00,7720.0,0.4
2023-12-17 23:00:00,6826.0,0.2
2023-12-18 00:00:00,6432.0,0.97
2023-12-18 01:00:00,5608.0,2.71
2023-12-18 02:00:00,5093.0,2.39
2023-12-18 03:00:00,4791.0,2.06
2023-12-18 04:00:00,4618.0,1.74
2023-12-18 05:00:00,4598.0,1.42
2023-12-18 06:00:00,4897.0,1.74
2023-12-18 07:00:00,5711.0,2.06
2023-12-18 08:00:00,6647.0,2.06
2023-12-18 09:00:00,8181.0,2.39
2023-12-18 10:00:00,8792.0,2.39
2023-12-18 11:00:00,9219.0,2.39
2023-12-18 12:00:00,8868.0,1.74
2023-12-18 13:00:00,8809.0,2.39
2023-12-18 14:00:00,8670.0,2.06
2023-12-18 15:00:00,8770.0,2.39
2023-12-18 16:00:00,8946.0,2.39
2023-12-18 17:00:00,9311.0,2.39
2023-12-18 18:00:00,9244.0,2.39
2023-12-18 19:00:00,9225.0,2.71
2023-12-18 20:00:00,9053.0,2.71
2023-12-18 21:00:00,9009.0,2.71
2023-12-18 22:00:00,8353.0,2.71
2023-12-18 23:00:00,6826.0,2.87
2023-12-19 00:00:00,6910.0,0.1
2023-12-19 01:00:00,6050.0,0.2
2023-12-19 02:00:00,5498.0,0.2
2023-12-19 03:00:00,5180.0,0.2
2023-12-19 04:00:00,5004.0,0.2
2023-12-19 05:00:00,4936.0,0.1
2023-12-19 06:00:00,5249.0,0.1
2023-12-19 07:00:00,6106.0,0.1
2023-12-19 08:00:00,6916.0,0.2
2023-12-19 09:00:00,8211.0,0.5
2023-12-19 10:00:00,8710.0,0.7
2023-12-19 11:00:00,9041.0,1.0
2023-12-19 12:00:00,8615.0,1.4
2023-12-19 13:00:00,8490.0,2.1
2023-12-19 14:00:00,8293.0,2.7
2023-12-19 15:00:00,8392.0,3.2
2023-12-19 16:00:00,8556.0,3.2
2023-12-19 17:00:00,8860.0,3.2
2023-12-19 18:00:00,8959.0,3.1
2023-12-19 19:00:00,9039.0,3.1
2023-12-19 20:00:00,9000.0,2.6
2023-12-19 21:00:00,8986.0,1.6
2023-12-19 22:00:00,8416.0,0.9
2023-12-19 23:00:00,7378.0,0.5
2023-12-20 00:00:00,6931.0,0.2
2023-12-20 01:00:00,6019.0,0.2
2023-12-20 02:00:00,5472.0,-0.1
2023-12-20 03:00:00,5156.0,0.5
2023-12-20 04:00:00,4977.0,0.7
2023-12-20 05:00:00,4947.0,1.0
2023-12-20 06:00:00,5245.0,1.0
2023-12-20 07:00:00,6119.0,0.3
2023-12-20 08:00:00,6935.0,0.1
2023-12-20 09:00:00,8223.0,0.9
2023-12-20 10:00:00,8520.0,1.5
2023-12-20 11:00:00,8688.0,3.3
2023-12-20 12:00:00,8346.0,4.0
2023-12-20 13:00:00,8327.0,4.5
2023-12-20 14:00:00,8194.0,4.4
2023-12-20 15:00:00,8278.0,4.6
2023-12-20 16:00:00,8454.0,4.3
2023-12-20 17:00:00,8841.0,4.0
2023-12-20 18:00:00,8955.0,3.7
2023-12-20 19:00:00,8999.0,3.5
2023-12-20 20:00:00,8938.0,3.5
2023-12-20 21:00:00,9000.0,3.2
2023-12-20 22:00:00,8489.0,2.2
2023-12-20 23:00:00,7475.0,1.8
2023-12-21 00:00:00,6965.0,1.8
2023-12-21 01:00:00,6074.0,1.4
2023-12-21 02:00:00,5538.0,0.0
2023-12-21 03:00:00,5228.0,0.0
2023-12-21 04:00:00,5040.0,-0.1
2023-12-21 05:00:00,4999.0,0.2
2023-12-21 06:00:00,5316.0,-0.2
2023-12-21 07:00:00,6190.0,-0.7
2023-12-21 08:00:00,6989.0,-0.5
2023-12-21 09:00:00,8077.0,-0.1
2023-12-21 10:00:00,8271.0,0.5
2023-12-21 11:00:00,8305.0,2.1
2023-12-21 12:00:00,7841.0,3.1
2023-12-21 13:00:00,7727.0,4.0
2023-12-21 14:00:00,7593.0,4.8
2023-12-21 15:00:00,7720.0,5.3
2023-12-21 16:00:00,7936.0,4.3
2023-12-21 17:00:00,8541.0,3.4
2023-12-21 18:00:00,8883.0,2.4
2023-12-21 19:00:00,9070.0,1.3
2023-12-21 20:00:00,9109.0,0.5
2023-12-21 21:00:00,9000.0,-0.1
2023-12-21 22:00:00,8489.0,-0.4
2023-12-21 23:00:00,7475.0,-0.5
2023-12-22 00:00:00,7117.0,-1.1
2023-12-22 01:00:00,6223.0,-1.2
2023-12-22 02:00:00,5672.0,-1.4
2023-12-22 03:00:00,5352.0,-1.2
2023-12-22 04:00:00,5176.0,-1.7
2023-12-22 05:00:00,5134.0,-2.2
2023-12-22 06:00:00,5418.0,-3.3
2023-12-22 07:00:00,6334.0,-3.8
2023-12-22 08:00:00,7142.0,-3.0
2023-12-22 09:00:00,8184.0,-1.3
2023-12-22 10:00:00,8324.0,0.3
2023-12-22 11:00:00,8390.0,1.8
2023-12-22 12:00:00,7846.0,2.9
2023-12-22 13:00:00,7682.0,4.5
2023-12-22 14:00:00,7501.0,5.1
2023-12-22 15:00:00,7617.0,5.3
2023-12-22 16:00:00,7844.0,5.0
2023-12-22 17:00:00,8387.0,3.9
2023-12-22 18:00:00,8717.0,2.7
2023-12-22 19:00:00,9070.0,1.7
2023-12-22 20:00:00,9109.0,1.1
2023-12-22 21:00:00,9000.0,0.4
2023-12-22 22:00:00,8489.0,-0.4
2023-12-22 23:00:00,7475.0,-0.8
2023-12-23 00:00:00,7340.0,-1.0
2023-12-23 01:00:00,6429.0,-1.8
2023-12-23 02:00:00,5807.0,-2.6
2023-12-23 03:00:00,5450.0,-2.9
2023-12-23 04:00:00,5207.0,-3.8
2023-12-23 05:00:00,5147.0,-3.6
2023-12-23 06:00:00,5343.0,-2.6
2023-12-23 07:00:00,5677.0,-2.5
2023-12-23 08:00:00,6584.0,-3.1
2023-12-23 09:00:00,7619.0,0.3
2023-12-23 10:00:00,7903.0,1.7
2023-12-23 11:00:00,7964.0,4.0
2023-12-23 12:00:00,7525.0,5.3
2023-12-23 13:00:00,7236.0,6.4
2023-12-23 14:00:00,7100.0,8.1
2023-12-23 15:00:00,7165.0,8.2
2023-12-23 16:00:00,7443.0,8.1
2023-12-23 17:00:00,8058.0,6.3
2023-12-23 18:00:00,8420.0,4.8
2023-12-23 19:00:00,8536.0,3.3
2023-12-23 20:00:00,8468.0,2.6
2023-12-23 21:00:00,8466.0,2.7
2023-12-23 22:00:00,8153.0,1.9
2023-12-23 23:00:00,7393.0,1.2
2023-12-24 00:00:00,6981.0,1.0
2023-12-24 01:00:00,6121.0,0.8
2023-12-24 02:00:00,5578.0,-0.1
2023-12-24 03:00:00,5220.0,-0.8
2023-12-24 04:00:00,4979.0,-0.6
2023-12-24 05:00:00,4897.0,0.4
2023-12-24 06:00:00,5099.0,0.5
2023-12-24 07:00:00,5363.0,0.2
2023-12-24 08:00:00,6229.0,0.5
2023-12-24 09:00:00,7204.0,1.9
2023-12-24 10:00:00,7417.0,3.5
2023-12-24 11:00:00,7535.0,5.8
2023-12-24 12:00:00,7100.0,7.5
2023-12-24 13:00:00,6943.0,9.5
2023-12-24 14:00:00,6829.0,9.6
2023-12-24 15:00:00,6803.0,10.1
2023-12-24 16:00:00,7101.0,10.1
2023-12-24 17:00:00,7750.0,9.1
2023-12-24 18:00:00,8098.0,7.1
2023-12-24 19:00:00,8219.0,4.6
2023-12-24 20:00:00,8274.0,3.4
2023-12-24 21:00:00,8269.0,2.6
2023-12-24 22:00:00,7802.0,1.7
2023-12-24 23:00:00,6962.0,1.4
2023-12-25 00:00:00,6559.0,1.0
2023-12-25 01:00:00,5745.0,4.72
2023-12-25 02:00:00,5213.0,4.26
2023-12-25 03:00:00,4933.0,4.56
2023-12-25 04:00:00,4730.0,4.18
2023-12-25 05:00:00,4718.0,3.18
2023-12-25 06:00:00,5038.0,3.72
2023-12-25 07:00:00,5896.0,4.33
2023-12-25 08:00:00,6695.0,4.79
2023-12-25 09:00:00,7797.0,7.1
2023-12-25 10:00:00,7884.0,9.25
2023-12-25 11:00:00,7844.0,11.71
2023-12-25 12:00:00,7240.0,12.86
2023-12-25 13:00:00,6961.0,14.25
2023-12-25 14:00:00,6830.0,14.86
2023-12-25 15:00:00,6839.0,15.17
2023-12-25 16:00:00,7070.0,15.02
2023-12-25 17:00:00,7534.0,14.63
2023-12-25 18:00:00,7871.0,13.02
2023-12-25 19:00:00,8060.0,11.48
2023-12-25 20:00:00,8274.0,10.56
2023-12-25 21:00:00,8269.0,10.4
2023-12-25 22:00:00,7802.0,10.02
2023-12-25 23:00:00,6962.0,10.48
2023-12-26 00:00:00,6262.0,5.0
2023-12-26 01:00:00,5468.0,4.77
2023-12-26 02:00:00,4980.0,4.6
2023-12-26 03:00:00,4696.0,4.73
2023-12-26 04:00:00,4529.0,4.87
2023-12-26 05:00:00,4506.0,4.87
2023-12-26 06:00:00,4807.0,4.83
2023-12-26 07:00:00,5537.0,4.23
2023-12-26 08:00:00,6306.0,4.46
2023-12-26 09:00:00,7168.0,5.37
2023-12-26 10:00:00,7211.0,5.94
2023-12-26 11:00:00,7193.0,6.88
2023-12-26 12:00:00,6649.0,7.18
2023-12-26 13:00:00,6409.0,7.95
2023-12-26 14:00:00,6312.0,8.05
2023-12-26 15:00:00,6460.0,8.02
2023-12-26 16:00:00,6645.0,8.05
2023-12-26 17:00:00,7175.0,7.48
2023-12-26 18:00:00,7446.0,7.11
2023-12-26 19:00:00,7563.0,6.98
2023-12-26 20:00:00,8274.0,6.85
2023-12-26 21:00:00,8269.0,6.81
2023-12-26 22:00:00,7802.0,6.41
2023-12-26 23:00:00,6962.0,5.84
2023-12-27 00:00:00,5854.0,3.38
2023-12-27 01:00:00,5136.0,3.11
2023-12-27 02:00:00,4691.0,2.96
2023-12-27 03:00:00,4418.0,2.49
2023-12-27 04:00:00,4264.0,2.41
2023-12-27 05:00:00,4279.0,2.1
2023-12-27 06:00:00,4581.0,2.22
2023-12-27 07:00:00,5384.0,2.25
2023-12-27 08:00:00,6098.0,1.79
2023-12-27 09:00:00,6922.0,2.68
2023-12-27 10:00:00,7048.0,3.7
2023-12-27 11:00:00,7023.0,4.67
2023-12-27 12:00:00,6483.0,5.53
2023-12-27 13:00:00,6246.0,5.99
2023-12-27 14:00:00,6183.0,6.03
2023-12-27 15:00:00,6286.0,6.07
2023-12-27 16:00:00,6461.0,5.68
2023-12-27 17:00:00,7038.0,4.98
2023-12-27 18:00:00,7316.0,4.28
2023-12-27 19:00:00,7407.0,3.85
2023-12-27 20:00:00,7362.0,3.58
2023-12-27 21:00:00,7360.0,3.34
2023-12-27 22:00:00,6963.0,3.15
2023-12-27 23:00:00,6134.0,2.92
2023-12-28 00:00:00,5788.0,6.9
2023-12-28 01:00:00,5061.0,6.6
2023-12-28 02:00:00,4670.0,5.7
2023-12-28 03:00:00,4399.0,5.2
2023-12-28 04:00:00,4249.0,4.9
2023-12-28 05:00:00,4223.0,4.4
2023-12-28 06:00:00,4577.0,4.6
2023-12-28 07:00:00,5262.0,4.5
2023-12-28 08:00:00,6021.0,4.4
2023-12-28 09:00:00,6803.0,6.0
2023-12-28 10:00:00,6959.0,8.2
2023-12-28 11:00:00,6930.0,10.3
2023-12-28 12:00:00,6420.0,12.5
2023-12-28 13:00:00,6127.0,13.7
2023-12-28 14:00:00,6083.0,14.6
2023-12-28 15:00:00,6135.0,15.1
2023-12-28 16:00:00,6384.0,15.1
2023-12-28 17:00:00,6873.0,14.1
2023-12-28 18:00:00,7163.0,12.0
2023-12-28 19:00:00,7246.0,10.6
2023-12-28 20:00:00,7191.0,9.8
2023-12-28 21:00:00,7187.0,9.1
2023-12-28 22:00:00,6789.0,8.6
2023-12-28 23:00:00,6049.0,7.9
2023-12-29 00:00:00,5755.0,7.5
2023-12-29 01:00:00,4983.0,6.8
2023-12-29 02:00:00,4546.0,5.8
2023-12-29 03:00:00,4295.0,5.7
2023-12-29 04:00:00,4132.0,5.4
2023-12-29 05:00:00,4130.0,5.2
2023-12-29 06:00:00,4423.0,4.7
2023-12-29 07:00:00,5126.0,4.4
2023-12-29 08:00:00,5846.0,4.9
2023-12-29 09:00:00,6644.0,6.5
2023-12-29 10:00:00,6782.0,8.5
2023-12-29 11:00:00,6762.0,10.3
2023-12-29 12:00:00,6258.0,12.4
2023-12-29 13:00:00,6057.0,13.4
2023-12-29 14:00:00,6041.0,15.0
2023-12-29 15:00:00,6159.0,14.7
2023-12-29 16:00:00,6353.0,13.5
2023-12-29 17:00:00,6956.0,11.6
2023-12-29 18:00:00,7110.0,10.2
2023-12-29 19:00:00,7109.0,9.4
2023-12-29 20:00:00,7058.0,9.2
2023-12-29 21:00:00,6955.0,9.0
2023-12-29 22:00:00,6742.0,9.1
2023-12-29 23:00:00,6058.0,8.9
2023-12-30 00:00:00,5816.0,7.9
2023-12-30 01:00:00,5084.0,7.7
2023-12-30 02:00:00,4598.0,7.5
2023-12-30 03:00:00,4263.0,7.3
2023-12-30 04:00:00,4068.0,7.3
2023-12-30 05:00:00,4001.0,7.3
2023-12-30 06:00:00,4192.0,7.1
2023-12-30 07:00:00,4451.0,6.7
2023-12-30 08:00:00,5210.0,6.8
2023-12-30 09:00:00,6072.0,7.5
2023-12-30 10:00:00,6292.0,8.8
2023-12-30 11:00:00,6307.0,10.2
2023-12-30 12:00:00,5856.0,12.3
2023-12-30 13:00:00,5645.0,14.1
2023-12-30 14:00:00,5554.0,14.7
2023-12-30 15:00:00,5545.0,15.8
2023-12-30 16:00:00,5746.0,16.0
2023-12-30 17:00:00,6263.0,15.0
2023-12-30 18:00:00,6408.0,13.8
2023-12-30 19:00:00,6485.0,13.0
2023-12-30 20:00:00,6403.0,12.9
2023-12-30 21:00:00,6365.0,12.2
2023-12-30 22:00:00,6167.0,11.0
2023-12-30 23:00:00,5575.0,9.6
2023-12-31 00:00:00,5380.0,9.1
2023-12-31 01:00:00,4690.0,10.2
2023-12-31 02:00:00,4253.0,9.1
2023-12-31 03:00:00,3956.0,7.8
2023-12-31 04:00:00,3799.0,7.6
2023-12-31 05:00:00,3737.0,7.1
2023-12-31 06:00:00,3893.0,7.3
2023-12-31 07:00:00,4145.0,7.4
2023-12-31 08:00:00,4863.0,7.0
2023-12-31 09:00:00,5703.0,7.6
2023-12-31 10:00:00,6022.0,8.6
2023-12-31 11:00:00,6185.0,9.6
2023-12-31 12:00:00,5854.0,10.3
2023-12-31 13:00:00,5473.0,11.8
2023-12-31 14:00:00,5283.0,13.6
2023-12-31 15:00:00,5244.0,14.5
2023-12-31 16:00:00,5476.0,15.0
2023-12-31 17:00:00,5970.0,14.4
2023-12-31 18:00:00,6125.0,13.1
2023-12-31 19:00:00,6110.0,12.2
2023-12-31 20:00:00,5979.0,11.5
2023-12-31 21:00:00,5912.0,10.4
2023-12-31 22:00:00,5700.0,9.9
2023-12-31 23:00:00,5203.0,9.7
